tree
version=v4
num_class=1
num_tree_per_iteration=1
label_index=0
max_feature_idx=41
objective=lambdarank
feature_names=Column_0 Column_1 Column_2 Column_3 Column_4 Column_5 Column_6 Column_7 Column_8 Column_9 Column_10 Column_11 Column_12 Column_13 Column_14 Column_15 Column_16 Column_17 Column_18 Column_19 Column_20 Column_21 Column_22 Column_23 Column_24 Column_25 Column_26 Column_27 Column_28 Column_29 Column_30 Column_31 Column_32 Column_33 Column_34 Column_35 Column_36 Column_37 Column_38 Column_39 Column_40 Column_41
feature_infos=[-0.49333333969116211:0.5] [-0.49333333969116211:0.5] [-0.49333333969116211:0.5] [-0.49333333969116211:0.5] [-0.49333333969116211:0.5] [-0.49333333969116211:0.5] [-0.49333333969116211:0.5] [-0.49333333969116211:0.5] [-0.49333333969116211:0.5] [-0.49333333969116211:0.5] [-0.49333333969116211:0.5] [-0.49333333969116211:0.5] [-0.49333333969116211:0.5] [-0.49333333969116211:0.5] [-0.49333333969116211:0.5] [-0.49333333969116211:0.5] [-0.49333333969116211:0.5] [-0.49333333969116211:0.5] [-0.49333333969116211:0.5] [-0.49333333969116211:0.5] [-0.49333333969116211:0.5] [-0.49333333969116211:0.5] [-0.49333333969116211:0.5] [-0.49333333969116211:0.5] [-0.49333333969116211:0.5] [-0.49333333969116211:0.5] [-0.49333333969116211:0.5] [-0.49333333969116211:0.5] [-0.49333333969116211:0.5] [-0.49333333969116211:0.5] [-0.49333333969116211:0.5] [-0.49333333969116211:0.5] [-0.49333333969116211:0.5] [-0.49333333969116211:0.5] [-0.49333333969116211:0.5] [-0.49333333969116211:0.5] [-0.49333333969116211:0.5] [-0.19358730316162109:0.17891311645507812] [-0.30310726165771484:0.35332202911376953] [0.0081312190741300583:0.048908930271863937] [0.013333333656191826:1] [0.0183396115899086:0.21580970287322998]
tree_sizes=3352 3504 3481 3435 3422 3421 3446 3495 3453 3459 3464 3509 3528 3366 3454 3462 3445 3453 3453 3497 3470 3483 3463 3452 3486 3403 3434 3479 3432 3438 3457 3422 3382 3489 3452 3449 3441 3472 3470 3424 3467 3472 3448 3483 3458 3491 3451 3504 3502 3484 3569 3462 3430 3443 3444 3485 3479 3539 3443 3464 3489 3365 3340 3379 3494 3403 3418 3512 3480 3417 3460 3459 3489 3502 3484 3492 3478 3543 3448 3482 3425 3466 3491 3463 3490 3452 3431 3431 3440 3458 3511 3478 3491 3418 3465 3497 3489 3468 3492 3479 3493 3443 3476 3438 3443 3466 3533 3439 3449 3542 3415 3420 3458 3417 3436 3497 3453 3404 3433 3451 3418 3551 3364 3373 3549 3443 3439 3444 3514 3475 3476 3428 3452 3406 3435 3454 3451 3487 3398 3501 3445 3461 3450 3475 3520 3407 3458 3384 3513 3486 3473 3414 3394 3484 3366 3467 3475 3482 3494 3465

Tree=0
num_leaves=31
num_cat=0
split_feature=19 31 27 17 17 16 38 22 31 24 16 38 10 19 16 21 6 10 21 19 36 41 15 13 9 12 21 38 4 6
split_gain=25.8619 6.28524 3.28557 2.72233 2.43898 1.88077 1.85847 1.55211 1.87424 1.45004 1.44224 1.52344 1.42284 1.34975 1.2972 1.29207 1.1064 1.09887 0.888627 0.880399 0.87258 0.974331 0.847925 0.82244 0.747909 0.638357 0.637969 0.630509 1.16319 1.08291
threshold=0.083333313465118422 0.47666668891906744 0.01666665077209473 0.34333333373069769 0.069999992847442641 0.46333330869674688 0.035836219787597663 0.11000001430511476 0.42333334684371954 0.32333332300186163 0.25666666030883795 -0.028223037719726559 0.41666668653488165 0.37000000476837164 0.11000001430511476 -0.090000003576278673 -0.25666666030883784 -0.4433333277702331 -0.29666668176650995 0.12333333492279054 -0.3899999856948852 0.051950959488749511 0.26333332061767584 0.096666663885116591 0.20999997854232791 0.32999998331069952 0.46999999880790716 0.11019897460937501 0.2833333313465119 -0.16333332657814023
decision_type=2 2 2 2 2 2 2 2 2 2 2 2 2 2 2 2 2 2 2 2 2 2 2 2 2 2 2 2 2 2
left_child=4 3 24 7 6 17 20 8 10 25 13 -12 -13 -2 -8 -7 -10 -5 -9 -19 -1 22 -22 -21 -3 -4 -25 28 -6 -29
right_child=1 2 9 5 27 15 14 18 16 -11 11 12 -14 -15 -16 -17 -18 19 -20 23 21 -23 -24 26 -26 -27 -28 29 -30 -31
leaf_value=-0.003171052441358404 0.0024047590138703105 0.0022040421827912516 0.0011858027504223299 0 0.0037421143542603072 -0.014243316081667312 0.024127741288304281 0 0.017575883548084776 0 0 -0.024199572291270857 0.0033797316685607198 -0.01583703641096762 0 0.0079228188263827919 -0.0023889793187606991 0 -0.019163253728585041 0 0.014253629878137906 0.001541510945400001 -0.0042369340091678509 -0.030819072636927999 -0.01724394401730394 0.03295776845573184 0 -0.004985168366741329 -0.010853950483529924 0.018165609542418609
leaf_weight=7.5052317548543206 40.716195304412395 3.4265267103910464 4.2461298592388648 4.050088173011317 40.511270630639046 6.1268987613730133 51.811324166599661 8.1959656539838743 7.3928272142074993 4.4168261676095417 13.711608994053675 22.492713022278625 2.1820259136147788 6.6771394293755284 8.1771321983542276 7.5726760297548008 8.110061285318805 1.8821936165913928 40.862419210141525 3.6948951715603462 76.862966616870835 31.242294184165075 1.9375232714228321 50.06136109563522 4.7871616957709193 7.9102007739711553 2.7539733950979999 2.6456806045025587 13.166738936444743 7.1397916385903937
leaf_count=541 2576 201 141 251 2769 261 4239 519 221 86 802 1169 144 377 657 232 395 142 2367 193 6031 2162 133 2523 202 146 160 172 915 466
internal_value=-0.000415451 -0.0115532 0.00999006 -0.0142155 0.0110943 -0.0220751 0.0140499 -0.00938048 -0.00496957 0.0209452 -0.00800646 -0.0145631 -0.0207617 -0.00118792 0.0214678 -0.00204032 0.00821667 -0.0255412 -0.0164989 -0.0271302 0.00920331 0.010383 0.0132366 -0.0281677 -0.00986632 0.0272962 -0.0296348 0.00196661 -0.000150547 0.0108069
internal_weight=492.27 251.27 24.7868 226.483 241 76.1421 177.536 150.341 101.283 16.5732 85.7797 38.3863 24.6747 47.3933 59.9885 13.6996 15.5029 62.4425 49.0584 58.3924 117.548 110.043 78.8005 56.5102 8.21369 12.1563 52.8153 63.4635 53.678 9.78547
internal_count=31193 13108 776 12332 18085 3762 13763 8570 5684 373 5068 2115 1313 2953 4896 493 616 3269 2886 3018 8867 8326 6164 2876 403 287 2683 4322 3684 638
is_linear=0
shrinkage=0.05


Tree=1
num_leaves=31
num_cat=0
split_feature=18 18 27 36 10 16 31 31 20 17 27 0 13 32 3 38 8 38 38 6 29 1 14 38 36 16 21 9 31 16
split_gain=24.9178 13.0565 6.5797 5.94533 6.6858 5.15901 5.4547 4.50779 4.34676 4.1787 3.96883 3.83131 3.77863 3.79856 3.73908 3.27556 3.15314 3.06486 2.84881 2.58243 2.53608 2.79584 2.75943 2.32024 2.95999 2.18591 2.06075 2.02072 1.96506 1.83977
threshold=-0.32333332300186152 0.25666666030883795 -0.36333334445953364 0.41666668653488165 -0.46999999880790705 0.34333333373069769 0.45666664838790899 0.42333334684371954 -0.32333332300186152 0.3966666460037232 0.030000001192092899 0.38999998569488531 0.14999997615814212 -0.26333332061767573 1.0000000180025095e-35 0.16974687576293948 -0.36333334445953364 -0.020427703857421872 0.18432664871215823 -0.24333333969116208 0.16333335638046267 -0.023333340883255001 -0.2766666561365127 -0.054368019104003899 0.18333333730697635 -0.31666666269302363 -0.22333332896232602 0.29000002145767217 0.43666666746139532 -0.10999999940395354
decision_type=2 2 2 2 2 2 2 2 2 2 2 2 2 2 2 2 2 2 2 2 2 2 2 2 2 2 2 2 2 2
left_child=10 2 14 4 9 -5 11 12 -9 28 17 -7 13 -4 19 -6 -10 -1 25 -2 21 -15 -22 -18 -25 -19 -24 -12 -3 -21
right_child=1 3 7 5 15 6 -8 8 16 -11 27 -13 -14 20 -16 -17 23 18 -20 29 22 -23 26 24 -26 -27 -28 -29 -30 -31
leaf_value=0.0079590823056095127 0.016886870529995972 -0.00074254708826612811 -0.010391643402374256 -0.019174862099600006 -0.024936090403848647 -0.022876520625194526 0.032260713632122733 0.034648414001576221 0.018927961976558869 -0.014612238966303454 0.006716689047156746 0.01515952199903966 -0.014763616694315106 -0.0022310480828247052 0.02074205012338233 0.005893568328201597 0.0082618019467609258 0.029716539653003915 -0.0043606077221055592 0.0013604832918773055 0.0037515132390808434 0.0087273237593302102 0.0031128360209854971 -0.029684917526790422 0.0041870382244115481 0.0080490269108937831 -0.016264568905741489 -0.014389791824901202 0.031894289934500157 -0.019981746877607662
leaf_weight=64.949474368710071 10.410885802470146 4.5687605284620094 99.509598118718714 12.60737099056132 130.01217612647451 8.2890422351192701 12.360011399723588 8.6189591414295119 10.955403320491312 8.4503506789915246 59.674481640104204 6.1177020906470707 65.43874546024017 101.95846036216244 45.903803156223148 5.6362879923544815 8.6476521841250342 75.068584073800594 5.4252701709046951 20.801220933906734 40.434714552480727 116.36079354584217 13.273662630468605 9.7210643761791342 6.8212661063298574 24.211352882906795 49.777681990293786 7.3887780304066828 6.7977378857322037 9.8440764378756302
leaf_count=1660 222 216 3102 728 5391 440 176 114 130 167 1430 174 3656 2780 995 279 153 1522 116 398 908 3299 325 194 156 490 1418 194 59 245
internal_value=8.14524e-05 -0.00406382 -0.000421198 -0.0151441 -0.0194089 0.00148385 0.0137066 -0.00257967 0.0115332 0.00539086 0.0141752 -0.00579147 -0.00405293 -0.00214689 0.0118179 -0.0232832 0.00128014 0.0181727 0.0235077 0 0.000469846 0.00357536 -0.00569026 -0.00775824 -0.0172119 0.0254298 -0.0119071 0.00305835 0.0216121 -0.00696214
internal_weight=1050.04 813.317 618.478 194.839 155.465 39.3741 26.7668 531.518 44.7643 19.8168 236.718 14.4067 486.754 421.315 86.96 135.648 36.1454 169.655 104.705 41.0562 321.805 218.319 103.486 25.19 16.5423 99.2799 63.0513 67.0633 11.3665 30.6453
internal_count=31137 25725 18095 7630 6112 1518 790 16235 747 442 5412 614 15488 11832 1860 5670 633 3788 2128 865 8730 6079 2651 503 350 2012 1743 1624 275 643
is_linear=0
shrinkage=0.05


Tree=2
num_leaves=31
num_cat=0
split_feature=19 31 19 37 37 27 26 26 9 38 21 38 5 1 5 18 36 20 14 36 1 25 36 37 32 26 13 35 27 13
split_gain=55.9152 21.8106 32.0269 12.9969 7.2662 7.87038 6.75548 5.58478 4.67809 4.59725 3.60378 3.17923 3.12882 2.41753 2.6523 2.56852 2.40146 2.29053 2.20169 2.31402 2.042 1.96821 1.77049 1.95138 1.59901 1.59292 1.58443 1.5513 1.51828 1.51168
threshold=-0.37666666507720942 0.42333334684371954 -0.069999992847442613 0.052438259124755866 -0.040172100067138665 -0.236666664481163 0.12333333492279054 0.37666666507720953 -0.28333333134651179 -0.022851467132568356 0.29000002145767217 -0.022851467132568356 -0.016666665673255917 -0.036666661500930779 0.083333313465118422 -0.33666665852069849 -0.049999997019767754 0.25000000000000006 -0.35000000894069666 0.35666668415069586 0.056666672229766853 0.056666672229766853 0.47666668891906744 -0.15638160705566403 -0.18999999761581418 0.41666668653488165 -0.24333333969116208 -0.19666665792465207 -0.36333334445953364 0.16333335638046267
decision_type=2 2 2 2 2 2 2 2 2 2 2 2 2 2 2 2 2 2 2 2 2 2 2 2 2 2 2 2 2 2
left_child=4 2 7 6 -1 11 10 13 -8 22 -3 -6 20 15 24 -2 27 -14 19 -13 -9 -18 23 -4 -15 -11 -16 -7 -17 -25
right_child=1 3 9 -5 5 16 8 12 -10 25 -12 18 17 14 26 28 21 -19 -20 -21 -22 -23 -24 29 -26 -27 -28 -29 -30 -31
leaf_value=0.0013483652260945947 0.0016247810518810848 0.035220651154473342 0.0064079398218904772 -0.027244252669100306 0.007550254542187617 0 0.024459175665544133 0.0090856407808992731 -0.0079759860754122051 -0.031376948998348773 -0.001036729532490356 0.038879384808992216 0.024131310845406529 -0.0043811820561006909 0.00073111135542511631 0.0045501175126795709 -0.0085481389691957881 0 0.0063800020039948965 0.0080543594191988237 -0.012623143201057889 0.012547734719257223 0.0047857657518903286 -0.010522124742220524 0.0082046484271798819 -0.0055351429184283298 -0.013874477896290503 0.024290105683486194 -0.018340365383009354 -0.025043899706388442
leaf_weight=44.200183132663369 25.640402951277792 47.323892750311643 4.660372171085327 11.000536278355865 19.801625802181661 7.6183354821987477 10.561279758345334 16.709067576564852 27.014134745113552 130.38498839130625 5.9605040936730793 97.360089139081538 35.003149899188429 28.872297507245094 26.246598099824041 3.9758624867536119 24.096573133021593 12.820717846043406 11.82278385479003 12.576376401819287 14.387761471793054 11.318735146895049 6.5293695079162708 67.863606903236359 77.315560157876462 11.76954577793367 37.096985166892409 17.644009277690202 52.221409736201167 44.873840192332864
leaf_count=899 608 894 248 401 460 197 179 271 823 8596 150 883 459 1107 734 59 521 176 147 112 149 209 266 2685 1736 534 1123 357 2941 3117
internal_value=0.000349175 -0.00686369 -0.0105465 0.0138539 0.0205617 0.024481 0.0204673 -6.57421e-06 0.00267938 -0.0232493 0.0310487 0.0308464 0.0110382 -0.00374785 -0.000105846 -0.0104853 0.00781635 0.0183636 0.0339068 0.0361681 -0.00070171 -0.00036119 -0.0146082 -0.0160697 0.00450845 -0.029717 -0.00792247 0.0179492 -0.0160362 -0.0174863
internal_weight=944.671 698.232 596.372 101.86 246.439 202.239 90.8598 330.29 37.5754 266.082 53.2844 141.561 78.9207 251.369 169.531 81.8377 60.6777 47.8239 121.759 109.936 31.0968 35.4153 123.927 117.398 106.188 142.155 63.3436 25.2623 56.1973 112.737
internal_count=31041 27256 24809 2447 3785 2886 2046 9363 1002 15446 1044 1602 1055 8308 4700 3608 1284 635 1142 995 420 730 6316 6050 2843 9130 1857 554 3000 5802
is_linear=0
shrinkage=0.05


Tree=3
num_leaves=31
num_cat=0
split_feature=19 31 19 30 27 4 41 39 9 39 0 26 27 35 17 29 35 25 9 24 33 26 41 26 18 22 25 28 27 39
split_gain=68.1622 24.4068 28.2371 11.72 8.70189 7.90849 7.62146 5.84678 4.51063 4.30344 4.21645 4.19532 3.35831 3.28971 3.0175 2.62711 2.26521 2.02485 2.19991 2.19513 2.00417 1.9447 1.69872 1.58319 1.50105 1.45181 1.45093 1.43228 1.37677 1.36763
threshold=-0.31666666269302363 0.42333334684371954 -0.069999992847442613 0.38333332538604742 -0.37666666507720942 0.31666666269302374 0.044630834832787521 0.020169734954833988 0.22333335876464847 0.021309434436261657 0.069999992847442641 -0.32999998331069941 -0.056666672229766839 0.14999997615814212 -0.31000000238418574 0.01666665077209473 -0.31000000238418574 -0.21000000834465024 0.21666666865348819 -0.12999999523162839 -0.30333334207534784 0.35666668415069586 0.02516028564423323 0.31666666269302374 0.24333333969116214 0.05500000715255738 -0.15666666626930234 0.22333335876464847 0.01666665077209473 0.0300090815871954
decision_type=2 2 2 2 2 2 2 2 2 2 2 2 2 2 2 2 2 2 2 2 2 2 2 2 2 2 2 2 2 2
left_child=3 2 4 13 9 6 10 22 -5 -2 16 -7 21 17 -10 -11 24 19 20 -1 -19 -8 -4 -21 -3 -14 -18 -17 -22 -6
right_child=1 5 7 8 29 11 12 -9 14 15 -12 -13 25 -15 -16 27 26 18 -20 23 28 -23 -24 -25 -26 -27 -28 -29 -30 -31
leaf_value=0.010334855831663398 0.025003136426619572 0.029170946839360497 0 0.043092582551501044 -0.011715038995929673 0.014986074214836715 -0.014094607257337285 -0.020459470834545607 0.02302650216109263 0.015831667852913067 -0.018950731661446479 -0.026927088400710727 0.039166647641079744 0.020415814677708456 -0.0016887902520366317 0.0013948215663280123 -0.013734394838837963 -0.0075605838776689228 -0.0079433714764216064 -0.013055136545664784 0.017290972992632932 0.015231703609171319 -0.041328052356433595 0.0041375761749430553 0 0.0086820220621459509 0.0077419249271363875 -0.019532894026802101 0.00042203683027093678 0.00044621109403347503
leaf_weight=21.71727222809568 25.580458978191018 8.8385708597488719 2.1944068083539596 42.822787132114172 136.07746107666753 3.0014712791889933 5.2084166090935451 121.27709768968634 60.050432735588402 8.8765291962772626 14.055088065098969 15.967730376403777 26.86337315198034 51.254747972358018 11.972104866523294 10.620602241717281 8.8608168195933086 6.3985474756918839 9.6762715773656947 30.165008406620473 72.070962280035019 5.3579825982451439 85.768345898482949 14.769985470455138 8.6702380138449353 11.866386361885814 9.8775304602459091 10.767047047615049 18.32998280134052 22.437876294832677
leaf_count=456 414 71 187 384 5880 49 177 8817 749 120 369 600 245 951 210 137 175 155 168 697 1171 163 6500 222 151 154 284 116 503 894
internal_value=-0.000415372 -0.0114001 -0.0169816 0.0169614 -0.00388432 0.0081977 0.0139945 -0.029801 0.0297443 0.0120593 0 -0.0172865 0.0268063 0.00970595 0.0187838 -0.000518581 0.0088898 0.00581808 0.00993039 -0.000684737 0.0123196 0 -0.0402855 -0.00709143 0.0194289 0.0328029 -0.00227104 -0.010199 0.0143691 -0.00988816
internal_weight=881.396 542.167 423.6 339.228 214.36 118.568 99.5984 209.24 114.845 55.8446 50.3022 18.9692 49.2962 224.383 72.0225 30.2642 36.2472 173.128 106.476 66.6523 96.7995 10.5664 87.9628 44.935 17.5088 38.7298 18.7383 21.3876 90.4009 158.515
internal_count=31169 25503 23065 5666 7561 2438 1789 15504 1343 787 1050 649 739 4323 959 373 681 3372 1997 1375 1829 340 6687 919 222 399 459 253 1674 6774
is_linear=0
shrinkage=0.05


Tree=4
num_leaves=31
num_cat=0
split_feature=19 31 27 38 19 37 14 22 38 27 27 38 38 37 39 11 13 6 38 38 19 26 4 38 13 15 27 36 21 16
split_gain=73.4109 34.1217 29.4933 22.4916 15.2384 10.4136 7.84015 6.69896 4.89421 4.30096 3.73811 3.32158 2.71857 2.67393 3.03422 2.58978 2.43584 2.17784 1.91704 1.79029 1.73264 1.35488 1.23294 1.22835 1.20696 1.17695 1.31273 1.15625 1.11127 1.1083
threshold=-0.31000000238418574 0.42333334684371954 -0.37666666507720942 0.0089869499206542986 -0.45666666328907007 -0.059377193450927727 -0.049999997019767754 0.096666663885116591 0.12839555740356448 -0.1766666769981384 -0.083333343267440782 0.31014394760131841 -0.054368019104003899 -0.053801536560058587 0.024349682964384559 -0.32999998331069941 -0.22333332896232602 0.17666667699813846 0.098488330841064467 -0.022851467132568356 -0.096666663885116563 -0.24333333969116208 -0.21666666865348813 -0.050554752349853509 0.01666665077209473 -0.3899999856948852 0.030000001192092899 -0.04333332180976867 -0.41666667163372034 0.36333334445953375
decision_type=2 2 2 2 2 2 2 2 2 2 2 2 2 2 2 2 2 2 2 2 2 2 2 2 2 2 2 2 2 2
left_child=4 2 6 7 5 -1 16 10 19 12 22 13 15 14 -4 -6 -2 -14 25 23 -15 -5 -3 -7 -18 26 -11 -20 -23 -9
right_child=1 3 11 21 9 8 -8 29 -10 18 -12 -13 17 20 -16 -17 24 -19 27 -21 -22 28 -24 -25 -26 -27 -28 -29 -30 -31
leaf_value=-0.0066641485198296923 0 0.013092465826987294 -0.02230944535669363 0 -0.014847634286883727 0.025651307137196135 -0.015755024315662943 0.0091355207912987499 0.0034413523204338695 0.013249634886231357 0.037147616151490842 0.0090363688734650515 0.010449331259874567 -0.020630916505225069 0.0013783001518586039 0.010072584038132104 0.02982095448040863 0.02805295938597013 0.020462925848078999 0.043131639667489813 -0.034566077176990312 0 -0.0097277047004605786 0.0019920270282834255 0 -0.0087275090466211007 -0.0058162804995247012 -0.0014418506636556909 -0.03009259026312551 -0.010423134015411775
leaf_weight=14.723400330170987 14.206259132595731 6.3407465373165905 27.555702276527882 4.9829115374013808 11.428769580554219 20.055286000482742 16.758409732719883 6.2136774044483927 14.692527843639253 11.358453634195032 49.272370039951056 2.4963913713581851 79.391287652775645 83.425316376145929 18.405338483862579 19.94441078370437 26.393219602759931 29.818757504690439 8.6993763879872841 74.330669566057622 159.01682306872681 3.9930926677770975 4.822016876190899 11.426410608924924 5.4274992612190536 48.158973370213062 11.631987032946197 5.6881019296124569 21.35247600660659 10.679805899038909
leaf_count=162 242 150 2029 135 207 237 861 221 126 185 478 169 1299 4865 1304 364 430 386 222 573 12789 116 194 136 174 1425 281 172 892 265
internal_value=-0.000324363 -0.0134979 -0.0209441 0.0105594 0.0163723 0.0293919 0.00914189 0.0245685 0.034102 0.00791988 0.0317533 -0.0275753 0.0131301 -0.0281549 -0.0132786 0 0.0194589 0.0166835 -0.000669594 0.0377227 -0.0304856 -0.0226298 0.00182357 0.0194246 0.026113 -0.00447485 0.0035336 0.0127009 -0.0264872 -0.0016283
internal_weight=822.69 461.342 353.685 107.657 361.348 135.228 62.7854 77.3286 120.505 226.12 60.4351 290.9 140.583 288.403 45.961 31.3732 46.027 109.21 85.5369 105.812 242.442 30.3285 11.1628 31.4817 31.8207 71.1494 22.9904 14.3875 25.3456 16.8935
internal_count=31089 25314 22863 2451 5775 1234 1707 1308 1072 4541 822 21156 2256 20987 3333 571 846 1685 2285 946 17654 1143 344 373 604 1891 466 394 1008 486
is_linear=0
shrinkage=0.05


Tree=5
num_leaves=31
num_cat=0
split_feature=19 26 19 19 38 6 37 29 14 37 41 39 24 39 39 40 25 13 1 38 19 16 41 0 37 40 41 8 17 26
split_gain=74.288 15.3094 12.6918 8.81836 13.2904 8.11109 7.42852 5.30441 5.00355 4.20073 3.40633 2.74171 2.55108 2.3892 2.06186 2.01119 1.87994 1.87528 1.75632 1.68602 1.81812 1.65145 1.49418 1.53998 1.48789 1.37399 1.35414 1.26766 1.24549 1.31054
threshold=-0.40333333611488337 0.37666666507720953 -0.04333332180976867 -0.31000000238418574 -0.020427703857421872 0.083333313465118422 -0.054805755615234368 0.23666667938232425 -0.036666661500930779 -0.054805755615234368 0.0389526765793562 0.0300090815871954 0.18333333730697635 0.023339619860053066 0.032349301502108581 0.99666666984558117 -0.21666666865348813 -0.20333333313465116 -0.48333333432674402 -0.037229537963867181 -0.45666666328907007 0.47666668891906744 0.0340372882783413 -0.10333332419395445 -0.15638160705566403 0.043333332985639579 0.079768318682909026 -0.11666667461395262 0.29000002145767217 0.12333333492279054
decision_type=2 2 2 2 2 2 2 2 2 2 2 2 2 2 2 2 2 2 2 2 2 2 2 2 2 2 2 2 2 2
left_child=6 3 12 -2 5 8 -1 -8 -5 -6 22 15 17 28 -13 18 -15 -3 -11 20 -9 24 23 -10 -7 -20 -27 -18 29 -12
right_child=1 2 -4 4 9 21 7 19 10 11 13 14 -14 16 -16 -17 27 -19 25 -21 -22 -23 -24 -25 -26 26 -28 -29 -30 -31
leaf_value=-0.00088332779641309687 0.00028048192340286867 0 -0.019219416450610097 -0.015789314538794955 0.0028555352311849091 0.0021422463076710913 0.010427533752014634 0.022445415487197605 0.010928324166067371 0 0.030300624729986403 0.0098706406328571989 0.028126342518483751 0.012850653353939751 -0.016755703310110764 0.0043876260401136975 -0.018331461798686853 0.017021575532429677 -0.0035371530439060571 0.035292047600484509 0 0.0022403142965800589 -0.015429224553054219 -0.0093547140967717626 -0.025563659829188186 -0.033943832261939033 0 0.0041659693682337259 0.00014037001315568486 0
leaf_weight=24.564115100540221 88.387186934240162 30.012522118166089 28.028593200724572 28.989282214082778 8.8404828142374736 2.5477198674343517 50.424440069589764 25.836759557947516 15.885329954326151 3.5080066828522822 19.898443188052632 6.8490813001990345 28.137619635555893 11.895225413609298 10.016758803278206 1.4096377613022912 8.0681905825622362 23.628347082529217 7.5717042642645529 117.44571629399434 11.37715200614184 3.8174220151267937 12.81975855422206 9.743296932429077 50.5943641171325 134.82353520626202 3.9334653022233388 5.4500611727125934 7.586101107299327 2.9449406894855192
leaf_count=431 2409 539 1825 2143 555 146 915 280 579 177 664 463 388 370 729 103 317 389 552 1060 209 128 606 676 3486 9900 281 246 290 194
internal_value=0.000378942 -0.00948193 0.00680618 -0.0135884 -0.017037 -0.00693578 0.023967 0.0270025 0.000307342 -0.0266243 0.00615397 -0.0283631 0.016715 0.0135936 -0.00509683 -0.0305052 0.000629521 0.0080825 -0.0311501 0.0316596 0.0163088 -0.0215449 -0.00446537 0.00211504 -0.0237301 -0.0319609 -0.0331284 -0.00948804 0.0218475 0.0266607
internal_weight=785.035 555.387 109.807 445.58 357.193 180.24 229.648 205.084 123.281 176.953 94.2913 168.112 81.7785 55.843 16.8658 151.246 25.4135 53.6409 149.837 154.66 37.2139 56.9595 38.4484 25.6286 53.1421 146.329 138.757 13.5183 30.4295 22.8434
internal_count=31050 28155 3141 25014 22605 9845 2895 2464 6085 12760 3942 12205 1316 2081 1192 11013 933 928 10910 1549 489 3760 1861 1255 3632 10733 10181 563 1148 858
is_linear=0
shrinkage=0.05


Tree=6
num_leaves=31
num_cat=0
split_feature=19 31 27 38 13 19 37 41 37 38 19 38 38 0 39 14 13 39 41 6 7 31 9 6 25 33 21 37 36 36
split_gain=66.352 18.4091 27.3996 11.6596 11.175 6.12939 5.16741 4.9069 4.26777 4.19902 3.74813 3.23437 3.10706 2.48081 2.37 2.23249 2.09198 1.51246 1.5113 1.50003 2.43829 2.54384 1.10827 1.1079 1.03277 0.952929 0.938679 0.742829 0.711735 1.09438
threshold=-0.33666665852069849 0.42333334684371954 -0.36333334445953364 0.0089869499206542986 -0.45666666328907007 -0.04333332180976867 -0.054805755615234368 0.039123736321926124 -0.054805755615234368 0.070146560668945326 -0.31000000238418574 0.31014394760131841 0.12839555740356448 0.27666664123535162 0.024349682964384559 -0.33666665852069849 -0.24333333969116208 0.021614183671772483 0.0340372882783413 0.18333333730697635 0.38999998569488531 -0.21000000834465024 0.056666672229766853 0.069999992847442641 -0.1766666769981384 0.29000002145767217 -0.19666665792465207 -0.031506061553955071 -0.17000000178813932 0.01666665077209473
decision_type=2 2 2 2 2 2 2 2 2 2 2 2 2 2 2 2 2 2 2 2 2 2 2 2 2 2 2 2 2 2
left_child=4 2 5 7 6 16 -1 18 14 19 -10 -12 24 25 -4 -11 -2 -18 -3 23 21 -21 -19 26 -8 -9 -6 -5 -28 -30
right_child=1 3 8 27 9 -7 12 13 10 15 11 -13 -14 -15 -16 -17 17 22 -20 20 -22 -23 -24 -25 -26 -27 28 -29 29 -31
leaf_value=-0.0022345153920914035 -0.00043726134610465371 0.0063237502010510573 -0.017129674217939983 0 0.011756572342702935 -0.017984558419746138 0.017178396802330926 0.033426494350411916 -0.0021798675841874192 0.025199881104551125 -0.030979572539309077 0.0068153381885912405 0.0030744738913076972 0 0.0038992110454309247 0 0.025565653414932162 0.01468567753949713 -0.014924609616184484 0.020666528454385893 -0.0107137897106528 -0.0036036147062960665 -0.0027893687106177005 -0.0086861774725568077 0.036988454691563054 0.0048534380018170715 -0.0076184988609392787 -0.024177215691437912 0.011374389238565458 -0.0036316060603006684
leaf_weight=11.121044860221444 17.063120372360572 15.891457469668241 25.518918003886938 1.7548248507082487 14.645879237446932 13.7326940651983 31.518263964913785 31.01762655749917 15.719730244949458 37.431958948727697 206.75462190341204 2.6990426657721391 12.967791603878139 6.6882175048813215 17.336593484971672 11.548196812160311 26.452055813744664 9.9069085698574799 7.206966802943497 31.575817252509296 6.3404584676027289 10.686002520844339 13.45381226018071 24.109734634868801 80.712845030240715 8.0063680061139149 17.575235968455672 18.799377378309146 15.818735153879969 19.271805895492435
leaf_count=184 369 392 1954 87 345 1062 304 362 540 547 17543 177 123 210 1220 299 381 137 194 502 90 185 214 527 627 153 452 1057 370 449
internal_value=-0.000259491 -0.0129246 -0.018072 0.00676808 0.0166421 0.00685878 0.0273815 0.0167057 -0.025647 0.00816386 -0.0284596 -0.0302003 0.0301847 0.0253023 -0.0086769 0.0200034 0.013364 0.0180783 -0.0011572 0.00319944 0.00978382 0.0143267 0.00525668 -0.000431364 0.0327907 0.0295475 0.00265325 -0.0218168 -0.000395637 0.00319776
internal_weight=763.326 438.002 348.637 89.3648 325.324 80.6086 136.32 68.8106 268.029 189.004 225.173 209.454 125.199 45.7122 42.8555 48.9802 66.8759 49.8128 23.0984 140.024 48.6023 42.2618 23.3607 91.4214 112.231 39.024 67.3117 20.5542 52.6658 35.0905
internal_count=31056 26052 23597 2455 5004 2163 1238 1311 21434 3766 18260 17720 1054 725 3174 846 1101 732 586 2920 777 687 351 2143 931 515 1616 1144 1271 819
is_linear=0
shrinkage=0.05


Tree=7
num_leaves=31
num_cat=0
split_feature=16 31 19 19 38 27 37 27 38 39 39 29 4 37 19 24 41 37 37 38 37 39 15 19 19 30 30 38 38 38
split_gain=64.3562 17.4579 12.0956 11.1811 7.91776 5.57361 5.14529 4.36966 3.39933 6.88343 4.82963 3.27218 2.71706 2.4491 2.00644 1.98818 1.95887 1.92676 1.72596 1.63624 1.59557 1.57705 1.56113 1.46847 1.43103 1.34646 1.30357 1.01543 1.09762 0.95352
threshold=-0.25666666030883784 0.42333334684371954 -0.40333333611488337 -0.090000003576278673 0.0089869499206542986 -0.37666666507720942 -0.054805755615234368 -0.35000000894069666 -0.022851467132568356 0.01946812774986029 0.029205097816884521 0.31000000238418585 0.31666666269302374 -0.15638160705566403 -0.31666666269302363 -0.016666665673255917 0.044630834832787521 -0.053801536560058587 -0.016572475433349606 0.19940757751464847 -0.065113067626953111 0.024349682964384559 -0.43000000715255732 0.36333334445953375 -0.25666666030883784 0.29000002145767217 0.23666667938232425 -0.092090606689453111 -0.048716068267822259 0.31014394760131841
decision_type=2 2 2 2 2 2 2 2 2 2 2 2 2 2 2 2 2 2 2 2 2 2 2 2 2 2 2 2 2 2
left_child=2 3 6 5 12 24 21 15 9 18 11 -10 16 -5 -9 -4 27 -7 -8 22 -17 -1 -19 -18 -2 -11 -22 -3 -29 -15
right_child=1 4 7 13 -6 17 8 14 10 25 -12 -13 -14 29 -16 20 23 19 -20 -21 26 -23 -24 -25 -26 -27 -28 28 -30 -31
leaf_value=0.0086036379857728339 -0.0042174490784067948 -0.0085128082674530096 -0.0002655360953696606 0.0034671851373581971 -0.02007708365665609 0.00098746840737151567 0.0022954609472267836 0.0004154213497239035 0.014743114745308565 0.0015389000832533254 0.00095470276170623821 0.0368946437293017 -0.0097390660517439817 -0.029527524823324682 -0.015330180767063934 -0.002229436066585393 0.027576539566609742 0.0049576315153429277 -0.021839657668307533 0.0051685901132263049 0.0029322466835234131 -0.013180806786342869 -0.02034169607419687 0.00029672063326298387 0.0155962676406606 0.026431126174574906 0.026827350466409841 0.019190548609208553 -1.5735404355538474e-05 0
leaf_weight=11.96881525218487 8.0533651090227085 5.9925562711432603 19.777844651835039 3.2941014957614234 18.16975306509994 14.642429696861653 9.4323420459404606 47.648069944698364 39.960381727665663 9.8610415663570148 16.888119213283062 90.640655592083931 6.4709426248446098 169.47820685920306 25.514586680335924 5.5106770624406627 28.175408851820976 2.7013547974638632 9.0046767350286228 3.6759033454582086 12.229196859523652 9.1200272552669031 66.708142013987526 8.1227617198601347 20.907109336927533 31.177479718346149 23.593896967824548 6.7336904425174025 11.937747180461882 1.5261688497848798
leaf_count=250 163 151 477 243 1120 878 124 1326 641 214 169 685 287 14626 2183 95 332 72 128 174 256 156 4653 119 280 330 444 128 283 121
internal_value=-0.000255183 -0.014648 0.0146312 -0.0204086 0.00471503 -0.00758094 0.0215124 0.00234564 0.0238526 0.0112985 0.0281126 0.0312452 0.0128303 -0.0283197 -0.0055056 0.0117695 0.0162573 -0.0137683 -0.0109372 -0.0168913 0.01736 -0.000727125 -0.0187094 0.022971 0.00959315 0.0219406 0.0208588 0.00300006 0.00888008 -0.02917
internal_weight=738.917 376.59 362.328 290.987 85.6029 116.688 228.054 134.274 206.965 59.4755 147.489 130.601 67.4331 174.298 73.1627 61.1116 60.9622 87.7278 18.437 73.0854 41.3338 21.0888 69.4095 36.2982 28.9605 41.0385 35.8231 24.664 18.6714 171.004
internal_count=31108 23630 7478 21210 2420 6220 2697 4781 2291 796 1495 1326 1300 14990 3509 1272 1013 5777 252 4899 795 406 4725 451 443 544 700 562 411 14747
is_linear=0
shrinkage=0.05


Tree=8
num_leaves=31
num_cat=0
split_feature=16 31 19 13 18 27 27 19 31 37 1 9 41 37 19 32 37 27 37 31 30 26 37 36 39 39 11 26 41 37
split_gain=58.9576 16.7005 11.5298 10.8789 6.44218 6.25472 3.98765 2.76998 2.59046 2.38713 2.34546 2.20185 2.23642 2.17466 1.89778 1.65734 1.73882 1.58669 1.56067 1.43104 1.18074 1.11442 1.07801 1.8347 1.06301 1.0585 1.00329 1.77563 0.940445 0.830298
threshold=-0.28333333134651179 0.42333334684371954 -0.069999992847442613 -0.45666666328907007 0.25666666030883795 -0.37666666507720942 -0.29000000655651087 -0.31666666269302363 -0.29666668176650995 -0.15638160705566403 -0.12333333492279051 -0.36333334445953364 0.044630834832787521 -0.065113067626953111 -0.31000000238418574 0.37000000476837164 -0.047028064727783196 -0.056666672229766839 -0.053801536560058587 0.096666663885116591 0.35666668415069586 -0.26333332061767573 0.027335166931152347 -1.0000000180025095e-35 0.022550749592483047 0.016749243251979355 -0.37666666507720942 0.32999998331069952 0.04280181601643563 -0.00084209442138671864
decision_type=2 2 2 2 2 2 2 2 2 2 2 2 2 2 2 2 2 2 2 2 2 2 2 2 2 2 2 2 2 2
left_child=3 2 5 8 10 24 13 22 15 -4 17 12 -6 -5 -7 16 -1 -3 -16 26 -18 -13 25 -24 -2 -8 29 -28 -12 -15
right_child=1 4 9 6 11 14 7 -9 -10 -11 28 21 -14 19 18 -17 20 -19 -20 -21 -22 -23 23 -25 -26 -27 27 -29 -30 -31
leaf_value=0.0063734455252148648 0.015956527302572996 6.3086688148780498e-05 0.0032025612834160524 -0.0031805990269763184 -0.0095868601744689853 -0.0028780424790163959 0.010317172909928929 -0.015304823291965315 0.0018466848386550225 -0.028291429836102396 -0.0075113314635403272 0.002031820456487545 0.018209687452944684 -0.0026529467945037347 0 0.0076275574424583886 0.0095544542771861946 0.032748399245253461 -0.021911958515550556 0 0.036094843995361767 -0.018766692449499498 0.020944098685744404 -0.0013859607306734127 0 -0.0044646077641921278 0.0007123081245128275 0.02516736633793671 0.00962463898148622 0.012015386754410693
leaf_weight=12.277244749478994 20.293959301896393 6.251628628466281 3.57805221248418 12.65348791098222 7.6249094777740565 37.812226454727352 10.612911072093992 17.529202372068539 12.953704382292925 160.76359207904898 6.8207658478058901 4.2422585538588491 8.8557160231284779 9.9366963133215922 12.191716230474411 16.420559553429484 12.822698213160036 18.252215214539319 49.499896825756878 11.639571398496626 78.354357262142003 23.246874255593866 13.74231366440654 12.341070323716847 12.961798768956212 38.043366579804569 11.378659636247901 51.853670853190124 13.280079053482039 16.098856114316732
leaf_count=186 326 184 257 254 218 1296 279 1568 154 14505 237 113 135 182 845 142 182 207 4612 264 545 1107 293 294 222 933 248 916 250 234
internal_value=0.000192446 -0.0130466 -0.0186609 0.0153067 0.00550992 -0.00698213 0.00756972 0 0.0262705 -0.0273703 0.0179678 -0.00726757 0.00511097 0.0135979 -0.0131932 0.0284974 0.0309818 0.0268817 -0.0183308 0.0159961 0.03344 -0.0150215 0.00418415 0.0113163 0.0101412 -4.35596e-06 0.0180192 0.0215709 0.0024621 0.00618835
internal_weight=724.334 385.676 297.101 338.658 88.5744 132.76 205.83 92.2689 132.829 164.342 44.6047 43.9698 16.4806 113.561 99.5038 119.875 103.454 24.5038 61.6916 100.907 91.1771 27.4891 74.7397 26.0834 33.2558 48.6563 89.2679 63.2323 20.1008 26.0356
internal_count=31188 24514 22063 6674 2451 7301 5465 3367 1209 14762 878 1573 353 2098 6753 1055 913 391 5457 1844 727 1220 1799 587 548 1212 1580 1164 487 416
is_linear=0
shrinkage=0.05


Tree=9
num_leaves=31
num_cat=0
split_feature=16 31 19 19 38 27 27 10 37 38 39 37 38 19 39 37 19 31 25 38 31 38 38 11 3 19 37 39 38 37
split_gain=48.0054 16.3382 10.7551 10.008 9.17166 4.55989 4.01842 2.43921 2.16683 2.06147 2.10434 2.01111 2.33271 1.75835 1.63021 1.47007 1.40488 1.25455 1.20535 1.27244 1.0903 1.83177 1.01799 1.00603 0.969416 0.925219 0.867982 0.86469 0.810885 0.798414
threshold=-0.29666668176650995 0.42333334684371954 -0.45666666328907007 -0.083333343267440782 0.0089869499206542986 -0.37666666507720942 -0.26999998092651362 0.30333334207534796 -0.15638160705566403 0.08760929107666017 0.016749243251979355 -0.050899028778076165 0.12839555740356448 -0.25666666030883784 0.028816987760365013 -0.065113067626953111 0.3966666460037232 -0.41666667163372034 -0.26999998092651362 -0.033853530883789056 0.096666663885116591 -0.054368019104003899 -0.063846588134765611 -0.24333333969116208 0.11000001430511476 -0.35000000894069666 -0.033957481384277337 0.02655676752328873 0.31014394760131841 -0.061517238616943352
decision_type=2 2 2 2 2 2 2 2 2 2 2 2 2 2 2 2 2 2 2 2 2 2 2 2 2 2 2 2 2 2
left_child=2 3 11 5 7 13 15 16 -5 10 -8 29 18 -2 25 24 27 -17 -13 22 21 23 -20 -19 -4 -7 -6 -3 -10 -1
right_child=1 4 6 8 26 14 9 -9 28 -11 -12 12 -14 -15 -16 17 -18 20 19 -21 -22 -23 -24 -25 -26 -27 -28 -29 -30 -31
leaf_value=-0.0046279871897668733 -0.0050345823083314473 0.025614862069827327 0.0081549486729630017 0.0030483698559106206 0.0011138513382247652 -0.0026592461581064902 0.0071366873022785443 -0.0021599085611364679 -0.026557624480570974 0.010514455573622947 -0.01139103599449761 0.010019755135737515 0.0026884542318859669 0.014755119710164997 0.00089949235727916502 -0.0024786350037045908 0 -0.0095873706413113977 0.021824787390364891 0.036779829423374641 0 0.02113706247419983 0.00075798362803700028 0.0096905407729879871 -0.011719589145105454 -0.017624022456077311 -0.023107429482465153 0.0006568466679502383 0 0.012388841922835334
leaf_weight=7.8589274371042848 11.846316746436058 39.022107523865998 5.0675599388778192 3.7735516903921953 1.5324108586646641 20.072825166862458 14.826110592577605 12.113780554849653 158.74205949599855 17.440068771364167 49.034631297923625 18.332654881291091 12.739624002948402 23.586480841040611 16.562140177469701 6.2800402310676864 9.6330869602970761 6.2145002055913201 16.806675240397457 62.746278043836355 10.5334779121913 62.402424104511745 11.711447862908242 8.828342971391967 6.7692149169743061 60.105663999798708 16.047619408462197 6.3758553848601869 1.4187457221560169 6.4147536754608137
leaf_count=147 254 598 111 255 82 661 562 353 14712 572 1844 193 121 336 991 99 241 149 144 435 232 1130 102 162 132 5029 1066 132 122 71
internal_value=0.000216622 -0.0117007 0.0142579 -0.0171894 0.00707437 -0.0062775 0.00598101 0.0156251 -0.0253078 -0.0020826 -0.00648822 0.0247072 0.0267565 0.00776446 -0.011817 0.0121639 0.0197771 0.0141924 0.0290532 0.0317655 0.0157307 0.0176453 0.0155332 7.55469e-05 -0.0019283 -0.0146136 -0.0201897 0.0230819 -0.0262123 0.00318963
internal_weight=704.839 380.833 324.007 296.108 84.7249 132.173 187.396 67.1448 163.934 81.3008 63.8607 136.61 122.337 35.4328 96.7406 106.096 55.031 94.2588 109.597 91.2644 87.9787 77.4453 28.5181 15.0428 11.8368 80.1785 17.58 45.398 160.161 14.2737
internal_count=31038 24832 6206 22360 2472 7271 4993 1324 15089 2978 2406 1213 995 590 6681 2015 971 1772 874 681 1673 1441 246 311 243 5690 1148 730 14834 218
is_linear=0
shrinkage=0.05


Tree=10
num_leaves=31
num_cat=0
split_feature=19 27 31 19 29 41 37 27 14 1 31 37 33 28 5 37 20 29 37 25 37 7 10 9 7 41 4 13 25 9
split_gain=45.9573 11.2688 13.6539 8.01586 5.34674 5.26404 4.1811 3.44891 3.29088 2.41192 2.21027 2.01295 1.39022 1.65176 1.25457 1.61497 1.32228 1.18116 1.02036 0.916648 0.832882 0.725997 0.720976 0.640174 0.638449 0.632464 0.606632 0.587359 0.550961 0.524944
threshold=-0.40333333611488337 -0.36333334445953364 0.42333334684371954 -0.31000000238418574 0.31000000238418585 0.039123736321926124 -0.054805755615234368 -0.056666672229766839 -0.049999997019767754 0.1566666662693024 -0.21666666865348813 -0.054805755615234368 0.31000000238418585 0.39499998092651373 0.10833334922790529 -0.054805755615234368 0.25000000000000006 0.17666667699813846 -0.031506061553955071 -0.28333333134651179 0.031753063201904304 -0.15000000596046445 -0.10333332419395445 -1.0000000180025095e-35 -0.32999998331069941 0.035937530919909484 -0.18999999761581418 0.36333334445953375 -0.0099999904632568342 -0.20333333313465116
decision_type=2 2 2 2 2 2 2 2 2 2 2 2 2 2 2 2 2 2 2 2 2 2 2 2 2 2 2 2 2 2
left_child=4 8 3 -3 20 19 28 29 14 27 12 -5 -8 -14 17 -16 -17 22 -10 23 21 24 -2 -4 -1 -22 -11 -9 -6 -7
right_child=1 2 5 11 6 7 10 9 18 26 -12 -13 13 -15 15 16 -18 -19 -20 -21 25 -23 -24 -25 -26 -27 -28 -29 -30 -31
leaf_value=0.0042409607501746353 -0.0013215378657279204 -0.0021433849905058951 0.00779737666944064 -0.0085693248929999046 -0.009343298691757514 0.0022419977708444173 0.033099095429109694 0.029913781035010675 0.0032915996271124233 0.0089400795529647661 0.0012740188673940514 -0.02468817597004596 0.0016119563109927232 0.022672851569216737 -0.0024681518597985271 0.024721867549667556 0 -0.0061690781212008668 -0.014399638288530367 -0.017486997175588607 0 0.0060571715878248791 0.013339687693995557 -0.0093971826636232089 -0.010319384533104946 0.015374927996139815 -0.0076009270502800236 0.0048160661811410144 0.0050761347151877913 -0.012542230658833109
leaf_weight=5.0534616038203266 7.0805022022686925 67.24792949273251 6.5596369812265038 36.671023728791624 5.5425649415701637 3.9807879286818206 79.566870789974928 23.119393344968561 6.6264143956359502 3.5765688708052039 10.885800935328005 185.12588104128372 17.86253484338522 28.277126218192279 6.2065004748292258 25.025508550461382 8.3688566018827242 15.4376835078001 17.297790846554562 15.211776947602628 5.7764825643971589 25.361574378795922 17.644578015664592 3.476261840900408 13.586682972498236 20.643045044038445 7.0018888905178738 8.2155963480472547 8.513226475566622 7.1581379806157184
leaf_count=106 174 2296 144 3076 101 108 680 273 347 59 144 17894 151 253 97 404 178 314 1028 640 119 576 374 139 281 351 241 171 151 306
internal_value=-4.51216e-05 -0.00889335 -0.0129762 -0.0179336 0.0184345 0.00500142 0.0236846 0.0136941 0.00526195 0.019855 0.0262589 -0.0224288 0.0280761 0.0161226 0.0101569 0.0160132 0.0199354 0.00251012 -0.00898666 -0.0115864 0.00589847 0.000694321 0.00888931 0 -0.00528589 0.0120622 0 0.0258346 -0.000457451 -0.00686481
internal_weight=692.102 471.033 367.345 289.045 221.069 78.3 150.648 53.0524 103.688 41.9134 136.592 221.797 125.707 46.1397 79.7636 39.6009 33.3944 40.1628 23.9242 25.2477 70.4212 44.0017 24.7251 10.0359 18.6401 26.4195 10.5785 31.335 14.0558 11.1389
internal_count=31176 28263 25347 23266 2913 2081 1480 1158 2916 744 1228 20970 1084 404 1541 679 582 862 1375 923 1433 963 548 283 387 470 300 444 252 414
is_linear=0
shrinkage=0.05


Tree=11
num_leaves=31
num_cat=0
split_feature=16 37 30 38 37 38 39 41 19 2 27 9 19 25 16 17 29 38 39 38 37 38 40 27 41 7 16 27 39 19
split_gain=39.5373 8.83445 7.83164 6.32894 4.30995 3.92308 2.87639 2.80911 2.43879 2.40671 2.02026 1.79367 1.61343 1.40226 1.27528 1.24078 1.19993 1.15826 1.1459 1.18467 1.12707 1.05884 0.996135 0.977557 1.13854 0.916791 0.914155 0.867412 1.35761 0.852791
threshold=-0.28333333134651179 -0.054805755615234368 0.3966666460037232 -0.022851467132568356 -0.054805755615234368 -0.022851467132568356 0.02188233565539122 0.039123736321926124 -0.083333343267440782 0.13666665554046634 -0.1766666769981384 0.18999999761581424 -0.25666666030883784 0.069999992847442641 0.069999992847442641 0.38333332538604742 0.40333333611488348 -0.092090606689453111 0.029205097816884521 -0.013042449951171873 -0.042132854461669915 0.023255825042724613 0.12333333119750024 -0.41666667163372034 0.027909389697015289 -0.1766666769981384 -0.22333332896232602 -0.36333334445953364 0.0300090815871954 -0.45666666328907007
decision_type=2 2 2 2 2 2 2 2 2 2 2 2 2 2 2 2 2 2 2 2 2 2 2 2 2 2 2 2 2 2
left_child=2 9 5 6 -4 17 7 -3 27 13 18 12 20 26 -9 -16 -12 -1 19 -6 -7 -13 -22 -8 -25 -15 -2 -5 -29 -18
right_child=1 3 4 8 10 11 23 14 -10 -11 16 21 -14 25 15 -17 29 -19 -20 -21 22 -23 -24 24 -26 -27 -28 28 -30 -31
leaf_value=0.0024246843272270743 -0.0029044785147014189 -0.010298836558921418 -0.0027158102796848967 0 0.014589483664326011 -0.0011067282005556261 0.002861837671854113 -0.00017252646459818997 -0.025801443287259907 -0.0086742425685267452 -0.0098052325196858296 0.0096978850458269879 -0.0046150925189600202 -0.013129537376309253 0.022490772478630381 -0.0021354376482899964 0.018221867307298325 -0.0095980804161519048 0.0053101357685538114 0.033192137102838859 0.0013009550686646871 -0.0082929067744937496 0.01940585312132815 0.0021263068701178659 -0.015767189574973455 0.0049730271343629917 0.016870101533083458 -0.016800330386247394 0.0031718654801917491 -0.00095170259897142803
leaf_weight=30.661523844581097 2.6038395296782246 15.893500709906219 13.668620879761873 15.372258467134087 33.579226457048208 5.8527022255584589 5.6511982181109479 10.622882436495276 108.99270923971198 20.034527037292719 3.7898862785659757 6.9809129368513849 6.367566345492377 4.5918230833485749 17.097473001573238 3.0784591878764322 7.770163383334876 34.821237341035157 11.879310071468351 66.813675848767161 12.869380289223043 15.024946763413025 67.320207042153925 6.1310603362508109 52.88408341887407 13.37616409966722 32.438524694181979 42.558950855978765 5.8372684023343018 5.1487979898229215
leaf_count=900 110 1189 292 362 355 135 176 806 9649 1171 113 192 426 247 784 202 64 1054 118 596 308 463 1372 491 3571 753 1370 3257 354 267
internal_value=0.000199932 -0.011135 0.0128016 -0.0150757 0.0213934 0.00538364 -0.00509166 0.0037339 -0.0209845 0.00385774 0.0241407 0.0108269 0.0137404 0.00941809 0.0121533 0.01815 0.00415326 -0.00388783 0.0265424 0.0283786 0.0155827 -0.000838058 0.0170831 -0.0115939 -0.013499 -0.0007388 0.0145818 -0.0108823 -0.0138477 0.0113805
internal_weight=679.713 357.165 322.548 284.12 142.65 179.898 111.359 46.6923 172.761 73.0449 128.981 114.416 92.4099 53.0104 30.7988 20.1759 16.7088 65.4828 112.272 100.393 86.0423 22.0059 80.1896 64.6663 59.0151 17.968 35.0424 63.7685 48.3962 12.919
internal_count=31147 24492 6655 20841 1805 4850 7219 2981 13622 3651 1513 2896 2241 2480 1792 986 444 1954 1069 951 1815 655 1680 4238 4062 1000 1480 3973 3611 331
is_linear=0
shrinkage=0.05


Tree=12
num_leaves=31
num_cat=0
split_feature=16 31 30 38 19 37 19 38 29 27 37 9 37 28 32 41 31 27 37 21 18 39 19 25 19 38 28 37 13 14
split_gain=38.0053 9.45536 6.40104 5.69834 5.58993 4.29057 4.14034 2.67144 2.34239 2.24597 2.17494 2.1365 2.00809 1.73215 1.49122 1.43318 1.27826 1.27718 1.20061 1.12447 1.10048 1.05138 1.01392 0.945827 1.20523 0.805931 0.800829 0.721801 0.629711 0.901823
threshold=-0.28333333134651179 0.42333334684371954 0.38999998569488531 -0.022441387176513668 -0.069999992847442613 -0.065113067626953111 0.32333332300186163 -0.022851467132568356 0.31000000238418585 -0.37666666507720942 -0.15638160705566403 0.18333333730697635 -0.047028064727783196 0.14833331108093264 0.38333332538604742 0.044630834832787521 0.096666663885116591 -0.43000000715255732 -0.053801536560058587 -0.40333333611488337 0.26999998092651373 0.028816987760365013 -0.26999998092651362 -0.016666665673255917 -0.30333334207534784 0.31014394760131841 0.24833333492279056 -0.047028064727783196 -0.21000000834465024 -0.10333332419395445
decision_type=2 2 2 2 2 2 2 2 2 2 2 2 2 2 2 2 2 2 2 2 2 2 2 2 2 2 2 2 2 2
left_child=2 4 7 6 9 -4 15 23 -7 28 -6 16 -5 -10 -15 -3 18 -16 -9 -20 -8 27 -21 -1 -25 -12 -13 -11 -2 -30
right_child=1 3 5 12 10 8 20 11 13 21 25 26 -14 14 17 -17 -18 -19 19 22 -22 -23 -24 24 -26 -27 -28 -29 29 -31
leaf_value=-0.0081731753527761863 -0.002956803059865207 0.0015034746934747191 -0.0069999720612949762 0.0066493996145254117 0.0046614099097272346 -0.00044494863970112467 0.0077397379154684823 -0.0037565909328226739 0.00075314753866381572 -0.0015885380220383221 -0.023647491095903729 0.0039614341717969541 -0.020346683146201191 0.028333069444885742 0.018840714060782214 0.026483516106845229 -0.0045464735924744207 -0.00037490521154342105 -0.0017767339545882008 0.018679494573745417 -0.011474568125615932 0 -0.00066555698034992015 0.0090366925060890568 -0.0089244534095328926 0.00062989111640934293 -0.011402689807407105 -0.015726709903781638 0.015542234305013447 -0.0021710936275665597
leaf_weight=32.293073443695903 11.728557766415181 10.655207839328794 9.8144357101991755 4.4209787221625474 3.851050443481653 8.4537612739950401 5.0771649242378798 4.1405488951131693 10.247910290956495 17.083016942255199 145.32494279392995 10.684731424786152 20.220380147220567 95.217150865937583 9.4141398053616303 25.529975171666592 4.9563125355634829 13.76320893736556 4.7819058783352366 71.675894943764433 14.373463978990911 15.374382186215369 4.2792689998168489 21.564149963669482 7.4509199401363722 1.1405718978494395 9.5765001359395665 56.377730922191404 11.178626873530449 6.4645394706167272
leaf_count=1021 262 229 234 106 260 136 82 112 162 1153 14233 352 1311 886 127 295 137 351 126 1464 411 969 328 483 395 111 280 4672 165 118
internal_value=-0.000117424 -0.0114615 0.0122181 0.00316212 -0.0158979 0.019756 0.0119577 0.00516672 0.0220593 -0.00693453 -0.02225 0.00969483 -0.0143337 0.0236778 0.0253291 0.0209805 0.0129082 0.00884262 0.0144354 0.0158519 -0.00483455 -0.0107959 0.0173156 -0.00273265 0.00297148 -0.0232771 -0.00329453 -0.0131218 0.00388765 0.00909068
internal_weight=667.115 348.801 318.314 80.2772 268.523 146.911 55.6358 171.403 137.096 118.207 150.317 110.095 24.6414 128.642 118.394 36.1852 89.8339 23.1773 84.8776 80.7371 19.4506 88.8351 75.9552 61.3081 29.0151 146.466 20.2612 73.4607 29.3717 17.6432
internal_count=30971 24377 6594 2434 21943 1896 1017 4698 1662 7339 14604 2799 1417 1526 1364 524 2167 478 2030 1918 493 6794 1792 1899 878 14344 632 5825 545 283
is_linear=0
shrinkage=0.05


Tree=13
num_leaves=31
num_cat=0
split_feature=16 31 37 38 19 19 41 27 27 22 37 27 19 3 38 37 40 37 24 31 41 22 32 38 35 19 19 38 40 37
split_gain=30.1511 8.92523 6.30283 5.88144 5.51361 4.84521 3.88585 2.61774 2.19449 1.92898 1.86404 1.50603 1.4591 1.27676 1.25294 1.21654 1.14793 1.13869 1.13116 1.89258 0.984065 0.900705 1.1384 0.84007 0.781466 0.759036 0.683533 0.63652 0.632675 0.631379
threshold=-0.28333333134651179 0.42333334684371954 -0.054805755615234368 0.0089869499206542986 -0.45666666328907007 -0.090000003576278673 0.044630834832787521 -0.24333333969116208 -0.37666666507720942 -0.15000000596046445 -0.15638160705566403 0.23000001907348636 0.36333334445953375 0.12333333492279054 0.08760929107666017 -0.047028064727783196 0.71999999880790722 -0.033957481384277337 -0.016666665673255917 -0.056666672229766839 0.039123736321926124 0.39499998092651373 0.14999997615814212 -0.038792133331298821 0.01666665077209473 -0.4433333277702331 -0.25666666030883784 0.31014394760131841 0.070000000298023238 -0.10532808303833006
decision_type=2 2 2 2 2 2 2 2 2 2 2 2 2 2 2 2 2 2 2 2 2 2 2 2 2 2 2 2 2 2
left_child=2 5 13 6 9 8 11 18 16 20 -7 -3 -8 29 24 -10 26 -5 23 21 -4 22 -20 -6 -9 -17 -2 -12 -15 -1
right_child=1 3 4 17 7 10 12 14 15 -11 27 -13 -14 28 -16 25 -18 -19 19 -21 -22 -23 -24 -25 -26 -27 -28 -29 -30 -31
leaf_value=0.01129066474450512 0 -0.011604512352050567 0.016180006031015312 0.0031845382979326584 -0.0069021162776967057 0.004196232715180233 0.024338544082484957 0.0015329798786216616 0 0.026569151201051956 -0.02158933966611323 0.0083542940585885957 0 0 0.0090519040081453884 0.0029648270712825807 -0.0064881823802259214 -0.022875573211250749 0.007372363553154679 0 0 0 0.029733040579381715 0.0074914212631358671 -0.0096351283094041097 -0.014358773335365893 0.015632641460622428 0 -0.017632558593131425 -0.0039496130989319089
leaf_weight=6.1022086828015745 6.9625087669119265 15.463051068130882 16.090306956321001 1.6581152589060373 7.9909890023991457 3.9573447229340664 30.695377016905695 20.519046281697229 20.040370078524575 78.027948196046054 147.38805638486519 10.141728104092179 6.6415358157828441 7.0623718453571227 17.205555389868096 2.400232440326362 8.3811660502105934 13.629372577881437 17.898285997100174 16.418119993060827 19.419045556336641 6.312436413485556 23.481831668643281 25.37269570119679 27.720708376727998 59.865240539773367 13.496263078413905 1.2657375377602864 15.766387871932237 7.4709048029035312
leaf_count=173 162 530 145 82 222 260 419 777 1211 665 14773 192 180 159 587 54 159 1047 394 373 201 126 362 511 1226 4985 204 123 417 237
internal_value=-1.83638e-05 -0.0102327 0.011051 0.00411425 0.0136372 -0.0145775 0.011186 0.00709204 -0.00585774 0.0219927 -0.0203087 -0.00282285 0.0204306 -0.00715085 -0.000338661 -0.00993412 0.00476556 -0.0187737 0.012053 0.0158139 0.00894719 0.0203634 0.0227473 0.00288232 -0.00477971 -0.0131229 0.0107465 -0.0212602 -0.0134118 0.00298558
internal_weight=654.845 341.986 312.859 78.2292 276.457 263.757 62.9417 162.92 111.146 113.537 152.611 25.6048 37.3369 36.4019 65.4453 82.3058 28.8399 15.2875 97.4744 64.1107 35.5094 47.6926 41.3801 33.3637 48.2398 62.2655 20.4588 148.654 22.8288 13.5731
internal_count=30956 24381 6575 2450 5589 21931 1321 4578 6775 1011 15156 722 599 986 2590 6250 525 1129 1988 1255 346 882 756 733 2003 5039 366 14896 576 410
is_linear=0
shrinkage=0.05


Tree=14
num_leaves=31
num_cat=0
split_feature=16 31 30 19 41 19 37 27 37 37 37 10 28 18 39 29 17 10 27 31 9 40 19 30 30 41 19 40 14 39
split_gain=31.2124 7.33858 6.07343 4.69345 3.68376 2.36016 2.35098 2.0423 1.98925 1.97738 1.56103 1.5402 1.3084 1.61676 1.26565 1.17633 1.16254 1.17041 1.04415 1.24035 1.28319 1.00563 0.806521 0.803524 0.700729 0.734482 0.682648 0.663137 0.587021 0.408487
threshold=-0.28333333134651179 0.42333334684371954 0.42833334207534796 -0.069999992847442613 0.044630834832787521 -0.40333333611488337 0.019855022430419925 -0.37666666507720942 -0.054805755615234368 -0.15638160705566403 -0.047028064727783196 0.29000002145767217 -0.25666666030883784 0.24333333969116214 0.025486567988991741 0.43500000238418585 -0.43000000715255732 0.41000002622604376 -0.35000000894069666 0.096666663885116591 0.23000001907348636 0.050000000745058067 -0.29666668176650995 0.17000001668930056 -0.061666667461395257 0.073804967105388655 -0.25666666030883784 0.74000000953674328 -0.29000000655651087 0.017755206674337391
decision_type=2 2 2 2 2 2 2 2 2 2 2 2 2 2 2 2 2 2 2 2 2 2 2 2 2 2 2 2 2 2
left_child=2 3 5 7 12 15 11 26 -4 -5 -9 -6 13 -3 -15 21 -10 -18 19 20 -7 -1 23 -20 -23 -26 -2 -28 -22 -25
right_child=1 4 8 9 6 18 -8 10 16 -11 -12 -13 -14 14 -16 -17 17 -19 22 -21 28 24 -24 29 25 -27 27 -29 -30 -31
leaf_value=-0.0025423837803520699 -0.003483430304470932 0.012714443059567412 0 0.0043312940515348999 0.021125669022838786 0.015895023669057897 -0.0065891437326100026 0.00070927672134986981 0.026972278017026747 -0.021025946425215648 -0.013197457737784433 -0.001664654592398077 -0.017300577298886063 -0.017653692710957149 0.0062727253907252775 -0.0037457703859592622 0.015974170112209651 -0.0012983930172570479 0.0057538652821102036 -0.0075260572029961989 -0.0090822248413962147 0 -0.012478928871023998 0.00072735067637452039 0.015877818641372145 0 0.014532386516260593 -0.00070130556048172868 0.0059445110466186269 -0.010727754680853841
leaf_weight=5.9497718168422571 8.8822805564850587 8.6568010807968694 8.151058327406643 4.4549205992370835 30.373046686640009 22.197498807217926 8.5306246981490386 22.952714935410768 69.254526793025434 140.80340737919323 63.618192905094475 5.8161796629428855 14.110541088273747 8.3638049680739623 3.1525896666571489 7.4184526409953824 19.966566929360855 10.448945793788878 21.735497202724218 7.2887642197310916 6.9061380177736282 5.9203182822093359 13.499801339581607 5.9415838317945626 84.018980331718922 7.3571015335619441 12.753105778712781 6.0116992667317382 6.0400348524562997 12.294984539737923
leaf_count=117 217 187 209 257 464 455 395 1324 536 14432 5448 168 725 378 118 86 339 232 723 184 134 120 1266 191 1420 143 213 109 148 387
internal_value=0.000376508 -0.0100358 0.0116427 -0.0140404 0.00288526 0.00614117 0.0118887 -0.00570618 0.0210837 -0.019942 -0.00943328 0.0171545 -0.00825975 0 -0.00977156 0.010922 0.022932 0.0101176 6.09874e-05 0.00573053 0.00978414 0.0123526 -0.00414194 0 0.0136002 0.0146356 0.00482247 0.00965497 -0.00108963 -0.00670798
internal_weight=652.87 338.48 314.39 259.476 79.0036 206.569 44.7199 114.218 107.821 145.258 86.5709 36.1892 34.2837 20.1732 11.5164 110.665 99.67 30.4155 95.9043 42.4324 35.1437 103.246 53.4719 39.9721 97.2964 91.3761 27.6471 18.7648 12.9462 18.2366
internal_count=31125 24435 6690 22000 2435 5374 1027 7311 1316 14689 6772 632 1408 683 496 1886 1107 571 3488 921 737 1800 2567 1301 1683 1563 539 322 282 578
is_linear=0
shrinkage=0.05


Tree=15
num_leaves=31
num_cat=0
split_feature=15 30 27 38 19 6 38 23 37 19 41 41 14 15 4 24 33 14 38 4 40 23 11 4 19 37 24 37 40 1
split_gain=22.8459 5.6204 3.94543 4.05452 2.82307 2.26775 2.20155 2.12408 2.05559 1.77057 1.74994 1.75008 1.6479 1.59349 1.43346 1.33646 1.35296 1.32339 1.262 1.10258 1.0972 0.997296 0.972433 1.84807 0.947734 0.872389 0.843162 0.782438 0.826036 0.68393
threshold=-0.32999998331069941 0.44833332300186163 -0.33666665852069849 -0.020427703857421872 -0.30333334207534784 0.14999997615814212 -0.022851467132568356 0.20333331823349002 -0.054805755615234368 -0.37666666507720942 0.0389526765793562 0.0340372882783413 -0.016666665673255917 0.38999998569488531 0.41000002622604376 0.030000001192092899 -0.069999992847442613 -0.21000000834465024 0.31014394760131841 -0.31666666269302363 0.050000000745058067 0.083333313465118422 -0.3899999856948852 0.11000001430511476 -0.40333333611488337 -0.0054221153259277335 0.32999998331069952 0.0075397491455078134 0.81666666269302379 -0.1116666793823242
decision_type=2 2 2 2 2 2 2 2 2 2 2 2 2 2 2 2 2 2 2 2 2 2 2 2 2 2 2 2 2 2
left_child=1 6 17 5 -5 10 22 15 -6 -9 11 -4 -12 -14 -3 16 -8 21 20 -19 -10 -2 23 -1 25 -24 -16 -18 -29 -17
right_child=2 14 3 4 8 -7 7 9 18 -11 12 -13 13 -15 26 29 27 19 -20 -21 -22 -23 24 -25 -26 -27 -28 28 -30 -31
leaf_value=0.0031339608459644876 0.014029624305241475 0.024357737369229582 0 -0.0014373980956081016 0.0019144753186796466 -0.014211881491766196 0.0085443844011414902 0.022447396712326428 0 0 -0.0058742962860707897 -0.018992395843019268 0.014100557056456332 -0.0041232562268975377 0.012118973266246228 0.016559833998322504 8.1820933814817707e-05 0.0080467767204605248 0.0034458582466528986 -0.0076106925225032694 -0.023134087439874204 -0.00064582916268950043 0.015259910586365229 -0.018421403110113428 -0.0035941367370368898 -0.0016150785728623188 -0.0054530568861495933 -0.020149414246117534 0 0.00098349229196932272
leaf_weight=14.309551676269622 20.801587905734777 68.480985831469297 30.396037866827101 30.543511250056326 7.2845388464629641 35.577538056764752 9.7071768362075073 33.656621023081243 6.4243314787745467 10.9235279019922 19.379848384764045 14.188090089941396 36.32242619805038 10.999067091615869 6.9712309283204359 13.274576619733127 9.8135271556675452 8.416562556056304 1.7715475726872671 37.442593283718452 105.83698291063774 14.140505243558435 13.975728107616307 13.21402253769338 18.922353749396279 6.8331769788637748 7.0616676395293325 10.375129442196338 4.8350791726261368 18.383212500950322
leaf_count=271 462 665 2154 1088 500 2914 272 481 673 446 1689 1055 1720 422 94 302 228 450 156 1805 10545 326 289 270 755 144 180 228 116 438
internal_value=-0.000215447 0.0109969 -0.00803458 -0.010652 -0.0163065 -0.00423102 0.00547236 0.00965139 -0.0196095 0.0175371 -0.000263213 -0.00758065 0.00450596 0.00940856 0.0214674 0.00299605 -0.00310045 0.00142149 -0.0212197 -0.00365647 -0.0219754 0.00825578 -0.0013074 -0.00791383 0.00316035 0.00966475 0.00304359 -0.00920238 -0.0146998 0.00977658
internal_weight=640.263 260.738 379.525 298.724 151.861 146.863 178.224 110.969 121.317 44.5801 111.285 44.5841 66.7013 47.3215 82.5139 66.3887 34.7309 80.8012 114.033 45.8592 112.261 34.9421 67.2548 27.5236 39.7313 20.8089 14.0329 25.0237 15.2102 31.6578
internal_count=31138 5179 25959 22916 12962 9954 4240 2511 11874 927 7040 3209 3831 2142 939 1584 844 3043 11374 2255 11218 788 1729 541 1188 433 274 572 344 740
is_linear=0
shrinkage=0.05


Tree=16
num_leaves=31
num_cat=0
split_feature=16 30 31 38 37 14 26 13 37 27 9 38 41 32 40 28 4 13 29 26 37 39 28 26 0 38 4 17 37 39
split_gain=27.1655 7.06441 6.54594 4.52659 3.32579 3.02138 2.35732 1.73601 1.92447 1.45474 1.41572 1.7457 1.29881 1.17473 1.20783 1.10801 0.930722 0.923892 0.951726 0.849161 0.833901 0.790951 1.5625 0.760109 0.672699 0.617731 0.782991 0.589252 0.569924 0.493692
threshold=-0.25666666030883784 0.38999998569488531 0.42333334684371954 0.0089869499206542986 -0.065113067626953111 0.31666666269302374 -0.12333333492279051 0.056666672229766853 -0.053801536560058587 -0.1766666769981384 1.0000000180025095e-35 0.0089869499206542986 0.044630834832787521 -0.016666665673255917 0.49666666984558111 -0.36333334445953364 -0.36333334445953364 -0.37666666507720942 0.2833333313465119 0.1566666662693024 -0.15638160705566403 0.029205097816884521 0.48166668415069586 0.43000000715255743 0.20999997854232791 -0.092090606689453111 0.25666666030883795 -0.45666666328907007 -0.036615848541259759 0.024349682964384559
decision_type=2 2 2 2 2 2 2 2 2 2 2 2 2 2 2 2 2 2 2 2 2 2 2 2 2 2 2 2 2 2
left_child=1 10 7 5 -3 12 15 8 29 21 11 24 -4 14 -13 -7 -8 25 19 -19 -9 22 -6 27 -1 -12 -27 -10 -5 -2
right_child=2 4 3 28 9 6 16 20 23 -11 17 13 -14 -15 -16 -17 -18 18 -20 -21 -22 -23 -24 -25 -26 26 -28 -29 -30 -31
leaf_value=-0.0052181259098204903 -0.0030956054384199566 -0.0055206610516263868 0 0 0.025855263767547348 0.020055966687569364 0.00025530917510329434 0 0.001770721471655046 0.0036370105194483155 0.011975714733216221 -0.0061353065895813083 0.024985568892798966 0.020220768310490633 0.011624030419341853 -0.001053727994303624 -0.018706968526398974 -0.0090571328903298835 -0.012318789300823052 0.0058333016145342134 -0.019687846049200278 0.0042009481137115908 0.0011768869312731307 0 0.007977546473809374 0.0041673540873594468 -0.0099714695582159615 -0.013995534387117562 -0.020324790533366825 0.0077195126024043118
leaf_weight=23.702586937695745 15.005671661579983 9.3696580659598094 7.8970571393147138 1.3540527140721685 95.977483089081943 6.7858771244063973 6.2417848836630609 3.0812964350916436 2.0252990010194472 17.470287712523714 10.704681015107779 11.311238824855538 19.896922539919615 24.993448943132535 13.902521930867804 7.0596294067800063 10.812641314696519 8.5631932199466991 19.429587780730799 21.283906283322722 106.05358868534677 11.599586097057907 9.7637858530506474 8.1146645615808648 7.873264587018638 29.569172579795122 7.4743188782595089 90.576913832337596 13.01560229877941 12.86599422409199
leaf_count=859 927 259 224 65 990 83 175 193 94 522 259 310 259 663 354 149 416 556 752 613 10869 134 89 255 252 676 168 8267 1067 618
internal_value=0.000359463 0.0104566 -0.0100545 0.0025945 0.0185087 0.00915157 -0.00118473 -0.0140128 -0.00897819 0.0205204 0.00343841 0.00806 0.0195528 0.0133764 0.00320813 0.0109683 -0.0124223 -0.000457037 -0.0051741 6.28915e-05 -0.0189507 0.0225322 0.0239858 -0.0120784 -0.000514086 0.00398006 0 -0.0133104 -0.0177676 0.00164181
internal_weight=633.776 322.989 310.787 73.0636 144.181 58.6939 30.8999 237.723 128.589 134.811 178.808 81.7831 27.794 50.2072 25.2138 13.8455 17.0544 97.0249 49.2767 29.8471 109.135 117.341 105.741 100.717 31.5759 47.7482 37.0435 92.6022 14.3697 27.8717
internal_count=31117 7456 23661 2438 1994 1306 823 21223 10161 1735 5462 2438 483 1327 664 232 591 3024 1921 1169 11062 1213 1079 8616 1111 1103 844 8361 1132 1545
is_linear=0
shrinkage=0.05


Tree=17
num_leaves=31
num_cat=0
split_feature=16 31 38 30 41 9 37 2 18 37 33 37 37 37 41 39 38 16 21 18 38 34 27 39 25 37 6 31 7 33
split_gain=22.0113 6.81073 5.73598 4.37661 2.66672 2.23246 2.34023 2.82377 2.08582 1.91681 1.87981 1.87849 1.63363 1.30945 1.24919 2.58105 1.77785 1.31435 0.952914 0.904108 0.835604 0.729181 0.629705 0.952954 0.618219 0.603624 0.545508 0.536781 0.536457 0.526698
threshold=-0.28333333134651179 0.42333334684371954 -0.020427703857421872 0.3966666460037232 0.044630834832787521 0.22333335876464847 0.011377334594726564 0.20833331346511844 0.1566666662693024 -0.047028064727783196 0.37000000476837164 -0.047028064727783196 -0.054805755615234368 0.04525041580200196 0.038634473457932479 0.024153697304427627 0.074303150177001967 -0.41666667163372034 -0.24333333969116208 0.23000001907348636 -0.013042449951171873 -0.12333333492279051 -0.36333334445953364 0.0300090815871954 0.30333334207534796 -0.15638160705566403 0.01666665077209473 -0.36333334445953364 -0.18999999761581418 0.26999998092651373
decision_type=2 2 2 2 2 2 2 2 2 2 2 2 2 2 2 2 2 2 2 2 2 2 2 2 2 2 2 2 2 2
left_child=3 8 4 14 19 20 12 13 11 -4 -9 21 -7 -8 15 17 26 -1 -18 -3 -5 -2 -13 -24 -14 -10 -16 -19 -23 -6
right_child=1 2 9 5 29 6 7 10 25 -11 -12 22 24 -15 16 -17 18 27 -20 -21 -22 28 23 -25 -26 -27 -28 -29 -30 -31
leaf_value=0.024552233534182524 -0.0077713731019408254 0.0067017107426281964 0.0066291033121000697 0.0059235717034577971 0.022771080481919143 0 -0.00018002034224432506 -0.02361049446567258 0 -0.021150087270775161 0.0030759321896936492 -0.0019160895638166611 0.023930258360916362 0.019271471976751442 2.5328052684426441e-05 -0.0041903461569811461 -0.0034787122776641271 -0.0045020419700387672 0.013605338695137057 -0.010357318606887534 0.029943711452233714 -0.0021196972986958509 -0.015218576797713934 0 0.0034882418956171668 -0.020132251269429913 -0.0079014287676290994 0.0083237474983862952 0.0088592491297972437 0.0015610695415349185
leaf_weight=16.929780105827376 12.493336789542807 8.6761861322447675 3.640476937871429 10.996867587789891 27.68901677057147 11.062191040255128 11.761425580363722 8.7492608148604614 2.1542357425205401 17.319690686650574 7.1685595549643031 22.070213357452303 32.136293884832412 12.008131507318465 31.632175262551755 21.333360980730504 5.6339805775787708 3.7488141753710797 23.018790251109749 9.4430480711162073 32.314098438015208 11.371654809685426 86.970605895738117 14.424007021356372 10.047050825785844 80.20744987949729 36.899541343329474 28.459457861725241 19.089102257974446 7.1129904971458009
leaf_count=326 792 186 97 114 325 283 147 115 151 1290 129 861 357 141 944 626 133 150 539 396 303 785 8868 1356 220 8122 1170 915 1118 167
internal_value=0.000173018 -0.0088029 0.00402731 0.00976968 0.012746 0.0163094 0.0103299 0.000243263 -0.0127164 -0.0149964 -0.0128996 -0.00867739 0.0166401 0.0107105 0.00393138 0.00871415 0 0.0146164 0.00950398 -0.00151717 0.0258147 0 -0.0116856 -0.0133535 0.020621 -0.0194512 -0.00419975 0.00570406 0.00440057 0.0199158
internal_weight=626.562 322.662 73.8814 303.9 52.9212 136.244 92.9329 39.6874 248.781 20.9602 15.9178 166.419 53.2455 23.7696 167.656 70.4714 97.1845 49.1381 28.6528 18.1192 43.311 42.9541 123.465 101.395 42.1833 82.3617 68.5317 32.2083 30.4608 34.802
internal_count=31126 24514 2461 6612 1074 1809 1392 532 22053 1387 244 13780 860 288 4803 2017 2786 1391 672 582 417 2695 11085 10224 577 8273 2114 1065 1903 492
is_linear=0
shrinkage=0.05


Tree=18
num_leaves=31
num_cat=0
split_feature=16 31 31 41 26 33 5 37 19 39 31 31 9 26 39 37 37 26 4 37 29 18 26 9 36 4 39 41 41 14
split_gain=16.7899 6.52408 4.5552 3.3103 2.76736 2.7113 2.43089 2.34178 2.14992 1.82367 1.97262 1.43373 1.301 1.41231 1.25238 1.21339 1.16412 1.12701 1.11026 0.937475 0.931407 0.820602 0.712061 0.710684 0.760024 0.700784 0.63373 0.621643 0.561248 0.528067
threshold=-0.25666666030883784 0.42333334684371954 -0.4433333277702331 0.044630834832787521 0.32999998331069952 0.31666666269302374 0.24333333969116214 -0.054805755615234368 0.37000000476837164 0.023099512793123726 0.11000001430511476 -0.41666667163372034 -0.036666661500930779 0.069999992847442641 0.024349682964384559 0.051035404205322273 0.019855022430419925 -0.16333332657814023 -0.13666665554046628 0.011377334594726564 0.36333334445953375 -0.45666666328907007 0.37666666507720953 0.40333333611488348 -0.20333333313465116 0.34333333373069769 0.020951161161065105 0.031793767586350448 0.039930792525410659 -0.15666666626930234
decision_type=2 2 2 2 2 2 2 2 2 2 2 2 2 2 2 2 2 2 2 2 2 2 2 2 2 2 2 2 2 2
left_child=2 7 5 17 12 -1 -7 14 16 10 11 -6 19 26 22 20 -5 -3 -15 28 -11 -9 -2 24 -13 29 -14 -19 -4 -16
right_child=1 3 4 8 9 6 -8 21 -10 15 -12 23 13 18 25 -17 -18 27 -20 -21 -22 -23 -24 -25 -26 -27 -28 -29 -30 -31
leaf_value=0.027260574154011487 -0.011716549045706296 0.0033248967587212064 0.0046219586075714946 0.021250651324912832 -0.0015863587599630226 -0.0074563713943684336 0.015976932110762079 0.0034345927066579277 -0.0052062726862538511 0.0021249501701694892 -0.0052752738402906674 0.00070795779906413512 -0.00038551176369939198 0.012353564058726429 0 0.012434888043043714 0 0 -0.0030928018163855083 0.011415347873897752 -0.012323865803360423 -0.014793790455662073 0.0037001862514072234 0 0.022117884846623772 -0.0062377183866076614 -0.015684056400928476 -0.018333269083574768 -0.0078724087797268499 0.014481554809219583
leaf_weight=39.920199566520751 20.276361265452582 11.023503116099166 11.678463203366848 29.702541475184262 6.4674533996731034 13.763849297538398 18.298279601614922 2.0061123515479258 8.3462193186860514 19.653574754251171 7.1939658937044433 7.5275287777185431 14.137671397533266 10.524956388166173 4.9963983483612582 10.146818471141158 5.6247109442483625 7.6497927152086076 30.399836516240612 24.45499103772454 12.231416345108299 183.45356760860886 4.2358526240568599 6.7773552821017793 53.490876012481749 1.9972053254023183 20.972125940490514 11.551919518969951 10.948852519970385 12.894818815635517
leaf_count=411 1746 299 417 439 65 171 291 79 340 412 192 133 696 266 204 157 243 431 890 758 189 17990 145 118 895 145 988 679 444 862
internal_value=0.000448245 -0.00784133 0.00842784 0.00456751 0.00482142 0.019141 0.00567087 -0.0119514 0.0128692 0.00993301 0.0140709 0.0165107 -0.000335323 -0.00443997 -0.000865513 0.000637388 0.0178804 -0.00688244 0.00141854 0.00557502 -0.00383183 -0.0143646 -0.00802937 0.0185645 0.0201495 0.00681275 -0.0110873 -0.0131308 -0.000933345 0.0105167
internal_weight=622.347 303.759 318.588 73.8987 246.606 71.9823 32.0621 229.86 43.6735 123.489 81.4572 74.2632 123.117 76.0346 44.4006 42.0318 35.3273 30.2252 40.9248 47.0823 31.885 185.46 24.5122 67.7958 61.0184 19.8884 35.1098 19.2017 22.6273 17.8912
internal_count=31095 23602 7493 2431 6620 873 462 21171 1022 2161 1403 1211 4459 2840 3102 758 682 1409 1156 1619 601 18069 1891 1146 1028 1211 1684 1110 861 1066
is_linear=0
shrinkage=0.05


Tree=19
num_leaves=31
num_cat=0
split_feature=16 38 31 31 37 27 41 5 38 37 13 19 31 13 38 38 37 38 26 31 8 26 13 38 36 41 4 26 17 26
split_gain=15.0974 4.91498 4.80779 3.60435 3.17517 2.25087 2.21821 1.89349 1.50378 1.65522 1.41102 1.22153 1.1931 1.18326 1.12902 1.29246 1.07463 0.971084 0.769938 0.848343 0.714496 0.567237 0.547201 0.698146 0.604541 0.532217 0.556522 0.516898 0.508169 0.500918
threshold=-0.28333333134651179 -0.022851467132568356 0.41666668653488165 -0.4433333277702331 -0.054805755615234368 -0.15000000596046445 0.044630834832787521 -0.32333332300186152 -0.063383102416992174 -0.054805755615234368 0.14999997615814212 -0.083333343267440782 0.096666663885116591 0.36333334445953375 -0.013042449951171873 -0.063846588134765611 -0.033957481384277337 0.13006353378295901 0.33666664361953741 -0.41666667163372034 -0.096666663885116563 0.43000000715255743 -0.21666666865348813 -0.092090606689453111 0.12333333492279054 0.031793767586350448 -0.37666666507720942 0.27666664123535162 -0.36333334445953364 0.043333351612091071
decision_type=2 2 2 2 2 2 2 2 2 2 2 2 2 2 2 2 2 2 2 2 2 2 2 2 2 2 2 2 2 2
left_child=3 2 10 7 -3 8 16 -1 22 -10 25 21 18 -8 15 -9 -4 20 27 -20 -7 -6 23 24 -5 -2 -27 -11 -22 -18
right_child=1 4 6 5 11 17 13 14 9 12 -12 -13 -14 -15 -16 -17 29 -19 19 -21 28 -23 -24 -25 -26 26 -28 -29 -30 -31
leaf_value=-0.00072987373832825468 0.0036258881061344318 0.0051919425296144076 -0.013021146014832567 -0.00095831150184256359 -0.0094812324329930937 0.00054549443886687588 0.020799992873498888 0.017337721897563309 -0.0064884871022311804 0.0075896850778133075 -0.014961056844595019 -0.01956925549826841 -0.003561989977945441 0 0.027028867946679126 -4.2894091351054162e-05 0.01250295224113508 0.0076303166391369498 0 0.016836412075467481 0 0.0024168969425291758 -0.010696250401203811 -0.0081066066399837038 0.011639494162013148 0.0052673419385199233 -0.0069835587539224392 -0.0028713868381386176 -0.014836424571675872 -0.0026707178284190781
leaf_weight=9.7680036844685656 17.844327138504013 15.277058240957556 7.7142335891257998 11.464992322959008 45.641498754732311 13.451201774878426 27.879968130029738 15.112192024011163 9.5981377679854614 36.99888867023401 34.221394087420776 94.980198400327936 8.2328635735902918 6.7699445742182425 31.64991911733523 16.017279105726633 5.1041455147787911 6.8802007266785941 7.4321733675897113 69.880897598806769 9.9705592386890185 5.9792677622754118 6.1503464789129785 6.396305778995159 12.34396757557988 4.3330478558782479 45.346151449717581 8.5890425532124919 20.378902224358175 3.2999037229456007
leaf_count=131 1256 812 247 299 3800 522 364 198 203 907 3557 9691 244 167 343 174 142 240 67 1083 374 169 169 133 262 309 3801 192 1140 180
internal_value=-0.000164047 -0.00778956 -0.00106866 0.00773346 -0.0137082 0.00426774 0.0105702 0.0171389 0.00693565 0.00922436 -0.00737342 -0.0159683 0.0107903 0.0169651 0.0201038 0.00915965 -0.00291966 -0.00436071 0.0120667 0.0152552 -0.00743864 -0.00756103 -0.00138535 0.00127842 0.00576262 -0.00228083 -0.00501356 0.00502942 -0.011171 0.00617862
internal_weight=614.707 314.391 152.513 300.316 161.878 227.768 50.7682 72.5474 177.088 140.732 101.745 146.601 131.134 34.6499 62.7794 31.1295 16.1183 50.6809 122.901 77.3131 43.8007 51.6208 36.3556 30.2053 23.809 67.5235 49.6792 45.5879 30.3495 8.40405
internal_count=31176 24495 10023 6681 14472 5835 1100 846 3559 2696 8923 13660 2493 531 715 372 569 2276 2249 1150 2036 3969 863 694 561 5366 4110 1099 1514 322
is_linear=0
shrinkage=0.05


Tree=20
num_leaves=31
num_cat=0
split_feature=16 38 31 19 39 38 39 26 41 31 38 39 10 13 31 9 39 5 27 33 38 13 11 38 17 27 27 41 10 5
split_gain=13.8845 4.9417 4.28771 3.80092 1.95502 3.03701 2.2019 1.67541 1.62838 1.50964 1.85693 1.32689 1.31368 1.24273 1.09145 1.01465 1.352 1.0228 1.00842 0.910951 0.791371 0.789175 0.778399 0.777873 0.852609 0.64618 0.602323 0.65402 0.585743 0.56416
threshold=-0.2766666561365127 -0.022851467132568356 0.42333334684371954 -0.46999999880790705 0.029205097816884521 -0.029649734497070309 0.022081154398620132 0.33666664361953741 0.044630834832787521 0.096666663885116591 -0.063383102416992174 0.023099512793123726 -0.096666663885116563 0.14999997615814212 -0.41666667163372034 -0.023333340883255001 0.02058355696499348 -0.030000001192092892 0.33666664361953741 0.35000002384185797 -0.054368019104003899 0.34333333373069769 -0.31666666269302363 -0.17008543014526364 -0.4433333277702331 -0.049999997019767754 -0.4433333277702331 0.079768318682909026 0.030000001192092899 -0.12999999523162839
decision_type=2 2 2 2 2 2 2 2 2 2 2 2 2 2 2 2 2 2 2 2 2 2 2 2 2 2 2 2 2 2
left_child=3 2 13 4 5 6 -1 15 18 10 -9 26 -13 29 -12 17 -17 -5 -4 -7 -19 25 -16 -18 -25 -10 -3 -28 -22 -2
right_child=1 11 8 7 -6 19 -8 9 21 -11 14 12 -14 -15 22 16 23 20 -20 -21 28 -23 -24 24 -26 -27 27 -29 -30 -31
leaf_value=-0.011002369269804356 0.0023385926075120893 0 -0.010134056441999512 -0.0022055299953915564 -0.0012342030894468331 0.027866322896319285 0.014069510789513368 -0.0020333250437531343 0.0018795789114510631 -0.0069064012812413977 -0.0016567035289533592 0.0020699554853666532 -0.012222313619819423 -0.014363063644164887 0.0057315155139729627 0.0029384115231870581 0.0035745639536675679 -0.0032059315366382785 0.0092539334619087463 0.0051902378663370805 0.017624102528849866 0 0.0205698784893736 0.00059416642682676819 -0.015052339047881155 0.023259610145618004 -0.018578314783915237 0.0004827251162332017 0 -0.0059754696366970533
leaf_weight=11.042151450179519 27.307586531620473 3.9791049445047966 10.596009749919174 22.762626671232283 11.475435011088846 41.454655672423542 11.60531209874898 19.701241268776357 8.6702777203172463 9.2135004475712758 6.3383463881909838 23.615551407914609 27.066563528846018 33.77998746954836 26.483059866353869 29.29286868381314 4.1565042370930305 3.462337980046871 4.6375677902251473 11.612981515005229 15.985391659662129 8.9744320781901461 35.41557216597721 6.889085268136113 31.689828954869881 17.952899877913296 99.093929443741217 1.7395175015553821 5.3101014345884314 39.190151958959177
leaf_count=131 2220 199 429 763 116 348 123 387 145 259 81 1988 2285 3568 443 1060 182 145 94 110 461 197 625 156 1298 167 9619 198 165 3123
internal_value=-0.000420499 -0.00788928 -0.00115968 0.00704113 0.0155856 0.0183442 0.00122852 0.00316368 0.00978874 0.00785561 0.0100107 -0.0139882 -0.00560754 -0.00718403 0.0137081 -0.00064331 -0.00441701 0.00446343 -0.0021073 0.0243586 0.0106419 0.0150502 0.015657 -0.00971279 -0.0119936 0.0186894 -0.017292 -0.0180068 0.0140191 -0.00230544
internal_weight=610.495 306.604 151.109 303.891 87.1905 75.7151 22.6475 216.7 50.8312 97.1517 87.9382 155.495 50.6821 100.278 68.237 119.549 72.0283 47.5205 15.2336 53.0676 24.7578 35.5976 61.8986 42.7354 38.5789 26.6232 104.813 100.833 21.2955 66.4977
internal_count=31085 24232 9943 6853 828 712 254 6025 1032 1795 1536 14289 4273 8911 1149 4230 2696 1534 523 458 771 509 1068 1636 1454 312 10016 9817 626 5343
is_linear=0
shrinkage=0.05


Tree=21
num_leaves=31
num_cat=0
split_feature=16 31 17 38 28 13 12 27 37 27 37 7 38 38 38 39 11 36 32 39 31 0 36 37 16 38 8 39 27 39
split_gain=15.2714 4.26402 3.80463 2.91298 2.02516 1.99132 1.85955 1.76396 1.68483 1.61625 1.61539 1.20233 1.19024 1.15437 1.10009 0.991683 1.47844 1.40218 1.31908 1.55605 0.981838 0.695785 0.626022 0.614481 0.582602 0.571388 0.579316 0.536113 0.528493 0.72127
threshold=-0.28333333134651179 0.42333334684371954 -0.46999999880790705 -0.022441387176513668 0.38833332061767584 0.069999992847442641 0.43000000715255743 -0.016666665673255917 -0.040172100067138665 -0.063333332538604722 -0.047028064727783196 -0.10333332419395445 0.074303150177001967 -0.028223037719726559 0.065794467926025405 0.024153697304427627 -0.28333333134651179 -0.083333343267440782 0.30333334207534796 0.026041304692626003 -0.016666665673255917 0.36833333969116216 0.18333333730697635 -0.009902000427246092 -0.41666667163372034 0.19940757751464847 -0.10999999940395354 0.016749243251979355 -0.4433333277702331 0.0300090815871954
decision_type=2 2 2 2 2 2 2 2 2 2 2 2 2 2 2 2 2 2 2 2 2 2 2 2 2 2 2 2 2 2
left_child=2 5 4 6 11 10 9 12 -5 -3 -2 -1 14 -6 15 16 22 -18 19 -17 -19 24 -4 -24 -14 26 -9 -28 -12 -30
right_child=1 3 7 8 13 -7 -8 25 -10 -11 28 -13 21 -15 -16 18 17 20 -20 -21 -22 -23 23 -25 -26 -27 27 -29 29 -31
leaf_value=0.014173657321886003 0.0022880559699605427 -0.00042338977935543867 0.0054128774392197534 0.0070120408001282915 0.0073288950308339892 -0.016048930911149267 -0.009885281792248346 0.001186919558982512 -0.017324184894058649 0.018075887397988762 0.00073610665152069182 -0.0031165260622268978 0.021993653975745472 0.029231066153193069 -0.010201994873574573 -0.0070916977813177962 -0.00080548732525902676 0.021394529340463226 -0.013775392809383002 0.011582803087986508 0 0 0.0020210628671399962 -0.011832379178608514 0.0050684170547983815 0.0070719574778000437 0.00071720518767481184 -0.012567451034195569 -0.011964894869816868 0
leaf_weight=10.990372736006977 36.148292524972931 12.972112981602548 30.95231451978907 4.8085245178081122 17.549434512853622 100.33425498218276 5.0116198989562681 11.637749704765154 16.201241872506216 32.311991597525775 6.8965043190401039 16.641425739042461 18.436437094118446 31.030205618590117 6.186628079507499 12.636995846405624 8.8284306833520514 28.389681942760941 8.6625393349677307 20.019706283695996 5.292632435681301 5.5612814207561305 9.4802482132799941 8.4415557901374978 18.390640555648133 3.1108900334220371 4.9463014868088093 22.209847495192662 77.26445239642635 14.125690182670949
leaf_count=140 2146 382 711 137 193 10797 197 421 1301 454 224 214 251 244 129 330 244 594 213 438 155 111 197 159 469 73 248 1107 7597 1199
internal_value=0.000284724 -0.00745471 0.00826969 0.00280458 0.0176408 -0.0106668 0.00933708 0.00458256 -0.0105084 0.0128596 -0.0059578 0.00431892 0.00673624 0.0234524 0.00391672 0.00516801 0.00795394 0.0142065 -0.00069251 0.00373061 0.0182981 0.0138269 0.00110119 -0.00479025 0.0160195 -0.00388915 -0.00615576 -0.00970182 -0.00918738 -0.0101921
internal_weight=605.47 306.075 299.395 71.3055 76.2114 234.769 50.2957 223.184 21.0098 45.2841 134.435 27.6318 181.279 48.5796 138.891 132.704 91.3849 42.5107 41.3192 32.6567 33.6823 42.3884 48.8741 17.9218 36.8271 41.9048 38.7939 27.1561 98.2866 91.3901
internal_count=31075 24434 6641 2471 791 21963 1033 5850 1438 836 11166 354 4001 437 3170 3041 2060 993 981 768 749 831 1067 356 720 1849 1776 1355 9020 8796
is_linear=0
shrinkage=0.05


Tree=22
num_leaves=31
num_cat=0
split_feature=19 26 31 31 18 38 25 19 2 19 37 8 32 5 38 13 37 38 19 41 38 19 25 8 37 19 41 31 41 2
split_gain=11.2066 2.91429 4.49948 2.66171 2.33145 2.32463 2.2337 1.84462 1.53637 1.46019 1.34381 1.27221 1.25644 1.84284 2.08762 1.04396 0.908748 0.896041 0.831302 0.781825 0.773117 0.699196 0.607556 0.611448 0.587719 0.578318 0.56628 0.535284 0.504996 0.436419
threshold=-0.40333333611488337 0.37666666507720953 0.44333332777023321 -0.31666666269302363 0.056666672229766853 -0.020427703857421872 -0.28333333134651179 0.11000001430511476 -0.085000008344650255 0.32333332300186163 0.026123046875000003 0.01666665077209473 0.37000000476837164 0.2833333313465119 -0.038792133331298821 -0.21000000834465024 -0.054805755615234368 0.12839555740356448 -0.2766666561365127 0.043214606121182449 -0.092090606689453111 -0.29666668176650995 -0.030000001192092892 -0.096666663885116563 -0.17222404479980466 -0.12333333492279051 0.038634473457932479 0.35000002384185797 0.055189093574881561 0.096666663885116591
decision_type=2 2 2 2 2 2 2 2 2 2 2 2 2 2 2 2 2 2 2 2 2 2 2 2 2 2 2 2 2 2
left_child=3 2 4 6 21 9 8 15 -1 -4 19 -12 13 14 20 26 -7 -16 -17 -5 -8 22 23 -2 -6 -20 29 -23 -21 -3
right_child=1 7 5 10 24 16 12 -9 -10 -11 11 -13 -14 -15 17 18 -18 -19 25 28 -22 27 -24 -25 -26 -27 -28 -29 -30 -31
leaf_value=0.011585054032141879 0.00088890933650672343 0.011850818294049015 0.019494190519217157 0.00077364596840715037 0.0017328025532498176 0.0066345737959234742 0.0050177288128967559 -0.0082383307434279723 -0.010129371272767619 0 0.016786133860262495 -0.0025265748953706667 0.0004812334747521475 0.028370365802690329 0.018956235274465938 -0.00072394584051701464 -0.013897153157378855 0 0.019556343411994862 -0.016643543416441232 -0.010744889138067995 -0.0085718402115861226 0.0045403945439607737 -0.0099251402707778887 -0.015229663332914015 0.0016337051897017101 -0.0050064644922483597 0.0011294918993301714 0 -0.00051078666482848702
leaf_weight=8.0713135809637624 18.727967709768564 7.5409719422459585 21.918535861885175 17.555672383401543 1.3984690823126573 1.8916231570765365 9.9436475615948456 20.054591714171693 13.036390095017849 11.447906898334621 12.650941161904486 9.7118482594378275 14.556650174781678 31.61554022366181 38.909471694380045 6.2074945876374832 10.287225794512777 8.4911184348165971 19.634390416089445 9.8430206063203496 8.0156176052987558 91.909988880855963 26.358331762487069 18.022463476518169 112.06555635365658 10.87410012772307 18.004690492060035 9.9769880678504688 5.4022787287831298 6.8694445514120162
leaf_count=115 892 155 311 402 91 33 162 1466 196 338 233 179 176 352 457 117 803 103 335 238 123 9330 944 875 10911 468 439 628 151 137
internal_value=0 -0.00462197 -0.00682294 0.00991737 -0.00923163 0.00677896 0.013619 0.00303741 -0.000177431 0.0132959 0.000145363 0.00875725 0.0163184 0.0182864 0.011083 0.00703789 -0.00819571 0.0161323 0.0121745 -0.00552793 -0.00190304 -0.00491678 -0.000282537 -0.00447821 -0.0147348 0.0151713 0 -0.00738016 -0.0121303 0.00631531
internal_weight=600.994 413.191 324.005 187.804 278.46 45.5453 132.64 89.1857 21.1077 33.3664 55.1638 22.3628 111.532 96.9754 65.3599 69.1311 12.1788 47.4006 36.716 32.801 17.9593 164.996 63.1088 36.7504 113.464 30.5085 32.4151 101.887 15.2453 14.4104
internal_count=31160 28273 25156 2887 23671 1485 1684 3117 311 649 1203 412 1373 1197 845 1651 836 560 920 791 285 12669 2711 1767 11002 803 731 9958 389 292
is_linear=0
shrinkage=0.05


Tree=23
num_leaves=31
num_cat=0
split_feature=16 30 38 31 37 37 41 38 29 24 33 14 39 39 10 21 18 5 10 33 31 34 38 36 39 27 31 29 40 41
split_gain=10.5925 4.33078 4.24319 3.24822 2.30887 1.75365 1.57248 1.4373 1.48386 1.35633 1.2897 1.22724 1.36431 1.12869 1.18231 0.988489 0.896462 0.878946 0.848812 0.797416 0.805602 0.774545 0.75322 1.63688 1.40564 0.678594 0.610982 0.835184 0.58264 0.578259
threshold=-0.25666666030883784 0.42833334207534796 -0.022851467132568356 0.42333334684371954 -0.054805755615234368 -0.059377193450927727 0.039123736321926124 0.074303150177001967 0.43500000238418585 0.030000001192092899 0.29000002145767217 -0.45666666328907007 0.017265589907765392 0.029205097816884521 -0.036666661500930779 0.20333331823349002 -0.37666666507720942 0.23000001907348636 -0.036666661500930779 -0.096666663885116563 -0.049999997019767754 -0.098333328962326036 -0.037229537963867181 0.41666668653488165 0.01946812774986029 -0.15000000596046445 -0.26999998092651362 0.31666666269302374 0.050000000745058067 0.027909389697015289
decision_type=2 2 2 2 2 2 2 2 2 2 2 2 2 2 2 2 2 2 2 2 2 2 2 2 2 2 2 2 2 2
left_child=1 7 3 17 -4 -3 -5 8 11 18 -8 -1 19 16 -15 25 -6 29 -9 -13 -21 -17 24 -24 -7 26 -14 -28 -18 -2
right_child=2 5 4 6 13 22 10 9 -10 -11 -12 12 15 14 -16 21 28 -19 -20 20 -22 -23 23 -25 -26 -27 27 -29 -30 -31
leaf_value=0.0095624408776404587 0.0052869176979904939 -0.003215081937453785 0.004203719478611475 -0.0038434239045017069 0 -0.0065154135351831724 0.017512981573172725 -0.0095568152752606647 -0.017155363986553589 0.015111272567833307 -0.0017538994108911993 -0.0033159620957595535 0.010125857937986728 0.0093270680235566974 -0.011567865954724123 -0.016690133443375728 0 -0.014054575191647807 0.0060257432044176331 0.013717223077898012 -0.003113572665661337 0 0.022688801955115592 0 0.012825732114135169 -0.007615734593879789 0.0031755599189629614 -0.012677713885580711 -0.018210920271524104 -0.0046887778507640763
leaf_weight=25.942453913856298 11.192448060493914 8.4955204916186613 13.351227932609616 12.420391438994555 5.4520998524967572 8.452177091501655 30.898533655097708 8.6534670386463421 6.4647348024882367 27.647523392224684 7.1034374581649891 9.5184608821291459 12.327132799196987 7.7091848545242101 7.1759824091568571 17.497579342219982 7.4211472554597995 21.327193074161187 15.583497520303352 21.818412475753576 4.0654224285390255 11.477514980826525 55.445055929943919 10.589229424716903 19.035325613804162 16.842399119865149 22.398730196990076 5.3627614080905905 103.91512720775791 59.89095170609653
leaf_count=400 857 187 754 451 344 119 412 224 177 740 175 333 286 748 675 606 758 2121 397 639 164 389 618 178 250 948 672 145 10632 5696
internal_value=-2.40456e-05 0.00632585 -0.0068855 -0.000501913 -0.0127374 0.0144771 0.00890469 0.00186729 -0.00049059 0.00861151 0.0135953 0.000720923 -0.00133507 -0.0147451 0 -0.00482839 -0.0163326 -0.0061185 0 0.00600917 0.0102012 -0.0114797 0.0164324 0.0195525 0.00603014 -0.0002742 0.00285767 -0.000855175 -0.0172699 -0.00250447
internal_weight=595.475 307.617 287.858 142.833 145.025 102.017 50.4224 205.6 153.716 51.8845 38.002 147.251 121.308 131.674 14.8852 85.9061 116.788 92.4106 24.237 35.4023 25.8838 28.9751 93.5218 66.0343 27.4875 56.931 40.0886 27.7615 111.336 71.0834
internal_count=31095 7472 23623 9712 13911 1352 1038 6120 4759 1361 587 4582 4182 13157 1423 3046 11734 8674 621 1136 803 995 1165 796 369 2051 1103 817 11390 6553
is_linear=0
shrinkage=0.05


Tree=24
num_leaves=31
num_cat=0
split_feature=16 31 19 38 39 31 23 25 19 26 39 20 37 38 28 9 16 37 24 39 4 9 39 31 20 37 39 26 36 27
split_gain=9.47032 2.66297 3.65155 2.52066 2.0082 1.76779 1.71062 1.62151 1.52497 1.45061 1.36522 1.22521 1.11817 1.11128 1.43988 1.62573 1.16966 1.16957 1.43441 0.993367 0.862582 0.93238 0.854897 0.808984 0.780097 0.769444 0.741472 0.713438 0.609962 0.598725
threshold=-0.3899999856948852 0.42333334684371954 -0.036666661500930779 -0.022441387176513668 0.029205097816884521 -0.25666666030883784 0.47666668891906744 -0.37666666507720942 0.32333332300186163 0.35666668415069586 0.029205097816884521 -0.10999999940395354 -0.040172100067138665 -0.037229537963867181 0.40833336114883428 0.38333332538604742 -0.43000000715255732 -0.016572475433349606 1.0000000180025095e-35 0.025791112333536152 -0.17000000178813932 0.056666672229766853 0.020484371110796932 -0.29000000655651087 0.29500001668930059 0.04525041580200196 0.038017518818378455 0.48333334922790533 0.33666664361953741 -0.056666672229766839
decision_type=2 2 2 2 2 2 2 2 2 2 2 2 2 2 2 2 2 2 2 2 2 2 2 2 2 2 2 2 2 2
left_child=4 2 9 8 5 6 7 -1 19 10 23 -6 -5 17 15 16 -15 18 -9 29 -12 -22 24 -2 -11 27 -4 -7 -13 -3
right_child=1 3 26 12 11 25 -8 13 -10 22 20 28 -14 14 -16 -17 -18 -19 -20 -21 21 -23 -24 -25 -26 -27 -28 -29 -30 -31
leaf_value=-0.0013065612795497056 0.001407579368384532 0.0011703372909903876 -0.013195684047666087 0.0053846194574403983 -0.012538812103789541 -0.0096267348641564891 -0.00145963374851334 -0.0027676310437487746 -0.0013302131800900169 0.014311477955762554 -0.0054001253869672096 -0.0020789481170058553 -0.014386536211604878 0.019130813726406529 0.028922102226009584 -0.0062361564451589406 0 -0.0029626998763636766 0.019274967795914671 0 0.016927816389343764 -0.0016665265072043794 -0.00032030590726378705 -0.0084634516780936649 -0.0020675961620044581 0.010258309166855752 5.4101749964219364e-05 0.0044680759738968028 0.012105544907123305 0.022290177061547341
leaf_weight=10.094290236476807 19.15873975190334 7.6056701387278762 122.55135142570361 4.7067219493910697 11.010896143503489 16.109151559416212 13.365349033847449 6.458434644155207 16.117179985623807 21.04747191187926 6.1643887290265438 8.5133239901624638 15.362203739583491 32.72007713094353 31.979002509731799 5.7769172028638414 12.111543095670646 13.606990519445388 15.701515072025357 7.2235052972100666 11.199884559726344 5.8732792956288895 29.557272807694972 92.128061928087845 4.7318093026988199 7.1613658114802083 7.3878456561360499 7.6874135974794617 7.8175375731661907 21.117447594180703
leaf_count=145 1120 176 13465 134 192 422 172 156 504 526 402 177 1324 462 343 104 313 240 259 129 650 330 687 7208 115 161 819 121 106 226
internal_value=0.000435954 -0.00403068 -0.00600521 0.00419231 0.00916805 0.0111363 0.0134123 0.0151418 0.00994136 -0.00133206 -0.00419436 -0.00228542 -0.00861856 0.016741 0.0201055 0.0116178 0.0148748 0.00660154 0.0127421 0.0150585 0.00532466 0.0106777 0.00494829 -0.00656586 0.0106957 0 -0.0122893 -0.00425158 0.0050198 0.0185863
internal_weight=592.047 391.933 319.8 72.1327 200.114 172.772 141.814 128.449 52.0638 189.861 134.524 27.3418 20.0689 118.354 82.5875 50.6085 44.8316 35.7669 22.1599 35.9466 23.2376 17.0732 55.3366 111.287 25.7793 30.9579 129.939 23.7966 16.3309 28.7231
internal_count=31188 27815 25322 2493 3373 2898 2194 2022 1035 11038 9710 475 1458 1877 1222 879 775 655 415 531 1382 980 1328 8328 641 704 14284 543 283 402
is_linear=0
shrinkage=0.05


Tree=25
num_leaves=31
num_cat=0
split_feature=16 38 38 27 3 3 14 12 39 33 30 38 38 39 6 39 15 34 36 38 38 38 10 32 19 21 24 30 27 27
split_gain=8.53351 2.69364 2.08555 2.35367 2.09402 2.26749 1.78222 1.64463 1.56794 1.56183 1.52133 1.47008 1.50499 2.19179 1.45205 1.24151 1.2301 1.06578 1.0386 0.929458 1.48575 0.837317 0.821788 0.890154 0.738678 0.728113 0.653784 0.635038 0.596416 0.6005
threshold=-0.2766666561365127 0.074303150177001967 0.074303150177001967 -0.17000000178813932 -0.28333333134651179 0.31666666269302374 -0.36333334445953364 0.43000000715255743 0.024153697304427627 0.29000002145767217 0.44833332300186163 0.065794467926025405 -0.022441387176513668 0.018965492025017742 -0.16333332657814023 0.017190226353704933 0.31666666269302374 -0.069999992847442613 0.2833333313465119 0.029561042785644535 0.03821611404418946 -0.13845634460449216 0.23000001907348636 0.20999997854232791 -0.37666666507720942 -0.31666666269302363 0.096666663885116591 0.44333332777023321 -0.36333334445953364 0.36333334445953375
decision_type=2 2 2 2 2 2 2 2 2 2 2 2 2 2 2 2 2 2 2 2 2 2 2 2 2 2 2 2 2 2
left_child=2 7 3 4 -1 9 25 8 11 18 -7 12 13 14 -2 -5 26 -18 22 -14 -21 -15 23 -6 -3 -4 -10 -11 -23 -30
right_child=1 24 6 15 5 10 -8 -9 16 27 -12 -13 19 21 -16 -17 17 -19 -20 20 -22 28 -24 -25 -26 -27 -28 -29 29 -31
leaf_value=0.018806809901534906 0.016401434742270873 0 0 0.0053524048020825651 0 0 -0.00011465742154134864 -0.01573931536346742 0.003169309828437094 0 0.019455746498684701 0.013194782708052841 -0.017282612807501214 0.0001692214957458961 -0.0021481362945636427 -0.010026530152431455 -0.0017491692106867682 0.01873707387840489 0.014900163789387237 0.0107520578932035 -0.010552997505256458 0.00046165611418283426 -0.0076023018927796606 0.013633918992675981 -0.017702315259901107 0.018806602567940606 -0.006257045129806663 -0.015104888112448811 -0.017527091345046607 0
leaf_weight=21.208610253874213 15.339534935774283 3.6039523910731068 6.3592840130440882 11.78031352884136 43.89032418304123 18.056508775800467 16.708034281851724 20.470111813396215 40.765972716268152 9.8368977452628332 22.705567640718073 3.7273738509975365 33.893490575952455 15.535292699234558 14.476219098549334 39.020623272517696 5.1290238704532412 12.489276561420409 8.291714955121277 6.798877504887062 15.302597639616577 4.0185241871513453 18.415646801237017 9.4330492303706688 48.710066293366253 47.615649065934122 23.814026613021269 15.793338813818989 21.802687106654052 6.0022152282763264
leaf_count=354 934 141 110 498 1121 370 628 1734 2957 213 284 449 3281 905 1296 1682 401 718 104 716 1557 146 362 169 5103 741 1793 201 1776 317
internal_value=-0.00035318 -0.00635941 0.00563177 0.00289909 0.00579896 0.00308468 0.012863 -0.00376615 -0.00214671 -0.000712 0.0122894 -0.00540146 -0.00664802 -0.00148538 0.00784608 -0.00583147 0.00298913 0.0127854 0.00258857 -0.0125277 -0.00221312 -0.0080504 0 0.00329319 -0.0161968 0.0169067 -0.00018889 -0.0103445 -0.0121143 -0.0144307
internal_weight=580.995 291.879 289.116 218.433 167.632 146.423 70.683 239.565 219.095 105.661 40.7621 136.897 133.169 77.1745 29.8158 50.8009 82.1983 17.6183 80.0307 55.995 22.1015 47.3587 71.739 53.3234 52.314 53.9749 64.58 25.6302 31.8234 27.8049
internal_count=31061 24224 6837 5358 3178 2824 1479 18980 17246 2170 654 11377 10928 5374 2230 2180 5869 1119 1756 5554 2273 3144 1652 1290 5244 851 4750 414 2239 2093
is_linear=0
shrinkage=0.05


Tree=26
num_leaves=31
num_cat=0
split_feature=16 30 31 38 4 21 21 38 37 38 18 15 31 17 41 28 30 13 14 31 13 11 18 13 1 23 38 16 17 37
split_gain=8.02417 3.83381 3.23206 1.95525 1.75863 1.61992 1.41072 1.34045 1.30159 1.29575 1.1703 1.0372 0.999375 0.94648 1.11678 1.45008 1.03525 0.867387 0.866675 0.868223 0.764924 0.703368 0.670066 0.825131 0.64251 0.64036 0.593554 0.579917 0.563371 0.520332
threshold=-0.2766666561365127 0.42833334207534796 0.42333334684371954 0.0089869499206542986 0.41000002622604376 0.46999999880790716 -0.30333334207534784 -0.054368019104003899 -0.053801536560058587 -0.092090606689453111 0.26999998092651373 0.11000001430511476 0.096666663885116591 -0.096666663885116563 0.042340705171227462 0.24833333492279056 0.26333332061767584 -0.22999998927116391 0.26333332061767584 0.47666668891906744 0.056666672229766853 -0.32333332300186152 -0.48333333432674402 -0.4433333277702331 -0.12333333492279051 0.2833333313465119 0.029561042785644535 -0.25666666030883784 -0.45666666328907007 -0.033957481384277337
decision_type=2 2 2 2 2 2 2 2 2 2 2 2 2 2 2 2 2 2 2 2 2 2 2 2 2 2 2 2 2 2
left_child=1 7 8 10 5 6 -3 9 20 17 11 -4 13 14 21 -16 -15 -1 -12 -20 -2 -9 -6 -24 -13 -17 -23 -10 -29 -5
right_child=2 4 3 29 22 -7 -8 12 27 -11 18 24 -14 16 15 25 -18 -19 19 -21 -22 26 23 -25 -26 -27 -28 28 -30 -31
leaf_value=0.0044853407399730516 0.0039144926965538592 7.0977611286038438e-05 -8.611728392148405e-05 0.0019956961042698262 0.0088445624251851773 0 0.022257250754057017 0.011530494569895529 0 -0.016091599209532768 0.011679116405348123 0.023665172222928771 -0.0081202420771923304 0 0.0042756082713953907 -0.015503570336974352 0.019730724760831229 -0.011624653456848386 -0.013026007747319952 0.0031187488849088729 -0.0079221228019986708 0.0069725350269076976 -0.016406500124250569 0.0021343784525011829 0.0032746997083908666 0 -0.0051488766799423977 0.0028074531462101617 -0.011445182750105287 -0.014127013447691085
leaf_weight=27.463409709278491 28.763998115900904 10.681969218421726 8.0180331077426654 1.7781500690616674 5.1732121147215393 12.519014027900992 57.993092393735424 31.321898265276101 8.4075379306450468 12.015855361707507 4.0065474947914508 12.830453955102712 8.7641101917251927 12.614871905883776 27.847817685222253 14.578723447164522 14.944720528787 5.0649948073551085 10.643169595394285 9.2724041810724867 16.039650513557717 13.203586484305566 4.4195777745917448 7.0125807290896747 11.813810739200562 7.7184506542980662 14.761146592209114 2.1316603615414342 167.3738429392688 10.960402017226439
leaf_count=809 1623 150 147 80 54 118 667 698 536 405 85 175 301 519 802 338 432 239 379 313 1730 388 55 241 216 160 430 129 17836 1052
internal_value=0.000116419 0.00601581 -0.00562344 0.00333737 0.0137862 0.0166336 0.0194241 0.00159574 -0.00853627 -0.00531091 0.00759707 0.0130037 0.00399774 0.00525603 0.00255028 -0.00245717 0.0128781 0 -7.67201e-05 -0.0055628 -0.000266071 0.00700513 0 -0.00677914 0.0172613 -0.0108731 5.89169e-05 -0.0104064 -0.0110336 -0.0106239
internal_weight=580.139 288.099 292.04 69.323 97.7994 81.1941 68.6751 190.3 222.717 44.5443 56.5844 32.6623 145.755 136.991 109.432 50.145 27.5596 32.5284 23.9221 19.9156 44.8036 59.2866 16.6054 11.4322 24.6443 22.2972 27.9647 177.913 169.506 12.7386
internal_count=31107 6806 24301 2447 1285 935 817 5521 21854 1453 1315 538 4068 3767 2816 1300 951 1048 777 692 3353 1516 350 296 391 498 818 18501 17965 1132
is_linear=0
shrinkage=0.05


Tree=27
num_leaves=31
num_cat=0
split_feature=14 27 31 19 32 38 27 22 38 14 13 26 38 38 18 41 41 37 32 13 31 37 0 30 36 1 23 3 37 31
split_gain=8.27674 2.2816 2.35749 1.52917 1.49864 1.94646 1.2028 1.34094 1.04837 1.02647 1.1119 0.970448 0.809116 0.768949 0.76187 0.732218 0.793908 0.768228 0.700068 0.627501 0.591938 0.576292 0.560199 0.544887 0.534892 0.520627 0.738947 0.672925 0.462094 0.437253
threshold=-0.45666666328907007 -0.236666664481163 0.44333332777023321 -0.076666668057441698 0.37000000476837164 0.11019897460937501 -0.056666672229766839 0.29666668176651007 0.0089869499206542986 -0.24333333969116208 -0.31000000238418574 0.41666668653488165 0.23526144027709964 -0.022851467132568356 -0.36333334445953364 0.046853924170136459 0.033665612339973457 0.042311668395996101 -0.036666661500930779 0.36333334445953375 -0.25666666030883784 -0.15638160705566403 0.34333333373069769 -0.29000000655651087 0.25666666030883795 -0.090000003576278673 0.2833333313465119 0.083333313465118422 -0.053801536560058587 0.056666672229766853
decision_type=2 2 2 2 2 2 2 2 2 2 2 2 2 2 2 2 2 2 2 2 2 2 2 2 2 2 2 2 2 2
left_child=4 9 3 12 5 15 -4 8 19 10 13 23 14 18 20 16 -1 24 -2 -8 -3 -5 29 -11 -17 -15 27 -27 -16 -12
right_child=1 2 6 21 -6 -7 7 -9 -10 11 22 -13 -14 25 28 17 -18 -19 -20 -21 -22 -23 -24 -25 -26 26 -28 -29 -30 -31
leaf_value=0.0080860352310099682 0.0022169034306561519 0.0057061283188417009 -0.0086905080586704778 0.0016525923262558505 -0.0020934142434569066 -0.00099567706224273065 0.020405551904592516 -0.0077204437575834547 -0.0035134030261310687 0.0021552681541734445 0.015722760561901885 0.0029365455521371481 0.0098148975002221531 0.010797764199958513 0 -0.0065186251417242175 0.025786756964139242 0.014880983795680048 -0.01140136450490265 0.00066865055474828064 -0.0049072637132546405 -0.011907332660796846 -0.00094400395191627346 -0.009520410908263199 0.0070889072796213055 0.0017732923292010717 0.0083775760424137178 -0.013091967719655441 -0.0086262482867031139 0
leaf_weight=22.814778857864439 10.013078811578454 24.346117434091866 6.5979745869990429 3.5032323875930151 11.785048492252825 14.2405674662441 17.677938884589828 4.4054513832088551 3.8817639073822638 6.3455810700543216 24.972792206797752 35.058251553447917 4.7027022438123813 13.498762901872395 16.368459013523534 10.443849305156624 33.030963337048888 7.9231789633631697 14.200924207456408 8.6572957159951311 15.905948130181057 122.90301105030812 3.7200647373683742 37.265305924694985 6.7056357292458406 8.9122719939332509 9.6824475750327093 7.8981288324575862 64.038221332244575 6.3008373109623781
leaf_count=245 273 822 319 227 149 154 229 209 349 534 644 1551 194 291 988 172 344 84 327 216 766 13177 102 2611 82 225 172 182 5255 193
internal_value=0 -0.00290397 -0.00559249 -0.00743117 0.0121491 0.0141796 0.00462567 0.00868753 0.0126527 0.00142662 0.00477224 -0.00253606 -0.00301708 0.000236381 -0.00415585 0.0170223 0.0204457 0.0061169 -0.00562053 0.0160185 0.000879108 -0.0112849 0.011232 -0.00726243 0 0.00459679 0 -0.00572151 -0.00685172 0.0132699
internal_weight=577.801 470.857 292.988 251.768 106.944 95.159 41.2204 34.6224 30.217 177.868 99.1993 78.6691 125.361 64.2056 120.659 80.9184 55.8457 25.0727 24.214 26.3352 40.2521 126.406 34.9937 43.6109 17.1495 39.9916 26.4928 16.8104 80.4067 31.2736
internal_count=31086 29856 22751 21429 1230 1081 1322 1003 794 7105 2409 4696 8025 1470 7831 927 589 338 600 445 1588 13404 939 3145 254 870 579 407 6243 837
is_linear=0
shrinkage=0.05


Tree=28
num_leaves=31
num_cat=0
split_feature=16 17 31 19 38 27 6 31 37 40 24 7 9 9 31 36 30 38 31 39 39 41 1 0 19 39 0 40 41 28
split_gain=7.07675 2.13575 2.21468 2.47417 2.09977 1.72814 1.47599 1.42868 1.39168 2.24645 1.87449 1.86405 1.48557 1.37848 0.908076 0.882197 0.878718 0.82008 0.735718 0.647204 1.20736 1.04786 0.635832 0.861505 0.560347 0.541848 0.498484 0.483726 0.490466 0.472424
threshold=-0.43000000715255732 0.38999998569488531 0.42333334684371954 -0.16333332657814023 0.0089869499206542986 -0.056666672229766839 0.20333331823349002 -0.25666666030883784 0.0075397491455078134 0.47666665911674505 0.32333332300186163 0.069999992847442641 0.38333332538604742 0.29000002145767217 -0.36333334445953364 0.24333333969116214 0.41666668653488165 0.074303150177001967 0.096666663885116591 0.020347160287201408 0.020900135859847072 0.052348928526043899 0.014999985694885256 -0.21000000834465024 -0.24333333969116208 0.021056584082543853 0.18333333730697635 0.050000000745058067 0.02516028564423323 0.34166663885116583
decision_type=2 2 2 2 2 2 2 2 2 2 2 2 2 2 2 2 2 2 2 2 2 2 2 2 2 2 2 2 2 2
left_child=7 2 3 6 5 26 18 8 10 11 14 -10 17 24 -1 -12 19 29 22 21 -21 27 23 -2 -8 -15 -4 -5 -29 -11
right_child=1 -3 4 16 -6 -7 13 -9 9 12 15 -13 -14 25 -16 -17 -18 -19 -20 20 -22 -23 -24 -25 -26 -27 -28 28 -30 -31
leaf_value=0.023034502187659112 0.003534151190760611 -0.013205573609965519 -0.0074140108446303313 0 -0.0098119105538755254 0.016754254535801219 0.016639409544861955 -0.0034135132190951816 -0.020130708648033437 -0.001905603072517077 -0.008995357918655647 0.0034217304397938897 -0.003649814587204678 0.0033341802456517619 0.0027469534399309947 0.0086553834952657789 0.0026500788603222199 0.023842142717032624 -0.0089108447598374978 0.010261022303548766 -0.0071589573148153271 0 0.0033138020246504286 -0.0073773864793701188 0 -0.012470175096349234 0.006368183269875977 0 -0.01866827287990656 0.010422261514873986
leaf_weight=42.642047680914402 20.62121668132022 42.140132271451876 10.283579362090675 2.480433387681841 9.1087656333111209 32.827669264283031 21.896652053575963 13.820872539654372 8.0326877217739838 8.7143710702657753 7.2342393589206067 14.138597492128609 8.0230486551299673 3.8951997505500895 11.549795193132011 9.1453603631816787 11.233964052749796 12.867673312779514 23.41388179990463 4.9390535675920537 73.802050905767828 11.578843324212356 62.266096292994916 42.895670243771747 5.2192852457519647 4.1691421894356608 3.9404680789448312 2.0830011633224776 41.9531340142712 7.6713528051041058
leaf_count=550 954 3517 326 306 825 512 603 292 115 128 117 183 112 89 205 121 757 150 1442 595 7584 1376 2738 2059 262 138 135 249 4612 85
internal_value=8.95962e-06 -0.00316514 -0.00182877 -0.00344664 0.00675443 0.0111797 0.000321728 0.00942718 0.0110663 0.00419467 0.015746 -0.00669402 0.0112789 0.00883361 0.0198308 0 -0.00813107 0.0160068 -0.00178819 -0.00926534 -0.00512211 -0.0134858 0 -0.00347597 0.0138178 -0.00489313 -0.00160324 -0.0164877 -0.0175923 0.0039957
internal_weight=574.588 430.748 388.608 332.448 56.1605 47.0517 184.377 143.84 130.019 59.4477 70.5714 22.1713 37.2764 35.1803 54.1918 16.3796 148.07 29.2534 149.197 136.837 78.7411 58.0954 125.783 63.5169 27.1159 8.06434 14.224 46.5166 44.0361 16.3857
internal_count=31137 29079 25562 23764 1798 973 8285 2058 1766 773 993 298 475 1092 755 238 15479 363 7193 14722 8179 6543 5751 3013 865 227 461 5167 4861 213
is_linear=0
shrinkage=0.05


Tree=29
num_leaves=31
num_cat=0
split_feature=13 27 31 39 41 38 38 39 17 9 11 39 9 37 24 31 17 41 39 18 4 2 28 38 30 32 7 18 39 31
split_gain=4.9535 2.05297 1.92608 1.77589 1.62308 1.59245 1.5653 1.54892 1.45657 1.41527 1.36618 1.20144 1.07431 1.0737 0.913464 0.97299 0.895981 0.87791 0.806424 0.754429 0.698331 0.67869 0.721613 0.67757 0.739068 0.618698 0.583288 0.47026 0.459886 0.422911
threshold=-0.45666666328907007 -0.36333334445953364 0.44333332777023321 0.029205097816884521 0.038504686206579215 -0.022851467132568356 -0.022441387176513668 0.021614183671772483 -0.43000000715255732 0.083333313465118422 -0.4433333277702331 0.0300090815871954 0.12333333492279054 0.021707057952880863 0.23000001907348636 -0.049999997019767754 0.38999998569488531 0.039123736321926124 0.035185091197490699 0.056666672229766853 -0.19666665792465207 0.22333335876464847 0.40833336114883428 -0.056065082550048821 0.083333313465118422 -0.11666667461395262 -0.28333333134651179 -0.14333333075046537 0.015892331488430503 -0.2766666561365127
decision_type=2 2 2 2 2 2 2 2 2 2 2 2 2 2 2 2 2 2 2 2 2 2 2 2 2 2 2 2 2 2
left_child=4 11 3 8 13 16 7 -6 -3 18 -8 14 -13 -1 21 -16 17 -4 20 28 -5 23 27 25 -25 -2 -19 -23 -10 -30
right_child=1 2 5 9 6 -7 10 -9 19 -11 -12 12 -14 -15 15 -17 -18 26 -20 -21 -22 22 -24 24 -26 -27 -28 -29 29 -31
leaf_value=0.020093794191013457 0.0045865745629629093 0.0038751997114762405 0 -2.3795726766760625e-05 -0.020128410544818679 -0.0078043855716143223 0.014548300500137376 0.0023743957890788245 0 -0.0070216761901448072 -0.0029700493920086549 0.0047494099801603136 -0.01526610125914068 0.0018074455651179611 0.016934492207818865 0 -0.0028869604648844166 0.023830912708335233 0 -0.012553181551995944 0.019755046402737397 -0.014587391606706921 0.0054352995258391606 -0.0015985682027587853 0.010675936700967698 -0.011165604194690381 0.0031257060277324216 0 -0.00091343881410667685 -0.0089367689967022896
leaf_weight=32.867711496539414 4.6658962285146117 18.98435803106986 6.7706038095057037 2.7685709027573457 6.5256229829974499 12.433084056945516 23.216549731791019 12.869697529356925 29.738954340107739 16.976828026585281 11.902706730179487 5.2432717960327855 9.9688078919425589 15.764572577551005 19.579445047769699 11.18647912587039 6.0614891848526886 10.597000014502557 16.201873273355886 92.160317426547408 10.540277222171428 9.959087670315057 4.200535047100856 11.301915419055147 32.019603966502473 6.7840939008165133 10.980152510106562 4.6350038696546116 30.990768050774932 82.6228518250864
leaf_count=360 144 732 193 254 121 923 244 182 2405 1283 161 198 299 170 348 445 187 111 1271 9631 631 235 80 510 837 211 167 250 1642 6919
internal_value=-0.000303617 -0.00255601 -0.00450831 -0.00600394 0.00925268 0.00421928 0.00230626 -0.00717915 -0.0076432 0.00234179 0.00843593 0.00286927 -0.00779662 0.0154732 0.00499041 0.0115482 0.00969619 0.0131489 0.00870866 -0.0087484 0.0156169 0.00126967 -0.00537988 0.00426868 0.00716192 -0.00394397 0.0171735 -0.0103833 -0.00572891 -0.00711283
internal_weight=570.518 467.371 347.827 300.985 103.147 46.8423 54.5146 19.3953 254.497 46.4875 35.1193 119.544 15.2121 48.6323 104.332 30.7659 34.4092 28.3478 29.5107 235.513 13.3088 73.5661 18.7946 54.7715 43.3215 11.45 21.5772 14.5941 143.353 113.614
internal_count=31144 29906 26349 24768 1238 1581 708 303 21329 3439 405 3557 497 530 3060 793 658 471 2156 20597 885 2267 565 1702 1347 355 278 485 10966 8561
is_linear=0
shrinkage=0.05


Tree=30
num_leaves=31
num_cat=0
split_feature=16 30 24 7 37 39 20 32 31 9 28 29 16 6 37 37 37 37 39 40 19 39 30 31 28 41 27 27 15 29
split_gain=6.10284 2.92727 2.61511 1.83582 1.75985 1.70946 1.62324 1.66408 1.24478 1.18606 1.12221 1.64025 1.08525 1.038 1.39295 1.62627 0.957495 2.66617 1.60677 0.990927 1.05716 0.95817 0.883606 0.791727 0.789265 0.784649 0.745905 0.738483 0.718358 0.696861
threshold=-0.28333333134651179 0.46166664361953741 1.0000000180025095e-35 -0.30333334207534784 -0.054805755615234368 0.024349682964384559 0.30333334207534796 0.20333331823349002 0.47666668891906744 0.11000001430511476 0.40333333611488348 0.37000000476837164 -0.19666665792465207 0.40333333611488348 0.011377334594726564 0.04525041580200196 0.009663581848144533 0.04525041580200196 0.015012674499303104 0.47666665911674505 -0.32999998331069941 0.01447949279099703 0.20333331823349002 -0.236666664481163 0.36333334445953375 0.044630834832787521 -0.3899999856948852 -0.40333333611488337 0.3966666460037232 0.12333333492279054
decision_type=2 2 2 2 2 2 2 2 2 2 2 2 2 2 2 2 2 2 2 2 2 2 2 2 2 2 2 2 2 2
left_child=1 2 3 -1 5 25 7 23 16 28 11 -5 -7 14 -3 -16 21 18 -18 -19 -21 -6 -20 29 -8 26 -2 -23 -10 -4
right_child=4 13 6 10 8 12 24 -9 9 -11 -12 -13 -14 -15 15 -17 17 19 22 20 -22 27 -24 -25 -26 -27 -28 -29 -30 -31
leaf_value=0.011573260610375304 0.0031551049783714383 0.024394664955370567 -0.0017389728221437707 -0.0038597851524763446 0 -0.0051444042082138541 0.0035550574858792061 0.01726559458791883 0.019005750912221713 -0.0075599378017174399 0.0049649275036263351 -0.022155709057587885 0.014793052456141702 0.0001028318047452026 -0.0060402914722446598 0.015849536499402815 -0.0097799943339420929 0 0.011493740985272238 0.0027233978247433121 -0.018550354665043733 0 -0.0024745192582849244 -0.0019078210991437636 -0.010061087684874057 0.00104632953209712 -0.015633186194447847 -0.014995531091300538 -0.00026790621673447937 0.011429386865031158
leaf_weight=9.5449156204704177 2.2242380031384519 26.812537693884224 8.0050763522740436 55.9512473072391 18.829745660535991 3.5309648327529457 15.029038785723971 38.069912291364744 6.3705179137177783 5.9065980687737456 10.525918299797921 13.672104122582821 22.220857959007844 13.721680057933552 11.360598685219886 9.7871934147551638 10.845424059079958 14.871439616428686 33.067817029776052 2.9486731281504026 31.185865642735735 7.8445767962839446 9.6453626675065589 28.41458619851619 13.553169946419073 21.250304214423522 12.55192843871191 79.730226066196337 3.7361294555012137 27.839197936002165
leaf_count=219 62 272 234 1773 1919 153 429 904 160 359 188 336 1249 300 124 97 1166 1528 3292 152 3152 372 975 908 291 1216 945 7646 163 571
internal_value=0 0.00518753 0.00219617 -0.00405471 -0.00506115 0.00196046 0.0066516 0.00953249 -0.0070983 0.00420154 -0.00688245 -0.00925598 0.0108164 0.0143736 0.0175278 0.00443339 -0.0081736 -0.00397939 0.0032837 -0.011864 -0.0159573 -0.0115658 0.00790999 0.00351201 -0.00280395 -0.00441542 -0.0115073 -0.0136486 0.012883 0.00806339
internal_weight=569.048 282.287 220.605 89.6942 286.761 61.7783 130.911 102.329 224.982 16.0132 80.1493 69.6234 25.7518 61.682 47.9603 21.1478 208.969 102.565 53.5586 49.006 34.1345 106.405 42.7132 64.2589 28.5822 36.0265 14.7762 87.5748 10.1066 35.8443
internal_count=31155 6646 5853 2516 24509 3625 3337 2617 20884 682 2297 2109 1402 793 493 221 20202 10265 5433 4832 3304 9937 4267 1713 720 2223 1007 8018 323 805
is_linear=0
shrinkage=0.05


Tree=31
num_leaves=31
num_cat=0
split_feature=13 5 12 31 27 39 38 4 9 21 9 39 38 31 37 31 11 9 28 39 25 7 19 41 40 40 41 37 38 11
split_gain=5.03031 1.81108 1.71398 1.6213 2.09574 1.66351 1.65064 1.4826 1.46788 1.41466 1.36408 1.19088 1.14732 1.49551 1.0885 1.07745 1.05152 1.17273 1.00893 0.889471 0.785701 0.72469 0.774934 0.721509 0.631177 1.07156 0.889971 0.874736 0.629809 0.606392
threshold=-0.45666666328907007 0.21666666865348819 0.43000000715255743 0.43000000715255743 -0.36333334445953364 0.029205097816884521 -0.022441387176513668 -0.13666665554046628 0.31666666269302374 0.46999999880790716 -0.036666661500930779 0.03437370993196965 -0.063383102416992174 0.069999992847442641 -0.047028064727783196 -0.22999998927116391 -0.30333334207534784 0.38999998569488531 -0.17000000178813932 0.025791112333536152 -0.18999999761581418 0.32333332300186163 -0.12333333492279051 0.03842748515307904 0.49666666984558111 0.29666666686534887 0.043214606121182449 0.10221767425537111 -0.048716068267822259 0.16333335638046267
decision_type=2 2 2 2 2 2 2 2 2 2 2 2 2 2 2 2 2 2 2 2 2 2 2 2 2 2 2 2 2 2
left_child=1 7 3 4 12 15 19 -1 -9 -3 11 -7 18 16 -8 21 -14 20 -2 23 -18 22 -6 -5 25 26 27 -17 -25 -20
right_child=2 9 -4 6 5 10 14 8 -10 -11 -12 -13 13 -15 -16 24 17 -19 29 -21 -22 -23 -24 28 -26 -27 -28 -29 -30 -31
leaf_value=0.010816862055965583 0.0085291896086520935 0.020949340165436117 -0.013614185495785353 0 0.0039947764337185153 0.020872671128539844 0.0075252448566896675 0.0036426248233462698 -0.01516368957957398 0 -0.0042092026491661327 0 0 -0.0038825534271658378 -0.013131149404389728 -0.013224724925623191 0 -0.0015566279229849379 -0.012851721156660487 -0.00079576204709760196 0.020614809208574836 -0.0096311186832711646 -0.0070036333717329721 0.021405304638498435 -0.012908548786672644 0.0047018472156136635 0 0.0061624173232541655 0.00079178342430556042 0.0018223760538019348
leaf_weight=25.23800321156159 4.283409814117479 35.280720303300768 24.621453318279237 6.4722762713208786 51.696616468485445 8.9080543448217231 3.8429228244349352 19.052201526705179 10.873174940235911 8.9692794419825059 21.584753773873672 12.890740300063042 22.833641935605556 20.993115673074499 10.473313313908873 42.942038546549156 6.0671365587040773 6.002951623639091 18.048994095064703 8.1614898005500418 27.252373492578045 14.909488540608434 15.553112312685696 18.950548059307039 65.035533284768462 15.465171491960062 23.338313941145316 1.2437173554208119 7.9980276459828046 4.2398116781841955
leaf_count=321 148 407 2278 205 2027 594 88 281 121 101 1511 1038 466 977 914 4211 167 174 455 182 543 1081 1771 254 6438 1535 2384 140 119 138
internal_value=8.97195e-05 0.0100011 -0.00208208 -0.00120465 -0.00243148 -0.00478074 0.00622393 0.00283329 -0.00388594 0.017034 0.00347492 0.0112492 0.00315405 0.00608746 -0.00577091 -0.00649131 0.00986698 0.0142971 -0.00468808 0.0110859 0.0175909 -0.00138212 0.000744508 0.0143012 -0.00900048 -0.00499309 -0.00775606 -0.0115094 0.0173045 -0.00938216
internal_weight=563.222 99.4134 463.809 439.188 383.289 273.568 55.8986 55.1634 29.9254 44.25 43.3835 21.7988 109.721 83.1492 14.3162 230.184 62.1561 39.3225 26.5722 41.5823 33.3195 82.1592 67.2497 33.4209 148.025 82.9892 67.5241 44.1858 26.9486 22.2888
internal_count=31069 1231 29838 27560 25798 22730 1762 723 402 508 3143 1632 3068 2327 1002 19587 1350 884 741 760 710 4879 3798 578 14708 8270 6735 4351 373 593
is_linear=0
shrinkage=0.05


Tree=32
num_leaves=31
num_cat=0
split_feature=13 19 31 27 5 6 9 24 38 17 38 38 24 31 3 40 11 9 38 38 31 40 30 29 29 11 4 30 40 40
split_gain=5.21952 2.29429 2.18804 1.961 1.59686 2.21528 1.79238 1.51104 1.15252 0.9909 0.963421 0.929801 0.913395 1.29354 0.813985 0.790549 0.783818 0.768968 0.717145 0.939299 0.646457 0.813722 0.602597 0.547805 0.522741 0.444698 0.434707 0.427787 0.427326 0.424631
threshold=-0.45666666328907007 0.32333332300186163 0.43666666746139532 -0.36333334445953364 0.21666666865348819 -0.063333332538604722 0.17000001668930056 0.35666668415069586 0.11019897460937501 -0.43000000715255732 0.23526144027709964 -0.022441387176513668 0.043333351612091071 -0.030000001192092892 0.056666672229766853 0.13666667044162753 -0.32999998331069941 -0.036666661500930779 0.074303150177001967 0.065794467926025405 -0.28333333134651179 0.47666665911674505 0.21666666865348819 -0.45666666328907007 0.30333334207534796 -0.35000000894069666 -1.0000000180025095e-35 -0.061666667461395257 0.60333335399627697 0.87666666507720958
decision_type=2 2 2 2 2 2 2 2 2 2 2 2 2 2 2 2 2 2 2 2 2 2 2 2 2 2 2 2 2 2
left_child=4 2 3 12 5 8 -7 -6 -1 -5 18 15 14 16 25 -4 -14 -12 19 24 -20 -22 -16 -3 29 -2 -18 -27 -21 -11
right_child=1 23 11 9 7 6 -8 -9 -10 10 17 -13 13 -15 22 -17 26 -19 20 28 21 -23 -24 -25 -26 27 -28 -29 -30 -31
leaf_value=0.018504993380583732 -0.003286770573704482 0 0 0.0044254632667148023 0.02083695538940325 0.0073117848302076925 -0.013745502678860676 0 0 -0.0044386789938473427 0.015446568143110623 -0.0017232868341525921 0 -0.0015134397442481177 0.00096560508295176093 0.018388243817418614 0 -0.0043517791360371859 0 0 -0.0016289889910027673 -0.019862650676547827 -0.013472630157069301 -0.012215402578210561 -0.010928166192129175 -0.0023110374800570693 0.018015867940997823 0.010027884177701354 0.015012576186928814 0.0018501926241640872
leaf_weight=17.910974937491122 8.4707813919521886 10.82133838185109 7.983062832150611 22.823887975653633 35.959999397397041 10.752167437691243 18.113849103450775 8.9225983237847668 10.037296282127498 118.18690105434507 4.6466747883241624 7.5090127855073652 10.076337381731717 20.773280222900212 6.0299291503615704 19.747944970615208 5.8153233858756748 2.6355396502185604 12.763328727800397 4.3247524881735435 13.646602499065919 20.64269219012931 11.67858767416328 53.705734675517306 28.394765414297581 3.206254126038405 24.684161381796002 17.511665445752442 3.0394085072912276 24.294299538712949
leaf_count=238 230 637 117 819 393 160 222 113 120 10669 212 466 187 702 222 302 131 204 701 334 1341 1902 318 5005 1902 155 421 509 336 2150
internal_value=0.000228481 -0.00200714 -0.000464252 -0.00173446 0.0101921 0.00343033 -0.00527645 0.0168464 0.0125026 -0.00414468 -0.00518065 0.0103823 0.00365246 0.00745233 -0.00112722 0.0141248 0.0121829 0.00767 -0.00589231 -0.00397444 -0.011415 -0.0145497 -0.00850162 -0.0103394 -0.00492462 0.00332306 0.0155911 0.00709248 0.00851496 -0.00316657
internal_weight=565.109 463.412 398.885 363.645 101.697 56.8143 28.866 44.8826 27.9483 255.399 232.575 35.24 108.246 61.3491 46.8972 27.731 40.5758 7.28221 225.293 178.24 47.0526 34.2893 17.7085 64.5271 170.876 29.1887 30.4995 20.7179 7.36416 142.481
internal_count=31218 29972 24330 23445 1246 740 382 506 358 20570 19751 885 2875 1441 1434 419 739 416 19335 15391 3944 3243 540 5642 14721 894 552 664 670 12819
is_linear=0
shrinkage=0.05


Tree=33
num_leaves=31
num_cat=0
split_feature=30 4 17 25 31 19 5 33 25 21 5 37 31 28 14 17 41 8 8 38 17 26 27 17 25 19 19 25 26 27
split_gain=4.46946 1.9337 1.79744 1.5482 1.04906 1.67955 1.02756 1.38383 1.24703 1.15778 0.941738 1.94858 1.13921 1.04754 0.868414 0.820753 0.772113 0.666195 0.608198 0.601846 0.59826 0.557867 0.513975 0.50084 0.49526 0.49285 0.483108 0.739336 0.463368 0.554494
threshold=0.42833334207534796 0.31666666269302374 0.26166665554046636 -0.24333333969116208 0.48333334922790533 0.32999998331069952 0.21666666865348819 0.27666664123535162 0.20999997854232791 0.47666668891906744 -1.0000000180025095e-35 -0.065113067626953111 -0.15666666626930234 0.21166664361953738 -0.14333333075046537 -0.32999998331069941 0.038151148706674583 0.30333334207534796 0.17666667699813846 0.18432664871215823 -0.43000000715255732 0.056666672229766853 0.48333334922790533 -0.069999992847442613 -0.04333332180976867 -0.45666666328907007 -0.11666667461395262 -0.036666661500930779 -0.33666665852069849 0.030000001192092899
decision_type=2 2 2 2 2 2 2 2 2 2 2 2 2 2 2 2 2 2 2 2 2 2 2 2 2 2 2 2 2 2
left_child=1 4 3 -2 5 10 7 -5 -9 24 11 14 15 23 -1 16 20 26 -6 -3 -12 -18 -7 -14 -8 -13 27 -17 -27 -30
right_child=2 19 -4 6 18 22 9 8 -10 -11 12 25 13 -15 -16 17 21 -19 -20 -21 -22 -23 -24 -25 -26 28 -28 -29 29 -31
leaf_value=-0.0011767703072723284 -0.002285585053564567 -0.010584174817050613 -0.0054769488192871699 0.015573829922219255 0.016023018694867972 -0.012308477819075065 0.0017127844645374514 0.0056066639575824695 -0.013996540584392703 0 0.01372840656028736 0.0026028675668454283 0.0080362703947455174 -0.0075614901447080681 0.013756266261447681 0.0025504119457099225 -0.012352356616828368 -0.00048732304724747526 -0.00054745615262386492 0.003260247012177463 -0.0003106195157904532 0.00056464676618100571 0.0018051773985485427 -0.00087360168380850125 0.02414432563464252 0 0 0.022630524308616284 -0.0034657153788457112 -0.01167929592007726
leaf_weight=9.9165292743127811 11.907585400855167 61.136453728657216 11.734427680959923 11.288345695473256 9.0991544891148788 31.821467014495283 6.2883823378942827 12.592105897609146 7.6844076400157055 7.6740347496233872 9.8553502042777854 14.986454815603791 22.274724562186748 30.568319845944643 18.952508523827419 12.012779246317223 6.2964224307797876 4.906792829046025 3.8690099506638935 3.1777705203276119 7.8920397269539526 14.849463154096155 2.5707533990498623 23.769739460665733 34.308511545648805 26.660090901888907 4.9333252208307377 15.341817402513698 87.083269950235263 35.300441335421056
leaf_count=467 206 4295 828 114 252 2962 80 149 142 111 207 240 1507 1857 954 494 283 320 182 186 267 348 193 2128 618 2009 543 457 5387 3328
internal_value=0.000428948 -0.00167698 0.00954542 0.0119409 -0.000241232 -0.000862124 0.0143655 0.00484365 -0.00237074 0.0189074 0.000191353 -0.00202859 0.00312389 -0.000911415 0.00858995 0.00726122 0.00107447 0.0121039 0.0111519 -0.00932474 0.00793155 -0.00424069 -0.0105231 0.00338588 0.0218742 -0.00428164 0.0144468 0.0166069 -0.00520906 -0.00646468
internal_weight=560.752 457.275 103.478 91.7434 392.96 379.992 79.8358 31.5649 20.2765 48.2709 345.6 192.899 152.701 76.6128 28.869 76.088 38.8933 37.1947 12.9682 64.3142 17.7474 21.1459 34.3922 46.0445 40.5969 164.03 32.2879 27.3546 149.044 122.384
internal_count=31114 28866 2248 1420 24385 23951 1214 405 291 809 20796 12385 8411 5492 1421 2919 1105 1814 434 4481 474 631 3155 3635 698 10964 1494 951 10724 8715
is_linear=0
shrinkage=0.05


Tree=34
num_leaves=31
num_cat=0
split_feature=31 14 16 38 40 31 41 38 38 38 14 12 32 8 40 26 31 41 16 41 37 38 37 38 37 10 7 40 7 38
split_gain=5.52464 2.40827 1.33897 2.07838 1.33045 1.32909 1.79121 1.24345 1.18069 1.42161 0.949782 0.931063 1.20498 0.863662 0.834804 0.791655 0.799776 0.707962 0.671584 0.659924 0.641602 1.37536 0.637363 0.631468 0.698569 0.621445 0.598165 0.589399 0.582433 0.5563
threshold=-0.4433333277702331 -0.4433333277702331 -0.25666666030883784 0.074303150177001967 0.47666665911674505 0.35000002384185797 0.044630834832787521 0.074303150177001967 0.11019897460937501 0.16974687576293948 -0.36333334445953364 -0.29666668176650995 -0.26333332061767573 0.38333332538604742 0.81666666269302379 0.26333332061767584 -0.016666665673255917 0.029893800616264347 -0.32333332300186152 0.032098621129989631 -0.015917301177978512 -0.029649734497070309 0.055079460144042976 0.065794467926025405 -0.053801536560058587 0.30333334207534796 0.18333333730697635 0.96333330869674694 0.33666664361953741 -0.21604394912719724
decision_type=2 2 2 2 2 2 2 2 2 2 2 2 2 2 2 2 2 2 2 2 2 2 2 2 2 2 2 2 2 2
left_child=1 13 7 5 8 23 20 11 -5 19 -9 12 -2 -1 25 -13 28 26 22 -10 21 -7 -19 24 -4 29 -14 -22 -17 -8
right_child=2 -3 3 4 -6 6 14 10 9 -11 -12 15 17 -15 -16 16 -18 18 -20 -21 27 -23 -24 -25 -26 -27 -28 -29 -30 -31
leaf_value=0.020355627627877421 0.007479792076947012 -0.0032881031457158479 0 -0.013604033055202686 -0.019913935468169077 -0.018804351961015566 0 0.010446230046507632 0 -0.0080295593236287335 -0.001804201545825921 -0.0031759601576179085 -0.0047571202850812061 0.0032813500854081482 -0.0024524266621095982 0.014648581302435799 -0.0022165109502766812 -0.011859332613085275 0.0018517094219980643 0.021302829057696121 0.005909381322140226 0.0032224426748147733 0.00070102193962077758 0.006201329132623893 -0.0080694576678310773 0 0.0090590797302162948 -0.0099973086132250019 0 0.017516766020031837
leaf_weight=40.405344772152603 11.416201390326021 15.224093791330231 35.184025616850704 6.5195124393794712 26.807404871331528 10.514442255953329 5.8886569282039991 40.486740389373153 2.5747342477552575 4.6467701066285363 16.909713795874268 23.858022916829214 10.634641074342655 16.481901273131371 6.9665049179457119 20.19296989613213 10.402568764751775 59.246447954094037 7.6796064502559593 5.447464999044314 15.042233033338563 6.9379137305077156 6.8605713159777215 4.7552838514093301 96.297955663409084 5.7207804501522324 7.8638951205648473 1.6264122796710569 8.2330563156865519 23.653106844285507
leaf_count=441 322 1016 2828 671 2840 506 144 721 288 463 715 1492 279 192 339 438 322 1427 352 759 1132 404 145 579 10774 238 158 116 184 772
internal_value=-0.000156087 0.0121441 -0.0021727 -0.00459252 -0.0136774 -0.00219104 0.00274898 0.000561509 -0.00130397 0.00602448 0.00661358 -0.00153869 -0.00444573 0.0165913 0.00927092 0.00287466 0.0070776 -0.0065419 -0.00864096 0.0159005 -0.00487896 -0.0103977 -0.0102592 -0.00513447 -0.00597904 0.0122127 0.000876017 0.00101916 0.0109985 0.0147265
internal_weight=554.479 72.1113 482.368 258.583 45.9959 212.587 76.3501 223.784 19.1885 12.669 57.3965 166.388 103.701 56.8872 42.229 62.6866 38.8286 92.2852 73.7866 8.0222 34.121 17.4524 66.107 136.237 131.482 35.2625 18.4985 16.6686 28.426 29.5418
internal_count=31057 1649 29408 22853 5021 17832 3651 6555 2181 1510 1436 5119 2683 633 1493 2436 944 2361 1924 1047 2158 910 1572 14181 13602 1154 437 1248 622 916
is_linear=0
shrinkage=0.05


Tree=35
num_leaves=31
num_cat=0
split_feature=18 28 17 31 17 40 19 26 17 0 20 4 10 31 1 15 7 10 19 37 41 37 41 39 16 29 36 32 40 5
split_gain=4.99321 2.00657 1.55038 1.53179 1.48342 1.30628 1.22451 1.20223 1.33152 1.17404 1.16542 0.971 0.843583 1.01616 0.741273 0.835271 0.674429 1.01853 0.835514 0.666065 0.652339 1.30106 1.31665 0.784877 0.97518 0.71894 0.627066 0.623902 0.609225 0.583291
threshold=-0.45666666328907007 0.40333333611488348 0.38999998569488531 0.47666668891906744 -0.46999999880790705 0.82999998331069957 -0.04333332180976867 0.32333332300186163 -0.15000000596046445 -0.18999999761581418 0.18833333253860476 0.38333332538604742 0.11000001430511476 0.030000001192092899 0.068333327770233168 -0.46999999880790705 -0.076666668057441698 0.056666672229766853 -0.35000000894069666 0.009663581848144533 0.0389526765793562 -0.031506061553955071 0.039630850777029998 0.023888173513114456 -0.33666665852069849 -0.20333333313465116 0.16333335638046267 0.043333351612091071 0.056666666641831405 0.32333332300186163
decision_type=2 2 2 2 2 2 2 2 2 2 2 2 2 2 2 2 2 2 2 2 2 2 2 2 2 2 2 2 2 2
left_child=1 5 3 6 11 10 7 16 12 -5 14 -3 13 -9 15 -1 -2 18 27 26 23 25 -23 24 -8 -22 -19 -18 -24 -14
right_child=2 4 -4 9 -6 -7 20 8 -10 -11 -12 -13 29 -15 -16 -17 17 19 -20 -21 21 22 28 -25 -26 -27 -28 -29 -30 -31
leaf_value=-0.023111745622418002 -0.0054489322975116916 0.025456719661669881 -0.010514296153743401 -0.0018376510634942904 0.00078692908193155574 0.012404381906971934 0.0039652591636550718 0.012955888886270512 0.011617142250850438 0.018670773282169279 0.006111217353824543 0.0027982600714810918 -0.0074699023210853203 -0.0038616709884449945 0.00051036275651956508 0 0 -0.0057421721977199552 0 -0.010454454353824201 0.012442456267463863 0.010317710398491322 0.004030474134961594 0 -0.015493607217725972 -0.00074124397010740754 0.0070681841948049481 0.016815804024222565 -0.010683567975843147 0.0045103508715952116
leaf_weight=6.6188636394217619 75.151895288378 27.792953098658472 40.877589972456917 6.7575758961029377 15.279145569540558 12.331416090484707 2.8670732527971259 15.320763607043775 35.592175517929718 11.200567940017207 11.073482705978675 10.457385970279573 30.756513248197734 8.7190169985406083 6.4043257837183765 6.7084626946598336 6.8350587980821755 11.971931284060704 25.234376043314114 17.402207042090595 13.075592748820783 4.0357292322441927 2.3193985593970856 20.871321714948863 34.207834670087323 14.285383743233977 13.583921040175481 12.869267421308903 46.13485841313377 6.6962492605671278
leaf_count=82 5229 258 3528 212 194 175 117 349 942 322 178 121 686 285 107 133 267 637 2274 866 779 389 265 1996 3741 1207 591 349 4724 114
internal_value=0.000327342 0.010337 -0.00184355 -0.000794632 0.0163458 0.00128625 -0.00156698 0.000382523 0.00470747 0.0113825 -0.00378175 0.0210464 0 0.00647107 -0.0104357 -0.0155147 -0.00212049 0.000625417 0.0057551 -0.00427779 -0.0052835 -0.00171924 -0.00632432 -0.00918199 -0.0130657 0.00591442 0.000324023 0.0121202 -0.00915365 -0.00442556
internal_weight=553.432 96.666 456.766 415.889 53.5295 43.1366 397.931 260.133 97.0847 17.9581 30.8051 38.2503 61.4925 24.0398 19.7317 13.3273 163.049 87.8968 44.9387 42.9581 137.797 79.851 52.49 57.9462 37.0749 27.361 25.5559 19.7043 48.4543 37.4528
internal_count=31117 1248 29869 26341 573 675 25807 12589 2376 534 500 379 1434 634 322 215 10213 4984 2890 2094 13218 7364 5378 5854 3858 1986 1228 616 4989 800
is_linear=0
shrinkage=0.05


Tree=36
num_leaves=31
num_cat=0
split_feature=31 27 31 41 5 32 25 19 28 32 19 17 5 33 41 12 31 5 12 11 4 41 8 9 8 19 5 7 35 29
split_gain=3.29965 1.73211 1.57836 1.31186 1.27229 1.11175 1.02644 0.923069 0.91907 1.17193 0.891804 0.771111 0.768645 0.709175 0.673632 0.607902 0.600857 0.885048 0.548193 0.537314 0.636681 0.694097 0.536806 1.06901 0.777283 0.510093 0.497653 0.481176 0.499998 0.421722
threshold=-0.4433333277702331 -0.35000000894069666 0.45666664838790899 0.033144393935799606 0.32333332300186163 -0.19666665792465207 0.33666664361953741 0.35666668415069586 0.17000001668930056 0.37000000476837164 0.16333335638046267 -0.22166666388511655 0.10833334922790529 0.31000000238418585 0.044856911525130279 0.23000001907348636 -1.0000000180025095e-35 -0.023333340883255001 0.096666663885116591 0.01666665077209473 0.29000002145767217 0.04280181601643563 0.37666666507720953 0.24333333969116214 -0.15666666626930234 -0.21000000834465024 0.35000002384185797 -0.22999998927116391 -0.076666668057441698 0.18999999761581424
decision_type=2 2 2 2 2 2 2 2 2 2 2 2 2 2 2 2 2 2 2 2 2 2 2 2 2 2 2 2 2 2
left_child=3 4 10 12 5 18 14 15 13 -10 19 22 -1 -5 25 -4 17 -13 -2 27 21 -21 23 24 -7 -6 -14 -3 -29 -18
right_child=1 2 7 8 6 11 -8 -9 9 -11 -12 16 26 -15 -16 -17 29 -19 -20 20 -22 -23 -24 -25 -26 -27 -28 28 -30 -31
leaf_value=-0.0099884273510034427 0.011284729522557142 -0.0088432070486410014 0 0.0084398659174860832 0.024997471656793814 -0.011942677596811068 -0.0018932720335475359 -0.0024785484987908104 0.020583137346878458 0 -0.0092034990877969229 -0.0034004506095181562 0.011722170333575168 -0.0089439593112277081 0 0.017518090213625447 0.0018158704113010638 0.013825233326436171 -0.0019421708552749162 -0.0012547716322699699 -0.0063457489437055235 0.009066354921019943 0.0042454539552388973 -0.016484686537750429 0.0019333654385315369 0 -0.0017447104021920479 0.002130571168400844 -0.0043436363114825521 -0.0097892837254768411
leaf_weight=7.19413446588442 23.320165967568759 39.184318002779037 10.010599855100738 6.7487453704234195 10.089067709166558 7.1995066371746317 6.2413532796781501 13.433733223471789 31.847208691993728 9.0331555749289674 75.781346970936283 5.697987301740798 7.1887467959895712 4.8110844283364713 6.6025595341343424 10.564202587585894 12.141129369148986 13.968961366219444 4.5633910906035444 24.704271950293332 14.307022021850569 24.560938938753679 5.346558313118293 14.90847352822311 31.623692386550832 4.4719484909437623 6.1970982959028333 36.143213171279058 76.911683985264972 5.8392276174854478
leaf_count=177 679 2864 248 313 127 173 230 681 412 223 7854 173 98 293 184 276 608 313 310 2577 1292 2214 95 271 660 210 121 2379 4828 242
internal_value=0.000253318 -0.00125148 -0.00332733 0.00976008 0.00299409 0.000438716 0.0116991 0.0058629 0.0135987 0.0167193 -0.00457979 -0.00197666 0 0 0.0161608 0.0115799 0.00294042 0.00823226 0.00842161 -0.00263844 0.000857903 0.00386408 -0.00547642 -0.00719161 -0.0013363 0.0206626 0.0055876 -0.00423361 -0.00206081 -0.0024168
internal_weight=550.636 477.615 325.601 73.0202 152.014 124.609 27.4049 34.0085 52.4402 40.8804 291.593 96.7255 20.58 11.5598 21.1636 20.5748 37.6473 19.6669 27.8836 215.811 63.5722 49.2652 59.0782 53.7317 38.8232 14.561 13.3858 152.239 113.055 17.9804
internal_count=31125 29488 25213 1637 4275 3524 751 1205 1241 635 24008 2535 396 606 521 524 1336 486 989 16154 6083 4791 1199 1104 833 337 219 10071 7207 850
is_linear=0
shrinkage=0.05


Tree=37
num_leaves=31
num_cat=0
split_feature=16 38 4 39 41 38 39 25 4 9 37 31 27 9 5 21 6 38 31 9 15 32 40 39 39 33 2 27 31 11
split_gain=2.35286 1.93842 1.46338 1.52247 1.67145 1.64895 1.44284 1.38276 1.14051 1.33991 1.19421 1.0996 1.06936 1.17964 1.68014 1.31049 1.30801 1.09894 1.56797 1.09157 1.43339 1.35015 1.05292 1.65282 0.914636 0.881605 0.822059 0.779518 0.776349 0.687613
threshold=-0.26333332061767573 0.074303150177001967 0.30333334207534796 0.024153697304427627 0.039123736321926124 0.032184123992919929 0.014356491621583702 -0.090000003576278673 0.30333334207534796 0.22333335876464847 0.016409873962402347 0.069999992847442641 0.17666667699813846 0.1566666662693024 0.29000002145767217 0.47666668891906744 -0.31666666269302363 -0.047050476074218743 -0.36333334445953364 0.34333333373069769 -0.41666667163372034 0.16333335638046267 0.47666665911674505 0.017564586363732818 0.025791112333536152 -0.056666672229766839 0.31000000238418585 -0.18333333730697629 0.48333334922790533 -0.37666666507720942
decision_type=2 2 2 2 2 2 2 2 2 2 2 2 2 2 2 2 2 2 2 2 2 2 2 2 2 2 2 2 2 2
left_child=7 2 3 4 5 6 -2 8 9 10 26 12 13 16 19 -16 -9 -18 -19 20 -15 -21 23 -3 -5 -12 -1 -11 -6 -10
right_child=1 22 -4 24 28 -7 -8 11 29 27 25 -13 -14 14 15 -17 17 18 -20 21 -22 -23 -24 -25 -26 -27 -28 -29 -30 -31
leaf_value=-0.01258219251514724 0.004159268365246725 0.013695530140714625 -0.0095172234915374097 0.012848190132043259 0 0.0065584306855364224 -0.017237773698988264 -0.0047120457312220029 -0.017070358066854106 0.013821463079831359 0.010635326984217269 -0.0063072913490753628 -0.0039540861080933909 -0.017649270397339361 0.013507474149825276 -0.0051542432548478461 0 0.028322561585538721 0.0072290389318556709 0.015443382302502754 0.0015805752884173838 -0.0043531587081591825 -0.017563550325897487 -0.0099902300429138141 0.00083398852223403415 -0.0037616769900288417 0.0046408828982238805 -0.0018865397373080486 0.013723728820058612 0
leaf_weight=25.602130481507633 5.1398489824496201 5.1728586268145618 36.904000421287492 25.738692321348935 62.590211210306734 7.2451552655547848 33.567397939972579 4.6770256613381198 10.144091012887658 19.029150782385845 14.501283319434153 11.207694754470138 14.707574537722392 13.240207512397317 38.429073400562629 6.3229419039562336 12.199573396239428 18.829869556706395 29.504938093479726 9.1299311593174952 13.507148392964156 12.630054419860242 27.328287750016898 14.73092354624532 43.496206104522571 14.084621238056569 3.1088105109520248 5.9429113825317463 5.815490386914461 6.7813066658563903
leaf_count=865 564 688 3574 1862 5380 866 3045 115 170 339 354 387 838 224 749 110 388 256 880 146 375 205 2947 1560 3290 354 74 201 120 217
internal_value=-1.95976e-05 -0.00338686 -0.00115953 0.000636606 -0.00272826 -0.00960211 -0.0136604 0.00307742 -0.00143606 0.000969124 -0.002968 0.00560559 0.00670148 0.00795059 0.00358076 0.0100806 0.0130206 0.0150678 0.0181267 -0.00240675 -0.00866461 0.00459502 -0.0120125 -0.00112294 0.00630112 0.00339693 -0.00951721 0.00963477 0.00195529 -0.0114113
internal_weight=551.309 267.729 220.497 183.593 114.358 45.9524 38.7072 283.58 99.1943 82.2689 57.2968 184.386 173.178 158.471 93.2594 44.752 65.2114 60.5344 48.3348 48.5073 26.7474 21.76 47.2321 19.9038 69.2349 28.5859 28.7109 24.9721 68.4057 16.9254
internal_count=31143 23896 18701 15127 9975 4475 3609 7247 2574 2187 1647 4673 4286 3448 1809 859 1639 1524 1136 950 599 351 5195 2248 5152 708 939 540 5500 387
is_linear=0
shrinkage=0.05


Tree=38
num_leaves=31
num_cat=0
split_feature=14 19 33 27 25 33 10 37 39 26 38 18 38 35 8 25 19 26 10 9 21 2 37 7 14 39 41 22 27 23
split_gain=3.6227 1.213 0.938346 1.37595 1.18773 0.920248 1.52722 1.18323 1.17553 1.1064 0.888034 0.785604 0.784164 0.951889 0.744023 0.659558 1.01602 0.622405 0.659383 0.619512 0.608181 0.604325 0.584294 0.556299 0.547954 0.449961 0.418282 0.416628 0.392718 0.531698
threshold=-0.46999999880790705 0.32333332300186163 0.31000000238418585 -0.31666666269302363 -0.24333333969116208 -0.016666665673255917 0.030000001192092899 0.009663581848144533 0.0300090815871954 0.41666668653488165 -0.001942634582519531 0.083333313465118422 -0.063383102416992174 0.16333335638046267 -0.076666668057441698 -0.096666663885116563 -0.20333333313465116 -0.15000000596046445 0.48333334922790533 -0.30333334207534784 -0.31000000238418574 -0.32999998331069941 0.056403636932373054 -0.04333332180976867 -0.030000001192092892 0.016246220096945766 0.032670618966221816 -0.29000000655651087 0.34333333373069769 0.17000001668930056
decision_type=2 2 2 2 2 2 2 2 2 2 2 2 2 2 2 2 2 2 2 2 2 2 2 2 2 2 2 2 2 2
left_child=2 5 4 -4 -1 7 15 10 9 11 21 22 -11 23 19 24 -17 -3 -19 -9 -13 -2 26 -14 -7 -15 -8 -23 29 -29
right_child=1 17 3 -5 -6 6 8 14 -10 12 -12 20 13 25 -16 16 -18 18 -20 -21 -22 27 -24 -25 -26 -27 -28 28 -30 -31
leaf_value=0 0.0053986469851188441 0 -0.0057563029560288347 0.013345150205679314 0.017609794087812488 -0.0053111740640667355 -0.0028064273769128883 -0.0017216766556809344 -0.010112432537356558 -0.0028535641831049638 -0.012701728347494638 0.0018217921896657133 0.0094884628684494959 0 -0.0067644698058512837 0.017226238771931409 0.00091849297626769291 -0.012195745536429055 0.0022312878750171726 0.0074113886588088353 -0.012535978628222512 0.0025072153773485913 -0.0082719411109904335 -0.0054226607371795016 0.007125109498461975 0.019504968488826133 0.0048723575779971717 -0.011078947599468458 0.00098636526758786691 0
leaf_weight=9.6703268997371179 12.019629903836174 16.269882598426193 17.869091145694259 9.1418206728994829 37.775203509721905 12.556827459018679 16.67235422716476 21.024550838163123 22.27329553081654 8.647356891538946 31.525273469742388 4.7348893291782614 4.0120318713597962 4.6570017058402327 13.335967559367417 23.216010497650132 20.41126093803905 40.855524935061112 4.1997566856443873 42.22311503929086 17.953220285940915 9.0792481617536378 8.612001294270156 10.641764095984396 10.672642271267248 14.784952627262099 50.872220871970057 32.275195737369359 8.0792288440279645 13.868469956563784
leaf_count=120 721 1443 196 101 392 661 728 1910 1081 206 2372 442 113 109 917 706 1892 3756 393 2794 1627 605 474 258 766 319 2376 2142 515 987
internal_value=0.000307828 -0.00129066 0.0101614 0.00120179 0.0140868 -0.000213233 0.00180432 -0.00285964 -0.000710361 0.000950276 -0.00617454 -0.00179424 0.00724955 0.010479 0.00157507 0.00786168 0.0111338 -0.00752805 -0.0102571 0.00412826 -0.00891381 -0.00239963 0.000518569 0 0 0.0163276 0.00256271 -0.00458029 -0.00631373 -0.00803776
internal_weight=549.93 475.474 74.4564 27.0109 47.4455 414.149 230.718 183.431 163.861 141.588 106.847 98.8447 42.7431 34.0958 76.5836 66.8567 43.6273 61.3252 45.0553 63.2477 22.6881 75.3218 76.1566 14.6538 23.2295 19.442 67.5446 63.3021 54.2229 46.1437
internal_count=31122 30313 809 297 512 24721 11758 12963 7733 6652 7342 5647 1005 799 5621 4025 2598 5592 4149 4704 2069 4970 3578 371 1427 428 3104 4249 3644 3129
is_linear=0
shrinkage=0.05


Tree=39
num_leaves=31
num_cat=0
split_feature=30 32 4 31 19 5 38 38 4 0 39 29 9 27 33 32 32 41 38 40 7 40 39 1 0 15 10 25 25 22
split_gain=3.40755 2.3556 1.68098 0.972221 1.55642 1.54457 0.849661 0.834432 0.700835 0.761997 0.987892 0.777577 0.689823 0.737953 0.621586 0.623165 0.582013 0.577452 0.575361 0.627278 0.545687 0.545159 0.535988 0.535549 0.499504 0.469719 0.45419 0.443829 0.452502 0.435999
threshold=0.46166664361953741 0.38999998569488531 0.30333334207534796 0.44333332777023321 0.11000001430511476 0.27666664123535162 -0.01629543304443359 -0.048716068267822259 0.17666667699813846 -0.24333333969116208 0.020644122734665874 0.083333313465118422 0.20999997854232791 -0.26999998092651362 0.23666667938232425 -0.25666666030883784 -0.13666665554046628 0.038504686206579215 0.19940757751464847 0.063333334401249899 0.083333313465118422 0.29666666686534887 0.024213561788201336 -0.17000000178813932 0.37666666507720953 -0.40333333611488337 -0.22333332896232602 -0.069999992847442613 0.12166666984558107 -0.45666666328907007
decision_type=2 2 2 2 2 2 2 2 2 2 2 2 2 2 2 2 2 2 2 2 2 2 2 2 2 2 2 2 2 2
left_child=2 20 3 4 5 8 -7 14 9 10 29 17 13 -10 15 -5 25 -11 19 -4 -2 -9 -3 -19 26 -13 -18 -28 -29 -1
right_child=1 22 18 7 -6 6 -8 21 12 11 -12 16 -14 -15 -16 -17 24 23 -20 -21 -22 -23 -24 -25 -26 -27 27 28 -30 -31
leaf_value=-0.00049503544863216821 0.0010782265696725035 0.0012987449415156303 0 0 -0.0075650173529939677 0 0.017003061606264702 -0.0078343371614422608 0.013845212837896343 -0.0046109184073425489 -0.0026753678039441444 0.0071026627111568166 -0.0041718255370705075 0 0 0.020961276147179773 0.00053700382954725357 -0.0034054077743156208 0.0043869363984264014 -0.010689095065639732 0.018245289001217368 0.0051977112526550573 -0.012109990865484588 0.0062555586200548838 0.0019719263636588896 -0.0046161996350765058 -0.01672045615759447 0 -0.0098361788158867966 0.012801591124206866
leaf_weight=3.1327919033356038 9.6745880758389813 12.722098956117408 13.274246553424744 5.9131147819571241 68.283357195556164 14.576011346653106 14.4311328723561 8.8434683331288415 16.37260588654317 34.784599962178618 24.825078177265823 8.2888704347424227 10.028230140684171 19.24706619954668 5.6822994621470562 10.411876424681395 4.2069022587966165 13.168718450469894 2.8893786263652137 66.316152492072433 36.759127175202593 10.751029310049487 4.8905695371795437 37.26645258301869 3.9743706723675123 15.279694739263503 23.079595427727327 17.935772536089644 16.002900011837482 17.579790604999289
leaf_count=142 105 481 646 108 7446 498 516 417 471 2727 1367 150 393 1346 141 168 252 939 167 4614 456 498 186 2882 132 703 874 673 650 1038
internal_value=-7.20522e-05 0.0102002 -0.00158277 -0.000150298 -0.00107538 0.000468773 0.0103948 0.00650409 -0.000730805 -0.00199633 0.00319901 -0.00355631 0.00439608 0.00766261 0.0120979 0.0159128 -0.00667331 0 -0.0078318 -0.0088439 0.015678 -0.000164946 -0.00349683 0.00319621 -0.00892807 0 -0.0101204 -0.0112797 -0.00499766 0.0101951
internal_weight=550.592 64.0464 486.546 404.066 362.464 294.181 29.0071 41.6018 265.173 219.526 45.5377 173.988 45.6479 35.6197 22.0073 16.325 88.7681 85.2198 82.4798 79.5904 46.4337 19.5945 17.6127 50.4352 65.1995 23.5686 61.2252 57.0183 33.9387 20.7126
internal_count=31186 1228 29958 24531 23199 15753 1014 1332 14739 12529 2547 9982 2210 1817 417 276 3434 6548 5427 5260 561 915 667 3821 2581 853 2449 2197 1323 1180
is_linear=0
shrinkage=0.05


Tree=40
num_leaves=31
num_cat=0
split_feature=11 38 12 6 38 5 19 28 10 32 37 28 27 38 39 10 32 10 0 9 30 41 20 41 36 37 21 39 12 30
split_gain=1.91094 2.31178 1.29727 1.20357 0.945378 0.813516 1.53246 1.27921 0.968627 0.826217 0.782669 1.02144 0.978906 0.816747 0.815633 0.850023 0.783975 0.751699 0.718548 0.709845 0.697623 0.668728 0.605202 0.595869 0.557009 1.02463 0.55604 0.543847 0.543212 0.692178
threshold=-0.46999999880790705 0.0070109367370605477 0.43000000715255743 0.31666666269302374 0.11019897460937501 0.21666666865348819 -0.15000000596046445 0.32999998331069952 0.41000002622604376 0.23666667938232425 -0.065113067626953111 -0.090000003576278673 -0.32333332300186152 -0.022851467132568356 0.02188233565539122 0.19666665792465213 -0.18999999761581418 0.01666665077209473 -0.30333334207534784 -1.0000000180025095e-35 0.13666665554046634 0.027909389697015289 0.31000000238418585 0.052496397867798812 1.0000000180025095e-35 0.0081372261047363299 0.23666667938232425 0.029205097816884521 -0.25666666030883784 0.37000000476837164
decision_type=2 2 2 2 2 2 2 2 2 2 2 2 2 2 2 2 2 2 2 2 2 2 2 2 2 2 2 2 2 2
left_child=1 3 5 -1 -3 7 8 10 9 -7 11 26 16 14 15 -14 20 -18 -11 21 -12 -16 -20 28 25 -15 -2 -19 29 -9
right_child=2 4 -4 -5 -6 6 -8 23 -10 18 12 -13 13 24 19 -17 17 27 22 -21 -22 -23 -24 -25 -26 -27 -28 -29 -30 -31
leaf_value=-0.011253769100160835 0.013039760476291174 0.022374873601374894 -0.011388615551322865 0.0063848907728108577 0 0.00098922576318620416 -0.0029971447883369623 -0.00047210187686178625 -0.0035233421302989288 0 0 -0.0023309492640092694 0.0099214239873033194 -0.0092011568530039733 0.0039003204075775955 -0.005417260861972824 0.0062677689441825724 -0.00034814997222255015 0.01979017467034605 0.0029419577230067545 0.015183850808580136 -0.011558650918346689 0.001703144241717864 0 -0.010411310428828778 0.0022465802057205376 -0.0016477398018381968 -0.01431468934663236 0 -0.021847435747047551
leaf_weight=11.88331666425802 23.545074595604095 18.414751703152437 23.171228053979576 14.042491739382966 8.042235187487675 25.562908677849919 57.18756141117774 8.2732450971379894 11.184233215171842 4.8665460662450633 11.223742247093471 20.703510056249797 25.203907695598904 26.62938916683197 3.1668438462074873 5.9791537236887953 17.358615385601297 29.731687563704327 24.153800956206396 15.014501309953628 12.586989994859321 22.94338442850858 10.713104948867111 6.9464296016376457 46.320411783643067 38.78726870729588 3.055541440146043 5.3764913599006823 5.7039169310592142 12.323862898396326
leaf_count=254 1098 271 2285 179 120 821 5112 266 202 110 604 1139 1903 2293 239 466 646 894 522 1108 320 1718 259 223 3968 3291 171 171 350 197
internal_value=-8.09547e-05 0.0084341 -0.00111656 -0.00151243 0.017429 -0.000427028 0.00273198 -0.00176368 0.00722536 0.00955867 -0.000580836 0.00484193 -0.00174698 -0.00374443 9.86354e-05 0.00590842 0.00269028 -0.000494033 0.0136722 -0.00396754 0.00923272 -0.00852666 0.0159105 -0.0103092 -0.006322 -0.00244495 0.010593 -0.00487229 -0.0132383 -0.0162449
internal_weight=550.096 52.3828 497.713 25.9258 26.457 474.542 133.668 340.874 76.4806 65.2964 307.627 47.3041 260.322 184.045 72.3078 31.1831 76.2775 52.4668 39.7335 41.1247 23.8107 26.1102 34.8669 33.2475 111.737 65.4167 26.6006 35.1082 26.301 20.5971
internal_count=31200 824 30376 433 391 28091 7026 21065 1914 1712 20029 2408 17621 14986 5434 2369 2635 1711 891 3065 924 1957 781 1036 9552 5584 1269 1065 813 463
is_linear=0
shrinkage=0.05


Tree=41
num_leaves=31
num_cat=0
split_feature=12 4 41 31 40 12 31 19 27 26 39 21 4 16 30 10 40 38 21 26 40 10 39 2 17 12 40 31 31 38
split_gain=3.30558 1.41613 1.23922 0.891425 0.887634 0.871591 1.1925 1.04871 1.03451 1.00419 0.967952 1.17149 0.911267 0.839039 0.704972 0.65177 0.57718 0.720444 0.506242 0.479582 0.418293 0.416541 0.856715 0.529678 0.475886 0.605501 0.483769 0.438372 0.420424 0.518153
threshold=-0.46999999880790705 0.30333334207534796 0.041943825781345374 -0.43000000715255732 0.29666666686534887 0.43000000715255743 0.44333332777023321 0.11000001430511476 -0.056666672229766839 0.32999998331069952 0.029205097816884521 0.25666666030883795 0.068333327770233168 -0.25666666030883784 0.13666665554046634 0.01666665077209473 0.076666664332151427 -0.022851467132568356 -0.04333332180976867 0.29000002145767217 0.13000000268220904 -0.076666668057441698 0.0300090815871954 0.21666666865348819 -0.45666666328907007 -0.4433333277702331 0.050000000745058067 -0.29666668176650995 -0.28333333134651179 0.074303150177001967
decision_type=2 2 2 2 2 2 2 2 2 2 2 2 2 2 2 2 2 2 2 2 2 2 2 2 2 2 2 2 2 2
left_child=2 5 18 -4 13 6 7 9 19 21 11 14 -13 -3 -11 -12 -10 -18 -1 -8 -16 22 28 24 -23 -26 -27 -24 -2 -30
right_child=1 4 3 -5 -6 -7 8 -9 16 10 15 12 -14 -15 20 -17 17 -19 -20 -21 -22 23 27 -25 25 26 -28 -29 29 -31
leaf_value=0.0015024554333937133 0.0050119702080948184 0.0038607085048839467 0.0067994592453257527 -0.0087487437111855703 -0.011431588844701253 -0.011039231448299512 -0.0098538881767477396 -0.0062492350852280734 0 0 0.004342894331215875 -0.012622714086639106 0.004608208919670463 -0.0081555139150555987 0.000609231339959272 -0.011288512521984241 0.020463456897934544 0 0.018713615411930947 0.0037867453029249397 0.01522826446089897 0.0026544422688776345 -0.0013622151750012526 0.0022308487961486424 0.0033835934024933202 0.00208446050510729 -0.009615862138961602 0.013564295802732671 0 -0.010469116447727017
leaf_weight=10.049989317543803 12.663957723882048 26.596175712300465 18.930821510963145 8.2169823406729829 46.304418850690126 11.56555924983695 4.7658645908813906 60.832945777568966 4.8073200294747975 17.402399264741689 4.6395847331732503 7.2013029991649118 10.609846396837382 19.068407187471166 10.294925714842973 9.1917604673653823 14.758007895667108 4.9312258462887248 26.677686422131956 7.8168459949083626 35.992312540998682 8.4024947504512948 1.5965244895778585 21.594704454764724 6.2618822678923598 4.1405169647186986 60.35842615342699 11.422148912213741 44.427208631299436 12.085038535529746
leaf_count=136 623 738 221 163 3351 1107 190 6658 89 699 119 195 259 1916 257 230 196 283 301 341 775 176 68 1172 181 328 4179 770 4214 1148
internal_value=-2.1768e-05 -0.0015291 0.0101004 0.000607442 -0.00690549 -0.00010465 0.000334129 -0.000582865 0.00821416 0.000673612 0.00473553 0.0069159 -0.00273379 -0.00103749 0.00997625 -0.00505693 0.0133663 0.0163786 0.0154615 -0.00154793 0.0128979 -0.0013938 0.000990003 -0.00351895 -0.00542764 -0.00684551 -0.00839666 0.010567 -0.00117933 -0.00331457
internal_weight=543.607 479.732 63.8755 27.1478 91.969 387.763 376.197 339.118 37.0793 278.285 95.3321 81.5008 17.8111 45.6646 63.6896 13.8313 24.4966 19.6892 36.7277 12.5827 46.2872 182.953 82.1949 100.758 79.1633 70.7608 64.4989 13.0187 69.1762 56.5122
internal_count=31083 30262 821 384 6005 24257 23150 22051 1099 15393 2534 2185 454 2654 1731 349 568 479 437 531 1032 12859 6823 6036 4864 4688 4507 838 5985 5362
is_linear=0
shrinkage=0.05


Tree=42
num_leaves=31
num_cat=0
split_feature=30 4 31 25 11 19 5 17 8 25 4 41 21 29 0 39 11 8 27 26 41 9 39 41 13 33 37 38 38 39
split_gain=1.84259 1.36879 1.12565 1.02733 1.80622 1.00902 1.36718 0.924244 0.914469 0.751273 0.586213 0.616912 0.551611 0.639478 0.530009 1.02855 0.618838 0.5942 0.529051 0.499355 0.683333 0.747382 0.469558 0.623564 0.46381 0.458267 0.828493 0.614705 0.439482 0.639394
threshold=0.46166664361953741 0.30333334207534796 0.45666664838790899 0.26333332061767584 -0.45666666328907007 0.11000001430511476 0.27666664123535162 0.38999998569488531 0.17666667699813846 0.11000001430511476 0.43000000715255743 0.033889178186655051 0.42333334684371954 0.22333335876464847 -0.21000000834465024 0.020644122734665874 -0.036666661500930779 0.083333313465118422 -0.056666672229766839 0.43000000715255743 0.05063311010599137 0.17000001668930056 0.024153697304427627 0.05374265834689141 -0.28333333134651179 0.13666665554046634 0.0067873001098632821 0.026190280914306644 0.19940757751464847 0.025234628468751911
decision_type=2 2 2 2 2 2 2 2 2 2 2 2 2 2 2 2 2 2 2 2 2 2 2 2 2 2 2 2 2 2
left_child=1 2 5 4 -2 6 14 8 -4 -6 11 -5 13 -8 15 24 19 -17 -15 25 21 -21 -7 -24 -1 -16 27 -27 29 -3
right_child=3 28 7 10 9 22 12 -9 -10 -11 -12 -13 -14 18 16 17 -18 -19 -20 20 -22 -23 23 -25 -26 26 -28 -29 -30 -31
leaf_value=0.013585865894482005 0.018601926535264816 -0.0039331370929264154 0.016553482330002142 -0.0046629600416731084 -0.0084876087082517079 -0.0083693325159876972 0 -0.0044944762275879232 -0.00051776147223683703 0.0081217314308726692 -0.010047842349634295 0.0099439222268158083 -0.0014509340860214262 0.018992896070532811 -0.0065773460391566653 0.0019116120416461599 0.0024405387259995893 -0.0094986204270464201 0 0.013256501003775512 -0.0062798760771755214 -0.001975000880165321 0.0041813675001274196 -0.0097213110627629145 0 0 -0.0067428385758294884 0.015489694730325963 0.003557954601708593 -0.015327216402209
leaf_weight=16.509128082776446 25.645237641409039 58.891664578579366 19.262896750122316 5.6093245788943049 9.6585807178635132 49.521840051515028 5.22217999771238 5.4060128405690184 6.9319752336014053 5.5196091148536643 5.5668298192322245 10.095086758956311 3.8891004675533614 15.182788088452076 94.389663054607809 21.421995456330478 48.755654500797391 11.673533566528929 4.0484092552214817 11.097409373614942 9.187992151360957 8.1981366458348912 19.999803243903447 5.6855994197539976 12.265479048481209 10.694982024608182 15.172571113798766 5.0255423516500732 2.8086806114297351 18.417781117372215
leaf_count=470 246 3889 471 101 186 5271 344 245 299 136 317 199 108 322 5504 1322 3826 492 226 241 216 170 1959 514 1127 535 655 172 174 1320
internal_value=-0.000104855 -0.00122811 0 0.00754847 0.0117317 -0.000825077 0.00045537 0.00825058 0.0120048 -0.000677335 -0.000377952 0.00372802 0.00989387 0.0124495 -0.00066106 0.00305399 -0.00197111 -0.00231367 0.015825 -0.00356554 0.00154369 0.00686328 -0.00578231 0 0.00928059 -0.00493504 0 0.00714419 -0.00694562 -0.00785607
internal_weight=541.755 479.661 399.543 62.0947 40.8234 367.942 292.735 31.6009 26.1949 15.1782 21.2712 15.7044 28.3425 24.4534 264.392 61.8701 202.522 33.0955 19.2312 153.766 28.4835 19.2955 75.2072 25.6854 28.7746 125.283 30.8931 15.7205 80.1181 77.3094
internal_count=31057 29872 24489 1185 568 23474 15730 1015 770 322 617 300 1000 892 14730 3411 11319 1814 548 7493 627 411 7744 2473 1597 6866 1362 707 5383 5209
is_linear=0
shrinkage=0.05


Tree=43
num_leaves=31
num_cat=0
split_feature=16 38 38 3 11 31 11 38 37 13 9 9 35 39 38 4 35 37 10 39 38 39 31 8 31 37 16 11 31 13
split_gain=1.86056 1.92508 1.40434 1.53888 1.7912 1.32138 1.30023 1.29789 1.33856 1.28532 1.25602 1.2377 1.36762 1.0033 1.25312 0.985733 0.95741 0.874426 0.839888 0.838682 1.1574 0.829382 0.828804 0.811873 0.763347 0.755375 0.701301 0.698759 0.697096 0.644626
threshold=-0.25666666030883784 0.074303150177001967 -0.022851467132568356 -0.076666668057441698 -0.3899999856948852 0.47666668891906744 -0.45666666328907007 0.0070109367370605477 0.021707057952880863 -0.40333333611488337 0.43000000715255743 0.23000001907348636 0.14999997615814212 0.024153697304427627 0.065794467926025405 0.12333333492279054 -0.40333333611488337 0.0033974647521972661 0.22333335876464847 0.017564586363732818 0.11496782302856447 0.025791112333536152 -0.25666666030883784 0.16333335638046267 0.069999992847442641 0.04525041580200196 -0.45666666328907007 -0.26999998092651362 -0.36333334445953364 0.29666668176651007
decision_type=2 2 2 2 2 2 2 2 2 2 2 2 2 2 2 2 2 2 2 2 2 2 2 2 2 2 2 2 2 2
left_child=2 5 3 17 10 13 7 -4 -9 11 -5 12 27 14 29 -13 -7 22 23 20 -3 -15 -1 -6 -11 -10 -20 -8 -21 -2
right_child=1 19 6 4 18 16 9 8 25 24 -12 15 -14 21 -16 -17 -18 -19 26 28 -22 -23 -24 -25 -26 -27 -28 -29 -30 -31
leaf_value=0.017903490035729382 -0.0036143476775261905 -0.010137578571403259 -0.0016315580319813481 -0.018358966798967292 -2.3770156861613364e-05 -0.003751236682831856 0.00073272322971117436 0.025028798314800101 -0.0050917873828017074 0.0079241361895858332 0.0019155991124166563 0 0.014310553086017594 0.0080661682859828627 0.01200488090324405 -0.020789525763373614 0.014442001947446157 -0.0022939286807217843 0.004624722763202499 0.00017875458733466188 0.0112714330784055 -0.0018674723734857302 0 0.014687544112919299 -0.0045239687070146896 0.010370949242096276 -0.01138227458273292 -0.013023347816800937 -0.017993318739471749 -0.012949447419611416
leaf_weight=11.678975997958334 87.830627129413188 8.2349225839134288 8.9377542561851424 24.535749270115051 16.593539756257091 5.0035722167231169 20.905069692991674 15.933415873907505 7.4632501360029009 72.92795276385732 5.985089063178747 8.4061477808281797 9.0539341587573272 26.673272863263264 3.4553256295621386 8.042785329744218 15.680678920587523 11.593135072384028 3.9344196454621878 2.9429285568185177 5.2603566881734869 47.561185145284981 7.3064457681030062 8.9260672512464208 7.8637961670756331 10.814343875506891 12.999698963714762 6.8335115918889668 28.8299740543589 27.895358804380521
leaf_count=284 8470 979 114 538 726 147 429 196 99 2524 84 153 156 2141 461 140 491 326 62 314 676 3920 324 265 311 141 454 152 3135 2810
internal_value=-0.000228814 -0.00328483 0.00251707 -0.00187066 -0.00587875 -0.00104131 0.00519521 0.0123182 0.016284 0.00229406 -0.0140371 -0.00323205 0.00158927 -0.00251248 -0.00530872 -0.0126723 0.00925023 0.00640635 0.000482406 -0.0120444 0 0.00172649 0.0119947 0.00614507 0.00619548 0.00332935 -0.00633623 -0.00362853 -0.0158873 -0.0065973
internal_weight=540.103 259.368 280.735 103.553 72.9746 214.1 177.182 43.1488 34.211 134.033 30.5208 53.2414 36.7925 193.416 119.181 16.4489 20.6843 30.5786 42.4537 45.2682 13.4953 74.2345 18.9854 25.5196 80.7917 18.2776 16.9341 27.7386 31.7729 115.726
internal_count=31022 23544 7478 3063 2129 18440 4415 550 436 3865 622 1030 737 17802 11741 293 638 934 1507 5104 1655 6061 608 991 2835 240 516 581 3449 11280
is_linear=0
shrinkage=0.05


Tree=44
num_leaves=31
num_cat=0
split_feature=13 5 21 31 9 32 30 12 31 9 21 0 6 29 1 1 19 40 28 16 31 9 26 4 25 21 15 25 27 33
split_gain=2.22153 1.9684 1.22484 1.39577 1.2115 2.11011 1.0141 1.0005 1.2912 1.05232 0.754938 0.731231 0.64559 0.625539 0.55929 0.908705 0.810479 0.532048 0.507893 0.563792 0.479169 0.476179 0.445013 0.414684 0.413479 0.405721 0.461665 0.44851 0.398015 0.388947
threshold=-0.4433333277702331 0.21666666865348819 0.47666668891906744 -0.37666666507720942 0.1566666662693024 0.030000001192092899 0.3966666460037232 0.43000000715255743 0.47666668891906744 0.11000001430511476 0.12333333492279054 0.31000000238418585 -0.1766666769981384 0.45499998331069952 0.043333351612091071 -0.236666664481163 -0.21666666865348813 0.68333333730697643 0.069999992847442641 -0.090000003576278673 -0.049999997019767754 0.24333333969116214 0.42333334684371954 0.17666667699813846 -0.36333334445953364 -0.24333333969116208 0.41666668653488165 -0.069999992847442613 0.030000001192092899 0.41000002622604376
decision_type=2 2 2 2 2 2 2 2 2 2 2 2 2 2 2 2 2 2 2 2 2 2 2 2 2 2 2 2 2 2
left_child=1 4 3 -3 6 12 -1 8 11 -10 -7 14 -6 -13 15 17 20 25 22 24 21 -16 -17 -18 -20 -2 27 -27 -19 -26
right_child=7 2 -4 -5 5 10 -8 -9 9 -11 -12 13 -14 -15 16 18 23 28 19 -21 -22 -23 -24 -25 29 26 -28 -29 -30 -31
leaf_value=0 0.002499477081162456 0.019712832642782292 -0.0020012185027296981 -2.9884367444111031e-05 0.01272021631178403 0 0.015700379969609792 -0.011147817006762418 0.015758597292247399 -0.0030175760788705326 -0.021507891923059519 -0.0084317749625476678 -0.0027740046097505791 0.0026836943483468955 0.010020830209843339 -0.0035677953399461332 0.00065479578184572792 0.0094445123812140121 0.00016677742260459683 8.6195902223088297e-05 -0.00056301575190923804 -0.0003691515312696876 0.0065716549455558746 -0.0068116969280660432 -0.014163855904883355 -0.01212223718934485 0.0049966167009355272 0 -2.5608044608891491e-05 0
leaf_weight=20.131139663048092 24.09467429574579 33.460929038468748 7.6630046740174285 8.3394963773898763 8.0877917301841062 8.4052112000063079 10.235227726399897 22.525177820120007 13.446122960885988 6.3531813421286634 11.228480674792079 58.764955932972953 5.6188710830174378 8.830128060653804 38.334411026909947 55.79181669652462 37.047881260514259 19.538371197413657 2.6121061686426392 8.0836958431173098 15.935643082717432 8.1931502893567068 6.1207319260574868 22.45157687459141 33.591676586307585 14.594669563230129 2.7710523607674977 16.166407185140997 10.749482553452252 2.4244660085532805
leaf_count=438 1871 407 92 143 119 121 104 2298 313 271 135 4247 116 457 1433 4755 3408 1016 131 864 824 239 219 2066 1546 1052 199 1231 951 73
internal_value=-0.000264825 0.00573283 0.012623 0.0157417 0 -0.00630116 0.00635083 -0.00196399 -0.00123867 0.00946409 -0.0154039 -0.0019877 0.00618922 -0.00653962 -0.00084156 -0.00251383 0.0016494 0.00101345 -0.00549034 -0.00926773 0.00550191 0.00788211 -0.00170524 -0.00214683 -0.0115338 -0.00150237 -0.00495323 -0.00719885 0.00594603 -0.0128801
internal_weight=541.592 113.17 49.4634 41.8004 63.7067 33.3404 30.3664 428.421 405.896 19.7993 19.6337 386.097 13.7067 67.5951 318.502 196.539 121.963 87.9147 108.624 46.7119 62.4632 46.5276 61.9125 59.4995 38.6282 57.6268 33.5321 30.7611 30.2879 36.0161
internal_count=31139 1675 642 550 1033 491 542 29464 27166 584 256 26582 235 4704 21878 13908 7970 6320 7588 2614 2496 1672 4974 5474 1750 4353 2482 2283 1967 1619
is_linear=0
shrinkage=0.05


Tree=45
num_leaves=31
num_cat=0
split_feature=30 9 36 24 39 24 2 32 31 35 18 20 1 41 17 21 1 35 41 31 35 12 16 36 8 5 7 5 12 39
split_gain=1.70938 1.55633 1.28416 1.16416 1.23279 1.10585 1.0069 1.11779 0.964022 1.36503 0.992297 0.975435 0.958243 0.930588 0.78851 0.850836 0.622531 0.617758 0.875887 0.855421 0.753711 0.836369 0.760619 0.762071 0.746949 0.642384 0.592727 0.586638 0.731037 0.55029
threshold=0.3966666460037232 0.1566666662693024 0.24333333969116214 0.14333331584930423 0.014654173981398346 0.30333334207534796 -0.030000001192092892 0.32333332300186163 0.47666668891906744 -0.40333333611488337 0.056666672229766853 -0.21666666865348813 0.35666668415069586 0.051950959488749511 0.31000000238418585 0.45666664838790899 -0.18333333730697629 0.14999997615814212 0.037751007825136192 0.35000002384185797 -0.049999997019767754 -0.20333333313465116 -0.28333333134651179 -0.18999999761581418 0.18999999761581424 0.096666663885116591 0.35666668415069586 -0.15666666626930234 -0.049999997019767754 0.0300090815871954
decision_type=2 2 2 2 2 2 2 2 2 2 2 2 2 2 2 2 2 2 2 2 2 2 2 2 2 2 2 2 2 2
left_child=8 5 6 12 -5 -2 -3 -8 10 -10 17 -11 13 -4 15 -6 -12 19 27 20 22 -22 23 -1 -20 -25 -9 -19 -29 -24
right_child=1 2 3 4 14 -7 7 26 9 11 16 -13 -14 -15 -16 -17 -18 18 24 -21 21 -23 29 25 -26 -27 -28 28 -30 -31
leaf_value=-0.0038640552669050193 0.020258536808954251 0.0050670691802723669 -0.010635643364410701 -0.0060629035484134203 0.020105722862005654 0 -0.018934331330014188 0.0098204266344517066 -0.0074105305739456994 -0.0006997008807503233 -0.00060787039726019386 0.019169397433783326 0.0089241774903094061 0.0059270117620282177 -8.8773023416473349e-05 0 -0.0084586224888244885 -0.0027290283967633913 0.0032156856195117989 0.0078344354219474083 -0.010538364440227745 0 -0.0064306451138124165 0.0094971302716765973 -0.0089873852671531387 -0.0035080519589874883 -0.0069895054105707692 0.015208064815921402 -0.00089108273159674745 0.0038518113286315986
leaf_weight=16.245104811154306 17.803573869634423 7.1842825831845429 21.166389633901421 4.0784824932925394 23.484774082200605 6.6281204549595705 11.56642461800948 4.3153243295382691 5.3427960644476142 5.2431033374741718 49.075189157389104 12.360145878046747 9.8065592832863313 5.661053509451448 5.1534799989312878 6.2084942655637851 73.919258697191253 3.1071697566658285 27.834531341446564 14.05806558462791 43.618013281142339 24.38975355704315 48.338798745768145 36.553779234411195 13.178896561497821 5.6341353082098058 4.0241851292084903 21.270940501941375 4.9043061910197094 9.4449813340324891
leaf_count=461 265 156 531 163 473 130 244 91 166 206 4578 391 343 186 415 108 7088 228 1435 747 1930 1921 4763 1092 716 165 200 802 400 717
internal_value=0.000111611 0.0050906 0.00175583 0.00521506 0.0106642 0.0151715 -0.00633317 -0.0116333 -0.00140623 0.00725591 -0.00207855 0.0135187 -0.000674492 -0.00593457 0.013837 0.016563 -0.00569393 -0.000243608 0.0034943 -0.00175488 -0.00284208 -0.00679741 -0.000102875 0.00352877 -0.000820338 0.00702096 0.000434937 0.00935786 0.011811 -0.00415376
internal_weight=541.6 127.081 102.649 75.5592 38.9252 24.4317 27.0902 19.9059 414.519 22.946 391.573 17.6032 36.634 26.8274 34.8467 29.6933 122.994 268.578 70.2958 198.283 184.225 68.0078 116.217 58.433 41.0134 42.1879 8.33951 29.2824 26.1752 57.7838
internal_count=31111 3305 2910 2219 1159 395 691 535 27806 763 27043 597 1060 717 996 581 11666 15377 3581 11796 11049 3851 7198 1718 2151 1257 291 1430 1202 5480
is_linear=0
shrinkage=0.05


Tree=46
num_leaves=31
num_cat=0
split_feature=16 5 38 38 40 39 19 39 41 39 38 31 13 31 9 32 25 11 27 41 39 28 29 39 39 41 39 40 15 25
split_gain=1.44167 1.7253 1.34617 1.24576 1.24775 1.32967 1.22623 1.16451 1.15255 1.43023 1.96747 1.26377 1.17164 1.11625 1.11813 2.52678 1.05301 1.04983 0.93457 0.907929 0.903604 0.876477 0.872902 0.867589 0.864941 0.772221 0.763025 0.750976 0.736853 0.65588
threshold=-0.28333333134651179 0.24333333969116214 -0.01629543304443359 0.074303150177001967 0.47666665911674505 0.017564586363732818 -0.3899999856948852 0.012335670646280052 0.0389526765793562 0.024153697304427627 0.029561042785644535 0.33666664361953741 -0.11666667461395262 -0.36333334445953364 0.1566666662693024 0.030000001192092899 -0.12999999523162839 -0.28333333134651179 -0.26999998092651362 0.044630834832787521 0.025791112333536152 0.17000001668930056 0.056666672229766853 0.02714524976909161 0.026041304692626003 0.032098621129989631 0.014356491621583702 0.056666666641831405 -0.26333332061767573 -0.43000000715255732
decision_type=2 2 2 2 2 2 2 2 2 2 2 2 2 2 2 2 2 2 2 2 2 2 2 2 2 2 2 2 2 2
left_child=1 7 6 8 5 -5 17 -1 9 10 12 19 -2 14 16 21 -9 24 -18 -10 -11 -16 29 28 -3 -12 -14 -4 -6 -13
right_child=3 2 27 4 23 -7 -8 13 11 20 25 22 26 -15 15 -17 18 -19 -20 -21 -22 -23 -24 -25 -26 -27 -28 -29 -30 -31
leaf_value=0.012448692794467871 0 -0.005216983055161056 -0.00087746158666478918 0.013674259887938725 0 -0.0075711041725373077 -0.0083572648285133496 -0.0089407763410460864 0.0055817825670641461 0.0093695840340820031 0.015295912009919983 -0.00065124763612641942 0 0.00098870559509338764 -0.0068632017453598487 -0.021381787235229821 0.015980166911389416 0.01784271814263726 -0.0023258844311169822 -0.005338062971124981 -0.0038576111446590069 0.011447494179692583 -0.0034055796371163698 0 0.01015237116688603 -0.0029782774525507617 -0.02138432706093861 0.015393295078178888 -0.021845832092266117 0.012706628528699797
leaf_weight=9.0258332425728423 13.356294522294773 18.636363720055673 4.3289385596290222 5.4398585720919099 2.9395963042043212 14.674282097723333 15.294821699615566 9.9717631591483968 19.893188863061368 15.965666987933217 4.1433967410121095 6.6242219875566652 4.525039206724613 103.15651099663228 5.4449437363073212 20.932541072368622 8.1778736761771125 7.3652077428996554 7.2952828928828231 57.31010149884969 23.165849026525393 7.7676818831823766 8.7220232808031124 4.7529559240210792 8.4738214146345836 6.0396182283293456 27.736780565232038 39.146048775175586 19.852263719541952 36.689725915202871
leaf_count=202 1151 283 104 713 238 1603 584 219 2077 1213 501 187 530 3200 133 351 94 116 191 6186 1865 126 553 509 108 705 2706 903 2287 1426
internal_value=-0.000366415 0.00217998 0.00745431 -0.00293243 -0.00985108 0 0.000966847 -0.000697477 -0.00113446 -0.00521915 -0.0100335 0.00177952 -0.014324 -0.00199141 -0.00714998 -0.0123753 9.03654e-05 0.00634676 0.00794674 -0.00202424 0.00151333 0.00281359 0.00747957 -0.0157551 0 0.0058268 -0.0187977 0.0133579 -0.0190928 0.0103261
internal_weight=536.848 265.018 93.2452 271.831 47.659 20.1141 49.7702 171.772 224.172 94.9326 55.8011 129.239 45.6181 162.747 59.5901 34.1452 25.4449 34.4754 15.4732 77.2033 39.1315 13.2126 52.036 27.5448 27.1102 10.183 32.2618 43.475 22.7919 43.3139
internal_count=31064 6614 2098 24450 5350 2316 1091 4516 19100 8671 5593 10429 4387 4314 1114 610 504 507 285 8263 3078 259 2166 3034 391 1206 3236 1007 2525 1613
is_linear=0
shrinkage=0.05


Tree=47
num_leaves=31
num_cat=0
split_feature=16 5 38 38 29 4 37 4 9 37 40 38 23 31 39 40 27 40 25 39 18 40 39 19 37 36 9 38 5 10
split_gain=1.43137 2.01716 2.01085 1.3097 1.29816 1.24234 1.37173 1.20542 1.20297 1.25328 1.7052 1.47111 1.1492 1.015 1.08388 0.9738 1.16483 1.08216 0.926968 0.899745 0.803554 0.779779 1.51576 0.815527 0.757841 0.90826 0.752717 0.726088 0.658634 0.688149
threshold=-0.26333332061767573 0.21666666865348819 -0.020427703857421872 0.074303150177001967 0.056666672229766853 0.41000002622604376 -0.015917301177978512 -0.29666668176650995 0.19666665792465213 0.04525041580200196 0.23666666448116305 -0.065736293792724595 0.24333333969116214 0.48333334922790533 0.024153697304427627 0.47666665911674505 -0.13666665554046628 0.14999999850988391 -0.0099999904632568342 0.026041304692626003 -0.40333333611488337 0.47666665911674505 0.017564586363732818 -0.28333333134651179 -0.016572475433349606 0.13666665554046634 1.0000000180025095e-35 -0.070828437805175767 -0.030000001192092892 0.083333313465118422
decision_type=2 2 2 2 2 2 2 2 2 2 2 2 2 2 2 2 2 2 2 2 2 2 2 2 2 2 2 2 2 2
left_child=1 7 5 4 13 6 18 15 12 10 -10 -12 28 14 24 17 -17 -1 -3 -16 -13 22 -5 -23 25 -2 -15 -8 29 -9
right_child=3 2 -4 21 -6 -7 27 8 9 -11 11 20 -14 26 19 16 -18 -19 -20 -21 -22 23 -24 -25 -26 -27 -28 -29 -30 -31
leaf_value=0.0083009317615773161 -0.011405301603121211 -0.00074681766484683827 0.014120104702980169 0.013414820492689493 -0.0066642855147129379 -0.011239432710932371 0.0028399442203879861 -0.011496737073142976 0 0.0040776217352418978 0.00041743745043859061 -0.032233795797064653 0.0080421365792011628 0.017227410004210599 0.01160721217620281 0.018176273412671796 -0.0025919659574347182 -0.013896387537413363 0.015763704141348051 0 -0.0028407112181354859 0.0012173375260890208 -0.0094224465795484259 -0.017779714086470343 0.00099837498041826871 0.0021528413377982984 -0.0011698966490572582 -0.012540235122795168 0.0012593050947843924 0.00064685561670639418
leaf_weight=4.0095048858784157 33.407026951899752 7.9480009227991131 51.979412615764886 5.2789384056814042 62.669335398357362 10.57416461361572 8.8818244645372051 24.365564437117428 15.16565740527585 8.5999936976004374 4.4268859690055242 10.369974960573018 27.310464453184977 10.059348064241929 22.730044452939183 15.18579258490354 5.1609341052826485 5.2132777124643326 19.078839433379471 32.840079616289586 6.5500742539297834 3.19619152392261 13.873808731092138 22.587175333872437 40.447978734271601 11.521271641133351 3.8419402290601274 8.1016994207166118 34.940902192145586 12.058992439880965
leaf_count=121 2766 212 1215 693 6099 291 185 871 395 180 114 176 720 231 1626 252 178 140 381 2540 214 238 1553 2688 4314 932 151 188 1140 323
internal_value=-3.46692e-05 0.00238144 0.00761998 -0.00270035 -0.000858487 0.000232064 0.00450594 -0.000846509 -0.00290571 -0.00914185 -0.0129796 -0.0204398 6.70741e-05 0.00149673 0 0.00726505 0.0125689 -0.00313582 0.0108978 0.00513162 -0.0256683 -0.0099739 -0.000435538 -0.014853 -0.00345118 -0.00759359 0.0120669 -0.00476755 -0.00304873 -0.00736421
internal_weight=542.375 279.922 106.564 262.453 217.517 54.5845 44.0104 173.358 143.789 45.1126 36.5126 21.3469 98.6759 154.848 140.946 29.5695 20.3467 9.22278 27.0268 55.5701 16.92 44.9361 19.1527 25.7834 85.3763 44.9283 13.9013 16.9835 71.3655 36.4246
internal_count=31127 7296 2472 23831 18659 1257 966 4824 4133 1079 899 504 3054 12560 12178 691 430 261 593 4166 390 5172 2246 2926 8012 3698 382 373 2334 1194
is_linear=0
shrinkage=0.05


Tree=48
num_leaves=31
num_cat=0
split_feature=30 4 31 2 36 1 38 38 19 5 36 36 1 13 38 40 8 39 32 10 9 1 9 26 19 10 39 41 41 41
split_gain=1.87172 1.16626 1.31439 1.14211 1.14938 1.02181 1.08268 1.70004 0.988879 1.04046 0.952803 0.764495 0.651118 0.63609 0.618656 0.841007 0.502656 0.730024 0.748041 0.705474 0.670814 0.692431 0.54004 0.608585 0.458773 0.635893 0.455937 1.13466 0.792181 0.781259
threshold=0.42833334207534796 0.31666666269302374 0.46333330869674688 0.32999998331069952 0.41666668653488165 0.13666665554046634 0.10707092285156251 -0.022851467132568356 -0.18333333730697629 0.27666664123535162 0.44333332777023321 0.37666666507720953 0.32999998331069952 -0.4433333277702331 0.0089869499206542986 0.11333333328366281 -0.083333343267440782 0.020484371110796932 -0.35000000894069666 -1.0000000180025095e-35 -0.12999999523162839 0.096666663885116591 0.26333332061767584 0.20333331823349002 -0.3899999856948852 0.096666663885116591 0.023888173513114456 0.043214606121182449 0.033665612339973457 0.05374265834689141
decision_type=2 2 2 2 2 2 2 2 2 2 2 2 2 2 2 2 2 2 2 2 2 2 2 2 2 2 2 2 2 2
left_child=1 2 8 4 13 -5 7 11 9 16 -6 -7 14 -2 15 -4 19 22 -19 -1 -20 -22 23 -18 25 -3 27 28 -10 -28
right_child=3 24 12 5 10 6 -8 -9 26 -11 -12 -13 -14 -15 -16 -17 17 18 20 -21 21 -23 -24 -25 -26 -27 29 -29 -30 -31
leaf_value=-0.00045053053538381631 0.017375293580962604 0.009513389864943024 0 -0.013797027537765797 -0.011984133739340985 -0.012152380334726008 -0.010884803171098217 0.016221562981308748 -0.0020157748673619896 0.011126996465840153 0.0071336923205430162 0.00470913534902535 -0.0034629211556305804 0.00092599832180380911 -0.0006864478745770389 0.018998384268482903 -0.0015188451776376281 0.0072421908997845679 0.0032076770583971039 0.0085834510590949223 -0.013762840202348676 -0.00044698083526906076 -0.0068775934543553524 0.0094557652273452569 -0.0096070125293327927 -0.006548020555209158 0.0027224564113410166 0 -0.015980073474863847 -0.0089097478149102339
leaf_weight=50.063651247648522 31.100691344588991 4.9406628543511015 6.2532830224372544 5.1190354677382848 5.4855102011933914 7.0150088649243134 3.9688277554232618 16.524872660404071 24.091653895564377 16.981259322026744 8.4793391979765129 6.4293032144196332 3.3887487801257512 11.806122528854759 4.2911579739302388 16.084446215769276 14.587554834783075 3.2122055229265234 6.0879955254495135 26.245271020336077 30.551435602363199 19.432756180176511 5.821950568817555 21.578341551590711 46.295733189908788 7.9832263928838074 45.898323703557253 45.147896362701431 27.479575091041625 13.777223342098294
leaf_count=2664 331 97 142 143 128 179 133 476 2737 426 286 214 132 372 329 291 838 115 276 928 1193 731 212 585 4222 179 4174 4515 2929 1189
internal_value=3.00517e-05 -0.00132076 -0.000192344 0.00618677 0.0103667 0 0.00331133 0.00738845 -0.00117005 0.00110439 -0.00046846 -0.00383825 0.00883528 0.0140292 0.0115155 0.0143908 -5.01839e-05 -0.00243055 -0.00588086 0.00275204 -0.00766277 -0.00963521 0.00204632 0.00485001 -0.00751132 0 -0.00408978 -0.00612582 -0.0107808 -0.000151033
internal_weight=536.123 440.194 380.975 95.9287 56.8717 39.057 33.938 29.9692 350.957 194.562 13.9648 13.4443 30.0176 42.9068 26.6289 22.3377 177.581 101.272 59.2844 76.3089 56.0722 49.9842 41.9878 36.1659 59.2196 12.9239 156.395 96.7191 51.5712 59.6755
internal_count=31166 28904 24406 2262 1117 1145 1002 869 23512 7968 414 393 894 703 762 433 7542 3950 2315 3592 2200 1924 1635 1423 4498 276 15544 10181 5666 5363
is_linear=0
shrinkage=0.05


Tree=49
num_leaves=31
num_cat=0
split_feature=11 38 3 28 17 7 31 40 16 38 37 15 5 29 30 38 10 19 33 28 31 29 11 41 23 26 7 31 39 32
split_gain=1.74258 2.31492 1.36785 1.1791 0.913554 0.896771 0.823154 1.28978 0.713473 0.824402 0.847952 0.753809 0.884209 0.960894 0.799143 0.79108 0.763441 1.0889 0.78006 0.715491 0.974839 0.725927 0.615868 0.535431 0.514163 0.505686 0.40679 0.388978 0.382298 0.563314
threshold=-0.45666666328907007 0.00094079971313476573 -0.15666666626930234 0.35500001907348638 0.38999998569488531 0.37000000476837164 0.47666668891906744 0.26666666567325598 0.18333333730697635 -0.043200969696044915 -0.05776929855346679 -0.48333333432674402 -0.0083333253860473615 0.083333313465118422 0.38333332538604742 0.18432664871215823 0.41000002622604376 -0.04333332180976867 0.20333331823349002 0.22333335876464847 -0.21000000834465024 0.16333335638046267 -1.0000000180025095e-35 0.037598842754960067 0.21666666865348819 0.069999992847442641 0.21666666865348819 -0.33666665852069849 0.015789056196808818 -0.2766666561365127
decision_type=2 2 2 2 2 2 2 2 2 2 2 2 2 2 2 2 2 2 2 2 2 2 2 2 2 2 2 2 2 2
left_child=1 2 -1 -3 6 -4 8 -8 11 -10 -11 -2 13 -13 15 19 17 18 -16 -14 23 -22 -18 -21 -20 -25 -27 -12 -15 -30
right_child=4 3 5 -5 -6 -7 7 -9 9 10 27 12 14 28 16 -17 22 -19 24 20 21 -23 -24 25 -26 26 -28 -29 29 -31
leaf_value=0.010424438750314234 -0.011425839471907871 0.00034853964616676764 -0.014326549248090598 0.020301568383807301 -0.0086299036859206601 0.0022280772023538721 -0.0042130298163623858 0.015935955832303457 3.6849012000173342e-05 0.0044707015909108963 0 0.00052058689115194148 0.0027219076910579877 0 0 0.011891395365672136 -0.0084566347522555697 -0.0040932366214347744 0.0025871892707920894 0.0070083556468753501 0 -0.01410257878064972 0.0070253399419618516 -0.011203351910655997 0.022571392960773994 0.0076586597314763534 -0.0053191374407390735 -0.013309954441097047 0.00026011197844410096 -0.01145793917093336
leaf_weight=6.7519730040803578 8.7710393154993636 13.914123077644033 15.92906079022214 22.141543776262552 38.160409196047112 7.1343892915174356 8.0999170481227356 11.606242966838179 31.047588891815394 4.0007033769506952 5.5751615306362501 79.601735784206539 58.341344570741057 11.541524916887282 8.5727719031274301 7.1514507203828535 8.5635919431224448 5.3693268983624867 9.5707916256506014 15.97040752484463 12.436136638047172 22.320054209325463 4.6629087370820335 6.1981605349574265 14.819823451107366 7.436998598277567 3.5897865081205964 37.012001304887235 7.7163131705019614 38.849568018689752
leaf_count=152 113 338 351 267 3499 116 233 300 2212 305 691 6165 4426 515 191 305 223 421 209 528 947 1295 227 351 255 193 118 4014 326 1790
internal_value=-0.00056462 0.00662696 -0.00284713 0.0143443 -0.00170309 -0.00894262 -0.000918614 0.0076312 -0.00149501 -0.00564634 -0.00948126 -0.000365563 6.206e-05 -0.0028238 0.00236229 4.50993e-05 0.00729538 0.0105603 0.0138515 -0.000945631 -0.0043979 -0.00967823 -0.00120919 0.0011281 0.0176113 -0.00364954 0.00157986 -0.0116967 -0.00741519 -0.00923253
internal_weight=532.857 65.8711 29.8154 36.0557 466.986 23.0635 428.825 19.7062 409.119 77.6355 46.5879 331.484 322.713 137.709 185.004 133.444 51.5592 38.3327 32.9634 126.293 67.9515 34.7562 13.2265 33.1954 24.3906 17.2249 11.0268 42.5872 58.1074 46.5659
internal_count=31076 1224 619 605 29852 467 26353 533 25820 7222 5010 18598 18485 8796 9689 8163 1526 1076 655 7858 3432 2242 450 1190 464 662 311 4705 2631 2116
is_linear=0
shrinkage=0.05


Tree=50
num_leaves=31
num_cat=0
split_feature=17 30 25 25 2 33 15 7 26 39 41 16 37 39 37 39 41 37 41 29 39 40 40 6 23 1 39 41 16 0
split_gain=1.49804 1.23428 1.0581 1.65786 1.65477 0.963758 1.26489 0.614919 0.578563 1.04605 0.849568 0.665609 0.862231 1.64991 1.16251 0.803159 0.670654 0.646722 0.685291 0.855243 0.767137 0.741359 0.526382 0.515249 0.513251 0.577773 0.490691 0.480416 0.592866 0.47169
threshold=0.38999998569488531 0.44833332300186163 0.2833333313465119 -0.069999992847442613 -0.076666668057441698 0.31000000238418585 -0.3899999856948852 0.38999998569488531 0.23666667938232425 0.023888173513114456 0.051111852750182159 -0.37666666507720942 0.009663581848144533 0.015892331488430503 0.027335166931152347 0.016749243251979355 0.038151148706674583 0.076100349426269545 0.046853924170136459 0.34166663885116583 0.025566946715116504 0.67000001668930065 0.12333333119750024 0.23000001907348636 -0.090000003576278673 -0.30333334207534784 0.021861078217625621 0.044630834832787521 -0.25666666030883784 -0.40333333611488337
decision_type=2 2 2 2 2 2 2 2 2 2 2 2 2 2 2 2 2 2 2 2 2 2 2 2 2 2 2 2 2 2
left_child=1 7 3 4 -3 -4 -7 8 9 10 11 16 13 -13 15 -14 -1 18 20 26 22 -21 -10 -5 -11 -26 -20 28 -15 -24
right_child=-2 2 5 23 -6 6 -8 -9 17 24 -12 12 14 27 -16 -17 -18 -19 19 21 -22 -23 29 -25 25 -27 -28 -29 -30 -31
leaf_value=0.0070038278068163123 -0.0084187204906297601 0.012640132947735916 0.010436528847539943 0.0020491628394565019 -0.011020545841577807 -0.014664203416776137 0.0070463679003682058 -0.0070379675011406897 0.00069199021859261349 -0.0007963437899203568 0.002047124160336043 0.0017463386632612611 -0.0023475948884812501 -0.00062487789997484945 -0.0070559937109495909 0.016591874405674414 -0.0061717879653823146 -0.005103998065261954 -0.0014284387393171884 -0.017154111770196139 -0.00067900543475897816 0.0015470870866908073 -0.00079968341610013669 0.020278324954567009 -0.0043628379712820275 0.0077818039326392743 0.0078593364331901363 -0.00088859641349379862 -0.021320001566206517 0.012943730735832652
leaf_weight=14.969409879064189 38.491912458324805 6.5286518386565175 4.6774992421269443 9.9972489692736399 11.620362202404065 12.319942575413737 4.3238215066958192 22.39764762041159 20.796628980664536 38.667059820378199 42.427580691408366 14.081169499550013 4.2228869460523111 7.1862584708724127 21.279301513452083 6.7155426468234509 11.211681881686671 14.334468589397146 20.937473254743963 6.1099509091582132 20.482691330136731 4.0182992795016617 2.5536249119322738 22.437897414434701 4.9928327200468621 50.692105746362358 19.518282114295289 8.6763154431246203 25.494648440508175 45.20030208164826
leaf_count=379 3541 79 64 123 195 196 247 1747 850 2662 3157 1383 409 372 2209 636 318 625 904 165 778 97 114 319 309 3375 850 689 2557 1793
internal_value=0.000315563 0.00113104 0.00692077 0.0105795 -0.000448142 -0.0012615 -0.00754742 1.58545e-05 0.000564403 -0.000840836 -0.00337972 -0.00561217 -0.00761494 -0.0111116 -0.000144098 0.0095626 0.000485977 0.00295401 0.00412922 -9.11571e-05 0.00664445 -0.0103692 0.00904656 0.0165071 0.00306557 0.00596915 0.00295073 -0.0156839 -0.0182184 0.0117365
internal_weight=537.363 498.872 71.9054 50.5842 18.149 21.3213 16.6438 426.966 404.569 250.617 156.265 113.837 87.6561 55.4384 32.2177 10.9384 26.1811 153.952 139.617 50.584 89.0332 10.1283 68.5506 32.4351 94.352 55.6849 40.4558 41.3572 32.6809 47.7539
internal_count=31142 27601 1223 716 274 507 443 26378 24631 18455 12109 8952 8255 5001 3254 1045 697 6176 5551 2016 3535 262 2757 442 6346 3684 1754 3618 2929 1907
is_linear=0
shrinkage=0.05


Tree=51
num_leaves=31
num_cat=0
split_feature=31 26 39 40 14 37 33 6 20 12 31 27 4 31 24 26 39 38 30 24 38 38 26 40 29 7 18 39 3 24
split_gain=1.71504 1.03887 1.26125 0.941856 0.918005 1.25843 0.965122 0.889034 0.741969 0.797241 0.747694 1.11919 0.813148 0.73365 0.83696 1.45896 0.657179 0.533982 0.569974 0.508931 0.629675 0.480576 0.477766 0.550521 0.454218 0.524482 0.42951 0.401117 0.368515 0.356189
threshold=-0.4433333277702331 0.44333332777023321 0.0300090815871954 0.056666666641831405 -0.4433333277702331 0.011377334594726564 0.30333334207534796 0.38333332538604742 0.35000002384185797 0.43000000715255743 0.44333332777023321 -0.056666672229766839 0.096666663885116591 -0.036666661500930779 0.01666665077209473 0.34333333373069769 0.027981002815067772 -0.022851467132568356 0.12333333492279054 0.096666663885116591 0.18432664871215823 0.19940757751464847 0.17666667699813846 0.65666666626930248 0.056666672229766853 -0.12333333492279051 -0.10333332419395445 0.018832436762750152 -0.24999999999999997 0.23000001907348636
decision_type=2 2 2 2 2 2 2 2 2 2 2 2 2 2 2 2 2 2 2 2 2 2 2 2 2 2 2 2 2 2
left_child=4 8 3 -3 5 7 -7 -1 9 10 13 -12 -13 14 16 19 22 -5 -19 -16 26 28 -2 -24 25 27 29 -15 -10 -21
right_child=1 2 -4 17 -6 6 -8 -9 21 -11 11 12 -14 24 15 -17 -18 18 -20 20 -22 -23 23 -25 -26 -27 -28 -29 -30 -31
leaf_value=0.020079910008851856 -0.00057343027079159313 -0.0053078191123839946 -0.0097308275728296631 0.00084961743020557374 -0.0020303375058124975 0.0084973999062885018 -0.0081616705296745258 0 0 -0.010336399126151566 -0.0046059316462446617 0.015368141800737143 -0.00058172180072629017 0.00092033426988008527 0.0071280542529556391 0.014291428389303907 0.0048976637350037011 0 0.014860138618953276 -0.0047901212021897966 0.0089332548092000783 0.0042848591777111559 -0.014301971257199411 0 -0.008330071274313974 0.0029066958189136408 -0.0093283407553442638 -0.0070690850392836962 -0.0096154211377388644 0.0042623536996782728
leaf_weight=22.392407408915464 38.593509729485959 6.909711710875853 6.8999336438719174 19.727835490601137 14.518165796296669 12.086683285422625 10.616031058132647 8.6551460558548552 7.9862595461308947 15.306031104875727 10.90681655704975 19.10826173005626 6.8961472015362224 14.901252158451824 14.092764172935857 19.850283502833918 14.348617997253312 4.5823021498508743 30.670662575168535 15.823659685906021 4.1026970490347585 2.354170241393148 15.002083903644236 8.5595630367752147 38.520477775018662 31.536522779148072 18.054442818742249 37.21296762721613 49.295077265240252 15.451460861600934
leaf_count=249 3147 161 226 518 1012 137 130 120 572 1622 473 414 228 1662 675 447 825 203 660 665 153 116 642 319 3425 3310 1723 3350 3363 634
internal_value=0.000115181 -0.00094929 0.00437856 0.00704077 0.00721749 0.0100868 0 0.0157801 -0.00198364 -0.000935322 -0.000233381 0.00583749 0.0110411 -0.00120619 0.000857813 0.00418116 -0.00266282 0.0093722 0.0127182 0 -0.00205683 -0.00691998 -0.0050525 -0.00993796 -0.00408041 -0.00141809 -0.00429232 -0.00449529 -0.00813815 0
internal_weight=534.962 466.694 68.7904 61.8905 68.2684 53.7503 22.7027 31.0476 397.903 338.268 322.962 36.9112 26.0044 286.05 163.879 87.3753 76.5038 54.9808 35.253 67.525 53.4323 59.6355 62.1552 23.5616 122.171 83.6507 49.3296 52.1142 57.2813 31.2751
internal_count=31181 29533 1768 1542 1648 636 267 369 27765 23714 22092 1115 642 20977 9230 4297 4933 1381 863 3850 3175 4051 4108 961 11747 8322 3022 5012 3935 1299
is_linear=0
shrinkage=0.05


Tree=52
num_leaves=31
num_cat=0
split_feature=30 32 37 17 37 27 7 41 17 37 41 32 38 41 17 16 25 16 16 38 38 37 21 39 41 37 32 39 21 19
split_gain=1.60925 1.14671 1.22875 0.956232 0.843278 0.591913 1.30856 0.95115 0.784386 0.810428 0.785489 0.632369 1.01823 0.993332 0.863199 0.832983 0.775902 0.63077 0.602612 0.552625 0.848223 0.531919 0.524416 0.513955 0.384887 0.383549 0.569759 0.343072 0.551083 0.616335
threshold=0.46166664361953741 0.37000000476837164 0.0067873001098632821 0.38999998569488531 0.04525041580200196 -0.41666667163372034 0.33666664361953741 0.038634473457932479 -0.14333333075046537 0.034357547760009773 0.061374438926577575 -0.04333332180976867 0.074303150177001967 0.038504686206579215 -0.4433333277702331 -0.36333334445953364 -0.21000000834465024 -0.35000000894069666 0.31000000238418585 0.032184123992919929 -0.056065082550048821 0.019855022430419925 1.0000000180025095e-35 0.024153697304427627 0.027909389697015289 -0.10532808303833006 0.41000002622604376 0.028816987760365013 -0.31000000238418574 -0.20333333313465116
decision_type=2 2 2 2 2 2 2 2 2 2 2 2 2 2 2 2 2 2 2 2 2 2 2 2 2 2 2 2 2 2
left_child=3 2 -2 5 -4 7 11 17 9 10 -9 12 13 21 -15 -14 22 23 25 20 -3 -7 -16 -1 -23 -8 -27 -13 -29 -30
right_child=1 19 4 -5 -6 6 18 8 -10 -11 -12 27 15 14 16 -17 -18 -19 -20 -21 -22 24 -24 -25 -26 26 -28 28 29 -31
leaf_value=0.015969427067678309 0.018830110122527229 0.004897879900933288 -0.0071991455956499743 -0.0081845117312916334 0.0095875636582099105 -0.0075656006362330502 0 -0.014287619040409797 0.0065587789239208161 0.0034444726369600464 0.0022739835400387388 0.00085370848799501029 0.0015432669898840696 -0.0091144617975399151 0.01549619796203747 -0.013226701784329524 0 0 0.00077372396986752508 0.006739169022099355 -0.013299509850719791 0.010485468885567478 0.00059407735472721715 0 -0.001905275612048854 -0.017917070134877769 0 -0.0040080626032438392 0.014345239486967304 0
leaf_weight=18.819893362000588 21.302431035088375 4.2517272154800603 9.0599133870564419 33.761935465736315 8.45599142834544 40.494249149691314 2.3854347027372595 17.650015991181139 15.04235841706395 10.556967942742629 4.8158619240857652 133.74919237731956 8.173092926386742 4.9380039600655428 17.199550669640306 24.496824675472453 38.688979341182858 12.546522686723618 6.3677947407122693 5.845685562118887 9.5213894525077194 2.8939255012664935 13.577991785015909 6.4152465611696234 10.11938182916492 17.392045043874536 8.0307582495734078 3.1070340331643846 15.225866253487769 8.8615366376470739
leaf_count=292 259 186 125 3196 111 3079 123 404 472 217 114 8654 198 154 1102 2422 2947 469 649 222 302 241 987 106 773 1212 756 210 488 757
internal_value=0.000194986 0.00764935 0.0121443 -0.000753482 0.000220244 -2.73189e-05 -0.000991456 0.00349914 -0.00080024 -0.00528607 -0.0101282 0 -0.00210911 0 0.00366114 -0.00921904 0.005553 0.00889984 -0.00950139 -0.00102991 -0.00663604 -0.00486009 0.0107711 0.0127086 0.00197468 -0.0123135 -0.0139157 0.00224301 0.00693343 0.00969352
internal_weight=533.748 58.4371 38.8183 475.31 17.5159 441.549 355.702 85.8469 48.0652 33.0228 22.4659 321.526 160.582 127.912 74.4045 32.6699 69.4665 37.7817 34.176 19.6188 13.7731 53.5076 30.7775 25.2351 13.0133 27.8082 25.4228 160.944 27.1944 24.0874
internal_count=31227 1205 495 30022 236 26826 24752 2074 1207 735 518 22012 11903 9283 5190 2620 5036 867 2740 710 488 4093 2089 398 1014 2091 1968 10109 1455 1245
is_linear=0
shrinkage=0.05


Tree=53
num_leaves=31
num_cat=0
split_feature=30 32 3 37 4 12 31 8 37 27 5 25 3 10 23 24 37 1 9 40 31 31 30 12 24 30 31 40 39 9
split_gain=1.09865 1.20911 1.4299 1.47326 1.11097 0.767484 0.754934 0.895318 0.660127 0.604525 0.880728 0.854985 0.854548 0.958689 1.03053 0.715218 0.636734 0.609381 0.522519 0.686778 0.492072 0.448437 0.518169 0.426162 0.409872 0.404751 0.5428 0.404731 0.517026 1.27421
threshold=0.46166664361953741 0.11000001430511476 0.31000000238418585 0.04200792312622071 0.44333332777023321 0.43000000715255743 0.45666664838790899 0.13666665554046634 0.005856037139892579 -0.16333332657814023 0.32333332300186163 0.13666665554046634 0.069999992847442641 0.23000001907348636 0.29000002145767217 -0.33666665852069849 0.005856037139892579 -0.0099999904632568342 -0.069999992847442613 0.61000001430511486 -0.1766666769981384 -0.43000000715255732 0.22333335876464847 0.043333351612091071 -0.023333340883255001 0.44833332300186163 0.096666663885116591 0.050000000745058067 0.029205097816884521 -0.036666661500930779
decision_type=2 2 2 2 2 2 2 2 2 2 2 2 2 2 2 2 2 2 2 2 2 2 2 2 2 2 2 2 2 2
left_child=5 -2 3 -3 8 6 9 24 -4 10 12 -12 15 14 17 -1 -13 -14 19 20 -17 -15 -23 -19 -8 26 -20 -11 -29 -30
right_child=1 2 4 -5 -6 -7 7 -9 -10 27 11 16 13 21 -16 18 -18 23 25 -21 -22 22 -24 -25 -26 -27 -28 28 29 -31
leaf_value=-0.0077840603986585634 0.017235726773769354 -0.014436201608619848 0.018592904101416369 0.0067044581877945559 -0.0033492413377135596 -0.0097931425720545057 0.014470064820352575 -0.0035029203454300106 0 0.0029266772031502422 0.015219777887062441 -0.0076334643533936073 0.0024722444967486732 0 0.0076802842116819982 -0.013668596971400169 0.0077793547544744782 -0.01173117506831374 0.0092551060599421579 0.0057749707065804642 0 0 -0.015987427641803654 0.00057887298305881634 0 -0.003626416395861982 -0.000550120903723275 -0.0052072380787191886 0.0090596217315706065 -0.0075535893293127918
leaf_weight=9.3465949886012805 11.116632988210766 15.276246788678693 12.970773761160677 7.0508433179929844 8.2517770936246944 19.108094599097967 15.064584244508294 10.515356751391662 5.4787420048378399 15.278920401586218 12.430230101104828 8.4678424701560271 10.041523180669172 3.3589545809663859 18.624962346162647 6.5773808928206572 6.3730524005368343 20.240884195314724 50.164025168633088 12.900781390490009 13.207962619839236 3.2112930049188462 19.921823969343677 3.8835114184766999 8.1315936332102883 3.071828866377472 11.833229823503641 152.34148440440185 18.457805744605139 15.227682637749238
leaf_count=561 128 249 220 112 396 2056 341 464 122 1308 432 343 436 61 742 211 278 765 1455 636 901 225 634 273 259 45 853 14061 1329 1099
internal_value=-0.000320741 0.00565479 0.000981652 -0.00687149 0.00836872 -0.00120369 -0.000658497 0.00583105 0.014168 -0.00132069 0.000432727 0.0080045 -0.000760287 -0.00460985 0 0.00196172 0 -0.00528947 0.00353074 -0.000924431 -0.00658956 -0.0113816 -0.0135262 -0.00919903 0.0107689 0.00600958 0.00713255 -0.00326094 -0.0039749 0.000913011
internal_weight=527.926 60.145 49.0284 22.3271 26.7013 467.781 448.673 33.7115 18.4495 414.962 213.656 27.2711 186.385 79.283 52.7909 107.102 14.8409 34.1659 97.7552 32.6861 19.7853 26.4921 23.1331 24.1244 23.1962 65.0691 61.9973 201.306 186.027 33.6855
internal_count=30995 1227 1099 361 738 29768 27712 1064 342 26648 8851 1053 7798 3136 2216 4662 621 1474 4101 1748 1112 920 859 1038 600 2353 2308 17797 16489 2428
is_linear=0
shrinkage=0.05


Tree=54
num_leaves=31
num_cat=0
split_feature=30 41 6 25 24 41 7 31 29 38 24 38 29 32 41 31 9 38 41 35 24 12 28 4 19 10 7 38 30 30
split_gain=1.64773 0.942218 0.915461 0.929637 0.956442 0.889867 0.791067 0.733073 0.976522 1.0363 0.949731 0.918428 0.856192 0.794881 0.77765 0.76994 0.857237 0.732253 0.657168 0.547617 0.532602 0.528696 0.447191 0.423335 0.587609 0.508995 0.408698 0.392515 0.388901 0.3873
threshold=0.42833334207534796 0.033144393935799606 0.41666668653488165 -0.24333333969116208 -0.14333333075046537 0.030753827653825287 0.3966666460037232 -0.24999999999999997 0.19666665792465213 0.074303150177001967 -0.016666665673255917 0.11496782302856447 0.20333331823349002 0.043333351612091071 0.052348928526043899 0.47666668891906744 0.11000001430511476 0.03019046783447266 0.033144393935799606 0.31666666269302374 -0.15000000596046445 -0.083333343267440782 0.12333333492279054 -0.32999998331069941 0.01666665077209473 -0.20333333313465116 -0.076666668057441698 0.032184123992919929 -0.4433333277702331 0.3966666460037232
decision_type=2 2 2 2 2 2 2 2 2 2 2 2 2 2 2 2 2 2 2 2 2 2 2 2 2 2 2 2 2 2
left_child=6 5 3 -3 -5 19 7 10 9 15 20 18 -12 -11 21 17 -17 23 -10 -2 -1 -14 -19 25 26 28 -25 -4 -9 -20
right_child=1 2 27 4 -6 -7 -8 8 11 13 12 -13 14 -15 -16 16 -18 22 29 -21 -22 -23 -24 24 -26 -27 -28 -29 -30 -31
leaf_value=0.0011227456327840845 -0.0027697753098800946 -0.00084959644294151006 -0.0068235582616145811 0 0.017297673576142071 -0.012883135083804627 -0.0089384856695995697 0.0046725502017904491 0 -0.01134795546972798 -0.00052976423970518133 0.0031101782675193868 0.01532461605103972 0.0021472603968337345 0 0.014386367116282285 -0.0032209231692697489 0.010260263620952873 -0.01342145115485203 0.0096231927650531623 -0.0081433601103269842 0 -3.9024720343076127e-05 -0.0032155200330024822 -0.0072780804691686936 0.0090074161693974569 0.0038755443936411334 0.0058929443410933088 -0.0071481644866147297 0
leaf_weight=35.506667762296274 10.211678539169958 8.472254919819532 9.057592452503739 10.492096569854764 37.112594971666113 5.7356310994364312 24.242889437824488 4.6912984019145361 11.619387869024647 26.233649276429787 22.520962424343452 12.014126562513409 30.047454078448933 9.840400686953215 10.345253105275331 14.843088981462644 4.5792414897587141 19.102034346200529 39.39017560868524 10.816921588033436 16.549510574201122 4.6189551244024214 10.177670048084108 39.3643820497673 40.853235108079389 13.129154208581893 30.797841356135905 3.0277841070201239 9.8689092749264109 3.8372462210245422
leaf_count=2275 169 189 470 211 621 129 2193 241 768 2477 1280 670 658 928 314 327 162 1889 2368 264 626 262 757 2973 3706 941 2054 214 698 172
internal_value=0.000189873 0.00598887 0.00894926 0.0114897 0.0140014 -0.00104571 -0.00108556 -0.000438798 -0.00184041 -8.49862e-05 0.00269037 -0.00687457 0.00645847 -0.00729125 0.0100961 0.00135605 0.00947126 0 -0.00956361 0.0034012 -0.00192964 0.013254 0.00657381 -0.00145423 -0.002942 0.00323029 0 -0.00135724 -0.00187148 -0.0121006
internal_weight=529.1 94.9266 68.1623 56.0769 47.6047 26.7642 434.174 409.931 290.342 223.481 119.589 66.8609 67.5326 36.074 45.0117 187.407 19.4223 167.985 54.8468 21.0286 52.0562 34.6664 29.2797 138.705 111.015 27.6894 70.1622 12.0854 14.5602 43.2274
internal_count=31006 2267 1705 1021 832 562 28739 26546 21131 17153 5415 3978 2514 3405 1234 13748 489 13259 3308 433 2901 920 2646 10613 8733 1880 5027 684 939 2540
is_linear=0
shrinkage=0.05


Tree=55
num_leaves=31
num_cat=0
split_feature=16 29 38 31 40 38 17 5 24 21 21 12 9 32 29 19 32 21 19 25 15 8 36 5 19 31 23 11 11 38
split_gain=0.967569 1.13532 1.07609 1.00051 0.873545 0.808294 0.656308 0.639153 1.30704 1.64521 1.01294 0.936398 0.809595 2.11721 1.31339 1.25037 0.709118 0.700803 0.622341 0.690392 0.786237 0.645297 0.650602 0.581349 0.650991 0.57064 0.552047 0.458333 0.728429 0.454809
threshold=-0.26333332061767573 0.056666672229766853 0.03821611404418946 0.33666664361953741 0.25000000000000006 0.03019046783447266 0.41000002622604376 0.21666666865348819 0.35666668415069586 -0.016666665673255917 0.46333330869674688 -0.04333332180976867 0.18333333730697635 0.096666663885116591 0.38333332538604742 -0.43000000715255732 -0.21666666865348813 0.069999992847442641 -0.24999999999999997 -0.063333332538604722 -0.24999999999999997 -0.090000003576278673 -0.22333332896232602 0.35000002384185797 -0.26999998092651362 -0.22333332896232602 0.20333331823349002 0.36333334445953375 0.11000001430511476 -0.029649734497070309
decision_type=2 2 2 2 2 2 2 2 2 2 2 2 2 2 2 2 2 2 2 2 2 2 2 2 2 2 2 2 2 2
left_child=7 2 3 5 27 -2 -6 12 9 -9 11 25 18 14 16 -15 -14 -10 19 21 -21 22 -1 -19 -25 -11 -23 28 -5 -30
right_child=1 -3 -4 4 6 -7 -8 8 17 10 -12 -13 13 15 -16 -17 -18 23 -20 20 -22 26 -24 24 -26 -27 -28 -29 29 -31
leaf_value=-0.0024711738263395065 -0.0031689498821046028 -0.0072575725578534755 -0.0062866134270721623 0.0037062424602032867 0.013732446666817661 0.012090502927565118 -0.0023835221071149188 -0.002547937488507632 0.0041949619557704199 0.019916324895724178 -0.00018061688265299147 -0.00029445446293594087 0.0050690953091677357 -0.020715937390936485 0.015190525141827827 0 -0.0088230638357256353 0.0010035823912162049 -0.006404635731621572 0.010620574463720589 -0.0023116319066999926 -0.010175733064597178 0.0099166700034503986 -0.019945709811671056 0 0.00096015333945000461 0.0022603793316225674 0.0078334226555942296 -0.014774301542572336 0.00048340689321605968
leaf_weight=11.977133668027816 73.94252613466233 75.533053430961445 46.105819510063156 9.3082185089588219 29.792935511097312 3.4090839736163607 2.7215178010519585 20.980219542281702 9.0827004469465482 33.360315648373216 9.7789416152518225 5.5325726389419279 9.1413620437961054 15.789882701821627 9.0689408080652338 9.7148428375367057 14.475299867335709 4.6618955382145968 10.067767329048364 40.047004067339003 9.4001973483245802 15.86256391531788 16.143586286576468 6.5823454260826137 4.7728612869977907 8.3000831350218487 7.4469480807892969 6.1753334291279307 8.4061632107477653 2.4013472364749715
leaf_count=347 7582 7903 5368 444 1191 422 167 546 291 588 192 183 240 228 137 382 431 105 614 938 342 545 426 112 244 225 198 259 297 162
internal_value=-0.00013907 -0.00234957 -1.63337e-05 0.00210678 0.00677516 -0.00137458 0.0115732 0.00187021 0.0048554 0.00801234 0.0121705 0.0149314 0 -0.00456228 0.00323126 -0.0140569 -0.0026641 -0.00379947 0.00242534 0.00385058 0.0077271 0 0.00440102 -0.00937607 -0.0139517 0.0172605 -0.00570028 0 -0.00390737 -0.0109344
internal_weight=529.983 257.796 182.263 136.157 58.8055 77.3516 32.5145 272.187 103.052 77.9521 56.9719 47.193 169.136 58.1903 32.6856 25.5047 23.6167 25.0998 110.945 100.877 49.4472 51.4302 28.1207 16.0171 11.3552 41.6604 23.3095 26.2911 20.1157 10.8075
internal_count=31109 23795 15892 10524 2520 8004 1358 7314 2486 1734 1188 996 4828 1418 808 610 671 752 3410 2796 1280 1516 773 461 356 813 743 1162 903 459
is_linear=0
shrinkage=0.05


Tree=56
num_leaves=31
num_cat=0
split_feature=30 32 19 31 38 35 28 24 26 19 38 30 39 41 28 24 35 41 26 38 37 4 9 26 38 3 39 22 11 30
split_gain=1.89517 1.17618 0.771602 0.826374 1.02529 0.781973 1.44656 0.926302 1.20509 0.976841 0.805191 0.670713 0.64714 0.618106 0.577637 0.549577 0.882697 0.569649 0.475451 0.474868 0.453587 0.448268 0.600066 0.481864 0.81517 0.969384 0.715078 0.519247 0.479107 0.448321
threshold=0.47500002384185797 0.37000000476837164 0.3966666460037232 0.42333334684371954 -0.022441387176513668 0.1566666662693024 0.46166664361953741 -0.030000001192092892 0.23666667938232425 -0.37666666507720942 -0.063383102416992174 0.48833334445953375 0.013578832149505617 0.047034999355673797 -0.41666667163372034 -0.33666665852069849 -0.41666667163372034 0.044630834832787521 0.37666666507720953 0.13470363616943362 -0.054805755615234368 0.30333334207534796 -0.04333332180976867 0.12333333492279054 0.11019897460937501 -0.22333332896232602 0.029205097816884521 0.14333331584930423 -0.36333334445953364 0.26333332061767584
decision_type=2 2 2 2 2 2 2 2 2 2 2 2 2 2 2 2 2 2 2 2 2 2 2 2 2 2 2 2 2 2
left_child=2 -2 3 5 15 21 7 -7 9 -9 18 -3 -12 -14 -4 -5 -17 -18 -10 -11 -6 23 -23 26 25 -25 -1 -27 -28 -29
right_child=1 11 14 4 20 6 -8 8 10 19 12 -13 13 -15 -16 16 17 -19 -20 -21 -22 22 -24 24 -26 27 28 29 -30 -31
leaf_value=-0.0054280280424333794 0.016015251789693066 0.0073646388843774521 0 -0.00035361474443874744 0.0051251596378257963 -0.0015177478177458199 -0.012932089708810086 0.0087498849186598629 0.0079220792789335606 -0.0083318379220379407 0 -0.0086528281722651323 0.020607405254888165 0.0010837236109632368 -0.011603305390007722 -0.001788909631126734 0.00034667240471880243 0.019417911295267321 -0.0065719998499346594 0.0042912109887530579 -0.0085957256756704244 0.00011839873626752311 -0.012340395783676827 0.010230925023991252 -0.0071656551835205633 -0.0033809451852801968 -0.0055523042473588262 0 0.0073742288597254116 0.010149619776762844
leaf_weight=100.96868860069662 23.389822764554992 6.3781224566046131 11.831644980236886 6.3067547162063411 2.1451693777926257 44.606860843254253 7.9910920744296154 13.759087613783775 4.123257087543605 22.085583942709494 3.4193758184555909 7.4286161912605166 22.950334030203525 8.8149006632156652 20.326963776955381 5.0758097325451699 8.2571873618289846 17.93519232980907 6.810458711348474 3.0592238309327504 10.657130071660502 9.6542946246918309 18.01482163136825 24.397397479973733 19.793148085940629 47.612937145866454 3.198214131640273 17.762763185426596 16.823953522369266 11.532312391791491
leaf_count=9088 294 219 1082 117 45 2934 356 274 132 2307 124 273 663 285 2051 100 241 272 154 303 835 787 1106 1238 801 2235 159 1011 1274 295
internal_value=0.000242047 0.0103168 -0.000588029 0 0.00566033 -0.000792531 0.00212259 0.00376601 0.0067301 0 0.0117008 -1.77245e-06 0.0149041 0.0168845 -0.00741931 0.00965116 0.012072 0.0153674 0 -0.00546253 -0.00406519 -0.00238419 -0.00800434 -0.00146303 0.000593466 0.00265833 -0.00364901 -8.92625e-06 0.00354458 0.00440635
internal_weight=527.111 37.1966 489.915 457.756 50.3772 407.379 137.62 129.629 85.0222 38.9039 46.1183 13.8067 35.1846 31.7652 32.1586 37.5749 31.2682 26.1924 10.9337 25.1448 12.8023 269.759 27.6691 242.089 121.099 101.305 120.991 76.908 20.0222 29.2951
internal_count=31055 786 30269 27136 1610 25526 7532 7176 4242 2884 1358 492 1072 948 3133 730 613 513 286 2610 880 17994 1893 16101 5580 4779 10521 3541 1433 1306
is_linear=0
shrinkage=0.05


Tree=57
num_leaves=31
num_cat=0
split_feature=30 32 25 41 25 4 5 25 39 31 5 38 21 5 10 14 25 26 14 29 39 35 30 32 14 31 38 36 20 41
split_gain=1.11455 0.941447 1.19145 1.01325 1.22437 0.781507 0.692703 1.01813 0.945049 0.628704 0.664236 0.53643 0.473646 0.469291 0.611253 0.572727 0.835724 0.566923 0.626026 0.756549 0.606705 0.512873 0.525962 0.511634 0.886968 0.475443 0.447741 0.566527 0.489531 0.410724
threshold=0.46166664361953741 0.11000001430511476 -0.12999999523162839 0.045473236590623863 0.26333332061767584 0.30333334207534796 0.27666664123535162 0.36333334445953375 0.015892331488430503 0.48333334922790533 -0.29666668176650995 0.18432664871215823 0.32999998331069952 -0.016666665673255917 0.056666672229766853 -0.26999998092651362 -0.049999997019767754 -0.29666668176650995 0.12333333492279054 0.069999992847442641 0.038657501339912421 -0.023333340883255001 0.29000002145767217 0.083333313465118422 0.44333332777023321 0.3966666460037232 -0.092090606689453111 1.0000000180025095e-35 0.40333333611488348 0.049973106011748321
decision_type=2 2 2 2 2 2 2 2 2 2 2 2 2 2 2 2 2 2 2 2 2 2 2 2 2 2 2 2 2 2
left_child=5 -2 -3 4 -4 6 9 8 -8 13 -11 -7 -5 17 15 16 -15 25 19 -19 23 22 -21 24 -20 -1 -16 -28 -29 -23
right_child=1 2 3 12 -6 11 7 -9 -10 10 -12 -13 -14 14 26 -17 -18 18 20 21 -22 29 -24 -25 -26 -27 27 28 -30 -31
leaf_value=-0.0008601644120940161 0.015702078578629829 -0.011837719494597852 0.017643928575189708 0.0026237303117181434 -0.00019473140434288707 -0.0070253224871506719 -0.0037735442804156141 -0.0059012513435835919 0.012469319281672858 0.013997720036779385 -0.0020856666251055952 0.0050173444915057146 -0.010516971739958353 -0.00010366030628600229 0.0034784351527291759 -0.00045509551695010857 0.013179248983819544 0.0013556814738865145 -0.015772455153351204 -0.0060450347341486806 0.0033864597687356304 -0.014610411453630437 0.0049875558217553394 0 0.0014527536772270537 0.009909720271284634 0.0013968912072241848 -0.010567315990427015 0.0022037112469139126 0
leaf_weight=31.569805698702112 11.495110209099947 6.8747931786347172 15.021107878535988 6.3681199986021948 12.605817722622303 72.425204636994749 6.0976637380663297 9.2060081730596703 29.306124764261767 7.6173153149429709 5.4077520130667818 3.7011413574218741 6.6554666147567332 14.942272037966175 12.516620052512733 32.446576921734959 20.138983503682539 62.979757189517841 31.834241013275459 17.567890371195976 3.0864636288024476 15.336740675382318 12.846026722574605 8.4518520226702076 4.9660717910155645 6.9842351295519611 14.713956265244631 29.634640828939155 3.4272319416049859 6.918727241922169
leaf_count=2683 134 132 197 190 388 5218 323 852 1457 187 156 228 179 601 593 3205 687 4600 2870 765 193 670 291 801 452 186 718 1512 143 310
internal_value=-0.000471625 0.00559711 0.00119975 0.00517948 0.0101785 -0.00135812 -0.000345676 0.00503574 0.00892653 -0.00119081 0.0074543 -0.00581164 -0.00397646 -0.00173287 0.000466154 0.00373769 0.00772424 -0.003214 -0.00450977 -0.00201958 -0.00912659 -0.00620758 -0.000644619 -0.0107644 -0.0129861 0.00160151 -0.00282753 -0.00514827 -0.0084683 -0.0111738
internal_weight=523.144 59.0204 47.5253 40.6505 27.6269 464.123 387.997 44.6098 35.4038 343.387 13.0251 76.1263 13.0236 330.362 127.82 67.5278 35.0813 202.542 163.988 115.649 48.3386 52.6694 30.4139 45.2522 36.8003 38.554 60.2924 47.7758 33.0619 22.2555
internal_count=30921 1220 1086 954 585 29701 24255 2632 1780 21623 343 5446 369 21280 7459 4493 1288 13821 10952 6636 4316 2036 1056 4123 3322 2869 2966 2373 1655 980
is_linear=0
shrinkage=0.05


Tree=58
num_leaves=31
num_cat=0
split_feature=27 41 7 7 25 40 6 31 35 0 23 8 19 31 3 32 38 36 36 41 25 16 2 10 32 30 1 27 26 7
split_gain=0.915912 1.41046 1.23228 1.16943 1.04545 1.01524 0.92458 0.808465 0.800011 0.633434 0.627795 0.687853 0.617669 0.617226 0.573377 0.564858 0.580407 0.694256 0.530167 0.51618 0.581479 0.495233 0.46613 0.491484 0.460961 0.496246 0.677579 0.436886 0.651789 0.745402
threshold=-0.41666667163372034 0.038634473457932479 0.32333332300186163 0.083333313465118422 -0.076666668057441698 0.34000000357627874 0.083333313465118422 0.48333334922790533 -0.10333332419395445 -0.25666666030883784 0.37666666507720953 -0.083333343267440782 -0.14333333075046537 -0.12333333492279051 -0.15666666626930234 -0.063333332538604722 -0.028223037719726559 0.12333333492279054 0.25666666030883795 0.033665612339973457 0.22333335876464847 -0.29666668176650995 0.17666667699813846 -0.10333332419395445 -0.056666672229766839 0.14999997615814212 0.16333335638046267 -0.236666664481163 -0.29666668176650995 -0.29000000655651087
decision_type=2 2 2 2 2 2 2 2 2 2 2 2 2 2 2 2 2 2 2 2 2 2 2 2 2 2 2 2 2 2
left_child=1 4 3 6 8 18 7 24 -1 -3 11 -11 -6 15 -13 -5 17 -17 -4 20 -20 -18 23 -7 27 -26 -27 -2 -29 -30
right_child=2 9 5 13 12 22 -8 -9 -10 10 -12 14 -14 -15 -16 16 21 -19 19 -21 -22 -23 -24 -25 25 26 -28 28 29 -31
leaf_value=0.0085757856480211045 0.0015477802720007573 0.0073493939904270946 -0.0076641925000086293 -0.0014551698225670666 0.017021146948005061 0 -0.0084035163750475674 0.010616942834741258 -0.0083887408208907135 0.0020038095252650542 0.0051503579974302464 0 0 0 -0.013368088935224101 -0.0065332769710875127 0.015187232631497875 0.0078242098292249426 0.0052697483450044264 0.0081567289601504767 -0.01112426396900547 0 -0.0025788726222594105 -0.019277470332866867 0.0056703383738191497 -0.0092844044337624995 0.0052696097910362866 0.00097076571768517242 -0.011024471532342964 -0.00028338453510083058
leaf_weight=6.8623368160333476 36.065732373856008 10.870154977776108 9.9128082208335382 8.5369964111596328 27.685153510421511 1.5631976837757999 33.904475679853931 10.319586972706018 8.9788819707464409 10.552647060481826 8.3022422168869507 6.882792802527546 6.9622945140581605 44.636294334195554 21.872219318291179 8.5454134410247224 29.006603523623195 12.601789486594496 3.2022190981078911 16.655393944587559 5.0868218711111695 5.9174927864223745 16.75981717929244 15.585294696502386 38.319168280344456 11.738980819704013 7.1319905761629334 32.417988555738702 38.387948976131156 33.778274715878069
leaf_count=159 1974 261 768 494 408 162 2501 248 208 252 161 161 333 3996 563 460 666 495 93 1101 391 670 1356 1136 2598 457 240 2527 3363 2955
internal_value=0.000290807 0.00428112 -0.000731329 0.000435585 0.00995793 -0.00658377 -0.00142901 0 0 -0.000702781 -0.00362435 -0.00646607 0.0142164 0.00464339 -0.010103 0.00755283 0.00933517 0.000939879 0 0.00355329 -0.00348794 0.0129247 -0.0120334 -0.0171303 -0.000943944 0.00246572 -0.00283445 -0.00254499 -0.00418985 -0.00672447
internal_weight=529.043 108.969 420.074 351.309 50.4887 68.7656 242.064 208.16 15.8412 58.4801 47.6099 39.3077 34.6474 109.245 28.755 64.6083 56.0713 21.1472 34.8572 24.9444 8.28904 34.9241 33.9083 17.1485 197.84 57.1901 18.871 140.65 104.584 72.1662
internal_count=31157 2506 28651 23644 1108 5007 16863 14362 367 1398 1137 976 741 6781 724 2785 2291 955 2353 1585 484 1336 2654 1298 14114 3295 697 10819 8845 6318
is_linear=0
shrinkage=0.05


Tree=59
num_leaves=31
num_cat=0
split_feature=16 1 25 37 2 24 30 24 2 24 4 32 31 14 33 21 25 10 4 31 21 37 23 40 4 25 36 25 40 5
split_gain=1.02012 0.820273 1.03484 1.21118 0.968569 0.879571 1.28517 0.760087 0.698918 0.685337 0.771249 0.67802 0.677495 0.780535 0.757172 0.732933 0.659914 0.632486 0.729563 0.574775 0.466981 0.455493 0.452001 0.44562 0.842876 0.420893 0.413428 0.403481 0.388805 0.355048
threshold=-0.25666666030883784 0.083333313465118422 -0.19666665792465207 -0.070494174957275377 -0.17166666686534879 -0.30166667699813837 0.34333333373069769 0.11000001430511476 0.056666672229766853 0.030000001192092899 -0.19666665792465207 -0.18333333730697629 0.42333334684371954 0.31666666269302374 -0.26999998092651362 -0.19666665792465207 -0.030000001192092892 -0.12333333492279051 -0.20333333313465116 0.069999992847442641 -0.016666665673255917 0.04525041580200196 0.030000001192092899 0.050000000745058067 -0.11666667461395262 0.18333333730697635 0.32999998331069952 0.22333335876464847 0.69333332777023327 0.29000002145767217
decision_type=2 2 2 2 2 2 2 2 2 2 2 2 2 2 2 2 2 2 2 2 2 2 2 2 2 2 2 2 2 2
left_child=1 4 7 22 5 26 -7 -3 -5 10 -6 -12 -2 14 -14 -16 21 20 -19 23 -15 28 -4 -10 -25 -18 -1 -8 -11 -20
right_child=12 2 3 8 9 6 27 -9 19 16 11 -13 13 17 15 -17 25 18 29 -21 -22 -23 -24 24 -26 -27 -28 -29 -30 -31
leaf_value=0.00011250989873271759 -0.0040489226580615956 0.002744656424810608 0.0028057246616680345 -6.6817630739121205e-05 0.0019526390854193998 -0.00055689188730865429 0.016535589594485225 -0.011038364100352652 0 -0.014311047932199112 1.247615036146436e-05 -0.015736172946885368 -0.0016522731917729787 0.0083727890081708601 -0.00051571021147667824 0.016944901886638258 0.0093995395466750752 0.0004858825583730438 -0.019146396489324397 -0.0010906350382532558 -0.003854275243451884 0.0020522406290482457 -0.010717541498463807 -0.00050990056487651967 0.014895185760814035 -0.00055192066343123498 -0.013482560649164222 0 0 0
leaf_weight=5.2312835576012713 190.62620159308426 15.849031157325955 3.7058536857366544 13.183058269089086 6.8216339389327905 28.568503433605656 17.879829062614593 10.765860796906052 9.8020680369809252 8.8686273153871316 4.9548600157722857 21.956862589577213 9.1713347821496445 10.762785736238586 4.425645896699284 13.16510253353044 13.433448258554565 8.7689344454556721 5.9851038216147554 4.8871649478096506 6.5130655725952229 4.6488517541438332 7.4899047438520938 6.2953385058790365 57.42277239821852 12.898187287151812 3.7423734557814896 7.7403220576234153 4.4146387423388651 3.9102999581955373
leaf_count=183 21192 437 104 380 213 969 277 308 230 316 170 717 264 327 181 406 354 404 322 163 239 122 228 157 1437 302 92 169 124 321
internal_value=-0.000268595 0.00179441 0.00460416 0.00688054 -0.000694124 0.00352026 0.00620645 -0.00306914 0.00887233 -0.00441225 -0.00918023 -0.0126033 -0.00255887 0.00156526 0.007457 0.0124784 0 -0.00266498 -0.00826668 0.0105694 0.00288378 -0.00639684 -0.00537032 0.0116827 0.0131017 0.0045539 -0.00701823 0.0132134 -0.0103688 -0.0148514
internal_weight=523.889 270.56 129.401 102.786 141.159 63.1623 54.1887 26.6149 91.5904 77.9971 33.7334 26.9117 253.328 62.7023 26.7621 17.5907 44.2638 35.9402 18.6643 78.4073 17.2759 17.9321 11.1958 73.5202 63.7181 26.3316 8.97366 25.6202 13.2833 9.8954
internal_count=31108 7452 3444 2699 4008 1690 1415 745 2367 2318 1100 887 23656 2464 851 587 1218 1613 1047 1987 566 562 332 1824 1594 656 275 446 440 643
is_linear=0
shrinkage=0.05


Tree=60
num_leaves=31
num_cat=0
split_feature=4 30 10 31 36 20 11 12 31 38 27 25 31 28 24 38 27 25 9 37 37 10 10 26 10 27 25 20 41 41
split_gain=1.0333 1.41147 0.701693 0.591655 1.06593 0.626624 0.573123 0.503746 0.701486 0.984761 0.812092 0.503004 0.478633 0.551005 0.505275 0.806257 0.818674 0.817682 0.701269 0.492057 0.7579 0.695498 0.469935 0.464463 0.462674 0.458168 0.457884 0.403105 0.395658 0.385809
threshold=0.4499999880790711 0.46166664361953741 0.43000000715255743 -0.4433333277702331 0.33666664361953741 0.42333334684371954 0.030000001192092899 0.43000000715255743 0.45666664838790899 -0.022851467132568356 -0.056666672229766839 -0.069999992847442613 -0.049999997019767754 -0.083333343267440782 0.01666665077209473 -0.054368019104003899 -0.36333334445953364 -0.063333332538604722 -0.023333340883255001 0.04142808914184571 0.009663581848144533 -0.22333332896232602 0.44333332777023321 0.42333334684371954 -0.236666664481163 -0.31000000238418574 -0.31666666269302363 -0.016666665673255917 0.030753827653825287 0.041695982217788703
decision_type=2 2 2 2 2 2 2 2 2 2 2 2 2 2 2 2 2 2 2 2 2 2 2 2 2 2 2 2 2 2
left_child=1 3 11 4 24 7 26 8 12 10 -10 -3 14 19 -5 27 17 -17 -18 20 21 -14 -6 -15 -1 -4 -7 -16 -26 -23
right_child=-2 2 25 5 22 6 -8 -9 9 -11 -12 -13 13 23 15 16 18 -19 -20 -21 -22 29 -24 -25 28 -27 -28 -29 -30 -31
leaf_value=-0.00012208620854687558 -0.0095702544278610246 0 -0.0066953977350104376 -0.0014093933740900468 -0.01010237681457498 9.900851382171796e-05 0.00028567431757595531 -0.0083976693218245461 0 -0.0039620454612122749 0.016730508488900366 0.014202816641000938 -0.0061122423023570807 -0.0070305659230254502 -0.0080127349440425669 0 0.0066348802344515199 0.017709642645330287 -0.0039586925748020937 -0.0061421545844293343 0.011719870102084261 -0.00021581211803412524 0.0040834697595755511 0.00057328985125448416 0 0.0061233031360681776 -0.014187507453187621 0.0016383080077046902 0.016551346985499291 0.0094633408131091987
leaf_weight=3.2305944822728661 19.970071046613157 7.1569344433955839 8.3104746919125301 89.183837541844696 7.3763734418898803 2.9560550828464374 10.635489730862899 11.882331789936869 7.238586223684254 8.7528570089489204 15.241137710865589 27.345576000865549 22.063602219102901 65.831969273276627 13.149482631590219 10.278689202386888 25.366283471928909 16.519760775379837 23.13785115047358 13.855601597344501 11.386987837497143 12.334180541336542 2.8436384799424559 18.690354695776477 3.9524999454151866 7.4393205246888092 15.920758077176288 14.035929468926041 14.789850196801124 12.468936968129126
leaf_count=159 1661 101 135 5403 329 186 870 1253 201 533 212 415 1841 6317 638 220 1403 272 1339 1489 1134 1220 183 635 98 175 754 603 381 971
internal_value=0.000101207 0.000642185 0.00812631 -0.000228718 0.00565781 -0.000810666 -0.0071908 -0.000165408 0.000154158 0.00672738 0.0117252 0.0116201 -0.00046865 -0.00251955 0.00110645 0.00348301 0.00613117 0.01237 0.00124328 0.000398245 0.00277125 -1.34381e-05 -0.00456353 -0.00514641 0.0112648 0 -0.011461 -0.00288123 0.0137916 0.00473397
internal_weight=523.346 503.376 50.2523 453.124 32.193 420.931 29.5123 391.418 379.536 31.2326 22.4797 34.5025 348.303 156.632 191.672 102.488 75.3026 26.7984 48.5041 72.1093 58.2537 46.8667 10.22 84.5223 21.9729 15.7498 18.8768 27.1854 18.7424 24.8031
internal_count=31131 29470 826 28644 1150 27494 1810 25684 24431 946 413 516 23485 13607 9878 4475 3234 492 2742 6655 5166 4032 512 6952 638 310 940 1241 479 2191
is_linear=0
shrinkage=0.05


Tree=61
num_leaves=31
num_cat=0
split_feature=14 31 20 26 0 33 23 25 36 39 3 21 27 7 30 0 37 39 37 24 3 18 31 9 7 24 25 20 33 34
split_gain=1.18015 0.82781 0.868525 0.75289 0.63809 0.698723 0.692929 0.686102 0.708982 0.628482 0.628417 0.58946 0.708623 0.646558 0.56686 0.545823 0.893178 0.611826 0.540955 0.599982 0.53568 0.52281 0.723057 0.499094 0.489939 0.424229 0.406505 0.376195 0.374095 0.463034
threshold=-0.48333333432674402 0.48333334922790533 -0.22999998927116391 0.19666665792465213 0.39499998092651373 0.38333332538604742 0.2833333313465119 0.32333332300186163 0.24333333969116214 0.029205097816884521 0.22333335876464847 0.46999999880790716 -0.063333332538604722 -0.096666663885116563 0.043333351612091071 -0.236666664481163 0.009663581848144533 0.020951161161065105 0.0041952133178710946 -0.22999998927116391 0.12333333492279054 -0.46999999880790705 -0.076666668057441698 0.11000001430511476 -0.22999998927116391 -0.18333333730697629 0.4499999880790711 0.094999998807907118 0.096666663885116591 0.21666666865348819
decision_type=2 2 2 2 2 2 2 2 2 2 2 2 2 2 2 2 2 2 2 2 2 2 2 2 2 2 2 2 2 2
left_child=3 4 -3 -1 6 10 7 8 15 18 -6 12 13 -8 -9 16 28 -18 19 -10 -21 -15 -23 -4 -17 -20 -16 -14 29 -2
right_child=1 2 23 -5 5 -7 11 14 9 -11 -12 -13 27 21 26 24 17 -19 25 20 -22 22 -24 -25 -26 -27 -28 -29 -30 -31
leaf_value=0.01338535824287935 0.006156609376844608 -0.0038554931297507043 0.017576010956436881 0 0 0.0013671326245242605 -0.0015119739148546653 0 0 -0.0043929080857868378 -0.014157830448343945 -0.0056011850158018423 -0.0061024045471719133 -0.00038174578558756956 -0.014529531049358514 -0.0073257463890328157 0.014707208775939097 0 0.0064522942343600096 0.018176449576916349 0 0.016034573273330046 0 0 -0.0013528806325870312 -0.005168864358216391 0 0.0033602091150022346 -0.010188331229632896 -0.0043886711490281399
leaf_weight=18.999698038212955 12.384192745666953 4.8887938037514713 9.610961346421389 14.135822166688738 10.390293672913684 12.503479043953119 9.0625194867607188 14.291042811470104 8.2387955340091157 10.393422511639072 21.789354145061225 9.4723583178129029 14.312808059155943 5.3124287445098153 17.692917017266158 53.290145301725715 10.863023995188998 12.751527258893473 8.0478798265103269 13.298855976201596 5.2338229056913397 26.272715996950861 12.337916730903091 3.2964140090625724 125.45827790116891 11.806174505734814 5.3528246434871098 13.338726313551886 5.9490641769953063 17.922225717687979
leaf_count=214 818 198 224 177 668 908 467 1575 540 477 1551 489 1314 72 1405 3874 774 877 605 625 223 676 792 191 7566 678 612 1026 303 1218
internal_value=-0.000152838 -0.000862537 0.00811043 0.00814598 -0.00135507 -0.00671733 -0.000644474 -0.00174607 -0.000773281 0.00384078 -0.0102346 0.00302092 0.00464007 0.00781509 -0.00769835 -0.00204519 0.0016988 0.00845676 0.00644281 0.0103887 0.0143287 0.0101907 0.0120615 0.0137501 -0.00344897 0 -0.0117138 -0.00100961 -0.00268707 0
internal_weight=518.698 485.563 17.7962 33.1355 467.767 44.6831 423.084 332.974 295.637 57.019 32.1796 90.1095 80.6371 52.9856 37.3368 238.618 59.87 23.6146 46.6255 26.7715 18.5327 43.9231 38.6106 12.9074 178.748 19.8541 23.0457 27.6515 36.2555 30.3064
internal_count=31137 30746 613 391 30133 3127 27006 22170 18578 3148 2219 4836 4347 2007 3592 15430 3990 1651 2671 1388 848 1540 1468 415 11440 1283 2017 2340 2339 2036
is_linear=0
shrinkage=0.05


Tree=62
num_leaves=31
num_cat=0
split_feature=19 4 27 5 12 0 38 3 16 31 3 38 4 33 40 11 26 30 31 39 24 35 6 9 8 30 39 3 35 7
split_gain=1.00977 1.02193 0.827839 0.700849 0.77913 0.829742 0.87618 0.603171 0.559483 0.526981 0.520236 0.481652 0.478535 0.72795 1.40906 0.460704 0.894764 0.651788 0.623391 0.656427 0.501948 0.463195 0.432236 0.406013 0.396019 0.669546 0.385843 0.373526 0.477298 0.370662
threshold=0.32999998331069952 -0.32999998331069941 -0.22999998927116391 -0.016666665673255917 -0.48333333432674402 0.39499998092651373 0.091155052185058608 0.31666666269302374 -0.21666666865348813 0.43000000715255743 0.32333332300186163 0.033881187438964851 0.096666663885116591 0.12333333492279054 0.69333332777023327 -0.35000000894069666 0.030000001192092899 0.31000000238418585 -0.056666672229766839 0.024153697304427627 -0.016666665673255917 0.083333313465118422 -0.0099999904632568342 0.46999999880790716 0.30333334207534796 0.083333313465118422 0.013578832149505617 -0.31000000238418574 0.1566666662693024 0.44333332777023321
decision_type=2 2 2 2 2 2 2 2 2 2 2 2 2 2 2 2 2 2 2 2 2 2 2 2 2 2 2 2 2 2
left_child=1 2 24 12 -5 6 11 -7 10 -4 -8 15 13 -3 27 17 21 -6 19 20 -18 -17 -16 -2 25 -1 -14 -15 -29 -9
right_child=23 3 9 4 5 7 8 29 -10 -11 -12 -13 26 14 22 16 18 -19 -20 -21 -22 -23 -24 -25 -26 -27 -28 28 -30 -31
leaf_value=0 -0.007699794544315056 -0.0033459717676301501 -0.0024237780437693091 0.009477162378325488 0.0032718186095286824 0.00097130028212549064 0.01554208058884949 -0.013226326286049485 0 0.0090504915303632107 0 -0.0048540219073249565 0.0016340829045459 0 -0.012734636553114435 0.0024589840454040512 0 -0.0075243836741766407 0 0 0.017291080235039061 -0.0072179081551235896 0.001221196094045106 0.0018327943010658231 0 0.020543130959196257 -0.0095716116793696099 0.015949407898256825 0 0
leaf_weight=7.2852964473422679 49.983808862045407 93.850227675866336 27.35514071257785 20.594503731001168 18.265504257520661 10.465099944500254 16.398383558960639 16.811708989785988 9.6697259191423637 7.7992176981642833 5.3159278905950478 33.19132020836696 3.2818346330896011 2.9145059613510993 5.6567942479159683 16.179802022874355 5.0763410944491651 23.072814871557057 23.21972724609077 10.833116581197826 19.548047050368041 17.666918265633285 3.5180752922315133 6.554600086528807 4.4714777758344999 11.633666315115986 30.199004448018968 16.266386285191409 2.4101421975065014 2.3292577411048105
leaf_count=413 4717 6369 2515 259 800 492 450 1044 1225 155 148 1934 185 145 337 1309 206 506 1482 351 526 1482 159 702 141 250 1861 691 167 130
internal_value=-0.000118124 0.000627452 0.00648813 -0.000237608 0.00134216 0.000276546 0.00159596 -0.00664354 0.00851599 0.000462752 0.0121776 0 -0.00283268 -0.00102222 0.00477556 0.00141673 0.00342567 -0.00241586 0.00701632 0.0106955 0.0144376 -0.00229093 -0.00736887 -0.0061251 0.0127501 0.015214 -0.00775859 0.0113225 0.0134604 -0.0110395
internal_weight=521.818 465.28 58.5448 406.735 248.638 228.044 198.438 29.6061 31.384 35.1544 21.7143 167.054 158.097 124.616 30.7659 133.862 92.524 41.3383 58.6772 35.4575 24.6244 33.8467 9.17487 56.5384 23.3904 18.919 33.4808 21.591 18.6765 19.141
internal_count=31151 25732 3474 22258 12344 12085 10419 1666 1823 2670 598 8596 9914 7868 1499 6662 5356 1306 2565 1083 732 2791 496 5419 804 663 2046 1003 858 1174
is_linear=0
shrinkage=0.05


Tree=63
num_leaves=31
num_cat=0
split_feature=19 31 30 3 28 38 3 24 39 7 11 33 20 7 10 39 31 29 20 31 26 10 26 24 26 6 20 37 27 39
split_gain=0.770077 0.877248 0.768443 1.01391 1.30837 1.1592 1.05307 1.10243 0.972893 0.974175 0.593885 0.568163 0.639889 0.505389 0.721842 1.4165 0.605889 0.783248 0.741041 0.483442 0.481905 0.461892 0.442475 0.530852 0.645387 0.432727 0.424371 0.53991 0.381003 0.380166
threshold=0.32999998331069952 0.44333332777023321 0.40333333611488348 -0.26999998092651362 0.14833331108093264 0.00094079971313476573 0.31666666269302374 0.32333332300186163 0.016775812022387985 0.11000001430511476 -0.33666665852069849 0.30333334207534796 -0.12333333492279051 -0.16333332657814023 0.030000001192092899 0.029205097816884521 -0.31666666269302363 0.31666666269302374 0.12333333492279054 -0.29666668176650995 -0.15000000596046445 0.48333334922790533 0.25000000000000006 -0.1766666769981384 -0.32333332300186152 -0.24333333969116208 0.12333333492279054 0.0081372261047363299 -0.4433333277702331 0.04782813414931298
decision_type=2 2 2 2 2 2 2 2 2 2 2 2 2 2 2 2 2 2 2 2 2 2 2 2 2 2 2 2 2 2
left_child=1 2 13 4 -4 6 10 -8 -7 -10 -5 12 -3 22 15 -15 18 -18 -16 -17 -2 28 23 -1 -25 -24 -11 -28 -22 -21
right_child=20 11 3 5 -6 8 7 -9 9 26 -12 -13 -14 14 16 19 17 -19 -20 29 21 -23 25 24 -26 -27 27 -29 -30 -31
leaf_value=0 0.00088858761308416203 0 -0.0017524785824917608 -0.014931989321904527 0.020349829180739548 0.014918176723294152 0.011212742868319829 -0.0068068250909716251 -0.0098060544079180065 0.011356322186603403 0 -0.002211880894586475 0.015650939631785293 0 -0.0028978093578060854 0 -0.0011317605161842389 -0.012091464230023646 0.0099433133507048667 0.018723880900783096 0.0015657119734970625 0.0021033858548624011 0.0057390966510147178 0 -0.010979976265094353 -0.0041069622487528322 0.0065861292061320372 -0.0090158308245511937 -0.011006790171941385 0
leaf_weight=26.012467857450247 14.374968634219838 9.2358009344898218 6.4222767681349096 16.00752049731091 11.251165703870354 13.824378490215166 11.681496307719501 9.3138355340342951 8.9252385385334509 9.9822944884654152 6.6076076778117558 4.8622831599786869 15.726287067634983 87.334096339065582 17.730157228652391 2.2585384948179152 63.525672925403342 20.365316324867308 13.399034268921239 13.314302648650481 1.5771489604376245 3.8846974489279082 16.360197487985719 12.776702916948123 42.086126209702343 14.948887951206414 5.3245325782336277 4.5621754475869238 35.258167738560587 1.8459712828043837
leaf_count=2458 1365 236 160 271 172 311 253 237 172 228 201 171 370 6748 731 91 4117 1114 529 798 95 389 843 1029 3433 733 120 148 3518 97
internal_value=-5.14666e-05 0.000585664 0 0.00359974 0.0128536 0.00071921 -0.00441262 0.00255672 0.00638118 0 -0.0109359 0.0081077 0.0109644 -0.00121265 9.32504e-05 0.00310971 -0.00246534 -0.00469993 0.00266974 0.0140338 -0.00537458 -0.00795088 -0.00385735 -0.00573431 -0.00829104 0.000463454 0.00621818 0 -0.00974094 0.0165857
internal_weight=520.779 465.684 435.86 103.903 17.6734 86.2291 43.6105 20.9953 42.6186 28.7942 22.6151 29.8244 24.9621 331.957 219.773 104.753 115.02 83.891 31.1292 17.4188 55.095 40.72 112.184 80.8753 54.8628 31.3091 19.869 9.88671 36.8353 15.1603
internal_count=31138 25771 24994 2273 332 1941 962 490 979 668 472 777 606 22721 14225 7734 6491 5231 1260 986 5367 4002 8496 6920 4462 1576 496 268 3613 895
is_linear=0
shrinkage=0.05


Tree=64
num_leaves=31
num_cat=0
split_feature=30 9 24 36 4 31 17 38 38 5 37 1 19 30 9 37 25 2 7 35 31 20 31 21 27 37 34 30 7 19
split_gain=1.23077 1.11868 1.36724 1.26497 0.896755 1.44679 0.69782 0.535548 1.23601 0.708107 0.69501 0.728332 0.613069 0.585821 0.573387 0.484385 0.420416 0.532446 0.481077 0.425076 0.597643 0.4838 0.435827 0.4668 0.772788 0.601239 0.488453 0.39819 0.582923 0.567971
threshold=0.38333332538604742 0.17666667699813846 0.29666668176651007 0.24333333969116214 -0.19666665792465207 -0.28333333134651179 0.42333334684371954 0.01596927642822266 -0.044083595275878899 0.29000002145767217 0.046335220336914069 0.3966666460037232 0.056666672229766853 0.43666666746139532 0.32333332300186163 -0.0054221153259277335 -0.35000000894069666 -0.30333334207534784 -0.3899999856948852 -0.41666667163372034 0.48333334922790533 -0.10999999940395354 -0.25666666030883784 0.21666666865348819 0.056666672229766853 0.009663581848144533 -0.20166666805744168 0.1566666662693024 -0.12999999523162839 -0.32999998331069941
decision_type=2 2 2 2 2 2 2 2 2 2 2 2 2 2 2 2 2 2 2 2 2 2 2 2 2 2 2 2 2 2
left_child=6 2 -2 4 -3 -6 16 8 9 15 11 13 -11 -10 -9 -5 17 -1 -19 -18 22 -22 23 24 25 -21 -25 28 -24 -30
right_child=1 3 -4 7 5 -7 -8 14 10 12 -12 -13 -14 -15 -16 -17 19 18 -20 20 21 -23 27 26 -26 -27 -28 -29 29 -31
leaf_value=0.010375162066466605 0.01793855228428828 0.0065161072370745719 -0.0023516461151079893 0.0042456379191203762 -0.017995586009623428 0.0032563583637154054 -0.0098520125930179475 -0.0014179633280353423 0 0.015254660843796952 0.0040754954517436296 0.0014936559496252189 -0.00083378442740900192 -0.021920561126653238 0.012500165185169391 -0.010062141077307209 -0.0081281257330832173 -0.0075948629367157423 0.0026463486195267005 0.012867990641891017 -0.0011566774196311122 0.013896865350793128 -0.0045028797331648019 0.0028487700306238668 -0.0033798245601158283 0 -0.0080764190338289341 -0.0059588059757679553 0.0083929973010331994 -0.00046953505124757859
leaf_weight=10.512527728918938 19.299311361042786 3.507853769464421 7.5463560400530687 6.3939393071923405 15.417104087769989 7.5057017263025019 18.58733273553662 4.4652137891389456 3.9045848115347344 14.926302187610419 3.2212450210936359 3.2165083843283346 3.5776308914646497 7.1996830382850021 22.064769294578582 4.0987624423578399 19.168487783288583 9.5552816665731353 37.613577175186947 19.2797109070234 3.3929870266001672 5.748959106160326 64.403464390430599 10.660725489724429 15.170794805279 16.255299246171489 15.575555101735516 65.364968461450189 16.730776912998408 65.774178581545129
leaf_count=696 339 59 172 207 336 375 1851 155 169 259 92 149 311 194 791 102 1558 697 2662 646 120 158 5201 454 1187 545 629 3902 629 6451
internal_value=-0.000137435 0.00399117 0.0120861 0.00100696 -0.00707601 -0.0109406 -0.00156461 0.00456203 0.000470867 0.00677902 -0.00796466 -0.0123069 0.0116813 -0.0168877 0.00955964 -0.00145489 -0.000939872 0.0026475 0 -0.00170584 -0.00105899 0.00841431 -0.00160804 0.0013319 0.00418407 0.00803694 -0.00315764 -0.00279553 -0.00104598 0.00149233
internal_weight=520.14 126.345 26.8457 99.4993 26.4307 22.9228 393.795 73.0686 46.5387 28.9966 17.542 14.3208 18.5039 11.1043 26.53 10.4927 375.207 57.6814 47.1689 317.526 298.357 9.14195 289.215 76.9421 50.7058 35.535 26.2363 212.273 146.908 82.505
internal_count=31096 3710 511 3199 770 711 27386 2429 1483 879 604 512 570 363 946 309 25535 4055 3359 21480 19922 278 19644 3461 2378 1191 1083 16183 12281 7080
is_linear=0
shrinkage=0.05


Tree=65
num_leaves=31
num_cat=0
split_feature=30 9 37 41 37 6 37 13 41 0 34 31 9 38 13 28 3 7 19 35 16 36 13 28 36 9 37 40 19 37
split_gain=0.799797 0.986962 1.01162 1.00361 1.33018 1.60366 1.59935 0.782382 0.756685 0.738068 0.554299 0.538174 0.726292 0.49036 0.465071 0.459488 0.452844 0.363751 0.343779 0.335675 0.429512 0.420178 0.406449 0.338724 0.489327 0.307329 0.289432 0.689161 0.652773 0.647162
threshold=0.38333332538604742 0.21666666865348819 -0.015917301177978512 0.033144393935799606 0.0081372261047363299 0.41000002622604376 0.038634300231933601 -0.15000000596046445 0.026382337324321273 -0.25666666030883784 -0.21666666865348813 0.48333334922790533 0.11000001430511476 -0.056065082550048821 0.34333333373069769 0.34833335876464849 0.31666666269302374 0.083333313465118422 0.3966666460037232 0.26999998092651373 -0.33666665852069849 0.20333331823349002 -0.46999999880790705 0.36333334445953375 -0.096666663885116563 0.25000000000000006 0.04525041580200196 0.47666665911674505 -0.32999998331069941 0.0081372261047363299
decision_type=2 2 2 2 2 2 2 2 2 2 2 2 2 2 2 2 2 2 2 2 2 2 2 2 2 2 2 2 2 2
left_child=11 2 -2 7 5 -5 9 8 -3 -6 16 14 18 -10 19 -4 -8 -12 -13 22 21 -21 -1 26 -25 -26 29 -28 -29 -24
right_child=1 3 15 4 6 -7 10 -9 13 -11 17 12 -14 -15 -16 -17 -18 -19 -20 20 -22 -23 23 24 25 -27 27 28 -30 -31
leaf_value=-0.010383903881600702 -0.0012786773333247523 0.00047040096109024932 0.000516803571489767 0.01514213576460257 0 -0.0046488934576747265 -0.010901531789768819 0.0037203404530337888 0 -0.020113293797710263 0 0.014946683941648825 -0.004745124405743064 -0.021189465650256031 -0.0069671988463126319 0.018541584077912381 0.003981074196170371 0.013551628756450461 0 0.012446293140483088 -0.00089840488628972412 0 -0.001471099503756754 0.00013895022559775905 -0.014701098378897699 0 0.002942430280446503 0 -0.012058299746398946 0.0043596747949176526
leaf_weight=8.0595743469893915 10.007835146738215 5.5409520845860305 8.2432184189092386 26.608963541686535 4.3291847445070735 9.1735845853108895 3.3548058478627398 5.8814404474105677 5.5496586654335269 8.0348127661272901 3.7190594915300581 8.4125222172588128 4.5189300768543026 8.5930948590394074 36.157362910103984 15.442758453311397 3.2828695343341678 8.8520589452236873 4.1131171756424001 9.6658842707984167 23.884199575986713 6.4382271734066299 156.61327538453043 8.7399643321987259 8.7964597945101541 2.2206706870347253 17.237553611164913 14.875891349045558 21.356561959022656 60.777744304854423
leaf_count=160 197 97 168 705 136 540 99 387 92 300 81 167 257 173 3771 264 213 260 150 236 2428 232 10661 488 419 152 1213 463 2128 4464
internal_value=-0.000229689 0.00307827 0.00968601 0 0.00343073 0.00953099 -0.0032355 -0.00722044 -0.0115683 -0.0144464 0.00470974 -0.00139164 0.00582336 -0.0162612 -0.00187196 0.0144831 -0.00316719 0.00989455 0.0112876 -0.00114363 0.00266534 0.00789096 -0.00177809 -0.00124992 -0.00684405 -0.0119486 -0.000612102 -0.00372248 -0.00745282 0.000120457
internal_weight=518.482 126.614 33.6938 92.9205 67.3553 35.7825 31.5728 25.5651 19.6837 12.364 19.2088 391.868 17.0446 14.1428 374.823 23.686 6.63768 12.5711 12.5256 338.666 39.9883 16.1041 298.678 290.618 19.7571 11.0171 270.861 53.47 36.2325 217.391
internal_count=31101 3712 629 3083 2334 1245 1089 749 362 436 653 27389 574 265 26815 432 312 341 317 23044 2896 468 20148 19988 1059 571 18929 3804 2591 15125
is_linear=0
shrinkage=0.05


Tree=66
num_leaves=31
num_cat=0
split_feature=30 4 4 7 32 10 32 38 31 7 8 37 10 40 39 12 26 26 27 30 5 5 1 31 41 39 36 5 39 10
split_gain=1.05258 0.70421 0.681243 0.831207 1.27141 0.846553 0.934623 0.652337 0.504575 0.468311 1.15708 0.903383 1.16105 0.805349 0.709859 0.52294 0.568848 0.517671 0.489308 0.440546 0.438794 0.547598 0.518456 0.444136 0.390618 0.375697 0.372186 0.496677 0.425212 0.35954
threshold=0.42833334207534796 0.29666668176651007 0.44333332777023321 0.083333313465118422 1.0000000180025095e-35 0.44333332777023321 0.25666666030883795 0.18432664871215823 -0.18333333730697629 -0.10999999940395354 -0.056666672229766839 0.0081372261047363299 -0.083333343267440782 0.37333333492279058 0.01946812774986029 -0.46999999880790705 0.45666664838790899 0.37666666507720953 0.33666664361953741 -0.45666666328907007 0.36333334445953375 0.31166666746139532 0.1449999809265137 -0.18999999761581418 0.059835318475961692 0.020644122734665874 0.083333313465118422 1.0000000180025095e-35 0.015892331488430503 0.01666665077209473
decision_type=2 2 2 2 2 2 2 2 2 2 2 2 2 2 2 2 2 2 2 2 2 2 2 2 2 2 2 2 2 2
left_child=1 9 3 4 -2 26 -7 -3 -4 13 14 20 -13 19 -11 -14 24 18 29 -1 21 22 -12 -24 -17 -20 -5 -28 -29 -15
right_child=2 7 8 5 -6 6 -8 -9 -10 10 11 12 15 17 -16 16 -18 -19 25 -21 -22 -23 23 -25 -26 -27 27 28 -30 -31
leaf_value=0.0025359599740366803 0.0090722672381747509 -0.0071484918612178599 -0.010070403927472176 0 -0.012209862782567724 0.0095963726871381386 -0.0099098067003901367 0.006533584610294573 0.0044435377694808783 0 -0.0015102635322656189 0.0055988076998998437 0.0029085736500007969 -0.005640119515133853 0.010878812100797905 -0.014675477540156211 0 0.0081937944122116788 -0.00096568388088748866 -0.0069507736692722352 -0.0062844969451695005 0.013009179167419622 0.011969203735102895 0 0 0.011035068215994009 0 0 0.017316911447782798 0.0013609763048610202
leaf_weight=7.1726975017227224 6.5755974620115003 60.968340788851492 7.4879015637561679 7.6693844555411479 8.9734191901516152 4.5314508776646099 8.0061197511386109 3.3629324501380315 3.2690222647506726 23.387962179956958 45.606484793359414 11.467885918682439 2.6548961682710788 37.611550139496103 36.321114697959274 30.785966403200291 7.2942669005133203 14.348181928042321 4.6024079800117743 69.475039056967944 5.9473067866638294 7.6608343007974318 10.807631911709906 13.396857467945663 5.7805350322742006 7.5001415002625436 5.7659386838786295 6.2986827322747549 30.502508600475267 20.2648735945113
leaf_count=458 108 4834 351 143 145 84 264 209 268 1713 2807 899 51 2925 2326 2206 207 474 408 4976 541 303 444 841 388 458 120 155 619 1317
internal_value=1.32863e-06 -0.000998366 0.00481073 0.00654679 -0.00202952 0.00902636 -0.000686941 -0.00558143 -0.00415598 -3.84755e-05 0.00148135 -0.00087634 -0.00549889 -0.00207197 0.00701547 -0.00903802 -0.0105255 0.00105435 -0.000611907 -0.00564086 0.00221053 0.00356703 0.00125351 0.0065543 -0.0127742 0.00628289 0.0117097 0.013339 0.0151957 -0.00289979
internal_weight=515.498 426.418 89.08 78.3231 15.549 62.7741 12.5376 64.3313 10.7569 362.087 201.112 141.403 57.9836 160.975 59.7091 46.5157 43.8608 84.3272 69.979 76.6477 83.4191 77.4718 69.811 24.2045 36.5665 12.1025 50.2365 42.5671 36.8012 57.8764
internal_count=31042 28785 2257 1638 253 1385 348 5043 619 23742 12726 8687 3751 11016 4039 2852 2801 5582 5108 5434 4936 4395 4092 1285 2594 866 1037 894 774 4242
is_linear=0
shrinkage=0.05


Tree=67
num_leaves=31
num_cat=0
split_feature=12 31 20 35 9 41 9 31 36 38 3 22 32 26 39 9 25 24 32 41 1 36 39 39 5 28 16 30 14 31
split_gain=0.649289 0.741548 0.932946 0.987564 0.739267 0.520634 0.461626 0.766391 1.25441 1.47884 0.755252 0.683301 0.68237 0.629234 1.11753 1.22365 0.664739 1.04532 0.714674 0.671717 0.651182 0.609001 0.571984 0.445025 0.435946 0.421419 0.472658 0.732608 0.417376 0.426173
threshold=0.43000000715255743 0.47666668891906744 -0.21666666865348813 -0.35000000894069666 0.43000000715255743 0.044856911525130279 0.3966666460037232 -0.4433333277702331 0.37000000476837164 -0.029649734497070309 -0.21000000834465024 -0.17000000178813932 0.40333333611488348 0.35000002384185797 0.029205097816884521 -0.036666661500930779 -0.076666668057441698 0.043333351612091071 -0.16333332657814023 0.046721586957573898 -0.10333332419395445 0.24333333969116214 0.04782813414931298 0.022081154398620132 0.25666666030883795 0.38833332061767584 0.18999999761581424 -0.4433333277702331 -0.036666661500930779 -0.24999999999999997
decision_type=2 2 2 2 2 2 2 2 2 2 2 2 2 2 2 2 2 2 2 2 2 2 2 2 2 2 2 2 2 2
left_child=1 4 -3 -4 6 -6 7 8 9 23 -8 -11 -12 14 21 20 18 -18 -15 -19 -16 25 -22 -1 -23 26 28 -28 29 -9
right_child=-2 2 3 -5 5 -7 10 13 -10 11 12 -13 -14 16 15 -17 17 19 -20 -21 22 24 -24 -25 -26 -27 27 -29 -30 -31
leaf_value=-0.010432133750767021 -0.0078388909949326721 -0.0037761256377660626 -0.00078191312875609809 0.019659775065437781 0.010188635621313349 -0.00075405600132410068 0.0033990526060760293 2.2221064262585345e-05 -0.0080911466587758538 0 -0.017054757558906029 0.019634732820419953 0.00094669767224307862 0.0042245602320546407 0 -0.0039962223628648994 -0.0016049841651703445 0.01321025439028322 -0.007380745964650679 0 0.017995556958319395 0.0052014439092142803 -0.00028835548473357914 0.0031617629540538102 -0.0046839762184717696 -0.012465080455153162 0.0012057203542000297 -0.011772945313424816 0.0028175192615998721 -0.0056719803677848296
leaf_weight=4.9937863561790419 20.315402697306126 5.8303569387644556 5.0390595900826165 10.758142104605209 21.527627782197673 10.261449331650509 5.2370714147109565 42.719627446960658 6.6512908025179049 7.0109337049070737 10.698296207003294 17.313158886972818 3.2479150062426916 14.77701031253673 9.9221104127354938 19.248195172520354 29.520594091154635 28.034524449147284 25.922555262921378 12.654446753207592 14.297762373462321 24.595151061657816 1.910231081303208 4.8782205781899393 9.9311288574244809 15.675162854604421 9.3261386502999795 30.999106378294528 25.366932281292975 70.37682071828749
leaf_count=119 2287 183 116 291 960 559 261 1773 183 183 415 345 169 517 664 1328 1083 732 808 369 917 2130 97 107 827 953 776 2995 2924 6111
internal_value=-0.00015762 0.000195208 0.00818591 0.0135719 -0.000212442 0.00643591 -0.000821694 -0.00036564 0.0055964 0.00969099 -0.00745872 0.0154938 -0.0125854 -0.00113776 -0.00244789 0.00409143 0.00184873 0.00477593 -0.0026304 0.00955219 0.0104608 -0.00392154 0.0152192 -0.00348376 0.00146863 -0.00501856 -0.00384687 -0.00846427 -0.00203338 -0.00341845
internal_weight=519.04 498.725 21.6276 15.7972 477.097 31.7891 445.308 426.125 40.8474 34.1961 19.1833 24.3241 13.9462 385.277 274.368 45.3783 110.909 70.2096 40.6996 40.689 26.1301 228.99 16.208 9.87201 34.5263 194.464 178.789 40.3252 138.463 113.096
internal_count=31182 28895 590 407 28305 1519 26786 25941 937 754 845 528 584 25004 21495 3006 3509 2184 1325 1101 1678 18489 1014 226 2957 15532 14579 3771 10808 7884
is_linear=0
shrinkage=0.05


Tree=68
num_leaves=31
num_cat=0
split_feature=4 28 24 1 24 29 3 7 40 19 7 38 4 1 7 24 7 27 9 30 29 37 36 21 38 27 35 31 16 27
split_gain=0.73205 1.04096 0.968051 0.959719 0.613912 1.35884 0.790282 0.858857 0.789199 0.799133 0.762434 0.558484 0.549019 0.547397 0.758346 0.706245 0.585002 0.562925 0.546334 0.533866 0.528835 0.499794 0.508643 0.488297 0.473782 0.462517 0.528303 0.453695 0.541361 0.453167
threshold=0.44333332777023321 0.44166666269302374 0.1566666662693024 0.29000002145767217 0.22333335876464847 0.32333332300186163 0.069999992847442641 0.23666667938232425 0.49666666984558111 -0.22999998927116391 -0.076666668057441698 0.03019046783447266 0.17000001668930056 0.18999999761581424 -0.31000000238418574 0.14999997615814212 -0.24333333969116208 -0.036666661500930779 -1.0000000180025095e-35 -0.15666666626930234 0.46166664361953741 -0.042948246002197259 0.20999997854232791 0.12333333492279054 0.040137290954589851 0.17666667699813846 0.083333313465118422 0.31000000238418585 -0.28333333134651179 0.069999992847442641
decision_type=2 2 2 2 2 2 2 2 2 2 2 2 2 2 2 2 2 2 2 2 2 2 2 2 2 2 2 2 2 2
left_child=1 4 -3 -4 6 18 13 8 10 12 -8 -2 -10 14 15 23 -16 -15 19 -6 25 -18 24 27 -23 26 -7 28 -1 -24
right_child=11 2 3 -5 5 20 7 -9 9 -11 -12 -13 -14 17 16 -17 21 -19 -20 -21 -22 22 29 -25 -26 -27 -28 -29 -30 -31
leaf_value=0.0098477479807697697 -0.012504217256251749 0.014705970661155832 0.0085760958161201356 -0.0081845009482685496 -0.0024157353660956798 0 -0.011127947602495313 -0.011049616304719352 0 -0.0030902735496731934 0 0.0003407829103041035 0.015201781330086034 0.010369165705783334 -0.010141747733144546 -0.0076115944961291804 0.0040649950547404076 -0.00069358964569727396 -0.0059863890174771915 0.0072669646727360317 -0.0014520448362148476 -0.0034299515394438929 -0.0096267067931407116 -0.0013943038131535323 0.0044330290582102177 0 0.01700167859322451 0.014600915835505858 -0.0030260399971801435 0.00077957968102856424
leaf_weight=6.8738307957537463 14.186606335919352 17.356409602565691 10.840458033140751 11.327369223115964 20.930567517410964 7.1747262526769218 22.980451807146892 31.211630134144798 10.78387803444639 17.431012626970187 30.625336979981512 7.95574782998301 9.7827917868271452 19.214021417079493 16.290991363115609 3.6774405443575224 28.325548798311502 12.805644155479966 28.120297650340945 20.486744207795709 3.6629091177601358 37.71237177378498 28.579820387996733 7.9856686422135672 28.103768343105912 3.522533838171511 21.741186999715865 15.009857528610153 13.303505996707829 7.851719233673065
leaf_count=159 1160 381 193 351 1890 187 1478 1797 432 1685 1684 717 306 868 1112 263 1677 1028 2100 1330 91 2446 1456 643 1790 335 700 633 1512 802
internal_value=-2.36661e-05 0.000370836 0.00760228 0 -0.000295046 0.00287238 -0.00135791 -0.00449824 -0.00146785 0.00337342 -0.00531308 -0.00791198 0.00925336 0.000314999 -0.00062794 0.00438914 -0.00250141 0.00587604 -0.00101719 0.00215999 0.0100354 -0.000961436 -0.00273299 0.00672379 0 0.0120072 0.0138504 0.00910788 0.00165659 -0.00700166
internal_weight=515.855 493.712 39.5242 22.1678 454.188 105.639 348.549 122.815 91.6035 37.9977 53.6058 22.1424 20.5667 225.734 193.715 46.8503 146.864 32.0197 69.5376 41.4173 36.1014 130.573 102.248 43.1729 65.8161 32.4384 28.9159 35.1872 20.1773 36.4315
internal_count=31206 29329 925 544 28404 6633 21771 7382 5585 2423 3162 1877 738 14389 12493 3210 9283 1896 5320 3220 1313 8171 6494 2947 4236 1222 887 2304 1671 2258
is_linear=0
shrinkage=0.05


Tree=69
num_leaves=31
num_cat=0
split_feature=30 4 33 4 38 19 31 35 20 9 19 28 30 20 37 37 32 40 38 30 8 33 37 8 37 25 8 31 23 3
split_gain=0.830768 0.917266 0.922913 0.687371 0.681856 0.742456 0.586459 0.863787 0.646338 0.54046 0.585772 0.531485 0.528778 0.524274 0.488585 1.19899 0.903918 0.446833 0.479364 0.439983 0.390033 0.393857 0.360815 0.986811 0.600847 0.603133 0.56083 0.533341 0.445724 0.581718
threshold=0.47500002384185797 0.30333334207534796 0.21666666865348819 0.22333335876464847 -0.022851467132568356 -0.056666672229766839 0.44333332777023321 -0.41666667163372034 -0.22999998927116391 -0.04333332180976867 -0.26999998092651362 0.44166666269302374 0.21666666865348819 -0.15000000596046445 0.011377334594726564 0.04525041580200196 0.37000000476837164 0.070000000298023238 0.0089869499206542986 0.40333333611488348 0.24333333969116214 0.41000002622604376 -0.0067138671874999991 -0.083333343267440782 0.0081372261047363299 -0.40333333611488337 -1.0000000180025095e-35 -0.31666666269302363 -0.2766666561365127 0.17666667699813846
decision_type=2 2 2 2 2 2 2 2 2 2 2 2 2 2 2 2 2 2 2 2 2 2 2 2 2 2 2 2 2 2
left_child=1 3 9 6 19 -6 11 13 -9 10 -3 22 -11 -8 16 -16 -2 -10 -19 -5 -4 -22 26 24 -24 -26 -1 -28 -25 -30
right_child=14 2 20 4 5 -7 7 8 17 12 -12 -13 -14 -15 15 -17 -18 18 -20 -21 21 -23 23 28 25 -27 27 -29 29 -31
leaf_value=-0.0019508576125506537 0.017065304555498706 0.007185611394812684 0.0078851661525542946 0.0031878767086897792 0.014378298796962978 -0.00082099049465593748 0.0029280420404580293 0 0 0 -0.0069408971067289093 0.009331589422585905 -0.019292894642314106 -0.012142438372521845 -0.010298741280163556 0.010942042460355142 0 0.018712327820446101 0 -0.0094318957425476146 -0.0058422575329623739 0.003028098621591477 -0.0054157271847057094 0 -0.0058197676353991014 0.0058313918795817737 0.010590610235775859 0.00039428096295273133 -0.009614911968691282 0
leaf_weight=67.581920401193202 13.864682148210706 5.1750626764260259 7.3353646742179981 17.062250513816256 21.650831446051601 6.3103555163834235 5.0228632339276373 8.6243511629290897 4.0005559092387584 7.4514881393406567 13.038182598771526 6.7249009618535629 12.235755649860947 4.2579101037699711 7.7493603741750103 6.8555293490644544 8.1626008523162437 14.520760460058229 3.3441551430150858 3.7299894019961348 21.830725007690489 13.714967234758658 16.042939047329128 24.86125703016296 6.4035693656187496 56.282429236336611 16.729643121827394 43.811070969561115 58.555930578149855 15.683494305238126
leaf_count=5154 177 136 305 922 728 733 128 312 111 732 1355 130 615 128 176 145 294 277 267 96 1443 1027 1296 1781 545 3914 755 2958 3490 936
internal_value=0.000657794 1.37142e-05 -0.00460103 0.00105839 0.00628659 0.0106729 0.000172309 0.00551237 0.00944332 -0.00971607 -0.00110858 -0.000519462 -0.0145869 -0.00440296 0.00735116 0 0.0112152 0.0132198 0.0158388 0 4.61563e-05 -0.00187493 -0.000991447 -0.00245389 0.00143551 0.0038728 0.000870938 0.00428851 -0.00568717 -0.00750017
internal_weight=518.615 481.983 80.7815 401.201 48.7534 27.9612 352.448 39.7706 30.4898 37.9005 18.2132 312.677 19.6872 9.28077 36.6322 14.6049 22.0273 21.8655 17.8649 20.7922 42.8811 35.5457 305.952 177.83 78.7289 62.686 128.123 60.5407 99.1007 74.2394
internal_count=31066 30274 5613 24661 2479 1461 22182 1223 967 2838 1491 20959 1347 256 792 321 471 655 544 1018 2775 2470 20829 11962 5755 4459 8867 3713 6207 4426
is_linear=0
shrinkage=0.05


Tree=70
num_leaves=31
num_cat=0
split_feature=34 26 7 9 19 6 31 30 14 38 26 23 2 14 29 41 10 24 26 41 38 0 37 31 41 37 14 20 28 17
split_gain=0.652072 1.38559 0.755786 1.10408 0.866362 0.792726 0.745068 0.726422 0.705187 0.695914 0.6609 0.566758 0.648484 0.498898 0.473201 0.704409 0.397396 0.396986 0.699724 0.390921 0.372718 0.35982 0.709305 0.63246 0.769103 0.47623 0.502679 0.375245 0.350211 0.346778
threshold=0.17500001192092898 0.43000000715255743 0.030000001192092899 -0.04333332180976867 -0.18333333730697629 0.083333313465118422 0.45666664838790899 0.47500002384185797 -0.4433333277702331 -0.048716068267822259 0.23666667938232425 0.47666668891906744 0.23000001907348636 0.32999998331069952 0.069999992847442641 0.0389526765793562 0.44333332777023321 -0.16333332657814023 0.23666667938232425 0.03273806348443032 -0.02507686614990234 -0.22499999403953549 0.0081372261047363299 -0.069999992847442613 0.04280181601643563 0.04142808914184571 -0.15000000596046445 0.37666666507720953 -0.37666666507720942 -0.20333333313465116
decision_type=2 2 2 2 2 2 2 2 2 2 2 2 2 2 2 2 2 2 2 2 2 2 2 2 2 2 2 2 2 2
left_child=2 6 5 4 20 13 8 21 10 -8 -2 12 -9 14 15 19 -15 -10 -19 -1 -4 -5 23 24 27 26 -24 -23 -11 -25
right_child=1 -3 3 7 -6 -7 9 11 17 28 -12 -13 -14 16 -16 -17 -18 18 -20 -21 -22 22 25 29 -26 -27 -28 -29 -30 -31
leaf_value=0.0010778828771434029 0.010621565739965616 0.013308364156197154 0 -0.0078005410432571386 0 -0.011513175936449167 0.015932244100327498 -0.0010841374228111043 0.00076530761341349037 0.0051750363364959119 -0.0030866743721831135 -0.002766425852495545 0.014226865839464156 -0.011854960278161131 -0.0040995129518758095 0.0059077901221466483 0.0018224759026053989 -0.0082639920392606168 0.0018338641800489911 -0.0078141303030626677 0.016723901297434524 0.011767130159088195 -0.015192797798390124 0.0020358369730322143 -0.0019762280541779486 0 0 0 -0.007849244004350775 -0.0081755685429721597
leaf_weight=17.988406856078655 16.454134293366227 20.509682952426374 5.6744601198006448 21.540653575677425 18.712981532560661 21.403391216183081 8.084414448123427 5.1546491754707011 35.73688853578642 4.3299957951530814 7.1957634110003701 6.7323388194199643 13.698162568965925 12.624081004876642 47.244451849604957 43.752368262968957 1.4940372921992082 44.750526910182089 17.759977870620787 14.83722234610468 15.207143349573014 23.960167183773596 11.526603826787325 5.7730065467767444 17.652678501792252 23.150376482750289 6.2088180617429307 7.8468786459416142 3.7203846506308746 13.329687179066239
leaf_count=1492 255 624 262 1413 1860 1429 145 95 3410 177 105 207 340 855 1837 3347 108 4166 1098 1289 473 849 414 291 841 1417 650 288 202 1127
internal_value=0.000135885 0.00278493 -0.00100292 0.000971363 0.00788352 -0.00353172 0.000558459 -0.000849256 -0.000751547 0.00910588 0.0058269 0.00579155 0.0097836 -0.00169131 -0.00027975 0.00190073 -0.00905304 -0.00281914 -0.00512081 -0.00288387 0.0136377 -0.00252571 -0.000919563 0.00191223 0.00498819 -0.00583849 -0.0108396 0.00921486 0 -0.00434468
internal_weight=514.054 158.542 355.513 196.169 39.5946 159.344 138.032 156.574 121.897 16.1348 23.6499 25.5852 18.8528 137.941 123.822 76.578 14.1181 98.2474 62.5105 32.8256 20.8816 130.989 109.448 68.5624 49.4597 40.8858 17.7354 31.807 8.05038 19.1027
internal_count=31066 10182 20884 10527 2595 10357 9558 7932 9034 524 360 642 435 8928 7965 6128 963 8674 5264 2781 735 7290 5877 3396 1978 2481 1064 1137 379 1418
is_linear=0
shrinkage=0.05


Tree=71
num_leaves=31
num_cat=0
split_feature=29 18 0 11 31 9 16 38 23 38 30 41 35 30 13 35 38 25 14 10 7 19 31 4 38 15 37 0 7 16
split_gain=0.543267 1.04408 0.732351 0.715746 0.460045 1.01352 0.639624 0.619702 0.493872 0.399366 0.40409 0.395113 0.381244 0.710462 0.676813 0.991343 0.574343 0.343394 0.336277 0.39526 1.11184 0.900888 1.12126 0.693711 0.548034 0.881299 0.608608 0.771137 0.739367 0.564161
threshold=0.47500002384185797 -0.48333333432674402 0.46333330869674688 -0.32999998331069941 0.47666668891906744 0.083333313465118422 0.27666664123535162 -0.044083595275878899 -0.26999998092651362 -0.092090606689453111 -0.40333333611488337 0.079768318682909026 -0.33666665852069849 0.17666667699813846 -0.48333333432674402 0.25666666030883795 0.12839555740356448 -0.24999999999999997 -0.48333333432674402 0.030000001192092899 -0.076666668057441698 -0.24333333969116208 -0.083333343267440782 0.096666663885116591 0.08760929107666017 -0.4433333277702331 0.009663581848144533 -0.083333343267440782 -0.04333332180976867 -0.29666668176650995
decision_type=2 2 2 2 2 2 2 2 2 2 2 2 2 2 2 2 2 2 2 2 2 2 2 2 2 2 2 2 2 2
left_child=2 -2 4 -3 6 8 12 9 -6 10 -8 -9 13 17 15 -14 -15 -1 -16 20 -20 22 -22 -23 26 -26 -21 -28 -29 -30
right_child=1 3 -4 -5 5 -7 7 11 -10 -11 -12 -13 14 16 18 -17 -18 -19 19 24 21 23 -24 -25 25 -27 27 28 29 -31
leaf_value=0.0049462793742826583 0.014394009175054307 -0.011219710994497633 -0.010513505577467828 0.0047893064263407198 0 -0.0050196854334717909 0.0034318083279550647 -0.0099298975184712729 0.015799015792233521 0.0072596198801509462 -0.0080949757542159509 0.0024108411031139895 -0.016172074116594975 0.015889356867080286 0.0086994650189012087 0.0022671341790020927 -0.00046074226971354174 -0.0046537685530261127 -0.0024684052316629127 -0.0001959361126962027 0.014272573460070695 0.0055552456808117233 -0.0020312990248676599 -0.0061332219224384601 0.013868422986681415 -0.00097405906694087926 0 0 -0.019586000175875234 0
leaf_weight=9.865751912817359 12.613763026893141 5.7985888426192096 11.11225720332004 9.5044261952862126 4.3000455435831126 7.293025388615205 5.6241801818832782 35.637031577527523 12.103227721760051 8.8247545305639488 10.713798503391446 1.6545259915292252 9.5505383056588489 10.642170570790766 5.6548774014227083 7.5559764979407182 3.3331310246139756 15.716152838198468 67.367760332301259 96.715447999536991 32.748712344560772 21.188260475872084 9.213589806808157 17.798866979544982 7.9531569767277679 24.107169338036329 21.723738880595192 7.4272225361783084 14.816128936363388 6.6589408984873417
leaf_count=722 141 118 1021 468 101 382 335 3972 276 668 757 140 135 380 74 97 87 1357 5015 4908 1039 2200 496 1892 128 1540 1133 397 411 646
internal_value=2.28276e-05 0.00618589 -0.000350511 -0.00155477 0 0.00604511 -0.000376266 -0.00486137 0.0121073 0.000392015 -0.00315184 -0.00854665 0.00034155 0.00466551 -0.000146659 -0.00847169 0.0117712 0 0.000349084 0 0.00191886 0.00577593 0.0103652 0 -0.00150502 0.00365688 -0.00289039 -0.00703017 -0.011637 -0.0154695
internal_weight=515.217 27.9168 487.3 15.303 476.188 23.6963 452.492 62.4543 16.4033 25.1627 16.338 37.2916 390.038 39.5572 350.48 17.1065 13.9753 25.5819 333.374 327.719 148.317 80.9494 41.9623 38.9871 179.402 32.0603 147.341 50.626 28.9023 21.4751
internal_count=31036 727 30309 586 29288 759 28529 5872 377 1760 1092 4112 22657 2546 20111 232 467 2079 19879 19805 10642 5627 1535 4092 9163 1668 7495 2587 1454 1057
is_linear=0
shrinkage=0.05


Tree=72
num_leaves=31
num_cat=0
split_feature=9 26 5 29 7 28 27 39 15 24 28 33 32 39 11 32 26 7 7 19 31 18 31 10 33 4 2 24 32 41
split_gain=0.638357 0.695363 0.55817 0.778159 0.902512 0.63012 0.630564 0.793968 0.941578 0.770604 1.1475 1.09349 0.631515 0.598583 0.581481 0.535063 0.553229 0.635748 0.589643 0.504095 0.475404 0.438885 0.526645 0.438661 1.02753 0.640743 0.542374 0.449038 0.429533 0.503988
threshold=0.43000000715255743 0.043333351612091071 1.0000000180025095e-35 0.043333351612091071 -0.31666666269302363 0.48166668415069586 -0.17000000178813932 0.015892331488430503 -0.37666666507720942 0.17000001668930056 0.39499998092651373 0.20999997854232791 0.096666663885116591 0.012643355876207353 -0.40333333611488337 0.096666663885116591 -0.29666668176650995 -0.18333333730697629 -0.29000000655651087 0.37000000476837164 -0.049999997019767754 -0.40333333611488337 0.48333334922790533 -0.056666672229766839 -0.2766666561365127 0.37000000476837164 0.20833331346511844 -0.0099999904632568342 -0.37666666507720942 0.029639762826263908
decision_type=2 2 2 2 2 2 2 2 2 2 2 2 2 2 2 2 2 2 2 2 2 2 2 2 2 2 2 2 2 2
left_child=2 -2 3 15 -5 6 7 8 -4 10 11 -9 -13 -6 -11 16 18 21 -1 -17 -19 -18 -23 24 -8 -26 27 -25 -15 -30
right_child=1 -3 5 4 13 -7 23 9 -10 14 -12 12 -14 28 -16 19 17 20 -20 -21 -22 22 -24 26 25 -27 -28 -29 29 -31
leaf_value=0.00984359733220002 0.01234202180392794 0 -0.0098283832915575502 0.0064207242439285762 0.0033268247702127637 -0.009088549476927615 -0.0078609402338816053 0.0022050009968876631 0.0055669361143564702 0 0.01158318932531757 0.00018643010082717022 -0.017113627829228838 0.001739778454497187 0.013050752252290547 0.011550500848079516 0.0028418384610749948 -0.0042206476128946379 -0.0016539603201258636 -0.0020893908520924973 0.0061373094822242203 -0.0086282995584016 0.0027899772091818983 0 0.0092684806852261943 -0.0040850339114615903 0.00098720000971773045 -0.011716261448916257 0 -0.011586895623882938
leaf_weight=14.54094208404422 15.218165170401333 24.696562319295481 15.293051789514722 6.6388535762671372 5.1040268852375439 7.7046428413595995 10.921550646191461 32.001334765693173 11.27634684438817 12.406532508321105 13.966189518570898 3.758729519089683 9.1068824718240631 3.1619316742289802 36.585847437614575 11.783213260816408 5.9672403682488939 10.51957175391726 14.918233835371209 4.1374079841189078 21.650953254895285 56.608150761574507 5.4284939160570493 15.034621919039635 31.163782913004979 5.1165421910118303 24.210584947722964 18.70096430904232 11.539747164584695 57.657056546653621
leaf_count=1052 874 1409 316 201 198 308 1078 1374 603 221 260 172 395 155 1407 734 174 732 1179 325 1799 4919 125 1223 2447 533 2061 1660 546 2749
internal_value=2.72926e-05 0.00570361 -0.000460984 -0.00224346 -0.00589534 0.00110988 0.00175379 0.0039887 -0.00270499 0.00591338 0.00128562 -0.00241653 -0.0122824 -0.0076361 0.0102695 0 -0.00115554 -0.00305468 0.00402149 0.00726366 0.00196432 -0.00573359 -0.00710377 -0.000938962 0.00218077 0.00648151 -0.00383737 -0.00755516 -0.00892397 -0.00984365
internal_weight=516.818 39.9147 476.903 229.656 84.1016 247.248 239.543 134.395 26.5694 107.826 58.8331 44.8669 12.8656 77.4628 48.9924 145.554 129.634 100.174 29.4592 15.9206 32.1705 68.0039 62.0366 105.148 47.2019 36.2803 57.9462 33.7356 72.3587 69.1968
internal_count=31229 2283 28946 14888 3849 14058 13750 4748 919 3829 2201 1941 567 3648 1628 11039 9980 7749 2231 1059 2531 5218 5044 9002 4058 2980 4944 2883 3450 3295
is_linear=0
shrinkage=0.05


Tree=73
num_leaves=31
num_cat=0
split_feature=16 38 31 33 36 37 37 8 22 5 31 41 13 40 38 14 7 26 0 31 41 37 41 41 41 0 29 21 38 38
split_gain=0.49392 0.907588 0.83122 0.877538 0.705506 0.592694 1.36442 2.23583 1.05218 1.03154 0.936601 0.966824 0.740115 0.847561 0.973632 0.725265 0.952018 0.771192 0.644944 0.832168 0.623901 0.564975 0.680659 1.07352 0.552769 0.501802 0.492495 0.500669 0.477064 0.621026
threshold=-0.28333333134651179 -0.022851467132568356 0.33666664361953741 0.29000002145767217 0.3966666460037232 0.04525041580200196 0.009663581848144533 -0.083333343267440782 -0.41666667163372034 0.18999999761581424 -0.43000000715255732 0.033406140282750137 -0.12333333492279051 0.92333334684371959 -0.085764408111572252 -0.36333334445953364 0.35000002384185797 1.0000000180025095e-35 -0.14333333075046537 -0.36333334445953364 0.041695982217788703 0.042311668395996101 0.039123736321926124 0.0340372882783413 0.046484509482979781 -0.30333334207534784 0.40333333611488348 0.25666666030883795 -0.0041112899780273429 0.074303150177001967
decision_type=2 2 2 2 2 2 2 2 2 2 2 2 2 2 2 2 2 2 2 2 2 2 2 2 2 2 2 2 2 2
left_child=5 2 -2 21 -5 6 10 -8 -9 18 11 -1 13 14 -10 20 17 -17 -7 -20 26 22 23 -4 -13 -24 27 -12 -3 -30
right_child=1 28 3 4 -6 9 7 8 12 -11 15 24 -14 -15 -16 16 -18 -19 19 -21 -22 -23 25 -25 -26 -27 -28 -29 29 -31
leaf_value=-0.00040204471653189426 -0.0017199974292030245 -0.010968189101281924 0.0097769788787499257 -0.012571310582670451 0.0049207827618681539 0.0071434475634151911 0.0079714550553399745 0.0044072673535228554 0 0.014784435282766585 0.0083445349254841344 0.019533714874898651 0.00042971335616377824 4.9847333691040869e-05 -0.021835326784861563 -0.0019557727356555193 -0.0058939389172926468 0.012925690835819462 -0.014028088460099425 0.0017021690591865408 -0.0079284848003726045 -0.0025325677264067272 0 -0.011140073965952716 0.00097255705084518167 0.018091743940754756 -0.0064946028677313654 -0.0028722927907750199 0.00027632230426935614 -0.0066925993005987816
leaf_weight=12.255788614973424 78.51257681264542 19.498301971936598 7.7690729415044171 5.4627890554256719 4.2973690186627209 15.840466741938142 14.944683343404902 4.2065349107142529 5.1909059900790444 15.534549272153525 20.304531826637689 13.362386971013622 4.3092020661570123 4.1351041481830171 25.963824525941167 6.5116751356981721 7.5763321430422357 24.184469936182722 6.8074839632026842 15.219438641564922 27.099571138387546 3.8298471923917523 7.8550088391639283 5.0203175672795624 9.7285076230764371 19.250738433329392 7.6466048671863964 7.9718724242411545 67.596354976994917 45.074782894924283
leaf_count=217 7873 2009 400 273 210 379 352 94 142 378 531 213 193 100 636 413 313 724 140 444 815 147 200 263 165 599 136 226 7154 5295
internal_value=0 -0.00146665 0.00130375 0.00588847 -0.00434204 0.00160169 0.000135328 -0.00575903 -0.0113413 0.00599049 0.00298056 0.00933996 -0.0139223 -0.016088 -0.018565 0.000130259 0.00532311 0.00928395 0.000284284 -0.0042297 -0.00284966 0.00892323 0.010755 0 0.0143865 0.0145518 0.000971746 0.00450362 -0.00435087 -0.00249839
internal_weight=512.961 264.167 131.998 53.4851 9.76016 248.794 195.392 58.7503 43.8056 53.4019 136.642 35.3467 39.599 35.2898 31.1547 101.295 38.2725 30.6961 37.8674 22.0269 63.0226 43.725 39.8951 12.7894 23.0909 27.1057 35.923 28.2764 132.169 112.671
internal_count=31034 24423 9965 2092 483 6611 5270 1517 1165 1341 3753 595 1071 878 778 3158 1450 1137 963 584 1708 1609 1462 663 378 799 893 757 14458 12449
is_linear=0
shrinkage=0.05


Tree=74
num_leaves=31
num_cat=0
split_feature=12 5 21 13 33 38 11 17 28 23 33 30 41 7 13 14 29 23 38 25 26 14 39 38 26 39 19 40 13 27
split_gain=0.551555 0.53096 0.859989 0.981239 1.1397 0.71178 0.666631 0.742281 0.553403 0.765599 0.847515 1.07408 0.674281 0.648921 0.92038 0.591448 0.514343 0.625834 0.484412 0.482774 0.727726 0.560497 0.637339 0.439965 0.424621 0.409283 0.39324 0.395602 0.390761 0.356072
threshold=0.43000000715255743 0.29666668176651007 0.48333334922790533 -0.37666666507720942 0.22333335876464847 0.0070109367370605477 0.16333335638046267 0.37000000476837164 1.0000000180025095e-35 0.32999998331069952 0.29666668176651007 0.35666668415069586 0.041943825781345374 -0.023333340883255001 -0.15000000596046445 -0.43000000715255732 0.31000000238418585 0.18999999761581424 0.11726856231689455 0.01666665077209473 -0.26999998092651362 0.4499999880790711 0.018264957703650001 0.03019046783447266 -0.24999999999999997 0.029205097816884521 -0.35000000894069666 0.45000000298023229 -0.049999997019767754 -0.45666666328907007
decision_type=2 2 2 2 2 2 2 2 2 2 2 2 2 2 2 2 2 2 2 2 2 2 2 2 2 2 2 2 2 2
left_child=1 8 3 4 -3 -4 23 -8 12 10 11 15 19 -12 -15 -10 -13 -18 24 20 -1 22 -22 29 -14 -17 27 -11 -21 -5
right_child=-2 2 5 6 -6 -7 7 -9 9 26 13 16 18 14 -16 25 17 -19 -20 28 21 -23 -24 -25 -26 -27 -28 -29 -30 -31
leaf_value=0.0035600310762055123 -0.0070676983791125598 -0.0008998803133947865 -0.014819949416745609 0.0017879697830911077 0.016111208339455854 0.0039082261145149408 0.010963555404445517 -0.0030053093292351537 -0.010740383823317365 0 0.00078559218561439137 -0.0022281329492519048 0 -0.020259530087384969 0 -0.003343728830515473 0.014005148877816717 -0.00056120163600003703 -0.0032377877923843246 0.0078530541219784342 0 0.0043154663187477431 -0.013686204844165096 0.0021359828820729271 0.007805231126636631 0.0040979070000708318 -0.0016648573937427984 0.010173462492726775 -0.0010276740607913603 -0.0099761392392176216
leaf_weight=12.517327876295893 20.306678821681999 9.7618197267875058 5.3255969097372127 2.1801017066463855 24.442495989613235 2.7277583619579673 18.109456555452201 8.5226160413585585 22.020447134971619 13.14680103864521 3.9622990492498529 6.9396199630573419 19.303869841154665 13.255720757413659 4.7479074546135935 86.364652950316668 14.072308622999119 6.088733085198327 9.6429619590053317 13.449172761058433 10.997816192917524 2.1932993410155168 23.667626842390746 11.334394549485294 60.759443817194551 15.063301957910879 17.827314506052062 16.944466633722186 20.685223098611459 18.05768597684801
leaf_count=989 2312 194 184 41 368 119 1384 852 561 260 205 204 1405 361 408 5636 278 112 836 754 1028 131 1795 701 3967 871 1433 340 2216 1153
internal_value=0 0.000359977 0.00352122 0.00516836 0.0112247 -0.00773728 0.000503539 0.00599657 -0.000424989 -0.00211056 -0.00370763 -0.00193535 0.00157939 -0.0119392 -0.0152776 -0.00404391 0.00590623 0.00953064 0.00452368 -0.00139526 -0.00451824 -0.00795927 -0.00987281 -0.00368227 0.00590952 -0.00183869 0.00294827 0.00619639 0.00249939 -0.00763696
internal_weight=514.419 494.112 100.462 92.4086 34.2043 8.05336 58.2043 26.6321 393.65 220.434 172.515 150.549 173.217 21.9659 18.0036 123.448 27.1007 20.161 89.7063 83.5105 49.3761 36.8587 34.6654 31.5722 80.0633 101.428 47.9186 30.0913 34.1344 20.2378
internal_count=31098 28786 4996 4693 562 303 4131 2236 23790 10669 8636 7662 13121 974 769 7068 594 390 6208 6913 3943 2954 2823 1895 5372 6507 2033 600 2970 1194
is_linear=0
shrinkage=0.05


Tree=75
num_leaves=31
num_cat=0
split_feature=31 25 22 20 35 26 25 23 28 26 9 32 30 23 15 27 5 31 7 38 1 21 41 33 38 9 30 38 27 11
split_gain=0.767253 1.27897 0.807939 0.548529 0.524057 0.465651 0.440551 0.428393 0.645156 0.713107 0.651951 0.712858 0.626644 0.48845 0.578452 0.477994 0.667733 0.931403 0.453631 0.48549 0.442953 0.527119 0.431722 0.414031 0.413913 0.423374 0.381827 0.376091 0.36085 0.349254
threshold=-0.4433333277702331 0.21666666865348819 -0.35000000894069666 0.36333334445953375 0.29666668176651007 0.46999999880790716 -0.37666666507720942 0.2833333313465119 0.22333335876464847 0.44333332777023321 0.17666667699813846 -0.030000001192092892 -0.15000000596046445 0.4499999880790711 -0.45666666328907007 0.23000001907348636 -0.30333334207534784 0.40333333611488348 -0.18999999761581418 -0.056065082550048821 -0.32333332300186152 -0.016666665673255917 0.041695982217788703 -0.016666665673255917 0.14263010025024417 0.32999998331069952 -0.25666666030883784 -0.022851467132568356 0.12333333492279054 0.18999999761581424
decision_type=2 2 2 2 2 2 2 2 2 2 2 2 2 2 2 2 2 2 2 2 2 2 2 2 2 2 2 2 2 2
left_child=1 2 -1 7 -3 24 -4 8 9 15 22 -12 -9 14 -14 18 17 -17 -2 -20 -13 29 23 -10 25 -5 -18 -6 -25 -22
right_child=3 4 6 5 27 -7 -8 12 10 -11 11 20 13 -15 -16 16 26 -19 19 -21 21 -23 -24 28 -26 -27 -28 -29 -30 -31
leaf_value=-0.0013260152761321847 -0.0052919570221735494 -0.010904452244421374 0 -0.01036719678237326 -0.0029816860296843304 0.0033867833386661481 0.01515686732199626 -0.0047842639142466606 -0.0025223636728184881 0.0078360792770409277 0.0020251920530840592 0 -0.0024901848091255395 -0.0017177924868473898 0.009224587648573767 -6.2870071904711067e-05 -0.0063026305763286081 0.017361219205629292 -0.0052240111114740147 0.0023399350676861609 -0.023516401135080765 -0.0019973324364592265 -0.0048883871936183784 0.010917371513991369 0.002037127876212495 0 0.0023533194230917617 0.0086045319075985574 -0.0010686379880421322 0
leaf_weight=7.7528268657624713 62.676646616542712 7.6420387583784786 4.5546896699816015 39.252636292250827 9.6242761942557991 6.2386317180935285 26.454589100088924 13.127024480840189 8.6571361180394906 21.527423339197412 5.4132971197832367 3.7765892131719765 6.6356932634953401 12.652443614788352 45.399058769573458 10.138659320073204 14.004901692736892 8.8912264793179911 24.126455330755562 65.514814323047176 9.4985336675308663 11.029895969433706 23.845892443554476 12.494512506062163 4.8407556568272403 9.8368199444375914 25.66479984880425 5.2290248656645391 2.8676617713645092 2.9912607572041461
leaf_count=201 4790 279 205 2766 271 130 510 1167 478 729 202 204 115 722 2570 1143 1177 198 1663 5200 360 418 1147 399 302 705 2408 201 209 259
internal_value=-0.000198789 0.00472788 0.00986795 -0.000975774 -0.00346461 -0.00520366 0.0131034 -0.000193254 -0.0010837 0.00018102 -0.00478212 -0.00965076 0.00291263 0.00510176 0.00719689 -0.000679787 0.00279676 0.0092895 -0.00223269 0 -0.0126648 -0.0147794 -0.000286526 0.00351322 -0.00685413 -0.00831109 -0.000581701 0.00120047 0.00783793 -0.0204042
internal_weight=512.36 61.2574 38.7621 451.103 22.4953 60.1688 31.0093 390.934 313.12 232.545 80.5748 32.7096 77.8142 64.6872 52.0348 211.018 58.6996 19.0299 152.318 89.6413 27.2963 23.5197 47.8652 24.0193 53.9302 49.0895 39.6697 14.8533 15.3622 12.4898
internal_count=31128 1667 916 29461 751 3903 715 25558 20984 17308 3676 1443 4574 3407 2685 16579 4926 1341 11653 6863 1241 1037 2233 1086 3773 3471 3585 472 608 619
is_linear=0
shrinkage=0.05


Tree=76
num_leaves=31
num_cat=0
split_feature=14 26 8 31 38 34 25 35 10 16 40 25 37 39 14 12 22 35 26 25 2 40 37 38 18 39 7 40 37 24
split_gain=0.73382 0.849077 0.778864 0.80351 0.846372 0.686024 0.663595 0.544907 0.532967 0.504454 0.611178 1.06241 0.978428 0.723205 0.708392 0.669248 0.697482 0.651746 0.614617 0.757671 0.624873 0.605434 0.510176 0.478055 0.575998 0.435926 0.413804 0.413414 0.401978 0.385562
threshold=0.31666666269302374 -0.12999999523162839 0.4499999880790711 0.43000000715255743 -0.051795959472656243 -0.12999999523162839 0.37000000476837164 0.13666665554046634 0.48333334922790533 -0.25666666030883784 0.67000001668930065 -0.069999992847442613 0.009663581848144533 0.025791112333536152 -0.3899999856948852 -0.049999997019767754 -0.29666668176650995 -0.33666665852069849 -0.15666666626930234 0.29666668176651007 -0.28333333134651179 0.050000000745058067 0.061909675598144538 0.00094079971313476573 -0.4433333277702331 0.015789056196808818 0.26999998092651373 0.60333335399627697 0.043982982635498054 0.14333331584930423
decision_type=2 2 2 2 2 2 2 2 2 2 2 2 2 2 2 2 2 2 2 2 2 2 2 2 2 2 2 2 2 2
left_child=2 5 3 6 -5 7 9 -2 -3 10 11 13 15 14 17 16 -13 -1 28 20 -20 -18 23 24 -22 -7 -14 -6 -12 -4
right_child=1 8 29 4 27 25 -8 -9 -10 -11 18 12 26 -15 -16 -17 21 -19 19 -21 22 -23 -24 -25 -26 -27 -28 -29 -30 -31
leaf_value=0.00093754360685399738 -0.013005423414583044 -0.010346278477137648 0 0.014958149895189619 -0.0071468949563096018 -0.0021917875966432094 -0.0073935397061533547 0.0031369892287103612 0.0020792094838981475 -0.0020266257132663008 -0.0080733808523899813 -0.0014731942721966553 0 0.0046270686509302132 0 -0.0028379788601063079 0 -0.014148326633071209 0.016920632491218373 -0.0055447040804013047 -0.0083203485173631176 0.013395720666108547 -0.0029558985566377222 0.011790493588582822 0.0057443776327924696 0.01110235432829651 -0.010398478549745772 0.0059878289191460177 0.0034045026465231083 0.014854590563964546
leaf_weight=4.4473403636366156 4.6551822747569558 39.923456039279699 6.7975899018347254 12.261707429308446 7.0425035010557604 2.5868988169822833 25.061542219016701 3.0552005055360496 4.5826206298079333 145.67046984098852 8.595317133702336 8.0713840899988991 23.216695420909677 8.7550217732787114 21.259027101099495 8.7598528033122403 6.688615243183448 27.051028075627979 14.295374148525296 4.3499657693319014 5.3037170837633267 37.21021760860458 10.525901034707202 17.47231010440737 13.924272673204547 13.039310851134358 7.2514115418307474 4.3127759392373264 7.3889291237574062 8.1130419250112009
leaf_count=85 379 3680 238 217 332 252 1977 295 421 15475 355 193 625 267 842 348 175 685 280 128 106 938 249 418 423 776 189 199 262 263
internal_value=-1.75943e-05 -0.00468214 0.000692788 0.000171501 0.00816083 0.00195631 -0.000345518 -0.00621201 -0.00847687 0.000161931 0.00164164 -0.00010807 0.00308516 -0.00506608 -0.00740836 0.00667464 0.00883708 -0.0115424 0.00497492 0.00708662 0.00876332 0.011183 0.00419536 0.00695901 0 0.00774803 -0.00330501 -0.000372352 -0.00214931 0.0101406
internal_weight=511.669 67.8427 443.826 428.915 23.617 23.3366 405.298 7.71038 44.5061 380.237 234.566 152.711 91.1982 61.5124 52.7574 60.7301 51.9702 31.4984 81.8558 65.8715 61.5216 43.8988 47.2262 36.7003 19.228 15.6262 30.4681 11.3553 15.9842 14.9106
internal_count=31072 5803 25269 24768 748 1702 24020 674 4101 22043 6568 4347 2468 1879 1612 1654 1306 770 2221 1604 1476 1113 1196 947 529 1028 814 531 617 501
is_linear=0
shrinkage=0.05


Tree=77
num_leaves=31
num_cat=0
split_feature=30 38 39 37 1 25 40 36 29 37 25 24 4 9 39 26 18 38 21 15 41 32 6 41 4 20 40 24 36 22
split_gain=0.746289 0.803258 1.02265 1.54126 1.02229 0.927734 0.891019 0.952436 0.830231 0.854999 0.761415 0.711264 0.597027 0.527507 1.21087 0.635087 0.632963 0.571165 0.69289 0.642959 0.531678 0.516429 0.53753 0.493975 0.426785 0.377109 0.360316 0.334825 0.437453 0.324553
threshold=0.40333333611488348 -0.037229537963867181 0.023099512793123726 0.047869682312011726 0.40333333611488348 -0.37666666507720942 0.48333333432674414 0.37666666507720953 0.48833334445953375 0.083350181579589858 -0.35000000894069666 -0.11666667461395262 0.37666666507720953 -0.023333340883255001 0.029205097816884521 0.26999998092651373 -0.32999998331069941 -0.013042449951171873 -0.29000000655651087 -0.40333333611488337 0.051111852750182159 -0.15000000596046445 -0.030000001192092892 0.028521345928311351 0.38333332538604742 0.37000000476837164 0.17666666954755786 0.35666668415069586 0.12333333492279054 -0.063333332538604722
decision_type=2 2 2 2 2 2 2 2 2 2 2 2 2 2 2 2 2 2 2 2 2 2 2 2 2 2 2 2 2 2
left_child=10 6 5 4 -4 -3 7 -2 9 12 11 25 -7 14 15 21 -16 27 -19 -20 23 -12 -23 -17 -21 -1 -24 28 -15 -9
right_child=1 2 3 -5 -6 8 -8 29 -10 -11 13 -13 -14 17 16 20 -18 18 19 24 -22 22 26 -25 -26 -27 -28 -29 -30 -31
leaf_value=0.011046680256061783 -0.01470608690691721 -0.0046237181864307577 -0.017268761165433393 0.010819705861190947 0.0037364374073946671 0.019975550033963962 0.0065018835125995478 -0.0048276617137801943 -0.001824801743785801 -0.0014646587355786084 -0.0076951570539478889 -0.00041035707611080633 0.0009976569130705046 -0.0033549181486295259 -0.0021968909055944184 -0.0021720530865682523 0.011759781841680869 0.00098158721431329944 0 -0.012406491648376691 -0.0028652310389724743 0.0047914512879477077 0.00111377536325906 0.010351818307155217 0 -0.00071944658072556995 -0.0067518269067140578 -0.0073894807615785124 0.0038739883200231973 0.0064819136886900205
leaf_weight=25.217385360039774 11.817279531620445 3.7044132752344003 9.627405867911877 8.0749623787123692 3.756792514352127 28.732393134618178 13.263513828394933 3.6148356869816771 4.4536365855019531 3.5403500408865503 42.538292035227641 33.213955621933565 8.7209882640745473 27.461594514548779 5.1471875726711032 4.5556466856505748 23.717687479220331 17.773654661606997 15.327014074428005 46.914605953381397 13.831526737194507 22.072757175192237 14.477089719148351 20.060475680045784 5.3928128604311487 2.9862154873553655 28.77529780799523 8.6176592975389195 44.790078973863274 8.7288903335574997
leaf_count=1769 325 92 254 237 128 650 382 112 113 113 3840 2343 420 1557 163 232 1566 1586 397 3615 588 1463 1175 1051 617 227 2437 785 2606 278
internal_value=0.000218962 0.00382971 0.00684553 -0.00113344 -0.0107516 0.0105267 -0.00144432 -0.00706105 0.0126427 0.0147788 -0.000730157 0.00403888 0.0168798 -0.00171485 7.73717e-05 -0.00171338 0.0086042 -0.00368504 -0.00641444 -0.00861917 0.00315031 -0.00374124 -0.000385287 0.00724605 -0.0110175 0.00916229 -0.00379657 -0.000270724 0.000760358 0.00131131
internal_weight=510.906 108.035 70.6109 21.4592 13.3842 49.1518 37.4245 24.161 45.4474 40.9937 402.871 61.4176 37.4534 341.453 175.176 146.311 28.8649 166.277 85.4081 67.6344 38.4476 107.863 65.3251 24.6161 52.3074 28.2036 43.2524 80.8693 72.2517 12.3437
internal_count=31121 3104 2007 619 382 1388 1097 715 1296 1183 28017 4339 1070 23678 12515 10786 1729 11163 6215 4629 1871 8915 5075 1283 4232 1996 3612 4948 4163 390
is_linear=0
shrinkage=0.05


Tree=78
num_leaves=31
num_cat=0
split_feature=31 8 38 26 20 40 2 32 35 28 14 21 1 31 2 6 0 31 0 21 35 21 40 11 25 28 32 38 6 40
split_gain=0.54013 0.985411 0.735365 0.6718 0.622748 0.612877 0.584371 0.652183 0.585099 0.924701 0.52522 0.490764 0.448615 0.700654 0.549537 0.49452 0.4602 0.45687 0.451908 0.39275 0.383717 0.382493 0.366627 0.32511 0.317405 0.428291 0.419524 0.42696 0.417295 0.350929
threshold=-0.4433333277702331 0.37666666507720953 -0.070828437805175767 0.43000000715255743 0.36333334445953375 0.12333333119750024 -0.17166666686534879 0.32333332300186163 -0.083333343267440782 0.26166665554046636 -0.4433333277702331 0.11000001430511476 0.068333327770233168 -0.083333343267440782 0.1566666662693024 0.030000001192092899 0.35000002384185797 -0.36333334445953364 0.18999999761581424 0.25666666030883795 0.3966666460037232 0.23000001907348636 0.47666665911674505 0.18333333730697635 -0.26333332061767573 -0.2766666561365127 -0.096666663885116563 0.14263010025024417 1.0000000180025095e-35 0.87666666507720958
decision_type=2 2 2 2 2 2 2 2 2 2 2 2 2 2 2 2 2 2 2 2 2 2 2 2 2 2 2 2 2 2
left_child=1 10 -3 4 12 -4 -5 8 -8 -10 22 -6 17 16 15 23 19 18 -2 -14 -7 -16 -1 -15 25 -19 29 28 -28 -26
right_child=3 2 5 6 11 20 7 -9 9 -11 -12 -13 13 14 21 -17 -18 24 -20 -21 -22 -23 -24 -25 26 -27 27 -29 -30 -31
leaf_value=0.0021918744141630822 -0.010914737836007679 0.0052241640499786669 0.0017967742860858873 0.0097421987148938183 0 -0.018327711156116887 0.0032916832058248763 0.0079550669508502755 0.0018585859021752892 -0.013452013749692741 -0.00017641229866857395 -0.0097066060476324531 0.0094668065855011471 0 -0.0088888468914133361 -0.0041874076554218797 -0.0020309061826905444 0.0075563837652728675 0.0025320205234898819 0 0 0 0.016318625635258675 0.012387812994119075 -0.0073799048831567175 -0.00099619136112219162 0.0038104710541705376 0.008428903643836411 -0.0039292292676360125 0.0010249026075836154
leaf_weight=14.958972678519787 19.790235130814839 8.2530997116118687 3.895167931681498 18.273030726239085 15.963908151723443 6.4161146439146233 15.308171768207101 13.834128296701236 11.43334386800416 15.32385157397948 7.6619033932220182 33.490609193453565 36.012792287161574 12.03733125282452 24.528884837403893 9.078944706823675 11.229252329794688 15.525043699890373 2.1175285477656862 17.688475297531113 3.8348343919496983 12.718263178132473 14.221917213872073 6.9551076977513722 44.526042599463835 30.808506489964202 17.027845344040543 6.7628527279011896 50.320736833382398 8.2562435325235111
leaf_count=215 1005 217 111 598 1157 221 453 388 381 354 553 2404 1829 1021 2244 874 670 960 121 871 139 1151 198 454 3701 2377 1096 441 4193 655
internal_value=-0.000172765 0.00402069 -0.00303549 -0.00082671 -0.00173593 -0.00921598 0.00324234 0 -0.00279427 -0.00700449 0.00871846 -0.00670601 -0.000797354 0.00132086 -0.00200061 0.00244325 0.00490123 -0.00233274 -0.00845427 0.00682795 -0.0140574 -0.00580213 0.0113963 0.00685753 -0.00116197 0.00192961 -0.00251509 0 -0.00147992 -0.0056695
internal_weight=508.253 59.242 22.3992 449.011 374.839 14.1461 74.1725 55.8995 42.0654 26.7572 36.8428 49.4545 325.384 130.249 65.3185 28.0714 64.9305 195.135 21.9078 53.7013 10.2509 37.2471 29.1809 18.9924 173.227 46.3336 126.894 74.1114 67.3486 52.7823
internal_count=31052 1654 688 29398 27224 471 2174 1576 1188 735 966 3561 23663 9114 5744 2349 3370 14549 1126 2700 360 3395 413 1475 13423 3337 10086 5730 5289 4356
is_linear=0
shrinkage=0.05


Tree=79
num_leaves=31
num_cat=0
split_feature=27 2 38 23 3 40 21 3 0 24 16 22 28 28 20 39 31 33 39 3 39 38 40 28 31 37 39 17 40 36
split_gain=0.781697 0.841422 1.12299 0.739323 0.801987 0.730862 1.02367 0.930476 0.75316 0.678646 0.597828 0.54331 0.505615 0.656446 0.615324 0.493344 0.440763 0.398848 0.39333 0.393118 0.572516 0.375939 0.41355 0.542722 0.563743 0.341573 0.893102 0.853625 0.697716 0.408046
threshold=-0.16333332657814023 -0.28333333134651179 0.12017393112182619 0.2833333313465119 -0.26999998092651362 0.050000000745058067 0.4499999880790711 0.37000000476837164 -0.036666661500930779 -0.28333333134651179 -0.22333332896232602 -0.036666661500930779 0.21166664361953738 0.45499998331069952 0.056666672229766853 0.023099512793123726 0.32999998331069952 -0.36333334445953364 0.012643355876207353 -0.20333333313465116 0.033075856044888503 0.19940757751464847 0.050000000745058067 -0.36333334445953364 0.45666664838790899 0.0067873001098632821 0.015892331488430503 -0.32333332300186152 0.87666666507720958 0.056666672229766853
decision_type=2 2 2 2 2 2 2 2 2 2 2 2 2 2 2 2 2 2 2 2 2 2 2 2 2 2 2 2 2 2
left_child=1 2 9 4 11 -5 8 -8 -7 -1 -10 -3 14 18 15 -6 -16 -11 -14 -20 -21 22 -2 24 -24 26 -25 -28 -29 -27
right_child=21 3 -4 5 12 6 7 -9 10 17 -12 -13 13 -15 16 -17 -18 -19 19 20 -22 -23 23 25 -26 29 27 28 -30 -31
leaf_value=-0.00093945681311532721 0.0030174944428118956 -0.0010058555559320059 -0.0067388079303343984 -0.0070694209595522309 0.008036053271687672 0 -0.011095223630769374 0.0059820007270975891 0.015138253523853347 0 0 0.011832611607624478 0.0018671792217604352 0.0050652513070851279 -0.0085097612047271322 -0.0018326145878166198 0.0028896321774090159 0.014650618687799408 0.00074466904602583548 -0.011704484697879651 0.0012848292351648146 0.0051084255708310402 -0.0020792158944346298 0.0022307241746259907 0.0090207977812110582 0.00080809863242062698 0 -0.012896169155819101 9.9994266635195278e-05 -0.0055821714257766365
leaf_weight=5.821193645708262 19.20976856071502 8.6007963283918816 5.4383850584272286 5.8623187288176259 21.997025296324864 12.10777913010679 9.9053806208539772 8.7850766917690617 30.540599044645202 2.4920705056283614 7.1196378325112191 10.415114281233398 3.3226074932608745 4.7945658292155704 20.343429347500209 13.800092208897693 4.945829340722411 30.150630139512941 3.9507338101975611 48.815095097990707 4.7800384664442381 8.7326909282710385 24.583425692282617 16.91891272761859 10.903949793893842 51.764636387582868 17.49769353098236 57.27153898216784 7.7471899227239183 33.130645116674714
leaf_count=317 1539 410 260 178 1171 406 218 263 641 175 634 427 104 85 1160 709 293 1155 86 1543 140 599 2705 1638 295 4463 960 4950 665 3019
internal_value=-0.0002238 0.00159799 0.00747463 0.000147896 -0.00179578 0.00412066 0.00590711 -0.00255278 0.00946535 0.0106847 0.0125525 0.00617796 -0.00340555 -0.0062548 0 0.00391653 -0.00535477 0.0132286 -0.00789483 -0.00897496 -0.0101138 -0.00225532 -0.00274488 -0.00342595 0.00154017 -0.00453179 -0.00655174 -0.00866405 -0.011118 -0.00161454
internal_weight=511.749 263.988 43.9023 220.086 145.765 74.3208 68.4585 18.6905 49.768 38.4639 37.6602 19.0159 126.749 65.663 61.0864 35.7971 25.2893 32.6427 60.8685 57.5459 53.5951 247.76 239.028 219.818 35.4874 184.331 99.4353 82.5164 65.0187 84.8953
internal_count=31208 10375 1907 8468 6128 2340 2162 481 1681 1647 1275 837 5291 1958 3333 1880 1453 1330 1873 1769 1683 20833 20234 18695 3000 15695 8213 6575 5615 7482
is_linear=0
shrinkage=0.05


Tree=80
num_leaves=31
num_cat=0
split_feature=33 9 14 8 6 27 11 39 26 6 37 39 26 39 12 6 24 31 24 21 16 22 32 33 32 32 14 33 39 0
split_gain=0.747214 0.799804 0.683832 0.849483 0.760977 1.07035 0.801747 0.834892 0.809496 0.731028 0.941661 0.892745 0.718948 0.651203 0.661016 0.64701 0.667059 0.641342 0.61686 0.614571 0.514492 0.507368 0.503468 0.476648 0.471279 0.465082 0.4458 0.432428 0.402176 0.371119
threshold=-0.19666665792465207 -0.12333333492279051 0.32999998331069952 0.44333332777023321 -0.29000000655651087 -0.25666666030883784 -0.3899999856948852 0.024153697304427627 0.25666666030883795 0.31000000238418585 0.04525041580200196 0.0129718822427094 -0.24333333969116208 0.024349682964384559 -0.31000000238418574 0.40333333611488348 0.22333335876464847 0.096666663885116591 0.14999997615814212 0.25000000000000006 0.44333332777023321 0.23666667938232425 0.32999998331069952 -0.0099999904632568342 0.29666668176651007 0.043333351612091071 -0.15666666626930234 0.46999999880790716 0.023099512793123726 0.17000001668930056
decision_type=2 2 2 2 2 2 2 2 2 2 2 2 2 2 2 2 2 2 2 2 2 2 2 2 2 2 2 2 2 2
left_child=18 13 3 4 5 28 9 8 -8 10 11 -6 -13 23 -15 16 -11 19 21 26 27 -1 -16 25 -25 -2 -10 -4 -3 -9
right_child=1 2 20 -5 6 -7 7 29 17 15 -12 12 -14 14 22 -17 -18 -19 -20 -21 -22 -23 -24 24 -26 -27 -28 -29 -30 -31
leaf_value=0.0012816748437248912 -0.0066573177424546813 0.018872569430444072 -0.011613867106758135 0.010198535991910795 0.0032135008287967511 -0.0016605491051004725 -0.00043041881775263005 -0.0060681704187660231 0.015545832196630905 0.012296053201858101 0.0014675678704906287 0 -0.016942138592504201 -0.0005710766921228998 0.017098424521254745 -0.0078592641105334395 -0.0026380120711226784 -0.00099672767318473039 -0.0086532602031355842 0 0.001616475659230646 -0.0071810018101786102 0 0.009528189345204021 -0.0031413884779343537 0.00380250293692977 0 0.00011464090912326384 0 0.00098968144187126057
leaf_weight=64.490651118801907 18.85166489076801 8.9779066590126622 22.498148876708004 16.27325350465253 3.720842774026095 12.252787470119072 54.065842513693497 39.71353911748156 25.839668451575562 10.864972242387017 12.645290071144698 4.2998096311930523 29.147134077269587 4.980719864601272 17.618010388920087 5.2650991349946699 6.3302699774503699 11.097555067157371 33.032018218422309 13.344159618020056 9.2748586041852814 16.884733828599565 2.3996333389077327 18.137554678600285 3.5334901679307213 10.320518271531908 4.3943660708609995 5.1043962973635635 3.8304233138915142 20.044465685496107
leaf_count=5099 1278 217 2220 602 84 908 4665 2183 579 220 287 189 773 192 988 138 116 729 2887 366 873 1334 138 951 239 715 278 535 130 1166
internal_value=0 0.00107133 0 0.000818331 0 0.00740618 -0.000897309 0.000891397 0.00354858 -0.00513559 -0.00830074 -0.0119453 -0.0144977 0.00548203 0.0113556 0.0012758 0.00646017 0.00754871 -0.00341959 0.0100864 -0.0059474 -0.000560675 0.0147314 0.00126052 0.0063257 -0.00222865 0.0134761 -0.00906779 0.0151717 -0.0034463
internal_weight=509.234 394.826 318.985 282.107 265.834 25.0611 240.773 168.5 108.742 72.2734 49.8131 37.1678 33.4469 75.8416 24.9984 22.4603 17.1952 54.6757 114.407 43.5782 36.8774 81.3754 20.0176 50.8432 21.671 29.1722 30.234 27.6025 12.8083 59.758
internal_count=31079 21759 17258 13630 13028 1255 11773 9966 6617 1807 1333 1046 962 4501 1318 474 336 1952 9320 1223 3628 6433 1126 3183 1190 1993 857 2755 347 3349
is_linear=0
shrinkage=0.05


Tree=81
num_leaves=31
num_cat=0
split_feature=5 37 4 30 6 41 27 27 16 17 41 36 22 35 25 39 17 28 30 27 3 34 39 30 21 25 4 4 28 30
split_gain=0.709933 0.795348 0.718149 0.701923 1.02858 0.878495 0.746989 0.598011 0.574656 0.929812 0.908577 0.66295 0.67155 0.567924 0.650101 0.54276 0.535018 0.519013 0.485782 0.480002 0.419238 0.414465 0.402381 0.376289 0.368724 0.36564 0.497826 0.421516 0.351406 0.331443
threshold=-0.016666665673255917 -0.065113067626953111 0.44333332777023321 0.29000002145767217 -0.22333332896232602 0.053183961659669883 -0.31000000238418574 -0.25666666030883784 -0.26333332061767573 -0.13666665554046628 0.043214606121182449 -0.049999997019767754 0.37666666507720953 0.22333335876464847 -0.35000000894069666 0.035185091197490699 -0.31000000238418574 -0.063333332538604722 0.38333332538604742 0.11000001430511476 -0.20333333313465116 -0.1766666769981384 0.025791112333536152 0.23666667938232425 0.46333330869674688 -0.16333332657814023 0.34333333373069769 0.38999998569488531 0.29666668176651007 0.14999997615814212
decision_type=2 2 2 2 2 2 2 2 2 2 2 2 2 2 2 2 2 2 2 2 2 2 2 2 2 2 2 2 2 2
left_child=1 17 8 13 7 6 18 -5 9 10 16 23 20 14 21 -16 19 -1 -6 24 -13 -3 -23 -12 -2 -11 -27 -28 -18 -10
right_child=2 3 -4 4 5 -7 -8 -9 29 25 11 12 -14 -15 15 -17 28 -19 -20 -21 -22 22 -24 -25 -26 26 27 -29 -30 -31
leaf_value=0.0079617881140566886 0.010641330979708168 -0.0073795944135765529 -0.0054123919187550034 0.014712051768988828 0 0.0071810143542790639 0.00073389362166800375 -0.00054544588587000125 0.0018864679208366317 0 0.009623246110301454 0 0.003633262790144857 0.0038661180873336095 -0.0083082361835678242 0.0015559628940903431 0.0032683969852601506 -0.0034078666496674109 -0.018948146950705347 -0.0019620861689280695 -0.012165160447427336 0.0071456775204277222 -0.0036332652945932141 -0.0020494701711601892 0 0.01561591223583623 -0.0068652470440406571 0.00725175408239214 -0.0075034968708605201 -0.0038260796442170053
leaf_weight=25.935083764139563 44.533648150973022 4.9991995843593058 21.405679830349982 12.115880058379846 3.9826736073009705 6.6021699244156471 8.4220575678627938 4.745465289335697 68.498370140325278 5.6480055772699407 7.7216966603882593 4.6413141572847953 6.0527902198955408 10.675567579572087 100.83737980853766 9.3490828706417215 9.6387640256434697 7.0122964025940737 7.8566642147488892 5.0654780012555412 22.978920281166214 19.424679759191353 5.1848467362578949 5.1218213122338057 5.322800336405634 25.400902555556968 3.4680501336697471 5.5529271468985826 6.9956133542582384 32.492421663366258
leaf_count=1310 867 374 1805 215 136 222 436 245 6758 224 249 133 114 1037 7923 586 325 421 167 188 652 1498 378 132 83 784 132 177 177 3336
internal_value=0.000377996 -0.001616 0.00207975 -0.00293051 0.00206602 -0.00328412 -0.00850771 0.0103083 0.00290141 0.00472757 0.00199628 -0.00289484 -0.00658585 -0.00456576 -0.00551375 -0.00721898 0.00547617 0.00474785 -0.014519 0.00773302 -0.00981765 0.000277163 0.00379095 0.00447122 0.00927059 0.010925 0.0125955 0 -0.000945414 0
internal_weight=507.682 227.143 280.539 194.196 43.7249 26.8636 20.2614 16.8613 259.134 158.143 118.073 46.5165 33.673 150.471 139.795 110.186 71.5563 32.9474 11.8393 54.9219 27.6202 29.6087 24.6095 12.8435 49.8564 40.0699 34.4219 9.02098 16.6344 100.991
internal_count=31084 14948 16136 13217 1421 961 739 460 14331 4237 2920 1280 899 11796 10759 8509 1640 1731 303 1138 785 2250 1876 381 950 1317 1093 309 502 10094
is_linear=0
shrinkage=0.05


Tree=82
num_leaves=31
num_cat=0
split_feature=27 23 4 40 37 17 37 21 40 16 21 4 24 38 41 3 36 5 3 15 22 12 17 27 37 18 18 40 2 2
split_gain=0.785744 0.552305 1.07476 0.955415 0.771401 0.767781 0.899993 0.579279 0.562365 0.727689 0.527854 0.502558 0.472969 1.03933 0.457842 0.456365 0.463057 0.455575 0.445525 0.432751 0.421257 0.404011 0.706387 0.578377 0.498335 0.398536 0.483785 0.391491 0.369823 0.367407
threshold=-0.17000000178813932 0.2833333313465119 -0.32333332300186152 0.50999999046325695 0.009663581848144533 -0.14333333075046537 0.034357547760009773 0.4499999880790711 0.050000000745058067 -0.25666666030883784 -0.0099999904632568342 0.23666667938232425 0.16333335638046267 0.025320529937744144 0.039123736321926124 -0.19666665792465207 -0.22999998927116391 -0.26999998092651362 -0.28333333134651179 -0.37666666507720942 0.1616666913032532 -0.18333333730697629 0.29666668176651007 -0.090000003576278673 0.092807292938232436 -0.48333333432674402 -0.063333332538604722 0.2833333313465119 -0.2766666561365127 -0.085000008344650255
decision_type=2 2 2 2 2 2 2 2 2 2 2 2 2 2 2 2 2 2 2 2 2 2 2 2 2 2 2 2 2 2
left_child=1 2 3 28 11 6 19 8 -3 -10 18 29 14 17 15 -2 -17 -14 -8 -6 -13 23 24 -16 -23 -9 -27 -18 -1 -4
right_child=12 7 4 -5 5 -7 10 25 9 -11 -12 20 13 -15 21 16 27 -19 -20 -21 -22 22 -24 -25 -26 26 -28 -29 -30 -31
leaf_value=-0.0066706249040606805 -0.0075082871480359652 -0.002485904535755693 0 0.01483524132149092 -0.023085658240234133 0.001231782340510837 0.0016836325867754444 0.0054164401536445578 0.01263880481826702 0 0.0038530927927119792 -0.0082976757794930352 0 0.0016698512705864003 0.0074266202160541877 -0.0060963149869927308 0.0073348152396898614 -0.010917940178082924 -0.011994584210154801 -0.00067800595367232337 0.0021465119504331747 0.0090353642134683321 -0.0031131499235271119 -0.0050948680571950384 -0.0039564156689025527 -0.010297274545676617 0.0034483462896695567 -0.0011928214474361376 0.0050909231234579936 0.0065329186593518287
leaf_weight=7.5680980065371859 25.054919020272791 4.729470894439145 26.42610698658973 16.761267397785559 7.0398569577373564 21.523060934385285 3.1270156570244554 8.2408714927732962 40.505634194007143 10.015378526644779 12.858332736417651 13.721091753570365 7.427417086903005 31.968489608960226 5.9500400344841173 14.058677196735514 19.237809021491557 38.964534236816689 9.2328614101279545 5.971362140029667 9.6167891272343677 44.83348901476711 14.14877234585583 27.456127285724506 2.2947244722163296 9.8131038108840567 3.3919897028245023 17.268031117506325 6.3897459269501269 42.53496340289712
leaf_count=409 2191 148 1203 616 156 1491 87 109 805 905 378 472 610 2996 313 1238 1458 3544 308 259 301 3874 1169 1977 253 226 185 1365 339 1740
internal_value=0.000465572 0.00240054 0.000684253 0.00844891 -0.000987461 -0.00524589 -0.00913041 0.0058418 0.00834943 0.0099623 -0.00143129 0.00166696 -0.00146428 -0.00452647 0 -0.00273333 0 -0.00897574 -0.00775306 -0.0175765 -0.003583 0.00230475 0.00466364 -0.00143902 0.00755685 -0.000120608 -0.00549047 0.00311393 -0.000121879 0.00392175
internal_weight=508.13 259.467 182.771 30.7191 152.051 59.7525 38.2294 76.6964 55.2505 50.521 25.2182 92.299 248.663 78.3604 170.303 75.6194 50.5645 46.392 12.3599 13.0112 23.3379 94.6832 61.277 33.4062 47.1282 21.446 13.2051 36.5058 13.9578 68.9611
internal_count=31125 10137 7759 1364 6395 2679 1188 2378 1858 1710 773 3716 20988 7150 13838 6252 4061 4154 395 415 773 7586 5296 2290 4127 520 411 2823 748 2943
is_linear=0
shrinkage=0.05


Tree=83
num_leaves=31
num_cat=0
split_feature=30 3 5 33 37 37 37 3 19 31 35 20 7 29 31 8 41 39 37 41 41 37 10 37 37 11 37 17 40 9
split_gain=0.66886 0.675921 0.775666 0.676629 0.875285 1.05039 0.755808 0.626405 0.648777 0.529112 0.687737 0.917926 0.519118 0.66564 1.47341 0.733874 0.728551 0.92067 0.640658 0.562051 0.632785 0.580792 0.543594 0.51082 0.504841 0.659485 0.497147 0.437791 0.423861 0.423291
threshold=0.3966666460037232 -0.1766666769981384 -0.33666665852069849 0.18999999761581424 -0.070494174957275377 0.009663581848144533 0.027335166931152347 0.20999997854232791 0.16333335638046267 0.48333334922790533 -0.41666667163372034 -0.21666666865348813 -0.16333332657814023 0.056666672229766853 -0.22999998927116391 -0.04333332180976867 0.037751007825136192 0.025618453510105613 0.011377334594726564 0.0389526765793562 0.033665612339973457 0.04525041580200196 -0.083333343267440782 0.011377334594726564 0.04200792312622071 -0.056666672229766839 -0.070494174957275377 -0.46999999880790705 0.92333334684371959 0.34333333373069769
decision_type=2 2 2 2 2 2 2 2 2 2 2 2 2 2 2 2 2 2 2 2 2 2 2 2 2 2 2 2 2 2
left_child=9 2 -2 27 -5 7 -7 -6 -9 12 -11 -12 18 19 16 -16 17 23 26 20 -14 -21 -17 -15 25 -20 -1 -3 -27 -28
right_child=1 3 -4 4 5 6 -8 8 -10 10 11 -13 13 14 15 22 -18 -19 24 21 -22 -23 -24 -25 -26 28 29 -29 -30 -31
leaf_value=0 -0.0033555672978845697 0.00016556290243163694 0.012623115486756842 -0.0083648674540648411 0 -0.011608631188695109 0.0028776295221168654 0.016154920565349746 0 -0.0055333613977264755 -0.0036475823637215029 0.016223568767856553 0.0032615125240677313 0.015965605174972228 0.00075452596234101604 0 -0.0014107164558404489 -0.0036559291469659728 -0.0011571249088041045 0.0087224318656417051 -0.0078479113240102118 -0.001822964769880851 -0.010810225554957285 0 -0.0041823296043143185 0.015379229973206994 -0.010527159894073317 -0.012153767839078781 -0.00037654326581658008 0.0011168081000844589
leaf_weight=18.736640089657158 4.5566523603629348 6.3212654748931518 21.700286915525794 8.157367497449739 8.4316756024491024 7.0723514589481082 19.706353198271245 22.510007680160928 4.3783916581887743 3.3810298582538989 3.451138813747094 10.475691110361364 22.352497633546591 16.508036627667032 20.116009390214458 15.080339476699008 35.411493708612397 6.6759015752468249 14.878737753722818 39.482041419250891 15.863894191104917 10.847507468657566 56.158771695452742 6.4381682032253584 30.545062396908179 7.9615417132154089 53.588505345862359 9.3912774452473951 1.6004204214550553 3.4272656745742998
leaf_count=1058 106 94 522 289 229 245 669 450 418 107 153 304 2012 618 1309 1326 1640 286 868 3296 1436 1032 4103 279 2415 760 4276 310 158 328
internal_value=-0.000469718 0.00276762 0.00896676 0.000140952 0.00259632 0.00501345 -0.00161015 0.0101449 0.0133012 -0.0014846 0.00561665 0.0104292 -0.00196042 -0.000455099 -0.00246992 -0.00647774 0.00287967 0.00808412 -0.00445405 0.00276995 -0.00122384 0.00605369 -0.00874358 0.0124132 0 0.00452344 -0.00726451 -0.00737003 0.0120072 -0.00939081
internal_weight=505.206 112.226 26.2569 85.9687 70.2561 62.0988 26.7787 35.3201 26.8884 392.981 17.3079 13.9268 375.673 244.935 156.389 91.3551 65.0336 29.6221 130.738 88.5459 38.2164 50.3295 71.2391 22.9462 54.9858 24.4407 75.7524 15.7125 9.56196 57.0158
internal_count=31096 3332 628 2704 2300 2011 914 1097 868 27764 564 457 27200 17337 9561 6738 2823 1183 9863 7776 3448 4328 5429 897 4201 1786 5662 404 918 4604
is_linear=0
shrinkage=0.05


Tree=84
num_leaves=31
num_cat=0
split_feature=12 28 4 20 21 23 18 13 32 40 28 39 37 2 31 8 37 25 3 25 13 29 40 39 21 41 1 27 36 41
split_gain=0.571531 0.366221 0.978947 0.472233 0.46956 0.41823 0.366148 0.504942 0.346903 0.550114 0.433672 0.574367 0.438661 0.425627 0.493944 0.697397 0.868008 0.435336 0.638898 0.398671 0.380798 0.36333 0.350139 0.479898 0.459025 0.51718 0.339095 0.504218 1.019 0.492295
threshold=0.43000000715255743 0.44166666269302374 0.41000002622604376 0.42333334684371954 -0.10999999940395354 0.46999999880790716 -0.48333333432674402 -0.2766666561365127 0.32333332300186163 0.49000000953674322 -0.26999998092651362 0.024153697304427627 0.092807292938232436 -0.40333333611488337 -0.22999998927116391 -0.076666668057441698 0.0081372261047363299 0.056666672229766853 0.22333335876464847 0.25666666030883795 0.30333334207534796 0.38999998569488531 0.92333334684371959 0.022856572642922405 0.14999997615814212 0.037274278700351722 0.096666663885116591 -0.4433333277702331 0.12333333492279054 0.03273806348443032
decision_type=2 2 2 2 2 2 2 2 2 2 2 2 2 2 2 2 2 2 2 2 2 2 2 2 2 2 2 2 2 2
left_child=1 3 4 8 -3 -6 -4 -8 10 20 11 22 -13 21 26 16 -16 -17 19 -19 -10 -12 23 24 25 -1 29 -28 -29 -15
right_child=-2 2 6 -5 5 -7 7 -9 9 -11 13 12 -14 14 15 17 -18 18 -20 -21 -22 -23 -24 -25 -26 -27 27 28 -30 -31
leaf_value=-0.00059588186416765219 -0.0074394018672936883 -0.00051797303862568427 0.0034070049091514741 -0.0056855812193563164 0.014427235614759316 0 -0.013898776009077789 0 0.011049056629616548 -0.0011291469265983553 -0.01175449193215565 0.010398712756999433 -0.0025843349992457324 -0.0071570996517851789 -0.0034138677585074228 -0.0075065054302699014 0.0061706029552133813 0.0071383889957634412 -0.0091834231005697899 -0.003123727960189393 0 0.0011501321970421722 -0.0090664944283712478 -0.0070567743397248819 -0.0039869780704573643 0.010984377297266319 -0.0031580846672544099 0 0.015164521673185266 0.0019846383338276994
leaf_weight=8.7411552739795315 19.808743554633111 4.7566487281583276 4.7541703265160349 30.970570578472689 19.362993343500424 4.9992195169907054 6.1110228006728002 7.4343327993992689 19.701871033990759 20.883322849404067 10.600560047663746 23.178519699256871 2.1601301596965632 14.025861178059129 43.577727121068165 59.859938597073779 37.467177955666557 18.951323089422662 8.1914833032060397 6.8766188102308652 7.36154750897549 1.962860335363074 3.8337666597217313 5.6999034741893402 5.5239130496047428 18.349170370958745 7.5312057852279386 21.079164433991536 15.395736409118397 46.738588280510157
leaf_count=952 2262 122 64 1785 418 98 168 546 953 1351 656 1522 225 551 3584 4018 2887 1149 642 643 673 48 343 377 507 1305 151 830 538 1713
internal_value=-0.000163413 0.000169387 0.00410896 -0.000249947 0.00933844 0.0118083 -0.0034347 -0.00742381 0.000179016 0.00395708 -0.000312825 0.0030392 0.00821128 -0.00121624 -0.000618777 -0.00228188 0.000849756 -0.00512433 0 0.00354686 0.00813064 -0.00867151 -0.000186726 0.00124491 0.00421427 0.00706178 0.00190544 0.00499393 0.00747405 -0.000204601
internal_weight=505.889 486.081 47.4184 438.662 29.1189 24.3622 18.2995 13.5454 407.692 47.9467 359.745 67.4866 25.3386 292.258 279.695 174.924 81.0449 93.8794 34.0194 25.8279 27.0634 12.5634 42.1479 38.3141 32.6142 27.0903 104.771 44.0061 36.4749 60.7644
internal_count=31081 28819 1416 27403 638 516 778 714 25618 2977 22641 5231 1747 17410 16706 12923 6471 6452 2434 1792 1626 704 3484 3141 2764 2257 3783 1519 1368 2264
is_linear=0
shrinkage=0.05


Tree=85
num_leaves=31
num_cat=0
split_feature=30 24 5 0 4 37 19 11 5 38 1 31 5 14 25 7 4 20 26 28 24 29 28 30 9 41 29 11 29 22
split_gain=0.652627 0.724513 0.986984 0.675664 0.674666 0.770196 0.549571 0.693896 0.579322 0.483236 0.440625 0.427427 0.534506 0.413304 0.399835 0.356042 0.47142 0.553805 0.6144 0.354188 0.339741 0.446279 0.319198 0.593925 0.667557 0.476294 0.480697 0.530699 0.374955 0.335202
threshold=0.44833332300186163 0.32999998331069952 0.27666664123535162 0.34333333373069769 -0.14500001072883603 0.0067873001098632821 0.32333332300186163 0.24333333969116214 1.0000000180025095e-35 0.00094079971313476573 0.31666666269302374 -0.26333332061767573 0.35000002384185797 0.4499999880790711 0.36333334445953375 -0.16333332657814023 -0.32999998331069941 0.16333335638046267 -0.33666665852069849 0.28166666626930242 -0.32999998331069941 -0.036666661500930779 0.23833334445953372 0.38333332538604742 0.34333333373069769 0.038634473457932479 0.29000002145767217 -0.083333343267440782 0.30333334207534796 -0.056666672229766839
decision_type=2 2 2 2 2 2 2 2 2 2 2 2 2 2 2 2 2 2 2 2 2 2 2 2 2 2 2 2 2 2
left_child=3 2 4 6 -2 -6 7 8 15 19 -5 12 -3 -8 22 16 -1 18 -18 -9 21 -17 29 25 -25 28 -27 -28 -24 -10
right_child=1 11 -4 10 5 -7 13 9 14 -11 -12 -13 -14 -15 -16 20 17 -19 -20 -21 -22 -23 23 24 -26 26 27 -29 -30 -31
leaf_value=0.00098935122219491619 0.0080424345829727753 0.0020646743100470235 0.013363053576460233 0 0.0032642057966482869 -0.013282358294322097 -0.0075445596809555109 0.012413944340251891 0.0089558546815718173 0 -0.0085223138471014152 0.0046533525062729631 -0.012216071239449837 0.0014673190861914152 -0.0062545851729389965 0.0020000873652962748 0.00063211442708350737 0 -0.011722575356223619 0 0.0019800856110486573 -0.010565711589392304 -0.0018530524785042972 0.011810408738001838 -0.0027413258479157261 0 -0.015505012577275962 0.00040560468532512759 0.0080697251065581788 0.00079334990565597193
leaf_weight=21.373287085210904 8.7837972855195421 4.5347501966170993 24.937285218620673 21.491494249552488 6.6270966124720863 8.2918718131259066 32.041557265329175 20.181723528774459 29.668797157937661 15.278618932468815 35.580655959784053 5.1677032914012662 9.241949752205981 10.433785611297933 5.6236809291876844 5.4466284536756566 7.655580591177567 17.771141925826669 35.448719165520743 3.4173360546119502 63.292815537308343 8.7605760986916703 14.632758344756441 13.808858789270746 6.1829812433570615 14.261051342124121 10.250398421892895 3.0632860739715388 9.0675208563916367 33.21324986545369
leaf_count=1393 127 68 571 1501 134 152 3120 1300 1897 1575 2735 287 296 885 472 506 577 1297 2452 300 3605 688 721 302 172 851 363 166 288 2227
internal_value=0 0.00436537 0.0074799 -0.000718696 0 -0.0059091 9.78946e-06 0.000774336 -1.13732e-05 0.00657688 -0.00551511 -0.00250472 -0.00705102 -0.00490751 0.00220574 -0.0021117 -0.00429644 -0.00644836 -0.00921007 0.010315 4.96284e-05 -0.00534768 0.00299138 0.000241806 0.00675417 -0.00230239 -0.00641038 -0.0115611 0.00196487 0.00545214
internal_weight=505.531 67.5845 48.6401 437.947 23.7028 14.919 380.874 338.399 299.521 38.8777 57.0722 18.9444 13.7767 42.4753 139.773 159.749 82.2487 60.8754 43.1043 23.5991 77.5 14.2072 134.149 71.2669 19.9918 51.275 27.5747 13.3137 23.7003 62.882
internal_count=31028 1635 984 29393 413 286 25157 21152 17977 3175 4236 651 364 4005 7459 10518 5719 4326 3029 1600 4799 1194 6987 2863 474 2389 1380 529 1009 4124
is_linear=0
shrinkage=0.05


Tree=86
num_leaves=31
num_cat=0
split_feature=31 16 11 2 24 40 25 41 26 24 1 3 33 33 24 26 1 35 5 40 7 26 36 0 5 28 36 9 7 8
split_gain=0.505985 0.718463 0.6261 0.621727 0.847649 0.681676 0.713251 0.589457 0.65403 0.603487 0.649452 0.594191 0.528608 0.761796 0.525829 0.507787 0.50495 0.560353 0.46835 0.457217 0.450638 0.446944 0.432803 0.490302 0.510136 0.39101 0.37776 0.440695 0.366885 0.329612
threshold=0.35000002384185797 -0.25666666030883784 0.01666665077209473 -0.17166666686534879 -0.33666665852069849 0.47666665911674505 0.21666666865348819 0.039123736321926124 0.14999997615814212 0.35666668415069586 0.043333351612091071 0.069999992847442641 1.0000000180025095e-35 0.29000002145767217 0.21666666865348819 -0.15000000596046445 0.083333313465118422 -0.056666672229766839 0.20999997854232791 0.2100000008940697 -0.016666665673255917 0.030000001192092899 -0.18333333730697629 0.26333332061767584 -0.30333334207534784 0.27666664123535162 0.24333333969116214 0.21666666865348819 0.31166666746139532 0.27666664123535162
decision_type=2 2 2 2 2 2 2 2 2 2 2 2 2 2 2 2 2 2 2 2 2 2 2 2 2 2 2 2 2 2
left_child=1 2 3 4 -1 -6 15 9 21 10 14 -10 18 29 19 -7 -4 -18 22 -5 -13 25 23 24 -2 -9 27 -12 -15 -14
right_child=12 -3 16 7 5 6 -8 8 11 -11 26 20 13 28 -16 -17 17 -19 -20 -21 -22 -23 -24 -25 -26 -27 -28 -29 -30 -31
leaf_value=-0.0074423151319365308 0.009826033814231222 -0.0032460837494908859 0 0.0011551530302512877 -0.00076523418739237402 0 -0.0013181447427594759 0.0022351709769967074 -9.0936013673737542e-05 -0.0085622225626407287 0.0047979496855352511 0 0.01432651780287634 -0.0062094760706422232 0.0059659765425686719 0.015570119103292335 -0.00073889924740199342 0.01380562321404015 0.0082830504558365839 -0.011437743959322391 -0.014800747741081902 0.0076103314386344227 -0.0089919313428445981 -0.0079110391352140326 -0.0020388964089853275 -0.0082107682834056759 0.011406182296318098 -0.0056730166726431793 0.0049567455314571511 0
leaf_weight=6.4460434885695568 12.186626855516808 167.33523219625931 16.722151450347155 5.0110088023357156 14.97418132633902 4.7927840654738239 6.1240512956865123 9.7980738899204933 22.431439436972141 6.980219821445643 27.481318916892633 8.9354951567947882 18.795122420415286 8.4880435932427662 3.7650735445786259 23.560947297606621 4.1672237538732615 17.165592975681648 6.1823512091068542 12.143668910488485 22.132874860893935 9.7358762710355204 11.481354401330462 4.945029532769694 9.3430077529046702 10.537274340633301 15.881047774339093 7.1399606540799132 8.5950006186030787 2.5338275940157464
leaf_count=208 452 18877 646 171 450 154 163 486 592 182 749 223 888 505 87 489 183 599 413 367 543 268 750 271 511 331 315 173 725 229
internal_value=0 -0.000725313 0.000864029 -0.000120373 0.00404589 0.00663746 0.010107 -0.00180017 -0.00463737 0.00104254 0.00289494 -0.00772535 0.00342564 0.00729065 -0.00321493 0.0131017 0.0063162 0.0105113 0 -0.00733343 -0.0116561 0.000534579 -0.0027609 0.000333585 0.00444683 -0.00286582 0.00594095 0.0015041 0 0.0124927
internal_weight=505.812 423.262 255.926 217.871 55.898 49.452 34.4778 161.973 83.571 78.4023 71.4221 53.4998 82.5504 38.412 20.9198 28.3537 38.055 21.3328 44.1384 17.1547 31.0684 30.0712 37.956 26.4747 21.5296 20.3353 50.5023 34.6213 17.083 21.329
internal_count=31000 26256 7379 5951 1464 1256 806 4487 2443 2044 1862 1358 4744 2347 625 643 1428 782 2397 538 766 1085 1984 1234 963 817 1237 922 1230 1117
is_linear=0
shrinkage=0.05


Tree=87
num_leaves=31
num_cat=0
split_feature=26 38 32 17 17 37 40 37 41 0 21 4 36 39 39 9 7 10 34 40 7 37 37 41 39 39 19 10 39 39
split_gain=0.566093 0.744325 0.942168 0.904585 0.55452 0.778374 1.08851 0.951364 0.542345 0.551429 0.527928 0.515448 0.487791 0.48234 0.619911 0.438541 1.12076 0.911533 0.644627 0.637386 0.786318 0.413893 0.660659 0.533536 0.609183 0.514869 0.430807 0.421477 0.392352 0.373207
threshold=0.42333334684371954 -0.060033798217773431 -0.24333333969116208 -0.14333333075046537 -0.43000000715255732 0.009663581848144533 0.82999998331069957 -0.030344486236572262 0.046601507812738426 0.2833333313465119 0.36333334445953375 0.37000000476837164 0.096666663885116591 0.024059629999101165 0.016775812022387985 -0.083333343267440782 -0.016666665673255917 -0.33666665852069849 0.35000002384185797 0.46333333849906927 -0.04333332180976867 0.009663581848144533 0.027335166931152347 0.05063311010599137 0.024153697304427627 0.016325673088431362 -0.29000000655651087 -0.16333332657814023 0.0300090815871954 0.013648589607328178
decision_type=2 2 2 2 2 2 2 2 2 2 2 2 2 2 2 2 2 2 2 2 2 2 2 2 2 2 2 2 2 2
left_child=4 2 -2 8 5 7 13 11 9 -3 15 -1 -9 14 -7 16 21 -18 -19 -17 -21 23 27 24 25 -6 -24 -23 -28 -5
right_child=1 3 -4 29 10 6 -8 12 -10 -11 -12 -13 -14 -15 -16 19 17 18 -20 20 -22 22 26 -25 -26 -27 28 -29 -30 -31
leaf_value=-0.0068916015133104695 0.0080155675696048576 0.0086943841997700194 -0.00970383504363489 0 0 0 0.0074109336340694902 0 -0.0056468412927685513 -0.0033856420681552188 -0.0064067209364153128 0.0060211648230725145 0.017197024220154133 0 -0.018952061449606022 9.5361829196204494e-05 -0.0027559905639116936 0.01390449512439087 -0.0018521145667850739 0.0004064612856220437 -0.009133317403651935 0.014590284511238442 0.0041781791173049311 0.0017998773755065077 0 -0.014711700087315861 -0.0093514664354202807 0 0.0020523983082851561 0.014401665561968452
leaf_weight=10.324005345813932 4.8861684123985496 19.998869128758091 15.055752681801094 3.1241154919844147 7.2259560248348889 5.5850360873155349 10.737796310335396 6.3210797987412688 13.663198565598575 7.1743147047236553 46.780397975118831 8.1644506258890015 14.336874923435969 8.1812229666393232 7.1855077310465276 90.495009039994329 9.6125672881025803 27.439935553818945 3.1812421858776352 26.639480257639661 49.878884122823365 6.9499641426373273 9.9396080402657407 17.017366295913234 16.497952854726464 18.111623881850392 14.979639792814853 3.2123209720011783 4.1980814961716524 22.097196826944128
leaf_count=316 129 431 495 128 675 119 244 199 316 141 3499 146 262 194 169 6881 889 1873 259 1937 3974 566 396 1111 1131 1612 1638 199 372 873
internal_value=-3.74279e-05 0.00347021 -0.0035488 0.00605516 -0.000847405 0.00290652 -0.00217528 0.00731643 0.00043568 0.00471588 -0.00170834 -9.03302e-05 0.0134115 -0.00857191 -0.0130286 -0.000798733 0.00113726 0.00767692 0.0115496 -0.00253097 -0.00572106 -0.00159173 0.0018164 -0.00420947 -0.00709567 -0.0112006 -0.00167044 0.0102651 -0.00596797 0.0125208
internal_weight=508.996 85.9996 19.9419 66.0577 422.996 70.836 31.6896 39.1464 40.8364 27.1732 352.16 18.4885 20.658 20.9518 12.7705 305.38 138.366 40.2337 30.6212 167.013 76.5184 98.1325 39.2796 58.8529 41.8355 25.3376 29.1173 10.1623 19.1777 25.2213
internal_count=31174 2513 624 1889 28661 1649 726 923 888 572 27012 462 461 482 288 23513 10721 3021 2132 12792 5911 7700 3171 4529 3418 2287 2406 765 2010 1001
is_linear=0
shrinkage=0.05


Tree=88
num_leaves=31
num_cat=0
split_feature=17 23 21 27 40 28 1 28 10 12 25 22 24 20 24 33 11 8 27 34 5 21 24 11 38 38 39 36 38 37
split_gain=0.744516 0.473286 1.07445 0.701955 0.505609 0.498414 0.487702 0.715566 0.646022 0.500815 0.487279 0.450617 0.445474 0.426816 0.398188 0.384824 0.500598 0.432483 0.3801 0.372562 0.351418 0.471561 0.336219 0.339574 0.320485 0.435676 0.412395 0.301249 0.294638 0.286034
threshold=0.38999998569488531 0.2833333313465119 0.46333330869674688 -0.063333332538604722 0.050000000745058067 0.12333333492279054 0.18999999761581424 0.01666665077209473 0.41666668653488165 -0.3899999856948852 -0.26999998092651362 0.38999998569488531 -0.20333333313465116 0.069999992847442641 0.14333331584930423 0.30333334207534796 0.18333333730697635 0.26333332061767584 -0.4433333277702331 -0.12333333492279051 0.19666665792465213 0.32333332300186163 0.17000001668930056 0.23000001907348636 0.03821611404418946 -0.085764408111572252 0.020900135859847072 0.26333332061767584 -0.044083595275878899 0.0081372261047363299
decision_type=2 2 2 2 2 2 2 2 2 2 2 2 2 2 2 2 2 2 2 2 2 2 2 2 2 2 2 2 2 2
left_child=1 6 3 4 -3 -6 7 10 11 14 24 15 -12 19 28 17 -17 -9 -4 -11 21 -7 23 -15 25 -1 -26 29 -8 -14
right_child=-2 2 18 -5 5 20 9 8 -10 13 12 -13 27 22 -16 16 -18 -19 -20 -21 -22 -23 -24 -25 26 -27 -28 -29 -30 -31
leaf_value=0 -0.0066861801607690412 -0.0018111246935327405 0.0027733537078864618 -0.00019729594074188161 0 0.0089293371657689947 0 -0.0052199930237041134 0.0050936607173105615 0 -0.0048993942369922796 0.0037447615378325121 -0.0034065700732778593 -0.0093068969501951225 0 -0.016346884069778987 0 0.0041668891724144985 -0.0083299392398178008 0.010155169627131359 0.014668724849083097 -0.0026780794076188452 0.0018994408504280861 0.00092650609989271835 0.0047593740904667949 0.011247057956862634 -0.0082315309225769288 0.0071633087904121196 0.013936620568173661 0.0033050161500352338
leaf_weight=10.937150740996001 35.016221347730607 5.2500864900648585 3.6767264606896815 28.937691398663446 7.9595820505637667 10.332156923366712 4.0110586052760544 92.798407592345029 9.4507105641532672 15.551802336005496 39.844144585775211 5.4364726904314002 29.758200439391658 18.361875262809921 6.7320074103772631 12.726361182983963 2.5353457911405703 6.4902391093783072 18.319923641625792 8.6622099319938552 30.568405888509005 9.7787347098346782 9.67291694995947 4.6234481688588849 6.8866736399941129 18.262950608273972 4.9180772197432816 11.03948692511767 12.481397086754439 21.530041899881326
leaf_count=577 3508 172 74 2392 530 307 118 4990 324 1142 3431 208 2271 1277 150 548 209 290 751 539 872 267 570 372 576 1300 414 787 314 1671
internal_value=-0.000196084 0.00031576 0.0030518 0.00550939 0.00824691 0.00961872 -0.000541398 -0.00160629 -0.00424268 0.002652 0.000684318 -0.00538405 -0.00100188 0 0.00797258 -0.0061895 -0.0132851 -0.00416647 -0.00538445 0.00438391 0.0112914 0.00300942 -0.00354701 -0.00662027 0.00500926 0.00749996 -0.000198823 0.00133523 0.0112625 -0.000101689
internal_weight=502.551 467.534 114.823 92.8267 63.889 58.6389 352.711 272.614 129.438 80.0967 143.177 119.987 102.172 56.8723 23.2245 114.55 15.2617 99.2886 21.9967 24.214 50.6793 20.1109 32.6582 22.9853 41.0049 29.2001 11.8048 62.3277 16.4925 51.2882
internal_count=30951 27443 5365 4540 2148 1976 22078 17596 6569 4482 11027 6245 8160 3900 582 6037 757 5280 825 1681 1446 574 2219 1649 2867 1877 990 4729 432 3942
is_linear=0
shrinkage=0.05


Tree=89
num_leaves=31
num_cat=0
split_feature=31 31 25 26 26 33 32 20 35 31 33 39 11 22 31 0 39 8 41 21 31 39 26 6 21 36 8 24 39 39
split_gain=0.501 0.61435 0.589335 0.524915 1.35214 0.500672 0.594044 0.475093 0.683576 0.500857 0.444379 0.439164 0.437385 0.422819 0.421667 0.567881 0.492301 0.48361 0.471876 0.444552 0.460423 0.512953 0.440394 0.408481 0.406882 0.397979 0.381791 0.366936 0.356729 0.566398
threshold=0.43666666746139532 0.096666663885116591 0.22333335876464847 0.35666668415069586 0.13666665554046634 0.38333332538604742 0.32333332300186163 -0.22999998927116391 -0.40333333611488337 0.47666668891906744 0.26999998092651373 0.025234628468751911 0.22333335876464847 -0.37666666507720942 -0.48333333432674402 0.39499998092651373 0.016749243251979355 0.37000000476837164 0.030753827653825287 -0.20333333313465116 -0.20333333313465116 0.018581680022180084 0.40333333611488348 -0.19666665792465207 0.4499999880790711 -0.16333332657814023 0.14333331584930423 0.36333334445953375 0.018832436762750152 0.012643355876207353
decision_type=2 2 2 2 2 2 2 2 2 2 2 2 2 2 2 2 2 2 2 2 2 2 2 2 2 2 2 2 2 2
left_child=1 2 5 4 11 14 -7 13 -9 -10 -5 23 -6 -2 -1 17 -17 18 22 25 21 -21 -16 -4 -18 -20 -11 -25 29 -3
right_child=7 28 3 10 12 6 -8 8 9 26 -12 -13 -14 -15 15 16 24 -19 19 20 -22 -23 -24 27 -26 -27 -28 -29 -30 -31
leaf_value=0.010518478852848442 0.0049871298516848102 -0.0095512490899256272 -0.0043570135013560303 0.0093283682611235343 -0.01786647242772936 0.013964184942919547 0 -0.0022857465207937965 0.001014540108871972 0.01946173682411162 -0.0013638733850139361 -0.0060605682861867875 0 -0.006984116071537272 -0.0054217858408093537 0.0027058691801287028 -0.014252559677297364 -0.0085347299087648165 0 -0.00070322804248561938 -0.0015030742909539604 0.0069459092972927296 0.0045583753152933087 0.0095312764824685529 0 0.0099527006622948649 0 -0.00055643506444947894 -0.0055612816328704483 0.0036991340414809825
leaf_weight=5.2854860296938559 6.1923996976111111 4.4570007836446157 4.9186077727936235 7.9016333911567953 13.878169833682479 11.391915841028096 8.6128882551565749 7.8375352718867353 14.501990821445363 10.311616123886777 19.508228238672018 12.89321223576553 4.2821565894410005 10.109375729458405 31.566385264741257 3.4273516759276417 10.192935219267381 5.3276183092966667 10.341513829538597 27.063168937573209 63.783429660834372 45.540828418452293 7.9067335431464008 17.460766259348024 3.0867719359230241 29.318645966472104 4.4906510987784705 6.6699482647236428 70.640012267394923 27.765992848435417
leaf_count=137 247 520 539 221 711 531 293 252 708 222 620 1052 416 431 1869 186 529 139 689 1017 4068 1663 143 1544 119 1370 225 682 6758 3270
internal_value=0.000141702 -0.000369024 0.000580105 -0.00274655 -0.0053209 0.00181726 0.00856184 0.0044935 0.00738992 0.0106345 0.00209188 0 -0.0147437 -0.00119742 0.000968142 0.000399118 -0.00699301 0.0012387 0.00181778 0.00298252 0.00126315 0.0039406 -0.00253523 0.00339489 -0.010856 0.00740479 0.0158465 0.00635767 -0.00368527 7.19838e-07
internal_weight=506.665 453.221 350.358 87.5127 60.1029 262.846 20.0048 53.4436 37.1418 29.3043 27.4099 41.9425 18.1603 16.3018 242.841 237.555 16.7071 220.848 215.521 176.048 136.387 72.604 39.4731 29.0493 13.2797 39.6602 14.8023 24.1307 102.863 32.223
internal_count=31171 29086 18538 5785 4944 12753 824 2085 1407 1155 841 3817 1127 678 11929 11792 834 10958 10819 8807 6748 2680 2012 2765 648 2059 447 2226 10548 3790
is_linear=0
shrinkage=0.05


Tree=90
num_leaves=31
num_cat=0
split_feature=31 41 15 19 38 14 25 7 15 14 41 41 39 31 38 39 39 39 38 39 2 27 32 39 19 24 38 24 22 13
split_gain=0.486583 0.660662 0.630043 0.649515 1.10214 0.647027 0.586035 0.683387 0.53933 0.534825 0.525901 0.667084 0.632543 0.493564 0.759507 0.696641 0.655609 0.598839 1.47522 0.886649 0.606656 0.533128 0.678899 0.530606 0.521562 0.460737 0.445957 0.435068 0.4234 0.409273
threshold=-0.4433333277702331 0.033144393935799606 -0.43000000715255732 -0.33666665852069849 0.070146560668945326 -0.37666666507720942 0.19666665792465213 -0.18999999761581418 -0.2766666561365127 -0.43000000715255732 0.034680554643273361 0.032098621129989631 0.01707923132926226 0.33666664361953741 0.014789581298828127 0.017265589907765392 0.012643355876207353 0.019321367144584659 -0.013042449951171873 0.020484371110796932 -0.32999998331069941 -0.31666666269302363 0.083333313465118422 0.016088104806840423 -0.04333332180976867 -0.20333333313465116 0.11496782302856447 -0.30166667699813837 0.38999998569488531 0.18333333730697635
decision_type=2 2 2 2 2 2 2 2 2 2 2 2 2 2 2 2 2 2 2 2 2 2 2 2 2 2 2 2 2 2
left_child=1 28 5 8 13 6 7 -2 -4 25 11 -6 26 14 23 -16 -15 18 -18 -19 29 -22 27 -5 -25 -3 -12 -23 -1 -21
right_child=2 9 3 4 10 -7 -8 -9 -10 -11 12 -13 -14 16 15 -17 17 19 -20 20 21 22 -24 24 -26 -27 -28 -29 -30 -31
leaf_value=-0.0079844998259857962 0.0012518283170109394 0 0.0057829858353762838 0.0033851133391277475 -0.00555456881251857 0.0035024471835540696 0.0010012940990845056 -0.012722673043749355 -0.0020357011903518502 -0.00073648346607420876 -0.0055637510334409189 0.010496722610209763 -0.012963857471978089 -0.0089417524240179066 -0.0032497375103619601 0.0080637516089954158 0.019153629656981131 -0.011527189039570616 -0.003096076080248796 0 0.0084863557739587019 0.00035367985920207432 0.003737290463260717 -0.00056687846692126634 -0.0082095251181116321 0.012692227118689808 0.0085147454076860193 -0.012666036669361648 0.0038784192593003409 0.015412836138824085
leaf_weight=10.332516642054545 6.0604368089698246 7.3921210663393131 75.099216236500069 18.155901527032256 10.370661121094598 10.403575766365973 9.7475279164500517 32.007404732052237 21.192845702636987 9.3295372277498227 7.1706671980209631 4.5519041172228745 28.184398884652182 2.4066353733651331 13.484394536120815 31.251125476788729 13.433728926815094 4.3624688838608554 6.994991088518872 2.51905927597545 8.3082806549500621 4.1336613658349917 12.297135450877247 55.06230506580323 45.294923587469384 25.898901580832899 3.7542212100233883 11.643076308071622 5.8112673785071811 8.7127942191436869
leaf_count=295 111 118 2285 1872 1023 385 181 705 874 778 786 521 2823 230 1459 2911 611 226 644 118 362 170 630 3796 5336 368 413 618 112 340
internal_value=0.000159454 0.0042446 -0.000371978 0.000321714 -0.000794251 -0.00498665 -0.00748281 -0.0100631 0.00379931 0.00739392 -0.00688896 0 -0.00960745 0.000621963 -0.000808791 0.00417981 0.00388165 0.00527839 0.0116159 0.00141196 0.00422111 0 -0.00297888 -0.00300331 -0.00451988 0.0100732 0 -0.00894917 -0.00269141 0.0119771
internal_weight=505.368 58.7643 446.603 388.384 292.092 58.2189 47.8154 38.0678 96.2921 42.6206 54.0319 14.9226 39.1093 238.06 163.249 44.7355 74.8118 72.4052 20.4287 51.9765 47.614 36.3822 28.0739 118.513 100.357 33.291 10.9249 15.7767 16.1438 11.2319
internal_count=31101 1671 29430 28048 24889 1382 997 816 3159 1264 5566 1544 4022 19323 15374 4370 3949 3719 1255 2464 2238 1780 1418 11004 9132 486 1199 788 407 458
is_linear=0
shrinkage=0.05


Tree=91
num_leaves=31
num_cat=0
split_feature=4 7 9 23 33 3 25 36 6 29 19 16 10 16 40 38 37 23 3 19 37 25 29 26 16 33 30 4 25 3
split_gain=0.414686 0.597485 0.730212 0.886583 0.828361 0.84667 0.68417 0.673314 0.589869 1.00906 0.536018 0.501406 0.560458 0.426604 0.391441 0.67253 0.558744 0.446186 0.401974 0.578814 0.396269 0.391665 0.368253 0.364512 0.36244 0.332884 0.3885 0.439815 0.332739 0.332204
threshold=0.44333332777023321 0.083333313465118422 -0.036666661500930779 0.33666664361953741 0.20333331823349002 0.31666666269302374 0.30333334207534796 0.2833333313465119 0.056666672229766853 0.35000002384185797 -0.18999999761581418 -0.083333343267440782 -0.35000000894069666 -0.26333332061767573 0.34000000357627874 -0.037229537963867181 0.042311668395996101 0.1566666662693024 0.29666668176651007 -1.0000000180025095e-35 0.0067873001098632821 0.12166666984558107 0.40333333611488348 0.3966666460037232 0.30333334207534796 0.45666664838790899 0.01666665077209473 0.3966666460037232 -0.35000000894069666 0.16333335638046267
decision_type=2 2 2 2 2 2 2 2 2 2 2 2 2 2 2 2 2 2 2 2 2 2 2 2 2 2 2 2 2 2
left_child=1 8 10 6 22 -6 7 29 14 23 -3 -12 -13 -7 15 -1 17 -16 19 -17 -21 24 -5 28 -19 26 -8 -28 -10 -4
right_child=-2 2 3 4 5 13 25 -9 9 -11 11 12 -14 -15 16 18 -18 21 -20 20 -22 -23 -24 -25 -26 -27 27 -29 -30 -31
leaf_value=0.0016765261869940294 -0.0060384625640695971 0.012859707982346286 0.0001139488671243436 0.0018613488106314512 0 0.017163544279673672 7.8525831147741382e-05 0.0059997783101860894 0.0027080687404913944 -0.017962403107438393 -0.0073504350574445645 -0.003382594045512867 0.010188586809669156 0 0.0010868499214748569 0.00022615281017391052 -0.0024190470450991446 0.013943613321928817 -0.014876301448477763 -0.013773274977022555 0 -0.00052652715504231606 -0.01008776267862869 0.0049279870433959275 0 0.00030979807106479079 -0.013318716804762085 0.0006518763478579882 -0.0064055630715659203 -0.0067867454610201876
leaf_weight=45.607306049438193 21.790134850656614 19.423146096756682 33.075132326222956 7.4516289704479259 11.495231088250874 17.835743961390108 4.3355200660880682 31.567921995185316 5.9049647101201073 7.4876973149366668 4.9872669442556825 5.3586470906157091 12.762248132843521 4.3821220379322794 61.713849922409281 36.302935058949515 42.042639427352697 16.776691488921649 6.13461965532042 9.157819632207973 4.2111098293680689 3.1729956250637761 4.0878843469545245 8.8780897018732485 2.9838949665427199 5.6894931090064338 21.701652224175636 2.3151737084845072 27.208508720854301 19.905235060723498
leaf_count=2986 1867 623 1632 457 305 374 486 1382 413 212 482 525 1157 474 3768 2191 2664 869 329 899 535 222 119 297 234 468 1711 129 2234 1026
internal_value=-6.13699e-05 0.000227375 0.00227223 0.000492524 0.00612084 0.00983139 -0.00164586 0.000596803 -0.00122066 -0.00584781 0.00770456 0.000755043 0.00529579 0.0145273 0 -0.00233208 0.00172409 0.00408161 -0.0058573 -0.00281113 -0.00986464 0.00937985 -0.00294911 -0.00119106 0.0116932 -0.007095 -0.00910326 -0.011278 -0.00397509 -0.0024815
internal_weight=505.747 483.957 206.374 163.843 45.2526 33.7131 118.59 84.5483 277.583 49.4793 42.5313 23.1082 18.1209 22.2179 228.104 101.414 126.69 84.6474 55.8065 49.6719 13.3689 22.9336 11.5395 41.9916 19.7606 34.0418 28.3523 24.0168 33.1135 52.9804
internal_count=31070 29203 11350 8563 1729 1153 6834 4040 17853 3156 2787 2164 1682 848 14697 6940 7757 5093 3954 3625 1434 1325 576 2944 1103 2794 2326 1840 2647 2658
is_linear=0
shrinkage=0.05


Tree=92
num_leaves=31
num_cat=0
split_feature=30 18 15 0 22 24 31 38 26 18 17 26 27 40 41 28 26 27 18 39 35 5 30 23 21 21 26 38 20 16
split_gain=0.414567 0.89091 0.656177 0.40882 0.381705 0.32526 0.42997 0.621192 0.676828 0.498566 0.508925 0.752622 0.390432 0.380476 0.369767 0.531972 0.363673 0.317948 0.292928 0.245557 0.248033 0.240045 0.463879 0.30116 0.737281 0.396018 0.466712 0.393239 0.392474 0.38265
threshold=0.47500002384185797 -0.48333333432674402 -0.48333333432674402 0.46333330869674688 -0.21000000834465024 -0.36333334445953364 0.44333332777023321 0.0089869499206542986 0.069999992847442641 0.056666672229766853 -0.15000000596046445 0.24333333969116214 -0.15666666626930234 0.096666667610406889 0.043898960575461395 -0.3899999856948852 0.41666668653488165 -0.076666668057441698 0.11000001430511476 0.021309434436261657 -0.32999998331069941 -0.31000000238418574 0.29000002145767217 -0.090000003576278673 -0.33666665852069849 0.21666666865348819 0.18999999761581424 -0.043200969696044915 0.38333332538604742 -0.32999998331069941
decision_type=2 2 2 2 2 2 2 2 2 2 2 2 2 2 2 2 2 2 2 2 2 2 2 2 2 2 2 2 2 2
left_child=3 -2 -3 5 -4 14 9 8 -8 10 21 -12 -10 -13 17 -16 -11 -1 -18 -19 -21 22 -7 24 -23 -25 27 -27 -26 -29
right_child=1 2 4 -5 -6 6 7 -9 12 16 11 13 -14 -15 15 -17 18 19 -20 20 -22 23 -24 25 28 26 -28 29 -30 -31
leaf_value=-0.0054626789022749348 0.012468895812266798 -0.012982855164393273 -0.0042091530355142437 -0.0078880443373106346 0.0071557030363551049 -0.00097451631657536567 0.013282494289666845 -0.003676437326242633 0.0044899459804895892 -0.0045230174412723388 0 0 -0.0082346914285366477 0.010859477141791706 0.00073993868645961299 -0.012153865548783817 -0.0040052243647220476 -0.00041765832076610877 0.0070433775765452594 0 0.010730913445159453 0.0041664926065291185 0.01082389624423994 0.0032556581927648039 -0.0086185838308969805 -0.0043704959248588244 -0.0062641074153232173 0.0097858017362668637 0.0018788284403909506 -0.00081061745215523428
leaf_weight=8.618812389206143 14.590233559720216 2.9626373099163166 4.4977378700859871 10.948908262187613 12.227653122041376 11.938136336393656 17.980468566296626 8.0677175226155651 9.5139760237652791 78.479759140987881 53.789784923894331 6.7581539468374094 3.7820968634914598 30.842484687687829 6.6858369896654066 14.035944691393523 1.8503186649177212 8.3801187488716113 9.3576443251222354 2.1571892318315804 7.8086386593058688 13.13456345698796 7.1388458919245741 54.534964924678206 40.323572722496465 8.5125409641768801 30.576549156568944 12.144485926721247 4.1970062616746864 7.3078681265469632
leaf_count=568 175 46 112 1058 454 664 361 687 281 9078 4653 302 141 1304 550 1201 77 888 562 177 626 518 156 2193 1861 466 820 305 147 582
internal_value=0.000102782 0.00500573 -0.00117236 -0.000261739 0.00269501 0 0.000492388 0.00509228 0.0082525 -2.54384e-06 0.000972905 0.00394023 0 0.00882232 -0.00364233 -0.0078261 -0.00319138 0 0.00300602 0.00383806 0.0077946 -0.000405106 0.00397705 -0.00115461 -0.00393309 0.000178923 -0.00233611 0.00157056 -0.00702853 0.00557004
internal_weight=503.145 34.2783 19.688 468.866 16.7254 457.917 410.231 39.3443 31.2765 370.887 281.199 91.3904 13.2961 37.6006 47.6865 20.7218 89.6877 26.9648 11.208 18.3459 9.96583 189.809 19.077 170.732 57.6551 113.076 58.5414 27.9649 44.5206 19.4524
internal_count=31013 787 612 30226 566 29168 25158 1470 783 23688 13971 6259 422 1606 4010 1751 9717 2259 639 1691 803 7712 820 6892 2526 4366 2173 1353 2008 887
is_linear=0
shrinkage=0.05


Tree=93
num_leaves=31
num_cat=0
split_feature=14 27 31 10 40 29 33 5 38 41 0 27 3 10 11 36 4 39 20 3 2 1 2 10 36 24 39 39 37 4
split_gain=0.460621 0.775323 0.703796 0.549297 0.544086 0.51529 0.550388 0.432085 0.633749 0.643893 0.570478 0.541243 0.96913 0.725036 0.658444 0.584793 0.863259 0.538102 0.479495 0.437704 0.459548 0.437567 0.421203 0.442022 0.412905 0.39465 0.512612 0.81167 0.395252 0.422406
threshold=0.35666668415069586 0.23666667938232425 0.43666666746139532 0.48333334922790533 0.13000000268220904 0.056666672229766853 -0.33666665852069849 -0.0083333253860473615 0.18432664871215823 0.072233974933624281 -0.21666666865348813 -0.030000001192092892 -0.1766666769981384 0.37666666507720953 -0.48333333432674402 0.27666664123535162 -0.049999997019767754 0.026379383169114593 0.31000000238418585 0.19666665792465213 0.41666668653488165 -0.17000000178813932 -0.36333334445953364 -0.45666666328907007 0.1566666662693024 0.083333313465118422 0.016246220096945766 0.020773616619408134 -0.054805755615234368 0.030000001192092899
decision_type=2 2 2 2 2 2 2 2 2 2 2 2 2 2 2 2 2 2 2 2 2 2 2 2 2 2 2 2 2 2
left_child=2 3 7 22 -4 6 -6 10 9 11 -1 12 17 15 -15 18 -17 -9 25 -16 -21 -12 -2 -24 -3 28 -27 -28 -14 -30
right_child=1 24 4 -5 5 -7 -8 8 -10 -11 21 -13 13 14 19 16 -18 -19 -20 20 -22 -23 23 -25 -26 26 27 -29 29 -31
leaf_value=0.0019734041111336121 0 -0.0026720460939914214 -0.0019106161394828191 0.0023310946821778131 0 -0.0004469481746456756 0.017087295596281356 0.014111725068149615 0.010855866659316895 -0.0083646093653892088 -0.0088833710425328914 -0.0024132453055122757 -0.0026275513980849791 0.0050709946046313377 0 -0.004270920948989316 0.013811876485128072 0 -0.0050422391559705954 -0.015726947297269485 0 -0.001728720517416602 0 -0.015976845708616037 0.0084526494226081911 -0.0081715243757991274 0.011104174594825116 -0.0028930693754724 0 0.01223172750648183
leaf_weight=50.001003304496408 8.9134293827228266 9.5416087778285164 6.2804206421133157 4.066362958867102 4.7112990233581575 4.1901716010179362 13.705539894057436 18.820601218147207 9.7224505341146124 13.110207082936538 29.406567193102092 63.165283938869834 2.7061294231098172 4.7092993906699148 5.7443147096782949 3.5218556430190828 16.540677174460143 4.6967631315346798 20.188307538628578 12.703012795886027 5.1944643477909258 100.30140366544947 1.9819334980566079 19.090182903688401 8.9323559443000686 9.1682185323443246 11.043643761891873 17.476601900765672 6.5980564593337503 17.534174826927483
leaf_count=3450 771 602 176 361 146 214 325 757 476 857 2088 5953 140 65 176 129 529 175 871 332 173 6835 135 1833 867 395 419 781 348 753
internal_value=-0.000201317 -0.00440411 0.000284598 -0.00855002 0.00713487 0.0103954 0.0133897 -0.000218949 0.00108185 0.000306854 -0.00208812 0.00114327 0.00276721 0.000713069 -0.00542801 0.00280441 0.00942587 0.0110399 0.000440989 -0.00896588 -0.0120623 -0.00385604 -0.010863 -0.0139912 0.00243892 0.002794 -5.97711e-05 0.00279071 0.00684149 0.00904477
internal_weight=503.766 52.5259 451.24 34.0519 28.8874 22.607 18.4168 422.353 242.644 232.922 179.709 219.811 156.646 133.129 28.3511 104.778 20.0625 23.5174 84.7151 23.6418 17.8975 129.708 29.9855 21.0721 18.474 64.5268 37.6885 28.5202 26.8384 24.1322
internal_count=31132 4569 26563 3100 861 685 471 25702 13329 12853 12373 11996 6043 5111 746 4365 658 932 3707 681 505 8923 2739 1968 1469 2836 1595 1200 1241 1101
is_linear=0
shrinkage=0.05


Tree=94
num_leaves=31
num_cat=0
split_feature=5 38 31 38 27 38 24 38 39 39 32 8 31 33 37 5 5 30 37 31 22 2 40 37 37 33 37 30 25 17
split_gain=0.648833 0.611416 0.577604 0.60362 0.790834 0.801539 0.704316 0.689137 1.70971 0.976006 0.802876 0.84775 0.604619 0.541895 0.522031 0.478635 0.470116 0.921802 0.46941 0.454376 0.52655 0.392147 0.490543 0.392076 0.390977 0.358679 0.489333 0.444419 0.340364 0.335564
threshold=1.0000000180025095e-35 0.11019897460937501 -0.049999997019767754 0.08760929107666017 -0.056666672229766839 0.03019046783447266 0.30333334207534796 -0.022851467132568356 0.019357892684638504 0.024213561788201336 0.38999998569488531 0.14333331584930423 -0.1766666769981384 -0.096666663885116563 -0.045488357543945306 0.056666672229766853 -0.19666665792465207 0.29000002145767217 0.0067873001098632821 0.35000002384185797 0.043333351612091071 -0.40333333611488337 0.87666666507720958 -0.065113067626953111 0.0075397491455078134 -0.25666666030883784 0.0075397491455078134 -0.25666666030883784 -0.31000000238418574 -0.12333333492279051
decision_type=2 2 2 2 2 2 2 2 2 2 2 2 2 2 2 2 2 2 2 2 2 2 2 2 2 2 2 2 2 2
left_child=1 16 3 4 5 7 -6 8 12 -9 11 -10 14 -3 -2 -5 17 23 -7 20 -4 -19 -23 -1 -15 26 -25 -27 -29 -20
right_child=2 13 19 15 6 18 -8 9 10 -11 -12 -13 -14 24 -16 -17 -18 21 29 -21 -22 22 -24 25 -26 27 -28 28 -30 -31
leaf_value=0.0040498088602245264 0 0 0.00015159819137952046 -0.0012843914077093125 0.00038435464924956974 0.002674615619300361 -0.011149260747436293 0.016214288831862593 -0.00013845628979524516 -0.0004888833133692371 -0.0049191055769882393 0.014291291868847384 0.001924187153129457 0 -0.018216979408878353 0.011976839410100594 -0.0037162965102878497 -0.00061038066345422374 -0.012807425047497118 0.0025519535860738726 -0.0080279389490636992 0.014971040472432912 -4.8909502698698066e-05 -0.0103972871563457 -0.014418612066612185 0.007001317390154093 0 0.0036675069226107561 -0.0052605575637669653 0
leaf_weight=21.050000898307189 3.8575068041682234 13.191464901668949 28.918466480216011 3.3487784306053099 29.523653793847188 8.1937825917266327 13.206591901369391 21.843368391739208 9.9971617178525758 8.1958886526990664 4.8622990222647777 25.293541732709855 3.5869053811766198 3.9149582223035422 8.244375570677219 22.680690757464617 80.144952397793531 2.8946868441998985 7.773894005920738 32.322624723077752 31.660823551588692 14.27393571007997 3.033913151593878 19.388781083514914 17.067379698972218 11.079308924498035 13.94360676826909 7.2195839218329629 28.218542669899762 3.6956638677511346
leaf_count=1019 101 1123 2760 138 2121 219 1345 565 388 218 191 572 141 160 215 980 5338 111 194 2276 3008 487 96 1666 957 769 1196 511 2201 144
internal_value=-0.000179374 -0.00210873 0.00143795 0.00314527 0.0015272 0.0039096 -0.00360116 0.00604756 0.00179711 0.0116406 0.00740098 0.010172 -0.00947223 -0.00783069 -0.0137493 0.0095692 -0.00081788 0.000988469 -0.00368472 -0.00150905 -0.00408603 0.00945141 0.0119307 -0.000907525 -0.0118957 -0.00269729 -0.00621914 0 -0.00257072 -0.00901712
internal_weight=502.627 235.421 267.206 174.304 148.275 105.544 42.7302 85.881 55.8418 30.0393 40.153 35.2907 15.6888 34.1738 12.1019 26.0295 201.247 121.102 19.6633 92.9019 60.5793 20.2025 17.3078 100.9 20.9823 79.8498 33.3324 46.5174 35.4381 11.4696
internal_count=31210 15634 15576 7532 6414 2948 3466 2391 1608 783 1151 960 457 2240 316 1118 13394 8056 557 8044 5768 694 583 7362 1117 6343 2862 3481 2712 338
is_linear=0
shrinkage=0.05


Tree=95
num_leaves=31
num_cat=0
split_feature=4 5 39 32 41 22 2 40 39 39 8 38 33 25 32 1 41 30 36 9 41 41 25 16 32 13 3 17 9 6
split_gain=0.30821 0.662411 0.642872 0.663391 0.50752 0.707481 0.608171 0.468708 0.403698 0.394839 0.488981 1.18998 0.669572 0.512489 0.485415 0.611674 0.439701 0.520614 0.404996 0.534762 0.463661 0.386063 0.382008 0.378512 0.335709 0.321836 0.316202 0.310155 0.307369 0.793501
threshold=0.4499999880790711 0.27666664123535162 0.015789056196808818 0.37666666507720953 0.038634473457932479 0.31000000238418585 0.38333332538604742 0.089999999850988402 0.025362205691635612 0.015789056196808818 -0.083333343267440782 0.056981563568115241 -0.18999999761581418 -0.3899999856948852 -0.35000000894069666 0.1449999809265137 0.061374438926577575 0.083333313465118422 -0.20333333313465116 0.16333335638046267 0.033665612339973457 0.032670618966221816 0.35000002384185797 0.21666666865348819 0.069999992847442641 0.30333334207534796 0.31666666269302374 0.12333333492279054 0.44333332777023321 -0.036666661500930779
decision_type=2 2 2 2 2 2 2 2 2 2 2 2 2 2 2 2 2 2 2 2 2 2 2 2 2 2 2 2 2 2
left_child=1 9 21 4 5 -4 22 -5 25 18 12 14 -11 -14 -12 16 17 -16 20 23 -1 -3 -6 -20 -21 -9 -19 -10 29 -13
right_child=-2 2 3 7 6 -7 -8 8 27 10 11 28 13 -15 15 -17 -18 26 19 24 -22 -23 -24 -25 -26 -27 -28 -29 -30 -31
leaf_value=0.0057865986286144934 -0.0053170968708639013 -0.011554855234253751 0.016884674260363618 -0.0087085404867361226 0.0086273231656631682 0 -0.0062714910577520051 0.011337643264906576 -0.0093894173007915624 -0.0017436494625209604 0.0069576404674359469 -0.016753739481295736 -0.0044835921614231142 0.0068217890702520975 0 0.0028268558973197442 0.0028204875135218327 -0.0099255741897548329 0.010155902419771025 0.0032600132655855396 -0.0071843237818297184 0.00017769071013259529 -0.0026865979839492322 -0.00155838924487728 -0.0073495278555166165 0 4.6576409495240535e-05 0.0024685443967632772 0 -0.0017131547249522865
leaf_weight=3.5435224052052972 18.486355484230444 3.2206860585138228 20.229859519749883 6.3788750823587206 22.047676357673485 8.7966798450797778 7.0999623956158748 8.8816447500139493 3.6606868247035882 88.335920211859047 12.988501184387131 20.140941692865454 5.1370261150877914 48.127003090456128 19.910695390310138 39.169861297588795 10.011171066435052 40.02670240169391 29.43882000097074 9.1201585384551453 12.972986861597745 13.635539022972806 2.9957513818517318 2.4768768870271733 6.9217626901809117 4.2324521078262469 3.6798388289753339 3.5461155385710299 3.9451528668869278 21.832335256272927
leaf_count=351 1635 176 922 347 1049 364 384 379 146 6981 903 1179 267 2383 1547 2094 539 1985 1627 603 1044 816 203 250 404 480 143 242 199 1391
internal_value=8.94009e-05 0.00041048 0.0038418 0.00562952 0.00830486 0.012767 0.00224553 -0.000134421 0.00297887 -0.000520782 -0.00131475 -0.00309292 0.000710165 0.00496607 -0.000245755 -0.00159516 -0.00429735 -0.00592311 0.00276616 0.00511561 -0.00249077 -0.00341503 0.00621092 0.00848469 -0.000938073 0.00761478 -0.00867875 -0.00319102 -0.00948104 -0.0106443
internal_weight=500.992 482.505 104.726 87.8697 61.1699 29.0265 32.1434 26.6998 20.3209 377.779 313.305 171.705 141.6 53.264 125.787 112.798 73.6284 63.6172 64.4741 47.9576 16.5165 16.8562 25.0434 31.9157 16.0419 13.1141 43.7065 7.2068 45.9184 41.9733
internal_count=31033 29398 5508 4516 2922 1286 1636 1594 1247 23890 19611 9980 9631 2650 7211 6308 4214 3675 4279 2884 1395 992 1252 1877 1007 859 2128 388 2769 2570
is_linear=0
shrinkage=0.05


Tree=96
num_leaves=31
num_cat=0
split_feature=30 41 39 31 39 25 38 25 5 6 40 25 24 37 16 13 10 38 39 20 31 40 1 31 35 38 37 25 23 0
split_gain=0.807395 0.718754 0.605858 1.00292 0.511637 0.559521 0.431619 0.426606 0.416144 0.606796 0.44764 0.547065 0.388792 0.665847 0.534863 0.480312 0.465122 0.427508 0.380138 0.360534 0.39958 0.395207 0.396356 0.357819 0.347555 0.337624 0.492107 0.326539 0.353472 0.346639
threshold=0.42833334207534796 0.032670618966221816 0.025791112333536152 -0.41666667163372034 0.029205097816884521 -0.24333333969116208 -0.13845634460449216 0.1566666662693024 0.056666672229766853 0.01666665077209473 0.68333333730697643 -0.030000001192092892 0.096666663885116591 -0.065113067626953111 -0.28333333134651179 -0.236666664481163 -1.0000000180025095e-35 -0.022851467132568356 0.015892331488430503 0.23666667938232425 0.24333333969116214 0.46333333849906927 -0.2766666561365127 0.083333313465118422 0.31000000238418585 -0.085764408111572252 0.009663581848144533 0.32333332300186163 0.083333313465118422 -0.36333334445953364
decision_type=2 2 2 2 2 2 2 2 2 2 2 2 2 2 2 2 2 2 2 2 2 2 2 2 2 2 2 2 2 2
left_child=7 2 3 -2 5 -3 -7 8 9 12 11 -10 13 15 16 -1 -15 25 -14 21 -21 22 -9 -20 -13 -16 -27 29 -29 -8
right_child=1 4 -4 -5 -6 6 27 19 10 -11 -12 24 18 14 17 -17 -18 -19 23 20 -22 -23 -24 -25 -26 26 -28 28 -30 -31
leaf_value=-0.0013269363204369824 -0.015810366750640358 -0.0012464817434627408 0.0065856420547033556 0.002832115371933413 -0.0014332480332430735 -0.00031940707295211599 0 -0.003706673999829789 -0.002845519532794669 -0.0073776461301863425 0.0065539437172064457 0.0072930569455684508 0.0031052144537491856 -0.0011285769076207239 -0.0041833590667103258 0.012536235873039201 0.0084780716134885588 -0.0064611565032998836 0 -0.010422256751425848 0.0002998293435264106 -0.0046368020002995535 0.0048415055309137221 -0.010262392027038112 -0.0023905312662426468 0 0.012698564424493278 -0.0048171384820092531 0.0070717953187657834 0.016388827843976213
leaf_weight=3.2431442481465664 8.1402756590396201 6.1384816158097228 5.4799429387785485 8.0099954528268427 8.0939308663364482 3.3992856489494434 4.9394485346274406 13.030904647661371 50.669557380490005 27.087224291870371 37.855810050503351 26.243266635108743 8.2870028472971153 14.259223200613631 9.9980393066070992 14.154511709231882 20.452390261227265 32.753935709130019 21.798764504026622 22.395200020400811 5.8696882830699897 38.100783749949187 31.180105690145865 16.416273355716839 4.9754016881342968 13.491582514252515 5.274799430742859 4.1158544181380403 7.5185797512531281 26.893754656426616
leaf_count=155 151 172 114 261 226 135 98 1319 3165 1752 2370 1336 555 463 761 661 544 3526 1310 1858 498 3284 2418 1253 324 937 343 176 365 566
internal_value=0.00012401 0.00450043 -0.00210937 -0.00717305 0.00719237 0.008945 0.0107427 -0.000735564 0.000162527 -0.00121224 0.00246603 0 0 0.00163119 0 0.00920591 0.00433294 -0.00291272 -0.00352852 -0.00332316 -0.00780342 -0.00107596 0.00168223 -0.00575865 0.00494147 0.000826512 0.00487188 0.012047 0.00124025 0.0145128
internal_weight=500.267 82.7295 21.6302 16.1503 61.0993 53.0054 46.8669 417.538 306.961 187.217 119.744 81.8882 160.13 113.628 96.23 17.3977 34.7116 61.5184 46.502 110.577 28.2649 82.3118 44.211 38.215 31.2187 28.7644 18.7664 43.4676 11.6344 31.8332
internal_count=31096 2264 526 412 1738 1512 1340 28832 19455 12260 7195 4825 10508 7390 6574 816 1007 5567 3118 9377 2356 7021 3737 2563 1660 2041 1280 1205 541 664
is_linear=0
shrinkage=0.05


Tree=97
num_leaves=31
num_cat=0
split_feature=17 11 13 38 31 12 38 40 12 14 38 32 38 39 40 16 33 6 6 40 29 10 36 4 32 4 7 13 21 20
split_gain=0.563264 0.58665 0.608464 0.450655 0.413638 0.751626 0.6589 0.858955 1.01647 1.00777 0.702166 0.679281 0.568393 0.722792 0.563043 0.553334 0.550881 0.560282 0.832393 0.443899 0.41163 0.564699 0.446105 0.424229 0.504057 0.372509 0.369402 0.357949 0.424221 0.355425
threshold=0.43000000715255743 0.22333335876464847 0.17666667699813846 -0.20502901077270505 -0.236666664481163 -0.24999999999999997 0.074303150177001967 0.47666665911674505 -0.36333334445953364 -0.46999999880790705 0.059781551361083991 0.37000000476837164 -0.037229537963867181 0.023165806196630005 0.88333332538604747 0.11000001430511476 -0.04333332180976867 0.25666666030883795 0.31666666269302374 0.94333332777023327 0.18999999761581424 -0.19666665792465207 0.01666665077209473 -0.14500001072883603 0.23666667938232425 0.030000001192092899 0.35666668415069586 0.31000000238418585 -0.35000000894069666 -0.20833334326744077
decision_type=2 2 2 2 2 2 2 2 2 2 2 2 2 2 2 2 2 2 2 2 2 2 2 2 2 2 2 2 2 2
left_child=1 4 3 -3 6 20 10 9 -9 -8 11 14 13 29 16 -14 -1 -18 -19 -16 21 -6 -23 -22 -25 -15 -13 28 -17 -7
right_child=-2 2 -4 -5 5 12 7 8 -10 -11 -12 26 15 25 19 27 17 18 -20 -21 23 22 -24 24 -26 -27 -28 -29 -30 -31
leaf_value=-0.001859843118527518 -0.0069629868379887426 -0.0023276147783718912 2.1911480723552231e-05 0.010783911755257319 -0.0091651077817723227 0 -0.013649387029483748 0.018182651457935524 0 0.0053334270437296605 -0.01117082660829246 0.00030164013291366959 0.00021333247078692723 -0.0054749756424292868 -0.01142037974347759 0.00075475364007459753 0.0095142574146252074 -0.007396919330599246 0.0066425329818994155 0.00042660139436971606 0 0.0059036443735261549 -0.0039755023114880876 -0.015514258337265245 0 0.0036523410856689332 -0.010889496558630215 0.00017779384329581191 -0.012220387141818997 0.011003450360111466
leaf_weight=21.16948790079914 21.57386090955697 2.1896670570131418 50.612166446866468 29.135419541969895 11.493164596147833 7.9014479869511005 4.7299951072782305 14.052312458166854 10.269213033607228 12.920755116501821 7.6731080668978384 5.3834816683083799 58.990645552636124 18.353137614205483 5.7908408318180618 2.9470930141396883 41.473715614527464 12.48679201025516 18.238664248492569 12.262449876405297 4.5267980566713986 19.795428987592459 12.473818216472862 18.355535285314549 5.1669191638939074 12.481742289848624 11.228859492810441 5.8786699031479648 19.626694332924671 23.529520947253332
leaf_count=1027 2256 132 4347 2271 916 544 73 320 493 505 284 166 4813 1301 222 313 1431 344 411 419 200 1000 766 717 197 865 445 598 2111 1581
internal_value=0 0.000382552 0.00410606 0.00897077 -0.000369496 -0.00183667 0.00132383 0.00638992 0.0116117 -0.000868699 -0.000270825 0.00066671 6.97086e-05 0.00368109 0.00232956 -0.00230556 0.00402951 0.00608623 0 -0.00423498 -0.0058312 -0.00163743 0.00140699 -0.0101985 -0.0124853 -0.00110849 -0.00703951 -0.00738128 -0.00984872 0.00847224
internal_weight=502.711 481.138 81.9373 31.3251 399.2 221.521 177.68 41.9723 24.3215 17.6508 135.707 128.034 149.709 62.2658 111.422 87.4431 93.3687 72.1992 30.7255 18.0533 71.8117 43.7624 32.2692 28.0493 23.5225 30.8349 16.6123 28.4525 22.5738 31.431
internal_count=31068 28812 6750 2403 22062 15922 6140 1391 813 578 4749 4465 12126 4291 3854 7835 3213 2186 755 641 3796 2682 1766 1114 914 2166 611 3022 2424 2125
is_linear=0
shrinkage=0.05


Tree=98
num_leaves=31
num_cat=0
split_feature=9 26 41 2 2 40 27 18 11 38 32 33 41 7 14 13 39 35 17 8 38 36 18 41 4 22 40 28 37 34
split_gain=0.565024 0.440194 0.412393 0.36271 0.517032 0.793007 0.844114 0.327713 0.31988 0.904032 0.436625 0.718004 0.605213 0.641882 0.500341 0.496789 0.514693 0.404108 0.485593 0.461338 0.574424 0.382932 0.357857 0.521559 0.410831 0.403083 0.365498 0.350866 0.347333 0.387063
threshold=0.43666666746139532 -0.46999999880790705 0.044856911525130279 -0.46999999880790705 -0.29000000655651087 0.59333333373069774 -0.12999999523162839 0.35666668415069586 -0.10333332419395445 0.18432664871215823 0.20999997854232791 0.31666666269302374 0.054454766213893897 0.11000001430511476 -0.46999999880790705 -0.10333332419395445 0.01447949279099703 -0.076666668057441698 -0.45666666328907007 -0.083333343267440782 -0.027189254760742184 -0.18999999761581418 -0.0099999904632568342 0.033665612339973457 0.19666665792465213 0.23000001907348636 0.71999999880790722 0.39499998092651373 -0.053274631500244134 -0.018333345651626583
decision_type=2 2 2 2 2 2 2 2 2 2 2 2 2 2 2 2 2 2 2 2 2 2 2 2 2 2 2 2 2 2
left_child=1 -1 7 -3 5 -5 -7 -2 10 22 17 12 13 -12 -13 16 -15 18 -6 21 -21 -20 25 24 -24 26 -10 -16 -19 -30
right_child=2 3 -4 4 8 6 -8 -9 9 -11 11 14 -14 15 27 -17 -18 28 19 20 -22 -23 23 -25 -26 -27 -28 -29 29 -31
leaf_value=-0.0080339909752868716 0.01158848141119195 -0.0079445196470061819 -5.3637006621204116e-05 -0.0001492639845580467 0.0071059643638275022 0.014560280218202338 0 0 0.0024763947651527752 0.013397029240268227 -0.0024962437255474793 -0.011557889996625596 -0.0042616985696690502 0 -0.0045789504326403446 -0.00016595814124754018 0.015905758322424638 0 -0.0023735194956066704 0.0012521454065433407 -0.010612303829609116 0.0063451864305452375 0.0083061005485307714 -0.003991632833861644 -0.0019903117168497421 0.0079293237947733776 -0.0067632036831452224 0.0072143140443523286 -0.011481401980106574 -0.0018083437804460108
leaf_weight=11.287149398587642 18.415173167129982 7.5238009653985491 11.893342472845687 43.113145217881538 10.660495733609421 19.396550919162109 13.902433896670116 4.9452207949943832 32.603151224786416 7.8654502350836983 5.7371441342402241 7.8853150354698327 6.166508830850943 4.3716682065278318 5.6666415112558735 4.1355241404380676 20.427631623344496 13.937480765162034 22.284445403376591 9.4408091593068111 19.819808015599847 14.711737702367829 13.50656190258451 72.492242845124565 9.7694682138971967 19.041252721799538 8.8009815269615483 6.2616357391234487 26.557469328399748 29.945873093791306
leaf_count=816 672 653 843 3139 225 660 1187 534 2130 526 229 128 242 102 287 383 533 616 1589 562 1054 714 1299 6309 953 1096 643 187 1208 1583
internal_value=0.000253513 -0.000187688 0.00588463 5.4217e-05 0.000346511 0.00396008 0.00912719 0.00915256 -0.000380516 0.00115908 -0.00171022 0.00149304 0.00533665 0.00803528 -0.00485971 0.0109092 0.0132403 -0.00319852 -0.000265306 -0.00228888 -0.0065136 0.000913713 0 -0.00179501 0.00360832 0.00292052 0 0.000559915 -0.00580214 -0.00742053
internal_weight=502.566 467.312 35.2537 456.025 448.501 76.4121 33.299 23.3604 372.089 164.079 208.01 60.6521 40.8385 34.672 19.8136 28.9348 24.7993 147.358 76.9173 66.2568 29.2606 36.9962 156.214 95.7683 23.276 60.4454 41.4041 11.9283 70.4408 56.5033
internal_count=31102 29053 2049 28237 27584 4986 1847 1206 22598 12956 9642 2091 1489 1247 602 1018 635 7551 4144 3919 1616 2303 12430 8561 2252 3869 2773 474 3407 2791
is_linear=0
shrinkage=0.05


Tree=99
num_leaves=31
num_cat=0
split_feature=10 14 27 41 16 15 8 6 3 34 30 25 31 10 25 32 19 31 34 22 10 20 13 27 18 35 41 33 35 8
split_gain=0.388221 0.516672 0.80918 0.484201 0.383754 0.377805 0.36631 0.557551 0.463595 0.376861 0.503342 0.646114 0.508732 0.480097 0.917403 0.685781 1.12315 0.843175 0.639102 0.626834 0.499146 0.446926 0.445297 0.437635 0.429077 0.411181 0.406227 0.390634 0.388511 0.371716
threshold=0.48333334922790533 0.32999998331069952 0.20999997854232791 0.061561413109302528 0.46333330869674688 -0.15000000596046445 0.44333332777023321 0.40333333611488348 0.41666668653488165 0.43000000715255743 0.46166664361953741 -0.12999999523162839 0.43666666746139532 0.11000001430511476 0.12166666984558107 0.01666665077209473 -0.24333333969116208 -0.16333332657814023 -0.018333345651626583 -0.26333332061767573 -0.036666661500930779 0.23666667938232425 -0.11666667461395262 -0.31000000238418574 0.31000000238418585 0.18333333730697635 0.043214606121182449 -0.083333343267440782 0.1566666662693024 -0.063333332538604722
decision_type=2 2 2 2 2 2 2 2 2 2 2 2 2 2 2 2 2 2 2 2 2 2 2 2 2 2 2 2 2 2
left_child=1 6 4 -4 5 -3 7 9 -9 10 12 -12 13 15 18 29 17 28 21 -16 -19 25 23 -21 27 -15 -13 -14 -17 -1
right_child=-2 2 3 -5 -6 -7 -8 8 -10 -11 11 26 24 14 19 16 -18 20 -20 22 -22 -23 -24 -25 -26 -27 -28 -29 -30 -31
leaf_value=0.00032032293208396361 0.0076566928641947146 0 0.0054789119167167107 -0.0072576597636437512 0 -0.013473069416087231 0.0068107397776002738 -0.011450823781342 0.00032026278758166566 -0.0058963461695352888 -0.0027955511253517605 0.014723746102852809 0 -0.009710352408632314 0.00048044757514993604 0.0032681436121428462 -0.0013381232330670415 0.0059269409447855375 0.004428199373296391 -0.020366930395226666 -0.0077599001245657485 0.0012755682730754298 -0.00017603377034797454 -0.00020523386096915305 -0.0021037517173097247 0.00052635800425903159 0 0.014878182761906476 0.017591822924152498 -0.0052646458326240306
leaf_weight=85.114018226508051 9.4073505869600904 2.4049215565901276 19.615002112113874 3.6941383716184637 8.3586482782848162 22.685435201274231 13.982490190071983 13.152644687797876 7.5108546898700288 16.212716075824574 6.8265728615224388 12.438067727722229 8.2439922869671172 23.641544077545408 8.3109579007141274 16.584931689547375 40.254235563799739 7.4133328779134899 40.040340608917177 11.047291448572652 6.8981190237682295 19.569091061479412 9.8124495476949978 6.4463530713692299 3.880417399108409 7.3183609517291179 8.4886643574573082 8.6448315880261362 17.619352909037843 34.422825125511736
leaf_count=6941 606 187 1525 273 629 2291 524 814 496 1093 111 180 219 1203 469 509 4209 352 1978 265 295 909 950 303 151 314 148 213 425 2503
internal_value=-8.94583e-05 -0.00037903 -0.00463678 0.00153487 -0.00915058 -0.0117091 0.00017677 -7.82799e-05 -0.00712534 0.000324873 0.000739357 0.00659159 0.000111092 -0.000342978 -0.00276119 0.00104155 0.00429288 0.00905665 0 -0.00890652 0 -0.00350624 -0.012086 -0.0159514 0.00679568 -0.00692154 0.0105228 0.00994813 0.0127926 -0.00126358
internal_weight=500.04 490.633 56.7581 23.3091 33.449 25.0904 433.874 419.892 20.6635 399.228 383.016 27.7533 355.262 334.493 126.186 208.307 88.77 48.5157 90.5693 35.6171 14.3115 50.529 27.3061 17.4936 20.7692 30.9599 20.9267 16.8888 34.2043 119.537
internal_count=31085 30479 4905 1798 3107 2478 25574 25050 1310 23740 22647 439 22208 21625 6391 15234 5790 1581 4404 1987 647 2426 1518 568 583 1517 328 432 934 9444
is_linear=0
shrinkage=0.05


Tree=100
num_leaves=31
num_cat=0
split_feature=9 0 1 19 39 39 39 40 3 4 7 9 7 0 7 6 18 9 34 39 29 21 0 24 29 27 41 8 32 25
split_gain=0.42873 0.497695 0.793844 0.92297 0.636665 0.894873 0.554365 0.497541 0.483314 0.479996 0.457873 0.426839 0.394623 0.40126 0.488098 0.417713 0.408696 0.373077 0.344942 0.328999 0.735762 0.713324 0.510028 0.452395 0.361544 0.348532 0.322626 0.31563 0.311013 0.455397
threshold=0.43666666746139532 0.34333333373069769 0.17000001668930056 -0.20333333313465116 0.02188233565539122 0.016775812022387985 0.015789056196808818 0.69333332777023327 0.33666664361953741 -0.063333332538604722 0.2833333313465119 0.37666666507720953 0.36333334445953375 -0.37666666507720942 0.069999992847442641 0.18333333730697635 -0.090000003576278673 0.34333333373069769 0.46999999880790716 0.021928180009126667 0.22333335876464847 -0.20333333313465116 -0.32333332300186152 -0.11666667461395262 -0.036666661500930779 0.043333351612091071 0.043898960575461395 -0.24999999999999997 -0.14333333075046537 0.043333351612091071
decision_type=2 2 2 2 2 2 2 2 2 2 2 2 2 2 2 2 2 2 2 2 2 2 2 2 2 2 2 2 2 2
left_child=1 2 12 6 5 -3 -4 -2 27 -5 -9 -8 13 14 18 19 -17 -11 -1 21 23 22 -15 26 -25 -24 -21 -6 -23 -30
right_child=7 4 3 9 8 -7 11 10 -10 17 -12 -13 -14 15 -16 16 -18 -19 -20 20 -22 28 25 24 -26 -27 -28 -29 29 -31
leaf_value=0.010233119803502751 0.0086309773390735086 0 0 0.0049872612040635471 -0.002050379218892914 -0.01373871324377423 0.011455251814128245 0.0055891936428528396 -0.0050783173817286883 -0.0072461702908494206 -0.0082190747838743836 -0.00077169251665943478 -0.0066809794195716908 -0.0039308689733203103 -0.0020121637501021388 0.0061132421928877193 -0.0020570697740655117 0.0031917888859471968 -0.00086733688714193231 0.0064014738873660413 -0.012416477048691896 0.00043015885111555145 0.011803217104338057 -0.0078890173626495613 0 0 -0.0017143904336533585 0.0081685845889871208 -0.008327565406801107 0.00094091761218763814
leaf_weight=20.417763738892976 24.380651190178469 15.503465840127317 11.759157517226411 12.618220372823997 3.4217163098510381 20.549406480975449 44.01687205885537 3.8134335891809297 12.524709347868336 24.738223295891661 7.0753998148720711 3.1592297675088039 20.475825892877765 3.8885297460947212 11.614751877496017 29.783677885541692 16.718788358615711 4.1319661233574143 3.0892025874927631 17.911447834456343 16.020886020269245 30.489881392335519 16.889667594339702 25.345424657920375 18.723713455023244 8.1408851658925396 13.994354412658138 16.320973719353788 29.776780905667692 12.334412107709793
leaf_count=1211 1407 1017 363 1066 278 1281 1490 199 825 2424 457 61 1474 244 756 1101 1475 329 260 1259 644 2443 916 1884 986 842 952 848 1747 812
internal_value=0.000166692 -0.000213267 0.000428569 0.00417605 -0.00400448 -0.00812197 0.00796135 0.00507872 0.000494894 -0.00100112 -0.00163531 0.0101716 -0.00081935 -0.000160933 0.00430451 -0.00100502 0.00280025 -0.00474317 0.00804735 -0.00210145 -0.00416944 0 0.00585066 -0.0013439 -0.0045728 0.00864214 0.0024743 0.00536124 -0.00273515 -0.0053144
internal_weight=499.629 464.36 396.04 100.424 68.3203 36.0529 58.9353 35.2695 32.2674 41.4884 10.8888 47.1761 295.616 275.14 35.1217 240.018 46.5025 28.8702 23.507 193.516 91.9958 101.52 28.9191 75.9749 44.0691 25.0306 31.9058 19.7427 72.6011 42.1112
internal_count=31051 28988 24739 5733 4249 2298 1914 2063 1951 3819 656 1551 19006 17532 2227 15305 2576 2753 1471 12729 5725 7004 2002 5081 2870 1758 2211 1126 5002 2559
is_linear=0
shrinkage=0.05


Tree=101
num_leaves=31
num_cat=0
split_feature=9 9 27 24 41 31 38 34 7 23 30 41 40 38 39 39 27 27 11 38 19 34 39 28 33 3 6 24 11 28
split_gain=0.476458 0.555777 0.557492 0.591712 0.486709 0.42455 0.518646 0.407599 0.407333 0.405058 0.425373 0.556682 0.51847 0.623579 0.443276 0.398173 0.521258 0.445063 0.580235 0.358331 0.504068 0.45971 0.365805 0.352209 0.377922 0.340862 0.332853 0.325808 0.314192 0.314164
threshold=0.43000000715255743 0.3966666460037232 -0.11666667461395262 -0.36333334445953364 0.043385956436395652 0.44333332777023321 0.11019897460937501 0.14333331584930423 0.41666668653488165 0.27666664123535162 -0.14333333075046537 0.051111852750182159 0.80333334207534801 -0.20502901077270505 0.014158349949866535 0.029205097816884521 -0.37666666507720942 -0.41666667163372034 -0.11666667461395262 0.0041885375976562509 0.32333332300186163 0.096666663885116591 0.025234628468751911 0.46166664361953741 0.043333351612091071 -0.22333332896232602 -0.0099999904632568342 -0.19666665792465207 0.01666665077209473 0.23833334445953372
decision_type=2 2 2 2 2 2 2 2 2 2 2 2 2 2 2 2 2 2 2 2 2 2 2 2 2 2 2 2 2 2
left_child=1 2 3 -1 -2 6 7 -4 25 10 14 15 13 -13 -5 17 -17 18 -12 20 21 -7 -22 24 -11 -3 -8 -15 -29 -6
right_child=4 8 5 9 29 19 26 -9 -10 23 11 12 -14 27 -16 16 -18 -19 -20 -21 22 -23 -24 -25 -26 -27 -28 28 -30 -31
leaf_value=-0.0073364759110886198 0.0085933532009724416 0 -0.0016848624208344353 -0.0039325627325958994 0.0037489645036736076 0 -0.0015641163266792669 -0.0076714429826373574 0.00052303003103710188 0 0.010556833211263529 0.002990488712394393 0.0016156106517800522 0 0.0083326526504260978 -0.011839871235793614 0.0020495375566680347 0 -0.0011426052874288662 -0.0041508094909392971 -0.0076458137148881777 0.014950479271719464 0.0049056520498814817 -0.0011044425572785622 0.0094762980772750832 -0.014650653973370474 0.0072913023096854192 -0.01602283195406572 0 -0.0066995174650839491
leaf_weight=10.52444934658706 24.733875140314922 4.312011174391956 93.161549566080794 2.7308146776631501 7.0399353223619965 6.3527292669750812 13.269475392764436 52.725291817914695 4.9464016752317539 16.631907916162163 23.747879883507267 3.6312521188519922 11.168099490925668 3.1734522560145733 24.097908155759797 6.0205247648991644 6.9092108602635545 51.244871704606339 9.3596450090408307 5.8196499515324822 6.0108467391692084 8.93843653379008 3.7674460923299193 8.8665515144821239 37.50407136848662 9.7389229128602892 12.57294944336172 15.518155429977925 3.8305990714579812 7.7788604064844549
leaf_count=663 1283 236 8681 235 599 117 1254 5331 336 827 497 152 461 143 1786 201 338 2501 294 424 182 126 89 219 1158 449 1146 573 201 415
internal_value=0 -0.000513652 -4.11924e-05 0.00154003 0.00484454 -0.0019862 -0.00302314 -0.00423066 -0.00777405 0.00224496 0.000667132 -0.000389473 -0.00526351 -0.00873188 0.00583212 0.0014355 -0.00480004 0.00292328 0.00694223 0.00265505 0.00553609 0.0101413 -0.00119893 0.00551599 0.00701804 -0.0112242 0.00252121 -0.0117299 -0.0136729 -0.00088504
internal_weight=496.128 456.575 437.578 234.959 39.5527 202.618 171.729 145.887 18.9973 224.435 161.432 134.604 37.3216 26.1535 26.8287 97.2821 12.9297 84.3524 33.1075 30.8891 25.0695 15.2912 9.77829 63.0025 54.136 14.0509 25.8424 22.5222 19.3488 14.8188
internal_count=30917 28620 27599 10249 2297 17350 16412 14012 1021 9586 7382 5361 1530 1069 2021 3831 539 3292 791 938 514 243 271 2204 1985 685 2400 917 774 1014
is_linear=0
shrinkage=0.05


Tree=102
num_leaves=31
num_cat=0
split_feature=2 27 40 15 4 41 8 15 33 39 9 25 7 0 24 26 13 9 38 39 39 23 4 18 19 39 24 27 31 27
split_gain=0.383059 0.725654 0.954758 0.658983 0.614026 0.539895 0.537592 0.420916 0.447138 0.683428 0.528652 0.813663 0.913767 0.595407 0.593791 0.463975 0.537117 0.436591 0.643088 0.710239 0.418974 0.434368 0.396976 0.562136 0.488045 0.370617 0.350741 0.454047 0.468423 0.349218
threshold=-0.26999998092651362 -0.21666666865348813 0.6499999761581422 0.1566666662693024 -0.12333333492279051 0.038634473457932479 0.37000000476837164 0.22333335876464847 0.37000000476837164 0.015789056196808818 0.21666666865348819 -0.14333333075046537 0.38333332538604742 -0.15666666626930234 0.33666664361953741 0.32999998331069952 -0.48333333432674402 -0.023333340883255001 -0.070828437805175767 0.029205097816884521 0.0300090815871954 0.48333334922790533 1.0000000180025095e-35 -0.37666666507720942 -0.10333332419395445 0.015892331488430503 0.01666665077209473 -0.28333333134651179 -0.24333333969116208 0.14999997615814212
decision_type=2 2 2 2 2 2 2 2 2 2 2 2 2 2 2 2 2 2 2 2 2 2 2 2 2 2 2 2 2 2
left_child=1 2 4 -3 -1 -5 -4 8 10 -10 15 -12 13 -13 -15 17 -17 18 29 26 21 -11 23 -18 -25 -24 -20 -28 -29 -2
right_child=7 3 6 5 -6 -7 -8 -9 9 20 11 12 -14 14 -16 16 22 -19 19 -21 -22 -23 25 24 -26 -27 27 28 -30 -31
leaf_value=-0.006143318138612755 -0.0094570122285128119 -0.0057850295251817016 0.01645316475552357 -0.002939987301976242 0.0078149701366265704 0.0078266904714891193 0 -0.0043148536318789689 -0.0055211902589062658 0.011664244451149205 0.0017262840787048168 0 0.0036878276041877461 -0.017369223909622228 0 -0.0070158830243091629 0.0074302982094056934 -0.0042003726379304723 -0.0025661192930785275 0.012596617006773007 -0.0003797703791423489 -0.00097115834450994917 0 -0.010008084655262707 0.0035214097741185823 0.010304082285304366 -0.0049827629578223197 0.01257894607196693 0.00011529970016145707 0.00042938482649066171
leaf_weight=13.336564196506517 13.076848471537234 28.153926025843248 17.457761929137636 11.464879704173653 7.1856441628187886 22.01668085786514 3.8354765481781206 58.122009616112337 6.5208391074556848 26.728076783358123 25.560818650759757 8.9134882416110468 6.8876412988174698 21.870820714626465 3.9410783722996703 3.144716070033609 8.9528256976045686 57.9413790802937 33.107077243039384 10.492135236505417 7.4828978064469984 3.1257878630422047 8.2222175912465882 10.773942732950671 3.6617992825340471 30.68577240081504 4.3066801270470014 11.005031720036639 21.549636922311038 7.6825977484695605
leaf_count=654 968 2241 552 1286 336 1818 141 5493 288 1171 1309 362 328 891 171 54 202 3951 2743 541 302 136 259 345 226 962 214 413 2077 638
internal_value=7.14349e-05 0.00273407 0.00740131 -0.000438381 0 0.00362021 0.0135434 -0.000596114 3.91559e-05 0.00448548 -0.000622139 -0.00435231 -0.00835818 -0.0115526 -0.014753 0.000469279 0.00389427 -0.000877897 0.000919445 0.00315887 0.00733247 0.00970288 0.00537904 0 -0.00532654 0.00813035 0.00053144 0.00386656 0.00627892 -0.00558812
internal_weight=497.207 103.451 41.8154 61.6355 20.5222 33.4816 21.2932 393.756 335.634 43.8576 291.777 67.1738 41.613 34.7254 25.8119 224.603 65.4413 159.161 101.22 80.4606 37.3368 29.8539 62.2966 23.3886 14.4357 38.908 69.9684 36.8613 32.5547 20.7594
internal_count=31072 7028 1683 5345 990 3104 693 24044 18551 1897 16654 3061 1752 1424 1062 13593 2048 11545 7594 5988 1609 1307 1994 773 571 1221 5447 2704 2490 1606
is_linear=0
shrinkage=0.05


Tree=103
num_leaves=31
num_cat=0
split_feature=4 27 11 31 19 23 21 4 33 29 29 26 38 28 21 5 20 23 26 7 26 9 38 39 0 28 24 31 5 12
split_gain=0.372913 0.646158 0.505435 0.502499 0.511649 0.469467 0.458321 0.503641 0.508426 0.693798 0.627974 0.382507 0.408827 0.314833 1.16356 0.571988 0.563066 0.520254 0.50163 0.382467 0.663034 0.52996 0.463346 0.494313 0.405549 0.36865 0.449995 0.349296 0.372599 0.313933
threshold=-0.33666665852069849 -0.22999998927116391 -0.0099999904632568342 0.3966666460037232 0.37000000476837164 0.33666664361953741 0.46333330869674688 0.41666668653488165 0.20333331823349002 0.38333332538604742 0.40333333611488348 0.26333332061767584 0.0070109367370605477 0.36333334445953375 0.17000001668930056 0.30333334207534796 0.31499999761581426 0.27666664123535162 0.44333332777023321 -0.18333333730697629 -0.31000000238418574 -0.04333332180976867 -0.20502901077270505 0.029205097816884521 -0.29000000655651087 0.24833333492279056 -0.1766666769981384 -0.25666666030883784 0.12333333492279054 -0.41666667163372034
decision_type=2 2 2 2 2 2 2 2 2 2 2 2 2 2 2 2 2 2 2 2 2 2 2 2 2 2 2 2 2 2
left_child=1 2 -1 -3 -5 13 7 8 10 -10 29 12 -8 18 16 -16 17 -15 19 20 -2 22 -21 27 -23 26 -20 -24 -29 -7
right_child=5 3 -4 4 -6 6 11 -9 9 -11 -12 -13 -14 14 15 -17 -18 -19 25 21 -22 24 23 -25 -26 -27 -28 28 -30 -31
leaf_value=0.012464338288819888 0.0029575802602565082 -0.0037882361365943426 0 0.010660433352787033 -0.00252495928048759 -0.0024720029535954782 -0.011837015385961235 -0.0019913409862657 0 0.015712802562546296 -0.0091820840060246964 0.0035358338546186184 0 -0.016326441051377955 -0.0033021106347413212 0.0095531340288189902 0 0 -0.00085847395713101486 -0.006593085005431959 -0.0065156220194375102 0.0030622819917882887 0.0078093760216790603 0.01222412827802896 -0.004148027756029269 -0.0011040803553129138 0.01116263405066683 0.0021562638780214132 -0.0063041471932813037 0.0068967013820685312
leaf_weight=17.982987092342231 17.011520242551342 32.161922431085259 7.7339724763296536 10.848278909688817 5.4498701830161727 4.3835526662878683 8.4862718065269309 15.63881160924211 8.772221633698793 16.952396216103807 4.327553075971081 6.8460408055689177 7.3818841297179452 19.276085097575567 10.043554956093432 10.228111100383101 6.4360349026974282 3.0479078441858283 5.2553866321686682 3.8663421275559804 63.862347997259349 16.761791694676504 10.478783322498201 11.053638555807991 75.803873568074778 10.265644174534826 16.660673527978361 32.291293786023743 13.034464389318599 24.802516680909324
leaf_count=568 1368 3358 486 332 245 126 439 1160 556 425 127 238 370 786 311 333 254 112 209 250 4897 1398 509 592 5357 271 520 2632 1194 1658
internal_value=8.08613e-05 0.00325027 0.00881118 0 0.00563722 -0.000454373 0.00240391 0.00435288 0.00644007 0.0111333 0.00106138 -0.00271726 -0.0067882 -0.00141511 -0.00494594 0.00293288 -0.0107662 -0.0138546 -0.000608307 -0.00148736 -0.00416855 0 0.00305867 0.00445695 -0.00248181 0.00459204 0.00781953 0.00147658 -0.000242177 0.00459749
internal_weight=497.146 74.177 25.717 48.4601 16.2981 422.969 97.5912 74.8771 59.2382 25.7246 33.5136 22.7142 15.8682 325.377 49.0317 20.2717 28.76 22.324 276.346 244.164 80.8739 163.29 70.7245 66.8582 92.5657 32.1817 21.9161 55.8045 45.3258 29.1861
internal_count=31081 4989 1054 3935 577 26092 5099 4052 2892 981 1911 1047 809 20993 1796 644 1152 898 19197 18197 6265 11932 5177 4927 6755 1000 729 4335 3826 1784
is_linear=0
shrinkage=0.05


Tree=104
num_leaves=31
num_cat=0
split_feature=12 38 38 31 20 28 1 6 38 31 16 27 34 29 28 36 9 25 25 29 31 30 36 25 30 9 31 25 24 39
split_gain=0.496016 0.736001 0.752276 0.533586 0.59913 0.928456 0.743459 0.849096 0.665373 0.504624 0.470827 0.504593 0.453183 0.596125 0.429178 0.648514 0.559379 0.640812 0.34657 0.556213 0.474311 0.428661 0.383731 0.382143 0.523987 0.462442 0.621628 0.325592 0.317999 0.310627
threshold=-0.4433333277702331 0.035836219787597663 0.12839555740356448 0.45666664838790899 -0.22999998927116391 -0.36333334445953364 0.35000002384185797 -0.43000000715255732 0.032184123992919929 -0.4433333277702331 0.2833333313465119 0.36333334445953375 -0.10999999940395354 0.47500002384185797 0.36333334445953375 0.24333333969116214 0.38999998569488531 0.41666668653488165 -0.030000001192092892 0.096666663885116591 -0.20333333313465116 -0.31000000238418574 -0.096666663885116563 0.18333333730697635 0.13666665554046634 0.35000002384185797 -0.28333333134651179 -0.236666664481163 -0.21666666865348813 0.014785202220082285
decision_type=2 2 2 2 2 2 2 2 2 2 2 2 2 2 2 2 2 2 2 2 2 2 2 2 2 2 2 2 2 2
left_child=1 9 -3 10 5 -5 7 -6 -9 12 14 -12 13 -1 18 27 -17 -18 19 21 -21 -2 -23 24 -20 26 -25 -16 -26 -22
right_child=3 2 -4 4 6 -7 -8 8 -10 -11 11 -13 -14 -15 15 16 17 -19 23 20 29 22 -24 25 28 -27 -28 -29 -30 -31
leaf_value=-0.0088484253129385258 -0.0052568659739454307 0.013515679888618563 -0.00066894894372008303 0.0070068423879864408 -0.0019463255957494999 -0.012522073259343729 -0.0032951881040373405 0.01910015219987854 0 -0.0051166475838254032 -0.0077933750944559829 0.0017324883122186404 0.0098421348432523714 0.0058530882837866897 0 0.0077622690519605162 -0.010628274719443486 0.0054019688198823617 0 0 0 0.0060395377440353726 -0.00040927867563781681 -0.0098456792878472837 0 0.0062750646588492533 0.00041653467061658991 -0.010450362145943564 0.0099310933026722087 -0.010770765312040319
leaf_weight=7.2437178748659807 13.036383112194015 20.851357629289854 8.6666204985231143 5.2923290932085365 4.4010630827397135 6.0851364498957974 5.061803617514669 15.447798234876251 3.0621675227303049 21.949198711430654 40.146128533408046 11.75914643332362 11.078024696093051 7.4826429719105363 5.8478828051593181 12.068674654467033 8.7945662031415832 3.6204329458996645 37.575845695449971 21.97653559059836 5.2228072148282108 38.13541031233035 33.24408216890879 14.396452285116537 5.1491092441137871 12.522470008581875 37.386616975767538 25.287240896141157 32.591833454556763 23.566879800055176
leaf_count=140 1375 402 170 192 126 284 280 357 236 649 4469 1292 171 100 316 491 333 205 2958 866 335 2915 2515 983 328 919 3646 1354 1258 1514
internal_value=0.00022185 0.00378173 0.00923766 -0.000415936 0.00462389 -0.00271659 0.00829787 0.0118762 0.0158546 0 -0.00106246 -0.00524765 0.00408162 -0.000640293 -0.000248839 -0.0040721 0.00114758 -0.00435902 0.000506412 -0.00115609 -0.00508478 0.00111069 0.00291415 0.00226904 0.00457393 -0.000234906 -0.00272995 -0.00837214 0.00829707 -0.00873336
internal_weight=498.95 77.2716 29.518 421.679 39.3503 11.3775 27.9728 22.911 18.51 47.7536 382.328 51.9053 25.8044 14.7264 330.423 55.6188 24.4837 12.415 274.804 135.182 50.7662 84.4159 71.3795 139.622 75.3168 64.3055 51.7831 31.1351 37.7409 28.7897
internal_count=31179 1632 572 29547 1475 476 999 719 593 1060 28072 5761 411 240 22311 2699 1029 538 19612 9520 2715 6805 5430 10092 4544 5548 4629 1670 1586 1849
is_linear=0
shrinkage=0.05


Tree=105
num_leaves=31
num_cat=0
split_feature=30 24 21 10 23 10 37 37 38 39 41 37 39 29 31 37 37 41 11 8 0 22 39 2 39 30 29 0 10 8
split_gain=0.753818 0.728536 0.629471 0.396053 0.368197 0.237031 1.52831 1.07888 0.489434 0.574066 0.381623 0.525648 0.371871 0.356537 0.598474 0.621802 0.475615 0.454516 0.397844 0.598961 0.449262 0.381438 0.384287 0.375504 0.353322 0.352294 0.409181 0.431738 0.318971 0.301458
threshold=0.46166664361953741 0.32333332300186163 0.056666672229766853 0.43000000715255743 0.45666664838790899 -0.22999998927116391 0.009663581848144533 0.038634300231933601 0.11726856231689455 0.014356491621583702 0.033406140282750137 -0.065113067626953111 0.02058355696499348 0.096666663885116591 -0.31666666269302363 0.043071269989013679 0.051035404205322273 0.027692640200257305 -0.45666666328907007 0.24333333969116214 0.083333313465118422 0.17000001668930056 0.020644122734665874 -0.14333333075046537 0.023940252140164379 0.41000002622604376 0.32333332300186163 -0.2766666561365127 0.40333333611488348 0.030000001192092899
decision_type=2 2 2 2 2 2 2 2 2 2 2 2 2 2 2 2 2 2 2 2 2 2 2 2 2 2 2 2 2 2
left_child=5 2 -2 -4 -3 6 10 8 9 -8 -1 -12 -9 16 18 25 17 -7 19 29 23 22 -18 -20 -14 26 27 -16 -22 -15
right_child=1 4 3 -5 -6 13 7 12 -10 -11 11 -13 24 14 15 -17 21 -19 20 -21 28 -23 -24 -25 -26 -27 -28 -29 -30 -31
leaf_value=0 0 0.0027798137445265831 0.01675883552724686 0 -0.0082833114296582671 -0.0030070192733008547 0 -0.0087422798917087628 -0.00028559502372334906 0.018500507181885267 0 -0.012722979382386104 0.0080836988606572107 -0.0023584961427662934 0.0041220166244285011 0.002148216855626463 0.00093062862652235111 0.0046552475296617411 0.0048935954259190576 -0.011235465640175466 0.0099397877734623448 0.0029542243750652806 -0.010706795695581195 -0.0050335788024155233 -0.0024668822294049517 0.00082569216599035877 -0.01185441473886301 -0.0049752016909798509 -0.0001721221099999614 0.0084852237133556437
leaf_weight=14.831370112020521 10.962477186461909 9.5589218740351516 15.967867815867068 7.8662173561751834 6.478886822005733 14.889987680129705 2.0999519082251963 6.7658784883096841 2.4394804749172172 11.830805770820005 14.457934759557242 30.469913393026221 6.5806091665290323 4.9396335859783012 8.7497142532374692 31.31250939774327 4.3463296004338252 107.1056368232239 11.636688038706781 6.476587912766262 25.346177169587467 7.1270564529113463 12.526482296409084 14.381687143584712 11.594044201076029 12.623483166564254 22.210929334862158 54.488147091120481 3.9375988696701816 5.4346878346987069
leaf_count=1334 227 287 274 179 240 1169 198 722 266 898 827 2515 572 109 656 1895 432 8118 510 149 836 535 984 601 962 583 1483 3301 207 115
internal_value=0.000233766 0.00569092 0.00940166 0.0131764 -0.00159343 -0.000396578 -0.00247168 0.00421244 0.0124094 0.0153036 -0.00743525 -0.00949295 -0.0017229 0.000167895 -0.00110539 -0.00316899 0.00206432 0.0034276 0.00223436 -0.00301762 0.00438121 -0.00333169 -0.00715831 0 0.00137729 -0.00513287 -0.00628293 -0.00310729 0.00807351 0.00282301
internal_weight=499.438 50.8344 34.7966 23.8341 16.0378 448.603 101.07 41.3108 16.3702 13.9308 59.7592 44.9278 24.9405 347.533 201.538 129.385 145.995 121.996 72.1531 16.8509 55.3022 23.9999 16.8728 26.0184 18.1747 98.0723 85.4488 63.2379 29.2838 10.3743
internal_count=31184 1207 680 453 527 29977 8294 3618 1362 1096 4676 3342 2256 21683 10445 7918 11238 9287 2527 373 2154 1951 1416 1111 1534 6023 5440 3957 1043 224
is_linear=0
shrinkage=0.05


Tree=106
num_leaves=31
num_cat=0
split_feature=12 4 7 0 39 4 15 21 38 7 6 3 33 3 26 33 26 27 39 3 21 36 37 7 27 22 5 37 34 31
split_gain=0.385735 0.498427 0.465635 0.554064 0.398268 0.432629 0.401355 0.509869 0.367713 0.351591 0.547197 0.482504 0.648331 0.686353 0.715066 0.613751 0.63167 0.784467 0.452715 0.441335 0.449735 0.436817 0.461735 0.440511 0.592868 0.392154 0.391367 0.331449 0.32677 0.315795
threshold=0.43000000715255743 -0.33666665852069849 0.4499999880790711 0.46333330869674688 0.021861078217625621 -0.41666667163372034 0.21666666865348819 0.23666667938232425 0.12017393112182619 0.083333313465118422 0.083333313465118422 0.31666666269302374 0.21666666865348819 0.43666666746139532 0.45666664838790899 0.30333334207534796 0.45666664838790899 -0.31000000238418574 0.017564586363732818 0.21666666865348819 -0.096666663885116563 0.1566666662693024 0.028864860534667972 -0.15666666626930234 0.23666667938232425 0.23000001907348636 0.12333333492279054 0.016409873962402347 -0.24999999999999997 -0.45666666328907007
decision_type=2 2 2 2 2 2 2 2 2 2 2 2 2 2 2 2 2 2 2 2 2 2 2 2 2 2 2 2 2 2
left_child=1 4 3 9 5 -1 7 -7 -6 10 21 15 27 14 -14 19 17 -17 -12 20 -11 23 28 24 -3 -19 -25 -13 -23 -21
right_child=-2 2 -4 -5 8 6 -8 -9 -10 11 18 12 13 -15 -16 16 -18 25 -20 29 -22 22 -24 26 -26 -27 -28 -29 -30 -31
leaf_value=-0.0054310877348874124 -0.0060586623787012867 -0.0061720215726877633 0.0071796944104086423 -0.010291196807018239 0.009061943102022664 0.012571063955744777 -0.0022222767422352694 -0.0028937330507608494 -0.0016482349680041826 -0.0007508048295327566 0 -0.0058780654271091658 0.015921289577414132 -0.0010071022366689038 -0.0010261185117153055 -0.017801570981536518 0.0025437076747601454 -0.0059060992658702335 -0.010149014888560079 0.0040479364613651338 0.0064598100376355222 -0.00034278351798122897 -0.0026460154482443963 0.0032521978155529881 0.0022251805228993469 0.0065168319091284668 -0.0051125316669025393 0.0043008804166599244 0.01013025385391292 -0.0067626063392518185
leaf_weight=14.40386075968854 19.680955881718546 67.360269787022844 12.732972820987923 9.0730678716208768 31.629253917839378 10.650536955101417 6.4347613556310526 1.7702464838512231 3.4567476559896013 26.488255270407535 10.160908836871384 12.015574216609822 19.744117245310925 7.5170426352415225 3.8366827650461337 9.0011131158098596 8.6251195408403856 8.8017899773549306 24.478782441234216 1.9241648283787096 43.787124045891687 3.9051284193992677 8.5730353896506113 53.264118361985311 20.648004946764559 4.9272224328014991 11.005674404324962 6.671144420746713 18.903912256704643 16.598135338863358
leaf_count=1096 2284 4646 749 701 1782 630 553 85 230 1628 684 683 798 396 88 303 199 715 1589 32 2213 176 570 3247 1643 290 666 472 988 954
internal_value=-5.00427e-05 0.000217526 -0.000404817 -0.000813067 0.00401892 0 0.00439324 0.00878518 0.00731167 -0.000374897 -0.00172982 0.00122316 0.00510488 0.00906179 0.0126699 -0.000353334 -0.00591754 -0.00985911 -0.00702852 0.0015979 0.00356895 -0.000407892 0.00428888 -0.00165966 -0.0039197 0 0.00114981 -0.00106939 0.00777144 -0.00390444
internal_weight=498.07 478.389 410.043 397.31 68.3454 33.2594 18.8555 12.4208 35.086 388.237 218.3 169.937 49.7846 31.0978 23.5808 120.153 31.3552 22.7301 34.6397 88.7977 70.2754 183.66 31.3821 152.278 88.0083 13.729 64.2698 18.6867 22.809 18.5223
internal_count=31090 28806 24430 23681 4376 2364 1268 715 2012 22980 14209 8771 2437 1282 886 6334 1507 1308 2273 4827 3841 11936 1734 10202 6289 1005 3913 1155 1164 986
is_linear=0
shrinkage=0.05


Tree=107
num_leaves=31
num_cat=0
split_feature=27 1 40 33 9 33 40 37 37 11 9 39 4 40 35 32 41 16 12 32 30 40 36 37 33 39 22 41 40 41
split_gain=0.837643 0.521858 0.914261 0.791581 0.70503 0.590449 0.588517 0.650728 0.577187 0.547405 0.484599 0.45723 0.451804 0.441102 0.440303 0.427105 0.624377 0.39188 0.376679 0.362524 0.335203 0.32797 0.775007 0.695983 0.740125 0.519389 0.487048 0.453692 0.648012 0.511687
threshold=-0.17000000178813932 0.13666665554046634 0.92333334684371959 0.33666664361953741 0.11000001430511476 0.46333330869674688 0.050000000745058067 0.0067873001098632821 -0.070494174957275377 0.24333333969116214 0.096666663885116591 0.01447949279099703 -0.31666666269302363 0.97666668891906749 0.37000000476837164 0.18999999761581424 0.030753827653825287 -0.24333333969116208 -0.43000000715255732 -0.21666666865348813 0.12333333492279054 0.67000001668930065 -1.0000000180025095e-35 0.0067873001098632821 1.0000000180025095e-35 0.016325673088431362 0.31666666269302374 0.061374438926577575 0.93000000715255748 0.028690008446574215
decision_type=2 2 2 2 2 2 2 2 2 2 2 2 2 2 2 2 2 2 2 2 2 2 2 2 2 2 2 2 2 2
left_child=1 2 3 4 9 15 18 8 -8 12 -9 -10 -1 -4 -12 -5 -17 -13 -3 20 -6 23 27 24 25 -2 -25 28 29 -23
right_child=21 6 13 5 19 -7 7 10 11 -11 14 17 -14 -15 -16 16 -18 -19 -20 -21 -22 22 -24 26 -26 -27 -28 -29 -30 -31
leaf_value=0.0024515023641046504 0.001941662650794851 0.0029817841292775001 0.012848614264096706 0 0 0.00302815839612805 0 0.0062084759483313039 0 0.0063972920066023139 -0.0067929150431533846 0.017228236789839122 -0.0067451953922659999 0 0.0049456839438447127 0 -0.020038272315684297 0.00048715174454893304 -0.0090207734158821978 0.0010654849862092219 0.015001984893466054 -0.0033302098595965469 -0.0091211054569549418 0.0063180507668810244 0.0011847349189312748 -0.0083868904228153515 -0.0032852144331317252 -0.0077172441208889974 -0.0039990428277771302 0.010193071395989319
leaf_weight=9.8069408512674254 8.5112984750885499 4.8105568927712739 13.015987861203032 6.7470369320362868 2.4557381873019022 2.9688465320505193 9.2558566334191692 18.774224125081673 8.4349914686754328 6.5697526521980754 18.593499880982566 24.619831760646768 46.298007371369749 8.3304917386267316 4.3206347501836708 3.1771953094284973 9.5393882791977358 7.9452511155977907 6.6945613475982082 32.973681991687045 7.2742878831923008 2.9145878495182869 36.360708877444267 43.761246030568145 53.430089100264013 48.332527827471495 9.945348860928787 7.5814994198735794 13.414577103918417 21.096275974879973
leaf_count=455 847 94 434 278 210 175 349 848 301 426 716 536 2157 278 182 109 337 643 238 1180 219 268 3371 3942 4141 3987 887 611 1095 1823
internal_value=0.00024286 0.00228067 0.0001723 -0.001377 0.000375371 -0.00883027 0.0049161 0.00633364 0.009911 -0.00267343 0.000792462 0.0121768 -0.00465357 0.00862969 -0.00314791 -0.0119082 -0.0158105 0.0145033 -0.00327219 0.0051414 0.0116897 -0.00176014 -0.00426154 -0.000265241 -0.00264114 -0.00640484 0.00396958 0 0.00273727 0.00738089
internal_weight=497.955 252.607 149.157 127.811 105.378 22.4325 103.449 91.9443 50.2559 62.6747 41.6884 41.0001 56.1049 21.3465 22.9141 19.4636 12.7166 32.5651 11.5051 42.7037 9.73003 245.348 81.3676 163.981 110.274 56.8438 53.7066 45.0069 37.4254 24.0109
internal_count=31137 10165 6258 5546 4647 899 3907 3575 1829 3038 1746 1480 2612 712 898 724 446 1179 332 1609 429 20972 7168 13804 8975 4834 4829 3797 3186 2091
is_linear=0
shrinkage=0.05


Tree=108
num_leaves=31
num_cat=0
split_feature=26 8 13 19 41 33 9 26 2 8 36 20 38 35 40 21 36 41 33 20 2 40 22 40 4 29 33 2 39 39
split_gain=0.397859 0.615462 0.598027 0.595045 0.479205 0.467656 0.418874 0.798305 0.409101 0.372895 0.361827 0.354636 0.327882 0.333788 0.301347 0.386103 0.268282 0.254238 0.253326 0.244246 0.274064 0.430932 0.350603 0.336653 0.333915 0.263244 0.527566 0.352847 0.316228 0.617573
threshold=0.41666668653488165 -0.083333343267440782 -0.16333332657814023 0.17666667699813846 0.038504686206579215 0.18999999761581424 0.43000000715255743 0.030000001192092899 -0.40333333611488337 0.23000001907348636 0.38333332538604742 0.36333334445953375 -0.13845634460449216 0.29000002145767217 0.70999997854232799 0.069999992847442641 0.3966666460037232 0.033406140282750137 -0.26999998092651362 0.23000001907348636 -0.26999998092651362 0.26666666567325598 -0.41666667163372034 0.7033333182334901 -0.41666667163372034 0.056666672229766853 -1.0000000180025095e-35 -0.076666668057441698 0.025416773743927482 0.017265589907765392
decision_type=2 2 2 2 2 2 2 2 2 2 2 2 2 2 2 2 2 2 2 2 2 2 2 2 2 2 2 2 2 2
left_child=6 18 4 5 17 -4 8 10 12 -6 -8 19 -1 -14 15 -13 -17 -3 -2 20 21 22 -10 25 -23 26 27 -22 29 -27
right_child=1 2 3 -5 9 -7 7 -9 11 -11 -12 14 13 -15 -16 16 -18 -19 -20 -21 23 24 -24 -25 -26 28 -28 -29 -30 -31
leaf_value=0.00092316569877912277 0 -0.0019165403714367089 0 -0.002302852451638793 0 0.014766437329699945 0 -0.0025089781490037384 0.0051037390515553576 -0.012868709626302714 0.014315565720923785 0.00034122161174042118 -0.012162149286802461 0 0.00011976307925428099 -0.010286888544813301 0 0.0066353199035687404 0.011632621529449431 0.0029791969813255615 -0.0054160552755414329 -0.0019540289864024602 -0.0062324639117990353 -0.0045389521150097827 0.0083932398313066991 0.0015066383975936236 0.0078165954882090209 0.002145289535302174 0.0024747016411058005 -0.0077812809887815096
leaf_weight=4.7183260072488364 5.4209393085911897 11.172592464834453 6.3455777999479386 8.466340119019149 13.274476957507433 10.299628886394201 3.6447178437374559 14.426568656694142 2.8679458010010448 9.698556974064557 10.669808041886425 8.6266107242554408 15.355323356576266 8.7179891925770772 16.704467379488051 26.651677800808105 2.0750576618593177 8.1738052424043399 15.440521296113728 50.15325786662288 18.890169742517173 3.2422791512217399 13.866379664046688 58.327535373857245 23.304401198634878 22.002450778149068 19.997346776537597 30.763535241829231 16.918030712753534 35.322237819433212
leaf_count=270 240 216 223 640 337 273 266 1021 202 223 554 582 1207 834 1140 1606 98 163 395 3451 1632 243 1171 4394 1476 1224 1482 2599 879 2059
internal_value=-9.28753e-05 0.00278112 0 0.00559542 -0.00328368 0.0102625 -0.000807797 0.00430711 -0.00132236 -0.00758641 0.0111193 -0.000713942 -0.00659624 -0.00879147 -0.00421678 -0.00648092 -0.0089545 0.00142568 0.0091887 0 -0.000667985 0.00252313 -0.00235577 -0.00152406 0.0062341 -2.41806e-06 0.00194674 -0.000555904 -0.00215141 -0.00401661
internal_weight=495.539 88.2924 67.431 25.1115 42.3194 16.6452 407.246 28.7411 378.505 22.973 14.3145 349.713 28.7916 24.0733 54.0578 37.3533 28.7267 19.3464 20.8615 295.656 245.502 43.281 16.7343 202.221 26.5467 143.894 69.6511 49.6537 74.2427 57.3247
internal_count=31100 2710 2075 1136 939 496 28390 1841 26549 560 820 24238 2311 2041 3426 2286 1704 379 635 20812 17361 3092 1373 14269 1719 9875 5713 4231 4162 3283
is_linear=0
shrinkage=0.05


Tree=109
num_leaves=31
num_cat=0
split_feature=4 25 39 17 13 38 37 40 28 37 36 39 3 0 28 26 28 21 38 9 27 4 36 37 31 39 26 9 3 28
split_gain=0.44022 0.539262 0.408762 0.392589 0.349668 0.333678 0.313389 0.496535 0.408819 0.370498 0.346894 0.286798 0.263293 0.264722 0.249312 0.418045 0.33156 0.44385 0.528703 0.316926 0.474169 0.460475 0.421306 0.769192 0.738509 0.638366 0.534443 0.470579 0.493986 0.450568
threshold=-0.32999998331069941 0.18333333730697635 0.014158349949866535 0.35000002384185797 0.17666667699813846 0.18432664871215823 0.0067873001098632821 0.92333334684371959 -0.30333334207534784 0.038634300231933601 0.38999998569488531 0.015180344693362715 -0.35000000894069666 0.14333331584930423 0.48166668415069586 -1.0000000180025095e-35 0.44833332300186163 0.19666665792465213 -0.050554752349853509 0.3966666460037232 -0.31000000238418574 -0.236666664481163 0.12333333492279054 0.005856037139892579 -0.0099999904632568342 0.029205097816884521 0.48333334922790533 -0.036666661500930779 -0.14333333075046537 -1.0000000180025095e-35
decision_type=2 2 2 2 2 2 2 2 2 2 2 2 2 2 2 2 2 2 2 2 2 2 2 2 2 2 2 2 2 2
left_child=1 2 -1 5 14 -4 8 9 -6 11 -10 -8 13 -3 16 -16 19 -18 -19 21 -21 -2 25 24 26 29 -24 28 -27 -23
right_child=4 12 3 -5 6 -7 7 -9 10 -11 -12 -13 -14 -15 15 -17 17 18 -20 20 -22 22 23 -25 -26 27 -28 -29 -30 -31
leaf_value=-0.0020156477795451873 -0.0047948268710688918 -0.0082879259305245739 0.0107912629309945 -0.00024596258105572883 0 -0.00072573178447795977 -0.00011509330625540366 -0.0090926211441401811 -0.011242386584389237 -0.00067049010633312691 0 0.01135442714838248 0.0026073278922979335 0.001273244139333606 0.0014995212746288053 -0.012197688033124425 -0.0015856841800121263 -0.00096557666664947759 0.012984028787445962 -0.01004426200708745 0.0015348051341427913 0.0025309364956548883 0.012995893405032936 -0.0011586691387221449 -0.0013369240926723155 -0.00074636399082177228 -0.00021897967435873523 -0.00070349792800247887 0.013711972303676719 -0.0031984874376571357
leaf_weight=5.772638964932411 30.184311576653272 12.520450838375838 37.097586222924292 6.4161576502956441 12.275025200098751 1.9354461822658766 2.1038518091663745 5.0248801592970258 23.148665155982602 17.039933296618983 6.2822282689157865 9.223215662641449 10.156709645641966 3.25938462675549 3.7920506834052503 4.7118552995379996 8.3212606974411774 4.5738153527490839 13.384082487318661 12.870851000305267 8.2192181064747256 38.597659439081326 32.094489950686693 32.987252962309867 10.875274758553131 3.2749668762553528 4.8113696966320267 9.0186661276966316 13.306252492126077 112.00101455277763
leaf_count=358 1955 1120 2073 392 995 136 256 556 2303 1806 623 937 871 251 125 126 208 112 324 327 423 3366 1252 1715 702 207 102 511 691 6268
internal_value=3.14995e-05 0.00340259 0.00624823 0.00789642 -0.000570977 0.00964444 -0.00353145 0 -0.00613378 0.00309803 -0.00891651 0.00847911 -0.00155248 -0.00535847 5.50924e-05 -0.00627255 0.000397054 0.00522829 0.00903559 -2.72389e-05 -0.00526835 0.000372369 0.00116995 0.00403338 0.0078121 -9.50184e-05 0.0109007 0.00624175 0.0103096 -0.00152971
internal_weight=495.281 77.1584 51.2218 45.4492 418.122 39.033 75.0978 33.3919 41.7059 28.367 29.4309 11.3271 25.9365 15.7798 343.024 8.50391 334.52 26.2792 17.9579 308.241 21.0901 287.151 256.967 80.7684 47.7811 176.199 36.9059 25.5999 16.5812 150.599
internal_count=31091 5201 2959 2601 25890 2209 7476 3555 3921 2999 2926 1193 2242 1371 18414 251 18163 644 436 17519 750 16769 14814 3771 2056 11043 1354 1409 898 9634
is_linear=0
shrinkage=0.05


Tree=110
num_leaves=31
num_cat=0
split_feature=29 3 4 29 16 26 24 25 3 41 10 9 10 29 38 39 31 39 39 38 39 40 25 9 39 25 28 15 39 5
split_gain=0.360507 0.503672 0.464383 0.340794 0.317654 0.571767 0.583752 0.701507 0.61255 0.652077 0.599182 0.636961 0.572987 0.559604 0.475303 0.734677 0.571345 0.534987 0.477446 1.57291 1.12472 0.463653 0.415828 0.39984 0.758995 0.383831 0.367433 0.435558 0.364662 0.377273
threshold=0.47500002384185797 0.31000000238418585 0.45666664838790899 0.46166664361953741 -0.25666666030883784 -0.1766666769981384 0.26999998092651373 0.12166666984558107 -0.18333333730697629 0.036229580640792854 0.13666665554046634 0.24333333969116214 0.11000001430511476 0.056666672229766853 0.087198257446289076 0.017564586363732818 0.31666666269302374 0.012643355876207353 0.018832436762750152 -0.013042449951171873 0.020484371110796932 0.47666665911674505 -0.31666666269302363 -0.016666665673255917 0.02058355696499348 0.26999998092651373 0.40833336114883428 -0.19666665792465207 0.026041304692626003 0.10833334922790529
decision_type=2 2 2 2 2 2 2 2 2 2 2 2 2 2 2 2 2 2 2 2 2 2 2 2 2 2 2 2 2 2
left_child=3 -2 -3 4 5 23 7 10 9 -9 -7 22 -10 14 16 21 -6 -18 19 -19 -20 -16 -12 -1 -25 -14 27 -8 -22 -30
right_child=1 2 -4 -5 13 6 26 8 12 -11 11 -13 25 -15 15 -17 17 18 20 -21 28 -23 -24 24 -26 -27 -28 -29 29 -31
leaf_value=0.00065403599360433788 -0.0019961488019871795 0.013424371707908764 0 -0.0068513697405943944 -0.0012555870724301425 -0.00040124660312573801 0.012087998094329979 -0.0056639690595109825 0 0.01011626028641127 0 0 -0.017036459155474772 -0.0051001977205061208 0.012105923737619102 -0.010156726751559686 -0.0071891894905832567 0.020276612595349252 -0.011581691833917747 -0.0036222517991129546 0.0085707386690168069 -0.0033468768579606838 0.013910225258421444 0.0013655797758244685 -0.013621084191069169 0 0 -0.00025047729740730802 -0.0051173066355139993 0.0071657926174735547
leaf_weight=19.291251290589571 8.5313495632726717 11.530688210623341 4.6184214425738892 14.27444819989614 85.581163703231141 48.819158448372036 25.099893474718556 5.208085283637045 9.9553536307066697 7.7250673403032124 4.8056242656894055 22.466362729668617 9.942510482156651 66.735248813289218 2.9855621736496714 18.609335987479426 2.0417884700000277 11.508445888059216 5.5587974544614545 6.279626808827742 26.347317656967789 2.7077182540670037 20.366240285802633 8.7902207772713172 12.624024369521065 7.0713660994078955 8.4628828000277263 4.0267818043939796 10.72962935362011 3.8364353796932837
leaf_count=769 167 248 304 431 9410 1606 649 150 299 219 129 519 264 7323 395 2227 177 514 283 600 1215 353 508 390 659 235 207 162 512 189
internal_value=-9.21827e-05 0.00509692 0.00949847 -0.00047651 -0.00013761 0.00118516 0.00251989 0.00067348 -0.00427201 0.0026601 0.0030937 0.00678561 -0.00823373 -0.00140729 0 -0.00562049 0.0012096 0.00457751 0.00588921 0.0120032 0.00196762 0.00467233 0.0114155 -0.00357433 -0.00760488 -0.012624 0.00762971 0.00991907 0.00558722 0
internal_weight=496.531 24.6805 16.1491 471.85 457.576 214.655 173.949 136.36 39.9024 12.9332 96.4574 47.6382 26.9692 242.921 176.186 24.3026 151.883 66.302 64.2603 17.7881 46.4722 5.69328 25.1719 40.7055 21.4142 17.0139 37.5896 29.1267 40.9134 14.5661
internal_count=31113 719 552 30394 29963 6765 4947 3929 1167 369 2762 1156 798 23198 15875 2975 12900 3490 3313 1114 2199 748 637 1818 1049 499 1018 811 1916 701
is_linear=0
shrinkage=0.05


Tree=111
num_leaves=31
num_cat=0
split_feature=5 5 24 38 31 36 15 5 39 40 16 37 37 22 31 15 32 14 40 14 37 16 38 16 25 22 20 32 15 4
split_gain=0.431011 0.439367 0.405543 0.876791 0.577614 0.487549 0.590525 0.421731 0.415997 0.361391 0.529171 0.76263 0.745231 0.380718 0.427401 0.398864 0.397237 0.336518 0.403693 0.329892 0.309167 0.300548 0.299733 0.408578 0.394682 0.370052 0.319054 0.463211 0.422901 0.31722
threshold=-1.0000000180025095e-35 -0.16333332657814023 0.32333332300186163 0.11726856231689455 -0.4433333277702331 0.43000000715255743 -0.45666666328907007 0.35000002384185797 0.0248873345553875 0.29666666686534887 -0.3899999856948852 -0.009902000427246092 0.038634300231933601 0.36833333969116216 -0.056666672229766839 -0.46999999880790705 1.0000000180025095e-35 -0.30333334207534784 0.56999999284744274 -0.016666665673255917 0.04525041580200196 -0.4433333277702331 -0.022851467132568356 0.29666668176651007 -0.19666665792465207 0.043333351612091071 0.20333331823349002 0.25000000000000006 -0.35000000894069666 -0.29666668176650995
decision_type=2 2 2 2 2 2 2 2 2 2 2 2 2 2 2 2 2 2 2 2 2 2 2 2 2 2 2 2 2 2
left_child=1 22 4 5 8 6 7 -4 -2 13 11 -11 -13 14 15 -6 -17 18 -12 -3 -19 -8 24 26 -1 -26 29 28 -28 -24
right_child=2 19 3 -5 9 -7 21 -9 -10 10 17 12 -14 -15 -16 16 -18 20 -20 -21 -22 -23 23 -25 25 -27 27 -29 -30 -31
leaf_value=0.0063950248993879973 0.012207133165655136 -0.0065272169652449714 0 0.0086651055403642076 -0.0021714462480957476 0.0040598616330817933 0.0054410362276932269 -0.020214064177298388 0 0.0028606957920008272 -0.0014334295074950529 -0.01835159149690822 0 -0.0026757777154144489 0 0 0.011521381351631686 0.001504753958550348 0.010212623061395283 0 -0.0058763808675593122 -0.0039469107864270664 0.001777999699327181 -0.0076467532314515906 -0.0042118198084806725 0.0042894123463309477 0.013760330771468971 -0.005508853304982673 0 -0.0051263999631193276
leaf_weight=28.415749236475676 17.99164112680592 51.700128454249352 4.9380549674388003 9.2011525515699741 2.769724470563232 6.4255930478684595 3.3723278706893316 5.3412997778505087 9.3147316998802108 8.2709442558698374 4.8176987615879652 8.5463627185672539 8.0612690034322423 11.76787091209553 28.781063272850588 8.6806471613235754 31.286678469972685 37.446356791886501 12.656450829701496 21.137674261583015 13.888519731000995 35.302013593260199 19.377763432567008 16.978323377203196 25.060362953925505 14.682267320575191 7.3772746357135519 1.8328050586860616 10.457446411950514 30.342918562702835
leaf_count=1554 427 2931 92 580 53 442 80 130 190 225 180 207 195 685 2240 464 1270 3250 475 2070 1427 3161 1206 1815 1660 1011 156 101 875 2010
internal_value=1.54624e-05 -0.00151432 0.0014049 -0.00171806 0.00253193 -0.0045289 -0.00643136 -0.014829 0.00872437 0.00118507 -0.000728544 -0.00635247 -0.0115881 0.00352198 0.00499246 0.00784649 0.00927741 0.00131707 0.00639107 -0.00455198 -0.000462135 -0.00194788 0 -0.00186758 0.00240005 -0.000373959 0 0.00465156 0.00786851 -0.00208516
internal_weight=496.223 227.363 268.86 64.5804 204.28 55.3793 48.9537 10.2794 27.3064 176.974 93.6876 24.8786 16.6076 83.286 71.5181 42.7371 39.9673 68.809 17.4741 72.8378 51.3349 38.6743 154.525 86.3665 68.1584 39.7426 69.3882 19.6675 17.8347 49.7207
internal_count=31162 15389 15773 4485 11288 3905 3463 222 617 10671 5959 627 402 4712 4027 1787 1734 5332 655 5001 4677 3241 10388 6163 4225 2671 4348 1132 1031 3216
is_linear=0
shrinkage=0.05


Tree=112
num_leaves=31
num_cat=0
split_feature=17 22 30 7 18 40 7 8 14 38 40 33 26 39 9 3 12 27 14 12 38 39 12 40 30 17 29 8 12 20
split_gain=0.495681 0.591919 0.619558 0.734295 0.55923 0.502001 0.467536 0.457916 0.362034 0.392796 0.360864 0.349585 0.342499 0.331219 0.628469 0.884145 0.529726 0.566407 0.407985 0.58351 0.454175 0.553359 0.562736 0.406441 0.384031 0.370309 0.301115 0.280211 0.278583 0.363138
threshold=0.29666668176651007 0.40333333611488348 0.42833334207534796 0.38999998569488531 -0.46999999880790705 0.47666665911674505 0.11000001430511476 0.36333334445953375 0.4499999880790711 0.11019897460937501 0.23666666448116305 0.23000001907348636 0.26999998092651373 0.02868249919265509 0.056666672229766853 -0.14333333075046537 -0.26333332061767573 -0.083333343267440782 -0.036666661500930779 -0.40333333611488337 0.074303150177001967 0.0129718822427094 -0.1766666769981384 0.47666665911674505 -0.3899999856948852 -0.32999998331069941 0.46833333373069769 0.27666664123535162 -0.24999999999999997 0.056666672229766853
decision_type=2 2 2 2 2 2 2 2 2 2 2 2 2 2 2 2 2 2 2 2 2 2 2 2 2 2 2 2 2 2
left_child=1 2 3 13 7 10 -6 11 9 12 -3 -4 -2 18 15 -15 17 -16 19 25 21 -20 -23 -22 -17 -1 -8 -24 29 -21
right_child=8 5 4 -5 6 -7 26 -9 -10 -11 -12 -13 -14 14 16 24 -18 -19 20 28 23 22 27 -25 -26 -27 -28 -29 -30 -31
leaf_value=0 -0.0083833657778343354 0.0044927918660663214 -0.0012201411212734749 -0.0098277261397833465 -0.00025658606134257138 0.012158109556857788 0.014819729357458046 -0.0067255271141009546 0.0033152230385220627 0.0026078372144622982 -0.0061518783740623691 0.0093320123573298365 0 -0.0009115817691091008 0.010343142016723077 0 -0.0084745695854238547 -0.0053314167769068672 -0.0055413731595280952 -0.00089912170014017534 0.002195633421700211 -0.0020356765117911005 0.0091652580596386021 -0.009685403671452264 0.014737928517926166 0.0083782309607619322 0 0 -0.00077517831445901705 -0.0096438865600750913
leaf_weight=33.754118305630982 37.666599565651268 17.459950629388917 6.9134406000375774 12.287337966612538 4.9719697076361653 17.408392072888091 17.195676822680984 9.5146238179877383 10.710848553921094 8.1377485513221455 5.4196450875606379 8.9019614765420538 14.171628260053692 13.364075751043854 7.1244628427084535 1.8300055221188838 10.43436574959196 3.0053829085081833 5.7272912750486276 31.676449868129566 6.3464941387064737 11.558706820709629 46.488226664951071 7.555941823287867 19.37213173462078 12.473152147373183 6.8497179532423607 8.6986826343927515 72.570857514860108 27.500437328824773
leaf_count=939 3716 726 105 1053 122 806 516 145 958 809 210 121 978 844 220 156 764 194 567 1371 754 934 3949 1015 1048 447 158 774 5322 1341
internal_value=0.000799671 0.00148652 0.000760048 -1.271e-05 0.00542392 0.00690784 0.00951969 0 -0.00280974 -0.00448452 0.000351404 0.00450641 -0.00618517 0.000462178 0.00380588 0.00762193 -0.00194011 0.00388948 -0.000211671 -0.00165059 0.0023972 0.00414957 0.00571325 -0.00397873 0.0129344 0.00266506 0.0120208 0.00778529 -0.00339647 -0.00586021
internal_weight=497.09 426.403 386.116 331.768 54.3474 40.288 29.0174 25.33 70.6868 59.976 22.8796 15.8154 51.8382 319.481 55.1304 34.5662 20.5642 10.1298 264.35 177.975 86.3753 72.4729 66.7456 13.9024 21.2021 46.2273 24.0454 55.1869 131.748 59.1769
internal_count=31062 24601 22859 21692 1167 1742 796 371 6461 5503 936 226 4694 20639 3226 2048 1178 414 17413 9420 7993 6224 5657 1769 1204 1386 674 4723 8034 2712
is_linear=0
shrinkage=0.05


Tree=113
num_leaves=31
num_cat=0
split_feature=30 25 4 10 17 11 7 7 11 9 24 31 21 4 41 15 26 10 39 25 1 9 39 40 39 18 17 4 40 28
split_gain=0.490947 0.435782 0.300437 0.549721 0.300164 0.361141 0.460529 0.480103 0.44125 0.538683 0.439556 0.592832 0.474649 0.343589 0.342246 0.34188 0.327512 0.31514 0.314551 0.446683 0.340663 0.516513 0.481075 0.686385 0.400526 0.434799 0.322552 0.319711 0.307753 0.303122
threshold=0.47500002384185797 -0.12999999523162839 0.4499999880790711 0.44333332777023321 0.35000002384185797 0.23000001907348636 0.41000002622604376 0.11000001430511476 -0.3899999856948852 0.083333313465118422 -0.04333332180976867 -0.15666666626930234 -0.12333333492279051 -0.32999998331069941 0.0389526765793562 -0.43000000715255732 0.36333334445953375 0.35666668415069586 0.015892331488430503 0.12166666984558107 0.043333351612091071 -0.35000000894069666 0.035185091197490699 0.93000000715255748 0.019822004251182083 -0.023333340883255001 0.13666665554046634 0.30333334207534796 0.29666666686534887 0.096666663885116591
decision_type=2 2 2 2 2 2 2 2 2 2 2 2 2 2 2 2 2 2 2 2 2 2 2 2 2 2 2 2 2 2
left_child=4 -2 3 -3 5 6 7 18 9 15 29 12 -12 14 -7 -9 17 -11 28 20 21 -20 23 26 -22 27 -23 -26 -1 -10
right_child=1 2 -4 -5 -6 13 -8 8 10 16 11 -13 -14 -15 -16 -17 -18 -19 19 -21 24 22 -24 -25 25 -27 -28 -29 -30 -31
leaf_value=-0.0020998725788177303 -0.0029007297307452992 0.013778902751871741 0 0 -0.0038300577894731093 0 -0.008087406005888512 0.010047455591906354 0.0039867605745090738 -0.0047865207656527763 0 0 0.0138533530731632 0.00058195317768324254 0.01333753992004076 -0.0015334509541993354 -0.010887590349400372 0.0063546705320403594 0.0039881426593769611 -0.0072970076444360404 -0.0034249745294122726 -0.0096885527981282228 0.0034311697289844227 0.0029802001544573203 0.0078184310512233873 -0.0030167517899763515 0 -0.001991504960679917 0.0051506745564167131 -0.0042014575425353183
leaf_weight=15.589779513888059 4.8212581316474816 16.898560709320016 4.4329089464154086 6.2495605561416587 45.694656747276895 5.0924870548769823 12.405813436023889 6.5307863261550665 16.858827686170116 9.3537127641029674 7.1258542055729803 20.492030362132937 23.053464604541659 45.799407468293793 8.3926569968461973 4.2048518247902376 9.4225169857963902 4.7990037135314187 13.618546487996353 31.123470335151069 18.332669454161078 49.355465299915522 7.9488823218271127 9.7514362197834981 36.557833570172079 8.8632711488753539 6.2416296466253689 3.082210920052602 27.316461856011301 16.347318582935259
leaf_count=1064 105 293 264 119 4527 456 787 134 1430 376 284 1389 667 3955 516 235 219 121 1013 2247 1074 3021 431 471 1778 781 511 160 1706 1033
internal_value=0.000185012 0.00564489 0.00813455 0.0100996 -0.000210812 0.000174781 -0.000379691 0 0.00254136 -0.00155112 0.00448538 0.00716223 0.0110144 0.00363636 0.00935344 0.00509415 -0.00584208 0 -0.00130508 -0.00225995 -0.00084806 -0.00292684 -0.00473145 -0.00627977 0.00153043 0.00403296 -0.00844187 0.00634636 0.00207062 0
internal_weight=495.757 32.4023 27.581 23.1481 463.355 417.66 358.376 345.97 118.188 34.3109 83.8775 50.6713 30.1793 59.2846 13.4851 10.7356 23.5752 14.1527 227.782 184.875 153.752 86.916 73.2974 65.3485 66.836 48.5033 55.5971 39.64 42.9062 33.2061
internal_count=31167 781 676 412 30386 25859 20932 20145 5888 1085 4803 2340 951 4927 972 369 716 497 14257 11487 9240 5447 4434 4003 3793 2719 3532 1938 2770 2463
is_linear=0
shrinkage=0.05


Tree=114
num_leaves=31
num_cat=0
split_feature=10 24 4 27 8 41 5 7 24 25 28 24 38 26 36 24 15 39 30 38 38 31 15 11 39 3 25 33 31 27
split_gain=0.404421 0.469647 0.409492 0.717007 0.617951 0.575968 0.431441 0.396893 0.606276 0.704491 0.469049 0.710924 0.495885 0.441903 0.441436 0.43646 0.657695 0.411829 0.500083 0.382456 0.370133 0.548845 0.365288 0.345063 0.341448 0.339617 0.530596 0.300225 0.295723 0.294835
threshold=0.48333334922790533 -0.36333334445953364 -0.28333333134651179 -0.17000000178813932 0.18999999761581424 0.05063311010599137 -0.37666666507720942 -0.15666666626930234 -0.12999999523162839 -0.24333333969116208 0.36333334445953375 0.1566666662693024 -0.013042449951171873 0.1566666662693024 0.21666666865348819 0.056666672229766853 -0.22999998927116391 0.023888173513114456 0.1566666662693024 0.025320529937744144 -0.18446445465087888 -0.17000000178813932 -0.28333333134651179 1.0000000180025095e-35 0.028816987760365013 0.31666666269302374 -0.04333332180976867 0.42333334684371954 -0.083333343267440782 0.13666665554046634
decision_type=2 2 2 2 2 2 2 2 2 2 2 2 2 2 2 2 2 2 2 2 2 2 2 2 2 2 2 2 2 2
left_child=1 29 3 4 6 -5 -3 8 -4 -10 15 13 20 -12 -14 19 28 18 -11 -9 -13 27 -21 -7 -2 26 -15 -22 -17 -1
right_child=24 2 7 5 -6 23 -8 10 9 17 11 12 14 25 -16 16 -18 -19 -20 22 21 -23 -24 -25 -26 -27 -28 -29 -30 -31
leaf_value=-0.0076478990034919815 0.01151681391258101 0 0.0023837023086958238 -0.0045863459409622546 -1.6764376339539993e-05 -0.00081390222282885338 0.01497447396503546 0.0020301754145645961 -0.011016702590717206 -0.00089389921093000065 0.007936521163194701 0.00034544977501843843 -0.0053030355716744328 0.0021737933924517771 0.0057487362270885311 0.0099255021762700898 0 -0.0064688713441483775 0.010995519073201844 -0.0092284639927294222 -0.017221263302388046 0 0 0.010436309336797874 -0.0012582103412972219 0.0035906365594481956 -0.012385654996268428 0 0 0
leaf_weight=24.879275740357116 8.1244633647147548 5.3496693971101186 26.798662905814126 28.183484515058808 9.8158508206251991 4.6290640810038886 18.663733121939007 54.625981444725767 26.497457414283417 18.486682700226087 15.357916892040519 2.6948275256436345 13.842029011109846 4.7253717370331287 10.509013631148262 38.593841621186584 45.715369281009771 12.632983150193466 6.2566252774558953 13.041098210727798 14.822656211443254 5.1008133196737573 18.051343140890822 8.5122785787098092 1.7349825289566059 8.4358608140610141 6.9477193513885158 3.1483044023625544 13.486771836644037 23.362798440153711
leaf_count=1905 536 293 1876 2395 394 379 730 3328 1883 1532 615 132 693 119 412 1214 4399 869 183 462 460 438 1761 557 92 233 183 121 670 2122
internal_value=0.000205132 -1.16526e-06 0.000488147 0.00371264 0.00854321 -0.000295272 0.0121791 -0.000166934 -0.00297383 -0.00559108 0.000732202 -0.00208848 -0.00580144 0.0026356 0 0.00220406 0.00440017 -0.00017648 0.00285849 -0.000152848 -0.00992382 -0.011807 -0.00437017 0.00615441 0.0080669 -0.00134886 -0.00634022 -0.0150436 0.00793161 -0.00443947
internal_weight=493.027 483.167 434.925 75.1541 33.8293 41.3248 24.0134 359.771 90.6724 63.8737 269.099 85.5845 50.1176 35.4669 24.351 183.514 97.796 37.3763 24.7433 85.7184 25.7666 23.0718 31.0924 13.1413 9.85945 20.109 11.6731 17.971 52.0806 48.2421
internal_count=30986 30358 26331 4748 1417 3331 1023 21583 6343 4467 15240 3406 2256 1150 1105 11834 6283 2584 1715 5551 1151 1019 2223 936 628 535 302 581 1884 4027
is_linear=0
shrinkage=0.05


Tree=115
num_leaves=31
num_cat=0
split_feature=9 24 39 24 24 32 25 32 31 41 17 38 27 27 38 30 28 39 21 25 23 12 17 9 32 21 9 38 41 25
split_gain=0.525979 0.505891 0.448559 0.378952 0.452465 0.451625 0.367754 0.415363 0.402168 0.682336 0.522596 0.725026 0.579106 0.49969 0.6313 0.709923 0.737031 0.506483 0.467249 0.40018 0.449167 0.378537 0.450631 0.359811 0.342474 0.341923 0.338816 0.308264 0.291134 0.288279
threshold=0.43000000715255743 0.44333332777023321 0.029205097816884521 -0.33666665852069849 -0.17000000178813932 0.25666666030883795 -0.29000000655651087 -0.29000000655651087 0.35000002384185797 0.044630834832787521 -0.45666666328907007 0.18432664871215823 -0.3899999856948852 -0.11666667461395262 -0.0028347969055175777 0.40333333611488348 -0.14333333075046537 0.017438697628676895 0.26999998092651373 -0.24333333969116208 0.35000002384185797 -0.29000000655651087 0.17000001668930056 0.069999992847442641 -0.056666672229766839 0.12333333492279054 0.26999998092651373 0.032184123992919929 0.027909389697015289 -0.43000000715255732
decision_type=2 2 2 2 2 2 2 2 2 2 2 2 2 2 2 2 2 2 2 2 2 2 2 2 2 2 2 2 2 2
left_child=3 2 -2 29 5 24 7 -6 10 28 12 13 -8 14 18 16 -16 -15 21 -18 -21 23 -23 -12 -5 -9 -14 -11 -10 -1
right_child=1 -3 -4 4 6 -7 8 25 9 27 11 -13 26 17 15 -17 19 -19 -20 20 -22 22 -24 -25 -26 -27 -28 -29 -30 -31
leaf_value=0.0022731727352452379 0.0097558765965565526 -0.0049458723464621979 -0.00059034314431437741 0.00082177965025040888 0.0013619416409362164 -0.0035961887862538361 -0.0010630818126323349 -0.010303134293227285 0.0043122673059078761 0.012280653548559057 -0.0063706498567668917 0.0079782057215513694 0.01415315851913692 0 0.0039848501840057931 0.0044040093596516066 0.0007225014143447489 -0.0082248869672397491 -0.003022097448999575 -0.013239039879999474 0 0.011193146819522291 -0.00032974420421728521 0.0045792671613008682 0.0089781487010885033 -0.00044056041582538091 0 0 -0.0061686440033527582 -0.0057854461992575372
leaf_weight=5.4892897394020101 28.001898066839203 3.9024882735684505 8.017571216914801 37.140141736948863 14.600364268990232 11.38118343031965 16.168270178139213 22.93463284149766 2.9553200926166019 15.293496982194485 7.5987603892572251 10.230434209108351 8.9525573006831092 19.542756001232192 6.3546723746694616 11.057780606904997 3.3043130778241894 53.579576941207051 16.506821128772572 30.180380361853167 7.1150449193082741 22.02731329808012 5.9579026151914141 10.577192947501315 25.78924691141583 21.660867897793651 6.1800570772029451 2.8730845160316667 10.981155019369906 48.823923338437453
leaf_count=398 1672 346 270 2647 1071 666 280 1501 229 566 282 525 206 2092 490 253 142 5147 701 1411 272 1022 448 276 1517 1334 105 320 892 4113
internal_value=-0.00015097 0.004888 0.0071025 -0.000704879 -8.37122e-05 0.00321694 -0.000954267 -0.00432922 -3.72049e-05 0.00463827 -0.00087806 -0.00191114 0.00440998 -0.0027822 -0.000499055 -0.00420626 -0.00697533 -0.00591073 0.00263633 -0.00951949 -0.0109787 0.00525389 0.00837925 0 0.0050176 -0.00662714 0.0100822 0.0100496 -0.0020632 -0.00441137
internal_weight=495.178 39.922 36.0195 455.257 400.943 74.3106 326.633 59.1959 267.437 32.1031 235.334 204.033 31.3009 193.803 120.68 58.0122 46.9544 73.1223 62.668 40.5997 37.2954 46.1612 27.9852 18.176 62.9294 44.5955 15.1326 18.1666 13.9365 54.3132
internal_count=31194 2288 1942 28906 24395 4830 19565 3906 15659 2007 13652 13061 591 12536 5297 2568 2315 7239 2729 1825 1683 2028 1470 558 4164 2835 311 886 1121 4511
is_linear=0
shrinkage=0.05


Tree=116
num_leaves=31
num_cat=0
split_feature=5 37 9 33 29 7 1 37 32 37 17 4 3 41 32 26 23 37 6 8 37 15 6 0 7 10 6 26 4 16
split_gain=0.402836 0.523309 0.611768 0.589903 0.541003 0.668709 0.472373 0.451671 0.466938 0.437211 0.415353 0.413163 0.390527 0.442259 0.519062 0.460732 0.360575 0.307713 0.59766 0.53795 0.608639 0.477342 0.447844 0.423021 0.369496 0.451515 0.479096 0.69243 0.748959 0.592001
threshold=-0.036666661500930779 -0.065113067626953111 0.44333332777023321 -0.10999999940395354 -0.19666665792465207 -0.46999999880790705 0.083333313465118422 -0.065113067626953111 0.21666666865348819 0.009663581848144533 0.30333334207534796 -0.31666666269302363 0.31666666269302374 0.061374438926577575 -0.37666666507720942 -0.37666666507720942 -0.45666666328907007 -0.015917301177978512 0.31666666269302374 -0.04333332180976867 0.011377334594726564 -0.3899999856948852 0.25666666030883795 -0.36333334445953364 0.45666664838790899 -0.063333332538604722 0.11000001430511476 0.47666668891906744 0.38999998569488531 -0.31000000238418574
decision_type=2 2 2 2 2 2 2 2 2 2 2 2 2 2 2 2 2 2 2 2 2 2 2 2 2 2 2 2 2 2
left_child=1 4 3 10 5 -1 12 8 -2 -8 -3 -11 13 14 -5 -16 -17 18 -9 20 -19 -20 -22 -21 25 -25 -27 28 29 -28
right_child=7 2 -4 6 -6 -7 9 17 -10 11 -12 -13 -14 -15 15 16 -18 19 21 23 22 -23 -24 24 -26 26 27 -29 -30 -31
leaf_value=-0.0042708253394018007 0.00088132259339997014 0.0011900192140315818 0.0071736141660008025 0 -0.0016724052559964145 0.012912135245443671 0.0044722212514770581 0.0009380655306637036 -0.0087523239767041822 0.0035432568147326345 -0.007371698572523561 -0.009351837537140811 0.0024476953157807745 0 0 0 -0.0156495194513873 -0.0020532719777005817 0.015283812950699617 0.0049653714408382631 0.010045507426026071 0 -0.0012833316828818019 0.0026258767243857828 0.0049559090905605578 0.00019081017220786179 -0.016824041349241408 0.0020339028031501785 0 -0.0012249036239234297
leaf_weight=1.9643535048235197 19.202427007490769 72.458101593190804 7.7102439778391263 6.3943679495714596 15.488219380611552 13.942166262539105 14.717193596530707 55.416665682103485 15.110432232497258 2.1641570026986292 11.075261679710819 12.398591373697853 1.6744621223770071 9.0421067806892079 4.033531282329931 1.9948371469508774 35.503136148327037 14.95093368203379 13.206659430405127 16.498998201568611 32.100724782561883 11.111152272205798 4.9561755508184424 15.80195079767145 7.354834542144089 22.223681013099849 23.62904468760825 9.8135961838997883 10.707842708565293 13.584626990254042
leaf_count=86 1031 5645 486 541 821 748 915 2967 860 102 965 702 108 505 287 151 2247 1149 286 1046 2087 1011 430 1252 575 1205 630 200 743 1384
internal_value=6.78233e-05 -0.00151374 -0.00264823 -0.0034584 0.00367818 0.00906039 -0.00618816 0.00132643 -0.00341216 -1.36355e-05 -8.38462e-05 -0.005745 -0.00859691 -0.00952087 -0.0112405 -0.0130632 -0.0145929 0.00213491 0.00464915 0.000708474 0.00475216 0.0104223 0.00798201 -0.00099369 -0.00239689 -0.0034662 -0.00506024 -0.00730143 -0.0096904 -0.0126689
internal_weight=496.23 210.561 179.166 171.456 31.3947 15.9065 87.9224 285.67 34.3129 29.2799 83.5334 14.5627 58.6424 56.968 47.9259 41.5315 37.498 251.357 79.7345 171.622 52.0078 24.3178 37.0569 119.615 103.116 95.7607 79.9588 57.7351 47.9215 37.2137
internal_count=31165 14309 12654 12168 1655 834 5558 16856 1891 1719 6610 804 3839 3731 3226 2685 2398 14965 4264 10701 3666 1297 2517 7035 5989 5414 4162 2957 2757 2014
is_linear=0
shrinkage=0.05


Tree=117
num_leaves=31
num_cat=0
split_feature=12 35 4 4 39 39 28 37 39 7 26 38 12 12 37 10 0 20 3 39 11 2 39 7 24 26 39 25 14 28
split_gain=0.38013 0.43483 0.484888 0.458116 0.548571 0.531292 0.438722 0.509984 0.467288 0.399408 0.398278 0.386154 0.345446 0.399676 1.02431 0.609127 0.367507 0.339192 0.338128 0.336911 0.323873 0.298337 0.295892 0.319495 0.343998 0.28811 0.271185 0.549335 0.353715 0.267792
threshold=0.43000000715255743 0.20999997854232791 0.30333334207534796 0.44333332777023321 0.013578832149505617 0.024600272066891197 0.34166663885116583 -0.065113067626953111 0.015892331488430503 0.25000000000000006 -0.32999998331069941 -0.060033798217773431 0.30333334207534796 -0.40333333611488337 0.009663581848144533 0.083333313465118422 0.2833333313465119 0.40333333611488348 0.48333334922790533 0.023099512793123726 0.030000001192092899 0.36333334445953375 0.025486567988991741 0.34333333373069769 -0.26333332061767573 0.31000000238418585 0.016088104806840423 -0.083333343267440782 -0.4433333277702331 0.14833331108093264
decision_type=2 2 2 2 2 2 2 2 2 2 2 2 2 2 2 2 2 2 2 2 2 2 2 2 2 2 2 2 2 2
left_child=1 2 12 4 -3 6 11 -8 -9 10 -4 -6 13 14 15 -1 -15 -12 -5 -14 21 -18 -7 24 -24 -25 -16 -28 -29 -13
right_child=-2 3 9 18 5 22 7 8 -10 -11 17 29 19 16 26 -17 20 -19 -20 -21 -22 -23 23 25 -26 -27 27 28 -30 -31
leaf_value=0 -0.0057722062524622223 -0.0047071744934872369 0.00067676244141525886 -0.0087307513229873072 -0.0040035757541976493 -0.0059800497489403276 -0.00036382468811397569 0 0.015293973889483151 0.00076282765893314307 -0.013235841960946536 0.008248577528704967 0 -0.00026725019303652098 0.0030756532529446988 0.014611005074330333 -0.011553252715446969 0 0.0032819665437956707 0.0097786167806455659 0 0 -0.0024486029977575331 -0.0067941378100996727 0.0083419064172795699 0.0034310508494632061 0.00060678115227293886 -0.015364473100310831 0 0
leaf_weight=10.249088391195984 19.168472545337863 9.5130713365506363 4.3185324759688255 8.6517799966968578 8.8652920401655084 7.8973053812514982 3.9305192255415013 4.7660087395925101 26.462064950494096 10.574900981853714 17.31220311368816 18.05952090094798 11.275498928502204 187.09094352391548 7.3060716413892832 15.234893029322846 15.289122823625808 4.9655982067342839 1.9243223776575167 11.82682044082321 12.495516110910101 2.1352872760035089 2.9341523672919712 8.7359413264784944 19.377753077424135 4.3634787315968415 13.705263968324294 6.6522505152970552 3.7985507247503794 13.163766252808271
leaf_count=400 2274 598 348 584 581 405 139 147 821 635 1218 1693 933 13294 200 399 939 272 144 616 1099 132 239 455 825 153 389 120 171 795
internal_value=0.000143414 0.000504732 -0.000415089 0.00282021 0.00380285 0.00488027 0.00727054 0.0111873 0.013137 -0.00539423 -0.00829907 0.00228384 0.000219922 -0.000238496 0.00317364 0.00977845 -0.00130728 -0.0106975 -0.00464003 0.00544349 -0.00598369 -0.00945885 0 0.00242113 0.00582167 -0.00207129 -0.00221813 -0.00494165 -0.0113051 0.00509823
internal_weight=492.044 472.876 334.231 138.645 128.069 118.556 75.2472 35.1586 31.2281 37.1712 26.5963 40.0886 297.059 273.957 56.9461 25.484 217.011 22.2778 10.5761 23.1023 29.9199 17.4244 43.3086 35.4113 22.3119 13.0994 31.4621 24.1561 10.4508 31.2233
internal_count=31018 28744 21165 7579 6851 6253 4176 1107 968 2473 1838 3069 18692 17143 1679 799 15464 1490 728 1549 2170 1071 2077 1672 1064 608 880 680 291 2488
is_linear=0
shrinkage=0.05


Tree=118
num_leaves=31
num_cat=0
split_feature=26 32 35 26 17 25 20 31 40 29 30 39 39 39 31 7 24 5 12 22 26 40 28 39 26 31 39 14 40 7
split_gain=0.526799 0.623398 0.837332 0.413887 0.379842 0.453113 0.320873 0.381641 1.06413 0.581144 0.737115 0.6005 0.807259 0.660612 0.786777 0.737166 0.553142 1.08584 0.548708 0.51761 0.446018 0.439314 0.630286 0.485456 0.412504 0.381774 0.376989 0.372799 0.368384 0.349461
threshold=0.44333332777023321 -0.19666665792465207 0.069999992847442641 -0.46999999880790705 -0.41666667163372034 0.23000001907348636 0.46999999880790716 -0.26999998092651362 0.076666664332151427 0.12333333492279054 0.42166668176651007 0.018832436762750152 0.012643355876207353 0.020484371110796932 0.45666664838790899 -0.12333333492279051 0.32333332300186163 0.2833333313465119 0.01666665077209473 0.14999997615814212 0.23666667938232425 0.11333333328366281 1.0000000180025095e-35 0.017265589907765392 -0.030000001192092892 -0.36333334445953364 0.031842453405261047 -0.29000000655651087 0.083333332091569914 0.31166666746139532
decision_type=2 2 2 2 2 2 2 2 2 2 2 2 2 2 2 2 2 2 2 2 2 2 2 2 2 2 2 2 2 2
left_child=3 -2 -3 -1 -4 -6 7 8 -5 11 26 12 -9 18 15 19 17 20 -13 -15 25 23 -23 -14 -16 -10 -11 -19 -25 -18
right_child=1 2 4 6 5 -7 -8 9 16 10 -12 13 21 14 24 -17 29 27 -20 -21 -22 22 -24 28 -26 -27 -28 -29 -30 -31
leaf_value=-0.0085434426447981524 0.011635907264111674 -0.0069170560446860443 -0.00081311507029807476 0.010808278011168132 0.011640223654324421 0 -0.0061704001106502315 -0.0064976061633192153 -0.0020662734563470153 -0.0076167256625083697 0.005026028717658778 0 -0.0077890554103381138 -0.0085985368748534106 0.012802221868445022 0.0024592923391125905 0 0.013053589768269647 -0.015427318149831202 0.0010154886214696986 -0.0068730833468241053 0.012983943822194264 0 0.011936227327296337 0 0.0057499780559955955 0.00064444077523606147 0 -0.0019534349101280302 -0.011805189226013283
leaf_weight=11.010748338885604 13.060986981960012 16.739370559575036 11.924132319167255 21.736513958312571 16.817420053761456 9.8460234035737795 17.067663253517821 6.8107884556520721 28.670876466901973 65.970377579098567 10.231043222011065 7.862322860863058 6.0493603148497623 36.920243657194078 10.195625510765241 41.637904144823551 12.589986874954777 16.189296845346693 7.8419467421481386 12.725520723615771 19.168139099143445 26.046316133229993 10.54195023071952 3.6398516739718616 8.0820813868194801 19.908270693849772 9.3621067525818926 4.7593180353287599 1.9007335712667552 8.3373114052228612
leaf_count=836 355 465 238 878 465 343 924 718 1397 5159 668 612 611 3308 224 3374 595 319 748 1200 557 2456 1034 324 281 1174 666 451 193 532
internal_value=-9.34425e-05 0.00373551 0.000506872 -0.000810573 0.00478551 0.00774409 -0.000426499 -2.95099e-05 0.00205455 -0.00117399 -0.00444174 0.000336046 0.00452931 -0.00143715 0 -0.00187987 0 0.00165197 -0.00941189 -0.00584116 -0.001297 0.00709653 0.00947915 0 0.00817666 0.000958836 -0.00631087 0.010282 0.00646673 -0.00646204
internal_weight=493.644 68.3879 55.3269 425.256 38.5876 26.6634 414.246 397.178 131.36 265.818 85.5635 180.255 54.989 125.266 109.561 91.2837 109.623 88.6959 15.7043 49.6458 67.7473 48.1782 36.5883 11.5899 18.2777 48.5791 75.3325 20.9486 5.54059 20.9273
internal_count=31105 1866 1511 29239 1046 808 28403 27479 5903 21576 6493 15083 5336 9747 8387 7882 5025 3898 1360 4508 3128 4618 3490 1128 505 2571 5825 770 517 1127
is_linear=0
shrinkage=0.05


Tree=119
num_leaves=31
num_cat=0
split_feature=5 24 19 11 27 4 27 36 10 41 41 23 12 26 19 23 40 28 39 41 8 1 40 41 3 5 3 35 36 29
split_gain=0.359847 0.701327 0.606133 0.595783 0.471966 0.413858 0.872498 0.874421 0.760326 0.659886 0.523001 0.452033 0.587974 0.491484 0.410901 0.406372 0.534283 0.463451 0.708362 0.428643 0.528515 0.417583 0.379292 0.424908 0.336156 0.33098 0.316657 0.350084 0.427443 0.31195
threshold=0.30333334207534796 0.33666664361953741 -0.40333333611488337 0.11000001430511476 -0.29666668176650995 -0.32999998331069941 -0.22999998927116391 0.32999998331069952 0.056666672229766853 0.058628762140870101 0.04609807766973973 0.043333351612091071 -0.24999999999999997 -0.21666666865348813 -0.29666668176650995 0.44333332777023321 0.14999999850988391 0.32999998331069952 0.01447949279099703 0.0389526765793562 0.096666663885116591 0.096666663885116591 0.50999999046325695 0.034185333177447326 0.30333334207534796 0.22333335876464847 -0.36333334445953364 0.26333332061767584 -0.26999998092651362 0.40833336114883428
decision_type=2 2 2 2 2 2 2 2 2 2 2 2 2 2 2 2 2 2 2 2 2 2 2 2 2 2 2 2 2 2
left_child=5 2 -2 -3 -5 6 7 -1 9 10 -7 12 -12 -13 -11 16 19 18 -18 21 -21 -10 23 -20 -15 -19 27 28 -8 -24
right_child=1 3 -4 4 -6 8 26 -9 15 14 11 13 -14 24 -16 -17 17 25 22 20 -22 -23 29 -25 -26 -27 -28 -29 -30 -31
leaf_value=0.013943725684086845 0.011377548402116425 -0.0086532397092005976 0.00083279653769244223 0.01006182084933911 -0.0016792102504471535 0 0 -0.0020585541785354045 -0.0017979931120061356 0 -0.0075726845918290906 0 0.005725551624411223 0.015783818156984548 -0.0098529736832421617 0.0029973967537599532 0.0054045260900780724 -0.017554607678244204 -0.0084341389234111573 0.0018948747963871701 -0.010886158473357759 0.0085067979312477716 -0.010304868196616211 0.0025116211850172449 0 -0.0012229305588398335 0.002166747016751173 0.0024256932060907756 -0.011645102121436221 9.0460311445608301e-05
leaf_weight=17.747430023038763 21.949805260635912 15.372599504655225 40.225371963926591 6.1803597416728762 17.069464339409024 98.435605766600929 7.032683067256591 7.4252174897119394 10.109844199847432 12.856576907215642 7.6421120632439878 6.0628175279125598 14.975563675048759 14.517330002272503 15.740108574042095 9.7081687436439079 9.4389966905582678 12.313155113020914 6.5911227411124882 7.9482910800725248 10.127960479119791 13.669462488032876 34.959489096305333 21.191564525477588 2.5912091650534412 9.2366611773613823 19.748056354699656 4.4429427692666641 13.647315427195279 3.0291443790774784
leaf_count=688 377 692 2893 283 2003 7513 514 316 641 476 432 495 1195 788 1382 363 630 386 392 408 582 544 2270 1167 176 301 1648 417 1056 81
internal_value=-0.000126642 0.00239118 0.00559583 -0.00226622 0.00201089 -0.000864672 0.0023444 0.00893383 -0.00167117 0.000463158 0.00200644 0.00607654 0 0.0102124 -0.00559574 -0.00424133 -0.0050245 -0.00696611 -0.00401089 0 -0.00515617 0.00380663 -0.00604929 -0.000381863 0.0135951 -0.0132529 -0.00147853 -0.0050125 -0.0077337 -0.00900836
internal_weight=491.986 100.798 62.1752 38.6224 23.2498 391.189 70.0436 25.1726 321.145 172.821 144.225 45.789 22.6177 23.1714 28.5967 148.324 138.616 96.7601 75.2103 41.8556 18.0763 23.7793 65.7713 27.7827 17.1085 21.5498 44.871 25.1229 20.68 37.9886
internal_count=31109 6248 3270 2978 2286 24861 4639 1004 20222 12457 10599 3086 1627 1459 1858 7765 7402 5227 4540 2175 990 1185 3910 1559 964 687 3635 1987 1570 2351
is_linear=0
shrinkage=0.05


Tree=120
num_leaves=31
num_cat=0
split_feature=26 2 38 22 10 23 20 15 39 3 16 37 37 33 19 27 11 21 36 4 1 9 14 27 16 38 26 39 32 41
split_gain=0.435387 0.462144 0.517403 0.529581 0.509825 0.394212 0.315184 0.312075 0.769762 0.641316 0.549456 0.879575 1.03776 0.730387 0.682832 0.581531 0.494753 0.477713 0.422296 0.407812 0.349387 0.305461 0.303754 0.844455 0.417264 0.384985 0.794612 0.725632 0.303675 0.308224
threshold=0.42333334684371954 -0.17166666686534879 0.023255825042724613 0.24833333492279056 0.37666666507720953 0.37666666507720953 -0.16333332657814023 -0.24999999999999997 0.0129718822427094 -0.26999998092651362 -0.36333334445953364 0.0075397491455078134 0.04142808914184571 0.21666666865348819 -0.37666666507720942 -0.37666666507720942 -0.13666665554046628 0.14999997615814212 -0.12333333492279051 0.11000001430511476 -0.31000000238418574 -0.076666668057441698 0.31666666269302374 0.23000001907348636 0.46333330869674688 -0.054368019104003899 -0.13666665554046628 0.0300090815871954 -0.063333332538604722 0.054182067513465888
decision_type=2 2 2 2 2 2 2 2 2 2 2 2 2 2 2 2 2 2 2 2 2 2 2 2 2 2 2 2 2 2
left_child=7 -2 3 5 6 -3 -4 8 18 20 11 13 -13 19 15 -15 -9 -14 -1 -11 -10 -21 25 24 -24 26 -18 -27 29 -12
right_child=1 2 4 -5 -6 -7 -8 16 9 10 28 12 17 14 -16 -17 22 -19 -20 21 -22 -23 23 -25 -26 27 -28 -29 -30 -31
leaf_value=0 0.0088376301992990659 -0.0093503222465951691 0 0.0038843673578115956 -0.0026085474355287252 0.0020860167726136614 0.011838267302450148 -0.0052374292459561851 0 0.00089073156381932062 -0.0066090207973260491 -0.016364987587541523 -0.0072638313608945088 0 -0.0043013242239439324 0.014281750465052506 -0.0024390209709125466 0.0048443727406346495 0.014444227425475551 0 0.010228804343289474 -0.011955239571912319 -0.011635007124631488 0.0029668065431352167 0 -0.0025756774696028468 0.0098312566266937369 0.0095052613773187276 0.0046612319575144419 0.0040371786717650973
leaf_weight=3.0699826837517312 22.824480247450992 20.753030837979171 3.6184094757773044 10.768684518989174 6.3086225200677282 3.4852312819566569 15.171859050868077 59.288164874073118 9.4732682660687733 10.517239442095162 10.558150308206676 16.687904243823141 8.5445782123133558 7.0969784623011991 5.6088752429932347 13.85682998644188 15.056814391631631 12.189232773613183 9.5271575292572361 3.6317966058850297 15.41376110119745 11.456519238650795 19.732635631924499 21.534840698121116 7.0671048380900165 74.965250918758102 24.906215504044667 8.4027291885577124 38.942137368256226 3.4586343495175234
leaf_count=137 700 625 112 321 203 87 414 5494 297 333 590 426 241 122 217 245 1311 265 294 103 475 352 2110 1654 598 8316 1896 733 2267 183
internal_value=0.000344406 0.0035402 0.000530834 -0.00280995 0.00563746 -0.0067915 0.00937571 -0.00028216 0.00118077 0 -0.00126116 -0.00366757 -0.00895453 0.000227587 0.0058228 0.00981455 -0.00152908 0 0.0108363 -0.00478928 0.00665272 -0.00906095 0 -0.00324339 -0.00862564 0.00120505 0.00494939 -0.000521872 0.00234466 -0.00231041
internal_weight=493.917 82.9303 60.1058 35.0069 25.0989 24.2383 18.7903 410.987 180.033 167.436 142.549 89.59 37.4217 52.1682 26.5627 20.9538 230.954 20.7338 12.5971 25.6056 24.887 15.0883 171.666 48.3346 26.7997 123.331 39.963 83.368 52.9589 14.0168
internal_count=31121 2462 1762 1033 729 712 526 28659 6547 6116 5344 2304 932 1372 584 367 22112 506 431 788 772 455 16618 4362 2708 12256 3207 9049 3040 773
is_linear=0
shrinkage=0.05


Tree=121
num_leaves=31
num_cat=0
split_feature=31 31 41 40 41 39 5 39 39 15 13 40 15 17 11 25 7 41 12 32 27 8 32 2 36 25 25 12 41 32
split_gain=0.277809 0.479541 0.473107 0.626517 0.585498 0.537191 0.493065 0.378156 0.773535 0.694329 0.630809 0.350138 0.340237 0.339095 0.414072 0.384002 0.587102 0.595371 0.741705 0.630174 0.533456 0.514284 0.515464 0.450382 0.395025 0.389013 0.36462 0.355545 0.534224 0.410031
threshold=0.35000002384185797 0.069999992847442641 0.044630834832787521 0.79666668176651012 0.033665612339973457 0.031048747710883621 0.2833333313465119 0.012643355876207353 0.014356491621583702 -0.37666666507720942 -0.22999998927116391 0.076666664332151427 -0.10999999940395354 0.36333334445953375 0.16333335638046267 0.36333334445953375 0.083333313465118422 0.041943825781345374 -0.049999997019767754 -0.04333332180976867 -0.18333333730697629 -0.096666663885116563 0.12333333492279054 -0.12999999523162839 -0.1766666769981384 -0.036666661500930779 -0.43000000715255732 -0.19666665792465207 0.061374438926577575 0.31000000238418585
decision_type=2 2 2 2 2 2 2 2 2 2 2 2 2 2 2 2 2 2 2 2 2 2 2 2 2 2 2 2 2 2
left_child=1 7 4 5 11 -4 -6 10 9 -9 -1 -2 -3 14 15 16 21 18 19 -18 -21 24 25 -24 -10 26 -23 28 29 -19
right_child=2 12 3 -5 6 -7 -8 8 13 -11 -12 -13 -14 -15 -16 -17 17 27 -20 20 -22 22 23 -25 -26 -27 -28 -29 -30 -31
leaf_value=0.011885817633552884 -0.0031957725910832396 -0.0078982363146087534 0.011287944761387472 -0.0026164658043304014 -0.0097765190117852976 -0.001337113262817516 0.0030081622953830266 -0.014684209897466789 -0.00096872643805316454 0 -0.0030151560761449798 0.0077595641058446803 -0.00077073201686469876 -0.0051989643146605671 0.0062521774224424788 -0.0057489764584947442 -0.0025415181738117163 -0.010797110818960979 -0.0047246627648748459 0.013724041992517134 0.00076179388843534122 0.002987866588419992 0 -0.015933766722475769 0.0062418136184906013 0.0034451184122175427 -0.007109963643290077 0.0051650485738313602 0.0041486470179015796 6.4876622954551368e-05
leaf_weight=11.252641858998688 3.412303195102143 28.033613827545196 29.226675700163469 9.5598342072917131 17.07672409655061 5.1878040740266433 4.1214761654846361 10.566932725254448 39.463686885195784 13.905674935085697 5.1019258552696547 14.256793527863918 54.566148865502328 16.063711810857058 29.041375111090019 16.947050583316013 5.2574738515540949 16.021182540804155 5.8889260275755069 33.277195487171412 16.270437796134502 4.6745275375433257 3.3154022318776688 8.3753058300353569 22.91420099127572 18.141879313276149 24.786322404630486 10.778400542098096 7.9930204516276708 7.0991923082619897
leaf_count=351 236 2052 1237 600 1139 200 382 285 2492 1163 515 1005 6626 1735 2376 1194 228 577 398 690 656 271 130 341 1058 850 1260 629 248 161
internal_value=0 -0.000559651 0.00252029 0.00584231 -0.00095969 0.00885023 -0.00625641 0.000248603 -0.000122384 -0.00776307 0.00655739 0.00431382 -0.00384297 0.000591127 0.00113124 0.000276757 0.000978634 0.00372077 0.00669063 0.00867355 0.0104596 -0.00120376 -0.00444334 -0.0119439 0.0016297 -0.00100413 -0.00456829 -0.000359184 -0.00347215 -0.00727722
internal_weight=492.578 409.736 82.8416 43.9743 38.8673 34.4145 21.1982 327.136 310.782 24.4726 16.3546 17.6691 82.5998 286.309 270.246 241.204 224.257 102.586 60.694 54.8051 49.5476 121.671 59.2934 11.6907 62.3779 47.6027 29.4608 41.8918 31.1134 23.1204
internal_count=31085 26286 4799 2037 2762 1437 1521 17608 16742 1448 866 1241 8678 15294 13559 11183 9989 3587 1972 1574 1346 6402 2852 471 3550 2381 1531 1615 986 738
is_linear=0
shrinkage=0.05


Tree=122
num_leaves=31
num_cat=0
split_feature=5 34 37 32 39 25 12 12 16 15 37 37 39 31 4 38 0 12 33 37 23 39 15 26 24 5 37 10 23 4
split_gain=0.435239 0.49076 0.439373 0.481221 0.37605 0.366274 0.364373 0.418697 0.332058 0.533395 0.974491 1.10485 1.28149 0.507608 0.462956 0.381312 0.341041 0.318035 0.315269 0.310773 0.308599 0.307237 0.404895 0.303225 0.297301 0.300944 0.278596 0.276574 0.272977 0.272928
threshold=-0.030000001192092892 -0.15000000596046445 -0.065113067626953111 0.21666666865348819 0.015892331488430503 -0.37666666507720942 -0.37666666507720942 -0.26999998092651362 -0.26333332061767573 -0.37666666507720942 0.051035404205322273 0.009663581848144533 0.015180344693362715 -0.056666672229766839 0.41000002622604376 -0.0050597190856933585 -0.28333333134651179 0.056666672229766853 0.056666672229766853 -0.15638160705566403 -0.17000000178813932 0.020347160287201408 0.22333335876464847 0.4499999880790711 0.096666663885116591 -0.30333334207534784 0.04142808914184571 0.29000002145767217 0.030000001192092899 -0.12333333492279051
decision_type=2 2 2 2 2 2 2 2 2 2 2 2 2 2 2 2 2 2 2 2 2 2 2 2 2 2 2 2 2 2
left_child=1 4 3 28 -1 17 -7 -8 9 10 11 12 15 23 16 -4 -14 -3 -18 -5 -6 22 -9 -11 25 -23 -13 -15 -2 -26
right_child=2 5 8 19 20 6 7 21 -10 13 -12 26 14 27 -16 -17 18 -19 -20 -21 -22 24 -24 -25 29 -27 -28 -29 -30 -31
leaf_value=0.0008074242089385706 0.0061761361308601556 0 -0.01507919231329919 0.00069707446666243558 0 0.0027421490230838267 -0.0082740232053373532 0 0 0.01106431394639028 0.010376046499621977 -0.012209213989442653 0 -0.0048106944059685547 -0.0022589990309264643 0 0 0.009555491042524426 0.012691177832813406 -0.011099934020786059 -0.010069890714017133 0.0074565680420787305 -0.0091751847551491232 0 -0.0075109746948449343 0 0 0.0059719659661329819 -0.0027237539594291531 0.0017967366854228159
leaf_weight=8.6248540913220477 9.6268894255626964 16.870051134959798 4.7955542635172606 1.769908444257452 6.4024863147642455 32.308058846974745 21.08536316268146 20.410059560788795 102.05319186998531 38.368499280884862 15.756477172020821 16.258908404968683 4.9575167596340135 9.6004369191359711 5.6758194088470182 4.4453330594114941 7.2598041635938051 10.219158608466385 23.498229513410479 13.089891304960473 27.559274757280946 19.077610435779203 14.454995797714217 4.7276583220809689 9.0369721867609751 20.115549689973708 6.2682743957266203 3.2640609443187705 9.8705726927146298 6.1949766199104479
leaf_count=561 452 1149 135 118 406 1083 1245 1923 10671 1418 345 391 110 400 149 108 196 676 499 751 1957 1421 1371 95 714 1587 139 110 577 452
internal_value=0.0001541 -0.00147415 0.00147549 -0.00317648 -0.00591675 -5.35868e-05 -0.00124469 -0.00270771 0.0022816 0.00377213 0.000893849 -0.00146421 0.00234076 0.00741253 0.00651668 -0.0099254 0.00863492 0.0045527 0.0103833 -0.0087 -0.00811484 -0.000692682 -0.0041675 0.00975656 0.00131236 0.00376894 -0.00958624 0 0.00110938 -0.00310999
internal_weight=493.646 212.359 281.287 34.3573 42.5866 169.773 142.684 110.376 246.93 144.877 88.9159 73.1594 50.6323 55.9607 41.3914 9.24089 35.7156 27.0892 30.758 14.8598 33.9618 89.2902 34.8651 43.0962 54.4251 39.1932 22.5272 12.8645 19.4975 15.2319
internal_count=31209 14545 16664 1898 2924 11621 9796 8713 14766 4095 2072 1727 1197 2023 954 243 805 1825 695 869 2363 7468 3294 1513 4174 3008 530 510 1029 1166
is_linear=0
shrinkage=0.05


Tree=123
num_leaves=31
num_cat=0
split_feature=31 24 32 4 16 26 41 41 39 39 39 40 39 40 32 12 41 2 7 29 31 2 40 17 41 15 6 0 20 35
split_gain=0.472295 0.486421 0.515515 0.64171 0.34536 0.423679 0.389605 1.23518 0.733094 0.69117 0.771412 0.566301 0.774369 0.600393 0.558599 0.714171 0.886241 0.689764 0.458595 0.646502 0.45753 0.455375 0.821698 0.417053 0.479485 0.400396 0.369891 0.362681 0.334235 0.319377
threshold=0.35666668415069586 -0.26999998092651362 -0.21666666865348813 0.30333334207534796 -0.25666666030883784 -0.43000000715255732 0.038634473457932479 0.039930792525410659 0.024153697304427627 0.018264957703650001 0.017265589907765392 0.67000001668930065 0.027981002815067772 0.88999998569488536 -0.15666666626930234 -0.17000000178813932 0.043214606121182449 0.38333332538604742 0.29666668176651007 0.29000002145767217 -0.030000001192092892 0.20833331346511844 0.76333332061767589 0.030000001192092899 0.027160478755831722 -0.31666666269302363 0.23666667938232425 0.25666666030883795 -0.20833334326744077 -0.31000000238418574
decision_type=2 2 2 2 2 2 2 2 2 2 2 2 2 2 2 2 2 2 2 2 2 2 2 2 2 2 2 2 2 2
left_child=4 29 -3 28 5 -1 8 -8 9 10 18 12 14 20 -9 16 -16 25 19 -7 -13 22 -10 24 -11 -18 -12 -6 -4 -2
right_child=1 2 3 -5 27 6 7 11 21 23 26 13 -14 -15 15 -17 17 -19 -20 -21 -22 -23 -24 -25 -26 -27 -28 -29 -30 -31
leaf_value=-0.0068575019356732136 0.0031399873447351227 0 0 0 -0.00073747867170255823 0 -0.013184883260474954 0.002823033964418146 -0.012026744680727584 0 -0.012621094810362729 0.012091448726417204 0.008142648996465952 -0.00057781993783136718 0.0032974600474929548 0.0019278307400929788 -0.017867907625954055 0 -0.002283791966172941 0.014343003002379853 -0.00088792113779737926 0.0035431347441983348 0.004086629180041536 0 0.01594720391643397 0 0 -0.0063751755619299404 0.015190346273787961 -0.0062934853956511331
leaf_weight=11.135943724075331 8.1292792870663124 20.289468188770115 7.7996014778036651 10.825774000957606 130.43032489158213 11.545930938096722 11.163011834956704 14.515610659960648 14.225470328703524 4.4021900864318075 5.8933512330986542 21.639557706657801 10.031496473820878 17.546750778798014 5.266804622951887 11.712355494033558 21.534070143010464 4.9652130939066401 7.3949704298283896 11.922344588208942 3.5032269470393649 12.099344259127973 6.182240307563915 5.2618068498559287 21.000905995257199 3.3373527436051615 4.3714057500474155 37.378165953909047 19.542227716534398 12.975299028796142
leaf_count=476 348 1134 420 944 14628 395 332 476 449 112 186 618 290 564 137 457 636 101 199 259 121 318 187 202 557 163 112 4483 929 725
internal_value=6.39169e-05 0.00348894 0.00579572 0.00884309 -0.000583756 0.000548201 0.00117922 -0.000538008 0.00338458 0.00614006 0.000866629 0.00108867 -0.00137613 0.00538429 -0.0038912 -0.00653055 -0.00983038 -0.0130094 0.0051931 0.00838277 0.00965759 -0.00206024 -0.00637928 0.0112317 0.0134347 -0.0158847 -0.00772173 -0.0023138 0.0123169 -0.00184674
internal_weight=488.021 79.5616 58.4571 38.1676 408.46 240.651 229.515 125.215 104.3 71.7929 41.128 114.052 71.3629 42.6895 61.3314 46.8158 35.1034 29.8366 30.8632 23.4683 25.1428 32.5071 20.4077 30.6649 25.4031 24.8714 10.2648 167.808 27.3418 21.1046
internal_count=30958 4500 3427 2293 26458 7347 6871 3895 2976 2022 1151 3563 2260 1303 1970 1494 1037 900 853 654 739 954 636 871 669 799 298 19111 1349 1073
is_linear=0
shrinkage=0.05


Tree=124
num_leaves=31
num_cat=0
split_feature=30 38 27 27 20 16 28 24 29 27 9 40 41 25 24 39 24 16 20 37 31 37 8 19 40 39 38 24 9 26
split_gain=0.340412 0.453635 0.382568 0.445052 0.350743 0.364544 0.344979 0.331165 0.793384 0.773264 0.540087 0.377157 0.459621 0.336732 0.393287 0.305422 0.484916 0.495721 0.633662 0.430046 0.559394 0.376624 0.491747 0.381555 0.321137 0.321418 0.36202 0.321017 0.29425 0.288289
threshold=0.47500002384185797 0.00094079971313476573 -0.33666665852069849 -0.083333343267440782 0.4499999880790711 -0.46999999880790705 0.46166664361953741 0.20999997854232791 0.35000002384185797 0.069999992847442641 1.0000000180025095e-35 0.93000000715255748 0.061374438926577575 -0.35000000894069666 -0.16333332657814023 0.035185091197490699 1.0000000180025095e-35 -0.4433333277702331 0.25000000000000006 0.051035404205322273 -0.31666666269302363 0.009663581848144533 -0.083333343267440782 -0.18999999761581418 0.16666666418313983 0.021056584082543853 -0.048716068267822259 0.01666665077209473 0.16333335638046267 -0.20333333313465116
decision_type=2 2 2 2 2 2 2 2 2 2 2 2 2 2 2 2 2 2 2 2 2 2 2 2 2 2 2 2 2 2
left_child=4 2 -2 -4 6 -6 7 13 10 -10 11 12 -9 14 -1 16 17 18 -15 20 -18 23 -23 -19 28 -26 -27 -17 -22 -8
right_child=1 -3 3 -5 5 -7 29 8 9 -11 -12 -13 -14 15 -16 27 19 21 -20 -21 24 22 -24 -25 25 26 -28 -29 -30 -31
leaf_value=0.0068087782528750088 -0.0065376338156266549 0.010011178384512657 0.011078663910803071 -0.002870157635638249 0.0022759871647540452 -0.0082039887310978218 0.00058467973445858017 0.0074284293441820044 0.011593281994652574 -0.0034141263852904683 -0.0044761933602086813 -0.0047123795628139786 -0.0032539299118576753 -0.015311072461546518 -0.000530944583551839 0.0066606758232037114 0.010142731192273921 0 0.0006447310277306503 -0.0050407968730572898 -0.007387970362285873 0.0055358378142395344 -0.0027817798832236299 -0.0064248257547714202 -0.00047127069813355447 -0.00026320899478383903 0.010929831567786258 -0.002590464516640109 0.0022563571837221686 -0.011292160424793203
leaf_weight=26.532225522678345 8.2047951584681886 13.924460936104877 5.2643961652647722 3.6349230294581503 4.4312185039743808 19.656598433852196 1.8727514208294449 35.253578819334507 28.841351283714175 5.3304823373910031 34.166916568763554 4.6057672831229857 5.8445394574664524 11.613415214233102 27.309453664347529 18.02551898080856 13.932131787296383 27.247852166183293 4.5794473127461961 14.457318841596132 14.631796843605118 25.807396151823923 31.417035716935061 52.598840439110063 19.997638821136206 5.0568459676578668 11.268210851121692 6.4418047827202818 4.1188195699360213 5.7308226237073532
leaf_count=1719 149 334 106 164 70 1411 146 2835 948 575 2713 354 431 268 1758 1015 398 1389 97 821 995 1940 2732 4625 1330 303 639 361 250 290
internal_value=0.000194166 0.00482714 0 0.00484188 -0.000122301 -0.00537577 0.000179945 0.000476976 0.0027355 0.00846966 0 0.00324791 0.00515749 -0.00029858 0.00298821 -0.00112156 -0.00176112 -0.00342511 -0.0107178 0.00103983 0.00294842 -0.0019755 0.000743299 -0.00413099 0 0.00291986 0.00720394 0.00337398 -0.00422597 -0.00756149
internal_weight=491.798 31.0286 17.1041 8.89932 460.77 24.0878 436.682 429.078 114.043 34.1718 79.8708 45.7039 41.0981 315.036 53.8417 261.194 236.727 153.264 16.1929 83.4628 69.0054 137.071 57.2244 79.8467 55.0733 36.3227 16.3251 24.4673 18.7506 7.60357
internal_count=31166 753 419 270 30413 1481 28932 28496 7856 1523 6333 3620 3266 20640 3477 17163 15787 11051 365 4736 3915 10686 4672 6014 3517 2272 942 1376 1245 436
is_linear=0
shrinkage=0.05


Tree=125
num_leaves=31
num_cat=0
split_feature=9 41 24 25 35 9 11 8 1 24 25 13 26 27 31 38 10 30 27 2 25 5 19 10 25 37 40 41 23 25
split_gain=0.348734 0.454695 0.417622 0.461159 0.445735 0.441514 0.414616 0.399322 0.560014 0.543006 0.545632 0.435607 0.481652 0.577388 0.385294 0.459523 0.559213 0.515805 0.531123 0.45466 0.470641 0.408746 0.480607 0.563456 0.973236 0.354027 0.423899 0.35311 0.333809 0.30954
threshold=0.43000000715255743 0.043385956436395652 -0.33666665852069849 -0.41666667163372034 0.29000002145767217 0.3966666460037232 0.01666665077209473 0.32333332300186163 -0.236666664481163 -0.16333332657814023 -0.2766666561365127 0.1566666662693024 0.48333334922790533 0.043333351612091071 0.35000002384185797 -0.022851467132568356 0.17000001668930056 0.25666666030883795 -0.17000000178813932 -0.036666661500930779 -0.15666666626930234 -0.036666661500930779 -0.24999999999999997 0.043333351612091071 -0.076666668057441698 -0.053274631500244134 0.70999997854232799 0.033144393935799606 0.1566666662693024 0.2833333313465119
decision_type=2 2 2 2 2 2 2 2 2 2 2 2 2 2 2 2 2 2 2 2 2 2 2 2 2 2 2 2 2 2
left_child=2 29 3 -1 -5 7 -7 9 -9 10 -4 12 13 -10 15 17 21 18 -11 27 -21 -17 23 24 -23 -19 -27 -18 -16 -2
right_child=1 -3 5 4 -6 6 -8 8 11 14 -12 -13 -14 -15 28 16 19 25 -20 20 -22 22 -24 -25 -26 26 -28 -29 -30 -31
leaf_value=0.0036776995392312026 0.01109665414714461 -0.001330488550768959 0.0096038954536869277 -0.0086792555216177233 0.00084165363791317057 -0.011722249601477564 0.00029883614379840555 -0.0028648655687748556 0.016256896481630277 0.0028356482167938239 8.1182456300585339e-05 -0.00010895609538208272 -0.0008778284089068424 0 0 -0.0055771877724233561 0 0 -0.0055080588171372083 -0.0062924604746026243 0.0049448650279179385 -0.0020231479854240526 -0.0041805928682216286 -0.0027436434938304596 0.01415683437030537 -0.016557457001676951 0 0.013027751154490359 0.0081480092778949166 0
leaf_weight=6.9868806784506878 15.481238633394243 14.873447367805054 19.82516020629555 36.796982839470729 9.5953339368570578 8.8897924607153964 6.1753574535250655 9.4463424023706448 17.063557052402768 28.487799307098612 49.82938967156224 6.7252635068725786 2.8506601043045512 3.5104422825388601 27.972680887207389 42.557907813810743 3.5551715695764861 7.3449693394359228 32.580667907721363 10.679102906491607 15.110714171081781 10.005961955524981 25.782535529462621 12.678647539578376 15.372581883566454 12.876726573565977 6.4266520021483293 11.247497197822666 12.453176650218664 9.5425921960268152
leaf_count=476 679 996 1214 3104 916 304 507 623 541 1498 3251 801 54 259 1492 3047 151 288 3378 465 596 426 2759 374 399 513 225 474 773 601
internal_value=-2.8583e-06 0.00409983 -0.000467706 -0.00438804 -0.006362 5.16995e-05 -0.00692629 0.000491478 0.0048949 -1.80284e-05 0.00366871 0.00808966 0.0108354 0.0132309 -0.00109869 -0.00194651 -2.66698e-05 -0.00468921 -0.00133758 0.00441419 0 -0.00208855 0.000158481 0.00383452 0.0078138 -0.00994686 -0.012753 0.00991368 0.00290053 0.00776639
internal_weight=492.725 39.8973 452.828 53.3792 46.3923 399.449 15.0651 384.384 39.5963 344.787 69.6545 30.1499 23.4247 20.574 275.133 234.707 146.99 87.7168 61.0685 40.5925 25.7898 106.398 63.8397 38.0572 25.3785 26.6483 19.3034 14.8027 40.4259 25.0238
internal_count=31184 2276 28908 4496 4020 24412 811 23601 2278 21323 4465 1655 854 800 16858 14593 8691 5902 4876 1686 1061 7005 3958 1199 825 1026 738 625 2265 1280
is_linear=0
shrinkage=0.05


Tree=126
num_leaves=31
num_cat=0
split_feature=27 26 36 3 33 12 13 22 40 39 32 27 18 39 3 21 23 32 21 32 10 2 26 21 29 4 40 37 12 13
split_gain=0.334346 0.409368 0.602816 0.728089 0.693824 0.690995 0.577526 0.55887 0.551088 0.54753 0.491876 0.491666 0.45914 0.458388 0.406406 0.399279 0.553771 0.388464 0.36052 0.396346 0.357195 0.333266 0.325078 0.319535 0.315755 0.300147 0.270035 0.669759 0.634498 0.499954
threshold=0.030000001192092899 0.13666665554046634 0.35000002384185797 0.069999992847442641 0.46333330869674688 -0.24999999999999997 0.17666667699813846 -0.016666665673255917 0.69333332777023327 0.025791112333536152 0.18999999761581424 -0.26333332061767573 -0.32333332300186152 0.029205097816884521 -0.030000001192092892 0.20333331823349002 0.32999998331069952 1.0000000180025095e-35 0.41666668653488165 -0.16333332657814023 -0.063333332538604722 -0.049999997019767754 -0.21666666865348813 -0.32333332300186152 -0.31000000238418574 -0.29000000655651087 0.92333334684371959 0.0067873001098632821 0.11000001430511476 -0.036666661500930779
decision_type=2 2 2 2 2 2 2 2 2 2 2 2 2 2 2 2 2 2 2 2 2 2 2 2 2 2 2 2 2 2
left_child=1 12 3 7 10 8 15 14 9 18 -4 -12 22 -9 20 -7 -17 -18 19 -5 24 -14 -1 -24 -3 -22 27 29 -29 -2
right_child=26 2 4 5 -6 6 -8 13 -10 -11 11 -13 21 -15 -16 16 17 -19 -20 -21 25 -23 23 -25 -26 -27 -28 28 -30 -31
leaf_value=-0.00091840274371818287 0 0.00066286325531222131 0 0 0.0039475265410881281 0.008928477131319109 -0.0060768775830187874 0.00905842173381388 0.00082873528448511801 0.0020023253272019124 -0.015107283487264459 0 -0.0044768266779306653 -0.0014702915696245048 0.0068872034869982418 -0.0080930643587997213 -0.0030737376652543997 0.0098333582546707744 0 -0.016003701313175338 0.006315389014189628 0.0032763538322556998 0 0.01018209030179169 -0.010205457352409623 -0.0022152879231610184 -0.0074489319336826093 -0.0012104518501028611 0.0079834073323593758 -0.0070656832596078974
leaf_weight=4.5185289280489078 36.015881164930761 3.289726063841953 14.980022058123721 3.9454005728475776 8.4112854679115099 18.441177560249344 10.372039421577936 40.964063974097371 12.044776007300241 3.6715442326385519 17.976743724662811 3.9997686221031499 19.116396051715128 6.4366352292709044 10.2082170357462 7.4435621262528029 2.2485089111141852 8.4488995191641134 6.0097886039875439 20.395040349103514 9.9316079370910284 24.721846512751654 4.2834713049232951 30.340306590311229 12.388798453612251 19.517304557375613 17.896109621273354 37.170271285460331 24.091970338835381 48.959695777972229
leaf_count=82 2744 271 758 129 557 941 982 1813 333 110 554 384 1790 316 451 401 144 347 137 585 445 2227 103 978 735 812 1631 3132 2578 4586
internal_value=-0.000433155 0.000438033 -0.000531043 0.000603001 -0.00540987 -0.00237003 0.00144766 0.00350703 -0.00645984 -0.00940228 -0.0083755 -0.0123152 0.00338086 0.00715599 0 0.00472382 0 0.00549351 -0.0115725 -0.0137897 -0.00219886 0 0.00692515 0.00854862 -0.00721951 0.000538412 -0.00225516 -0.00118682 0.00242307 -0.00405229
internal_weight=488.239 324.105 241.125 195.757 45.3678 93.0207 46.9542 102.736 46.0665 34.0218 36.9565 21.9765 82.9805 47.4007 55.3357 36.5821 18.141 10.6974 30.3502 24.3404 45.1274 43.8382 39.1423 34.6238 15.6785 29.4489 164.134 146.238 61.2622 84.9756
internal_count=31056 16385 11205 8952 2253 4109 2815 4843 1294 961 1696 938 5180 2129 2714 1833 892 491 851 714 2263 4017 1163 1081 1006 1257 14671 13040 5710 7330
is_linear=0
shrinkage=0.05


Tree=127
num_leaves=31
num_cat=0
split_feature=11 17 40 7 9 23 33 40 40 12 27 0 0 19 32 11 12 7 15 9 38 37 21 4 33 41 32 10 26 11
split_gain=0.334557 0.576592 0.589018 0.365315 0.587903 0.618911 0.546201 0.96593 0.815294 0.448506 0.416583 0.404174 0.372467 0.388346 0.47521 0.483368 0.5513 0.339143 0.329974 0.589562 0.756126 0.37862 0.402589 0.325028 0.31649 0.390764 0.313304 0.288594 0.272005 0.289976
threshold=0.22333335876464847 0.42333334684371954 0.030000001192092899 -0.15666666626930234 0.069999992847442641 -0.076666668057441698 0.31666666269302374 0.92333334684371959 0.69333332777023327 1.0000000180025095e-35 -0.32999998331069941 -0.40333333611488337 -0.0099999904632568342 -0.18333333730697629 0.083333313465118422 -0.26333332061767573 -0.43000000715255732 0.11000001430511476 -0.19666665792465207 0.030000001192092899 0.03821611404418946 -0.13118839263916013 -0.36333334445953364 -0.023333340883255001 0.37000000476837164 0.033144393935799606 0.16333335638046267 0.17000001668930056 -0.32999998331069941 -0.33666665852069849
decision_type=2 2 2 2 2 2 2 2 2 2 2 2 2 2 2 2 2 2 2 2 2 2 2 2 2 2 2 2 2 2
left_child=3 2 -2 4 28 27 11 8 10 -10 26 -5 -13 14 -14 16 -16 -17 -4 20 21 -20 -23 -15 -12 -26 -8 -6 -1 -30
right_child=1 -3 18 6 5 -7 7 -9 9 -11 24 12 13 23 15 17 -18 -19 19 -21 -22 22 -24 -25 25 -27 -28 -29 29 -31
leaf_value=0 -0.0064561612722563617 -0.0037667868567259166 0.012641791832361061 -0.0063314847561501174 0 -0.0037344495974806374 0.00055344121976837353 0.0082898726569053654 -0.018883471739598978 0 -0.0033436409271939147 0.0047884188358898704 -0.0014657390720809293 0.00087250930753395755 0.0058003907376256818 0 -0.0058044818469749383 0.012816247955336936 -0.00055535218666435883 -0.0016585029992814693 -0.0027515041037891683 0 0.014248993295337352 -0.0071804126125182294 -0.0015285393062299116 0.01022620070439321 -0.0091477745425517752 0.010534903574544103 0 -0.0082901622681040947
leaf_weight=16.870099884807132 4.0394568252377203 18.922696170629933 12.522484339657238 7.5941723177675149 5.2993045907933292 15.761027548694981 5.3930761127267024 7.557219995185732 8.9454831066541356 2.5132547842804334 6.2598670891020509 81.215462008141913 39.308461405802518 12.842813486931844 15.87731845630333 6.9477033149451044 13.060861621052025 15.800483853323383 2.1205033145379266 25.920617417315952 8.5989458321128023 3.9121815729886285 22.809093375690288 20.073072619969025 4.4569501481018952 10.840215219534 15.227158345980568 13.081918955314903 17.113113403087482 47.922540948493406
leaf_count=1298 375 2057 587 426 394 877 164 305 329 223 431 4787 1715 1262 331 295 445 465 104 2757 981 273 1537 2060 226 590 384 633 795 3971
internal_value=7.89012e-05 0.00263162 0.00459472 -0.000535087 -0.00283904 0.00194916 0.00039164 -0.00344235 -0.00618234 -0.0155251 -0.00150778 0.00167304 0.00225931 0.000264605 0.00211506 0.00514091 0 0.00975024 0.00591826 0.0032504 0.00698406 0.0105782 0.0121655 -0.0037459 0.00236727 0.00616174 -0.0061185 0.00756768 -0.00511619 -0.00647801
internal_weight=488.808 98.846 79.9233 389.962 116.048 34.1423 273.914 61.1932 53.636 11.4587 42.1773 212.72 205.126 123.911 90.9948 51.6864 28.9382 22.7482 75.8838 63.3613 37.4407 28.8418 26.7213 32.9159 21.557 15.2972 20.6202 18.3812 81.9058 65.0357
internal_count=31077 8671 6614 22406 7968 1904 14438 2652 2347 552 1795 11786 11360 6573 3251 1536 776 760 6239 5652 2895 1914 1810 3322 1247 816 548 1027 6064 4766
is_linear=0
shrinkage=0.05


Tree=128
num_leaves=31
num_cat=0
split_feature=4 30 22 0 5 39 37 27 4 40 16 33 41 27 20 27 26 37 41 3 34 37 35 10 33 37 20 15 40 31
split_gain=0.439458 0.494687 0.40133 0.282287 0.325582 0.422897 0.444821 0.478674 0.292745 0.369485 0.291567 0.260665 0.403024 0.389994 0.331807 0.295974 0.307447 0.372681 0.39336 0.280709 0.369072 0.375546 0.29335 0.270959 0.258611 0.681032 0.665185 0.649593 0.421833 0.577864
threshold=0.44333332777023321 0.47500002384185797 -0.30333334207534784 0.46333330869674688 0.31166666746139532 0.015789056196808818 -0.085320472717285142 -0.18999999761581418 0.30333334207534796 0.14999999850988391 -0.26333332061767573 0.32333332300186163 0.030753827653825287 0.083333313465118422 0.37000000476837164 0.030000001192092899 -0.29666668176650995 0.009663581848144533 0.087413001805543913 0.25666666030883795 -0.35000000894069666 0.040452957153320319 -0.17000000178813932 -0.076666668057441698 -0.0099999904632568342 0.031753063201904304 -0.26999998092651362 -0.41666667163372034 0.34000000357627874 -0.32333332300186152
decision_type=2 2 2 2 2 2 2 2 2 2 2 2 2 2 2 2 2 2 2 2 2 2 2 2 2 2 2 2 2 2
left_child=1 3 -3 4 8 -6 -7 10 11 -10 -8 15 -13 14 -14 19 -17 18 -18 24 -21 22 -22 -19 28 26 -26 -28 -1 -30
right_child=-2 2 -4 -5 5 6 7 -9 9 -11 -12 12 13 -15 -16 16 17 23 -20 20 21 -23 -24 -25 25 -27 27 -29 29 -31
leaf_value=-0.0032403581781837798 -0.0065215217696705232 -0.001576634914931582 0.009187124353979375 -0.0075647214326448366 -0.0038644126798393626 -0.0036219033395415742 0.013283170029516931 8.4493698516524603e-05 0.00092589970530076039 -0.0081312473929438401 0 0.002986452089955446 -0.012078640591429435 0.00065088323176935143 0 0.0006039365454601933 -0.0087887796193962548 0.0043157359871280783 0.0027735535976383245 0.0038376452975942481 0 0.0012290129931259851 -0.013703980280086998 -0.0046238896731868552 -0.0015047788545946733 -0.0018606412091106775 0 0.012206550797529149 -0.0052842805696336785 0.0055395107198421591
leaf_weight=40.024592217523605 20.641216859570704 5.4992257482372251 19.614274967228994 7.1827834111172697 9.3914875392802042 5.3825991740450254 18.683641921263192 22.721560382284228 9.8187173709739017 21.380785053130239 5.630791050381954 6.9466006804723284 16.820344242034487 6.1580910710617891 3.0325516196899107 57.227835810510442 31.684406956657767 14.596788558643313 2.4472922370769075 4.9229436151217696 3.464527604635804 3.9324570677708826 8.1795353405177575 7.7404300031485027 11.543041797587646 23.715364790754393 9.5155729982070607 36.923644333845004 8.7363944845274073 46.341154331923462
leaf_count=2782 1888 93 366 677 680 284 388 1924 593 1505 466 420 1028 582 139 4335 2873 1378 164 222 188 176 396 868 527 1085 228 1787 278 2831
internal_value=-0.000265733 3.56943e-05 0.00617711 -0.00033373 -5.75743e-05 0.00307149 0.00501137 0.00676868 -0.000678944 -0.00491924 0.0109373 -0.000145128 -0.0040465 -0.00691345 -0.00983332 0.000258217 -0.00162268 -0.00412069 -0.00704607 0.00148098 -0.00303352 -0.0068271 -0.0104575 1.25654e-05 0.00222358 0.00420231 0.00701479 0.00953906 0.000127959 0.00306288
internal_weight=489.901 469.259 25.1135 444.146 436.963 61.8101 52.4186 47.036 375.153 31.1995 24.3144 343.954 32.9576 26.011 19.8529 310.996 113.697 56.4689 34.1317 197.299 20.4995 15.5765 11.6441 22.3372 176.8 81.6976 57.9823 46.4392 95.1021 55.0775
internal_count=31151 29263 459 28804 28127 3742 3062 2778 24385 2098 854 22287 2169 1749 1167 20118 9618 5283 3037 10500 982 760 584 2246 9518 3627 2542 2015 5891 3109
is_linear=0
shrinkage=0.05


Tree=129
num_leaves=31
num_cat=0
split_feature=10 34 23 29 9 19 24 38 27 7 11 11 36 24 15 29 41 33 27 0 21 3 40 18 21 32 32 27 3 41
split_gain=0.310318 0.283413 0.558903 0.416995 0.563136 0.65476 0.539548 0.443572 0.382503 0.704475 0.351366 0.337825 0.238338 0.334494 0.526221 0.43023 0.360056 0.320958 0.491476 0.307998 0.299094 0.300477 0.277437 0.387522 0.266086 0.31819 0.309904 0.263672 0.254914 0.265201
threshold=0.48333334922790533 -0.32333332300186152 0.2833333313465119 0.47500002384185797 -0.030000001192092892 -0.20333333313465116 0.25666666030883795 0.12017393112182619 -0.069999992847442613 -0.15000000596046445 -0.11666667461395262 0.41666668653488165 -0.2766666561365127 0.20999997854232791 -0.29666668176650995 0.35666668415069586 0.052496397867798812 0.043333351612091071 -0.4433333277702331 -0.049999997019767754 -0.10999999940395354 -0.23499999940395352 0.9166666865348817 -0.24333333969116208 -0.14333333075046537 0.056666672229766853 0.056666672229766853 0.33666664361953741 0.056666672229766853 0.0389526765793562
decision_type=2 2 2 2 2 2 2 2 2 2 2 2 2 2 2 2 2 2 2 2 2 2 2 2 2 2 2 2 2 2
left_child=1 3 11 4 5 -1 -5 -6 9 -4 -10 12 19 15 -15 17 22 18 -14 -3 21 -16 23 -17 25 -19 -26 -20 29 -21
right_child=-2 2 8 6 7 -7 -8 -9 10 -11 -12 -13 13 14 20 16 -18 24 27 28 -22 -23 -24 -25 26 -27 -28 -29 -30 -31
leaf_value=0.0097735958812636727 0.0063281459168630753 -0.0016701229464390205 -0.0035005851431753931 0.010107601120869055 -0.0094049407502915603 -0.0043174611963994912 -0.0036942286173782565 0.0015949048511166041 -0.0064004556565513187 0.0092442065067022839 0.0035576446035153111 0.0055479261002222557 0.0041288817139143305 0.0057436093494307103 -0.0035394453838312658 -0.015270076586527154 0 0.00095343597184280706 -0.0060380418993548606 0 -0.007493798422028789 0.0066539679687928933 0 0 -0.00035672643578772234 -0.0069219748531167318 0.006398115792573285 0.00021619888563426741 0 0.0107280401308935
leaf_weight=7.4713828556705293 10.250318709528072 28.742725209565833 7.6688002017326644 6.9761488114017975 42.019816594314761 13.70156680617947 7.3484495566226542 4.8820293986937022 10.008315243758263 36.908831912325695 12.07577994186431 11.935790566843933 9.866073706885798 26.996341201243922 7.9750447301194072 15.077353975269949 5.133332275087013 18.473419817630202 75.304325913195498 6.3523059063591125 12.438317672582341 7.2034095738781634 2.736815297510474 3.5395888267084983 24.389016000670381 15.279853038489817 23.274748444324359 11.33205689943861 9.573966584634034 12.008459272212347
leaf_count=245 637 2386 363 148 2644 1358 312 378 708 1250 1187 1086 250 811 732 386 209 1260 5270 634 962 693 96 297 1631 1165 1353 951 719 869
internal_value=-0.000344498 -0.000616649 0 -0.00317671 -0.00489592 0.000795022 0.00279688 -0.00773636 0.00393131 0.00640222 -0.000468354 -0.000906654 -0.00132732 -0.0020031 0.00106802 -0.00294952 -0.00850902 -0.00173535 -0.00362589 0.00125828 -0.00296822 0.000632301 -0.0109041 -0.0126607 0.00031456 -0.00248947 0.00282244 -0.0049891 0.00477064 0.00760682
internal_weight=486.944 476.694 394.295 82.3994 68.0748 21.1729 14.3246 46.9018 66.6617 44.5776 22.0841 327.633 315.697 259.02 54.6131 204.407 26.4871 177.919 96.5025 56.6775 27.6168 15.1785 21.3538 18.6169 81.417 33.7533 47.6638 86.6364 27.9347 18.3608
internal_count=30990 30353 25268 5085 4625 1603 460 3022 3508 1613 1895 21760 20674 16066 3198 12868 988 11880 6471 4608 2387 1425 779 683 5409 2425 2984 6221 2222 1503
is_linear=0
shrinkage=0.05


Tree=130
num_leaves=31
num_cat=0
split_feature=9 0 24 39 15 16 38 24 31 39 38 39 26 19 13 39 8 29 10 38 38 4 15 25 5 37 37 37 14 9
split_gain=0.518581 0.430958 0.3494 0.393899 0.432627 0.333535 0.495972 0.475333 0.55931 0.471387 0.418633 0.407004 0.363604 0.363009 0.721748 0.612865 0.583677 0.633736 0.530718 0.776672 0.664799 0.726223 0.454905 0.414323 0.401474 0.357716 0.799104 0.567312 0.333887 0.328685
threshold=0.43000000715255743 0.46333330869674688 0.44333332777023321 0.029205097816884521 0.14999997615814212 0.2833333313465119 -0.022851467132568356 -0.25666666030883784 0.33666664361953741 0.02868249919265509 -0.033853530883789056 0.023888173513114456 -0.13666665554046628 0.19666665792465213 -0.15666666626930234 0.0129718822427094 0.31000000238418585 0.096666663885116591 0.056666672229766853 -0.092090606689453111 0.074303150177001967 0.37000000476837164 -0.4433333277702331 -0.30333334207534784 -0.036666661500930779 0.049216270446777351 0.009663581848144533 1.0000000180025095e-35 0.17666667699813846 -0.14333333075046537
decision_type=2 2 2 2 2 2 2 2 2 2 2 2 2 2 2 2 2 2 2 2 2 2 2 2 2 2 2 2 2 2
left_child=1 5 3 4 -2 12 7 10 -9 -10 -7 -8 -1 14 15 -14 17 -16 23 -20 21 25 -22 -17 -25 26 27 -21 -18 -26
right_child=2 -3 -4 -5 -6 6 11 8 9 -11 -12 -13 13 -15 16 18 28 -19 19 20 22 -23 -24 24 29 -27 -28 -29 -30 -31
leaf_value=-0.0019342527149355708 0.012661807098649312 -0.0084723326710092611 -0.0030715472312001012 -0.00045336592930543361 0 -0.009521981006850179 -0.010666376184381356 -0.0039827280370745878 0.011925713017676981 -0.0010494857963780514 0.0038655369722514024 0 0.0089255043503227004 -0.003864471826012664 0.0065575800148131858 0.0095981949266876442 0.017744226031115726 -0.0027012764200038215 0.0046815367282696382 -0.0081442191800158385 0.0074277412738043419 0.0029315678123278659 -0.0038122002545162535 -0.0036865717177331915 0.0091007059537400077 0 -0.021187704760541062 0.0040320636458588714 0 0
leaf_weight=97.48238362162374 19.39683595602401 10.00764026516117 3.6867570329923174 7.7045185354072592 10.071241384488529 10.790192771470172 20.332104091532532 6.5499304130207774 14.841364257968964 4.3346999008208504 1.7739308474119742 9.8843456041067821 12.505111221689729 20.208816680707969 40.543839833233505 10.146638640901072 8.6279418198391777 21.666091116843745 18.061486640013754 24.053969515254725 10.47330647823401 7.1647885013371697 11.82156972051598 26.116205111145966 10.771178709110247 8.8821865220088494 11.374888031976296 6.5847816821187726 1.9548466954147432 20.901782183907933
leaf_count=8309 703 932 357 271 1010 670 2359 829 555 138 97 946 429 2208 3464 504 378 1516 541 733 174 156 441 1288 428 241 361 198 181 744
internal_value=6.69774e-05 -0.00040003 0.00511511 0.00682016 0.0091817 -4.71647e-05 -0.00315111 0.000178224 0.00434089 0.00844858 -0.00564667 -0.00739089 0.000503126 0.00148998 0.00209698 0.000187929 0.0060989 0.00301248 -0.000611695 -0.00299953 -0.00522082 -0.00788731 0.00103977 0.00247206 4.38242e-05 -0.00999827 -0.0117083 -0.00461324 0.0150799 0.00388061
internal_weight=488.715 447.856 40.8594 37.1726 29.4681 437.848 68.5066 38.2901 25.726 19.1761 12.5641 30.2164 369.342 271.859 251.651 178.858 72.7927 62.2099 166.353 98.417 80.3555 58.0606 22.2949 67.9358 57.7892 50.8958 42.0136 30.6388 10.5828 31.673
internal_count=31161 28820 2341 1984 1713 27888 5594 2289 1522 693 767 3305 22294 13985 11777 6238 5539 4980 5809 2845 2304 1689 615 2964 2460 1533 1292 931 559 1172
is_linear=0
shrinkage=0.05


Tree=131
num_leaves=31
num_cat=0
split_feature=4 38 26 3 39 23 21 7 7 9 35 39 38 12 15 40 7 34 37 41 3 31 1 37 15 36 9 26 39 21
split_gain=0.308171 0.447477 0.290037 0.430671 0.422152 0.286763 0.581605 0.469062 0.52302 0.397027 0.3789 0.598555 0.406611 0.353475 0.379457 0.323628 0.818108 0.363787 0.323254 0.288271 0.287093 0.276808 0.328787 0.260712 0.249527 0.639615 0.520556 0.34045 0.243071 0.233539
threshold=-0.32999998331069941 -0.054368019104003899 0.44333332777023321 0.14999997615814212 0.029205097816884521 0.14999997615814212 0.36333334445953375 0.44333332777023321 0.31166666746139532 0.32333332300186163 -0.1766666769981384 0.022249293513596061 -0.01629543304443359 -0.40333333611488337 -0.33666665852069849 0.2833333313465119 -0.10999999940395354 -0.056666672229766839 -0.036615848541259759 0.033144393935799606 -0.15000000596046445 -0.049999997019767754 -0.13666665554046628 -0.0037798881530761714 0.030000001192092899 0.20333331823349002 0.37666666507720953 -0.21666666865348813 0.016775812022387985 -0.016666665673255917
decision_type=2 2 2 2 2 2 2 2 2 2 2 2 2 2 2 2 2 2 2 2 2 2 2 2 2 2 2 2 2 2
left_child=1 -1 5 4 -4 9 15 8 28 10 11 12 -2 20 -15 16 -7 -17 -10 29 -12 22 -18 -5 25 27 -27 -3 -8 -16
right_child=2 24 3 23 -6 6 7 -9 18 -11 13 -13 -14 14 19 17 21 -19 -20 -21 -22 -23 -24 -25 -26 26 -28 -29 -30 -31
leaf_value=0.007795729327056012 0.0063503903843330134 0 0.0086276182451191837 -0.0057380000616898599 -0.0027463221195866794 -0.0039781829666444817 0.0036265785776144646 0.005963590926589768 0 -0.0074526550909837317 0 -0.009195344949788355 -0.0035052435383603822 -0.005985521416494893 0.0085892784878619077 -0.0028028167603712474 0 0.0049843343868725088 -0.015076861590948716 -0.00080106595378748573 0.0093865606357398865 0 0.01335949145920793 0.0019100755097677152 -0.0028197436875088515 -0.0099078225349318802 0.004899177642783639 0.012941691740545727 -0.0034425650301796633 0
leaf_weight=23.753217277582735 11.370075117098169 3.0202317875809959 26.623884840635586 12.699003779562192 3.7972919787280253 9.7697745386976731 10.368575552478431 4.724650500342249 3.6260582276154301 27.441695433342829 6.3642702212091562 25.223873873474076 19.721702236449346 20.529158209217712 11.800757758785041 34.708039640332572 2.7335872962139538 17.73547463293653 9.4582216931739804 55.468022307497449 11.82035723607987 11.255728835705666 21.79828126356006 16.278062246041372 28.250762587762438 6.8261314467526955 3.5467897225171328 9.6120741649065184 29.92852656589821 7.838436681078746
leaf_count=1339 772 200 714 361 128 806 584 374 180 1847 232 1830 1580 873 1043 2557 168 1101 474 5016 407 1045 896 455 2757 337 106 365 1786 673
internal_value=5.19695e-05 0.00291745 -0.00044302 0.00252022 0.00630292 -0.00104391 0.00042205 -0.00316044 -0.00490997 -0.00230328 -0.00110521 -0.00428413 0 0.000394757 -0.000701292 0.00284633 0.00565995 0 -0.011907 0.000770758 0.00593671 0.00908277 0.0116437 -0.00113623 0 0.00348112 -0.00337799 0.00972924 -0.000849391 0.00533379
internal_weight=488.093 75.0092 413.084 59.3982 30.4212 353.685 156.107 58.106 53.3814 197.578 170.137 56.3157 31.0918 113.821 95.6364 98.0009 45.5574 52.4435 13.0843 75.1072 18.1846 35.7876 24.5319 28.9771 51.256 23.0052 10.3729 12.6323 40.2971 19.6392
internal_count=31006 5104 25902 1658 842 24244 9971 3398 3024 14273 12426 4182 2352 8244 7605 6573 2915 3658 654 6732 639 2109 1064 816 3765 1008 443 565 2370 1716
is_linear=0
shrinkage=0.05


Tree=132
num_leaves=31
num_cat=0
split_feature=8 31 13 20 41 14 27 39 22 2 20 19 36 29 30 38 30 30 12 32 3 41 31 39 9 10 39 32 20 3
split_gain=0.379318 0.379967 0.367467 0.4779 0.311725 0.314729 0.304082 0.296491 0.487013 0.433086 0.379932 0.357875 0.4278 0.495631 0.447827 0.520794 0.441823 0.330878 0.999205 0.749911 0.541131 0.558149 0.534891 0.414455 0.419811 0.375397 0.364561 0.2942 0.283078 0.260466
threshold=0.44333332777023321 0.48333334922790533 0.14999997615814212 -0.36333334445953364 0.048285977914929397 0.47666668891906744 0.35666668415069586 0.020484371110796932 0.42333334684371954 0.38333332538604742 0.42333334684371954 0.01666665077209473 -0.18999999761581418 0.46166664361953741 0.40333333611488348 -0.037229537963867181 0.37000000476837164 0.25000000000000006 0.01666665077209473 -0.33666665852069849 -0.2766666561365127 0.060985172167420394 -0.16333332657814023 0.029205097816884521 0.11000001430511476 -0.036666661500930779 0.022081154398620132 0.11000001430511476 -0.2766666561365127 0.38333332538604742
decision_type=2 2 2 2 2 2 2 2 2 2 2 2 2 2 2 2 2 2 2 2 2 2 2 2 2 2 2 2 2 2
left_child=1 2 7 -4 5 -2 -5 10 17 -10 11 12 -1 14 16 -16 -14 22 19 -19 -21 29 26 24 -24 -25 -9 -12 -3 -22
right_child=4 28 3 6 -6 -7 -8 8 9 -11 27 -13 13 -15 15 -17 -18 18 -20 20 21 -23 23 25 -26 -27 -28 -29 -30 -31
leaf_value=-0.00089152638802290809 0.0098287494113357254 -0.0010952048114933946 0.002878572024621964 -0.0069801519910427049 -0.00097128381371715223 -0.00071000272850777792 0 -0.002830360898915558 0.010024530084750955 -0.0020220111992393253 0.001121059226712818 -0.0030382825772429416 0.0049870822188585063 -0.003482176783706107 0 0.016722915047210015 -0.004665208973255148 0.0056322255734080132 0.0066123525140945553 0 -0.014732307914378307 0 -0.0070239554585474623 0.0067632246065569964 0.0017032446595919696 -0.0036947684761453057 0.0063902738884869499 -0.0085094562458013206 0.0089020189874553773 0
leaf_weight=30.2308240076527 19.157272131997168 3.2883956539444616 14.76830536383204 54.452709176810458 7.5426301590632638 3.1006726149935266 17.92797563620843 6.7628002944402388 10.942301604896786 5.3538633305579415 6.1472213899251065 15.781669927062465 65.091123619116843 7.6394063355401149 4.4686359637416926 12.759665503166614 6.6876242959406218 3.6798890163190654 9.0208610221743566 9.8009080097544921 33.224586147349328 6.1779314379673442 45.805244931019843 13.219370330451058 10.409014479024334 7.1642815344966939 31.101323754061013 9.4891764991916698 12.541782727697862 5.7053638105280688
leaf_count=2063 978 133 1664 5616 592 290 1859 379 448 264 349 1764 3654 152 99 282 202 108 480 266 1079 204 3658 895 710 488 1632 324 374 146
internal_value=0 -0.000378661 -0.000736324 -0.00353277 0.00496219 0.0076369 -0.00528009 0 -0.00127713 0.00546645 0.00157565 0.0025364 0.00352383 0.00511988 0.00629461 0.0130309 0.00347584 -0.00216878 -0.00481278 -0.00740981 -0.00916303 -0.0112487 -0.000237576 -0.00277953 -0.00499772 0.00213564 0.00401158 -0.00430694 0.00594986 -0.0132283
internal_weight=489.443 459.642 443.812 87.149 29.8006 22.2579 72.3807 356.663 198.368 16.2962 158.295 142.659 126.877 96.6465 89.007 17.2283 71.7787 182.072 67.6095 58.5887 54.9088 45.1079 114.462 76.5979 56.2143 20.3837 37.8641 15.6364 15.8302 38.9299
internal_count=31152 29292 28785 9139 1860 1268 7475 19646 10757 712 8889 8216 6452 4389 4237 381 3856 10045 2283 1803 1695 1429 7762 5751 4368 1383 2011 673 507 1225
is_linear=0
shrinkage=0.05


Tree=133
num_leaves=31
num_cat=0
split_feature=33 37 31 23 4 0 15 37 39 39 39 11 0 36 39 10 7 21 28 16 35 38 5 37 3 4 26 11 38 26
split_gain=0.480133 0.599668 0.4525 0.444773 0.407328 0.346235 0.296682 0.318527 0.281162 0.427045 0.316583 0.273421 0.257902 0.359876 0.570224 0.404902 0.387986 0.431444 0.344802 0.28123 0.461394 0.905968 0.66038 0.446452 0.445594 0.406746 0.368158 0.365878 0.643177 0.40081
threshold=-0.25666666030883784 0.009663581848144533 0.44333332777023321 -0.2766666561365127 0.35666668415069586 -0.236666664481163 -0.33666665852069849 -0.065113067626953111 0.021614183671772483 0.016749243251979355 0.0300090815871954 -0.24333333969116208 0.39499998092651373 0.38999998569488531 0.016775812022387985 -0.023333340883255001 0.44333332777023321 0.45666664838790899 0.18166667222976687 -0.25666666030883784 -0.26333332061767573 0.14467525482177737 -0.036666661500930779 0.04525041580200196 0.083333313465118422 0.33666664361953741 -0.030000001192092892 -0.3899999856948852 0.074303150177001967 0.29000002145767217
decision_type=2 2 2 2 2 2 2 2 2 2 2 2 2 2 2 2 2 2 2 2 2 2 2 2 2 2 2 2 2 2
left_child=1 6 12 -4 5 -5 -1 -8 9 -3 11 -10 19 14 -14 -16 17 18 -17 20 21 26 23 -22 -21 -26 -2 28 -24 -29
right_child=2 8 3 4 -6 -7 7 -9 10 -11 -12 -13 13 -15 15 16 -18 -19 -20 24 22 -23 27 -25 25 -27 -28 29 -30 -31
leaf_value=0.0012195154204669974 0 -0.0015488815474629224 -0.0015190222459934748 0 0 0.014504465579928301 0 -0.010146580612498356 0.00036632025087143517 0.010109426771443882 0.0033616162618822659 -0.0098552525647136492 0.0023591598209803709 0.0022504452400959035 0 0 0 0 -0.020307900489424508 -0.0036737478334794484 -0.0073637511053874149 -0.0060361399194381118 -0.003882228462396733 0.0012142597609430836 0.0047564442640163516 -0.0037779025319844986 0.014671085582704938 8.1447166028291113e-05 0.0089043300085715864 0.0071965179698478465
leaf_weight=3.4536339258775106 5.8386186328716638 6.8243972137570408 8.2935695808846486 5.0689186798408654 5.1242587729357174 13.858814651379364 12.49217304587364 34.16272037033923 3.3562333870213488 10.009540898026897 5.703339709667488 9.1867841482162476 7.2518570028478306 9.8231077399104816 4.9785709393909228 1.9168434711173201 1.9341064137406636 3.6072038251440963 10.211563709774053 77.863332338049076 30.861085761338472 3.7788724354468277 39.194332430604845 15.937730849022044 36.67087981896475 12.473876806674523 14.764390445081515 44.550378574524075 6.1314554223790756 45.296480716671795
leaf_count=151 215 754 333 194 346 470 837 3253 204 913 516 839 483 616 424 213 156 148 524 8221 1180 85 962 469 3702 1599 352 1832 134 1072
internal_value=-0.000225376 -0.0035384 0.000451441 0.00562906 0.00873692 0.0115272 -0.00682153 -0.0079627 0.000854028 0.00512324 -0.00234675 -0.00653843 -1.34877e-05 -0.00359713 -0.00626965 -0.00982065 -0.0126292 -0.0147755 -0.0179236 0.000395919 0.00157418 0.0073478 0.000457746 -0.00416293 -0.00131513 0.00196155 0.0115501 0.00234352 -0.000826724 0.00415531
internal_weight=490.619 85.1888 405.43 32.3456 24.052 18.9277 50.1085 46.6549 35.0803 16.8339 18.2464 12.543 373.085 39.7233 29.9001 22.6483 17.6697 15.7356 12.1284 333.361 206.353 24.3819 181.971 46.7988 127.008 49.1448 20.603 135.173 45.3258 89.8469
internal_count=31197 7467 23730 1343 1010 664 4241 4090 3226 1667 1559 1043 22387 2564 1948 1465 1041 885 737 19823 6301 652 5649 1649 13522 5301 567 4000 1096 2904
is_linear=0
shrinkage=0.05


Tree=134
num_leaves=31
num_cat=0
split_feature=31 35 20 1 7 3 32 39 19 20 28 17 16 17 17 25 37 32 32 24 38 11 23 9 25 32 24 29 25 41
split_gain=0.390714 0.456556 0.614527 0.273211 0.622973 0.796962 0.515597 0.50885 0.442079 0.436825 0.428599 0.378659 0.713649 0.39744 0.296133 0.292033 0.349483 0.339147 0.347761 0.323957 0.29763 0.2873 0.277032 0.369104 0.273853 0.273443 0.251422 0.250426 0.226916 0.22221
threshold=0.47666668891906744 -0.40333333611488337 -0.21666666865348813 0.17000001668930056 0.26333332061767584 0.32333332300186163 0.37000000476837164 0.022550749592483047 0.030000001192092899 -0.40333333611488337 0.44166666269302374 -0.10999999940395354 -0.236666664481163 -0.3899999856948852 0.31000000238418585 -0.1766666769981384 -0.11607456207275389 -0.29000000655651087 0.20999997854232791 -0.18999999761581418 0.062640666961669936 -0.46999999880790705 -0.049999997019767754 -0.37666666507720942 0.30333334207534796 -0.21666666865348813 0.29000002145767217 -0.17000000178813932 0.14999997615814212 0.028521345928311351
decision_type=2 2 2 2 2 2 2 2 2 2 2 2 2 2 2 2 2 2 2 2 2 2 2 2 2 2 2 2 2 2
left_child=3 -2 -3 6 5 8 10 -8 25 -9 15 13 14 -6 -13 17 -17 19 22 20 -1 -7 23 -19 -10 -5 -25 -21 -15 -27
right_child=1 2 -4 4 11 21 7 9 24 -11 -12 12 -14 28 -16 16 -18 18 -20 27 -22 -23 -24 26 -26 29 -28 -29 -30 -31
leaf_value=0.012563248402360769 -0.0029500775052748655 -0.0018104508626657937 0.01287945224015373 -0.0017403149041097651 0.0041399331916762774 0.0004198774971886605 0 0 -0.0073080304052679851 -0.016871519495426292 0.0078432446011259885 0.018397760928094815 0 0 0 0.0044614792640806705 -0.0030873818739487612 0.0033284227607413442 0.0055851737386834934 -0.0038408166945706466 0 -0.0097889356942725981 1.8955505835604435e-05 -0.0094009858745339667 0.0025204730231088547 -0.00012777746423979765 0.00023218329166733206 0.0055023019237855266 -0.010175953925234302 0.0062255678727496976
leaf_weight=9.2113129938952643 5.2742129366379258 4.8663275160361144 14.335730517981569 11.440357858315108 18.746850989293311 2.6134044690988985 13.497370817000048 2.68186947912909 14.656661707675086 8.7902356981066969 7.3227674781810483 8.865274862386288 15.897168365539981 3.1522304054815304 5.2744737967150277 9.0259194483514857 165.30102475197054 2.2918400468770441 8.5083126274403167 11.566962512442844 3.6259438835550091 22.655503502930515 29.177393715130165 23.811263058334593 2.4862489916849873 8.526842341758309 2.1784924799576393 6.1194471300113937 4.977791887242347 43.789361751405522
leaf_count=623 169 221 433 724 402 50 1100 190 1501 592 143 277 1993 144 268 477 11198 202 413 999 296 1688 2028 1569 295 370 144 317 259 2068
internal_value=-0.000193302 0.00521653 0.00861994 -0.000592952 0.000944078 -0.00114739 -0.00150307 -0.0077202 0.00112991 -0.0133586 -0.000705719 0.00498028 0.00834089 0 0.014597 -0.00119218 -0.00242245 0.000798281 -0.000959593 0.0048154 0.00937836 -0.00805562 -0.00275912 -0.00585613 -0.00451845 0.00326506 -0.00791992 0 -0.00634835 0.00485475
internal_weight=490.669 24.4763 19.2021 466.192 163.082 106.168 303.11 24.9695 80.8995 11.4721 278.141 56.9138 30.0369 26.8769 14.1397 270.818 174.327 96.491 65.9673 30.5237 12.8373 25.2689 57.459 28.2816 17.1429 63.7566 25.9898 17.6864 8.13002 52.3162
internal_count=31153 823 654 30330 10039 6696 20291 1882 4958 782 18409 3343 2538 805 545 18266 11675 6591 4356 2235 919 1738 3943 1915 1796 3162 1713 1316 403 2438
is_linear=0
shrinkage=0.05


Tree=135
num_leaves=31
num_cat=0
split_feature=4 30 1 5 37 2 31 21 27 15 10 37 37 3 4 15 25 25 30 7 25 16 37 37 9 10 5 4 40 25
split_gain=0.319547 0.543487 0.30075 0.484605 0.587839 0.465388 0.432999 0.58155 0.434635 0.347267 0.441531 0.332773 0.480981 0.380611 0.33153 0.321074 0.320755 0.319615 0.447263 0.30926 0.303529 0.333345 0.297206 0.504142 0.294921 0.287067 0.681803 0.332794 0.330575 0.273731
threshold=0.44333332777023321 0.47500002384185797 0.056666672229766853 -0.22333332896232602 0.052438259124755866 -0.17166666686534879 -0.056666672229766839 0.21666666865348819 -0.4433333277702331 -0.2766666561365127 0.25666666030883795 0.0081372261047363299 -0.065113067626953111 -0.41666667163372034 -0.056666672229766839 -0.17000000178813932 -0.36333334445953364 0.030000001192092899 0.29000002145767217 -0.41666667163372034 0.29666668176651007 -0.32333332300186152 0.011377334594726564 0.043982982635498054 -1.0000000180025095e-35 0.22333335876464847 0.31166666746139532 -1.0000000180025095e-35 0.55333334207534801 -1.0000000180025095e-35
decision_type=2 2 2 2 2 2 2 2 2 2 2 2 2 2 2 2 2 2 2 2 2 2 2 2 2 2 2 2 2 2
left_child=1 2 3 4 11 9 7 8 -4 10 24 12 -1 -13 19 -10 -14 18 -9 -8 21 -19 -3 -24 -5 28 27 -27 -7 -6
right_child=-2 22 6 5 29 25 14 17 15 -11 -12 13 16 -15 -16 -17 -18 20 -20 -21 -22 -23 23 -25 -26 26 -28 -29 -30 -31
leaf_value=0.0067607670022305196 -0.0052898633027809762 0.010542988829759445 -0.00089108024843709646 0.0039268629866039675 -0.0098976763564546828 0 -0.0042691587186049814 -0.0018484895248234948 0.010089793207423956 -0.0026400998988076237 0.009831209874429956 -0.00081546082125489726 0.0035232051871732853 0.01024652119667359 -0.0034064715730154254 0 -0.0052757456793568721 -0.011027298698518338 0.0082853943013677222 0.0052495877287874341 0.001558383277473401 0 -0.0071566270497431502 0.0075466733150937639 -0.0057652642338841672 0 0.00038358881744814653 -0.018358793577761188 -0.0062887402990696468 0
leaf_weight=14.94917289027944 20.841274765320122 13.317719161510469 9.9414099007844907 8.8819917386863416 8.0045368573628348 38.212210999568924 4.1413670850452062 15.71896799048409 39.483820894733071 42.755184349021874 10.877014576457439 4.3690544037381214 6.8808809560723558 20.273339881561697 57.189064122037962 13.17330636247061 26.075670466525484 11.582270511426035 12.529241845477371 23.238390056649223 5.9701149908360085 5.0835024286061534 5.7110580229200405 5.598219120176509 9.3069090608041734 6.1850320619996699 6.8923981026746324 9.9539580903947336 26.405588919995353 5.5273659527301779
leaf_count=695 1857 244 220 318 548 2665 264 832 1444 3999 306 343 452 1305 4879 1382 2157 295 347 1828 368 380 108 98 356 325 358 489 1807 441
internal_value=0 0.00031741 -7.08581e-05 -0.00127808 0.00149497 -0.00292595 0.00129695 0.00330342 0.00633592 0 0.00388162 0.00354618 0.000330046 0.00769375 -0.00115997 0.00807814 -0.00253721 -0.000262536 0.00258042 0.00255228 -0.0044807 -0.0075869 0.00677124 0 -0.000198803 -0.00524887 -0.00989521 -0.0143284 -0.00253875 -0.00593334
internal_weight=489.07 468.229 443.602 245.55 86.08 159.47 198.051 113.483 62.5985 71.8211 29.0659 72.5481 47.9057 24.6424 84.5688 52.6571 32.9566 50.8841 28.2482 27.3798 22.6359 16.6658 24.627 11.3093 18.1889 87.6492 23.0314 16.139 64.6178 13.5319
internal_count=31110 29253 28803 16564 5941 10623 12239 5268 3046 4979 980 4952 3304 1648 6971 2826 2609 2222 1179 2092 1043 675 450 206 674 5644 1172 814 4472 989
is_linear=0
shrinkage=0.05


Tree=136
num_leaves=31
num_cat=0
split_feature=5 4 4 39 23 12 14 14 26 12 10 13 35 39 10 25 19 12 15 19 39 8 29 26 29 9 1 7 30 17
split_gain=0.324612 0.426694 0.374862 0.412627 0.425688 0.399836 0.4586 0.45866 0.405148 0.396292 0.333102 0.331748 0.409241 0.711589 0.469767 0.637824 0.594833 0.451454 0.401259 0.371357 0.484041 0.448271 0.640917 0.462974 0.505787 0.403719 0.394232 0.361792 0.356774 0.34812
threshold=-0.0083333253860473615 0.44333332777023321 0.096666663885116591 0.038657501339912421 0.37000000476837164 -0.3899999856948852 -0.076666668057441698 0.11000001430511476 0.056666672229766853 0.17666667699813846 -0.40333333611488337 0.34333333373069769 0.37000000476837164 0.024349682964384559 0.030000001192092899 0.20333331823349002 -0.24333333969116208 -0.4433333277702331 1.0000000180025095e-35 -0.29000000655651087 0.0300090815871954 0.34333333373069769 0.40833336114883428 0.18333333730697635 0.27666664123535162 0.12333333492279054 0.41666668653488165 0.19666665792465213 0.25000000000000006 -0.45666666328907007
decision_type=2 2 2 2 2 2 2 2 2 2 2 2 2 2 2 2 2 2 2 2 2 2 2 2 2 2 2 2 2 2
left_child=2 11 5 4 10 8 -7 -8 -1 -9 -4 12 14 -14 16 19 29 -17 -19 21 25 22 23 -16 28 -21 -27 -26 -25 -2
right_child=1 -3 3 -5 -6 6 7 9 -10 -11 -12 -13 13 -15 15 17 -18 18 -20 20 -22 -23 -24 24 27 26 -28 -29 -30 -31
leaf_value=0.0091894179610110416 -0.00038506077813190505 -0.0046310012308105287 0 0.0041148010241123982 0.00063212773712004026 -0.0046238768989667464 0.005966327748689066 -0.005502086064095405 0 0.0017026112312915809 -0.011639267256856059 -0.0031674651356150131 0.012260993479346264 -0.00039655116715049107 -0.0055798918170197375 0.0002636486425408022 0 -0.014205728635269624 0 0 -0.0043485679357033544 0.006323632298878919 -0.011374847684982359 0.0035495469170804443 0.013785290967913625 0.013558701391547559 -0.00019972421113534009 0 -0.0079996485794225376 0.0095928412690963732
leaf_weight=13.796440109144894 4.6256508762016884 20.086233678157441 2.7352548127528307 2.4852034465875468 6.5287585889454922 62.008045364753343 23.703520314884372 27.293865910032764 23.459985522087663 32.670590755878948 24.269242965383455 19.824381096637808 19.982832987559959 12.48515403550118 14.493827796541153 7.6281718635000315 41.823438745806925 11.892482388066126 3.3199374340474597 8.1343572163023108 3.4312453179154536 9.7086902894079667 10.467544008046387 6.2757171881385165 7.9003230961970967 16.118496971903372 2.1205642799613988 5.3646624758839607 6.2516291923820972 36.272063911193982
leaf_count=589 112 1820 254 142 388 4154 2378 2457 612 2367 1810 2060 952 520 606 139 4053 583 367 641 291 188 219 184 190 1201 169 132 169 1391
internal_value=3.80458e-05 0.00124033 -0.00131738 -0.00560655 -0.00747455 -0.00018931 -0.00151365 0.000667755 0.00390272 -0.00139992 -0.00995056 0.00191213 0.00252974 0.00744112 0.00139458 -0.000524486 0.00415838 -0.00716335 -0.0110873 0.00123744 0.00538927 -0.000734791 -0.00305129 0 0.00404177 0.00799957 0.0112742 0.00949561 -0.00158876 0.00802635
internal_weight=487.158 268.207 218.951 36.0185 33.5333 182.932 145.676 83.668 37.2564 59.9645 27.0045 248.121 228.297 32.468 195.829 113.108 82.7212 22.8406 15.2124 90.2671 29.8047 60.4624 50.7537 40.2862 25.7923 26.3734 18.2391 13.265 12.5273 40.8977
internal_count=31138 15987 15151 2594 2452 12557 11356 7202 1201 4824 2064 14167 12107 1472 10635 5079 5556 1089 950 3990 2302 1688 1500 1281 675 2011 1370 322 353 1503
is_linear=0
shrinkage=0.05


Tree=137
num_leaves=31
num_cat=0
split_feature=31 38 39 34 33 14 14 9 12 38 38 30 31 16 12 15 29 20 9 38 0 6 38 7 17 31 24 3 3 27
split_gain=0.352397 0.673859 0.394155 0.557036 0.383447 0.42078 0.489931 0.38034 0.294142 0.556961 0.662212 0.407059 0.641923 0.546785 0.51789 0.428295 0.366042 0.411548 0.348651 0.810836 0.698584 0.739405 0.444028 0.433175 0.334198 0.319538 0.283823 0.28337 0.268306 0.253407
threshold=0.35000002384185797 -0.048716068267822259 0.023725459352135662 0.30333334207534796 -0.33666665852069849 0.27666664123535162 0.056666672229766853 0.25000000000000006 -0.41666667163372034 0.070146560668945326 0.12839555740356448 0.3966666460037232 -0.41666667163372034 -0.236666664481163 0.043333351612091071 -0.37666666507720942 0.32333332300186163 0.25666666030883795 0.083333313465118422 -0.092090606689453111 0.35500001907348638 -0.056666672229766839 -0.040044307708740227 -0.17000000178813932 -0.14333333075046537 -0.31666666269302363 -0.096666663885116563 0.01666665077209473 0.34333333373069769 -0.20333333313465116
decision_type=2 2 2 2 2 2 2 2 2 2 2 2 2 2 2 2 2 2 2 2 2 2 2 2 2 2 2 2 2 2
left_child=8 2 27 26 -3 6 -6 -7 9 18 -11 16 14 15 -13 -14 17 -10 22 -20 21 -21 29 -24 -18 -19 -4 -2 -23 -1
right_child=1 4 3 -5 5 7 -8 -9 11 10 -12 12 13 -15 -16 -17 24 25 19 20 -22 28 23 -25 -26 -27 -28 -29 -30 -31
leaf_value=-0.0086393056180227024 0.015098036808105503 -0.0073537940896515677 -0.009100516569456726 0.009873126449395947 0.0049435923052459944 0.010398951194635665 -0.0084966624339377125 -6.5427849323758793e-05 -0.00012062654002030862 0.013051733225339946 -0.00031004330377146927 -0.012623234949112447 0 -0.0026224709275014958 0.0027084299062911463 0.013379870767441904 -0.01109002467354709 0.00080339317378776891 0.0051159297107000986 0.00062736309799679279 0.0022258405297868366 -0.016644522938350653 -0.00046957105781475419 0.011621518085100547 0 -0.0070106035301645483 0.00060974272687117038 0 0 0.0019706910263996734
leaf_weight=4.1669830768369138 11.478409870993348 11.107476018136365 5.881552587263287 5.4951908814255139 3.8123516652267417 10.98110698151868 10.980910491663961 8.6408354243030754 183.6208286031615 13.046136560617017 10.925198388053103 5.1598860679659975 13.250101501354949 7.7606537804240388 3.513361869379878 14.600030234083528 16.322409647051249 9.2138165859505516 13.205993299838154 6.7004821437876663 8.8944545495323819 16.535267526051037 5.7217000252567294 11.716634788783262 15.652445667539721 40.603399757179432 8.0096839496400207 4.9601701512001446 4.2449510786682358 2.8037361782044199
leaf_count=139 381 771 226 189 228 670 857 844 15457 305 253 156 337 919 258 447 743 678 305 180 180 412 183 300 1307 3663 330 243 87 138
internal_value=-9.05966e-05 0.00273704 0.00741241 0.000547832 -0.000891838 0.00135729 -0.00340364 0.00587886 -0.000746799 0.00145549 0.00728488 -0.00153703 0.00241518 0.00568488 -0.00614094 0.00879285 -0.00232738 -0.001409 -0.000525347 -0.00309325 -0.00696594 -0.0105534 0.00344976 0.00748304 -0.00709183 -0.00518649 -0.00374969 0.0120826 -0.014425 -0.00350684
internal_weight=489.006 81.3477 35.825 19.3864 45.5227 34.4152 14.7933 19.6219 407.658 97.9615 23.9713 309.697 44.284 35.6108 8.67325 27.8501 265.413 233.438 73.9902 49.5811 36.3752 27.4807 24.4091 17.4383 31.9749 49.8172 13.8912 16.4386 20.7802 6.97072
internal_count=31186 4739 1369 745 3370 2599 1085 1514 26447 2482 558 23965 2117 1703 414 784 21848 19798 1924 1164 859 679 760 483 2050 4341 556 624 499 277
is_linear=0
shrinkage=0.05


Tree=138
num_leaves=31
num_cat=0
split_feature=36 23 8 35 13 13 32 10 39 23 2 10 33 24 21 23 33 22 17 39 17 27 33 18 25 5 10 29 1 1
split_gain=0.253114 0.623825 0.547505 0.56282 0.515042 1.15581 0.854845 0.477178 0.471058 0.579206 0.454586 0.679612 0.428381 0.428023 0.427527 0.419765 0.401493 0.397141 0.375244 0.36851 0.357637 0.348475 0.336595 0.395206 0.356254 0.331526 0.297073 0.29268 0.28949 0.275161
threshold=0.12333333492279054 -0.37666666507720942 0.11000001430511476 0.26333332061767584 -0.36333334445953364 -0.16333332657814023 0.096666663885116591 0.16333335638046267 0.029205097816884521 0.056666672229766853 -0.25666666030883784 -0.036666661500930779 0.37000000476837164 -0.21000000834465024 0.21666666865348819 0.25000000000000006 0.030000001192092899 -0.16333332657814023 -0.37666666507720942 0.028816987760365013 0.30333334207534796 -0.056666672229766839 0.18999999761581424 0.35000002384185797 -0.2766666561365127 -0.43000000715255732 0.096666663885116591 0.17666667699813846 0.19666665792465213 -0.31000000238418574
decision_type=2 2 2 2 2 2 2 2 2 2 2 2 2 2 2 2 2 2 2 2 2 2 2 2 2 2 2 2 2 2
left_child=2 25 8 -4 6 18 27 -8 10 17 11 29 15 21 -12 -9 -16 -10 -6 22 -11 -7 -15 24 -24 -2 -20 -3 -19 -1
right_child=1 4 3 -5 5 13 7 12 9 20 14 -13 -14 19 16 -17 -18 28 26 -21 -22 -23 23 -25 -26 -27 -28 -29 -30 -31
leaf_value=-0.0057350600623309947 0.0021477582666735028 0 -0.012598228299216925 0 0.00013767191501467649 -0.0068650636074544264 0.0076081181368325632 0 0.0047075641677723316 0.012007544229514193 -0.00049891917434263203 0.0090872643142423781 0.0024011104609057321 0 -0.0081066127008085145 -0.011970282375512873 0 -0.0092786270846100284 0 -0.0016318045712389922 -0.00028253674861519626 0.0025900052717031073 0 0 0.014569192231887788 -0.0073709701687265823 -0.012465552562376112 0.01388330379881577 0.00136020640726637 0.0019668016750344348
leaf_weight=15.132010639295915 5.0239054081030217 3.8943726164288845 13.83400324941613 9.2698061031987873 7.1264164994936463 10.076328246621417 11.067491641733794 7.5452177380211713 8.8779458112549055 15.658547178609298 112.8052278283285 17.575410610879771 14.623095886083318 8.7587401324417424 43.622892531100661 9.4354153117164952 14.20195134077221 10.04722806974314 7.5624574297107783 6.2030588343041009 2.6164460100699207 15.276664685225112 3.0408132656011722 12.211439855513161 20.498778594541367 23.531675528269261 17.13641914119944 20.615567740984261 2.6247785012237719 14.593569028656928
leaf_count=1221 388 204 922 761 274 927 244 189 571 816 8002 948 265 785 3173 200 678 647 454 544 231 1577 281 1340 1290 1566 787 509 151 1148
internal_value=-0.000179182 0.00108288 -0.00118486 -0.00773417 0.00232505 0 0.00556511 0.000327446 -0.000340444 0.00415725 -0.00136336 0.00250551 -0.00236451 0.00344665 -0.00262609 -0.00711176 -0.00594708 -0.00062163 -0.0071146 0.0059618 0.00958317 -0.000965086 0.00758316 0.00947221 0.0126594 -0.00489068 -0.00963941 0.0120067 -0.00600711 -0.00155882
internal_weight=484.488 203.628 280.86 23.1038 175.072 107.891 67.1812 42.6712 257.756 39.8249 217.931 47.301 31.6037 76.0658 170.63 16.9806 57.8248 21.55 31.8253 50.7128 18.275 25.353 44.5098 35.751 23.5396 28.5556 24.6989 24.5099 12.672 29.7256
internal_count=31093 11824 19269 1683 9870 8259 1611 898 17586 2416 15170 3317 654 6744 11853 389 3851 1369 1515 4240 1047 2504 3696 2911 1571 1954 1241 713 798 2369
is_linear=0
shrinkage=0.05


Tree=139
num_leaves=31
num_cat=0
split_feature=10 36 26 36 19 11 26 0 37 6 9 21 39 21 12 31 38 38 8 37 27 14 38 10 36 26 31 41 41 41
split_gain=0.21101 0.400748 0.803993 0.554147 0.651711 0.465389 0.542749 0.453829 0.473715 0.352344 0.326501 0.866924 0.509665 0.520278 0.450987 0.47074 0.356313 0.468828 0.387298 0.45975 0.37235 0.351181 0.34931 0.341396 0.359993 0.336966 0.335619 0.327678 0.327538 0.496309
threshold=0.46999999880790716 0.35000002384185797 0.13666665554046634 0.24333333969116214 -0.049999997019767754 -0.18333333730697629 -0.0099999904632568342 0.38999998569488531 0.076100349426269545 0.27666664123535162 -0.023333340883255001 -0.29000000655651087 0.029205097816884521 -0.12333333492279051 -0.45666666328907007 0.47666668891906744 -0.0041112899780273429 -0.022851467132568356 -0.31666666269302363 0.059266090393066413 0.26999998092651373 -0.22333332896232602 -0.027189254760742184 0.22333335876464847 0.16333335638046267 0.13666665554046634 0.056666672229766853 0.059835318475961692 0.035586263984441764 0.030753827653825287
decision_type=2 2 2 2 2 2 2 2 2 2 2 2 2 2 2 2 2 2 2 2 2 2 2 2 2 2 2 2 2 2
left_child=1 3 5 10 7 6 -3 8 -5 -2 12 25 14 -14 -1 28 17 23 -18 20 -20 -19 -17 24 -13 -12 -27 -25 29 -16
right_child=9 2 -4 4 -6 -7 -8 -9 -10 -11 11 16 13 -15 15 22 18 21 19 -21 -22 -23 -24 27 -26 26 -28 -29 -30 -31
leaf_value=0.0075532887374683364 0.010125471047284148 -0.0096869986344890902 -0.0081483638877879374 0.012251588383581856 -0.0016083139590662269 0.0068557400979927605 0.0048052223349914708 -0.0014325261382960935 -0.001001685816257223 -0.00029087218175175255 0 -0.0030040481179960544 -0.0012010272127475328 0.0095963279672935664 -0.0031141609977803856 0.010344965512176478 0.0026030211157712403 0.010479309456275218 -0.011199247522875592 0 0 -0.0016340370823806141 -0.0010948327940450049 -0.01097355891106315 0.0062379759362458376 0.012846089551889751 0 0.00045501940257446771 -0.003883820742345662 0.0059452690558546408
leaf_weight=9.7523882496170682 7.1749283007811782 8.4232101277448219 38.40620886569377 28.43962325388566 18.828387703630142 16.068474000669084 4.1959507872816202 4.3680232521146527 3.1965545851271591 9.7047040134202671 9.2667990170884895 28.008876948151737 10.313600045046767 22.687861046986654 25.769238021224737 8.2749007358215732 3.6552465348504475 7.712356228614226 41.397317223716527 12.352226660237646 5.0193500102031967 2.9216937844175828 4.3262202157638958 12.522134349914266 9.2413614391116408 9.3460466847754997 3.0243039333727202 2.9483443733770391 96.73536868870724 21.134273859672248
leaf_count=234 404 404 1898 972 1968 1530 162 139 123 648 869 1699 660 1319 2189 147 292 234 2144 734 525 342 160 709 429 287 256 144 7637 1818
internal_value=-7.94216e-05 -0.000353857 -0.00377961 0.000204838 0.00465119 0.00174621 -0.0035299 0.00828192 0.010302 0.00453829 -0.000495233 -0.0022746 0.000728976 0.00591529 -0.000327163 -0.00123429 -0.00400154 -0.000751981 -0.00657903 -0.00772435 -0.00978027 0.00625931 0.00598716 -0.003087 0 0.00554896 0.00960107 -0.00811263 -0.00224955 0.000706683
internal_weight=485.216 468.336 67.0938 401.242 54.8326 28.6876 12.6192 36.0042 31.6362 16.8796 346.41 147.416 198.994 33.0015 165.992 156.24 125.779 63.3548 62.4241 58.7689 46.4167 10.6341 12.6011 52.7207 37.2502 21.6371 12.3704 15.4705 143.639 46.9035
internal_count=31076 30024 3994 26030 3202 2096 566 1234 1095 1052 22828 8664 14164 1979 12185 11951 7252 3557 3695 3403 2669 576 307 2981 2128 1412 543 853 11644 4007
is_linear=0
shrinkage=0.05


Tree=140
num_leaves=31
num_cat=0
split_feature=26 31 41 38 36 21 33 41 20 23 30 11 3 13 18 36 23 14 33 9 38 36 5 3 8 7 39 36 8 32
split_gain=0.2648 0.274976 0.646475 0.58465 0.436404 0.277116 0.270598 0.247039 0.244446 0.434813 0.36201 0.339799 0.383053 0.317912 0.282475 0.29123 0.545876 0.417574 0.394776 0.365491 0.380331 0.360191 0.298908 0.32792 0.313899 0.297786 0.296205 0.275553 0.274749 0.298326
threshold=-0.46999999880790705 -0.4433333277702331 0.033144393935799606 -0.033853530883789056 0.42333334684371954 -0.30333334207534784 -0.16333332657814023 0.039123736321926124 0.36333334445953375 0.29000002145767217 -0.14333333075046537 -0.17000000178813932 0.4499999880790711 -0.40333333611488337 0.43666666746139532 -0.04333332180976867 0.043333351612091071 -0.31666666269302363 -0.26999998092651362 -0.04333332180976867 -0.044083595275878899 -0.33666665852069849 -0.33666665852069849 -0.023333340883255001 -0.023333340883255001 -1.0000000180025095e-35 0.017564586363732818 0.32333332300186163 0.41666668653488165 -0.31000000238418574
decision_type=2 2 2 2 2 2 2 2 2 2 2 2 2 2 2 2 2 2 2 2 2 2 2 2 2 2 2 2 2 2
left_child=6 2 -2 7 5 -5 -1 -4 9 13 -11 -12 -13 -3 15 18 17 -17 21 20 25 -15 24 26 -19 -20 -24 -18 29 -28
right_child=1 8 3 4 -6 -7 -8 -9 -10 10 11 12 -14 14 -16 16 27 22 19 -21 -22 -23 23 -25 -26 -27 28 -29 -30 -31
leaf_value=0.00010252382793559907 -0.0036249855030192173 -0.0040883480197070115 0.0042210033598612693 0 0 0.015804012781807854 -0.01009424626775144 -0.0056763981334306485 -0.0031940508377410006 -0.0022660795923101934 0 0.01048564363175563 0 0.0023060932433884391 -0.0065250203299725669 0.0064310947559301432 -0.007733669620576325 -0.0028250566454074539 -0.0042728301552703287 0 0.010059696661828122 -0.0052881090613744854 0 0.0022174228867752983 0.007360304275215163 0.006595722485253786 0 9.6300875432535338e-05 0.00060732109771933411 -0.010759426755327376
leaf_weight=4.0556676504202187 14.009742103982715 48.107300330651924 4.5068152311723662 4.4432748029939857 4.5474606677889815 15.101544104050847 7.0375170554034394 7.4409844554029405 54.889742670813575 12.199040586128829 26.893475197488442 26.819479828467593 5.8615216804901129 31.529066428076476 8.8446004454744962 20.570299239130691 28.724899329477921 3.9945506949443397 9.4091144034173322 16.978001688141376 28.902664830791764 19.388112101703882 11.938173949834889 13.776202213251961 13.147947299294172 4.6460131565108886 2.9689226232003412 7.5501131851924574 2.7471017810748881 22.87207201926504
leaf_count=331 386 1457 98 155 203 415 503 304 3764 1100 1018 1641 563 2907 972 709 2060 317 705 1106 1950 1778 1131 1146 1086 264 262 558 215 1929
internal_value=-2.19328e-05 0.000145837 0.00346895 0.00694502 0.0107641 0.0133866 -0.00617632 -0.000387071 -0.000232313 0.000186907 0.00356738 0.00524118 0.00827831 -0.000604341 5.37067e-05 0.000552747 -0.000918705 0.000957737 0.00242934 0.00502891 0.00726111 -0.000398993 -0.000671486 -0.00273128 0.00378955 0 -0.00501985 -0.00573024 -0.00743679 -0.00903039
internal_weight=483.901 472.808 50.0498 36.0401 24.0923 19.5448 11.0932 11.9478 422.758 367.869 71.7735 59.5745 32.681 296.095 247.988 239.143 128.29 92.0153 110.853 59.9358 42.9578 50.9172 71.445 54.3025 17.1425 14.0551 40.5263 36.275 28.5881 25.841
internal_count=31033 30199 1561 1175 773 570 834 402 28638 24874 4322 3222 2204 20552 19095 18123 9413 6795 8710 4025 2919 4685 6086 4683 1403 969 3537 2618 2406 2191
is_linear=0
shrinkage=0.05


Tree=141
num_leaves=31
num_cat=0
split_feature=12 21 38 38 29 4 11 12 38 38 5 18 14 10 25 33 31 5 15 7 31 14 37 36 4 28 36 30 41 18
split_gain=0.384643 0.3883 0.771225 0.38642 0.482495 0.509431 0.518741 0.523317 0.524228 0.471096 0.381052 0.362305 0.767898 0.346117 0.76876 0.374611 0.332583 0.559898 0.32709 0.509658 0.500476 0.347505 0.308266 0.487095 0.303421 0.455732 0.387037 0.423407 0.286359 0.278221
threshold=0.43000000715255743 -0.21666666865348813 0.18432664871215823 0.18432664871215823 0.47500002384185797 0.30333334207534796 0.41666668653488165 -0.36333334445953364 0.074303150177001967 0.03821611404418946 -0.049999997019767754 -0.48333333432674402 -0.43000000715255732 0.33666664361953741 0.3966666460037232 0.21666666865348819 -0.36333334445953364 0.20999997854232791 -0.16333332657814023 0.14999997615814212 0.030000001192092899 -0.036666661500930779 -0.11394691467285155 0.096666663885116591 -0.18333333730697629 0.38833332061767584 0.25000000000000006 -0.26333332061767573 0.033889178186655051 -0.36333334445953364
decision_type=2 2 2 2 2 2 2 2 2 2 2 2 2 2 2 2 2 2 2 2 2 2 2 2 2 2 2 2 2 2
left_child=1 2 18 4 5 6 7 8 16 22 -5 -6 -13 15 -15 -7 17 -3 19 20 -1 -20 23 -9 26 -26 27 -24 -29 -10
right_child=-2 3 -4 10 11 13 -8 9 29 -11 -12 12 -14 14 -16 -17 -18 -19 21 -21 -22 -23 24 -25 25 -27 -28 28 -30 -31
leaf_value=0.012653309367508636 -0.0061609982876802138 -0.0092366949620420035 -0.010128760130393228 -0.0014363730475164885 0.010660410147274115 -0.0054807312487846899 0.010172667373037349 -0.01203349526621812 0.010801512323981936 -0.0062333966559868425 0.010577626502530158 -0.010208831467541238 0.0079683020673902653 -0.01483623442995091 0.0033118255216985715 0.0027189510080136673 0.0026942413813686667 0.0029040915236738475 -0.0043699875607662057 0 -0.00086027191684902153 0.0031623569427800449 0 0.0018750774705877469 0.0030647771037647523 -0.0081566759528530538 0.003186362054277676 0 -0.014179425610484853 0
leaf_weight=25.300865671131763 19.433847779408097 15.354925407096745 4.2250051074661306 4.1338917454704633 8.4522737953811902 24.632189508993179 4.5042199774179599 7.79834206542 14.550886036595331 54.073076683911495 8.7334565732162428 5.0653174803592265 6.072260571876539 14.927799485158177 2.7416129240300497 16.085369322565384 33.025363698136061 8.9388220580294711 14.484716219012624 20.16184165654704 3.6316361878998569 45.156712298514321 12.438142983941361 4.3297997370827943 83.120173094328493 3.3461059036198995 7.6776613302063188 3.938991562463344 9.1401380242314172 3.4663373054936519
leaf_count=858 2302 394 277 348 123 1876 305 504 348 4314 422 101 296 767 145 970 1405 189 1310 798 238 4069 893 205 5841 144 570 315 723 185
internal_value=-0.000148561 0.00012233 0.0026422 -0.00063757 -0.00106508 -0.00161997 -0.000534996 -0.00103749 0.00219423 -0.00250537 0.0061635 0.00536535 0 -0.00565917 -0.0108384 -0.00177316 0 -0.00425386 0.00386004 0.00672713 0.010385 0.000719939 -0.0005895 -0.00671184 0.00012292 0.00185906 -0.00335385 -0.00634687 -0.0110465 0.00841861
internal_weight=488.942 469.508 112.961 356.547 343.68 324.09 265.703 261.199 75.3363 185.862 12.8673 19.5899 11.1376 58.387 17.6694 40.7176 57.3191 24.2937 108.736 49.0943 28.9325 59.6414 131.789 12.1281 119.661 86.4663 33.1949 25.5173 13.0791 18.0172
internal_count=31235 28933 7550 21383 20613 20093 16335 16030 2521 13509 770 520 397 3758 912 2846 1988 583 7273 1894 1096 5379 9195 709 8486 5985 2501 1931 1038 533
is_linear=0
shrinkage=0.05


Tree=142
num_leaves=31
num_cat=0
split_feature=12 31 33 33 7 26 19 16 5 10 15 12 33 27 26 9 23 9 41 25 7 36 38 15 31 15 20 29 30 10
split_gain=0.350225 0.294354 0.506203 0.505626 0.38662 0.3696 0.364249 0.644297 0.509142 0.515603 0.395775 0.40956 0.370745 0.427848 0.355416 0.338858 0.548491 0.429291 0.349993 0.542345 0.372853 0.329778 0.322492 0.303882 0.385539 0.303562 0.552591 0.272996 0.526686 0.49429
threshold=0.43000000715255743 0.47666668891906744 0.23000001907348636 -0.33666665852069849 -0.16333332657814023 -0.43000000715255732 -0.3899999856948852 -0.46999999880790705 0.31166666746139532 0.23000001907348636 -0.31000000238418574 -0.28333333134651179 0.31000000238418585 -0.26333332061767573 0.26999998092651373 0.069999992847442641 0.083333313465118422 -0.28333333134651179 0.03273806348443032 -0.41666667163372034 -0.20333333313465116 0.32333332300186163 -0.022851467132568356 -0.43000000715255732 -0.35000000894069666 -0.4433333277702331 -0.14333333075046537 0.056666672229766853 0.41666668653488165 -0.063333332538604722
decision_type=2 2 2 2 2 2 2 2 2 2 2 2 2 2 2 2 2 2 2 2 2 2 2 2 2 2 2 2 2 2
left_child=1 4 3 -3 15 -6 7 12 9 23 11 25 22 -14 -13 17 18 -1 -17 -20 -21 -16 -7 24 -9 -8 -27 -12 29 -29
right_child=-2 2 -4 -5 5 6 10 8 -10 -11 27 14 13 -15 21 16 -18 -19 19 20 -22 -23 -24 -25 -26 26 -28 28 -30 -31
leaf_value=0 -0.0057585794780052046 0 -0.0031401729398866118 0.014172810929092712 -0.0051723228325435029 -0.0019998521317300621 0.00055292262935546365 0.0064318932712126384 0.014335031522800499 -0.0028468789052117842 0.0037782973429443911 -0.0044387452251521175 -0.010066441979539353 0.00163949027171049 0.0085741628912642791 -0.0016728211216027165 -0.0053266879954114487 -0.0068005995699885 -0.0011694734780364226 0.01488329934813456 0 -0.0013285752563427257 0.0074088436789204641 0.0089345352772709843 -0.0065696470585888504 0 -0.013964819197846888 0.0026299866692939388 0.0069472622274556507 -0.0053568230638527895
leaf_weight=44.641261164564639 19.083127997233532 5.1728194633033135 4.9957403517328194 9.9348363217432052 15.606029264396055 8.9546523438766616 3.3300053155981031 4.7460884572938085 12.948423825670032 15.834276173729448 66.508788702893071 13.547543110325934 11.606695322319867 5.9549780134111634 11.760778025025504 5.2657625626307007 11.564380472525952 48.814188760821708 5.3787913434207466 12.29581314395182 2.2160872018430338 6.5455559552647165 11.359244536608456 23.805988181149591 6.031678473576898 6.6788210719823899 13.462995781330386 21.981467810925096 12.856766735669224 44.598524204804562
leaf_count=3941 2280 154 194 245 1213 168 124 104 263 430 6063 827 212 87 331 362 748 3436 349 741 121 165 185 708 176 264 603 1986 761 3954
internal_value=0 0.000303771 0.00546518 0.00957891 0 0.00094242 0.00143336 0.00379433 0.00671568 0.00299934 4.96857e-05 -0.00321574 -0.000773366 -0.00562934 0 -0.00223245 0.00122397 -0.00383384 0.00548358 0.00829234 0.0123344 0.00455092 0.00280099 0.00631722 0 -0.00750063 -0.00960974 0.00153019 -0.000192582 -0.00237609
internal_weight=487.482 468.399 20.1034 15.1077 448.296 318.119 302.513 101.242 63.3665 50.418 201.271 55.3257 37.8756 17.5617 31.8539 130.176 36.7208 93.4554 25.1565 19.8907 14.5119 18.3063 20.3139 34.5838 10.7778 23.4718 20.1418 145.946 79.4368 66.58
internal_count=31195 28915 593 399 28322 18624 17411 2333 1681 1418 15078 2314 652 299 1323 9698 2321 7377 1573 1211 862 496 353 988 280 991 867 12764 6701 5940
is_linear=0
shrinkage=0.05


Tree=143
num_leaves=31
num_cat=0
split_feature=30 29 32 31 35 26 5 15 24 9 30 37 21 25 24 37 40 37 2 7 37 17 10 40 30 6 1 32 38 38
split_gain=0.40284 0.413912 0.528591 1.05288 0.676932 0.60394 0.491019 0.352306 0.320282 0.428949 0.597441 0.542423 0.403483 0.400982 0.610225 0.601183 0.392638 0.350867 0.393478 0.309718 0.315195 0.264237 0.26074 0.250854 0.24649 0.393295 0.327844 0.302998 0.271327 0.257778
threshold=0.3966666460037232 0.2833333313465119 0.096666663885116591 -0.22999998927116391 0.32333332300186163 0.17666667699813846 0.42333334684371954 -0.076666668057441698 0.096666663885116591 -0.04333332180976867 -0.15666666626930234 -0.031506061553955071 -0.29000000655651087 0.096666663885116591 1.0000000180025095e-35 -0.065113067626953111 0.46333333849906927 -0.015917301177978512 -0.10999999940395354 -0.29000000655651087 -0.061517238616943352 -0.33666665852069849 0.056666672229766853 0.18666666746139529 0.20333331823349002 -0.049999997019767754 0.1449999809265137 -0.12333333492279051 0.043743610382080085 -0.081275463104248033
decision_type=2 2 2 2 2 2 2 2 2 2 2 2 2 2 2 2 2 2 2 2 2 2 2 2 2 2 2 2 2 2
left_child=8 -2 -3 4 5 -4 -6 -5 13 10 -10 -11 -13 14 15 21 -15 18 -17 -12 -21 -1 -22 -16 25 26 28 -26 29 -19
right_child=1 2 3 7 6 -7 -8 -9 9 11 19 12 -14 16 23 17 -18 24 -20 20 22 -23 -24 -25 27 -27 -28 -29 -30 -31
leaf_value=-0.00039054016525417665 -0.0051072511724280407 0.010347602897239025 0.00024854216497000861 0.013529733554052847 0.0066815371251220173 -0.011922430545301017 -0.0041388584311788787 0 -0.0042804971329558359 0.00022143815849988489 -0.0029882117927568252 0 -0.0098042201607667686 0.00015484804781672385 0 -0.010722400096142452 -0.0064160213893053597 -0.00069678990659117351 0 -0.0018345302975855183 0.0096250774625301141 0.0093822922161601718 0 0.0094594379052007696 0.0012004974418056615 0.0069056476630570121 -0.006907131890592927 -0.0080927373077177775 -0.0019801863703682913 0.0084334588358519133
leaf_weight=2.8267853627912727 7.6077333134599021 18.501898194896057 11.333099557086827 12.605814040871339 21.046971638686959 16.419574488420039 9.1404935144819301 4.7452363120391956 34.069581074174494 23.325715993181802 4.4170202643144867 9.8338824734091741 40.735146200750023 40.491930190823041 10.876954318257047 12.392607637215404 31.049429700709879 4.1558323649223921 20.985983090940863 3.5708195946644983 24.745437602279711 15.661772772204129 5.3958878885023287 23.303801679750904 7.7983887365553555 19.786772293969989 9.4248049636371416 10.775610086508093 14.789894137531517 12.704768849071117
leaf_count=146 348 432 293 480 495 343 434 478 3152 1459 271 946 2912 3337 651 892 2811 277 1387 240 1461 805 264 1341 370 1498 744 549 1225 970
internal_value=-3.20837e-05 0.00262498 0.00377204 0.00120416 -0.00187577 -0.00705093 0.00257136 0.0103989 -0.000829215 -0.00263574 0 -0.00516211 -0.00784738 0.00021897 0.00165453 0 -0.00265034 -0.00146607 -0.00535898 0.00414838 0.00602316 0.00713761 0.0077958 0.00704632 0.000138572 0.00195978 -0.000468178 -0.00383314 0.00158037 0.00549721
internal_weight=484.52 101.401 93.7931 75.2912 57.9401 27.7527 30.1875 17.3511 383.119 146.093 72.1987 73.8947 50.569 237.025 165.484 131.303 71.5414 112.815 33.3786 38.1292 33.7121 18.4886 30.1413 34.1808 79.4361 60.8621 41.0753 18.574 31.6505 16.8606
internal_count=31011 3303 2955 2523 1565 636 929 958 27708 10705 5388 5317 3858 17003 10855 8863 6148 7912 2279 2236 1965 951 1725 1992 5633 4714 3216 919 2472 1247
is_linear=0
shrinkage=0.05


Tree=144
num_leaves=31
num_cat=0
split_feature=10 0 1 5 30 29 29 16 10 41 41 39 35 39 39 29 6 10 5 41 20 40 0 39 39 16 29 37 20 10
split_gain=0.388394 0.346823 0.563428 0.475393 0.413326 0.496964 0.402209 0.669945 0.391213 0.448226 0.461899 0.374906 0.41222 0.363147 0.512726 0.447485 0.384958 0.293789 0.249265 0.23022 0.404416 0.447655 0.36544 0.407016 0.338132 0.583058 0.419635 0.370787 0.351299 0.326507
threshold=0.48333334922790533 0.34333333373069769 0.32999998331069952 0.31166666746139532 0.46166664361953741 0.22333335876464847 0.45499998331069952 -0.40333333611488337 -0.090000003576278673 0.060985172167420394 0.026133484207093719 0.012335670646280052 -0.33666665852069849 0.014356491621583702 0.021928180009126667 0.45499998331069952 0.43666666746139532 0.33666664361953741 0.43000000715255743 0.0389526765793562 -0.12333333492279051 0.79000002145767223 0.14999997615814212 0.015012674499303104 0.025416773743927482 -0.22333332896232602 -0.0883333384990692 -0.054805755615234368 -0.21666666865348813 -0.023333340883255001
decision_type=2 2 2 2 2 2 2 2 2 2 2 2 2 2 2 2 2 2 2 2 2 2 2 2 2 2 2 2 2 2
left_child=1 3 -3 4 5 19 7 -5 -7 10 -10 -12 -13 -4 16 -16 -15 -8 -2 20 -1 -22 24 -24 25 29 27 -26 -27 -21
right_child=18 2 13 6 -6 8 17 -9 9 -11 11 12 -14 14 15 -17 -18 -19 -20 22 21 -23 23 -25 26 28 -28 -29 -30 -31
leaf_value=0.001732730659872129 0.01083021272299519 0.0012682163625114843 0.00096734293279281906 0.014141933108087958 0.0063684349825091071 0.0017494615734632967 0.0031180472920161518 0.00099829612272635607 0.0026602872228241956 0.0013738144801545037 0.0014079894279073477 0.00098296303121464448 -0.010743522850092876 -0.015639878539638559 -0.0058285857963366848 0.0061836304640538256 0 -0.0070525808235994154 0 -0.007648741110409054 -0.0064397072316950705 0.0020678527386459081 -0.0026975598475438615 0.0080972490523791713 0.00082495266797078404 0 0.00079175091474238115 -0.011842923943630878 0.007352495247528637 0.00079466364476668484
leaf_weight=39.497300290269777 6.8816430245060456 27.82955707795918 5.9214106746949247 12.298586303368209 13.341273151338099 13.939388969447462 5.9726367983967048 33.233226674725302 4.1074845378752789 11.103364426642655 2.8652421489823601 3.1816648014355371 51.504144457750961 16.211554871872071 14.350820387247952 5.6456650351174167 2.3628562368685371 7.5736183018889278 2.8530817180871964 14.241825944511222 46.895763086038642 13.081909756641833 4.4807155672460821 26.781914926017635 2.439294710289686 20.130268013803288 13.332806407357564 12.369113328983078 34.373103021411225 13.912109157303346
leaf_count=3201 376 1721 408 286 232 685 180 3015 162 474 102 108 2306 1043 1115 201 213 227 234 647 3728 1038 358 1784 127 1777 780 1010 2999 515
internal_value=-0.000137641 -0.000439387 -0.00349362 9.38621e-05 -0.000579369 -0.00104581 0.00406506 0.00626688 -0.00416414 -0.00566142 -0.00730729 -0.00859608 -0.00961958 -0.006764 -0.00848226 -0.000831036 -0.0134879 -0.00170865 0.0075114 4.63403e-05 -0.00163394 -0.00418588 0.0014103 0.00569393 0 0.00160072 -0.00425513 -0.00891861 0.00464299 -0.00333786
internal_weight=482.713 472.979 72.3219 400.657 341.579 328.237 59.0781 45.5318 86.7013 72.7619 61.6585 57.5511 54.6858 44.4923 38.5709 19.9965 18.5744 13.5463 9.73472 241.536 99.475 59.9777 142.061 31.2626 110.799 82.6573 28.1412 14.8084 54.5034 28.1539
internal_count=31052 30442 4701 25741 22033 21801 3708 3301 3837 3152 2678 2516 2414 2980 2572 1316 1256 407 610 17964 7967 4766 9997 2142 7855 5938 1917 1137 4776 1162
is_linear=0
shrinkage=0.05


Tree=145
num_leaves=31
num_cat=0
split_feature=23 4 12 28 23 33 36 39 4 27 14 14 5 41 32 12 5 11 24 39 23 14 14 41 39 16 2 30 10 5
split_gain=0.430037 0.39921 0.49103 0.412439 0.390499 0.43408 0.347652 0.33658 0.492456 0.315823 0.300005 0.358503 0.717919 0.455454 0.400955 0.387695 0.323206 0.291155 0.513444 0.339177 0.336094 0.285773 0.396054 0.27989 0.266909 0.26627 0.258621 0.254841 0.303917 0.253528
threshold=0.29000002145767217 -0.10999999940395354 -0.37666666507720942 0.17000001668930056 0.45666664838790899 -0.11666667461395262 0.056666672229766853 0.028816987760365013 0.41000002622604376 0.32333332300186163 0.32999998331069952 -0.40333333611488337 0.30333334207534796 0.043385956436395652 -0.236666664481163 -0.40333333611488337 0.30333334207534796 0.24333333969116214 0.056666672229766853 0.024153697304427627 -0.31000000238418574 0.35666668415069586 0.41666668653488165 0.058628762140870101 0.01707923132926226 -0.18333333730697629 -0.36333334445953364 -0.26999998092651362 0.20999997854232791 0.35666668415069586
decision_type=2 2 2 2 2 2 2 2 2 2 2 2 2 2 2 2 2 2 2 2 2 2 2 2 2 2 2 2 2 2
left_child=1 2 3 6 5 -2 -1 8 -7 10 11 12 14 15 -3 -13 26 21 19 -19 -21 27 -23 25 -5 -15 -12 -4 -29 -14
right_child=4 9 17 24 -6 7 -8 -9 -10 -11 16 13 29 23 -16 -17 -18 18 -20 20 -22 22 -24 -25 -26 -27 -28 28 -30 -31
leaf_value=0.0059067128533300886 -0.00095625687518366323 0.00079533925963261537 0.0036828066889578975 0 -0.0013999581457177933 0.0095188647713289123 -0.0043098528657248688 0 -8.2657464531715508e-05 0.0025612300003415769 0 0.0047716315868394626 0.0082212546147833396 0 -0.010526139309997221 -0.0045537870319867172 0 0 -0.0028474793564319156 0 0.016809236248622458 -0.013093919955197684 0 -0.00089710581203771445 0.013207249487670806 0.0091579954863890266 -0.015094528736033484 -0.0040910925169219533 0.0024405594549585363 -0.0013354450446253986
leaf_weight=9.6239660654682684 18.979628402623348 3.974321547895669 21.683111971942708 4.1355640473775592 27.887135797645897 50.505349977640435 11.444170744391156 10.847128873341715 10.767059755278749 23.19056478922721 1.6840095927473147 5.9352496620267621 5.5610358756966871 18.968918715137988 30.654635936953127 57.129030624520965 4.0569547906052312 11.946776411728939 11.378593162167816 2.9464895761338994 5.6316573027288523 5.5317672709934396 6.9915977171622217 17.996500740293413 12.344778551720081 16.335100065800361 7.3881081873551002 46.903689005412161 16.959526741877198 5.8572224359959364
leaf_count=378 1458 108 1973 107 1465 2413 456 539 764 2203 144 236 108 934 879 4305 445 986 1019 192 271 466 574 1219 280 1555 696 3754 1073 115
internal_value=0.000371904 -0.000426845 0.00125904 0.00587194 0.00293303 0.00452145 0 0.00624576 0.00760313 -0.00196533 -0.00276593 -0.00179565 -0.00525844 -3.04214e-05 -0.00868589 -0.00297586 -0.00913373 -9.00377e-05 0.00346718 0.00776264 0.012954 -0.00162065 -0.00729957 0.00298148 0.0106141 0.00540699 -0.012629 -9.22838e-05 -0.00193807 0.00311234
internal_weight=485.24 366.253 167.522 37.5485 118.986 91.0992 21.0681 72.1195 61.2724 198.732 175.541 162.412 46.0472 116.365 34.629 63.0643 13.1291 129.973 31.9035 20.5249 8.57815 98.0697 12.5234 53.3005 16.4803 35.304 9.07212 85.5463 63.8632 11.4183
internal_count=31115 24476 11529 1221 6639 5174 834 3716 3177 12947 10744 9459 1210 8249 987 4541 1285 10308 2468 1449 463 7840 1040 3708 387 2489 840 6800 4827 223
is_linear=0
shrinkage=0.05


Tree=146
num_leaves=31
num_cat=0
split_feature=15 4 1 10 8 3 39 28 32 39 4 8 13 41 24 27 40 27 34 35 14 14 27 31 7 14 19 39 20 28
split_gain=0.372982 0.394326 0.658458 0.637681 0.598239 0.543177 0.769532 0.539083 0.366317 0.769495 0.62381 0.585568 0.575162 0.498336 0.34952 0.326051 0.531496 0.32571 0.316478 0.312519 0.295077 0.327386 0.415891 0.413035 0.399318 0.444723 0.405202 0.354504 0.320193 0.317709
threshold=-0.16333332657814023 -0.13666665554046628 0.17000001668930056 0.31666666269302374 -0.096666663885116563 0.32333332300186163 0.024349682964384559 0.21166664361953738 0.31000000238418585 0.027981002815067772 0.25666666030883795 0.40333333611488348 -0.43000000715255732 0.036958875134587295 0.20999997854232791 -0.15666666626930234 0.88999998569488536 -0.12333333492279051 0.27666664123535162 0.44333332777023321 -0.036666661500930779 0.11000001430511476 0.20999997854232791 0.3966666460037232 0.13666665554046634 0.40333333611488348 0.31000000238418585 0.038017518818378455 -0.22999998927116391 -0.12333333492279051
decision_type=2 2 2 2 2 2 2 2 2 2 2 2 2 2 2 2 2 2 2 2 2 2 2 2 2 2 2 2 2 2
left_child=1 3 5 4 -1 7 -7 14 9 10 -4 17 13 -12 -3 16 18 -10 -9 -13 -2 29 24 -24 25 27 -26 -23 -25 -22
right_child=20 2 8 -5 -6 6 -8 15 11 -11 12 19 -14 -15 -16 -17 -18 -19 -20 -21 21 22 23 28 26 -27 -28 -29 -30 -31
leaf_value=0.0065235272469918162 -0.0040939770605876169 -0.0023373056726679639 0.0020768692738946139 0.01160789774772544 -0.0035081057000759075 0.010827041993625679 -0.0059115670477652002 -0.013407485563015201 0.013725501034199167 0.010144777803365989 0 -0.0067176483231929738 0 -0.01995500830753974 0.0064834283204181931 0 0.0002074698443892038 0 0 0.0049475272963250914 0.0075872849547218959 -0.010782389095098065 -0.0019448820810956933 -8.2808648252304996e-05 0.0064334588503282388 0.00010050630653749622 -0.0034974702877859105 0.00043662271344524289 0.0091852483517720629 -4.698288956239726e-05
leaf_weight=20.234143527457491 63.838810203364119 32.53129277122207 30.980702173430473 16.701464963611215 26.427364404546097 11.002531126607208 4.5137063341680905 26.520438125822697 16.187039454234768 10.653864686843006 4.3949621096253413 6.4239175012335163 13.864214588655157 4.8114450392313302 9.7798337358981353 13.830395455239339 6.6683390657417467 5.209651060751642 3.3222080282866946 3.3871241263113916 17.588091089157388 29.468513040570542 24.50955925474409 7.2464609419694197 11.316896535106936 11.596451456076464 18.226608828525059 3.1029322531539938 16.31795761466492 17.859141477500089
leaf_count=826 5770 1713 1185 440 1131 377 157 822 407 340 90 197 629 125 441 746 174 379 73 155 1766 2814 3319 282 1112 921 2112 223 599 1997
internal_value=6.4366e-05 0.00135441 0.000116422 0.00462634 0.00061488 -0.00237215 0.00450519 -0.00398124 0.00314271 0.000405171 -0.00192006 0.00716612 -0.00746823 -0.014184 0 -0.00718846 -0.00936268 0.0110835 -0.0118754 -0.000760004 -0.00138073 -1.59671e-05 -0.00141217 0.00174874 -0.00376378 -0.00651198 4.71449e-05 -0.00916379 0.00605116 0.00368779
internal_weight=488.516 267.445 204.082 63.363 46.6615 108.169 15.5162 92.6525 95.9129 64.7052 54.0513 31.2077 23.0706 9.20641 42.3111 50.3414 36.511 21.3967 29.8426 9.81104 221.071 157.233 121.785 48.074 73.7114 44.1679 29.5435 32.5714 23.5644 35.4472
internal_count=31322 10407 8010 2397 1957 4503 534 3969 3507 2369 2029 1138 844 215 2154 1815 1069 786 895 352 20915 15145 11382 4200 7182 3958 3224 3037 881 3763
is_linear=0
shrinkage=0.05


Tree=147
num_leaves=31
num_cat=0
split_feature=4 5 38 37 33 4 24 19 38 38 32 33 27 41 30 35 19 17 4 24 33 3 10 10 24 27 24 12 22 21
split_gain=0.242482 0.450472 0.541195 0.657788 0.463586 0.383509 0.385533 0.345554 0.331658 0.33394 0.316377 0.534973 0.585532 0.469454 0.35619 0.341895 0.302453 0.288091 0.276767 0.281676 0.403615 0.397386 0.318199 0.299565 0.308493 0.398941 0.313484 0.268537 0.267599 0.264364
threshold=0.44333332777023321 0.2833333313465119 0.08760929107666017 -0.030344486236572262 0.25000000000000006 0.41000002622604376 -0.04333332180976867 0.11000001430511476 0.024679183959960941 0.065794467926025405 0.1566666662693024 0.20999997854232791 -0.26999998092651362 0.030753827653825287 0.46833333373069769 0.20333331823349002 0.01666665077209473 -0.43000000715255732 0.29666668176651007 -0.37666666507720942 0.14999997615814212 -0.33666665852069849 0.38333332538604742 0.14999997615814212 -0.17000000178813932 -0.1766666769981384 0.24333333969116214 -0.049999997019767754 0.35666668415069586 -0.30333334207534784
decision_type=2 2 2 2 2 2 2 2 2 2 2 2 2 2 2 2 2 2 2 2 2 2 2 2 2 2 2 2 2 2
left_child=1 10 3 5 7 6 -3 -5 17 16 14 15 13 -13 18 -12 -10 -6 19 -1 23 -22 29 24 25 -21 28 -8 -26 -23
right_child=-2 2 -4 4 8 -7 27 -9 9 -11 11 12 -14 -15 -16 -17 -18 -19 -20 20 21 22 -24 -25 26 -27 -28 -29 -30 -31
leaf_value=-0.0039193219464560931 -0.0046613313183997158 0 0.010950993751521374 -0.010687609360854888 0.010030939335763997 -0.0017161041337122836 0.015038271944582621 0 -0.014396361458840696 0.002688662632116921 -0.0034724856825315248 0 0 -0.015206142903708298 0.0089396098075920274 0.0039628003405556746 0 0 -0.0054048446864967325 0.0083830741748674008 -0.0017639253595258604 0 -3.1927235847885276e-05 0.0036745909980230142 -0.0046731660038834954 -0.00054162123741584647 0.0015577152722411327 0 0.0025374909415365478 0.010693068696138029
leaf_weight=25.484993778751232 20.11161221540533 7.9414393058978083 13.596261235186828 13.61910586897284 7.3583360216580358 5.1455744109116486 11.799904048210015 6.3765963574405751 2.6358594140037885 2.4853216079063714 22.692392972530797 4.6026225760579136 18.100043723359704 14.825688563054426 5.4574187304824582 26.414045385085046 2.521303114015609 12.753212294657716 16.317240432486869 11.572751300642265 8.797635618131606 4.0720748472958794 5.7198903978569424 37.538436698610894 84.610375014133751 26.695465206168592 26.717635321314447 6.9268058310262814 6.363774544093757 26.126319679664451
leaf_count=2263 1852 390 927 662 134 229 303 676 73 161 1182 143 1364 486 81 1630 237 763 1287 571 513 267 322 2035 5851 2211 2037 529 450 1464
internal_value=0 0.000287128 0.00331546 0.00104205 -0.00225395 0.0062229 0.00855383 -0.00727835 0.00127559 -0.0043671 -0.000445495 -0.00301276 -0.00707362 -0.0119674 0.000293821 6.92563e-05 -0.00962541 0.00488805 0 0.000385012 0.00103285 0.00500328 0.00727243 0 -0.000997126 0.00236298 -0.00235343 0.0116467 -0.00378518 0.00912256
internal_weight=485.38 465.269 93.1597 79.5635 47.7497 31.8137 26.6681 19.9957 27.754 7.64248 372.109 86.6348 37.5284 19.4283 285.474 49.1064 5.15716 20.1115 280.017 263.699 238.214 44.7159 35.9183 193.498 155.96 38.2682 117.692 18.7267 90.9741 30.1984
internal_count=31093 29241 5084 4157 2706 1451 1222 1338 1368 471 24157 4805 1993 629 19352 2812 310 897 19271 17984 15721 2566 2053 13155 11120 2782 8338 832 6301 1731
is_linear=0
shrinkage=0.05


Tree=148
num_leaves=31
num_cat=0
split_feature=10 39 1 39 32 38 38 24 10 25 38 38 32 32 14 21 21 23 25 26 24 41 33 25 40 9 40 31 39 39
split_gain=0.337251 0.281758 0.243354 0.69794 0.535067 0.489968 0.48654 0.388729 0.440765 0.374627 0.370791 0.294754 0.401874 0.489969 0.37037 0.360135 0.35261 0.280224 0.37972 0.38634 0.368435 0.279228 0.269347 0.257862 0.248613 0.246855 0.343818 0.314624 0.509956 0.416974
threshold=0.46999999880790716 0.029205097816884521 0.17000001668930056 0.025009035132825378 0.31666666269302374 -0.11709117889404295 -0.044083595275878899 0.35000002384185797 0.41666668653488165 -0.19666665792465207 -0.11709117889404295 0.15047979354858401 -0.13666665554046628 0.21666666865348819 0.11000001430511476 -0.31666666269302363 1.0000000180025095e-35 0.01666665077209473 -0.1766666769981384 -0.31666666269302363 -0.069999992847442613 0.028521345928311351 -0.11666667461395262 -0.2766666561365127 0.93666666746139537 -0.20333333313465116 0.23666666448116305 -0.17000000178813932 0.020900135859847072 0.0129718822427094
decision_type=2 2 2 2 2 2 2 2 2 2 2 2 2 2 2 2 2 2 2 2 2 2 2 2 2 2 2 2 2 2
left_child=2 -2 9 4 6 -5 -4 8 -6 11 -11 12 14 23 15 -1 -16 22 19 -19 -21 -17 -8 24 -14 26 -12 29 -29 -27
right_child=1 -3 3 5 7 -7 17 -9 -10 10 25 -13 13 -15 16 21 -18 18 -20 20 -22 -23 -24 -25 -26 27 -28 28 -30 -31
leaf_value=0 0.0086127665992804057 -0.001568526679015067 -0.008436508626388636 -0.00062863020635948454 0.010679417576795254 0.0086989805174759113 -0.00094033413778703268 -0.0017091219856988984 -0.0018553837612006166 0.0015933250453225379 -0.0048509449829150716 -0.0061306091499063256 -0.0088707750183828604 0.00625597859260393 0.0040539885951996575 0 -0.0065699222527085656 0.0016354118274751004 0.0003837691612236726 0 -0.014661765629458491 0.012338096179958024 0.0078043091509619328 0.00033776577082299166 0.00017242637264079316 0.0023453230471651623 0.0032035586109011808 0.0022847386668280517 -0.0056415455104437233 -0.0080814002530499706
leaf_weight=5.0489619668805998 13.855332759208979 2.4653040366247287 22.84979286766611 13.223042733501641 16.642101671081043 34.77632457704749 7.2500329336617169 10.20470984186977 3.5494602121179915 35.603078759158961 16.30967223783955 4.9988286291481918 18.729473286075518 8.9106318370904756 13.872331281425433 3.3188749612309065 6.8562769084237507 2.5862924763932833 27.758309472235851 4.1558737156447014 8.5856006994144956 19.956221968401223 11.004634422482921 10.521059116581457 3.3197455438785246 4.4175763970706603 26.599498960771598 34.309713579714298 31.245196010102518 60.398912697099149
leaf_count=277 896 140 1390 756 876 1976 541 827 146 2058 1462 384 1271 418 949 236 544 199 1687 281 498 1365 635 644 156 199 2109 2968 2303 2786
internal_value=-3.77696e-06 0.00594657 -0.000337376 0.00112203 -0.000858044 0.00588207 -0.00304754 0.00402214 0.00760117 -0.00120399 -0.00240916 0.00117154 0.00218969 -0.00092462 0.00509114 0.00827942 0 -9.60488e-05 -0.00258155 -0.00772108 -0.0108698 0.0105416 0.00392708 -0.00420485 -0.0068723 -0.00339677 0 -0.00443778 -0.00130003 -0.00687924
internal_weight=483.323 16.3206 467.002 162.586 114.587 47.9994 84.1905 30.3963 20.1916 304.416 208.884 95.5324 90.5336 41.4809 49.0527 28.3241 20.7286 61.3407 43.0861 15.3278 12.7415 23.2751 18.2547 32.5703 22.0492 173.281 42.9092 130.371 65.5549 64.8165
internal_count=30977 1036 29941 9812 7080 2732 5231 1849 1022 20129 13885 6244 5860 2489 3371 1878 1493 3841 2665 978 779 1601 1176 2071 1427 11827 3571 8256 5271 2985
is_linear=0
shrinkage=0.05


Tree=149
num_leaves=31
num_cat=0
split_feature=27 3 0 33 37 3 30 3 9 24 32 38 17 26 36 21 26 41 39 31 31 19 13 41 38 2 37 24 15 18
split_gain=0.294219 0.314529 0.559384 0.480013 0.43853 0.815413 0.591451 0.489162 0.443994 0.554801 0.457164 0.407952 0.367282 0.334935 0.331555 0.319766 0.307412 0.291179 0.458451 0.645303 0.708581 0.656013 0.521257 0.425493 0.551226 0.439942 0.35271 0.306967 0.283593 0.273478
threshold=-0.20333333313465116 -0.24999999999999997 -0.31666666269302363 -0.030000001192092892 -0.070494174957275377 0.35500001907348638 0.31000000238418585 0.46333330869674688 0.18999999761581424 0.32999998331069952 0.083333313465118422 0.12017393112182619 0.32999998331069952 0.44333332777023321 0.14999997615814212 0.12333333492279054 0.13666665554046634 0.046853924170136459 0.0300090815871954 -0.26999998092651362 -0.36333334445953364 0.25000000000000006 -0.20333333313465116 0.061374438926577575 -0.20502901077270505 -0.40333333611488337 0.011377334594726564 -0.32999998331069941 -0.29666668176650995 0.41000002622604376
decision_type=2 2 2 2 2 2 2 2 2 2 2 2 2 2 2 2 2 2 2 2 2 2 2 2 2 2 2 2 2 2
left_child=1 2 -1 13 6 8 -5 12 14 10 -10 15 -7 -3 -6 -4 17 18 19 20 26 27 -20 24 -19 -26 -2 -21 -12 -27
right_child=16 3 11 4 5 7 -8 -9 9 -11 28 -13 -14 -15 -16 -17 -18 23 22 21 -22 -23 -24 -25 25 29 -28 -29 -30 -31
leaf_value=-0.001991523566137536 0.00077035178823507623 -0.0054502807335886309 0.011790258961336996 0.0032705974713866911 0 0.014291898807821177 -0.011321461074238374 -0.00074498562743274355 0.00021035614292283741 0.0063400443869275642 -0.011739141460605458 -0.0012906456553947922 0 0.0023308838523765051 0.0086327776343615402 0 -0.0056931969613317054 -0.0040180934062770219 -0.0021462138147822544 0 0.0084736049345958513 0.0010829448855891085 0.0095995183173991708 -0.0020942915854591788 -0.0023184998554739832 0.0094594418022507093 -0.0083709708095905666 -0.0091222818089307448 0 -0.00037302009502620669
leaf_weight=12.635924257105215 16.689789610216398 40.66430640895851 25.772630795370791 6.2894730418920499 30.163681267760694 20.660697806160904 7.6052792337723076 4.1012402635533354 14.047531623858957 5.7574385779444119 16.816319395322353 3.8670880774734533 3.3060523176100096 10.463900322560219 15.105906055308877 3.8981400185730299 24.328276197309606 7.9629924005130297 10.839940257836135 8.5071062361821514 16.613232163363136 20.973400690010749 11.972398376790805 29.771392577560619 4.9191302037797859 40.118337040650658 10.097130062524228 53.912792008020915 5.8672664654441204 2.2550851514097294
leaf_count=589 895 2316 1069 241 1072 527 253 213 555 174 426 171 213 297 543 121 2527 576 469 916 1096 2119 1057 2384 400 3229 550 5558 386 262
internal_value=0.00016675 0.00150265 0.00497111 0.000352109 0.00207595 0.00324714 -0.00446538 0.00985715 0.000370886 -0.00279522 -0.00550135 0.00813083 0.0122916 -0.00334262 0.00380947 0.0100702 -0.000917548 -0.000188875 -0.00158919 -0.00288924 0.00150498 -0.00540329 0.00386585 0.0019427 0.00451802 0.00671498 -0.00281422 -0.00785194 -0.00921419 0.00843799
internal_weight=485.984 227.023 46.1738 180.849 129.721 115.826 13.8948 28.068 87.7581 42.4886 36.7311 33.5379 23.9668 51.1282 45.2696 29.6708 258.961 234.633 149.606 126.793 43.4002 83.3933 22.8123 85.0269 55.2555 47.2926 26.7869 62.4199 22.6836 42.3734
internal_count=31204 9166 1950 7216 4603 4109 494 953 3156 1541 1367 1361 740 2613 1615 1190 22038 19511 12660 11134 2541 8593 1526 6851 4467 3891 1445 6474 812 3491
is_linear=0
shrinkage=0.05


Tree=150
num_leaves=31
num_cat=0
split_feature=17 33 37 41 37 41 2 25 17 29 6 25 28 22 21 41 41 17 8 17 19 23 8 41 29 37 13 33 3 10
split_gain=0.291409 0.480047 1.11694 0.519206 0.493549 0.474492 0.335571 0.32455 0.534833 0.727472 0.602997 0.397974 0.380408 0.520614 0.358891 0.333999 0.333887 0.410722 0.330476 0.327297 0.324362 0.315627 0.31507 0.341544 0.354158 0.289031 0.337986 0.276433 0.267123 0.265818
threshold=-0.43000000715255732 0.22333335876464847 0.011377334594726564 0.031793767586350448 -0.065113067626953111 0.041695982217788703 -0.15000000596046445 -0.18333333730697629 -0.10999999940395354 0.32999998331069952 0.2833333313465119 0.43666666746139532 0.35500001907348638 -0.076666668057441698 -0.236666664481163 0.076008021831512465 0.046721586957573898 0.030000001192092899 0.18333333730697635 -0.37666666507720942 0.30333334207534796 -0.036666661500930779 0.11000001430511476 0.061374438926577575 0.069999992847442641 0.043982982635498054 -0.41666667163372034 -0.21000000834465024 -0.1766666769981384 -0.43000000715255732
decision_type=2 2 2 2 2 2 2 2 2 2 2 2 2 2 2 2 2 2 2 2 2 2 2 2 2 2 2 2 2 2
left_child=1 3 4 -1 -3 -5 -4 16 10 15 14 28 21 -14 -9 -10 17 27 19 -16 29 -11 23 24 -18 26 -7 -2 -12 -19
right_child=7 2 6 5 -6 25 -8 8 9 12 11 -13 13 -15 18 -17 22 20 -20 -21 -22 -23 -24 -25 -26 -27 -28 -29 -30 -31
leaf_value=-0.0091073296334292699 -0.0015579355917969364 0 0.0032477660502113225 0.0081868455679841041 0.015358788314568557 -0.0098015022230023112 -0.0069517908752566157 0.0032570377175740704 -0.0023475204151125642 0 0 0.0005389043464442138 -0.0079417562316887891 0.004910442227691437 0.00039228665455982506 0.0053994871565298669 0.011956930428972803 0.00077185680745487869 0.0019047921967480529 -0.0067589920456048065 0.0016245491805052963 0.013883215859265783 -0.00050389887296758149 0 0 0.0033184225654108012 0.0012913699129601082 0.005221349511373906 -0.014938235000575629 -0.0087744306239074324
leaf_weight=7.7972110495902589 14.518177602440117 4.6838038181886104 7.3409887219313559 12.769046673085539 18.931699683889747 9.656834287568925 10.14696094766259 20.579696460394189 109.6047111999942 5.8963432065211263 4.1944123574066969 2.3507768961135289 5.2142847372451824 18.7184864054434 13.147809375775976 8.5624676581937802 20.285749930655587 2.6389381182380047 14.599291390273718 46.377362088649534 8.0561837514396739 11.508031020755878 12.139426440699024 11.984521714039145 5.2403158901724955 6.517132486216723 4.0654153416398939 29.934008941520005 14.976312688319011 21.564174577011727
leaf_count=242 1175 121 157 363 386 261 194 1235 9996 477 226 221 331 1122 584 637 1335 243 703 2938 564 797 875 792 276 172 183 1874 677 1957
internal_value=0.000282068 0.00291375 0.00641285 -0.00044699 0.0125269 0.00204402 -0.00186998 -0.000227724 -0.00123688 0.000516933 -0.00375553 -0.0104763 0.0058793 0.000244467 -0.0014468 -0.00135104 0.00174171 -8.09916e-05 -0.00321087 -0.00490661 -0.00424359 0.0105105 0.0047122 0.00681155 0.00954564 -0.00186457 -0.00585442 0.00258974 -0.0126267 -0.00695928
internal_weight=484.001 81.9091 41.1035 40.8056 23.6155 33.0084 17.4879 402.091 275.73 159.504 116.226 21.5215 41.3371 23.9328 94.7042 118.167 126.361 76.7115 74.1245 59.5252 32.2593 17.4044 49.65 37.5106 25.5261 20.2394 13.7222 44.4522 19.1707 24.2031
internal_count=31114 2079 858 1221 507 979 351 29035 19944 13360 6584 1124 2727 1453 5460 10633 9091 5813 4225 3522 2764 1274 3278 2403 1611 616 444 3049 903 2200
is_linear=0
shrinkage=0.05


Tree=151
num_leaves=31
num_cat=0
split_feature=29 3 2 9 19 21 30 29 38 39 39 25 19 20 22 25 24 39 11 39 38 38 21 17 15 30 7 39 20 26
split_gain=0.345578 0.551562 0.359696 0.782021 0.683164 0.535801 0.531281 0.480137 0.465532 1.2201 0.92791 0.418675 0.700572 0.470174 0.397598 0.356079 0.309951 0.291118 0.307177 0.385337 0.37352 0.326088 0.305478 0.301826 0.283931 0.282022 0.276171 0.258381 0.264717 0.253886
threshold=0.47500002384185797 0.31666666269302374 0.25666666030883795 -0.090000003576278673 -0.20333333313465116 -0.35000000894069666 0.38333332538604742 0.096666663885116591 -0.020427703857421872 0.018264957703650001 0.029205097816884521 -0.030000001192092892 -0.236666664481163 0.23000001907348636 0.20999997854232791 -0.31666666269302363 0.42333334684371954 0.012643355876207353 0.23666667938232425 0.02714524976909161 -0.13551092147827146 0.074303150177001967 -0.33666665852069849 -0.063333332538604722 -0.21000000834465024 0.01666665077209473 0.46999999880790716 0.012643355876207353 -0.33666665852069849 -0.24333333969116208
decision_type=2 2 2 2 2 2 2 2 2 2 2 2 2 2 2 2 2 2 2 2 2 2 2 2 2 2 2 2 2 2
left_child=2 -2 6 4 -4 -5 7 17 9 -8 15 13 14 24 29 -10 -3 25 23 20 -20 22 -22 -19 -9 -1 27 -7 -29 -13
right_child=1 16 3 5 -6 26 8 11 10 -11 -12 12 -14 -15 -16 -17 -18 18 19 -21 21 -23 -24 -25 -26 -27 -28 28 -30 -31
leaf_value=-0.0098352451791153556 -0.0019426956778350189 0.012958202257036054 0.010747218548447525 0.0048385056591922458 -0.001750892080263778 0.00046267628164328961 -0.013813036795414541 -0.01052853581382935 0 0.0063929563967676925 -0.0058016436158663141 0 -0.0053648345299616533 0.0008169621377127124 -0.0020603717611914021 0.013707974546088415 0 0.0025768288386887701 -0.00068598703381523055 -0.0011484293411178712 0 0 0.014637650700073397 -0.0017803072710293863 0 0.0014684558899520784 0.0013708300447304563 0 -0.0090881934985393414 0.0092579207891189085
leaf_weight=5.2853051990969098 8.8471291756723094 11.695816771592943 11.556161671876909 4.836898448644205 18.873737156391144 3.2412938838824621 5.4159930921159711 28.379799766233187 4.0343968006782296 15.337897246237842 3.6444102567620567 4.4393914511892971 27.384109706967138 11.273392778588457 8.6994347115978581 23.304222607170232 3.5341767037753007 78.786373159848154 4.7122847018763414 9.2094957446679455 6.2642230191268053 4.8909539070446035 16.529947177274156 64.315333527745679 7.2051269251387593 2.2263657501898706 3.1228145720669991 7.1925969803705803 59.293533694930375 21.498813687125221
leaf_count=576 181 318 378 340 1859 212 179 1175 112 537 124 194 2866 584 277 731 228 5552 265 583 540 627 1292 5608 663 201 264 484 3569 667
internal_value=0.000175962 0.00538951 -0.000108572 -0.00259618 0.00329753 -0.00527437 0.00061468 -0.000144911 0.00502403 0 0.00841871 -0.00278429 0 -0.00605394 0.00441073 0.0117672 0.0101717 0.00126303 0.00183144 0.00537683 0.00777243 0.00982005 0.0118796 0.000458057 -0.00863565 -0.00547036 -0.00657996 -0.00734657 -0.00807896 0.00734318
internal_weight=485.031 24.0771 460.954 108.117 30.4299 77.6871 352.837 301.1 51.7369 20.7539 30.983 108.88 62.0217 46.8583 34.6376 27.3386 15.23 192.22 184.709 41.6069 32.3974 27.6851 22.7942 143.102 35.5849 7.51167 72.8502 69.7274 66.4861 25.9382
internal_count=31186 727 30459 7106 2237 4869 23353 21670 1683 716 967 6426 4004 2422 1138 843 546 15244 14467 3307 2724 2459 1832 11160 1838 777 4529 4265 4053 861
is_linear=0
shrinkage=0.05


Tree=152
num_leaves=31
num_cat=0
split_feature=30 7 5 39 5 28 23 22 16 27 38 17 22 1 26 1 29 7 5 31 16 40 9 30 38 39 40 12 40 41
split_gain=0.212563 0.454501 0.386864 0.508379 0.389567 0.347321 0.310467 0.288024 0.284674 0.350428 0.28116 0.290157 0.272464 0.344587 0.246976 0.249342 0.242234 0.335964 0.575265 0.625401 0.447227 0.426853 0.518786 0.335687 0.313238 0.504937 0.30452 0.459452 0.367479 0.317606
threshold=0.47500002384185797 0.38999998569488531 0.27666664123535162 0.015789056196808818 0.44333332777023321 0.46833333373069769 0.47666668891906744 -0.22333332896232602 -0.45666666328907007 -0.096666663885116563 0.033881187438964851 0.34333333373069769 0.32333332300186163 -0.20333333313465116 -0.4433333277702331 -0.36333334445953364 0.096666663885116591 -0.12333333492279051 0.10833334922790529 -0.21666666865348813 0.29000002145767217 0.40000000596046453 0.12333333492279054 0.2833333313465119 -0.092090606689453111 0.0129718822427094 0.089999999850988402 -0.13666665554046628 0.92333334684371959 0.061374438926577575
decision_type=2 2 2 2 2 2 2 2 2 2 2 2 2 2 2 2 2 2 2 2 2 2 2 2 2 2 2 2 2 2
left_child=1 2 16 12 5 14 7 -2 -3 10 11 -10 13 -4 -5 -16 17 21 19 -19 23 22 -1 -21 -18 -26 -27 28 29 -28
right_child=6 8 3 4 -6 -7 -8 -9 9 -11 -12 -13 -14 -15 15 -17 24 18 -20 20 -22 -23 -24 -25 25 26 27 -29 -30 -31
leaf_value=-0.0063043478151056783 0 0.0015669330054712814 0.00033845631981402184 -0.00071976834875136326 -0.0038698243546388361 -0.0026007442096055077 -0.0025059222570975245 0.0089540209499072258 -0.017932821223365324 0 0 0 0.0018541758364002143 -0.012662388730081185 0 0.0093770396641583709 0.001986105920337516 -0.002966118288406594 -0.0035427809739683232 0.010915221357431336 0 0.0013118231017542163 0.0030079194492274204 -0.00098718461183644923 0.0045251427476546372 0.00013362769343637721 -0.010178153461839727 0 0 0
leaf_weight=51.091930088354275 6.7392792620230528 3.9228340312838546 2.659984435653314 2.0272701149806371 3.5576355063822112 2.8887183483457184 7.0773979118093839 16.807799165835604 7.269519508583473 14.993728843168354 5.6919298097491255 2.4927288627950475 3.6091786127071828 5.2267700779484567 5.380138689186416 46.503366100718274 23.282767234602943 11.015367809683083 17.795349753461778 37.323481638799421 9.9315764880739135 65.800762891769409 12.122014416614546 1.4904435933567572 9.9064295650459808 17.79314706963487 52.175977749982849 21.00238416751381 8.8326741047203523 8.0115168669726682
leaf_count=4182 140 89 212 162 328 137 227 411 425 1761 475 236 207 362 390 2548 1217 808 1464 2885 739 4972 902 85 451 900 1950 1735 337 305
internal_value=-0.000213944 -0.000550531 -2.82999e-06 0.00312743 0.00512213 0.00639935 0.00336415 0.00612518 -0.00562115 -0.00733865 -0.0115034 -0.0149903 -0.0040815 -0.00822559 0.00751106 0.00830584 -0.000762733 0.000227287 0.002807 0.00522871 0.00765933 -0.00119415 -0.00405146 0.00982933 -0.00233325 -0.00344447 -0.00459634 -0.00574152 -0.00758319 -0.00889151
internal_weight=484.424 453.8 419.429 71.8531 60.3571 56.7995 30.6245 23.5471 34.3707 30.4479 15.4542 9.76225 11.4959 7.88675 53.9108 51.8835 347.576 206.571 77.5562 59.7609 48.7455 129.015 63.2139 38.8139 141.005 117.722 107.816 90.0226 69.0202 60.1875
internal_count=31042 30264 27278 4346 3565 3237 778 551 2986 2897 1136 661 781 574 3100 2938 22932 16037 5981 4517 3709 10056 5084 2970 6895 5678 5227 4327 2592 2255
is_linear=0
shrinkage=0.05


Tree=153
num_leaves=31
num_cat=0
split_feature=12 11 1 22 6 4 5 11 40 10 2 40 30 25 27 41 25 25 22 24 23 11 20 5 3 22 5 40 6 36
split_gain=0.268505 0.304265 0.366288 0.371313 0.352153 0.362361 0.397849 0.3408 0.386372 0.281156 0.26665 0.33153 0.320747 0.263527 0.442377 0.279737 0.811094 0.505881 0.437588 0.622714 0.559913 0.399961 0.352034 0.348518 0.328546 0.327548 0.301163 0.365758 0.296867 0.294495
threshold=0.43000000715255743 0.23666667938232425 -0.31000000238418574 -0.41666667163372034 0.38333332538604742 -0.063333332538604722 0.4499999880790711 0.11000001430511476 0.48333333432674414 0.37000000476837164 0.32999998331069952 0.23666666448116305 0.42166668176651007 -0.40333333611488337 0.25000000000000006 0.04609807766973973 -0.15000000596046445 -0.090000003576278673 0.030000001192092899 0.13666665554046634 -0.04333332180976867 -0.10333332419395445 -0.29000000655651087 0.33666664361953741 -0.30333334207534784 0.083333313465118422 -0.036666661500930779 0.34000000357627874 0.17666667699813846 0.030000001192092899
decision_type=2 2 2 2 2 2 2 2 2 2 2 2 2 2 2 2 2 2 2 2 2 2 2 2 2 2 2 2 2 2
left_child=1 4 3 -3 7 -6 9 13 -9 -7 11 -4 -12 14 -1 17 29 26 -19 20 -20 22 -18 -22 -23 -24 -15 -28 -29 -17
right_child=-2 2 10 -5 5 6 -8 8 -10 -11 12 -13 -14 15 -16 16 21 18 19 -21 23 24 25 -25 -26 -27 27 28 -30 -31
leaf_value=-0.0072537400534963686 -0.0054695691244648868 0.0047645576710137229 0 -0.0059262498945061 0.0014837435794483726 -0.00053029682537540201 6.19395804083042e-05 0 -0.0087561299542374023 -0.016138470579394489 -0.0035742663559275509 0.0099032433902471861 0.0067351254884927452 -0.0066033282998159823 0.0034533264446458137 0.010629772280591336 0.0034913270064968836 0.0049113641177939357 0.0020975680862421512 0.0048823745939412799 -0.010626891721885572 -0.0029889716424209151 -0.0082806691206561249 0.0011041193693985608 0.0074906177585319922 0 -0.0040120593649017634 0.0083764419117205568 -0.001917169256748555 0
leaf_weight=20.740149908466268 18.475462366826832 5.2150181182660189 14.008123911451547 16.011100975330919 6.0882943801116225 8.7296419439371729 5.1588927893899372 24.560631172265857 17.200409095734358 7.9118349603377274 15.570569210103715 23.525882421759889 5.602145876036956 32.68840671190992 7.0036380956880739 26.75936820730567 9.6248118306975794 51.016288771992549 11.224309493787585 18.924800978042185 22.399570880574178 3.0323656500550014 21.962791118770838 2.1678580518346271 17.744195675477386 23.332913890713826 20.536479107802734 11.031054725404827 3.3687113672494879 13.443829721771179
leaf_count=1269 2285 439 1079 1290 393 447 237 1965 1552 269 1514 1790 324 2118 515 1439 426 2926 664 777 1197 281 1239 71 1173 1037 993 576 172 697
internal_value=-0.000353638 -3.12896e-05 0.00260671 -0.00191025 -0.000671815 -0.00556823 -0.00833211 -0.00013732 -0.0041254 -0.0113653 0.00465192 0.00689042 0 0.000377534 -0.00367654 0.000917857 0.0027742 -0.000235126 0.00174585 -0.000987532 -0.0049448 -8.52926e-05 -0.00259074 -0.00876033 0.00470042 -0.00462769 -0.00356185 0 0.00488722 0.00801123
internal_weight=485.06 466.584 79.9328 21.2261 386.651 27.8887 21.8004 358.763 41.761 16.6415 58.7067 37.534 21.1727 317.002 27.7438 289.258 115.9 173.357 105.733 54.7165 35.7917 75.6971 54.9205 24.5674 20.7766 45.2957 67.6247 34.9362 14.3998 40.2032
internal_count=31154 28869 6436 1729 22433 1346 953 21087 3517 716 4707 2869 1838 17570 1784 15786 6292 9494 5635 2709 1932 4156 2702 1268 1454 2276 3859 1741 748 2136
is_linear=0
shrinkage=0.05


Tree=154
num_leaves=31
num_cat=0
split_feature=23 36 37 40 4 40 24 4 30 4 28 40 9 31 24 41 26 25 11 2 8 18 36 12 29 20 41 8 24 14
split_gain=0.346941 0.464036 0.401965 0.393083 0.390035 0.378969 0.333283 0.271449 0.295121 0.268291 0.427093 0.324129 0.31031 0.290801 0.282079 0.263974 0.245806 0.240188 0.239076 0.230416 0.218517 0.562562 0.209902 0.206542 0.429854 0.381005 0.366546 0.259094 0.320763 0.222407
threshold=0.2833333313465119 0.12333333492279054 -0.019720077514648434 0.16666666418313983 0.44333332777023321 0.19666666537523272 -0.19666665792465207 0.18333333730697635 0.38999998569488531 -0.33666665852069849 0.12333333492279054 0.23666666448116305 0.32333332300186163 -0.10999999940395354 0.25000000000000006 0.047034999355673797 0.46999999880790716 -0.049999997019767754 0.29000002145767217 0.38333332538604742 0.35666668415069586 0.01666665077209473 0.030000001192092899 -0.41666667163372034 0.34166663885116583 0.030000001192092899 0.052348928526043899 0.35666668415069586 0.18999999761581424 -0.40333333611488337
decision_type=2 2 2 2 2 2 2 2 2 2 2 2 2 2 2 2 2 2 2 2 2 2 2 2 2 2 2 2 2 2
left_child=9 2 5 -4 6 -2 -3 -8 -9 10 11 17 23 -13 16 -15 20 -1 -7 22 -14 -22 -5 25 -25 29 -27 28 -26 -11
right_child=1 4 3 19 -6 18 7 8 -10 12 -12 13 14 15 -16 -17 -18 -19 -20 -21 21 -23 -24 24 27 26 -28 -29 -30 -31
leaf_value=0.00012290441667436622 0 0 -0.0041518306823120823 0.0084996510691398228 -0.0013756937294562149 -0.012980310777065688 0.00025201796472185535 0 0.014180325465013825 -0.0049788637199470048 0.0097541431667098992 -0.00088804240052288072 -0.0006976793410747535 0.0095971159656136253 6.3908920916043712e-05 0 0 -0.0073794321550728036 0 -0.00011797412182220299 -0.017851502782320471 0 0 -3.0287394199311217e-05 -0.014136822618446634 0.010159057999870871 -0.00080919366376377424 0.00059958112496246926 0 0.0034050274173148976
leaf_weight=10.8341866589617 9.8579454720020312 9.8036349937319738 9.1114879669621569 22.74939002504107 8.7430671866750327 7.6262834661174548 12.34911028575152 8.247928002849223 20.241064353380352 12.957337695639582 9.250653720693661 16.189579683123156 13.000562820583587 13.193341851234438 12.59796971932519 9.5784042486920935 4.2582883113063863 12.587142958771436 1.6754144481383262 7.9952969265868878 7.6509257752913964 6.869697586982511 4.6491568565834305 193.889033245272 7.5254442780278641 14.972531158244239 4.6761305877007535 1.8565360938664515 6.8619328391505405 5.0493255346082142
leaf_count=717 649 565 596 1260 648 493 478 554 512 337 321 1118 800 990 826 581 115 1113 172 653 289 634 247 14582 448 432 168 152 376 233
internal_value=0.000421301 0.00267126 0 0.00224326 0.00564146 -0.00546258 0.00731171 0.00907965 0.0114718 -0.000303107 0.00222191 0 -0.00103829 0.00297657 -0.00464542 0.00620525 -0.00688768 -0.00374196 -0.0105347 0.00485669 -0.00847341 -0.0119773 0.0068173 -0.000199215 -0.00091711 0.00280972 0.00699538 -0.00751503 -0.00965667 -0.00132308
internal_weight=486.849 123.05 63.665 44.5053 59.3848 19.1596 50.6417 40.8381 28.489 363.799 71.6333 62.3827 292.166 38.9613 44.3774 22.7717 31.7795 23.4213 9.3017 35.3938 27.5212 14.5206 27.3985 247.788 210.133 37.6553 19.6487 16.2439 14.3874 18.0067
internal_count=31059 6827 4070 2756 2757 1314 2109 1544 1066 24232 4840 4519 19392 2689 2664 1571 1838 1830 665 2160 1723 923 1507 16728 15558 1170 600 976 824 570
is_linear=0
shrinkage=0.05


Tree=155
num_leaves=31
num_cat=0
split_feature=5 34 1 39 38 19 13 23 10 38 19 26 25 4 35 31 20 16 16 11 38 38 23 15 28 32 25 22 11 3
split_gain=0.300192 0.359124 0.625844 0.537965 0.385902 0.333691 0.441327 0.433108 0.412086 0.479713 0.463053 0.366371 0.496538 0.559485 0.480493 0.338552 0.399719 0.410606 0.328147 0.345648 0.334611 0.326227 0.283325 0.272984 0.547716 0.455569 0.311102 0.286027 0.249525 0.24872
threshold=-0.016666665673255917 -0.030000001192092892 0.043333351612091071 0.015892331488430503 0.15047979354858401 -0.20333333313465116 -0.023333340883255001 0.11000001430511476 0.11000001430511476 -0.10009002685546874 -0.26999998092651362 0.43000000715255743 0.01666665077209473 0.35666668415069586 0.12333333492279054 0.096666663885116591 0.17666667699813846 -0.46999999880790705 -0.236666664481163 0.043333351612091071 -0.038792133331298821 -0.11709117889404295 -0.17000000178813932 -0.18999999761581418 -0.37666666507720942 -0.083333343267440782 -0.28333333134651179 -0.40333333611488337 -0.069999992847442613 0.46333330869674688
decision_type=2 2 2 2 2 2 2 2 2 2 2 2 2 2 2 2 2 2 2 2 2 2 2 2 2 2 2 2 2 2
left_child=1 3 4 -1 23 8 7 -7 15 -10 11 12 -11 -14 -13 16 17 -2 19 -8 -21 -19 -5 25 26 27 -25 -3 -18 -9
right_child=5 2 -4 22 -6 6 18 29 9 10 -12 14 13 -15 -16 -17 28 21 -20 20 -22 -23 -24 24 -26 -27 -28 -29 -30 -31
leaf_value=0.0027077454936612431 -0.0011055878114603014 -0.00093046076447730495 0.0065081317889616359 0 -0.0095118439421223791 0.00010393755214992678 -0.00049046829187900478 -0.010802343791871451 0.0063634956871811716 0 0.0066450696498198559 -0.0054706885004287848 -0.015624489653714185 0 0.0071200720134993933 -0.0022145837277815646 -0.001907705655816935 0 -6.1668109273150309e-05 0 0.013900554564545795 0.012877352574953836 -0.007932968594599665 0.0085610902145235434 -0.0051547697339649765 -0.0019636303811963098 -0.00022864622888634739 0.0093482570330793123 0.0070416461111161878 0
leaf_weight=14.743123282329178 2.7640794776380053 2.3920889417640891 25.937147573102266 12.116790425148791 7.0150219884235403 15.004903635475783 4.6964766082819542 17.162023743963804 18.689597689779475 23.506771574728191 6.5271631139330557 6.4107908941805389 11.724949125666173 5.6353396526537827 11.051903600338845 4.8017776492051771 18.056810237700123 5.5919796661473802 70.872240650118329 2.4579327735118559 7.7339725650381288 29.684780405834317 43.191901728045195 8.1984848162392172 48.096079438109882 16.719573947135359 17.311551087186672 18.156975314486772 4.8354644724167875 1.3333079407457251
leaf_count=957 57 89 1726 773 504 1163 254 1362 501 710 277 146 295 128 228 299 687 228 7885 152 360 1080 3154 433 4299 677 1494 766 181 79
internal_value=0.000153043 -0.00116695 0.000132354 -0.00396331 -0.00131586 0.00129793 -0.000495317 -0.00502762 0.00285533 0.00014164 -0.00168549 -0.00353915 -0.00599969 -0.0111963 0.00121534 0.00565549 0.00679212 0.00963223 0.00121565 0.006764 0.0105939 0.0111177 -0.00624029 -0.000121704 -0.00204291 0.00285205 0.00289509 0.0072702 0.000187116 -0.00921708
internal_weight=482.421 213.879 143.827 70.0518 117.89 268.542 119.261 33.5002 149.281 83.5465 64.8569 58.3298 40.8671 17.3603 17.4627 65.7349 60.9331 38.0408 85.7606 14.8884 10.1919 35.2768 55.3087 110.875 73.6061 37.2686 25.51 20.5491 22.8923 18.4953
internal_count=30944 14872 9988 4884 8262 16072 11255 2604 4817 2285 1784 1507 1133 423 374 2532 2233 1365 8651 766 512 1308 3927 7758 6226 1532 1927 855 868 1441
is_linear=0
shrinkage=0.05


Tree=156
num_leaves=31
num_cat=0
split_feature=12 7 9 3 33 3 36 25 36 30 26 40 3 2 41 1 26 26 33 12 15 32 39 12 40 3 39 15 3 27
split_gain=0.349939 0.259832 0.36657 0.774013 0.603891 0.493049 0.43504 0.376884 0.585811 0.345717 0.319439 0.302322 0.398897 0.425066 0.499677 0.463579 0.284564 0.488205 0.324181 0.282931 0.273906 0.458357 0.573939 0.432876 0.342428 0.330769 0.280314 0.273899 0.271586 0.271525
threshold=0.43000000715255743 0.083333313465118422 -0.036666661500930779 0.32333332300186163 0.21666666865348819 0.32999998331069952 -0.22999998927116391 0.22333335876464847 0.24333333969116214 0.32333332300186163 0.23666667938232425 0.35666666924953466 0.31666666269302374 1.0000000180025095e-35 0.0340372882783413 -0.3899999856948852 0.48333334922790533 0.17000001668930056 0.46333330869674688 0.25666666030883795 -0.24999999999999997 0.030000001192092899 0.023888173513114456 0.12333333492279054 0.93666666746139537 -0.29000000655651087 0.0300090815871954 0.31000000238418585 0.26999998092651373 -0.46999999880790705
decision_type=2 2 2 2 2 2 2 2 2 2 2 2 2 2 2 2 2 2 2 2 2 2 2 2 2 2 2 2 2 2
left_child=1 11 5 7 9 6 -3 8 -4 -5 -10 12 13 14 -1 -16 17 -9 -19 -14 21 22 -13 -22 28 -25 27 -27 -23 -6
right_child=-2 2 3 4 29 -7 -8 16 10 -11 -12 20 19 -15 15 -17 -18 18 -20 -21 23 24 -24 25 -26 26 -28 -29 -30 -31
leaf_value=0.0013733803874750206 -0.0059196028722041209 -0.00053030069027820215 -0.0034337464307637212 0.0024555435481575134 0 -0.0024747501320839514 0.010290373434349147 0 0.0093075751953125094 -0.0091686629603743418 0 0.0094818162036046701 -0.013318295448495387 0.0016619750423661286 0.0014722834346225357 -0.0093463941092464271 0.0019540036639901365 -0.01295420662861607 0 0 -0.003747030498236346 -0.0083688223658789206 -0.0015183393543508107 0.0087633443251011953 0.0048218970461996295 0.00015072293685542567 0.0059395897382083706 -0.0091658801913498504 0.0013414924856560819 0.0090994328833715523
leaf_weight=18.568145490251482 19.147677172790281 6.2858847053721538 38.333352670073509 5.5833589972462487 4.0274199140258125 8.3027359803672862 27.935418918030336 18.444663884583861 14.090613246080467 5.1339713300112635 14.062309598899445 28.266644620336592 7.7259826671797764 50.439151365542784 6.361783093539997 33.239624321460724 3.7071082005277267 18.648328399052847 2.1534243444912127 2.4351321079302579 55.068549741292372 13.292053616372874 10.562114272499455 9.0843456285074371 4.7546569518744937 8.6872129426337796 4.0119438355322918 6.2840612174477419 3.1170234030578277 36.233959843404591
leaf_count=1543 2326 404 1930 505 83 600 1747 1642 743 246 466 934 482 3053 451 2602 76 1015 151 226 4685 464 397 663 150 914 284 529 100 1778
internal_value=-0.000152906 0.000103946 0.00147017 0.00014952 0.00504451 0.00530247 0.00789862 -0.00205775 2.93032e-05 -0.00290957 0.00525149 -0.000870621 -0.00270969 -0.00127396 -0.00412669 -0.00709515 -0.00540657 -0.00682128 -0.0111396 -0.0103384 0.000535441 0.00306701 0.00612917 -0.00109439 -0.00174363 0.00311955 -3.65723e-05 -0.00407131 -0.00554335 0.00780499
internal_weight=483.989 464.841 202.943 160.419 50.9787 42.524 34.2213 109.44 66.4863 10.7173 28.1529 261.898 118.77 108.609 58.1696 39.6014 42.9535 39.2464 20.8018 10.1611 143.129 59.9925 38.8288 83.1361 21.1637 28.0676 18.9832 14.9713 16.4091 40.2614
internal_count=31189 28863 11386 8635 2612 2751 2151 6023 3139 751 1209 17477 8357 7649 4596 3053 2884 2808 1166 708 9120 2045 1331 7075 714 2390 1727 1443 564 1861
is_linear=0
shrinkage=0.05


Tree=157
num_leaves=31
num_cat=0
split_feature=27 26 28 22 1 29 28 16 3 2 14 7 31 9 14 39 30 10 17 7 3 17 8 8 2 32 16 32 40 40
split_gain=0.267937 0.388538 0.435609 0.331711 0.309053 0.579952 0.306506 0.472324 0.410084 0.342089 0.376326 0.304783 0.594689 0.601235 0.362427 0.520987 0.352673 0.452955 0.343958 0.462412 0.343888 0.299365 0.274128 0.271231 0.269174 0.263506 0.255797 0.328527 0.338365 0.355061
threshold=-0.11666667461395262 0.096666663885116591 0.48166668415069586 0.37666666507720953 0.41666668653488165 0.46166664361953741 0.37000000476837164 0.35000002384185797 -0.13666665554046628 -0.29666668176650995 -0.32999998331069941 0.083333313465118422 -0.12333333492279051 0.12333333492279054 0.31000000238418585 0.016246220096945766 -0.22333332896232602 -0.10333332419395445 -0.07833333313465117 1.0000000180025095e-35 0.12333333492279054 -0.090000003576278673 -0.3899999856948852 -0.43000000715255732 -0.33666665852069849 0.030000001192092899 -0.21000000834465024 -0.056666672229766839 0.050000000745058067 0.88333332538604747
decision_type=2 2 2 2 2 2 2 2 2 2 2 2 2 2 2 2 2 2 2 2 2 2 2 2 2 2 2 2 2 2
left_child=1 -1 3 4 5 11 8 -8 9 22 -11 12 13 -3 15 -13 23 25 19 -19 -15 -10 -2 -14 -17 -18 27 -26 -29 -30
right_child=6 2 -4 -5 -6 -7 7 -9 21 10 -12 14 16 20 -16 24 17 18 -20 -21 -22 -23 -24 -25 26 -27 -28 28 29 -31
leaf_value=0.0067487842630357371 0.0059803413785058414 -0.0097309510304104188 -0.0095574407686703639 0.0051317323699936537 0.0072384826578466765 -0.0099335336839736794 -0.0084589886932031726 0.0043124691878154795 0.0042372930075234086 0.0010914826911219159 -0.0077658860673135771 -0.0029624392805744381 -0.00014136105797194862 0.0049863851678857594 -0.0046256648238769916 -0.00051813429886057437 -0.0099329052492621046 0.0094659976539790917 -0.002422588897538042 -0.0027605805360399259 -0.0057876963744031319 -0.00051409622953596393 -0.0020162286521055823 0.0099299122583887886 0 0.00043838795895463905 0 0 0.013176691661623111 0
leaf_weight=21.201827283017337 9.3610816582804528 26.573350557358935 4.4415788878686717 31.348458167165518 7.8349581693764767 9.1394424443133158 23.887038510525603 2.6198033712571478 47.562744310242124 8.450426079798488 37.169124817592092 14.004547775024546 3.3132836814038447 13.478444895707073 7.5048626055940977 6.3764146745670578 10.336241352837524 16.429154113866385 13.304721169639391 4.4615490972064427 5.2649662347976109 64.687060376163572 27.439745534793474 11.139753852039574 4.5200120396912018 2.3614824677351853 10.475329181877894 3.8033465994522038 29.349652257049456 5.2615837531629941
leaf_count=630 671 999 141 1277 380 203 1739 272 3661 387 3715 631 256 389 718 286 687 754 918 207 161 6429 2482 925 133 180 800 105 815 151
internal_value=0 0.00103433 0.000277813 0.000797988 0 -0.000484833 -0.00129878 -0.00586466 -0.000395727 -0.00305395 -0.0057047 0.00013879 -0.00144764 -0.00555454 0.00246306 0.00379095 0.00143952 -0.000414681 0.00215614 0.00589179 0.000280027 0.0014006 0 0.00703464 0.00587881 -0.0071453 0.00703853 0.00855653 0.00995777 0.0113698
internal_weight=483.102 261.925 240.723 236.282 204.933 197.098 221.177 26.5068 194.67 82.4204 45.6196 187.959 106.663 45.3168 81.2957 73.7909 61.3462 46.8931 34.1954 20.8907 18.7434 112.25 36.8008 14.453 59.7863 12.6977 53.4099 42.9346 38.4146 34.6112
internal_count=31102 11746 11116 10975 9698 9318 19356 2011 17345 7255 4102 9115 5476 1549 3639 2921 3927 2746 1879 961 550 10090 3153 1181 2290 867 2004 1204 1071 966
is_linear=0
shrinkage=0.05


Tree=158
num_leaves=31
num_cat=0
split_feature=10 12 39 21 21 2 5 3 41 8 37 37 1 31 32 10 40 9 31 10 39 20 8 3 39 41 7 9 40 3
split_gain=0.348001 0.31533 0.254252 0.248072 0.297574 0.334213 0.66882 0.440011 0.396644 0.329624 0.851387 0.845154 0.45726 0.432689 0.397558 0.385687 0.420296 0.383236 0.377663 0.31953 0.434951 0.505571 0.306318 0.300455 0.284536 0.360044 0.272839 0.272029 0.25638 0.291173
threshold=0.48333334922790533 0.43000000715255743 0.028816987760365013 0.46333330869674688 0.41666668653488165 0.35000002384185797 0.31166666746139532 0.31666666269302374 0.034909231588244445 -0.083333343267440782 0.0041952133178710946 0.0081372261047363299 0.17666667699813846 -0.18999999761581418 -0.32999998331069941 -0.076666668057441698 0.92333334684371959 0.4499999880790711 0.47666668891906744 -0.18999999761581418 0.02868249919265509 -0.20833334326744077 -0.4433333277702331 0.069999992847442641 0.01376076275482774 0.059835318475961692 -0.31000000238418574 0.29000002145767217 0.089999999850988402 0.43000000715255743
decision_type=2 2 2 2 2 2 2 2 2 2 2 2 2 2 2 2 2 2 2 2 2 2 2 2 2 2 2 2 2 2
left_child=1 3 -2 4 5 6 9 23 -7 11 12 18 14 -14 -11 -12 17 26 19 22 21 -21 -1 -8 -13 27 -17 -26 -5 -30
right_child=2 -3 -4 28 -6 8 7 -9 -10 10 15 24 13 -15 -16 16 -18 -19 -20 20 -22 -23 -24 -25 25 -27 -28 -29 29 -31
leaf_value=0.00096510547264225916 0.010238296333548046 -0.0058693976425458734 -0.00035364938500711472 0.0018509475748730516 0.0054289764183872574 0.0014242013964505418 0.0052038463311836064 0.012659371166605704 -0.006647156857018794 0.0062881102819760046 0.00026199436330741208 -0.0014804400819893981 0.011607261081232272 0 -0.0024536556455169709 0 0.00073745108547086918 0.0012504967843955852 0.0058818868852233515 0.004817119955373878 0.0089363287768382468 -0.0063147469813274616 -0.0076681035523647719 -0.0028192838649737507 0.0089913775491045188 0 -0.010638580974973296 -0.00067063083435992508 -0.0096466338279419857 0.00015350469276518685
leaf_weight=5.8635006831027559 8.6190269186627102 15.928367642103693 1.9248980218544591 4.3892240806017098 24.229242966976017 16.107726350310259 18.786218497203667 12.220915236743165 29.746013164287433 9.8283195452531782 16.320968800922856 5.1080852099694303 12.071107921656223 12.443178279092534 57.277172823669389 4.4670844171196213 8.4698978355154377 3.4254942177794865 6.9423171028029165 8.4474656214006263 5.3360798007342956 21.855818774551153 32.610982170561329 12.779800651827825 50.3835705233505 10.984549329616128 46.646808248478919 2.112670720787718 13.607390499208124 4.4764843520242712
leaf_count=512 531 2029 102 188 1320 898 1068 632 1913 609 1311 406 466 825 3522 378 521 164 128 553 323 1477 2859 672 3278 677 2703 136 591 276
internal_value=0.00023819 0 0.00736653 0.000266574 0.00060553 0.000186435 0.000766032 0.00616032 -0.00349297 0 -0.00154393 0.00160763 0.00151052 0.00665875 -0.000420354 -0.00522271 -0.00690492 -0.00846018 -0.00159096 -0.00299109 0 -0.00223967 -0.00583758 0.00135862 0.0055467 0.00655098 -0.00961168 0.00814626 -0.00415505 -0.00674879
internal_weight=483.41 472.866 10.5439 456.938 434.465 410.236 364.382 43.7869 45.8537 320.595 170.95 149.645 91.6198 24.5143 67.1055 79.3303 63.0093 54.5394 81.0562 74.1138 35.6394 30.3033 38.4745 31.566 68.5889 63.4808 51.1139 52.4962 22.4731 18.0839
internal_count=31068 30435 633 28406 27351 26031 23220 2372 2811 20848 10499 10349 5422 1291 4131 5077 3766 3245 5852 5724 2353 2030 3371 1740 4497 4091 3081 3414 1055 867
is_linear=0
shrinkage=0.05


Tree=159
num_leaves=31
num_cat=0
split_feature=11 12 37 33 36 16 39 14 12 40 40 38 37 39 38 25 18 26 20 20 39 1 38 39 14 16 30 2 6 39
split_gain=0.338005 0.782466 0.522004 0.746167 0.538697 0.532107 0.531021 0.757512 0.46303 0.666967 0.43796 0.472008 0.599253 0.431756 0.596215 0.412124 0.358146 0.530723 0.406625 0.334706 0.310829 0.336913 0.292328 0.573984 0.281695 0.523785 0.580426 0.392587 0.339307 0.280617
threshold=0.23000001907348636 -0.063333332538604722 0.0067873001098632821 0.21666666865348819 1.0000000180025095e-35 -0.26333332061767573 0.015012674499303104 -1.0000000180025095e-35 -0.24999999999999997 0.11333333328366281 0.9533333182334901 -0.092090606689453111 0.049216270446777351 0.013348268344998361 -0.10009002685546874 0.22333335876464847 0.36333334445953375 -0.24999999999999997 -0.2766666561365127 -0.37833333015441889 0.026041304692626003 0.34333333373069769 0.024679183959960941 0.027981002815067772 -0.43000000715255732 -0.14333333075046537 0.22333335876464847 -0.076666668057441698 -0.30333334207534784 0.020484371110796932
decision_type=2 2 2 2 2 2 2 2 2 2 2 2 2 2 2 2 2 2 2 2 2 2 2 2 2 2 2 2 2 2
left_child=1 2 3 8 24 15 -6 10 9 -1 11 -8 -13 -11 -15 -5 17 -2 -18 -16 21 -21 23 -19 27 26 28 -4 -26 -20
right_child=16 -3 4 5 6 -7 7 -9 -10 13 -12 12 -14 14 19 -17 18 22 29 20 -22 -23 -24 -25 25 -27 -28 -29 -30 -31
leaf_value=0.0038669345547052633 -0.0020281265039290308 -0.0040986509800088507 0.0024748238868411414 0.013010796151519273 0.0026906826018586825 -0.0010362956619600551 0 0.0040444829426436743 0.0044321422374365748 0.0025765815889826505 0.0014090191749973982 -0.016827123716819867 -0.0020633499936224507 0.00079590078837638337 0 0.00045306568540560727 -0.0066543018862903957 0.012859102655928253 -0.0019321029154433544 -0.015936852689880453 0 0 0 -0.00026128320827910762 0 -0.002227981111492733 -0.002589158246864817 -0.0090855962827825921 0.012138839218911197 0.0062357211927485086
leaf_weight=20.55975875002332 12.704140673042273 105.70518663979601 7.8238115417771041 26.191365629900247 13.270531745627521 8.476870527607387 5.6852287771180263 7.770573748741298 35.162086537806317 5.8623780165798953 3.7600651143584392 21.908039064379409 17.414347124169581 9.4308947906829399 2.3286062877159557 14.199600995983927 12.902781150303779 24.495864736149091 10.03599540051073 19.815796897746633 4.4475139791611573 2.1657223736401638 15.824350653914733 6.2128576380200675 3.2702128556557062 14.990350232925264 5.5410371948964885 6.7546600848436338 22.350821997970343 15.430137992370872
leaf_count=922 1114 9324 165 582 523 669 196 705 2531 245 136 827 639 464 84 387 1417 1699 1053 940 219 76 1458 394 152 1446 175 167 997 1373
internal_value=0.000101696 -0.000519505 0.000805713 0.00283523 -0.00134516 0.0075269 -0.00428458 -0.00642262 4.31481e-06 -0.00222317 -0.00880728 -0.0102162 -0.0119792 -0.0056879 -0.00769994 0.00976455 0.00268077 0.00499531 -0.000521438 -0.0108618 -0.0123391 -0.0142907 0.00740133 0.00991477 0.00174044 0.00379298 0.00725415 -0.00275396 0.0102609 0.00246771
internal_weight=482.492 384.885 279.18 148.641 130.54 48.8678 69.8088 56.5383 99.7728 64.6107 48.7677 45.0076 39.3224 44.0509 38.1885 40.391 97.6061 59.2372 38.3689 28.7576 26.429 21.9815 46.5331 30.7087 60.7309 46.1524 31.1621 14.5785 25.621 25.4661
internal_count=31079 22571 13247 7119 6128 1638 3026 2503 5481 2950 1798 1662 1466 2028 1783 969 8508 4665 3843 1319 1235 1016 3551 2093 3102 2770 1324 332 1149 2426
is_linear=0
shrinkage=0.05


end of trees

feature_importances:
Column_38=319
Column_39=307
Column_37=263
Column_31=244
Column_41=212
Column_27=162
Column_40=158
Column_19=146
Column_26=146
Column_25=145
Column_9=137
Column_30=129
Column_4=126
Column_24=121
Column_32=115
Column_10=111
Column_7=107
Column_16=106
Column_5=105
Column_33=98
Column_36=97
Column_21=95
Column_3=93
Column_29=93
Column_28=86
Column_17=81
Column_12=80
Column_11=78
Column_14=78
Column_8=71
Column_20=70
Column_13=69
Column_1=65
Column_15=65
Column_23=65
Column_0=62
Column_2=59
Column_35=57
Column_6=54
Column_22=50
Column_18=49
Column_34=26

parameters:
[boosting: gbdt]
[objective: lambdarank]
[metric: ndcg]
[tree_learner: serial]
[device_type: cpu]
[data_sample_strategy: bagging]
[data: ]
[valid: ]
[num_iterations: 160]
[learning_rate: 0.05]
[num_leaves: 31]
[num_threads: 4]
[seed: 23]
[deterministic: 0]
[force_col_wise: 1]
[force_row_wise: 0]
[histogram_pool_size: -1]
[max_depth: -1]
[min_data_in_leaf: 100]
[min_sum_hessian_in_leaf: 0.001]
[bagging_fraction: 0.85]
[pos_bagging_fraction: 1]
[neg_bagging_fraction: 1]
[bagging_freq: 1]
[bagging_seed: 23]
[bagging_by_query: 0]
[feature_fraction: 0.8]
[feature_fraction_bynode: 1]
[feature_fraction_seed: 23]
[extra_trees: 0]
[extra_seed: 3808]
[early_stopping_round: 0]
[early_stopping_min_delta: 0]
[first_metric_only: 0]
[max_delta_step: 0]
[lambda_l1: 0.5]
[lambda_l2: 6]
[linear_lambda: 0]
[min_gain_to_split: 0]
[drop_rate: 0.1]
[max_drop: 50]
[skip_drop: 0.5]
[xgboost_dart_mode: 0]
[uniform_drop: 0]
[drop_seed: 6130]
[top_rate: 0.2]
[other_rate: 0.1]
[min_data_per_group: 100]
[max_cat_threshold: 32]
[cat_l2: 10]
[cat_smooth: 10]
[max_cat_to_onehot: 4]
[top_k: 20]
[monotone_constraints: ]
[monotone_constraints_method: basic]
[monotone_penalty: 0]
[feature_contri: ]
[forcedsplits_filename: ]
[refit_decay_rate: 0.9]
[cegb_tradeoff: 1]
[cegb_penalty_split: 0]
[cegb_penalty_feature_lazy: ]
[cegb_penalty_feature_coupled: ]
[path_smooth: 0]
[interaction_constraints: ]
[verbosity: -1]
[saved_feature_importance_type: 0]
[use_quantized_grad: 0]
[num_grad_quant_bins: 4]
[quant_train_renew_leaf: 0]
[stochastic_rounding: 1]
[linear_tree: 0]
[max_bin: 127]
[max_bin_by_feature: ]
[min_data_in_bin: 3]
[bin_construct_sample_cnt: 200000]
[data_random_seed: 23]
[is_enable_sparse: 1]
[enable_bundle: 1]
[use_missing: 1]
[zero_as_missing: 0]
[feature_pre_filter: 1]
[pre_partition: 0]
[two_round: 0]
[header: 0]
[label_column: ]
[weight_column: ]
[group_column: ]
[ignore_column: ]
[categorical_feature: ]
[forcedbins_filename: ]
[precise_float_parser: 0]
[parser_config_file: ]
[objective_seed: 16714]
[num_class: 1]
[is_unbalance: 0]
[scale_pos_weight: 1]
[sigmoid: 1]
[boost_from_average: 1]
[reg_sqrt: 0]
[alpha: 0.9]
[fair_c: 1]
[poisson_max_delta_step: 0.7]
[tweedie_variance_power: 1.5]
[lambdarank_truncation_level: 30]
[lambdarank_norm: 1]
[label_gain: 0,1,2,3,4,5,6,7,8,9]
[lambdarank_position_bias_regularization: 0]
[eval_at: 1,2,3,4,5]
[multi_error_top_k: 1]
[auc_mu_weights: ]
[num_machines: 1]
[local_listen_port: 12400]
[time_out: 120]
[machine_list_filename: ]
[machines: ]
[gpu_platform_id: -1]
[gpu_device_id: -1]
[gpu_use_dp: 0]
[num_gpu: 1]

end of parameters

pandas_categorical:null
