tree
version=v4
num_class=1
num_tree_per_iteration=1
label_index=0
max_feature_idx=41
objective=lambdarank
feature_names=Column_0 Column_1 Column_2 Column_3 Column_4 Column_5 Column_6 Column_7 Column_8 Column_9 Column_10 Column_11 Column_12 Column_13 Column_14 Column_15 Column_16 Column_17 Column_18 Column_19 Column_20 Column_21 Column_22 Column_23 Column_24 Column_25 Column_26 Column_27 Column_28 Column_29 Column_30 Column_31 Column_32 Column_33 Column_34 Column_35 Column_36 Column_37 Column_38 Column_39 Column_40 Column_41
feature_infos=[-0.49333333969116211:0.5] [-0.49333333969116211:0.5] [-0.49333333969116211:0.5] [-0.49333333969116211:0.5] [-0.49333333969116211:0.5] [-0.49333333969116211:0.5] [-0.49333333969116211:0.5] [-0.49333333969116211:0.5] [-0.49333333969116211:0.5] [-0.49333333969116211:0.5] [-0.49333333969116211:0.5] [-0.49333333969116211:0.5] [-0.49333333969116211:0.5] [-0.49333333969116211:0.5] [-0.49333333969116211:0.5] [-0.49333333969116211:0.5] [-0.49333333969116211:0.5] [-0.49333333969116211:0.5] [-0.49333333969116211:0.5] [-0.49333333969116211:0.5] [-0.49333333969116211:0.5] [-0.49333333969116211:0.5] [-0.49333333969116211:0.5] [-0.49333333969116211:0.5] [-0.49333333969116211:0.5] [-0.49333333969116211:0.5] [-0.49333333969116211:0.5] [-0.49333333969116211:0.5] [-0.49333333969116211:0.5] [-0.49333333969116211:0.5] [-0.49333333969116211:0.5] [-0.49333333969116211:0.5] [-0.49333333969116211:0.5] [-0.49333333969116211:0.5] [-0.49333333969116211:0.5] [-0.49333333969116211:0.5] [-0.49333333969116211:0.5] [-0.19358730316162109:0.17891311645507812] [-0.30310726165771484:0.35332202911376953] [0.0081312190741300583:0.048908930271863937] [0.013333333656191826:1] [0.0183396115899086:0.21580970287322998]
tree_sizes=3415 3477 3424 3488 3413 3485 3471 3404 3368 3454 3363 3416 3429 3435 3465 3480 3484 3443 3415 3409 3459 3388 3424 3463 3487 3424 3435 3526 3458 3445 3437 3510 3472 3447 3416 3488 3497 3472 3441 3456 3458 3476 3478 3451 3434 3464 3446 3473 3405 3481 3469 3472 3432 3515 3440 3489 3407 3521 3404 3482 3470 3385 3425 3483 3522 3426 3502 3450 3491 3507 3493 3417 3530 3501 3452 3438 3433 3430 3501 3437 3419 3436 3371 3426 3434 3369 3381 3453 3459 3470 3507 3469 3468 3500 3483 3453 3410 3486 3370 3423 3531 3423 3489 3474 3496 3448 3435 3449 3497 3470 3457 3441 3536 3466 3429 3465 3499 3394 3486 3440 3417 3449 3505 3481 3430 3521 3358 3512 3445 3358 3444 3414 3463 3454 3466 3428 3459 3442 3400 3515 3502 3480 3432 3466 3499 3501 3346 3429 3451 3435 3473 3456 3479 3418 3484 3432 3441 3475 3434 3370

Tree=0
num_leaves=31
num_cat=0
split_feature=19 31 14 4 27 16 38 4 39 33 16 16 31 18 40 18 3 9 31 17 2 31 38 36 21 19 27 19 33 36
split_gain=25.9662 5.49097 4.30238 2.8818 2.24582 2.23575 2.80736 2.05872 1.90265 1.36298 1.08158 1.08009 1.50043 1.18718 1.32862 1.17584 1.11375 1.03653 1.0803 1.11765 0.959904 0.883841 1.17041 0.894252 0.809749 0.809147 0.585651 0.582913 0.58032 0.565198
threshold=0.069999992847442641 0.47666668891906744 0.31666666269302374 0.41000002622604376 -0.0099999904632568342 -0.25666666030883784 -0.022851467132568356 0.33666664361953741 0.022249293513596061 -0.43000000715255732 0.38999998569488531 0.44333332777023321 0.46333330869674688 0.29666668176651007 0.050000000745058067 0.096666663885116591 0.43000000715255743 -0.41666667163372034 -0.35000000894069666 0.38333332538604742 -0.48333333432674402 0.42333334684371954 0.023255825042724613 0.43000000715255743 -0.36333334445953364 0.35000002384185797 0.37000000476837164 -0.12333333492279051 -0.10333332419395445 0.43666666746139532
decision_type=2 2 2 2 2 2 2 2 2 2 2 2 2 2 2 2 2 2 2 2 2 2 2 2 2 2 2 2 2 2
left_child=5 2 8 4 -3 6 -1 17 21 10 -10 12 15 -13 -15 -4 -16 -7 27 24 -17 23 -23 -2 -20 26 28 -19 -11 -8
right_child=1 3 11 -5 -6 7 29 -9 9 25 -12 13 -14 14 16 20 -18 18 19 -21 -22 22 -24 -25 -26 -27 -28 -29 -30 -31
leaf_value=0.0057131123718538821 -0.014024235829720394 -0.0027034449504851127 -0.0029363236401768081 -0.011690912822577455 0.027113607676003459 -0.002904599508820457 0.02747711700340056 -0.0084643177333436175 -0.020811967042596687 0.016837912107162574 0.0032236657857144056 0.0044472513542848082 0 0.0056146821286897283 -0.023118717847663339 0 0 0.0053751984683293209 0 -0.0062021199709380607 -0.030699875184140753 0.014781599942313602 -0.0095375516709442984 0.0037063854775405019 0.014113380169170818 -0.0061517506831669051 -0.00094624518171689768 -0.011345911431554688 0.0015107991239202599 0
leaf_weight=34.065986230270937 68.272300793090835 5.8477386902086499 8.4130400370340777 5.7275831499136975 13.091714766342191 9.4880357140209508 46.353874530876055 11.288539672037585 5.4859325084835273 13.128850264474748 2.9956546612083912 6.818736735731366 4.3051237103063604 2.833858695812526 15.73533500544727 2.4755355229135594 6.1676568472757927 3.1492317696101964 8.489955672528593 2.8386846785433582 50.102469853591174 3.5388301636558017 3.7088880611117929 3.0580014463048419 111.06852867500857 7.2615165824536225 9.3116433352697623 4.3373346440494052 17.129038751823831 1.8465369683690358
leaf_count=2840 4056 293 513 151 319 724 3912 804 271 791 107 357 173 63 684 118 210 255 627 173 2541 150 146 223 7983 467 605 215 1287 121
internal_value=0.000440346 -0.0104028 -0.0128532 0.00973388 0.0184694 0.0123974 0.01916 0.0079528 -0.00631724 0.000422707 -0.012778 -0.0207501 -0.0248168 -0.0090489 -0.0137244 -0.0266729 -0.0177918 0.00974896 0.0109447 0.0121133 -0.0293545 -0.0110506 0.00176635 -0.0127122 0.0130229 0.00446637 0.00751697 -0.00319633 0.0105366 0.0265179
internal_weight=488.336 255.409 230.742 24.667 18.9395 232.927 82.2664 150.66 133.891 55.3126 8.48159 96.8518 65.2962 31.5556 24.7369 60.991 21.903 139.372 129.884 122.397 52.578 78.578 7.24772 71.3303 119.558 46.831 39.5695 7.48657 30.2579 48.2004
internal_count=31179 13525 12762 763 612 17654 6873 10781 8103 3528 378 4659 3345 1314 957 3172 894 9977 9253 8783 2659 4575 296 4279 8610 3150 2683 470 2078 4033
is_linear=0
shrinkage=0.05


Tree=1
num_leaves=31
num_cat=0
split_feature=16 38 16 31 15 37 26 14 0 8 13 31 37 26 38 39 9 38 39 13 39 4 29 19 34 26 24 16 40 26
split_gain=47.9077 29.8999 12.7578 11.1061 10.9571 10.7387 9.36373 9.03935 7.50874 7.02695 6.8051 6.77365 6.52108 6.07049 5.07799 4.90432 4.83939 4.63794 4.70077 4.47878 3.90966 3.8531 3.68315 3.0575 2.74962 2.55694 2.46875 2.33085 2.23291 2.14135
threshold=-0.28333333134651179 -0.022851467132568356 -0.43000000715255732 0.42333334684371954 0.38999998569488531 -0.054805755615234368 0.25666666030883795 -0.18999999761581418 -0.37666666507720942 -0.049999997019767754 0.29666668176651007 0.13666665554046634 -0.042948246002197259 0.14999997615814212 -0.022851467132568356 0.029205097816884521 0.3966666460037232 0.15047979354858401 0.017190226353704933 -0.236666664481163 0.02058355696499348 0.2833333313465119 -0.45666666328907007 -0.40333333611488337 0.23000001907348636 0.34333333373069769 -0.31666666269302363 -0.25666666030883784 0.12333333119750024 -0.0099999904632568342
decision_type=2 2 2 2 2 2 2 2 2 2 2 2 2 2 2 2 2 2 2 2 2 2 2 2 2 2 2 2 2 2
left_child=2 3 14 10 13 -3 9 27 -6 19 21 12 -8 -5 -1 16 -16 18 -11 24 -9 26 -10 -20 -4 -14 -2 -7 -27 -28
right_child=1 5 6 4 8 7 11 20 22 17 -12 -13 25 -15 15 -17 -18 -19 23 -21 -22 -23 -24 -25 -26 28 29 -29 -30 -31
leaf_value=0.00080266368477409508 0.011718018650174354 0.014200558513746134 0.023073277097586827 0.037258189563720512 0.022506110744942489 0.0033850951015618608 -0.0051405383911368686 -0.036875142232471486 0.0019571457833553875 0.0046575561422489654 -0.023236825185687135 -0.011048287041130846 0.0071548727511370376 -7.3763136762352235e-05 0.039594865626906992 -0.0011025249148928604 0 0.015456424996572196 0.0021824501432296871 -0.0099304407848591781 -0.018585557940226354 -0.016576888703498174 -0.033344499629587097 -0.023585021716617482 -0.0033932066514885473 0.0082011375323168805 -0.0065089551084288452 -0.014817665261137826 0.036878601350528624 0.003939482233688966
leaf_weight=17.020772153045982 39.981868835166097 15.059714898932723 43.556712822988629 40.064348492771387 9.107963277492674 29.857155977748334 14.903443161398171 99.05225826241076 8.8554826253093797 24.668733377940953 34.425200511235744 12.800341994501649 20.11575691588223 12.493085732683538 74.271835191641003 8.2300872849300486 9.0050593549385649 11.750405160244553 10.947066145017741 12.877114579081534 84.299889028072357 28.517738726455718 13.520223278552292 53.739988392218947 8.5345694357529265 15.07175996666774 90.297306042630225 27.436201580334455 52.466215014457703 91.993571361526847
leaf_count=855 1136 826 710 367 116 336 359 6312 68 432 2044 205 255 280 931 128 161 108 287 198 5236 1101 163 1094 139 179 2501 1717 605 2258
internal_value=0 -0.0085702 0.0136176 0.000518656 0.0159162 -0.0215017 0.0075758 -0.0241284 -0.00618393 0 -0.00416696 0.0181336 0.0224155 0.028859 0.0278491 0.0322645 0.0356946 -0.00821412 -0.0123657 0.012071 -0.0294535 -0.000970173 -0.0210327 -0.0190556 0.0184041 0.0273969 0.00130574 -0.00551506 0.0320102 -0.00114584
internal_weight=1014.92 624.962 389.96 369.257 84.0411 255.705 281.432 240.646 31.4837 166.075 285.216 115.358 102.557 52.5574 108.528 91.507 83.2769 101.106 89.3558 64.9684 183.352 250.79 22.3757 64.6871 52.0913 87.6537 222.273 57.2934 67.538 182.291
internal_count=31107 24461 6646 10034 994 14427 4571 13601 347 2968 9040 1603 1398 647 2075 1220 1092 1921 1813 1047 11548 6996 231 1381 849 1039 5895 2053 784 4759
is_linear=0
shrinkage=0.05


Tree=2
num_leaves=31
num_cat=0
split_feature=19 38 31 30 15 41 38 37 19 12 36 27 33 27 37 30 38 22 8 9 41 8 31 9 12 41 19 26 24 7
split_gain=75.1945 25.2721 17.0169 14.3574 14.0605 7.95899 6.97925 6.43928 5.67529 4.15038 4.08679 4.04297 3.99228 3.60402 3.06883 2.56331 2.42884 2.40767 2.32776 2.17904 2.17479 2.55671 2.13784 2.05548 2.08722 1.99511 1.89469 1.83541 2.50263 2.3178
threshold=-0.30333334207534784 -0.022851467132568356 0.42333334684371954 0.38333332538604742 -0.16333332657814023 0.03895267844200135 -0.022851467132568356 -0.053801536560058587 0.11000001430511476 -0.40333333611488337 0.35000002384185797 -0.37666666507720942 0.29000002145767217 -0.31000000238418574 0.04142808914184571 -0.061666667461395257 0.31014394760131841 0.096666663885116591 0.043333351612091071 0.18333333730697635 0.027909388765692714 -0.33666665852069849 0.01666665077209473 0.056666672229766853 -0.31000000238418574 0.052661579102277763 0.096666663885116591 0.25666666030883795 -0.32999998331069941 -0.090000003576278673
decision_type=2 2 2 2 2 2 2 2 2 2 2 2 2 2 2 2 2 2 2 2 2 2 2 2 2 2 2 2 2 2
left_child=3 2 8 9 13 20 -5 -6 27 19 -8 26 17 22 15 -11 -13 -7 -16 -1 -4 -22 -3 24 -17 -25 -9 28 29 -2
right_child=1 4 5 6 7 12 10 11 -10 14 -12 16 -14 -15 18 23 -18 -19 -20 -21 21 -23 -24 25 -26 -27 -28 -29 -30 -31
leaf_value=0.023681721978345775 -0.0068924187691286115 0.017610262370414711 0.014090370966553294 0 0 0.043114170607311833 0.043551811545412704 0.01031468180482779 -0.019190841764368593 -0.013799768594443937 0.010422263856486171 -0.034754356244146849 0 -0.010779909845117354 0.022808853280313599 -0.00013560709456461744 0.002470964168913218 0.0097757029605951406 -3.1643221122743473e-06 0 0.0083771003269431776 -0.01888320892675395 -0.0068085231010474772 0.0026976616602577244 0.019297376301895763 -0.0198999037482314 -0.016465652972853632 0.0056722098643461442 -0.01009879695655024 0.015939339703750277
leaf_weight=63.712429550942034 14.944409745745363 18.916271057212729 9.0301354047842306 14.402143568731843 16.763429651968181 27.384831803385168 76.408841940108687 7.0831530974246544 69.846166423521936 19.207530626561493 18.014914533589035 155.00468155625276 9.7325211940333229 55.200087666977197 27.673516656504944 20.677154909353703 2.4328382252715519 14.309112745337186 13.513111413922159 13.376940008718519 8.1302567594684643 16.124691664706919 8.1837711296975595 25.517484423704445 24.305988111998886 7.7295393957756451 6.822305251378566 44.086357441730797 82.741529849357903 16.839822901412845
leaf_count=1023 283 353 137 570 734 257 544 273 4130 606 210 10313 166 2215 584 429 153 159 264 303 91 222 338 669 590 163 439 1075 3453 322
internal_value=0.000148124 -0.0105279 -0.000706055 0.0192637 -0.0215503 0.0176117 0.0338092 -0.028923 -0.00788174 0.0110964 0.0384804 -0.0317236 0.0289104 -0.00359592 0.00527677 0 -0.0339566 0.034866 0.0157458 0.0201239 -0.000957982 -0.00907007 0.00958342 0.00436916 0.0109097 -0.0041581 -0.00257111 -0.00223184 -0.00561281 0.00515279
internal_weight=908.116 583.576 313.17 324.54 270.407 84.7115 108.826 188.106 228.458 215.714 94.4238 171.343 51.4265 82.3001 138.624 97.4377 157.438 41.6939 41.1866 77.0894 33.2851 24.2549 27.1 78.2302 44.9831 33.247 13.9055 158.612 114.526 31.7842
internal_count=31068 25113 10295 5955 14818 1032 1324 11912 9263 4631 754 11178 582 2906 3305 2457 10466 416 848 1326 450 313 691 1851 1019 832 712 5133 4058 605
is_linear=0
shrinkage=0.05


Tree=3
num_leaves=31
num_cat=0
split_feature=14 38 31 30 27 19 9 27 39 41 19 13 31 24 19 9 40 39 31 30 26 30 14 17 26 24 24 26 18 41
split_gain=73.9019 29.9129 20.0604 12.2217 9.70046 8.47713 6.64262 5.87661 5.74572 4.13423 4.11236 3.63171 3.54634 3.02824 2.88304 2.71751 2.56119 2.33715 1.9778 1.85745 1.78084 1.66745 1.61253 1.48986 1.37278 3.4986 1.70038 1.58579 1.29843 1.18914
threshold=-0.29000000655651087 -0.022851467132568356 0.42333334684371954 0.3966666460037232 -0.36333334445953364 0.069999992847442641 0.22333335876464847 -0.083333343267440782 0.023888173513114456 0.033144393935799606 -0.31000000238418574 0.36333334445953375 0.11000001430511476 -0.14333333075046537 -0.30333334207534784 0.18333333730697635 0.91000002622604381 0.024600272066891197 0.043333351612091071 -0.061666667461395257 0.25666666030883795 -0.28333333134651179 0.32999998331069952 -0.46999999880790705 0.25666666030883795 -0.32999998331069941 -0.18333333730697629 -0.12333333492279051 -0.36333334445953364 0.079768318682909026
decision_type=2 2 2 2 2 2 2 2 2 2 2 2 2 2 2 2 2 2 2 2 2 2 2 2 2 2 2 2 2 2
left_child=3 2 5 10 12 24 -5 21 14 23 15 22 -3 -11 -6 18 17 -10 19 -1 -12 -4 -9 -8 25 27 -26 -2 -27 -16
right_child=1 4 7 6 8 -7 9 11 16 13 20 -13 -14 -15 29 -17 -18 -19 -20 -21 -22 -23 -24 -25 26 28 -28 -29 -30 -31
leaf_value=0.002341526875444633 0.014590898421228023 0.012838804531715065 0.00972171528580347 0.044063516346649623 -0.0046937534863453114 -0.023456873228107203 0.011144708749962836 0.039484646074799568 0.0051616884475379288 0.0013412493609842443 -0.0097021666045816728 0.0035552543655509809 -0.015008851745202865 0.031196676132843788 -0.037884482129028035 -0.00017711339672303752 0.0070530548734477104 -0.021215361527915158 -0.0016717283188788933 0.019971266359554471 0.0079256434506641132 -0.013456384006167854 0.011346949990805849 -0.010765852584399859 -0.0081124814682578036 0.0044970866305607086 0.010960171272710841 -0.0060842251177656501 -0.014550394929706193 0
leaf_weight=22.556683091912419 19.631377651821825 18.391417211154476 6.9917798768728998 51.927067279350013 11.070635399781166 65.126700864639133 7.0734115689992931 30.04450574144721 5.8874452197924247 13.699247625656424 28.107627783436328 18.567850559018552 15.509239353472365 34.892009385395795 121.65520424768329 26.538136076647788 8.0203126957640034 44.750313297379762 10.899959162808953 124.48687828239053 17.910820667166263 12.126511349342762 16.881151120178401 12.375450173858551 10.536796971224247 5.5179324033670119 30.846802505198866 8.3055718550458533 51.763872405514121 2.612672653514891
leaf_count=505 347 552 129 389 422 4578 92 197 353 199 1255 232 859 501 8909 637 449 2801 228 2088 372 325 150 181 191 183 725 161 2916 189
internal_value=0.000319694 -0.0118567 -0.000612362 0.0178134 -0.0250188 -0.00961144 0.030583 0.0187897 -0.0292113 0.0172202 0.0104542 0.0254594 0 0.0243101 -0.0350274 0.0137223 -0.0134004 -0.0174853 0.0161312 0.017628 -0.00223785 -0.00368715 0.0322686 -0.00106598 -0.00156144 -0.00522638 0.00516408 0.00771862 -0.0120681 -0.0371971
internal_weight=854.705 504.238 276.341 350.467 227.897 191.729 119.967 84.6118 193.997 68.0401 230.5 65.4935 33.9007 48.5913 135.339 184.482 58.6581 50.6378 157.944 147.044 46.0184 19.1183 46.9257 19.4489 126.602 85.2188 41.3836 27.9369 57.2818 124.268
internal_count=31115 24668 10134 6447 14534 9101 1362 1033 13123 973 5085 579 1411 700 9520 3458 3603 3154 2821 2593 1627 454 347 273 4523 3607 916 508 3099 9098
is_linear=0
shrinkage=0.05


Tree=4
num_leaves=31
num_cat=0
split_feature=16 38 31 13 41 13 13 26 38 9 25 21 16 40 30 32 38 7 26 31 33 9 25 13 23 25 38 30 30 29
split_gain=75.0135 31.7689 16.1653 13.6972 6.51997 5.5561 4.96866 4.64199 5.38434 4.50803 4.441 3.13506 2.66075 2.34625 2.08427 2.20723 1.35239 1.29087 1.32817 1.28284 1.49357 1.44512 1.25599 1.16711 1.16172 1.12676 1.12305 1.07867 1.1244 0.987054
threshold=-0.2766666561365127 -0.022851467132568356 0.42333334684371954 -0.45666666328907007 0.039123736321926124 -0.063333332538604722 0.35666668415069586 -1.0000000180025095e-35 -0.054368019104003899 -0.023333340883255001 -0.3899999856948852 -0.023333340883255001 -0.25666666030883784 0.97666668891906749 0.35666668415069586 0.37000000476837164 -0.065736293792724595 -0.083333343267440782 0.24333333969116214 0.083333313465118422 -0.24999999999999997 0.38999998569488531 -0.036666661500930779 0.17000001668930056 -0.24333333969116208 0.33666664361953741 -0.0041112899780273429 0.42833334207534796 0.25666666030883795 0.16333335638046267
decision_type=2 2 2 2 2 2 2 2 2 2 2 2 2 2 2 2 2 2 2 2 2 2 2 2 2 2 2 2 2 2
left_child=3 2 5 10 11 17 22 9 27 -5 -1 24 -3 -14 -12 -16 -11 18 -2 20 -10 25 -6 -7 -4 -22 -15 28 -9 -19
right_child=1 12 4 7 6 23 -8 8 19 16 14 -13 13 26 15 -17 -18 29 -20 -21 21 -23 -24 -25 -26 -27 -28 -29 -30 -31
leaf_value=0 -0.012631466440134801 -0.00032570811658399823 -0.0032272022633150614 0.011903046361510876 0.040569699354484498 -0.0099756363628805966 0 0.0009325624175120081 0 0.0029999014249977173 0.012665431348194339 -0.017490660756941674 -0.030931892613014107 -0.015274597301683868 0.040892773528384559 0.007810579642432737 -0.015368775716411237 0.011031144504976647 0.0047003070552105227 0 0.023491887563322909 0.0008441323497557795 0.0093451594224275968 -0.024835439036106091 0.017855883567334703 0 0.0081789970256469901 0.010038261095585654 -0.014988160250859856 -0.0032406451676243579
leaf_weight=11.271457102149723 22.907860687933862 9.9425879842601699 5.5233656228519967 31.242714706808329 25.983288560993969 48.409638025332242 13.388742495328186 17.893417723942552 7.9251585518941274 8.3281494723632914 21.958872416988015 12.493039573542772 179.46675739414059 2.6225216211751103 71.260521371848881 10.951528094708918 33.399637307506055 25.448209525551647 11.236157063394783 8.9751454661600274 104.5000997975003 11.63860442349687 11.113137014210222 42.506294097285718 10.07045595534146 7.4176773908548048 5.9756118152290565 6.6080484404228619 13.707690017763523 12.594288492575286
leaf_count=106 1319 352 121 756 223 2588 209 430 138 322 314 164 13311 200 652 122 1004 941 318 294 1741 271 135 3360 146 147 389 144 371 451
internal_value=-1.91269e-05 -0.0138962 -0.00148388 0.0164919 0.0162868 -0.0104666 0.0261325 0.00941327 0.0136432 -0.000876775 0.0304882 -0.00216187 -0.0284342 -0.0297354 0.0335471 0.0376003 -0.0112626 0 -0.00645509 0.0180325 0.0192283 0.0205223 0.0343991 -0.0182885 0.0104087 0.0222096 -0.000599875 -0.00218364 -0.00659821 0.0059409
internal_weight=806.761 439.682 241.674 367.079 78.572 163.102 50.4852 251.636 178.666 72.9705 115.442 28.0869 198.007 188.065 104.171 82.212 41.7278 72.1865 34.144 140.457 131.482 123.556 37.0964 90.9159 15.5938 111.918 8.59813 38.2092 31.6011 38.0425
internal_count=31039 24227 9975 6812 998 8977 567 5618 3536 2082 1194 431 14252 13900 1088 774 1326 3029 1637 2591 2297 2159 358 5948 267 1888 589 945 801 1392
is_linear=0
shrinkage=0.05


Tree=5
num_leaves=31
num_cat=0
split_feature=14 31 14 38 27 37 37 13 29 40 13 15 14 25 37 38 38 36 10 7 13 27 12 31 37 4 26 15 38 8
split_gain=75.9699 21.1354 13.6691 11.9723 11.6413 5.47268 5.34494 4.40549 3.27207 2.73808 2.65896 2.64091 2.28375 2.26029 2.18021 1.58563 1.34952 1.32043 1.5632 1.30723 1.29178 1.26543 1.18918 1.17058 1.26197 1.12812 0.951114 0.85604 0.77614 0.651359
threshold=-0.29000000655651087 0.42333334684371954 -0.45666666328907007 -0.022851467132568356 -0.36333334445953364 -0.053801536560058587 -0.054805755615234368 0.36333334445953375 0.31000000238418585 0.25000000000000006 -0.04333332180976867 -0.16333332657814023 -0.049999997019767754 0.34333333373069769 -0.040172100067138665 0.31014394760131841 0.070146560668945326 -0.22333332896232602 -0.063333332538604722 -0.10999999940395354 1.0000000180025095e-35 0.25666666030883795 -0.43000000715255732 -0.26999998092651362 0.0075397491455078134 0.068333327770233168 0.23666667938232425 -0.45666666328907007 -0.048716068267822259 -0.090000003576278673
decision_type=2 2 2 2 2 2 2 2 2 2 2 2 2 2 2 2 2 2 2 2 2 2 2 2 2 2 2 2 2 2
left_child=2 4 6 7 12 20 -1 9 -8 21 27 13 -2 16 -5 -12 17 -4 -19 29 -6 -3 -10 24 -21 -9 -13 -7 -22 -20
right_child=1 3 11 14 5 10 8 25 22 -11 15 26 -14 -15 -16 -17 -18 18 19 23 28 -23 -24 -25 -26 -27 -28 -29 -30 -31
leaf_value=0 0.0096277434366861953 -0.0016841375893758067 -0.0010974905792544875 0.0052604713891132747 0.00052069219613373058 0.0021430790434214457 0.0093878118734046379 0.0039612860955608028 0.039329020439858121 0.030553376970801988 -0.0330907069049289 -0.012668905796079807 -0.01025251072850133 -0.010138714018441922 -0.028480269016193195 0.0014334785948919885 0.019020997599949789 0.019655384347951207 0.003499512181006702 0.020834080701416048 -0.019719744331033268 0.016454428241611883 0.010842375245383552 0.0017399095246729578 0 -0.015329008056196506 0.0041627684430137471 -0.018651889221530112 -0.00036040547760660043 -0.011474443118067962
leaf_weight=15.214643060229717 30.613236780976877 16.5227160807699 25.497836684808135 2.4418639601208296 23.369677536189556 1.7531652078032482 20.855329360347241 10.720467568375172 82.4458650900051 31.128652500454336 140.15292659890838 13.793705372372644 17.38547209254466 7.1105955247767261 18.477321699028835 1.490879583172499 48.597319771535695 30.422935225535184 6.2709636660292736 21.664921319112182 14.750357582699509 10.01714506279677 12.363356468267737 40.943425021599978 12.052547119092194 6.9597675567492834 7.690851212013512 87.725492216413841 10.865688022226093 9.3136270618997496
leaf_count=169 875 211 616 149 1264 68 263 247 639 326 11158 692 1020 202 1347 110 898 662 105 478 1095 81 129 944 233 151 190 5837 784 219
internal_value=-0.000300435 -0.0145093 0.0166105 0.0056214 -0.0204855 -0.0243163 0.0292134 0.0150906 0.0327105 0.0213611 -0.0275474 0.00854567 0.00162491 0.0103611 -0.0233184 -0.0325145 0.0115146 0.00820304 0.0103246 0.00589002 -0.00727421 0.00616541 0.0367287 0.00867411 0.0149301 -0.00453652 -0.00614064 -0.0178735 -0.0139255 -0.00499305
internal_weight=778.613 424.375 354.238 96.2679 328.107 280.108 130.879 75.3487 115.665 57.6685 231.122 223.359 47.9987 201.874 20.9192 141.644 194.764 146.166 120.668 90.2455 48.9857 26.5399 94.8092 74.6609 33.7175 17.6802 21.4846 89.4787 25.616 15.5846
internal_count=31162 24723 6439 2512 22211 20316 1200 1016 1031 618 17173 5239 1895 4357 1496 11268 4155 3257 2641 1979 3143 292 768 1655 711 398 882 5905 1879 324
is_linear=0
shrinkage=0.05


Tree=6
num_leaves=31
num_cat=0
split_feature=16 31 38 19 19 37 41 26 38 19 37 37 24 31 27 37 37 27 37 14 41 39 39 39 39 16 38 38 38 27
split_gain=67.7505 30.5032 13.9909 11.8263 7.35876 7.13077 5.77583 4.92452 4.51915 3.38693 2.82828 2.77795 2.54318 2.83169 2.3908 2.01846 1.83257 1.71706 1.51483 1.42974 1.25472 1.21288 1.19442 1.01496 1.01187 0.994267 0.965846 0.934401 0.913738 0.866731
threshold=-0.28333333134651179 0.42333334684371954 -0.022851467132568356 -0.45666666328907007 -0.069999992847442613 -0.054805755615234368 0.044630834832787521 0.32999998331069952 0.12839555740356448 -0.29666668176650995 -0.047028064727783196 -0.070494174957275377 -0.24333333969116208 -0.0099999904632568342 0.30333334207534796 -0.040172100067138665 -0.054805755615234368 -0.36333334445953364 0.0033974647521972661 0.32999998331069952 0.028690008446574215 0.024349682964384559 0.038657501339912421 0.0300090815871954 0.024213561788201336 -0.4433333277702331 0.18432664871215823 -0.063383102416992174 0.096286773681640639 0.18333333730697635
decision_type=2 2 2 2 2 2 2 2 2 2 2 2 2 2 2 2 2 2 2 2 2 2 2 2 2 2 2 2 2 2
left_child=3 4 6 5 10 -1 14 9 -7 24 -2 -9 -13 27 18 -4 21 -12 20 -8 -3 -6 -18 -19 -5 -11 -27 -14 -26 -21
right_child=1 2 15 7 16 8 19 11 -10 25 17 12 13 -15 -16 -17 22 23 -20 29 -22 -23 -24 -25 28 26 -28 -29 -30 -31
leaf_value=-0.0035626751719812855 0.0014386883650738852 0 0.0045565738951674371 0.0090918060951260173 -0.01827275834137982 0.033888365061140076 0.035657490517810579 -0.0070047794235971227 0.0024540794338979068 0.0048784114192861458 0 -0.0038845198306939055 0.0043010952001900507 0.0013656727435702144 0.01638025286797299 -0.02836846972062735 -0.032115212082973792 -0.020644961327954865 0.0070270638161878639 -0.0016894209452459686 -0.023767502073445537 0 -0.0015096055797178829 -0.0011880866002547679 -0.0052666388988697682 -0.016884813524977001 0.0039581538487646886 0.029880895579628832 0.01016753258462124 0.016280136022259317
leaf_weight=14.727331847883759 28.67773222271353 6.4512703591026428 2.4348551016300943 74.97346797818318 17.068873090203855 108.67333916667849 30.750955910421908 6.6687138034030786 15.725936654955147 3.1579004130326238 13.171755458228288 6.9802391096018246 8.7828259617090207 16.251721346285194 10.357919516041873 17.102827874943614 144.02200452447869 62.407358982367441 5.8183692973107091 6.6289499327540389 8.097638064529745 11.266234898474066 5.640263006091117 11.36791015556082 27.424162254203111 26.504021815955642 2.1286236313171676 47.470312607008964 7.1965116802602997 8.3380408338271064
leaf_count=180 1464 112 141 1549 1307 906 257 191 126 88 530 158 186 391 106 1307 11937 4714 120 126 182 848 462 725 629 1314 66 712 114 108
internal_value=6.12186e-06 -0.0143725 0.00947859 0.0153368 -0.0222862 0.0266358 0.0192083 0.00781418 0.0304021 0.00167836 -0.0112349 0.0168474 0.0194922 0.022186 0.000981777 -0.0231798 -0.0287287 -0.015507 -0.0078465 0.0294392 -0.0153263 -0.0116629 -0.031225 -0.0182751 0.00600669 -0.0111661 -0.0141961 0.0270882 -0.000414986 0.00892306
internal_weight=756.268 389.603 95.9808 366.665 293.622 139.127 76.4431 227.539 124.399 141.385 115.625 86.1538 79.4851 72.5049 30.7252 19.5377 177.997 86.947 20.3673 45.7179 14.5489 28.3351 149.662 73.7753 109.594 31.7905 28.6326 56.2531 34.6207 14.967
internal_count=31056 24446 2459 6610 21987 1212 1011 5398 1032 3760 7433 1638 1447 1289 520 1448 14554 5969 414 491 294 2155 12399 5439 2292 1468 1380 898 743 234
is_linear=0
shrinkage=0.05


Tree=7
num_leaves=31
num_cat=0
split_feature=16 31 38 14 37 27 16 38 13 37 27 21 2 37 31 25 39 13 30 38 16 23 18 4 29 39 26 16 31 37
split_gain=58.3794 26.4792 11.7165 8.48326 5.6365 4.26728 4.22484 4.19228 3.75834 3.33933 3.1474 2.51584 2.07794 1.81604 1.48609 1.47475 1.24732 1.46844 1.20238 1.00211 0.964902 0.947038 0.904086 0.82392 0.924338 0.762678 0.84481 0.727462 0.686807 0.638187
threshold=-0.28333333134651179 0.42333334684371954 -0.022851467132568356 -0.45666666328907007 -0.054805755615234368 -0.063333332538604722 -0.25666666030883784 -0.022851467132568356 0.36333334445953375 -0.054805755615234368 -0.33666665852069849 -0.30333334207534784 0.37666666507720953 -0.040172100067138665 0.069999992847442641 0.26333332061767584 0.025486567988991741 -0.22999998927116391 -0.10333332419395445 0.31014394760131841 -0.31666666269302363 0.14999997615814212 -0.45666666328907007 0.38333332538604742 0.31000000238418585 0.020484371110796932 0.2833333313465119 -0.19666665792465207 -0.37666666507720942 -0.053274631500244134
decision_type=2 2 2 2 2 2 2 2 2 2 2 2 2 2 2 2 2 2 2 2 2 2 2 2 2 2 2 2 2 2
left_child=3 4 5 9 16 18 -6 20 -7 -1 12 -11 14 -4 -9 21 17 -2 -3 22 25 28 -8 24 -13 29 -27 -18 -12 -5
right_child=1 2 13 7 6 8 19 10 -10 11 15 23 -14 -15 -16 -17 27 -19 -20 -21 -22 -23 -24 -25 -26 26 -28 -29 -30 -31
leaf_value=0 0.004360478614299482 0.006758280267630333 0.0043462699932642051 0.010713595652563317 0 0.029362052697024351 0 0.025089917653681168 -0.00059124770391452783 0.0035423890291476239 -0.0086738789994149999 0.0091182927250258502 -0.001748939842232948 -0.02654162318037109 0 -0.0092369042449005397 -0.0072296834126251769 -0.015597168334119744 -0.012887130967829938 0 0.007693365061758591 0.013202739989735519 -0.027698151491023754 0.0092145420195397544 0.03264886530757178 -0.014104072309828922 0 0.0092111830377623969 0.004505364351233887 -0.0033227714534501741
leaf_weight=13.481819929555057 7.4162254561670116 10.12199863092974 2.4572933800518539 6.1440891530364778 15.900861031608654 44.738874001428485 1.2010308923199762 51.246629309374839 10.870721140876411 16.165147081017494 6.3564996863715342 13.735368840396402 7.0969933103770009 17.175895971478894 6.3618125375360242 10.23542459332384 3.3978886734694269 26.537019602954388 8.2861568364314717 1.9425662681460369 11.470299683045594 29.738119532354176 210.99971497198567 15.712405243888496 81.050796265713871 23.342195276170969 16.10515275131911 13.535140197258441 36.193428200669587 15.753538790624587
leaf_count=184 313 231 144 179 711 337 72 750 232 165 149 200 105 1337 174 457 124 1956 231 169 415 689 17754 124 570 749 415 869 885 419
internal_value=-0.000669382 -0.0144091 0.00804111 0.013553 -0.0219919 0.0172421 -0.0253052 0.00695231 0.0236136 0.0230349 0.0116867 0.0254452 0.0196017 -0.021588 0.0225419 0.00429032 -0.00548438 -0.010612 -0.00205467 -0.0271032 -0.00246415 0.00708613 -0.0274337 0.0280873 0.0302329 -0.00525085 -0.00905318 0.00379357 0.00119296 0.00117662
internal_weight=734.771 374.581 93.6509 360.19 280.93 74.0178 230.044 220.044 55.6096 140.146 147.229 126.664 64.7054 19.6332 57.6084 82.5235 50.8863 33.9532 18.4082 214.143 72.8153 72.288 212.201 110.499 94.7862 61.345 39.4473 16.933 42.5499 21.8976
internal_count=31109 24480 2512 6629 21968 1031 18706 5386 569 1243 3209 1059 1029 1481 924 2180 3262 2269 462 17995 2177 1723 17826 894 770 1762 1164 993 1034 598
is_linear=0
shrinkage=0.05


Tree=8
num_leaves=31
num_cat=0
split_feature=16 31 38 30 37 41 37 19 16 17 26 28 25 25 41 37 37 19 19 26 38 36 41 18 24 38 37 8 41 31
split_gain=59.288 19.4813 9.52581 9.10087 6.59071 5.48714 5.35734 3.53077 2.87946 1.97737 1.9979 1.85892 1.84552 1.61032 2.12605 2.83657 1.54489 1.53543 1.44361 1.4282 1.06075 0.925833 0.885725 0.856383 0.814919 0.810264 0.894714 0.731206 0.688406 0.601592
threshold=-0.2766666561365127 0.42333334684371954 -0.022851467132568356 0.3966666460037232 -0.054805755615234368 0.03895267844200135 -0.070494174957275377 -0.24999999999999997 -0.25666666030883784 -0.31000000238418574 0.29000002145767217 0.18999999761581424 -0.28333333134651179 -0.0099999904632568342 0.038634473457932479 0.034357547760009773 -0.040172100067138665 -0.069999992847442613 0.32999998331069952 0.37666666507720953 0.31014394760131841 -0.036666661500930779 0.027909388765692714 -0.45666666328907007 -0.29000000655651087 -0.022441387176513668 -0.15638160705566403 -0.16333332657814023 0.028521344996988777 -0.016666665673255917
decision_type=2 2 2 2 2 2 2 2 2 2 2 2 2 2 2 2 2 2 2 2 2 2 2 2 2 2 2 2 2 2
left_child=3 4 5 7 17 12 -5 13 -6 11 -11 -8 -3 14 22 -16 -4 -2 -7 -9 23 -17 -1 -10 -15 26 -19 -20 -14 -26
right_child=1 2 16 6 8 18 9 19 20 10 -12 -13 28 24 15 21 -18 25 27 -21 -22 -23 -24 -25 29 -27 -28 -29 -30 -31
leaf_value=0 0.0046252504060077353 0.0072385011263022912 0.0030650351361194328 -0.0047085558703638675 0 0.026452310513100541 0.0048383003101681284 -0.01395793382074099 0 -0.0027675254323499716 0.018725765680419365 0.031709514631111262 0 0 -0.0089172736733585944 0.01834539385142522 -0.026658222984029124 0.0017523269994747057 0.011368455996147782 0.0049556143795931396 0 0 0.016088314828189013 -0.026856939834990792 0.01831947026448762 0.0014285920799173848 -0.018236305785060362 -0.0054517055918142376 -0.021254225403606674 0
leaf_weight=12.455153572838752 22.731975356582552 9.6960265673697013 2.2534993924200561 12.600031905807553 12.149196635698898 37.882754401303828 11.832082595210521 20.964414981659505 1.2356884144246567 12.431379754561929 22.107403356581926 96.322405950166285 4.3302680156193665 4.9899443378671995 39.641898481175303 11.351713452022524 16.185091947438195 3.1976722744293573 6.6226810170337558 9.5242163175716978 2.0217661364004007 11.058126720599828 33.003888799343258 201.2711996876169 57.467558693606406 5.823224749416112 18.687744836322963 5.8742963355034572 8.0455663632601482 7.4596347576007238
leaf_count=263 1073 136 136 219 539 362 119 1000 68 357 302 813 97 128 962 218 1296 249 92 217 175 237 693 17919 1134 406 1503 139 199 172
internal_value=-6.29383e-05 -0.0144155 0.00511475 0.0140207 -0.0211188 0.013533 0.023055 0.00669877 -0.0248503 0.0257658 0.0111085 0.0293976 -0.00544598 0.00944465 0.00481276 -0.000963033 -0.0221419 -0.00370855 0.021986 -0.00752112 -0.0262177 0.0111393 0.0123756 -0.0265848 0.0152945 -0.0108935 -0.0146706 0.0029067 -0.0158629 0.0167063
internal_weight=721.219 358.009 90.8902 363.21 267.118 72.4516 155.293 207.917 216.678 142.693 34.5388 108.154 22.0719 177.428 107.511 62.0517 18.4386 50.4406 50.3797 30.4886 204.529 22.4098 45.459 202.507 69.9171 27.7086 21.8854 12.497 12.3758 64.9272
internal_count=31223 24389 2457 6834 21932 1025 1810 5024 18701 1591 659 932 432 3807 2373 1417 1432 3231 593 1217 18162 455 956 17987 1434 2158 1752 231 296 1306
is_linear=0
shrinkage=0.05


Tree=9
num_leaves=31
num_cat=0
split_feature=16 31 38 16 37 13 27 37 31 27 19 16 37 38 36 38 38 19 37 25 31 33 24 40 37 21 9 7 19 16
split_gain=51.9747 19.0643 8.19209 7.2343 4.78932 4.16204 3.75459 3.19413 2.99435 2.6373 2.34972 2.20256 2.07152 2.36626 1.79746 1.86756 1.45973 1.41927 1.32746 1.29005 1.16685 1.06014 1.41821 1.04027 1.021 0.892986 0.807783 1.56422 0.770417 0.707716
threshold=-0.2766666561365127 0.42333334684371954 -0.022851467132568356 -0.43000000715255732 -0.053801536560058587 0.36333334445953375 -0.26999998092651362 -0.054805755615234368 -0.26333332061767573 -0.063333332538604722 -0.29666668176650995 -0.25666666030883784 0.011377334594726564 -0.038792133331298821 0.35666668415069586 0.13470363616943362 0.33441638946533209 -1.0000000180025095e-35 -0.070494174957275377 -0.030000001192092892 0.096666663885116591 -0.19666665792465207 -0.069999992847442613 0.97666668891906749 -0.042132854461669915 0.056666672229766853 0.12333333492279054 -0.023333340883255001 -0.4433333277702331 -0.20333333313465116
decision_type=2 2 2 2 2 2 2 2 2 2 2 2 2 2 2 2 2 2 2 2 2 2 2 2 2 2 2 2 2 2
left_child=3 4 5 7 17 9 18 19 12 -3 26 -6 -9 -14 15 -15 28 29 -5 -1 21 -20 -23 -19 -4 -10 27 -8 -13 -2
right_child=1 2 24 6 11 -7 10 8 25 -11 -12 16 13 14 -16 -17 -18 23 20 -21 -22 22 -24 -25 -26 -27 -28 -29 -30 -31
leaf_value=-0.011174087536104226 -0.0073356704881904575 0 0.0014158827062201737 -0.0042073409901244975 -0.00028747922974268201 -0.0063231594108866893 -0.00048814046247333499 0.031451707492095186 -0.0073061547052081025 0.026096232192657616 -0.012924105353175262 0 -0.0025389273363025221 0.02805122428567158 0.00065833085954849103 0.0010880744774604734 0.004365860693791696 -0.016610219883189527 0 0.0091827147034892059 0 0.0034284946588887207 0.023010814248754941 0.0040337414551692612 -0.023001191809822723 0.0097824643702644262 -0.0042605580144474704 0.014947719635076091 -0.0256714548069535 0.0068636406746172482
leaf_weight=7.1142256492748883 6.2262696027755764 13.851798100396989 2.2168605625629452 5.5491431923583141 11.768768474226816 14.535915811080484 30.306870453059673 75.077894140034914 7.9913068725727525 40.066650412976742 23.958256835350767 1.1684538056142617 11.205008402932433 37.669060457963496 13.476924727205185 10.430760630406438 1.0941841155290593 20.556226945016537 6.5271047428250304 12.829513778910039 9.0332323296461237 18.082866041455418 45.812818948412314 3.0277027725242069 15.623509573750196 9.8675939552485925 16.498772802297026 22.956356201320887 188.9005743698217 20.541048114188015
leaf_count=107 269 288 131 190 524 409 703 762 139 324 1326 54 147 341 146 116 90 1796 143 204 284 356 801 209 1300 142 482 492 17695 1122
internal_value=0.000417975 -0.0134963 0.00626147 0.013461 -0.0203134 0.0142857 0.00578906 0.0203034 0.0225079 0.0203357 -0.000931931 -0.0237145 0.024776 0.0157015 0.0193213 0.0234354 -0.0249774 -0.00509676 0.0130467 5.26735e-05 0.0147551 0.0167814 0.0185966 -0.0128343 -0.0193257 0.00117363 0.00355391 0.00658264 -0.0254022 0.00205938
internal_weight=703.966 339.578 86.2947 364.388 253.283 68.4544 178.725 185.662 165.719 53.9184 93.7203 202.932 147.86 72.7818 61.5767 48.0998 191.163 50.3512 85.0052 19.9437 79.456 70.4228 63.8957 23.5839 17.8404 17.8589 69.762 53.2632 190.069 26.7673
internal_count=31092 24211 2452 6881 21759 1021 4777 2104 1793 612 3003 18363 1512 750 603 457 17839 3396 1774 311 1584 1300 1157 2005 1431 281 1677 1195 17749 1391
is_linear=0
shrinkage=0.05


Tree=10
num_leaves=31
num_cat=0
split_feature=16 31 30 38 41 37 19 19 37 4 37 26 16 39 37 24 37 41 38 41 26 39 38 33 16 18 32 28 14 39
split_gain=53.8757 12.4247 7.76928 5.71008 4.91489 4.5564 3.70718 3.1111 2.567 2.33504 1.66661 1.6058 1.47563 1.35566 1.33299 1.17577 1.08448 0.894593 0.869241 1.71696 0.832348 0.805683 1.01365 0.77385 0.758851 0.741346 0.657993 0.622489 0.564157 0.530203
threshold=-0.28333333134651179 0.43000000715255743 0.38333332538604742 -0.022851467132568356 0.044630834832787521 -0.070494174957275377 -0.04333332180976867 -0.24999999999999997 -0.015917301177978512 0.44333332777023321 -0.053801536560058587 -0.1766666769981384 -0.25666666030883784 0.025416773743927482 -0.15638160705566403 -0.30166667699813837 -0.040172100067138665 0.028690008446574215 0.087198257446289076 0.038634473457932479 0.41666668653488165 0.025486567988991741 0.029561042785644535 0.22333335876464847 -0.13666665554046628 -0.45666666328907007 0.056666672229766853 0.043333351612091071 -0.40333333611488337 0.048063181340694434
decision_type=2 2 2 2 2 2 2 2 2 2 2 2 2 2 2 2 2 2 2 2 2 2 2 2 2 2 2 2 2 2
left_child=2 6 7 4 8 -4 10 18 17 11 24 -7 -12 -6 -8 -13 -5 -3 19 21 -9 22 -1 26 -2 -14 -20 -21 -29 -16
right_child=1 3 5 16 13 9 14 20 -10 -11 12 15 25 -15 29 -17 -18 -19 23 27 -22 -23 -24 -25 -26 -27 -28 28 -30 -31
leaf_value=0.018649459761996386 -0.0073421236591695391 0 -0.0049509850799847113 0.0018038859860410698 0.025140317639061518 0.0042590110987650647 0.00062735655507574191 -0.013130725232355506 0.008409636550168173 0 0 0.0054013252889554058 0.0022088478451111394 0.00050055169147602305 -0.025342087127744318 0.028447240828957568 -0.022964206846747118 -0.024887619076900878 0.006735161692235825 0.0075756524612963479 0.0034563530478696129 0 0 0 0.006752440810992702 -0.01810978490801899 0.025962883317141625 -0.0068945100401971108 0.0021536616697284674 0
leaf_weight=31.65948907006532 11.77240214077756 5.3850591923110205 11.721754854544995 2.3396609756164279 28.046959549188614 13.902817485155536 2.9611268527805796 18.891685974318538 10.945922416634856 8.733161580283193 14.105239266296847 12.024529827758668 1.2024415722116817 9.508164548315106 152.9730092769023 117.64185349689797 14.269722844706846 7.7669066060334444 19.972901636734605 14.812566706445066 4.909339176490902 14.027152874972669 11.300565623678265 5.561701536178588 14.595771085470913 60.729488342534751 12.852859127335249 28.306401081848886 24.494151391554627 1.3713762424886216
leaf_count=659 528 101 243 135 328 241 237 933 219 208 564 164 60 125 13737 1142 1198 165 397 402 113 320 235 96 734 6262 192 600 698 110
internal_value=-0.000108196 -0.0142625 0.0134686 0.00277335 0.0101122 0.0213079 -0.019437 0.00600605 -0.00596689 0.0235978 -0.0106133 0.0250679 -0.0141293 0.0204044 -0.0244271 0.0268278 -0.0188167 -0.0181235 0.00856298 0.00570947 -0.00886343 0.0116506 0.014689 0.0152381 0 -0.017187 0.0177564 0 -0.00248045 -0.0250691
internal_weight=688.786 337.973 350.813 78.2624 61.653 164.024 259.711 186.789 24.0979 152.302 102.405 143.569 76.0372 37.5551 157.306 129.666 16.6094 13.152 162.988 124.6 23.801 56.9872 42.9601 38.3875 26.3682 61.9319 32.8258 67.6131 52.8006 154.344
internal_count=31146 24503 6643 2271 938 1998 22232 4645 485 1755 8148 1547 6886 453 14084 1306 1333 266 3599 2914 1046 1214 894 685 1262 6322 589 1700 1298 13847
is_linear=0
shrinkage=0.05


Tree=11
num_leaves=31
num_cat=0
split_feature=16 30 37 37 19 41 41 25 39 29 39 27 41 13 39 29 32 33 6 15 16 27 27 36 19 9 25 40 8 15
split_gain=40.9971 8.44389 5.5472 3.23237 2.71192 2.31941 2.61528 2.43847 1.79168 1.58762 1.52915 2.6073 1.48921 1.44224 1.22371 1.21319 1.47446 1.45382 1.10246 1.09967 1.62297 1.07323 1.07271 0.98347 0.977173 1.0326 0.922789 0.917071 0.893694 0.853221
threshold=-0.26333332061767573 0.3966666460037232 -0.054805755615234368 -0.070494174957275377 -0.24999999999999997 0.03895267844200135 0.039630852639675147 -0.049999997019767754 0.025362205691635612 0.31666666269302374 0.029205097816884521 -0.12333333492279051 0.044630834832787521 -0.236666664481163 0.038017518818378455 0.41666668653488165 0.18999999761581424 0.20999997854232791 -0.030000001192092892 0.12333333492279054 0.40333333611488348 -0.33666665852069849 -0.37666666507720942 -0.17000000178813932 0.069999992847442641 0.14999997615814212 -0.48333333432674402 0.67000001668930065 -0.056666672229766839 0.35666668415069586
decision_type=2 2 2 2 2 2 2 2 2 2 2 2 2 2 2 2 2 2 2 2 2 2 2 2 2 2 2 2 2 2
left_child=1 4 8 -3 15 14 -7 19 12 -5 11 -11 13 -2 26 16 21 -18 -14 -8 24 23 -6 -1 -21 29 -4 -9 -23 -26
right_child=2 3 5 9 22 6 7 27 -10 10 -12 -13 18 -15 -16 -17 17 -19 -20 20 -22 28 -24 -25 25 -27 -28 -29 -30 -31
leaf_value=-0.0015820264505724789 0.0044459659149836501 -0.0031077781766869934 0 0 0.0033888317025164705 0.0094336857821081341 -0.010499919347733228 -0.0108009664944234 0.0095117050829941797 0.028057021024116932 0.0056064401058680147 0.00013388405721038172 0.0088273278611826541 -0.020398756272597296 0 -0.0070522712572570027 0.022561927144069918 0 -0.0084686996769224605 -0.0044925349349979639 -0.011587090561578917 0.0057161641519622147 -0.013772038364457779 0.013316547147468683 0.021946263970267357 -0.0034228258986260408 -0.024104856654439521 -0.027094749886265059 -0.0038658659330335918 0
leaf_weight=9.1433581067249161 3.4970863754861083 10.283675387967376 2.1969464384019366 9.1132653383538109 8.058534065261485 9.0634227790869755 33.654326568124816 42.3774448861368 24.560290654189885 106.7516061863862 17.96619245223701 11.044102621963246 16.411490212660286 15.121049776440485 5.2372184926643959 7.9794990615919223 24.042686425615102 10.599061572924255 9.0081351147964579 5.4261291092261699 9.4849782024975848 44.650125236716121 19.358664378290996 42.623730841558427 12.359420333057644 3.1721549672074607 95.147872981615365 26.927820784738287 38.925400052918121 3.074193764012306
leaf_count=193 141 216 140 121 215 686 2946 3561 1165 1011 197 307 613 1058 382 149 473 216 565 509 540 1077 1149 828 450 248 8527 2288 1082 127
internal_value=0.000311966 0.0117868 -0.0126493 0.0204319 0.00474286 -0.0160551 -0.0108677 -0.0127319 0 0.0223256 0.023632 0.0257744 -0.00585328 -0.0147704 -0.0221775 0.00708916 0.00811286 0.0169369 0.00145559 -0.0047737 0.00106461 0.00505433 -0.00827713 0.0103613 0.0082078 0.01312 -0.0233745 -0.0191181 0.00101422 0.0176929
internal_weight=677.26 360.54 316.72 155.159 205.381 248.122 145.54 136.476 68.5981 144.875 135.762 117.796 44.0378 18.6181 102.582 177.964 169.984 34.6417 25.4196 67.1712 33.5169 135.343 27.4172 51.7671 24.0319 18.6058 97.3448 69.3053 83.5755 15.4336
internal_count=31180 7234 23946 1852 5382 20404 11355 10669 3542 1636 1515 1318 2377 1199 9049 4018 3869 689 1178 4820 1874 3180 1364 1021 1334 825 8667 5849 2159 577
is_linear=0
shrinkage=0.05


Tree=12
num_leaves=31
num_cat=0
split_feature=16 31 38 16 41 37 41 38 39 26 19 9 5 32 39 19 28 39 25 0 31 9 26 9 7 19 37 41 21 40
split_gain=35.8272 13.4443 5.5875 4.80772 3.70572 3.35708 2.63824 2.85036 2.63361 2.49045 1.98457 1.96411 4.39183 2.76479 1.75305 1.72741 1.63001 1.42489 1.39441 1.34501 1.36663 1.36179 1.11267 1.04292 0.989183 0.978915 0.962246 0.905846 0.813043 0.725984
threshold=-0.26333332061767573 0.43000000715255743 -0.022851467132568356 -0.43000000715255732 0.03895267844200135 -0.053801536560058587 0.046484507620334632 -0.0099368095397949201 0.023165806196630005 0.24333333969116214 -0.24999999999999997 0.1566666662693024 0.19666665792465213 1.0000000180025095e-35 0.02868249919265509 0.01666665077209473 0.48166668415069586 0.01946812774986029 -0.13666665554046628 0.38333332538604742 0.01666665077209473 0.31000000238418585 0.32999998331069952 0.12333333492279054 -0.0099999904632568342 0.32333332300186163 -0.040172100067138665 0.033665614202618606 0.31000000238418585 0.25000000000000006
decision_type=2 2 2 2 2 2 2 2 2 2 2 2 2 2 2 2 2 2 2 2 2 2 2 2 2 2 2 2 2 2
left_child=3 5 4 6 27 15 11 8 -8 10 23 18 13 -13 25 -2 -14 -9 -1 20 21 22 -11 24 -5 -6 -4 29 -24 -3
right_child=1 2 26 9 14 -7 7 17 -10 19 -12 12 16 -15 -16 -17 -18 -19 -20 -21 -22 -23 28 -25 -26 -27 -28 -29 -30 -31
leaf_value=0.0078781061220466932 0.0021810754092045615 -0.0063829027776553561 0.0025523033814244759 0 0.029986921538236556 -0.021243154773553284 -0.019759461851469384 0.021646147373043361 0.0082802740262250887 0.00087277550931072793 -0.013724579068527993 0.015893180972692066 0.026761284727730601 -0.010270214099272706 0 -0.014405936922458874 9.0167211563462379e-05 0.0010394821458815701 0.03630503701691503 -0.0040202733286466546 0 0 0.025479532817862766 -0.0059868211686221577 0.01227912595863246 0.0032456403055897269 -0.01989361035262462 -0.016031082503304438 0.0013795986937412375 0.011673685896987234
leaf_weight=12.416805472224949 29.015666287392378 4.1557577135972661 2.2813542964868239 33.611188982846215 23.922998488880694 183.01692384132184 10.991967024747284 19.69243336468935 10.136562376748769 10.309303088579325 17.669632188277319 9.7886976012960094 36.566801899578422 21.740550079382956 7.9897610377520314 21.293767712078989 8.8663574191741628 17.433396157808602 28.685428760945797 9.0431769145652634 17.427223025821149 12.667228940874336 32.402879387605935 18.245302363764495 25.704353898763657 8.1777891628444177 13.371431460371239 4.7204827736131838 7.1242467155680052 5.0050605959258974
leaf_count=141 1444 126 137 913 233 18080 198 207 179 272 1155 136 413 220 107 1929 107 203 282 168 514 267 558 590 611 180 1176 152 126 125
internal_value=7.961e-05 -0.0124261 0.00618964 0.0106878 0.0138785 -0.0181014 0.0165327 0.00627761 -0.00652955 0.00461672 -0.000808071 0.0208428 0.0136389 -0.000238981 0.0209487 -0.00518244 0.0226601 0.0140403 0.0303456 0.0103704 0.0124565 0.0156369 0.0189989 0.00260953 0.00594356 0.0254146 -0.0156669 -0.00544303 0.0224392 0.0025491
internal_weight=663.475 302.951 69.6246 360.524 53.9718 233.326 176.319 58.2544 21.1285 184.205 95.2305 118.065 76.9624 31.5292 40.0905 50.3094 45.4332 37.1258 41.1022 88.9741 79.9309 62.5037 49.8364 77.5608 59.3155 32.1008 15.6528 13.8813 39.5271 9.16082
internal_count=30949 23689 2236 7260 923 21453 2086 787 377 5174 3269 1299 876 356 520 3373 520 410 423 1905 1737 1223 956 2114 1524 413 1313 403 684 251
is_linear=0
shrinkage=0.05


Tree=13
num_leaves=31
num_cat=0
split_feature=16 31 38 14 41 19 26 37 38 17 31 31 37 13 9 37 33 5 38 37 39 37 19 7 37 16 0 28 24 39
split_gain=31.5295 10.8978 6.02217 4.9694 3.89488 2.78033 2.35172 2.19679 2.15101 1.9951 1.93006 1.82642 1.80682 1.67128 1.66045 1.51092 1.27371 3.32776 1.91617 1.20848 1.2081 1.19592 0.987761 1.31089 0.919143 0.833566 0.821441 0.723385 0.714995 0.622005
threshold=-0.28333333134651179 0.42333334684371954 -0.022851467132568356 -0.45666666328907007 0.044630834832787521 -0.069999992847442613 0.33666664361953741 -0.054805755615234368 -0.063383102416992174 -0.43000000715255732 -0.31000000238418574 0.096666663885116591 -0.015917301177978512 0.34333333373069769 0.096666663885116591 -0.047028064727783196 0.31666666269302374 0.21666666865348819 -0.022441387176513668 -0.054805755615234368 0.017438697628676895 -0.15638160705566403 -0.24999999999999997 -0.0099999904632568342 -0.040172100067138665 -0.26333332061767573 0.30333334207534796 0.14833331108093264 0.18999999761581424 0.038017518818378455
decision_type=2 2 2 2 2 2 2 2 2 2 2 2 2 2 2 2 2 2 2 2 2 2 2 2 2 2 2 2 2 2
left_child=3 5 4 7 12 15 9 -1 28 27 16 19 -3 -6 22 -2 18 -18 -9 -10 -16 -7 23 -11 -4 -17 -21 -5 -8 -23
right_child=1 2 24 6 13 21 8 10 11 14 -12 -13 -14 -15 20 25 17 -19 -20 26 -22 29 -24 -25 -26 -27 -28 -29 -30 -31
leaf_value=-0.00046334223715217425 0.00054611832544492497 -0.015444166882174948 0.0014755684615696525 0 0.024970595663745362 0.0013693310295509985 -0.010669890022800343 0.0082444036029845191 0 -0.0013438221963616023 0 -0.0043672440665994813 0.0083597237016443428 0 0.0031529112538710062 0 -0.0061840433704192475 0.02094583453784896 0.031594625702271471 0.02257954053880383 -0.014136675064167501 -0.022397064952177359 -0.010007829798897494 0.012041069544306927 -0.021094638807913742 -0.014841751680393343 0.0026191586856464024 0.016827397309924004 0.0050182576602990046 -0.0018433425780833993
leaf_weight=11.688974751159547 28.03161866706796 10.703758180839943 2.3097016415558782 6.3384825210087028 31.176286863163114 3.0598485120572141 8.8122039297595602 20.631117031909525 6.4181893980130544 32.451200479641557 11.160460095852612 6.5310266888700417 8.5924182781018299 8.5850294036790711 8.4753979223314655 10.084721839521078 13.978443743661044 20.598315335810184 50.137665599584579 45.626697202213109 30.050965486327186 137.93728090007789 6.8636348033323875 26.890857502818108 14.790371184935792 49.282550425035879 10.929205657914279 16.223099541384727 6.769034660421311 7.6884066299535325
leaf_count=179 1443 285 140 174 305 253 219 209 100 845 146 192 233 195 328 382 128 176 407 711 1144 13533 390 577 1316 5499 180 329 155 758
internal_value=-2.19785e-05 -0.0114223 0.00450619 0.0103746 0.0122434 -0.0166483 0.00526458 0.0180403 0.0114196 0.000634018 0.0200326 0.0150206 -0.0043875 0.0203777 -0.00224297 -0.00823018 0.0220196 0.0100692 0.0262894 0.0175988 -0.00985935 -0.0209237 0.0022939 0.00488766 -0.0173724 -0.0124263 0.0197431 0.0125301 -0.00319566 -0.0215927
internal_weight=652.817 312.242 76.1576 340.575 59.0575 236.084 212.38 128.195 85.0864 127.294 116.506 69.5051 19.2962 39.7613 104.732 87.3989 105.346 34.5768 70.7688 62.9741 38.5264 148.686 66.2057 59.3421 17.1001 59.3673 56.5559 22.5616 15.5812 145.626
internal_count=30931 24342 2474 6589 1018 21868 5344 1245 1557 3787 1066 1183 518 500 3284 7324 920 304 616 991 1472 14544 1812 1422 1456 5881 891 503 374 14291
is_linear=0
shrinkage=0.05


Tree=14
num_leaves=31
num_cat=0
split_feature=16 38 14 37 6 27 41 38 19 41 14 16 5 32 4 22 37 15 25 24 40 39 39 40 39 38 17 16 39 36
split_gain=29.0578 6.80681 4.60904 3.53852 2.93544 2.51289 2.46815 1.82846 1.73291 1.63401 1.61398 1.57808 1.56465 2.33078 1.62646 2.55385 1.5826 1.28593 1.47121 1.10039 1.07363 1.03404 0.98377 1.21071 0.963749 0.880656 1.74827 1.04898 0.857594 0.775327
threshold=-0.28333333134651179 -0.022851467132568356 -0.4433333277702331 -0.054805755615234368 0.01666665077209473 -0.236666664481163 0.03895267844200135 -0.054368019104003899 -0.32999998331069941 0.027909388765692714 -0.036666661500930779 -0.25666666030883784 0.23000001907348636 -0.14333333075046537 -0.12333333492279051 0.24833333492279056 -0.053801536560058587 0.38999998569488531 -0.41666667163372034 0.17000001668930056 0.32333332300186163 0.026805683970451358 0.0300090815871954 0.050000000745058067 0.031048747710883621 0.068305492401123061 -0.35000000894069666 -0.36333334445953364 0.019357892684638504 -1.0000000180025095e-35
decision_type=2 2 2 2 2 2 2 2 2 2 2 2 2 2 2 2 2 2 2 2 2 2 2 2 2 2 2 2 2 2
left_child=2 4 12 20 6 7 9 19 25 -2 -8 -5 13 -1 -15 -16 -14 18 -12 -4 -3 -20 23 -13 -24 26 -7 -28 -11 -27
right_child=1 3 5 11 -6 8 10 -9 -10 28 17 22 16 14 15 -17 -18 -19 21 -21 -22 -23 24 -25 -26 29 27 -29 -30 -31
leaf_value=0.023567972138797653 0.0044289389194399472 -0.0063243184841687283 -0.01042220773842086 -0.0001527958575817429 -0.011840988700968107 0.0093137789606798863 -0.0045175923397245393 0.012639445937059277 -0.010468803979308957 0 -0.0024720198465958557 0 0.0021504383088059294 0.013496107418702944 -0.011359853306593963 0.010527666790706061 0.026185054382564368 -0.0018247711332315287 0.022496310037495706 0.007129479422336377 0.014660531816963009 0 0.010478677430269399 -0.024821497626031142 -0.010421217057452378 0.018362724509189934 -0.017071011108419427 0.00075556341088944194 -0.019399691778128628 -0.00022145351300748386
leaf_weight=18.870793104171753 11.82668424467556 5.3417414110153896 12.730894125998022 11.28026081738062 57.485093910945579 17.093740064185109 15.656140668317674 83.541235592216253 30.301528095034882 6.8951045877765891 6.219472794327884 7.0248956833966067 11.664309270679949 22.650623955763876 23.908289558254182 17.613887511193752 53.642390384804457 10.065546158002688 27.154536660760641 10.156435042154042 6.1279864893294871 7.5779287470504633 1.7035015891306091 108.8981773192063 10.776383495889602 8.1917675454169494 11.107203492429106 10.251942351926123 16.572356023825705 4.9037557188421479
leaf_count=262 753 403 341 477 4271 423 1212 1609 1510 605 275 758 152 257 303 168 505 412 1014 236 401 338 191 11119 1072 158 307 266 1158 125
internal_value=0 -0.0109518 0.0100593 -0.0183898 -0.00333856 0.00445342 0.00161484 0.00935457 -0.00183855 -0.00795888 0.00726545 -0.0205658 0.0165623 0.0101823 0.00421128 -0.00139208 0.022785 0.0114147 0.0150187 -0.001905 0.00464082 0.0186672 -0.0220862 -0.0235751 -0.00373962 0.00336268 -0.000329965 -0.00931162 -0.0146809 0.0122115
internal_weight=647.235 310.606 336.629 151.153 159.453 188.279 101.968 106.429 81.8499 35.2941 66.6736 139.683 148.35 83.0436 64.1728 41.5222 65.3067 51.0175 40.9519 22.8873 11.4697 34.7325 128.403 115.923 12.4799 51.5484 38.4529 21.3591 23.4675 13.0955
internal_count=31081 24459 6622 14421 10038 4975 5767 2186 2789 2516 3251 13617 1647 990 728 471 657 2039 1627 577 804 1352 13140 11877 1263 1279 996 573 1763 283
is_linear=0
shrinkage=0.05


Tree=15
num_leaves=31
num_cat=0
split_feature=19 31 26 25 26 35 40 19 41 15 13 19 18 31 24 26 39 41 41 18 9 24 9 31 7 14 31 9 30 39
split_gain=22.1886 6.51434 5.24843 4.50025 3.87321 2.46922 3.05527 2.14023 1.90434 1.82317 1.80097 1.56575 1.43643 1.32794 1.5599 1.32296 1.3075 2.10243 2.14421 1.76516 2.01048 1.21766 1.17488 1.46267 1.03756 0.895951 0.891124 0.830631 0.792412 0.76868
threshold=-0.30333334207534784 0.42333334684371954 0.36333334445953375 -0.069999992847442613 0.13666665554046634 -0.33666665852069849 0.67000001668930065 0.11000001430511476 0.044630834832787521 -0.24999999999999997 0.36333334445953375 -0.069999992847442613 -0.40333333611488337 0.096666663885116591 -1.0000000180025095e-35 0.096666663885116591 0.029205097816884521 0.046601507812738426 0.053183959797024734 -0.45666666328907007 0.18333333730697635 0.01666665077209473 0.38999998569488531 -0.24999999999999997 0.069999992847442641 0.32333332300186163 -0.26999998092651362 0.34333333373069769 0.44333332777023321 0.0300090815871954
decision_type=2 2 2 2 2 2 2 2 2 2 2 2 2 2 2 2 2 2 2 2 2 2 2 2 2 2 2 2 2 2
left_child=3 2 11 5 8 12 24 13 -3 16 25 29 -1 14 -4 -8 17 19 -19 -5 21 -21 23 -18 -7 -10 -20 -22 -17 -2
right_child=1 4 7 9 -6 6 15 -9 10 -11 -12 -13 -14 -15 -16 28 22 18 26 20 27 -23 -24 -25 -26 -27 -28 -29 -30 -31
leaf_value=0.025677958766301814 -0.010568956841453883 -0.00044846263543700174 -0.0006648365258200594 0.031021438594932473 -0.010912616439017532 -0.010366933159202155 -0.00078307446398011749 -0.010985868032292984 0.027820776765085882 -0.00047278685288724845 -0.0025475466324275851 -0.019136827118005802 -0.00050011783046459836 -0.0045970016398835991 0.020820710771040394 0.019320863003231031 -0.013600309612018142 -0.007168037043367808 0.018788471454693992 0.0011697048950222262 -0.0085058625628654811 0.025583365187378089 0.014066210380980737 0.0097217167143796891 0.00046255574329027023 0.0018702167392790148 0 0.0085226957079936379 0 0.00077359374947472777
leaf_weight=9.8283025270793569 67.805322073632851 17.439507049741223 9.4744388989638519 40.519392194924876 22.58160153310746 48.257454739417881 14.962688010884447 15.284634435549377 18.326857320964344 14.153423162177203 5.3428614460863164 142.72194098867476 4.8191642886959007 8.5705991280265135 16.645503247622404 19.938020956702534 9.9556784834712726 12.58093941118568 18.353315213695168 10.081932411994787 10.250836939550938 18.262910400750116 8.7635137233883125 5.0582566291559514 29.425256986171007 7.4364480830263338 8.3415028252638894 6.4339278391562393 6.0315046496689311 12.773528680438174
leaf_count=144 5539 686 328 343 1173 1370 529 1155 220 469 207 13969 188 552 363 420 186 232 238 221 195 316 90 118 588 146 213 93 48 855
internal_value=-0.000469823 -0.00906264 -0.0125367 0.00942618 0.00389762 0.00222396 -0.000331526 0.00152561 0.0116877 0.0148864 0.0181378 -0.0157504 0.0182118 0.00845962 0.0135806 0.00969024 0.0164725 0.0185249 0.00658497 0.0229427 0.0123905 0.019349 0.00329678 -0.004021 -0.00622706 0.0228856 0.0139572 -0.000319898 0.015521 -0.00855315
internal_weight=640.421 344.403 273.276 296.018 71.1273 133.262 118.615 49.9752 48.5457 162.756 31.1062 223.301 14.6475 34.6905 26.1199 40.9322 148.602 124.825 39.2758 85.549 45.0296 28.3448 23.7774 15.0139 77.6827 25.7633 26.6948 16.6848 25.9695 80.5789
internal_count=31194 25193 22761 6001 2432 3287 2955 2398 1259 2714 573 20363 332 1243 691 997 2245 1851 683 1168 825 537 394 304 1958 366 451 288 468 6394
is_linear=0
shrinkage=0.05


Tree=16
num_leaves=31
num_cat=0
split_feature=16 19 38 29 37 41 26 37 38 25 38 39 39 39 38 24 14 14 33 12 9 27 24 41 3 39 9 40 16 40
split_gain=24.9141 6.14907 5.9756 3.50202 3.2092 2.98155 2.39816 2.03671 2.06215 1.73165 1.46147 4.79768 2.55853 1.23652 1.16412 1.20504 1.15509 1.27749 1.12651 1.10662 1.07565 1.03692 1.11076 1.00755 0.997722 0.990315 1.07256 0.973467 0.837119 0.774877
threshold=-0.2766666561365127 -0.4433333277702331 -0.022851467132568356 0.043333351612091071 -0.054805755615234368 0.03895267844200135 0.12333333492279054 -0.015917301177978512 -0.029649734497070309 -0.37666666507720942 -0.013042449951171873 0.018965492025017742 0.023099512793123726 0.016749243251979355 -0.063383102416992174 0.18999999761581424 -0.030000001192092892 0.32999998331069952 -0.26999998092651362 -0.45666666328907007 -0.023333340883255001 -0.35000000894069666 -0.04333332180976867 0.034037286415696151 0.096666663885116591 0.0300090815871954 1.0000000180025095e-35 0.050000000745058067 -0.25666666030883784 0.32333332300186163
decision_type=2 2 2 2 2 2 2 2 2 2 2 2 2 2 2 2 2 2 2 2 2 2 2 2 2 2 2 2 2 2
left_child=1 9 3 5 29 7 13 8 -2 -1 11 -11 19 -3 15 -8 -7 18 -18 -12 -15 22 24 -9 -16 27 -27 -6 -29 -4
right_child=2 6 4 -5 25 16 14 23 -10 10 12 -13 -14 20 21 -17 17 -19 -20 -21 -22 -23 -24 -25 -26 26 -28 28 -30 -31
leaf_value=0 -0.02183098752321316 0.0064747907106009837 -0.0045900284712028765 -0.013956328150104537 0 -0.0025311795851810331 -0.010060974447376747 0.012886650565916266 0.0086113060249133257 -0.0095290743573345753 0.033930084439663687 0.018938819212412722 0.0053544824196302063 0.00063741792794012398 0.0091990437812031096 0.0082095951159098374 0.0010471370810178069 0 0.020999462046251891 0.0095854696870144168 -0.011957100725721703 0.0014274363567386159 0.017545990653061963 -0.0059748962852420517 -0.0087061815362424032 0.0068139167027302799 -0.013451647187521249 -8.6839049473129505e-05 -0.022903448900346849 0.013204336643333323
leaf_weight=10.986914792098103 19.859246150590479 16.941156666958705 5.1552934609353525 42.227275070967153 7.6358273630030444 14.674455577973275 13.068994076456876 8.2911022068001312 2.2930905078537789 16.201506953686476 40.429103940725327 39.402180842589587 21.083069847896695 22.590930579928681 12.691616919822993 10.542631167452781 13.612604672554879 18.417340595275164 24.964953150600195 15.583473915234206 33.315170166315511 31.809511295286939 45.354884947184473 6.9318419126793733 6.7200475558638564 7.1413979863282275 6.1221640398725867 6.5129540357738724 105.07283934915904 6.0602667131461203
leaf_count=150 1487 569 403 3382 797 1208 404 638 121 197 325 489 222 667 253 261 699 824 1027 222 1344 897 740 599 130 699 589 295 11096 402
internal_value=0.000488773 0.0097395 -0.00997182 -0.00264947 -0.0170978 0.00201129 0.00355148 -0.0083278 -0.0166281 0.0174102 0.0189298 0.010118 0.0237948 -0.00321294 0.00780742 -0.00104838 0.00795177 0.0110317 0.0156084 0.029143 -0.00689546 0.010151 0.0135979 0.00385894 0.00142462 -0.0192627 -0.00251868 -0.0207159 -0.0218567 0.00482382
internal_weight=631.694 336.721 294.973 151.272 143.701 109.045 193.035 37.3753 22.1523 143.686 132.699 55.6037 77.0956 72.8473 120.188 23.6116 71.6694 56.9949 38.5776 56.0126 55.9061 96.5761 64.7665 15.2229 19.4117 132.485 13.2636 119.222 111.586 11.2156
internal_count=31136 6870 24266 9985 14281 6603 5265 2845 1608 1605 1455 686 769 2580 2685 665 3758 2550 1726 547 2011 2020 1123 1237 383 13476 1288 12188 11391 805
is_linear=0
shrinkage=0.05


Tree=17
num_leaves=31
num_cat=0
split_feature=16 38 12 6 37 26 41 38 39 39 16 41 15 37 24 22 38 39 16 37 38 12 40 9 16 19 9 2 38 33
split_gain=21.2219 4.97741 4.08528 2.98697 2.87572 2.60493 2.53922 2.48959 2.23571 1.88916 1.71274 1.5651 1.38029 1.32974 1.30639 1.26312 1.22666 1.04242 1.11209 1.0328 0.979436 0.925623 0.904822 0.875007 0.8248 0.76105 1.16745 1.76701 0.82312 0.692952
threshold=-0.2766666561365127 -0.022851467132568356 -0.46999999880790705 0.056666672229766853 -0.054805755615234368 0.32999998331069952 0.039123736321926124 -0.013042449951171873 0.018965492025017742 0.022550749592483047 0.20999997854232791 0.033665614202618606 0.38999998569488531 -0.040172100067138665 -0.016666665673255917 0.39499998092651373 -0.21604394912719724 0.040177794173359878 -0.25666666030883784 -0.015917301177978512 0.33441638946533209 0.12333333492279054 0.32333332300186163 0.22333335876464847 0.44333332777023321 -0.24999999999999997 0.36333334445953375 0.26999998092651373 -0.10629272460937499 0.37666666507720953
decision_type=2 2 2 2 2 2 2 2 2 2 2 2 2 2 2 2 2 2 2 2 2 2 2 2 2 2 2 2 2 2
left_child=2 3 7 6 22 25 11 8 -1 -9 16 19 21 -7 23 -16 -8 18 -6 -2 -20 -12 -3 -15 -5 26 27 28 -4 -27
right_child=1 4 5 24 17 13 10 9 -10 -11 12 -13 -14 14 15 -17 -18 -19 20 -21 -22 -23 -24 -25 -26 29 -28 -29 -30 -31
leaf_value=-0.010302038475280549 -0.006677309453836368 -0.0060401626213587986 0.0091233992371758891 -0.014997752495521925 0 0 -0.014127680853793326 0.029576317543882187 0.01283508842016752 0.0026182209809513003 0.0010566721906348755 -0.018182096345285132 -1.7063020631287012e-05 0.0091602177637139081 0.019239479231453121 0 0.0043339223429575907 0.0043483733340292261 -0.020967625368941048 0.010867774689773785 0.0031361704899805186 0.024838506609167296 0.013341905893028208 -0.0050716355073334536 0.0011793960387317573 -0.012473031464693028 -0.010309069280598562 0.013786270235940043 -0.0024476802610625078 0.0027019023773491068
leaf_weight=9.7983991159126145 13.646472551161422 4.8898387621156854 13.116779846604912 42.960565833374858 7.7479549476411185 24.0266257468611 6.7109546586871174 36.278566477354616 23.186503584962338 11.668536731041966 8.4996601105667668 14.122701041866092 9.5373973753303272 16.648577215615664 52.67386209545657 7.8065926199778906 23.318038766272366 0.99806077918037672 121.07705521630123 8.4449181305244583 1.0128228608518828 16.436592354439199 6.1565565620549023 13.113674064166842 5.0984047008678308 14.642304532462733 11.081222550012169 24.838403101544827 71.879652962088585 5.3947490472346535
leaf_count=106 1051 390 359 3530 342 473 385 300 250 122 355 1067 429 310 784 115 1711 103 12962 622 98 462 400 236 321 911 191 526 1832 325
internal_value=-0.000338709 -0.0101603 0.00810976 -0.00333676 -0.0167206 0.00465592 0.00145019 0.0176409 0.00479303 0.0245 0.00737325 -0.00805594 0.0141412 0.0100614 0.0126903 0.016709 -0.000763669 -0.018775 -0.019321 2.84265e-05 -0.020435 0.0193176 0.00418946 0.00239158 -0.0128787 0 0.00163762 0.0035303 0 -0.00774606
internal_weight=626.812 290.658 336.154 148.776 141.882 255.222 100.717 80.932 32.9849 47.9471 64.5026 36.2141 34.4736 114.269 90.2427 60.4805 30.029 130.836 129.838 22.0914 122.09 24.9363 11.0464 29.7623 48.059 140.953 120.916 109.835 84.9964 20.0371
internal_count=31068 24228 6840 9933 14295 6062 6082 778 356 422 3342 2740 1246 1918 1445 899 2096 13505 13402 1673 13060 817 790 546 3851 4144 2908 2717 2191 1236
is_linear=0
shrinkage=0.05


Tree=18
num_leaves=31
num_cat=0
split_feature=16 31 31 41 27 5 19 38 32 38 31 25 2 31 24 41 25 8 30 30 38 7 38 17 39 31 35 27 38 24
split_gain=18.8859 6.83146 3.48759 3.42559 2.34764 2.25289 2.09663 1.97545 1.92682 1.81545 2.05181 2.29337 1.28848 1.20326 1.25402 1.07702 0.989287 0.944905 0.758962 1.19283 0.693043 0.662294 0.661235 0.945581 0.90925 0.69253 0.611672 0.475238 0.521526 0.672579
threshold=-0.29000000655651087 0.43000000715255743 -0.4433333277702331 0.044630834832787521 -0.35000000894069666 -0.32333332300186152 -0.069999992847442613 -0.020427703857421872 0.37000000476837164 -0.063383102416992174 0.096666663885116591 -0.083333343267440782 0.25000000000000006 -0.41666667163372034 1.0000000180025095e-35 0.033144393935799606 -0.36333334445953364 0.17666667699813846 0.42833334207534796 0.31000000238418585 -0.0028347969055175777 -0.14333333075046537 0.19940757751464847 -0.36333334445953364 0.016668118536472324 -0.35000000894069666 -0.090000003576278673 -0.26999998092651362 0.098488330841064467 -0.12999999523162839
decision_type=2 2 2 2 2 2 2 2 2 2 2 2 2 2 2 2 2 2 2 2 2 2 2 2 2 2 2 2 2 2
left_child=2 6 5 16 9 -1 21 17 15 18 11 12 26 -13 -15 -7 -3 -5 19 -4 -10 -2 23 25 -25 -6 -11 -26 29 -29
right_child=1 3 4 7 22 8 -8 -9 20 10 -12 13 -14 14 -16 -17 -18 -19 -20 -21 -22 -23 -24 24 27 -27 -28 28 -30 -31
leaf_value=-0.0015317883979291446 -0.010809882974746946 0.0039940718762239173 0.0033153780622971218 0.020994769747123238 -0.0024893993887981978 0.0064351276744105792 -0.017168069867344631 -0.0070881819059843646 -0.0060381021172556167 0.014478011805380948 -0.0075856174256707645 0 -0.0090526757871423908 0.005382441344807894 0.026167440698885783 0.029981058997635396 -0.013357893874149715 0 0.0067482416421085437 -0.017220765165259833 0.010197024697237657 -0.0014084424138645281 0.011294050343971729 0.0033240570386644389 0 0.0082811344364307933 0 0 0 -0.015685658058929377
leaf_weight=10.228377607185392 37.742447650292888 6.0950008356012431 7.554630915168679 26.613903287798166 18.749076002510265 13.500259282533078 146.46277041477151 5.3155666601378462 6.9805156281217933 11.244733449071646 7.2604728732258073 9.6292885057628137 10.025636440142987 17.053228700533509 39.682143123820424 33.21702549373731 19.167342026019469 7.6274190973490468 6.9738736813887945 8.4786203876137716 6.3687823216896486 49.176865611923859 4.9364202236756674 16.402976595330983 9.965960420900954 26.467381951864809 14.140984487719834 7.8434830205514983 7.7853693924844256 27.245542959310118
leaf_count=137 3412 234 209 302 393 143 14881 482 114 149 200 76 131 274 474 341 1099 156 92 174 96 4127 112 556 257 706 226 359 254 994
internal_value=-0.000498673 -0.00950306 0.00779199 0.00426736 0.00467901 0.0173556 -0.0134432 0.0129527 0.0207972 0.00912646 0.0117501 0.013707 0.00207115 0.0188837 0.0214308 0.0251579 -0.00840866 0.0172781 -0.00230438 -0.00814198 0.0011756 -0.00619424 -0.000241515 -0.00148433 -0.00513079 0.00355855 0.0081516 -0.00825159 -0.0103093 -0.0125758
internal_weight=619.936 298.201 321.735 64.8192 251.44 70.295 233.382 39.5569 60.0666 132.044 109.036 101.776 35.4114 66.3647 56.7354 46.7173 25.2623 34.2413 23.0071 16.0333 13.3493 86.9193 119.396 114.46 69.2433 45.2165 25.3857 52.8404 42.8744 35.089
internal_count=31160 24693 6467 2273 5636 831 22420 940 694 2005 1530 1330 506 824 748 484 1333 458 475 383 210 7539 3631 3519 2420 1099 375 1864 1607 1353
is_linear=0
shrinkage=0.05


Tree=19
num_leaves=31
num_cat=0
split_feature=16 31 30 38 41 25 38 27 3 11 19 31 25 37 36 37 39 19 19 39 37 16 39 37 39 41 31 26 6 29
split_gain=15.5566 7.43158 3.93463 3.88968 2.67906 2.28315 2.08447 1.84567 1.77142 2.44538 1.7503 1.71136 1.57813 1.4928 1.41534 1.4044 1.21462 1.1249 0.960152 0.944421 0.868429 0.832087 0.748659 0.694569 0.677592 0.649321 0.585255 0.571718 0.554969 0.532761
threshold=-0.29000000655651087 0.42333334684371954 0.46166664361953741 -0.022851467132568356 0.044630834832787521 0.26333332061767584 -0.022851467132568356 -0.236666664481163 -0.076666668057441698 -0.3899999856948852 -0.069999992847442613 0.069999992847442641 -0.19666665792465207 -0.042132854461669915 -1.0000000180025095e-35 -0.015917301177978512 0.026805683970451358 -0.40333333611488337 -0.32333332300186152 0.029205097816884521 -0.040172100067138665 -0.4433333277702331 0.020951161161065105 -0.047028064727783196 0.038017518818378455 0.027909388765692714 -0.24999999999999997 1.0000000180025095e-35 -0.21666666865348813 0.40833336114883428
decision_type=2 2 2 2 2 2 2 2 2 2 2 2 2 2 2 2 2 2 2 2 2 2 2 2 2 2 2 2 2 2
left_child=2 10 6 4 15 12 8 11 21 -10 23 13 -4 -8 18 25 -6 26 28 -15 -5 -1 -19 -2 -12 -3 -11 -17 -9 -16
right_child=1 3 5 20 16 -7 7 14 9 17 24 -13 -14 19 29 27 -18 22 -20 -21 -22 -23 -24 -25 -26 -27 -28 -29 -30 -31
leaf_value=0.016464783922548909 0.00024651232659598496 0 0.0016776659454807736 0.0033420074871584535 0.022767647553847435 0.0021342120936810884 -0.0021477511114677628 0 -0.017187843123755507 0.014747288614100596 -0.01698955491395018 -0.0063026484778483192 0.028024444316905647 0.017042937110130562 -0.0099101134509046989 0.014773202672638229 0 0.0035657099783245848 -0.004159499006156836 0 -0.017080255067435969 0 -0.010234197993709046 -0.0085995381952801743 0 -0.019506958174093252 -0.00045694725263451089 -0.0017564186849886817 0.015606022606070608 0.0029761773342388705
leaf_weight=9.2415714766830224 24.845200979849324 3.095579743850978 9.9170491122640652 2.3008911625947794 28.730841571465135 21.429983469424769 9.6912580169737321 6.2008132468909087 23.264324678573757 10.88820728426799 132.23528149258345 7.1339569934643796 35.768383540678769 77.076043765526265 23.528539977502081 4.5353615293279272 7.8449465506710103 9.9847380327992159 7.3099241140298536 9.4762612786144 13.169445514678953 18.012239500647411 16.148032050114125 60.547347478568554 7.8899596384726456 5.5939676947891712 4.8162101875059298 3.770568129606545 16.321909277234226 4.3073703914415082
leaf_count=135 1467 93 96 146 376 336 139 145 444 202 13852 194 343 1155 814 93 113 276 282 123 1281 578 553 6044 813 213 132 143 359 131
internal_value=-4.65761e-05 -0.00829398 0.00746947 0.0054593 0.0119076 0.0178592 0.00427186 0.00763549 -0.00144732 -0.00602727 -0.0126449 0.0114554 0.0236477 0.0133088 0 -0.00277918 0.0187492 0.00103356 0.00724129 0.0153366 -0.0127933 0.00785464 -0.00450227 -0.005905 -0.0161699 -0.0137777 0.0100953 0.00793236 0.0119146 -0.00700305
internal_weight=615.076 294.559 320.517 69.0416 53.5713 67.1154 253.401 161.046 92.3553 65.1015 225.518 103.378 45.6854 96.2436 57.6686 16.9955 36.5758 41.8372 29.8326 86.5523 15.4703 27.2538 26.1328 85.3925 140.125 8.68955 15.7044 8.30593 22.5227 27.8359
internal_count=31071 24634 6437 2458 1031 775 5662 3342 2320 1607 22176 1611 439 1417 1731 542 489 1163 786 1278 1427 713 829 7511 14665 306 334 236 504 945
is_linear=0
shrinkage=0.05


Tree=20
num_leaves=31
num_cat=0
split_feature=16 31 30 37 38 26 38 13 19 11 24 19 39 35 37 32 26 20 38 33 37 24 3 35 36 15 4 9 39 30
split_gain=14.7123 8.28049 4.41161 3.39523 3.22692 2.58977 1.9578 1.74844 1.72675 1.61244 2.17236 1.34177 1.18822 1.00839 1.00529 1.00234 0.95498 0.94398 0.939336 0.918379 0.902599 0.777112 0.736741 1.09309 0.809456 0.955314 0.731114 0.710301 0.664924 0.625088
threshold=-0.29000000655651087 0.43000000715255743 0.3966666460037232 -0.054805755615234368 -0.022851467132568356 0.13666665554046634 -0.037229537963867181 0.36333334445953375 -0.036666661500930779 -0.4433333277702331 -0.13666665554046628 -0.24999999999999997 0.019822004251182083 0.1566666662693024 -0.053801536560058587 0.31666666269302374 -0.31666666269302363 -0.10333332419395445 -0.040044307708740227 0.23000001907348636 -0.040172100067138665 0.01666665077209473 0.31000000238418585 -0.016666665673255917 -0.18999999761581418 -0.43000000715255732 0.34333333373069769 0.29000002145767217 0.038017518818378455 0.18999999761581424
decision_type=2 2 2 2 2 2 2 2 2 2 2 2 2 2 2 2 2 2 2 2 2 2 2 2 2 2 2 2 2 2
left_child=2 8 11 18 5 7 12 -3 14 27 -11 13 -5 22 -2 -14 -15 -7 -4 21 -6 -18 23 24 -1 -26 -12 -8 -10 -25
right_child=1 4 3 6 20 17 9 -9 28 10 26 -13 15 16 -16 -17 19 -19 -20 -21 -22 -23 -24 29 25 -27 -28 -29 -30 -31
leaf_value=-0.001664219339052515 0.001505196815224791 0.024577339953839449 0.0036792842247777382 -0.0056174746716039555 0.0054787011464768635 -0.012988813257134819 0.034002673069384676 0 -0.016860595281197096 -0.0080832665700151917 0.020389002821097471 -0.0079329295867470364 0.01609155033671315 -0.0042972207447129693 -0.0089889749437500992 -0.0013106671202267471 0.00057856377076957982 0.006095155506985867 -0.013761528233933576 0 -0.014691344975193893 0.020468462789567415 -0.0083419746971503048 0.0020266605458929628 -0.0027997194503757762 0.012491602575297873 0.00236203575628126 0.011520703885442119 0 -0.0089777419046034625
leaf_weight=15.891605353448538 24.978375125210732 28.234105362091213 10.268868201412262 11.025879110675303 2.1736248645465812 6.3597579090856016 26.852299803867936 7.1878670593723646 125.48707294790074 7.2078404538333407 21.85911417612806 22.004766736878082 16.816063873469833 4.920008346438407 70.657281249994412 7.8298427804838857 9.7536788764409739 6.4663552413694543 7.5000091027468434 8.7576516629196686 12.17862151795998 20.66588798770681 11.685636636335401 17.375795184634626 7.5241773035377255 39.689579591155052 13.574041363317518 18.676264161709696 8.1932284762151522 18.911384416744113
leaf_count=389 1334 310 192 152 126 200 205 203 13127 133 245 1035 188 136 7202 140 231 208 103 195 1201 380 237 452 142 995 258 181 795 448
internal_value=0.000143888 -0.00784108 0.00754247 0.0139645 0.00750796 0.0135919 0.0168453 0.0198419 -0.012222 0.0208013 0.0104334 0.00198396 0.00488045 0.00378831 -0.00607505 0.010573 0.00974003 -0.00316338 -0.00424601 0.0123928 -0.00969365 0.0159234 0.000833916 0.00256343 0.00646028 0.009544 0.0154286 0.0276808 -0.0159907 -0.00357728
internal_weight=610.707 291.916 318.79 141.61 62.6003 48.2481 123.841 35.422 229.316 88.1696 42.641 177.18 35.6718 155.175 95.6357 24.6459 44.0972 12.8261 17.7689 39.1772 14.3522 30.4196 111.078 99.3925 63.1054 47.2138 35.4332 45.5286 133.68 36.2872
internal_count=31143 24706 6437 1797 2248 921 1502 513 22458 1022 636 4640 480 3605 8536 328 942 408 295 806 1327 611 2663 2426 1526 1137 503 386 13922 900
is_linear=0
shrinkage=0.05


Tree=21
num_leaves=31
num_cat=0
split_feature=19 27 31 30 19 38 32 5 24 31 19 38 8 8 38 29 25 8 39 2 36 35 13 7 10 17 39 8 31 29
split_gain=13.0112 3.42722 4.44169 3.18794 3.10242 2.36606 2.32993 1.79106 1.60562 1.63848 1.24333 1.11888 1.03576 1.02201 1.24273 1.51353 0.990306 0.951803 0.869395 0.763555 0.734982 0.722377 0.875583 0.6657 0.574416 0.718216 0.538716 0.525407 0.501578 0.49788
threshold=-0.40333333611488337 -0.36333334445953364 0.43000000715255743 0.46166664361953741 -0.18999999761581418 -0.022851467132568356 0.36333334445953375 0.25666666030883795 -0.016666665673255917 0.069999992847442641 0.32333332300186163 -0.063383102416992174 0.34333333373069769 0.29000002145767217 0.03821611404418946 0.31666666269302374 0.27666664123535162 -0.32999998331069941 0.038017518818378455 -0.24333333969116208 0.056666672229766853 -0.016666665673255917 -0.43000000715255732 0.083333313465118422 0.01666665077209473 -0.3899999856948852 0.025566946715116504 -0.16333332657814023 -0.28333333134651179 0.069999992847442641
decision_type=2 2 2 2 2 2 2 2 2 2 2 2 2 2 2 2 2 2 2 2 2 2 2 2 2 2 2 2 2 2
left_child=3 8 4 7 20 10 -5 13 24 11 17 -10 -9 14 19 29 -13 -4 -6 -1 23 27 -23 -3 -2 -26 -7 -21 -22 -16
right_child=1 2 5 6 18 26 -8 12 9 -11 -12 16 -14 -15 15 -17 -18 -19 -20 21 28 22 -24 -25 25 -27 -28 -29 -30 -31
leaf_value=0.0082375102516239421 0.0037538542977250261 -0.0021541224582705136 0 0.02529807547947718 -0.01477318123345029 -0.014464519267993275 0 0.018286157837483021 -0.00055805846950550148 -0.0030752056192515967 -0.00052993786988088712 0.022157516905872421 0 -0.0091449862472198513 0.0076449435124950589 0.020332174300677783 0 0.020416412661660915 0 -0.0057142168461460892 0 -0.016586397732730417 0 0.0080482825130627749 0.0033442112578594891 -0.012576071005073453 0.001525385047630443 0.0078577769699237961 -0.011788284014387826 -0.0038649835156423481
leaf_weight=8.0866272966377419 7.0220735028851804 52.401892916765064 10.276676696725191 42.516317782923579 163.97288456745446 9.970431989990173 11.409639865159987 27.747895488049835 7.1532475855201474 15.027808691607786 13.949617150239645 21.850753800943497 7.746294534765183 11.742644594516603 10.05623197858222 13.572267135139553 7.9642041404731563 19.930897247511894 11.05325015587732 5.414842771831899 13.372824327088891 12.109540964011098 9.0667120949365287 15.621490703895686 4.1068137509282705 17.247525537619367 2.5218850851524612 10.309370453236619 21.018036781111732 15.074982196092604
leaf_count=158 387 3177 122 353 16784 942 134 375 218 873 387 423 108 187 250 162 147 269 1012 137 546 243 233 607 104 816 201 228 1165 301
internal_value=-0.000120366 -0.00507409 -0.00730706 0.0106658 -0.00991014 0.00477058 0.0205168 0.00570457 0.00378126 0.00881572 0.0103052 0.0139857 0.014476 0.00153244 0.00382088 0.00982566 0.017682 0.0152579 -0.0138894 -0.00140319 -0.00248671 -0.00495527 -0.010138 0.000313564 -0.00464505 -0.00853843 -0.0104371 0.00174591 -0.00786826 0.000523414
internal_weight=599.316 414.462 334.09 184.853 277.44 56.6495 53.926 130.927 80.3724 51.996 44.1572 36.9682 35.4942 95.4332 83.6906 38.7035 29.815 30.2076 175.026 44.9871 102.414 36.9005 21.1763 68.0234 28.3764 21.3543 12.4923 15.7242 34.3909 25.1312
internal_count=31049 28180 25212 2869 23291 1921 487 2382 2968 1661 778 788 483 1899 1712 713 570 391 17796 999 5495 841 476 3784 1307 920 1143 365 1711 551
is_linear=0
shrinkage=0.05


Tree=22
num_leaves=31
num_cat=0
split_feature=19 29 27 24 23 19 5 24 37 11 32 11 38 14 14 38 38 37 30 38 25 10 2 40 10 1 1 14 2 38
split_gain=14.6046 2.97627 2.90702 1.94857 1.60885 1.45525 1.40484 2.16772 1.60678 2.128 2.291 1.02751 1.01172 1.81316 1.39372 1.0454 0.965473 0.892649 0.831592 1.0047 0.998085 0.800519 0.701763 0.656414 0.634429 0.572826 0.569651 0.537035 0.496679 0.495982
threshold=-0.40333333611488337 0.29000002145767217 -0.36333334445953364 -1.0000000180025095e-35 0.48333334922790533 0.32999998331069952 0.29000002145767217 0.35000002384185797 -0.046329498291015618 -0.45666666328907007 0.12333333492279054 -0.35000000894069666 -0.020427703857421872 0.17000001668930056 -0.24999999999999997 -0.085764408111572252 -0.15066432952880857 -0.059377193450927727 0.27666664123535162 -0.063383102416992174 0.29000002145767217 0.48333334922790533 0.27666664123535162 0.12333333119750024 0.01666665077209473 0.12333333492279054 0.35000002384185797 0.23666667938232425 0.1566666662693024 0.31014394760131841
decision_type=2 2 2 2 2 2 2 2 2 2 2 2 2 2 2 2 2 2 2 2 2 2 2 2 2 2 2 2 2 2
left_child=1 28 3 24 6 12 8 -8 -3 -10 -11 -12 13 -4 22 16 25 -16 -5 -20 -21 -7 -14 -17 -2 -15 -25 -18 -1 -19
right_child=2 4 5 18 -6 21 7 -9 9 10 11 -13 14 15 17 23 27 29 19 20 -22 -23 -24 26 -26 -27 -28 -29 -30 -31
leaf_value=0.0035132813595838428 0.0023182058352330258 -0.0049079454121963868 -0.0063470850360710668 0 -0.0022270191572146786 -0.016621689101247446 0.028374885633082617 0 0.021660829390988262 0.014288661239562335 -0.015345226299309643 0.0026890551344726245 -0.0050235275464438614 0.011502033721545974 0.003223731998721099 0 0.001141867476539635 -0.014723334968627941 -0.0015977395484597222 0.021748930034143979 0 0.00047321350818302181 0.0064300669964089136 0.019330007937208321 -0.010686434346846728 -0.0037808896300680415 0 -0.015917880675878886 -0.0058964672736968437 0.0011662704933357968
leaf_weight=40.684714531293139 7.426155001390728 9.7894846131093782 91.508106216788292 21.895423714770004 8.9029174074530584 54.217383328126743 36.903123532189056 9.472859488334505 30.26452530361712 17.290327141061425 10.149141153320668 8.8151341546326893 45.863226013956591 8.0922720569651592 3.4690606482326976 5.8844391717575517 2.2066118321381492 77.467920805793256 5.3897749781608608 16.974982470041144 6.2827527611516407 4.2049905098974696 10.946239719400181 12.755931478459386 20.967945723794401 3.6523704580031326 2.8374185394495717 6.818141185445711 13.42638570582494 1.274494778830557
leaf_count=1002 417 163 6665 937 100 4605 396 110 277 257 132 132 2043 292 273 364 146 8665 177 330 163 352 371 688 933 203 161 361 341 127
internal_value=-0.000506924 0.0108722 -0.00580163 0.00243847 0.0147885 -0.00784813 0.0162638 0.0235806 0.0101185 0.0128978 0.00295386 -0.00732941 -0.00591978 -0.00238851 -0.00890552 0.00539068 -0.00164634 -0.0129225 0.00820939 0.0130379 0.0169162 -0.0150737 -0.00201516 0.011979 -0.00674728 0.00566905 0.016081 -0.0112925 0.000407071 -0.0141068
internal_weight=595.834 185.699 410.136 78.937 131.588 331.199 122.685 46.376 76.3086 66.5191 36.2546 18.9643 272.776 133.755 139.021 42.2472 20.7694 82.2115 50.5429 28.6475 23.2577 58.4224 56.8095 21.4778 28.3941 11.7446 15.5934 9.02475 54.1111 78.7424
internal_count=31183 2910 28273 2957 1567 25316 1467 506 961 798 521 264 20359 8880 11479 2215 1002 9065 1607 670 493 4957 2414 1213 1350 495 849 507 1343 8792
is_linear=0
shrinkage=0.05


Tree=23
num_leaves=31
num_cat=0
split_feature=16 16 31 38 26 31 5 33 24 41 29 37 18 37 21 41 31 11 37 4 17 38 10 37 14 41 40 7 39 38
split_gain=12.1336 3.53991 5.35951 1.91466 1.75651 1.60394 1.66545 2.21063 2.0741 1.39889 1.16746 1.04886 0.993526 1.01389 0.988727 0.816288 0.790761 1.00396 0.961142 0.782694 0.675373 0.882791 0.673274 0.636188 0.522402 0.582559 0.519341 0.491869 0.472181 0.450241
threshold=-0.43000000715255732 -0.25666666030883784 0.43000000715255743 -0.022851467132568356 0.23666667938232425 -0.29666668176650995 1.0000000180025095e-35 0.31000000238418585 0.32333332300186163 0.044630834832787521 0.32333332300186163 -0.065113067626953111 0.096666663885116591 -0.053801536560058587 0.11000001430511476 0.027909388765692714 -1.0000000180025095e-35 -0.20333333313465116 0.04142808914184571 -0.12999999523162839 -0.35000000894069666 0.18432664871215823 0.33666664361953741 -0.040172100067138665 0.32999998331069952 0.052496397867798812 0.056666666641831405 -0.069999992847442613 0.02188233565539122 -0.065736293792724595
decision_type=2 2 2 2 2 2 2 2 2 2 2 2 2 2 2 2 2 2 2 2 2 2 2 2 2 2 2 2 2 2
left_child=5 4 12 9 20 6 7 10 -8 15 -1 -6 13 29 -10 -4 17 18 27 -7 -2 26 -19 -5 -11 -26 -22 -13 -17 -3
right_child=1 2 3 23 11 19 8 -9 14 24 -12 16 -14 -15 -16 28 -18 22 -20 -21 21 -23 -24 -25 25 -27 -28 -29 -30 -31
leaf_value=0 0.0016577342984552353 -0.00400673179988779 0.0086119356549827601 0.0039649246849532528 -0.0063671733878107178 0.010083304289631638 0.021393544726068369 -0.011024100951232556 0.012712352240284212 0.01886760566483435 0.017644248318274831 0.0043882192421429303 -0.015671242663463404 -0.0097643453116294018 -0.004005528959456447 0.0001902520237063629 0 0.020606792507235051 0.013206013404924775 -0.0058272034106930885 0.0017776617961816463 0.0073717785977345631 0 -0.012893558810308917 0.010257538785116323 -0.0049664222788726696 -0.010265058032575955 -0.0076808022695706692 -0.013946902394218755 0.006789357204820959
leaf_weight=12.073332752101125 31.807584728347138 13.355320898117499 5.0663530514575568 2.0841637616977087 7.9198844367638221 5.6941468743607428 71.385000613518059 10.873093383386729 8.2355447374284285 20.332173874601722 16.433128723874688 6.7271189419552728 94.812728277524002 81.500150631647557 15.264625022187827 4.8301416113972646 20.435817381599918 21.408340276218954 7.7639141157269469 16.610109126195312 4.814453922212123 3.7021900722756973 7.2314102393575004 11.793953961459918 5.65414797561243 6.0701747518032789 47.23738290858455 14.114880480803549 6.5066128349862993 11.933808375382794
leaf_count=201 999 921 123 126 241 99 839 145 105 220 153 139 9871 9799 206 154 580 416 151 313 213 101 145 1193 106 123 2088 312 211 849
internal_value=0.000125052 -0.004121 -0.00771673 0.00449214 0.00129505 0.0118474 0.01383 0.00360348 0.0173596 0.00926112 0.0108541 0.00627817 -0.011633 -0.00718308 0.00239969 -0.00120811 0.00823024 0.0109946 0.00240183 0 -0.0033995 -0.00657023 0.0169529 -0.00867156 0.014621 0.00195197 -0.00865193 -0.0027438 -0.00850033 0.00061387
internal_weight=593.672 437.103 263.94 62.3377 173.163 156.569 134.265 39.3796 94.8852 48.4596 28.5065 85.6014 201.602 106.789 23.5002 16.4031 77.6815 57.2457 28.6059 22.3043 87.5616 55.754 28.6398 13.8781 32.0565 11.7243 52.0518 20.842 11.3368 25.2891
internal_count=31142 29081 23696 2256 5385 2061 1649 499 1150 937 354 1984 21440 11569 311 488 1743 1163 602 412 3401 2402 561 1319 449 229 2301 451 365 1770
is_linear=0
shrinkage=0.05


Tree=24
num_leaves=31
num_cat=0
split_feature=19 7 31 19 26 19 31 6 25 38 4 36 27 31 18 39 39 31 29 21 10 9 26 31 29 15 36 6 37 14
split_gain=10.6391 3.6825 2.75241 4.59833 2.35987 2.20232 2.12492 2.0006 1.54855 1.52312 1.45414 0.994502 0.886387 0.870173 0.941574 1.5959 0.863454 1.00823 0.854988 1.03371 0.763941 0.746095 0.716975 0.716176 0.705147 0.548729 0.533589 0.607748 0.507308 0.469771
threshold=-0.40333333611488337 0.069999992847442641 0.43000000715255743 -0.04333332180976867 0.23666667938232425 0.32333332300186163 -0.30333334207534784 0.40333333611488348 -0.41666667163372034 -0.001942634582519531 0.24333333969116214 0.41666668653488165 -0.076666668057441698 0.096666663885116591 -0.24333333969116208 0.024153697304427627 0.022928732447326187 -0.43000000715255732 0.32999998331069952 0.46999999880790716 0.056666672229766853 0.23000001907348636 0.45666664838790899 -0.21666666865348813 0.18999999761581424 -0.37666666507720942 -0.18999999761581418 -0.15666666626930234 -0.053801536560058587 -0.30333334207534784
decision_type=2 2 2 2 2 2 2 2 2 2 2 2 2 2 2 2 2 2 2 2 2 2 2 2 2 2 2 2 2 2
left_child=1 10 3 4 23 8 7 11 -4 12 16 18 -10 14 21 -16 17 -1 -3 -20 -8 29 -5 -2 -15 -18 -19 -28 -25 -6
right_child=2 6 5 22 13 -7 20 -9 9 -11 -12 -13 -14 24 15 -17 25 26 19 -21 -22 -23 -24 28 -26 -27 27 -29 -30 -31
leaf_value=0.017403486959064358 -0.00025345883994531629 0.0023833074589546632 -0.0064356240126030159 -0.013976096618009533 0.0091487661347241286 -0.0065043348768031098 0.0098694202762939186 0 0.00049381756608817657 -0.0048140009708200742 -0.011516744606127324 0.001342577203570899 0.023018825106867646 0.0027477053412648163 0.019396176565238888 -0.0014818126470802588 -0.0087083080581979132 -0.0061076379104621119 0.027492741912275159 0.0037209598906695037 -0.0065453711065643671 -0.0075025630656867931 0.0001700946011673805 0 -0.013096118940454107 0.0040813996188320606 0.012164931594129855 -0.00075486336196365017 -0.010867814584935359 -0.0025869677615983407
leaf_weight=12.166487710550422 44.141590057173744 8.8036738480441254 5.3133258444722733 140.35068615828641 18.487647080561146 22.895014917477965 5.3041121065616634 10.948469800874589 8.2794350576587039 4.0347822110634288 13.012690839823334 9.5462459940463287 21.678368485998362 9.4457846379373205 20.836165974382315 9.524527127388863 12.484728398500012 8.2634463175199908 50.913899482227862 9.9867389854043704 12.878052390413357 10.409813811536877 5.6949541294015935 15.137316252104936 5.5495123523287466 7.4393682880327097 9.9604252348653954 12.323811660986403 56.949239047593437 5.5510318963788476
leaf_count=134 2236 195 142 14547 419 1289 103 144 214 388 210 99 238 717 695 328 239 235 523 95 272 247 309 928 264 205 210 259 5050 251
internal_value=-0.000382054 0.00935707 -0.00494835 -0.00672354 -0.00146955 0.00418053 0.0150275 0.0179925 0.0109932 0.0148994 0.000419912 0.0205906 0.01861 0.00477522 0.00732318 0.0129952 0.00405387 0.00789031 0.0225811 0.0246516 0 0.000520018 -0.0132751 -0.0059858 -0.003992 -0.00312911 0.00118228 0.00549159 -0.0088866 0.00563106
internal_weight=588.311 184.032 404.279 342.078 196.033 62.2009 108.381 90.199 39.3059 33.9926 75.651 79.2506 29.9578 79.8045 64.8092 30.3607 62.6383 42.7142 69.7043 60.9006 18.1822 34.4485 146.046 116.228 14.9953 19.9241 30.5477 22.2842 72.0866 24.0387
internal_count=31185 2923 28262 25991 11135 2271 1431 1056 982 840 1492 912 452 2921 1940 1023 1282 838 813 618 375 917 14856 8214 981 444 704 469 5978 670
is_linear=0
shrinkage=0.05


Tree=25
num_leaves=31
num_cat=0
split_feature=16 16 38 37 41 39 39 37 37 2 37 17 38 5 36 41 32 27 38 0 0 16 6 39 39 37 37 38 41 38
split_gain=9.4932 2.26246 2.96006 2.22201 1.76059 2.25122 1.69342 1.59773 1.79899 3.42957 1.55401 1.31567 1.3115 1.2645 1.15058 1.1387 1.10269 1.06673 1.19985 0.781409 0.778361 1.29909 0.674713 0.645585 2.171 1.23416 2.27291 0.964852 0.831248 0.675191
threshold=-0.43000000715255732 -0.25666666030883784 -0.022851467132568356 -0.054805755615234368 0.03895267844200135 0.024153697304427627 0.018965492025017742 -0.054805755615234368 0.009663581848144533 -0.049999997019767754 -0.015917301177978512 -0.43000000715255732 -0.065736293792724595 0.32333332300186163 0.33666664361953741 0.028521344996988777 0.096666663885116591 -0.35000000894069666 -0.063383102416992174 0.18333333730697635 0.33666664361953741 0.20333331823349002 0.056666672229766853 0.02058355696499348 0.021309434436261657 0.049216270446777351 0.031753063201904304 0.33441638946533209 0.041943827643990524 0.070146560668945326
decision_type=2 2 2 2 2 2 2 2 2 2 2 2 2 2 2 2 2 2 2 2 2 2 2 2 2 2 2 2 2 2
left_child=7 17 4 -4 5 10 22 12 11 14 -3 -9 -1 16 -10 -7 -11 18 -2 -20 21 -8 -6 -5 -25 26 28 -27 -26 -28
right_child=1 2 3 23 6 15 20 8 9 13 -12 -13 -14 -15 -16 -17 -18 -19 19 -21 -22 -23 -24 24 25 27 29 -29 -30 -31
leaf_value=0.0074717919840081642 -0.0062359370134241719 -0.024264741761606173 0.0060578908744689441 -0.018297274583442578 0.018830571246533721 0.010505322491430701 -0.0048876298249243824 0.02281899285187727 0.020504779771276443 0.00081428968613424409 0 0.004690165782566395 -0.012571214674610285 0.0064755291271209273 0 -0.0070617111087692115 -0.01739396454441515 -0.0025294672871239068 0.011806652936882616 0 -0.010028774125353107 0.0087735796484238772 0 0.0094645027518103775 -0.017056865369736565 -0.023507609668083632 0.020908846834875355 0.0025772289894967666 0 -1.9130405386877483e-05
leaf_weight=11.237773064058276 11.509383702650664 16.572277124272663 10.127194822300224 59.675245302030817 12.691225106827916 13.113812939263882 28.418739130487666 44.841182179749012 23.404967620968819 8.8537722593173402 9.244519586209206 21.958978235721588 8.9365954888053221 9.1077900035306794 9.9414105368778092 10.909337846329434 15.022721759974955 100.78528748918325 39.238785685040057 17.642700294498354 12.049595587421207 27.707388557959348 4.6830939408391705 8.5909740484785271 13.064333099173387 17.51414927595761 3.6775764380581668 0.9454175503924479 8.1564326698426139 2.6679970785044134
leaf_count=171 340 1470 753 7117 715 882 2312 493 303 135 872 379 139 131 129 977 201 3897 759 358 753 1325 456 1075 1376 1854 479 97 877 293
internal_value=0 -0.00383063 -0.00671585 -0.0121211 -0.00126816 -0.0083388 0.00285454 0.0104361 0.0123732 0.00525663 -0.017193 0.0180807 -0.00129799 -0.00527757 0.0155277 0.00187815 -0.0109977 0.000535838 0.00522881 0.00831983 -0.000721353 0.00165 0.014539 -0.0141616 -0.00786662 -0.0123005 -0.00313066 -0.0208451 -0.0112879 0.0143518
internal_weight=582.291 428.985 259.809 124.419 135.39 49.8399 85.55 153.305 133.131 66.3307 25.8168 66.8002 20.1744 32.9843 33.3464 24.0232 23.8765 169.176 68.3909 56.8815 68.1757 56.1261 17.3743 114.292 54.6169 46.0259 27.5663 18.4596 21.2208 6.34557
internal_count=31118 29037 23683 13921 9762 4201 5561 2081 1771 899 2342 872 310 467 432 1859 336 5354 1457 1117 4390 3637 1171 13168 6051 4976 3025 1951 2253 772
is_linear=0
shrinkage=0.05


Tree=26
num_leaves=31
num_cat=0
split_feature=16 31 16 41 27 14 41 39 21 31 18 39 37 41 37 31 10 5 6 14 4 40 41 40 3 5 40 37 26 8
split_gain=9.38343 3.73129 2.55267 1.69804 1.56325 1.46518 1.42344 1.27798 1.31951 1.02945 0.885153 0.892659 0.944709 0.944439 0.920799 0.77102 0.731246 1.60692 1.26537 1.09554 0.717935 0.715324 0.695678 0.690855 0.644875 1.56359 0.610183 0.538079 0.524785 0.499837
threshold=-0.29000000655651087 0.43000000715255743 -0.45666666328907007 0.044630834832787521 -0.4433333277702331 0.31666666269302374 0.033665614202618606 0.029205097816884521 0.46333330869674688 -0.31666666269302363 0.30333334207534796 0.024153697304427627 0.049216270446777351 0.038634473457932479 0.0067873001098632821 0.46333330869674688 0.11000001430511476 -0.023333340883255001 -0.069999992847442613 -0.37666666507720942 0.38333332538604742 0.17666666954755786 0.039630852639675147 0.12333333119750024 0.083333313465118422 0.32333332300186163 0.056666666641831405 -0.065113067626953111 0.12333333492279054 0.11000001430511476
decision_type=2 2 2 2 2 2 2 2 2 2 2 2 2 2 2 2 2 2 2 2 2 2 2 2 2 2 2 2 2 2
left_child=2 10 7 6 24 -5 23 8 9 20 11 13 14 -2 -13 -7 17 -6 -18 -19 -1 27 -15 -3 -4 -26 -24 -20 -25 -17
right_child=1 3 4 5 16 15 -8 -9 -10 -11 -12 12 -14 22 -16 29 18 19 21 -21 -22 -23 26 28 25 -27 -28 -29 -30 -31
leaf_value=0.020618494007490558 -0.014840412793828583 -0.0058197498781218148 0.016653995432731369 0.017959146410534334 -0.0045346297444356946 -0.011016270106702759 -0.014319052805992516 -8.1532902892230773e-06 0 0 -0.016092568612692228 -0.0018110370755888715 -0.010604506717505773 0.0083058303655917671 0.011989394860289047 0.012278790052958349 0.0057487729821620662 0.014125188470026227 -0.0091069277455721881 0 0.0020566335963658334 -0.011093665493088597 0.0044635909445680617 0.016671690208793197 -0.0069423902075058108 0.015819535526563924 -0.0078437069724145922 0.0050769878331846747 0 -0.002128982785370884
leaf_weight=59.136881199665368 49.278207653900608 2.8644726092461523 17.626835961360484 19.64894583192654 32.306523896986619 5.114731022855266 12.437176668783648 14.73184256069362 14.533035866916178 9.8211214467883092 45.120881711365655 34.91085787047632 14.631596265593542 2.9512187629006794 10.358664722414685 5.8078599732834828 19.094498790800571 28.336592630948871 3.8308422360569265 20.921914791455492 10.572823353111742 35.18080480908975 5.2683152670506379 5.5869999122805876 12.424305103719236 6.3654590193182221 55.27171539212577 14.55673303385265 3.4629626115784049 4.5954201621934772
leaf_count=604 5258 187 342 376 996 200 720 172 162 166 4666 3059 1547 363 1109 151 500 642 148 681 124 1072 590 172 257 104 5847 436 221 206
internal_value=4.80895e-05 -0.00646363 0.00616891 0.00403716 0.00237188 0.0105818 -0.00481391 0.012133 0.0141708 0.0165379 -0.00947632 -0.00712514 -0.00146809 -0.00969361 0.00189273 -6.55853e-07 0 0.00317449 -0.00346728 0.00862638 0.0185195 -0.00742019 -0.00440275 0.00518538 0.0108728 0.00172277 -0.00609107 0 0.0112613 0.00593959
internal_weight=576.75 277.31 299.44 59.5186 190.645 35.167 24.3516 108.796 94.0639 79.5308 217.791 172.671 59.9011 112.769 45.2695 15.518 154.228 81.565 72.6629 49.2585 69.7097 53.5684 63.4912 11.9144 36.4166 18.7898 60.54 18.3876 9.04996 10.4033
internal_count=31078 24672 6406 2233 5178 933 1300 1228 1056 894 22439 17773 5715 12058 4168 557 4475 2319 2156 1323 728 1656 6800 580 703 361 6437 584 393 357
is_linear=0
shrinkage=0.05


Tree=27
num_leaves=31
num_cat=0
split_feature=16 31 16 22 35 38 38 38 39 14 39 40 40 15 12 38 26 12 37 41 39 39 40 37 38 40 1 25 6 12
split_gain=7.47416 2.48232 3.07685 1.94871 1.73672 1.50871 1.42902 1.40143 1.50511 1.08172 1.07707 2.11008 1.16988 1.41496 1.05013 0.858034 0.713402 0.748332 0.697043 0.6899 0.683767 1.66244 0.818062 1.07522 1.15977 0.911169 0.666355 0.874713 0.844411 0.819822
threshold=-0.41666667163372034 0.43000000715255743 -0.25666666030883784 0.11000001430511476 0.29000002145767217 -0.022851467132568356 -0.022851467132568356 -0.085764408111572252 0.022081154398620132 0.31666666269302374 0.020484371110796932 0.45000000298023229 0.20333333313465121 -0.43000000715255732 -0.43000000715255732 0.15541124343872073 0.17000001668930056 -0.41666667163372034 -0.040172100067138665 0.052496397867798812 0.020347160287201408 0.020900135859847072 0.71999999880790722 0.049216270446777351 -0.0041112899780273429 0.76333332061767589 -0.13666665554046628 0.18999999761581424 -0.030000001192092892 -0.31000000238418574
decision_type=2 2 2 2 2 2 2 2 2 2 2 2 2 2 2 2 2 2 2 2 2 2 2 2 2 2 2 2 2 2
left_child=3 2 15 4 10 9 7 -5 -9 -3 11 -1 -12 -14 -8 16 17 -2 -7 -11 -4 -22 -23 24 -24 -25 27 -18 -28 -30
right_child=1 5 20 6 -6 18 14 8 -10 19 12 -13 13 -15 -16 -17 26 -19 -20 -21 21 22 23 25 -26 -27 28 -29 29 -31
leaf_value=-0.0094556861548580479 0.0042882415577209284 0.015357573242387382 -0.013471955545792108 0.012529118019599054 0.011114907724407746 0.0055966076132510654 0.02283041785880922 -0.017476646153915299 0.0053941330818798976 0.0058137128719581736 0.0030605512247145672 0.01357616620905772 -0.021936361616598319 0.0013817701726088413 0.003948780811684616 0.010561190580399775 0.012813280325231184 -0.0078283514762908842 -0.011444273096489443 -0.0090810142173944654 0.010411040684131454 -0.010620565731847087 -0.0025695799920632395 0.0068386491648232605 0.017090090832414636 -0.014297485098571755 -0.0091168587717884927 -0.0039442540459016639 -0.0053505558685861872 0.0074258430930358834
leaf_weight=11.210838487371804 9.392156331567092 24.501731729134917 80.383242377312854 14.727817159146072 30.359964632894844 2.4200606583617619 36.761691937688738 6.8914676718413856 9.3448109305463714 15.521613042335959 8.5018343096599001 16.504516060464084 12.664727458730342 6.0725737889297298 16.685020686127245 10.84693455416709 17.044567997567359 50.210489029064775 11.960635073715819 6.0940810292959204 7.4494987481739363 76.348593474831432 10.888626250671225 1.2349229173269112 6.8325389446690705 11.94629796547815 17.027597380103543 5.4761166397947809 13.107343441341071 26.330246777040884
leaf_count=191 290 340 9500 221 431 127 382 113 122 449 150 240 186 133 326 257 403 2289 1217 136 879 7734 1117 169 703 1302 484 162 325 701
internal_value=-0.000156402 -0.00388645 -0.00555662 0.00843117 0.00244815 0.00489193 0.013638 0.00316993 -0.0052854 0.00928147 -0.0025525 0.00349351 -0.0089765 -0.0148664 0.01835 0 -0.00135635 -0.00532037 -0.00654652 0 -0.00959557 -0.0061372 -0.00799804 -0.000167936 0.00636194 -0.00949417 0.00150515 0.00788942 -0.00115416 0.0024835
internal_weight=574.743 405.017 344.519 169.725 85.3145 60.4981 84.4108 30.9641 16.2363 46.1174 54.9545 27.7154 27.2391 18.7373 53.4467 149.435 138.589 59.6026 14.3807 21.6157 195.084 114.7 107.251 30.9024 17.7212 13.1812 78.9859 22.5207 56.4652 39.4376
internal_count=31079 28584 26315 2495 1331 2269 1164 456 235 925 900 431 469 319 708 4911 4654 2579 1344 585 21404 11904 11025 3291 1820 1471 2075 565 1510 1026
is_linear=0
shrinkage=0.05


Tree=28
num_leaves=31
num_cat=0
split_feature=19 5 19 31 27 21 4 21 28 14 24 9 36 33 39 9 24 31 3 4 28 25 32 39 27 39 35 31 19 7
split_gain=8.43375 1.8999 1.74942 2.59921 1.71733 1.65362 1.55355 1.53372 1.43522 1.21689 1.12743 1.01332 1.67643 0.98869 0.910923 1.05367 0.835686 1.30446 1.11586 0.972589 0.798637 0.793743 0.735683 0.707203 0.659362 0.59563 0.529366 0.527322 0.683366 0.482488
threshold=-0.40333333611488337 0.25000000000000006 0.32333332300186163 0.43000000715255743 -0.16333332657814023 0.46999999880790716 -0.14500001072883603 0.030000001192092899 0.11666667461395265 0.32999998331069952 0.32333332300186163 0.19666665792465213 0.24333333969116214 -0.19666665792465207 0.0300090815871954 -0.036666661500930779 0.23000001907348636 -0.036666661500930779 0.069999992847442641 0.44333332777023321 0.38833332061767584 -0.40333333611488337 0.096666663885116591 0.015892331488430503 -0.4433333277702331 0.043363763019442565 0.17000001668930056 -0.28333333134651179 -0.15000000596046445 -0.15666666626930234
decision_type=2 2 2 2 2 2 2 2 2 2 2 2 2 2 2 2 2 2 2 2 2 2 2 2 2 2 2 2 2 2
left_child=1 6 3 4 16 7 8 -3 -1 13 -9 20 -13 -5 27 25 18 19 24 23 29 -4 -14 -18 -2 -16 -26 28 -6 -8
right_child=2 5 21 9 14 -7 11 10 -10 -11 -12 12 22 -15 15 -17 17 -19 -20 -21 -22 -23 -24 -25 26 -27 -28 -29 -30 -31
leaf_value=0 0.010750426451437678 0.0026575184970600752 0.0023496712341424296 0 0.0035092842227687111 -0.0012407178627728182 -0.0072277240494966468 0.028036695061221379 0.017756050712652963 -0.0032334803467679051 0.0026322914816455626 -0.018237119915479157 0.010908190299547335 0.019004264815946026 0.013580853762955737 -0.0078462667751027868 0 -0.0044370451635408273 -0.0084842015524594899 -0.0030492996032791815 0.013123784619184587 -0.013120701914328568 -0.0045205296266566906 0.019770051322595031 0.0020306682946056604 -0.0028082709095691924 -0.0085504804532290906 -0.010698510433733467 -0.0088102804592931662 0.0035639448462091157
leaf_weight=17.604041459271684 9.8243853899184597 16.561520962975919 4.5903723051305851 10.467578062321993 17.433028611820195 9.1444422905333322 9.8501400647219253 28.434021111344919 24.459009518148378 10.173669140785931 9.1544501567259413 11.247403151355686 7.5371859557926681 17.937258886871859 10.317835434805604 11.101860538125036 4.3936091158539119 12.988561328733338 38.072049957816489 4.0140834189951411 10.733236310072241 59.341633778298274 10.20764663023874 15.733545515919102 32.851946295704693 2.4865514566190532 10.252828440396113 108.87868728255853 13.887058796826748 23.776263606734574
leaf_count=358 332 217 276 246 834 114 266 326 344 329 119 230 124 403 861 861 119 876 1954 110 130 5297 124 451 2250 243 562 10775 1435 568
internal_value=-0.000106227 0.00869027 -0.00422144 -0.00255121 -0.00425117 0.0154626 0.00418976 0.0185414 0.011187 0.00860437 0.0236371 -5.01563e-05 -0.00686278 0.0133954 -0.00754485 0.000454482 0 0.00589927 -0.00246256 0.0120661 0.00419312 -0.0115461 0.00208041 0.0160455 0.00186741 0.00918815 -0.00071427 -0.00904254 -0.00182147 0
internal_weight=573.456 178.709 394.747 330.815 292.236 63.2944 115.415 54.15 42.0631 38.5785 37.5885 73.3519 28.9922 28.4048 164.105 23.9062 128.131 37.1298 91.0012 24.1412 44.3596 63.932 17.7448 20.1272 52.9292 12.8044 43.1048 140.199 31.3201 33.6264
internal_count=31134 2920 28214 22641 21663 776 2144 662 702 978 445 1442 478 649 15009 1965 6654 1556 5098 680 964 5573 248 570 3144 1104 2812 13044 2269 834
is_linear=0
shrinkage=0.05


Tree=29
num_leaves=31
num_cat=0
split_feature=16 31 31 41 27 26 17 24 20 22 19 31 22 41 32 6 19 22 41 13 35 9 32 36 9 9 39 39 33 3
split_gain=5.4151 2.59748 2.46617 2.29983 1.66913 1.39301 1.28983 1.23526 1.16103 1.15215 1.14139 1.08924 1.00624 1.02448 0.987889 0.974147 0.964391 0.944078 1.01922 0.805869 0.797454 0.706564 1.08951 0.684349 0.63778 0.556175 0.544615 0.920958 0.517416 0.507006
threshold=-0.29000000655651087 0.42333334684371954 -0.4433333277702331 0.033144393935799606 -0.056666672229766839 0.29666668176651007 -0.22166666388511655 -1.0000000180025095e-35 -0.17000000178813932 -0.35000000894069666 -0.036666661500930779 -0.076666668057441698 0.35000002384185797 0.044630834832787521 0.35000002384185797 -0.023333340883255001 -0.48333333432674402 0.21666666865348819 0.046853924170136459 0.34333333373069769 -0.030000001192092892 0.11000001430511476 0.20333331823349002 0.17000001668930056 0.22333335876464847 -0.21666666865348813 0.020347160287201408 0.020900135859847072 0.14999997615814212 -0.31666666269302363
decision_type=2 2 2 2 2 2 2 2 2 2 2 2 2 2 2 2 2 2 2 2 2 2 2 2 2 2 2 2 2 2
left_child=2 10 3 16 25 20 8 -8 15 -5 -2 -9 13 -6 -11 -7 -1 18 -10 -15 23 22 -22 -4 -19 -3 -12 -28 -24 -23
right_child=1 4 5 9 12 6 7 11 17 14 26 -13 -14 19 -16 -17 -18 24 -20 -21 21 29 28 -25 -26 -27 27 -29 -30 -31
leaf_value=0.0080735971297830542 -0.0029178232788462273 0.0025364869954732504 -0.00048773487133917521 8.2979914267438496e-05 0 0.0030964934993425899 -0.0016368956759865905 0.020382062161700076 0.015008135608394974 0.025117748272882129 -0.015356464436186516 0 -0.0056250692853466143 0.021254278551018996 0.0016427031358032002 -0.014428751618843799 -0.0095320300080580633 0.0039781774855446352 0 0 -0.0063253256479677659 0.00091380772395436259 0.014632685464543799 0.011886741420113624 -0.009163909665223971 -0.010547123248652961 0.0073950311965312737 -0.0083154409861069534 -0.00039512656918278791 -0.012667483395814395
leaf_weight=7.6294331215322044 89.06121901597362 5.8121436452493098 36.286499171517789 10.415185368154196 13.371225258801131 7.5038345414213863 8.7178337238728982 24.104759440291669 21.761570146307349 29.539991663768888 52.283143036300316 8.0342820347286779 4.24548420542851 17.363517146557573 8.8524657145608199 12.377816228661684 11.106835882645099 12.007072031497957 13.836739844176916 5.2837690587621173 22.969676204258576 3.5925419752020415 7.3416128726676089 8.143017207272349 11.048945464193819 15.690571293001993 4.3600308373570433 64.019428104627877 4.3017794031184167 26.854262697976083
leaf_count=75 8480 271 1089 133 618 124 218 382 331 318 6130 180 183 280 141 210 175 190 296 200 708 129 190 222 177 905 560 7042 133 1034
internal_value=-0.000171588 -0.00525518 0.0044136 0.0124473 0.0032429 0.001679 0.00535422 0.0119886 0.00100115 0.0176699 -0.00789447 0.0160161 0.00904748 0.0119282 0.0212217 -0.0076639 -0.00113292 0.00476361 0.00943759 0.0172655 -0.00218215 -0.00562208 0 0.00242893 -0.0020512 -0.0063198 -0.0110581 -0.00646186 0.0094173 -0.0104924
internal_weight=567.917 271.491 296.426 67.5439 61.7667 228.882 119.393 40.8569 78.536 48.8076 209.724 32.139 40.264 36.0185 38.3925 19.8817 18.7363 58.6543 35.5983 22.6473 109.489 65.0599 34.6131 44.4295 23.056 21.5027 120.663 68.3795 11.6434 30.4468
internal_count=31124 24669 6455 842 2457 5613 2108 780 1328 592 22212 562 1281 1098 459 334 250 994 627 480 3505 2194 1031 1311 367 1176 13732 7602 323 1163
is_linear=0
shrinkage=0.05


Tree=30
num_leaves=31
num_cat=0
split_feature=16 31 14 14 28 24 24 8 21 38 27 25 21 38 5 39 11 20 9 26 3 39 39 34 40 10 10 31 4 40
split_gain=4.90843 2.07142 2.15522 1.68477 1.21561 2.9756 2.03008 1.57032 1.56767 1.17235 1.08263 0.884604 0.837767 0.829664 0.830139 0.709576 0.772682 0.708947 0.698004 0.670213 0.602735 0.593299 1.02728 0.558471 0.558145 0.543052 0.536037 0.461122 0.41409 0.407768
threshold=-0.43000000715255732 0.43000000715255743 -0.24999999999999997 0.31666666269302374 0.38833332061767584 0.32333332300186163 0.030000001192092899 -0.056666672229766839 -0.10999999940395354 -0.051795959472656243 0.096666663885116591 0.11000001430511476 0.20999997854232791 0.15047979354858401 -0.0083333253860473615 0.020773616619408134 -0.12333333492279051 -0.090000003576278673 0.32999998331069952 0.41666668653488165 0.25000000000000006 0.0300090815871954 0.032349301502108581 -0.063333332538604722 0.050000000745058067 0.1566666662693024 -0.32999998331069941 -0.31666666269302363 0.11000001430511476 0.030000001192092899
decision_type=2 2 2 2 2 2 2 2 2 2 2 2 2 2 2 2 2 2 2 2 2 2 2 2 2 2 2 2 2 2
left_child=4 2 13 9 6 8 7 -1 -6 -3 26 -7 27 15 -15 17 25 -2 -9 21 -12 24 -23 -11 29 -17 -5 -8 -27 -4
right_child=1 3 19 10 5 11 12 18 -10 23 20 -13 -14 14 -16 16 -18 -19 -20 -21 -22 22 -24 -25 -26 28 -28 -29 -30 -31
leaf_value=0.0072227923545943656 0.008292815376922372 0.019280462010451596 -0.0045219169121170138 0.0012458065883552687 0 -0.01289638320612046 0.017540451666610748 -0.017254491932218018 0.020289865626537791 0.0078152824310368449 0.010951335471755442 0.0035214052444000202 0 -0.0014338252109501043 0.017008015097896054 -0.0041756936566669876 -0.011312647007483289 -0.0011397428985407481 0 3.0637291044109099e-05 -0.004121524394767654 0.012501537280120165 -0.0058951525526339029 -0.007255659211582945 -0.010412018056338157 0.011016778164920037 -0.013824665555873531 0 -0.00060693831031384375 0.0088280266595472685
leaf_weight=9.5088967261835915 24.048089972930029 17.511537036392841 10.152831304119898 3.2073672849219337 9.8610275941900891 7.6099954359233406 17.708976466208696 14.835397762246432 49.152350245043635 6.1343998315278458 10.381133406655861 12.449971175286917 11.282797290012239 5.4919991861097515 7.702872264897449 31.799797211308032 21.39616872719489 45.638454590924084 9.6431481214240176 19.754113162402064 4.0091730307321987 4.2916892638895687 21.698902046307921 6.4423810392618144 147.89241354051046 8.2562054505106044 12.886313720839098 6.6531748035922673 7.631107212509959 2.8424768594559273
leaf_count=151 887 219 1053 141 124 105 242 273 524 241 397 182 186 200 167 1289 1012 1709 160 1218 188 475 2116 310 15882 257 786 141 211 338
internal_value=0 -0.00281496 -0.00430124 0.00520314 0.00758563 0.011691 0.00203552 -0.00579168 0.0169986 0.0126875 -0.00237047 -0.00328281 0.00985824 8.18569e-05 0.00998085 -0.00106134 -0.0045813 0.00218439 -0.0120942 -0.00755364 0.00554882 -0.00846097 -0.000300942 0 -0.00957117 -0.000168684 -0.010167 0.0142225 0.00565552 0
internal_weight=567.875 419.169 358.597 60.5723 148.706 79.0733 69.6324 33.9874 59.0134 30.0883 30.484 20.06 35.6449 151.965 13.1949 138.77 69.0833 69.6865 24.4785 206.632 14.3903 186.878 25.9906 12.5768 160.888 47.6871 16.0937 24.3622 15.8873 12.9953
internal_count=31184 29096 26814 2282 2088 935 1153 584 648 770 1512 287 569 5732 367 5365 2769 2596 433 21082 585 19864 2591 551 17273 1757 927 383 468 1391
is_linear=0
shrinkage=0.05


Tree=31
num_leaves=31
num_cat=0
split_feature=16 38 41 30 39 38 39 41 39 38 39 38 7 39 32 6 7 16 31 41 38 0 35 37 41 40 33 38 40 40
split_gain=4.54092 2.15125 1.89729 1.80703 1.40053 2.62683 1.80511 1.39445 2.06696 1.37795 1.18744 1.18496 2.21097 1.43321 2.02344 1.74455 1.21088 1.17895 1.12959 1.15461 1.33465 1.14956 0.968145 0.848923 0.818217 0.79537 0.772117 0.759583 0.865912 1.6669
threshold=-0.29000000655651087 0.074303150177001967 0.03895267844200135 0.41666668653488165 0.024153697304427627 0.029561042785644535 0.014356491621583702 0.03895267844200135 0.024153697304427627 0.078817844390869155 0.025791112333536152 -0.013042449951171873 0.083333313465118422 0.019357892684638504 0.33666664361953741 0.41666668653488165 -0.14333333075046537 -0.41666667163372034 0.45666664838790899 0.039630852639675147 0.066908836364746108 0.33666664361953741 -0.016666665673255917 -0.031506061553955071 0.032098621129989631 0.50999999046325695 0.43666666746139532 0.33441638946533209 0.47666665911674505 0.29666666686534887
decision_type=2 2 2 2 2 2 2 2 2 2 2 2 2 2 2 2 2 2 2 2 2 2 2 2 2 2 2 2 2 2
left_child=3 2 4 7 5 6 -2 8 17 22 -6 13 16 14 -5 25 -13 -1 19 -4 23 -20 -9 -21 -7 -15 -14 28 29 -3
right_child=1 27 18 11 10 24 -8 9 -10 -11 -12 12 26 15 -16 -17 -18 -19 21 20 -22 -23 -24 -25 -26 -27 -28 -29 -30 -31
leaf_value=0.018117412427174913 0.0027566346474426811 -0.011758562122480654 0.013146838599453425 -0.022286088201969118 0.00890546357064677 0.015837712940772266 -0.020865058972231385 0.00013419241258571436 -0.0051823588524021191 0.0051957010650569161 -0.0067200664368087153 0.0092069270955401211 0.021987433539667579 0.0026222757816065003 0.0059462650787262504 -0.0077873135558341623 -0.010594900345697237 0.0028193002760085037 0.015565280246964679 0.00063740101882293432 0.01561941597367611 -0.0039989971602716117 -0.010757574338698825 -0.0081571321006765393 -0.0029911612562762281 0.022183409424720517 0.00010392506306271268 0.0040926163320709657 -0.020557272404340354 0.012171887106896448
leaf_weight=23.408196237869561 6.10234147356823 15.745881313923748 6.7224618941545478 6.2572497338987869 15.172850454226134 4.2703117181081307 39.260146206011996 26.570898995036259 24.673958174418658 28.344012011541054 22.553286011330783 9.4156323727220315 34.275211312575266 15.81168962037191 7.1245676302351058 7.4475919941905877 9.326788501814006 35.152559419861063 17.50879078311846 39.69223254872486 2.8058355143293729 5.4646949532907447 44.62535351421684 54.853327645221725 5.982929268386215 9.6048725447617453 7.133495640475302 1.0380865326151241 27.311126529355533 4.5323133755009612
leaf_count=391 720 1730 658 83 1200 518 3743 783 658 653 1908 92 436 219 125 160 108 1051 450 3357 380 174 1337 5487 708 125 159 101 2940 587
internal_value=-0.000204423 -0.00486653 -0.00245106 0.0040588 -0.00767556 -0.0123212 -0.0172498 0.00081083 0.00548955 -0.00295427 0 0.00907478 0.0134761 0.00198141 -0.0087775 0.00768433 0 0.010437 0.00137253 -0.000794577 -0.00270652 0.0101843 -0.00667436 -0.00439865 0.00626431 0.013635 0.0192351 -0.0138847 -0.0151576 -0.00390065
internal_weight=558.189 269.017 220.389 289.172 93.3419 55.6157 45.3625 182.775 83.2347 99.5403 37.7261 106.397 60.1511 46.246 13.3818 32.8642 18.7424 58.5608 127.047 104.074 97.3514 22.9735 71.1963 94.5456 10.2532 25.4166 41.4087 48.6274 47.5893 20.2782
internal_count=31041 24661 19303 6380 8797 5689 4463 4873 2100 2773 3108 1507 795 712 208 504 200 1442 10506 9882 9224 624 2120 8844 1226 344 595 5358 5257 2317
is_linear=0
shrinkage=0.05


Tree=32
num_leaves=31
num_cat=0
split_feature=19 29 31 27 26 6 35 38 41 41 38 25 38 11 41 16 31 14 40 40 17 8 37 17 15 24 27 40 38 37
split_gain=4.21563 1.64011 1.56728 1.96323 1.48305 1.22368 1.18425 1.77861 1.97758 1.43247 0.964697 0.929304 0.918022 1.42334 0.889815 0.804548 1.13411 1.25087 0.793343 0.733194 0.631456 0.572621 0.495839 0.500038 0.563196 0.546047 0.548624 0.493438 0.436752 0.431276
threshold=-0.40333333611488337 0.23666667938232425 0.44333332777023321 -0.17000000178813932 0.13666665554046634 0.40333333611488348 0.24333333969116214 0.035836219787597663 0.03895267844200135 0.030753826722502712 0.00094079971313476573 0.069999992847442641 0.12839555740356448 -0.45666666328907007 0.059835318475961692 -0.25666666030883784 0.083333313465118422 -0.36333334445953364 0.050000000745058067 0.023333333432674411 -0.13666665554046628 -0.063333332538604722 -0.065113067626953111 -0.18333333730697629 -0.30333334207534784 -0.063333332538604722 -0.35000000894069666 0.14999999850988391 0.31014394760131841 0.040452957153320319
decision_type=2 2 2 2 2 2 2 2 2 2 2 2 2 2 2 2 2 2 2 2 2 2 2 2 2 2 2 2 2 2
left_child=1 -1 3 15 10 6 7 8 9 -3 11 27 13 -9 -10 16 17 29 19 -5 -20 -17 -19 24 -24 -25 -27 -4 -22 -2
right_child=2 5 4 18 -6 -7 -8 12 14 -11 -12 -13 -14 -15 -16 21 -18 22 20 -21 28 -23 23 25 -26 26 -28 -29 -30 -31
leaf_value=-0.0023779979390769843 -0.0054579893792309512 -0.0046542393493063557 0.00056832153109618298 -0.0071394626267783333 -0.0054964659095121677 -0.0045748482262417027 0.016260741600191943 0.025066640575033092 -0.017915205561014707 0.015925018357857035 -0.0037486762427892395 0 0 0.0014057114299828252 0.00061955306114850738 0.00054579532395032226 -0.0086635795564773879 -0.0007691755935622397 -0.0032302443514975287 0.0089220044771088358 -0.010898167634269734 -0.0088222809649868821 -0.0040429254689176774 0 0.0091448530774170134 0.022657527739307171 0 0.022103818613291762 0.0024448880452089899 0.004723880785244077
leaf_weight=36.852066454710439 22.152890060096983 9.2744211661629397 6.2803223186638304 5.793037246214225 16.056885321158916 10.001519122160969 47.302175564225763 13.568182342685757 12.498486351221802 12.211796358227728 4.5508000343106678 6.2926776078529647 9.6756174853071553 14.124658431392165 5.5889736087992778 22.174848499475047 10.435062770266084 4.2370216795243314 63.870305769261904 10.183272310066966 122.73734758596402 26.691319233737886 8.5731241828762013 4.4188372134231022 9.7771826856769568 14.647086954209955 5.2864046441391173 14.57295836182311 1.2095078248530615 8.8666262244805676
leaf_count=1005 527 132 120 475 867 149 563 132 258 176 453 176 124 225 121 2364 365 151 5298 937 12122 2871 219 142 261 231 190 236 97 178
internal_value=-0.000201211 0.00616341 -0.00311644 -0.00434723 0.00471278 0.00868781 0.010109 0.00512286 -0.0017618 0.00705562 0.0105994 0.0140022 0.0122253 0.0161399 -0.0124224 0.000119776 0.00307427 0.00545003 -0.00739242 0.00160133 -0.00831233 -0.00452071 0.0102194 0.0117834 0.0024789 0.016095 0.0188634 0.0181252 -0.0104687 -0.00157836
internal_weight=559.905 171.098 388.808 341.054 47.7536 134.246 124.244 76.9421 39.5737 21.4862 31.6968 27.146 37.3685 27.6928 18.0875 137.26 88.3942 77.9592 203.793 15.9763 187.817 48.8662 46.9397 42.7026 18.3503 24.3523 19.9335 20.8533 123.947 31.0195
internal_count=31165 2885 28280 26428 1852 1880 1731 1168 687 308 985 532 481 357 379 7499 2264 1899 18929 1412 17517 5235 1194 1043 480 563 421 356 12219 705
is_linear=0
shrinkage=0.05


Tree=33
num_leaves=31
num_cat=0
split_feature=16 31 27 30 32 8 35 0 31 27 9 6 32 41 41 39 39 9 10 37 6 19 7 37 17 9 27 19 21 41
split_gain=2.89861 2.65508 1.61325 1.40491 1.91713 1.04499 1.0189 1.1145 0.891049 0.857409 1.28984 1.53587 0.919437 0.825373 1.66602 0.887821 0.860203 0.758706 1.20952 0.869778 0.808835 0.773667 1.02443 0.72919 0.685325 0.599286 0.572819 0.551315 0.514463 0.513071
threshold=-0.26333332061767573 0.42333334684371954 -0.056666672229766839 0.46166664361953741 0.37000000476837164 0.40333333611488348 0.11000001430511476 0.34333333373069769 0.069999992847442641 -0.36333334445953364 0.21666666865348819 0.31666666269302374 -1.0000000180025095e-35 0.03895267844200135 0.039630852639675147 0.023888173513114456 0.014356491621583702 0.096666663885116591 0.37000000476837164 -0.10532808303833006 -0.1766666769981384 -0.24999999999999997 -0.036666661500930779 0.011377334594726564 -0.41666667163372034 0.14999997615814212 -0.4433333277702331 0.32333332300186163 0.26999998092651373 0.051111852750182159
decision_type=2 2 2 2 2 2 2 2 2 2 2 2 2 2 2 2 2 2 2 2 2 2 2 2 2 2 2 2 2 2
left_child=3 13 25 8 23 -6 7 27 9 10 24 12 -12 15 -15 16 -2 21 19 -19 -21 22 -11 -5 29 -3 -14 -4 -26 -1
right_child=1 2 6 4 5 -7 -8 -9 -10 17 11 -13 26 14 -16 -17 -18 18 -20 20 -22 -23 -24 -25 28 -27 -28 -29 -30 -31
leaf_value=0.006826957509931654 0 0.00091930270309814772 0.020940837035366765 0.020155122633612743 0.006682186306968884 -0.012063865427912865 -0.0019553279654148884 -0.0018225831535425591 -0.0083655340245082158 -0.00074712034086245696 0.0016930512511123535 0.010267360887249347 -0.019132560454733705 0.013855923806589005 -0.0055080234596036927 -0.0025242278695949503 -0.017098964809179187 0.0056242126453104301 0.007166796358008193 0.0012295510232962349 -0.013371982980672876 -0.007705902460630929 0.010040506253472629 0.0035311123769822556 0.017067471522626342 -0.012076704125757058 0 0 0 -0.0053561265922376089
leaf_weight=14.159602727741005 8.0457229893654567 12.166562580969186 19.456175025785349 23.837481966707855 7.6848902753554311 9.021717587253077 8.8689030994428304 5.4473539642058304 15.733974319649858 37.060694018378854 10.937370956409724 12.796209228690712 9.1968512618914264 6.0924741937778881 98.440553300548345 31.74602844635956 44.318817409221083 3.9543693121522656 10.17041568434797 7.2101276961620888 35.363483730470762 8.4932198845781368 35.450736626517028 17.798872305545956 25.99546422297135 9.2296005135867727 7.1663386253640047 6.3437786696013054 7.033265925012528 7.8176608784124246
leaf_count=194 1123 553 384 244 127 216 508 157 568 1060 201 201 163 702 11214 3243 5099 118 304 221 1265 495 878 193 462 632 122 239 132 143
internal_value=-0.00018845 -0.00417158 0.00430516 0.00299623 0.0096458 -0.00285269 0.0099287 0.0137446 0.0011465 0.00208808 0.00560132 -0.000700162 -0.00751527 -0.00711159 -0.00346239 -0.0108369 -0.0146705 -0.000296877 -0.00462522 -0.00820294 -0.010538 0.0025554 0.00457277 0.0149133 0.0102217 -0.00519134 -0.013591 0.0175413 0.0143475 0.00138039
internal_weight=557.039 250.156 61.5124 306.883 58.343 16.7066 40.1162 31.2473 248.54 232.806 95.1028 40.0968 27.3006 188.644 104.533 84.1106 52.3645 137.703 56.6984 46.528 42.5736 81.0047 72.5114 41.6364 55.006 21.3962 16.3632 25.8 33.0287 21.9773
internal_count=31161 23854 2473 7307 780 343 1288 780 6527 5959 1618 687 486 21381 11916 9465 6222 4341 1908 1604 1486 2433 1938 437 931 1185 285 623 594 337
is_linear=0
shrinkage=0.05


Tree=34
num_leaves=31
num_cat=0
split_feature=13 41 19 31 27 31 40 24 31 38 29 38 11 3 10 41 4 40 25 39 29 1 19 11 8 33 27 40 36 2
split_gain=5.01875 2.63278 1.8355 1.47778 1.56948 1.38777 1.28708 1.00074 1.33094 1.61303 0.993758 0.868037 0.846128 0.827623 0.811197 0.718602 1.08966 0.656313 0.633917 0.584055 0.581648 0.572315 0.534909 0.544946 0.509515 0.621651 0.479127 0.415191 0.414601 0.403661
threshold=-0.45666666328907007 0.041695980355143554 0.32333332300186163 0.43000000715255743 -0.36333334445953364 -0.4433333277702331 0.67000001668930065 -0.016666665673255917 -0.030000001192092892 -0.063383102416992174 -0.4433333277702331 0.0089869499206542986 -0.37666666507720942 0.37666666507720953 0.48333334922790533 0.032670618966221816 0.32333332300186163 0.11333333328366281 0.12166666984558107 0.023099512793123726 0.32333332300186163 0.014999985694885256 1.0000000180025095e-35 -0.030000001192092892 0.043333351612091071 0.27666664123535162 -0.090000003576278673 0.50999999046325695 0.35666668415069586 0.31666666269302374
decision_type=2 2 2 2 2 2 2 2 2 2 2 2 2 2 2 2 2 2 2 2 2 2 2 2 2 2 2 2 2 2
left_child=1 15 3 4 7 18 -7 20 9 27 -5 17 -11 21 -4 16 -1 -12 -3 -17 -2 -6 23 29 -10 -26 -19 -9 -15 -23
right_child=2 5 14 10 13 6 -8 8 24 12 11 -13 -14 28 -16 19 -18 26 -20 -21 -22 22 -24 -25 25 -27 -28 -29 -30 -31
leaf_value=0.012914082987966619 0.00082291509614083988 0.01394515993907401 -0.011732652475664761 -0.0058346415318537926 -0.0049877349388643029 -0.014963082560060481 0.0045211365256454944 -0.0095138417804439754 0.0031873291994776163 0 0 -0.0031906102581577274 0.018865936076701256 -0.013922671554096301 0.0031626290034404178 0.02637486829421672 -0.0046541526933870743 0 0 0.0045996896829590033 -0.010956442765056701 -0.0025218296967135074 -0.0056149141407161084 0.0076180442526057705 -0.015134487079647067 0.0021263940308271232 0.021169706822083249 0.0034081559672928955 0 0.0065544881130563965
leaf_weight=14.659635697025807 21.190429196925837 12.11795425321907 56.349202229292132 4.8416162536013863 123.54339268477634 13.899693948682399 8.3408479369245452 5.9918768974021059 8.3230519269127416 7.5109196789562693 6.3018544488586548 3.9074781450908622 28.426703981356695 22.636942908633504 5.2037764333654186 20.759522672742609 8.5588113148696703 5.6912218665238532 9.0553385317325574 10.365709451027213 9.2211676645092648 52.564258103142492 26.188549953978509 22.881712823873386 6.5676765721291286 3.0400642848107964 15.507319935131813 4.5654185935854912 3.5968078968580803 9.0225649564526957
leaf_count=173 952 137 5117 126 10176 243 121 146 434 117 118 366 487 1674 442 223 102 167 101 124 245 3057 3027 1896 242 129 219 98 226 411
internal_value=0 0.00989508 -0.0022806 -0.00088266 -0.00196057 0 -0.0073626 0.00326505 0.0067253 0.0109337 0.00786804 0.0112457 0.015548 -0.00398799 -0.00993425 0.0166562 0.00595656 0.0142472 0.00844634 0.0217118 -0.00327902 -0.00273133 0 0.00188793 -0.00314784 -0.00935322 0.0176165 -0.00320585 -0.0118345 -0.000358411
internal_weight=550.832 97.7575 453.074 391.521 355.272 43.4138 22.2405 94.8373 64.4257 46.4949 36.2495 31.4079 35.9376 260.434 61.553 54.3437 23.2184 27.5004 21.1733 31.1252 30.4116 234.2 110.657 84.4685 17.9308 9.60774 21.1985 10.5573 26.2338 61.5868
internal_count=31096 1224 29872 24313 23317 602 364 2850 1653 848 996 870 604 20467 5559 622 275 504 238 347 1197 18567 8391 5364 805 371 386 244 1900 3468
is_linear=0
shrinkage=0.05


Tree=35
num_leaves=31
num_cat=0
split_feature=30 4 4 5 25 3 19 38 40 5 25 38 39 6 38 39 11 22 0 39 4 27 35 40 37 38 0 41 15 34
split_gain=3.77094 1.67693 1.64291 1.53019 1.40599 1.2484 1.16648 1.47745 1.58489 1.18797 1.0922 1.07029 1.12205 1.03454 0.847719 0.833842 0.797758 0.725373 0.652381 0.621862 0.613911 0.664988 0.560901 0.559114 1.20772 0.728646 0.607528 0.558279 0.513583 0.574782
threshold=0.43666666746139532 0.30333334207534796 0.44333332777023321 0.23666667938232425 0.23000001907348636 0.056666672229766853 -0.35000000894069666 0.074303150177001967 0.47666665911674505 0.29666668176651007 -0.069999992847442613 0.11019897460937501 0.021928180009126667 0.056666672229766853 0.19940757751464847 0.012335670646280052 0.25000000000000006 0.083333313465118422 -0.049999997019767754 0.021614183671772483 -0.10499998927116393 -0.17000000178813932 -0.236666664481163 0.32333332300186163 0.042311668395996101 -0.12030982971191405 -0.18333333730697629 0.027692640200257305 0.47666668891906744 -0.28333333134651179
decision_type=2 2 2 2 2 2 2 2 2 2 2 2 2 2 2 2 2 2 2 2 2 2 2 2 2 2 2 2 2 2
left_child=1 6 3 4 5 -2 9 13 11 17 -5 -9 -13 15 -3 -8 23 18 20 -19 21 -1 -21 26 25 -25 -17 -27 29 -18
right_child=2 14 -4 10 -6 -7 7 8 -10 -11 -12 12 -14 -15 -16 16 28 19 -20 22 -22 -23 -24 24 -26 27 -28 -29 -30 -31
leaf_value=0.011958747145058015 0.016110877029734912 -0.0094012687523851845 -0.0053072582712855127 0 -0.0094470367020267204 -0.0017985314893526048 -0.010889476275619583 -0.0099832781801190706 -0.016089118211034401 0.016921889332915472 0.01972070442846505 0.017832324313559755 -0.0032386638306305679 -0.0050909055238975249 0.0063662758065427113 -0.0093701143231631808 0 0 -0.0073969366367721452 -0.0002198744861923172 -0.0034549804776523108 -0.0017900339026390229 0.01432241292170381 -0.0011627253686659802 -0.006011898330291629 -0.00073409618298486549 0.00069844542157376007 0.014506431856989492 -0.0023306118472798984 0.014071268329967586
leaf_weight=14.914474452380089 14.552121627843009 76.095539948903024 11.951561254216356 8.7955485589336586 10.250922227976842 12.292395054362713 4.6889900737442067 6.8934374253731248 28.424457118962891 9.206577630247919 40.426844898378477 6.7991845563519728 6.3293615062721074 66.677853354485705 3.4103150146547696 15.632546609500421 5.3294457271695164 27.181856760755181 24.347572908503935 4.4545938733499524 19.915732222842053 8.1415727047715354 17.773861231980845 8.3953925031237251 12.953612545737995 3.0444590656552526 34.27488461881876 25.200948924990371 2.7306282629724583 25.06161464843899
leaf_count=317 180 4807 569 169 194 179 485 607 2530 156 758 743 563 5451 151 1324 365 728 710 135 580 291 453 577 1135 301 2831 2036 210 1640
internal_value=0.000187907 -0.00170029 0.00881715 0.0112614 0.00219722 0.00831838 -0.000199894 -0.00220998 -0.00953725 0.00355707 0.0166589 0.000368526 0.00853743 -0.000127961 -0.00803329 0.0022198 0.0033149 0.00152353 -0.00155785 0.00588704 0.00174098 0.00687626 0.0110952 0.00062293 0.00432219 0.00889376 -0.00267531 0.0122929 0.00942707 0.0113806
internal_weight=556.148 457.879 98.2694 86.3178 37.0954 26.8445 378.373 252.437 48.4464 125.936 49.2224 20.022 13.1285 203.99 79.5059 137.313 132.624 116.73 67.3194 49.4103 42.9718 23.056 22.2285 99.5018 49.5944 36.6408 49.9074 28.2454 33.1217 30.3911
internal_count=31175 29126 2049 1480 553 359 24168 20798 4443 3370 927 1913 1306 16355 4958 10904 10419 3214 1898 1316 1188 608 588 8204 4049 2914 4155 2337 2215 2005
is_linear=0
shrinkage=0.05


Tree=36
num_leaves=31
num_cat=0
split_feature=27 31 27 12 31 24 38 28 38 31 29 5 39 37 38 32 24 31 0 30 9 30 24 26 1 38 28 39 40 39
split_gain=2.93022 2.12175 2.06697 1.55569 1.40665 1.30338 1.18485 1.084 1.06147 0.948655 1.35261 1.77206 1.34238 1.17686 0.948174 1.06379 0.984636 1.13288 1.04258 0.851991 0.789334 1.29957 0.79786 0.744938 0.740627 0.60159 0.547999 0.537764 0.515464 0.584049
threshold=-0.17000000178813932 0.43000000715255743 -0.063333332538604722 0.43000000715255743 -0.46999999880790705 0.030000001192092899 0.0089869499206542986 0.46166664361953741 -0.0099368095397949201 -0.069999992847442613 0.46833333373069769 0.056666672229766853 0.014356491621583702 -0.065113067626953111 0.13470363616943362 0.11000001430511476 0.38333332538604742 -0.43000000715255732 -0.10999999940395354 -0.10333332419395445 0.24333333969116214 0.46166664361953741 -0.16333332657814023 0.19666665792465213 0.25666666030883795 0.059781551361083991 -0.10999999940395354 0.029205097816884521 0.050000000745058067 0.016088104806840423
decision_type=2 2 2 2 2 2 2 2 2 2 2 2 2 2 2 2 2 2 2 2 2 2 2 2 2 2 2 2 2 2
left_child=4 14 -3 6 23 20 24 9 -9 10 11 -7 -13 -14 16 -16 17 18 -2 -11 22 -22 26 -1 -4 -24 -6 28 -19 -30
right_child=1 2 3 -5 5 7 -8 8 -10 19 -12 12 13 -15 15 -17 -18 27 -20 -21 21 -23 25 -25 -26 -27 -28 -29 29 -31
leaf_value=0.020180030809041054 -0.0054507053704872382 -0.013050715495936855 0.021354701512692226 -0.0070652968327161066 -0.0005831310591541877 9.7957298266176755e-05 -0.0032785384151150111 -0.015917856665903188 0.0047739115779586389 0.010027981053192341 -0.0073182982936895241 -0.00085666641820058415 0 0.021464456909585233 -0.0046235085452195233 0.012785368262584028 -0.014584433985504963 0.00083287416591867891 0.012081301881426278 -0.0033770505759386431 -0.011804691148117516 0.0057023184564312683 0.0011791603688894616 0 0 -0.0096483845932401682 0.011169980638240469 0.00025404433725935752 -0.00055166298891958442 -0.0097744014632768217
leaf_weight=14.324830432422461 7.9460395742207792 5.2222260902635744 23.033845265163112 4.8716309401206663 8.9084843546152133 27.834318212466314 3.860797824105247 5.6083557526580989 6.3217087537050229 10.931842038175089 4.8165461057797065 6.9157340202946207 7.5267747505567959 44.315196715760976 11.845361249288546 10.009851538343353 26.967286646831781 12.187541753053663 13.611825452186165 31.961835733149201 27.514698769897223 9.0173504827544075 29.608315617078915 8.18943720939569 7.1026098243892184 12.328114982927216 20.627527175005525 22.859281752957031 28.728926595533267 94.92879598622676
leaf_count=166 401 259 381 280 699 706 393 124 120 930 69 157 187 863 1057 669 2466 1105 564 1896 1383 134 1334 114 144 474 813 1815 2974 8417
internal_value=0.000561738 -0.00302671 0.00620702 0.0107508 0.00418132 0.00280358 0.0146057 0.00581811 -0.00563062 0.00721059 0.00995876 0.0116017 0.0161512 0.0187058 -0.0050233 0.00348889 -0.00611119 -0.0042804 0.00493219 0.000339372 -0.00115005 -0.00670076 0.00166364 0.0149987 0.0177526 -0.00229155 0.00742164 -0.00581768 -0.00698317 -0.00794922
internal_weight=549.927 273.176 44.0911 38.8689 276.751 254.237 33.9973 146.232 11.9301 134.302 91.4086 86.592 58.7577 51.842 229.085 21.8552 207.23 180.262 21.5579 42.8937 108.004 36.532 71.4724 22.5143 30.1365 41.9364 29.536 158.705 135.845 123.658
internal_count=31094 20925 1457 1198 10169 9889 918 5052 244 4808 1982 1913 1207 1050 19468 1726 17742 15276 965 2826 4837 1517 3320 280 525 1808 1512 14311 12496 11391
is_linear=0
shrinkage=0.05


Tree=37
num_leaves=31
num_cat=0
split_feature=27 3 23 19 33 10 9 0 25 8 40 36 37 41 39 14 38 37 28 37 37 36 37 39 17 3 39 15 13 20
split_gain=2.57945 1.61719 1.98052 1.2593 1.15778 1.15428 0.970348 0.908517 0.856643 0.839647 0.818917 0.93196 0.815974 0.799085 1.23947 1.17093 0.776284 0.754324 1.20002 0.87213 0.750276 0.737211 0.665975 0.643455 0.634646 1.14738 0.605985 0.574484 0.549395 0.505015
threshold=-0.1766666769981384 -0.26999998092651362 0.21666666865348819 0.26999998092651373 0.17666667699813846 0.45666664838790899 0.12333333492279054 0.34333333373069769 0.30333334207534796 0.25000000000000006 0.67000001668930065 -1.0000000180025095e-35 -0.070494174957275377 0.043214606121182449 0.024153697304427627 -0.35000000894069666 0.12017393112182619 0.0067873001098632821 0.23833334445953372 0.049216270446777351 0.015047550201416017 0.2833333313465119 0.027335166931152347 0.016325673088431362 0.26999998092651373 0.35500001907348638 0.025791112333536152 -0.2766666561365127 0.34333333373069769 -0.030000001192092892
decision_type=2 2 2 2 2 2 2 2 2 2 2 2 2 2 2 2 2 2 2 2 2 2 2 2 2 2 2 2 2 2
left_child=1 3 8 16 6 12 -4 10 17 -10 13 27 -6 14 15 -2 -1 21 -19 -20 23 -3 -22 -17 25 -14 -16 -12 -15 -8
right_child=7 2 4 -5 5 -7 29 -9 9 -11 11 -13 24 28 26 20 -18 18 19 -21 22 -23 -24 -25 -26 -27 -28 -29 -30 -31
leaf_value=0.01648798645154868 0.0028354618226279472 -0.00055884640261616555 0.0044164658835012215 -0.0043538297186198052 -0.0016518823858803254 -0.0045181273363600252 0.00053593429574632192 -0.010196138779115122 0.0013505993575402041 -0.018636845916954917 0.0069977943856852284 -0.011642120985630083 0.0060546404680229095 0.0057367381265393666 0.011731267016215088 0 0 0.0002229309007635726 -0.020285702498563804 0 0.0098535312515635517 0.010787953149523348 -0.0073451305678420772 -0.018073138699609498 0 0.025032102195586426 -0.00044274165300570417 -0.0042480170348113333 -0.004142045734243636 -0.014353126083715665
leaf_weight=34.076429732842371 13.595628416398538 55.336328442906961 26.05785088473931 6.4281255523674181 5.0882840286940327 6.7515517612919203 3.7370755169540653 45.831625201390125 3.5569586551282546 9.6011258824728412 10.311877338448538 36.413383773411624 27.576747054001316 56.803761815885082 8.8778063296340424 5.8377366678323623 6.0001485685352227 26.76868297229521 11.028123260941358 6.1560856481082729 3.7013062378391606 11.716342353960497 7.4013844872824848 24.119864938547835 6.275960615836083 17.091070874594152 20.447538737673312 29.486027832143009 10.428039978491141 8.8859026632271672
leaf_count=1206 405 2155 1099 553 124 209 129 3389 166 401 419 2801 510 4133 669 663 188 1487 304 194 430 330 805 2308 299 311 1437 2803 885 280
internal_value=-0.000585167 0.0027771 0.000795194 0.0107269 0.00588486 0.0098028 -0.000377307 -0.00401086 -0.00325148 -0.013198 -0.00242723 -0.00645142 0.0122015 -7.12118e-05 -0.00337224 -0.00768704 0.0139403 -0.00124247 -0.00605013 -0.0144291 -0.0116197 0.0018048 0 -0.0151285 0.0140525 0.0159137 0.00390162 -0.000253245 0.00364928 -0.00985024
internal_weight=545.389 272.133 225.628 46.5047 101.464 62.7836 38.6808 273.256 124.164 13.1581 227.424 76.2113 56.0321 151.213 83.9813 54.6559 40.0766 111.006 43.9529 17.1842 41.0603 67.0527 11.1027 29.9576 50.9438 44.6678 29.3253 39.7979 67.2318 12.623
internal_count=31092 9945 7998 1947 2961 1453 1508 21147 5037 567 17758 6023 1244 11735 6717 4611 1394 4470 1985 498 4206 2485 1235 2971 1120 821 2106 3222 5018 409
is_linear=0
shrinkage=0.05


Tree=38
num_leaves=31
num_cat=0
split_feature=19 5 25 12 31 4 6 38 26 6 2 40 27 28 7 38 40 16 10 9 13 38 23 24 26 37 37 36 40 38
split_gain=2.71643 1.1724 1.3025 1.11265 1.02788 0.96591 1.04082 0.955331 0.918938 0.880713 0.81822 0.805573 0.840366 0.754498 0.718826 0.756593 0.884119 1.03319 0.700605 0.704907 0.692749 0.865824 0.689787 0.642607 0.606402 0.758921 0.671442 0.554785 0.553234 0.512349
threshold=-0.40333333611488337 1.0000000180025095e-35 -0.049999997019767754 0.41666668653488165 0.43000000715255743 -0.14500001072883603 0.069999992847442641 -0.022851467132568356 0.44333332777023321 0.40333333611488348 -0.236666664481163 0.076666664332151427 -0.063333332538604722 0.17000001668930056 0.33666664361953741 0.074303150177001967 0.47666665911674505 -0.31666666269302363 -0.030000001192092892 0.23666667938232425 -0.12333333492279051 -0.063383102416992174 0.20333331823349002 0.20999997854232791 0.17000001668930056 0.009663581848144533 0.046335220336914069 0.42333334684371954 0.37333333492279058 1.0000000180025095e-35
decision_type=2 2 2 2 2 2 2 2 2 2 2 2 2 2 2 2 2 2 2 2 2 2 2 2 2 2 2 2 2 2
left_child=1 5 10 4 8 13 18 11 14 22 -3 -6 -13 -1 15 24 -17 -18 -7 -20 -10 -22 -4 -12 25 -2 29 -16 -28 -27
right_child=3 2 9 -5 7 6 -8 -9 20 -11 23 12 -14 -15 27 16 17 -19 19 -21 21 -23 -24 -25 -26 26 28 -29 -30 -31
leaf_value=-0.00038562661184561917 -0.0052981886861670976 0.012288429832074467 0.0053420041462205817 -0.010785992168662486 -0.0030419829697839323 -0.0090221451444819998 -0.017904946509987748 -0.0051797701530730232 -0.00084226881832631044 -0.00022627766976760673 0.0016544823768746952 0 0.016076261898600046 0.012745935622867325 -0.012808134867430491 0 0 -0.016935020426587 0.011554516229066152 -0.0040759184475084075 -0.0036320170925385007 0.017012920077945852 0.019743084033692643 -0.010165245507578573 0.0031880295360764699 0 0.0063600671213076042 0 -0.0080354693032929306 0.012530667898174279
leaf_weight=17.980502260616053 80.895902772899717 6.2332506328821173 26.411902804858983 29.249204179970548 6.1473137727007261 7.3276801079046043 6.2359204618260256 10.304621995659543 15.831691136350857 7.8662041611969462 24.816042600665241 9.1423578076064604 22.264476235024631 12.323506403248755 26.029094952624291 23.050374833168462 11.088682332308961 21.042860226822086 10.762473292183133 5.4977066684514275 2.2743973494507363 10.184564635157583 30.120478797703981 10.83373214676976 65.237926899688318 10.278795479098337 2.8791640989948091 9.5158944646827859 14.338176953839136 12.761867621447889
leaf_count=392 7583 101 399 2734 151 210 120 962 430 117 520 254 301 164 2054 1886 297 2212 229 95 126 432 363 202 4116 1072 301 731 1347 1284
internal_value=7.15772e-05 0.00533685 0.00835693 -0.00220171 -0.00125312 0 -0.00607164 0.00500939 -0.00239237 0.0125448 0.000630558 0.00870764 0.0117948 0.00548983 -0.00334457 -0.00210473 -0.00695852 -0.0116472 0 0.00547249 0.00515901 0.0119343 0.0145728 -0.00228415 -0.000365607 -0.00253589 0.00244158 -0.00964823 -0.00352989 0.00757204
internal_weight=548.927 166.409 106.282 382.517 353.268 60.1278 29.8238 47.8588 305.409 64.3986 41.883 37.5541 31.4068 30.304 277.119 241.574 55.1819 32.1315 23.5879 16.2602 28.2907 12.459 56.5324 35.6498 186.392 121.154 40.258 35.545 17.2173 23.0407
internal_count=31185 2912 1702 28273 25539 1210 654 1668 23871 879 823 706 555 556 22883 20098 4395 2509 534 324 988 558 762 722 15703 11587 4004 2785 1648 2356
is_linear=0
shrinkage=0.05


Tree=39
num_leaves=31
num_cat=0
split_feature=12 12 38 4 7 4 23 19 6 38 37 33 39 21 19 26 41 26 33 21 4 38 27 12 3 1 22 39 1 28
split_gain=2.05769 1.44891 0.851538 0.800489 0.922916 1.18999 1.78836 1.20874 0.876728 0.84818 0.929271 0.736083 0.726306 0.707645 0.726691 0.602646 0.596911 0.73098 0.672909 0.635059 0.553779 0.528523 0.522287 0.511554 0.537077 0.638466 0.620623 0.51076 0.475751 0.629315
threshold=-0.48333333432674402 0.43000000715255743 -0.013042449951171873 -0.33666665852069849 0.083333313465118422 0.41666668653488165 0.2833333313465119 -0.20333333313465116 0.056666672229766853 -0.037229537963867181 -0.016572475433349606 0.41000002622604376 0.020035291090607647 0.20333331823349002 0.36333334445953375 0.043333351612091071 0.04719978757202626 0.12333333492279054 0.11000001430511476 0.096666663885116591 0.24333333969116214 0.18432664871215823 -0.26333332061767573 -0.46999999880790705 0.18999999761581424 0.043333351612091071 -0.18333333730697629 0.017564586363732818 0.17000001668930056 0.37000000476837164
decision_type=2 2 2 2 2 2 2 2 2 2 2 2 2 2 2 2 2 2 2 2 2 2 2 2 2 2 2 2 2 2
left_child=2 3 -1 13 8 6 16 20 9 10 15 -7 -4 14 21 -5 19 -18 -19 28 -8 22 -2 -11 25 26 -25 -10 29 -6
right_child=1 -3 12 4 5 11 7 -9 27 23 -12 -13 -14 -15 -16 -17 17 18 -20 -21 -22 -23 -24 24 -26 -27 -28 -29 -30 -31
leaf_value=0 0.017824197599254226 -0.011446696602251432 0.021727834801551459 -0.0074320740419879976 0 -0.011957642298355378 0.0027894887370993118 0 0 0.0059580272461477101 0.0091017682896635064 0.0018901121495597068 0.00083119503360841332 -0.0059768642383868122 -0.0028264626913712828 0.0034143199523665722 0.0014413990150408632 0 -0.015888258291000042 0.0072559593984410174 0.018974581574427017 -0.0035824371397256125 0.0044779295036857123 0.0002398613124569178 -0.010986931442512953 0.0023385499191775085 -0.009403387415166102 -0.0118627262843874 0.0048317556095957906 -0.013777794148649609
leaf_weight=15.372562753967939 14.508106052409856 23.339696635259315 12.798394806683065 18.375167526537552 29.854215565137565 17.628938201582063 14.286087624263017 17.942969088442624 13.053158786613492 5.2985145268030456 28.404742294922471 9.2275660652667266 9.3664954411797208 5.8854949930682769 9.1627062303014082 18.394456497160718 14.839572821278123 6.4489446326624629 12.40263899322599 28.86393019137904 23.462327133631334 1.7228218782693137 32.410834573674947 20.547114409971982 22.812768092146143 34.747982319910079 32.322469875914976 31.621111914049834 13.793971308972685 6.4946225667372337
leaf_count=188 574 2270 117 1318 1816 1015 334 1502 866 80 1769 476 114 402 833 999 1122 314 540 1292 488 115 2394 1437 1447 2183 2263 1958 770 159
internal_value=0.000183219 -0.000657328 0.0106528 0 -0.000815109 0.00159485 0.00329562 0.0101527 -0.00299625 -0.00116463 0.00302463 -0.00696254 0.0158432 0.00496456 0.0069277 -0.00170372 -0.000224215 -0.00545034 -0.0109196 0.00193769 0.0146433 0.00933123 0.0106302 -0.00376204 -0.00472614 -0.00222931 -0.00558851 -0.00890376 -0.00112667 -0.00434237
internal_weight=545.39 507.853 37.5375 484.513 420.823 195.246 168.389 55.6914 225.577 180.903 65.1744 26.8565 22.1649 63.69 57.8045 36.7696 112.698 33.6912 18.8516 79.0067 37.7484 48.6418 46.9189 115.729 110.43 87.6176 52.8696 44.6743 50.1428 36.3488
internal_count=31155 30736 419 28466 24148 9828 8337 2324 14320 11496 4086 1491 231 4318 3916 2317 6013 1976 854 4037 822 3083 2968 7410 7330 5883 3700 2824 2745 1975
is_linear=0
shrinkage=0.05


Tree=40
num_leaves=31
num_cat=0
split_feature=30 4 27 24 8 21 31 18 40 31 10 25 39 27 11 12 24 29 40 40 4 39 39 29 39 11 31 3 8 5
split_gain=3.33791 1.33125 1.27662 1.35527 1.50931 1.25862 1.25119 1.20555 1.06258 1.02397 0.986844 1.05125 0.95893 0.808565 0.7591 0.630835 0.619447 0.715634 0.574176 0.503374 0.49863 0.452773 0.429414 0.397606 0.384312 0.363725 0.361775 0.352566 0.593006 0.39392
threshold=0.45499998331069952 0.41000002622604376 -0.36333334445953364 -1.0000000180025095e-35 0.14999997615814212 0.46333330869674688 0.43000000715255743 0.096666663885116591 0.050000000745058067 0.01666665077209473 0.41000002622604376 0.22333335876464847 0.014356491621583702 -0.063333332538604722 -0.030000001192092892 0.43000000715255743 -0.33666665852069849 -0.4433333277702331 0.11333333328366281 0.030000001192092899 -0.2766666561365127 0.015012674499303104 0.0300090815871954 0.31666666269302374 0.0300090815871954 -0.22333332896232602 -0.28333333134651179 0.11000001430511476 -0.096666663885116563 0.29666668176651007
decision_type=2 2 2 2 2 2 2 2 2 2 2 2 2 2 2 2 2 2 2 2 2 2 2 2 2 2 2 2 2 2
left_child=2 5 3 4 20 10 7 14 -5 12 -2 -12 -10 -8 19 16 -15 -18 -19 -4 -1 -6 -9 25 26 -22 -16 28 -21 -30
right_child=1 -3 6 8 21 -7 13 22 9 -11 11 -13 -14 15 24 -17 17 18 -20 27 23 -23 -24 -25 -26 -27 -28 -29 29 -31
leaf_value=0.011480660618153973 0.02169685586692971 -0.0010599510876021926 0.0043020024714687686 -0.0073228590021375169 0 -0.00036831766082361691 -0.0046141747295886182 -0.010437431595469872 -0.0007479594916712742 -0.00048153030211282936 0.011394927410627469 -0.0073974153720031705 0.014806818592971683 -0.00071664468257243846 0.0073311598205723014 -0.0039535347037686205 -0.00060782921037798223 0 0.019002929509265919 -0.0010762323218590142 -0.0094338819198386478 -0.015459838429927609 0 0.0071880336255518984 0.0098122137655757141 0.0014721831754452043 -0.001991566658913833 -0.00044118507055723976 -0.010595793900543375 0
leaf_weight=6.6002300549298552 28.132868137909099 17.002936036093161 10.689288573106749 5.3095898965839288 3.1862755790352848 10.313346667913718 12.902127417502923 73.0269117183052 7.9782409016042939 16.563319145468995 11.210329269524665 6.2439832042437038 43.610067863017321 6.3128603643272028 7.7998838394414625 4.1122914222069076 4.5209838047157964 5.3635042659007111 17.859278649557382 47.821217211079784 9.2844747584313172 15.143699471489525 12.548477939097209 4.0127563956193617 8.931555725168435 6.1886576057877383 35.032670698128641 52.189476945670322 51.849056879756972 5.8426842144690445
leaf_count=207 379 636 557 160 118 128 714 8153 149 866 166 152 814 203 485 270 130 122 460 3382 296 616 1232 74 629 338 3598 2606 3184 297
internal_value=0.000134316 0.00970454 -0.0013863 0.00292164 -0.00334227 0.013168 -0.00290321 -0.00415085 0.00698993 0.00894447 0.0164016 0.00343377 0.0121398 0.00377876 -0.00193777 0.00742322 0.00980749 0.0126447 0.0156752 -0.00360797 0.00359604 -0.0126957 -0.00907133 -0.000167778 0.00287309 -0.0047151 0 -0.00443486 -0.00605603 -0.00930107
internal_weight=547.583 72.9035 474.68 117.877 44.4161 55.9005 356.802 305.731 73.4612 68.1516 45.5872 17.4543 51.5883 51.071 220.156 38.1689 34.0566 27.7438 23.2228 168.392 26.0861 18.33 85.5754 19.4859 51.7641 15.4731 42.8326 157.702 105.513 57.6917
internal_count=31121 1461 29660 3638 1649 825 26022 24123 1989 1829 697 318 963 1899 14738 1185 915 712 582 10026 915 734 9385 708 4712 634 4083 9469 6863 3481
is_linear=0
shrinkage=0.05


Tree=41
num_leaves=31
num_cat=0
split_feature=30 27 24 25 28 21 3 24 2 7 4 24 10 41 23 21 30 39 9 30 3 4 33 41 11 40 27 39 37 13
split_gain=2.66045 1.23443 1.18721 1.06882 1.00465 1.24624 1.12537 0.951621 1.49085 0.718119 0.714299 0.576458 0.719959 1.31115 0.979225 1.1141 0.570001 0.55207 1.06141 0.717904 0.830893 0.614203 0.769859 0.615846 0.936357 0.863433 0.550283 0.531145 0.797571 0.893709
threshold=0.45499998331069952 -0.36333334445953364 0.32333332300186163 0.030000001192092899 0.43000000715255743 0.46333330869674688 0.18999999761581424 -0.31666666269302363 -0.17166666686534879 0.33666664361953741 0.43000000715255743 0.37000000476837164 0.11000001430511476 0.051111852750182159 -0.24333333969116208 0.35666668415069586 0.47500002384185797 0.029205097816884521 -0.016666665673255917 -0.3899999856948852 -0.29000000655651087 0.096666663885116591 -0.096666663885116563 0.041943827643990524 -0.030000001192092892 0.67000001668930065 -0.22333332896232602 0.024153697304427627 0.0075397491455078134 -0.25666666030883784
decision_type=2 2 2 2 2 2 2 2 2 2 2 2 2 2 2 2 2 2 2 2 2 2 2 2 2 2 2 2 2 2
left_child=1 7 4 -4 6 -6 16 -1 -9 17 -5 12 13 -10 -14 -16 -2 21 19 -19 -21 23 -23 26 -25 -26 -3 28 29 -28
right_child=2 9 3 10 5 -7 -8 8 11 -11 -12 -13 14 -15 15 -17 -18 18 -20 20 -22 22 -24 24 25 -27 27 -29 -30 -31
leaf_value=-0.0090566795616753744 0 0.0028494157481183864 -0.01448641023467954 0.011446189589678454 0.022754426142148433 0 -0.0093502063841445788 0.013043979724619884 0.010794128412682069 -0.0085693391667294779 -0.0039252296535039833 0.010228397863925629 0.0079473972457737557 -0.0067882393459096791 -0.012884031268246672 0.0031124126209943186 0.016066677521697149 -0.0023978673455376451 -0.0047710498992051195 -0.0016797955793923305 0.015961457758066452 -0.011529549770812915 -0.0016842601707525327 -0.0021275654804291176 0.011859299313205736 -0.0020537594213398585 0 0.00063620450318779874 0 -0.017191352128681489
leaf_weight=7.9912086122203609 8.0880555973853934 16.926471580052748 4.0327412933111217 10.487566092517229 21.833914300426844 7.4841813237871966 6.5162921294104299 29.519532471895218 20.64348123990931 42.647921815048903 6.5617190881166598 7.2152757954318067 5.1743513052351764 10.703013603109865 28.032295557670295 9.8814661788055655 6.561348474584519 6.1457374447491047 19.60049771796912 4.4574483155738625 18.48775403667241 32.60371335525997 61.844845967367291 46.62423666799441 26.743125160457566 10.429826220148241 8.308253245661037 16.944292153697461 21.996669996296987 20.850976414047182
leaf_count=339 146 1030 92 175 337 119 161 909 664 3611 350 183 139 351 850 233 79 422 1224 287 1174 2670 3973 3087 1876 925 418 1289 1916 2091
internal_value=0.00010183 -0.00124278 0.00873318 -0.000218825 0.0125403 0.0178838 0.00190316 0.00296216 0.00445901 -0.00275088 0.00496381 0.000389547 -0.000945207 0.00399526 -0.0050977 -0.00828996 0.0093819 -0.00173013 0.00268833 0.00838308 0.0120329 -0.00268185 -0.00581742 -0.000645197 0.0021449 0.00763366 -0.00362973 -0.00567784 -0.00805387 -0.0127341
internal_weight=545.338 473.772 71.5658 21.082 50.4838 29.3181 21.1657 119.161 111.169 354.612 17.0493 81.6499 74.4346 31.3465 43.0881 37.9138 14.6494 311.964 48.6914 29.0909 22.9452 263.272 94.4486 168.824 83.7972 37.173 85.0267 68.1002 51.1559 29.1592
internal_count=31120 29661 1459 617 842 456 386 3668 3329 25993 525 2420 2237 1015 1222 1083 225 22382 3107 1883 1461 19275 6643 12632 5888 2801 6744 5714 4425 2509
is_linear=0
shrinkage=0.05


Tree=42
num_leaves=31
num_cat=0
split_feature=30 19 31 24 31 24 29 28 29 35 8 27 15 33 10 10 30 31 20 29 33 40 28 25 12 21 27 7 19 24
split_gain=1.90784 1.47126 1.57548 1.34022 1.06199 1.18978 1.05408 1.39598 0.996183 0.898601 0.742052 0.944945 0.754409 0.688633 0.92172 0.625122 0.621414 0.58878 0.751367 0.707566 0.572396 0.658218 0.546663 0.523632 0.514798 0.749643 0.504563 0.493015 0.455084 0.413161
threshold=0.46166664361953741 0.32333332300186163 0.42333334684371954 0.42333334684371954 -0.22999998927116391 -0.030000001192092892 0.25000000000000006 0.46166664361953741 -0.4433333277702331 0.083333313465118422 0.01666665077209473 -0.17000000178813932 -0.36333334445953364 0.33666664361953741 0.31666666269302374 -0.076666668057441698 0.3966666460037232 -0.36333334445953364 0.26999998092651373 -0.15000000596046445 -0.076666668057441698 0.87666666507720958 -0.20333333313465116 -0.40333333611488337 -0.4433333277702331 0.46333330869674688 -0.083333343267440782 0.083333313465118422 -0.3899999856948852 -0.19666665792465207
decision_type=2 2 2 2 2 2 2 2 2 2 2 2 2 2 2 2 2 2 2 2 2 2 2 2 2 2 2 2 2 2
left_child=1 2 4 24 5 17 -7 13 -4 26 11 12 -6 20 -15 -12 22 18 19 -1 -8 -22 -17 -3 25 -2 -10 -13 -26 -19
right_child=3 23 8 -5 10 6 7 -9 9 -11 15 27 -14 14 -16 16 -18 29 -20 -21 21 -23 -24 -25 28 -27 -28 -29 -30 -31
leaf_value=0.0015101179229356589 0.017078519904268796 0.0026481634854302761 -0.0049929479699780191 -0.0062017383720441126 -0.0040267292645997836 -0.0010546203622955406 0 -0.008284052682597123 9.8553430993946075e-05 -0.00091729020166290249 0.00096076281154192057 -0.0055848245598473251 0.0078216095858571529 -0.011134902397630549 0.0086467592068394088 0 0.00056252309112681009 0.0063030438428771157 0.0015684698165896981 -0.015034332501040054 0.017809623789069074 0 -0.011487412126392097 -0.0094128764228944423 -0.0065558329149503318 0 0.019164775704607701 0.0034951090809032617 0.0066648197265766198 -0.0031019410112114545
leaf_weight=3.952334821457046 29.993842692114413 4.3776794313453129 4.6804143455810836 7.8188705048523834 11.667108447989447 32.706151072867215 5.2324685719795516 4.6516864022705695 7.2118147173896459 6.2541089793667188 17.037633844185621 65.643619791720994 39.142764254007488 4.2734662680886668 7.7833597257267684 7.8428824049187815 11.449076357064767 17.179868171457205 11.020715291844679 18.244602214312181 36.326693838927895 8.6064900634810311 57.282826887560077 52.508486298262142 4.6051738257519874 10.532290704548357 19.799052119255066 10.930305771529673 9.4290103779640049 14.619044294115154
leaf_count=333 289 275 132 314 339 1490 117 127 277 320 1495 6696 2820 101 201 814 519 1088 391 600 778 183 3754 5018 66 118 377 1068 408 569
internal_value=0.000281721 -0.000773906 0.000225368 0.00813196 -0.000726171 0.00218346 0.00557038 0.00897358 0.00924256 0.0123391 -0.00300382 -0.000254869 0.00452295 0.0112453 0 -0.00625283 -0.00811377 -0.00268432 -0.00695543 -0.0115074 0.013574 0.0152078 -0.00990934 -0.00792307 0.0110098 0.013615 0.0157747 -0.00382619 0.000414583 0.00151181
internal_weight=542.804 480.425 423.538 62.3792 385.593 164.597 99.5803 66.8742 37.9454 33.265 220.996 127.384 50.8099 62.2225 12.0568 93.6124 76.5748 65.0166 33.2177 22.1969 50.1657 44.9332 65.1257 56.8862 54.5603 40.5261 27.0109 76.5739 14.0342 31.7989
internal_count=31077 29882 24589 1195 23483 5978 2997 1507 1106 974 17505 10923 3159 1380 302 6582 5087 2981 1324 933 1078 961 4568 5293 881 407 654 7764 474 1657
is_linear=0
shrinkage=0.05


Tree=43
num_leaves=31
num_cat=0
split_feature=30 0 4 31 31 24 24 2 38 7 37 38 19 22 10 1 29 24 18 35 25 19 37 26 8 29 10 30 32 20
split_gain=2.21454 1.27908 1.2722 0.966071 1.31468 1.28242 1.0912 0.866732 0.855919 1.11496 0.859551 0.836878 0.80757 0.802479 0.812591 0.722238 0.779828 0.63685 0.624574 0.615027 0.57902 0.537469 0.59602 0.498353 0.503651 0.529467 0.570821 0.532834 0.445998 0.423004
threshold=0.46166664361953741 0.46333330869674688 0.4499999880790711 -0.22999998927116391 0.44333332777023321 1.0000000180025095e-35 -0.20333333313465116 -0.16333332657814023 -0.054368019104003899 -0.26333332061767573 -0.065113067626953111 -0.037229537963867181 0.11000001430511476 -0.19666665792465207 0.4499999880790711 0.12333333492279054 0.35000002384185797 0.32333332300186163 0.31000000238418585 0.33666664361953741 -0.069999992847442613 -0.37666666507720942 -0.038703918457031243 0.23666667938232425 1.0000000180025095e-35 0.38999998569488531 -0.083333343267440782 0.3966666460037232 -0.35000000894069666 0.42333334684371954
decision_type=2 2 2 2 2 2 2 2 2 2 2 2 2 2 2 2 2 2 2 2 2 2 2 2 2 2 2 2 2 2
left_child=1 3 13 5 23 15 7 -6 17 -10 -11 18 29 -2 20 16 -1 21 -8 -18 -15 22 -7 -5 -25 26 -26 -27 -28 -12
right_child=2 -3 -4 4 6 8 11 -9 9 10 12 -13 -14 14 -16 -17 19 -19 -20 -21 -22 -23 -24 24 25 27 28 -29 -30 -31
leaf_value=-0.00080146735254855756 0 -0.013988953231773626 -0.0056943491399131484 -0.0056795529384534964 0.0049727604320040537 0.015346672337271466 0.022087205596887899 -0.012598106306484017 -0.0033220961840033669 -0.0041811044663850041 0.016132163881495666 0 -0.00065851169455182206 0.00085436838366335054 0 0.0032281626138198727 -0.019526545575883097 -0.0097208836763706761 0.0013268776548007732 0 0.020530343143915289 -0.0046974591686993142 -0.00022370966110759821 0.0028935020450816147 0.0032801538897336679 -0.0047392539445987097 0.0020801069754115649 0.010434385008343358 -0.010228405030542016 0
leaf_weight=36.445887682959437 14.074802626157178 13.202655753120778 7.6389517332427195 151.70567693270277 6.9789544879458845 6.2069984725676477 8.7514425502158719 7.7693094566930068 10.504199263639746 3.2048477977514258 45.352190733654425 9.8213567978236842 5.8807381126098326 8.002732447814191 6.6872711046598843 26.832689333474264 8.1157591012306494 8.1008706137072277 9.6289291766006482 4.2159700214397153 24.783974226564172 5.1410857390146729 6.179846331477167 41.412284792400897 6.1472808052785686 3.3830472428817284 2.9211794403381637 6.3713751365430653 35.923037805245258 5.4193440880626431
leaf_count=2237 206 1004 382 14611 303 112 141 324 448 95 1122 687 567 101 143 1264 198 363 235 155 372 302 136 2572 379 161 218 187 1888 112
internal_value=-3.74651e-05 -0.0012686 0.00841882 -0.000677503 -0.00245534 0.00217581 0.00491353 -0.00404496 0.00593128 0.00863955 0.0112297 0.0102171 0.0128174 0.0112228 0.0144587 -0.0023711 -0.00592387 -0.000942042 0.01524 -0.0144818 0.0172474 0.003497 0.00868077 -0.00391665 -0.000720424 -0.00388149 -0.00628348 0.00378427 -0.00859082 0.0147233
internal_weight=536.805 475.617 61.1877 462.414 290.814 171.6 42.95 14.7483 95.9901 70.3613 59.8571 28.2017 56.6523 53.5488 39.474 75.6103 48.7776 25.6288 18.3804 12.3317 32.7867 17.5279 12.3868 247.864 96.1582 54.7459 44.9915 9.75442 38.8442 50.7715
internal_count=31025 29821 1204 28817 21706 7111 1690 627 3257 2344 1896 1063 1801 822 616 3854 2590 913 376 353 473 550 248 20016 5405 2833 2485 348 2106 1234
is_linear=0
shrinkage=0.05


Tree=44
num_leaves=31
num_cat=0
split_feature=19 30 31 25 39 25 2 10 28 28 24 21 25 19 10 32 31 8 37 27 16 41 31 8 37 39 15 35 16 37
split_gain=2.30792 1.62877 1.20937 0.992685 0.981742 0.910107 2.18003 1.25691 0.79147 0.722853 0.716174 0.673153 0.576239 1.06828 1.14858 1.36169 0.728123 0.960537 0.898997 0.808979 0.635574 0.593188 0.589873 0.506668 0.748853 0.475613 0.711764 0.775639 0.399308 0.396105
threshold=0.1566666662693024 0.42833334207534796 0.4499999880790711 -0.016666665673255917 0.020484371110796932 -0.069999992847442613 -0.076666668057441698 0.37000000476837164 0.45499998331069952 0.31666666269302374 -1.0000000180025095e-35 -0.049999997019767754 -0.0099999904632568342 -0.30333334207534784 0.096666663885116591 -0.12333333492279051 0.42333334684371954 -0.083333343267440782 0.0081372261047363299 -0.090000003576278673 -0.30333334207534784 0.039123736321926124 -0.36333334445953364 0.20999997854232791 -0.036615848541259759 0.014785202220082285 -0.20333333313465116 0.26999998092651373 -0.236666664481163 -0.15638160705566403
decision_type=2 2 2 2 2 2 2 2 2 2 2 2 2 2 2 2 2 2 2 2 2 2 2 2 2 2 2 2 2 2
left_child=1 12 29 4 -4 6 -3 11 9 -9 -8 -7 16 14 15 -14 17 18 -1 -18 22 -19 -20 -16 -25 -23 27 28 -27 -2
right_child=2 5 3 -5 -6 7 10 8 -10 -11 -12 -13 13 -15 23 -17 19 21 20 -21 -22 25 -24 24 -26 26 -28 -29 -30 -31
leaf_value=-0.0033924359872614068 0.0025200627905902439 0.014023350962386882 -0.0039095441864608269 -0.0067427255515206163 0.014166449941613486 0.00017169445353588657 0.00018336250114379363 0.005281828749052796 0.0099010230784060474 -0.0097464055055120832 -0.01678779254950526 0.019253949382568875 -0.0015920381350702333 -0.001612878003287846 0.0045893310373858794 0.017043574047348197 -0.0039891432212023426 -0.00091534784817954543 0 0.014256814131811645 0 0 0.015341189341739885 0.0037871233796344344 -0.013023311621443706 -0.019366056589129488 0 0.00086343558656478 0 -0.0093784271243528439
leaf_weight=47.173827608348802 1.6717004845850159 8.6478226939216274 5.8542910686228451 12.674373128451405 13.92992040584795 8.6344048155006003 5.5800224177073696 6.4423972934018883 11.174854424782096 13.16276205726899 9.469355506356802 27.298587452620268 9.3245236042421293 68.776776036713272 17.093861133558679 26.930419888813049 4.1076476785819969 42.377559745684266 5.2876285184174803 8.2534451447427255 20.323492797324434 7.617779297521337 14.210920372046528 5.1141045643016687 8.6987078199163061 23.484282489400361 11.875882496591656 3.166844487655907 2.643366799689832 89.546301081310958
leaf_count=3375 162 107 306 741 394 138 105 120 162 197 170 367 302 5755 400 651 168 2301 118 175 2296 423 336 99 201 767 1174 119 299 9262
internal_value=-3.3274e-05 0.00171087 -0.00591214 0.00156207 0.00818297 0.0074212 -7.27823e-05 0.0102133 0.00133222 -0.00375118 -0.0110489 0.0159455 0 0.00245106 0.00674541 0.0121135 -0.00172957 -0.00273014 0.000786512 0.00750979 0.00607854 -0.00618458 0.0113452 0 -0.0062755 -0.00970368 -0.0116007 -0.0151748 -0.017695 -0.00876114
internal_weight=540.548 416.871 123.677 32.4586 19.7842 90.4102 23.6972 66.713 30.78 19.6052 15.0494 35.933 326.461 135.938 67.1616 36.2549 190.523 178.162 86.9959 12.3611 39.822 91.1657 19.4985 30.9067 13.8128 48.7882 41.1704 29.2945 26.1276 91.218
internal_count=31190 20325 10865 1441 700 1366 382 984 479 317 275 505 18959 7408 1653 953 11551 11208 6125 343 2750 5083 454 700 300 2782 2359 1185 1066 9424
is_linear=0
shrinkage=0.05


Tree=45
num_leaves=31
num_cat=0
split_feature=30 0 32 37 37 26 8 5 32 35 31 23 30 31 39 9 39 7 26 38 24 23 26 13 13 39 24 13 29 19
split_gain=1.76379 1.35148 1.17874 1.2049 1.20101 0.837417 1.30718 1.14202 1.36074 0.676908 0.566241 0.655167 0.799251 0.604459 0.722755 0.891271 1.17261 0.563347 0.551433 0.878478 0.752667 0.518131 0.768252 0.497606 0.48856 0.477582 0.524862 0.589371 0.472093 0.466991
threshold=0.46166664361953741 0.46333330869674688 0.37000000476837164 0.011377334594726564 0.04525041580200196 0.24333333969116214 0.23000001907348636 0.31166666746139532 -1.0000000180025095e-35 0.1566666662693024 -0.43000000715255732 0.38999998569488531 0.22333335876464847 0.4499999880790711 0.029205097816884521 -0.036666661500930779 0.03437370993196965 0.01666665077209473 0.46333330869674688 -0.056065082550048821 0.096666663885116591 0.096666663885116591 0.01666665077209473 0.26333332061767584 -0.48333333432674402 0.013648589607328178 -0.023333340883255001 -0.016666665673255917 -0.4433333277702331 -0.43000000715255732
decision_type=2 2 2 2 2 2 2 2 2 2 2 2 2 2 2 2 2 2 2 2 2 2 2 2 2 2 2 2 2 2
left_child=1 5 3 -2 -5 10 9 8 -8 17 11 12 -1 14 -12 16 -16 24 19 -4 -21 22 28 -9 -7 -11 -27 -28 -15 -10
right_child=2 -3 18 4 -6 6 7 23 29 25 13 -13 -14 21 15 -17 -18 -19 -20 20 -22 -23 -24 -25 -26 26 27 -29 -30 -31
leaf_value=-0.0021050872340723438 0.018232629421359836 -0.014319859568380637 0.0064564634157606299 -0.0088835702199125156 0.01139327525277075 -0.005899765751194057 0.0019854253796196286 0.0090132153639950509 -0.023956732626964017 -0.00071381843476129474 -0.0050052443724117315 -0.005340269215149328 0.013375275635912979 0 0.018508915507609025 -0.0048290326659853715 -0.00067872360363294723 -0.0032353923888661855 0.0074604560672534223 0.001688941209056032 -0.017046933124854509 -0.0045101158764012201 -0.0038358491416365884 -0.0036650825886150248 0.0061787930477016431 0 0.018982112984561622 0 0.015823755449187401 -0.0046365158876169816
leaf_weight=7.588338074507198 23.595284320181236 12.522757465951143 3.6277952133677944 9.1067745028994995 7.9462824703659853 2.7322521954774848 13.361262781545518 13.839983319398018 6.5408473704010239 3.2190177773591122 196.82256674091332 6.7812175287399432 14.594439653446896 4.3338372660800841 7.9009064952842918 17.325919580645859 12.373068916611372 24.333048221422359 5.0923555847257367 3.3828262160532185 9.2528765415772778 7.1910729384981087 5.2382004586979738 5.046662743901833 57.137799503281713 7.8027571730781373 17.839507968863476 4.2527533133979878 11.1495521243196 15.081981002818795
leaf_count=580 286 991 148 118 104 35 666 367 111 140 16613 189 441 132 523 1235 938 1015 81 115 353 260 234 455 2676 430 376 314 317 797
internal_value=0 -0.00102843 0.00757364 0.0120967 0 -0.00043639 0.00222315 -0.00369812 -0.00877766 0.00519251 -0.00209674 0.00367797 0.00787189 -0.00289547 -0.00377668 0.00188484 0.00836647 0.00211143 -0.000886545 -0.00592927 -0.0117606 0.00312692 0.00713039 0.00455405 0.00476085 0.0108623 0.0127162 0.0159161 0.0120392 -0.0153201
internal_weight=537.014 475.01 62.0042 40.6483 17.0531 462.487 171.188 53.8707 34.9841 117.317 291.299 28.964 22.1828 262.335 234.422 37.5999 20.274 84.2031 21.3559 16.2635 12.6357 27.9127 20.7216 18.8866 59.8701 33.114 29.895 22.0923 15.4834 21.6228
internal_count=31040 29835 1205 508 222 28844 7382 2396 1574 4986 21462 1210 1021 20252 19309 2696 1461 3726 697 616 468 943 683 822 2711 1260 1120 690 449 908
is_linear=0
shrinkage=0.05


Tree=46
num_leaves=31
num_cat=0
split_feature=30 37 37 39 4 31 40 4 32 13 20 22 37 35 31 15 7 6 10 7 24 24 27 41 11 13 7 37 37 18
split_gain=1.58999 0.982093 2.48547 1.53672 1.34099 1.26102 1.12993 0.829291 0.88067 0.897096 0.801242 0.80107 0.828661 0.680502 0.662735 0.879308 0.700911 0.639175 0.607015 0.839912 0.594096 0.64836 0.587747 0.558849 0.646246 0.610078 0.57685 0.766525 0.630906 0.558208
threshold=0.41666668653488165 0.04525041580200196 0.011377334594726564 0.015012674499303104 0.41000002622604376 -0.35000000894069666 0.45000000298023229 0.29666668176651007 0.030000001192092899 -0.24999999999999997 0.18833333253860476 -0.29000000655651087 -0.054805755615234368 0.083333313465118422 0.47666668891906744 -0.3899999856948852 0.26999998092651373 0.01666665077209473 -0.023333340883255001 0.01666665077209473 -0.26999998092651362 0.069999992847442641 -0.18333333730697629 0.041943827643990524 -0.16333332657814023 0.34333333373069769 -0.023333340883255001 0.009663581848144533 0.027335166931152347 -0.21000000834465024
decision_type=2 2 2 2 2 2 2 2 2 2 2 2 2 2 2 2 2 2 2 2 2 2 2 2 2 2 2 2 2 2
left_child=7 2 4 -4 11 -5 -3 14 -9 -10 -6 -2 -13 -8 15 18 23 -11 22 -20 -16 -22 -1 26 -25 -26 27 -17 29 -29
right_child=1 6 3 5 10 -7 13 8 9 17 -12 12 -14 -15 20 16 -18 -19 19 -21 21 -23 -24 24 25 -27 -28 28 -30 -31
leaf_value=-0.0085598004309203699 0 -0.0017540157747530693 0.0063341786963857522 -0.022434747989172336 -0.01221249239901958 0.00097043607368011743 0 -0.014842445428295346 0.0054991319408071926 0.0060383440087494154 0.0041108225523112376 0 0.017323435019692669 0.022938201727883301 -0.0020111068187686899 -0.0092989598711533204 -0.0086901761650412541 -0.0085439070204594795 0.013697344412333175 0 0.018559632623914007 0 0.0051129037082559932 -0.0027777046478325738 0.0059782485766243874 -0.0055875456028020576 0.00082244405637518488 -0.001763920435947174 -0.0036512122264893013 0.015340342063694459
leaf_weight=10.722366423578935 8.311236219480632 5.3659305162727859 5.2607413330115405 12.671368010109294 6.8804075664375004 4.8257924257777605 5.0393620925024178 15.298145515844224 18.263178852852434 2.626567874569445 10.104380998527629 7.4680187923368058 30.728887606877834 12.723131396109236 4.2223263711202881 48.34694262733683 29.434290252043866 35.27747538452968 19.333091861335561 25.499971205601469 7.2164604072459024 3.7849238542839885 7.3207885553129008 45.596799579914659 66.324551509693265 6.4529355557169756 43.901689114281908 2.6119096479378641 23.712129697436467 4.8355407884810147
leaf_count=264 185 142 130 217 277 217 92 1127 500 91 350 165 565 316 196 3858 2840 3145 449 695 217 152 244 2936 5220 580 3261 155 1980 454
internal_value=0.000135018 0.00538224 0.0021773 -0.00998175 0.00738078 -0.0163161 0.0135655 -0.00122687 -0.00591582 -0.0018845 -0.0028758 0.0115032 0.0142309 0.0185198 -0.000113522 -0.000714602 -0.00202095 -0.00627689 0.00424255 0.00722449 0.00837247 0.0131315 -0.00208093 -0.000917384 0.0013626 0.00428794 -0.00325933 -0.00570512 0 0.00937205
internal_weight=530.161 109.379 86.2508 22.7579 63.4929 17.4972 23.1284 420.782 71.4654 56.1672 16.9848 46.5081 38.1969 17.7625 349.317 334.093 271.217 37.904 62.8762 44.8331 15.2237 11.0014 18.0432 241.782 118.374 72.7775 123.408 79.5065 31.1596 7.44745
internal_count=31020 2656 2106 564 1542 434 550 28364 4863 3736 627 915 730 408 23501 22936 21284 3236 1652 1144 565 369 508 18444 8736 5800 9708 6447 2589 609
is_linear=0
shrinkage=0.05


Tree=47
num_leaves=31
num_cat=0
split_feature=16 38 41 39 38 39 5 26 23 4 27 23 14 3 9 36 31 39 38 1 41 5 39 39 4 39 38 38 39 38
split_gain=1.42389 1.27407 1.14972 1.39902 2.80284 1.05893 1.05726 2.10827 1.60495 1.0458 1.24256 1.0999 1.01051 0.999462 0.958789 1.03913 0.942315 0.924786 1.05023 0.866131 1.27682 0.788558 0.731679 0.772927 0.728512 0.649722 0.637733 0.62576 0.617545 0.648023
threshold=-0.26333332061767573 0.074303150177001967 0.03895267844200135 0.024153697304427627 0.029561042785644535 0.014356491621583702 0.32333332300186163 -0.2766666561365127 0.47666668891906744 -0.069999992847442613 -0.15000000596046445 0.29000002145767217 -0.40333333611488337 0.32999998331069952 0.18333333730697635 0.29000002145767217 0.31000000238418585 0.017564586363732818 0.11496782302856447 0.18333333730697635 0.04280181601643563 -0.25666666030883784 0.0300090815871954 0.013880040496587755 0.44333332777023321 0.025791112333536152 0.33441638946533209 0.15541124343872073 0.01946812774986029 -0.044083595275878899
decision_type=2 2 2 2 2 2 2 2 2 2 2 2 2 2 2 2 2 2 2 2 2 2 2 2 2 2 2 2 2 2
left_child=6 2 3 4 5 -2 9 -8 24 10 22 12 19 16 -13 -16 28 18 -3 -11 -21 -12 23 -1 -9 -5 -19 -20 -4 -30
right_child=1 17 13 25 -6 -7 7 8 -10 11 21 14 -14 -15 15 -17 -18 26 27 20 -22 -23 -24 -25 -26 -27 -28 -29 29 -31
leaf_value=-0.00062430962461635937 0.00052760593110621654 -0.0081342243381798737 -0.0064431906141460271 0.0087327950211663653 0.0095427080770434016 -0.01866190806676751 -0.011037453723061492 0.016447419491654288 -0.0042661591166418033 -0.01465305199560759 -0.011942734983787713 0.009500252379259666 0 -0.0064479430840180627 -0.011526356430886991 0.006038786536133621 0.009553206616780786 -0.01558902710655098 0.018889749403511139 0.0087466043958344727 -0.012193259781613668 0.0024380708967471089 -0.0023010959218954341 0.013079476611160821 0 -0.0028669874099492305 0.0028669385578886483 -0.0015480593659704511 -0.0013834116391863158 0.0096801378888169368
leaf_weight=8.0006475429981929 5.3503649902995667 7.6784561504609865 17.815075009129941 14.22229116829112 8.6193773741833848 34.200320889241993 6.6609054950531563 44.551820533815771 8.8864748168271017 27.238684268668294 9.0140133339446056 26.608394583920017 50.554172471864149 18.982900782022625 11.163913438096644 9.3495067753829044 42.990321105113253 29.586156570119787 3.1548721182625741 10.434326553251596 7.0133769968524566 16.825094944797456 7.2532640523277214 45.022911809151992 5.0242443382740012 20.713040778879076 0.9617517190054049 1.6176154327113179 21.399454212747514 16.65413062274456
leaf_count=164 661 987 2252 1186 1134 3607 235 852 189 619 338 650 1701 1764 252 153 2035 3423 486 178 163 638 152 879 168 1838 98 198 2169 1932
internal_value=0.000119977 -0.00261957 -0.000699864 -0.00510302 -0.0102403 -0.0157896 0.00248652 0.00785125 0.0112182 0.00068901 0.00493352 -0.0018057 -0.00491444 0.00230029 0.00385233 -0.00302281 0.00449137 -0.00989651 0 -0.00990363 0 -0.00309868 0.00872274 0.0107349 0.0146045 0.00183243 -0.0139487 0.0126378 0 0.00355
internal_weight=537.548 243.946 200.947 83.1054 48.1701 39.5507 293.602 65.1234 58.4625 228.478 86.1159 142.362 95.2406 117.842 47.1218 20.5134 98.859 42.9989 12.4509 44.6864 17.4477 25.8391 60.2768 53.0236 49.5761 34.9353 30.5479 4.77249 55.8687 38.0536
internal_count=31101 23770 18578 8426 5402 4268 7331 1444 1209 5887 2171 3716 2661 10152 1055 405 8388 5192 1671 960 341 976 1195 1043 1020 3024 3521 684 6353 4101
is_linear=0
shrinkage=0.05


Tree=48
num_leaves=31
num_cat=0
split_feature=12 31 30 4 21 24 10 21 33 17 13 8 18 8 7 8 38 10 33 7 6 3 26 0 40 17 6 27 6 1
split_gain=1.41489 0.972074 1.14633 0.971173 0.944452 0.996849 0.994847 1.11143 0.967766 0.882528 1.41761 0.777117 0.773806 0.708112 0.660039 0.831729 0.908154 0.632881 0.611507 0.510389 0.506985 0.502662 0.537522 0.531002 0.457849 0.451237 0.405419 0.398767 0.384077 0.375855
threshold=0.43000000715255743 0.47666668891906744 0.38999998569488531 -0.18333333730697629 -0.063333332538604722 0.1983333230018616 0.41000002622604376 0.46999999880790716 0.21666666865348819 -0.48333333432674402 -0.16333332657814023 0.37000000476837164 -0.063333332538604722 0.32333332300186163 -0.16333332657814023 -0.04333332180976867 -0.0028347969055175777 0.030000001192092899 -0.20333333313465116 -0.049999997019767754 0.3249999880790711 -0.26999998092651362 -0.32999998331069941 -0.21000000834465024 0.4200000017881394 -0.45666666328907007 0.41666668653488165 -0.46999999880790705 0.20999997854232791 0.20999997854232791
decision_type=2 2 2 2 2 2 2 2 2 2 2 2 2 2 2 2 2 2 2 2 2 2 2 2 2 2 2 2 2 2
left_child=1 2 14 11 5 20 7 8 28 -8 -11 -4 -10 -3 21 18 24 -18 29 -19 -5 -1 -23 -24 -17 -20 27 -21 -6 -16
right_child=-2 13 3 4 6 -7 9 -9 12 10 -12 -13 -14 -15 15 16 17 19 25 26 -22 22 23 -25 -26 -27 -28 -29 -30 -31
leaf_value=0.00020226078556150916 -0.010579785089629723 0.014783524264994 0.016996537166231004 -0.019263555565929864 0.0059975192743938937 0.0028368769385442015 0.00689469555992492 -0.0047229135411718647 0.018330281540762414 -0.017480113328426816 0.0051718160621103395 0 0 -0.0024089722297794863 0.0023758402299568844 0.0048056602055300155 0 0.00084843381119906755 -0.0035004325402591637 0 0 0.00092036688456340488 0 -0.0097747788612949811 -0.0021732964956482541 0.0087050549197564605 0 -0.013894900748111073 -0.0059542828988208459 -0.0071102137453902068
leaf_weight=39.482971291523427 22.69903450156562 14.350951101863759 16.739687608089302 6.6066133538261074 7.4061082056723517 10.803165431367232 6.9132298752665546 8.4637656782288087 25.473134504398327 10.709443249041218 5.8440378936938915 8.4405467668548209 6.7460048964712795 3.2115863307844839 22.671481665922329 46.809235454769805 27.28883671737276 5.8660224466584614 2.3501540403813115 3.6213765596039584 5.1642857827246189 15.697087338892741 16.331358651863411 56.494921739911661 31.840100322850049 49.48648273688741 3.2326543927192679 31.989196335431188 7.4816671588923782 9.541572151007129
leaf_count=2825 2307 413 292 194 133 313 79 201 378 197 299 234 352 190 1967 2903 2011 291 71 90 169 1292 1212 4132 2072 3077 294 2180 162 808
internal_value=0.000165708 0.00081357 0.000280003 0.00429965 0.00154404 -0.00607276 0.00428847 0.00781987 0.0108232 -0.00311521 -0.00912621 0.0121808 0.0150358 0.0107657 -0.00110446 0.000388984 -0.00170939 -0.0056324 0.00429095 -0.00894413 -0.0138537 -0.00392403 -0.00592493 -0.00767528 0.00173121 0.0074137 -0.0108961 -0.0123413 0 -0.00045495
internal_weight=529.757 507.058 489.495 126.792 101.611 22.5741 79.0374 55.5707 47.1069 23.4667 16.5535 25.1802 32.2191 17.5625 362.703 234.697 150.647 71.9981 84.0497 44.7092 11.7709 128.006 88.5234 72.8263 78.6493 51.8366 38.8432 35.6106 14.8878 32.2131
internal_count=31138 28831 28228 3003 2477 676 1801 1226 1025 575 496 526 730 603 25225 15764 9841 4866 5923 2855 363 9461 6636 5344 4975 3148 2564 2270 295 2775
is_linear=0
shrinkage=0.05


Tree=49
num_leaves=31
num_cat=0
split_feature=30 0 9 5 32 23 23 38 33 16 5 32 29 38 37 37 39 38 37 40 39 30 38 39 33 21 23 30 6 16
split_gain=1.25851 1.3049 1.13143 1.16929 1.5273 1.24801 1.04457 0.665472 0.782995 0.660785 1.09702 1.04146 0.685037 0.76928 0.721345 1.46368 1.15966 1.37801 1.11981 1.10912 1.09058 0.962892 0.771191 0.641897 0.53629 0.527652 0.757212 0.523601 0.479146 0.473264
threshold=0.43666666746139532 0.39499998092651373 0.13666665554046634 0.19666665792465213 0.030000001192092899 0.44333332777023321 0.17666667699813846 0.00094079971313476573 0.41000002622604376 -0.3899999856948852 0.31166666746139532 -0.16333332657814023 0.069999992847442641 0.23526144027709964 0.04525041580200196 0.009663581848144533 0.015012674499303104 -0.085764408111572252 -0.054805755615234368 0.93000000715255748 0.025362205691635612 1.0000000180025095e-35 0.16974687576293948 0.029205097816884521 1.0000000180025095e-35 0.083333313465118422 0.2833333313465119 0.16333335638046267 0.44333332777023321 -0.19666665792465207
decision_type=2 2 2 2 2 2 2 2 2 2 2 2 2 2 2 2 2 2 2 2 2 2 2 2 2 2 2 2 2 2
left_child=1 9 -2 4 -4 6 -5 8 -7 10 11 27 14 -14 15 18 -17 -18 20 22 -11 24 -19 25 -20 -13 -27 -1 -8 -22
right_child=2 -3 3 5 -6 7 28 -9 -10 12 -12 23 13 -15 -16 16 17 19 21 -21 29 -23 -24 -25 -26 26 -28 -29 -30 -31
leaf_value=-0.00023746496935045112 0.016132991201308049 -0.0094992272501825282 0.0070064893772769261 0 -0.013443305765329656 -0.01808627125911141 0.019956792056053128 0.0044852353783531905 0.0014200333146896242 -0.0005801480981529022 0.01345334404093187 0.0042358487407617778 -0.0053333094730210326 0.0086997674665568632 -0.0055177625853511623 -0.0037231199618996537 -0.0030728898548666728 0.023773850959715861 -0.0099994588441153151 -0.00071436749854114699 -5.0134519645743825e-05 0.0037761806560437368 -0.00024277565071866578 -0.012700083108663249 0 -0.010978928526921854 0.0029882447265122628 0.013174188164262033 0 0.016579148203907546
leaf_weight=5.8077750154770937 13.34177931724116 37.079294688999653 8.640586639055984 16.354890754213557 16.75581069290638 5.097627598326655 16.207048178883273 6.6923660333268336 4.242315715411678 26.016518199350685 14.883555284002794 25.716008395887911 116.83585262659471 3.9886483249720177 33.835509764263406 7.383408425608649 5.7450834685005274 20.440636325161911 44.119227227754891 3.8516559596173456 1.7731811567209668 18.525470006279647 1.382861676858737 7.3768462017178527 12.488050200045107 14.705053387675436 10.504276831634341 13.367670084349809 4.1518035538028917 12.767930696718391
leaf_count=144 176 2644 137 417 300 105 301 224 186 1638 310 614 8028 172 3195 792 449 1981 4080 307 82 1507 120 189 1126 371 213 288 202 722
internal_value=-3.73011e-05 -0.00121058 0.00505952 0.00185617 -0.00568009 0.00611984 0.0108574 -0.00359663 -0.0105066 -0.000255204 0.00325087 0.000165386 -0.00142394 -0.00428326 0.000357453 0.00195812 0.00968328 0.0135936 -0.000777217 0.0179878 0.00520199 -0.00445901 0.0216293 -0.00293214 -0.00765701 0 -0.0049024 0.0090306 0.0170322 0.0139119
internal_weight=530.079 438.595 91.4842 78.1424 25.3964 52.7461 36.7137 16.0323 9.33994 401.515 92.3612 77.4776 309.154 120.825 188.33 154.494 38.8036 31.4202 115.69 25.6752 40.5576 75.1327 21.8235 58.3022 56.6073 50.9253 25.2093 19.1754 20.3589 14.5411
internal_count=31020 28972 2048 1872 437 1435 920 515 291 26328 2129 1819 24199 8200 15999 12804 3649 2857 9155 2408 2442 6713 2101 1387 5206 1198 584 432 503 804
is_linear=0
shrinkage=0.05


Tree=50
num_leaves=31
num_cat=0
split_feature=17 30 37 37 35 39 38 9 35 25 33 26 20 10 28 41 14 41 16 11 38 38 37 3 37 11 38 37 13 30
split_gain=1.30488 0.81317 1.09163 1.36779 1.50336 1.34193 1.28398 1.42482 0.907761 0.94622 1.13251 0.885154 0.668442 0.61175 0.550625 1.06015 0.886545 0.869873 0.954786 0.938329 0.733905 0.663625 0.598852 0.5149 0.561439 0.567923 0.639785 0.485288 1.18373 0.782726
threshold=0.38999998569488531 0.3966666460037232 0.04525041580200196 0.0081372261047363299 0.19666665792465213 0.015012674499303104 -0.063846588134765611 0.21666666865348819 0.29000002145767217 0.32999998331069952 0.23000001907348636 0.46999999880790716 0.35666668415069586 -0.40333333611488337 0.20333331823349002 0.041943827643990524 0.32333332300186163 0.038151146844029434 -0.41666667163372034 -0.13666665554046628 0.066908836364746108 0.12839555740356448 0.042311668395996101 -0.40333333611488337 0.10221767425537111 -0.22333332896232602 -0.22692012786865232 0.015047550201416017 -0.04333332180976867 0.13666665554046634
decision_type=2 2 2 2 2 2 2 2 2 2 2 2 2 2 2 2 2 2 2 2 2 2 2 2 2 2 2 2 2 2
left_child=1 14 3 4 11 -5 -7 -8 -6 10 -10 -3 -4 -2 15 20 23 18 -16 22 27 -21 -19 -17 25 -25 -27 28 -1 -29
right_child=13 2 12 5 8 6 7 -9 9 -11 -12 -13 -14 -15 17 16 -18 19 -20 21 -22 -23 -24 24 -26 26 -28 29 -30 -31
leaf_value=0.0034392396461216976 0.0021291368221409541 0.019306895775426811 0.016482178704948846 0.0071760574790551137 -0.010310418949567676 0.0038778854562268195 0.00029662775509717559 -0.02473265142491126 -0.0051057817774204997 -0.0058807874686383176 0.013712891840220429 0 0 -0.010200749674611155 0.010485186766275247 -0.002429015750033711 -0.0041379756592227887 -0.013346918575628534 -0.0024812261534584482 -0.0028632547646051717 -0.0087541967004081591 0.012216181016359748 0 0.0013076470844700849 -0.004087612268179411 -0.00098024758740873174 0.0122506114657338 0.0093317371572651572 -0.008573272930666188 -0.0044162114868459435
leaf_weight=34.581072846194729 6.8247287003323427 15.729695545509459 18.319829416926954 6.5771892853081253 9.8715026166755688 4.7825144592206987 5.3713814890943459 11.668770796386523 5.5028388174250749 10.058353981003163 20.184337043436244 5.7473505917005232 4.9761064909398547 35.750362227438018 14.726923929061739 9.0013911493588221 18.807981561170891 33.202101092785597 35.186256094835699 22.744096805341545 25.166640781098977 3.5565546806901684 11.00471929926425 31.816424073884264 4.0198877975344649 5.7165427543222895 57.612625953741372 22.508745814207945 33.116902127629146 8.9543953221291286
leaf_count=2237 455 333 413 132 187 99 80 315 85 377 387 81 107 3066 291 640 1459 1280 2007 1683 2173 179 436 1837 282 360 4537 1931 3175 560
internal_value=7.95429e-05 0.000889121 0.00439256 0.00140787 0.0053964 -0.00658591 -0.0122853 -0.0177352 0 0.00373444 0.00868907 0.0146373 0.0129798 -0.00769076 -0.000216262 0.0010438 0.00422793 -0.00296833 0.00161202 -0.00640973 -0.00206124 0.000292345 -0.0104535 0.00604258 0.00714399 0.00808003 0.0107142 0 -0.00231746 0.00467111
internal_weight=533.088 490.513 118.79 95.4939 67.0941 28.3999 21.8227 17.0402 45.617 35.7455 25.6872 21.477 23.2959 42.5751 371.723 251.303 126.975 120.421 49.9132 70.5075 124.328 26.3007 44.2068 108.167 99.1655 95.1456 63.3292 99.1611 67.698 31.4631
internal_count=31184 27663 2596 2076 1450 626 494 395 1036 849 472 414 520 3521 25067 19191 9115 5876 2298 3578 10076 1862 1716 7656 7016 6734 4897 7903 5412 2491
is_linear=0
shrinkage=0.05


Tree=51
num_leaves=31
num_cat=0
split_feature=25 33 37 19 4 31 33 0 5 32 37 7 35 25 4 27 26 39 5 25 32 36 37 33 41 14 33 8 31 10
split_gain=1.12453 1.39513 1.53058 1.74062 1.54573 1.00353 0.957509 0.810018 0.72372 0.695458 0.743173 0.687566 0.614606 0.590602 0.5181 0.833273 0.467941 0.447911 0.548887 0.519115 0.498423 0.544455 0.491912 0.504362 0.554994 0.903179 0.486273 0.423757 0.413461 0.413225
threshold=0.30333334207534796 0.23666667938232425 0.009663581848144533 -0.12999999523162839 0.41000002622604376 0.4499999880790711 -0.33666665852069849 -0.049999997019767754 0.33666664361953741 0.21666666865348819 0.011377334594726564 0.32333332300186163 0.20333331823349002 -0.0099999904632568342 -0.32333332300186152 -0.26999998092651362 0.46999999880790716 0.029205097816884521 -0.030000001192092892 -0.076666668057441698 -0.14333333075046537 -0.18999999761581418 0.055079460144042976 -0.31000000238418574 0.037274278700351722 -0.2766666561365127 -0.10999999940395354 -0.45666666328907007 -0.076666668057441698 -0.030000001192092892
decision_type=2 2 2 2 2 2 2 2 2 2 2 2 2 2 2 2 2 2 2 2 2 2 2 2 2 2 2 2 2 2
left_child=1 5 3 4 -3 9 27 -4 12 14 11 28 -9 -8 15 29 -2 19 26 20 21 -16 23 -22 -25 -26 -19 -7 -11 -1
right_child=16 2 7 -5 -6 6 13 8 -10 10 -12 -13 -14 -15 17 -17 -18 18 -20 -21 22 -23 -24 24 25 -27 -28 -29 -30 -31
leaf_value=0 -0.0066838102624101796 0.019472156776581425 0.0054663342015317711 -0.00041828461460448893 -0.0013457854402752058 0.0039821677485686758 0.017025283057122986 -0.015466262903961501 0.0022612679654604238 0.0065159185585537812 0.0094535843920062201 -0.012506332623548683 0 0 -0.0070179629552973568 -0.0024194381352625905 0.0031585873954032883 0.0019881129106300711 0.0072658765357806994 -0.0012008049735161936 0 0.002306474419932297 0 -0.0031782043627271877 -0.022903468802259089 -0.0013093949169480515 -0.010378049115294101 -0.0094105872036040136 -0.0039598320578595565 0.015201718398330106
leaf_weight=3.6699277414008975 75.447828208329156 34.783657190506347 20.068956532748416 21.601354662328959 7.6984357982873908 4.2251843134872615 13.091694686328994 13.00063402508386 10.176155962049959 15.844287995249037 20.335977730108425 4.6430640108883372 5.8705723802559069 4.2644549869000903 22.688503826735541 26.282537715742365 6.8413571878336361 9.4016838271636534 14.39537825505249 81.871679320232943 5.5981788514181963 24.344682058086619 8.2970968263689411 19.063674604287371 17.701439164346084 10.3258044118993 7.7818593312986222 5.3611402395181376 8.419482362922281 7.3747569439001364
leaf_count=203 6062 794 871 1640 147 155 329 564 428 532 1079 207 207 198 1905 2221 157 683 855 5141 503 1522 509 1048 577 984 389 214 718 238
internal_value=-0.000227578 0.000730394 0.00540859 0.0101902 0.0154843 -0.00084453 0.00733533 -0.000806714 -0.00604795 -0.00176606 0.00318776 -0.00137133 -0.0109984 0.0131803 -0.00285394 0.00194274 -0.00542333 -0.00380221 0.000952177 -0.00472543 -0.00697384 -0.00200527 -0.00990962 -0.0115342 -0.0130696 -0.0173162 -0.00377028 -0.00264312 0.0019904 0.0109875
internal_weight=530.471 448.182 113.2 64.0834 42.4821 334.982 26.9425 49.1163 29.0474 308.04 49.2428 28.9068 18.8712 17.3561 258.797 37.3272 82.2892 221.47 31.5789 189.891 108.019 47.0332 60.9862 52.6891 47.0909 28.0272 17.1835 9.58632 24.2638 11.0447
internal_count=31080 24861 4651 2581 941 20210 896 2070 1199 19314 2536 1457 771 527 16778 2662 6219 14116 1927 12189 7048 3427 3621 3112 2609 1561 1072 369 1250 441
is_linear=0
shrinkage=0.05


Tree=52
num_leaves=31
num_cat=0
split_feature=13 27 7 38 40 37 38 38 31 31 33 27 35 38 38 39 35 32 7 39 31 37 6 39 11 37 37 9 38 39
split_gain=1.98258 1.20918 1.59445 1.51194 1.0723 1.99945 1.45294 0.979529 0.891084 0.885323 1.15895 0.964034 0.812684 0.723887 0.699657 0.741782 0.69331 0.684474 0.651432 0.633095 0.561556 0.545353 0.532968 0.506046 0.483675 0.471488 0.469917 0.767453 0.563615 1.20419
threshold=-0.45666666328907007 -0.4433333277702331 0.34333333373069769 -0.063383102416992174 0.47666665911674505 0.011377334594726564 -0.013042449951171873 -0.056065082550048821 0.47666668891906744 -0.22999998927116391 0.043333351612091071 -0.096666663885116563 -0.40333333611488337 0.074303150177001967 0.068305492401123061 0.024349682964384559 0.01666665077209473 0.11000001430511476 0.11000001430511476 0.025618453510105613 0.38333332538604742 -0.054805755615234368 0.043333351612091071 0.013880040496587755 -0.076666668057441698 0.04142808914184571 -0.016572475433349606 0.069999992847442641 -0.013042449951171873 0.019822004251182083
decision_type=2 2 2 2 2 2 2 2 2 2 2 2 2 2 2 2 2 2 2 2 2 2 2 2 2 2 2 2 2 2
left_child=4 3 8 -2 5 6 7 -1 9 10 25 -12 -10 14 15 26 -5 23 -7 -6 -4 24 -14 -15 -17 -3 27 -11 29 -28
right_child=1 2 20 16 19 18 -8 -9 12 13 11 -13 22 17 -16 21 -18 -19 -20 -21 -22 -23 -24 -25 -26 -27 28 -29 -30 -31
leaf_value=0.0073498468050050628 -0.0075033872956190937 -0.0057349215831073155 -0.01168772376071919 0 0.015522655407829503 -0.017737223245959385 0.017386295643067214 -0.010084840915507156 -0.0034586788514936596 -0.010779177984290296 0.013123084271677738 0 0.018155221284149654 0.0014238061650984433 0.011990357338374467 -3.6304601092978286e-05 0.014529183761783674 0 0 0 0 -0.00083833439110635199 0 -0.013787179713096696 0.01265592938507127 0.0032350830361198221 0.012286384807014309 0.00018856634781376134 -0.0050945189149836471 -0.0051500049919885674
leaf_weight=10.300560819916425 9.5254305340349656 35.326995062641799 44.825499239843339 12.741286015138028 29.962716613896191 7.3269759817048898 14.247969910502432 9.4675606642849761 4.2845071188639876 41.909837814979255 25.857291461434215 24.933638693531975 9.166744312271474 1.868993147509175 2.8110582183580837 6.6785211591050055 24.756498463451862 12.571751459501682 8.0005997745320183 9.8039868548512441 8.8910209727473539 44.697076434502378 3.4318768645171067 28.914947360986844 11.274908164981751 14.068557274760677 13.806260195793586 17.10724682174623 31.243085228605196 12.485190347302703
leaf_count=154 313 1929 3637 363 413 111 188 142 145 3278 723 1795 261 219 283 374 631 998 100 143 734 3510 173 2693 707 690 1175 1313 2997 913
internal_value=0.000256103 -0.0010875 -0.00205638 0.00591254 0.00684824 0.00102994 0.00789322 -0.000433918 -0.000651067 -0.00136457 0.00231564 0.00735986 0.00876509 -0.00312626 -0.00144853 -0.00217595 0.0104602 -0.00863076 -0.0109649 0.01244 -0.00963095 0.00183056 0.014041 -0.0121024 0.00806439 -0.00265515 -0.00451776 -0.00749144 -0.000654559 0.00381366
internal_weight=532.289 443.178 396.155 47.0232 89.1104 49.3437 34.0161 19.7681 342.438 325.555 100.186 50.7909 16.8831 225.369 182.013 179.202 37.4978 43.3557 15.3276 39.7667 53.7165 62.6505 12.5986 30.7839 17.9534 49.3956 116.552 59.0171 57.5345 26.2915
internal_count=31105 29854 28547 1307 1251 695 484 296 24176 23597 5137 2518 579 18460 14550 14267 994 3910 211 556 4371 4591 434 2912 1081 2619 9676 4591 5085 2088
is_linear=0
shrinkage=0.05


Tree=53
num_leaves=31
num_cat=0
split_feature=30 7 31 38 31 23 28 21 37 27 30 37 37 36 5 16 13 41 37 25 38 20 29 27 41 8 27 38 12 25
split_gain=1.51775 1.03002 0.87804 0.895097 1.03867 0.766033 1.15574 1.20162 1.03759 0.786094 0.722313 0.685159 0.768565 1.62288 0.65033 0.64444 0.506523 0.503617 1.41902 0.714719 0.618214 0.49377 0.616929 0.749687 0.620734 0.511767 0.632245 0.490415 0.489412 0.486108
threshold=0.45499998331069952 0.38999998569488531 -0.26999998092651362 -0.013042449951171873 0.33666664361953741 0.47666668891906744 0.42333334684371954 -0.19666665792465207 0.04525041580200196 -0.31000000238418574 0.12333333492279054 -0.059377193450927727 0.009663581848144533 -0.036666661500930779 -0.36333334445953364 0.11000001430511476 -0.016666665673255917 0.044630834832787521 -0.015917301177978512 -0.29000000655651087 -0.029649734497070309 0.42333334684371954 0.20333331823349002 0.20999997854232791 0.03895267844200135 0.18999999761581424 -0.40333333611488337 0.096286773681640639 -0.30333334207534784 -0.090000003576278673
decision_type=2 2 2 2 2 2 2 2 2 2 2 2 2 2 2 2 2 2 2 2 2 2 2 2 2 2 2 2 2 2
left_child=1 2 14 4 16 6 8 -8 9 -2 17 -5 -13 15 -1 -14 28 18 20 -19 -6 22 -16 24 -24 -26 -27 -3 -4 -9
right_child=5 27 3 11 10 -7 7 29 -10 -11 -12 12 13 -15 21 -17 -18 19 -20 -21 -22 -23 23 -25 25 26 -28 -29 -30 -31
leaf_value=-0.0048855838201162169 -0.013494911940971572 -0.011166367168822701 -0.0047109734974562917 0.0065530189256884103 -0.014347321398624966 -0.0023727904579920827 -0.0025626725932831078 0.00076063112213447777 0.01084333127915503 0.0036229552991948128 -0.0050888297853827445 -0.00975656180726415 0.0083257923247281873 -0.0083663692359261816 0 -0.002443686081493607 -0.0067449839010404571 0 0.011504444032779403 0.016776916323995122 0.0032873688957160232 -0.002841859613467666 0.014893144080142903 -0.0029449828557449927 0.0077552868284574 -0.011607978652896716 0.0040559058155330893 0.0007426875201335196 0.0033746996812445483 0.020817635884483751
leaf_weight=13.961669393349437 9.6066548987291753 27.463843118865043 22.569145045476034 6.3937115939334026 7.8551221305970094 11.866955366451291 4.9193665937054893 6.9123989865183821 7.3660630334634325 5.0849385957699278 5.4267378440126768 54.719149702694267 29.171043798094615 42.531817697687075 34.065462483325973 14.609306135447694 30.598217090824619 9.1909523429349083 10.357653253246099 18.385795846581459 1.8684398960322148 11.822671930072827 30.537902149604633 7.0461883081588885 18.451889900723476 5.2496710829436779 7.0836100024171156 5.6820964885409913 46.067032295744866 22.2839331435971
leaf_count=908 150 2218 1129 357 460 310 127 110 137 175 304 4505 2037 3217 1985 1667 3475 253 482 530 92 413 641 430 428 101 215 497 3281 437
internal_value=9.91391e-05 -0.00090916 -0.000137532 -0.0016697 0.000879643 0.00678997 0.00916994 0.0142249 0 -0.00702943 0.00626214 -0.00439801 -0.00531167 -0.00177193 0.00317255 0.00436847 -0.00195499 0.00844507 0.000585413 0.0122965 -0.00940737 0.00455973 0.00575453 0.00830793 0.0101195 0.00304773 -0.00286474 -0.00868528 0.000216009 0.0177185
internal_weight=529.149 461.109 427.963 299.744 152.319 68.0403 56.1734 34.1157 22.0577 14.6916 53.0847 147.425 141.031 86.3122 128.219 43.7803 99.2344 47.658 20.0812 27.5767 9.72356 114.257 102.435 68.3693 61.3231 30.7852 12.3333 33.1459 68.6362 29.1963
internal_count=31071 29625 26910 21789 10006 1446 1136 674 462 325 2121 11783 11426 6921 5121 3704 7885 1817 1034 783 552 4213 3800 1815 1385 744 316 2715 4410 547
is_linear=0
shrinkage=0.05


Tree=54
num_leaves=31
num_cat=0
split_feature=19 39 39 40 35 19 6 12 10 39 38 38 38 0 35 13 10 41 4 40 41 25 41 36 24 24 37 33 37 39
split_gain=1.1435 1.08272 1.04663 0.842162 0.822177 0.746045 1.08771 0.638889 0.602845 0.596946 0.565759 0.583007 0.537323 0.488555 0.475584 1.28101 0.830723 0.693019 0.500103 0.605068 0.449166 0.428473 0.626036 0.607748 0.578649 0.402696 0.396808 0.431429 0.509532 0.512598
threshold=0.1566666662693024 0.020347160287201408 0.032349301502108581 0.40000000596046453 0.29000002145767217 -0.37666666507720942 0.40333333611488348 0.21666666865348819 -0.3899999856948852 0.018832436762750152 0.11496782302856447 -0.022441387176513668 0.11019897460937501 0.34333333373069769 -0.33666665852069849 -0.46999999880790705 0.030000001192092899 0.039246277883648879 0.23666667938232425 0.7033333182334901 0.046601507812738426 -0.083333343267440782 0.04719978757202626 -0.036666661500930779 -0.16333332657814023 -0.35000000894069666 0.056403636932373054 -0.069999992847442613 0.0067873001098632821 0.016886089928448204
decision_type=2 2 2 2 2 2 2 2 2 2 2 2 2 2 2 2 2 2 2 2 2 2 2 2 2 2 2 2 2 2
left_child=4 9 8 -4 14 6 13 12 25 10 11 20 -7 -6 16 17 -1 -16 19 -18 -2 22 24 -24 -17 -3 27 -23 29 -29
right_child=1 2 3 -5 5 7 -8 -9 -10 -11 -12 -13 -14 -15 15 21 18 -19 -20 -21 -22 26 23 -25 -26 -27 -28 28 -30 -31
leaf_value=-0.0012184610556994189 -0.0049517917487627329 -0.00062990299331238081 -0.017123281070531446 0.00042268505201640476 0.016436736315689624 -0.0068876213760783872 -0.0020174588375919565 0.010092421819888857 0 -0.018730701588465095 0.0068737527515128488 -0.011116241195934051 0.0061732357225464975 0 0 0.0019649880038118159 0.016943234222186205 -0.013965779636272499 -0.00043451043524183968 0 0.0082401419613961132 -0.00012649330766150414 0.0075524492252907957 -0.0026194711689073204 -0.0065787400761460448 0.013276564076906444 -0.0027761839423785981 0 0 0.010985107934053773
leaf_weight=23.221859548706561 7.9291215029079414 2.1360032847151151 8.0509831449016911 7.7683248526882371 25.707760605029762 23.18576257140376 9.7389205293729884 5.6498523810878387 44.521303236717358 9.7359202725347114 2.7093778552953145 20.038597618695352 3.6921616839244953 7.1052038557827464 15.259355065878479 20.084139879094437 14.611836503259843 19.065286650322378 4.0072314881253979 4.4507901342585674 5.5082292975857854 34.897540169768035 25.105532296700403 18.669996017822996 56.367651224136353 11.645411055535076 18.613812618423253 10.455829219659789 29.166073959087953 38.910797874908894
leaf_count=1762 709 168 619 540 374 1112 162 363 4098 903 394 2357 161 95 192 1496 640 274 148 246 402 2527 1539 1082 3607 599 1004 476 1291 1764
internal_value=5.99559e-05 -0.00406118 0 -0.00961439 0.00137426 0.00590239 0.00982818 0 0.00305384 -0.00960059 -0.00423678 -0.00667738 -0.00353394 0.0137565 0.0001928 -0.000519329 0.00463345 -0.00884711 0.0104196 0.0132566 4.40047e-05 0.000696178 -0.00129722 0.00291912 -0.0040514 0.0103201 0.00266978 0.00386736 0.00582087 0.00864513
internal_weight=528.011 120.043 74.122 15.8193 407.967 75.0797 42.5519 32.5278 58.3027 45.9212 36.1853 33.4759 26.8779 32.813 332.888 286.596 46.2917 34.3246 23.0699 19.0626 13.4374 252.271 120.227 43.7755 76.4518 13.7814 132.044 113.43 78.5327 49.3666
internal_count=31104 10789 6024 1159 20315 2267 631 1636 4865 4765 3862 3468 1273 469 18048 15252 2796 466 1034 886 1111 14786 7724 2621 5103 767 7062 6058 3531 2240
is_linear=0
shrinkage=0.05


Tree=55
num_leaves=31
num_cat=0
split_feature=27 25 6 31 18 38 5 24 25 13 37 27 11 24 28 10 37 7 40 41 7 28 29 7 41 33 5 30 8 40
split_gain=1.1424 1.3398 1.05393 0.965345 1.22095 1.12425 0.991749 0.992035 0.888526 0.88492 0.855424 0.758956 0.708212 0.68456 0.686214 0.630962 0.630795 0.605219 0.716425 0.505365 0.497468 0.546381 0.529254 0.488836 0.470381 0.466379 0.46354 0.450563 0.444537 0.410669
threshold=-0.41666667163372034 -0.083333343267440782 -0.2766666561365127 0.44333332777023321 0.083333313465118422 -0.048716068267822259 0.30333334207534796 0.32333332300186163 -0.016666665673255917 -0.3899999856948852 -0.070494174957275377 0.33666664361953741 -0.030000001192092892 0.030000001192092899 0.40833336114883428 0.17000001668930056 0.04525041580200196 0.30333334207534796 0.089999999850988402 0.033144393935799606 0.083333313465118422 0.11000001430511476 -0.20333333313465116 -0.28333333134651179 0.03895267844200135 0.17666667699813846 0.22333335876464847 0.3966666460037232 -0.090000003576278673 0.030000001192092899
decision_type=2 2 2 2 2 2 2 2 2 2 2 2 2 2 2 2 2 2 2 2 2 2 2 2 2 2 2 2 2 2
left_child=1 2 -1 4 6 8 12 9 -5 -8 -3 19 17 14 -12 -15 -4 20 -19 -7 21 22 -2 -23 -14 -22 29 -27 -24 -25
right_child=3 10 16 5 -6 11 7 -9 -10 -11 13 -13 24 15 -16 -17 -18 18 -20 -21 25 23 28 26 -26 27 -28 -29 -30 -31
leaf_value=0.0095520156059956153 -0.0060364979849645943 -0.0028504073823273478 -0.010890528318029512 0.017279498304601605 -0.0059087709097244961 0.0024796949887541716 0.017073596319916767 -0.0034619781958235944 0 0 -0.0022107987891708558 0.008290352582039473 -0.0008751634916403417 0.001824367185262037 0.012188966685732215 0.018923932600008353 0.0026075460062384695 0.0021861791912116137 -0.015453690422090348 -0.011638529265795715 -0.00094955648378575684 0.0013936534254778647 0.0070779452115305218 0.0010285711059242343 0.0074040498272980749 0 0.0016821153898631466 0.013545324774054719 -0.0012992349094138075 -0.011369765882232744
leaf_weight=6.6425930713303378 17.996404180536047 7.7270033028908065 20.806258302414793 16.341063530184332 105.33095535053872 3.2234398566652116 17.074958824086931 10.947457842528818 7.2110653624404213 15.127059511141853 18.158064703457061 4.9284443547949186 22.13781439117156 12.437083997530861 5.6725367275066665 25.022424780763686 6.0908038693014523 3.3142799534834912 11.553213940002022 11.956689110957084 28.282616890734062 9.1539835450239462 24.205046145012602 2.5579806724563232 29.285791119327769 10.731232433114203 4.1084339537192127 8.1626304176170361 21.767606757814065 39.84169494942762
leaf_count=166 1839 192 534 284 10958 238 262 320 218 925 634 238 1943 281 72 505 140 138 512 737 1451 401 1601 111 2398 554 196 134 1350 1748
internal_value=0.000514897 0.00511988 -0.00226721 -0.000593515 -0.00147851 0.00588177 0.000211831 0.00674681 0.0122702 0.0108705 0.00893719 -0.00174339 -0.00103227 0.0109165 0.00214101 0.0148576 -0.00715587 -0.00257597 -0.0108254 -0.00760704 -0.0013457 -0.00311567 0 -0.00647535 0.00368546 0.00251762 -0.00848256 0.00768991 0.00293833 -0.0100705
internal_weight=527.797 102.557 33.5397 425.24 381.579 43.6607 276.248 43.1495 23.5521 32.202 69.0171 20.1086 233.099 61.2901 23.8306 37.4595 26.8971 181.675 14.8675 15.1801 166.808 119.631 63.9691 55.6621 51.4236 47.1765 46.5081 18.8939 45.9727 42.3997
internal_count=31080 2524 840 28556 26841 1715 15883 1507 502 1187 1684 1213 14376 1492 706 786 674 10035 650 975 9385 7246 4790 2456 4341 2139 2055 688 2951 1859
is_linear=0
shrinkage=0.05


Tree=56
num_leaves=31
num_cat=0
split_feature=17 28 40 26 7 38 7 31 28 29 31 24 38 9 20 19 37 40 13 6 24 9 33 19 11 37 29 37 20 29
split_gain=1.28187 1.15267 1.08527 0.941915 0.842583 0.772055 0.593794 0.901301 0.882487 1.30203 0.719696 0.744763 0.633271 0.546896 0.532246 0.530253 0.529434 0.749698 0.624091 0.479 0.433317 0.418982 0.552733 0.400075 0.826152 0.555059 0.479407 0.411481 0.408594 0.404106
threshold=-0.46999999880790705 0.39499998092651373 0.82999998331069957 0.44333332777023321 0.34333333373069769 -0.063383102416992174 0.083333313465118422 0.4499999880790711 0.43500000238418585 0.35000002384185797 -0.023333340883255001 -0.056666672229766839 -0.022851467132568356 -0.036666661500930779 -0.049999997019767754 -0.18333333730697629 -0.031506061553955071 0.063333334401249899 0.030000001192092899 -0.023333340883255001 0.096666663885116591 -1.0000000180025095e-35 -0.33666665852069849 0.12333333492279054 -0.016666665673255917 0.0067873001098632821 0.056666672229766853 -0.11607456207275389 -0.10999999940395354 -0.20333333313465116
decision_type=2 2 2 2 2 2 2 2 2 2 2 2 2 2 2 2 2 2 2 2 2 2 2 2 2 2 2 2 2 2
left_child=1 2 14 4 6 19 7 23 9 13 11 -11 21 15 -1 -8 -6 -18 -19 -5 -10 22 -9 24 26 27 29 -25 -28 -2
right_child=3 -3 -4 5 16 -7 8 12 20 10 -12 -13 -14 -15 -16 -17 17 18 -20 -21 -22 -23 -24 25 -26 -27 28 -29 -30 -31
leaf_value=-0.014333562121814893 -0.0057171991394279796 0.011822063996691105 0.0104808276920527 0.0041063192514938602 0 0.0076997051541641609 0.011098522556085018 0 0.0013488211395491783 0 -0.0021115269685586394 0.019064460914334076 -0.004763646694666379 -0.0028303143360126374 0 0 0.0041869652276367965 -0.019545418962359271 -0.0038998571117728406 -0.0093969255933796965 -0.012957421666561423 0 0.017991770122358999 7.2167156767858761e-05 0.0029366190217304218 0 0 -0.013874928735885828 -0.0097699688239791926 0.0017578121898659102
leaf_weight=7.4990300391800764 21.227061220444739 34.172923435922712 5.8935037516057482 4.1084310496225962 17.182329795556143 44.788515371503308 12.18131021759473 6.5368814712856009 2.4726222092285735 4.9207482647616478 2.9143180097453287 16.909032196039334 4.8386759567074469 50.59297622833401 9.4358082083053869 18.158624412491918 2.79380073910579 13.529010415077208 23.16985248029232 8.7571359621360862 7.6203611877281219 6.4865131815895447 8.4805809534154815 2.2080117014702436 49.044765229336917 18.175753253279254 17.593568511772901 21.451540988869965 41.218107649125159 42.504082625033334
leaf_count=134 2066 430 99 148 1174 1290 463 137 91 236 309 446 403 3563 177 1752 228 499 2437 267 329 135 138 170 4496 1937 757 2227 1683 2876
internal_value=-2.40135e-05 0.00662962 -0.00111877 -0.000957143 -0.00185161 0.00461704 -0.000814751 -0.00226596 0.00194904 0.00360317 0.0123708 0.0152409 0.00533606 0 -0.00793143 0.00501482 -0.00725652 -0.0100817 -0.0121891 -0.00382513 -0.00870297 0.00906102 0.0125411 -0.00343847 -0.00202183 -0.00774377 -0.00424526 -0.0119791 -0.0073335 -0.000651093
internal_weight=526.866 57.0013 22.8283 469.865 412.211 57.6541 355.536 239.766 115.77 105.677 24.7441 21.8298 26.3427 80.9329 16.9348 30.3399 56.675 39.4927 36.6989 12.8656 10.093 21.504 15.0175 213.423 171.588 41.8353 122.543 23.6596 58.8117 63.7311
internal_count=31097 840 410 30257 28552 1705 24214 17025 7189 6769 991 682 813 5778 311 2215 4338 3164 2936 415 420 410 275 16212 11878 4334 7382 2397 2440 4942
is_linear=0
shrinkage=0.05


Tree=57
num_leaves=31
num_cat=0
split_feature=16 38 29 3 41 17 25 12 29 28 41 8 27 3 25 40 41 41 38 7 27 31 38 38 2 40 41 41 6 35
split_gain=0.983795 1.44783 1.14406 0.900255 1.21985 1.35437 0.962972 0.970115 0.913854 1.00032 1.07725 0.818316 1.20658 0.738042 0.723949 0.686198 0.653439 1.33135 0.758244 0.685975 0.633519 0.618568 0.545141 0.540425 0.527066 0.512443 0.48333 0.863498 0.472595 0.444606
threshold=-0.26333332061767573 0.074303150177001967 0.043333351612091071 -0.22333332896232602 0.038634473457932479 -0.13666665554046628 -0.090000003576278673 -0.43000000715255732 0.31000000238418585 0.45499998331069952 0.061374438926577575 0.37000000476837164 -0.030000001192092892 0.11000001430511476 -0.083333343267440782 0.070000000298023238 0.03895267844200135 0.033665614202618606 0.017260551452636722 -0.12333333492279051 -0.016666665673255917 0.043333351612091071 0.03019046783447266 0.33441638946533209 -0.15666666626930234 0.070000000298023238 0.034680554643273361 0.032098621129989631 0.17666667699813846 -0.10333332419395445
decision_type=2 2 2 2 2 2 2 2 2 2 2 2 2 2 2 2 2 2 2 2 2 2 2 2 2 2 2 2 2 2
left_child=3 2 16 11 6 8 24 13 -6 10 14 12 -1 -8 -10 -3 17 25 -19 -18 -7 -21 -4 26 -5 -2 27 -17 -9 -26
right_child=1 15 22 4 5 20 7 28 9 -11 -12 -13 -14 -15 -16 23 19 18 -20 21 -22 -23 -24 -25 29 -27 -28 -29 -30 -31
leaf_value=0.013991733835558401 -0.0052024338050765178 0.0042294321593990495 -0.0081940271311470008 0.0072062424235233005 -0.00012976110122610686 0.0086123348557339101 0 -0.0028222488589105966 -0.0017391571598131201 0.001061982398697841 0.00027086708695686244 -0.0029075041312640847 -0.0024370822381623437 0.01906821093195191 -0.022682221105553884 -0.0097166202346207035 0.0005783071550120477 -0.015342920772375417 0.00045599368906908361 0 -0.0038939386074293755 0.014087006920570064 0.0016242765830909855 0.0028900363205579807 0.00061299497587037014 0.0065338233277218412 -0.016133464137728603 0.010050469387028626 0.0061095141924523292 -0.0092447512404954506
leaf_weight=35.646324743749574 5.2410697338636956 2.1340383454225949 47.897317171795294 5.1367055312730363 42.966680912300944 24.783808060456067 7.6848132829181877 19.047931905603036 9.5481483340263349 9.594156841048969 7.0180885638110331 9.3901192964985949 9.8595658503472787 17.146529398858547 18.77448591589928 7.0124420006759447 54.567951768869534 14.675142656778918 6.8926327470690003 10.206253416603433 7.6899413720238945 20.503533428767696 11.542047343682496 0.99727645609527726 12.967377391178163 29.789266841020435 28.678471009247005 3.2522955306340009 25.017043268075213 16.996336427517235
leaf_count=702 592 294 4948 126 1362 674 122 602 206 148 143 204 423 221 413 876 4019 1445 801 1154 396 1536 1397 99 323 2743 3416 472 703 449
internal_value=0 -0.00233853 -0.000337165 0.00195978 0.000367913 -0.00287584 0.00430188 0.00759593 -0.00612608 -0.0106782 -0.0141617 0.00737826 0.0100776 0.0145988 -0.0178885 -0.0101573 0.00198304 -0.00177287 -0.0103867 0.00470237 0.00485559 0.0100571 -0.00593134 -0.0119221 -0.00172053 0.0036646 -0.0131929 -0.000519347 0.00187372 -0.00489295
internal_weight=522.658 243.39 201.315 279.268 224.372 120.375 103.997 68.8963 87.9016 44.9349 35.3407 54.896 45.5059 24.8313 28.3226 42.0745 141.876 56.5981 21.5678 85.2777 32.4737 30.7098 59.4394 39.9405 35.1004 35.0303 38.9432 10.2647 44.065 29.9637
internal_count=31009 23792 18635 7217 5888 3342 2546 1648 2272 910 762 1329 1125 343 619 5157 12290 5581 2246 6709 1070 2690 6345 4863 898 3335 4764 1348 1305 772
is_linear=0
shrinkage=0.05


Tree=58
num_leaves=31
num_cat=0
split_feature=31 30 4 25 14 37 5 37 25 28 23 5 30 25 35 8 24 29 5 37 37 38 10 30 3 25 40 9 1 11
split_gain=1.12365 0.947321 0.836857 0.807358 1.0186 0.766898 0.748783 1.14918 0.70871 0.575658 0.725199 0.558817 0.758173 0.63486 0.522631 0.48961 0.483106 0.458927 0.454781 0.509134 0.444438 0.504703 0.454143 0.440202 0.429876 0.413667 0.412337 0.517709 0.385097 0.37982
threshold=-0.4433333277702331 0.47500002384185797 0.30333334207534796 0.23000001907348636 -0.4433333277702331 0.04200792312622071 -0.036666661500930779 -0.065113067626953111 0.35666668415069586 0.22333335876464847 0.20999997854232791 -0.19666665792465207 0.29000002145767217 -0.33666665852069849 -0.24999999999999997 -0.096666663885116563 0.25666666030883795 -0.21000000834465024 0.32333332300186163 -0.010817527770996092 -0.015917301177978512 0.091155052185058608 0.043333351612091071 0.38333332538604742 0.43000000715255743 0.056666672229766853 0.17666666954755786 -0.1766666769981384 0.30333334207534796 -0.46999999880790705
decision_type=2 2 2 2 2 2 2 2 2 2 2 2 2 2 2 2 2 2 2 2 2 2 2 2 2 2 2 2 2 2
left_child=3 2 6 4 29 26 7 17 9 -8 18 12 13 -9 -14 -13 -3 -2 19 -11 25 22 -22 -12 -7 -15 -4 -28 -21 -1
right_child=1 16 5 -5 -6 24 8 11 -10 10 23 15 14 20 -16 -17 -18 -19 -20 28 21 -23 -24 -25 -26 -27 27 -29 -30 -31
leaf_value=0.017165479971592634 0.010357687795990229 0.014514961450518435 -0.0018106655327294414 -0.00075797824253796928 -0.0028243309757703086 0.0062735627424232096 0.0057919866298554905 0.0030852545494185414 -0.0064518597762352678 0 0 -0.0016091502577436183 0.013962476824591006 -0.016100095203369056 0 -0.012057087095097202 0 0 0.003747382513745544 -0.01315028497131566 0.0047174839020192646 -0.0089264996174920497 -0.0055487451969352865 0.011732090883505398 -0.0054362982924927965 0 0 -0.014098942468949001 7.7017236379319735e-05 0.0026701421591012096
leaf_weight=20.100278805941343 14.677687281044202 8.4310460649430734 26.165381582221016 22.635417111683637 7.8348788067232809 14.018937353743242 84.375371795147657 18.541500695981085 14.98362080962397 18.626254114089534 22.070225143572319 28.477750484133139 5.5891401555854818 11.289203787688168 9.8445227541960758 30.443385011283681 7.5180040583945802 14.97233625827357 7.3446854790672651 17.026798122562472 24.652926053851843 12.040092402137814 9.6003078657668066 9.3772984908428025 5.577985421055927 9.0943153970874828 5.8293319134972981 29.424359817989171 2.4153082994744173 14.250384325161574
leaf_count=231 774 180 1457 727 505 924 5973 1471 1459 702 1082 2125 173 830 430 1913 303 810 304 783 1971 975 776 196 437 844 486 1937 140 198
internal_value=0 -0.000878917 -0.00140842 0.00587843 0.00960913 -0.00583252 -0.000281953 -0.0024866 0.00195211 0.00308603 0 -0.00426303 -0.00150923 -0.00360523 0.00666711 -0.00800788 0.00913754 0.00548112 -0.0039371 -0.00629536 -0.00591082 -0.00196951 0.000820867 0.00520892 0.00147083 -0.0114309 -0.00845712 -0.0118033 -0.0108938 0.0130629
internal_weight=527.229 462.408 446.459 64.821 42.1855 81.016 365.443 189.223 176.22 161.236 76.8606 159.573 100.652 85.2183 15.4337 58.9211 15.9491 29.65 45.413 38.0684 66.6768 46.2933 34.2532 31.4475 19.5969 20.3835 61.4191 35.2537 19.4421 34.3507
internal_count=31116 29455 28972 1661 934 5241 23731 13092 10639 9180 3207 11508 7470 6867 603 4038 483 1584 1929 1625 5396 3722 2747 1278 1361 1674 3880 2423 923 429
is_linear=0
shrinkage=0.05


Tree=59
num_leaves=31
num_cat=0
split_feature=31 41 6 14 12 20 22 31 23 17 3 13 20 33 26 8 8 16 0 39 38 39 26 4 4 38 25 33 20 22
split_gain=1.4475 1.40365 0.676298 1.05253 0.581141 0.696533 0.502744 0.467057 0.50161 0.678047 0.54946 0.469103 0.451127 0.409167 0.402435 0.443338 0.396558 0.391876 0.366743 0.363535 0.333976 0.302667 0.293957 0.27353 0.528569 0.456453 0.337839 0.516739 0.543839 0.540985
threshold=-0.4433333277702331 0.033144393935799606 0.40333333611488348 -0.43000000715255732 0.41666668653488165 0.35666668415069586 0.38999998569488531 0.48333334922790533 0.2833333313465119 0.24333333969116214 0.22333335876464847 -0.46999999880790705 0.27499997615814215 0.20333331823349002 0.44333332777023321 0.38333332538604742 0.44333332777023321 -0.3899999856948852 -0.31666666269302363 0.0300090815871954 -0.001942634582519531 0.016886089928448204 -0.35000000894069666 -0.32999998331069941 -0.40333333611488337 0.026190280914306644 -0.083333343267440782 0.11000001430511476 -0.24333333969116208 0.18999999761581424
decision_type=2 2 2 2 2 2 2 2 2 2 2 2 2 2 2 2 2 2 2 2 2 2 2 2 2 2 2 2 2 2
left_child=1 6 3 21 5 7 20 8 10 11 23 -10 18 -9 15 19 -4 -13 -12 -7 -1 -3 -20 24 -2 -26 27 28 -25 -30
right_child=4 2 16 -5 -6 14 -8 13 9 -11 12 17 -14 -15 -16 -17 -18 -19 22 -21 -22 -23 -24 26 25 -27 -28 -29 29 -31
leaf_value=-0.013020718537362974 -0.0018256789925396033 0.0020030995882870111 -0.0078859033408354255 -0.0012887645423784063 -0.0082087499137543842 -0.010147572739660896 0.0038488547221533346 0.012922757972369052 -0.0034712610668858682 -0.0040300349479219788 0 0.012394852140019876 0.0025163128878471484 -0.00086391123856950722 0.0016958099598849399 0.0016516691319374836 0.0060498275250451981 0.0021981085212363699 0 0 0 0.019241305608467752 -0.012333122130312128 0.0011853329472641637 0.010870319425993447 -5.3589352714256204e-05 0.00058531505337010444 0.0023696142821884886 -0.0098253206855500406 0.00015904404322918751
leaf_weight=7.2531128493137667 23.036705845734105 8.2308300007134658 4.3461933527141801 6.4082009259145698 23.273675522767007 41.957372893812135 5.8437471126671872 6.9362204039935005 4.8769817743450394 16.187764456961304 6.4679378685541442 19.89954248489812 4.9359389110468319 2.8771570210810751 9.0920299014542234 6.1912825361359856 3.5078635863028467 32.141490905312821 3.0805998705327537 6.4923679041676214 4.7245545447804043 23.864010674878955 23.847299575107172 16.59472397970967 17.576687052613128 8.7240160147193802 105.65163701586425 21.226188238011673 44.798791352193803 11.735344397602601
leaf_count=174 1856 101 162 542 2404 2671 113 210 67 1266 404 393 242 124 227 398 148 2237 231 424 122 293 1379 1076 1092 678 6787 1255 3176 805
internal_value=-0.000233843 0.00640267 0.0107544 0.0131932 -0.00128936 -0.000754999 -0.00372518 4.04415e-05 -0.000257026 0.00319428 -0.00126656 0.00583463 -0.00642427 0.00850562 -0.00534434 -0.00697994 0 0.00740614 -0.00856226 -0.00860255 -0.00886233 0.0164885 -0.0107498 -0.000243433 0.00275556 0.00713598 -0.00116329 -0.00328828 -0.00530162 -0.00753658
internal_weight=521.78 64.1785 46.3571 38.503 457.602 434.328 17.8214 370.595 360.782 73.1058 287.676 56.918 38.3318 9.81338 63.7331 54.641 7.85406 52.041 33.3958 48.4497 11.9777 32.0948 26.9279 249.344 49.3374 26.3007 200.007 94.355 73.1289 56.5341
internal_count=31057 1655 1246 936 29402 26998 409 23278 22944 3963 18981 2697 2256 334 3720 3493 310 2630 2014 3095 296 394 1610 16725 3626 1770 13099 6312 5057 3981
is_linear=0
shrinkage=0.05


Tree=60
num_leaves=31
num_cat=0
split_feature=30 4 27 41 39 29 23 13 40 30 32 41 36 37 41 15 7 31 36 37 37 32 7 31 31 41 22 40 16 9
split_gain=1.13592 1.0392 1.04003 1.23456 1.62998 1.29011 0.898795 0.862856 0.810581 0.977435 0.728427 0.722209 0.640427 0.607103 0.661929 0.618142 0.549182 0.546989 0.50644 1.04638 0.864601 0.735282 0.495278 0.48816 0.485943 0.482805 0.465333 0.424267 0.41727 0.403272
threshold=0.47500002384185797 0.30333334207534796 -0.20333333313465116 0.046853924170136459 0.028816987760365013 0.33666664361953741 0.47666668891906744 -0.36333334445953364 0.67000001668930065 0.20333331823349002 -0.17000000178813932 0.031793767586350448 0.27666664123535162 0.04200792312622071 0.034343818202614791 -0.36333334445953364 -0.15666666626930234 0.056666672229766853 -1.0000000180025095e-35 0.011377334594726564 0.009663581848144533 -0.29666668176650995 0.21666666865348819 0.45666664838790899 -0.04333332180976867 0.062508659437298789 -0.30333334207534784 0.92333334684371959 -0.090000003576278673 -0.030000001192092892
decision_type=2 2 2 2 2 2 2 2 2 2 2 2 2 2 2 2 2 2 2 2 2 2 2 2 2 2 2 2 2 2
left_child=1 2 3 4 5 -1 11 -6 9 16 -11 -2 13 14 29 -16 -5 22 20 -20 23 -22 -10 24 -4 -12 -13 -23 -21 -3
right_child=6 12 18 8 7 -7 -8 -9 17 10 25 26 -14 -15 15 -17 -18 -19 19 28 21 27 -24 -25 -26 -27 -28 -29 -30 -31
leaf_value=0.0036894378956183285 -0.00012986601837432866 0.0053522531536991528 0 -0.0047927836109352487 -0.016073533536050986 0.016654236617182835 -0.0028094347170315895 0.0015559011450576685 0.011911785222482261 0.00071654238578920735 -0.019873475842755745 0 0.00063531014200629598 0 -0.021494099094614361 -0.0042779410123606485 0.0077303706286313383 -0.0040494864363447873 0 -0.014073478811651476 -0.0029503650310423223 0.010717975827601972 -0.0017840885154964637 0.0047387823846161701 -0.0081523282592226836 0 0.018668194933827233 -0.0002916656486675829 -0.0017511280425674095 -0.0059737254822151056
leaf_weight=61.709403853630647 5.970908954273912 6.5996321486309197 26.657289808383211 10.829056804068388 5.0590664711780837 32.466514955973253 8.6808436282444728 10.665822005830703 15.147494247881701 4.4844215176999596 11.809680555248635 6.0202269190922406 26.108241842128336 16.19001881335862 12.228562253061684 19.366896435851231 10.877924190368502 5.8115583057515314 56.555767784127966 21.46521646855399 12.428813004400579 31.219815511722118 3.4604635878931722 9.4210983868688327 35.044128059642389 4.3984633360523722 16.439140029950067 5.481259411899372 18.818830595351756 12.503027697559444
leaf_count=3244 118 418 1869 501 110 592 235 532 439 119 340 96 1467 1107 347 1709 566 421 4603 1278 1201 2413 101 223 3352 137 329 411 2233 620
internal_value=0.000125447 -0.000509282 0.0005769 0.00341179 0.0065885 0.00913832 0.00794355 -0.00583791 -0.00158213 -0.00573156 -0.0122588 0.0118704 -0.00511766 -0.00757365 -0.0100254 -0.0139731 0.000895608 0.00451011 -0.00164843 -0.00424916 0.000350348 0.00528208 0.00853489 -0.00287813 -0.00472731 -0.0161982 0.0152939 0.00867829 -0.00983043 -0.000720863
internal_weight=523.92 486.808 393.812 176.72 109.901 94.1759 37.1111 15.7249 66.8191 42.3995 20.6926 28.4303 92.9964 66.8881 50.6981 31.5955 21.707 24.4195 217.092 96.8398 120.252 49.1299 18.608 71.1225 61.7014 16.2081 22.4594 36.7011 40.284 19.1027
internal_count=31131 30353 24685 7102 4478 3836 778 642 2624 1663 596 543 5668 4201 3094 2056 1067 961 17583 8114 9469 4025 540 5444 5221 477 425 2824 3511 1038
is_linear=0
shrinkage=0.05


Tree=61
num_leaves=31
num_cat=0
split_feature=4 30 31 37 37 38 5 40 5 0 38 40 36 25 38 13 11 9 31 6 38 8 8 26 38 30 8 38 2 15
split_gain=1.12323 1.48222 1.11976 0.685714 2.56462 1.13107 1.04963 0.998205 0.84918 0.687277 0.546567 0.75592 0.607271 0.670332 0.539872 0.517994 0.560625 0.599622 0.449851 0.49895 0.447994 0.404449 0.371375 0.361548 0.39222 0.388343 0.358237 0.345548 0.356266 0.34343
threshold=0.44333332777023321 0.38333332538604742 0.48333334922790533 0.04525041580200196 0.009663581848144533 -0.013042449951171873 0.29000002145767217 0.47666665911674505 -0.21000000834465024 -0.25666666030883784 -0.040988445281982415 0.10333333536982538 0.26333332061767584 0.35000002384185797 0.03019046783447266 0.35000002384185797 0.23000001907348636 0.056666672229766853 -0.4433333277702331 -0.26999998092651362 0.03821611404418946 0.1566666662693024 -0.023333340883255001 0.42333334684371954 -0.033853530883789056 0.083333313465118422 -0.076666668057441698 0.12839555740356448 0.38999998569488531 -0.32999998331069941
decision_type=2 2 2 2 2 2 2 2 2 2 2 2 2 2 2 2 2 2 2 2 2 2 2 2 2 2 2 2 2 2
left_child=1 2 15 4 5 10 8 -5 -6 -7 12 -12 -3 -14 22 16 18 20 19 -1 -18 -4 -2 24 -20 -25 -27 28 -26 -29
right_child=14 3 21 7 6 9 -8 -9 -10 -11 11 -13 13 -15 -16 -17 17 -19 23 -21 -22 -23 -24 25 27 26 -28 29 -30 -31
leaf_value=-0.0030496435777892473 0 -0.0028658778464925139 0.014466613357377251 -4.7575685248522013e-05 0 0 0.0024371806651270964 0.017733507754219845 -0.02013004858343936 0.017959116293592731 0.0045400554109596078 -0.013316312945262573 0.01375309100781689 -0.0018367500426541067 0 -0.0071509214474047497 0.010469443844357482 -0.0023099668267950076 0 0.011043564764998154 0 0 -0.015437915446788112 -0.004407214407782245 -0.0060246887374154588 0.011940162701806976 0 0.0066605761382052256 0.0032321635421891301 -0.003108454328392097
leaf_weight=3.7470565626863381 2.0455085781868592 8.3118684822693485 9.742716894252224 7.8455686108209219 7.0175624962430474 4.4295931907836374 9.4237859921995533 16.949184910859913 11.338836022419857 22.818978152470663 4.3635658295825106 6.3025980610400438 15.096744686830791 4.5882792039774349 8.5865846786182356 30.193525020033121 24.092849137028679 17.326006382936612 90.187196844955906 8.3994340468198043 9.0112932566553336 4.4362294573802492 14.155594003386796 7.8106501754373303 122.07288469723426 6.3689274848438826 19.834546689642593 8.5835702074691671 4.0068704816512755 15.950733240460975
leaf_count=185 148 171 292 185 134 117 273 415 296 516 87 173 324 207 697 3124 1746 1616 6134 260 868 217 1009 354 8788 156 638 248 280 1452
internal_value=0.000156122 0.000763957 -0.00071279 0.0055279 0.00282709 0.00820203 -0.00837719 0.0123823 -0.0141882 0.0150958 0.00140849 -0.00550661 0.00528523 0.00956579 -0.00905711 -0.00138136 -0.00067631 0.00377433 -0.00160507 0.00574745 0.00746388 0.0106379 -0.0132118 -0.00213493 -0.0028599 0.00203193 0.00519114 -0.00437606 -0.00540776 0.000127795
internal_weight=525.039 500.251 381.764 118.487 93.6918 65.9116 27.7802 24.7948 18.3564 27.2486 38.6631 10.6662 27.9969 19.685 24.7877 367.586 337.392 50.4301 286.962 12.1465 33.1041 14.1789 16.2011 274.815 240.801 34.0141 26.2035 150.614 126.08 24.5343
internal_count=31110 29256 26358 2898 2298 1595 703 600 430 633 962 260 702 531 1854 25849 22725 4230 18495 445 2614 509 1157 18050 16902 1148 794 10768 9068 1700
is_linear=0
shrinkage=0.05


Tree=62
num_leaves=31
num_cat=0
split_feature=27 9 30 37 37 13 16 0 26 4 16 11 13 9 31 27 38 5 33 22 4 0 38 4 39 38 1 9 35 16
split_gain=1.29045 0.665374 1.26336 1.0051 1.7202 1.3307 0.866303 0.836313 0.687321 0.927307 0.940051 0.910272 0.628802 0.583169 0.491963 1.23139 0.594905 0.583362 0.557537 0.5751 0.506203 0.47972 0.614677 0.614401 0.467328 0.467005 0.365289 0.359642 0.321587 0.316822
threshold=-0.17000000178813932 0.21666666865348819 0.3966666460037232 0.0081372261047363299 0.04525041580200196 -0.12333333492279051 -0.236666664481163 -0.23166665434837339 0.16333335638046267 0.056666672229766853 -0.26999998092651362 -0.3899999856948852 -0.46999999880790705 0.32999998331069952 0.42333334684371954 -0.056666672229766839 0.18432664871215823 -0.04333332180976867 -0.04333332180976867 0.05500000715255738 0.40333333611488348 0.20999997854232791 -0.001942634582519531 -0.31666666269302363 0.024153697304427627 -0.0075545310974121085 -0.40333333611488337 -0.26333332061767573 -0.31000000238418574 -0.096666663885116563
decision_type=2 2 2 2 2 2 2 2 2 2 2 2 2 2 2 2 2 2 2 2 2 2 2 2 2 2 2 2 2 2
left_child=1 2 12 8 5 7 13 -5 -3 10 -10 -11 -1 -6 16 -16 -2 -18 19 27 -20 23 -23 26 -13 -4 -14 28 -17 -19
right_child=14 3 25 4 6 -7 -8 -9 9 11 -12 24 21 -15 15 18 17 29 20 -21 -22 22 -24 -25 -26 -27 -28 -29 -30 -31
leaf_value=-0.0091581434229512527 -0.0043708782472501751 0.013102909741523117 0 0 -0.00055211391548421493 0.0021308915880077707 -0.008662259537017868 -0.024616285572165938 0.014122345850854418 -0.011938196901096168 -0.003712634288970125 0.0065614108529429118 -0.00067948958551923913 0.013989184180519844 -0.012373674850492926 0.014464170222687422 -0.0039633361964736 0.015150095914964287 0.014320513937816765 -0.0080236636331553167 -0.00070956894730115879 0.012675771388048483 0 -0.0010995082645992771 -0.0052309765146410139 0.0166543709344356 0.011892430335332705 -0.0020666571146622948 0 0
leaf_weight=5.4028533156961194 205.65964831644669 7.8002564320340744 7.9093834888190058 5.1512002714443978 5.9573806507978651 5.6849839298520228 3.7399612704757592 12.624354016035797 13.109577632974835 14.290272733196614 5.7940657390281549 14.965439904481174 2.6593556371517471 10.21922480361536 5.5146543071605256 4.6681495443917802 3.8355360256973654 5.0241426206193864 14.034308521309869 7.5010813039261839 2.9055144651792935 17.326609207782894 16.19020362989977 79.190335769671947 6.5977990562096229 18.745640894165263 10.736795172095297 3.3014324884861734 4.2733396915718904 1.7216129114385674
leaf_count=116 18683 130 104 101 124 446 400 272 264 271 554 559 151 164 297 112 319 191 469 264 176 798 801 3843 246 242 561 140 130 216
internal_value=-0.000155324 0.00222721 0.00424555 -0.000628903 -0.00621218 -0.014177 0.00331532 -0.0196656 0.00308272 9.08504e-05 0.00807452 -0.00407529 0.00175024 0.00880621 -0.00267983 0.00169341 -0.00366842 0.00511816 0.0058359 0 0.0111414 0.00280158 0.00748057 0.000501993 0.00169298 0.0132073 0.00866962 0.00558266 0.00977593 0.0116782
internal_weight=522.535 264.096 158.161 105.935 43.3771 23.4605 19.9166 17.7756 62.5574 54.7572 18.9036 35.8535 131.506 16.1766 258.439 42.1985 216.241 10.5813 36.6838 19.744 16.9398 126.103 33.5168 92.5865 21.5632 26.655 13.3962 12.2429 8.94149 6.74576
internal_count=31144 10147 6616 3531 1507 819 688 373 2024 1894 818 1076 6270 288 20997 1588 19409 726 1291 646 645 6154 1599 4555 805 346 712 382 242 407
is_linear=0
shrinkage=0.05


Tree=63
num_leaves=31
num_cat=0
split_feature=29 0 22 18 17 31 38 29 38 40 39 40 33 24 38 40 14 16 13 0 33 38 30 39 16 39 31 40 29 14
split_gain=0.755873 1.06813 0.751512 0.552596 0.586347 0.476018 1.17136 1.00238 1.44524 0.922729 0.829507 0.804923 0.76916 0.743233 0.781389 0.743147 0.908904 0.709146 0.705626 0.666686 0.786481 0.662438 0.706367 0.653633 0.583862 0.905426 0.563981 0.558852 0.553261 0.590108
threshold=0.47500002384185797 0.46333330869674688 -0.17000000178813932 -0.48333333432674402 -0.12999999523162839 -0.28333333134651179 0.074303150177001967 0.069999992847442641 0.074303150177001967 0.076666664332151427 0.017564586363732818 0.47666665911674505 -0.25666666030883784 1.0000000180025095e-35 -0.092090606689453111 0.47666665911674505 -0.46999999880790705 -0.33666665852069849 -0.48333333432674402 -0.23166665434837339 -0.0099999904632568342 0.23526144027709964 0.41000002622604376 0.022856572642922405 -0.11666667461395262 0.0129718822427094 -0.17000000178813932 0.056666666641831405 0.31666666269302374 -0.32999998331069941
decision_type=2 2 2 2 2 2 2 2 2 2 2 2 2 2 2 2 2 2 2 2 2 2 2 2 2 2 2 2 2 2
left_child=1 5 -2 -4 -5 6 13 8 9 -7 11 -10 -11 14 -1 16 -8 -17 -15 -20 -21 22 28 -24 25 -16 -12 -27 29 -9
right_child=2 -3 3 4 -6 7 15 21 10 12 26 -13 -14 18 24 17 -18 -19 19 20 -22 -23 23 -25 -26 27 -28 -29 -30 -31
leaf_value=0.004623357251554357 -0.0045111767554110822 -0.012211008655977266 0.017582773164187254 -0.006083085006508563 0.0088161845944987431 -0.0038434874355794731 -0.011343196907897871 0.00073762484490801279 0.013356099932282676 0 0 -0.0060635829385022842 0.00808715775347346 -0.0066677395686797775 0.0046844355768400556 0.017141256943816106 0.0073431092599166763 -0.00017256211860738435 -0.0017640390150825309 -0.0014618741858246893 0.011712309489495365 0.0075028449577843595 0.0081115936622806386 -0.0071517277278022777 0.0016323975225132183 0 -0.015539882908664199 -0.015191625960846064 -0.012440471808438186 -0.0068040481802295882
leaf_weight=10.482581465737892 4.4692130899056819 12.705986182671039 9.533367363736037 6.2105768406763699 7.2495728323701707 27.886389773571864 4.568878758698701 34.585314237279817 3.422906743828209 46.935789014911279 4.0419852393679347 5.1111018729861826 77.671601643320173 8.4395634625107032 3.4094641967676571 18.926143230404705 10.920646712649612 3.9744187805335995 16.563332891790196 9.8979170406237227 32.61280446103774 4.4135123218875369 13.477028385503219 4.0212071556597939 7.4718768154270938 3.8897456303238895 16.964113214984536 27.346114333719015 28.99029119219631 53.492398893926293
leaf_count=536 113 1031 106 116 386 2165 56 1130 411 3926 266 566 5659 108 79 351 494 405 753 374 902 189 581 216 906 113 1827 831 1828 4660
internal_value=0 -0.000488516 0.00727448 0.010887 0.000900954 0 0.00216297 -0.00113386 0.00119611 0.00331637 -0.00775786 0.00230358 0.00521307 -0.00019104 -0.00455659 0.00912162 0 0.0138594 0.00296438 0.00521255 0.00832815 -0.00428126 -0.00514937 0.00260959 -0.00765257 -0.0102155 -0.0123748 -0.013006 -0.00658293 -0.00371876
internal_weight=519.686 492.223 27.4627 22.9935 13.4601 479.517 158.503 321.014 182.034 152.494 29.5401 8.53401 124.607 120.113 52.5998 38.3901 15.4895 22.9006 67.5136 59.0741 42.5107 138.98 134.566 17.4982 42.1172 34.6453 21.0061 31.2359 117.068 88.0777
internal_count=31084 30363 721 608 502 29332 5908 23424 14820 11750 3070 977 9585 4602 2465 1306 550 756 2137 2029 1276 8604 8415 797 1929 1023 2093 944 7618 5790
is_linear=0
shrinkage=0.05


Tree=64
num_leaves=31
num_cat=0
split_feature=30 26 7 3 4 21 5 38 32 6 39 31 38 31 29 5 17 11 36 8 7 39 30 31 4 17 31 19 40 8
split_gain=1.12872 0.799301 0.814943 0.699762 0.677412 0.757201 0.773506 0.652517 0.580404 0.803675 1.11702 0.806848 0.630223 0.693543 0.519347 0.66767 0.57634 0.518383 0.622141 0.482755 0.608722 0.464067 0.438062 0.400365 0.392682 0.369581 0.345377 0.352627 0.328267 0.331433
threshold=0.45499998331069952 0.44333332777023321 0.32333332300186163 0.069999992847442641 0.41000002622604376 0.46333330869674688 -0.056666672229766839 -0.060033798217773431 0.083333313465118422 0.056666672229766853 0.017564586363732818 -0.04333332180976867 0.087198257446289076 -0.28333333134651179 0.24333333969116214 0.096666663885116591 0.21666666865348819 0.26333332061767584 -0.43000000715255732 0.25000000000000006 -0.46999999880790705 0.029205097816884521 0.083333313465118422 -0.32999998331069941 -0.29666668176650995 -0.43000000715255732 -0.36333334445953364 0.12333333492279054 0.87666666507720958 0.19666665792465213
decision_type=2 2 2 2 2 2 2 2 2 2 2 2 2 2 2 2 2 2 2 2 2 2 2 2 2 2 2 2 2 2
left_child=1 2 8 22 5 6 -2 -5 12 10 -10 14 17 -14 -11 -16 -17 21 -19 20 -20 28 -3 -9 -13 -15 -23 -28 29 -1
right_child=4 3 -4 7 -6 -7 -8 23 9 11 -12 24 13 25 15 16 -18 18 19 -21 -22 26 -24 -25 -26 -27 27 -29 -30 -31
leaf_value=-0.0052587713830451422 0 0 -0.0070284566923102271 -0.01131177099696918 -0.0011628019001988154 -0.0014816193389986688 0.015189485846998495 0.0097348496299599283 -0.0049599768461773396 -0.0012945458669983124 0.015869979973870334 0.0032980671729612894 0.0013130618413906732 0.00087301265799861029 -0.0030165602855379723 0.011881608777824028 -0.0018353449605011216 -0.0042416751548007966 -0.0030055714579680566 -0.0017415303966029157 0.013564307271069678 -0.004191904466465936 0.012079521676824977 -0.00092284489945321105 -0.007022245929288482 -0.012117001574441323 0.0091541836350479168 -0.0015518573910523457 0.001491901026444344 0.0010469657877344907
leaf_weight=97.575636585708708 9.8969918936490959 5.3667400898411897 48.982618528185412 4.7890172097831991 15.650059158680959 8.4194213252048922 29.644595021381978 7.0845665428787514 3.7589359704870757 24.493005007971078 14.692095459438859 4.4268915548454961 11.1847235141322 1.5218023492489035 7.4305711621418586 30.217019366566092 4.134699558839201 7.3468855139799407 1.7897190288640583 4.0556972818449131 19.841710760025311 3.2136030015535679 22.950958581408486 14.243802597746249 34.038769742008299 28.100301652448252 17.2147545744665 3.9852499989792696 22.094067875994369 16.107308606151491
leaf_count=7020 136 242 4196 177 627 121 551 101 191 1724 514 373 495 63 310 913 242 489 110 362 1341 125 600 494 3120 2617 1081 307 1510 990
internal_value=0.000337997 -0.000502444 -0.0013314 0.00478782 0.00630194 0.0090595 0.0117524 -0.000415616 -0.000378198 0.0022442 0.0104282 8.98815e-05 -0.00188435 -0.00713704 0.00355207 0.00672219 0.00958363 -0.000468018 0.00455979 0.0081926 0.0109336 -0.00178246 0.00954902 0.00306255 -0.00498752 -0.0107132 0.00356399 0.00632413 -0.00303026 -0.00414875
internal_weight=524.252 460.641 406.206 54.4351 63.6111 47.961 39.5416 26.1174 357.223 123.192 18.451 104.741 234.031 40.8068 66.2753 41.7823 34.3517 193.225 33.034 25.6871 21.6314 160.191 28.3177 21.3284 38.4657 29.6221 24.4136 21.2 135.777 113.683
internal_count=31142 29707 28093 1614 1435 808 687 772 23897 7387 705 6682 16510 3175 3189 1465 1155 13335 2302 1813 1451 11033 842 595 3493 2680 1513 1388 9520 8010
is_linear=0
shrinkage=0.05


Tree=65
num_leaves=31
num_cat=0
split_feature=4 28 24 25 31 5 21 23 6 38 41 4 3 3 25 37 15 32 29 22 36 19 0 20 38 38 19 25 19 20
split_gain=0.806852 1.23046 0.565209 0.553571 0.495895 0.646831 0.568232 0.622018 0.60403 0.804863 0.700263 0.634267 0.522658 0.552024 0.507024 0.487179 0.5268 0.642709 1.2753 0.664529 0.624825 0.628555 0.562983 0.516785 0.48494 0.457475 0.418775 0.428169 0.411819 0.398511
threshold=0.41000002622604376 0.44166666269302374 0.23666667938232425 0.11000001430511476 0.48333334922790533 -0.0083333253860473615 0.46333330869674688 0.3966666460037232 0.056666672229766853 0.11019897460937501 0.026133484207093719 -0.090000003576278673 -0.32333332300186152 0.31666666269302374 -0.1766666769981384 -0.070494174957275377 0.22333335876464847 0.13666665554046634 0.37666666507720953 -0.37666666507720942 -0.0099999904632568342 -0.15666666626930234 -0.21666666865348813 -0.33666665852069849 -0.0075545310974121085 -0.038792133331298821 0.41666668653488165 -0.4433333277702331 -0.22333332896232602 -0.15666666626930234
decision_type=2 2 2 2 2 2 2 2 2 2 2 2 2 2 2 2 2 2 2 2 2 2 2 2 2 2 2 2 2 2
left_child=1 4 -3 -4 5 15 7 8 11 10 -10 -7 -12 -14 -6 -1 17 18 19 28 -19 29 -21 -18 -2 -13 27 -25 -17 -22
right_child=24 2 3 -5 14 6 -8 -9 9 -11 12 25 13 -15 -16 16 23 20 -20 22 21 -23 -24 26 -26 -27 -28 -29 -30 -31
leaf_value=0.0025541437471967837 -0.010889557970131733 0.013207897531078015 -0.0082362083172055397 0.0070211639503182689 0.013130652449287988 0.011194956525706685 -0.0082188320790480534 0.009545286450533208 0.0077357397682181299 0.0073889693213187438 0.0029845651000293873 0.0064901401924665203 -0.0075037366576586259 0.0013929285936301536 -0.00056774545234778253 -0.015387232238927177 0 0.0015419707603815805 0.012849507955195856 0.0061773773941342517 0 0 -0.0022728042357095905 0 0 -0.0025353527077399919 0 -0.014384812917424923 0 -0.022652973877617718
leaf_weight=28.366520821815357 21.213043473428115 19.607113636564467 4.9895066688768548 6.9512087672483176 7.3706142939627171 17.806287756189704 8.5694911861792189 17.710875105345622 6.6851369403302661 15.558815661584957 12.745208412874488 15.787087969249113 73.89665023679845 14.487841934897004 6.4032841541338694 7.4945452818647027 9.0392727244179678 5.3452145182527628 10.223295570584012 18.783950119744986 4.3269812015350908 5.4088101431261721 84.7890489785932 2.6488134339451781 21.360118902754039 30.75138237583451 4.4956837359350166 26.978478609118614 4.211842709919436 6.1292668944224715
leaf_count=1543 1358 378 125 150 198 1121 367 883 375 1094 900 961 4067 801 309 293 885 273 175 1229 98 518 5720 237 1527 1825 485 2592 452 150
internal_value=-0.000275148 0.000295839 0.00901881 0 -0.000377378 -0.000773784 0.00108502 0.0018136 0.000682027 -0.00121827 -0.00300409 0.00447416 -0.0043409 -0.00578469 0.0072582 -0.0026882 -0.00365327 -0.00183914 -0.000118624 -0.00205361 -0.00882982 -0.0129319 -0.000257782 -0.00833411 -0.00644022 0.000442029 -0.0108308 -0.012708 -0.011059 -0.0178238
internal_weight=520.135 477.562 31.5478 11.9407 446.014 432.241 213.999 205.429 187.718 123.374 107.815 64.3448 101.13 88.3845 13.7739 218.242 189.875 146.713 125.503 115.279 21.2103 15.8651 103.573 43.1622 42.5732 46.5385 34.123 29.6273 11.7064 10.4562
internal_count=31089 28204 653 275 27551 27044 12394 12027 11144 7237 6143 3907 5768 4868 507 14650 13107 8908 7869 7694 1039 766 6949 4199 2885 2786 3314 2829 745 248
is_linear=0
shrinkage=0.05


Tree=66
num_leaves=31
num_cat=0
split_feature=12 30 4 5 39 25 38 37 22 25 38 14 33 11 20 21 33 31 31 1 15 39 5 37 39 33 27 26 41 8
split_gain=0.730719 0.591029 0.884801 0.812595 0.697189 0.760648 0.616146 0.597626 0.588251 0.714346 0.425759 0.600873 0.650685 0.538093 0.506471 0.586283 0.405002 0.796837 0.657882 0.56863 0.77117 0.492189 0.404153 0.44187 0.40993 0.648786 0.440043 0.36477 0.414131 0.349565
threshold=0.43000000715255743 0.47500002384185797 0.31000000238418585 0.2833333313465119 0.015892331488430503 0.34333333373069769 -0.092090606689453111 0.047869682312011726 -0.35000000894069666 0.27666664123535162 -0.033853530883789056 -0.48333333432674402 0.37666666507720953 -0.45666666328907007 0.29000002145767217 1.0000000180025095e-35 0.2833333313465119 -0.4433333277702331 0.48333334922790533 0.068333327770233168 -0.40333333611488337 0.022249293513596061 -1.0000000180025095e-35 -0.065113067626953111 0.015892331488430503 -0.090000003576278673 -0.236666664481163 -0.0099999904632568342 0.073804967105388655 0.37000000476837164
decision_type=2 2 2 2 2 2 2 2 2 2 2 2 2 2 2 2 2 2 2 2 2 2 2 2 2 2 2 2 2 2
left_child=1 2 3 16 -5 6 -6 10 -3 -10 13 -12 -13 -4 15 -15 17 -1 22 20 -18 -21 23 -19 -25 26 -26 -24 -29 -17
right_child=-2 8 7 4 5 -7 -8 -9 9 -11 11 12 -14 14 -16 29 19 18 -20 21 -22 -23 27 24 25 -27 -28 28 -30 -31
leaf_value=0.011009217329729287 -0.0077450908062168039 -0.0032756718977876536 -0.0112291316230438 -0.002981720523958883 0 -0.00099814244759632918 0.016839273930144904 0.0029307521696746593 0.013985537109610445 0 0.0036120708669938441 -0.01469257948004128 0 -0.0024515717907979823 -0.0051936320221209909 0.014542932570382951 -0.016715070174614009 0.0032706029501227427 0.010845528831855454 0.0084188303873005393 -1.5480387527286239e-05 -0.0045473803162763941 -0.0013348219518691294 0.0014690537535320776 0.0044990038129015236 -0.0085193859134385704 -0.0033734095658466239 0.0056054590207768422 -0.0041677926720695034 0
leaf_weight=12.645762025844304 21.014634791295975 5.6379509200341991 3.6802894952707019 7.2917953219730398 7.8747564635705229 7.5792197424452743 20.799551531672478 13.965692108264191 18.695072907721627 9.9080390266608429 2.1174948439002028 26.82448572316207 7.9203741413075468 5.3962741864379558 6.9904985120519987 9.7104912681970728 8.2944491198286432 26.23788629588671 7.9602111205458632 9.2279392422642541 19.526478695916012 6.3133482313714913 37.165055002318695 29.681251632981002 19.170834643300623 47.288263391004875 48.322967757936567 61.87597222905606 5.3838035492226473 2.2268977079074821
leaf_count=366 2275 92 88 410 332 555 953 861 278 248 25 1659 431 355 442 489 169 1416 208 522 1558 411 2996 2206 1041 3003 4246 2985 234 115
internal_value=0.000196859 0.000671967 0.00010843 0.00116819 0.00716857 0.0099353 0.0132189 -0.00445958 0.00649701 0.00937975 -0.0065169 -0.00973598 -0.0115752 -0.000574173 0.00211636 0.00671325 0.000213959 0.000964286 0.000209905 -0.00389204 -0.00781551 0.00219151 -0.000233793 -0.00178911 -0.002968 -0.00433834 -0.000612432 0.00204133 0.00420464 0.0116842
internal_weight=516.728 495.713 461.472 382.64 43.5453 36.2535 28.6743 78.8325 34.2411 28.6031 64.8668 36.8624 34.7449 28.0045 24.3242 17.3337 339.094 295.732 283.086 43.3622 27.8209 15.5413 275.126 170.701 144.463 114.782 67.4938 104.425 67.2598 11.9374
internal_count=30969 28694 28076 23611 2250 1840 1285 4465 618 526 3604 2115 2090 1489 1401 959 21361 18701 18335 2660 1727 933 18127 11912 10496 8290 5287 6215 3219 604
is_linear=0
shrinkage=0.05


Tree=67
num_leaves=31
num_cat=0
split_feature=31 41 31 9 13 8 31 32 8 32 37 7 7 20 9 23 3 27 18 21 32 15 10 0 22 16 36 33 27 29
split_gain=0.730955 1.17768 0.715217 0.809888 0.740381 0.76211 0.672085 1.28051 0.670211 0.885403 0.863538 0.783133 0.592912 0.45614 0.43855 0.334872 0.780557 0.573257 0.495921 0.461716 0.455173 0.486767 0.479751 0.397913 0.405586 0.406603 0.385139 0.385959 0.37679 0.372277
threshold=-0.4433333277702331 0.033144393935799606 0.47666668891906744 0.13666665554046634 0.34333333373069769 0.38333332538604742 -0.41666667163372034 0.096666663885116591 0.37666666507720953 -0.26333332061767573 0.011377334594726564 0.32999998331069952 0.41000002622604376 -0.2766666561365127 0.25666666030883795 0.37000000476837164 0.25666666030883795 -0.12999999523162839 -0.016666665673255917 0.45666664838790899 0.32333332300186163 -0.43000000715255732 0.34333333373069769 -0.21000000834465024 -0.076666668057441698 0.14999997615814212 -0.14333333075046537 -0.063333332538604722 0.22333335876464847 0.31666666269302374
decision_type=2 2 2 2 2 2 2 2 2 2 2 2 2 2 2 2 2 2 2 2 2 2 2 2 2 2 2 2 2 2
left_child=1 14 4 13 5 6 7 -2 9 -3 -10 -11 -7 -4 -1 16 20 18 19 -17 21 22 -8 24 25 29 27 -18 -28 -23
right_child=2 8 3 -5 -6 12 15 -9 10 11 -12 -13 -14 -15 -16 17 26 -19 -20 -21 -22 23 -24 -25 -26 -27 28 -29 -30 -31
leaf_value=0.0021346433572439084 0.0027706691011612234 -0.0021573468477642855 0 -0.0027975881852257615 -0.0073193621434749813 0.010637340414762098 -0.0097294517682694516 -0.019139700826042681 0.0082270655437804759 0.019630343660515304 -0.0092464906093626033 0 -0.0011040883669893415 0.016340243074555387 -0.0096450752333526232 0.014304928614946281 -0.0051559499469677507 -0.002208297636419377 -0.0011476655874428385 0 0.0073156819824070204 0.0089717006637045123 0.0024775793764930431 -0.0010315049215742034 -0.0057826512466466863 -0.00024661356382836054 -0.012080753728146145 0.0066226894638793223 0 -0.0018862876181722369
leaf_weight=7.1247319499962058 7.1066275043413025 3.849861120106655 3.7442046054638931 7.3914861604571334 36.674238668289036 20.600059740245346 19.640687944833193 7.9448512315284461 9.8690444529056567 20.076984352897856 6.6875418415293089 4.776793328812345 10.525159860728307 10.826968474313617 9.7121649174950999 14.688212674576794 11.017940903082492 17.80422240565531 5.8089341416489324 4.4065166148357084 13.764156892662866 36.701291492441669 4.6764819188974789 166.5314760603942 3.1284524693619451 17.360853538615629 22.91196796158329 5.6847861562855533 4.0572987494524559 3.0898875065613529
leaf_count=163 254 216 117 414 4004 988 505 226 314 391 216 138 548 313 237 399 908 1503 401 123 851 2511 81 11719 207 1489 1122 241 352 147
internal_value=0.000169421 0.00503837 -0.000496207 0.0071577 -0.00103252 -0.000290224 -0.00102545 -0.00976588 0.0091031 0.0130645 0 0.0161937 0.00645676 0.012766 -0.00431444 -0.000423243 -0.00107472 0.003323 0.00774741 0.0110771 0 -0.00055838 -0.00653155 0.000126464 0.00350645 0.00491189 -0.00682643 0 -0.0099706 0.00744591
internal_weight=518.184 62.0971 456.087 21.9627 434.124 397.45 366.325 15.0515 45.2602 28.7036 16.5566 24.8538 31.1252 14.5712 16.8369 351.273 308.565 42.7079 24.9037 19.0947 264.893 251.129 24.3172 226.812 60.2805 57.152 43.672 16.7027 26.9693 39.7912
internal_count=31098 1675 29423 844 28579 24575 23039 480 1275 745 530 529 1536 430 400 22559 20133 2426 923 522 17510 16659 586 16073 4354 4147 2623 1149 1474 2658
is_linear=0
shrinkage=0.05


Tree=68
num_leaves=31
num_cat=0
split_feature=27 25 32 24 36 2 25 31 18 11 5 38 25 25 29 38 21 27 19 32 36 16 37 40 29 7 10 40 34 37
split_gain=0.920933 1.12374 1.12933 0.568983 0.565696 0.565611 0.520568 0.486438 0.705437 0.832796 0.652546 0.607575 0.593916 0.436325 0.417427 0.41558 0.460749 0.66006 0.756303 0.407329 0.760176 0.778765 0.641704 0.747296 0.460549 0.543877 0.450249 0.375963 0.374668 0.338166
threshold=-0.41666667163372034 -0.076666668057441698 -0.12999999523162839 0.030000001192092899 -0.16333332657814023 0.32333332300186163 0.23666667938232425 0.44333332777023321 0.083333313465118422 -0.016666665673255917 0.21666666865348819 -0.022851467132568356 -0.016666665673255917 0.20999997854232791 0.46833333373069769 -0.14329051971435544 0.46999999880790716 -0.056666672229766839 -0.36333334445953364 0.17000001668930056 0.17666667699813846 -0.41666667163372034 0.0075397491455078134 0.93666666746139537 0.22333335876464847 -0.076666668057441698 -0.0099999904632568342 0.12333333119750024 -0.30333334207534784 -0.0067138671874999991
decision_type=2 2 2 2 2 2 2 2 2 2 2 2 2 2 2 2 2 2 2 2 2 2 2 2 2 2 2 2 2 2
left_child=1 2 29 14 -4 -5 -7 8 9 10 19 12 27 -14 -3 -12 17 18 -17 20 24 -22 -21 -24 25 26 -2 -9 -26 -1
right_child=7 3 4 5 -6 6 -8 11 -10 -11 15 -13 13 -15 -16 16 -18 -19 -20 22 21 -23 23 -25 28 -27 -28 -29 -30 -31
leaf_value=-0.00059226779396932307 -0.0074811540318497662 -0.0022772449878945018 0.0011117187342443899 0.014025326419907154 -0.013094092327853149 0.0075867507873360511 -0.0073404063570125105 0 -0.0054034205009136083 0.0044857197792901064 -0.0052360089588518316 -0.0042984615496251283 -0.0086074620731937581 0.0047953286461884887 0.0095734280862864764 0.014780072071320666 -0.0042019956428954201 -0.00086128531042559391 0 0 0.012296785330441399 -0.0015049771056151297 -0.01733298400102461 0.0016692198243220227 0 0.0029833472680089856 0.00054066362581126006 0.013677311210596087 -0.012925431525343629 0.010727394326221919
leaf_weight=4.4680084106512368 38.583373105153441 20.892932753544304 4.6214450662955668 29.067154493182898 16.044247328769416 6.3023884114809317 5.0113844275474548 5.8715167832560864 103.637824322097 56.371152075007558 7.4317921253386876 11.309454113477839 5.2470936754252744 5.7934183990582824 3.8899523518048218 18.852997937472541 6.0172549111302933 14.843068748945369 9.6713491836562735 10.347252957988532 10.595008081756534 17.196311188163236 14.364825281081723 2.6392567032016805 2.8019060613587525 27.666914365021512 18.700848120264709 15.914679827634243 15.801339507335795 7.8508352003991586
leaf_count=136 3017 711 104 642 404 125 115 118 11037 4465 290 1043 122 206 45 317 167 808 454 602 191 1358 560 89 78 1866 1035 277 608 207
internal_value=-0.000284329 0.00387252 -0.00280772 0.00755685 -0.0094444 0.0108738 0 -0.00135613 -0.00198911 -0.000509105 -0.00201456 0.00312433 0.00659458 -0.000895256 0.000274144 0.00216086 0.00417203 0.00620983 0.0101237 -0.00368549 -0.00206479 0.00426605 -0.00894715 -0.0136307 -0.00413261 -0.00186628 -0.00466436 0.0106636 -0.0104866 0.0064078
internal_weight=517.807 98.1483 32.9845 65.1638 20.6657 40.3809 11.3138 419.659 375.522 271.885 215.513 44.1362 32.8267 11.0405 24.7829 56.8165 49.3847 43.3674 28.5243 158.697 131.346 27.7913 27.3513 17.0041 103.554 84.9511 57.2842 21.7862 18.6032 12.3188
internal_count=31197 2489 851 1638 508 882 240 28708 26942 15905 11440 1766 723 328 756 2036 1746 1579 771 9404 8153 1549 1251 649 6604 5918 4052 395 686 343
is_linear=0
shrinkage=0.05


Tree=69
num_leaves=31
num_cat=0
split_feature=31 16 27 33 23 11 38 38 3 30 3 29 11 33 33 37 37 37 24 26 1 41 33 31 13 38 9 7 38 21
split_gain=0.67883 0.763875 0.814516 0.65413 0.592424 0.488526 0.678165 0.616552 1.31635 1.21486 1.17877 1.06417 0.962367 0.950191 0.603957 0.608379 0.514094 0.690761 0.51016 0.49525 0.477492 0.444882 0.438881 0.435589 0.413993 0.412671 0.456001 0.405556 0.483412 0.387611
threshold=0.47666668891906744 0.11000001430511476 0.32333332300186163 0.29666668176651007 -0.2766666561365127 -0.096666663885116563 0.18432664871215823 0.03821611404418946 -0.31666666269302363 0.35666668415069586 0.32333332300186163 0.41666668653488165 -0.45666666328907007 0.30333334207534796 -0.069999992847442613 0.022405147552490238 0.0081372261047363299 0.052438259124755866 -0.1766666769981384 -0.1766666769981384 0.32333332300186163 0.079768318682909026 -0.32333332300186152 0.42333334684371954 -0.016666665673255917 -0.09685420989990233 0.33666664361953741 0.38333332538604742 0.070146560668945326 -0.40333333611488337
decision_type=2 2 2 2 2 2 2 2 2 2 2 2 2 2 2 2 2 2 2 2 2 2 2 2 2 2 2 2 2 2
left_child=1 5 21 4 -2 7 19 8 9 -1 11 29 13 -9 15 -14 -16 18 -18 -7 -12 -3 -6 -4 27 -26 -27 28 -21 -10
right_child=3 2 23 -5 22 6 -8 12 10 -11 20 -13 14 -15 16 -17 17 -19 -20 24 -22 -23 -24 -25 25 26 -28 -29 -30 -31
leaf_value=-0.0023389914472082322 -0.00056559358689592875 -0.007520844112042427 -0.0012086154660480026 -0.0031098745103275193 0 -0.003548384042236453 0.013711777399166084 0.015834635436117347 0.0055063067759906926 0.017297204620177236 0.0083597852115411316 -0.015833164560481762 -0.0032108916432323567 -0.0019099542304384779 0.0023184416618585316 0.0095842263562251461 0 0 -0.016241803238725271 0.0094256218094021533 -0.0019036350332589146 0.0029080997318867543 0.018967311455108146 0.0090029699838078334 -0.0088534451436103733 -0.0019867921563874193 0.0091520616930747516 -0.0025461611247050639 -0.0006250636964206845 -0.0045098508242945399
leaf_weight=10.232043513795363 3.8343999367207333 81.343415617477149 21.496903594350446 5.0401026208419344 3.9392521686386361 27.549567490816116 7.8577118222601703 14.869840564439075 3.5054757229518136 8.8966206985060108 15.988280253019186 21.531398022081703 7.9620321416296091 6.4610376358032218 14.086600228212772 16.85998544190079 3.9046802227385351 16.192018099362031 12.876527479616925 41.390159378293902 13.631051468430085 4.7299798645544788 9.6097969440743274 8.8881520770955813 5.9196132193319526 16.240819571539763 7.8933324206154785 5.4749813657253972 9.1122398397419584 89.032967328093946
leaf_count=583 141 8179 2607 280 153 2741 380 271 136 162 383 365 438 106 528 819 234 601 453 2201 380 386 264 297 518 1684 567 154 520 4566
internal_value=-0.000157466 -0.000629225 -0.0040821 0.00729374 0.0114033 0.000418081 0.00299298 -0.000748384 -0.00264192 0.00774825 -0.00444726 -0.00676401 0.00226689 0.0103058 -0.000407829 0.00484279 -0.00388292 -0.00712276 -0.0127514 0.00139159 0.00340958 -0.00652406 0.0152033 0.00208339 0.00337335 -0.000625868 0.00192356 0.0057766 0.0072959 -0.00356454
internal_weight=516.351 493.927 116.458 22.4236 17.3834 377.469 121.438 256.031 162.818 19.1287 143.689 114.07 93.2127 21.3309 71.8818 24.822 47.0598 32.9732 16.7812 113.581 29.6193 86.0734 13.549 30.3851 86.0311 30.0538 24.1342 55.9774 50.5024 92.5384
internal_count=31097 30259 11469 838 558 18790 8765 10025 6575 745 5830 5067 3450 377 3073 1257 1816 1288 687 8385 763 8565 417 2904 5644 2769 2251 2875 2721 4702
is_linear=0
shrinkage=0.05


Tree=70
num_leaves=31
num_cat=0
split_feature=12 3 22 36 37 9 36 37 41 41 13 10 36 26 21 35 3 9 4 24 24 38 26 36 24 4 39 37 6 41
split_gain=0.601382 0.630869 0.978663 0.629387 0.949047 0.776627 0.74977 1.04252 1.06774 1.14683 1.19081 1.36012 0.843509 0.974004 0.659531 0.648915 0.570386 0.535863 0.531083 0.576966 0.459246 0.457474 0.543454 0.476809 0.516347 0.415933 0.414815 0.504384 0.515437 0.414262
threshold=0.43000000715255743 -0.26999998092651362 -0.016666665673255917 -0.22999998927116391 0.011377334594726564 -0.12333333492279051 0.1566666662693024 0.0081372261047363299 0.034270197153091438 0.061374438926577575 -0.16333332657814023 0.056666672229766853 -0.030000001192092892 0.47666668891906744 -0.26999998092651362 0.23666667938232425 -0.15666666626930234 0.34333333373069769 0.38999998569488531 -0.236666664481163 -0.21666666865348813 -0.013042449951171873 0.096666663885116591 0.22333335876464847 -0.12333333492279051 0.34333333373069769 0.0300090815871954 0.027335166931152347 -0.15000000596046445 0.050281582400202758
decision_type=2 2 2 2 2 2 2 2 2 2 2 2 2 2 2 2 2 2 2 2 2 2 2 2 2 2 2 2 2 2
left_child=1 2 17 4 -3 16 12 15 -9 10 11 -10 -7 14 -14 25 -5 29 19 -16 -19 22 -17 -23 -25 -8 27 -6 -29 -1
right_child=-2 3 -4 5 26 6 7 8 9 -11 -12 -13 13 -15 18 21 -18 20 -20 -21 -22 23 -24 24 -26 -27 -28 28 -30 -31
leaf_value=-0.0054050133127508948 -0.0072413370824098823 -0.0084441313566750477 0.0098510466273808456 -0.0022068906050463667 0.006730741885050389 0.0010693510488286177 0.011145260537286022 0.0056688615615400999 0.0023673894079491407 0.0055646641803705427 0 -0.02250963040501433 0.0017180026741008395 0.0056427766004701532 0 0.0039028910519365205 0.0078999079418402406 -0.00043001005793905995 0.00020222331586085228 -0.014539201822517868 0.013091519012682738 -0.0034574437082646615 -0.0072009256399853359 -0.00051360050731863232 0.015418064290693393 0 0.0095511087913945705 -0.011257684566596982 0.00061586684509433182 0.0026073280980432822
leaf_weight=34.969669152516872 21.141793896676973 48.093221515184268 35.445902980398387 11.349698118632658 6.6722447315696654 48.09767715097405 34.876956559019163 15.705254636937751 3.6253732226323327 6.9928097936790428 12.129599382169546 16.45789729221724 6.7975413666572413 7.0241122758015981 8.5985232882667315 10.927508171414958 46.427756112767383 5.374873447464779 5.1540489227045319 41.258956611622125 6.6441261579748225 2.0925198905169955 20.142061922466382 3.03981580864638 7.7719401149079195 6.4718169963452956 5.9993096825201055 9.7503417667467165 12.134891354478894 17.150277277687564
leaf_count=2539 2282 3373 2044 802 483 2527 1765 728 116 386 1099 462 397 146 589 528 3034 393 323 2175 272 88 579 211 348 258 425 820 956 993
internal_value=0 0.000399288 0.00386271 -0.00045078 -0.00420771 0.000517485 -0.000607237 0.00171362 -0.00318811 -0.00757062 -0.0115023 -0.0175489 -0.00354176 -0.00692528 -0.00909514 0.00514417 0.00550172 0 -0.0108786 -0.0123703 0.00752758 0.00015075 -0.00262158 0.00686164 0.010867 0.00923457 0.00144875 -0.000892718 -0.00506159 -0.00234139
internal_weight=518.319 497.177 99.5848 397.592 82.65 314.942 257.164 140.234 54.9109 39.2057 32.2129 20.0833 116.931 68.8332 61.8091 85.3226 57.7775 64.1389 55.0115 49.8575 12.019 43.9738 31.0696 12.9043 10.8118 41.3488 34.5568 28.5575 21.8852 52.1199
internal_count=31141 28859 6241 22618 6057 16561 12725 6568 2791 2063 1677 578 6157 3630 3484 3777 3836 4197 3087 2764 665 1754 1107 647 559 2023 2684 2259 1776 3532
is_linear=0
shrinkage=0.05


Tree=71
num_leaves=31
num_cat=0
split_feature=30 24 3 28 8 10 0 24 27 1 12 39 31 37 3 21 37 40 40 31 27 38 37 16 39 11 6 39 10 38
split_gain=0.786514 0.678102 0.498971 0.982511 0.851134 0.86459 0.62528 0.621374 0.630271 0.511519 0.649803 0.608625 0.602094 0.645162 0.541672 0.719078 0.518931 0.720731 0.756527 0.504551 0.489736 0.487751 0.469068 0.45964 0.473978 0.410655 0.392484 0.389768 0.384401 0.372034
threshold=0.47500002384185797 0.27666664123535162 -0.26999998092651362 0.32333332300186163 -0.083333343267440782 0.41000002622604376 0.39499998092651373 0.32999998331069952 -0.016666665673255917 0.083333313465118422 -0.10333332419395445 0.013578832149505617 -0.056666672229766839 -0.042948246002197259 0.17666667699813846 0.23666667938232425 0.042311668395996101 0.8400000035762788 0.063333334401249899 0.23666667938232425 0.043333351612091071 -0.048716068267822259 -0.093151092529296861 -0.26333332061767573 0.015789056196808818 -0.22333332896232602 -0.083333343267440782 0.014654173981398346 0.44333332777023321 0.0041885375976562509
decision_type=2 2 2 2 2 2 2 2 2 2 2 2 2 2 2 2 2 2 2 2 2 2 2 2 2 2 2 2 2 2
left_child=2 28 3 4 7 27 9 8 -1 10 11 -4 13 20 15 -15 17 18 -13 22 25 -8 -20 24 -16 -11 -19 -6 -2 -23
right_child=1 -3 6 -5 5 -7 21 -9 -10 12 -12 16 -14 14 23 -17 -18 26 19 -21 -22 29 -24 -25 -26 -27 -28 -29 -30 -31
leaf_value=0.012197287635592387 0.014384806704174203 -0.00051713023525037829 0.0038131268250847701 0.015324131483044724 0.00077016587230679218 0.0062593375590822529 -0.014022385991678394 -0.0056305885308937558 0 -0.011782266293976273 0.00087890261897331779 0.0018729937928546791 -0.0020646478302050451 0.0059539963633290019 0 -0.0070232481192306134 0 0.0076057045468788933 0 0 0.0048605487516591665 0.0040270385634337191 -0.015317043453608748 0 0.015082103876315846 0.00017113593480884101 -0.0041643277821114535 -0.0093208445350122706 0 -0.0055086113977388385
leaf_weight=21.383707445347682 15.48626235779375 14.661368694389237 10.606065476546062 6.8961736687924704 5.8194724861532441 8.7568040299229306 11.256909212796016 5.0107841473072758 22.943080042488873 9.1063251818995923 74.459795003291219 5.6420600793790063 61.831441172631457 21.382736281491816 7.0014365834649679 10.955479678930713 26.209718737984076 5.6872605737298754 3.6306229340843847 4.1346955175977191 6.7149794858414671 9.0487566883675772 42.364721140591428 6.0041998496744773 23.276173304999247 6.1603718437254438 11.595765648642553 33.058695228304714 6.5364243565127245 19.459876337088645
leaf_count=1189 219 429 522 186 411 625 757 406 1788 292 6400 353 5058 989 164 474 1243 276 168 304 435 602 1978 713 541 267 449 2417 142 1343
internal_value=0 0.00648531 -0.00059297 0.00229931 0.000291339 -0.00396363 -0.00147973 0.00483558 0.00704568 -0.000640127 -0.00242665 -0.0048121 0.00137253 0.00395958 0.0063201 0.000494394 -0.00613598 -0.0081574 -0.0106925 -0.0126012 -0.00229092 -0.00702777 -0.0139884 0.0101143 0.0122844 -0.00709587 0 -0.00735228 0.0111518 -0.00158356
internal_weight=517.082 36.6841 480.398 103.869 96.9725 47.635 376.529 49.3376 44.3268 336.764 184.331 109.871 152.433 90.6017 68.62 32.3382 99.2648 73.0551 55.7721 50.13 21.9817 39.7655 45.9953 36.2818 30.2776 15.2667 17.283 38.8782 22.0227 28.5086
internal_count=31140 790 30350 7022 6836 3453 23328 3383 2977 20626 11693 5293 8933 3875 2881 1463 4771 3528 2803 2450 994 2702 2146 1418 705 559 725 2828 361 1945
is_linear=0
shrinkage=0.05


Tree=72
num_leaves=31
num_cat=0
split_feature=16 39 39 38 39 37 40 37 37 39 40 16 31 37 41 39 5 28 39 26 30 38 29 38 8 37 40 0 37 38
split_gain=0.588064 0.760629 0.879522 0.738145 1.39241 0.921453 1.52611 1.39273 1.1757 0.942806 0.801227 0.670365 0.646961 0.580224 0.578616 0.576053 0.775724 1.07987 1.01487 1.07247 0.561202 0.544399 0.51914 0.518367 0.517063 1.77961 1.5621 0.796647 0.777824 0.741267
threshold=-0.26333332061767573 0.012643355876207353 0.014356491621583702 0.074303150177001967 0.017564586363732818 0.0067873001098632821 0.9533333182334901 -0.054805755615234368 0.04200792312622071 0.025362205691635612 0.47666665911674505 -0.11666667461395262 0.11000001430511476 -0.10532808303833006 0.027692640200257305 0.012643355876207353 0.30333334207534796 0.46166664361953741 0.015789056196808818 -0.21000000834465024 0.25000000000000006 -0.063846588134765611 0.47500002384185797 0.33441638946533209 -0.096666663885116563 0.009663581848144533 0.92333334684371959 -0.23166665434837339 0.0047202110290527352 -0.081275463104248033
decision_type=2 2 2 2 2 2 2 2 2 2 2 2 2 2 2 2 2 2 2 2 2 2 2 2 2 2 2 2 2 2
left_child=15 -2 12 5 10 7 8 9 14 13 -5 -11 -3 -4 -7 -1 24 18 -18 -20 21 -16 -19 -6 28 27 29 -26 -17 -27
right_child=1 2 3 4 23 6 -8 -9 -10 11 -12 -13 -14 -15 20 16 17 22 19 -21 -22 -23 -24 -25 25 26 -28 -29 -30 -31
leaf_value=0.0095447198664465778 -0.012817344268169892 -0.001271062243592188 -0.0092834034614662168 0.016366466768467352 -0.014398594861828914 -0.00048719057672572678 -0.011551003850655736 -0.0078084148267881653 0 -0.0022645566195817657 -0.0034392428189888493 0.013512296184203413 0.013317113776414339 0.0019263088300951012 0.00063638621218495696 -0.0032704136272348897 -0.0058090221019547108 -0.011832821646225958 -0.003283720278712965 0.014146045888188272 0 0.023440734930304411 0.0012157204945305029 0.0022058727258691775 -0.0061736836985705514 0.00078479597457555483 0.0064003555351811918 0.0051863681593795601 0.0073704278270002093 -0.013501573459828062
leaf_weight=14.352895685238762 9.7185609464067948 6.9879249152727452 12.073999348096548 2.7292638088110825 28.266160205006603 2.3432246455922749 6.4333964951802036 66.410920779686421 27.726299850270152 3.9799044574610916 5.0150888073258102 16.488030628766865 11.208112001884727 21.201782930642366 6.1692447818350109 22.31368133565411 4.5892248824238768 5.5435880196746465 5.850449630059301 38.697474378626794 3.0228352514095596 12.928061872487886 11.873737333342431 0.89094394911080499 13.138138521229846 6.2552614104934028 9.0006678446661663 58.355656395433471 32.700617806753144 49.535884644370526
leaf_count=356 1177 971 886 393 3431 283 682 6548 2828 227 679 962 1004 1472 516 720 125 130 217 850 363 1347 240 91 378 195 231 1719 798 1256
internal_value=-0.000181039 -0.00198242 -0.00111862 -0.00216972 -0.00811628 -0.000583308 0.00412788 -0.00316706 0.00748199 0.002358 0.00581938 0.00968209 0.00775556 -0.0023014 0.0142624 0.00134911 0.0005915 0.0050583 0.00873941 0.0112444 0.0164845 0.0189834 -0.00383749 -0.0128903 -0.000942384 -0.00266067 -0.00839355 0.0024598 0.0027476 -0.0115745
internal_weight=515.801 243.594 233.875 215.679 36.9015 178.778 58.6231 120.155 52.1897 53.7437 7.74435 20.4679 18.196 33.2758 24.4634 272.207 257.854 66.5545 49.1371 44.5479 22.1201 19.0973 17.4173 29.1571 191.3 136.286 64.7918 71.4938 55.0143 55.7911
internal_count=31075 23860 22683 20708 4594 16114 6019 10095 5337 3547 1072 1189 1975 2358 2509 7215 6859 1562 1192 1067 2226 1863 370 3522 5297 3779 1682 2097 1518 1451
is_linear=0
shrinkage=0.05


Tree=73
num_leaves=31
num_cat=0
split_feature=16 1 1 26 40 9 33 32 32 14 33 19 2 11 31 37 1 26 41 14 37 41 14 19 26 20 25 20 14 17
split_gain=0.81236 0.788155 1.01664 0.718939 1.02278 0.716859 1.56208 1.0621 0.943797 1.03126 0.943308 0.862171 0.695883 0.653313 0.58731 0.581166 0.529774 0.494106 0.711727 1.03823 0.885903 0.719801 0.629782 0.458281 0.457735 0.439535 0.376953 0.370542 0.363922 0.36335
threshold=-0.25666666030883784 0.083333313465118422 -0.090000003576278673 -0.17000000178813932 0.62333333492279064 0.12333333492279054 0.37666666507720953 0.2833333313465119 0.096666663885116591 -0.35000000894069666 0.4499999880790711 -0.236666664481163 -0.28333333134651179 -0.28333333134651179 0.35666668415069586 -0.048320293426513665 -0.31000000238418574 -0.31000000238418574 0.044630834832787521 0.26333332061767584 -0.036615848541259759 0.033665614202618606 0.42333334684371954 -0.036666661500930779 -0.12999999523162839 0.27499997615814215 -0.21666666865348813 0.23666667938232425 -0.0099999904632568342 0.2833333313465119
decision_type=2 2 2 2 2 2 2 2 2 2 2 2 2 2 2 2 2 2 2 2 2 2 2 2 2 2 2 2 2 2
left_child=1 2 3 16 13 11 7 8 -7 -10 -8 15 -6 -5 23 -3 -1 26 21 24 -21 29 -23 28 -20 -4 -16 -14 -2 -19
right_child=14 5 25 4 12 6 10 -9 9 -11 -12 -13 27 -15 17 -17 -18 18 19 20 -22 22 -24 -25 -26 -27 -28 -29 -30 -31
leaf_value=-0.011653118045871285 -0.0028202298217955193 0 -0.0087428041246752578 -0.0078553499587605304 0.015557273448041873 0 0.015670581389818649 0.004530264687141846 -0.020612016513096472 0.00064297603804231319 -0.0017210032186487697 -0.0045107580762632007 0.0052285034217018538 0.0038129096144198038 0.012963507776427817 0.012278545429216615 0.00087287442691269665 -0.004147613462006817 -0.00022167984343435222 0.0054375901450595329 -0.011036171781030744 -0.016113618025767294 0.00046567116502121541 -0.0062087653990228545 0.014667198307293853 0.00064507748511861236 0 -0.0053348600148236114 0.0044395602616352538 0.0072845196608958291
leaf_weight=8.5200613478664327 51.711912632919848 7.9884444605559102 37.78082449734211 16.170038687065244 17.424844088265672 17.579862797632813 15.845910241361709 16.855465368134901 12.840503228828313 4.5680652619339517 6.8003438652958712 5.6948134321719399 18.979208256350834 17.965405030874535 7.2615535925142467 45.279780282638967 10.873157822294159 6.8491079430095869 2.5582124269567439 8.7473889880347979 10.552270847139882 11.905086676124482 3.8831064354162654 93.617865960346535 12.675463433610272 9.8097863667644543 4.8982068086042982 5.0812935610301784 17.603480039862916 7.2687772745266557
leaf_count=285 5499 245 1165 385 362 450 352 426 272 156 203 287 462 520 249 1074 447 556 133 222 670 964 288 11776 624 267 314 109 1833 502
internal_value=-0.000176902 0.00160388 -0.0008338 0.00196668 0.00432657 0.00431179 0.000547256 -0.00391156 -0.00865613 -0.0152314 0.0103088 0.00819303 0.00917996 -0.00143951 -0.00232008 0.0102921 -0.00509884 0.000990563 -0.00065324 0.00356586 -0.00306263 -0.00600316 -0.0118832 -0.0040044 0.0116334 -0.00648563 0.00841605 0.00154644 -0.000437783 0.000912797
internal_weight=515.59 276.058 142.605 95.014 75.6208 133.453 74.4902 51.8439 34.9884 17.4086 22.6463 58.963 41.4853 34.1354 239.532 53.2682 19.3932 76.5992 64.4394 34.5333 19.2997 29.9061 15.7882 162.933 15.2337 47.5906 12.1598 24.0605 69.3154 14.1179
internal_count=31097 7467 4002 2570 1838 3465 1859 1304 878 428 555 1606 933 905 23630 1319 732 4522 3959 1649 892 2310 1252 19108 757 1432 563 571 7332 1058
is_linear=0
shrinkage=0.05


Tree=74
num_leaves=31
num_cat=0
split_feature=30 10 1 32 37 13 4 27 24 17 38 32 10 29 32 41 23 41 39 41 39 9 30 41 2 36 39 37 25 26
split_gain=0.884425 0.803144 0.638463 0.568111 0.839016 0.828836 0.502712 0.782398 0.670033 0.654263 0.636282 0.602701 0.709038 0.635814 0.56855 0.470486 0.720059 0.695607 0.441341 0.440907 0.453983 0.412224 0.405179 0.398241 0.39596 0.391064 0.633612 0.43384 0.380704 0.372939
threshold=0.45499998331069952 0.41000002622604376 0.42333334684371954 0.37000000476837164 0.011377334594726564 -0.023333340883255001 0.30333334207534796 -0.35000000894069666 -0.33666665852069849 -0.22166666388511655 0.18432664871215823 -0.21666666865348813 -0.43000000715255732 0.056666672229766853 -0.19666665792465207 0.04280181601643563 -0.32333332300186152 0.033665614202618606 0.0300090815871954 0.046853924170136459 0.022249293513596061 0.12333333492279054 0.14333331584930423 0.060985172167420394 0.30333334207534796 0.27666664123535162 0.017438697628676895 0.011377334594726564 0.35000002384185797 0.096666663885116591
decision_type=2 2 2 2 2 2 2 2 2 2 2 2 2 2 2 2 2 2 2 2 2 2 2 2 2 2 2 2 2 2
left_child=6 2 -2 4 -3 -5 7 8 -1 14 25 12 -9 15 -10 17 -17 22 28 -16 -21 -20 -13 -18 29 26 -8 -28 -11 -15
right_child=1 3 -4 5 -6 -7 10 11 9 18 -12 13 -14 24 19 16 23 -19 21 20 -22 -23 -24 -25 -26 -27 27 -29 -30 -31
leaf_value=-0.0066556651867862061 0.012917790782270505 0.01286604138978621 -0.00036690111554004399 -0.015588741841711266 -0.0037895270712914181 0.0033787681053407889 0 0.0040054538417906901 0.00887497512227013 0.012889288639684235 0.0075701613546217301 0.0083020861930767041 -0.0063249295667084805 -0.0060498151146947919 0.0017399932925232595 -0.0032865245542473779 0.01236398393187004 -0.0056520001219065126 0.0062723878307552154 -0.011814470485919774 0.00084469109440568006 -0.0088167982757398813 -0.0037784374080087227 0 0.0039515797762108241 0 -0.01414569891004322 -0.0012326455628232787 0 0
leaf_weight=6.2055617743171743 28.879212067695335 8.0073869144544059 7.0199764692224553 6.0971296648494917 8.7576214366126788 4.510110128903758 17.419495100621134 13.464168055215849 11.04687522142194 33.227886886801571 4.0331413580570361 18.834102795692164 73.478003463707864 50.217264281352982 25.71773361088708 7.9397224306594572 26.837768748402596 22.803814399521798 2.8051292640157035 10.155536411097271 5.465367227792739 2.8008427061140537 2.4152751294895998 12.037043678574262 13.779897192493079 17.532096578972414 23.513479142216966 15.889965806854887 2.5346933060791335 33.286232554586604
leaf_count=296 487 133 216 120 149 347 1171 1105 284 1313 207 1722 6171 3539 607 664 1999 2066 125 269 165 133 200 815 866 1167 1549 1203 154 1818
internal_value=0.000371807 0.00565908 0.0100428 -0.000113046 0.00436175 -0.00771156 -0.000375815 0.000342728 0.00404677 0.00536349 -0.00388991 -0.000971908 -0.00430085 0.000522959 0.000861426 0.00351739 0.0067054 0 0.0097055 -0.00160536 -0.00722377 0 0.0054819 0.0094698 -0.00207379 -0.00534148 -0.00721497 -0.01034 0.0115439 -0.00354567
internal_weight=516.713 63.2714 35.8992 27.3722 16.765 10.6072 453.441 375.053 99.9596 93.7541 78.3882 275.093 86.9422 188.151 52.3855 90.8677 46.8145 44.0532 41.3686 41.3386 15.6209 5.60597 21.2494 38.8748 97.2834 74.355 56.8229 39.4034 35.7626 83.5035
internal_count=31060 1452 703 749 282 467 29608 24311 3346 3050 5297 20965 7276 13689 1325 7466 3478 3988 1725 1041 434 258 1922 2814 6223 5090 3923 2752 1467 5357
is_linear=0
shrinkage=0.05


Tree=75
num_leaves=31
num_cat=0
split_feature=12 31 3 23 27 28 1 2 20 21 30 21 4 31 37 31 7 22 25 2 38 22 35 27 36 4 36 8 35 3
split_gain=0.575754 0.715446 0.661241 0.988442 1.1048 0.763042 0.872524 0.734253 0.716844 0.556283 0.77263 0.530741 0.666538 0.627397 0.518069 0.611468 0.513213 0.522434 0.578198 0.497542 0.495848 0.467098 0.424537 0.392156 0.389498 0.378773 0.35182 0.337528 0.331066 0.453213
threshold=0.43000000715255743 0.48333334922790533 -0.26999998092651362 0.29000002145767217 -0.12333333492279051 0.22333335876464847 0.18333333730697635 -0.37666666507720942 -0.24999999999999997 0.27666664123535162 0.2833333313465119 0.46333330869674688 0.41000002622604376 -0.016666665673255917 -0.040172100067138665 -0.32999998331069941 0.42333334684371954 -0.016666665673255917 -0.0099999904632568342 -0.28333333134651179 0.00094079971313476573 -0.18999999761581418 -0.12999999523162839 0.30333334207534796 -0.26999998092651362 0.21666666865348819 0.40333333611488348 -0.083333343267440782 -0.04333332180976867 0.36333334445953375
decision_type=2 2 2 2 2 2 2 2 2 2 2 2 2 2 2 2 2 2 2 2 2 2 2 2 2 2 2 2 2 2
left_child=1 2 7 5 11 8 9 24 -4 10 -7 12 13 22 25 -16 17 18 27 -12 -13 -10 -5 -3 -1 -8 28 -9 29 -6
right_child=-2 23 3 4 26 6 14 16 21 -11 19 20 -14 -15 15 -17 -18 -19 -20 -21 -22 -23 -24 -25 -26 -27 -28 -29 -30 -31
leaf_value=0.0047933638596661535 -0.0071312166711098987 0.01329939153744087 0.0050129758569970422 0 0.0055387057464854113 -0.002380634743821039 0.0004841578679094466 0.0014630068948057345 0.0029097484819268714 0 0 -0.0077471776242548397 -0.0011175590881438502 0 0.0096137318149124278 -0.0019000514458048529 -0.004882526871438332 0.012688459418041351 0.0080853210625440076 -0.02028210244095506 0.005123727636132413 -0.0038626364582288147 0.014985510936309027 0 -0.0051991604104956778 -0.011976697677063514 0.0046612683268124578 -0.0084849475979992591 -0.0081386883381809379 -0.0071963542813524772
leaf_weight=6.797716386383402 20.748546378454193 10.102506872965021 37.77980755129829 8.0683794745709729 11.24223766080104 20.076758789364249 3.9612487726844829 11.075836010277271 24.136329638306051 10.920338761061428 3.403442682465541 8.0702867307700235 9.8962204246781749 9.4103399571031314 12.492986581288273 20.156897221924741 2.476518180454149 26.39454468851909 16.525800224626437 19.279205210041255 9.121401902753858 103.17353208106942 33.077127217780799 3.1784711694344869 24.047709017293528 7.7030217703431845 4.4464325043372801 7.6456887135282168 23.410873856162652 5.6647354685701421
leaf_count=502 2261 333 2691 224 823 1095 153 726 1807 428 117 213 372 723 273 1108 180 1494 1134 581 203 7948 690 91 1614 271 307 437 1862 493
internal_value=0 0.000397867 0 -0.000911992 0.00261774 -0.00266897 -0.00604492 0.00362604 -0.000377237 -0.0100106 -0.0122954 0.00616012 0.00822823 0.0104242 -0.000123364 0.0026672 0.00657427 0.00779642 0.00221414 -0.0178658 -0.00028144 -0.00231797 0.0127915 0.00984219 -0.00189654 -0.00760259 -0.00303592 -0.00266168 -0.0049184 0
internal_weight=514.485 493.736 480.455 385.492 122.408 263.084 97.9939 94.9638 165.09 53.6797 42.7594 77.6438 60.4521 50.5558 44.3142 32.6499 64.1184 61.6419 35.2473 22.6826 17.1917 127.31 41.1455 13.281 30.8454 11.6643 44.7643 18.7215 40.3178 16.907
internal_count=31154 28893 28469 22382 5910 16472 4026 6087 12446 2221 1793 2425 2009 1637 1805 1381 3971 3791 2297 698 416 9755 914 424 2116 424 3485 1163 3178 1316
is_linear=0
shrinkage=0.05


Tree=76
num_leaves=31
num_cat=0
split_feature=4 23 19 9 37 38 2 4 27 39 27 27 21 24 24 26 6 9 26 13 32 36 7 29 12 9 22 37 36 39
split_gain=0.784109 0.749125 0.665996 1.30535 1.39746 1.26885 0.935346 0.560151 0.929363 0.552459 0.49132 0.482497 0.518811 0.460181 0.46568 0.45703 0.509389 0.488388 0.702844 0.446379 0.4334 0.372726 0.359054 0.548908 0.811265 0.378981 0.353988 0.351048 0.434649 0.338355
threshold=0.44333332777023321 0.20333331823349002 -0.40333333611488337 0.23000001907348636 -0.015917301177978512 -0.047050476074218743 0.2833333313465119 -0.32999998331069941 -0.22999998927116391 0.023099512793123726 -0.11666667461395262 0.38999998569488531 -0.11666667461395262 0.33666664361953741 -0.35000000894069666 0.44333332777023321 -0.3899999856948852 0.29666668176651007 0.29000002145767217 -0.12333333492279051 -0.22333332896232602 0.069999992847442641 -0.10999999940395354 0.12333333492279054 -0.4433333277702331 0.1566666662693024 -0.31666666269302363 0.047869682312011726 0.3966666460037232 0.017943784594535831
decision_type=2 2 2 2 2 2 2 2 2 2 2 2 2 2 2 2 2 2 2 2 2 2 2 2 2 2 2 2 2 2
left_child=1 7 3 5 -5 -3 -6 8 13 21 20 12 -10 14 -1 16 -9 22 -19 -17 -11 29 25 -24 -25 -18 -26 28 -2 -4
right_child=27 2 9 4 6 -7 -8 15 11 10 -12 -13 -14 -15 -16 19 17 18 -20 -21 -22 -23 23 24 26 -27 -28 -29 -30 -31
leaf_value=0 -0.013758300433678351 -0.0031990159398076461 0 0.0093466197360658251 0 0.016844010384756247 -0.018591232704223023 -0.010104871531550871 -0.0075080526288228699 -0.0011389106651258157 0 0.0065460134444641147 0.0024913958539957743 -0.0017520983798679935 0.01445749765488019 -0.00020613939959834046 -0.0045604631368865653 0 -0.01455102165670274 0.010038482155063316 0.012529362927486968 0.0012193649250132263 0.0049875501566332041 0.0081765769905224259 0.001838745157219831 0.0040039074645602246 -0.0068043203415170291 0.00012085435114956561 0 -0.0099406327469086127
leaf_weight=3.9166146488860312 14.077001089695846 5.5400158618576816 16.676008940907199 12.304722952190788 9.7042927527800185 28.380312816007063 6.2522163763642302 17.344848799984902 26.482054420048371 2.4608202106319395 20.937222939217463 8.2149779619649035 12.873774308245627 2.3881562002934507 18.775765554979444 24.613718735054135 66.833634197944775 21.670359120704234 11.154742932878433 8.2483784013893438 15.125224160961805 25.871376712806523 47.5640988368541 8.7168673663400096 7.6761825366411349 7.7682021067012093 38.967632964951918 4.800014952896162 4.739246171899139 15.316010807640849
leaf_count=223 1152 130 1306 193 155 521 99 1336 2252 148 1733 727 980 84 751 577 4772 1385 537 388 732 1749 3786 202 518 479 2399 356 353 1194
internal_value=0 0.000499034 0.00329275 0.00710188 -0.000232574 0.0129554 -0.00929363 -0.00079147 0.00280842 0.00031904 0.00477584 -0.00100434 -0.00378904 0.00964235 0.0118284 -0.00192963 -0.00278601 -0.00180348 -0.00694954 0.00287482 0.00975363 -0.0024266 -0.000519644 0.00120872 -0.00180072 -0.00312683 -0.00485959 -0.00787422 -0.0104573 -0.00575999
internal_weight=515.394 491.778 158.568 62.1816 28.2612 33.9203 15.9565 333.21 72.6513 96.3867 38.5233 47.5708 39.3558 25.0805 22.6924 260.559 227.697 210.352 32.8251 32.8621 17.586 57.8634 177.527 102.925 55.3607 74.6018 46.6438 23.6163 18.8162 31.992
internal_count=31217 29356 7960 1098 447 651 254 21396 5017 6862 2613 3959 3232 1058 974 16379 15414 14078 1922 965 880 4249 12156 6905 3119 5251 2917 1861 1505 2500
is_linear=0
shrinkage=0.05


Tree=77
num_leaves=31
num_cat=0
split_feature=30 2 25 1 23 38 41 3 4 24 29 26 24 2 41 4 24 38 41 39 16 30 4 36 11 25 27 33 37 39
split_gain=0.784598 0.913735 1.201 1.16638 0.88466 0.844837 0.673906 0.613311 0.571526 0.567523 0.476538 0.605472 0.509429 0.51717 0.387504 0.414422 0.373019 0.408474 0.368062 0.639086 0.446637 0.917338 0.402911 0.371534 0.360654 0.340444 0.326794 0.323815 0.320233 0.318265
threshold=0.3966666460037232 -0.17166666686534879 -0.19666665792465207 0.13666665554046634 0.47666668891906744 -0.11507749557495116 0.053183959797024734 0.32333332300186163 0.32333332300186163 -0.30166667699813837 0.43500000238418585 0.24333333969116214 -0.33666665852069849 -0.29000000655651087 0.027909388765692714 -0.030000001192092892 -0.12999999523162839 0.18432664871215823 0.051111852750182159 0.022249293513596061 -0.35000000894069666 0.18333333730697635 0.30333334207534796 -0.083333343267440782 -0.26333332061767573 -0.28333333134651179 -0.43000000715255732 -0.26999998092651362 -0.02754116058349609 0.026379383169114593
decision_type=2 2 2 2 2 2 2 2 2 2 2 2 2 2 2 2 2 2 2 2 2 2 2 2 2 2 2 2 2 2
left_child=10 9 8 6 5 -5 7 -4 -3 -2 11 16 -13 27 -7 -16 25 29 20 -20 23 22 24 -15 -22 -1 -6 -14 -23 -18
right_child=1 2 3 4 26 14 -8 -9 -10 -11 -12 12 13 18 15 -17 17 -19 19 -21 21 28 -24 -25 -26 -27 -28 -29 -30 -31
leaf_value=0.00471355113533689 -0.00082722053254933876 0 -0.013904517071416793 -0.0018591237889069509 0.0034572235294533637 0 0.0055346864381201856 0.00038984274201654462 -0.016949907766388585 0.013357346326298534 -0.010042476357172278 -0.0058867953324579407 0 0 0 0.017268300313055467 -0.0021832999407981508 0.0047575791624331438 -0.0086242921493962458 0.0034052101602587669 -0.00060378390893604957 0 -0.003443977138729141 0.010632000831053187 0.010187256316482943 -0.001174345387077532 -0.0084579506221198163 0.012100163442252471 -0.01173908443137618 -0.0081846759772409745
leaf_weight=29.233710977481678 4.1843708965461728 8.0386896154377592 11.427122293971484 6.3038927211891851 2.7109400094486773 5.4908045574557027 5.536761652911081 7.0759914354421189 5.7824380004312834 24.856514434097335 7.1940216026268891 9.2156937378458661 4.2913528350181904 7.2798794433474567 4.3151200548745647 26.392791334306828 123.52366102859378 7.548633655300363 15.334470955887811 14.361265134764833 4.3481800309382406 4.4075446203351012 3.7232257435098282 20.023934468626976 19.679336685687307 66.189346404513344 6.0230708459857834 17.377528382698074 10.100410625804214 32.177224138984457
leaf_count=2275 153 200 273 203 48 141 157 202 190 601 433 721 257 162 115 809 9728 473 731 622 267 235 299 450 1310 6053 271 891 613 2251
internal_value=0.000385003 0.00388555 0.00082663 0.00369757 0.00784273 0.0107307 -0.00410673 -0.00866086 -0.0099346 0.0108084 -0.000639509 -0.000252239 0.00238654 0.00346247 0.0134682 0.015327 -0.00169832 -0.00313619 0.00138311 -0.00251179 0.00344409 0 0.00509225 0.00777434 0.00767143 0.000555107 -0.00316105 0.00971842 -0.00831573 -0.00383583
internal_weight=514.148 118.139 89.0976 75.2765 51.2366 42.5026 24.0399 18.5031 13.8211 29.0409 396.009 388.815 130.143 120.927 36.1987 30.7079 258.673 163.25 99.2582 29.6957 69.5625 42.2587 27.7507 27.3038 24.0275 95.4231 8.73401 21.6689 14.508 155.701
internal_count=31134 3363 2609 2219 1587 1268 632 475 390 754 27771 27338 6558 5837 1065 924 20780 12452 4689 1353 3336 2724 1876 612 1577 8328 319 1148 848 11979
is_linear=0
shrinkage=0.05


Tree=78
num_leaves=31
num_cat=0
split_feature=0 5 29 3 30 10 39 37 5 23 10 37 37 13 41 37 8 39 29 11 12 37 21 39 13 27 38 40 29 41
split_gain=0.815923 0.833511 0.724006 1.00587 0.603509 0.99941 1.26948 0.566148 0.617372 0.588253 0.557546 0.548927 0.598727 0.574342 0.642538 0.503255 0.646384 0.765904 0.574949 0.555254 0.543137 0.637489 0.501182 0.482525 0.456809 0.533445 0.430284 0.522166 0.418751 1.07756
threshold=0.39499998092651373 -0.0083333253860473615 0.47500002384185797 -0.17000000178813932 0.38333332538604742 0.030000001192092899 0.0300090815871954 -0.065113067626953111 0.21666666865348819 0.37666666507720953 -0.32999998331069941 -0.065113067626953111 -0.026210308074951168 -0.12999999523162839 0.04280181601643563 0.04142808914184571 -0.076666668057441698 0.026379383169114593 -0.21666666865348813 -0.4433333277702331 -0.17000000178813932 0.009663581848144533 0.47666668891906744 0.018832436762750152 0.2833333313465119 -0.090000003576278673 -0.085764408111572252 0.9533333182334901 0.34166663885116583 0.037751007825136192
decision_type=2 2 2 2 2 2 2 2 2 2 2 2 2 2 2 2 2 2 2 2 2 2 2 2 2 2 2 2 2 2
left_child=1 11 3 -2 5 6 -3 -6 9 -9 -5 13 -13 -1 -15 19 18 -18 -17 -14 -21 23 24 -22 25 -10 -23 -28 -7 -30
right_child=2 4 -4 10 7 28 -8 8 22 -11 -12 12 15 14 -16 16 17 -19 -20 20 21 26 -24 -25 -26 -27 27 -29 29 -31
leaf_value=-0.0027772913929550056 0.0054201990527261599 0.00096267647726176655 0.0031541021488943294 0 -0.0025934319265354731 -0.00043668852997452159 0.016158474681423948 0.0053987915502708133 0.01571082315475119 -0.0091258091446616511 -0.013582748953178868 -0.0078135398898436133 0.009663281255212243 -0.0012757795523858217 0.013116154002702643 -0.006339551818779883 -0.013981273187802349 0.00050022122106563977 0.005523258547825113 -0.0044230532478641707 0.0046990141013594708 -0.0014374526240278458 -0.00034071937567011661 -0.0066212430159438701 0 0 0.015157437108381017 -0.0012723313073786759 0.0027723614497061518 -0.016892496232092741
leaf_weight=12.206391545245422 5.0915438828524193 69.296391912968829 11.167953205760567 5.0983908956404766 8.6010246267542225 65.04966246872209 12.971229430288075 12.148623876040803 33.595582003938027 5.3070376126561305 32.334615571890026 38.501698882319033 10.440184455597771 6.4679746520705548 13.895579391159115 10.950239932863044 18.3040493298322 8.9536086686421168 18.805365225765854 37.844943084521219 9.6889529237523693 2.3020853779744384 4.762811705004423 14.726040868787093 4.0645585756283245 6.3644554100465092 13.14569872105494 1.829142807284369 6.8151114440988776 9.3136014598421735
leaf_count=553 334 5292 391 397 279 4374 743 305 633 98 2181 2946 265 466 655 1065 1206 456 892 2042 984 170 126 1274 400 306 1185 172 313 496
internal_value=-2.192e-05 0.000640301 -0.00556781 -0.00848036 0.00269072 0.000736806 0.00457735 0.00627712 0.00789467 0 -0.0114343 -0.0015008 -0.00264113 0.00374599 0.00834664 -0.000869593 -0.00440815 -0.00924062 0.000127239 0.00124751 -0.000165232 0.00324573 0.010505 -0.00126614 0.0120782 0.0135511 0.00937858 0.0121688 -0.00291567 -0.00895474
internal_weight=510.045 456.352 53.6925 42.5246 238.29 163.446 82.2676 74.8441 66.2431 17.4557 37.433 218.062 185.492 32.5699 20.3636 146.99 57.0133 27.2577 29.7556 89.977 79.5369 41.6919 48.7874 24.415 44.0246 39.96 17.2769 14.9748 81.1784 16.1287
internal_count=30999 27696 3303 2912 13365 11218 6035 2147 1868 403 2578 14331 12657 1674 1121 9711 3619 1662 1957 6092 5827 3785 1465 2258 1339 939 1527 1357 5183 809
is_linear=0
shrinkage=0.05


Tree=79
num_leaves=31
num_cat=0
split_feature=33 9 4 31 1 30 14 37 37 40 1 40 36 10 27 37 27 31 9 10 36 15 31 5 36 11 8 31 23 40
split_gain=0.814932 0.98087 0.659799 0.674504 0.705871 0.633933 0.630361 0.523185 0.801992 0.57291 0.544761 0.509345 0.513524 0.507437 0.55536 0.48218 0.546697 0.465678 0.449986 0.43915 0.404704 0.397776 0.395947 0.634673 0.663711 0.373121 0.34728 0.546277 0.361964 0.48202
threshold=-0.26999998092651362 -0.083333343267440782 0.40333333611488348 0.47666668891906744 0.014999985694885256 0.47500002384185797 0.31666666269302374 0.0081372261047363299 0.027335166931152347 0.97666668891906749 0.19666665792465213 0.71999999880790722 0.2833333313465119 0.48333334922790533 0.31000000238418585 -0.031506061553955071 0.38999998569488531 0.42333334684371954 -0.48333333432674402 -0.46999999880790705 -0.22999998927116391 -0.19666665792465207 -0.4433333277702331 0.27666664123535162 0.34333333373069769 -0.3899999856948852 -0.083333343267440782 -0.28333333134651179 0.33666664361953741 0.78000000119209301
decision_type=2 2 2 2 2 2 2 2 2 2 2 2 2 2 2 2 2 2 2 2 2 2 2 2 2 2 2 2 2 2
left_child=7 2 3 4 -2 6 17 9 10 18 -9 12 -7 14 -8 -6 -17 20 -1 -20 -3 -10 23 24 -22 -21 27 -24 -28 -30
right_child=1 5 -4 -5 15 11 13 8 21 -11 -12 -13 -14 -15 -16 16 -18 -19 19 25 22 -23 26 -25 -26 -27 28 -29 29 -31
leaf_value=0.0018919660405195193 0 -0.0081922220182009831 -0.0063445462183076831 0.018071583023855208 0 0 -0.011971025830484783 0.014960631314076404 0.0031814016725511974 0.004263683892453643 -0.0017741967200003502 -0.0017415862624856862 0.012901882085791988 0.0034236066493522608 0 0.012239460219150773 -0.0025313035449365238 0.0082695529863966791 0.0011626059211060752 0 0.0049391799177560206 -0.0073338200140808775 -0.0039306147062016647 0.011592920820533092 -0.010755484229229912 -0.012982228857069129 -0.0029940400941749819 0.0084192743088112847 -0.0011777651542342153 0.0087760308692619634
leaf_weight=3.0562895992770782 51.736304556950927 10.432841442758216 4.9444533034693441 6.5739679576363406 12.734729362884535 7.3825116874650147 24.97324415971525 6.7595932739786786 5.8176950719207552 3.4104060328099868 2.2806308739818633 9.0412486253771913 16.728821809170768 4.074572534300386 8.6161998489405942 34.910474074771628 2.1247833555098614 9.6920104320161027 2.5908524102997026 2.8470228640362611 9.7284135662484932 19.287126977462322 6.9447671377565738 11.903707633726297 5.1496931987348935 36.357919831760228 139.02662679902278 16.924825535854325 27.381977269425988 11.250718867173417
leaf_count=203 3443 539 372 142 817 150 2561 628 305 236 191 226 380 340 870 2048 215 353 229 181 181 2015 216 245 121 3093 8046 960 1396 505
internal_value=0.00025837 0.00118328 0.00506624 0.00611364 0.00414128 -0.000182634 -0.00105291 -0.00406161 8.33403e-05 -0.00713978 0.010053 0.00569953 0.00911108 -0.00659605 -0.00877762 0.00804376 0.0105763 0 -0.00889925 -0.0103499 -0.000610065 -0.00394969 0 0.00504308 -0.0008255 -0.011717 -0.000867394 0.00392136 -0.001754 0.00195096
internal_weight=514.684 432.277 113.025 108.08 101.506 319.252 286.1 82.4075 34.145 48.2625 9.04022 33.1526 24.1113 37.664 33.5894 49.77 37.0353 248.436 44.8521 41.7958 238.744 25.1048 228.311 26.7818 14.8781 39.2049 201.529 23.8696 177.659 38.6327
internal_count=31207 24126 7037 6665 6523 17089 16333 7081 3139 3942 819 756 530 3771 3431 3080 2263 12562 3706 3503 12209 2320 11670 547 302 3274 11123 1176 9947 1901
is_linear=0
shrinkage=0.05


Tree=80
num_leaves=31
num_cat=0
split_feature=30 23 37 31 39 39 28 38 2 38 24 8 18 7 36 37 10 37 27 28 26 24 27 26 18 7 38 27 41 2
split_gain=0.939937 0.823288 0.812493 0.722433 0.649455 0.757303 1.02485 0.98424 1.255 1.04722 0.597951 0.591856 0.551916 0.521345 1.02144 0.920345 0.83863 0.699174 0.504972 0.770055 0.487082 0.461498 0.454404 0.613672 0.426942 0.365504 0.46615 0.412193 0.364784 0.353404
threshold=0.3966666460037232 0.47666668891906744 -0.047028064727783196 0.48333334922790533 0.029205097816884521 0.018023668788373474 0.18999999761581424 -0.013042449951171873 0.24333333969116214 0.10707092285156251 0.3966666460037232 0.17666667699813846 0.056666672229766853 -0.16333332657814023 -1.0000000180025095e-35 0.0081372261047363299 -0.076666668057441698 0.0081372261047363299 0.35666668415069586 -0.076666668057441698 0.33666664361953741 -0.14333333075046537 -0.35000000894069666 -0.32333332300186152 -0.056666672229766839 -0.10333332419395445 -0.092090606689453111 -0.46999999880790705 0.034270197153091438 0.2833333313465119
decision_type=2 2 2 2 2 2 2 2 2 2 2 2 2 2 2 2 2 2 2 2 2 2 2 2 2 2 2 2 2 2
left_child=3 2 -2 12 5 7 -7 8 -4 -9 -8 -5 13 21 17 -16 -17 -15 -14 -20 29 -1 -23 -24 -25 -18 -27 -28 -19 -3
right_child=1 20 4 11 -6 6 10 9 -10 -11 -12 -13 18 14 15 16 25 28 19 -21 -22 22 23 24 -26 26 27 -29 -30 -31
leaf_value=0.0007040140341655044 -0.0021087334271178474 0 -0.018102018026646224 0.012837055180453374 -0.00086750735122141393 -0.000195501150594604 0.019163685622875667 0.013047037041737763 0.005696931875828831 -0.0061143451467804959 0 -0.0020373013089500752 -0.0058270570728729387 0.00041964961130772901 0.0019434026017676924 0.0036918267949809119 0 0 0.0076223384155096833 -0.006727381765103734 0.0030620229697750035 0.00050449982395618729 0.00076258342771134112 -0.013778539138849669 0 0 0 -0.016117746718697045 0.012761189951828414 -0.01455507003767122
leaf_weight=32.820858507417142 19.806412555975839 3.2046777983196062 5.225413928274067 10.541995753301306 12.369416092755271 7.3711532256565979 28.804280088515952 17.304023566190157 4.5549392332322896 4.0822470891289404 4.3353279985021791 4.6949563501402727 98.125157840317115 42.963796813739464 55.601762812584639 7.513331576017662 2.9618405201472333 7.9381209947168818 15.63529195263982 9.6202506932895613 4.2718896553851655 12.498502871254457 8.5060401444789004 24.7307717083022 6.3637201322708306 3.5017471481114653 3.5045710285194245 22.651600220706314 25.829216644400731 6.0078133549541235
leaf_count=2575 566 49 140 315 347 313 630 491 129 109 176 248 9232 2554 3067 557 144 459 1473 1093 97 386 587 1575 603 187 86 1344 1354 281
internal_value=0.000101295 0.003961 0.00560762 -0.00102221 0.00772303 0.00947985 0.0136966 0.00199992 -0.00748221 0.00793836 0.0169816 0.00779592 -0.00155519 -0.000112307 0.00136271 -0.0018626 -0.00724444 0.00553225 -0.00422718 0.0011143 -0.00525933 -0.00327517 -0.00602607 -0.00843063 -0.011336 -0.0105929 -0.0121308 -0.0141217 0.0103638 -0.0104472
internal_weight=513.341 117.338 103.853 396.004 84.0468 71.6774 40.5108 31.1666 9.78035 21.3863 33.1396 15.237 380.767 257.386 172.466 95.7349 40.1331 76.7311 123.381 25.2555 13.4844 84.9199 52.099 39.6005 31.0945 32.6198 29.6579 26.1562 33.7673 9.21249
internal_count=31167 3328 2901 27839 2335 1988 1119 869 269 600 806 563 27276 15478 9752 5385 2318 4367 11798 2566 427 5726 3151 2765 2178 1761 1617 1430 1813 330
is_linear=0
shrinkage=0.05


Tree=81
num_leaves=31
num_cat=0
split_feature=23 26 0 4 14 3 21 32 16 24 11 23 9 39 14 1 38 1 7 8 30 36 33 12 38 39 30 40 7 7
split_gain=0.499432 0.703381 0.75676 0.600208 0.776489 0.522725 0.779429 0.831377 0.574066 0.509796 0.789948 0.649644 0.483454 0.449054 0.443513 0.570515 0.729789 0.634282 0.516183 0.411942 0.398796 0.375549 0.531603 0.494437 0.510616 0.367758 0.328053 0.308582 0.3151 0.30668
threshold=0.2833333313465119 -0.21000000834465024 0.35000002384185797 -0.10999999940395354 -0.4433333277702331 0.31666666269302374 0.24333333969116214 0.056666672229766853 -0.26333332061767573 0.083333313465118422 0.24333333969116214 -0.31000000238418574 0.13666665554046634 0.025566946715116504 -0.40333333611488337 0.1566666662693024 -0.11709117889404295 0.30333334207534796 -0.236666664481163 0.043333351612091071 0.056666672229766853 0.043333351612091071 1.0000000180025095e-35 -0.016666665673255917 0.065794467926025405 0.020900135859847072 0.44833332300186163 0.35666666924953466 0.12333333492279054 -0.22333332896232602
decision_type=2 2 2 2 2 2 2 2 2 2 2 2 2 2 2 2 2 2 2 2 2 2 2 2 2 2 2 2 2 2
left_child=3 -2 5 4 -1 6 29 19 -7 10 13 -12 -9 -6 15 16 -5 -17 -16 -8 -13 22 -20 27 -25 -19 -4 28 -23 -3
right_child=1 2 26 14 9 8 7 12 -10 -11 11 20 -14 -15 18 17 -18 25 21 -21 -22 23 -24 24 -26 -27 -28 -29 -30 -31
leaf_value=0.008153831312146512 -0.0040631403782001542 0 -0.0055259122222053522 0.0011029238102345503 0.00093616979200854635 0.014539221792764821 -0.0012111134775136 0 0 -0.0050725665703674691 -0.00080481920814359873 0.015933355337760888 -0.015043421078929831 -0.0064922238100392389 -0.0067938436685029933 0.0066949763185360752 -0.014157848224252784 -0.012036252444015724 0 0.011274509150481954 0 -0.00054999950051842262 0.0089450403611202964 -0.010533634576718687 0.001234699863147791 6.1096203305228774e-06 0.0026211941797075603 -0.0028365587058271913 0.0093766427758859849 0.01188746323701316
leaf_weight=24.258828880265355 26.703545352211222 2.2675598827190706 18.87354491581209 5.6118734325282302 63.159595968434587 23.867027489934117 6.88913108315319 6.5478891141246987 11.103438436286522 39.67443362227641 7.3063730141147998 12.30137462960556 7.9055395699106157 21.168431990779936 28.751124351751059 10.337404351215811 24.096493478864431 6.2371538509614748 49.708183801034465 5.0365005023777485 2.1988270080182692 6.3022131624165985 16.550198911456391 20.29188935272396 7.159009775845333 5.2664248887449503 14.937035959679632 14.39985284116119 10.266702321125193 12.373697124654424
leaf_count=409 1895 151 1269 144 5054 493 397 265 1098 2932 586 699 215 1507 2387 255 603 124 3940 185 232 363 1051 1760 744 96 425 839 507 504
internal_value=-0.00028564 0.00218008 0.00404617 -0.00126889 0.00080199 0.00672174 0.00168124 -0.00278843 0.010912 -0.000530408 0.00112513 0.00855209 -0.00973469 -0.000959153 -0.00307951 -0.00697031 -0.0108741 0 -0.00140234 0.00467604 0.013342 0 0.00256477 -0.00268251 -0.0070462 -0.00698261 -0.00144607 0.00102507 0.00535076 0.00941508
internal_weight=511.551 136.505 109.801 375.046 170.068 75.9908 41.0203 26.3791 34.9705 145.809 106.135 21.8066 14.4534 84.328 204.979 51.5494 29.7084 21.841 153.429 11.9256 14.5002 124.678 66.2584 58.4197 27.4509 11.5036 33.8106 30.9688 16.5689 14.6413
internal_count=31129 6897 5002 24232 11419 3308 1717 1062 1591 11010 8078 1517 480 6561 12813 1222 747 475 11591 582 931 9204 4991 4213 2504 220 1694 1709 870 655
is_linear=0
shrinkage=0.05


Tree=82
num_leaves=31
num_cat=0
split_feature=14 11 12 31 38 19 39 33 11 2 19 23 38 27 39 9 39 33 37 10 31 30 21 27 2 37 25 36 33 36
split_gain=0.908047 0.672973 0.59101 0.694753 0.625633 0.556161 0.610912 0.525313 0.518581 0.984643 0.7469 0.646582 0.586682 0.455515 0.570733 1.23029 0.702393 0.442343 0.430344 0.414994 0.406283 0.381978 0.355742 0.663009 0.346066 0.329654 0.324135 0.318784 0.30845 0.346504
threshold=-0.48333333432674402 -0.48333333432674402 0.43000000715255743 0.41666668653488165 0.0089869499206542986 0.37000000476837164 0.02868249919265509 0.29000002145767217 -0.40333333611488337 0.014999985694885256 -0.43000000715255732 -0.236666664481163 0.014789581298828127 -0.4433333277702331 0.0300090815871954 -0.036666661500930779 0.04782813414931298 0.38333332538604742 0.046335220336914069 -0.24333333969116208 -0.28333333134651179 0.44333332777023321 0.21666666865348819 0.096666663885116591 -0.17166666686534879 -0.0054221153259277335 0.20999997854232791 -0.35000000894069666 -0.19666665792465207 -0.04333332180976867
decision_type=2 2 2 2 2 2 2 2 2 2 2 2 2 2 2 2 2 2 2 2 2 2 2 2 2 2 2 2 2 2
left_child=1 -1 3 8 5 6 7 -5 9 -2 12 -11 20 18 21 16 -16 -13 24 -7 25 22 28 27 -12 -10 -23 -24 -15 -30
right_child=2 -3 -4 4 -6 19 -8 -9 10 11 13 17 -14 14 15 -17 -18 -19 -20 -21 -22 26 23 -25 -26 -27 -28 -29 29 -31
leaf_value=0.013231736788305996 0.0012385385757404 0 -0.0076426593243685212 0.01529366456507281 -0.0031746285023822036 -0.0094499156623870789 -0.0002315469298936797 0 0.018174103821164019 0.001936142049865013 0.007376270931283329 -0.013666436439138396 0 -0.0045177176236363909 0.014450086839639623 -0.0043200655006417031 -0.0028344455693324077 0 0.012144446221520548 0.0046572493112129344 0 -0.0023249634347241111 0 0 -0.0032645685247304742 0 0.0085130357007549406 -0.011376093019548578 0.0043619354716120627 -0.0016259432874352832
leaf_weight=16.226791118271652 34.170399246038869 14.915382971055804 20.52714427979663 24.531122799497101 10.39688767516054 3.4963908060453832 6.6947717671282581 4.3153519504703572 9.2102309721522033 5.355773970950394 5.4164146985858741 29.188742579892278 17.604610036127269 48.555391448549926 17.357685162685815 18.226358383661136 2.6425324974115929 4.4462988856248549 6.1386423388030371 3.9173777212854466 5.3344981092959634 4.2400538660585871 4.1249203316401681 23.686376803088933 16.895326928701252 4.965755836572499 8.5664236836601031 33.353414817014709 27.94599964725785 77.363237911835313
leaf_count=206 1218 208 2294 593 982 98 156 143 184 185 158 937 378 4928 1296 1360 201 113 162 179 171 189 401 2344 524 105 398 2307 2065 6684
internal_value=0.000144861 0.00771196 -0.00038525 0 0.00508994 0.00774489 0.0101755 0.0129322 -0.00069641 -0.00434214 9.67095e-05 -0.0093015 0.00631126 -0.000713643 -0.00145681 0.00358075 0.0110777 -0.0117439 0.00455392 -0.00138309 0.011172 -0.00247912 -0.00307608 -0.00626765 0 0.0144276 0.00399845 -0.00994019 -0.00146336 0
internal_weight=509.81 31.1422 478.668 458.141 53.3519 42.955 35.5412 28.8465 404.789 73.1612 331.628 38.9908 37.1151 294.513 266.062 38.2266 20.0002 33.635 28.4504 7.41377 19.5105 227.836 215.029 61.1647 22.3117 14.176 12.8065 37.4783 153.865 105.309
internal_count=31167 414 30753 28459 2151 1169 892 736 26308 2453 23855 1235 838 23017 22173 2857 1497 1050 844 277 460 19316 18729 5052 682 289 587 2708 13677 8749
is_linear=0
shrinkage=0.05


Tree=83
num_leaves=31
num_cat=0
split_feature=29 4 34 24 37 39 15 23 10 32 37 19 12 26 29 4 41 8 23 30 37 40 9 39 12 14 30 39 17 18
split_gain=0.527861 0.854885 0.726469 1.09683 0.577484 0.568844 0.566949 0.644372 0.662156 0.539996 0.446096 0.419541 0.594523 0.390412 0.357818 0.353697 0.331013 0.330897 0.536797 0.420116 0.440875 0.81385 0.434025 0.590105 0.479375 0.765872 0.427 0.419247 0.407718 0.375076
threshold=0.47500002384185797 0.34333333373069769 -0.22333332896232602 0.42333334684371954 -0.0054221153259277335 0.017564586363732818 -0.48333333432674402 0.2833333313465119 0.41666668653488165 0.43000000715255743 -0.070494174957275377 -0.3899999856948852 -0.28333333134651179 0.19666665792465213 -0.20333333313465116 0.056666672229766853 0.044630834832787521 0.36333334445953375 0.056666672229766853 -0.35000000894069666 0.009663581848144533 0.31000000238418585 -0.036666661500930779 0.029205097816884521 -0.30333334207534784 -0.29000000655651087 0.13666665554046634 0.017405298538506035 -0.036666661500930779 -0.35000000894069666
decision_type=2 2 2 2 2 2 2 2 2 2 2 2 2 2 2 2 2 2 2 2 2 2 2 2 2 2 2 2 2 2
left_child=1 6 3 -2 5 -3 13 8 10 -6 14 -9 -13 -1 16 -10 -8 19 28 20 -12 -22 23 -21 26 27 -24 -26 -19 -25
right_child=2 4 -4 -5 9 -7 7 11 15 -11 17 12 -14 -15 -16 -17 -18 18 -20 22 21 -23 24 29 25 -27 -28 -29 -30 -31
leaf_value=0 0.015316955729675159 0 -0.0038557592096494031 -0.0049514112768370344 -0.0040093510873399447 -0.013045223911529744 0 0.0097485551132044223 0.010238920032549823 0.007640874188335825 -0.0096168291599999269 -0.0063072841144817234 0.0047216835337946404 -0.012981473558382826 0 0 0.011945406495949851 -0.016539652916114398 0.0028227440041644846 2.1443662964208269e-05 0.011122324131151674 -0.0063417863843042779 -0.0058370944180212818 -0.00017737124356863838 0 -0.00017131072100067983 0.00370728260825291 -0.014540256219833264 0 0.012368403821493297
leaf_weight=6.9421227076090855 16.705634467769421 8.2393033497501147 6.7391316427383563 3.8541052609216413 28.036554053192958 23.841948819579557 4.8327068865764877 23.96239737700671 16.25146738532931 7.7676608259789637 19.975939816329628 10.866963597945867 33.123456567991525 6.9997427985072136 27.013059140648693 6.5151121467351905 10.177866955753414 7.1729333018884072 3.1833912925794712 84.695659393211827 5.0316717957612118 10.65760490647517 8.5726629686541838 3.0320970637258169 5.6130632956046638 44.702439196873456 40.868408060865477 15.949681922327725 5.9079621492419401 13.242621162673457
leaf_count=100 378 458 127 224 1981 1381 338 498 996 591 1648 568 2601 106 1511 328 438 355 248 6206 460 1017 489 101 171 4510 1241 576 610 849
internal_value=-3.48765e-05 -0.000496515 0.00600232 0.010316 -0.00547351 -0.00979867 0.000324075 0.000778611 -8.32874e-05 -0.000149926 -0.000812924 0.00500906 0.00106708 -0.00780452 0.00349434 0.00709603 0.00839554 -0.00163946 -0.00768664 -0.00098346 -0.00558613 0 0 0.00222812 -0.00213354 -0.00482054 0.00114883 -0.0114166 -0.0116378 0.00949051
internal_weight=510.475 483.176 27.2989 20.5597 67.8855 32.0813 415.291 401.349 333.396 35.8042 310.63 67.9528 43.9904 13.9419 42.0236 22.7666 15.0106 268.606 16.2643 252.342 35.6652 15.6893 216.677 100.97 115.706 66.2652 49.4411 21.5627 13.0809 16.2747
internal_count=31105 30376 729 602 4411 1839 25965 25759 22092 2572 20768 3667 3169 206 2287 1324 776 18481 1213 17268 3125 1477 14143 7156 6987 5257 1730 747 965 950
is_linear=0
shrinkage=0.05


Tree=84
num_leaves=31
num_cat=0
split_feature=31 9 19 5 24 39 37 21 0 29 23 32 33 36 39 26 40 0 41 39 40 7 41 16 39 31 20 41 25 16
split_gain=0.728037 0.692842 0.677086 0.847345 1.39606 0.839751 0.539832 0.655959 0.481563 0.517761 0.465154 0.736329 1.3956 1.01466 0.42476 0.329549 0.492074 0.405029 0.391931 0.529655 0.416105 0.462542 0.525928 0.40711 0.413217 0.333052 0.321662 0.318425 0.2852 0.284673
threshold=0.47666668891906744 0.11000001430511476 -0.40333333611488337 0.2833333313465119 0.32333332300186163 0.025362205691635612 -0.033957481384277337 -0.20333333313465116 0.31000000238418585 0.47500002384185797 -0.36333334445953364 0.11000001430511476 0.18333333730697635 0.12333333492279054 0.025618453510105613 0.44333332777023321 0.45000000298023229 -0.11666667461395262 0.041943827643990524 0.025416773743927482 0.23666666448116305 -0.076666668057441698 0.028169808909296993 -0.31666666269302363 0.013578832149505617 -0.18999999761581418 -0.22999998927116391 0.053183959797024734 0.38999998569488531 0.18999999761581424
decision_type=2 2 2 2 2 2 2 2 2 2 2 2 2 2 2 2 2 2 2 2 2 2 2 2 2 2 2 2 2 2
left_child=2 26 3 6 5 -5 7 -1 15 14 -8 13 -13 -12 28 16 18 -17 20 23 21 22 -4 -20 -25 -22 -2 -19 -10 -18
right_child=1 -3 8 4 -6 -7 10 -9 9 -11 11 12 -14 -15 -16 17 29 27 19 -21 25 -23 -24 24 -26 -27 -28 -29 -30 -31
leaf_value=0.0041096494738208219 0 -0.0016161821710772896 0.00091912816114599744 0.017722907280385267 -0.0039726872837788614 0 -0.0055786962491939157 -0.011240106342830659 -0.010216885443362481 0.0040995658858648141 0 0.0084470347388149233 -0.0099733007269449375 0.015166770198702703 0 0.0098413241967231779 -0.0013866650721080405 0.0029192020552553416 -0.00068254122187111398 -0.0031765518854263183 -0.0021945482061802774 0 -0.011271189987154248 -0.0020431512517095759 0.0096473145902044068 0.008326292405391374 0.015958462553143715 -0.0084169529849614632 0 -0.0074237108788663955
leaf_weight=3.9534792690537897 3.910119674168528 6.9613053449429563 6.91827344731428 20.864741301629696 10.8457596860826 7.6692667440511277 9.7307955296710116 13.954977376852183 39.444293259875849 6.1393850236199787 25.472408449044451 11.556259923614563 17.577607951592654 16.788968742825091 15.063563450472428 10.542150959139692 88.468812215374783 10.852070141350849 10.222203375073148 13.328781396616249 4.7240891056135288 33.458011529408395 19.554591353051364 2.91303562442772 37.736638876842335 11.040253598010166 10.970328050199896 3.2176517769694319 5.7767553739249697 29.096116697415709
leaf_count=85 114 404 677 328 190 127 196 414 3162 338 663 240 308 339 1098 407 6821 379 359 956 332 2740 1796 323 3319 983 303 111 576 3023
internal_value=0.000194926 0.00808396 -0.000202334 0.00262649 0.00828457 0.0135482 0 -0.00662488 -0.00142184 -0.00509277 0.00185641 0.00354672 -0.00176036 0.0074873 -0.00669243 -0.000382533 -0.00102332 0.00439067 0.000835774 0.00365038 -0.00133818 -0.00345317 -0.00773437 0.00602509 0.00811861 0.00428902 0.0129796 -0.000168908 -0.00887086 -0.00337102
internal_weight=508.753 21.8418 486.911 138.414 39.3798 28.534 99.0345 17.9085 348.497 66.424 81.126 71.3952 29.1339 42.2614 60.2846 282.073 257.461 24.6119 139.896 64.2007 75.6952 59.9309 26.4729 50.8719 40.6497 15.7643 14.8804 14.0697 45.221 117.565
internal_count=31111 821 30290 2890 645 455 2245 499 27400 5174 1746 1550 548 1002 4836 22226 21329 897 11485 4957 6528 5213 2473 4001 3642 1315 417 490 3738 9844
is_linear=0
shrinkage=0.05


Tree=85
num_leaves=31
num_cat=0
split_feature=4 10 31 26 38 10 13 25 11 10 37 25 14 31 4 7 19 28 33 37 37 6 26 6 24 37 15 41 33 6
split_gain=0.537918 0.902175 0.925202 0.50997 0.5759 0.742244 0.526118 0.46417 0.439688 0.437281 1.09013 1.12979 1.72237 1.12911 0.927097 0.767703 1.27659 0.721061 0.638827 0.585049 0.707506 0.541756 0.469505 0.41371 0.42101 0.38766 0.368666 0.368502 0.362763 0.374165
threshold=-0.33666665852069849 0.36333334445953375 -0.12333333492279051 0.42333334684371954 0.023255825042724613 0.38333332538604742 -0.12333333492279051 0.32999998331069952 -0.40333333611488337 0.030000001192092899 0.009663581848144533 -0.056666672229766839 -0.21666666865348813 -0.43000000715255732 0.42333334684371954 -0.076666668057441698 -0.236666664481163 0.12333333492279054 0.11000001430511476 0.009663581848144533 0.021707057952880863 -0.1766666769981384 -0.41666667163372034 -1.0000000180025095e-35 -0.26333332061767573 0.031753063201904304 -0.3899999856948852 0.026897014118731025 -0.15000000596046445 -0.036666661500930779
decision_type=2 2 2 2 2 2 2 2 2 2 2 2 2 2 2 2 2 2 2 2 2 2 2 2 2 2 2 2 2 2
left_child=1 2 23 9 8 -6 -7 -3 -5 15 13 -12 21 14 -11 18 22 -18 19 -2 -21 -13 -17 24 -1 -20 -10 -24 -29 -30
right_child=3 7 -4 4 5 6 -8 -9 26 10 11 12 -14 -15 -16 16 17 -19 25 20 -22 -23 27 -25 -26 -27 -28 28 29 -31
leaf_value=0 -0.0081936278110818286 0.015927604990051445 0.0051912095092557274 -0.007894901514096591 0.011280114144986291 -0.010032364225873773 0.0054281679374581435 0 0.0078969168593627861 0.012071821557909611 0 0 0 -0.0030708386146822766 -0.0046905202440228125 -0.0011214315052166461 0.0026617058785394889 -0.0081162364358899133 0.011208944393911282 0.0098764545116435433 -0.0037127207136123 -0.022464591355354117 0 0.00014991400630974341 -0.014590477713665201 -0.0025782440393447266 -0.0013891658914401738 0 0 0.016581038324019953
leaf_weight=5.8123756167478851 45.275425639236346 11.207309101941062 34.001084619900212 10.505421864334492 23.054220432415608 5.0434425426647067 3.5732102165929955 3.8815222068224093 9.7232316336594504 21.634362131357197 33.390389414737001 3.8231403576210168 17.901706364937127 85.317192006623372 5.4659677864983669 4.2010970152914515 27.483880586922169 20.720985060557723 5.8903963214252135 7.3585999922361216 27.7854870185256 20.734621778363362 3.695836078375577 8.8113596902694535 9.6025220197625476 1.6927163130603728 20.226423607440669 5.9253034372813991 4.142757528461515 22.668497469974685
leaf_count=420 3647 548 2593 218 678 99 156 330 203 525 1983 110 1908 5452 233 180 2749 2064 302 519 2249 614 141 564 523 137 814 284 199 734
internal_value=-0.000267894 0.00345981 0 -0.000987738 0.00257701 0.00713836 -0.00231427 0.0123276 -0.000916509 -0.00178959 -0.00342714 -0.00782135 -0.0127126 -5.10587e-06 0.00769828 0 0.00318265 -0.00189558 -0.00319339 -0.00478633 0 -0.0199298 0.00921198 -0.00639214 -0.0102933 0.0065114 0.001745 0.0109828 0.0124865 0.0145502
internal_weight=510.55 73.3162 58.2273 437.234 72.126 31.6709 8.61665 15.0888 40.4551 365.108 188.267 75.8499 42.4595 112.418 27.1003 176.841 88.8384 48.2049 88.0026 80.4195 35.1441 24.5578 40.6335 24.2263 15.4149 7.58311 29.9497 36.4324 32.7366 26.8113
internal_count=31176 4978 4100 26198 2168 933 255 878 1235 24030 10825 4615 2632 6210 758 13205 6351 4813 6854 6415 2768 724 1538 1507 943 439 1017 1358 1217 933
is_linear=0
shrinkage=0.05


Tree=86
num_leaves=31
num_cat=0
split_feature=23 4 10 5 10 39 39 18 4 35 36 35 10 11 31 28 28 36 38 11 29 17 29 31 31 28 25 26 37 37
split_gain=0.726607 0.766152 0.778177 0.677324 0.588953 0.588639 0.582917 0.546538 0.515741 0.694849 0.508493 0.576912 0.492324 0.46313 0.442016 0.420421 0.408126 0.563578 0.551353 0.644425 0.50202 0.496914 0.487874 0.479548 0.404551 0.370585 0.361849 0.343534 0.34243 0.388101
threshold=0.20333331823349002 0.096666663885116591 0.40333333611488348 -0.023333340883255001 0.18333333730697635 0.024153697304427627 0.016668118536472324 0.14333331584930423 0.44333332777023321 0.31666666269302374 1.0000000180025095e-35 -0.41666667163372034 0.21666666865348819 0.056666672229766853 0.083333313465118422 0.35500001907348638 0.38833332061767584 0.37666666507720953 0.00094079971313476573 -0.45666666328907007 0.31666666269302374 -0.40333333611488337 0.38333332538604742 0.35000002384185797 -0.023333340883255001 -0.24333333969116208 0.20999997854232791 -0.21000000834465024 0.005856037139892579 -0.0037798881530761714
decision_type=2 2 2 2 2 2 2 2 2 2 2 2 2 2 2 2 2 2 2 2 2 2 2 2 2 2 2 2 2 2
left_child=1 2 10 -3 6 -6 -5 -8 9 16 11 -1 13 -12 25 -11 20 18 -18 -20 23 -22 -21 -2 -23 -4 -27 -17 29 -13
right_child=8 3 14 4 5 -7 7 -9 -10 15 12 28 -14 -15 -16 27 17 -19 19 22 21 24 -24 -25 -26 26 -28 -29 -30 -31
leaf_value=-0.0064988615884286191 -0.001403816928499696 -0.012720196593926604 0 -0.0064779692828840461 0 -0.013840124868530607 0.0084715286271286241 -0.0027587239370456956 -0.0042926696520116337 0 -0.0080117275153494798 0.0019329927261731224 0.00075925818238785424 0 -0.00016780996933955846 0 -0.012977269777366178 0.0067410487350769328 0.0083144614864095259 0.00189575595150101 0 0.015291969101955825 -0.012133115124740584 0.0077967099947286473 0 0.018185380066933144 0 0.01419762665879277 0.005629234892260377 -0.0074349491669296972
leaf_weight=13.557176775299011 58.035542654804885 19.286038849968463 3.7572133636567768 9.7365348178427649 20.473321873461831 11.191207723924888 23.412749692099169 9.1983160963281971 17.835767285665497 7.8462663278915015 52.519966894993559 45.296853760024533 34.257932767970487 19.928826228249818 6.7050542689394197 3.7387175785843345 9.6399163347668964 4.4477993962354949 6.9685343946330276 4.491272359620778 7.5327211790718165 12.814262361265719 6.8829008943866938 11.767144621815531 2.5870075591374162 7.9715150240808708 3.8946704633999616 20.017321019433435 44.91679953597486 8.0847425875253958
leaf_count=993 4175 1348 336 648 1101 531 1264 895 1402 653 3228 3203 2000 1735 510 145 329 94 100 228 149 399 226 672 229 225 124 511 3006 621
internal_value=-0.00022009 -0.00162193 0 -0.00531992 -0.00226985 -0.00695396 0.00114385 0.00471997 0.00228931 0.00332237 -0.0010775 0.00109422 -0.00351288 -0.00575524 0.00771176 0.00941689 0.00123265 -0.00289169 -0.00607834 0 0.00301622 0.00861202 -0.00641301 0.000311745 0.0125825 0.0113578 0.0144216 0.0121402 0.00269477 0
internal_weight=508.794 334.189 240.891 93.2982 74.0121 31.6645 42.3476 32.6111 174.605 156.769 218.562 111.856 106.707 72.4488 22.3285 31.6023 125.167 32.4304 27.9826 18.3427 92.7367 22.934 11.3742 69.8027 15.4013 15.6234 11.8662 23.756 98.2984 53.3816
internal_count=31080 21768 15981 5787 4439 1632 2807 2159 9312 7910 14786 7823 6963 4963 1195 1309 6601 977 883 554 5624 777 454 4847 628 685 349 656 6830 3824
is_linear=0
shrinkage=0.05


Tree=87
num_leaves=31
num_cat=0
split_feature=4 5 39 41 0 22 28 7 4 9 23 37 26 9 37 21 25 38 26 5 26 40 22 40 40 37 37 2 19 40
split_gain=0.642328 0.976225 0.770904 0.939603 0.667592 0.556532 0.42016 0.420021 0.419693 0.593271 0.590885 0.533057 0.499539 0.520724 0.568061 0.442282 0.519453 0.492388 0.424458 0.362722 0.410578 0.356265 0.389658 0.354958 0.475556 0.343506 0.319649 0.316242 0.29971 0.289526
threshold=0.4499999880790711 0.27666664123535162 0.015892331488430503 0.044630834832787521 -0.36333334445953364 0.1616666913032532 0.37000000476837164 0.49666666984558111 -0.31000000238418574 0.37666666507720953 0.26333332061767584 0.0067873001098632821 -0.17000000178813932 0.17000001668930056 -0.027168273925781247 0.083333313465118422 0.18333333730697635 0.18432664871215823 -0.15666666626930234 1.0000000180025095e-35 -0.29666668176650995 0.68333333730697643 -0.30333334207534784 0.40000000596046453 0.94333332777023327 -0.009902000427246092 -0.054805755615234368 -0.056666672229766839 -0.20333333313465116 0.089999999850988402
decision_type=2 2 2 2 2 2 2 2 2 2 2 2 2 2 2 2 2 2 2 2 2 2 2 2 2 2 2 2 2 2
left_child=1 8 -3 4 -4 -6 -7 -2 15 10 19 25 -12 14 -14 16 17 18 -1 20 -10 27 -23 -20 -25 -11 -5 -22 -16 -8
right_child=7 2 3 26 5 6 29 -9 9 11 12 -13 13 -15 28 -17 -18 -19 23 -21 21 22 -24 24 -26 -27 -28 -29 -30 -31
leaf_value=0 -0.0097351357916254863 -0.0028405682664205019 -0.0008698296134585573 -0.0067900596406456669 0.017946070820172889 -0.002187471070435593 0 0.0034459866304005129 0.0012013117921342862 -0.0052761140932908205 -0.0026051853347956126 -0.014101188154193667 -0.00022528663306036652 -0.0005639363994613967 0.014340614808074567 -0.0036407179567367167 -0.0012508136293309987 -0.0045513811125730596 0.0015298046459883315 0.00041967939387272074 -0.0053771154067245065 0 -0.011348449488366538 0.017983031587851042 0 0.0065846424914374549 0.0026269075791950217 0.000504693315690628 0 0.011407604046301617
leaf_weight=12.934304602909828 18.529048303607855 18.657574457582086 6.4237934034317723 6.2949728148523709 22.544280198169872 7.9643586415331837 6.2923423787578967 1.4423797598574299 25.93334654555656 8.4190853270702046 16.911898353602737 10.354397065937517 8.2371816672384721 15.050658100983126 20.094515897566453 13.251347008161245 18.436919294297695 1.7603739434853185 13.114201235817751 86.732262887759134 33.011711583007127 4.5723530245013562 25.943113885587081 15.274845193838702 2.9194910039659581 4.548926462884995 27.658374581253156 37.217710965080187 7.571532396599653 11.922888692235572
leaf_count=915 1540 1052 447 360 1026 585 158 129 1942 464 1253 550 473 603 576 863 1580 114 827 5188 2336 299 1875 673 156 173 1511 2334 752 389
internal_value=0.00033572 0.000778926 0.00486256 0.00681591 0.0105199 0.0124091 0.00440698 -0.00724439 -0.00036512 -0.00126213 -0.000451778 -0.00809048 0.00330995 0.00577979 0.00873567 0.00269137 0.0045476 0.00722839 0.00868223 -0.00181977 -0.00349111 -0.00493285 -0.00927272 0.0113999 0.0153371 0 0 -0.00213774 0.0117109 0.0081503
internal_weight=510.02 490.049 107.759 89.101 55.1477 48.7239 26.1796 19.9714 382.29 304.599 281.276 23.3224 67.8658 50.9539 35.9032 77.6915 64.4401 46.0032 44.2428 213.41 126.678 100.745 30.5155 31.3085 18.1943 12.968 33.9533 70.2294 27.666 18.2152
internal_count=31143 29474 5528 4476 2605 2158 1132 1669 23946 18818 17631 1187 3657 2404 1801 5128 4265 2685 2571 13974 8786 6844 2174 1656 829 637 1871 4670 1328 547
is_linear=0
shrinkage=0.05


Tree=88
num_leaves=31
num_cat=0
split_feature=35 31 20 19 35 36 38 7 9 33 11 30 28 2 29 30 8 19 38 37 30 13 33 33 10 30 18 26 21 31
split_gain=0.532918 0.778282 1.20781 0.727029 0.592377 0.516289 0.577512 0.496922 0.886169 0.928834 0.848404 0.761401 0.622955 0.508401 0.599463 0.454605 0.615714 0.593731 0.551072 0.467498 0.395354 0.439403 0.382559 0.371393 0.370275 0.336595 0.340537 0.356252 0.320347 0.319482
threshold=-0.41666667163372034 0.47666668891906744 -0.21666666865348813 -0.036666661500930779 -0.36333334445953364 0.40333333611488348 -0.043200969696044915 0.083333313465118422 -0.096666663885116563 0.18999999761581424 0.01666665077209473 0.41666668653488165 0.46166664361953741 0.056666672229766853 0.16333335638046267 0.26333332061767584 -0.096666663885116563 -0.21666666865348813 0.03821611404418946 0.026123046875000003 0.41666668653488165 -0.10999999940395354 -0.15666666626930234 0.45666664838790899 0.3966666460037232 -0.43000000715255732 -0.36333334445953364 0.31000000238418585 0.1566666662693024 -0.37666666507720942
decision_type=2 2 2 2 2 2 2 2 2 2 2 2 2 2 2 2 2 2 2 2 2 2 2 2 2 2 2 2 2 2
left_child=25 3 -3 4 -2 7 -7 10 22 20 13 -11 24 15 -15 16 18 -18 -6 -17 21 -10 -9 -5 -13 -1 -27 -28 -20 -21
right_child=1 2 -4 23 5 6 -8 8 9 11 -12 12 -14 14 -16 19 17 -19 28 29 -22 -23 -24 -25 -26 26 27 -29 -30 -31
leaf_value=0.00024457740827743454 0.0099034546669922487 -0.0047468007089944333 0.015929605208987615 -0.0040230781720450191 -0.0027972554937690311 0.0012190741739512142 -0.011274654497598971 0 0.0018013965002780779 -0.00034713597919361702 0.0064790265462276357 0.015593151567802997 0 0 -0.010873658117424802 0.010792296979441934 -0.011359663354513194 0.0027188645336876558 0.010843408170861388 -0.00756855278380334 -0.011446934590125067 -0.00906890398009484 0.015106565471398492 0.0031911247508763837 0 4.7556171556432549e-05 -0.013301835180023137 0 -5.1599984805825801e-05 0.0042118978797508946
leaf_weight=8.9099885183386487 12.562663186574353 5.4233218117151436 12.677854280220343 126.60502707306296 21.629519903101027 10.196880305185916 12.610151753993703 2.493987484136599 32.11821788456291 27.030182910850272 27.235100605292246 19.614030864555392 8.9969124952331168 25.675615432905033 23.921735936310142 11.261555059347303 18.390952602494512 4.3963833719026288 11.429400686873121 4.7118520876392722 6.5724161108955732 5.909337244462221 14.209932988975195 12.145720766624434 5.9039920463692388 4.0291820755228427 15.951782304327937 4.1572482846677294 3.9766809954307965 4.8304045447148365
leaf_count=644 639 240 451 13070 1347 208 288 163 1260 1058 1936 330 157 1580 779 276 898 411 584 81 135 434 537 1094 109 143 1439 257 256 139
internal_value=-0.000125534 0.000284668 0.00905792 -0.000123981 0.00114553 0.000516494 -0.00573047 0.00122153 0.0035537 0.00129116 -0.000508733 0.0052269 0.00961417 -0.00237468 -0.00605621 0 -0.00209067 -0.00777448 0.0014219 0.00562738 -0.00362163 -0.000325674 0.0126892 -0.00311277 0.0129703 -0.00577344 -0.0084308 -0.0107076 0.00763705 -0.000672789
internal_weight=505.578 472.53 18.1012 454.429 315.678 303.115 22.807 280.308 122.849 106.145 157.459 61.5451 34.5149 130.224 49.5974 80.6267 59.8229 22.7873 37.0356 20.8038 44.6 38.0276 16.7039 138.751 25.518 33.0482 24.1382 20.109 15.4061 9.54226
internal_count=30943 28460 691 27769 13605 12966 496 12470 4183 3483 8287 1654 596 6351 2359 3992 3496 1309 2187 496 1829 1694 700 14164 439 2483 1839 1696 840 220
is_linear=0
shrinkage=0.05


Tree=89
num_leaves=31
num_cat=0
split_feature=19 11 2 1 40 9 32 41 33 25 32 27 6 2 27 28 33 40 21 18 14 9 14 39 26 14 14 26 27 41
split_gain=0.585463 0.808058 0.582289 0.555119 0.495862 0.651586 1.26501 0.758335 0.575854 0.510617 0.442385 0.714156 0.691753 0.423806 0.470778 0.401537 0.466925 0.392529 0.385931 0.38027 0.376447 0.465342 0.424995 0.352564 0.342884 0.675264 0.338868 0.335764 0.516993 0.331923
threshold=0.056666672229766853 0.056666672229766853 0.38333332538604742 -0.12333333492279051 0.089999999850988402 0.26999998092651373 -0.21666666865348813 0.036229580640792854 0.22333335876464847 -0.090000003576278673 0.083333313465118422 0.36333334445953375 0.01666665077209473 -0.29000000655651087 -0.2766666561365127 0.38833332061767584 0.32333332300186163 0.22666666656732562 -0.023333340883255001 0.35000002384185797 0.44333332777023321 -0.48333333432674402 0.096666663885116591 0.02655676752328873 0.13666665554046634 -0.3899999856948852 -0.236666664481163 0.37666666507720953 -0.2766666561365127 0.051111852750182159
decision_type=2 2 2 2 2 2 2 2 2 2 2 2 2 2 2 2 2 2 2 2 2 2 2 2 2 2 2 2 2 2
left_child=1 4 3 -3 9 8 26 -8 13 -1 11 20 -12 14 -6 16 -10 23 -13 -19 21 -2 -23 -14 -9 -26 -7 28 -15 -29
right_child=10 2 -4 -5 5 6 7 24 15 -11 12 18 17 27 -16 -17 -18 19 -20 -21 -22 22 -24 -25 25 -27 -28 29 -30 -31
leaf_value=-0.0010094992263700471 0.0019119980984650922 0.00021394722948143375 -0.0024991574848998721 0.011669672416003876 0.010662068751084629 0.012212697996702786 -0.015483328298078643 0.0033802619710710056 0.0052860325478712505 0.0073837727638628283 0.010978852579093149 0.0076779226049027809 0.0056922590726328336 -0.0090783666614055354 -0.00073400000313774284 0.012144545158084699 -0.0080299374539181852 0 -0.003682907599398216 -0.0090332021269657944 0 0 -0.012341926921662673 -0.0044463800207629987 -0.011416492259459241 0.003337503273991588 -0.00040555995489742941 0.005746674941596989 -0.00086703310494949399 -0.0029496645305834347
leaf_weight=22.276756493607536 3.3032675278373054 21.346772367833182 9.6886422373354417 32.16618584911339 9.5026824178639817 5.2093266481533647 19.108801519498229 9.6719635485205817 12.35757748689503 34.476447339868173 6.6813251716084769 10.21820381330326 20.081894069910053 24.384071879787371 11.726705964654682 9.9656075015664083 4.1483192509040228 25.163040483603254 5.5819813294801852 17.92995158652775 8.1935065092984569 9.8700545788742584 39.341264640679583 4.9502859197091302 11.911937801633032 6.3998823906294993 2.9757034147623909 18.761766349896792 80.058223181404173 10.586890720063819
leaf_count=1187 210 1448 570 2236 242 104 497 333 485 1261 246 817 2034 932 736 191 186 2539 528 1935 668 1070 3500 444 217 215 216 488 5341 319
internal_value=0 0.00109271 0.00595404 0.00800225 0 -0.0010751 -0.00555902 -0.0089259 0.000291435 0.00390934 -0.00255948 -0.00508868 0 -0.00080612 0.00467433 0.00645007 0 -0.00164604 0.00260854 -0.00451772 -0.0075212 -0.00897624 -0.0102883 0.00240962 -0.00176942 -0.00568065 0.0076317 -0.00201788 -0.00339954 0.00193422
internal_weight=508.039 356.724 63.2016 53.513 293.523 236.769 55.2776 47.0926 181.492 56.7532 151.315 76.5083 74.8065 155.02 21.2294 26.4715 16.5059 68.1252 15.8002 43.093 60.7081 52.5146 49.2113 25.0322 27.9838 18.3118 8.18503 133.791 104.442 29.3487
internal_count=31195 17204 4254 3684 12950 10502 1582 1262 8920 2448 13991 6793 7198 8058 978 862 671 6952 1345 4474 5448 4780 4570 2478 765 432 320 7080 6273 807
is_linear=0
shrinkage=0.05


Tree=90
num_leaves=31
num_cat=0
split_feature=3 27 21 21 0 2 41 12 12 29 14 32 19 21 23 3 41 38 30 10 29 39 15 29 23 41 38 10 25 38
split_gain=0.618161 1.13372 0.921139 0.599231 0.569058 0.527505 0.593512 0.591101 0.76794 0.577237 0.571142 0.852986 0.553326 0.536131 0.664735 0.50465 0.504583 0.499756 0.458613 0.393086 0.385736 0.354062 0.353421 0.82506 0.710925 0.502183 0.484283 0.466565 0.400524 0.340872
threshold=-0.22333332896232602 -0.21666666865348813 0.23666667938232425 -0.11666667461395262 -0.4433333277702331 -0.29000000655651087 0.037274278700351722 -0.049999997019767754 0.23666667938232425 0.24333333969116214 -0.43000000715255732 -0.15666666626930234 -0.43000000715255732 -0.12999999523162839 0.46999999880790716 0.36333334445953375 0.049432035535573966 0.16974687576293948 -1.0000000180025095e-35 0.4499999880790711 -0.29000000655651087 0.0248873345553875 0.22333335876464847 0.096666663885116591 0.29000002145767217 0.042340703308582313 0.12839555740356448 -0.35000000894069666 0.32999998331069952 -0.20502901077270505
decision_type=2 2 2 2 2 2 2 2 2 2 2 2 2 2 2 2 2 2 2 2 2 2 2 2 2 2 2 2 2 2
left_child=1 2 17 16 19 -6 7 9 18 -7 11 -8 -12 -11 21 -13 20 -1 -9 -2 -3 -15 23 25 26 -14 -25 -27 -24 -29
right_child=4 3 -4 -5 5 6 10 8 -10 13 12 15 22 14 -16 -17 -18 -19 -20 -21 -22 -23 28 24 -26 27 -28 29 -30 -31
leaf_value=0.011522759646034393 -0.013540082055191711 0 -0.0054091812297117035 0.0040707470472704718 0.0053337690724190034 -0.00053888662341436985 0.0039676494716597652 0 0.0035492990286034431 -0.0022894057200348473 0.0075262077975772656 -0.013184729014873284 -0.003447227949113325 0.013641654649439207 -0.0025292003826686052 0 0.0014779616457813087 -0.0019856139941051114 -0.013368262456446029 0.00051862382341924822 -0.010714923200639104 0 -0.0099784706950976614 -0.010171019665303375 0.0010023569003761322 -0.0027505632134302549 0.0010629755215846579 -0.00019920424492487969 0.00072664734966137057 0.009431922614155307
leaf_weight=45.60597200714983 9.3829441294074041 11.937991776969282 5.2682281627785406 26.255044895224273 24.786626894259825 39.51367748552002 6.7134764948859802 11.616769613232464 15.63314422382973 6.9352756934240452 9.0517663736827654 30.264519168995321 13.142396560171617 27.885610065422952 5.2361444525886318 8.8311033206991834 16.194969528354704 2.5752793247811487 12.511513644363731 2.0549807609058908 22.166787694673985 9.5353738493286055 20.35948192328215 37.234326884848997 27.5884087565355 6.4099574505817065 6.0778123026248059 5.2543779034167448 5.9231241901870808 34.260943354340284
leaf_count=1832 750 1129 142 2012 1746 2580 164 1212 1437 199 253 629 1175 677 131 151 1378 116 928 149 1910 260 1735 2267 1614 605 331 328 674 2626
internal_value=-0.000234274 0.00260344 0.00784976 -0.00106093 -0.00130579 -0.000795564 -0.00139944 0.00110611 -0.00335257 0.00344453 -0.00303233 -0.00774799 -0.00135397 0.00678371 0.00887304 -0.0105744 -0.00433193 0.0101994 -0.00847047 -0.0102712 -0.00752255 0.0111733 -0.00228178 -0.000852093 -0.00446331 0.0031102 -0.0081501 0.00564969 -0.00710486 0.00774456
internal_weight=506.208 130.004 53.4495 76.5548 376.204 364.766 339.979 128.868 39.7614 89.1061 211.112 45.8091 165.303 49.5924 42.6571 39.0956 50.2997 48.1813 24.1283 11.4379 34.1048 37.421 156.251 129.968 70.9005 59.0677 43.3121 45.9253 26.2826 39.5153
internal_count=31140 8519 2090 6429 22621 21722 19976 7424 3577 3847 12552 944 11608 1267 1068 780 4417 1948 2140 899 3039 937 11355 8946 4212 4734 2598 3559 2409 2954
is_linear=0
shrinkage=0.05


Tree=91
num_leaves=31
num_cat=0
split_feature=30 27 23 31 33 5 19 10 31 37 31 5 4 5 27 31 39 31 16 6 39 11 33 10 31 12 11 19 17 21
split_gain=0.553183 0.562824 1.1047 0.535208 0.465129 0.464918 0.510599 1.21605 0.641144 0.540062 0.531684 0.507254 0.494099 0.515847 0.486194 0.497047 0.795501 0.468406 0.419605 0.415284 0.412617 0.407787 0.89094 0.368211 0.59168 0.525777 0.499298 0.481681 0.357668 0.353
threshold=0.46166664361953741 -0.33666665852069849 0.48333334922790533 0.48333334922790533 0.26999998092651373 1.0000000180025095e-35 -0.20333333313465116 0.030000001192092899 -0.049999997019767754 0.042311668395996101 0.42333334684371954 0.18333333730697635 0.2833333313465119 0.37666666507720953 0.35000002384185797 0.23000001907348636 0.018581680022180084 0.40333333611488348 -0.4433333277702331 0.29666668176651007 0.017265589907765392 -0.32333332300186152 0.29666668176651007 0.43666666746139532 -0.36333334445953364 -0.36333334445953364 -0.10999999940395354 -0.37666666507720942 -0.3899999856948852 0.34333333373069769
decision_type=2 2 2 2 2 2 2 2 2 2 2 2 2 2 2 2 2 2 2 2 2 2 2 2 2 2 2 2 2 2
left_child=3 21 28 5 -5 14 7 8 -7 12 18 -12 -9 20 15 23 -17 -16 -8 -13 -14 22 -2 24 26 -26 -1 -27 -3 -18
right_child=1 2 -4 4 -6 6 10 9 -10 -11 11 19 13 -15 17 16 29 -19 -20 -21 -22 -23 -24 -25 25 27 -28 -29 -30 -31
leaf_value=-0.01178698265895454 0.0043766330629011509 0.018990340310400214 -0.0059326088666146861 0.010453601736401349 -0.0025460427852610074 0.011030149638820961 0.0064029681409370712 0 -0.001093531826300391 0.005516967857774821 -0.0043725325387693912 0.01349539033402161 0 0.0010835513002100433 -0.001179249948647469 0.00026903867641484084 -0.013575133829897777 0.01032680509351541 -0.005011712673003009 0 -0.01572582501269236 0.0061710236435288043 -0.011585230375312065 0.0063212746468289359 0.0040553012077795686 -0.010358008503323569 0.00045812397168638799 -0.0006832108202045878 0.00097868377133192861 0
leaf_weight=21.744946375722069 9.7380038052797371 9.7181596304290032 3.6796747902408233 12.201712444890292 3.8654737521428606 36.134622559184209 1.8801498543471087 40.337827241746709 8.5888044626917672 14.095546982949598 4.1088951148558435 7.7862910956609976 5.4970294148661258 4.9296491676941505 17.633400461170826 12.985545616829766 29.594023406272758 6.4651924145873627 84.945357605814934 4.2836123320739716 11.91717251180671 8.9143541092053038 11.712997869122772 4.6244656969793132 29.568849495844916 12.465886237332596 5.96253727399744 70.111078002490103 8.0347560760565102 2.0671933558769515
leaf_count=757 120 137 172 392 209 1211 45 1302 542 409 201 293 125 129 1933 1247 2151 213 9160 355 370 183 178 331 1186 445 448 6238 411 171
internal_value=-0.00045503 0.00407472 0.00928833 -0.00107287 0.00635131 -0.00148392 5.99054e-06 0.00225718 0.00835507 -0.00134102 -0.00239817 0.00423489 -0.00359445 -0.00865379 -0.00312393 -0.00402662 -0.00853513 0.00252025 -0.00409732 0.00902751 -0.0120493 0 -0.00405558 -0.00218249 -0.00288356 -0.000838179 -0.00879772 -0.00302866 0.0141974 -0.0122775
internal_weight=505.593 51.7979 21.4326 453.795 16.0672 437.728 224.505 121.501 44.7234 76.7772 103.004 16.1788 62.6817 22.3439 213.223 189.125 44.6468 24.0986 86.8255 12.0699 17.4142 30.3654 21.451 144.478 139.853 112.146 27.7075 82.577 17.7529 31.6612
internal_count=31064 1201 720 29863 601 29262 14142 4088 1753 2335 10054 849 1926 624 15120 12974 3569 2146 9205 648 495 481 298 9405 9074 7869 1205 6683 548 2322
is_linear=0
shrinkage=0.05


Tree=92
num_leaves=31
num_cat=0
split_feature=9 41 31 19 26 41 9 15 41 25 19 36 31 36 1 16 28 27 19 31 36 5 20 0 36 8 9 39 36 36
split_gain=0.578128 0.942687 0.595069 0.74248 0.597247 0.51211 0.776043 0.493274 0.563842 0.489572 0.487369 0.439612 0.617492 0.513801 0.507003 0.505445 0.438205 0.538134 0.517418 0.465661 0.402378 0.367736 0.353734 0.34551 0.378847 0.452709 0.321048 0.34187 0.343691 0.329204
threshold=0.43666666746139532 0.048285981640219695 0.48333334922790533 -0.04333332180976867 -0.46999999880790705 0.055189093574881561 0.37000000476837164 -0.24333333969116208 0.079768318682909026 0.32333332300186163 -0.29000000655651087 -0.18333333730697629 -0.3899999856948852 0.096666663885116591 -0.20333333313465116 -0.33666665852069849 1.0000000180025095e-35 0.35666668415069586 0.32333332300186163 0.40333333611488348 -0.29666668176650995 0.33666664361953741 -0.22999998927116391 -1.0000000180025095e-35 0.22333335876464847 -0.056666672229766839 -0.17000000178813932 0.02058355696499348 0.056666672229766853 0.069999992847442641
decision_type=2 2 2 2 2 2 2 2 2 2 2 2 2 2 2 2 2 2 2 2 2 2 2 2 2 2 2 2 2 2
left_child=2 9 3 4 -1 6 11 8 -7 -2 21 20 13 -13 -15 26 17 18 -5 -19 -6 -8 -4 -17 25 -25 -14 29 -29 -28
right_child=1 -3 22 16 5 7 10 -9 -10 -11 -12 12 15 14 -16 23 -18 19 -20 -21 -22 -23 -24 24 -26 -27 27 28 -30 -31
leaf_value=-0.0096498399842207747 0.013793614775614714 -0.0049153823089388019 -0.0003647700560183996 -0.00026238840578640487 0.0011278777916878542 0.011074461096643784 -0.015626752936432654 -0.00058687810514795001 -0.00029662879154942058 0 0.0013238499608514 -0.00020893288229039764 0.0043724431751041744 0 0.013976617724959662 0.0067706499118919466 -0.0073259956850812427 -0.00030615493867771075 -0.0095421913481554526 0.01118767447293032 -0.0064415921951613657 0 0.011193436389013758 0.003232285234710747 0.0081904964437834234 -0.0068224704380556367 -0.005255837628598878 0 -0.010183230871674403 0.0037913031919026073
leaf_weight=7.7619038845878086 17.852050489978868 8.7597982201259565 4.0108807520009568 55.2610545870848 23.884328913176432 28.039617346134037 9.945652972441172 18.024706496624276 9.5723368595354241 9.6489132284186763 4.6950027546845368 10.099323018454013 6.3533320790156713 8.1397527074441332 19.103289222344756 30.726629880955443 52.597266914322972 13.364057779777797 18.653209208045155 7.7143724232446393 28.081442125607282 6.6443437254056326 10.717745328322051 11.31303031044081 4.6384239932522169 19.444423615932465 11.032563491724433 11.024146355222912 20.359100571833551 18.523856067331508
leaf_count=447 818 661 150 5327 1640 849 197 1243 333 605 215 207 153 170 377 2149 5408 1737 2032 256 1519 106 348 731 335 1339 317 309 623 442
internal_value=0 0.00557639 -0.000525101 -0.000939878 0.000398263 0.000924662 -2.53223e-06 0.00500111 0.00796459 0.00994636 -0.00806524 0.000850052 0.0021513 0.00736733 0.0104588 0.000257807 -0.00379647 -0.0012755 -0.0034577 0.00452403 -0.00277462 -0.0114749 0.00764534 0.00337154 0 -0.00252012 -0.00248621 -0.00390256 -0.00708052 0
internal_weight=505.987 36.2608 469.726 454.997 307.407 299.645 244.009 55.6367 37.612 27.501 21.285 222.724 170.758 37.3424 27.243 133.416 147.59 94.9927 73.9143 21.0784 51.9658 16.59 14.7286 66.1225 35.3959 30.7575 67.293 60.9397 31.3832 29.5564
internal_count=31043 2084 28959 28461 13701 13254 10829 2425 1182 1423 518 10311 7152 754 547 6398 14760 9352 7359 1993 3159 303 498 4554 2405 2070 1844 1691 932 759
is_linear=0
shrinkage=0.05


Tree=93
num_leaves=31
num_cat=0
split_feature=30 23 4 5 38 3 25 19 27 25 30 30 23 22 40 7 5 28 21 31 29 14 17 41 37 27 39 38 27 24
split_gain=0.636803 0.802198 0.5095 0.63887 0.580406 0.770135 0.545921 0.623062 0.498413 0.434001 0.427187 0.4832 0.426085 0.417325 0.379746 0.368524 0.358816 0.498073 0.579428 0.433657 0.600119 0.406005 0.391654 0.376644 0.371178 0.407125 0.347893 0.435391 0.324295 0.321305
threshold=0.47500002384185797 0.47666668891906744 0.34333333373069769 -1.0000000180025095e-35 0.11726856231689455 0.056666672229766853 -0.25666666030883784 -0.45666666328907007 -0.32999998331069941 0.35666668415069586 -0.096666663885116563 0.29000002145767217 0.20999997854232791 -0.13666665554046628 0.25666666030883795 -0.069999992847442613 0.33666664361953741 0.36333334445953375 0.29666668176651007 -0.16333332657814023 0.20333331823349002 -0.22999998927116391 -0.14333333075046537 0.046601507812738426 0.0075397491455078134 -0.21666666865348813 0.017438697628676895 0.18432664871215823 -0.4433333277702331 -0.18333333730697629
decision_type=2 2 2 2 2 2 2 2 2 2 2 2 2 2 2 2 2 2 2 2 2 2 2 2 2 2 2 2 2 2
left_child=2 8 3 4 5 6 29 -8 28 16 15 13 -7 -12 -14 -9 17 19 22 21 24 -5 -19 -18 25 -21 -4 -28 -2 -1
right_child=1 -3 26 9 -6 12 7 10 -10 -11 11 -13 14 -15 -16 -17 23 18 -20 20 -22 -23 -24 -25 -26 -27 27 -29 -30 -31
leaf_value=0.0094924577026661815 0.0067396958802816796 -0.0043616548087296462 4.942843035528294e-05 0.0079447871151411779 -0.0079727249359094459 -0.0096807604575999285 0.0091053248285653237 -0.0013556082091765948 0.015684531173797159 -0.0040560420257236187 0 0.0018202091141372387 -0.0062590406583190473 -0.011414685656835778 0.0045803410593770336 0.0074651094879358091 0.011826107682963986 -0.012870813779531637 0.0028337074737623019 0.0050431430338331975 -0.0060711166245618706 -0.0014549151932522601 0 0 0.00742683353215709 -0.0047383559899608135 -0.0082395205000174183 0.0032415037986969542 -0.0038754199225049463 0.00030835423387934172
leaf_weight=19.139183955965564 7.7746056569740176 7.6099487328901878 18.515927643980831 46.550781284226105 27.705295912688598 24.864264569478109 7.1100243558175853 32.105192232411355 11.648278140928596 17.26414890633896 17.177376683102921 10.736441584536804 8.5339818717911857 22.926893510157242 12.112257190514354 9.9467635259497893 14.959196803625675 10.506825262447817 10.624404199421404 12.757121997419747 19.076567079173401 7.2391028818674377 3.8018552961293635 6.6997655560262492 21.27428153459914 18.085037101292983 43.765487622935325 3.1555980928242198 7.2029314530082047 25.910729528404772
leaf_count=1298 117 231 1289 1460 1887 1739 119 2682 316 1598 1148 532 625 1504 791 896 745 276 290 654 1255 699 195 389 1885 1563 2999 185 120 1713
internal_value=-0.000159522 0.00581853 -0.000712395 0 -0.00184743 -0.000613533 0.00106718 -0.000823303 0.00976143 0.00206613 -0.00234237 -0.00526088 -0.00595603 -0.007689 0 0.000882141 0.00293917 0.00168253 -0.00377267 0.00308463 7.50088e-05 0.00624258 -0.00929696 0.00848151 0.00314942 0 -0.00460761 -0.00671501 0.000794648 0.00535696
internal_weight=506.78 34.2358 472.545 407.107 218.268 190.563 145.053 100.003 26.6258 188.839 92.8927 50.8407 45.5105 40.1043 20.6462 42.052 171.575 149.916 24.9331 124.983 71.193 53.7899 14.3087 21.659 52.1164 30.8422 65.437 46.9211 14.9775 45.0499
internal_count=31200 784 30416 25943 14934 13047 9892 6881 553 11009 6762 3184 3155 2652 1416 3578 9411 8277 761 7516 5357 2159 471 1134 4102 2217 4473 3184 237 3011
is_linear=0
shrinkage=0.05


Tree=94
num_leaves=31
num_cat=0
split_feature=31 19 37 2 27 38 7 38 10 39 33 31 30 39 23 38 41 33 36 0 14 32 39 28 0 37 14 41 41 41
split_gain=0.487142 0.665205 0.778882 0.756034 1.43439 0.683264 0.668563 0.745866 0.896902 0.777635 0.724884 0.90179 0.723005 0.933489 0.798694 0.655142 0.762424 0.74804 0.64065 0.625121 0.575691 0.861044 0.525399 0.523792 0.580451 0.523181 0.489305 0.486739 0.413754 0.390439
threshold=0.41666668653488165 -0.04333332180976867 0.0067873001098632821 -0.17166666686534879 -0.14333333075046537 0.12017393112182619 0.11000001430511476 -0.022851467132568356 0.20333331823349002 0.025791112333536152 0.32333332300186163 -0.21000000834465024 0.20333331823349002 0.016668118536472324 -0.10999999940395354 -0.048716068267822259 0.039123736321926124 -0.25666666030883784 0.16333335638046267 -1.0000000180025095e-35 -0.26999998092651362 -0.15000000596046445 0.015892331488430503 -0.36333334445953364 1.0000000180025095e-35 -0.15638160705566403 -0.46999999880790705 0.053183959797024734 0.053742660209536559 0.033665614202618606
decision_type=2 2 2 2 2 2 2 2 2 2 2 2 2 2 2 2 2 2 2 2 2 2 2 2 2 2 2 2 2 2
left_child=1 3 22 4 5 -1 12 8 18 19 11 -9 -5 -14 -15 16 29 -17 -8 -10 21 -16 -3 -19 -25 -24 -12 -18 -4 -2
right_child=15 2 28 6 -6 -7 7 10 9 -11 26 -13 13 14 20 17 27 23 -20 -21 -22 -23 25 24 -26 -27 -28 -29 -30 -31
leaf_value=0.011149146798621057 0.0037516566750580372 0.00065442370782020946 0.0029375391909165932 -0.00021630655862188211 -0.0034457645652354583 -0.0016685304523773492 -0.0019346194062075655 0.014209927778539423 0 0.0010932122824976007 -0.010058843928250898 0 0.0016149868206079738 0 0 -0.0097947278636259447 0.017861907356565215 0.012578470321757041 0.011290852299653768 -0.017203019701169327 0 -0.022603690927681077 0.0034230006248971608 -0.0085607517967023396 0.0055642562049239667 -0.010278967055939782 0.002972113474184853 0.00072767356655113399 -0.005641614043022887 -0.0094123680538847152
leaf_weight=46.558282723417506 5.9061696762219089 10.914058711379765 43.091670747613534 87.024565366329625 29.848915747134015 7.1915188913699231 13.097333407029511 23.463045497890562 4.3243165952153548 9.9279589615762216 5.307219065725806 16.346093527274206 12.597882409347219 8.4684778854716551 4.8453368088230517 9.8117628050968069 11.777932589873673 4.6348975221626487 9.5215063088107836 12.761863506399095 4.7594864678103503 15.973466326482592 2.0753131899982682 7.5354711555410203 8.9191473326645774 54.007498750113882 10.751371483784167 10.368536717724053 13.246644216589628 3.3829903784208
leaf_count=1323 196 1427 5050 5595 1989 200 598 559 120 220 79 832 376 291 129 575 232 276 306 344 315 425 236 505 602 6176 277 206 1572 146
internal_value=-0.000118124 -0.000757829 -0.00380776 0.000379782 0.00435768 0.00902044 -0.000981288 0.00179086 -0.00220682 -0.00790803 0.00561608 0.00898085 -0.00333119 -0.00798073 -0.0118656 0.00375858 0.00830253 -0.000784824 0.0039591 -0.0131459 -0.0155493 -0.0183944 -0.00723462 0.00372509 -0.000350033 -0.00908743 -0.00176578 0.0125934 0.000170466 -0.00121971
internal_weight=508.441 446.104 123.335 322.769 83.5987 53.7498 239.17 105.501 49.633 27.0141 55.8677 39.8091 133.669 46.6446 34.0468 62.3369 31.4356 30.9013 22.6188 17.0862 25.5783 20.8188 66.9969 21.0895 16.4546 56.0828 16.0586 22.1465 56.3383 9.28916
internal_count=31177 28439 14461 13978 3512 1523 10466 3335 1588 684 1747 1391 7131 1536 1160 2738 780 1958 904 464 869 554 7839 1383 1107 6412 356 438 6622 342
is_linear=0
shrinkage=0.05


Tree=95
num_leaves=31
num_cat=0
split_feature=36 37 37 22 8 37 31 5 14 40 16 32 39 39 40 37 16 20 40 36 32 39 27 5 21 25 36 39 24 1
split_gain=0.472261 1.44209 0.640021 0.502545 0.437495 0.634693 1.05334 0.84189 0.679629 0.62289 0.783152 0.623461 0.644488 0.847187 0.547757 0.535673 0.692254 0.483344 0.572787 0.649978 0.547665 0.426687 0.393022 0.496408 0.385226 0.430734 0.414626 0.374169 0.355768 0.353695
threshold=-0.22333332896232602 0.011377334594726564 -0.065113067626953111 0.27666664123535162 -0.083333343267440782 0.0081372261047363299 -0.43000000715255732 0.29000002145767217 -0.24999999999999997 0.92333334684371959 -0.32333332300186152 0.1566666662693024 0.015012674499303104 0.025566946715116504 0.35666666924953466 0.026123046875000003 -0.26333332061767573 -0.19666665792465207 0.050000000745058067 0.13666665554046634 0.37666666507720953 0.016749243251979355 -0.14333333075046537 0.030000001192092899 0.22333335876464847 0.11000001430511476 -0.17000000178813932 0.018832436762750152 -0.35000000894069666 0.1566666662693024
decision_type=2 2 2 2 2 2 2 2 2 2 2 2 2 2 2 2 2 2 2 2 2 2 2 2 2 2 2 2 2 2
left_child=1 2 -1 21 14 6 8 9 27 10 11 12 -7 -14 -2 -9 -17 -8 22 -20 28 -3 23 -19 25 26 -16 -6 -21 -5
right_child=4 3 -4 29 5 7 17 15 -10 -11 -12 -13 13 -15 24 16 -18 18 19 20 -22 -23 -24 -25 -26 -27 -28 -29 -30 -31
leaf_value=2.2096689697577878e-05 -9.8618956196786244e-05 -0.0013705778063454023 -0.0099233066589948238 0.0032940551444966409 0 0.0064724468213306977 -0.0042231130484263659 -0.0041450355102709549 -0.0021223371238333648 0.0029305439072481198 -0.00035312831442442581 -0.017128409552658558 -0.013123624888316893 0.0027256927378159108 0 0.012042023301872307 -0.00095742740684304174 0.00067511505885872009 -0.00098615038913334153 0 -0.0010265512896463077 0.0089455542831527717 0.0012156013088004021 -0.015842566380097942 0 0 0.014351261655644329 0.015142069970226796 0.010716504276370942 -0.0085033768620978861
leaf_weight=15.941922917147165 34.544249151367694 6.76476328796707 49.000775376451202 3.6832843029405904 8.3297315179370361 4.9574392167851355 41.411407353822142 9.4826922945212555 5.4049435076303771 13.21129821334034 37.057269093580544 18.117995305219665 14.590896140318366 7.6743215238675466 6.8911978122778228 16.169575080042705 11.606173714855688 2.4457663099747151 38.6108057864476 6.0800396238919339 11.101650486933066 28.22301747975871 5.1332849639002216 5.3553205046337098 9.6713074487633985 6.5892138679046175 22.547085983445871 19.865812423638999 37.277341814478859 7.4282768771518022
leaf_count=965 2285 713 3851 217 138 118 2729 569 476 783 3664 435 384 196 411 406 1335 125 2362 520 742 2141 445 208 531 473 1068 310 1890 584
internal_value=5.88265e-05 -0.00268232 -0.00733415 0.00348105 0.000922244 0 0.00195408 -0.00250676 0.00919405 -0.0050098 -0.00667823 -0.0107154 -0.00337221 -0.00735728 0.00407776 0.00314236 0.00666484 0 0.00179975 0.00340408 0.00671917 0.00643237 -0.0058445 -0.0108104 0.00736335 0.0094663 0.0116901 0.0120862 0.00909267 -0.00334794
internal_weight=505.169 111.042 64.9427 46.0993 394.127 313.884 181.016 132.868 33.6005 95.6092 82.3979 45.3407 27.2227 22.2652 80.2431 37.2584 27.7757 147.416 106.004 93.0698 54.459 34.9878 12.9344 7.80109 45.6988 36.0275 29.4383 28.1955 43.3574 11.1116
internal_count=31074 8471 4816 3655 22603 17835 9945 7890 924 5580 4797 1133 698 580 4768 2310 1741 9021 6292 5514 3152 2854 778 333 2483 1952 1479 448 2410 801
is_linear=0
shrinkage=0.05


Tree=96
num_leaves=31
num_cat=0
split_feature=24 5 39 41 40 20 28 28 37 38 37 8 33 19 23 37 10 38 5 41 28 39 5 11 40 39 2 26 3 22
split_gain=0.36784 0.485595 0.768321 0.563519 0.765177 0.525901 0.332947 0.776147 0.827095 0.591592 0.42781 0.825693 0.714612 0.680134 0.652854 0.641359 0.711165 0.675149 0.557606 0.429363 0.400601 0.381362 0.360706 0.404767 0.337847 0.334805 0.315298 0.310532 0.308781 0.378943
threshold=0.4499999880790711 0.2833333313465119 0.015892331488430503 0.044856913387775428 0.13000000268220904 -0.3899999856948852 0.44833332300186163 0.36333334445953375 0.051035404205322273 0.043743610382080085 0.028082847595214847 -0.016666665673255917 -0.0099999904632568342 -0.29666668176650995 -0.37666666507720942 0.0081372261047363299 -0.21666666865348813 0.026190280914306644 -0.35000000894069666 0.054182069376111038 -0.37666666507720942 0.029205097816884521 0.24333333969116214 -0.46999999880790705 0.93000000715255748 0.015180344693362715 -0.32999998331069941 0.4499999880790711 -0.32999998331069941 -0.21666666865348813
decision_type=2 2 2 2 2 2 2 2 2 2 2 2 2 2 2 2 2 2 2 2 2 2 2 2 2 2 2 2 2 2
left_child=1 6 -3 4 -4 -6 7 10 9 -9 12 13 15 18 -14 17 25 28 -12 20 -13 -15 23 -16 -22 -17 -25 -2 -1 -30
right_child=27 2 3 -5 5 -7 -8 8 -10 -11 11 19 14 21 22 16 -18 -19 -20 -21 24 -23 -24 26 -26 -27 -28 -29 29 -31
leaf_value=0.0040965385292715635 -0.0081803591469513642 -0.0046359291682558992 0 0 0 0.013764192198779954 0.0066835783583875184 -0.016260148284837048 0.004584505649083425 0 -0.0042887135158901531 0.00066934437059307846 -0.0038656622903595374 -0.0063183336478737006 -0.0033554675329599925 0 -0.001144642870270588 -0.010265162867805783 0.0090096859564462988 0 -0.01316258398393381 0.0031454585679861861 -0.0018527809321078155 0 0 0.016066041576346779 0.0085021775016480526 0.0028824583472161309 0.0028319731649612788 -0.0044734908873223234
leaf_weight=18.062915947055444 17.132333777728494 16.982024142052978 21.264626666903496 32.260874330997467 4.4451738570351145 32.617755541345105 9.4802607230376434 14.637521852273499 4.6032429190818211 9.2685917145572585 3.6707118195481625 3.2001774956006548 13.600260911043732 24.693552131298929 2.7079827617853871 2.1019387345295417 12.965954272542147 18.998193276580423 25.763404572149739 13.116420990787445 26.474890015786517 7.8212046967819324 6.4963210180867454 7.6412364214193067 5.2207736838608971 7.163808663142845 75.124071777099743 1.3903062040917564 16.413178455783054 51.958489672280848
leaf_count=1109 1627 1018 887 1818 212 1596 198 461 150 302 110 321 880 2538 76 206 835 1605 809 809 1667 633 382 558 317 589 4534 30 1145 3740
internal_value=8.44226e-05 0.000427 0.00332141 0.00526727 0.00797235 0.0118053 -0.000364046 -0.000713299 -0.00786105 -0.0115324 0 -0.00248714 0.00121335 0.00101908 0.00419562 -0.00114339 0.00534892 -0.00295101 0.00620033 -0.00708464 -0.00961964 -0.0032574 0.00580663 0.00674542 -0.0112629 0.0129518 0.00756202 -0.00582843 -0.000510941 -0.00229662
internal_weight=507.278 488.756 107.57 90.5884 58.3276 37.0629 381.185 371.705 28.5094 23.9061 343.195 109.961 233.234 61.9489 105.57 127.664 22.2317 105.433 29.4341 48.0123 34.8958 32.5148 91.9696 85.4733 31.6957 9.26575 82.7653 18.5226 86.4346 68.3717
internal_count=31162 29505 5531 4513 2695 1808 23974 23776 913 763 22863 7204 15659 4090 6430 9229 1630 7599 919 3114 2305 3171 5550 5168 1984 795 5092 1657 5994 4885
is_linear=0
shrinkage=0.05


Tree=97
num_leaves=31
num_cat=0
split_feature=12 11 5 4 4 24 24 36 14 9 39 39 35 37 24 27 39 0 30 25 32 25 32 37 41 11 30 14 21 41
split_gain=0.469438 0.464292 0.468381 0.461432 0.447822 0.444224 0.384631 0.385776 0.375631 0.374888 0.940996 0.728213 0.718036 0.506451 0.742561 0.485891 0.475697 0.445931 0.351424 0.350812 0.523957 0.348875 0.33632 0.390439 0.358104 0.347603 0.353412 0.304508 0.292081 0.284342
threshold=0.43000000715255743 0.41000002622604376 -0.0083333253860473615 0.44333332777023321 -0.10999999940395354 0.22333335876464847 0.45666664838790899 -0.45666666328907007 -0.48333333432674402 -0.036666661500930779 0.029205097816884521 0.035185091197490699 0.35666668415069586 0.009663581848144533 0.096666663885116591 -0.17000000178813932 0.0300090815871954 -0.36333334445953364 0.25000000000000006 -0.25666666030883784 -0.13666665554046628 0.33666664361953741 -0.069999992847442613 0.079741954803466811 0.034037286415696151 0.23666667938232425 0.11000001430511476 0.32333332300186163 0.42333334684371954 0.032098621129989631
decision_type=2 2 2 2 2 2 2 2 2 2 2 2 2 2 2 2 2 2 2 2 2 2 2 2 2 2 2 2 2 2
left_child=1 2 4 8 19 -6 7 -3 28 10 15 -12 13 -11 18 -10 21 -16 -15 20 -1 -14 24 27 -21 26 -26 -24 -4 -17
right_child=-2 6 3 -5 5 -7 -8 -9 9 12 11 -13 16 14 17 29 -18 -19 -20 22 -22 -23 23 -25 25 -27 -28 -29 -30 -31
leaf_value=0.0068734500487804334 -0.0066126395841898979 -0.0011451372944810295 0.01133178238712672 -0.006029206519647369 -0.0060379779617790435 0.0018653013507287546 -0.0020074120691854175 0.012768294021017569 0.0056037815384563962 0.00013435944080575422 0.020999124021209119 0 0.012002745616358564 0.0058501920301787238 0.00054543899810233817 0.0027189577825441989 -0.0030292421923060336 -0.013600219180269277 -0.0043433402744631746 0.0012779433776271192 -0.0038443574625835323 0 0.0072478523367873367 -0.0054103431944324959 -0.010841428308848282 0.00096938422544874973 0 -0.0024681207809174131 0 -0.0051265228822852038
leaf_weight=30.627004808280617 20.002516093431041 1.4127441253513104 12.222385661676528 12.348250254057346 72.041906462050974 14.313292992534114 2.566661800374276 12.888116494752467 24.070901175728068 73.320360016077757 6.2260565240867418 5.6066234335303307 16.028204489499334 10.295351527398454 2.3998262553941485 8.3044136147946102 5.5501658944413057 20.02594284969382 11.00838098535314 14.278292346745728 8.7281925235874933 11.787516239797695 22.065001224633313 5.4209604223724446 24.242145344382152 6.5340257796924552 10.601480355719103 3.315124992048367 7.6189987771213046 27.95211254642345
leaf_count=2068 2288 84 160 752 4910 869 239 1077 1178 3393 271 355 672 778 111 665 240 1026 488 1107 480 732 1280 228 1922 485 444 285 101 2293
internal_value=-2.45656e-05 0.000274442 -1.28178e-05 0.00136418 -0.00177292 -0.00442124 0.00723662 0.0102301 0.00197795 0.00114798 0.00397501 0.0141504 -0.000148872 -0.00217198 -0.00609134 0.000502772 0.00556258 -0.0114114 0 0 0.00375113 0.00824954 -0.00160724 0.00186486 -0.00392873 -0.00618739 -0.00808681 0.00495282 0.00789255 -0.00260701
internal_weight=503.803 483.8 466.933 254.765 212.167 86.3552 16.8675 14.3009 242.417 222.576 72.1601 11.8327 150.416 117.05 43.7295 60.3274 33.3659 22.4258 21.3037 125.812 39.3552 27.8157 86.457 30.8011 55.6559 41.3777 34.8436 25.3801 19.8414 36.2565
internal_count=30981 28693 27293 13215 14078 5779 1400 1161 12463 12202 4762 626 7440 5796 2403 4136 1644 1137 1266 8299 2548 1404 5751 1793 3958 2851 2366 1565 261 2958
is_linear=0
shrinkage=0.05


Tree=98
num_leaves=31
num_cat=0
split_feature=4 23 4 10 15 7 16 3 11 12 40 4 41 11 1 32 11 28 26 21 30 13 26 23 25 28 26 30 14 32
split_gain=0.667216 0.931162 0.811701 0.78629 0.69031 0.584543 0.55899 0.660024 0.54765 0.661645 0.519611 0.507475 0.497236 0.583836 0.437825 0.424524 0.418911 0.398666 0.397391 0.391809 0.387016 0.366444 0.341095 0.332971 0.31076 0.277553 0.273576 0.389095 0.342713 0.268696
threshold=0.44333332777023321 0.21666666865348819 0.12333333492279054 0.35000002384185797 -0.20333333313465116 0.083333313465118422 -0.26333332061767573 0.29000002145767217 -0.3899999856948852 -0.056666672229766839 0.32999999821186071 0.24333333969116214 0.040545662865042693 0.32999998331069952 0.043333351612091071 -0.18999999761581418 -0.35000000894069666 -0.26333332061767573 -0.21000000834465024 0.27666664123535162 0.056666672229766853 -0.43000000715255732 0.18333333730697635 -0.31000000238418574 0.20999997854232791 0.34166663885116583 -0.12333333492279051 -0.16333332657814023 0.2833333313465119 0.49000000953674322
decision_type=2 2 2 2 2 2 2 2 2 2 2 2 2 2 2 2 2 2 2 2 2 2 2 2 2 2 2 2 2 2
left_child=1 2 3 14 24 10 7 16 19 25 12 -9 13 -3 17 -16 22 26 -13 -4 23 -12 -7 -17 -5 -10 28 -28 -1 -2
right_child=29 5 8 4 -6 6 -8 11 9 -11 21 18 -14 -15 15 20 -18 -19 -20 -21 -22 -23 -24 -25 -26 -27 27 -29 -30 -31
leaf_value=0 -0.0091735847363357895 -0.013494721188810828 -0.014362367109091282 0.015487420764100446 0 0.0021592040213459923 0 0 0.0061508921236143104 -0.0060813433929670334 0.0099806612763335568 0 0.001419645512613466 0.003064351180535141 -0.0018561944053347224 -0.00041870829488979526 0.0071754986541101061 -0.0037883853409969048 0.016739097194776058 0 0 0 -0.0083275810136826511 0.011352868026118687 0 -0.002034911762003828 -0.0057288667198653991 0.0039581409322198306 0.011114762491772012 0.00053607940229121983
leaf_weight=12.026953657157721 19.312683215597648 12.20084719755687 14.640508577227594 12.817346499767156 17.789468384347856 7.3827261561527875 21.774378040572628 5.9970211400650433 19.858286483911801 35.017814667429775 9.0223563800100219 5.001440568361434 10.503728060750289 1.8395149165298779 23.306410641875118 2.2622819021344212 11.479900033213196 103.17815615213476 26.506572208134457 4.5024592671543351 22.108822971582413 29.263373348861933 8.1125947954133135 19.187180498382077 5.1817774772644034 7.5072562503628424 17.101164963562045 10.821455852827055 6.7890810761600724 2.7588581864256403
leaf_count=1068 1606 803 450 324 1489 131 2336 129 1060 3111 175 154 657 143 1699 171 307 6663 533 114 1155 1965 157 1392 124 264 1359 864 431 278
internal_value=0.000210791 0.000685391 -0.000726368 0.000610805 0.00693684 0.00391603 0.00645134 0.00862009 -0.00491248 -0.00172378 0 0.0125444 -0.00485079 -0.00980982 -0.000480043 0.00258649 0.00111597 -0.002055 0.0147088 -0.0114184 0.005405 0.00361994 -0.00296007 0.00938041 0.0124779 0.00319388 0.00129317 -0.00120161 0.0053982 -0.00721416
internal_weight=505.252 483.181 334.096 252.57 35.7886 149.084 86.2546 64.4803 81.5263 62.3834 62.8298 37.505 24.5441 14.0404 216.782 66.8647 26.9752 149.917 31.508 19.143 43.5583 38.2857 15.4953 21.4495 17.9991 27.3655 46.7387 27.9226 18.816 22.0715
internal_count=31112 29228 21738 16739 1937 7490 3747 1411 4999 4435 3743 816 1603 946 14802 4417 595 10385 687 564 2718 2140 288 1563 448 1324 3722 2223 1499 1884
is_linear=0
shrinkage=0.05


Tree=99
num_leaves=31
num_cat=0
split_feature=17 31 15 8 9 11 9 32 37 37 1 2 31 23 19 39 38 19 30 24 20 13 18 11 16 28 20 24 29 29
split_gain=0.595942 0.675363 0.821965 0.719696 0.563923 0.471251 0.693022 0.765204 0.63918 0.488119 0.574974 0.678736 0.540367 0.483896 0.494986 0.420587 0.525658 0.419723 0.456563 0.39589 0.393593 0.59328 0.346585 0.343492 0.341493 0.384769 0.324518 0.316058 0.303532 0.336447
threshold=0.38999998569488531 0.44333332777023321 0.22333335876464847 0.27666664123535162 0.43000000715255743 0.056666672229766853 0.37000000476837164 0.14999997615814212 -0.016572475433349606 -0.054805755615234368 0.083333313465118422 0.056666672229766853 -0.37666666507720942 -0.090000003576278673 -0.4433333277702331 0.026041304692626003 0.0089869499206542986 0.43000000715255743 -0.40333333611488337 0.26999998092651373 0.069999992847442641 -0.4433333277702331 -0.30333334207534784 0.20333331823349002 -0.26333332061767573 0.23833334445953372 -0.28333333134651179 0.12333333492279054 0.056666672229766853 0.33666664361953741
decision_type=2 2 2 2 2 2 2 2 2 2 2 2 2 2 2 2 2 2 2 2 2 2 2 2 2 2 2 2 2 2
left_child=1 2 4 15 5 6 9 -8 -9 26 11 13 19 -11 -15 16 -3 18 -2 -12 21 -14 -13 -4 25 -7 -1 -26 -22 -30
right_child=17 3 23 -5 -6 24 7 8 -10 10 12 22 20 14 -16 -17 -18 -19 -20 -21 28 -23 -24 -25 27 -27 -28 -29 29 -31
leaf_value=0.0022154754801734949 0.0014541698386711934 0.016261528599743596 -0.0086609969084959441 -0.0029097186704220724 0.0078452537407273631 0 0.001425778383490763 0 -0.018915696758488476 -0.0016661259365653967 0.013048734849969587 -0.010778605698271784 -0.0049292234592010166 0.01087055416781533 0.00021562880467234223 0 0 0.0012168232945369258 -0.010452561352524039 0 0.0036731610355042431 0.0090658843988096188 0 0 0.0044476721999956881 0.01228295736809381 -0.0063534882787165603 -0.002825997926454982 -0.0071140385567730301 0.0012023693895665121
leaf_weight=6.9866018712054929 4.6376886973157552 17.635056516621269 24.934567437274382 7.0667418253142378 25.453609903343022 10.626744912471624 8.9709674762561935 5.4514658902771762 8.3686565458774549 55.054030278231949 18.164088319521401 15.007213586010041 3.4497615322470692 14.566440470051019 34.881481968797743 6.7315257587470105 3.571870876941829 11.62592380098067 23.200831803609617 5.2216712257359168 13.47042349888943 22.82226709718816 10.106763182906432 23.927284098928794 24.27534121600911 14.764842463424428 31.264379200292751 20.778364119119942 20.780252861557528 11.733335504308341
leaf_count=319 307 386 2973 429 818 394 300 144 236 3292 405 484 79 249 2231 198 308 1128 2070 118 1044 1289 770 2740 2576 438 1644 2351 1014 387
internal_value=0.000573049 0.00113636 0.00048363 0.00731769 0.00133839 0.000683127 -0.000161579 -0.00759464 -0.0133704 0.000543317 0.00153256 -0.000484071 0.00437875 0.00118242 0.0046419 0.0106983 0.0134692 -0.0048017 -0.00782406 0.0103118 0.00149565 0.00587876 -0.00711281 -0.00516182 0.0041864 0.00831596 -0.00413521 0.000665558 -0.000917123 -0.00374397
internal_weight=505.53 466.066 431.061 35.0052 382.199 356.745 286.3 22.7911 13.8201 263.509 225.258 129.616 95.6418 104.502 49.4479 27.9385 21.2069 39.4644 27.8385 23.3858 72.256 26.272 25.114 48.8619 70.4453 25.3916 38.251 45.0537 45.984 32.5136
internal_count=31121 27616 26295 1321 20582 19764 14005 680 380 13325 11362 7026 4336 5772 2480 892 694 3505 2377 523 3813 1368 1254 5713 5759 832 1963 4927 2445 1401
is_linear=0
shrinkage=0.05


Tree=100
num_leaves=31
num_cat=0
split_feature=29 18 17 31 19 13 2 14 38 27 4 0 27 5 38 6 3 41 20 10 27 2 10 10 37 33 33 23 12 12
split_gain=0.647561 0.695702 0.692754 0.538061 0.616485 0.562895 0.576592 0.512404 0.880548 0.839733 0.56182 0.592907 0.511383 0.484293 0.732733 0.584424 0.537081 0.480139 0.431386 0.43965 0.585459 0.431864 0.41699 0.376952 0.363558 0.688052 0.561912 0.361092 0.359801 0.334196
threshold=0.47500002384185797 -0.48333333432674402 -0.11666667461395262 0.42333334684371954 -0.04333332180976867 -0.48333333432674402 -0.15000000596046445 0.31666666269302374 -0.054368019104003899 0.25666666030883795 -0.2483333349227905 0.41666668653488165 0.11000001430511476 -0.0083333253860473615 0.15541124343872073 -0.10999999940395354 -0.32999998331069941 0.053183959797024734 0.056666672229766853 0.38333332538604742 -0.37666666507720942 0.21666666865348819 0.43000000715255743 0.11000001430511476 0.049216270446777351 0.12333333492279054 -0.063333332538604722 -0.063333332538604722 0.030000001192092899 -0.32333332300186152
decision_type=2 2 2 2 2 2 2 2 2 2 2 2 2 2 2 2 2 2 2 2 2 2 2 2 2 2 2 2 2 2
left_child=3 -2 -3 4 5 6 -1 8 12 10 -9 -12 -5 15 16 24 -15 -11 23 20 -20 -22 -6 28 25 26 -7 -25 -18 -23
right_child=1 2 -4 7 22 13 -8 9 -10 17 11 -13 -14 14 -16 -17 18 -19 19 -21 21 29 -24 27 -26 -27 -28 -29 -30 -31
leaf_value=0.00052826386190547359 0.013609476071683736 -0.0088579228510229559 0.0069025232244627789 0.019288003095459829 -0.0054099111414286291 0.0026107708714530422 -0.013197497425708596 0.00086126599581922043 -0.00065125606968922955 0.012114203027453037 -0.016048179347218292 0.0017345625470667739 0 0.01045944079441858 0.013027468280774402 -0.0061411929996285659 0.0083322102458670746 -0.0020563279646906032 0.0050689332618881252 -0.010819504477969991 -0.0077408128127765402 0.0060324651467202756 0.0021595896388597901 -0.0067741033912519892 -0.0047990514324365921 0.01073626575910587 -0.0076164803533752164 0.0024235032667279163 -0.0017173981919540266 -0.0037538570383544114
leaf_weight=7.7478480115532902 11.007960338145496 7.2118379855528465 8.5922730132006091 8.8572335760109144 106.22698566608597 39.766848217463121 9.9543686094693822 8.8544865429867041 12.395541641395537 8.6902884752489609 9.3753359161783028 1.9215801211539645 6.2243820796720675 7.8459544819779685 9.0645121764391643 42.103456126525998 28.943057437427342 3.3092770527582607 22.568234666250646 7.2512771841138592 24.219108573393896 10.747475895099344 13.176855793921275 9.9001699518412334 15.541902849217875 12.742097699781878 12.838332003913818 23.916543292114511 4.5532536434475324 10.544788112631066
leaf_count=119 142 154 451 157 13027 2518 161 435 618 309 591 134 100 252 314 2128 1360 107 580 195 1346 338 1296 363 920 570 671 766 329 687
internal_value=-0.000174141 0.00655745 0 -0.000678658 -0.0013632 -4.74394e-05 -0.0075223 0.00344231 0.00783538 -0.00029865 -0.00650871 -0.0120256 0.0141966 0.000480916 0.00232754 -0.00171768 0.00104852 0.00743452 0 -0.00237991 -0.000340015 -0.00378555 -0.00431186 0.00290292 0.000562146 0.00248398 0 -0.000256338 0.0062798 0.0005101
internal_weight=506.093 26.8121 15.8041 479.281 419.653 300.249 17.7022 59.6281 27.4772 32.151 20.1514 11.2969 15.0816 282.547 159.554 122.993 150.49 11.9996 142.644 75.3309 68.0796 45.5114 119.404 67.313 80.8892 65.3473 52.6052 33.8167 33.4963 21.2923
internal_count=31138 747 605 30391 27940 13617 280 2451 875 1576 1160 725 257 13337 6530 6807 6216 416 5964 3146 2951 2371 14323 2818 4679 3759 3189 1129 1689 1025
is_linear=0
shrinkage=0.05


Tree=101
num_leaves=31
num_cat=0
split_feature=12 31 35 20 19 8 39 25 39 33 39 31 26 38 38 27 38 36 40 39 26 16 18 13 8 40 27 19 8 27
split_gain=0.480032 0.60139 0.49455 0.747397 0.488388 0.557768 0.511532 0.565994 0.508237 0.948728 1.02153 0.788474 1.12357 0.732673 0.663464 0.6094 0.512283 0.501102 0.49311 0.457177 0.448366 0.43079 0.423125 0.419178 0.393333 0.378791 0.359453 0.323619 0.320751 0.316834
threshold=0.43000000715255743 0.44333332777023321 -0.41666667163372034 -0.22333332896232602 -0.090000003576278673 0.41666668653488165 0.012335670646280052 0.37000000476837164 0.018832436762750152 0.18999999761581424 0.023099512793123726 -0.14333333075046537 0.19666665792465213 -0.022441387176513668 0.03019046783447266 -0.40333333611488337 0.11496782302856447 1.0000000180025095e-35 0.69333332777023327 0.0300090815871954 0.13666665554046634 0.056666672229766853 -0.35000000894069666 -0.22999998927116391 -0.22999998927116391 0.6499999761581422 -0.4433333277702331 -0.31000000238418574 0.38333332538604742 -0.41666667163372034
decision_type=2 2 2 2 2 2 2 2 2 2 2 2 2 2 2 2 2 2 2 2 2 2 2 2 2 2 2 2 2 2
left_child=1 4 -3 -4 6 -6 23 8 11 17 -11 12 16 -14 -15 -12 -8 18 19 -10 -19 -7 28 -1 -21 -5 -16 -20 -17 -9
right_child=-2 2 3 25 5 21 7 29 9 10 15 -13 13 14 26 22 -18 20 27 24 -22 -23 -24 -25 -26 -27 -28 -29 -30 -31
leaf_value=0.012525400989852371 -0.006633285707390627 -0.0018786921139996851 -0.0012915747617973799 0.015699341603091437 -0.0038910467458650906 0.0096741119060489589 0.00438947644785527 0 -0.0029256131121684729 0.014454114603321936 -0.0059252948198097594 0.0039388378974554049 -0.020378807538177696 0.004015073232260578 0 0.013617731578778512 -0.0079942299569383726 -0.0089526176954562702 0.010719019351025441 -0.0017115084052652257 0 -0.0022403719403199028 -0.00057204247815048864 -0.0012052875455106679 0.011542892018864569 0 -0.013579569461600053 0 0 -0.012654503334772117
leaf_weight=10.229113382985814 19.769212695071474 8.7846946790814382 8.6678006118163449 16.457961131352935 121.41093274136074 9.5227473000995797 27.510798648698255 3.2342303823679686 43.790140783181414 22.810024214209989 11.874241665005682 29.373171264771372 8.6758563197217864 9.9541312446817773 5.4132587318308643 9.0540497342590225 4.528528679162263 18.307994630420581 15.438720850041138 2.7989604745525867 27.764039033092558 6.2801169913727781 10.410615998553114 2.4710767476353785 6.5962792483624053 6.880649112397804 8.0462712231092137 10.810584255959837 6.6858514938503495 6.5526474674697948
leaf_count=333 2248 234 357 537 13448 557 1038 60 2271 606 241 1984 207 213 90 241 180 1131 483 177 898 729 489 196 267 295 195 804 111 248
internal_value=0 0.000369009 0.00577406 0.00849727 -0.000147488 -0.00260523 0.000915876 0.000302156 0.000885085 0.00242896 0.00724339 -0.0019014 -0.00504105 -0.0109335 -0.0031405 0.000969618 0.000997057 0 0.00223142 -0.000258995 -0.00398606 0.00447908 0.00539952 0.0089874 0.00684224 0.0125055 -0.00932348 0.007162 0.00956697 -0.00878385
internal_weight=500.105 480.335 40.7911 32.0064 439.544 137.214 302.331 289.63 279.844 186.342 60.8348 93.502 64.1288 32.0895 23.4137 38.0248 32.0393 125.507 79.4347 53.1854 46.072 15.8029 26.1505 12.7002 9.39524 23.3386 13.4595 26.2493 15.7399 9.78688
internal_count=30868 28620 1423 1189 27197 14734 12463 11934 11626 7719 1688 3907 1923 705 498 1082 1218 6031 4002 2715 2029 1286 841 529 444 832 285 1287 352 308
is_linear=0
shrinkage=0.05


Tree=102
num_leaves=31
num_cat=0
split_feature=31 16 5 39 38 11 24 4 14 38 40 40 39 38 12 13 2 38 15 11 12 38 31 36 38 40 38 39 40 39
split_gain=0.744627 0.576578 0.653256 0.705499 0.654438 0.688444 0.880174 0.570935 0.709334 0.656398 0.723522 0.742086 0.483889 0.490213 0.476502 0.450994 0.410458 0.401234 0.396943 0.368102 0.338807 0.327006 0.645527 0.470915 0.346419 0.46926 0.379274 1.1954 1.10316 0.486603
threshold=0.47666668891906744 -0.26333332061767573 0.25666666030883795 0.0129718822427094 0.08760929107666017 -0.26999998092651362 0.32333332300186163 -0.13666665554046628 -0.40333333611488337 -0.092090606689453111 0.92333334684371959 0.089999999850988402 0.025791112333536152 0.0089869499206542986 -0.049999997019767754 -0.37666666507720942 -0.40333333611488337 -0.032063484191894524 -0.2766666561365127 -0.21666666865348813 0.20333331823349002 -0.022851467132568356 0.33666664361953741 -0.076666668057441698 -0.0028347969055175777 0.81666666269302379 0.074303150177001967 0.017564586363732818 0.47666665911674505 0.017265589907765392
decision_type=2 2 2 2 2 2 2 2 2 2 2 2 2 2 2 2 2 2 2 2 2 2 2 2 2 2 2 2 2 2
left_child=1 2 3 -1 5 6 15 16 9 -9 11 -11 13 -2 -7 -4 -5 -18 -19 -13 -16 22 -3 -24 25 -23 29 28 -28 -26
right_child=12 21 4 7 -6 14 -8 8 -10 10 -12 19 -14 -15 20 -17 17 18 -20 -21 -22 24 23 -25 26 -27 27 -29 -30 -31
leaf_value=0.0084553001801160321 0.014549702512868898 -0.0029580030261400388 0.0051874795570565745 -0.005238291807413655 0.013299345162817638 0.011660707960585767 -0.012063542346566591 0.0018439235436536598 0 0 0.0025933786827125778 -0.018133808273109543 -0.0015045302287158193 0 -0.0053837034422970949 -0.0057251967596244286 -0.0016936930046956137 0.0094062475208750197 -4.5018322856552739e-05 -0.00010603849905639314 0.0060403057861117947 -0.014369208778927689 -2.5067017286698629e-06 0.0094049385813262838 -0.0054620668618353685 0 0.016352520287942138 -0.010983007436261721 -0.0049933442852083485 0.0034100906129143032
leaf_weight=12.966700139455495 13.840869195526471 71.501738739549182 26.112694188952442 7.4876771634444586 12.633582223206757 16.222180993529037 9.2991135818883759 8.07373701315373 58.773895624326542 6.7849102942273012 4.2230470017530015 22.893620715942234 4.5584382200613609 3.9830715409480026 7.9070017281919736 6.1613109060563174 12.364692437928168 26.326774332206693 9.1652461502235401 6.3922293218784061 6.1674344018101692 11.047905761981385 18.690091172698885 17.890322129940614 17.090836582006887 6.2506029393989584 4.6900619666557741 27.362528780009598 6.8205769844353199 39.389781629899517
leaf_count=358 340 7694 453 188 296 411 214 237 2029 164 102 535 175 320 250 202 421 571 346 155 283 1251 904 845 2389 741 663 3361 943 4260
internal_value=2.3226e-05 -0.000387313 0.00113524 -0.000501711 0.00461819 0.00186397 -0.00184145 -0.00164053 -0.00378323 -0.00789957 -0.0103779 -0.012644 0.00793891 0.0111741 0.00710122 0.00188008 0.00206432 0.00412737 0.00670951 -0.0155945 0 -0.00227326 -4.05432e-05 0.00468819 -0.00409432 -0.0100363 -0.00223938 -0.0056967 0.00489942 5.85714e-05
internal_weight=503.073 480.69 259.956 175.453 84.5033 71.8697 41.5731 162.486 107.141 48.3675 40.2938 36.0708 22.3824 17.8239 30.2966 32.274 55.3444 47.8567 35.492 29.2859 14.0744 220.734 108.082 36.5804 112.652 17.2985 95.3538 38.8732 11.5106 56.4806
internal_count=31101 30266 7215 5106 2109 1813 869 4748 3222 1193 956 854 835 660 944 655 1526 1338 917 690 533 23051 9443 1749 13608 1992 11616 4967 1606 6649
is_linear=0
shrinkage=0.05


Tree=103
num_leaves=31
num_cat=0
split_feature=10 17 11 13 25 33 33 39 1 19 34 15 24 39 39 41 31 39 38 27 6 21 6 32 23 32 38 27 1 39
split_gain=0.532752 0.805261 0.535891 0.598982 0.572573 0.613633 0.613114 0.583552 0.993811 0.972448 0.639765 0.555744 0.453031 0.443839 0.394805 0.319636 0.408581 0.589295 0.680678 0.639544 0.415111 0.398852 0.389052 0.560858 0.405957 0.36344 0.314211 0.309058 0.301928 0.299231
threshold=0.48333334922790533 0.38999998569488531 0.22333335876464847 0.17666667699813846 0.31666666269302374 0.23000001907348636 0.22333335876464847 0.029205097816884521 0.32333332300186163 -0.049999997019767754 -0.17000000178813932 -0.3899999856948852 0.069999992847442641 0.014356491621583702 0.012851589359343054 0.030753826722502712 -0.016666665673255917 0.021614183671772483 -0.01629543304443359 -0.24999999999999997 0.056666672229766853 0.21666666865348819 0.27666664123535162 0.13666665554046634 -0.083333343267440782 -0.069999992847442613 -0.20502901077270505 -0.32333332300186152 -1.0000000180025095e-35 0.021614183671772483
decision_type=2 2 2 2 2 2 2 2 2 2 2 2 2 2 2 2 2 2 2 2 2 2 2 2 2 2 2 2 2 2
left_child=1 2 4 14 6 -6 15 8 9 13 -9 -7 -10 -8 -4 21 22 18 20 -19 -18 28 23 29 -25 -21 -16 -14 -1 -17
right_child=-2 -3 3 -5 5 11 7 10 12 -11 -12 -13 27 -15 26 16 17 19 -20 25 -22 -23 -24 24 -26 -27 -28 -29 -30 -31
leaf_value=-0.0045378450574830179 0.0090095326378622515 -0.0068493758952507229 -0.0019910533922536788 0 0.00091874772309181822 -0.016225122601532579 0 0.0048293410594103595 0.0035148300218830783 -0.0023199465880367337 -0.010118489333166728 -0.00057004760187684314 -0.012307064489640923 0.013863648205169977 0 -0.0017980836827636935 0.011027216921612536 0.00048807492119726432 -0.0033699914955211165 -0.014526866155931057 -0.0018918652137890708 -0.0097804205320134799 -0.0052529487467006851 0 0.011311453852253952 -0.00043891039034710206 0.011774661702896823 0 0.0037567675053296768 0.0035485600142927845
leaf_weight=16.43225546204485 10.207081276923416 35.969991554273292 1.9086146319750721 40.105664280243218 15.430405188584698 10.494143267394973 5.923040408641099 6.1302222984377286 7.7203914755955365 9.5100624742917699 9.0178480164613557 14.833963399287315 6.5834928704425701 37.584731914568692 2.0426742366980788 49.66269204299897 13.950114660896363 14.451808186946435 24.088128147879615 15.445074004586786 2.5748857723083338 14.833715323824434 9.7863203468732518 6.582858411595228 20.161136506358162 11.262133989250287 27.154574942309409 4.1618127592373613 14.753079130547123 40.413121768506244
leaf_count=1148 623 3262 154 3515 1430 262 174 170 279 926 306 1194 124 1078 127 2445 933 748 2340 1442 219 806 359 271 705 967 1993 166 839 2073
internal_value=5.38236e-05 -0.000189563 0.000367409 0.0041938 -0.000335672 -0.00555635 0.000301523 0.00384248 0.00579881 0.00913022 -0.00323325 -0.00971957 -0.00263772 0.0121158 0.00877235 -0.000869047 0 -0.00264035 0.00112361 -0.00655493 0.00793659 -0.00437517 0.00175741 0.00277617 0.00843987 -0.0105208 0.0104057 -0.0082267 0 0.000412316
internal_weight=499.176 488.969 452.999 71.2115 381.787 40.7585 341.029 86.6316 71.4835 53.0178 15.1481 25.3281 18.4657 43.5078 31.1059 254.397 208.378 81.7721 40.6131 41.159 16.525 46.019 126.606 116.82 26.744 26.7072 29.1972 10.7453 31.1853 90.0758
internal_count=31078 30455 27193 5789 21404 2886 18518 3223 2747 2178 476 1456 569 1252 2274 15295 12502 6649 3492 3157 1152 2793 5853 5494 976 2409 2120 290 1987 4518
is_linear=0
shrinkage=0.05


Tree=104
num_leaves=31
num_cat=0
split_feature=31 41 10 22 31 9 33 23 3 16 17 17 2 21 9 19 24 22 25 35 16 36 33 8 21 41 38 25 29 24
split_gain=0.989258 0.883924 0.584007 0.547988 0.444489 0.574268 0.494183 0.30746 0.563303 0.475047 0.863967 0.430742 0.441221 0.366668 0.350166 0.345644 0.403556 0.339721 0.323318 0.321223 0.47467 0.423689 0.390781 0.378527 0.360707 0.384465 0.369468 0.369259 0.353701 0.711604
threshold=-0.4433333277702331 0.033144393935799606 -0.063333332538604722 0.38999998569488531 0.47666668891906744 0.030000001192092899 -0.2766666561365127 0.2833333313465119 0.25666666030883795 -0.26333332061767573 -0.15000000596046445 0.36333334445953375 0.18999999761581424 0.40333333611488348 0.4499999880790711 -0.41666667163372034 0.14999997615814212 1.0000000180025095e-35 0.38999998569488531 -0.076666668057441698 -0.29666668176650995 -0.18999999761581418 -0.069999992847442613 0.043333351612091071 -1.0000000180025095e-35 0.038634473457932479 0.035836219787597663 0.1566666662693024 0.31666666269302374 0.1983333230018616
decision_type=2 2 2 2 2 2 2 2 2 2 2 2 2 2 2 2 2 2 2 2 2 2 2 2 2 2 2 2 2 2
left_child=1 3 -3 -1 7 6 -6 8 14 10 15 12 -12 18 19 16 -9 -14 -10 20 21 -2 -23 -24 25 -22 27 -27 -21 -30
right_child=4 2 -4 -5 5 -7 -8 9 13 -11 11 -13 17 -15 -16 -17 -18 -19 -20 28 24 22 23 -25 -26 26 -28 -29 29 -31
leaf_value=-0.0088772633364859795 -0.0022717158787064827 -0.0018537213720986462 0.0115648704655478 0.0050656699835233401 0 -0.0022719034556580148 0.015321784128055968 0.0081759536804248776 -0.010423359589880924 -0.0025940931408506619 0 -0.00043474191579495028 0 0.0024154057934299023 0.0066334332873782265 -0.0054799685070808825 -0.0024784216489321452 0.017941362057264622 0 -0.0011918377016738582 -0.0035349574602922575 0.012684220100456679 -0.0045720800049147475 0.0063233137351519919 -0.0051464134326326301 0.0097106899417884578 -0.0023930158150805621 -0.0010115698553954092 -0.011724270513235548 0.00062825817538972437
leaf_weight=9.3676942177116853 8.6872139836195839 4.4185682167299083 37.07057671691291 5.4873743928037575 5.1983798174187532 8.2604016107507032 8.3934149006381649 10.631301053799691 30.785435404628515 40.451799988280982 5.0719073978252771 3.4414192445110521 3.5655442690476802 2.1594874002039424 7.4553341353312126 16.732046776916832 9.6247041146270913 13.160133153200148 3.5952189341187468 115.60228449874558 19.798310943646356 12.126001594122501 8.3439871761947888 10.331283132079987 35.725563027197495 19.778907997533686 7.0862014526501289 4.5615564584732047 21.922543523600325 12.909464938566087
leaf_count=287 272 198 1067 113 180 443 211 207 2053 4439 148 160 107 102 545 501 181 341 384 8799 2064 315 248 297 3324 1366 818 393 1028 539
internal_value=7.84482e-05 0.00602399 0.00955571 -0.00255246 -0.000688368 0.00529684 0.0104598 -0.00112504 -0.00190791 0.00106165 0.00382369 0.0100259 0.0123141 -0.0073837 -0.000980037 -0.000635497 0.00275183 0.0152976 -0.00888574 -0.00140978 0.000276609 0.00459974 0.00727149 0.000514117 -0.00158795 0.000736319 0.00423045 0.00707462 -0.00294323 -0.00711431
internal_weight=501.744 56.3442 41.4891 14.8551 445.4 21.8522 13.5918 423.548 320.869 102.679 62.2271 25.239 21.7976 36.5401 284.329 36.9881 20.256 16.7257 34.3807 276.873 126.439 39.4885 30.8013 18.6753 86.9505 51.225 31.4267 24.3405 150.434 34.832
internal_count=31130 1665 1265 400 29465 834 391 28631 22547 6084 1645 756 596 2539 20008 889 388 448 2437 19463 9097 1132 860 545 7965 4641 2577 1759 10366 1567
is_linear=0
shrinkage=0.05


Tree=105
num_leaves=31
num_cat=0
split_feature=12 14 31 0 7 40 8 8 10 26 32 37 8 37 9 7 19 9 10 0 31 41 40 10 9 37 40 41 12 6
split_gain=0.516362 0.526504 0.492595 0.467819 0.637273 0.417634 0.394996 0.390604 0.389238 0.576408 0.706754 0.570774 0.496107 0.459055 0.438851 0.568267 0.37855 0.405412 0.427507 0.360603 0.59796 0.353126 0.354832 0.337093 0.329605 0.306648 0.537816 0.308218 0.297757 0.294443
threshold=-0.48333333432674402 -0.48333333432674402 0.44333332777023321 0.31000000238418585 -0.16333332657814023 0.80333334207534801 0.47666668891906744 0.19666665792465213 -0.063333332538604722 0.46999999880790716 0.31000000238418585 0.011377334594726564 -0.25666666030883784 0.009663581848144533 0.32999998331069952 -0.10333332419395445 0.35666668415069586 -0.26333332061767573 -0.236666664481163 -0.1766666769981384 -0.26999998092651362 0.052496397867798812 0.25666666030883795 0.36333334445953375 0.32333332300186163 -0.017637729644775387 0.050000000745058067 0.058001631870865829 -0.45666666328907007 1.0000000180025095e-35
decision_type=2 2 2 2 2 2 2 2 2 2 2 2 2 2 2 2 2 2 2 2 2 2 2 2 2 2 2 2 2 2
left_child=1 -1 3 4 7 6 25 23 13 11 -11 19 -13 -6 15 -14 17 -4 -19 24 -21 22 -18 -2 -10 26 -5 28 -27 -15
right_child=2 -3 16 5 8 -7 -8 -9 9 10 -12 12 14 29 -16 -17 21 18 -20 20 -22 -23 -24 -25 -26 27 -28 -29 -30 -31
leaf_value=0.0098186696117910817 -0.0052005360764843904 -0.0017408151507341538 0.012718277002932057 -0.010710591699399219 0 0.0018884082289491811 0.0034000436262487835 0.003550790972101685 0.0006705279923025269 0 0.014704188363902373 0.005601815924763406 0.0024854314271290524 0.00022833908761512578 0 -0.010824496360256017 -0.0025816025492427989 -0.0075292766891343239 0.0050950170945118813 0.0088967980461984141 -0.00038167778655837082 -0.0084212260799521755 0.0086964740528133622 0.0033293900129165131 -0.0079249162635905476 0 0.0020325823837954895 0 -0.012901576947123905 0.011796562122571283
leaf_weight=20.421247604303066 89.62261415226385 8.1380086466670019 11.95626214426011 5.1281909253448275 39.63397695380263 14.477420825045554 3.627093009883537 10.579139290377496 19.306034397566695 17.211645998992029 7.7882180344313374 3.208298905985429 3.9934700999874613 13.499729324597867 16.039995108032599 36.09493288770318 6.330028897617014 3.5278219450265214 14.453857469139617 23.101962025277317 30.379825921729207 4.4616679071914396 6.5697755292057991 5.3580740788020185 10.384183696471153 4.6205748184584037 21.430076396558434 5.2169646508991709 27.401862783357505 18.052673679543659
leaf_count=280 7101 153 280 233 3125 1241 260 895 1363 449 149 202 207 1004 979 2332 352 113 518 852 2162 210 394 352 768 91 1356 382 1850 1408
internal_value=0.000139621 0.00607102 -0.00023752 -0.00084254 0 -0.00409818 -0.00577337 -0.00314275 0.001417 0 0.00625871 -0.00123555 -0.00483103 0.00435574 -0.00631316 -0.00880522 0.00422574 0.00725829 0.000311702 0.00120166 0.0036991 -0.000454534 0.00277683 -0.00430254 -0.00246216 -0.00690053 -0.00118052 -0.00967186 -0.0112537 0.00834012
internal_weight=502.016 28.5593 473.456 426.157 344.255 81.9022 67.4248 105.56 238.695 167.509 24.9999 142.509 59.3367 71.1864 56.1284 40.0884 47.2994 29.9379 17.9817 83.172 53.4818 17.3615 12.8998 94.9807 29.6902 63.7977 26.5583 37.2394 32.0224 31.5524
internal_count=31061 433 30628 28761 23348 5413 4172 8348 15000 9463 598 8865 3720 5537 3518 2539 1867 911 631 5145 3014 956 746 7453 2131 3912 1589 2323 1941 2412
is_linear=0
shrinkage=0.05


Tree=106
num_leaves=31
num_cat=0
split_feature=30 22 37 22 4 36 29 37 8 41 11 38 13 1 37 32 31 17 26 25 4 20 6 40 21 19 21 30 38 4
split_gain=0.473923 0.857634 1.06346 0.672194 0.569176 0.529427 0.527828 0.445105 0.462529 0.435331 0.316742 0.510117 0.429811 0.419369 0.387687 0.509923 0.416658 0.378521 0.359555 0.359486 0.446381 0.388773 0.35798 0.321574 0.297514 0.287135 0.272489 0.26964 0.264911 0.263143
threshold=0.40333333611488348 -0.056666672229766839 0.04525041580200196 0.44333332777023321 0.32333332300186163 0.43666666746139532 0.47500002384185797 -0.054805755615234368 -1.0000000180025095e-35 0.053183959797024734 0.23666667938232425 0.03821611404418946 0.01666665077209473 0.043333351612091071 -0.011707305908203123 0.069999992847442641 0.44333332777023321 0.38999998569488531 -0.40333333611488337 -0.030000001192092892 -0.30333334207534784 0.17666667699813846 0.21666666865348819 0.030000001192092899 0.056666672229766853 -0.4433333277702331 0.47666668891906744 0.37000000476837164 0.11019897460937501 -0.41666667163372034
decision_type=2 2 2 2 2 2 2 2 2 2 2 2 2 2 2 2 2 2 2 2 2 2 2 2 2 2 2 2 2 2
left_child=4 2 5 7 10 9 -5 -3 -9 -2 12 17 13 19 15 18 -17 22 -14 20 29 -21 23 -12 -25 -22 -10 -15 -6 -1
right_child=1 3 -4 6 28 -7 -8 8 26 -11 11 -13 14 27 -16 16 -18 -19 -20 21 25 -23 -24 24 -26 -27 -28 -29 -30 -31
leaf_value=-0.0035722268320381619 -0.013329974010031487 -9.5645229346976994e-05 0.0082166442487847432 -0.0076152078981536033 -0.0070377649187874942 0.0018746343356176969 0.0053470045065256945 0 0.013528132812089389 0 -0.00055490994462988822 -0.0032527118111168318 0 0.0035870913880957488 0 -0.0049694245011213866 0.0085699266360763377 -0.00047094502983196449 -0.014494144902556114 0.0039087784314472693 0.00047720458697744018 -0.0046635567729167594 -0.00015130307974650021 0.013899251225694043 0 -0.0071193616478716741 0 -0.0036958072842268016 0.0004527318749472119 0.0059119204052266085
leaf_weight=3.8857331501785657 18.115029349923141 6.2660186565481117 8.9779557271394861 9.8134481934830564 40.499552317080088 5.5236977105960241 8.5305806512478721 4.700563113205134 34.762820842675865 4.338361930800601 1.7426516429986829 14.690616034436969 2.0142066946718868 92.033120949752629 35.532834065845236 8.857752464944495 3.1870386386290184 11.136614075629039 14.729400447336959 39.40146613214165 7.5006552864797404 11.098512458847834 5.4614419518038622 20.29241153551266 8.8564505605027062 50.137362736975774 4.1720696801785371 6.3624667078256598 6.9512715621385714 11.979319527512414
leaf_count=220 486 193 252 338 3368 231 220 101 1033 126 152 1625 188 5038 3942 962 86 797 1400 2152 200 622 523 1240 637 3371 125 205 602 682
internal_value=8.97772e-06 0.00294475 -0.00248902 0.00618723 -0.000740401 -0.0075046 -0.000728212 0.0089819 0.0106431 -0.0105993 0 0.00306501 -0.000719065 0.000247145 -0.00415141 -0.00791817 0 0.00563238 -0.0123269 -0.00153471 -0.00373874 0.00128716 0.00789423 0.00978756 0.0111063 -0.00578616 0.0122824 0.00269134 -0.00554509 0.00210282
internal_weight=501.551 105.201 36.955 68.2455 396.351 27.9771 18.344 49.9015 43.6355 22.4534 348.9 62.1802 286.72 222.399 64.3212 28.7884 12.0448 47.4896 16.7436 124.003 73.5031 50.5 36.353 30.8915 29.1489 57.638 38.9349 98.3956 47.4508 15.8651
internal_count=31117 3105 1095 2010 28012 843 558 1452 1259 612 24042 4974 19068 12490 6578 2636 1048 3349 1588 7247 4473 2774 2552 2029 1877 3571 1158 5243 3970 902
is_linear=0
shrinkage=0.05


Tree=107
num_leaves=31
num_cat=0
split_feature=30 23 25 4 5 35 37 12 25 28 18 38 31 32 7 2 38 37 9 35 7 32 33 39 16 25 20 38 36 37
split_gain=0.47861 0.927137 0.559019 0.38041 0.731889 0.517214 0.67761 0.752647 0.699892 0.583441 0.4498 0.4197 0.419093 0.411562 0.404049 0.39309 0.372737 0.359978 0.488973 0.474777 0.462396 0.329509 0.702745 0.50324 0.449722 0.36214 0.327698 0.327336 0.350019 0.284389
threshold=0.47500002384185797 0.47666668891906744 0.18333333730697635 0.30333334207534796 0.31166666746139532 -0.076666668057441698 0.046335220336914069 -0.36333334445953364 -0.40333333611488337 -0.15666666626930234 -0.41666667163372034 0.026190280914306644 -0.04333332180976867 0.38333332538604742 0.043333351612091071 -0.21666666865348813 0.043743610382080085 0.040452957153320319 -0.1766666769981384 0.26999998092651373 0.27666664123535162 0.31666666269302374 0.27666664123535162 0.021614183671772483 -0.43000000715255732 0.37666666507720953 0.32333332300186163 0.11019897460937501 0.46999999880790716 0.009663581848144533
decision_type=2 2 2 2 2 2 2 2 2 2 2 2 2 2 2 2 2 2 2 2 2 2 2 2 2 2 2 2 2 2
left_child=2 -2 3 4 5 6 7 8 -1 -10 15 -9 14 -6 -12 -7 -17 18 -5 20 -20 22 24 25 -4 26 -23 28 -25 -14
right_child=1 -3 21 17 13 10 -8 11 9 -11 12 -13 29 -15 -16 16 -18 -19 19 -21 -22 23 -24 27 -26 -27 -28 -29 -30 -31
leaf_value=-0.0020862620527321274 0.0097176838260452508 -0.0058878578172117052 0.0062102413077091793 0.0026583933435318048 0.0126094584736096 0 -0.0038900328567269557 0.0034425675582109602 0 0.016152586826579159 -0.00084930307322332317 -0.0032348977529682425 -0.0059643835513479944 -0.00073279139312737744 0.0066555624533763055 -0.012747715169739446 0 0.0022325050993451008 -0.014748472455096471 0 0 0.011786955104131908 -0.012584454879563153 -0.0098866069431475193 -0.0037431611957826853 -0.00065766775851853836 -4.8807575740252994e-05 0.0023532913254625774 0.0018519320956021516 0.00052482990086953043
leaf_weight=4.1821699161082533 25.227970032952726 6.8782969044987103 7.4866057387553147 6.884340625954791 14.478871069150047 9.3289353628642875 25.760105338646099 71.377938468707725 3.5565714996773812 20.791699693072584 25.958305960986763 25.107239075936377 29.810097621288151 2.5950555058661839 27.075847386615351 15.268548315158116 3.736319374293088 12.608369844965635 16.331600666744642 11.065235746325923 4.0641376683488479 10.631044839741664 18.616271339356899 17.253938407637186 45.922813071636483 10.950643771560861 2.8832537824055171 4.3893055901862672 2.0620564499404272 18.422683759941719
leaf_count=173 553 218 143 508 678 219 1838 4817 159 583 1406 2016 2323 115 1225 482 92 885 930 566 256 658 1294 1353 4285 1146 158 236 160 1692
internal_value=-2.00741e-05 0.00531771 -0.000501074 0.000461756 0.00121856 0.000411494 0.00242819 0.00403944 0.0105263 0.0135007 -0.00175397 0.00137337 0 0.00983487 0.00284574 -0.00670091 -0.0100477 -0.00318018 -0.00558495 -0.00819301 -0.011842 -0.00337933 -0.00538775 0 -0.00144086 0.0044132 0.00874209 -0.00473057 -0.00750404 -0.00324098
internal_weight=500.706 32.1063 468.6 348.404 297.45 280.376 150.776 125.016 28.5304 24.3483 129.601 96.4852 101.267 17.0739 53.0342 28.3338 19.0049 50.9537 38.3453 31.461 20.3957 120.196 72.0257 48.1702 53.4094 24.4649 13.5143 23.7053 19.316 48.2328
internal_count=31167 771 30396 20963 17818 17025 9586 7748 915 742 7439 6833 6646 793 2631 793 574 3145 2260 1752 1186 9433 5722 3711 4428 1962 816 1749 1513 4015
is_linear=0
shrinkage=0.05


Tree=108
num_leaves=31
num_cat=0
split_feature=10 5 35 30 27 0 38 30 23 39 35 38 27 32 39 23 5 35 31 31 2 30 33 29 31 2 29 7 38 30
split_gain=0.47977 0.43114 0.550666 0.628541 0.522965 0.510308 0.468614 0.449161 0.47513 0.426632 0.407439 0.406692 0.508819 0.804474 0.616636 0.494255 0.492572 0.460057 0.718113 0.415794 0.420164 0.381323 0.467832 0.673882 0.555605 0.372254 0.367513 0.509069 0.352555 0.341818
threshold=0.48333334922790533 1.0000000180025095e-35 -0.28333333134651179 0.29000002145767217 -0.45666666328907007 0.26999998092651373 0.11019897460937501 -0.40333333611488337 -0.33666665852069849 0.028816987760365013 -0.41666667163372034 0.11019897460937501 -0.030000001192092892 0.38999998569488531 0.015892331488430503 0.31000000238418585 0.14999997615814212 0.29000002145767217 -0.37666666507720942 0.46333330869674688 0.21666666865348819 0.18333333730697635 0.37666666507720953 0.41666668653488165 -0.21000000834465024 0.40333333611488348 0.25666666030883795 0.21666666865348819 0.043743610382080085 -0.2766666561365127
decision_type=2 2 2 2 2 2 2 2 2 2 2 2 2 2 2 2 2 2 2 2 2 2 2 2 2 2 2 2 2 2
left_child=1 2 3 5 -4 7 -5 8 -1 -2 -9 12 13 14 -3 -15 -13 21 -19 20 -14 -16 23 24 26 -17 -23 -28 -10 -21
right_child=9 11 4 6 -6 -7 -8 10 28 -11 -12 16 19 15 17 25 -18 18 -20 29 -22 22 -24 -25 -26 -27 27 -29 -30 -31
leaf_value=-0.0016991392101095841 0.011792222777118581 -0.0027582935075616487 -0.012330343996517253 0.014109591078483941 -0.0025771089723032989 -0.0082105462767468537 -0.00041302322725070284 -0.0075968577584757668 0.014631446282936757 -0.0020824609763786753 0.0013605046774661669 -0.0014145627056916189 -0.0075865990108802059 -0.01183686901141962 0.0060333358868184181 0.0069297657945814901 0.0088727546378319141 0.015811990573063199 0 -0.0023908100230024924 0 -0.0016426790485295851 0.0082090575681677755 -0.011851072530251739 -0.0051536492680980019 -0.0055345131077413423 0.014285938290069276 -0.00025101900377122606 0 0.010445780669513738
leaf_weight=4.0492513231001785 8.8794884125236404 25.502369181253016 13.089920362690462 7.6865652245469374 132.07891598646529 13.086755806813015 3.6392680315766484 12.013364064041516 8.6446807705797237 2.2372613975312552 29.265847450587906 10.825291518354787 41.503618361894041 10.053322814172136 30.544661142630503 6.2568195036146772 23.48885503038764 14.859580409945922 12.200093015562741 2.4477623836137354 29.833395510329865 4.1901244530454305 5.4589188063982865 8.8314176592975837 14.067753877025099 5.1665780479088426 8.8193407636135799 4.5144576886668792 1.5096471975557495 3.915209845872595
leaf_count=323 544 1131 343 241 9428 982 99 1036 577 92 2125 647 3841 558 1775 174 1516 232 598 116 2597 133 176 181 683 255 216 126 188 141
internal_value=-0.000337064 -0.000665414 -0.00226753 0.000783336 -0.00407643 -0.000963472 0.00947317 0.00097372 0.0073617 0.00778819 -0.00135082 0.000635183 -7.39361e-05 0.00150298 0.0031636 -0.00607371 0.00527971 0.00492247 0.010171 -0.00331515 -0.00466598 0.00215576 -0.000342965 -0.00294811 0.000369965 0 0.00605043 0.00952057 0.0118116 0.00472177
internal_weight=498.661 487.544 225.064 79.8954 145.169 68.5695 11.3258 55.4828 14.2036 11.1167 41.2792 262.48 228.165 150.465 128.989 21.4767 34.3141 103.486 27.0597 77.7 71.337 76.4267 45.882 40.4231 31.5917 11.4234 17.5239 13.3338 10.1543 6.36297
internal_count=31074 30438 15342 5571 9771 5231 340 4249 1088 636 3161 15096 12933 6238 5251 987 2163 4120 830 6695 6438 3290 1515 1339 1158 429 475 342 765 257
is_linear=0
shrinkage=0.05


Tree=109
num_leaves=31
num_cat=0
split_feature=13 41 37 2 25 24 23 26 17 17 19 41 23 13 19 40 41 28 32 41 24 26 33 10 23 21 41 26 3 38
split_gain=0.505102 0.578875 0.622738 0.579386 0.379116 0.516431 0.489737 0.694769 0.452582 0.447849 0.441687 0.429769 0.427914 0.405243 0.375795 0.374911 0.390158 0.316487 0.550747 0.370507 0.414631 0.36599 0.312846 0.301466 0.476735 0.300702 0.297973 0.275456 0.434638 0.233432
threshold=-0.45666666328907007 0.046601507812738426 0.011377334594726564 0.17000001668930056 -0.25666666030883784 -0.17000000178813932 0.2833333313465119 -0.023333340883255001 -0.15000000596046445 -0.11666667461395262 0.24333333969116214 0.027692640200257305 -0.19666665792465207 -0.37666666507720942 -0.12999999523162839 0.80333334207534801 0.059835318475961692 0.36333334445953375 -0.15000000596046445 0.038504686206579215 0.17000001668930056 0.43000000715255743 0.30333334207534796 -0.4433333277702331 0.35000002384185797 0.25666666030883795 0.031793767586350448 -0.12999999523162839 -0.069999992847442613 -0.038792133331298821
decision_type=2 2 2 2 2 2 2 2 2 2 2 2 2 2 2 2 2 2 2 2 2 2 2 2 2 2 2 2 2 2
left_child=1 2 26 -4 5 22 17 -8 25 13 11 -10 -11 -7 -15 16 -3 18 21 20 29 -6 -2 -14 -25 -9 -1 -19 -29 -20
right_child=4 15 3 -5 6 9 7 8 10 12 -12 -13 23 14 -16 -17 -18 27 19 -21 -22 -23 -24 24 -26 -27 -28 28 -30 -31
leaf_value=0.0010110466311244839 0.0087640152654322543 -0.0098431712527641702 0.0059168729187632713 -0.0080401328502578279 -0.0060362114685616136 -0.0015665428989664045 -0.0035911821615070916 0.0054898753178487907 0 0.0028088031627080813 0 0.013547729635605381 0.0016844118790987927 0.011383664894363186 -0.00033421801436084493 0.0047436777055912755 0.0014116023706952589 0 -0.0098061503799210022 0.002331699619533239 0.002319626341091344 0.0023357430419171377 -0.00046615401088662779 -0.011618462453760522 0.00033219763618635404 -0.0040823315531658749 0.01491446173615469 0 -0.013598392849807989 -0.0010082566704972145
leaf_weight=10.814469913952054 28.701474839122966 10.708165948279207 11.34740867209621 7.0119874579831949 67.361082436982542 10.832933143712582 26.637478894786909 7.44369092374109 3.0130813457071808 9.6783597506582719 9.3042772576445696 21.207433987874538 2.4398418837226954 12.925476484699177 4.1788732372224322 7.6205250583589068 5.8655209415592244 4.8378760528285083 13.361296938732265 89.90435203386005 19.23907810007222 7.7725090684834859 5.0986109075602135 19.510007803095508 6.2093305368907741 14.796335535356773 16.667689311318099 3.6347501736599979 11.985698106698687 27.879094584146515
leaf_count=182 2119 213 191 116 5657 388 2214 232 151 743 890 1059 185 818 420 131 120 344 947 6212 1402 308 400 1576 507 479 279 129 542 2113
internal_value=0.000438001 0.00420855 0.00729339 0 -0.000171108 0.00237313 -0.00104611 0.00203911 0.00522092 0 0.00843932 0.0113881 -0.0036288 0.00399766 0.00809542 -0.00109626 -0.00543606 -0.00220282 -0.00141461 0.000211958 -0.00248909 -0.00475332 0.00688317 -0.006678 -0.00842802 0 0.0113516 -0.00765545 -0.010177 -0.00527131
internal_weight=497.989 70.0358 45.8416 18.3594 427.953 99.5749 328.378 82.4023 55.7648 65.7748 33.5248 24.2205 37.8375 27.9373 17.1043 24.1942 16.5737 245.976 225.517 150.384 60.4795 75.1336 33.8001 28.1592 25.7193 22.24 27.4822 20.4583 15.6204 41.2404
internal_count=31067 1232 768 307 29835 7156 22679 5025 2811 4637 2100 1210 3011 1626 1238 464 333 17654 16639 10674 4462 5965 2519 2268 2083 711 461 1015 671 3060
is_linear=0
shrinkage=0.05


Tree=110
num_leaves=31
num_cat=0
split_feature=12 4 5 21 24 24 24 30 26 39 7 33 19 40 38 8 24 11 41 39 15 39 25 3 15 1 5 12 23 26
split_gain=0.406405 0.589679 0.651251 0.536185 0.696364 0.576534 0.455677 0.480766 0.394444 0.362875 0.348579 0.345447 0.344958 0.340908 0.305062 0.405066 0.52112 0.764351 0.591558 0.409345 0.587814 0.519911 0.383094 0.344026 0.638532 0.341505 0.423076 0.32577 0.298692 0.286429
threshold=0.43000000715255743 -0.29666668176650995 -0.016666665673255917 0.24333333969116214 -0.35000000894069666 0.33666664361953741 0.25000000000000006 -0.096666663885116563 -0.43000000715255732 0.012335670646280052 -0.04333332180976867 -0.29000000655651087 0.35666668415069586 0.036666667088866241 0.11496782302856447 0.46333330869674688 0.12333333492279054 -0.30333334207534784 0.02924387808889151 0.024153697304427627 -0.19666665792465207 0.013578832149505617 -0.10999999940395354 0.32333332300186163 -0.32333332300186152 -0.1116666793823242 0.13666665554046634 0.11000001430511476 0.31000000238418585 0.27666664123535162
decision_type=2 2 2 2 2 2 2 2 2 2 2 2 2 2 2 2 2 2 2 2 2 2 2 2 2 2 2 2 2 2
left_child=1 3 6 4 -1 12 7 10 -4 -9 -3 -11 -6 -13 15 16 18 25 -10 20 21 -19 -21 24 -16 -18 -27 -25 -17 -23
right_child=-2 2 8 -5 5 -7 -8 9 14 11 -12 13 -14 -15 23 28 17 19 -20 22 -22 29 -24 27 -26 26 -28 -29 -30 -31
leaf_value=-0.0016280328627009252 -0.0058471763961993771 -0.0022394579025167291 -0.0056685918314013997 -0.0046461952689606009 0.010902211238302395 -0.0026849740424543683 0.0032098241680980685 0.0024168970988137019 -0.0044511224051643162 0.0011699255013762711 0.0064209349074789736 0.00083652505598194127 0 -0.0089365890811387624 0.015450959255004428 0 0 -0.0019231999472367426 0.0046848607983711486 0.0023127105750850737 -0.0023175290697107485 0.0010479784503379238 -0.0079376348743418704 -0.0068195596867091203 0 0 -0.013032810723928229 0.0054675332148706839 0.013139062941969301 0.014771475108192038
leaf_weight=17.434869649121538 19.919867059215903 38.762803927529603 11.667146021034567 7.5324382197577497 49.121807966846973 4.9247604126576325 17.803548476891592 4.1911620546597979 14.481224728748201 4.8184100727085015 9.6919264444150013 3.8864910202100864 4.9860188032034776 67.600301585625857 10.163939570309596 3.3103616544976813 9.3243144364096207 5.2869690847583142 81.149935798486695 7.422794931568208 17.5328374421224 11.604411938460546 14.61131125083193 5.0914149465970677 10.030977927381175 4.3906949318479773 19.070860769366845 3.9887261178810149 5.2212846658658236 12.077257276745511
leaf_count=1488 2297 3443 856 468 2835 333 1150 212 792 323 898 232 385 3766 248 181 256 193 4423 415 1826 563 874 190 949 148 532 305 215 289
internal_value=0.000175885 0.000548544 -0.0002239 0.00421581 0.00566644 0.00815668 -0.00284941 -0.00397674 0.0012712 -0.00621041 0 -0.00712967 0.00972889 -0.00805899 0.0018526 0.000939119 0.000207349 -0.00209687 0.00287432 0.000693221 0.00350908 0.00754304 -0.00383683 0.00630537 0.00929368 -0.00777882 -0.010423 0 0.00905106 0.0104602
internal_weight=497.101 477.181 393.181 83.9999 76.4675 59.0326 146.755 128.951 246.426 80.4964 48.4547 76.3052 54.1078 71.4868 234.759 205.484 196.953 101.321 95.6312 68.5356 46.5015 28.9686 22.0341 29.2751 20.1949 32.7859 23.4616 9.08014 8.53165 23.6817
internal_count=31085 28788 23279 5509 5041 3553 10024 8874 13255 4533 4341 4321 3220 3998 12399 10707 10311 5096 5215 4160 2871 1045 1289 1692 1197 936 680 495 396 852
is_linear=0
shrinkage=0.05


Tree=111
num_leaves=31
num_cat=0
split_feature=30 11 11 24 31 38 40 13 7 4 22 7 31 20 25 1 25 10 10 13 39 4 10 39 26 39 36 5 2 31
split_gain=0.557186 0.495329 0.679995 0.440024 0.536828 0.761787 0.795362 0.710477 0.615729 0.70694 0.460079 0.407415 0.404425 0.391676 0.410849 0.632207 0.615231 0.500308 0.601363 0.542792 0.51131 0.444839 0.43859 0.562386 0.508618 0.525216 0.427 0.391865 0.384539 0.382407
threshold=0.47500002384185797 -0.45666666328907007 -0.32333332300186152 -0.36333334445953364 0.35666668415069586 0.0089869499206542986 0.11333333328366281 0.17666667699813846 -0.46999999880790705 0.40333333611488348 -0.35000000894069666 -0.29666668176650995 -0.0099999904632568342 0.47500002384185797 -0.030000001192092892 0.24333333969116214 -0.14333333075046537 0.11000001430511476 0.43000000715255743 -0.19666665792465207 0.024153697304427627 0.31666666269302374 0.38333332538604742 0.018832436762750152 -0.21000000834465024 0.028816987760365013 -0.15000000596046445 0.20999997854232791 0.028333306312561039 -0.17000000178813932
decision_type=2 2 2 2 2 2 2 2 2 2 2 2 2 2 2 2 2 2 2 2 2 2 2 2 2 2 2 2 2 2
left_child=3 -2 -3 11 7 6 -6 12 -8 10 -10 -1 13 14 15 16 27 19 22 20 26 -17 23 29 -25 -26 -16 28 -5 -19
right_child=1 2 -4 4 5 -7 8 -9 9 -11 -12 -13 -14 -15 17 21 -18 18 -20 -21 -22 -23 -24 24 25 -27 -28 -29 -30 -31
leaf_value=0.0011905614711379788 0.010426608310313234 -0.010341859564959274 0.0054454915856026196 0.00088752201843608097 -0.0019055209934181626 -0.0034798167795085447 -0.0029221536929667155 -0.0065037007752161763 0 -0.001852751519216642 0.016457224134534845 -0.0074900935418207833 -0.0028268356655156059 -0.0071071188020209635 0 0.0088904891169783781 -0.0085425552085713688 -0.010386231233638445 0.010195851171772956 0 0 -0.0018205703929384922 -0.010357186923128481 -0.0056412589114842055 0.010567169443875066 -0.0018712694504891992 0.015619998937607344 0.0072291157808854149 -0.0071247278324873889 0.00171652032382819
leaf_weight=11.436743852449579 16.65235040243715 4.9643829246051636 11.782207494601606 32.333467551972717 12.080346912611274 17.216191493091173 2.5559338848106554 42.169872394762933 3.5855457684956482 3.3168177956249556 27.151331716217104 34.386081173550338 84.108537676045671 6.7811606964096418 7.9659981483127913 19.346901897573847 24.089564288500696 10.207684179767964 6.2127283411100498 15.381562672555445 13.620495043927802 7.5872981955762944 6.4012958025559774 3.4121467496734104 19.33592310757377 5.877804019721224 21.016792688518766 9.5293229019734991 15.655139013426377 3.4765740784350774
leaf_count=967 237 91 453 1647 561 1828 94 5216 141 184 1124 3099 7406 261 324 774 1023 317 149 1250 514 354 181 208 568 208 617 398 813 156
internal_value=-7.96174e-05 0.00557446 0 -0.000603265 -7.38601e-06 0.00387693 0.00703169 -0.000851361 0.0104205 0.0123339 0.0145978 -0.00495411 0 0.00111462 0.00165714 -0.000344276 -0.00273999 0.00371167 0 0.00671938 0.00934657 0.00533214 -0.00206733 0 0.00411271 0.00706428 0.0125663 0 -0.00176454 -0.00645541
internal_weight=499.638 33.3989 16.7466 466.239 420.416 65.9062 48.69 354.51 36.6096 34.0537 30.7369 45.8228 312.34 228.232 221.451 108.542 81.6075 112.909 54.9242 57.9848 42.6033 26.9342 48.7114 42.3101 28.6259 25.2137 28.9828 57.5179 47.9886 13.6843
internal_count=31163 781 544 30382 26316 3932 2104 22384 1543 1449 1265 4066 17168 9762 9501 5009 3881 4492 1787 2705 1455 1128 1638 1457 984 776 941 2858 2460 473
is_linear=0
shrinkage=0.05


Tree=112
num_leaves=31
num_cat=0
split_feature=10 19 12 15 32 27 21 39 9 7 39 18 37 36 27 40 13 37 39 16 2 37 10 15 29 41 41 29 40 39
split_gain=0.374551 0.326611 0.307775 0.443353 0.44647 0.709851 0.375844 0.361336 0.345798 0.611307 0.839291 0.517336 0.431548 0.923949 0.954883 0.777647 0.964438 0.959937 0.879284 0.880957 0.51837 0.469303 0.417456 0.343502 0.329901 0.327958 0.504687 0.316925 0.306013 0.301316
threshold=0.48333334922790533 0.37000000476837164 0.25000000000000006 0.22333335876464847 -0.24333333969116208 -0.35000000894069666 -0.40333333611488337 0.020484371110796932 -0.036666661500930779 -0.023333340883255001 0.028816987760365013 -0.41666667163372034 0.009663581848144533 0.22333335876464847 -0.43000000715255732 0.9533333182334901 -0.13666665554046628 0.042311668395996101 0.014356491621583702 -0.32333332300186152 -0.25666666030883784 -0.070494174957275377 0.40333333611488348 -0.33666665852069849 0.056666672229766853 0.035937532782554633 0.030960030853748325 0.16333335638046267 0.61666667461395275 0.028816987760365013
decision_type=2 2 2 2 2 2 2 2 2 2 2 2 2 2 2 2 2 2 2 2 2 2 2 2 2 2 2 2 2 2
left_child=1 2 3 4 5 -1 -5 -7 9 28 11 -11 13 22 -15 16 17 18 -14 -20 -16 -22 24 -17 -10 26 -26 -13 -6 -2
right_child=29 -3 -4 6 8 7 -8 -9 12 10 -12 27 15 14 20 23 -18 -19 19 -21 21 -23 -24 -25 25 -27 -28 -29 -30 -31
leaf_value=0.010801245527058969 0.010297824160397146 -0.0049822935134424175 0.0030128705491422364 0.0027794029154103866 -0.0047269939271775679 0.0043343579523649157 -0.0082007828314572383 -0.0037939402479436482 0.00017004027220985266 0.0091585353046759847 0.015543026923297341 0.001559425257923068 0.00010948205197585462 -0.0041980137743805688 -0.0014287968204165415 0.010820346997328716 0.0025801288115948756 -0.002317535235502662 -0.02298377863050351 0 0 0.013505959293336055 0.0051648173046530028 -0.0018437826466462942 -0.0066194089939381742 -0.0101785609701861 0.0057230165882038372 -0.0065181171109214425 0.001520605249474195 -0.0012058356125968068
leaf_weight=15.957313800929112 8.3113278842065466 35.793906318838708 53.581780466949567 3.0317358335014459 36.575802985345945 18.502428430598229 27.034572688862681 24.778304212726653 12.370108696166424 7.7799582502339026 8.4033729338552785 16.841353590600196 4.147404219023886 14.82248062873259 5.182139574782922 5.1611315833870322 15.484304117038844 34.573382348520681 17.630896899150692 3.9635050978977189 7.1712859713006756 24.692998492624614 3.6398862639907739 2.3783953024540088 12.268525821389632 28.763328791130334 8.309105708729474 14.913903598207979 24.055443930905312 2.0470253708772352
leaf_count=537 528 3729 4522 250 2504 1597 2588 1878 891 197 385 1393 126 327 266 114 1369 1095 455 287 270 1015 139 202 506 1303 289 795 1473 89
internal_value=-0.000426899 -0.000714651 -0.000261282 -0.000801575 -0.000209358 0.0034734 -0.00612224 0 -0.00104711 0.00103713 0.00508683 0.000560102 -0.00229377 -7.30731e-05 0.00442311 -0.00492275 -0.00666401 -0.00943291 -0.0159573 -0.019302 0.00855758 0.010811 -0.00406392 0.00593221 -0.0053869 -0.00709919 -0.000528098 -0.00200502 -0.00195934 0.00688774
internal_weight=498.167 487.809 452.015 398.433 368.367 59.238 30.0663 43.2807 309.129 108.57 47.9386 39.5352 200.559 117.22 51.8689 83.339 75.7995 60.3152 25.7418 21.5944 37.0464 31.8643 65.351 7.53953 61.7111 49.341 20.5776 31.7553 60.6312 10.3584
internal_count=31119 30502 26773 22251 19413 4012 2838 3475 15401 6747 2770 2385 8654 5006 1878 3648 3332 1963 868 742 1551 1285 3128 316 2989 2098 795 2188 3977 617
is_linear=0
shrinkage=0.05


Tree=113
num_leaves=31
num_cat=0
split_feature=26 31 35 20 19 37 39 41 9 11 11 3 39 39 32 21 7 27 37 26 31 4 27 31 4 19 38 28 41 28
split_gain=0.332155 0.322574 0.513975 0.626001 0.501994 0.457562 0.670552 0.536962 0.484251 0.361984 0.321422 0.526899 0.502415 0.90711 0.696081 0.514474 0.813735 0.509121 0.664806 0.677596 0.54933 0.491549 0.496416 0.417094 0.405999 0.439346 0.681387 0.407335 0.321701 0.321515
threshold=-0.46999999880790705 0.48333334922790533 -0.43000000715255732 -0.21666666865348813 -0.04333332180976867 -0.011707305908203123 0.023099512793123726 0.039630852639675147 0.12333333492279054 0.17666667699813846 0.043333351612091071 0.23833334445953372 0.0129718822427094 0.013880040496587755 1.0000000180025095e-35 -0.13666665554046628 0.11000001430511476 -0.26333332061767573 -0.070494174957275377 0.35666668415069586 -0.21000000834465024 -0.12999999523162839 -0.14333333075046537 -0.22999998927116391 0.31000000238418585 -0.40333333611488337 0.074303150177001967 0.01666665077209473 0.047034999355673797 0.12333333492279054
decision_type=2 2 2 2 2 2 2 2 2 2 2 2 2 2 2 2 2 2 2 2 2 2 2 2 2 2 2 2 2 2
left_child=-1 4 -3 -4 10 6 8 -7 -6 -8 12 -12 23 14 -14 21 24 18 -18 -20 -19 22 -15 -2 25 26 -17 -27 -21 -23
right_child=1 2 3 -5 5 7 9 -9 -10 -11 11 -13 13 15 -16 16 17 20 19 28 -22 29 -24 -25 -26 27 -28 -29 -30 -31
leaf_value=-0.0070079187931429282 0.012158302135716802 -0.0040317991280692193 -0.0016798258487803223 0.014738870072273974 -0.013653095444974228 0.0037725996111953931 -0.0047038407176356774 -0.0034739204402548319 -0.0009881092711590152 0.0047811469170955107 0.0080016787395887443 -0.0010064752991655627 0.00050330571347503492 0.0048960447173228352 -0.017169189804282847 -0.00089731632887227002 -0.009383163794954295 0.01321618107796668 -0.0025123963537281133 0.011492615854780848 0 0 -0.0058668067120596521 0 -0.0093585076925231953 0.0017741570939739095 0.010945529433339067 -0.0057268901023916838 0 -0.010624104521701191
leaf_weight=11.328215507557614 9.0973066305741686 2.9580651405267444 3.5863723854999998 9.9135709530673886 21.086851644678973 41.492113602114841 12.3808391680941 49.225962325697765 18.339725994272158 15.796863478375597 30.460712275467813 19.342734859557822 4.5278569960501027 21.455504877027124 7.7787456712685525 20.807786271208897 5.1049495604820541 22.771524452371526 15.20633634412661 17.499031992163513 7.4352432722225776 9.5598068477120268 11.005512715084476 7.7496383571997276 6.9593501435592762 21.779011062346399 13.843787257792426 34.667089422233403 5.8482743394561103 18.871892742114142
leaf_count=812 234 98 172 346 2191 4505 1186 5278 1744 1176 1874 945 282 635 271 566 131 677 305 360 521 540 716 474 272 1686 314 2032 149 684
internal_value=-0.000202276 0 0.00589222 0.00992027 -0.000236961 -0.00251821 -0.00544963 0 -0.00922081 0 0.000868491 0.00432303 3.6356e-05 -0.000517983 -0.0112676 0.000214368 0.00170968 0.00552099 0.00105317 0.00407371 0.0100433 -0.00340837 0.000251042 0.00721406 -0.00107389 0 0.00413627 -0.00253998 0.00885183 -0.00762816
internal_weight=497.881 486.552 16.458 13.4999 470.094 158.322 67.6043 90.7181 39.4266 28.1777 311.772 49.8034 261.969 245.122 12.3066 232.815 171.922 73.8654 43.6586 38.5536 30.2068 60.8927 32.461 16.8469 98.057 91.0977 34.6516 56.4461 23.3473 28.4317
internal_count=31176 30364 616 518 29748 16080 6297 9783 3935 2362 13668 2819 10849 10141 553 9588 7013 2143 945 814 1198 2575 1351 708 4870 4598 880 3718 509 1224
is_linear=0
shrinkage=0.05


Tree=114
num_leaves=31
num_cat=0
split_feature=7 4 23 39 1 40 28 40 37 6 30 8 39 37 13 13 39 7 6 38 22 41 1 4 2 41 33 40 1 7
split_gain=0.388222 0.505099 0.48223 0.512051 0.557418 0.403669 0.524697 0.381742 0.486944 0.344912 0.335173 0.589897 0.678082 0.464766 0.401563 0.317172 0.313708 0.375175 0.36125 0.308789 0.297944 0.289027 0.287077 0.391978 0.338183 0.395917 0.31815 0.275639 0.37872 0.342907
threshold=0.083333313465118422 0.44333332777023321 -0.22333332896232602 0.015892331488430503 -0.31000000238418574 0.35666666924953466 -0.26999998092651362 0.88333332538604747 -0.072489261627197252 1.0000000180025095e-35 -0.37666666507720942 -0.083333343267440782 0.01946812774986029 0.028082847595214847 -0.3899999856948852 -0.32999998331069941 0.01376076275482774 0.49666666984558111 0.35000002384185797 -0.15066432952880857 0.05500000715255738 0.073804967105388655 -0.044999986886978142 0.32333332300186163 0.17666667699813846 0.047034999355673797 -0.28333333134651179 0.076666664332151427 -0.33666665852069849 0.14999997615814212
decision_type=2 2 2 2 2 2 2 2 2 2 2 2 2 2 2 2 2 2 2 2 2 2 2 2 2 2 2 2 2 2
left_child=5 2 27 -4 -5 6 -1 8 -6 -10 -7 12 -12 14 -13 -15 -3 18 -18 -11 -14 -22 23 26 -24 -26 -8 -2 -29 -30
right_child=1 16 3 4 7 10 22 -9 9 19 11 13 20 15 -16 -17 17 -19 -20 -21 21 -23 24 -25 25 -27 -28 28 29 -31
leaf_value=0.0016656801622538958 0.0037517658685949731 0.0031731684995348064 -0.0016237411161840129 -0.0022797917049063384 -0.0001074426723058312 -0.0048431237639458722 0 0 0 0 -0.00084425957389427778 0.008086924035646181 0.0020264288820677329 -0.010814988865555347 -0.0015424064996735212 0 0 0.0028650325135215048 -0.012597276026125905 0.010275197524947625 0.014255513143443161 0 0.0008561032398961381 0.0021889476394972313 -0.0087848371120551518 0.0010672601304854133 -0.012481220565494184 0.0012484698449089474 0.00059294281846256265 -0.0099507895337273607
leaf_weight=29.719869973137975 7.8526175885926923 2.2691637394018498 27.637863529846072 15.215108819771556 13.03865996794775 17.979231343371794 7.6975500390399239 14.63194473274052 11.086401886772363 4.5883028791286042 27.274621335556731 9.7157253255136329 23.544225081568584 11.836243458092214 22.157336001982912 13.882388039259238 3.3676504169125172 1.2843845689203579 13.426677211769855 74.773784433258697 16.478792345849801 2.7836347860284141 31.686309702461585 1.6984677843283851 21.034219435416166 8.0324747194536013 24.807451090309769 12.681311297463251 4.2833003993146148 18.41637075971812
leaf_count=2382 470 188 1559 844 669 1612 752 859 657 255 1788 267 1413 367 1587 1201 259 114 1146 3453 935 167 2048 117 1135 403 1767 954 273 1330
internal_value=0 0.00151914 0.00238355 0.00366891 0.00496809 -0.00125969 -0.00330239 0.0061682 0.00720055 0.00845439 0.000385454 0.00149312 0.00451442 -0.00186933 0.00154891 -0.00638538 -0.0047743 -0.00735222 -0.00977884 0.00953211 0.00812503 0.0123379 -0.00511153 -0.00872538 -0.00210105 -0.00563255 -0.0101972 -0.00175835 -0.0039521 -0.00738213
internal_weight=494.882 224.554 204.206 160.972 133.334 270.329 124.676 118.119 103.487 90.4485 145.652 127.673 70.0813 57.5917 31.8731 25.7186 20.3479 18.0787 16.7943 79.3621 42.8067 19.2624 94.9565 34.2035 60.753 29.0667 32.505 43.2336 35.381 22.6997
internal_count=30971 13030 11323 8296 6737 17941 8604 5893 5034 4365 9337 7725 4303 3422 1854 1568 1707 1519 1405 3708 2515 1102 6222 2636 3586 1538 2519 3027 2557 1603
is_linear=0
shrinkage=0.05


Tree=115
num_leaves=31
num_cat=0
split_feature=30 29 34 29 24 39 29 3 39 4 29 11 39 24 37 39 39 39 21 26 36 7 39 30 30 41 10 6 40 14
split_gain=0.592724 0.480912 0.443446 0.750245 0.548752 0.567296 0.527128 0.462619 0.460546 0.420851 0.389118 0.346321 0.946648 0.808 0.499005 0.450083 0.561407 0.495457 0.364136 0.372342 0.385689 0.777215 0.35614 0.349588 0.319042 0.323985 0.311656 0.303359 0.302143 0.293063
threshold=0.3966666460037232 0.31666666269302374 -0.35000000894069666 0.47500002384185797 0.20999997854232791 0.029205097816884521 0.46166664361953741 0.35000002384185797 0.017943784594535831 0.30333334207534796 0.40333333611488348 0.056666672229766853 0.024213561788201336 0.056666672229766853 0.092807292938232436 0.018832436762750152 0.012643355876207353 0.020347160287201408 0.3966666460037232 0.37666666507720953 -1.0000000180025095e-35 -0.076666668057441698 0.0300090815871954 0.22333335876464847 0.14333331584930423 0.061374438926577575 -1.0000000180025095e-35 0.4499999880790711 0.14333333075046542 -0.18999999761581418
decision_type=2 2 2 2 2 2 2 2 2 2 2 2 2 2 2 2 2 2 2 2 2 2 2 2 2 2 2 2 2 2
left_child=9 -2 3 7 5 8 -6 -3 -4 11 -10 18 15 14 -14 16 -13 29 19 20 21 26 28 -23 25 -18 -1 -9 -21 -17
right_child=1 2 4 -5 6 -7 -8 27 10 -11 -12 12 13 -15 -16 17 24 -19 -20 22 -22 23 -24 -25 -26 -27 -28 -29 -30 -31
leaf_value=-0.004962670863100681 -0.0048766671463166961 0.0019155235445286974 -0.0011277032976230587 0.0072387087614873601 0.015118062440850441 -0.0072348864743566124 0 -0.012086071384681738 0 -0.0046446284253845987 0.012277589417886599 -0.0075689962437237154 0.014747117817265832 0 -0.00092017631944041757 0 0.0099076487203786229 -2.7813657077661632e-05 -0.0071290740519319553 -0.0005422825173504079 -0.0041958768194015044 0.0083836607268840818 -0.0043426085806263955 -0.0014265610004146779 -0.0010549936122255488 -0.0012926606432356142 0.0017924358005927728 0 0.0074974899439147619 -0.01502054992913493
leaf_weight=42.410973963327706 8.4196699543390405 6.924002701649445 11.876751698553564 14.285080769797785 19.427534425398338 6.3850920782424501 8.2158732882235181 12.348490148549898 5.5967672206461456 53.726095591671765 13.689267469104378 3.964459119597449 21.801425778074194 18.378303018398583 1.8904973713215429 1.335440836381167 20.750302827218555 27.54393488750793 17.895975663326681 8.3181532635353488 72.135432907147333 27.073798196390271 4.5143057540990403 4.9503882133867583 6.3049675794318309 2.0673693090211591 15.809022467583416 2.4160035373643032 29.244411390041932 7.2749420409090799
leaf_count=3441 400 213 281 455 530 160 184 425 176 4459 306 441 1430 1261 194 64 2101 2273 1047 326 5219 1812 174 196 593 210 913 199 960 718
internal_value=9.99431e-05 0.00328921 0.00443711 0 0.00672374 0.00148905 0.0115573 -0.0054177 0.00482875 -0.000775091 0.00888275 -7.38263e-06 0.00212573 0.00761205 0.0127216 -0.00121662 0.00233329 -0.00492813 -0.00121251 -0.000387369 -0.00158775 0.000368871 0.00334507 0.00622388 0.00545581 0.00796748 -0.00274302 -0.00962047 0.00531374 -0.0124438
internal_weight=496.975 109.585 101.165 35.9736 65.1913 37.5479 27.6434 21.6885 31.1628 387.39 19.286 333.664 111.312 42.0702 23.6919 69.2414 33.0871 36.1543 222.352 204.456 162.38 90.2442 42.0769 32.0242 29.1226 22.8177 58.22 14.7645 37.5626 8.61038
internal_count=31161 3329 2929 1292 1637 923 714 837 763 27832 482 23373 9285 2885 1624 6400 3345 3055 14088 13041 11581 6362 1460 2008 2904 2311 4354 624 1286 782
is_linear=0
shrinkage=0.05


Tree=116
num_leaves=31
num_cat=0
split_feature=12 11 5 4 39 39 19 9 38 25 38 30 12 26 0 28 9 16 35 7 32 24 0 39 36 16 14 31 14 12
split_gain=0.464562 0.566266 0.402494 0.459189 0.495984 0.449474 0.431993 0.688057 0.9185 0.928725 0.681099 0.509869 0.496386 0.494841 0.458972 0.423834 0.42373 0.400826 0.516828 0.582394 0.381271 0.377762 0.360784 0.326507 0.297282 0.291039 0.601694 0.317006 0.308269 0.316979
threshold=0.43000000715255743 0.41000002622604376 1.0000000180025095e-35 -0.10999999940395354 0.015789056196808818 0.017265589907765392 -0.20333333313465116 0.17666667699813846 -0.044083595275878899 0.1566666662693024 -0.022851467132568356 -0.023333340883255001 0.11000001430511476 -0.1766666769981384 0.30333334207534796 0.30166667699813848 0.030000001192092899 -0.049999997019767754 0.44333332777023321 1.0000000180025095e-35 -0.030000001192092892 0.45666664838790899 -0.11666667461395262 0.023099512793123726 -0.43000000715255732 0.37000000476837164 0.11000001430511476 0.48333334922790533 -0.030000001192092892 -0.3899999856948852
decision_type=2 2 2 2 2 2 2 2 2 2 2 2 2 2 2 2 2 2 2 2 2 2 2 2 2 2 2 2 2 2
left_child=1 2 3 25 -5 -6 7 10 13 23 15 -12 17 -9 -15 -4 -17 18 19 -8 -14 24 -7 -10 -3 26 28 -28 29 -1
right_child=-2 21 6 4 5 22 12 8 9 -11 11 -13 20 14 -16 16 -18 -19 -20 -21 -22 -23 -24 -25 -26 -27 27 -29 -30 -31
leaf_value=0.0037847073910871457 -0.0062867633087777628 0 0.0045906928495624858 0.0022720053597710425 -0.01508037343992228 -0.0080840520569967714 0.00084985230794142736 -0.0035837560611321007 0.0041228058995381517 -0.014004023495769933 0 0.011302166060686311 -0.0041689693015210796 0.012598733430585048 0 -0.01146537072883282 0.00088283365346543169 0.00024950135942010127 0.003332346934890788 -0.013242386396377171 0.0045931168085040141 -0.0013725872867856863 -5.3170061926548722e-05 -0.0056411543732335298 0.013158261761751808 0.0056497259098350445 -0.0084320170915860998 0.0023026736274291541 0.006942601480527561 -0.0025613131879628067
leaf_weight=26.226683186367154 19.724694356205873 1.9550701547414071 17.551227560034025 16.404721178580076 7.3001307921949765 19.332860624184832 4.8413391886279049 4.6159826042130616 17.525923762004826 12.288140316028146 8.4037571174558234 43.403396361041814 9.0044969508890045 14.697292955359446 8.8111541746184212 6.2662097970023733 6.9966109683737159 18.340259482851252 2.8594186962582162 20.653155594365671 40.049296213546768 2.4774151217425233 46.434085035230964 7.0845484728924921 12.715070412727073 16.931559731485322 23.322327362140644 1.8930228638928372 13.929631073493509 44.429168417816982
leaf_count=675 2302 132 820 1139 556 1363 443 165 436 260 438 1228 900 349 193 230 216 1950 135 1439 3510 237 3089 203 1036 1296 2191 52 1289 2935
internal_value=0.000184592 0.000578934 0.00013729 -0.00135279 -0.00400377 -0.00579446 0.00156186 0.00324582 -0.000278889 -0.0054297 0.00613295 0.00933372 -0.000827395 0.00551274 0.0085116 0 -0.00540745 -0.00442444 -0.00769098 -0.0101204 0.00225155 0.00823219 -0.00324077 0 0.0109913 0.00042682 -0.000413677 -0.00653753 0.00144799 0
internal_weight=496.469 476.744 459.596 216.204 89.4718 73.0671 243.392 147.644 65.023 36.8986 82.6212 51.8072 95.748 28.1244 23.5084 30.814 13.2628 46.6942 28.3539 25.4945 49.0538 17.1476 65.7669 24.6105 14.6701 126.732 109.801 25.2154 84.5855 70.6559
internal_count=31207 28905 27500 14585 6147 5008 12915 4538 1606 899 2932 1666 8377 707 542 1266 446 3967 2017 1882 4410 1405 4452 639 1168 8438 7142 2243 4899 3610
is_linear=0
shrinkage=0.05


Tree=117
num_leaves=31
num_cat=0
split_feature=31 35 20 13 7 0 5 28 6 13 24 26 2 21 23 9 10 31 25 21 26 37 5 18 39 36 15 10 14 39
split_gain=0.383388 0.634304 0.552929 0.450009 0.486919 0.369633 0.325506 0.371297 0.423047 0.479762 0.488446 0.365257 0.891313 0.501761 0.431988 0.428794 0.421645 0.657933 0.379439 0.372253 0.345127 0.339563 0.42638 0.327626 0.321623 0.401881 0.282206 0.278677 0.255193 0.24787
threshold=0.47666668891906744 -0.40333333611488337 -0.21666666865348813 0.29666668176651007 0.45666664838790899 0.46333330869674688 -0.0083333253860473615 0.01666665077209473 -0.24333333969116208 -0.21000000834465024 0.18999999761581424 -1.0000000180025095e-35 -0.22333332896232602 0.46999999880790716 0.2833333313465119 -0.14333333075046537 0.41000002622604376 -0.0099999904632568342 0.21666666865348819 0.23000001907348636 0.17000001668930056 0.0041952133178710946 0.35000002384185797 -0.46999999880790705 0.0129718822427094 -0.2766666561365127 -0.056666672229766839 0.48333334922790533 0.22333335876464847 0.016749243251979355
decision_type=2 2 2 2 2 2 2 2 2 2 2 2 2 2 2 2 2 2 2 2 2 2 2 2 2 2 2 2 2 2
left_child=3 -2 -3 4 5 6 7 -1 20 10 24 19 18 14 15 -14 17 23 -13 28 -9 -17 26 -16 -10 -26 -23 -5 29 -8
right_child=1 2 -4 27 -6 -7 11 8 9 -11 -12 12 13 -15 16 21 -18 -19 -20 -21 -22 22 -24 -25 25 -27 -28 -29 -30 -31
leaf_value=8.2452114447740269e-05 -0.004146132003795224 -0.00063006408374484543 0.013757301643975437 -0.0058642766226095289 0.0089822088239060079 -0.0083178481728162067 0 -0.0035136803098346873 0 0.00068355927426761972 0 0.014102471880829529 0.0059471761921184221 -0.007799261166183017 0 0 -0.0025063045067758166 -0.0017953859474581814 0 0.0022544114162573055 0.0069356585458962526 -0.011490884246559523 0.0028444270001539186 0.012684817637280145 0 -0.014024730881348422 0 0.0026867772972594003 0.0021886943402024614 -0.0074343498682072004
leaf_weight=113.39650006848387 5.5911559187807169 4.7608317167032572 13.049661254975939 48.617674119886942 8.7440571088809502 7.7574052908457807 7.3503944443073115 8.4954021514859068 2.7398428251035503 11.372944812057538 8.1479019781108928 15.48458151239902 13.66805708920583 8.501648450503124 4.2735683396458617 38.514416602440178 5.9665142646990708 8.1017678384669107 5.9499303817283353 30.168937552487478 8.8768048353958857 16.181380183668814 2.774690330727025 24.535856479313228 2.5571268214844158 27.593531534308571 2.0404197017196557 3.5378462607040992 4.5898736405652008 31.718248928082176
leaf_count=8934 181 231 432 5452 341 504 633 465 107 1015 281 621 793 251 64 1434 158 648 271 1933 234 642 125 674 156 1053 249 346 434 2376
internal_value=-0.000124799 0.00534778 0.00967187 -0.000512429 0 -0.000258021 0 -0.00151319 -0.00423719 -0.00639187 -0.00872124 0.00129822 0.00276593 0.000715458 0.00189675 -0.000198251 0.00556917 0.00762505 0.0110077 -0.00128072 0.00116584 -0.00240672 -0.00674544 0.0108453 -0.0111083 -0.0124494 -0.00958072 -0.004637 -0.00420423 -0.00570139
internal_weight=495.059 23.4016 17.8105 471.657 419.502 410.758 403 183.18 69.7836 52.4113 41.0384 219.82 145.993 124.558 116.057 73.179 42.8777 36.9112 21.4345 73.8275 17.3722 59.5109 20.9965 28.8094 32.8905 30.1507 18.2218 52.1555 43.6585 39.0686
internal_count=31038 844 663 30194 24396 24055 23551 12245 3311 2612 1597 11306 5930 5038 4787 3243 1544 1386 892 5376 699 2450 1016 738 1316 1209 891 5798 3443 3009
is_linear=0
shrinkage=0.05


Tree=118
num_leaves=31
num_cat=0
split_feature=27 27 38 2 36 3 23 33 24 38 12 29 37 17 29 17 9 3 9 38 37 2 39 8 6 38 37 39 4 40
split_gain=0.395813 0.53735 0.475777 0.546582 0.98684 0.558954 0.781738 0.515295 0.469332 0.464994 0.70823 0.497551 0.738963 0.378114 0.436334 0.386946 0.739027 0.3746 0.360992 0.351744 0.34183 0.319904 0.312233 0.300744 0.300294 0.477725 0.453761 0.416457 0.289001 0.286493
threshold=-0.16333332657814023 0.12333333492279054 0.18432664871215823 -0.28333333134651179 0.30333334207534796 -0.26999998092651362 0.27666664123535162 -0.36333334445953364 -0.069999992847442613 0.058509826660156257 -0.36333334445953364 0.38999998569488531 0.0075397491455078134 -0.13666665554046628 0.33666664361953741 -0.48333333432674402 0.20333331823349002 0.3966666460037232 0.38999998569488531 -0.070828437805175767 -0.054805755615234368 -0.2766666561365127 0.015180344693362715 -0.10333332419395445 -0.31666666269302363 0.056981563568115241 -0.085320472717285142 0.013880040496587755 -0.14500001072883603 0.61000001430511486
decision_type=2 2 2 2 2 2 2 2 2 2 2 2 2 2 2 2 2 2 2 2 2 2 2 2 2 2 2 2 2 2
left_child=2 24 3 4 7 22 9 -1 29 11 -11 12 20 15 -15 -8 -17 -18 -6 -10 -7 -21 -5 -22 26 28 -2 -28 -26 -3
right_child=1 8 -4 5 18 6 13 -9 19 10 -12 -13 -14 14 -16 16 17 -19 -20 21 23 -23 -24 -25 25 -27 27 -29 -30 -31
leaf_value=-0.00083835603696893156 0.0018413388208851286 0.0057971288787458395 -0.0075969502375404022 -0.00058359606140835781 -0.0081521063080699663 -0.003528116363229976 0.0069527449139550647 0.013612244659626491 -0.0073877340166421807 0.0097697656280570054 -0.0035684236761304305 -0.011457844423568588 -0.0087862128340108116 0 0.012127097040166257 0.0034412817463937602 -0.012354332293438779 0 0.0031384916131279093 -0.0057729899675005303 -0.00071620961155202472 0.0020688750393100075 0.0098654990728378328 0.0070838996000423919 0 0.0029145010927834796 0 -0.014032049094870689 -0.0063760252515195834 -0.00013301693492166427
leaf_weight=2.9915339585859355 2.494849654845896 40.838427355280146 7.6727958717383435 3.4385038851760354 7.5543298798147571 15.115973273059351 9.7172536412253958 24.927830090513453 16.28651010687463 10.82173027098179 15.918645213590933 17.244654696201906 20.904476067749783 12.596914682071658 14.089209634112192 17.855965916300192 11.749758026329802 4.4221414788626126 6.0165491432417184 11.552105286857111 11.182392129441718 44.182610818068497 16.628935214830562 21.984393929364163 18.988698183791712 23.604103894438595 2.5402641107793924 16.427485250635073 45.201091190217994 21.855375620070845
leaf_count=220 133 3470 381 144 354 684 136 960 1323 259 953 406 1108 815 500 482 277 101 280 1213 642 3859 677 985 1560 1962 219 1535 3514 2027
internal_value=-0.000103858 -0.00156632 0.00121435 0.00176455 0.00664719 0.000488908 -0.000344021 0.0114524 0.000395621 -0.00298022 0.00186709 -0.00477421 -0.00199443 0.00346628 0.00755086 0 -0.00227726 -0.00894146 -0.00244151 -0.00207832 0.00113172 0 0.0073938 0.0041089 -0.00409699 -0.00210642 -0.00909002 -0.0116261 -0.00440022 0.00353486
internal_weight=496.806 243.972 252.834 245.161 41.4902 203.671 183.604 27.9194 134.715 113.172 26.7404 86.4319 69.1872 70.4312 26.6861 43.7451 34.0279 16.1719 13.5709 72.0212 48.2828 55.7347 20.0674 33.1668 109.256 87.7939 21.4626 18.9677 64.1898 62.6938
internal_count=31179 20815 10364 9983 1814 8169 7348 1180 11892 5037 1212 3825 3419 2311 1315 996 860 378 634 6395 2311 5072 821 1627 8923 7036 1887 1754 5074 5497
is_linear=0
shrinkage=0.05


Tree=119
num_leaves=31
num_cat=0
split_feature=31 39 40 31 22 39 37 39 39 39 19 39 30 5 21 19 40 37 9 2 32 4 20 7 37 18 35 36 40 33
split_gain=0.382061 0.574091 0.694045 0.561966 0.553816 0.543339 0.655143 0.491088 0.528647 0.781349 0.80467 0.603031 0.508688 0.489857 0.764709 0.484047 0.482058 0.625265 0.533196 0.484533 0.536242 0.46841 0.458578 0.450086 0.459197 0.416032 0.460435 0.400647 0.37545 0.369457
threshold=0.35666668415069586 0.026041304692626003 0.67000001668930065 -0.0099999904632568342 0.19666665792465213 0.017265589907765392 -0.093151092529296861 0.012643355876207353 0.018832436762750152 0.020484371110796932 -0.18999999761581418 0.021614183671772483 -0.030000001192092892 0.22333335876464847 -0.096666663885116563 -0.20333333313465116 0.23666666448116305 0.051035404205322273 -0.036666661500930779 0.17666667699813846 -0.19666665792465207 -0.26999998092651362 0.37000000476837164 -0.10999999940395354 -0.07900762557983397 -0.17000000178813932 -0.35000000894069666 0.33666664361953741 0.11333333328366281 -0.090000003576278673
decision_type=2 2 2 2 2 2 2 2 2 2 2 2 2 2 2 2 2 2 2 2 2 2 2 2 2 2 2 2 2 2
left_child=3 2 5 7 21 28 -7 12 13 10 22 15 -1 14 -9 29 23 18 -18 20 -20 -3 -10 -13 -25 26 -16 -15 -2 -11
right_child=1 4 -4 -5 -6 6 -8 8 9 11 -12 16 -14 27 25 -17 17 -19 19 -21 -22 -23 -24 24 -26 -27 -28 -29 -30 -31
leaf_value=-0.0024169913611302393 -0.008522235436404518 0.00047310114232123907 -0.0016015906814165586 -0.0032176979738821956 0.0053820847087030785 0 0.014447945743683955 0.001220270323024415 0.015484321947551304 0 -0.0022471839481441268 -0.00164054900737062 0.011895594634028357 0.0047402601356445681 0 0.001235344267020929 0.001904989850224084 0.0045738477655389619 3.4817362264006291e-05 0 -0.013889356011090462 -0.013114100322386033 0 -0.00071314941883567475 0.0088754317756896631 0 -0.013249371821589829 -0.0049954736021918895 0.0045477423303256857 -0.014649202273365714
leaf_weight=2.9678796038497248 2.8727326237130901 4.9407078223302969 15.7895539161982 113.54807186964899 5.1733820685185483 5.9274142126087055 26.939961998141374 21.072934078518301 17.507940916577361 4.6724893969949326 6.9324206568999207 13.6886865994893 12.635209234431382 26.107542524579912 4.0287406635470715 6.6628984594717613 16.931195904500782 25.528751665260643 4.7732338600326321 13.834371599368749 18.701350610470403 8.14376908284612 3.3353794745635232 9.6508174834307265 40.968166709179059 6.956957586342468 27.869151931954548 8.3063571078237128 8.2254836070351285 9.2998950670007634
leaf_count=257 238 213 1157 11351 282 215 1375 1255 565 155 686 912 506 1023 168 672 943 1242 270 677 917 446 109 476 1818 710 1170 393 603 295
internal_value=0.000294588 0.00339497 0.00578499 -0.000267619 -0.0028927 0.00881187 0.011609 0.00079998 0.000159609 0.00172979 0.00867796 0.000147832 0.00810077 -0.00270678 -0.00534425 -0.00662463 0.00151047 -0.000836149 -0.00399938 -0.0071488 -0.0107791 -0.00813786 0.0129331 0.0045998 0.00672392 -0.00914886 -0.0112477 0.00137901 0 -0.0108696
internal_weight=493.993 78.013 59.7551 415.98 18.2579 43.9656 32.8674 302.432 286.829 192.488 27.7757 164.712 15.6031 94.3417 59.9278 20.6353 144.077 79.7689 54.2402 37.309 23.4746 13.0845 20.8433 64.3077 50.619 38.8549 31.8979 34.4139 11.0982 13.9724
internal_count=31099 4529 3588 26570 941 2431 1590 15219 14456 9737 1360 8377 763 4719 3303 1122 7255 4049 2807 1864 1187 659 674 3206 2294 2048 1338 1416 841 450
is_linear=0
shrinkage=0.05


Tree=120
num_leaves=31
num_cat=0
split_feature=30 4 33 9 30 31 9 33 19 11 12 13 20 2 38 36 27 36 16 20 28 30 2 17 41 23 38 14 27 20
split_gain=0.466933 0.367731 0.449632 0.421399 0.600955 0.369231 0.707914 0.651211 0.446211 0.910648 0.445112 0.545034 0.538324 0.391122 0.502935 0.409717 0.439576 0.666055 0.425188 0.378098 0.357754 0.33428 0.331368 0.325828 0.30861 0.358836 0.288102 0.286791 0.513655 0.331945
threshold=0.47500002384185797 0.30333334207534796 0.21666666865348819 -0.083333343267440782 -0.030000001192092892 0.47666668891906744 0.11000001430511476 -0.2766666561365127 -0.036666661500930779 0.01666665077209473 0.25000000000000006 0.34333333373069769 -0.31666666269302363 0.31000000238418585 -0.029649734497070309 -0.17000000178813932 -0.29000000655651087 -0.076666668057441698 -0.32999998331069941 0.32999998331069952 -0.071666657924652086 0.20333331823349002 -0.24333333969116208 -0.15000000596046445 0.041695980355143554 -0.31000000238418574 0.058509826660156257 -0.29666668176650995 -0.46999999880790705 -0.19666665792465207
decision_type=2 2 2 2 2 2 2 2 2 2 2 2 2 2 2 2 2 2 2 2 2 2 2 2 2 2 2 2 2 2
left_child=1 5 3 4 -3 8 7 -7 9 13 12 26 -10 15 -15 22 23 -18 19 20 -19 -5 -1 27 -11 -26 -12 28 -17 -30
right_child=-2 2 -4 21 -6 6 -8 -9 10 24 11 -13 -14 14 -16 16 17 18 -20 -21 -22 -23 -24 -25 25 -27 -28 -29 29 -31
leaf_value=0.00094872051874255044 0.0052862465798756775 -0.0064029585737564862 0 0 0.0081432132782694455 0 -0.0036786169639272401 0.017573819868401591 0.0022658769720122923 0.00071102172602926117 0.0080803389728345103 -0.0043869746816228841 -0.0070594912123279636 -0.0025273794184920914 0.010171121166295954 -0.0038159823426594237 0.0045636257384847638 0 0 0 -0.013521659835472703 -0.014811706780804399 -0.0072306538522486962 0.0081827604597440925 0 0.0125797117567608 -0.00096259984776457617 -0.0051169725402681679 -0.00041204387340233679 0.0082974726657975544
leaf_weight=8.8473200227599573 32.100542734377086 11.390342719736511 43.58013755211141 8.5359554727328959 5.9046605015173546 4.5865049618296334 5.4278617941308758 7.4748239500913778 12.379790133098139 20.679656778462231 19.180583683541048 17.851069327909499 59.039263550192118 5.8854096443392363 12.247593118809162 13.594629595987497 15.953769485000519 4.406711081042892 26.355387405492369 4.9309041160158804 19.293539086822417 12.358269792050121 35.07805815897882 14.826004688162355 3.0713538634590831 20.00493639241904 4.9953146397601804 10.165149464271961 8.2330552935600192 24.864782735472552
leaf_count=475 762 1082 2783 795 304 154 256 154 1329 1393 1638 1984 6372 236 358 290 883 144 2284 161 722 670 2258 496 163 1154 606 428 190 569
internal_value=0 -0.00046873 -0.00339945 -0.00695637 0 0.000141171 0.00625285 0.0118437 -0.000183403 0.000930588 -0.00275646 0.000796418 -0.00506978 -0.000418111 0.00541 -0.00126538 0 -0.00258477 -0.00531366 -0.00896754 -0.0112069 -0.0108941 -0.00516642 0.00274395 0.00703164 0.0105205 0.0055635 0.000282315 0.00238103 0.00576081
internal_weight=493.243 461.143 81.7694 38.1892 17.295 379.373 17.4892 12.0613 361.884 248.438 113.446 42.027 71.4191 204.682 18.133 186.549 142.624 70.9403 54.9865 28.6312 23.7003 20.8942 43.9254 71.6836 43.7559 23.0763 24.1759 56.8576 46.6925 33.0978
internal_count=31093 30331 5634 2851 1386 24697 564 308 24133 12204 11929 4228 7701 9494 594 8900 6167 4194 3311 1027 866 1465 2733 1973 2710 1317 2244 1477 1049 759
is_linear=0
shrinkage=0.05


Tree=121
num_leaves=31
num_cat=0
split_feature=13 11 25 7 40 19 37 4 38 38 14 5 27 39 8 37 5 36 36 25 39 25 22 39 29 8 6 16 6 26
split_gain=0.37051 0.53964 0.400941 0.528931 0.614353 0.431011 0.424097 0.412185 0.396284 0.508053 0.499808 0.388755 0.484743 0.389327 0.35166 0.769853 0.623214 0.551616 0.550878 0.441912 0.407165 0.327776 0.329518 0.38967 0.314306 0.312724 0.281053 0.316078 0.264841 0.262368
threshold=0.17666667699813846 0.24333333969116214 0.26333332061767584 0.083333313465118422 0.34000000357627874 -0.16333332657814023 0.042311668395996101 -0.083333343267440782 0.012388229370117189 -0.12030982971191405 -0.18999999761581418 -0.29666668176650995 0.21666666865348819 0.020951161161065105 -0.083333343267440782 0.022405147552490238 0.069999992847442641 -0.18333333730697629 -0.30333334207534784 -0.40333333611488337 0.015012674499303104 -0.37666666507720942 0.42333334684371954 0.012851589359343054 -0.31000000238418574 -0.2883333414793014 -0.016666665673255917 -0.29000000655651087 -0.31666666269302363 0.35666668415069586
decision_type=2 2 2 2 2 2 2 2 2 2 2 2 2 2 2 2 2 2 2 2 2 2 2 2 2 2 2 2 2 2
left_child=1 2 3 14 5 -5 7 -6 9 -9 -11 12 28 -14 17 20 -17 18 -1 -19 -16 -3 23 -23 -20 -25 27 -21 -2 -4
right_child=11 21 29 4 6 -7 -8 8 -10 10 -12 -13 13 -15 15 16 -18 19 24 26 -22 22 -24 25 -26 -27 -28 -29 -30 -31
leaf_value=0.0020082226543847266 -0.0070282238916394681 -0.0021189739391607935 -0.0065739722670615916 0.0082441273996294376 0.0027437658222899662 -0.00083626777750469845 0.0047609489180461487 0 0 -0.017941005146307074 0 -0.0046585358198299089 0 0.012467582030814099 0.0071488908033318956 -0.01264061465688706 0.00024665982852762838 -0.0047994516403710476 0.0023456078380037033 0.012470190031181503 -0.0018672437234521729 -0.0015841280560326501 -0.00072572436874657567 0 -0.0078332141354345262 0.01331650031863538 0 0.00049343405672934014 0.0015561773967819367 0
leaf_weight=33.795098126400262 10.971173507161437 3.2369883048813781 30.261411088751629 50.367473769467324 9.7224056487902981 9.5068483157083374 17.317500859964639 4.8165654947515604 10.923329485347493 9.4050505300983787 2.4211291621904829 75.810682901646942 6.0120866750366968 7.0358005573507398 10.523355982499195 22.03109584283084 8.2986577253323031 2.8912722999230018 2.3680548132397226 17.114758715033531 43.750848711933941 1.5741499334108144 3.3887923893053076 3.7600294379517498 29.739581580506638 20.911612839205187 8.0146443010307831 14.056745187379422 8.0166024651844072 15.926181545481084
leaf_count=2793 888 301 1835 1418 402 794 787 196 491 321 189 7501 537 449 529 1188 426 189 233 408 2489 123 243 368 1835 1308 451 1153 796 434
internal_value=-0.000196607 0.000481132 -6.34598e-05 0.000543877 0.00319892 0.00647798 -0.000269386 -0.00351918 -0.00656849 -0.0103785 -0.0144246 -0.00274019 0.00116095 0.00743508 -0.000957467 -0.00331748 -0.00896795 0.000749594 -0.0018137 0.00500961 3.76127e-06 0.00608314 0.00788655 0.00970197 -0.00617534 0.0114062 0.00682781 0.00869328 -0.00290001 -0.00417851
internal_weight=493.97 386.124 353.252 307.064 114.48 59.8743 54.606 37.2885 27.5661 16.6427 11.8262 107.846 32.0357 13.0479 192.584 84.604 30.3298 107.98 65.9027 42.0774 54.2742 32.8716 29.6346 26.2458 32.1076 24.6716 39.1861 31.1715 18.9878 46.1876
internal_count=31075 20904 18561 16292 4598 2212 2386 1599 1197 706 510 10171 2670 986 11694 4632 1614 7062 4861 2201 3018 2343 2042 1799 2068 1676 2012 1561 1684 2269
is_linear=0
shrinkage=0.05


Tree=122
num_leaves=31
num_cat=0
split_feature=29 3 21 25 32 32 21 33 23 3 4 7 33 28 38 4 6 4 25 39 41 25 7 9 38 29 20 3 5 11
split_gain=0.3497 0.608571 0.361422 0.295685 0.47882 0.575734 0.462636 0.461024 0.420211 0.463252 0.318945 0.29412 0.271661 0.315339 0.644424 0.598606 0.529833 0.480234 0.384267 0.337959 0.314376 0.283599 0.275127 0.562221 0.395885 0.392805 0.382831 0.376132 0.37207 0.396379
threshold=0.47500002384185797 0.31666666269302374 0.29000002145767217 -0.25666666030883784 -0.26999998092651362 0.20999997854232791 0.11000001430511476 0.34333333373069769 0.083333313465118422 -0.4433333277702331 0.030000001192092899 -0.12999999523162839 0.48333334922790533 0.36333334445953375 0.074303150177001967 -0.069999992847442613 0.083333313465118422 -0.40333333611488337 0.25000000000000006 0.024349682964384559 0.027692640200257305 0.35000002384185797 -0.10999999940395354 -0.069999992847442613 0.023255825042724613 0.36333334445953375 0.12333333492279054 0.14333331584930423 -0.030000001192092892 0.34333333373069769
decision_type=2 2 2 2 2 2 2 2 2 2 2 2 2 2 2 2 2 2 2 2 2 2 2 2 2 2 2 2 2 2
left_child=3 -2 -3 4 8 6 -6 -7 9 -1 -11 -8 13 17 15 -15 -17 -5 20 21 -18 -20 28 -24 27 -26 -27 -25 29 -19
right_child=1 2 -4 12 5 7 11 -9 -10 10 -12 -13 -14 14 -16 16 18 22 19 -21 -22 -23 23 24 25 26 -28 -29 -30 -31
leaf_value=-0.0017498191099605894 -0.0022967126527009113 0 0.013567789073937546 -0.0061457615810318906 -0.0061886996724668589 0.011014792181613393 -0.0025257899417678018 -0.0025274433546877638 -0.0010176417447583241 0.012920068279247729 0 0.005612463850554656 0.0063639730891467787 0.0033455425140898076 0.0038561146244868541 0.002253280078270871 0 -0.0055583564678095242 0.0078288529858370169 -0.0085110220894768097 -0.014972520097673645 -0.0027723292862815996 0.0052803585388298581 0.0044604468935747444 -0.006301401076711931 0.0077838506146671212 -0.0043459428772251981 -0.002329394612749231 0.0022694902634292752 0.0039803725590586174
leaf_weight=3.084072089521217 9.7335593809839356 5.1355441026389625 11.370251570828257 26.681364490883425 34.21469792467542 11.189844207372515 13.090904213255273 3.0279359298292539 7.8935881585348389 21.459290140774105 2.8022439714986822 15.575163015397264 5.3258672282099715 6.2205878465902051 11.743092441232873 4.1493549700826398 4.2133328162599382 55.655794859165326 6.2991067143157107 4.2209535278379908 25.269465607590973 3.8250718368217349 57.012680212501436 44.805689864326268 36.443220780929551 7.7401804161490855 4.4647989512886852 23.92384156351909 25.576923782937229 5.5774618654977521
leaf_count=216 176 186 353 2226 2234 594 915 182 674 1497 240 908 442 161 457 152 144 4034 223 238 1018 273 3939 2696 2796 335 202 1659 1725 390
internal_value=7.79982e-05 0.00515164 0.0100961 -0.000213191 0.00189274 -0.0001141 -0.00255523 0.00700002 0.00626744 0.0089248 0.0111858 0.0013809 -0.000960646 -0.00124466 -0.00424941 -0.00663024 -0.00861494 -0.000398626 -0.010293 -0.000881842 -0.0132441 0.0027319 0.000219696 0.0014339 -0.000397706 -0.00376919 0.00200341 0.00176519 -0.00188512 -0.00404
internal_weight=497.726 26.2394 16.5058 471.487 112.338 77.0985 62.8808 14.2178 35.2392 27.3456 24.2615 28.6661 359.149 353.823 65.941 54.1979 47.9773 287.882 43.8279 14.3451 29.4828 10.1242 261.201 174.39 117.378 48.6482 12.205 68.7295 86.8102 61.2333
internal_count=31285 715 539 30570 7460 4833 4057 776 2627 1953 1737 1823 23110 22668 2666 2209 2048 20002 1896 734 1162 496 17776 11627 7688 3333 537 4355 6149 4424
is_linear=0
shrinkage=0.05


Tree=123
num_leaves=31
num_cat=0
split_feature=9 35 2 5 39 41 24 29 41 41 24 30 41 15 27 3 1 0 41 21 3 18 38 12 9 25 15 36 28 34
split_gain=0.30697 0.521856 0.412384 0.465964 0.524213 0.461982 0.46426 0.494416 0.590573 0.728942 0.473974 0.428271 0.423164 0.40004 0.364318 0.387074 0.695747 0.440253 0.601121 0.380168 0.36653 0.344322 0.490163 0.367198 0.331026 0.31516 0.39764 0.299827 0.281731 0.279082
threshold=0.44333332777023321 0.21666666865348819 0.38333332538604742 0.2833333313465119 0.015789056196808818 0.044856913387775428 -0.33666665852069849 0.083333313465118422 0.060985172167420394 0.072233974933624281 0.12333333492279054 0.27666664123535162 0.052496397867798812 -0.43000000715255732 0.25000000000000006 0.25666666030883795 0.043333351612091071 -0.37666666507720942 0.041695980355143554 0.43000000715255743 0.069999992847442641 -1.0000000180025095e-35 -0.022441387176513668 0.26999998092651373 -0.076666668057441698 -0.41666667163372034 0.37666666507720953 -0.15000000596046445 -0.3899999856948852 -0.33666665852069849
decision_type=2 2 2 2 2 2 2 2 2 2 2 2 2 2 2 2 2 2 2 2 2 2 2 2 2 2 2 2 2 2
left_child=2 -2 3 5 -5 14 28 8 25 -10 -11 -9 -13 -6 15 16 17 -1 -19 29 27 22 -4 -23 -15 -8 -27 -18 -7 -17
right_child=1 -3 21 4 13 6 7 11 9 10 -12 12 -14 24 -16 19 20 18 -20 -21 -22 23 -24 -25 -26 26 -28 -29 -30 -31
leaf_value=0.0017173728168920419 0.010822832662014384 0 -0.0067969977997548881 -0.0037292935580673704 0.010829534571675431 0.001186542564031918 0 -0.0043742537388276898 -0.0096981627714766497 0.0098930279106378312 -0.0031058951910294184 -0.0026878968697507046 0.0076155542933038032 0.0073432637216223895 0.0014592140502377835 0 -0.00029361000419720544 -0.0083974567726268472 0.0024420319684500466 8.8953855793871275e-05 -0.0019079059167439482 -0.012514969544424588 0.0052763645059784097 0 -0.00098137276038150851 0.01066385542305389 -0.00059567457661643996 0.0079926027558940346 -0.0080104516599816388 -0.014172544181684038
leaf_weight=12.430178483249618 10.701334891375152 21.41262769442983 8.6003534854389745 11.388138295616953 19.227077439893037 5.1285661959555027 5.6740003942977628 33.050623214803636 8.4797781556844729 9.8534280532039684 4.7508718667086205 9.0992594724521059 16.385025576455519 10.350758752087129 36.744501188630238 3.4998673074878797 8.3618714658077824 58.209779006196186 9.0095177651382965 3.6412555058486751 22.058044932316989 12.718122738180684 13.787447511916978 14.333050549146718 27.81755218282342 40.265921182697639 3.8259690301492801 22.120538798859343 13.768203532090409 13.868200170109048
leaf_count=786 630 1237 297 735 379 483 378 1738 691 535 333 322 530 749 3196 164 667 4044 605 147 1316 1046 368 1424 2062 2664 282 1180 1190 826
internal_value=-0.000111564 0.0041349 -0.000512427 0 0.00361353 -0.000737702 0.00120069 0.00242235 0.00505672 -0.000583822 0.004778 -0.000634203 0.00333148 0.00567987 -0.00238873 -0.0034889 -0.00201814 -0.00491414 -0.00652212 -0.00931325 0.00199874 -0.00456027 0 -0.0078056 0.00140101 0.00790272 0.00923343 0.00535983 -0.00482584 -0.011871
internal_weight=490.562 32.114 458.448 409.009 68.7835 340.225 150.282 131.385 72.85 23.0841 14.6043 58.5349 25.4843 57.3954 189.944 153.199 132.19 79.6495 67.2193 21.0093 52.5405 49.439 22.3878 27.0512 38.1683 49.7659 44.0919 30.4824 18.8968 17.3681
internal_count=31004 1867 29137 26002 3925 22077 9146 7473 4883 1559 868 2590 852 3190 12931 9735 8598 5435 4649 1137 3163 3135 665 2470 2811 3324 2946 1847 1673 990
is_linear=0
shrinkage=0.05


Tree=124
num_leaves=31
num_cat=0
split_feature=20 29 41 0 40 18 29 29 37 3 28 32 6 21 38 29 41 13 25 41 14 21 32 15 36 40 1 25 39 3
split_gain=0.316011 0.357658 1.02347 0.571529 0.496285 0.792941 0.487043 0.470405 0.5263 0.510544 0.476593 0.450612 0.494189 0.422569 0.382758 0.378614 0.405694 0.464148 0.369859 0.289169 0.321434 0.314769 0.280139 0.280039 0.296591 0.27512 0.30576 0.271327 0.257434 0.247152
threshold=0.46999999880790716 0.33666664361953741 0.041695980355143554 0.11000001430511476 0.80333334207534801 -0.24333333969116208 0.096666663885116591 -0.11666667461395262 -0.065113067626953111 -0.15666666626930234 0.29666668176651007 0.11000001430511476 0.34333333373069769 -0.24333333969116208 -0.001942634582519531 -0.21000000834465024 0.04280181601643563 -0.12999999523162839 -0.30333334207534784 0.052496397867798812 0.25000000000000006 -0.069999992847442613 -0.14333333075046537 -0.24999999999999997 0.22333335876464847 0.10333333536982538 -0.37666666507720942 0.069999992847442641 0.0300090815871954 -0.2766666561365127
decision_type=2 2 2 2 2 2 2 2 2 2 2 2 2 2 2 2 2 2 2 2 2 2 2 2 2 2 2 2 2 2
left_child=1 6 3 14 5 11 7 8 15 13 -11 -4 -13 22 25 16 -1 -18 -15 21 -21 29 -9 -8 -25 -3 -27 -6 -5 -10
right_child=-2 2 4 28 27 -7 23 9 19 10 -12 12 -14 18 -16 -17 17 -19 -20 20 -22 -23 -24 24 -26 26 -28 -29 -30 -31
leaf_value=0 -0.0050134314961372299 0.0031045719218389198 0 0.011657324197012653 0.0088714614851148725 0.0019357045365636619 -0.00033548831899223123 0.0086280904798817001 -0.00067728125048701227 0.0080020816698952255 -0.002212846643076828 -0.018766983597647599 0 0.0024616977788292707 0.0057844185874112658 -0.002058633706876842 -0.00039245164962399949 0.015154014020394938 -0.0090213079288000726 0 -0.011128615050275858 -0.0035130180928381848 -0.0007812980797632567 -0.0079614927478182732 0 0.00083645534839282766 -0.010003651364100577 0 0 0.0056088925729348739
leaf_weight=5.182512038620195 20.719943892210722 2.940600141650072 7.9987265644595054 33.927028607809916 6.4490538928657797 15.969351712730711 72.049973523011431 7.6096469371113926 21.567353386897594 52.589311624877155 7.039025103673338 9.3551364261656982 4.6310467123985282 3.231572007527574 14.986067939200437 5.8012006399221709 2.1988476966507777 10.635976215125986 13.911127653205769 17.142516670282934 11.340611982392145 39.981656876159832 7.3413579708430898 32.10952034778893 15.972643486224113 3.1830971471499678 10.232524145627389 11.997598269488661 4.2042503338307133 20.565256476867944
leaf_count=390 1041 133 215 1172 206 1056 2777 401 1971 3829 475 234 94 181 528 339 113 493 945 1517 967 3883 598 2859 1614 122 362 503 156 1928
internal_value=0.000195259 0.000536169 0.00276968 0.00667575 -0.00182037 -0.00510621 -0.000238123 0.00104765 -0.00069 0.00373596 0.00632323 -0.010433 -0.014449 -0.000653583 0.000520741 0.00501684 0.00828106 0.0118867 -0.00569938 -0.00232837 -0.006243 -0.000354126 0.00391397 -0.00279138 -0.00556371 -0.00344184 -0.00668036 0.0035116 0.0104098 0.00218835
internal_weight=492.865 472.145 125.874 69.4736 56.4009 37.9543 346.27 226.138 134.416 91.722 59.6283 21.9849 13.9862 32.0937 31.3423 23.8185 18.0173 12.8348 17.1427 110.597 28.4831 82.1143 14.951 120.132 48.0822 16.3562 13.4156 18.4467 38.1313 42.1326
internal_count=31102 30061 4781 2473 2308 1599 25280 18030 11601 6429 4304 543 328 2125 1145 1335 996 606 1126 10266 2484 7782 999 7250 4473 617 484 709 1328 3899
is_linear=0
shrinkage=0.05


Tree=125
num_leaves=31
num_cat=0
split_feature=24 29 34 34 20 1 35 7 36 18 6 30 18 34 7 10 37 37 10 39 13 21 34 36 37 21 11 30 38 29
split_gain=0.301525 0.464544 0.960707 0.477708 0.857761 0.590963 0.500114 0.470672 0.428688 0.385282 0.439208 0.349252 0.469171 0.407502 0.380342 0.312509 0.378868 0.672628 0.690585 0.436682 0.422913 0.381778 0.369973 0.415738 0.351971 0.312691 0.311052 0.367551 0.306227 0.292506
threshold=0.4499999880790711 0.47500002384185797 -0.22333332896232602 -0.24999999999999997 0.31000000238418585 0.043333351612091071 -0.41666667163372034 0.44333332777023321 -0.056666672229766839 0.069999992847442641 -0.023333340883255001 0.32999998331069952 -0.16333332657814023 -0.26333332061767573 0.31166666746139532 0.43666666746139532 -0.070494174957275377 0.0067873001098632821 -0.24999999999999997 0.016749243251979355 -0.4433333277702331 -0.43000000715255732 0.23666667938232425 0.30333334207534796 0.092807292938232436 0.21666666865348819 -1.0000000180025095e-35 0.29666668176651007 0.15541124343872073 -0.18333333730697629
decision_type=2 2 2 2 2 2 2 2 2 2 2 2 2 2 2 2 2 2 2 2 2 2 2 2 2 2 2 2 2 2
left_child=1 3 -3 4 9 15 -7 8 -6 11 -11 13 14 29 -13 16 25 20 19 -19 -18 -22 -20 28 -21 -5 27 -8 -24 -1
right_child=-2 2 -4 5 7 6 26 -9 -10 10 -12 12 -14 -15 -16 -17 17 18 22 24 21 -23 23 -25 -26 -27 -28 -29 -30 -31
leaf_value=0 -0.0053670388135598386 0.011958694551204574 -0.0052206265703196638 0.0060462374669429525 -0.0006527009519068605 -0.0054518851505021108 0 0.0031487486357379062 -0.014007748234394208 0.0025670035555454222 -0.0074303959364805123 -0.01022317736319437 0.0074847284593096437 -0.0026390097853653651 0.0012174920246586585 0.005242514959493863 0.0018903432904431431 -0.0013803431134895088 -0.0045612682956855917 0.013006650480007008 0.0014944047268025985 -0.0075486415098186673 0.0074981977370130563 -0.0044266446656153254 0 -0.0034301950205593602 0.0083444352827147707 0.0066987208892031599 -0.0027107700019044271 0.011410128458924609
leaf_weight=1.8750663297250927 17.378795772441663 17.245255107292909 5.9213040929753324 23.713625731645156 13.999907253077252 6.3634821900632224 54.05031545041129 1.9726707183290262 20.440388571238145 10.494786271126943 19.247679257532582 8.9035097153391707 3.9377660348545751 2.4657547371461979 5.6318507231771937 14.414172055199741 10.592702494468538 4.4444092968478826 41.398873675614595 14.88839839352295 6.5031479836907229 70.608808899531141 21.899196621729065 9.1801313862670195 2.5765905533917239 4.1532078308518967 37.575955912703648 22.421295839361846 2.3270065505057564 17.954916956834495
leaf_count=186 1650 431 111 1289 947 524 3320 157 1098 793 1764 218 137 139 118 776 232 441 2579 1175 544 5545 1250 682 227 249 2896 701 138 895
internal_value=0.000106867 0.000422123 0.00653989 0 -0.00280194 0.000933508 0.00369962 -0.00844837 -0.0100994 0.000221048 -0.00336457 0.00346749 -0.000564622 0.00710315 -0.00551242 -0.000485776 -0.00112266 -0.00204753 0.000616774 0.00752889 -0.00510371 -0.00643238 -0.00150702 0.00176175 0.0106347 0.00353822 0.00466546 0.00207902 0.00534705 0.00961402
internal_weight=494.581 477.202 23.1666 454.036 106.924 347.111 120.411 36.413 34.4403 70.5113 29.7425 40.7689 18.4731 22.2957 14.5354 226.7 212.286 184.419 96.7146 21.9094 87.7047 77.112 74.8052 33.4063 17.465 27.8668 114.048 76.4716 24.2262 19.83
internal_count=31212 29562 542 29020 6452 22568 7441 2202 2045 4250 2557 1693 473 1220 336 15127 14351 12813 6492 1843 6321 6089 4649 2070 1402 1538 6917 4021 1388 1081
is_linear=0
shrinkage=0.05


Tree=126
num_leaves=31
num_cat=0
split_feature=31 5 37 25 16 16 26 17 29 17 0 27 32 17 40 8 29 35 40 33 40 1 40 19 14 37 23 40 41 37
split_gain=0.336485 0.522094 0.656315 0.616786 0.509248 0.488555 0.523639 0.431201 0.569579 0.492302 0.424942 0.423067 0.584866 0.480472 0.523511 0.396347 0.44717 0.379884 0.370057 0.397897 0.368887 0.599588 0.358661 0.341764 0.49484 0.471031 0.323255 0.523219 0.311159 0.300447
threshold=0.42333334684371954 0.18333333730697635 -0.070494174957275377 -0.35000000894069666 -0.26333332061767573 0.17666667699813846 0.2833333313465119 -0.15000000596046445 0.32999998331069952 0.37666666507720953 -0.236666664481163 -0.30333334207534784 -0.16333332657814023 -0.36333334445953364 0.71999999880790722 0.14333331584930423 0.37000000476837164 0.22333335876464847 0.54333335161209118 0.29000002145767217 0.089999999850988402 -0.22333332896232602 0.93000000715255748 -0.036666661500930779 -0.21000000834465024 -0.054805755615234368 -0.29666668176650995 0.78000000119209301 0.026433417573571209 0.0067873001098632821
decision_type=2 2 2 2 2 2 2 2 2 2 2 2 2 2 2 2 2 2 2 2 2 2 2 2 2 2 2 2 2 2
left_child=4 2 -2 -4 7 -5 -7 11 -9 10 -10 12 -1 14 28 20 -17 -15 19 -18 -14 -22 -16 24 -6 -26 -3 -28 -13 -25
right_child=1 26 3 5 23 6 -8 8 9 -11 -12 13 15 17 22 16 18 -19 -20 -21 21 -23 -24 29 25 -27 27 -29 -30 -31
leaf_value=0.0046020541733090966 0.0088046027932157846 0 0.004359450462577733 0.0026573492667265677 -0.0046886426098620634 -0.014797588226913894 0 0 0 -0.0010305071797342327 0.013735412361114602 0 0.007596625953721273 0.001208844650019008 -0.0064923820418924146 5.9122598939848802e-05 -0.00023614411827269435 -0.0085271579380582808 0 -0.016624783505680148 0.0059835790857387062 -0.0067304915706978179 0.0049695434869388893 -0.0061728301925282518 0.0091976341008694392 0 0.015896231257415846 0 0.010579329760853927 -0.00020802268561026819
leaf_weight=17.807325065135956 10.038903250824658 2.2419395204633501 9.3429256745148468 3.0485609821043935 24.846620697993785 12.789917089510711 5.6709344275295726 36.080187614541501 5.9119522476103183 4.9866007179953149 22.289285591104999 3.738921041134744 6.0880014360882333 27.686403366271406 8.6571704712696356 10.963700902648268 8.7878364045172948 7.0962472707033148 11.726623335853217 13.580120353493838 6.6340139540843692 22.063568749465048 5.6028677565045646 54.860621006926522 14.570388470310716 41.849055189872161 11.391396635794079 3.4479111833497873 28.48967057839036 47.099976343102753
leaf_count=393 216 147 334 133 2391 571 306 1336 176 208 591 106 143 1076 263 295 159 306 225 258 137 561 153 7311 772 4618 535 215 820 6221
internal_value=0.0005162 0.00390039 0 -0.00328399 0 -0.00773951 -0.0107091 0.00147591 0.00465603 0.00883033 0.0111798 0 -0.002027 0.00269062 0.00582537 -0.004015 -0.00681978 -0.00112676 -0.00933317 -0.0124791 0 -0.00254441 -0.000616928 -0.00194983 0.000203607 0.00300222 0.00993551 0.0121702 0.00897926 -0.00381369
internal_weight=489.39 57.9725 40.8912 30.8523 431.417 21.5094 18.4609 248.19 69.268 33.1878 28.2012 178.922 97.6512 81.2713 46.4886 79.8439 45.0583 34.7827 34.0946 22.368 34.7856 28.6976 14.26 183.227 81.2661 56.4194 17.0812 14.8393 32.2286 101.961
internal_count=30976 2457 1560 1344 28519 1010 877 7206 2311 975 767 4895 2171 2724 1342 1778 937 1382 642 417 841 698 416 21313 7781 5390 897 750 926 13532
is_linear=0
shrinkage=0.05


Tree=127
num_leaves=31
num_cat=0
split_feature=31 16 27 12 38 23 3 27 35 0 33 37 33 25 29 38 37 20 32 20 4 29 14 37 30 25 16 38 33 25
split_gain=0.504236 0.739932 0.651311 0.483326 0.676758 0.459773 0.536499 0.440611 0.480744 0.448384 0.396893 0.38962 0.328279 0.642608 0.468457 0.324056 0.508471 0.28759 0.457731 0.404438 0.276086 0.26796 0.259528 0.227794 0.215774 0.327626 0.213623 0.275113 0.210834 0.539752
threshold=0.42333334684371954 -0.26333332061767573 -0.063333332538604722 0.43000000715255743 -0.001942634582519531 0.2833333313465119 0.25666666030883795 -0.19666665792465207 -0.40333333611488337 -0.076666668057441698 0.4499999880790711 -0.0083055496215820295 0.20333331823349002 -0.19666665792465207 0.41666668653488165 -0.043200969696044915 0.051035404205322273 0.26333332061767584 0.17000001668930056 -0.083333343267440782 0.13666665554046634 0.083333313465118422 -0.35000000894069666 -0.0037798881530761714 0.38999998569488531 0.26999998092651373 0.11000001430511476 -0.047050476074218743 -0.056666672229766839 -0.15666666626930234
decision_type=2 2 2 2 2 2 2 2 2 2 2 2 2 2 2 2 2 2 2 2 2 2 2 2 2 2 2 2 2 2
left_child=1 5 7 4 20 6 11 8 -2 -10 12 17 14 -14 -7 16 -13 18 19 -1 -4 26 -20 -8 -15 -26 27 -3 -17 -30
right_child=2 21 3 -5 -6 10 23 -9 9 -11 -12 15 13 24 -16 28 -18 -19 22 -21 -22 -23 -24 -25 25 -27 -28 -29 29 -31
leaf_value=0.0092979780462057095 -0.0070062481630103132 -0.0029278791912279254 0.015666843263518707 -0.0021146622753718193 -0.0010700265572637882 0.0040819267569707166 -0.0092510807203049876 -0.0095169693748422129 -0.00098454848788653545 0.011672946217765649 -0.0036785421017995514 -0.011643438839148989 -0.0021960977929613096 0 -0.0071670843612805166 0.0036050407016247153 0.0027777021454543135 0.0099294384115117904 -0.0089127150366823775 0 0.00012077916466259266 -0.0057507038172896693 0.00071363929606729532 0 0.01575308398489126 0.00088178916755922649 -0.0031909310542806036 0.0030907128462828856 -0.0084426279856079142 0.0014083622502012848
leaf_weight=14.561732951551674 2.6976675856858536 23.431920745410025 19.73225485440344 4.0177722048247224 6.0633466886356464 28.03939310926944 14.70151250716299 5.679555512033402 5.7898435187526092 8.5391309608239627 6.3699890146963289 9.268381944857536 6.4146758634597054 7.2827784377150229 6.1145901773124924 27.590897138928995 3.2713922653347245 11.328985785599796 7.6015973808243871 15.992691254941748 7.091133505338802 53.183162517263554 4.4362627270165813 8.3283754098229092 18.58005527313799 9.7179219149984402 64.076627381145954 41.445960684213787 13.059706654399632 37.917832507519051
leaf_count=502 133 2041 381 302 457 786 411 338 315 387 174 328 151 247 138 767 113 368 180 604 162 6673 199 261 309 217 7866 4712 368 1130
internal_value=0.000172521 -0.000389033 0.0042927 0.00805584 0.0100758 0.00129711 -9.26421e-05 -0.00135807 0.00204844 0.00654764 0.00422434 0.000964644 0.00541013 0.0081741 0.0006754 -0.000823705 -0.00685139 0.00418346 0.00110328 0.00457921 0.013092 -0.00280904 -0.00492184 -0.00643526 0.010692 0.0124226 -0.00120886 0.00050042 0.000260555 -0.00129984
internal_weight=492.327 432.716 59.6107 36.9045 32.8867 250.579 168.059 22.7062 17.0266 14.329 82.5194 145.029 76.1494 41.9954 34.154 91.1082 12.5398 53.9213 42.5923 30.5544 26.8234 182.138 12.0379 23.0299 35.5808 28.298 128.955 64.8779 78.5684 50.9775
internal_count=31020 28545 2475 1302 1000 7253 5231 1173 835 702 2022 4559 1848 924 924 2706 441 1853 1485 1106 543 21292 379 672 773 526 14619 6753 2265 1498
is_linear=0
shrinkage=0.05


Tree=128
num_leaves=31
num_cat=0
split_feature=26 33 9 24 4 32 38 39 39 33 3 36 40 35 3 16 32 38 27 4 29 39 9 20 19 25 20 40 39 32
split_gain=0.295979 0.349022 0.782963 0.401155 0.354429 0.325487 0.569132 0.320904 0.401623 0.279549 0.277059 0.622532 0.540664 0.529974 0.486365 0.459978 0.544023 0.797137 0.436781 0.552506 0.462266 0.399664 0.387111 0.296152 0.308245 0.262718 0.319418 0.269394 0.350568 0.67709
threshold=-0.46999999880790705 -0.21000000834465024 -0.17000000178813932 -0.31000000238418574 0.40333333611488348 -0.31000000238418574 -0.022851467132568356 0.020644122734665874 0.018185175023972992 -0.16333332657814023 0.31666666269302374 0.26999998092651373 0.76333332061767589 0.083333313465118422 0.14333331584930423 -0.32333332300186152 0.069999992847442641 0.074303150177001967 -0.46999999880790705 0.44333332777023321 0.35666668415069586 0.025416773743927482 -0.04333332180976867 0.36333334445953375 0.01666665077209473 0.33666664361953741 0.26333332061767584 0.056666666641831405 0.014785202220082285 0.20999997854232791
decision_type=2 2 2 2 2 2 2 2 2 2 2 2 2 2 2 2 2 2 2 2 2 2 2 2 2 2 2 2 2 2
left_child=9 -2 3 -3 7 6 -4 8 -5 -1 14 12 13 22 25 16 -16 -18 -13 20 -20 -14 -12 24 -15 26 27 -7 -29 -30
right_child=1 2 5 4 -6 10 -8 -9 -10 -11 11 18 21 23 15 -17 17 -19 19 -21 -22 -23 -24 -25 -26 -27 -28 28 29 -31
leaf_value=0.00035927887293831336 -0.0018845135503648526 -0.001411292067885781 0.010712529593190169 0.0060272830280626993 -0.0015631854719677014 0.0062042122402448593 -0.0009772173379138209 0.012472572169280891 -0.0050864656618532641 -0.010005342564961967 0 -0.0027908765732770563 0.0098253444151745577 0.0083882430404512032 0 0 -0.015329774692445026 0.0013622736624095506 0 0 0.014886644262086267 -0.002776528774130069 -0.014601085319136294 -0.006060689124076906 -0.0019927015605381757 -0.0040762227852240204 0.0053836597511248462 0.0044026401316013949 -0.0053375036711288343 0.0038576400895498665
leaf_weight=3.929936692584306 102.28374803962652 7.2906870925799003 13.220098761608826 17.254451950546358 2.9737237615045151 8.3190364523325098 13.472584293456746 26.753356362693012 4.9758727911394081 7.3003352226223779 2.2175618412438789 3.5947085665538898 8.5423678620718402 9.0469890621025133 10.976714896969495 24.711387815652415 19.73269049264491 5.085220842389389 4.0396352796815398 8.2236085582990182 18.217729731695727 3.27779157902114 9.3617625541519374 5.1769947407301506 4.5001176266232497 22.488812146708369 27.95765344821848 14.739728741347788 60.524079463910311 20.493024457013234
leaf_count=320 8652 572 806 1017 227 482 1220 1368 337 511 126 69 475 318 314 2139 525 116 404 586 604 231 495 334 523 2057 1297 786 3290 955
internal_value=0.000266842 0.000539791 0.00128169 0.00628473 0.0078303 0.000173 0.00495117 0.00896359 0.00210174 -0.0060653 -0.000271942 0.00210244 -0.00149025 -0.00520171 -0.00126069 -0.00485089 -0.00805967 -0.011499 0.00672564 0.00880767 0.0122079 0.00516963 -0.0114563 0 0.00410773 0.00011815 0.00115981 0 -0.00109636 -0.0026187
internal_weight=490.682 479.452 377.168 59.2481 51.9574 317.92 26.6927 48.9837 22.2303 11.2303 291.228 76.1993 42.1236 30.3034 215.028 60.506 35.7946 24.8179 34.0757 30.481 22.2574 11.8202 11.5793 18.7241 13.5471 154.522 132.034 104.076 95.7568 81.0171
internal_count=31156 30325 21673 3521 2949 18152 2026 2722 1354 831 16126 4165 2502 1796 11961 3094 955 641 1663 1594 1008 706 621 1175 841 8867 6810 5513 5031 4245
is_linear=0
shrinkage=0.05


Tree=129
num_leaves=31
num_cat=0
split_feature=24 5 5 31 33 21 34 19 4 8 33 38 4 5 8 27 29 35 12 14 22 26 17 27 32 4 8 34 31 27
split_gain=0.407062 0.868978 0.599594 0.901994 0.688656 0.437291 0.552178 0.444761 0.423674 0.567248 0.496768 0.416607 0.334982 0.321456 0.30209 0.321754 0.277841 0.507769 0.496247 0.503596 0.433559 0.339974 0.32969 0.31024 0.325784 0.284731 0.265252 0.251157 0.251037 0.433832
threshold=0.33666664361953741 0.29666668176651007 0.35000002384185797 -0.20333333313465116 -0.13666665554046628 0.17000001668930056 0.069999992847442641 -0.20333333313465116 0.25000000000000006 0.11000001430511476 -1.0000000180025095e-35 0.11726856231689455 -0.18333333730697629 0.41000002622604376 0.19666665792465213 -0.26999998092651362 -0.21666666865348813 -0.16333332657814023 0.17666667699813846 0.11000001430511476 0.096666663885116591 -0.11666667461395262 0.22333335876464847 0.35666668415069586 0.20999997854232791 0.068333327770233168 0.46333330869674688 -0.36333334445953364 -0.083333343267440782 0.17000001668930056
decision_type=2 2 2 2 2 2 2 2 2 2 2 2 2 2 2 2 2 2 2 2 2 2 2 2 2 2 2 2 2 2
left_child=1 8 4 11 -2 6 14 -7 16 10 -10 26 -6 -8 -3 -16 18 21 19 -1 25 -18 -22 24 -21 -20 -4 -11 29 -14
right_child=2 5 3 -5 12 7 13 -9 9 27 -12 -13 28 -15 15 -17 17 -19 20 23 22 -23 -24 -25 -26 -27 -28 -29 -30 -31
leaf_value=0 -0.0072007216544230576 0.0012938878698945222 -0.018752752080617118 0 -0.0025133870124462191 0.012038931973716313 0.010399527527241206 0 -0.0044967987964160067 0 0.0072115386833577419 0 0.013302351484053773 -0.0010210339948492036 -0.012644553757156904 0 -0.00027698353663574779 -0.00056426488580172882 0.007939947461004437 -0.014172929070012731 0.0017217724424455081 0.006423037043769883 -0.0097282728853475536 0 0 -0.0023125526391306324 0 -0.012592547355276741 0 -0.00010274413780069505
leaf_weight=25.388515630271286 12.126538842683656 7.3641649051569429 12.507636681897567 16.856226081610657 4.3132894497830447 22.989118970930576 10.137171701993791 13.100772029021753 15.782853818964215 6.4074341817759004 9.4105487440247071 2.0490043775644144 12.462247168645268 2.7248960628639898 6.3033957048319271 6.7587477776687583 17.949554080609232 157.12789821764454 18.919011655729271 16.426255762344233 4.5784377376548928 48.298540436895564 5.4240280068479478 3.4589850478805593 1.3320293186698098 1.7424309647176404 2.8922938357572994 14.834973161574451 6.9325022376142433 3.6342484534252426
leaf_count=2393 1119 461 723 1591 229 464 584 1003 1136 396 408 98 377 243 215 490 1312 9242 1395 1576 371 2336 394 283 123 173 200 840 589 286
internal_value=-0.000335348 0.000232213 -0.00362915 -0.00795231 0.000132129 0.00514659 5.91899e-05 0.00856775 -0.000750083 -0.00489777 0 -0.0143131 0.00484466 0.00709946 -0.00403329 -0.00781008 0 0.000872282 -0.00249914 -0.00561024 0.00169181 0.00438943 -0.0042445 -0.0103485 -0.0124631 0.0058118 -0.0165272 -0.00991098 0.00731865 0.00993829
internal_weight=490.234 416.46 73.774 34.3052 39.4688 69.3783 33.2884 36.0899 347.081 46.4358 25.1934 17.4489 27.3423 12.8621 20.4263 13.0621 300.646 223.376 77.2697 46.6058 30.6639 66.2481 10.0025 21.2173 17.7583 20.6614 15.3999 21.2424 23.029 16.0965
internal_count=31050 25838 5212 2612 2600 3460 1993 1467 22378 2780 1544 1021 1481 827 1166 705 19598 12890 6708 4375 2333 3648 765 1982 1699 1568 923 1236 1252 663
is_linear=0
shrinkage=0.05


Tree=130
num_leaves=31
num_cat=0
split_feature=26 17 24 40 41 41 29 23 32 39 39 32 41 2 14 23 40 19 6 33 11 27 39 16 14 14 41 35 41 3
split_gain=0.475836 0.518346 0.571031 0.563067 0.384113 0.477311 0.33163 0.292754 0.582759 0.533786 0.815782 0.666691 0.601858 0.601617 0.474437 0.442213 0.391285 0.393277 0.305531 0.341983 0.387762 0.298979 0.460459 0.431512 0.336856 0.457062 0.369157 0.309753 0.297429 0.372201
threshold=0.41666668653488165 -0.21000000834465024 -0.18999999761581418 0.076666664332151427 0.047619279474020011 0.061374438926577575 0.35666668415069586 0.20999997854232791 0.32999998331069952 0.022550749592483047 0.017438697628676895 -0.023333340883255001 0.040120188146829612 0.14333331584930423 -0.30333334207534784 0.3966666460037232 0.93666666746139537 -0.20333333313465116 0.46999999880790716 0.31666666269302374 0.24333333969116214 0.25000000000000006 0.020484371110796932 0.38999998569488531 0.12333333492279054 -0.030000001192092892 0.033665614202618606 0.22333335876464847 0.055189093574881561 -0.33666665852069849
decision_type=2 2 2 2 2 2 2 2 2 2 2 2 2 2 2 2 2 2 2 2 2 2 2 2 2 2 2 2 2 2
left_child=7 4 -3 -4 6 -6 -2 21 9 10 12 -11 -9 -12 -15 -10 17 -13 19 -17 -21 24 -23 -24 25 28 -26 -28 29 -1
right_child=1 2 3 -5 5 -7 -8 8 15 11 13 16 -14 14 -16 18 -18 -19 -20 20 -22 22 23 -25 26 -27 27 -29 -30 -31
leaf_value=0.0013395736460581923 0.0072263244563826479 -0.0031985734502570345 -0.0017966943121133382 0.011594695415916997 -0.011497292546973561 0.0020204659487938455 -0.0013544884517753685 0.010718641769985625 0.0014918651462574933 -0.0004025240701627766 0.001705892012615607 0.016251401430388432 -0.0012426489217748976 -0.016059069343126238 0 0 -2.6196951194501465e-05 0.00028392130913011936 0 -0.017367184571807744 0 -0.0035120727334587037 0.00019620720514565307 0.012002705334601628 0 0.0041848110539365359 -0.010564285244838564 0 0.0014237036543805015 -0.005043621696081059
leaf_weight=19.705061301356182 12.854011092102157 5.1847974935080847 4.3279319989960632 30.061885278206319 8.5232709057163429 4.4607513840310267 15.599797884467987 14.674600239377471 13.834329102537593 14.787501245737074 9.9110142413992453 16.296278035268191 12.725079456809906 8.6716665392741579 8.9246292717289162 6.649461336550309 2.9135237045120439 8.9561469603795576 4.0894609752576789 8.2057708152569813 2.8730196666438124 24.493104531313293 30.886282903607935 7.2061544433236113 14.95787096954882 23.186514738015831 29.13847656478174 10.434787078876978 26.056577319512144 90.850376408779994
leaf_count=847 374 360 183 1086 246 132 292 884 923 1020 647 492 826 247 867 448 169 803 335 276 244 2589 2537 445 1484 2311 2585 1185 1353 4929
internal_value=-0.000143464 0.00315979 0.0068853 0.00927388 -0.000292049 -0.0063655 0.00237967 -0.000891645 0.000883359 0.00299335 0 0.0068022 0.00518972 -0.00583261 -0.0104922 -0.00390501 0.0107229 0.01253 -0.00780947 -0.0101828 -0.0139327 -0.0018364 0.000855179 0.00432607 -0.00273771 -0.00127422 -0.00606191 -0.00831014 -0.00251314 -0.00368102
internal_weight=491.44 81.0124 39.5746 34.3898 41.4378 12.984 28.4538 410.428 133.512 97.8604 54.907 42.9534 27.3997 27.5073 17.5963 35.652 28.1659 25.2524 21.8177 17.7283 11.0788 276.915 62.5855 38.0924 214.33 159.799 54.5311 39.5733 136.612 110.555
internal_count=31119 2673 1629 1269 1044 378 666 28446 8181 5955 3471 2484 1710 1761 1114 2226 1464 1295 1303 968 520 20265 5571 2982 14694 9440 5254 3770 7129 5776
is_linear=0
shrinkage=0.05


Tree=131
num_leaves=31
num_cat=0
split_feature=9 41 13 9 38 13 24 25 29 39 28 31 24 10 35 31 28 28 28 22 7 9 9 23 26 41 26 37 3 21
split_gain=0.441853 0.650884 0.54559 0.413983 0.39149 0.451905 0.347614 0.488506 0.701028 0.803994 0.629994 0.57886 0.527234 0.506703 0.623539 0.495604 0.444095 0.388612 0.387968 0.388493 0.368254 0.364942 0.38995 0.362309 0.32522 0.289075 0.283179 0.315852 0.280314 0.279296
threshold=0.43000000715255743 0.044856913387775428 -0.11666667461395262 0.38999998569488531 -0.02507686614990234 -1.0000000180025095e-35 -0.36333334445953364 0.35000002384185797 0.33666664361953741 0.013880040496587755 0.48166668415069586 0.01666665077209473 -0.17000000178813932 -0.43000000715255732 -0.40333333611488337 0.40333333611488348 -0.3899999856948852 0.14833331108093264 1.0000000180025095e-35 -0.24333333969116208 -0.28333333134651179 -0.19666665792465207 0.17000001668930056 0.40333333611488348 -0.31000000238418574 0.027909388765692714 -0.10333332419395445 0.035900115966796882 -0.076666668057441698 -0.33666665852069849
decision_type=2 2 2 2 2 2 2 2 2 2 2 2 2 2 2 2 2 2 2 2 2 2 2 2 2 2 2 2 2 2
left_child=3 2 -2 6 -5 -6 16 8 12 -10 11 17 21 15 25 -14 -1 -11 26 28 -18 -8 29 -21 -19 -15 -16 -28 -20 -23
right_child=1 -3 -4 4 5 -7 7 -9 9 10 -12 -13 13 14 18 -17 20 24 19 23 -22 22 -24 -25 -26 -27 27 -29 -30 -31
leaf_value=0.002521928591927217 0.01394154302933185 -0.002241656067998025 0 0 -0.015591152325213901 0 -0.00030173609982761767 -0.0053491901019508889 -0.004734109036254811 0 -0.0051112674739414669 -0.0018042516863710613 -0.00064612656510776127 0 -0.0019466623743143734 0.012420326178505997 0.00041008805619029051 0 -0.0026365017377786566 -0.0052158559434508055 -0.0097051142920926842 0 0 0.0024476670535394061 0.012181747425719302 -0.013079112592085466 0.0061088110192505443 -0.0012333795780579606 0.0058938442072470187 0.010804560441535561
leaf_weight=9.7976634418591839 14.492857565404847 13.624237962765617 12.747695779893547 10.751798912882807 7.0396994273178279 4.8991143472958338 22.91385647142306 24.501416399376467 10.281118711456655 4.0839211752172551 3.1990102850832036 6.1618508654646567 8.1339594600722176 2.0331185255199662 22.781167834764346 6.8747244654223314 5.9990782779641476 4.3522501462139109 8.2740241209976393 89.100517980288714 22.196045891963877 2.8123468796256956 12.235783545533193 9.9366756787057948 50.722856259439148 11.160643707495181 36.341445906087756 12.190634261583908 14.983414171729235 24.652205632533878
leaf_count=955 329 937 1041 493 232 513 1776 2250 354 139 117 585 974 135 2070 210 518 209 425 5221 2057 202 925 687 1169 794 2433 830 877 1621
internal_value=0.000173942 0.00482392 0.00887659 -0.000252905 -0.00608191 -0.0106639 8.00774e-05 0.000605637 0.00115543 0.00514583 0.00722556 0.00855944 0 -0.00119005 -0.00198251 0.00598686 -0.00406623 0.0100893 -0.000955828 -0.00269679 -0.00712748 0.00380894 0.00645666 -0.00411305 0.0111583 -0.0107374 0.00168396 0.00387332 0.00208629 0.009277
internal_weight=489.275 40.8648 27.2406 448.41 22.6906 11.9388 425.72 387.727 363.226 78.801 68.5199 65.3209 284.425 221.81 206.802 15.0087 37.9928 59.159 193.608 122.295 28.1951 62.6142 39.7003 99.0372 55.0751 13.1938 71.3132 48.5321 23.2574 27.4646
internal_count=31078 2307 1370 28771 1238 745 27533 24003 21753 2573 2219 2102 19180 14656 13472 1184 3530 1517 12543 7210 2575 4524 2748 5908 1378 929 5333 3263 1302 1823
is_linear=0
shrinkage=0.05


Tree=132
num_leaves=31
num_cat=0
split_feature=5 37 39 3 25 32 39 35 19 10 39 37 37 39 38 25 30 16 4 8 10 9 38 12 14 25 18 5 1 37
split_gain=0.235254 0.384277 0.412207 0.497501 0.462415 0.310763 0.293437 0.292206 0.278484 0.597769 0.805736 0.660867 1.8767 0.622848 0.459142 0.972534 0.451862 0.403371 0.384393 0.51219 0.416595 0.362969 0.338774 0.302344 0.477975 0.367147 0.51 0.316559 0.310521 0.281395
threshold=-0.036666661500930779 -0.065113067626953111 0.015789056196808818 -0.10333332419395445 -0.33666665852069849 -0.21666666865348813 0.035185091197490699 0.29666668176651007 -0.20333333313465116 0.030000001192092899 0.029205097816884521 0.009663581848144533 0.04200792312622071 0.02058355696499348 -0.040988445281982415 0.13666665554046634 0.41666668653488165 -0.4433333277702331 0.41000002622604376 0.13666665554046634 0.41000002622604376 -0.236666664481163 0.033881187438964851 0.12333333492279054 0.38333332538604742 -0.14333333075046537 0.20333331823349002 0.10833334922790529 0.43666666746139532 -0.0054221153259277335
decision_type=2 2 2 2 2 2 2 2 2 2 2 2 2 2 2 2 2 2 2 2 2 2 2 2 2 2 2 2 2 2
left_child=1 -1 3 -3 5 -4 7 -6 9 10 13 14 -13 22 18 16 -16 -10 19 -11 -21 -15 -2 24 25 -19 27 -27 -29 -25
right_child=8 2 4 -5 6 -7 -8 -9 17 11 -12 12 -14 21 15 -17 -18 23 -20 20 -22 -23 -24 29 -26 26 -28 28 -30 -31
leaf_value=0.0025546488922735949 0.0094559544778374145 -0.0031511708421339962 0.0048217129270893338 0.0068712520349550766 -0.0072285674379703284 -0.0036055858890601416 0.00011988393640307649 0.00039196968670897857 0.0078985750831816331 -0.00023498344052160682 0.016448568288973772 -0.015656790389071262 0.0036864408382563034 0.0037893676170125917 -0.00041491189958595674 -0.011231675044473777 0.010240541891824665 0 -0.002098039113266629 0.014671341750081696 0 -0.0075996465538054215 0 -0.0033969393654478459 0.0055653263070460559 0 0.0010730511483425806 -0.015365257974726307 0 0.0024326326818054516
leaf_weight=29.276661750627682 17.449874760350216 18.789024075260386 17.415585748851303 16.483952778158709 91.952347819227725 12.759073486085979 11.170830548973752 6.781058180727995 3.8506885655224314 6.9464303115382853 8.0816293340176326 16.896510851103812 20.500978080788627 2.8176378540229079 17.458518718136478 10.282908691558985 8.7238657828420383 13.470140379155053 4.177527871914207 15.979207689175384 4.0731038628146043 14.803841798333449 8.4340454081539047 30.593768872786313 2.6029274789616457 8.6546068403404224 5.141960608540102 19.837152769090611 1.3498778622597445 41.522774918237701
leaf_count=1638 700 1435 1326 1140 6701 759 688 622 84 304 234 502 559 132 607 244 149 1323 97 434 85 646 356 2802 208 852 483 1602 86 4281
internal_value=-0.000689011 -0.00196661 -0.00291887 0.00124484 -0.00414653 0.00056022 -0.00561659 -0.00647401 0.000167995 0.00162684 0.00575751 -0.000378169 -0.0054333 0.00151368 0.00229218 -0.000985209 0.00360592 -0.00143513 0.00633838 0.00854548 0.0119004 -0.00422025 0.00626096 -0.00227379 -0.00499524 -0.00657237 -0.00893249 -0.0112451 -0.0139934 0
internal_weight=488.279 204.629 175.352 35.273 140.079 30.1747 109.904 98.7334 283.65 156.626 51.587 105.039 37.3975 43.5054 67.6416 36.4653 26.1824 127.024 31.1763 26.9987 20.0523 17.6215 25.8839 123.173 51.0567 48.4537 34.9836 29.8416 21.187 72.1165
internal_count=31079 14309 12671 2575 10096 2085 8011 7323 16770 5049 2068 2981 1061 1834 1920 1000 756 11721 920 823 519 778 1056 11637 4554 4346 3023 2540 1688 7083
is_linear=0
shrinkage=0.05


Tree=133
num_leaves=31
num_cat=0
split_feature=9 9 38 19 23 30 25 36 14 31 37 13 14 20 38 24 2 11 29 19 4 28 15 39 31 39 38 39 30 2
split_gain=0.304365 0.369953 0.65291 0.449015 0.321272 0.394493 0.462515 0.498665 0.458016 0.390755 0.38736 0.373655 0.466056 0.426683 0.369097 0.356412 0.327118 0.384156 0.321194 0.480207 0.305169 0.432955 0.288846 0.271021 0.263463 0.243436 0.233643 0.245355 0.303861 0.237549
threshold=0.43666666746139532 0.38999998569488531 -0.02507686614990234 0.096666663885116591 -0.36333334445953364 0.3966666460037232 0.30333334207534796 0.096666663885116591 -0.46999999880790705 0.47666668891906744 -0.10532808303833006 0.030000001192092899 -0.036666661500930779 -0.33666665852069849 0.023255825042724613 -0.22333332896232602 0.31666666269302374 0.096666663885116591 0.29000002145767217 -0.40333333611488337 -0.10999999940395354 0.45499998331069952 -0.236666664481163 0.023940252140164379 -0.24333333969116208 0.018965492025017742 0.14263010025024417 0.024153697304427627 0.030000001192092899 0.42333334684371954
decision_type=2 2 2 2 2 2 2 2 2 2 2 2 2 2 2 2 2 2 2 2 2 2 2 2 2 2 2 2 2 2
left_child=1 4 -3 -4 10 9 7 -7 -9 11 -1 12 16 -13 -14 -11 18 -18 -6 -20 -2 23 -21 25 -8 -22 27 29 -29 -15
right_child=20 2 3 -5 5 6 24 8 -10 15 -12 13 14 26 -16 -17 17 -19 19 22 21 -23 -24 -25 -26 -27 -28 28 -30 -31
leaf_value=0.0045617870482091202 0.0090497952424918263 0.00082610208492815652 -0.016511153501846548 0 -0.00031616489949549221 0 -0.0070548734667079567 0 0.013613921844397241 -0.0011723059654562709 -0.0055402940975956324 0.0026088090764789349 0.0083171742753243624 -0.0093054529932532267 -0.00052676171246526164 0.0097512327753476596 0.0072075557765932212 -0.0033571560024015486 0 -0.012820769707192215 -0.0044901407231481066 0.0070034900968125513 0 -0.0090840725876465602 0.0031034162324846759 0.0056996655397400994 0.0011374772746535746 0.0016377186023594616 -0.0074147378682308321 0
leaf_weight=4.1517529778648159 10.276280973805113 13.000310250790791 8.2090154804754984 5.5834838869050136 126.60506514296867 15.929857340408487 8.4132368228165415 12.175701343454419 17.442944618640471 5.0033153132535544 45.283913479186594 13.952906387741676 22.230093923630193 39.026970529346727 10.794122030027209 11.166203452739863 18.242580292047936 5.2355097655672571 16.354768172372133 13.689194092527034 4.548073077341547 8.4691215532366169 3.6061109374277285 6.7271021779160938 2.7485346059547728 6.1875320908147842 4.9464350629132232 20.276766156428497 6.9680407303385428 3.5015888250200069
leaf_count=217 645 597 290 590 7322 391 271 196 497 162 3270 1520 1838 4381 1309 342 763 329 415 572 421 322 228 334 195 360 589 1661 724 443
internal_value=-0.000300726 -0.000715476 -0.00587481 -0.0117897 -0.000257877 0.000197666 0.00387136 0.0061555 0.0094782 -0.000432873 -0.00383901 -0.000951421 7.99197e-05 -0.00358186 0.00514932 0.00584101 -0.000833515 0.00379978 -0.00177532 -0.00575612 0.00367512 0 -0.0103889 -0.00398553 -0.00288625 0 -0.00515558 -0.00598639 -0.000845867 -0.00825262
internal_weight=490.747 454.538 26.7928 13.7925 427.746 378.31 56.7103 45.5485 29.6186 321.6 49.4357 305.43 216.757 88.6727 33.0242 16.1695 183.733 23.4781 160.255 33.6501 36.2081 25.9318 17.2953 17.4627 11.1618 10.7356 74.7198 69.7734 27.2448 42.5286
internal_count=31194 29112 1477 880 27635 24148 1550 1084 693 22598 3487 22094 12776 9318 3147 504 9629 1092 8537 1215 2082 1437 800 1115 466 781 7798 7209 2385 4824
is_linear=0
shrinkage=0.05


Tree=134
num_leaves=31
num_cat=0
split_feature=35 16 16 35 11 32 27 39 23 2 19 6 12 39 39 37 39 13 12 5 30 37 37 32 36 32 11 10 39 39
split_gain=0.304952 0.384444 0.468712 0.463057 0.439572 0.457093 0.423285 0.385411 0.379156 0.373155 0.429597 0.362059 0.325673 0.309526 0.750062 0.457777 0.339887 0.321521 0.307095 0.293258 0.28784 0.386261 0.295423 0.273206 0.361552 0.271396 0.438553 0.420022 0.380018 0.335931
threshold=-0.41666667163372034 0.44333332777023321 0.11000001430511476 -0.36333334445953364 0.056666672229766853 0.38333332538604742 -0.26999998092651362 0.02058355696499348 0.37666666507720953 0.38333332538604742 0.2833333313465119 0.44333332777023321 0.27666664123535162 0.018832436762750152 0.024153697304427627 -0.023149013519287106 0.012335670646280052 0.38999998569488531 -0.096666663885116563 0.33666664361953741 0.12333333492279054 0.027335166931152347 -0.016572475433349606 0.32333332300186163 0.20999997854232791 -0.26999998092651362 -0.40333333611488337 -0.0099999904632568342 0.015789056196808818 0.025486567988991741
decision_type=2 2 2 2 2 2 2 2 2 2 2 2 2 2 2 2 2 2 2 2 2 2 2 2 2 2 2 2 2 2
left_child=-1 2 3 6 5 8 -2 -3 23 10 -6 12 18 16 17 -16 -4 -15 -11 -7 21 22 -18 25 -25 27 29 -5 -28 -27
right_child=1 7 13 4 9 19 -8 -9 -10 11 -12 -13 -14 14 15 -17 20 -19 -20 -21 -22 -23 -24 24 -26 26 28 -29 -30 -31
leaf_value=-0.0040036550564074994 0.014486161897578349 0 -0.0071029131233717015 -0.0019578978793094583 0.007315583839828145 0 0 0.011368235053440418 0.0047064335634728945 0 -0.0030495162756387713 0.0051280294572098213 0.0011260404993404091 -0.011557228051062421 0.0063579355293153133 -0.0036893842364350768 0 0 -0.01388777773416228 -0.0098968524365422739 -0.0021746704883420331 -0.0017150911422842729 0.013472141421553886 0.010718487060828376 -0.00053486010312802138 -0.0078771945744774002 0.0047819212904537077 0.0085804293495380102 -0.0015916639380471936 0.00020348412127501253
leaf_weight=30.946683391695842 6.1950640825089067 7.0523740287171703 2.9735977977979955 10.84193750889972 51.841854326194152 6.024017698364335 6.7876192759722453 10.243500268552451 36.155187130440027 2.3375297477468839 4.8919011082034549 4.4317628329154095 3.378564732382074 25.059091133996848 13.470053191762416 20.263506221002899 6.9153039932716736 4.9507826219778499 5.6153542688116422 13.036133357323704 6.2825355955865225 4.2003350697923443 9.1789513078983855 6.1208658441901189 7.3032084410078824 35.075461267260835 23.29801335465163 11.391337208682669 104.94908931711689 9.9382831158582103
leaf_count=2479 171 612 382 753 3654 251 511 706 1171 95 524 308 314 2328 968 1882 612 571 431 500 762 566 933 211 275 1106 1352 492 5900 309
internal_value=0.000280417 0.000669946 0.000277724 0.00117179 0.00065058 -0.000232255 0.00889197 0.00698229 0.000321196 0.00395746 0.00581715 -0.00134554 -0.00621862 -0.00268928 -0.0045905 4.76468e-05 0.000791185 -0.00963764 -0.010273 -0.00671918 0.00358736 0.00641107 0.0095532 -0.000431591 0.00503509 -0.0010698 -0.00185098 0.00323201 -8.56098e-05 -0.00578895
internal_weight=491.15 460.203 442.907 349.613 336.631 264.134 12.9827 17.2959 245.073 72.497 56.7338 15.7632 11.3314 93.2942 63.7434 33.7336 29.5507 30.0099 7.95288 19.0602 26.5771 20.2946 16.0943 208.918 13.4241 195.494 173.261 22.2333 128.247 45.0137
internal_count=31129 28650 27332 18328 17646 12320 682 1318 11569 5326 4178 1148 840 9004 5749 2850 3255 2899 526 751 2873 2111 1545 10398 486 9912 8667 1245 7252 1415
is_linear=0
shrinkage=0.05


Tree=135
num_leaves=31
num_cat=0
split_feature=17 26 11 16 30 20 20 18 10 39 35 27 39 25 12 17 30 26 12 41 20 32 33 29 32 23 39 13 27 19
split_gain=0.443558 0.406883 0.357301 0.543633 0.416882 0.322972 0.546259 0.638156 0.470266 0.398362 0.439263 0.552787 0.384523 0.52058 0.400547 0.321049 0.408403 0.308216 0.298648 0.400827 0.276691 0.254639 0.24579 0.240928 0.235477 0.228575 0.227121 0.240588 0.237789 0.225604
threshold=0.38999998569488531 -0.46999999880790705 0.056666672229766853 0.17666667699813846 0.043333351612091071 0.069999992847442641 0.22166669368743899 -0.33666665852069849 1.0000000180025095e-35 0.021614183671772483 -0.083333343267440782 -0.30333334207534784 0.023099512793123726 -0.40333333611488337 -0.049999997019767754 -0.32333332300186152 0.45499998331069952 -0.31666666269302363 0.17000001668930056 0.039123736321926124 0.29000002145767217 -0.33666665852069849 -0.16333332657814023 0.043333351612091071 -0.016666665673255917 0.4499999880790711 0.013348268344998361 0.29666668176651007 0.30333334207534796 0.43000000715255743
decision_type=2 2 2 2 2 2 2 2 2 2 2 2 2 2 2 2 2 2 2 2 2 2 2 2 2 2 2 2 2 2
left_child=1 22 5 26 18 12 8 9 -7 10 -8 -12 13 -3 15 16 -15 -9 -5 24 -19 -10 -1 -23 -20 -22 -4 28 -28 -2
right_child=29 2 3 4 -6 6 7 17 21 -11 11 -13 -14 14 -16 -17 -18 20 19 -21 25 23 -24 -25 -26 -27 27 -29 -30 -31
leaf_value=0 -0.0070904720729050913 -0.0056825561875939404 -0.00066834212717999456 -0.0033654657209213376 -0.0074711707584219763 0 0.0055094354012449401 0.0019573004015200424 0 0.0076495629611501069 -0.010401590273122289 0.0027627111037887568 -0.0015619586984962962 -0.0011648548310409241 -0.0014440948169967688 0.0087441695647812283 0.0085589953626927905 0 -0.0055775180207430176 0.0078887399102310699 -0.010022438288611209 0 -0.010939173139822421 -0.013086053125185768 0.0034824865917058353 0 0.0083004386647125335 -0.00013625344932528035 0 0
leaf_weight=3.7254593889229 26.436568075558171 7.5243556445930144 5.0516972588375202 12.505548044340683 11.066861556959337 22.594680466456339 12.309330628020691 7.7375163377728304 2.4968519129324731 24.992229570867494 10.859813099727036 7.1346926670521489 61.679560305550694 29.277874676976353 15.293883596546946 41.003584491321817 8.2680228194221836 8.9944588392972928 9.1037922124378365 20.07393277308438 21.468605378991928 4.6570396611932692 6.4525030017830414 19.438649825751781 5.359533146955072 3.5327008871827266 54.547517755068839 5.2411822231952092 7.8869295136537394 11.523389897542073
leaf_count=313 2387 504 457 1138 1186 1580 352 608 159 751 231 274 3322 1023 1457 2327 125 668 828 1345 1609 330 449 783 447 155 3692 609 789 1147
internal_value=-9.30392e-05 0.000319028 0.000649154 0.00279215 -0.000448934 -0.000214047 -0.00194591 5.965e-05 -0.00593153 0.00365227 0 -0.00475448 0.00120509 0.00311481 0.00436968 0.00581948 0.0012866 -0.00403752 0.00138998 0.00397186 -0.00611596 -0.00977984 -0.00735709 -0.0111684 -0.000961831 -0.0084006 0.0055362 0.00635538 0.00722982 -0.00492605
internal_weight=488.239 450.279 440.101 130.837 58.1097 309.264 146.217 97.0293 49.1872 55.2961 30.3038 17.9945 163.047 101.368 93.8434 78.5495 37.5459 41.7333 47.0428 34.5373 33.9958 26.5925 10.178 24.0957 14.4633 25.0013 72.7273 67.6756 62.4344 37.96
internal_count=31045 27511 26749 10491 4944 16258 7500 4648 2852 1608 857 505 8758 5436 4932 3475 1148 3040 3758 2620 2432 1272 762 1113 1275 1764 5547 5090 4481 3534
is_linear=0
shrinkage=0.05


Tree=136
num_leaves=31
num_cat=0
split_feature=30 37 23 23 28 37 2 29 31 26 24 39 24 41 33 7 4 27 10 37 37 19 13 24 2 26 39 23 37 39
split_gain=0.477963 0.485755 0.72247 0.619417 0.458539 0.31527 0.323868 0.281839 0.779572 0.411754 0.475117 0.534727 0.503015 0.428943 0.381848 0.363904 0.421826 0.466982 0.476948 0.363486 0.402418 0.312099 0.300236 0.257472 0.270536 0.25372 0.432764 0.467921 0.376044 0.337572
threshold=0.38999998569488531 -0.033957481384277337 0.31000000238418585 0.46999999880790716 0.26166665554046636 -0.070494174957275377 0.38333332538604742 0.056666672229766853 -0.22999998927116391 0.27666664123535162 -0.24333333969116208 0.016749243251979355 0.32999998331069952 0.026382338255643848 -0.43000000715255732 -0.17000000178813932 -0.15000000596046445 0.22333335876464847 0.20333331823349002 0.043071269989013679 -0.085320472717285142 -0.30333334207534784 -0.18999999761581418 0.14999997615814212 0.37666666507720953 0.13666665554046634 0.024153697304427627 -0.26333332061767573 -0.016572475433349606 0.021614183671772483
decision_type=2 2 2 2 2 2 2 2 2 2 2 2 2 2 2 2 2 2 2 2 2 2 2 2 2 2 2 2 2 2
left_child=7 2 -2 4 -3 -4 -7 9 15 23 -11 -12 13 -13 -15 -9 -17 18 22 20 -10 -21 -18 24 25 26 28 -28 -1 -30
right_child=1 3 5 -5 -6 6 -8 8 19 10 11 12 -14 14 -16 16 17 -19 -20 21 -22 -23 -24 -25 -26 -27 27 -29 29 -31
leaf_value=-0.0044216638367850355 -0.0089060803610813127 0 -0.001719083142524459 -0.0032698265726670431 0.0090413108478019193 0 0.0131164500575544 -0.004688077863565618 0.0012804945322773295 -0.0032172958159445313 -0.0024475717857402051 -0.00098772865846515978 -0.0019023538200748707 0 0.01417500434994122 -0.0027770934874550143 0.012485921878521988 -0.0023806560600675587 0 0.0051615516614974865 -0.0078609984491191786 -0.0039948172119075968 0 -0.0037476901631113922 -0.0069746435896851982 -0.0029079206559515167 -0.00079177169462986148 0.0096906657257356376 0.0056000795586864469 -0.0031487073115370303
leaf_weight=24.202792529948056 13.578445380087944 18.697632804512978 4.9626989525277159 11.683768553193657 50.292907866300084 3.7249505359213781 5.2632999552879483 10.904310113051904 7.2144213565625241 8.9323080396279675 6.5858849214855573 2.0088163320906487 3.5423043824266633 2.1648558925371644 26.450401073554531 13.08896012441255 23.7665434803348 7.9000784230884156 13.328574015991761 10.96062980219722 67.506991926231422 14.577618331415577 3.1899939645081821 44.561276004184037 4.596288231201469 19.211732926778495 8.8648110001813603 24.260455222800374 27.70628136198502 7.7660599607042959
leaf_count=2044 452 773 185 383 1406 113 168 381 495 668 453 115 236 136 1332 705 688 629 518 364 5102 1473 213 4085 452 1595 666 1815 2856 701
internal_value=7.25716e-05 0.00295989 -0.00188438 0.00491741 0.006788 0.00431984 0.00867551 -0.000711358 -0.00220007 0.000418025 0.00420255 0.00656778 0.00903401 0.0110861 0.0126802 0.00144543 0.00322932 0.00544912 0.00763427 -0.00499322 -0.0066391 0 0.0108643 -0.000708063 0.000376168 0.00122891 0.00246295 0.00655521 0 0.00290344
internal_weight=491.496 108.204 27.5294 80.6743 68.9905 13.9509 8.98825 383.292 172.438 210.854 49.6846 40.7523 34.1664 30.6241 28.6153 72.1785 61.2742 48.1852 40.2851 100.26 74.7214 25.5382 26.9565 161.17 116.608 112.012 92.8004 33.1253 59.6751 35.4723
internal_count=31202 3480 918 2562 2179 466 281 27722 10568 17154 2940 2272 1819 1583 1468 3134 2753 2048 1419 7434 5597 1837 901 14214 10129 9677 8082 2481 5601 3557
is_linear=0
shrinkage=0.05


Tree=137
num_leaves=31
num_cat=0
split_feature=1 3 33 18 24 37 17 19 38 37 36 5 5 25 37 37 10 17 24 25 21 13 31 38 41 24 9 30 20 22
split_gain=0.355251 0.479499 0.720456 0.591696 0.661489 0.464395 0.439954 0.40533 0.444525 0.552554 0.395578 0.365546 0.31599 0.384024 0.393867 0.394696 0.348806 0.31317 0.311628 0.305604 0.366831 0.305101 0.359727 0.401614 0.278822 0.276924 0.261298 0.249951 0.384467 0.315647
threshold=0.043333351612091071 0.056666672229766853 -0.15666666626930234 -0.3899999856948852 0.069999992847442641 -0.032084941864013665 0.043333351612091071 -0.20333333313465116 0.066908836364746108 0.047869682312011726 0.35666668415069586 -0.18999999761581418 0.19666665792465213 -0.33666665852069849 -0.072489261627197252 0.01267671585083008 -0.29666668176650995 -0.45666666328907007 0.30333334207534796 -0.40333333611488337 -0.16333332657814023 -0.4433333277702331 0.23000001907348636 0.066908836364746108 0.064586944878101363 -0.36333334445953364 0.35000002384185797 0.38999998569488531 0.31499999761581426 0.48333334922790533
decision_type=2 2 2 2 2 2 2 2 2 2 2 2 2 2 2 2 2 2 2 2 2 2 2 2 2 2 2 2 2 2
left_child=12 5 -3 4 17 18 11 8 26 -10 -6 -7 13 19 -15 24 -17 -4 25 20 -1 -14 23 -23 -16 -2 -5 -9 -29 -30
right_child=1 2 3 7 10 6 -8 27 9 -11 -12 -13 21 14 15 16 -18 -19 -20 -21 -22 22 -24 -25 -26 -27 -28 28 29 -31
leaf_value=0.0033856881151528326 0 -0.0068331983722727148 0.007039151464382754 0.010923922239564111 -0.011922587508456213 0.0094404951342071455 -0.0042544403659283995 -0.0019295015629913878 -0.0092215329467403816 0.0066407408673169639 0 0 0.0066153044185306518 0.0018617582376238518 -0.0083479663607207329 0.0046416380319587542 -0.0031564616292050936 -0.0021779893013722518 0 0.0060252062697636107 -0.0070796962974107001 -0.0061436999493137802 0.0049959462794714072 0.0035346038600840299 0 0.013376439216205736 0 -0.00070397524100300718 0.013376063588003979 0
leaf_weight=8.4227052407804859 2.4635383740533205 28.540424765553325 10.288013880373912 27.229655711678792 15.305104069411756 12.565178223652763 16.941293692099862 35.555821885587648 4.8146502086892706 4.5068333076778799 4.5639088074676684 25.772880737204105 13.822822261136023 18.685438093263656 59.398166821105406 10.9844433843391 57.126691742334515 10.806686229072509 3.1518301465548566 15.743184463819487 10.460726298624651 27.98194171639625 12.396901932777835 7.4780935021117321 6.8447060585021964 16.927251305431128 3.2195384658407411 9.8974348602350819 6.3665826931828615 1.9995648281183092
leaf_count=577 193 2371 194 1086 370 728 1501 3560 173 128 76 1306 248 1018 4625 993 3378 332 178 1005 877 2040 1044 564 448 917 94 640 354 131
internal_value=-0.000127427 0.00117091 -0.000257488 0.00119159 -0.00322905 0.00426685 0.000956625 0.00345546 0.00693674 -0.000323369 -0.00887924 0.00408732 -0.00147781 -0.00252632 -0.00363157 -0.00462061 -0.00128754 0.00195791 0.00960089 0.00155812 -0.00171625 0.00128412 -0.000356968 -0.00328353 -0.00731007 0.0115889 0.00953255 2.7262e-05 0.00440219 0.00995425
internal_weight=490.262 240.916 163.094 134.554 40.9637 77.822 55.2794 93.5901 39.7707 9.32148 19.869 38.3381 249.346 187.666 153.039 134.354 68.1111 21.0947 22.5426 34.6266 18.8834 61.6798 47.8569 35.46 66.2429 19.3908 30.4492 53.8194 18.2636 8.36615
internal_count=31149 14332 9509 7138 972 4823 3535 6166 1481 301 446 2034 16817 12921 10462 9444 4371 526 1288 2459 1454 3896 3648 2604 5073 1110 1180 4685 1125 485
is_linear=0
shrinkage=0.05


Tree=138
num_leaves=31
num_cat=0
split_feature=8 26 0 14 19 12 31 8 25 21 16 14 31 2 15 34 23 31 29 19 8 10 26 31 24 24 27 38 21 11
split_gain=0.382288 0.387303 0.381528 0.339394 0.48405 0.319724 0.377448 0.783834 0.38911 0.526598 0.519746 0.491456 0.466576 0.351069 0.319492 0.544818 0.297248 0.282525 0.40884 0.350134 0.328622 0.279886 0.346306 0.273533 0.30752 0.294863 0.283068 0.275087 0.262203 0.27066
threshold=0.43666666746139532 0.043333351612091071 0.46333330869674688 0.47666668891906744 0.1566666662693024 0.17666667699813846 -0.4433333277702331 0.37666666507720953 -0.25666666030883784 0.12333333492279054 -0.036666661500930779 -0.4433333277702331 -0.40333333611488337 -1.0000000180025095e-35 -0.4433333277702331 -0.22333332896232602 0.47666668891906744 -0.37666666507720942 0.22333335876464847 -0.43000000715255732 0.056666672229766853 0.31000000238418585 1.0000000180025095e-35 -0.32333332300186152 0.14999997615814212 -0.023333340883255001 0.12333333492279054 -0.02507686614990234 -0.22999998927116391 -0.41666667163372034
decision_type=2 2 2 2 2 2 2 2 2 2 2 2 2 2 2 2 2 2 2 2 2 2 2 2 2 2 2 2 2 2
left_child=2 16 3 4 5 6 7 14 10 17 11 -8 -11 -7 15 -1 -2 20 28 -20 -10 -6 -23 25 -25 -14 -26 -27 29 -19
right_child=1 -3 -4 -5 21 13 8 -9 9 12 -12 -13 23 -15 -16 -17 -18 18 19 -21 -22 22 -24 24 26 27 -28 -29 -30 -31
leaf_value=0 0.012115385175075882 0 -0.0078161153398380624 0.0087030450734894189 -0.0014503191526882026 0 -0.0026488630562281931 -0.0055113697531276977 -0.0011547077826998945 -0.013214280061090978 -0.0024683705920521526 0.00771191251774281 -0.0034492261432284271 0.0089715726867145747 0 0.015316981247469217 0 -0.0023801465316881615 0.0013577173126457637 -0.0072902199761273427 0.0096437288965033306 0 -0.01246178278080342 -0.00057081670014259443 -0.010177995327953484 0 0 0.010218092294590919 -0.00040631650703791588 0.0072112482246366296
leaf_weight=9.1428985344246065 11.619770158547906 20.642805004725233 10.888228894909842 4.5481746068689963 70.270771154202521 13.306521449238064 7.8625419712625435 7.6848061804193994 4.2926714583300045 9.0497017900925112 26.160563648911193 38.083572939503938 5.8453089355025467 15.663489647908134 6.1183507037349072 13.216144202742722 1.8367870415095229 2.1474329193588373 9.0089555126614851 27.117792015196756 9.9446932149585319 5.7037675124593106 10.748222213704137 44.20614645734895 19.500464912969623 4.3569272300228485 5.2860558670945457 7.0375019095372382 47.520360796479508 21.38069158513099
leaf_count=162 693 1304 906 369 6594 1176 189 146 146 240 2486 2060 236 1186 240 209 120 103 235 1291 296 640 1011 2829 904 126 405 166 3263 1465
internal_value=0 0.004671 -0.000418222 -8.03561e-05 -0.000342676 0.000430458 0 0.00436579 -0.000689137 -0.00180526 0.00222599 0.00535649 -0.00448408 0.00497636 0.00825159 0.010533 0.00973302 0.000212961 -0.000572099 -0.004654 0.00577552 -0.00359129 -0.0087911 -0.0024968 -0.00396928 0.00182364 -0.00792582 0.00622257 0.00137979 0.00518343
internal_weight=490.192 34.0994 456.093 445.205 440.656 353.934 324.964 36.1622 288.801 216.695 72.1067 45.9461 95.2821 28.97 28.4774 22.359 13.4566 121.413 107.175 36.1267 14.2374 86.7228 16.452 86.2324 68.9927 17.2397 24.7865 11.3944 71.0485 23.5281
internal_count=31196 2117 29079 28173 27804 19559 17197 757 16440 11705 4735 2249 4906 2362 611 371 813 6799 6357 1526 442 8245 1651 4666 4138 528 1309 292 4831 1568
is_linear=0
shrinkage=0.05


Tree=139
num_leaves=31
num_cat=0
split_feature=30 38 38 4 38 40 5 5 38 25 16 32 35 40 5 34 31 0 29 25 19 38 25 37 7 33 33 20 20 5
split_gain=0.343309 0.5462 0.339226 0.333861 0.407507 0.293235 0.233064 0.410553 0.398575 0.393699 0.389235 0.477022 0.355083 0.524656 0.471472 0.411587 0.349509 0.389502 0.344889 0.310669 0.367608 0.289041 0.281288 0.270654 0.365152 0.261656 0.285936 0.267955 0.35019 0.25455
threshold=0.47500002384185797 0.00094079971313476573 -0.056065082550048821 0.33666664361953741 0.16974687576293948 0.52666667103767406 -0.036666661500930779 -0.19666665792465207 0.18432664871215823 0.18333333730697635 -0.3899999856948852 -1.0000000180025095e-35 -0.016666665673255917 0.076666664332151427 0.069999992847442641 -0.1766666769981384 0.49000000953674322 0.26999998092651373 -0.21666666865348813 -0.35000000894069666 -0.21000000834465024 -0.085764408111572252 0.31000000238418585 -0.009902000427246092 0.083333313465118422 -0.11666667461395262 0.41000002622604376 0.30333334207534796 -0.3899999856948852 0.36333334445953375
decision_type=2 2 2 2 2 2 2 2 2 2 2 2 2 2 2 2 2 2 2 2 2 2 2 2 2 2 2 2 2 2
left_child=3 2 -2 6 -5 -3 7 8 10 12 11 -1 13 -8 -14 18 17 19 -15 21 -21 -12 -19 24 -11 -16 27 28 -27 -26
right_child=1 5 -4 4 -6 -7 9 -9 -10 23 16 -13 14 15 25 -17 -18 22 -20 20 -22 -23 -24 -25 29 26 -28 -29 -30 -31
leaf_value=0.010645330773478146 0.0041792164570577592 0.014287999113829962 -0.0063287476461482504 -0.0049901974448496589 0.0054100237251564097 0 -0.0026137989884389874 -0.0041166130711507787 -0.0088895126110644009 -0.005962991402589957 -0.00080066634801020009 -0.0012736195266925632 -0.0053059245805151534 0 -0.0019816059023108567 0.0010177931076231061 0.0083672128200923766 -0.01012339733794273 0.014231525834365081 -0.0065728877448527848 0.00073238845308249269 0.00855194420600657 0.00074184154803820057 -0.0049272814250772359 0.0082830666039904553 -0.0016061721252030533 -0.0037861102165349541 0 0.0081810168877398063 -0.00049382126914923553
leaf_weight=14.933747925329955 7.9993200448807356 7.9812833743635547 9.2506784773431736 60.837583058397286 3.6995933225844047 6.2353047151118517 7.8738560327328733 67.251897876616567 4.0459809897001824 3.913431927328932 5.4275780948810306 6.6035206299275151 18.733162525808439 3.3683766440954086 14.709700210718436 21.183104734867811 5.0235925430897614 11.285887234378604 18.850501062348485 17.046313294908032 48.198657030239701 12.995827242732046 2.0498151381034395 29.950755671714433 12.04942512069829 4.2251587563659987 2.8465054342523208 12.908800283214076 41.581513014854863 5.3312696837820104
leaf_count=333 200 181 232 4450 232 149 467 4806 345 320 297 158 1116 284 1084 1285 164 878 922 964 4592 1074 253 2254 710 215 158 556 2030 433
internal_value=-3.3648e-05 0.00451253 -0.000559635 -0.000455158 -0.00363011 0.0102431 5.10891e-05 -0.00109193 0.000428277 0.00130048 0.00132386 0.00660177 0.00267286 0.00583972 0.000470766 0.00801058 0 -0.000995155 0.0121575 0.000184181 -0.00121814 0.00525322 -0.00744841 -0.00204986 0.00127483 0.00247694 0.00399367 0.0050732 0.00671423 0.00508578
internal_weight=488.392 31.4666 17.25 456.926 64.5372 14.2166 392.388 194.863 127.611 197.526 123.565 21.5373 146.281 51.2758 95.0048 43.402 102.028 97.0041 22.2189 83.6684 65.245 18.4234 13.3357 51.2449 21.2941 76.2717 61.562 58.7155 45.8067 17.3807
internal_count=31142 762 432 30380 4682 330 25698 13864 9058 11834 8713 491 8117 2958 5159 2491 8222 8058 1206 6927 5556 1371 1131 3717 1463 4043 2959 2801 2245 1143
is_linear=0
shrinkage=0.05


Tree=140
num_leaves=31
num_cat=0
split_feature=33 37 13 9 6 8 38 39 9 37 21 37 19 29 22 41 7 30 41 41 30 25 1 31 31 23 29 11 30 33
split_gain=0.355807 0.561781 0.518058 0.501722 0.511756 0.459216 0.445136 0.428998 0.443797 0.383743 0.374804 0.355253 0.484948 0.434261 0.398175 0.393241 0.417755 0.532436 0.374769 0.362401 0.589295 0.442254 0.354868 0.339303 0.335778 0.335243 0.450377 0.334008 0.313633 0.297838
threshold=0.01666665077209473 0.0067873001098632821 0.01666665077209473 -0.10999999940395354 0.37666666507720953 -0.083333343267440782 0.029561042785644535 0.029205097816884521 0.43666666746139532 -0.070494174957275377 -0.15000000596046445 -0.016572475433349606 -0.0099999904632568342 0.46166664361953741 0.4499999880790711 0.044630834832787521 0.096666663885116591 0.44833332300186163 0.030753826722502712 0.035586263984441764 0.40333333611488348 -0.24333333969116208 -0.21666666865348813 0.22333335876464847 -0.15666666626930234 0.46999999880790716 0.38333332538604742 -1.0000000180025095e-35 0.34333333373069769 -0.15000000596046445
decision_type=2 2 2 2 2 2 2 2 2 2 2 2 2 2 2 2 2 2 2 2 2 2 2 2 2 2 2 2 2 2
left_child=1 2 6 4 10 22 27 8 11 -4 -2 12 14 19 15 -5 -17 -18 -15 23 -21 -22 -3 -13 -9 26 28 -1 -10 -24
right_child=3 5 9 7 -6 -7 -8 24 25 -11 -12 13 -14 18 -16 16 17 -19 -20 20 21 -23 29 -25 -26 -27 -28 -29 -30 -31
leaf_value=-0.00097362853209021394 0 0.0075350323542231774 0 0.0099378253707251563 -0.0047033622553997378 -0.0044269892474919992 -0.0073480909951837078 0 0.0055950161746597914 -0.010235304918877405 0.011811716451674984 -0.0066718780915436737 -0.0025084119760389227 0.00044105371481920481 -0.0036131162801427462 0.0075845593774300571 -0.010287208466446502 0.0046313986397136476 -0.01175371373651718 -0.00079160584726896757 -0.0012449537561101103 0.011716416011357974 -0.001662251523886253 0.0030484571777255869 -0.0093547866983174702 -0.0015615705111161585 0.013241626873992813 0.0061433015966773545 -0.0061726142065701393 0.0051879322993374196
leaf_weight=43.723801412153989 7.3767917959485265 22.349520201096311 12.01319873461034 29.523807801073417 1.9778421921655525 20.995244328165427 14.195096282754092 21.876349638914689 6.3682041950523907 32.509170016506687 20.154872291022912 24.984316920512359 19.963757937191986 3.6395489927381268 3.5711954375728956 5.8880429831333485 8.1526134202722442 3.0391016025096169 10.675978748360647 44.654470241861418 3.5030149898957488 14.464853257406501 42.249359757872298 4.5591632401337838 12.45400940440595 3.6978324451483777 13.148862838745115 16.581073669251055 4.4171645671594888 16.810295136412606
leaf_count=2688 411 1586 805 1031 174 1562 916 903 610 3094 993 1397 1961 86 119 272 345 52 333 3466 89 450 3372 456 960 201 507 1158 348 767
internal_value=-6.3968e-06 -0.00151693 -0.00381718 0.00115589 0.00673167 0.000989282 -0.00072156 0.000215807 0.00121109 -0.00780144 0.00899331 6.19654e-05 0.00282062 -0.00158641 0.00542745 0.00692858 0 -0.00457937 -0.00820816 0 0.00200876 0.00846733 0.00288014 -0.00420708 -0.00438506 0.00649135 0.0086343 0.000984993 0 0.000201902
internal_weight=489.519 221.427 119.022 268.092 29.5095 102.404 74.5 238.582 204.252 44.5224 27.5317 176.62 70.1385 106.481 50.1748 46.6036 17.0798 11.1917 14.3155 92.1658 62.6223 17.9679 81.4092 29.5435 34.3304 27.6321 23.9342 60.3049 10.7854 59.0597
internal_count=31112 15948 8661 15164 1578 7287 4762 13586 11723 3899 1404 10057 3780 6277 1819 1700 669 397 419 5858 4005 539 5725 1853 1863 1666 1465 3846 958 4139
is_linear=0
shrinkage=0.05


Tree=141
num_leaves=31
num_cat=0
split_feature=12 35 39 32 39 4 32 25 39 19 31 38 41 24 26 15 35 11 25 37 37 22 39 2 25 8 33 30 38 38
split_gain=0.331249 0.550355 0.799194 0.454465 0.325809 0.404899 0.496255 0.42873 0.545404 0.480975 0.406135 0.368032 0.325234 0.323075 0.30495 0.293718 0.565271 0.541393 0.462634 0.473197 0.405231 0.393085 0.402448 0.385525 0.361765 0.357635 0.354067 0.345103 0.41141 0.337672
threshold=0.43000000715255743 0.35666668415069586 0.024600272066891197 0.31000000238418585 0.024600272066891197 -0.33666665852069849 -0.023333340883255001 -0.076666668057441698 0.031842453405261047 -0.20333333313465116 0.18333333730697635 0.062640666961669936 0.034343818202614791 0.23666667938232425 0.32333332300186163 0.21666666865348819 -0.26333332061767573 -0.26333332061767573 -0.10333332419395445 0.01267671585083008 -0.11607456207275389 0.37666666507720953 0.0129718822427094 -0.40333333611488337 -0.3899999856948852 -0.023333340883255001 -0.26333332061767573 -0.40333333611488337 -0.048716068267822259 0.11019897460937501
decision_type=2 2 2 2 2 2 2 2 2 2 2 2 2 2 2 2 2 2 2 2 2 2 2 2 2 2 2 2 2 2
left_child=1 4 3 -3 15 11 -7 14 10 -10 12 13 -9 -6 -8 16 23 20 -19 -20 -18 22 -22 -1 -25 -21 -24 28 -17 -26
right_child=-2 2 -4 -5 5 6 7 8 9 -11 -12 -13 -14 -15 -16 27 17 18 19 25 21 -23 26 24 29 -27 -28 -29 -30 -31
leaf_value=-0.0055855363039625161 -0.0055920485661491992 -0.0011631061648194059 -0.0022530796369184341 0.01043300121605021 0.012554526840931696 -0.0033039299079777765 0.010041170371052108 0 0.010486553251320536 -0.0022092220914494017 0.0028186000338353634 -0.00088834395906648561 -0.011992724184353262 0 0 0.007502963645181205 0.0048729946767716997 -0.0031676943064079758 0.0063245750699772512 0.003592941777480191 0.0013258571298365536 0.00094910068774914879 0.00021035680316788526 -0.0010979309678642516 0.0097558480307452771 -0.0059198316814496879 -0.0092939593971830183 -0.0075998409274425794 -0.0046964378975776766 0
leaf_weight=1.9365657998714585 19.48646176524926 4.6624177775811395 19.906709541101009 33.891090023797005 13.509196540107952 48.253314298111945 18.624131924472753 5.6766909093130442 10.437901641707869 5.7820160605479023 4.4706948739476493 4.1803043440449974 11.007014978444202 1.8662437959574152 4.689293790375813 6.4686152830254278 3.1646601401735088 41.67251105280593 39.654159562312998 10.275095650926234 6.2643615575507274 11.380961159477009 5.3273300465662023 8.0536535845603776 28.641986364033073 15.065336058847604 58.6590937867295 29.779054128332064 8.8078902210108918 6.7570289275608948
leaf_count=91 2261 296 1017 2025 724 3342 1030 251 284 485 304 259 523 115 169 286 151 3235 2610 769 270 333 331 556 1757 1034 2315 3157 836 323
internal_value=0 0.000256056 0.00458286 0.00850174 -0.000357393 0.00159719 3.23208e-05 0.00311848 0 0.00546122 -0.00508017 0.00728219 -0.00848458 0.010299 0.00766083 -0.00134986 -0.000476541 -0.00177064 0.000412751 0.00313426 -0.00463829 -0.0056007 -0.00698085 0.00406519 0.00562633 -0.00131548 -0.00819525 -0.00485565 0 0.00769745
internal_weight=488.352 468.865 58.4602 38.5535 410.405 128.497 108.941 60.6877 37.3743 16.2199 21.1544 19.5557 16.6837 15.3754 23.3134 281.908 236.853 191.464 106.667 64.9946 84.7964 81.6317 70.2508 45.3892 43.4527 25.3404 63.9864 45.0556 15.2765 35.399
internal_count=31139 28878 3338 2321 25540 7486 6388 3046 1847 769 1078 1098 774 839 1199 18054 13775 11048 7648 4413 3400 3249 2916 2727 2636 1803 2646 4279 1122 2080
is_linear=0
shrinkage=0.05


Tree=142
num_leaves=31
num_cat=0
split_feature=30 31 38 17 6 38 26 33 35 10 2 0 25 23 23 24 24 30 36 38 14 39 38 10 36 9 31 25 24 26
split_gain=0.498516 0.449253 0.832097 0.575694 0.549399 0.489076 0.42459 0.344371 0.393604 0.533978 0.360264 0.339207 0.312064 0.290645 0.22765 0.351497 0.496684 0.345737 0.353736 0.333051 0.310047 0.263069 0.591127 0.535575 0.372484 0.339343 0.383952 0.305803 0.373809 0.281425
threshold=0.40333333611488348 -0.22999998927116391 0.070146560668945326 -0.48333333432674402 0.20999997854232791 0.11019897460937501 0.16333335638046267 0.37666666507720953 0.23000001907348636 0.29666668176651007 -0.096666663885116563 0.26333332061767584 0.43666666746139532 0.46333330869674688 0.35000002384185797 0.083333313465118422 0.043333351612091071 -0.069999992847442613 0.2833333313465119 0.18432664871215823 -0.45666666328907007 0.024213561788201336 0.066908836364746108 -0.12999999523162839 -0.25666666030883784 0.056666672229766853 0.48333334922790533 -0.04333332180976867 0.01666665077209473 -0.04333332180976867
decision_type=2 2 2 2 2 2 2 2 2 2 2 2 2 2 2 2 2 2 2 2 2 2 2 2 2 2 2 2 2 2
left_child=14 2 3 6 -3 -4 -2 10 -9 -10 -5 -7 -11 -6 15 16 21 -16 -19 20 -17 25 23 24 -23 26 27 28 -1 -24
right_child=1 4 5 7 13 11 -8 8 9 12 -12 -13 -14 -15 17 19 -18 18 -20 -21 -22 22 29 -25 -26 -27 -28 -29 -30 -31
leaf_value=-0.0092375591162771175 0.010256086142534426 -0.0017972567116434478 0.015839848890043962 0 0.014604638783670338 0.0061360110148073474 -0.0015771752076606752 0.0082413503389201798 0.0061170194437284034 -0.011029332850263453 -0.011285448720381442 -0.0058995888471578134 0.00025152435607141789 0 -0.0030212961681899218 0.0028329755229829158 0.0067665730094704337 0.0067392047584412321 -0.0028273728367523895 0.0041666669544398608 -0.0048050088154224374 0 0 0 0.012678118845684884 0.0006328573061988457 0.0043829182045144995 -0.0005486098963827273 0.001541215805515059 -0.010721333224523828
leaf_weight=40.015179822570644 8.1597190462052804 4.044057504739615 6.392183093121278 7.178403070895004 13.275197296985427 6.7004103290382755 7.2472330071032038 4.1476817268412587 2.8464466740842935 11.084850503364576 17.373992048902437 4.6259593670256436 2.9214451892767093 3.2233770161401472 13.891499988385474 6.6983889248222104 17.65794618637301 31.27943203994073 5.0702924060169599 5.7450996711850157 116.04406013793778 9.0113032059744018 4.4558774456381798 30.63179865363054 13.805626036599277 48.228768408182077 4.4233723348006597 33.254271474201232 3.3341342876665285 6.2576677605975402
leaf_count=2977 117 211 132 176 713 138 126 126 68 353 444 116 184 203 1237 152 1028 1833 410 332 8630 703 437 2011 777 3869 121 2840 209 493
internal_value=0 0.00302653 0.000715077 -0.00188143 0.00877467 0.00891839 0.00464009 -0.00485541 0 -0.00359155 -0.00824367 0 -0.00805699 0.0122654 -0.000844798 -0.00135781 0 0.00195294 0.00460296 -0.00335727 -0.00408139 -0.000891511 0.00141715 0.00391955 0.00884064 -0.00223439 -0.00415426 -0.00523243 -0.00781535 -0.00649665
internal_weight=489.026 99.221 78.6783 60.9598 20.5426 17.7186 15.407 45.5528 21.0004 16.8527 24.5524 11.3264 14.0063 16.4986 389.805 339.563 211.076 50.2412 36.3497 128.488 122.742 193.418 64.1623 53.4487 22.8169 129.256 81.027 76.6036 43.3493 10.7135
internal_count=31166 3107 1980 1594 1127 386 243 1351 731 605 620 254 537 916 28059 24579 15465 3480 2243 9114 8782 14437 4421 3491 1480 10016 6147 6026 3186 930
is_linear=0
shrinkage=0.05


Tree=143
num_leaves=31
num_cat=0
split_feature=31 38 11 11 33 29 38 0 36 40 11 27 28 33 19 2 0 25 3 7 39 39 25 10 8 7 19 11 16 19
split_gain=0.426454 0.664423 0.549247 0.377206 0.472945 0.353341 0.321225 0.477022 0.557074 0.45316 0.448578 0.550396 0.535829 0.42281 0.374326 0.281105 0.267541 0.265714 0.470755 0.331473 0.250767 0.293909 0.24556 0.221778 0.691506 0.508332 0.600979 0.497074 0.583572 0.500297
threshold=0.35666668415069586 0.074303150177001967 0.11000001430511476 0.23666667938232425 -0.25666666030883784 0.14999997615814212 -0.022441387176513668 -0.21666666865348813 0.24333333969116214 0.13666667044162753 -0.45666666328907007 -0.20333333313465116 0.35500001907348638 0.26999998092651373 -0.036666661500930779 0.16333335638046267 0.29666668176651007 0.23666667938232425 0.42333334684371954 0.32999998331069952 0.03437370993196965 0.017943784594535831 0.096666663885116591 0.21666666865348819 0.030000001192092899 -0.18999999761581418 -0.24999999999999997 -0.36333334445953364 -0.22999998927116391 -0.29000000655651087
decision_type=2 2 2 2 2 2 2 2 2 2 2 2 2 2 2 2 2 2 2 2 2 2 2 2 2 2 2 2 2 2
left_child=6 2 5 -4 -5 -2 7 14 9 22 11 12 -8 -10 20 -6 -17 19 -19 -15 21 -1 -9 24 25 -12 -27 -25 29 -29
right_child=1 -3 3 4 15 -7 10 8 13 -11 23 -13 -14 17 -16 16 -18 18 -20 -21 -22 -23 -24 27 -26 26 -28 28 -30 -31
leaf_value=0 0.012378556720752483 -0.0065441019762625986 -0.0053184008681147008 -0.0027548161607781753 0.010502409519481021 0 0 -0.0038001983205529521 0.0076449231344943571 -0.0088984738581061717 -0.0035720983297307524 -0.003388899521041806 0.012734978947541692 -0.0034880856409515541 -0.0033345740914230981 -0.0057112607669364953 0.0053765972922596734 -0.010956821128427177 0.0026111565654567022 0.0070612551478849237 -0.0010518892981777528 0.0099644810030808523 0.0038977525081215214 -0.0049941338442651695 -0.0064619385740313957 0.0075303146040693342 -0.0014797565353099533 0 -0.0019770772672421198 0.01220169651784344
leaf_weight=5.218778287060565 19.26150052249432 8.9479960466269386 10.413065065513363 11.28398806159384 14.414836230454972 3.3826281260699025 7.9855177109129789 20.348329642554749 8.7648968808352929 57.127209602156654 37.86716593359597 6.7101196327712378 15.7826064908877 8.3203934864141065 15.167091446230186 4.39696331694722 5.4058928720187396 10.262695652898399 3.4247120139189056 7.509322661207988 4.755820383783429 15.453710437985135 9.7138959525618684 14.951690192800013 49.543644545949064 31.998116899514571 25.649913588771597 16.283800542354584 18.794097731588408 17.136795892845839
leaf_count=250 995 1005 575 543 662 199 182 1352 445 4153 3205 271 262 447 1870 255 329 625 180 212 202 672 663 507 3654 1202 2835 384 2371 598
internal_value=-0.000471586 0.00270817 0.00468049 0.000605697 0.00346338 0.0102125 -0.00116523 -0.00281781 -0.0043422 -0.00644511 0 0.0051383 0.00858333 0.000107052 0.00130965 0.00715972 0 -0.00234073 -0.00653098 0.000936431 0.00498299 0.00723295 -0.00038489 -0.00085181 -0.00199468 0.000321191 0.00336701 0.00123591 0.0037802 0.00746013
internal_weight=486.277 77.5069 68.5589 45.9147 35.5017 22.6441 408.77 166.067 125.471 87.1894 242.703 30.4782 23.7681 38.282 40.5954 24.2177 9.80286 29.5171 13.6874 15.8297 25.4283 20.6725 30.0622 212.225 145.059 95.5152 57.648 67.1664 52.2147 33.4206
internal_count=31105 4563 3558 2364 1789 1194 26542 11071 8077 6168 15471 715 444 1909 2994 1246 584 1464 805 659 1124 922 2015 14756 10896 7242 4037 3860 3353 982
is_linear=0
shrinkage=0.05


Tree=144
num_leaves=31
num_cat=0
split_feature=29 2 24 4 35 26 12 20 39 29 32 39 9 7 8 18 38 21 16 29 4 18 39 28 38 27 38 41 25 28
split_gain=0.298659 0.660528 0.806962 0.427798 0.363343 0.405659 0.261016 0.537462 0.548799 0.444769 0.628289 0.437054 0.405328 0.364579 0.304226 0.294297 0.26651 0.398613 0.591176 0.336295 0.59906 0.569161 0.486338 0.574255 0.490976 0.66074 0.421389 0.388505 0.314979 0.287193
threshold=0.47500002384185797 0.23000001907348636 0.43000000715255743 0.30333334207534796 0.1566666662693024 -0.24333333969116208 0.24333333969116214 -0.24999999999999997 0.020347160287201408 -0.20333333313465116 -0.31000000238418574 0.018832436762750152 -0.15000000596046445 0.2833333313465119 -0.18999999761581418 0.29000002145767217 0.078817844390869155 0.17666667699813846 -0.35000000894069666 0.20333331823349002 0.01666665077209473 -0.35000000894069666 0.021614183671772483 0.23000001907348636 -0.01629543304443359 -0.25666666030883784 0.03019046783447266 0.030753826722502712 -0.18333333730697629 0.26999998092651373
decision_type=2 2 2 2 2 2 2 2 2 2 2 2 2 2 2 2 2 2 2 2 2 2 2 2 2 2 2 2 2 2
left_child=3 -2 -3 6 5 -5 9 15 11 14 12 -9 -11 -10 -1 -8 19 -18 -19 20 -12 22 24 -24 25 -21 -26 -23 -29 -22
right_child=1 2 -4 4 -6 -7 7 8 13 10 16 -13 -14 -15 -16 -17 17 18 -20 21 29 27 23 -25 26 -27 -28 28 -30 -31
leaf_value=-0.0005334423890944489 -0.0045440235767249442 0.01344361921741203 -0.0041342173411504004 5.526821389193851e-05 -5.7909356164068674e-05 -0.0099744069161071588 0.0026690888084827482 0.0037054995213270832 0.012562723579051849 -0.00021048966067364414 -0.0021519287002819509 -0.0098070820821592672 0.011022136313534639 0 -0.0083966672461532332 -0.0065633186639781739 -0.00013049492562505627 0.012681682311689492 -0.00071160742939662932 -0.015697337783282059 0.0070957732562581463 0 -0.0034996118145557901 0.0090582712130627113 0.0070791130229603608 0.001741228699111309 -0.0048587372372396274 0 -0.011793181797944238 -0.0005309922969396276
leaf_weight=43.452345674159005 6.268228187691423 16.016024542506788 3.3861263713333747 8.0116786845028418 49.107631020015106 23.579182872315869 7.4163962698075947 10.683294522576032 20.795295153278861 5.7498247583862421 56.624059121822938 2.9795136710163197 16.57766267308034 4.3815215787617481 18.120485898572952 11.685522312065585 31.260729740839452 12.395663887728007 8.0369594711810333 7.6182806203141809 33.662432655226439 7.64159340574406 7.0277579643297967 18.076831442303956 8.9455485786311346 3.5016756509430724 7.3734869058243921 4.341969960602003 23.633466337807477 8.5461794943548721
leaf_count=3997 129 380 208 647 3279 1693 657 1104 1319 406 3829 289 951 476 1741 1100 1714 251 678 213 2304 432 262 436 222 137 180 250 1330 482
internal_value=4.35088e-05 0.00478124 0.00913981 -0.000224684 -0.00343087 -0.00716292 0.000433276 0.00336389 0.00658699 -6.8836e-05 0.000772592 -6.32101e-05 0.00781505 0.0103154 -0.0037576 -0.00220167 0 0.00291952 0.00750206 -0.000950938 0.000848487 -0.00315922 0 0.00474214 -0.00392964 -0.01006 0.000708945 -0.00753473 -0.00990597 0.00515907
internal_weight=486.897 25.6704 19.4022 461.227 80.6985 31.5909 380.528 57.9415 38.8396 322.587 261.014 13.6628 22.3275 25.1768 61.5728 19.1019 238.687 51.6934 20.4326 186.993 98.8327 88.1606 52.5436 25.1046 27.439 11.12 16.319 35.617 27.9754 42.2086
internal_count=31096 717 588 30379 5619 2340 24760 4945 3188 19815 14077 1393 1357 1795 5738 1757 12720 2643 929 10077 6615 3462 1450 698 752 350 402 2012 1580 2786
is_linear=0
shrinkage=0.05


Tree=145
num_leaves=31
num_cat=0
split_feature=33 8 37 8 13 40 41 26 3 39 40 41 22 12 19 41 31 6 3 28 33 41 11 40 39 31 41 21 9 9
split_gain=0.374141 0.485157 0.44559 0.763272 0.414576 0.3776 0.376702 0.367327 0.324498 0.325819 0.320094 0.374954 0.495867 0.472463 0.34975 0.263606 0.245992 0.240029 0.492677 0.411196 0.533944 0.388397 0.351875 0.662559 0.416891 0.369398 0.368359 0.360451 0.402024 0.42054
threshold=0.01666665077209473 -0.056666672229766839 0.0081372261047363299 -0.076666668057441698 0.01666665077209473 0.97666668891906749 0.038634473457932479 -0.43000000715255732 -0.33666665852069849 0.02868249919265509 0.93000000715255748 0.061374438926577575 0.20333331823349002 -0.17000000178813932 -0.25666666030883784 0.02516028564423323 -0.36333334445953364 0.083333313465118422 -0.31000000238418574 -0.41666667163372034 0.12333333492279054 0.030753826722502712 -0.28333333134651179 0.85666668415069591 0.016088104806840423 -0.37666666507720942 0.02924387808889151 0.083333313465118422 0.20333331823349002 0.42333334684371954
decision_type=2 2 2 2 2 2 2 2 2 2 2 2 2 2 2 2 2 2 2 2 2 2 2 2 2 2 2 2 2 2
left_child=2 6 4 10 8 7 -2 -6 -1 -10 11 12 16 -14 -12 -9 -4 18 19 -3 -21 -22 23 24 -19 26 -26 -24 -29 -30
right_child=1 17 3 -5 5 -7 -8 15 9 -11 14 -13 13 -15 -16 -17 -18 22 -20 20 21 -23 27 -25 25 -27 -28 28 29 -31
leaf_value=0.0053473773299167037 -2.3986051778451166e-05 0.0045145750939062489 0 -0.0067743889118739124 0.00075555634654779665 0.0018276051815291261 0.011940396576262592 0 -0.0041730081038649867 0.0033658403309385649 0.002766727136005676 -0.0019337240335448595 -0.0079338145725248166 0.0049538203919194373 -0.008974143258798908 -0.011178418680125047 0.009569816265284227 -0.014553422312568832 0.0042358261015106643 0.0027470593207340023 0 -0.01473704129822178 -0.0018908206934031696 0.0039322555336636332 -0.0060616358069950161 -0.0072317902778460483 0.0047705869701416227 -0.00065323178804995016 0.010569520782667414 0
leaf_weight=8.7542464723810536 4.3869498718995592 3.4075661562383202 4.1018563143443236 20.334769226494245 3.2982789527159175 3.4065741309896103 10.63493068772368 1.6005739665124554 57.464299858780578 9.9700708745513094 4.9633352651726454 11.186497940681873 7.109385910909622 8.5909337643533927 5.5953561523929221 36.263864565873519 38.788731886306785 8.2608411253895593 72.002012161188759 3.3753095287829629 2.0299812369048587 9.6165748951025289 47.624581578071229 13.369134820764883 4.7971916715614489 17.266529441578317 17.874293684959412 20.849316368810833 19.259335070615638 10.880570043111218
leaf_count=494 152 321 213 1475 301 241 284 187 3812 576 181 779 342 744 518 3255 2857 280 4240 184 119 546 3954 435 113 858 401 1402 1191 635
internal_value=-0.000282506 0.000913567 -0.00181354 0.000429319 -0.00381236 -0.0074365 0.00824753 -0.00886824 -0.00099999 -0.00253402 0.00288637 0.00426148 0.0059011 -0.000309976 -0.00294261 -0.0102652 0.00844506 0.000193982 0.0022498 -0.00362071 -0.00741719 -0.0117121 -0.000855524 -0.00371763 -0.00650119 -0.00260814 0.000817738 0.000803144 0.00369218 0.00699928
internal_weight=487.064 265.635 221.429 100.671 120.758 44.5693 15.0219 41.1627 76.1886 67.4344 80.3361 69.7774 58.5909 15.7003 10.5587 37.8644 42.8906 250.613 90.4314 18.4294 15.0219 11.6466 160.182 61.568 48.1989 39.938 22.6715 98.6138 50.9892 30.1399
internal_count=31090 15115 15975 7109 8866 3984 436 3743 4882 4388 5634 4935 4156 1086 699 3442 3070 14679 5410 1170 849 665 9269 2087 1652 1372 514 7182 3228 1826
is_linear=0
shrinkage=0.05


Tree=146
num_leaves=31
num_cat=0
split_feature=23 4 16 12 10 31 23 41 31 23 4 27 37 41 30 38 40 41 29 5 23 20 7 31 27 39 17 37 20 13
split_gain=0.386981 0.4407 0.518165 0.574804 0.456517 0.576204 0.639437 0.563173 0.427385 0.615101 0.685125 0.580527 0.560729 0.459691 0.422745 0.417725 0.38975 0.375054 0.3326 0.305327 0.311991 0.290723 0.253522 0.421162 0.244674 0.316476 0.239614 0.236499 0.231703 0.252214
threshold=0.20999997854232791 0.068333327770233168 -0.37666666507720942 0.20999997854232791 0.41000002622604376 0.41666668653488165 -0.28333333134651179 0.052496397867798812 -0.28333333134651179 0.38999998569488531 0.23000001907348636 -0.016666665673255917 0.0033974647521972661 0.047619279474020011 0.30333334207534796 0.033881187438964851 0.13000000268220904 0.059835318475961692 0.096666663885116591 0.069999992847442641 0.083333313465118422 0.056666672229766853 0.27666664123535162 0.083333313465118422 0.26333332061767584 0.019822004251182083 0.27666664123535162 0.042311668395996101 0.4499999880790711 0.2833333313465119
decision_type=2 2 2 2 2 2 2 2 2 2 2 2 2 2 2 2 2 2 2 2 2 2 2 2 2 2 2 2 2 2
left_child=1 4 14 19 5 16 24 -8 9 -2 -11 -12 13 18 -3 -14 -1 26 -10 -4 -21 -17 23 -6 25 -7 -15 -5 29 -20
right_child=8 2 3 27 22 6 7 -9 12 10 11 -13 15 17 -16 21 -18 -19 28 20 -22 -23 -24 -25 -26 -27 -28 -29 -30 -31
leaf_value=0.0020475601735780538 0.0092391717833147889 0 -0.0012150771450887914 -0.0091686028004805669 0.013991086576222582 0.00083681855658585675 0.013799557092102061 0 0 -0.0082616519205410185 0.0083743776082215345 -0.0041977944040401212 0.0078212561750548911 0.011013605605620359 -0.011692043888920409 0.0041355780838842589 -0.0030061975166084209 -0.0039336883470286604 -0.014516661404236115 0.0089827873029346157 0 -0.0041265350160845735 0 0 0.002669898934984398 -0.011500581655658152 0 0 0 0
leaf_weight=41.618046948220581 33.214122807374224 11.052041857503356 18.641047221957706 14.588103729067372 8.3964254732709396 2.4008910974953306 14.3966707570944 6.9928967494051895 12.606473576393912 10.101941522443665 20.276452776044607 6.6164729855954674 20.679738400271162 5.6826710028108192 20.719281021971256 12.229864498833196 133.83339656947646 5.7510993132600561 12.707670657429846 16.534758401801813 8.381958310492335 18.372527968254872 7.1230011912994078 4.5001808006782076 3.6335258034523576 4.8240757947787642 2.0717818578705192 8.1301638024160621 1.8517334868665773 2.2134229422081253
leaf_count=3435 1243 341 1492 1595 326 128 589 193 1123 268 483 458 1352 346 552 837 9845 436 785 1072 639 1258 439 299 115 196 186 824 128 239
internal_value=0.000106779 -0.000836081 -0.00355402 -0.000438097 0.000288391 -0.000370492 0.0050641 0.00950817 0.00208575 0.00487298 0 0.0043197 0 -0.00408081 -0.00828995 0.0032032 -0.00164157 0.0017867 -0.00733029 0.00250681 0.00579533 -5.00137e-06 0.00659413 0.00966508 -0.00247546 -0.0069908 0.0077121 -0.00629897 -0.0109541 -0.0125817
internal_weight=490.142 325.766 98.0474 66.276 227.719 207.7 32.2481 21.3896 164.376 70.209 36.9949 26.8929 94.167 42.8849 31.7713 51.2821 175.451 13.5056 29.3793 43.5578 24.9167 30.6024 20.0196 12.8966 10.8585 7.22497 7.75445 22.7183 16.7728 14.9211
internal_count=31222 22080 6515 5622 15565 14501 1221 782 9142 2452 1209 941 6690 3243 893 3447 13280 968 2275 3203 1711 2095 1064 625 439 324 532 2419 1152 1024
is_linear=0
shrinkage=0.05


Tree=147
num_leaves=31
num_cat=0
split_feature=29 20 19 13 41 2 26 7 31 39 20 18 18 24 31 38 22 20 36 38 35 20 21 24 15 37 39 29 31 31
split_gain=0.32846 0.416911 0.35161 0.459746 0.419437 0.488449 0.38583 0.370792 0.430041 0.659082 0.550034 0.591749 0.646681 0.49121 0.387751 0.3796 0.368938 0.34303 0.521523 0.333832 0.317779 0.316852 0.303115 0.343648 0.337339 0.282853 0.333635 0.335492 0.279878 0.266008
threshold=0.47500002384185797 0.27499997615814215 -0.04333332180976867 -0.48333333432674402 0.033665614202618606 -0.30333334207534784 -0.46999999880790705 -0.16333332657814023 -0.31666666269302363 0.025566946715116504 0.056666672229766853 -0.43000000715255732 -1.0000000180025095e-35 -0.13666665554046628 -0.13666665554046628 -0.063846588134765611 -0.21666666865348813 0.42333334684371954 0.35666668415069586 0.14263010025024417 0.3966666460037232 0.47500002384185797 -0.21000000834465024 -0.1766666769981384 0.069999992847442641 -0.015917301177978512 0.019991364330053333 -0.04333332180976867 0.21666666865348819 0.44333332777023321
decision_type=2 2 2 2 2 2 2 2 2 2 2 2 2 2 2 2 2 2 2 2 2 2 2 2 2 2 2 2 2 2
left_child=2 20 3 16 25 29 -5 22 9 13 11 -10 28 -9 15 -12 -1 18 -15 -17 -2 -3 -8 -24 -25 -4 27 -27 -13 -6
right_child=1 21 4 6 5 -7 7 8 10 -11 14 12 -14 17 -16 19 -18 -19 -20 -21 -22 -23 23 24 -26 26 -28 -29 -30 -31
leaf_value=0.00045708798874281154 0.0037311196993161538 0.01334581623414028 -0.0019941611535872531 -0.0069484337704454075 -0.0014460413855885007 -0.0054624668509436584 0.003192029336452891 0 -0.0060391987862881483 -0.0007662898436228367 0.001096160545826067 0.0090527223540525347 -0.0031029326654164278 0.015355721739484591 0.00092969176444428539 -0.010939930203341476 -0.01062234851013018 0 0 0.00023904954196292966 -0.0074356153304110106 0 0.001911872366152687 -0.0072400019928330469 0.0020202342709149269 0.013907415442545354 0 0 0 0.0062430918430646659
leaf_weight=6.2220009127631775 7.7427548072300869 8.7036453746259195 17.888223880901933 6.6066115512512615 23.504185784375295 90.511368738021702 19.800199943361804 11.536872767377643 5.6866937298327676 17.64694406138733 6.895866036880764 47.871917425887659 10.016859953990204 26.481361146550629 35.071613926673308 19.067007161909718 9.4108099769800884 4.2021286026574662 4.0467285737395278 3.1116384996566913 4.9332293760962784 4.9206177378073326 14.429496701573951 35.110746908700094 5.0632610740140072 6.4758358744438738 14.144263660418799 4.5541278790915403 5.86735885310918 10.20451719406992
leaf_count=101 161 262 1697 427 2848 8967 1034 404 198 483 332 2343 586 657 2220 752 179 106 98 92 192 136 1016 2032 398 757 1361 546 337 387
internal_value=1.15245e-05 0.0049324 -0.000275182 0.000702294 -0.00210303 -0.0035992 0.00129661 0.00173259 0.00287651 0.0061401 0.000939173 0.00398754 0.00568279 0.00903819 -0.00206331 -0.00592787 -0.00615327 0.011618 0.0131902 -0.00876739 -0.000268764 0.00964812 -0.000981024 -0.00307297 -0.00542061 0.00161568 0.00487282 0.00961472 0.00788608 0.000843695
internal_weight=487.729 26.3002 461.429 294.146 167.283 124.22 278.513 271.907 197.503 63.914 133.589 69.4428 63.7561 46.2671 64.1461 29.0745 15.6328 34.7302 30.5281 22.1786 12.676 13.6243 74.4037 54.6035 40.174 43.0625 25.1742 11.03 53.7393 33.7087
internal_count=31109 751 30358 13795 16563 12202 13515 13088 8608 1748 6860 3464 3266 1265 3396 1176 280 861 755 844 353 398 4480 3446 2430 4361 2664 1303 2680 3235
is_linear=0
shrinkage=0.05


Tree=148
num_leaves=31
num_cat=0
split_feature=20 24 28 33 25 9 32 14 29 3 2 24 9 20 5 3 37 3 20 2 28 29 28 29 38 24 9 24 40 37
split_gain=0.3112 0.235955 0.403557 0.292548 0.394838 0.316447 0.434656 0.388739 0.41246 0.376501 0.558832 0.509784 0.454631 0.441599 0.425826 0.402359 0.485984 0.387908 0.359424 0.338504 0.653363 0.324161 0.290652 0.288143 0.27789 0.267544 0.306765 0.242562 0.286673 0.233565
threshold=0.46333330869674688 -0.36333334445953364 -0.3899999856948852 -0.36333334445953364 -0.26999998092651362 -0.17000000178813932 -0.31000000238418574 -0.37666666507720942 0.096666663885116591 0.36333334445953375 0.36333334445953375 -0.17000000178813932 0.24333333969116214 -0.26333332061767573 0.19666665792465213 0.083333313465118422 0.040452957153320319 0.31666666269302374 -0.096666663885116563 -0.076666668057441698 0.043333351612091071 -0.069999992847442613 0.26999998092651373 -0.0099999904632568342 0.065794467926025405 0.21666666865348819 0.48333334922790533 -0.26999998092651362 0.070000000298023238 0.0014290809631347658
decision_type=2 2 2 2 2 2 2 2 2 2 2 2 2 2 2 2 2 2 2 2 2 2 2 2 2 2 2 2 2 2
left_child=1 2 -1 4 -3 7 21 23 19 11 18 12 13 -8 29 -16 17 24 -11 -9 27 -7 -4 -5 -17 -12 -27 -21 -29 -13
right_child=-2 3 22 5 -6 6 9 8 -10 10 25 14 -14 -15 15 16 -18 -19 -20 20 -22 -23 -24 -25 -26 26 -28 28 -30 -31
leaf_value=0.0026261987800135209 -0.0053451345348573438 0.0012379424917816086 -0.0081658950257324052 0 -0.0074588140715782444 0 -0.0024321969665884466 -0.00041523639706363613 -0.0054156756305056 0 0.0037662094711131259 -0.0013449288935986827 -0.002364917794411163 0.0089538048704228893 0.0040784525397870265 -0.011068763274052084 0.0040538399963467647 0.00057624006181851764 0.012683615728839701 0 -0.0013236552123242259 0.0099097111980141483 0.00066005235191896744 0.01118821453620897 0 -0.0067745596502428104 0.0038765638385423276 0 0.014506175256458066 -0.0069745993416457965
leaf_weight=10.952990509103982 23.674292291980237 14.82904553262051 26.394781795097519 5.1742291809059706 20.686295266496018 12.501295766094701 4.714302595471966 26.26262328051962 12.220708130626006 7.6452695762272951 9.426689922576772 49.768068857723847 17.744074146030471 23.850579170743003 30.445638059638441 18.681089612073272 9.2480629852507246 8.0818759489338827 11.101399658713488 1.7407363210804785 11.210156824206932 12.168551109032704 5.0937120015732935 15.411731692496685 3.0442065480165175 18.484875843510967 1.6730341666843731 2.1122993170283797 14.49270134186372 56.695159987662919
leaf_count=1141 1243 1320 2521 156 2121 1085 309 2015 919 491 508 2719 1006 1470 1792 839 490 368 531 168 914 600 277 389 174 1217 99 172 1104 2804
internal_value=-0.000376871 -3.48459e-06 -0.00335844 0.000319824 -0.00357128 0.000793335 0 0.00330966 0.000809187 -0.000638727 0.00296492 -0.00158916 0.00258205 0.00625539 -0.00287324 0 -0.00297836 -0.00617205 0.00865235 0.00296981 0.00624329 0.00563478 -0.00619417 0.00858595 -0.00916558 -0.000787675 -0.0042484 0.0110806 0.0126119 -0.00477736
internal_weight=485.53 461.856 42.4415 419.415 35.5153 383.899 295.274 88.6252 68.0392 270.604 48.3313 222.273 46.309 28.5649 175.964 69.5009 39.0552 29.8072 18.7467 55.8185 29.5559 24.6698 31.4885 20.586 21.7253 29.5846 20.1579 18.3457 16.605 106.463
internal_count=30962 29719 3939 25780 3441 22339 16502 5837 5292 14817 2846 11971 2785 1779 9186 3663 1871 1381 1022 4373 2358 1685 2798 545 1013 1824 1316 1444 1276 5523
is_linear=0
shrinkage=0.05


Tree=149
num_leaves=31
num_cat=0
split_feature=4 30 35 37 25 10 19 35 31 20 30 33 19 20 7 10 39 31 31 25 28 40 26 35 13 17 5 33 21 26
split_gain=0.376359 0.392681 0.514018 0.66561 0.434243 0.420099 0.38208 0.29638 0.393058 0.403174 0.375458 0.28309 0.271874 0.268555 0.268544 0.681084 0.574745 0.569926 0.451117 0.409257 0.509774 0.374645 0.434288 0.394161 0.37296 0.360804 0.355181 0.330227 0.319743 0.299938
threshold=0.44333332777023321 0.42833334207534796 0.31000000238418585 0.0067873001098632821 0.20999997854232791 0.41666668653488165 -0.48333333432674402 -0.41666667163372034 0.46333330869674688 -0.21666666865348813 -0.43000000715255732 -0.33666665852069849 0.36333334445953375 0.14333331584930423 -0.10999999940395354 0.030000001192092899 0.028816987760365013 -0.32333332300186152 -0.30333334207534784 0.056666672229766853 0.14833331108093264 0.37333333492279058 0.29666668176651007 -0.26333332061767573 -0.20333333313465116 -0.24999999999999997 -0.04333332180976867 -0.11666667461395262 0.069999992847442641 -0.32333332300186152
decision_type=2 2 2 2 2 2 2 2 2 2 2 2 2 2 2 2 2 2 2 2 2 2 2 2 2 2 2 2 2 2
left_child=1 7 3 4 -3 -4 -5 10 12 -10 13 -11 14 -1 21 16 27 19 -18 20 -17 23 -23 -9 -19 -24 -21 -16 29 -29
right_child=-2 2 5 6 -6 -7 -8 8 9 11 -12 -13 -14 -15 15 17 18 24 -20 26 -22 22 25 -25 -26 -27 -28 28 -30 -31
leaf_value=0.006902166211826901 -0.005822659626650047 0.0099702987697001567 0.011066388233921745 0.00067136654402395822 -0.0023479979244558987 0 -0.010270651712101106 0 -0.0013889944976583314 0 -0.0080559500992706309 0.011501308663211843 -0.0055940025897977166 -0.0041533514202317006 -0.0021740272407456134 -0.0023620777426162079 -0.00080135826611100059 -0.0069255299158743934 0.01387997754858738 0.0054604452156192885 0.011729679053851551 -0.0017739437260462379 0 -0.0075578257106697746 0 0.010746519845343395 -0.0058429379584554117 -0.00040310067086262976 0 0.009434168932378563
leaf_weight=5.7103577849920857 21.5972566078417 11.291519181570036 20.671118921367452 6.1574202105402938 4.5037405351176849 11.616678612073882 12.235189726576211 21.277343004359864 6.8546492953319129 2.8315080234315309 20.356195218395442 13.689468418480823 17.924361235811375 2.3898173654451966 26.497897430555895 3.2363422135822502 2.1196225332096246 39.500618408434093 15.023024352267383 4.077885834034535 13.177387140924109 49.557318788254634 8.8124414996709692 35.24668927770108 37.052648511133157 9.7823950024321658 12.071654479252173 3.7947413553483811 26.475640282267705 21.100205566035584
leaf_count=433 1877 253 506 97 116 351 320 1600 298 118 1788 450 2277 203 2176 173 85 1671 836 199 401 3972 258 2780 3415 483 490 345 1716 1491
internal_value=-0.00012035 0.000162198 0.00358601 -0.000158912 0.00563145 0.00760777 -0.00631852 -0.000391777 0 0.005577 -0.00482765 0.00917735 -0.000442216 0.00148799 0 0.00104066 0.00408205 -0.00146514 0.0112473 0.00330796 0.00794726 -0.00184287 0.000363067 -0.00468207 -0.00389115 0.00611826 -0.00115406 0.00151475 0.00388162 0.00733841
internal_weight=486.633 465.036 66.4757 34.1879 15.7953 32.2878 18.3926 398.56 370.104 23.3756 28.4564 16.521 346.728 8.10018 328.804 204.128 95.0111 109.117 17.1426 32.5633 16.4137 124.676 68.1522 56.524 76.5533 18.5948 16.1495 77.8685 51.3706 24.8949
internal_count=31178 29301 1643 786 369 857 417 27658 25234 866 2424 568 24368 636 22091 12998 6649 6349 921 1263 574 9093 4713 4380 5086 741 689 5728 3552 1836
is_linear=0
shrinkage=0.05


Tree=150
num_leaves=31
num_cat=0
split_feature=27 38 17 27 17 32 39 37 31 31 27 30 24 31 39 5 31 26 24 7 10 26 24 17 25 40 10 37 38 7
split_gain=0.365736 0.494515 0.487507 0.455137 0.67424 0.511034 0.518035 0.405664 0.551826 0.384134 0.809561 0.871382 0.441806 0.415222 0.3833 0.382053 0.381303 0.345971 0.330164 0.313051 0.289717 0.282808 0.318764 0.279155 0.271753 0.273657 0.293181 0.264148 0.362024 0.303827
threshold=-0.16333332657814023 0.13470363616943362 -0.14333333075046537 -0.30333334207534784 -0.35000000894069666 -0.33666665852069849 0.035185091197490699 0.034357547760009773 0.20333331823349002 0.42333334684371954 -0.063333332538604722 -0.24999999999999997 0.31666666269302374 -0.28333333134651179 0.017564586363732818 -0.29000000655651087 -0.33666665852069849 0.24333333969116214 -0.26999998092651362 -0.069999992847442613 -0.023333340883255001 0.49666666984558111 -0.26333332061767573 -0.45666666328907007 -0.030000001192092892 0.19666666537523272 0.37000000476837164 0.076100349426269545 0.048704147338867194 -0.069999992847442613
decision_type=2 2 2 2 2 2 2 2 2 2 2 2 2 2 2 2 2 2 2 2 2 2 2 2 2 2 2 2 2 2
left_child=2 9 3 5 20 -1 7 8 21 12 -11 15 13 16 -14 -12 -2 -4 -19 -3 -5 22 -7 -16 25 -20 -27 29 -29 -15
right_child=1 19 17 4 -6 6 -8 -9 -10 10 11 -13 14 27 23 -17 -18 18 24 -21 -22 -23 -24 -25 -26 26 -28 28 -30 -31
leaf_value=0.0075205138628252543 -0.00026098314928563686 -0.00030725565664004777 -0.0011508697196082657 0 -0.0023985846306108748 0 0.0057921795642752114 0 0.004412220218523338 -0.010042323483999152 0.0043071764295784737 0.013329947771713535 0 -0.0066990503950260863 0 -0.0061778747538983325 0.0081234574152093519 -0.001031321144465756 -0.0032870145027655397 0.0088324000364295198 0.01130825145027727 0 -0.010192277240259041 -0.011888791786330144 0.009036331066731006 0.0074144959501315196 -0.0020971565904163397 0.0098242995840481483 -0.0027289284673503878 -0.00043264748316360351
leaf_weight=5.7554330937564364 33.478337941458449 8.1812614838127065 14.995870986254884 7.3798062768764821 16.773506485158578 6.1443443391472092 7.0478455447591832 27.271990240551531 3.938081882428377 4.1294350875541559 10.777212545508517 13.008870980935169 10.054188710404558 47.037664921139367 1.0845138039439941 10.920592872193085 12.048678003251551 8.7670077818911505 9.1540676965378243 13.315974732162429 17.459798255236819 5.9092751634307197 47.821308367652819 22.384092470747419 45.173073569778353 17.401873375521976 3.9146806385833761 3.5208815999794734 5.2239829604513943 46.600911591784097
leaf_count=211 2184 770 1049 278 949 185 193 712 183 254 300 501 1080 5249 29 417 806 707 540 1042 461 118 1301 2481 2345 905 186 343 592 4786
internal_value=0.000302167 -0.00100227 0.00168269 -2.4641e-05 0.00389162 -0.00194766 -0.00314437 -0.00440859 -0.0064463 -0.00183224 0.0021053 0.00543194 -0.00284887 -0.0013244 -0.00772044 -0.000262508 0.00216031 0.00427803 0.00553138 0.00513685 0.00859013 -0.00787682 -0.00894141 -0.0106047 0.00661809 0.00145072 0.00467557 -0.00313842 0.00257083 -0.00404522
internal_weight=486.675 241.767 244.908 145.501 41.6131 103.888 98.1328 91.085 63.813 220.269 38.8361 34.7067 181.433 147.91 33.5228 21.6978 45.527 99.4066 84.4107 21.4972 24.8396 59.8749 53.9657 23.4686 75.6437 30.4706 21.3166 102.383 8.74486 93.6386
internal_count=31157 20834 10323 4591 1688 2903 2692 2499 1787 19022 1472 1218 17550 13960 3590 717 2990 5732 4683 1812 739 1604 1486 2510 3976 1631 1091 10970 935 10035
is_linear=0
shrinkage=0.05


Tree=151
num_leaves=31
num_cat=0
split_feature=27 4 37 13 39 2 40 22 39 24 40 17 23 37 27 30 1 38 27 39 38 30 4 20 33 35 36 10 37 20
split_gain=0.453689 0.479657 0.61912 0.91303 1.09368 0.669455 0.550576 0.476537 0.903895 0.979658 0.565426 0.431603 0.420952 0.414979 0.403659 0.367375 0.328433 0.325082 0.463875 0.404414 0.367312 0.310051 0.306886 0.289804 0.28519 0.277211 0.282982 0.274106 0.269588 0.265288
threshold=-0.17000000178813932 -0.33666665852069849 0.009663581848144533 -0.13666665554046628 0.015012674499303104 -0.0099999904632568342 0.48333333432674414 0.068333327770233168 0.016668118536472324 0.043333351612091071 0.050000000745058067 0.14333331584930423 0.17000001668930056 0.092807292938232436 -0.4433333277702331 0.25666666030883795 0.18333333730697635 0.11019897460937501 0.35666668415069586 0.018832436762750152 -0.022441387176513668 -0.061666667461395257 0.17666667699813846 -0.20833334326744077 -0.32999998331069941 0.12333333492279054 -0.10999999940395354 0.31666666269302374 -0.085320472717285142 -0.3899999856948852
decision_type=2 2 2 2 2 2 2 2 2 2 2 2 2 2 2 2 2 2 2 2 2 2 2 2 2 2 2 2 2 2
left_child=1 6 7 4 -4 12 -1 8 -3 23 -9 -11 -6 15 -5 -7 -12 18 19 20 22 -22 27 -10 -20 26 -19 -2 -18 -21
right_child=17 2 3 14 5 13 -8 10 9 11 16 -13 -14 -15 -16 -17 28 25 24 29 21 -23 -24 -25 -26 -27 -28 -29 -30 -31
leaf_value=0 0.0099095398713277758 -0.010014291021365574 0.0044901471964266023 0.011236779980996335 -0.0056086348418455667 -0.0024998712061395645 0.011451103092452633 -0.003564883040206471 -0.0094508662025744594 0.010846446293086901 0.00097287691250179061 -0.0006985642772334255 0.0056973106935357606 0 0 -0.020467573109389764 0 0.0031608396886029736 -0.0038012604378303556 0 -0.0074630983770950067 1.6208723396644607e-05 -0.0017680417380461656 0 0.0040391753856735954 0.0068871066114769737 -0.0057294760915043135 -0.00069621852676484016 0.011777888036375599 -0.0062483384544632769
leaf_weight=13.360613262513654 13.397697324166076 12.752787424018605 12.368963917484505 5.811706027248877 15.539864534512164 9.6609068820253068 16.32510410877876 7.5816986770369104 7.5008317604661014 23.115111167775471 22.763809346128255 4.9733113022521129 6.2849547271616748 4.3585160300135604 21.474017908680253 14.051238189218564 3.6183597673662034 11.165778342867268 8.3629568135365826 11.332984912907703 15.549134592059998 21.560511633520946 5.8174524570349595 13.125176848843692 32.547076626447961 12.166920562623998 10.602874050382527 1.9674964847508807 28.039298081537709 100.38820845505688
leaf_count=684 1046 581 362 212 507 397 619 277 374 797 956 297 151 112 1731 363 143 964 782 876 1863 1787 498 631 3145 1133 937 144 975 7899
internal_value=-0.00025654 0.00120074 0.000175183 -0.00276032 -0.00608585 -0.00935543 0.00659263 0.00252658 -0.000264988 0.00264862 0.00544086 0.00830575 -0.000927878 -0.0138567 0.00380637 -0.0159716 0.00733867 -0.00179483 -0.00257925 -0.00375313 0 -0.00314029 0.00425939 -0.00425193 0.00162228 0.00210965 -0.000571418 0.00756722 0.0103679 -0.00544512
internal_weight=487.565 242.706 213.021 89.5502 62.2644 49.8955 29.6857 123.47 61.4672 48.7144 62.0032 28.0884 21.8248 28.0707 27.2857 23.7121 54.4215 244.859 210.924 170.013 58.2923 37.1096 21.1826 20.626 40.91 33.9356 21.7687 15.3652 31.6577 111.721
internal_count=31243 10169 8866 3835 1892 1530 1303 5031 2680 2099 2351 1094 658 872 1943 760 2074 21074 18040 14113 5338 3650 1688 1005 3927 3034 1901 1190 1118 8775
is_linear=0
shrinkage=0.05


Tree=152
num_leaves=31
num_cat=0
split_feature=27 17 26 26 38 3 41 16 41 28 24 35 28 35 17 10 27 12 9 17 16 7 27 27 24 11 1 38 21 21
split_gain=0.337683 0.501343 0.557355 0.444066 0.457638 0.399065 0.41145 0.595611 0.365667 0.364384 0.354697 0.317042 0.290479 0.283833 0.338723 0.295857 0.28141 0.362447 0.279991 0.27716 0.414494 0.271164 0.306805 0.276168 0.265006 0.258521 0.282486 0.380398 0.30044 0.249537
threshold=-0.16333332657814023 -0.13666665554046628 0.16333335638046267 -0.28333333134651179 0.11019897460937501 0.069999992847442641 0.043214606121182449 -0.37666666507720942 0.059835318475961692 -0.083333343267440782 -0.35000000894069666 -0.30333334207534784 0.11666667461395265 0.24333333969116214 -0.31666666269302363 0.043333351612091071 -0.31000000238418574 -0.45666666328907007 0.26999998092651373 0.27666664123535162 -0.32333332300186152 0.41666668653488165 -0.36333334445953364 -0.29000000655651087 -0.37666666507720942 -0.4433333277702331 -0.063333332538604722 -0.050554752349853509 0.13666665554046634 0.16333335638046267
decision_type=2 2 2 2 2 2 2 2 2 2 2 2 2 2 2 2 2 2 2 2 2 2 2 2 2 2 2 2 2 2
left_child=1 2 16 9 -5 8 25 -8 12 24 -3 -6 -4 14 15 -14 -1 -18 -15 21 -21 22 -12 -24 -2 -7 -27 -28 -29 -11
right_child=3 10 5 4 11 6 7 -9 -10 29 19 -13 13 18 -16 -17 17 -19 -20 20 -22 -23 23 -25 -26 26 27 28 -30 -31
leaf_value=-0.0006505009685434447 -0.00045666073577719368 -0.0039069539306141043 -0.0048631112244390574 -0.0039736535722336421 -0.0038097711414666934 0.0043349344162779378 -0.013661622113175495 0 0.0071385299091558767 -0.0038949177014544764 0.010885692847190357 0.0061706652893655138 0 0.0020637100753023246 -0.0020152056859801914 0.011218854673160352 0.013569060611782672 0 -0.0083719989893081166 -0.0070976149853272498 0.0040040058418104362 -0.0010314976043726283 -0.0018178307842430935 0.005697419493818248 0.0075958477338712487 0.0027696503758589414 0.0018140585803253497 0 -0.012848757372816579 0.00207261604985848
leaf_weight=5.954624209553006 6.3477142085321274 5.0951785072684279 24.042439344571903 136.051301617641 4.1179174291901317 9.9829061576165241 15.359150008298458 8.5299568941118178 10.817638151114805 28.231553051504306 30.709214845905077 16.67971942294389 4.4544540813658413 4.5822393884882313 4.8134538398589966 11.354291355935855 7.7529261247254952 11.716776471585032 5.5304551012814045 6.506356974598023 19.337598313111812 3.6837694137357166 12.783127068774773 19.036724882200367 23.855329581070691 4.5749721154570606 3.9789956698659834 4.8127861274406305 9.9999566026963276 25.530369531014003
leaf_count=104 610 467 1037 12114 448 202 410 397 376 2195 1113 1580 125 113 193 253 121 464 135 167 1487 192 819 1404 2007 171 134 175 312 1780
internal_value=6.82566e-06 0.00134546 -0.000351318 -0.00125561 -0.0028435 -0.0019399 -0.00482125 -0.00914095 0.000418535 0.00142454 0.00404699 0.00285107 -0.00107093 0.00152475 0.00490966 0.00813881 0.00543309 0.00799018 -0.00308417 0.0049543 0 0.0065517 0.00741445 0.00220784 0.00541772 -0.00016963 -0.0034379 -0.00626211 -0.00953028 -0.000719166
internal_weight=486.224 245.41 148.258 240.814 156.849 122.834 57.2387 23.8891 65.595 83.965 97.152 20.7976 54.7773 30.7349 20.6222 15.8087 25.4243 19.4697 10.1127 92.0568 25.844 66.2128 62.5291 31.8199 30.203 33.3496 23.3667 18.7917 14.8127 53.7619
internal_count=31105 10371 4722 20734 14142 4033 1801 807 2232 6592 5649 2028 1856 819 571 378 689 585 248 5182 1654 3528 3336 2223 2617 994 792 621 487 3975
is_linear=0
shrinkage=0.05


Tree=153
num_leaves=31
num_cat=0
split_feature=35 31 20 35 19 37 41 10 14 33 25 37 36 9 37 41 38 10 27 16 18 32 1 20 24 38 41 7 33 36
split_gain=0.289032 0.497524 0.763373 0.450333 0.377337 0.47993 0.489039 0.427401 0.351408 0.277705 0.371336 0.502224 0.404751 0.444233 0.413341 0.412308 0.404381 0.390907 0.455734 0.370306 0.362892 0.424072 0.28542 0.277032 0.268277 0.27174 0.255933 0.254007 0.250638 0.250601
threshold=-0.41666667163372034 0.46333330869674688 -0.21666666865348813 -0.35000000894069666 -0.049999997019767754 0.0067873001098632821 0.04609807766973973 -0.096666663885116563 -0.030000001192092892 0.4499999880790711 -0.0099999904632568342 0.0067873001098632821 0.030000001192092899 0.17000001668930056 -0.040172100067138665 0.041695980355143554 0.070146560668945326 -0.076666668057441698 -0.4433333277702331 -0.3899999856948852 -0.46999999880790705 -0.063333332538604722 -0.30333334207534784 0.12333333492279054 0.096666663885116591 0.13006353378295901 0.049432035535573966 0.43000000715255743 -0.28333333134651179 0.20999997854232791
decision_type=2 2 2 2 2 2 2 2 2 2 2 2 2 2 2 2 2 2 2 2 2 2 2 2 2 2 2 2 2 2
left_child=-1 4 -3 -4 8 26 7 -7 9 10 12 19 14 15 -2 -14 17 -13 -19 22 -20 -22 -12 -18 25 28 -6 -9 -16 -10
right_child=1 2 3 -5 5 6 -8 27 29 -11 11 16 13 -15 24 -17 23 18 20 -21 21 -23 -24 -25 -26 -27 -28 -29 -30 -31
leaf_value=-0.0046871037552298602 -0.0047890008417457268 -0.0036309538241230989 -0.00038957573263981033 0.013584040250770047 -0.0070319203879285605 0.0093391432053508711 -0.0041979712608038238 -0.0036527862566151912 0 -0.0076114863698874494 0 0.0021537666117548994 -1.4978637572907013e-05 0 0 -0.013790505657112335 0.0072548500960373076 0.00018619762090837222 0 0 0 -0.016974915804135821 0.0093757972836815678 -0.0011359725589027729 -0.00049737388349930926 -0.0016243735806969967 0 0.0055556086704456487 0.0084017576949683929 0.010044368079408844
leaf_weight=30.038785704644397 18.906141839688644 7.5314725826028761 2.926603003870702 15.675705350004131 50.947102618403733 14.304579235147683 23.867350961547345 16.036436679307375 16.818685914156962 5.8325028005056074 4.4871481088921419 9.365411196369676 13.235480511561038 29.512331759789959 6.6916509759612337 12.104794188169761 13.156691639684142 8.9318994705099595 4.919556732755157 29.930023223627359 3.5408130800351527 10.428076695417984 33.552995547186583 8.9380803571548295 27.073513742070645 4.7569575191009781 21.328337207203731 5.0478628681739783 28.318807570263747 9.4998819769825769
leaf_count=2473 1055 349 95 579 5627 1571 2734 1829 1440 119 98 456 592 926 537 576 475 190 81 1610 144 445 745 330 1327 241 2117 443 1313 624
internal_value=-0.000374263 0 0.00596985 0.0108106 -0.000474689 -0.00267274 0.00030845 0.00411972 0.000440831 -5.05895e-05 0.000185919 0.00217018 -0.00145473 -0.0046252 0.000470771 -0.00877345 -0.000834973 -0.00408739 -0.00693697 0.00498424 -0.0105427 -0.0135633 0.00792129 0.00345294 0.00257366 0.00500175 -0.0052726 0 0.0066176 0.00538526
internal_weight=487.706 457.667 26.1338 18.6023 431.533 131.532 59.2562 35.3889 300.001 273.683 267.85 127.251 140.6 54.8526 85.7471 25.3403 59.2805 37.1858 27.8203 67.9702 18.8884 13.9689 38.0401 22.0948 66.8409 39.7674 72.2754 21.0843 35.0105 26.3186
internal_count=31141 28668 1023 674 27645 14321 6577 3843 13324 11260 11141 4574 6567 2094 4473 1168 2121 1316 860 2453 670 589 843 805 3418 2091 7744 2272 1850 2064
is_linear=0
shrinkage=0.05


Tree=154
num_leaves=31
num_cat=0
split_feature=4 7 26 25 21 26 26 41 4 5 7 26 31 39 21 35 19 32 17 3 41 8 39 29 6 34 40 19 33 0
split_gain=0.260982 0.481905 0.406131 0.361914 0.435877 0.314968 0.338217 0.391162 0.2483 0.291769 0.648194 0.526465 0.365991 0.343501 0.334901 0.327563 0.318817 0.464222 0.301283 0.286195 0.24013 0.237573 0.294756 0.233823 0.231618 0.222478 0.346303 0.236278 0.220346 0.213239
threshold=-0.33666665852069849 -0.10999999940395354 -0.4433333277702331 0.18333333730697635 0.24333333969116214 -0.31666666269302363 0.43000000715255743 0.033406142145395286 0.4499999880790711 0.29666668176651007 0.17000001668930056 0.41000002622604376 -0.21000000834465024 0.035185091197490699 0.47666668891906744 0.14999997615814212 -0.43000000715255732 0.12333333492279054 0.030000001192092899 0.44333332777023321 0.027909388765692714 -0.35000000894069666 0.013162966351956131 0.33666664361953741 0.4499999880790711 0.48333334922790533 0.40000000596046453 0.37000000476837164 -0.29000000655651087 0.46999999880790716
decision_type=2 2 2 2 2 2 2 2 2 2 2 2 2 2 2 2 2 2 2 2 2 2 2 2 2 2 2 2 2 2
left_child=3 5 -3 4 25 28 20 -8 9 10 11 18 16 14 19 -13 17 -12 -4 29 -7 -22 -23 -24 -10 26 27 -1 -2 -11
right_child=1 2 8 -5 -6 6 7 -9 24 13 12 15 -14 -15 -16 -17 -18 -19 -20 -21 21 22 23 -25 -26 -27 -28 -29 -30 -31
leaf_value=0.0041132396496923037 -0.0024811341697820884 -0.0061418085653629616 0.0064358784607693974 -0.00096587880592608009 -0.0040197817800415722 0.00037747107233284039 -0.0052332629564695587 0.0073161566154473882 -0.0070443071761327712 0.0086838211480588685 0.0034847010729937805 -0.0066664446619226136 -0.0063951361713157811 -0.0024081297789319053 -0.0015453883753002847 0.0032021836421196681 0.0044369081378368633 -0.0087220179234135491 0 -0.00019058357716174421 0 0.00021207888965218329 -0.0088933570781182074 0 0.0010506989191493021 -0.00045964404818554675 0.011598537856443568 -0.0051815373115331057 0.0049706453728916838 0
leaf_weight=16.353778630262244 7.8634689366444972 10.75783761742059 67.43945666984655 23.492447317228653 3.4675294971093527 9.9896603466477227 3.0217130654491475 9.2250534459017199 9.4113541082479077 55.593244857271202 6.0679789767600623 14.524998161243277 29.935384173295461 6.9209264384116969 5.9989772143308064 5.6353385034017256 19.349817305919714 11.251726332120596 24.780405229073949 5.4196433613542458 17.783990060212091 5.7630129973404101 54.48703332291916 4.6453882586210957 8.0842248420231027 2.0592780485749236 23.703255452448502 2.6456093897577366 16.517362541053444 1.9760454830247898
leaf_count=1081 805 869 3833 2188 218 825 116 315 815 2944 129 498 2483 316 203 177 1089 232 2042 310 1713 401 3904 121 718 141 1211 151 1140 134
internal_value=0.000512604 0 0.00116385 0.00317047 0.00553023 -0.00245148 -0.00368934 0.002147 0.00166833 0.00213961 0.0008044 0.003164 -0.00276501 0.00469313 0.0058746 -0.00285051 9.51087e-05 -0.00357708 0.00482719 0.00701659 -0.00479767 -0.0056881 -0.00698914 -0.00802969 -0.00292668 0.00715022 0.00804193 0.000885978 0.00172901 0.0080423
internal_weight=484.166 412.444 283.147 71.7219 48.2295 129.297 104.916 12.2468 272.39 254.894 178.985 112.38 66.6049 75.9088 68.9879 20.1603 36.6695 17.3197 92.2199 62.9889 92.6691 82.6794 64.8954 59.1324 17.4956 44.7619 42.7026 18.9994 24.3808 57.5693
internal_count=31122 26132 16792 4990 2802 9340 7395 431 15923 14390 10483 6550 3933 3907 3591 675 1450 361 5875 3388 6964 6139 4426 4025 1533 2584 2443 1232 1945 3078
is_linear=0
shrinkage=0.05


Tree=155
num_leaves=31
num_cat=0
split_feature=29 34 24 4 31 38 36 38 38 38 14 1 39 38 7 10 10 32 11 22 30 37 29 36 37 39 38 37 19 24
split_gain=0.33501 0.550729 0.496644 0.331576 0.42473 0.387971 0.487417 0.351309 0.524732 0.476522 0.443766 0.412983 0.360917 0.436034 0.310135 0.597841 0.538147 0.5298 0.404647 0.379277 0.359323 0.355075 0.337834 0.322911 0.298062 0.295508 0.467683 0.496572 0.409254 0.297336
threshold=0.47500002384185797 -0.22333332896232602 0.43000000715255743 0.33666664361953741 0.42333334684371954 0.16974687576293948 0.36333334445953375 -0.048716068267822259 -0.029649734497070309 -0.21604394912719724 0.26999998092651373 0.16333335638046267 0.017265589907765392 0.074303150177001967 -0.10999999940395354 -0.0099999904632568342 -0.063333332538604722 -0.22999998927116391 -0.10333332419395445 0.13666665554046634 0.18333333730697635 0.076100349426269545 -0.20333333313465116 0.030000001192092899 0.009663581848144533 0.018832436762750152 -0.01629543304443359 -0.020843029022216793 -0.41666667163372034 -0.12999999523162839
decision_type=2 2 2 2 2 2 2 2 2 2 2 2 2 2 2 2 2 2 2 2 2 2 2 2 2 2 2 2 2 2
left_child=3 2 -2 4 14 6 -5 9 -9 -6 -10 -11 -12 -14 15 18 19 22 -1 -16 -19 25 -17 -23 -20 26 27 -18 -28 -29
right_child=1 -3 -4 5 7 -7 -8 8 10 11 12 -13 13 -15 16 17 21 20 24 -21 -22 23 -24 -25 -26 -27 28 29 -30 -31
leaf_value=-0.0083595071204406318 0.012365693207457994 -0.0035988266300687952 -0.0013668046519328533 -0.007034164683578952 -0.0015459017120329687 0.0054090292903999958 0.0020608668167705754 -0.0085706386686653698 -0.0033302680033250524 0.014050645050694444 -0.00033074854903597913 0 0.015807096269652165 0 0.0070397694056373574 0 0 0.0018608052034333319 -0.0041459850684589126 0 -0.0069393421765103734 0.00036455971578833266 0.0098041411221944999 -0.010216977078149503 0.0034336623302001581 0.0018159063082575973 0.0078045391591015549 0 -0.0025063147725845163 -0.0163215259569576
leaf_weight=38.713481946149841 15.14648149744608 5.8981458952184758 3.6590654179453841 48.64695013826713 4.6087698917835977 3.4290743502788237 11.933038005139677 6.2144065131433335 5.2324041044339564 14.72927206149325 3.078700970625504 5.3471775334328404 7.5706982910633069 2.161626068642363 40.209925808478147 9.7413625777699071 7.265989999985325 13.958551422692837 23.232325843768194 22.716364022577181 15.882972721941767 4.5868398628663263 15.276921114651485 11.244568874128161 15.524545219028367 87.281668375246227 8.2474531503394264 3.4242216979619124 20.51121347094886 7.4160382703412298
leaf_count=2775 377 130 225 3594 87 220 775 181 286 357 306 131 326 223 3159 1045 426 1066 2467 1596 619 217 773 676 1638 4915 179 256 1598 319
internal_value=0 0.00506354 0.00900157 -0.000329182 0.000171509 -0.00352006 -0.00484287 0.00429959 0 0.00785638 0.00415261 0.0108326 0.00862526 0.0120931 -0.000405992 -0.00229747 0.000686195 0.00128594 -0.00504456 0.00441232 -0.00250309 -0.000826486 0.00622137 -0.00674843 -0.000497997 0 -0.00285589 -0.0081193 0.000568185 -0.0129647
internal_weight=482.89 24.7037 18.8055 458.187 394.177 64.0091 60.58 48.9431 24.2578 24.6852 18.0434 20.0764 12.811 9.73232 345.234 132.33 212.904 54.8598 77.4704 62.9263 29.8415 149.978 25.0183 15.8314 38.7569 134.147 46.8649 18.1062 28.7587 10.8403
internal_count=30942 732 602 30210 25621 4589 4369 1897 1322 575 1141 488 855 549 23724 10383 13341 3503 6880 4755 1685 8586 1818 893 4105 7693 2778 1001 1777 575
is_linear=0
shrinkage=0.05


Tree=156
num_leaves=31
num_cat=0
split_feature=11 17 13 11 31 39 32 33 37 25 5 32 0 33 10 13 25 26 11 36 33 38 24 1 36 20 1 19 25 24
split_gain=0.257081 0.536696 0.428739 0.307214 0.539661 0.417514 0.383192 0.396943 0.771479 0.393359 0.392042 0.403416 0.305784 0.369653 0.298339 0.481468 0.279615 0.305043 0.278125 0.378059 0.413836 0.406449 0.299986 0.425142 0.281776 0.500936 0.276957 0.270032 0.264881 0.258273
threshold=0.23000001907348636 0.43000000715255743 0.17666667699813846 0.11000001430511476 0.37000000476837164 0.028816987760365013 0.38333332538604742 0.22333335876464847 0.0067873001098632821 0.22333335876464847 0.36333334445953375 0.096666663885116591 -0.37666666507720942 0.25666666030883795 0.37666666507720953 -0.023333340883255001 -0.10333332419395445 -0.10333332419395445 -0.030000001192092892 -0.18999999761581418 -0.069999992847442613 -0.044083595275878899 -0.18333333730697629 -0.13166666030883786 -0.31666666269302363 0.17666667699813846 -1.0000000180025095e-35 -0.069999992847442613 -0.33666665852069849 0.35000002384185797
decision_type=2 2 2 2 2 2 2 2 2 2 2 2 2 2 2 2 2 2 2 2 2 2 2 2 2 2 2 2 2 2
left_child=3 2 16 4 6 -6 7 18 9 -9 11 -10 -13 -14 -8 -16 -2 -18 19 24 21 -21 26 -24 -1 -26 -22 -20 -5 -30
right_child=1 -3 -4 28 5 -7 14 8 10 -11 -12 12 13 -15 15 -17 17 -19 27 20 22 -23 23 -25 25 -27 -28 -29 29 -31
leaf_value=0 0 -0.0038356817728047582 0.00039291844501271322 0.0013514924142451485 0.0091747019596506597 -0.0026558659833376594 0 0.010026619233902342 0.00091642565107261434 0 0.0063460473327725479 6.6396447174039448e-05 0 -0.013862729911725217 -0.015801569699568443 8.6476137177904876e-05 0 0.013812229508176519 0.0052271189378563544 -0.0022944694272816315 -0.0021749006830556429 0.006339925945794498 0.00097484997480078465 -0.0064411481975666512 -0.012267568291249963 0 0.0062916409936338196 -0.0019286544897858524 -0.0076248561798465944 0.00031478272952794499
leaf_weight=21.491980262799188 12.709949536016209 19.505421526962891 48.639923047972843 7.9040986271575084 20.423383020795885 3.3436457393690935 13.510101240710357 28.495403051376343 11.206089587765748 13.214360815007238 3.3669401863589874 2.7852730373851982 3.009955689078196 11.949925056193022 6.0560459895059466 2.9637330868281406 5.3556673030834654 15.141737719997764 24.672617410542443 12.728319338057188 11.194760886719452 29.746438515139744 19.752840602537617 47.964795787585899 18.092285147402439 10.59903199947439 11.390334554947911 12.400551459984852 30.995136986486614 5.6395506367553017
leaf_count=1826 1040 1912 4271 672 1084 212 710 1056 673 601 122 81 105 469 154 178 519 794 1500 745 808 1559 858 2160 1150 614 698 1540 2657 393
internal_value=3.45762e-05 0.00224658 0.00414364 -0.000509486 0 0.00647062 -0.000564616 0 0.00299915 0.00721637 -0.00206887 -0.00468419 -0.00861171 -0.0109767 -0.00609777 -0.0109675 0.00809895 0.0111102 -0.00109801 -0.00197411 -0.00030131 0.00327301 -0.0023413 -0.00403553 -0.00545027 -0.0082713 0.0016448 0.00231794 -0.00414785 -0.00594396
internal_weight=486.25 101.353 81.8473 384.898 340.359 23.767 316.592 294.062 74.0279 41.7098 32.3182 28.9512 17.7452 14.9599 22.5299 9.01978 33.2074 20.4974 220.034 182.961 132.777 42.4748 90.3027 67.7176 50.1833 28.6913 22.5851 37.0732 44.5388 36.6347
internal_count=31161 8536 6624 22625 18903 1296 17607 16565 3107 1657 1450 1328 655 574 1042 332 2353 1313 13458 10418 6828 2304 4524 3018 3590 1764 1506 3040 3722 3050
is_linear=0
shrinkage=0.05


Tree=157
num_leaves=31
num_cat=0
split_feature=1 30 2 20 11 33 40 18 29 8 34 36 22 14 37 21 29 35 4 14 37 36 9 35 31 27 22 29 37 26
split_gain=0.356981 0.487851 0.371663 0.289006 0.348143 0.357533 0.66143 0.386053 0.323923 0.302184 0.310005 0.297654 0.366512 0.407858 0.343614 0.345203 0.368067 0.282646 0.291921 0.684013 0.575642 0.709084 0.651535 0.422384 0.401163 0.352075 0.337165 0.30575 0.351255 0.291284
threshold=0.083333313465118422 -0.35000000894069666 -0.049999997019767754 -0.32999998331069941 0.41666668653488165 0.34333333373069769 0.93666666746139537 0.23000001907348636 0.11000001430511476 0.4499999880790711 -0.22333332896232602 0.26333332061767584 -0.18333333730697629 0.22333335876464847 0.042311668395996101 -0.236666664481163 -0.2766666561365127 -0.40333333611488337 0.41000002622604376 -0.32999998331069941 0.009663581848144533 0.14999997615814212 0.11000001430511476 0.34499999880790716 -0.056666672229766839 -0.049999997019767754 0.26333332061767584 0.069999992847442641 0.04200792312622071 0.38999998569488531
decision_type=2 2 2 2 2 2 2 2 2 2 2 2 2 2 2 2 2 2 2 2 2 2 2 2 2 2 2 2 2 2
left_child=3 2 -2 -1 5 7 9 11 -6 10 -7 12 -5 14 15 -14 -17 -3 20 -20 21 26 24 -23 -22 -24 -19 28 -26 -21
right_child=1 17 -4 4 8 6 -8 -9 -10 -11 -12 -13 13 -15 -16 16 -18 18 19 29 22 23 25 -25 27 -27 -28 -29 -30 -31
leaf_value=0.0014507310199529564 0.0024980812961498235 -0.0039125104438367374 -0.0086853744013813405 0.0017492815319011261 0.0098550941597925577 0 0.0039502538079430952 -0.007511309433619863 -0.0022247749755394544 0 -0.016354883658826317 0.0040496577192272263 0 0.0041906669266304581 0 0.00039787511926868348 -0.0093239009620028328 0.0042042532067341825 -0.01031035105296947 -9.2759665414887088e-05 0.0079077862966094366 0.013134127815430427 -0.0084212594753741224 0 0.0092779430958817802 0.00086272348518702221 -0.0029161658937053728 -0.0068168900570916395 -0.0023103202116128581 0.0092306473074635301
leaf_weight=56.82817157835234 3.9345853326376554 9.2622573177795839 13.977709530037826 42.338379157939926 5.4653691638959563 2.029576717410241 3.0949507539626202 19.564388191094622 2.4208890972658992 4.9031382857356212 12.731731856474653 20.589702084194869 11.812185753253287 7.8833769345656028 23.168176483130082 5.525417092954739 46.318140255985782 36.605236247880384 8.1498027830384689 13.304182323860006 20.901469939388335 30.449484638869762 19.573369071935307 9.8820748429279757 5.3326865602284688 8.0757867782376689 18.137192433467135 7.107516160584054 5.8988569991197437 5.5580832632258526
leaf_count=3847 276 731 1332 2857 491 103 143 1671 272 285 818 1134 810 610 1413 557 3014 2059 212 1407 801 1379 855 514 372 739 1132 544 541 220
internal_value=-8.31222e-05 0.00134813 -0.00517292 -0.00134831 -0.00224975 -0.00279355 -0.00827282 -0.00170544 0.0049875 -0.0116445 -0.014283 -0.000583087 -0.00159455 -0.00335279 -0.00453365 -0.00630262 -0.00792177 0.00219442 0.00273315 -0.00124171 0.00356558 0.00594686 0 0.0106264 0.00389103 -0.00529631 0.00137853 -0.000480653 0.00305567 0.00321362
internal_weight=480.824 216.15 17.9123 264.674 207.845 199.959 22.7594 177.2 7.88626 19.6644 14.7613 157.635 137.046 94.7073 86.8239 63.6557 51.8436 198.238 188.976 27.0121 161.964 95.074 66.8897 40.3316 39.2405 27.6492 54.7424 18.3391 11.2315 18.8623
internal_count=31139 13114 1608 18025 14178 13415 1349 12066 763 1206 921 10395 9261 6404 5794 4381 3571 11506 10775 1839 8936 5084 3852 1893 2258 1594 3191 1457 913 1627
is_linear=0
shrinkage=0.05


Tree=158
num_leaves=31
num_cat=0
split_feature=17 11 10 13 39 37 37 18 16 39 30 12 39 39 31 33 14 26 15 41 20 33 40 10 12 20 37 30 40 13
split_gain=0.264883 0.288628 0.268408 0.264858 0.348473 0.304074 0.301984 0.24174 0.381897 0.293811 0.72355 0.295196 0.521336 0.915515 0.628123 0.531186 0.409798 0.309933 0.3068 0.585945 0.397122 0.452192 0.299721 0.372967 0.286788 0.263178 0.252535 0.324467 0.295402 0.247315
threshold=0.38999998569488531 0.23000001907348636 0.48333334922790533 0.18999999761581424 0.025362205691635612 0.040452957153320319 -0.093151092529296861 0.056666672229766853 -0.29000000655651087 0.0129718822427094 0.096666663885116591 -0.24999999999999997 0.017943784594535831 0.020484371110796932 -0.4433333277702331 0.31666666269302374 -0.33666665852069849 0.27666664123535162 -0.31000000238418574 0.059835318475961692 0.26333332061767584 -0.22999998927116391 0.8633333444595338 -0.069999992847442613 -0.48333333432674402 -1.0000000180025095e-35 0.009663581848144533 1.0000000180025095e-35 0.81666666269302379 -0.2766666561365127
decision_type=2 2 2 2 2 2 2 2 2 2 2 2 2 2 2 2 2 2 2 2 2 2 2 2 2 2 2 2 2 2
left_child=1 7 -2 6 -5 -6 -3 9 -9 10 -1 12 16 25 15 -15 22 -13 19 20 21 -16 23 -11 -25 -14 27 -10 -28 -12
right_child=2 3 -4 4 5 -7 -8 8 26 11 29 17 13 14 18 -17 -18 -19 -20 -21 -22 -23 -24 24 -26 -27 28 -29 -30 -31
leaf_value=-0.0035383011490381861 -0.0056001813158270373 -0.002103224574395623 0.0029372481852435917 -0.0030193900827780113 0.0089587000147225131 -0.0015685164337932414 0.0076429995120687339 -0.0106908959796867 -0.0069704259772053485 0 0.01372908206404448 0 0.011539771707087044 0.0098367567418546631 0.00032826665770474355 -0.0019818140353894901 0.00069390752655672878 0.0049038176426733039 0 0.0026076214545591551 0 -0.013192281248212366 0 0 -0.013811837797903648 0.00021502679596808579 0.0067410977807807401 0.0015643124509986542 -0.0023656590031526188 0
leaf_weight=7.5417983466759351 33.309681709622964 2.7507177896331987 3.7048004949465385 26.860773193882778 10.304178564809261 3.4454037651885292 29.713940269313753 7.7338087793905279 19.010804941179234 7.3800074569880918 9.8773060727398825 79.447129791835323 12.892726544523613 11.961911158869045 2.9686672280076882 11.106943995459003 11.982142035849391 39.556677887798287 26.831089691724628 8.0780139013659191 12.653645067242904 27.222438305616382 6.3548469054512671 4.2495642760768524 20.969780534738682 14.013414328452198 13.070848188945094 9.9303674967959505 7.0920559880323699 3.1878391897771499
leaf_count=637 3204 157 286 2553 608 323 2136 298 1792 224 262 7010 424 230 102 227 869 1729 1697 278 398 956 158 75 543 532 1370 1023 766 196
internal_value=-9.08438e-05 0.000213597 -0.00387395 0.00299192 0 0.00537981 0.005968 -0.000300627 -0.0031614 0.000182198 0.00525607 -0.00018364 -0.00152159 5.90783e-05 -0.00200726 0.0040519 -0.0055129 0.0016017 -0.00426494 -0.00634334 -0.0086558 -0.011338 -0.00781601 -0.0095163 -0.0119094 0.00751596 -0.000486875 -0.00356072 0.00277443 0.0111598
internal_weight=485.203 448.189 37.0145 73.075 40.6104 13.7496 32.4647 375.114 56.8379 318.276 20.6069 297.669 178.665 127.729 100.823 23.0689 50.9363 119.004 77.7539 50.9228 42.8448 30.1911 38.9542 32.5994 25.2193 26.9061 49.1041 28.9412 20.1629 13.0651
internal_count=31063 27573 3490 5777 3484 931 2293 21796 5249 16547 1095 15452 6713 4844 3888 457 1869 8739 3431 1734 1456 1058 1000 842 618 956 4951 2815 2136 458
is_linear=0
shrinkage=0.05


Tree=159
num_leaves=31
num_cat=0
split_feature=30 13 37 41 9 41 31 36 37 12 29 31 26 31 33 7 36 40 0 40 10 39 26 37 37 10 39 14 40 30
split_gain=0.542128 0.378821 0.57257 0.678992 0.63347 0.490666 0.428156 0.400991 0.319945 0.318934 0.280255 0.881311 0.430641 0.550421 0.484887 0.421572 0.393163 0.383016 0.47763 0.376526 0.341122 0.334832 0.470807 0.529467 0.774139 0.580373 0.429694 0.409986 0.389317 0.366873
threshold=0.41666668653488165 -0.16333332657814023 0.011377334594726564 0.033889178186655051 0.17000001668930056 0.02748545911163092 -0.36333334445953364 0.22333335876464847 0.04525041580200196 0.34333333373069769 0.069999992847442641 -0.22999998927116391 0.27666664123535162 -0.11666667461395262 -0.43000000715255732 -0.090000003576278673 0.31666666269302374 0.25666666030883795 0.30333334207534796 0.49666666984558111 0.32999998331069952 0.01447949279099703 0.069999992847442641 0.009663581848144533 0.027335166931152347 -0.24999999999999997 0.012335670646280052 -0.32333332300186152 0.8633333444595338 -0.14333333075046537
decision_type=2 2 2 2 2 2 2 2 2 2 2 2 2 2 2 2 2 2 2 2 2 2 2 2 2 2 2 2 2 2
left_child=10 2 3 5 -4 -2 -3 -5 -6 -8 12 15 21 -14 -15 -12 20 18 -17 -19 -16 26 23 25 27 -23 -1 -25 -29 -24
right_child=1 6 4 7 8 -7 9 -9 -10 -11 11 -13 13 14 16 17 -18 19 -20 -21 -22 22 29 24 -26 -27 -28 28 -30 -31
leaf_value=-0.0030067956242761911 0.0037016556748045121 0 0.0054683822449330807 0 -0.011794045244982189 -0.01010244316051177 0.014396559843414406 0.012670932934638402 0 0 -0.0041896340014255708 -0.0052012163754688963 -0.0035863555207931788 -0.0037184733361419076 0.01195087714248257 0.0106677567784571 -0.00015343672239437036 -0.0067446830728403132 0 0.0028183719453009049 0 -0.0077109140537265329 0 -0.00019503343875340131 0 0.00098935284071628086 0.0084933441700126445 0.01867821203385563 0 -0.0099465459322417363
leaf_weight=5.5366724398918477 6.2240909715183061 6.8378075489308712 5.8104763627052334 6.8020435736980316 12.035303352633493 5.5801278459839523 13.054481257102454 16.226834455039352 8.9948832932859641 5.0145920934155574 16.445120906922966 99.719885516329668 9.6326730577275139 3.0936145936138919 29.95121433166787 20.317062952672135 5.2939799309242508 9.0435918257571739 10.25851350254379 26.350949303247035 3.4428628524765363 27.235742339631543 17.129291179939173 1.5998124382458616 34.710467634373344 32.816557841724716 14.147672635503111 7.4540363089181465 2.7695261430926621 19.592091226950288
leaf_count=624 130 401 101 142 259 112 589 315 179 444 580 7462 481 230 1651 876 409 389 447 1179 221 2318 1606 54 3116 2917 1443 622 259 1493
internal_value=6.50704e-05 0.00355903 0.000751504 0.00492718 -0.00381646 -0.00262512 0.0082066 0.00940202 -0.00795108 0.0114435 -0.000677372 -0.00211312 0.000453169 0.00425147 0.00680512 0.00144003 0.00859232 0.00342305 0.00701683 0 0.0104256 -0.000705444 -0.00171222 0 0.0038047 -0.00292003 0.00433855 0.0122984 0.0151435 -0.00614793
internal_weight=483.122 86.5806 61.6738 34.8331 26.8407 11.8042 24.9069 23.0289 21.0302 18.0691 396.541 182.135 214.406 51.4143 41.7817 82.4152 38.6881 65.9701 30.5756 35.3945 33.3941 162.992 143.308 106.586 46.5338 60.0523 19.6843 11.8234 10.2236 36.7214
internal_count=31049 2672 1238 699 539 242 1434 457 438 1033 28377 10933 17444 2992 2511 3471 2281 2891 1323 1568 1872 14452 12385 9286 4051 5235 2067 935 881 3099
is_linear=0
shrinkage=0.05


end of trees

feature_importances:
Column_38=311
Column_39=305
Column_37=303
Column_31=243
Column_41=200
Column_27=153
Column_40=151
Column_19=149
Column_24=143
Column_25=141
Column_30=138
Column_26=136
Column_33=123
Column_4=119
Column_16=119
Column_29=119
Column_9=118
Column_10=105
Column_36=103
Column_7=98
Column_32=97
Column_5=94
Column_13=88
Column_14=88
Column_11=85
Column_21=85
Column_8=84
Column_23=81
Column_35=75
Column_28=74
Column_3=73
Column_20=73
Column_2=69
Column_12=69
Column_17=62
Column_6=61
Column_0=56
Column_1=52
Column_22=47
Column_18=46
Column_15=45
Column_34=19

parameters:
[boosting: gbdt]
[objective: lambdarank]
[metric: ndcg]
[tree_learner: serial]
[device_type: cpu]
[data_sample_strategy: bagging]
[data: ]
[valid: ]
[num_iterations: 100]
[learning_rate: 0.05]
[num_leaves: 31]
[num_threads: 4]
[seed: 11]
[deterministic: 0]
[force_col_wise: 1]
[force_row_wise: 0]
[histogram_pool_size: -1]
[max_depth: -1]
[min_data_in_leaf: 100]
[min_sum_hessian_in_leaf: 0.001]
[bagging_fraction: 0.85]
[pos_bagging_fraction: 1]
[neg_bagging_fraction: 1]
[bagging_freq: 1]
[bagging_seed: 11]
[bagging_by_query: 0]
[feature_fraction: 0.8]
[feature_fraction_bynode: 1]
[feature_fraction_seed: 11]
[extra_trees: 0]
[extra_seed: 22223]
[early_stopping_round: 0]
[early_stopping_min_delta: 0]
[first_metric_only: 0]
[max_delta_step: 0]
[lambda_l1: 0.5]
[lambda_l2: 6]
[linear_lambda: 0]
[min_gain_to_split: 0]
[drop_rate: 0.1]
[max_drop: 50]
[skip_drop: 0.5]
[xgboost_dart_mode: 0]
[uniform_drop: 0]
[drop_seed: 21136]
[top_rate: 0.2]
[other_rate: 0.1]
[min_data_per_group: 100]
[max_cat_threshold: 32]
[cat_l2: 10]
[cat_smooth: 10]
[max_cat_to_onehot: 4]
[top_k: 20]
[monotone_constraints: ]
[monotone_constraints_method: basic]
[monotone_penalty: 0]
[feature_contri: ]
[forcedsplits_filename: ]
[refit_decay_rate: 0.9]
[cegb_tradeoff: 1]
[cegb_penalty_split: 0]
[cegb_penalty_feature_lazy: ]
[cegb_penalty_feature_coupled: ]
[path_smooth: 0]
[interaction_constraints: ]
[verbosity: -1]
[saved_feature_importance_type: 0]
[use_quantized_grad: 0]
[num_grad_quant_bins: 4]
[quant_train_renew_leaf: 0]
[stochastic_rounding: 1]
[linear_tree: 0]
[max_bin: 127]
[max_bin_by_feature: ]
[min_data_in_bin: 3]
[bin_construct_sample_cnt: 200000]
[data_random_seed: 11]
[is_enable_sparse: 1]
[enable_bundle: 1]
[use_missing: 1]
[zero_as_missing: 0]
[feature_pre_filter: 1]
[pre_partition: 0]
[two_round: 0]
[header: 0]
[label_column: ]
[weight_column: ]
[group_column: ]
[ignore_column: ]
[categorical_feature: ]
[forcedbins_filename: ]
[precise_float_parser: 0]
[parser_config_file: ]
[objective_seed: 24011]
[num_class: 1]
[is_unbalance: 0]
[scale_pos_weight: 1]
[sigmoid: 1]
[boost_from_average: 1]
[reg_sqrt: 0]
[alpha: 0.9]
[fair_c: 1]
[poisson_max_delta_step: 0.7]
[tweedie_variance_power: 1.5]
[lambdarank_truncation_level: 30]
[lambdarank_norm: 1]
[label_gain: 0,1,2,3,4,5,6,7,8,9]
[lambdarank_position_bias_regularization: 0]
[eval_at: ]
[multi_error_top_k: 1]
[auc_mu_weights: ]
[num_machines: 1]
[local_listen_port: 12400]
[time_out: 120]
[machine_list_filename: ]
[machines: ]
[gpu_platform_id: -1]
[gpu_device_id: -1]
[gpu_use_dp: 0]
[num_gpu: 1]

end of parameters
