tree
version=v4
num_class=1
num_tree_per_iteration=1
label_index=0
max_feature_idx=41
objective=lambdarank
feature_names=Column_0 Column_1 Column_2 Column_3 Column_4 Column_5 Column_6 Column_7 Column_8 Column_9 Column_10 Column_11 Column_12 Column_13 Column_14 Column_15 Column_16 Column_17 Column_18 Column_19 Column_20 Column_21 Column_22 Column_23 Column_24 Column_25 Column_26 Column_27 Column_28 Column_29 Column_30 Column_31 Column_32 Column_33 Column_34 Column_35 Column_36 Column_37 Column_38 Column_39 Column_40 Column_41
feature_infos=[-0.49333333969116211:0.5] [-0.49333333969116211:0.5] [-0.49333333969116211:0.5] [-0.49333333969116211:0.5] [-0.49333333969116211:0.5] [-0.49333333969116211:0.5] [-0.49333333969116211:0.5] [-0.49333333969116211:0.5] [-0.49333333969116211:0.5] [-0.49333333969116211:0.5] [-0.49333333969116211:0.5] [-0.49333333969116211:0.5] [-0.49333333969116211:0.5] [-0.49333333969116211:0.5] [-0.49333333969116211:0.5] [-0.49333333969116211:0.5] [-0.49333333969116211:0.5] [-0.49333333969116211:0.5] [-0.49333333969116211:0.5] [-0.49333333969116211:0.5] [-0.49333333969116211:0.5] [-0.49333333969116211:0.5] [-0.49333333969116211:0.5] [-0.49333333969116211:0.5] [-0.49333333969116211:0.5] [-0.49333333969116211:0.5] [-0.49333333969116211:0.5] [-0.49333333969116211:0.5] [-0.49333333969116211:0.5] [-0.49333333969116211:0.5] [-0.49333333969116211:0.5] [-0.49333333969116211:0.5] [-0.49333333969116211:0.5] [-0.49333333969116211:0.5] [-0.49333333969116211:0.5] [-0.49333333969116211:0.5] [-0.49333333969116211:0.5] [-0.19358730316162109:0.17891311645507812] [-0.30310726165771484:0.35332202911376953] [0.0081312190741300583:0.048908930271863937] [0.013333333656191826:1] [0.0183396115899086:0.21580970287322998]
tree_sizes=3447 3527 3503 3444 3483 3498 3467 3447 3489 3441 3484 3491 3495 3416 3379 3411 3464 3463 3420 3445 3441 3520 3413 3478 3478 3464 3388 3392 3469 3521 3490 3451 3470 3425 3398 3481 3477 3391 3448 3389 3461 3508 3391 3472 3507 3380 3501 3485 3477 3434 3401 3483 3463 3484 3460 3411 3446 3469 3467 3483 3465 3508 3451 3470 3426 3393 3360 3485 3423 3421 3445 3431 3496 3419 3525 3474 3392 3514 3476 3522 3444 3436 3476 3448 3399 3443 3482 3493 3525 3409 3350 3470 3411 3509 3543 3467 3446 3443 3520 3473 3507 3550 3384 3414 3493 3518 3484 3506 3495 3418 3474 3498 3477 3453 3438 3459 3433 3495 3447 3509 3480 3433 3382 3493 3423 3523 3494 3462 3495 3378 3561 3440 3392 3464 3483 3498 3428 3391 3444 3491 3396 3425 3481 3408 3467 3477 3471 3491 3470 3427 3456 3457 3462 3409 3490 3412 3408 3498 3457 3428

Tree=0
num_leaves=31
num_cat=0
split_feature=19 10 27 18 27 19 14 27 24 9 17 21 28 30 33 37 12 10 39 39 29 41 9 5 37 2 10 19 36 39
split_gain=25.7884 2.94299 3.22439 2.30934 2.08547 1.81904 1.71721 2.3386 2.52977 1.86169 1.53801 1.46586 1.03596 1.13561 1.37472 1.00799 0.888521 0.825368 0.763512 0.749339 0.777487 0.77303 0.746577 0.727522 0.570056 0.573385 0.503604 0.490207 0.488904 0.592021
threshold=0.083333313465118422 0.083333313465118422 -0.10999999940395354 0.096666663885116591 0.35000002384185797 -0.030000001192092892 0.24333333969116214 0.083333313465118422 0.069999992847442641 0.43000000715255743 0.23666667938232425 -0.24333333969116208 0.14833331108093264 -0.32333332300186152 -0.32999998331069941 -0.038703918457031243 0.069999992847442641 0.48333334922790533 0.020347160287201408 0.038017518818378455 -0.32999998331069941 0.11733744293451311 0.13666665554046634 -0.32999998331069941 -0.045488357543945306 -0.4433333277702331 0.31000000238418585 0.20333331823349002 0.43000000715255743 0.02714524976909161
decision_type=2 2 2 2 2 2 2 2 2 2 2 2 2 2 2 2 2 2 2 2 2 2 2 2 2 2 2 2 2 2
left_child=3 2 11 5 10 19 28 15 9 -9 18 -2 13 14 -6 26 -13 -17 -4 20 -1 24 -12 -18 -22 -26 -8 -15 29 -3
right_child=1 6 4 -5 12 -7 7 8 -10 -11 22 16 -14 27 -16 17 23 -19 -20 -21 21 -23 -24 -25 25 -27 -28 -29 -30 -31
leaf_value=0.00015833654964473996 -0.0045712356941948048 -0.010380222204862644 -0.011555969943938774 0 -0.0004475138936475291 0.00095414501522379151 0.0025726866841398865 -0.0058919355192134145 -0.018931147007599288 0.019787861332159203 -0.024145735064248205 -0.00032901732413554894 -0.011035791756657223 0.004450067685379434 0.024232307056185638 -0.032852855042665573 0 -0.00013259842824030996 0.001087509732236859 0.00022051994544092392 0.0077129428610988818 0 0 0.023550721832989719 0 0.020034816792122531 -0.01172355791268446 -0.0093426278906309761 0.0045281120972451979 0.0031128473557050446
leaf_weight=10.476493731839581 8.534927040338518 29.303163124015555 14.533045841148121 37.922848771326244 6.7075541275553405 31.057081113336608 3.4595751119777551 10.536506698699673 15.352887137560172 5.8548920303583136 27.691020729020241 3.7834320464171496 7.0972220776602617 4.2272003847174355 6.0385817247442901 38.736070472979918 1.6703826803714061 3.6834503621794275 19.114803532604128 11.371048900997264 31.70778542663902 4.1324883587658396 3.6779315846506497 11.477439497830341 1.4351967349648465 111.13332349620759 9.0797547269612533 8.0106874920893443 3.1115596683230242 4.2450944872107348
leaf_count=845 494 1717 819 2534 464 2182 163 625 847 249 1218 239 385 247 199 1512 151 255 1074 759 2407 257 195 653 116 8956 361 508 247 337
internal_value=-0.000366863 -0.0116465 -0.00544655 0.0111275 -0.00964016 0.013203 -0.0170747 -0.0209327 -0.00707614 0.00500866 -0.0144331 0.00853773 0.000160517 0.00566908 0.0139248 -0.0270419 0.0157031 -0.0308965 -0.00466524 0.015187 0.0160595 0.0169704 -0.0218103 0.0202797 0.0175719 0.0196073 -0.00687467 -0.00331096 -0.00570338 -0.00782748
internal_weight=485.163 245.927 122.564 239.236 97.098 201.313 123.363 86.7031 31.7443 16.3914 65.0168 25.4662 32.0812 24.984 12.7461 54.9589 16.9313 42.4195 33.6478 170.256 158.885 148.409 31.369 13.1478 144.276 112.569 12.5393 12.2379 36.6598 33.5483
internal_count=31015 12959 6646 18056 5109 15522 6313 4012 1721 874 3306 1537 1803 1418 663 2291 1043 1767 1893 13340 12581 11736 1413 804 11479 9072 524 755 2301 2054
is_linear=0
shrinkage=0.05


Tree=1
num_leaves=31
num_cat=0
split_feature=19 31 9 19 8 31 3 41 3 14 13 7 32 37 38 37 32 36 15 26 41 21 38 36 13 40 40 41 38 14
split_gain=32.0422 12.5924 10.7757 10.3913 8.96655 9.89049 6.72936 6.05235 5.15374 4.43648 4.40104 3.92988 3.85521 3.72416 3.45123 3.42718 3.39766 3.12989 3.99588 2.96262 2.95862 3.18185 2.42567 2.41689 2.64227 2.46951 3.37447 2.25553 2.23082 2.38887
threshold=-0.076666668057441698 0.29666668176651007 -0.023333340883255001 -0.40333333611488337 -0.43000000715255732 0.47666668891906744 -0.23499999940395352 0.04280181601643563 0.18999999761581424 0.12333333492279054 0.48333334922790533 0.4499999880790711 -0.030000001192092892 -0.054805755615234368 -0.044083595275878899 -0.033957481384277337 0.37666666507720953 -0.14333333075046537 0.26333332061767584 -0.37666666507720942 0.029639761894941333 0.37666666507720953 -0.022851467132568356 0.40333333611488348 0.096666663885116591 0.88333332538604747 0.93000000715255748 0.027160478755831722 -0.02507686614990234 -0.32999998331069941
decision_type=2 2 2 2 2 2 2 2 2 2 2 2 2 2 2 2 2 2 2 2 2 2 2 2 2 2 2 2 2 2
left_child=3 8 4 13 14 6 7 -6 9 17 23 15 -11 -1 -3 -4 -14 18 -2 -15 -8 -22 -21 24 -10 -26 -27 -17 -5 -30
right_child=1 2 11 28 5 -7 20 -9 10 12 -12 -13 16 19 -16 27 -18 -19 -20 22 21 -23 -24 -25 25 26 -28 -29 29 -31
leaf_value=-0.00078482607627164142 -0.019239538512724755 0.0040563162540321772 0.0010841307408400089 -0.00040994834976657761 -0.030050120295881302 0.042503464922544046 -0.0061601508922706572 0.010905843171930827 -0.01095535863850091 -0.025094097153733792 0.010139338386360053 0.0087240448379937684 0.0046462584772585464 -8.4833727554347354e-05 -0.031587903491176954 0.0020234608029769275 -0.019857196891553849 0.0051018719167349206 0.010357370505184569 0.010395195871204226 0.022972284209816018 -0.0081130481613775601 0.031956972365438194 -0.0035728739314233359 -0.039249678809847206 0.013529397613814784 -0.023213502371583632 -0.0278327708747391 0.015074755260215213 0.0036542826470464685
leaf_weight=15.088438413105903 34.07554407697171 7.5088083017617491 14.072116134455426 158.77422774909064 14.562270159367474 19.731245912145823 9.68417985527776 10.655146387405692 27.396443086210638 57.812656241236255 4.9395417838823041 10.882324804551898 30.786430913023651 9.672297725453971 10.834182939957826 4.6145239304751149 16.539819743484259 58.564460278488696 10.343140479642896 30.518175302073359 49.133305416442454 5.2917002718895665 65.624073806684464 14.88395774620585 53.582266151439399 5.1682736356742671 8.0178174800239486 43.384840387385339 63.433977364562452 180.62150661228225
leaf_count=433 1331 199 560 4090 333 247 211 285 1237 2198 160 401 1168 234 387 152 745 2392 335 789 1035 119 1489 622 1805 129 191 1705 1419 4628
internal_value=-0.000528697 -0.00925896 0.000483446 0.00813947 0.0092485 0.0148683 0.00621076 -0.0131741 -0.015293 -0.00992585 -0.0238978 -0.0140461 -0.0168976 0.02069 -0.0185664 -0.0188225 -0.00471922 -0.00204035 -0.0114395 0.0238535 0.0146673 0.0190307 0.0263701 -0.0261052 -0.0289898 -0.0345327 -0.00778182 -0.0245936 0.00406311 0.00701312
internal_weight=1046.2 522.465 200.355 523.733 127.401 109.058 89.3266 25.2174 322.11 208.122 113.988 72.9538 105.139 120.903 18.343 62.0715 47.3263 102.983 44.4187 105.815 64.1092 54.425 96.1422 109.049 94.1648 66.7684 13.1861 47.9994 402.83 244.055
internal_count=31029 17947 5634 13082 2816 2230 1983 618 12313 8169 4144 2818 4111 2945 586 2417 1913 4058 1666 2512 1365 1154 2278 3984 3362 2125 320 1857 10137 6047
is_linear=0
shrinkage=0.05


Tree=2
num_leaves=31
num_cat=0
split_feature=18 27 16 39 38 39 31 38 7 38 16 33 38 41 16 16 39 37 37 16 41 30 23 25 41 27 25 31 31 27
split_gain=82.6972 11.9223 11.8242 8.22792 7.81971 8.5324 7.53079 6.72392 5.80438 4.48921 4.87339 4.53965 4.27685 4.24887 3.78671 3.71358 3.06199 2.79822 2.78671 3.25317 2.78252 2.78083 3.63309 2.71695 2.61715 2.33771 2.33605 3.47321 1.97213 3.99178
threshold=-0.33666665852069849 -0.17000000178813932 -0.41666667163372034 0.029205097816884521 -0.022851467132568356 0.0300090815871954 0.33666664361953741 -0.022851467132568356 0.41666668653488165 0.074303150177001967 0.17666667699813846 0.32999998331069952 -0.040988445281982415 0.038504686206579215 -0.25666666030883784 -0.29666668176650995 0.035185091197490699 -0.053801536560058587 -0.072489261627197252 -0.2766666561365127 0.033889178186655051 0.31000000238418585 -0.12333333492279051 -0.12999999523162839 0.039123736321926124 -0.26999998092651362 0.18333333730697635 -0.25666666030883784 0.47666668891906744 0.41000002622604376
decision_type=2 2 2 2 2 2 2 2 2 2 2 2 2 2 2 2 2 2 2 2 2 2 2 2 2 2 2 2 2 2
left_child=2 8 3 7 6 18 17 24 9 10 14 13 23 20 25 -11 -5 -3 -6 -20 -12 22 -9 -8 -1 -2 27 -4 -21 -30
right_child=1 4 26 16 5 -7 12 21 -10 15 11 -13 -14 -15 -16 -17 -18 -19 19 28 -22 -23 -24 -25 -26 -27 -28 -29 29 -31
leaf_value=0.022763858017828334 0.014456597396771379 -0.0033665334265314041 0.020046749592527675 -0.01483577062006847 0.00068852926292647509 0.0053208133445441725 0.0094844847160717484 -0.0010250605387561911 -0.026001128798910957 0.0050474427089493255 0.014032077081461839 -0.012911080390904521 0.027105737720660564 0.033053118064061374 -0.0093454703515360518 -0.023923628376347095 0.015753179091269987 -0.019759534456510578 -0.0080739644174893793 -0.031540524782639037 -0.015469284087794709 0.044019580852758831 0.029495044007377142 -0.011444930724379663 0 -0.0079039420708635552 -0.0056446491578449817 0.0031742826966448621 -0.02346355807448745 0.01797562132014446
leaf_weight=20.431481942534447 35.573710576631129 45.183660282287747 53.370029760990292 11.967122162692251 7.2916618548333636 20.882646443787962 23.126083734445274 12.616743111517279 15.833141658920793 13.174551744945346 14.330893944017591 6.4336824531201264 11.221398877445607 26.622770939953625 60.43372538802214 22.589561393950135 8.9177139205858094 89.905089796986431 28.549507085233927 148.18523723213002 6.9052481600083402 81.115512403659523 19.766121430322528 26.550018500769511 23.179477077908814 10.271818156819789 19.553746963851154 77.345296241808683 6.3236082228831929 4.7823539660312235
leaf_count=275 953 1802 854 107 231 981 571 126 737 281 413 250 260 572 2523 1167 153 4468 865 8709 209 706 215 559 375 260 567 1620 266 49
internal_value=-0.000632891 -0.0113175 0.0194468 0.0280708 -0.0162249 -0.0227921 -0.00840077 0.0318585 -0.0014893 0.00107626 0.00483245 0.0162276 0.0055385 0.0216108 -0.00132216 -0.0134609 -0.000243806 -0.01483 -0.0259939 -0.0271479 0.00222681 0.0382907 0.0186513 -0.00128038 0.0120082 0.00862954 0.00838615 0.0108235 -0.0299981 -0.00411179
internal_weight=952.434 624.17 328.263 177.994 412.001 216.015 195.986 157.109 212.169 196.336 160.572 54.2926 60.8975 47.8589 106.279 35.7641 20.8848 135.089 195.132 187.841 21.2361 113.498 32.3829 49.6761 43.611 45.8455 150.269 130.715 159.291 11.106
internal_count=31124 26126 4998 1957 18761 11101 7660 1697 7365 6628 5180 1444 1390 1194 3736 1448 260 6270 10120 9889 622 1047 341 1130 650 1213 3041 2474 9024 315
is_linear=0
shrinkage=0.05


Tree=3
num_leaves=31
num_cat=0
split_feature=19 27 30 31 16 8 16 38 14 38 31 5 10 38 3 12 12 41 38 38 27 25 31 19 16 2 14 41 17 38
split_gain=104.487 29.7292 14.2949 9.50032 9.19395 16.2853 10.824 10.646 8.71572 5.89036 7.33463 3.80444 3.6699 3.15307 3.09434 2.97671 2.60025 2.58871 2.557 2.36373 2.25352 2.04182 1.89105 1.83516 2.38392 1.7749 1.73373 1.55166 1.74851 1.52573
threshold=-0.37666666507720942 -0.17000000178813932 0.38333332538604742 0.47666668891906744 0.17666667699813846 0.21666666865348819 -0.25666666030883784 -0.043200969696044915 -0.32999998331069941 -0.022851467132568356 0.33666664361953741 -0.31000000238418574 -0.33666665852069849 -0.020427703857421872 0.31000000238418585 -0.3899999856948852 -0.30333334207534784 0.038634473457932479 0.31014394760131841 -0.054368019104003899 -0.22333332896232602 0.21666666865348819 0.2833333313465119 -0.29666668176650995 -0.43000000715255732 0.14333331584930423 -0.26333332061767573 0.027909388765692714 -0.3899999856948852 -0.01629543304443359
decision_type=2 2 2 2 2 2 2 2 2 2 2 2 2 2 2 2 2 2 2 2 2 2 2 2 2 2 2 2 2 2
left_child=2 4 15 8 6 7 16 -6 23 10 27 -9 -5 -4 22 19 29 -12 -11 20 -1 -15 -13 -3 -25 -14 -18 -10 -29 -2
right_child=1 3 13 12 5 -7 -8 11 9 18 17 14 25 21 -16 -17 26 -19 -20 -21 -22 -23 -24 24 -26 -27 -28 28 -30 -31
leaf_value=-0.0099761836676642637 -0.015685871500851909 0.0088978466714391396 0.019936034030870811 0.024772538629500743 0.040585650481919686 -0.026501528036157768 -0.020663530154430121 -0.018236939260892097 -0.0030165360354937809 -0.033598134700009961 -0.013574752011591732 -0.0014700196829577771 0.0048877446070247216 0.046130342583057517 -0.010455612203311425 0.0046623822328548861 0.018250115035065278 0.0093251183718652889 0.0035220762796887074 0.02349668679107577 0.015447088048705716 0.01565541385354962 0.027393010780906186 0.01278338350132288 -0.017873634729503696 -0.021819357402280099 0 0 -0.027856279702207495 0.005143488086472062
leaf_weight=10.888120899908246 11.485272228717806 19.944703206419945 48.455534594133496 10.115280063822867 38.385825732955709 14.020466061541809 58.932885061949492 8.820536168292163 12.547496099490671 152.4385233768262 13.270773934666066 4.8062424557283583 8.0806657597422582 75.084310596808791 5.8906272547319523 74.767311816569418 34.741931993048638 27.785237294156104 2.4188818666152647 66.997983125038445 11.409906207583843 17.63916002959013 15.259055422618983 3.052006482146683 15.956562069710342 4.9204759020358315 16.777643777430058 6.0015258570201686 79.848477566614747 10.845535574015228
leaf_count=168 251 573 561 168 466 774 3687 290 786 10399 450 180 231 490 133 1345 754 723 134 899 163 139 294 75 572 145 603 267 5224 261
internal_value=0.000650438 -0.0118247 0.0240597 -0.0206365 0.00251008 0.0146778 -0.005588 0.0242955 -0.0227935 -0.0256805 -0.0166277 0.00237537 0.00789113 0.0356447 0.0122713 0.0130377 0.00677795 0.000604713 -0.0327532 0.0190529 0.00266638 0.04189 0.0207734 0 -0.0100657 -0.00760244 0.0126713 -0.0236788 -0.0260323 -0.00574029
internal_weight=881.589 576.347 305.242 356.381 219.966 87.1828 132.783 73.1623 333.264 294.311 139.454 34.7765 23.1164 141.179 25.9559 164.063 73.8504 41.056 154.857 89.296 22.298 92.7235 20.0653 38.9533 19.0086 13.0011 51.5196 98.3975 85.85 22.3308
internal_count=31205 27440 3765 19747 7693 2137 5556 1363 19203 17983 7450 897 544 1190 607 2575 1869 1173 10533 1230 331 629 474 1220 647 376 1357 6277 5491 512
is_linear=0
shrinkage=0.05


Tree=4
num_leaves=31
num_cat=0
split_feature=19 26 19 9 16 16 37 21 37 14 37 16 28 18 3 36 25 33 20 41 41 26 25 41 32 18 30 5 36 41
split_gain=89.9057 22.9074 13.6497 12.2766 7.94284 7.80854 7.76593 5.15918 3.55045 2.96353 2.78589 2.6551 2.37432 2.10327 2.2369 1.87268 1.76399 1.63349 1.54454 1.53933 2.39107 1.51396 1.3917 1.30173 1.25264 1.2223 1.01297 0.98975 0.982632 0.835638
threshold=-0.33666665852069849 0.21666666865348819 -0.4433333277702331 -1.0000000180025095e-35 -0.25666666030883784 0.17666667699813846 -0.054805755615234368 -0.22999998927116391 -0.054805755615234368 -0.29000000655651087 0.034357547760009773 -0.36333334445953364 0.14833331108093264 0.083333313465118422 0.37000000476837164 -0.096666663885116563 -0.049999997019767754 -0.36333334445953364 -0.28333333134651179 0.046853924170136459 0.053742660209536559 0.2833333313465119 0.20333331823349002 0.17646690458059314 0.18999999761581424 -0.36333334445953364 -0.33666665852069849 -0.090000003576278673 0.030000001192092899 0.038634473457932479
decision_type=2 2 2 2 2 2 2 2 2 2 2 2 2 2 2 2 2 2 2 2 2 2 2 2 2 2 2 2 2 2
left_child=2 8 6 5 29 9 -1 17 27 -3 16 -10 21 -9 -15 -6 25 -7 -14 -13 26 -8 -18 -22 -24 -4 -21 -2 -12 -5
right_child=1 3 10 4 15 7 12 13 11 -11 28 19 18 14 -16 -17 22 -19 -20 20 23 -23 24 -25 -26 -27 -28 -29 -30 -31
leaf_value=0 0 0.0096220635402655876 0.0030276993100208714 0.011393252054916522 -0.0015165442432415167 -0.016278561993913608 0.019625255041219897 0.0026521904575779257 -0.00013930097098147084 -0.017551239929733946 0.02427417827429974 -0.029364148277988507 0.015672852370166895 0.037568291681495961 0.0028839643831776447 -0.028609769123814927 0.014647886142932096 0.0079221134386743049 0.038511578422712245 0.0048822239446779415 -0.025066643556526415 -0.0017389350604249303 -0.014489472480982294 0.0021950488233350835 0.0083587693110611563 -0.0099520980877711857 -0.010077067206184835 -0.013346102409855782 0.0056937099654435722 -0.0015135985417058413
leaf_weight=19.382899390533566 24.160847828257829 10.320366382598879 39.806846453342587 16.323800732381642 10.496777547057716 5.9823419153690329 14.342928326688709 10.147288715001194 13.057186746969817 19.605721327476203 25.783508633263409 147.94629322551191 24.820418557152152 34.164797274395823 8.2776142256334406 41.186399026541039 35.399928741157055 9.894761133939026 113.4222785779275 10.407315465155987 52.204865930601954 9.1916763205081207 5.4839333826675993 1.9518706328235556 5.8167293220758438 22.854797127656639 26.24282052484341 26.080572571605444 20.73994955373928 19.576718867756426
leaf_count=242 1305 296 754 469 449 131 167 163 521 1352 551 10209 212 408 106 2694 711 182 943 509 3318 90 113 83 99 693 1736 1536 394 560
internal_value=0.000288466 -0.013338 0.0199801 0.000375205 -0.0126559 0.0122749 0.0291995 0.0211341 -0.0217053 -0.00744241 0.00842626 -0.0241825 0.0326624 0.0280412 0.0325149 -0.0242707 0.00338345 -0.00201741 0.0354069 -0.0253597 -0.0171615 0.0117766 0.0102238 -0.0235476 -0.00246365 -0.00179833 -0.00515377 -0.00758977 0.0180637 0.00454953
internal_weight=825.074 488.028 337.046 185.977 87.5837 98.3929 181.16 68.4668 302.052 29.9261 155.886 251.81 161.777 52.5897 42.4424 51.6832 109.362 15.8771 138.243 238.753 90.8069 23.5346 46.7006 54.1567 11.3007 62.6616 36.6501 50.2414 46.5235 35.9005
internal_count=30996 26027 4969 6810 4172 2638 1654 990 19217 1648 3315 16376 1412 677 514 3143 2370 313 1155 15855 5646 257 923 3401 212 1447 2245 2841 945 1029
is_linear=0
shrinkage=0.05


Tree=5
num_leaves=31
num_cat=0
split_feature=19 27 19 9 31 37 31 14 37 39 38 31 14 38 38 38 38 29 40 39 26 39 26 27 32 11 6 5 38 38
split_gain=82.3631 26.1867 12.0825 9.64212 8.51927 6.62186 5.82274 5.28876 3.67351 3.44935 3.24542 2.57061 2.26651 2.09421 1.95545 1.80842 1.70437 1.57434 1.50441 1.35285 1.31421 1.22952 1.17923 1.17629 1.15376 1.15103 0.961811 0.921444 1.99353 1.29607
threshold=-0.31000000238418574 -0.17000000178813932 -0.4433333277702331 -1.0000000180025095e-35 0.30333334207534796 -0.054805755615234368 0.46999999880790716 -0.19666665792465207 -0.054805755615234368 0.020347160287201408 0.032184123992919929 -0.25666666030883784 -0.36333334445953364 0.31014394760131841 -0.081275463104248033 -0.022851467132568356 0.040137290954589851 -0.43000000715255732 0.18666666746139529 0.024349682964384559 0.26999998092651373 0.022928732447326187 0.34333333373069769 -0.12999999523162839 -0.076666668057441698 0.056666672229766853 0.18999999761581424 1.0000000180025095e-35 0.01596927642822266 0.11019897460937501
decision_type=2 2 2 2 2 2 2 2 2 2 2 2 2 2 2 2 2 2 2 2 2 2 2 2 2 2 2 2 2 2
left_child=2 3 5 4 14 21 8 22 19 -4 17 27 -10 -14 20 18 23 -6 -8 -3 -2 -1 -5 26 -18 -19 -11 28 -7 -30
right_child=1 6 9 7 10 11 15 -9 12 16 -12 -13 13 -15 -16 -17 24 25 -20 -21 -22 -23 -24 -25 -26 -27 -28 -29 29 -31
leaf_value=0.0082930982890935239 -0.0074798212036028128 -0.015832740633305701 0.014746267109256115 -0.0061251835525037955 0.0016160585793416728 0.00090526865050290716 -0.004002042171703901 -0.020898469299557808 0 -0.0039360246219333032 -0.0020814991611331 0.0080225474015230818 -0.031155072369407816 0.0038440365860924657 -0.011875953519526037 -0.011499991663315204 -0.00018071903615496054 0.0055566023274208065 0.022933281134207353 0.00067867569774203483 0.014992663131190746 -0.011978996931715225 0.012216609397735948 -0.011821104616425479 0.016221853961593702 0.035702157242104453 0.010552058367049909 0.035666216380151362 0.031869062274241772 0.00741381028318331
leaf_weight=8.1109950905665773 4.3032384957186869 26.266548149753362 74.097909311763942 7.7983549702912596 7.7815516027621916 13.811165204271672 4.134524928871544 51.697709019994363 7.4403535765595725 24.987680389545858 8.4657313884235901 21.546180995181203 187.11960722994991 1.808755476027726 30.370628982549533 7.5323021640069774 14.76742088282481 8.5257515413686615 6.1161597510799766 14.909536684397606 10.740448815748094 9.1148976748809201 15.958628283347933 23.713226524181664 16.433304625563323 29.834744253195822 11.600241118110715 99.64254280179739 24.675273472443223 15.963696103543041
leaf_count=118 187 1640 1811 285 98 141 115 3228 340 595 269 228 14712 123 1559 402 368 177 156 1030 272 130 418 764 354 304 230 730 199 131
internal_value=8.16892e-05 -0.0145306 0.0176615 0.000259996 0.0103208 0.0260639 -0.0245638 -0.0125475 -0.0265902 0.0071609 0.022724 0.0288882 -0.0295462 -0.0305837 -0.00501841 0.00133218 0.000232447 0.0274704 0.0130643 -0.00999822 0.00707659 -0.00168077 0.00533463 -0.00433616 0.00900941 0.0312235 0.000909894 0.0312396 0.0199894 0.0249883
internal_weight=789.269 430.805 358.465 175.477 100.022 192.865 255.328 75.4547 237.545 165.6 54.6078 175.639 196.369 188.928 45.4143 17.783 91.5019 46.142 10.2507 41.1761 15.0437 17.2259 23.757 60.3011 31.2007 38.3605 36.5879 154.093 54.4501 40.639
internal_count=31114 25315 5799 6797 2866 1677 18518 3931 17845 4122 848 1429 15175 14835 2018 673 2311 579 271 2670 459 248 703 1589 722 481 825 1201 471 330
is_linear=0
shrinkage=0.05


Tree=6
num_leaves=31
num_cat=0
split_feature=16 27 13 9 16 39 38 19 38 39 38 27 37 38 39 25 37 26 39 38 14 13 38 39 16 37 8 38 38 16
split_gain=72.3419 13.5272 11.7119 10.2602 6.72091 4.45074 4.26601 3.70924 4.20091 3.85001 3.39875 3.98206 3.36064 3.23898 4.17153 2.11383 2.00593 1.7418 1.61769 1.84706 1.61448 1.97086 1.5476 1.37828 1.3663 1.27651 1.23024 1.13583 1.05385 0.986084
threshold=-0.28333333134651179 -0.17000000178813932 -0.45666666328907007 1.0000000180025095e-35 0.17666667699813846 0.0300090815871954 -0.020427703857421872 -0.32333332300186152 -0.022851467132568356 0.0300090815871954 -0.054368019104003899 -0.10333332419395445 -0.070494174957275377 -0.048716068267822259 0.025566946715116504 -0.069999992847442613 -0.070494174957275377 0.3966666460037232 0.015892331488430503 -0.027189254760742184 -0.21666666865348813 -0.31666666269302363 -0.085764408111572252 0.024153697304427627 0.30333334207534796 -0.061517238616943352 -0.016666665673255917 0.0070109367370605477 0.13006353378295901 -0.25666666030883784
decision_type=2 2 2 2 2 2 2 2 2 2 2 2 2 2 2 2 2 2 2 2 2 2 2 2 2 2 2 2 2 2
left_child=2 3 5 4 29 6 15 -3 18 16 22 12 -12 17 24 -1 -10 -6 -9 25 -5 -22 23 -4 -15 -20 -13 -26 -28 -2
right_child=1 7 10 20 13 -7 -8 8 9 -11 11 26 -14 14 -16 -17 -18 -19 19 -21 21 -23 -24 -25 27 -27 28 -29 -30 -31
leaf_value=-0.00091081671519398764 0.0034145010675323637 -0.0016073025771251891 0.010857363241995332 6.7165711180463842e-05 0.031469661896312055 6.0988965773402514e-05 0.03686124827593542 0.0014616269566729994 0 0 -0.010441415556247545 0.0069793603514267076 0.018321137210412366 0.0027217080706527456 0.023218306476665077 0.020180930565461677 -0.033974269178065779 0.003316112358583203 -0.006752554851622317 0.0056991631969509661 0.0037783751984632749 -0.02624284478380931 -0.013441082585258824 -0.0046347593690763611 -0.025627499438713869 -0.022797593937470804 -0.012031315088447129 0 0.0072383789032447396 -0.01428327213712202
leaf_weight=14.168296041898428 5.0690275556407896 24.539161077234894 21.62677113711834 6.231169545557349 23.772162618115544 15.455985086970029 83.35848322045058 10.855456670746205 3.676547651179134 10.685900987591593 6.1204440891742697 21.437219426967204 119.68758701067418 10.1640218985267 9.6657979907467944 27.962843043729663 107.84000873472542 11.246860524639485 30.870774543378502 4.582152653951197 3.0519020650535813 38.14226699527353 13.958639721386133 22.214998837094754 6.6666754367761296 53.570068152621388 20.827901719603691 6.0181346219033003 3.4214448467828324 26.095228686695918
leaf_count=144 148 818 508 245 223 162 626 822 276 847 98 642 2342 221 180 279 9006 114 1823 293 107 2813 364 568 101 4242 853 163 121 1878
internal_value=0.000193669 -0.0146142 0.0159505 -0.00221636 0.00679321 0.0271339 0.0301233 -0.0216338 -0.0236366 -0.0301786 0.0084533 0.0119052 0.0163206 0.0153925 0.00227842 0.0133392 -0.0327943 0.0248449 -0.0141396 -0.0162773 -0.0200915 -0.0232914 -0.00155299 0.00289284 -0.00869986 -0.0180452 -0.000253155 -0.0171248 -0.00758955 -0.0106454
internal_weight=762.984 392.743 370.241 146.123 98.6979 140.946 125.49 246.62 222.081 122.202 229.295 171.495 125.808 67.5337 32.5146 42.1311 111.517 35.019 99.8785 89.023 47.4253 41.1942 57.8004 43.8418 22.8488 84.4408 45.6866 12.6848 24.2493 31.1643
internal_count=31027 24320 6707 6193 3028 1211 1049 18127 17309 10129 5496 4056 2440 1002 665 423 9282 337 7180 6358 3165 2920 1440 1076 485 6065 1616 264 974 2026
is_linear=0
shrinkage=0.05


Tree=7
num_leaves=31
num_cat=0
split_feature=16 31 16 9 27 39 19 19 31 37 27 37 37 19 39 26 36 39 37 28 5 28 36 15 37 5 24 40 31 14
split_gain=62.303 12.0809 10.6399 9.12859 7.24284 4.77899 3.47559 3.23747 2.69835 2.61122 2.15394 2.09376 2.05463 1.93661 1.90605 1.69471 1.49533 1.42497 1.13914 1.13034 2.05262 1.06474 1.0051 0.965544 0.838053 0.836477 0.827831 0.747734 0.728615 0.613555
threshold=-0.26333332061767573 0.31000000238418585 -0.45666666328907007 -1.0000000180025095e-35 -0.17000000178813932 0.029205097816884521 -0.24999999999999997 -0.32333332300186152 0.47666668891906744 -0.042948246002197259 -0.26333332061767573 -0.054805755615234368 -0.042948246002197259 -0.45666666328907007 0.024213561788201336 0.069999992847442641 0.01666665077209473 0.020484371110796932 -0.17222404479980466 -0.33666665852069849 0.12333333492279054 0.43500000238418585 -0.10999999940395354 -0.4433333277702331 -0.054805755615234368 -0.036666661500930779 -0.12333333492279051 0.34000000357627874 -0.21666666865348813 -0.19666665792465207
decision_type=2 2 2 2 2 2 2 2 2 2 2 2 2 2 2 2 2 2 2 2 2 2 2 2 2 2 2 2 2 2
left_child=2 7 5 4 14 11 12 -2 24 -5 29 -1 17 -13 19 16 28 22 -9 -3 -21 25 -4 -18 -6 -17 -19 -10 -14 -8
right_child=1 3 6 9 8 -7 10 18 27 -11 -12 13 15 -15 -16 21 23 26 -20 20 -22 -23 -24 -25 -26 -27 -28 -29 -30 -31
leaf_value=0.0048455171565328463 -0.002772812827011987 -0.0061760839378062352 -0.001443513632478645 0.00083624643199358111 0 0 0.010099954268912192 0.0012745915750506836 -0.002516977368199674 -0.026678523892562641 -0.015370934404271159 0.032692118765315283 0.015351021786216524 0.0059755477158550709 0.027808337277578046 0.008465051935153128 0.0070791851125608252 0.0048635880349308554 -0.023620530408218789 0.020981344837875126 -0.0037598686767435444 -0.00042240739826339841 0.0176946389039098 -0.010645576727352613 -0.020363495443491572 0.021736229680096829 -0.010968788998164086 0.016557363716108282 0 -0.0034442467575391354
leaf_weight=14.002768860198556 26.329258447047323 6.7300854870118227 7.2496043662540641 8.6477558170445246 6.5501714493148055 17.760314581915736 13.473335505463185 2.1466105249710372 3.5266871890053135 29.546839273534715 19.564940385520458 99.769150886684656 17.895460877101872 13.030434694141148 22.914636236149818 38.924486605450511 5.0076110642403391 5.3565140413120416 206.0929231136106 13.818309917114677 9.3247824823483807 5.8439769688993684 8.8282862361520511 16.213920461013913 20.682938154321164 57.360337154474109 20.64501745114103 5.2581585925072432 9.8037607441656274 7.0229007520247242
leaf_count=158 976 140 155 527 365 171 312 143 133 2294 1307 683 396 209 302 746 72 106 16790 262 151 80 182 527 1590 1017 464 150 334 318
internal_value=0.000124181 -0.0145551 0.0142476 -0.00177437 0.00685714 0.024742 0.0071798 -0.0211541 -0.00912812 -0.0206154 -0.00523502 0.0279999 0.00996072 0.030274 0.0180078 0.0125899 0.00363694 0 -0.0232187 0.00639959 0.0114331 0.0162075 0.00988569 -0.00490623 -0.0164286 0.0174269 -0.00662563 0.00929512 0.0106323 0.00478656
internal_weight=739.322 361.569 377.753 127 88.8058 144.563 233.19 234.569 36.018 38.1946 40.0612 126.802 193.129 112.8 52.7878 151.05 48.9208 42.0794 208.24 29.8732 23.1431 102.129 16.0779 21.2215 27.2331 96.2848 26.0015 8.78485 27.6992 20.4962
internal_count=31060 23823 7237 5914 3093 1221 6016 17909 2238 2821 1937 1050 4079 892 855 3172 1329 907 16933 553 413 1843 337 599 1955 1763 570 283 730 630
is_linear=0
shrinkage=0.05


Tree=8
num_leaves=31
num_cat=0
split_feature=14 27 13 30 31 38 38 31 13 4 13 37 27 31 32 5 38 14 38 14 38 8 29 23 7 33 28 13 26 38
split_gain=55.4727 14.3283 8.58124 5.1769 3.56196 3.53072 3.07998 2.57891 2.49384 2.30973 2.23693 2.5469 2.18934 2.08191 1.7225 1.58541 2.25656 1.57028 1.51916 1.48185 1.43567 1.30597 1.53441 1.29509 1.22637 0.986762 0.8462 1.05967 0.740685 0.726039
threshold=-0.29666668176650995 -0.17000000178813932 -0.45666666328907007 -0.29000000655651087 0.46999999880790716 -0.040044307708740227 0.074303150177001967 -0.29666668176650995 0.35666668415069586 0.41000002622604376 -0.3899999856948852 -0.054805755615234368 -0.016666665673255917 0.47666668891906744 0.13666665554046634 0.25666666030883795 -0.038792133331298821 -0.33666665852069849 -0.022851467132568356 -0.25666666030883784 0.31014394760131841 -0.24999999999999997 0.35666668415069586 0.2833333313465119 0.17000001668930056 -0.40333333611488337 -0.0099999904632568342 0.17000001668930056 0.41666668653488165 0.11019897460937501
decision_type=2 2 2 2 2 2 2 2 2 2 2 2 2 2 2 2 2 2 2 2 2 2 2 2 2 2 2 2 2 2
left_child=2 3 7 5 10 -2 12 9 13 15 -3 -12 21 14 19 16 -1 -8 -6 -5 -13 -4 -23 -24 -16 -7 27 -27 -26 -18
right_child=1 4 6 8 18 25 17 -9 -10 -11 11 20 -14 -15 24 -17 29 -19 -20 -21 -22 22 23 -25 28 26 -28 -29 -30 -31
leaf_value=0 0.024457509828237248 0.00019345476848391018 -0.0049548108859952438 0.0047394582877115449 0.011183895082906757 -0.013501755398575958 0.020932918983186229 0.00038693102789502665 -0.022214876378509198 0.0036507186309247194 -0.0084099565526053171 -0.026894893340634846 -0.0069728554323817043 0.018845374186495723 0.013183327675676156 0.038098689223721859 0.027394125548486494 -0.0011076953507506318 -0.012084898369256476 -0.013337862492900841 0.0025498283807546857 0.012037311533615484 -0.0083480255862520836 0.009147153696220902 -0.0092606208540845416 -0.0039165055817299921 -0.0071611273627280037 0.019485660578390091 0.0049166052959799568 0.0070668863800689655
leaf_weight=13.901029690168796 21.812135539017618 8.0358222108334285 14.905043510254471 8.6973987310193461 9.8521410548128205 6.0078570521436658 41.950416924897581 13.088277798146008 15.576216712128369 15.042657069861887 35.456914165057242 164.00782119506039 32.374724095221609 3.9321986651048055 12.018280752934514 41.364672468975186 42.811765455640852 6.493422776926308 6.4298689900897434 48.897811529925093 1.6475707446224976 77.090289105661213 18.284652810543779 12.493272743187843 14.636453599669041 2.848296059994027 3.0876739313825938 6.0042260945774615 9.1115355743095261 14.618962999433277
leaf_count=148 350 314 418 300 279 239 834 149 765 125 2561 14463 1417 81 505 316 320 268 414 2821 123 1637 301 207 818 179 131 150 415 117
internal_value=0 -0.0130927 0.0144181 -0.000987836 -0.0209424 0.0131614 0.00732546 0.0237833 -0.00659517 0.0258686 -0.0226531 -0.0236659 0.0033848 -0.00270737 -0.0049499 0.0282892 0.0197628 0.0177229 9.31235e-05 -0.0100253 -0.0263775 0.00650783 0.0084889 -0.000232968 0.00289066 -0.002211 0.00469214 0.0117324 -0.00308622 0.0237719
internal_weight=722.479 378.06 344.419 152.63 225.43 39.7602 203.592 140.827 112.87 127.739 209.148 201.112 155.148 97.2937 93.3615 112.696 71.3318 48.4438 16.282 57.5952 165.655 122.773 107.868 30.7779 35.7663 17.9481 11.9402 8.85252 23.748 57.4307
internal_count=31165 24908 6257 6754 18154 1049 5082 1175 5705 1026 17461 17147 3980 4940 4859 901 585 1102 693 3121 14586 2563 2145 508 1738 699 460 329 1233 437
is_linear=0
shrinkage=0.05


Tree=9
num_leaves=31
num_cat=0
split_feature=16 19 27 9 16 27 31 25 38 39 38 38 41 13 39 37 39 38 27 31 24 35 13 19 38 39 38 18 37 39
split_gain=55.5343 10.6721 9.56308 8.65538 5.40174 3.29596 3.23546 3.15143 3.61555 5.20985 2.40187 2.35802 2.69818 1.78238 1.71902 1.54649 2.01257 1.42719 1.25305 2.07453 1.42071 1.18609 1.16458 1.07612 1.05982 1.02037 0.992056 0.980014 0.971548 0.840589
threshold=-0.26333332061767573 -0.45666666328907007 -0.17000000178813932 1.0000000180025095e-35 0.17666667699813846 -0.016666665673255917 0.46999999880790716 -0.37666666507720942 -0.022851467132568356 0.018965492025017742 -0.054368019104003899 -0.028223037719726559 0.039123736321926124 -0.3899999856948852 0.025618453510105613 -0.054805755615234368 0.024349682964384559 0.31014394760131841 -0.36333334445953364 -0.0099999904632568342 -0.21666666865348813 -1.0000000180025095e-35 -0.31666666269302363 -0.29666668176650995 -0.022851467132568356 0.025566946715116504 -0.20502901077270505 -0.10999999940395354 -0.046329498291015618 0.025618453510105613
decision_type=2 2 2 2 2 2 2 2 2 2 2 2 2 2 2 2 2 2 2 2 2 2 2 2 2 2 2 2 2 2
left_child=1 7 3 4 -2 10 13 -1 9 -9 26 12 29 -4 -10 16 -15 -17 19 20 -12 -22 -5 -7 -8 -13 -3 28 -20 -6
right_child=2 5 6 22 11 23 24 8 14 -11 18 25 -14 15 -16 17 -18 -19 27 -21 21 -23 -24 -25 -26 -27 -28 -29 -30 -31
leaf_value=0 -0.011942621645825312 0.0097213230020122415 0 0 -0.0050591072689537215 1.9867928381571947e-05 0.0086434141030701083 -0.0091361465708388549 0.035477509481163842 0.021795218150354592 0 -0.0081070165192781204 0.029640338674450362 -0.017999269858940736 0.0085980395612314745 -0.026141065905510588 0.0034149911227351541 0.0025839757050492278 -0.0033085612139683303 0.00014194392336879997 0.005712826070013291 0.031115039809160805 -0.023919295565142336 -0.013830757346956477 -0.010719090849239991 0.0095085238473989319 -0.0048800174309075227 -0.004450802594635205 0.011457491969681238 0.011083493614220501
leaf_weight=12.689001616090534 24.196204525884241 10.08888062648475 8.0426210388541204 3.5639576120302072 9.662945147603752 32.624860998708755 10.353039242792876 15.084919478744267 71.413736321032047 34.32928266748786 5.3190211555920532 12.491955653764309 22.082546846941113 19.823224024381489 14.280839422717689 156.20794578944333 13.380162260029463 1.7708660913631309 7.9691824270412317 15.531744482927023 12.110226633492852 27.368349564261738 33.511827820446342 14.743276726221664 6.4269519026856861 8.7720233006402832 34.519012626260519 10.4582830267027 51.713477893732488 9.190057741943745
leaf_count=114 1899 216 324 152 150 972 273 127 510 345 106 399 198 1548 124 14242 977 123 179 381 224 508 2892 1135 429 167 815 370 1138 102
internal_value=4.07548e-05 0.0133654 -0.0143989 -0.00285504 0.00569743 0.00601879 -0.0206294 0.0235938 0.0257402 0.0119347 0.00917338 0.0133731 0.0196332 -0.0223558 0.0321265 -0.0232974 -0.0095302 -0.0255838 0.0124747 0.0178751 0.0227883 0.0256542 -0.0213824 -0.00489295 0 0 -0.000322643 0.00645883 0.0089831 0.00257991
internal_weight=709.72 370.244 339.476 123.472 86.3957 222.446 216.005 147.798 135.109 49.4142 175.078 62.1995 40.9355 199.225 85.6946 191.182 33.2034 157.979 130.47 60.3293 44.7976 39.4786 37.0758 47.3681 16.78 21.264 44.6079 70.1409 59.6827 18.853
internal_count=31139 7264 23875 5959 2915 6044 17916 1220 1106 472 3937 1016 450 17214 634 16890 2525 14365 2906 1219 838 732 3044 2107 702 566 1031 1687 1317 252
is_linear=0
shrinkage=0.05


Tree=10
num_leaves=31
num_cat=0
split_feature=16 27 9 19 16 4 25 32 24 27 19 30 24 37 19 37 39 37 41 28 24 39 23 41 16 24 24 37 39 39
split_gain=46.2642 9.43543 7.41251 7.06094 5.2023 2.91524 2.81943 2.52649 2.79721 2.14 1.75751 1.62714 1.71409 1.61741 1.59718 1.60194 2.23445 1.53235 1.5659 1.21903 1.00505 0.879003 0.833202 0.81275 0.748785 0.618973 0.611182 0.724959 0.54051 0.533086
threshold=-0.28333333134651179 -0.17000000178813932 -1.0000000180025095e-35 -0.43000000715255732 0.17000001668930056 0.41000002622604376 -0.3899999856948852 -0.32999998331069941 -0.236666664481163 -0.24333333969116208 -0.33666665852069849 0.16333335638046267 -0.33666665852069849 -0.070494174957275377 -0.37666666507720942 -0.054805755615234368 0.024349682964384559 -0.042948246002197259 0.04280181601643563 0.1566666662693024 -0.036666661500930779 0.016749243251979355 -0.056666672229766839 0.13640096783638003 -0.25666666030883784 0.1566666662693024 -0.12333333492279051 0.073114395141601576 0.024213561788201336 0.029205097816884521
decision_type=2 2 2 2 2 2 2 2 2 2 2 2 2 2 2 2 2 2 2 2 2 2 2 2 2 2 2 2 2 2
left_child=3 2 4 5 24 6 -1 25 -9 13 -4 22 -13 28 -3 16 -16 18 -14 -10 -15 -11 -8 -17 -2 -6 -23 -28 -5 -19
right_child=1 14 10 9 7 -7 11 8 19 21 -12 12 17 20 15 23 -18 29 -20 -21 -22 26 -24 -25 -26 -27 27 -29 -30 -31
leaf_value=-0.0008835234369414188 0.0016987880164263704 0 0.0032701058935801887 0.00170543056201494 0.0032178626487400983 -0.0011580161805378709 -0.0032913079145319062 -0.0046125570678731739 0.027468204904805078 0.0061476739451538035 -0.02186764150009321 0.0021630138256372757 0.019188290117411223 0.0018634432930160997 -0.016953945209514879 -0.023037460915835785 0.0045388443097133663 0.029849326590985853 -0.0022380783560090787 0.0016169675509679728 0.015240932521349143 0.0011981290660454706 0.012434489060986688 0 -0.014168352180884644 -0.011832680321277765 -0.011637710013155698 0.0024262074219763325 -0.013278527026261661 0.010255082928130915
leaf_weight=11.898700272664426 5.0083855453413006 10.162059428635983 4.6409680219367138 6.0367836644873005 10.069958978332577 14.169716158881782 9.5521988542750496 7.0786333060823372 31.69642138807103 15.75615531997755 36.267418366391212 12.198593296110628 9.6726411525160092 26.872452947543934 21.279770921450108 164.99476258968934 15.518423813860862 98.183017076924443 12.505252565257249 8.4978380007669312 53.201119484379888 16.442445796448737 10.534669287502764 1.8908615875989188 21.571433554869145 4.7313270801678291 30.577815697761253 6.2457024813629678 4.4665356436744332 16.49064582772553
leaf_count=151 148 339 154 129 234 154 149 137 415 602 3125 112 96 597 1601 15113 1026 853 155 126 1164 666 163 164 1812 100 1212 200 109 165
internal_value=-0.000151216 -0.0131525 -0.00212546 0.0123727 0.005825 0.0186593 0.0203315 0.0135631 0.0187444 0.004135 -0.0184294 0.0219458 0.023793 0.00900924 -0.0194794 -0.0204176 -0.00794031 0.0253743 0.00831556 0.0234639 0.0114848 -0.00213714 0.00496085 -0.0226532 -0.010649 -0.00241665 -0.00538391 -0.0086628 -0.00566264 0.0278887
internal_weight=698.213 343.408 129.562 354.804 88.654 195.205 181.036 62.0742 47.2729 159.599 40.9084 169.137 149.05 90.5769 213.846 203.684 36.7982 136.852 22.1779 40.1943 80.0736 69.0221 20.0869 166.886 26.5798 14.8013 53.266 36.8235 10.5033 114.674
internal_count=31171 24494 6251 6677 2972 1998 1844 1012 678 4679 3279 1693 1381 1999 18243 17904 2627 1269 251 541 1761 2680 312 15277 1960 334 2078 1412 238 1018
is_linear=0
shrinkage=0.05


Tree=11
num_leaves=31
num_cat=0
split_feature=16 38 31 18 41 26 39 33 41 40 14 13 24 38 40 39 29 16 41 25 38 39 38 31 40 20 39 38 19 33
split_gain=41.9605 8.54813 9.39556 6.00218 4.09766 2.82983 2.49369 2.20906 2.14564 4.85596 1.91429 1.73596 1.72057 1.61585 1.59457 1.74083 1.5907 1.5822 1.49663 1.40746 1.37509 1.26399 1.24079 1.69889 1.23061 1.10638 1.07845 0.864258 0.850074 0.822605
threshold=-0.2766666561365127 -0.022851467132568356 0.31000000238418585 -0.45666666328907007 0.03895267844200135 0.32999998331069952 0.023888173513114456 0.34333333373069769 0.04280181601643563 0.47666665911674505 -0.33666665852069849 -0.32333332300186152 -0.016666665673255917 -0.013042449951171873 0.91000002622604381 0.024600272066891197 0.35000002384185797 0.19666665792465213 0.034037286415696151 -0.1766666769981384 0.074303150177001967 0.015892331488430503 -0.054368019104003899 -0.0099999904632568342 0.25000000000000006 -0.20833334326744077 0.017265589907765392 -0.17008543014526364 -0.33666665852069849 -0.25666666030883784
decision_type=2 2 2 2 2 2 2 2 2 2 2 2 2 2 2 2 2 2 2 2 2 2 2 2 2 2 2 2 2 2
left_child=3 2 21 8 18 10 11 17 19 13 20 -3 16 -10 15 -8 -7 -6 24 -1 26 -2 -14 -24 -4 -21 -5 -28 -17 -19
right_child=1 6 4 5 7 12 14 -9 9 -11 -12 -13 22 -15 -16 28 -18 29 -20 25 -22 -23 23 -25 -26 -27 27 -29 -30 -31
leaf_value=0.0082367910452669918 0.00065685353484775202 -0.0017701860859150693 -0.0071387910949770447 0.0083224114223921699 0 0.0088163901393530121 0.0064810980405356454 -0.0058375535240578064 -0.015199927430818057 0.022249442801765284 -0.0093675021856724581 -0.026708365137273177 0.0017893361521035514 0.004850427718509135 0.0065118601933397318 0.00015647760972701036 -0.011955803839578751 0.0075190711963667133 -0.018579907661626805 0.0085582002775683539 0.012531878721590851 -0.016060102595664566 0.025058215026119886 0 0.013124110080267301 0.03369373455692181 0.0084328125830345907 -0.0060792254899907257 -0.018698136680941359 0.034032377877992161
leaf_weight=19.872838384471834 9.1792902704328281 10.683617991162462 8.7633788976818376 22.918012341484427 7.2837058710865668 19.044147937092934 5.0095438500866285 4.0454374519176772 12.072713998146357 29.573402290698141 27.659481163602322 110.03046783758327 15.647121626418082 15.360773798078297 7.6450351336970916 3.8661707192659369 8.3280419947113824 11.549233737401666 6.7117196663748464 13.602079223841427 28.263552751392126 83.409306508488953 35.943712249398232 10.013361067045478 8.3295580525882524 43.231436770409346 5.9284670022316268 48.308153649792075 34.658196950796992 16.668687941040844
leaf_count=193 834 577 378 519 464 409 385 228 149 269 1526 9767 307 124 490 162 158 321 359 130 588 6708 568 236 313 316 141 1231 2907 345
internal_value=-0.000444523 -0.0132591 -0.00431847 0.0113188 0.00975632 0.00585272 -0.0208102 0.0187747 0.0195762 0.00984644 0.00090013 -0.0248869 0.012472 -0.00436972 -0.00915512 -0.0128666 0.000734016 0.0226201 -0.00515062 0.025266 0.00417789 -0.0142101 0.0167897 0.0206193 0.0024973 0.0294675 0.000133566 -0.00339596 -0.0164784 0.0271327
internal_weight=683.601 327.833 155.94 355.767 63.3517 222.054 171.893 39.5471 133.713 57.0069 133.078 120.714 88.9764 27.4335 51.1789 43.5339 27.3722 35.5016 23.8047 76.7064 105.418 92.5886 61.6042 45.9571 17.0929 56.8335 77.1546 54.2366 38.5244 28.2179
internal_count=31102 24238 9950 6864 2408 5683 14288 1358 1181 542 4005 10344 1678 273 3944 3454 567 1130 1050 639 2479 7542 1111 804 691 446 1891 1372 3069 666
is_linear=0
shrinkage=0.05


Tree=12
num_leaves=31
num_cat=0
split_feature=16 31 19 37 27 38 41 38 10 26 31 37 38 27 37 38 31 19 36 37 37 33 19 37 33 10 24 27 12 26
split_gain=40.3108 8.46884 7.10589 4.79088 3.90302 3.28826 3.22657 2.92554 2.7658 2.59365 1.9459 1.91287 1.83771 1.75457 1.65446 1.57776 1.50765 1.37226 1.47565 1.32565 3.96179 1.50767 1.23766 1.15498 1.07483 1.03433 0.879198 0.853696 0.840156 1.12798
threshold=-0.29000000655651087 0.45666664838790899 -0.43000000715255732 -0.054805755615234368 -0.17000000178813932 -0.054368019104003899 0.04280181601643563 -0.020427703857421872 -0.29666668176650995 0.37666666507720953 -0.31000000238418574 -0.054805755615234368 -0.056065082550048821 -0.26999998092651362 -0.054805755615234368 0.31014394760131841 0.069999992847442641 -0.24999999999999997 0.030000001192092899 0.009663581848144533 0.027335166931152347 0.35000002384185797 -0.37666666507720942 -0.036615848541259759 0.23666667938232425 0.069999992847442641 -0.13666665554046628 -0.22999998927116391 -0.18333333730697629 0.44333332777023321
decision_type=2 2 2 2 2 2 2 2 2 2 2 2 2 2 2 2 2 2 2 2 2 2 2 2 2 2 2 2 2 2
left_child=2 4 3 13 5 8 -3 -8 -2 17 19 -7 -11 -1 -6 22 -14 18 23 25 -21 -22 -16 -4 -19 -5 -20 -10 -13 -30
right_child=1 6 9 10 14 11 7 -9 27 12 -12 28 16 -15 15 -17 -18 24 26 20 21 -23 -24 -25 -26 -27 -28 -29 29 -31
leaf_value=-0.011663983919517401 0.01928084318171586 -0.0059335259937674523 -0.0035071765085533772 0.0080122717887791423 -0.0063215320214784765 0.0059779834504061742 0.028602116824516379 -0.0045290793407537448 -0.010121292194256176 -0.0019756825082317795 0.0074778838720701568 -0.0019530357500396037 0.021342920539534151 0.011563076078060959 -0.00034205771338687967 0.0047809949045378069 -0.00047545933818367791 -0.018376617814497606 0.0043369501545861208 -0.0035096926422173626 0.026396344480026299 0.0026642858204107391 -0.023187191820312786 0.011834082729993032 0 0.03365666447269608 -0.0095517314907826653 0.0057699578107514998 -0.021680227225488638 0
leaf_weight=14.310915849171581 13.310439276974646 16.382590381195769 11.046260476578025 11.990789722651241 33.046462381724268 7.0534295369870952 15.598128258716317 5.8318242062814525 17.646483540069312 12.57192302122712 33.524078667163849 14.450664406875147 31.319408501964062 7.125600420869886 8.6790392380207759 2.0786943789571515 6.9440292124636462 11.013853130163627 10.845141115132718 16.433125302195549 39.63957535289228 12.431751776486633 146.73954338650219 35.977879081852734 10.70999776618555 53.741827461868525 24.581322826445103 6.1989776347763863 37.978069924516603 6.2354998209048054
leaf_count=190 260 768 301 124 2584 353 296 369 984 270 499 923 588 102 306 142 176 577 315 152 370 105 14446 923 637 441 694 271 2657 391
internal_value=0.000208384 -0.0120949 0.0121236 0.0185216 -0.0149795 -0.00624853 0.00870429 0.0196561 0.00471259 0.00376003 0.0212965 -0.0126702 0.0123806 -0.00219175 -0.0192315 -0.021456 0.0172908 -0.00066491 0.0021813 0.0241017 0.0157721 0.0220216 -0.0221265 0.00776977 -0.0105034 0.0303887 -0.00468416 -0.00482302 -0.0156456 -0.0188548
internal_weight=675.437 331.23 344.207 189.198 293.417 102.874 37.8125 21.43 37.1559 155.01 167.761 65.7177 50.8354 21.4365 190.544 157.497 38.2634 104.174 82.4506 134.237 68.5045 52.0713 155.419 47.0241 21.7239 65.7326 35.4265 23.8455 58.6642 44.2136
internal_count=31214 24750 6464 1983 23317 5839 1433 665 1515 4481 1691 4324 1034 292 17478 14894 764 3447 2233 1192 627 475 14752 1224 1214 565 1009 1255 3971 3048
is_linear=0
shrinkage=0.05


Tree=13
num_leaves=31
num_cat=0
split_feature=16 31 31 27 38 26 30 37 32 33 33 24 36 19 31 38 25 38 38 25 24 20 37 30 14 4 38 37 13 9
split_gain=30.1524 8.328 5.54899 3.71707 3.01686 2.95787 2.81127 2.66085 2.547 1.72087 1.63042 1.4745 1.59447 1.42651 1.42625 1.59632 1.64946 1.26453 1.2564 1.16317 1.28161 1.15704 1.14445 1.0971 0.967466 1.62161 0.945699 1.00742 1.05365 0.933865
threshold=-0.28333333134651179 0.45666664838790899 -0.4433333277702331 -0.17000000178813932 0.0089869499206542986 0.32999998331069952 -0.31000000238418574 -0.065113067626953111 0.37000000476837164 0.32333332300186163 -0.25666666030883784 0.030000001192092899 0.18999999761581424 -0.29666668176650995 -0.056666672229766839 -0.063383102416992174 -0.090000003576278673 0.08760929107666017 -0.054368019104003899 -0.25666666030883784 -0.20333333313465116 0.27499997615814215 -0.033957481384277337 0.48166668415069586 -0.40333333611488337 -0.096666663885116563 0.31014394760131841 -0.054805755615234368 -0.3899999856948852 -0.083333343267440782
decision_type=2 2 2 2 2 2 2 2 2 2 2 2 2 2 2 2 2 2 2 2 2 2 2 2 2 2 2 2 2 2
left_child=2 3 8 6 9 13 18 -7 19 10 -3 12 -9 17 15 -13 -17 24 -2 -1 -21 -14 -8 -10 25 -4 27 -5 -29 -27
right_child=1 4 5 26 -6 7 22 11 23 -11 -12 14 21 -15 -16 16 -18 -19 -20 20 -22 -23 -24 -25 -26 29 -28 28 -30 -31
leaf_value=0.0036671518144555148 0.015709403424508012 0 0.0061089489633554366 -0.0077053474809504561 -0.010275485905433542 -0.0073153505208046728 0 0.01229647182959049 0.01133440864605533 -0.0038224950957579961 0.027910301984223014 0 -0.010955622106702622 -0.0097561215953993335 0 0.0049759669290484849 0.029570442782168662 0.011717116960955854 -0.0024031591149711144 0.006316325378846974 0.032108089462220955 0.0077924227222899191 -0.014561451178121671 -0.0078208811319448266 0.0054614156840017388 0.00138275595862132 0.0019929700263863182 0 -0.02203874513502975 -0.0143675693135183
leaf_weight=10.285118884872643 12.165767070837321 7.7799413190223303 16.630601823795587 32.42472590925172 9.3990297524724138 12.527013501152394 20.887384092900902 26.054030586499721 8.8384918044321257 4.8434806675650171 16.497695797123018 7.7991658649407318 15.109815090894701 22.352663579164073 11.901648427825419 14.821251297369598 34.103224998805672 23.361053795553744 13.321351940277962 12.107322040013967 41.102475361898541 6.7130849203094831 50.036322921747342 8.3507438628002983 36.355408281553537 8.0801431350409967 2.1146685420535496 6.4030335252173236 143.31349057983607 26.323945463169366
leaf_count=124 202 224 312 2561 646 243 1280 421 128 220 311 135 250 1357 274 189 386 435 583 142 358 92 3698 96 1067 152 141 294 14322 485
internal_value=-0.000655687 -0.0116377 0.00952195 -0.0146437 0.00872529 0.00560918 -0.00580079 0.0108271 0.0206775 0.0162775 0.0210761 0.0132447 0.00486193 0.00012248 0.0178968 0.0209265 0.0239324 0.0027293 0.00679456 0.0249869 0.0278964 -0.00385314 -0.010829 0.00133467 -4.04157e-06 -0.00450073 -0.0188105 -0.0192408 -0.0211853 -0.0103937
internal_weight=662.004 319.187 342.817 280.667 38.5201 262.133 96.4108 129.029 80.6842 29.1211 24.2776 116.502 47.8769 133.104 68.6253 56.7236 48.9245 110.751 25.4871 63.4949 53.2098 21.8229 70.9237 17.1892 87.3901 51.0347 184.256 182.141 149.717 34.4041
internal_count=31128 24482 6646 23081 1401 5798 5763 1990 848 755 535 1747 763 3808 984 710 575 2451 785 624 500 342 4978 224 2016 949 17318 17177 14616 637
is_linear=0
shrinkage=0.05


Tree=14
num_leaves=31
num_cat=0
split_feature=19 27 19 9 31 25 38 38 41 31 14 37 25 38 38 39 6 25 27 37 39 13 26 39 9 31 38 25 14 41
split_gain=25.3656 10.4524 5.33657 3.97873 3.90856 2.82322 2.35935 3.94601 2.15578 1.9099 1.8059 1.52292 1.44053 1.40249 1.3963 1.28061 1.55072 1.26389 1.0799 0.989724 1.50901 0.981838 0.91057 0.857324 0.842749 0.943285 0.811891 0.772448 0.700886 0.680091
threshold=-0.30333334207534784 -0.17000000178813932 -0.46999999880790705 -0.12333333492279051 0.31000000238418585 -0.049999997019767754 0.11496782302856447 -0.028223037719726559 0.046601507812738426 0.46999999880790716 -0.19666665792465207 0.034357547760009773 0.33666664361953741 0.31014394760131841 0.014789581298828127 0.036083742976188667 0.17666667699813846 0.18333333730697635 -0.35000000894069666 -0.054805755615234368 0.024349682964384559 0.25000000000000006 0.36333334445953375 0.022081154398620132 -1.0000000180025095e-35 -0.17000000178813932 -0.01629543304443359 -0.069999992847442613 -0.36333334445953364 0.044630834832787521
decision_type=2 2 2 2 2 2 2 2 2 2 2 2 2 2 2 2 2 2 2 2 2 2 2 2 2 2 2 2 2 2
left_child=2 3 6 4 21 11 7 8 -1 13 22 -4 15 19 -6 16 17 26 -13 20 -3 -2 -5 -24 -12 -26 -7 29 -21 -11
right_child=1 9 5 10 14 12 -8 -9 -10 27 24 18 -14 -15 -16 -17 -18 -19 -20 28 -22 -23 23 -25 25 -27 -28 -29 -30 -31
leaf_value=0.014765333029539543 -0.0090523501027902683 -0.015120129159945079 -0.0043576103900491289 -0.0055525189050111626 0.023836950674877667 0 0 0.029892501601731587 -0.0069819463815603104 -0.0031364724739819452 0 0.017277281687354925 -0.0058066152966726207 0.0059436166357120998 0 -0.0029739593605940516 0.022070525347289208 -0.005209085870976563 0 0 0.0031630566377135977 0.007492388492828031 0.016272171095002928 -0.00092501265454740251 0 -0.017784641577908818 0.015102798782649985 -0.0086448336232301214 -0.021070425479141636 0.014855943617262061
leaf_weight=21.943610437214375 19.978375596459959 18.66998234577477 75.377712140558288 10.537243663566189 28.674107049126178 13.896583485417063 14.216310562565921 55.637377988547087 12.763686582446097 3.2374514483381081 11.549165875650941 10.655590463895349 6.4177121235989025 1.8663956066593517 7.2516197990626088 7.3554259440861633 35.847610092721879 10.726681027095763 21.879777127876878 5.7197954296134403 14.265686142258344 6.8462674045003942 9.9450576116796601 7.6056912485510102 9.3571794920135272 31.573735371697694 25.693676013965163 7.52929543564096 143.3632284947671 5.4607980868313462
leaf_count=195 1318 1608 2233 453 392 346 111 408 139 170 503 190 132 147 275 179 571 234 682 301 1010 181 234 190 512 2701 592 352 14637 151
internal_value=0 -0.00928698 0.0102229 0.000883061 0.00997085 0.00515685 0.0192408 0.0220467 0.00630328 -0.0165056 -0.00610667 -0.000296009 0.0109641 -0.0179126 0.0196637 0.0126469 0.0143584 0.00665413 0.00767848 -0.0184721 -0.00729182 -0.00347045 0.00308179 0.00942116 -0.0112636 -0.0142472 0.0106793 0 -0.0204032 0.00791169
internal_weight=655.843 343.431 312.412 143.318 62.7504 207.851 104.561 90.3447 34.7073 200.113 80.5681 107.913 99.9377 183.885 35.9257 93.52 86.1646 50.3169 32.5354 182.019 32.9357 26.8246 28.088 17.5507 52.4801 40.9309 39.5903 16.2275 149.083 8.69825
internal_count=31147 25135 6012 6759 2166 5159 853 742 334 18376 4593 3105 2054 17703 667 1922 1743 1172 872 17556 2618 1499 877 424 3716 3213 938 673 14938 321
is_linear=0
shrinkage=0.05


Tree=15
num_leaves=31
num_cat=0
split_feature=16 30 27 10 19 16 21 24 29 39 41 6 29 0 13 8 8 21 27 36 8 2 12 24 41 39 41 26 1 1
split_gain=29.1198 4.4332 3.35637 3.69434 2.44972 2.13917 2.20509 1.90295 1.29268 1.24184 1.11737 1.08507 1.13115 1.0974 1.08049 1.06416 2.28585 1.23728 1.04372 1.03269 1.02022 0.902851 0.712642 0.667479 0.658032 2.3196 1.25537 0.60902 0.548992 0.69151
threshold=-0.28333333134651179 0.3966666460037232 -0.17000000178813932 0.030000001192092899 -0.24999999999999997 0.17666667699813846 -0.28333333134651179 0.42333334684371954 0.32333332300186163 0.024213561788201336 0.039123736321926124 0.20333331823349002 0.34166663885116583 0.22333335876464847 -0.37666666507720942 0.24333333969116214 0.2833333313465119 -0.29666668176650995 -0.15000000596046445 0.23000001907348636 -0.056666672229766839 0.29666668176651007 0.18333333730697635 0.043333351612091071 0.046853924170136459 0.024153697304427627 0.053742660209536559 0.41666668653488165 -0.22999998927116391 0.068333327770233168
decision_type=2 2 2 2 2 2 2 2 2 2 2 2 2 2 2 2 2 2 2 2 2 2 2 2 2 2 2 2 2 2
left_child=1 4 3 5 11 -2 -7 8 -3 10 -8 12 18 -14 -4 -10 -17 -18 28 23 -20 -9 -12 -13 25 -16 -26 -6 -1 -30
right_child=2 7 14 -5 27 6 9 21 15 -11 22 19 13 -15 24 16 17 -19 20 -21 -22 -23 -24 -25 26 -27 -28 -29 29 -31
leaf_value=0.017205720920530205 -0.0068981105795517103 0 0 -0.013999099111695014 -0.01228640718637466 -0.0085944127198300298 -0.0066372749842209386 0.0088487481137955685 0.027255607139515838 0.023720031182908285 -0.00019761788882428541 0.0021081558011148615 -0.013196090786440221 0.0056428856213092769 -0.023298524003423176 -0.0062159102441924552 0 0.018901675596911971 0.0058984664011264253 0 -0.008846464723376482 -0.010789843902131672 0.017042020205509562 0.023442166729970921 -0.00010011635290390451 -0.0063001124788969413 -0.014280462728314111 0.0017103830652738861 0 0.010225709347151585
leaf_weight=16.594449878670275 24.200707936892286 8.6309638405218703 9.2331450390629453 43.03006778517738 17.399640992749486 7.5687981927767387 8.3016091673634964 4.8483950663357955 45.337095553055406 15.4214298450388 5.2573131902609012 9.1266471771523374 11.125962306279691 7.1901208623312405 77.220507388236001 7.9952941201627246 8.1793224513530642 58.865018104203052 19.886176027357578 8.2858959841541928 15.108093266841022 6.1421810504980385 9.0009962948970479 17.90763629693538 28.553194381063804 40.140654047485441 42.297039290424436 5.4702000869438043 33.075204079970717 32.544959421269596
leaf_count=291 2029 120 459 3191 992 222 244 86 422 263 139 192 205 113 7586 93 160 757 557 171 542 167 128 318 2561 3689 3877 132 672 651
internal_value=0.000139428 0.01034 -0.0107423 -0.00332296 0.00500498 0.00352039 0.00969929 0.0170417 0.0186883 0.0145884 0.00379899 0.007167 0.0044809 -0.00520501 -0.0146345 0.0199669 0.0135629 0.0165807 0.00637717 0.0147214 -0.000220598 -0.000589593 0.0112755 0.0186877 -0.0154356 -0.0182765 -0.00934497 -0.0084129 0.00929287 0.00566898
internal_weight=643.939 333.713 310.225 112.781 193.715 69.7509 45.5501 139.998 129.008 37.9813 22.5599 170.845 135.525 18.3161 197.445 120.377 75.0396 67.0443 117.209 35.3202 34.9943 10.9906 14.2583 27.0343 188.211 117.361 70.8502 22.8698 82.2146 65.6202
internal_count=31029 6641 24388 6216 4836 3025 996 1805 1552 774 511 3712 3031 318 18172 1432 1010 917 2713 681 1099 253 267 510 17713 11275 6438 1124 1614 1323
is_linear=0
shrinkage=0.05


Tree=16
num_leaves=31
num_cat=0
split_feature=16 38 31 19 41 37 39 37 38 13 38 38 37 39 24 31 27 9 13 33 39 39 41 22 40 39 14 16 40 21
split_gain=26.4357 6.30656 6.05041 5.31138 4.68602 3.47062 2.41805 2.3878 1.86633 1.72586 1.59154 1.60985 1.46439 1.88277 1.4085 1.6539 1.65397 1.46138 1.37657 0.965012 0.948949 0.87997 1.14267 0.851168 0.795886 0.763422 0.715858 0.75553 0.713677 0.696088
threshold=-0.28333333134651179 -0.022851467132568356 0.32333332300186163 -0.45666666328907007 0.044630834832787521 -0.054805755615234368 0.029205097816884521 -0.054805755615234368 0.12839555740356448 0.41666668653488165 -0.054368019104003899 -0.085764408111572252 -0.015917301177978512 0.024153697304427627 0.030000001192092899 -0.049999997019767754 -0.36333334445953364 -0.023333340883255001 -0.35000000894069666 0.30333334207534796 0.024153697304427627 0.018965492025017742 0.027909388765692714 -0.15666666626930234 0.52666667103767406 0.015180344693362715 -0.30333334207534784 0.4499999880790711 0.62333333492279064 -0.31000000238418574
decision_type=2 2 2 2 2 2 2 2 2 2 2 2 2 2 2 2 2 2 2 2 2 2 2 2 2 2 2 2 2 2
left_child=3 2 21 7 12 -3 18 -1 23 19 11 20 13 -4 -12 16 25 -18 -7 28 -5 -2 -23 -9 -8 -16 -24 -28 -6 -14
right_child=1 5 4 10 9 6 24 8 -10 -11 14 -13 29 -15 15 -17 17 -19 -20 -21 -22 22 26 -25 -26 -27 27 -29 -30 -31
leaf_value=-1.9312685775696901e-06 0 0.0053310421316834083 -0.024084840019469561 0.0090643710504596502 0.03060226340469174 -0.00093048553251838485 -0.010266438471171854 0.0095473482923305805 0.0011019630082320165 -0.0021191480210174161 0.00079731939352212222 -0.015686392921461168 -0.0053154551947083529 0.0026005931555726537 0.0017353937628357817 -0.0024352713485611853 0.014274261191680898 -0.0016673339682674523 -0.022813857158647359 0 -0.0044739050136548188 0.00072106166421834336 0 0.025311322605764842 0.0059026357690742859 0.02703610060438856 -0.018321954510247821 0 0.0022011460354610583 0.012513484533180897
leaf_weight=14.533815464004872 19.784158917609602 11.947414262220262 8.8858311085496151 19.165493641514331 20.356941742356874 10.731087858090175 7.247786434832963 27.747518297284842 15.278999906033276 4.4479999160394064 65.065225566737354 11.337829560507087 2.4855234031565487 7.3384018857032052 6.831350106745961 14.244899103883652 19.922095282236114 24.554972945945337 119.03790437895805 3.2259943319950244 18.834338642191142 8.9749555024318379 3.8853350575081995 76.023727726191282 11.144831803161649 20.440958568826318 51.121335762087256 3.5192565661855033 5.6551919190678737 7.4384873867966217
leaf_count=186 1919 787 444 511 594 541 608 277 128 136 1799 345 119 233 104 427 526 823 11589 169 574 753 271 618 885 308 4518 268 211 393
internal_value=0.000252935 -0.0101895 -0.00234678 0.00994271 0.00915787 -0.0169003 -0.0189929 0.0175288 0.0197663 0.0202509 0.00440217 -0.00280036 -0.00546771 -0.0134464 0.00693088 0.0109452 0.0139062 0.00582588 -0.0213095 0.0241449 0.00209098 -0.010583 -0.0131179 0.0220762 -0.000402084 0.0229058 -0.0154972 -0.0168838 0.0267785 0.00615786
internal_weight=641.21 307.228 147.119 333.981 59.8344 160.109 148.162 133.584 119.05 33.6861 200.397 49.3377 26.1482 16.2242 151.06 85.9943 71.7494 44.4771 129.769 29.2381 37.9998 87.285 67.5009 103.771 18.3926 27.2723 58.5259 54.6406 26.0121 9.92401
internal_count=31064 24438 10028 6626 2299 14410 13623 1209 1023 1110 5417 1430 1189 677 3987 2188 1761 1349 12130 974 1085 7729 5810 895 1493 412 5057 4786 805 512
is_linear=0
shrinkage=0.05


Tree=17
num_leaves=31
num_cat=0
split_feature=16 31 41 30 37 4 31 39 30 13 26 28 24 39 37 39 41 40 32 10 33 37 37 10 37 41 28 41 25 39
split_gain=20.5485 6.10413 4.16038 3.81166 3.07662 2.79869 1.7686 1.40653 1.95592 1.4987 1.42886 1.30871 1.83447 2.00324 1.54379 1.25934 1.27531 1.84557 1.45365 1.20854 1.20187 1.14348 2.00755 1.08069 0.998094 0.979086 0.972018 0.923245 0.895991 0.889469
threshold=-0.28333333134651179 0.42333334684371954 0.044630834832787521 0.40333333611488348 0.019855022430419925 0.41000002622604376 -0.24999999999999997 0.020347160287201408 -0.31000000238418574 -0.14333333075046537 0.13666665554046634 0.40333333611488348 0.17000001668930056 0.020347160287201408 0.055079460144042976 0.025566946715116504 0.038151146844029434 0.61666667461395275 -0.12333333492279051 0.23000001907348636 0.29000002145767217 0.011377334594726564 0.04200792312622071 -0.15666666626930234 0.043071269989013679 0.079768318682909026 0.26999998092651373 0.053742660209536559 0.14999997615814212 0.020773616619408134
decision_type=2 2 2 2 2 2 2 2 2 2 2 2 2 2 2 2 2 2 2 2 2 2 2 2 2 2 2 2 2 2
left_child=3 7 23 6 20 11 15 9 10 -2 -9 12 13 -5 -15 16 18 19 -1 -18 -4 -13 -23 -3 26 -11 -8 -17 -12 -10
right_child=1 2 4 5 -6 -7 24 8 29 25 28 21 -14 14 -16 27 17 -19 -20 -21 -22 22 -24 -25 -26 -27 -28 -29 -30 -31
leaf_value=0 -0.0039870679084650978 0.00094565285843723357 0.028666879897026511 0.012365755208965497 -0.0056059762522729841 -0.0010874377147849844 0 -0.0070461424746601532 0.0022106511573480917 -0.02189223879347138 0.015565376190704439 0.028538548996876651 0.019555327328251604 -0.017915525766612189 0.0050337760702137205 -0.0069299696087013743 0.0021058224711484157 0.013613475024970246 0.021818449769408721 -0.016624072418848401 0 -0.0039305225103047079 0.020007828911034666 -0.015740485746331162 0.0064866968901735756 0.001442205688463761 -0.011479714003174636 0.0098985366116062529 -0.0022276793225289122 -0.013090707697713908
leaf_weight=7.5561862587928763 23.942409791285172 12.907876326236876 18.236001524375759 14.65118169877678 7.680886165238916 19.712365294340998 44.855399010702968 21.217118316330016 5.6865704602096221 75.31854083808139 12.187994324136527 39.253727733623236 18.770998367574066 10.794890484772624 7.0040345434099427 18.529855053871874 17.62999255023897 18.815272767096758 28.265108467079699 6.8358016312122336 3.8521749994251868 11.483560718595983 11.59511949168518 13.586706142174078 22.625033413525671 1.9005771838128556 23.261409935774282 5.8008717135526231 5.9069344846066079 101.3364247775171
leaf_count=189 2343 532 441 192 421 415 1383 2007 591 7239 387 382 247 181 77 458 407 382 611 149 195 109 101 919 608 214 603 122 255 8968
internal_value=-7.01355e-05 -0.00938015 0.00477177 0.00850498 0.0164257 0.014908 0.00367043 -0.0127327 -0.00862882 -0.0176204 0.000326678 0.0178091 0.00925083 0.000518531 -0.00884199 0.00798811 0.0108968 0.00353481 0.0174108 -0.00455011 0.024538 0.0230461 0.00888351 -0.00816825 -0.00118289 -0.0209549 -0.00438654 -0.000929084 0.00961107 -0.0119823
internal_weight=631.201 303.76 56.2636 327.441 29.7691 133.266 194.175 247.497 146.335 101.162 39.312 113.554 51.2211 32.4501 17.7989 103.433 79.1024 43.2811 35.8213 24.4658 22.0882 62.3324 23.0787 26.4946 90.7418 77.2191 68.1168 24.3307 18.0949 107.023
internal_count=31128 24512 2508 6616 1057 1704 4912 22004 12208 9796 2649 1289 697 450 258 2318 1738 938 800 556 636 592 210 1451 2594 7453 1986 580 642 9559
is_linear=0
shrinkage=0.05


Tree=18
num_leaves=31
num_cat=0
split_feature=16 31 14 32 33 27 27 10 37 39 33 31 27 36 9 1 31 39 19 24 0 5 11 39 16 25 27 31 39 40
split_gain=19.0112 5.48666 3.5967 3.75014 2.70689 2.17769 2.08859 2.99016 1.72485 1.41177 1.37289 1.2795 1.41948 1.12971 1.09535 1.07017 1.04045 1.02647 0.952476 0.812487 0.923253 0.80689 1.37413 0.748246 0.652155 0.623995 0.588369 0.581511 0.557529 0.526326
threshold=-0.28333333134651179 0.47666668891906744 -0.46999999880790705 0.35000002384185797 0.2833333313465119 -0.016666665673255917 -0.17000000178813932 -0.2766666561365127 -0.042948246002197259 0.024349682964384559 -0.26333332061767573 0.096666663885116591 -0.35000000894069666 -0.090000003576278673 -0.023333340883255001 0.27666664123535162 0.31000000238418585 0.022249293513596061 0.01666665077209473 -0.24333333969116208 0.38999998569488531 0.18999999761581424 -0.45666666328907007 0.01707923132926226 -0.25666666030883784 -0.030000001192092892 -0.31000000238418574 0.43000000715255743 0.046071089804172523 0.14999999850988391
decision_type=2 2 2 2 2 2 2 2 2 2 2 2 2 2 2 2 2 2 2 2 2 2 2 2 2 2 2 2 2 2
left_child=2 6 3 21 10 8 7 16 9 25 -3 12 19 29 -7 26 -2 -18 -8 -10 -21 22 -1 -16 -15 -4 -14 -20 -26 -9
right_child=1 4 5 -5 -6 14 18 13 11 -11 -12 -13 15 24 23 -17 17 -19 27 20 -22 -23 -24 -25 28 -27 -28 -29 -30 -31
leaf_value=0.017312147370823896 -0.0018269863297462005 0 -0.0028495389770356464 -0.0045307170754528342 -0.011922449350251751 0.0031828055572991412 -0.008155994481249906 -0.0092349478361939893 0 -0.013602130070268654 0.024386011317898346 -0.0047824762672037825 -0.0087898932935075429 0 0.0021571103120663349 0.013618910668961121 -0.00026657030124405443 0.020027094580506496 -0.019266231039879962 0.018617379160633742 0 0.025732767981522686 0 -0.013612505788156912 -0.018667499550540909 0.009416915921714987 0.0026743319535907804 -0.0027401578271546117 0.00024113372776780751 0.0031545759273595344
leaf_weight=26.966854201629754 14.034133973764257 6.5534225394949361 11.989720309153199 15.379066444933413 4.752928143600001 18.449109292356297 67.800955705344677 6.894786333898085 7.4784045242704442 11.766553331166504 14.373770392034203 9.8259129608049971 8.5168057866394502 4.0713265449739984 4.7186821135692325 14.303285758011041 5.9533705604262677 10.886493458878247 99.640005535446107 56.856695212423801 6.1307298541069022 39.46906291693449 18.214546200819317 23.986272136680782 33.782907773042098 14.972563065122813 42.842300494899973 11.729424660326911 1.3149556207936246 17.181816268712282
leaf_count=226 769 234 290 145 276 662 7039 425 141 282 317 267 168 238 208 341 167 150 9852 953 102 318 165 1046 3080 305 1079 869 54 1065
internal_value=-0.000351712 -0.00943604 0.00778038 0.0155384 0.0104278 0.00402041 -0.011576 -0.00471715 0.00649482 -0.00213349 0.0179579 0.0089427 0.0102694 -0.0107686 -0.00483971 0.00390062 0.00673642 0.0135728 -0.0147744 0.0151053 0.0168032 0.0195188 0.0112218 -0.0103751 -0.0154912 0.00367797 0 -0.0179678 -0.017419 -0.000696684
internal_weight=630.837 298.97 331.867 100.03 25.6801 231.837 273.29 94.1198 184.683 38.7288 20.9272 145.954 136.128 63.2458 47.1541 65.6624 30.874 16.8399 179.17 70.4658 62.9874 84.6505 45.1814 28.705 39.1692 26.9623 51.3591 111.369 35.0979 24.0766
internal_count=31233 24535 6698 854 827 5844 23708 5948 3928 877 551 3051 2784 4862 1916 1588 1086 317 17760 1196 1055 709 391 1254 3372 595 1247 10721 3134 1490
is_linear=0
shrinkage=0.05


Tree=19
num_leaves=31
num_cat=0
split_feature=16 38 31 37 19 41 5 35 21 4 26 37 40 10 18 29 38 31 35 21 38 24 41 7 5 10 18 27 37 19
split_gain=17.9208 5.40523 4.8962 4.05089 3.89379 3.13055 2.25611 2.8295 2.66551 2.52347 1.98837 1.62945 1.42947 1.57324 1.2469 1.23782 1.12121 1.04497 0.974151 0.86947 0.84841 0.818883 0.761146 0.715285 0.719772 1.11553 0.680393 0.671696 0.582578 0.566289
threshold=-0.29000000655651087 -0.022851467132568356 0.31000000238418585 -0.054805755615234368 -0.43000000715255732 0.044630834832787521 0.25000000000000006 -0.049999997019767754 0.47666668891906744 0.030000001192092899 0.41666668653488165 -0.015917301177978512 0.70999997854232799 0.31000000238418585 -1.0000000180025095e-35 0.23666667938232425 -0.056065082550048821 1.0000000180025095e-35 0.069999992847442641 -0.33666665852069849 0.33441638946533209 0.22333335876464847 0.028690008446574215 0.33666664361953741 -0.036666661500930779 0.043333351612091071 -0.45666666328907007 -0.19666665792465207 0.04525041580200196 -0.28333333134651179
decision_type=2 2 2 2 2 2 2 2 2 2 2 2 2 2 2 2 2 2 2 2 2 2 2 2 2 2 2 2 2 2
left_child=4 2 27 -3 6 11 7 15 -8 18 14 22 13 -7 23 -1 -12 -18 -9 -13 26 -11 -4 24 -6 29 -5 -2 -20 -26
right_child=1 3 5 20 10 12 8 9 -10 21 16 19 -14 -15 -16 -17 17 -19 28 -21 -22 -23 -24 -25 25 -27 -28 -29 -30 -31
leaf_value=0.0017772325092441641 -0.00029198923366275151 0.0083242317224624194 0 0.0016700894513466008 -0.0018992524732899373 0.02532737328631526 0.024998738610936325 -0.0027589466623698365 -0.00031114815569497506 -0.0156759759893179 -0.0012034304059510398 -0.005415515582393028 -0.00031920995936038523 -0.0020456848423980978 -0.012176606856635889 0.021141107291900246 0.020385731667466392 0 0.0020026515121723812 0.014679617469432469 0.0032715520412473077 0.00036324695259243431 -0.018564566497272613 -0.0085504460168464858 0.01570357211996605 0 -0.017977834431639732 -0.011546455744307571 0.019814849644725168 0
leaf_weight=15.9062412539497 22.818396742921323 12.498042573686687 6.7799007021822062 1.1592348851263512 36.745961643988267 25.560645813122395 53.916388808749616 8.3577482365071756 10.077350482344626 16.642389869317416 8.6440584310330433 2.4665074304211876 6.3954048580490044 3.3255075658671549 14.835015952587126 31.814473973587155 20.568516137078408 6.5057587861083439 13.450233192183079 8.2348522236570698 1.1926512569189061 7.3908172054216257 8.9794091659132373 9.5174678917974216 20.900350833777342 29.134445894043893 141.63105621049181 60.322204832918942 10.541291162371634 3.8538200433831653
leaf_count=260 1598 815 279 48 1132 751 554 124 93 248 202 118 258 169 756 328 363 159 164 439 97 88 446 297 533 826 13646 6151 111 178
internal_value=0.000186428 -0.00842883 -0.00116712 -0.0147071 0.00841266 0.00882909 0.0135455 0.00785988 0.0209709 0 0.00222852 -0.00317961 0.0175942 0.0216496 -0.000918703 0.0160715 0.0116345 0.0159639 0.00852957 0.00826949 -0.0171259 -0.0108239 -0.0122395 0.00110736 0.00284815 0.00636874 -0.0175894 -0.00896562 0.0130609 0.0130256
internal_weight=620.166 301.364 144.883 156.481 318.802 61.7422 168.097 104.103 63.9937 56.3825 150.705 26.4607 35.2816 28.8862 114.987 47.7207 35.7183 27.0743 32.3493 10.7014 143.983 24.0332 15.7593 100.152 90.6346 53.8886 142.79 83.1406 23.9915 24.7542
internal_count=31231 24815 10209 14606 6416 2460 1970 1323 647 735 4446 1282 1178 920 3722 588 724 522 399 557 13791 336 725 2966 2669 1537 13694 7749 275 711
is_linear=0
shrinkage=0.05


Tree=20
num_leaves=31
num_cat=0
split_feature=16 11 27 9 15 28 14 24 41 20 15 25 40 28 39 41 40 39 39 20 40 24 18 9 41 0 36 33 18 33
split_gain=14.3594 3.20039 3.09566 3.59324 1.7871 1.64486 1.59148 1.33224 1.37204 1.54001 1.25952 1.27622 1.07202 2.92738 1.05284 1.8404 1.81036 1.14222 1.04509 1.08854 1.01404 0.902341 0.830077 0.765417 0.739382 0.61767 0.601402 0.587926 0.515333 0.816616
threshold=-0.28333333134651179 -0.4433333277702331 -0.17000000178813932 0.01666665077209473 0.17000001668930056 -0.31666666269302363 -0.4433333277702331 0.030000001192092899 0.079768318682909026 0.42333334684371954 -0.24999999999999997 -0.096666663885116563 0.47666665911674505 0.40333333611488348 0.024153697304427627 0.043214606121182449 0.68333333730697643 0.025234628468751911 0.02058355696499348 0.22166669368743899 0.12333333119750024 0.33666664361953741 0.069999992847442641 0.3966666460037232 0.039123736321926124 -0.23166665434837339 0.056666672229766853 0.14999997615814212 0.18333333730697635 -0.41666667163372034
decision_type=2 2 2 2 2 2 2 2 2 2 2 2 2 2 2 2 2 2 2 2 2 2 2 2 2 2 2 2 2 2
left_child=1 6 3 4 -2 28 12 18 9 10 11 21 13 -1 15 -4 -17 -16 26 23 -7 -9 25 27 -22 -13 -3 -20 -6 -30
right_child=2 7 14 -5 5 20 -8 8 -10 -11 -12 22 -14 -15 17 16 -18 -19 19 -21 24 -23 -24 -25 -26 -27 -28 -29 29 -31
leaf_value=-0.0088974528372894723 -0.0032787099183058162 -0.00089269270276894422 -0.020369058930607153 -0.013289159143043395 -0.0094303716185416605 0 0 0.0067508291884669433 -0.0092808645890974165 -0.0053916919761785136 -0.0012210485270901705 0.0028128443872928273 0.023434644255780207 0.01580416653631898 0.0061846332995527517 0 -0.017611527598162011 -0.0083336348746865727 -0.0039180728374988419 0.0032400285652601233 0.0020334558081680156 -0.0089976370119429754 0 0.0030470536113362816 0.028588445021020897 0.020297141543580123 0.0095381623312352833 -0.020993050108422454 -0.0057591423631153313 0.012456059702367496
leaf_weight=11.233843844383953 28.909164087846875 19.729915263131261 65.185443775029853 32.95779879624024 4.7269490915350643 6.7769125753548023 15.285497528500853 26.036673283670098 6.4542883271351448 13.197331494186072 16.874206160195172 11.872312287334344 38.716919610276818 33.656070365570486 10.890592782059683 42.046623538713902 17.754311214666814 51.933924273354933 19.251127332914624 15.572636486729605 6.7646033724304315 6.0541691547259679 8.8493134372401965 3.80653978511691 11.990716625237836 45.582648982526742 19.721075589768589 10.463638686574994 4.565959523199127 7.0545268584974083
leaf_count=151 2079 527 6688 3151 167 149 365 597 161 272 595 196 347 291 1059 4060 1755 4667 537 403 218 130 322 95 217 826 519 297 121 132
internal_value=-5.57289e-05 0.00711378 -0.00805026 -0.000771433 0.00531398 0.0114352 0.0144328 0.00347316 0.00652416 0.00788282 0.00980036 0.0118915 0.0169777 0.00881105 -0.0117937 -0.0145619 -0.00657185 -0.0051339 -0.00103039 -0.00580428 0.0181374 0.00217415 0.0156782 -0.0104925 0.0228348 0.0176858 0.00434232 -0.0131474 0 0.00435613
internal_weight=613.916 322.358 291.558 103.747 70.7888 41.8797 98.8923 223.466 134.921 128.467 115.269 98.3951 83.6068 44.8899 187.811 124.986 59.8009 62.8245 88.5449 49.0939 25.5322 32.0908 66.3043 33.5213 18.7553 57.455 39.451 29.7148 16.3474 11.6205
internal_count=31094 6631 24463 6234 3083 1004 1154 5477 3099 2938 2666 2071 789 442 18229 12503 5815 5726 2378 1332 584 727 1344 929 435 1022 1046 834 420 253
is_linear=0
shrinkage=0.05


Tree=21
num_leaves=31
num_cat=0
split_feature=16 31 16 19 19 31 4 31 24 25 10 37 26 10 3 37 14 37 39 5 16 41 29 3 5 19 25 37 15 23
split_gain=13.9437 4.65215 3.68462 2.12423 1.64073 1.86855 1.4914 1.96294 2.00675 1.61283 1.38666 1.28469 1.23871 1.21367 1.13037 0.966798 0.941305 0.92658 0.87693 0.827825 0.768364 0.660998 0.831456 0.535244 0.562343 0.511626 0.633749 0.492748 0.480275 0.442362
threshold=-0.26333332061767573 0.45666664838790899 -0.43000000715255732 0.24333333969116214 0.29666668176651007 0.32333332300186163 0.41000002622604376 -0.31666666269302363 -0.20333333313465116 -0.24333333969116208 -0.15666666626930234 0.0075397491455078134 0.13666665554046634 -0.236666664481163 0.043333351612091071 0.04142808914184571 -0.35000000894069666 -0.026210308074951168 0.0300090815871954 -1.0000000180025095e-35 -0.32333332300186152 0.029639761894941333 0.17666667699813846 0.25666666030883795 0.37000000476837164 -0.32999998331069941 0.043333351612091071 -0.042948246002197259 -0.21666666865348813 -0.090000003576278673
decision_type=2 2 2 2 2 2 2 2 2 2 2 2 2 2 2 2 2 2 2 2 2 2 2 2 2 2 2 2 2 2
left_child=2 4 6 -3 5 -2 7 8 11 -10 17 -1 27 -14 -9 20 19 -5 -11 -17 21 22 -4 25 -25 26 -23 -7 -27 -19
right_child=1 3 15 10 -6 12 -8 14 9 18 -12 -13 13 -15 -16 16 -18 29 -20 -21 -22 23 -24 24 -26 28 -28 -29 -30 -31
leaf_value=0.01182252602753193 -0.01056601695415137 0.020328030534703959 -0.0068572465870824079 0.015284312326608415 -0.018197959312663037 0.0012040048070156434 -0.00094823042556097827 0.0095531188517072943 0.00062170379220009484 0.023372028043315868 -0.012302805558701552 -0.007060676091265726 0.016529973858072176 -0.0018156950582187605 -0.0070739083979700287 0.00043380645470332801 -0.0010745179037125218 0.0041496402121276163 0.0024631302361293969 0.01864682926844809 0.0046216941780467674 -0.0028013413512213239 0.01011090724730257 -0.01630102513068029 0 -0.012779224647655185 0.0091032099179277001 -0.011668615775718221 0.00080947781073767075 -0.0099732515636608357
leaf_weight=10.545885992236437 139.13764608534984 11.409618048463015 5.1262528048828271 7.5945274624973544 62.623285955982283 5.6416355113033232 16.416160833556205 13.543223806656899 13.529209332074968 73.04008719837293 10.844925742596388 12.954565220512448 11.788732881657781 11.892346745589746 14.937504519708453 13.951528126373889 16.936573406681418 3.8849453935399643 9.9045256860554201 13.576693311799316 31.730475288350135 28.623971982393414 11.930152141489087 13.24260898306966 4.3554400103166691 10.902967136818914 9.9905854482203704 12.065562801202757 4.3823172082193187 4.4141081275884053
leaf_count=147 14489 305 148 144 5302 393 261 215 172 744 678 156 282 783 246 350 721 136 118 275 1420 732 312 343 163 379 205 1240 166 162
internal_value=-0.000323508 -0.00844404 0.00655911 0.0066051 -0.0110077 -0.00787424 0.0117209 0.0132661 0.015959 0.019016 -0.00113934 0.00124683 0.000839379 0.00797007 0.000394097 0.00101678 0.00691675 0.00662018 0.0214909 0.0118914 -0.00119126 -0.00369964 0.00346952 -0.00586869 -0.0125341 -0.00223758 0.00052835 -0.00724605 -0.00857882 -0.00264658
internal_weight=610.918 281.297 329.621 38.1481 243.149 180.526 164.871 148.455 119.974 96.4738 26.7385 23.5005 41.3883 23.6811 28.4807 164.75 44.4648 15.8936 82.9446 27.5282 120.285 88.5543 17.0564 71.4979 17.598 53.8998 38.6146 17.7072 15.2853 8.29905
internal_count=31187 23914 7273 1425 22489 17187 2059 1798 1337 1034 1120 303 2698 1065 461 5214 1346 442 862 625 3868 2448 460 1988 506 1482 937 1633 545 298
is_linear=0
shrinkage=0.05


Tree=22
num_leaves=31
num_cat=0
split_feature=16 31 30 4 33 27 36 41 19 25 9 29 25 41 29 19 16 32 29 10 28 8 36 16 19 26 16 24 8 10
split_gain=12.5715 5.54529 3.20358 3.40912 2.45018 1.81579 2.55344 1.53897 1.52568 1.99216 1.67114 1.15469 1.23852 1.0792 1.10429 1.01969 0.998962 0.992808 0.921003 1.11187 0.646475 0.638073 0.660263 0.636105 0.590771 0.573299 0.474993 0.441207 0.404967 0.631449
threshold=-0.28333333134651179 0.45666664838790899 0.3966666460037232 0.41000002622604376 0.2833333313465119 -0.17000000178813932 -0.090000003576278673 0.04280181601643563 -0.24999999999999997 -1.0000000180025095e-35 0.18333333730697635 0.32333332300186163 0.22333335876464847 0.038634473457932479 0.30333334207534796 0.37000000476837164 0.20333331823349002 -0.16333332657814023 -0.41666667163372034 -0.023333340883255001 0.40833336114883428 0.43666666746139532 0.13666665554046634 -0.41666667163372034 0.096666663885116591 0.41666668653488165 0.46333330869674688 0.1566666662693024 -0.083333343267440782 -0.19666665792465207
decision_type=2 2 2 2 2 2 2 2 2 2 2 2 2 2 2 2 2 2 2 2 2 2 2 2 2 2 2 2 2 2
left_child=2 5 8 11 7 6 16 26 9 13 17 -4 -13 23 28 -9 -2 -11 -18 -20 27 22 -5 -1 -7 -10 -3 -14 29 -15
right_child=1 4 3 21 -6 24 -8 15 25 10 -12 12 20 14 -16 -17 18 -19 19 -21 -22 -23 -24 -25 -26 -27 -28 -29 -30 -31
leaf_value=0.012210714653059507 -0.0032319329173593511 -0.0068702498949052343 0 0.00033561153451153755 -0.0096162689059916956 -0.0083694029763228678 -0.012314956119864176 0.027246291457601941 -0.011989858794148836 0 -0.0019954623203698387 0.020995353682266436 -0.0061031330512514581 -0.0052499592995367342 -0.013718732834739046 0 -0.0033741556962266156 0.017552874406820903 0.018786252953876825 -0.0022947637707691542 0.012046170145199986 0.0043761300767852333 -0.015887452172083233 0 -0.016821592397011222 0.0016195072713132167 0.0073660356362471235 0.0061633136862495599 -0.0041622713527270571 0.0091122939550526503
leaf_weight=13.446720695123075 19.748705628328025 6.0835464298725146 8.4358961503021401 5.8117617904208627 7.7650660786312065 79.088019863236696 38.313404370332137 13.864331817021595 17.475456306478012 8.5540308980271202 15.544026678428052 71.643484113039449 9.9231944633647817 4.620972357690337 16.1139105418697 4.7834316631779066 5.1316953189671066 40.368960805237293 16.443145979661502 4.3256533676758364 16.611846000654623 5.8191574257798484 8.1259847944602352 24.434053151868284 85.52412817790173 5.3010377231985322 5.3739967930596322 7.4234165325760832 21.787479748483747 15.881393434945492
leaf_count=245 1601 326 123 105 489 8681 3435 274 989 212 338 717 201 108 320 157 163 824 344 200 201 161 174 674 8671 125 181 130 601 374
internal_value=0 -0.00753505 0.00677133 0.0125255 0.00892853 -0.0102928 -0.00354112 0.0152074 0.00218081 0.00405687 0.0104617 0.0157845 0.0171421 -0.000349148 -0.00466438 0.0222455 0.00391389 0.0146604 0.00972924 0.0139314 0.00645514 -0.00461001 -0.0098036 0.00546233 -0.0133444 -0.00827638 0 0 0 0.0044762
internal_weight=603.768 286.445 317.323 133.795 37.8704 248.575 83.9626 30.1053 183.528 160.752 64.467 114.038 105.602 96.2845 58.4038 18.6478 45.6492 48.923 25.9005 20.7688 33.9585 19.7569 13.9377 37.8808 164.612 22.7765 11.4575 17.3466 42.2898 20.5024
internal_count=31144 24522 6622 1812 1427 23095 5743 938 4810 3696 1374 1372 1249 2322 1403 431 2308 1036 707 544 532 440 279 919 17352 1114 507 331 1083 482
is_linear=0
shrinkage=0.05


Tree=23
num_leaves=31
num_cat=0
split_feature=16 31 38 41 27 38 37 30 37 34 36 37 38 29 26 29 38 41 4 6 14 28 36 3 40 37 12 38 38 37
split_gain=11.387 4.58922 3.5618 2.72123 2.57627 1.63178 1.38787 1.82407 2.2766 3.00834 3.50307 1.31686 1.30105 1.15319 1.07079 1.70999 0.904263 0.933065 1.05097 0.83063 0.89145 0.784072 0.734037 0.721868 0.71815 0.708544 0.697127 0.674739 0.658444 0.648223
threshold=-0.25666666030883784 0.35666668415069586 -0.022851467132568356 0.03895267844200135 -0.15000000596046445 0.08760929107666017 -0.054805755615234368 0.3966666460037232 0.0067873001098632821 -0.31000000238418574 0.35666668415069586 -0.053801536560058587 -0.013042449951171873 0.043333351612091071 0.18333333730697635 0.37000000476837164 -0.054368019104003899 0.04719978757202626 0.29000002145767217 -0.28333333134651179 -0.35000000894069666 0.069999992847442641 -0.083333343267440782 0.01666665077209473 0.70999997854232799 -0.015917301177978512 -0.30333334207534784 -0.040988445281982415 -0.032063484191894524 -0.15638160705566403
decision_type=2 2 2 2 2 2 2 2 2 2 2 2 2 2 2 2 2 2 2 2 2 2 2 2 2 2 2 2 2 2
left_child=4 29 3 25 6 -6 14 16 12 -10 23 -4 27 24 -1 -16 26 18 -18 -7 -21 -19 -23 -11 -5 28 -8 -9 -3 -2
right_child=1 2 11 13 5 19 7 8 9 10 -12 -13 -14 -15 15 -17 17 21 -20 20 -22 22 -24 -25 -26 -27 -28 -29 -30 -31
leaf_value=0.011054968626933913 0.0019121870858338314 -0.017152017423040448 0.0075188709753161971 0.02337027996369697 -0.0056966542373033001 -0.0032586465356436584 -0.010056923644814869 0.014317453617654971 -0.010397963394914158 0.028088706996399995 -0.0052304302652483488 -0.01331398232941426 0.031403655794604315 -0.00068911823281187857 0.0041790136932433252 -0.017055703110935759 0.013258953495137012 0.0099129616258859816 -0.0022942488730587659 0.019063677570721277 -0.0016710653511882397 0.003500035118643888 -0.0096979089028954232 0.004567919978541969 0 0.0034114883582265355 0.0042924203578474313 0 0.0019879053503397024 -0.01236214045195326
leaf_weight=7.1141089890152207 3.6168583016842595 6.814375253394247 3.7865313929505637 24.128922738600526 60.423127008834854 4.5217750945594188 11.251551138702782 17.468345630913976 13.732141180662436 15.810540415812286 13.425794284325091 30.040692335925996 21.695993299596012 4.8823484759777775 14.168880489654841 11.195494791492818 49.647181507665664 9.2053104024380428 8.3040649071335775 11.257753940299153 3.2120720469392809 12.069074969273062 16.1133132125251 10.455227569676934 5.9107309342361978 7.1924162034410974 8.8423900031484646 8.9666225733235461 2.0241362522356221 183.88653935538605
leaf_count=116 309 380 168 622 2450 119 267 205 184 133 178 2444 238 239 348 184 1118 218 193 240 249 229 348 117 221 362 242 105 62 18785
internal_value=-0.000121887 -0.00763515 0.00169947 0.00984216 0.00604911 -0.00145261 0.00851309 0.00992802 0.0148212 0.00599116 0.0128293 -0.00957289 0.0224099 0.0169683 -0.000364338 -0.00586638 0.00489767 0.00695217 0.0106332 0.0091757 0.0140989 0 -0.00369227 0.0220914 0.0201687 -0.00494012 -0.00324933 0.00981393 -0.0120525 -0.0119068
internal_weight=601.164 272.284 84.7802 50.9529 328.881 79.4147 249.466 216.988 101.555 53.4237 39.6916 33.8272 48.131 34.922 32.4785 25.3644 115.433 95.3389 57.9512 18.9916 14.4698 37.3877 28.1824 26.2658 30.0397 16.0309 20.0939 26.435 8.83851 187.503
internal_count=31073 23592 4498 1886 7481 3058 4423 3775 1160 612 428 2612 548 1082 648 532 2615 2106 1311 608 489 795 577 250 843 804 509 310 442 19094
is_linear=0
shrinkage=0.05


Tree=24
num_leaves=31
num_cat=0
split_feature=16 31 16 41 38 40 38 3 3 24 40 2 3 38 31 38 39 13 38 25 41 14 40 39 31 39 11 29 39 41
split_gain=8.99699 2.93376 3.98302 3.66552 2.32385 2.65643 2.23671 1.99988 1.98388 3.57201 1.64407 1.82062 1.70169 1.58517 2.18713 1.56962 1.19336 1.1596 1.14105 0.938872 0.875253 0.872714 0.845409 0.738222 0.732447 0.61892 0.791213 0.790834 0.582498 1.04278
threshold=-0.43000000715255732 0.45666664838790899 -0.25666666030883784 0.044630834832787521 0.074303150177001967 0.47666665911674505 -0.020427703857421872 -0.26999998092651362 0.29000002145767217 0.32333332300186163 0.23666666448116305 -0.21666666865348813 0.13499999046325686 -0.022851467132568356 0.35666668415069586 0.08760929107666017 0.023888173513114456 0.36333334445953375 0.096286773681640639 -0.056666672229766839 0.034343818202614791 -0.36333334445953364 0.80333334207534801 0.021614183671772483 -0.36333334445953364 0.020951161161065105 -0.3899999856948852 0.30333334207534796 0.018965492025017742 0.031793767586350448
decision_type=2 2 2 2 2 2 2 2 2 2 2 2 2 2 2 2 2 2 2 2 2 2 2 2 2 2 2 2 2 2
left_child=4 2 15 -3 7 -6 -5 -1 10 19 12 -12 -9 14 28 24 -15 -16 20 -10 22 -17 -18 -13 -2 26 -26 -27 -4 -30
right_child=1 3 13 6 5 -7 -8 8 9 -11 11 23 -14 16 17 21 18 -19 -20 -21 -22 -23 -24 -25 25 27 -28 -29 29 -31
leaf_value=0.018290318683816784 -0.0098998548978876492 -0.0074247952599814128 0 0.025960704076233351 0.0011522609877993185 0.02895790688324611 -0.0043043403082779616 0.015456536262173377 0.0014997312339573726 -0.008356871031455812 0.0051916110011267173 -0.02113438193956612 -0.0062387203469608764 -0.01667350759830703 0.012041233060763332 0.014678189932882583 -0.015320123916436133 -0.0073407421646593312 -0.013683333859439173 0.023887038022812612 0.0076673106855137223 0 0.0057902616157553023 -0.0022102232231880742 -0.0059010670434862392 0 0.006241379622597883 -0.012487275171842217 0.00028980141004415787 -0.013614415040607664
leaf_weight=18.848501066211611 18.598454535007477 16.882352367043495 17.384598052129149 17.879964536987249 15.872498038224874 22.352734721731395 4.4149446203373364 13.071130980737509 9.8717668633908051 13.059751403983681 10.201650012284516 15.94636433105916 10.479438851587473 87.655044812709093 20.363766123075042 19.74492647824809 5.6028369602281627 4.5665676137432447 12.986322029260917 19.461924727540463 17.751212717033923 14.096505497349424 1.7606654581613836 13.077122857794164 10.910344003234057 41.495180366560817 45.770790235837922 12.585310680326073 13.02544611180201 48.49809367582202
leaf_count=236 661 843 1949 285 193 255 318 181 123 206 122 211 140 9466 988 408 540 275 1268 228 1658 608 177 184 298 1459 1524 469 1172 4658
internal_value=-0.000314561 -0.00412663 -0.00548543 0.00786268 0.00947171 0.0197 0.0194421 0.00536318 0.00195937 0.00976854 -0.00334292 -0.00932833 0.00565008 -0.0096492 -0.00433574 0.000358929 -0.0134496 0.00694741 -0.00420645 0.0185945 0.00158405 0.00919012 -0.00806829 -0.0151609 -0.00207163 -0.000101874 0.00316414 -0.0039152 -0.00843402 -0.0105363
internal_weight=594.216 431.973 392.796 39.1773 162.243 38.2252 22.2949 124.018 105.169 42.3934 62.7757 39.2251 23.5506 229.595 103.838 163.202 125.756 24.9303 38.101 29.3337 25.1147 33.8414 7.3635 29.0235 129.36 110.762 56.6811 54.0805 78.9081 61.5235
internal_count=31103 29024 27578 1446 2079 448 603 1631 1395 557 838 517 321 22151 9042 5427 13109 1263 3643 351 2375 1016 717 395 4411 3750 1822 1928 7779 5830
is_linear=0
shrinkage=0.05


Tree=25
num_leaves=31
num_cat=0
split_feature=16 31 16 33 39 38 39 41 38 31 37 39 38 37 39 33 41 38 38 26 13 30 39 13 27 41 3 38 31 24
split_gain=10.6277 3.46921 3.13174 2.642 1.99062 3.27706 3.58108 2.69949 1.91536 2.39895 1.6193 1.50866 1.69028 1.50384 1.48507 1.25752 1.25187 1.04822 0.891325 0.897858 0.931026 0.866229 0.803395 0.692901 0.660379 0.748457 0.656337 0.72535 0.689274 0.635203
threshold=-0.41666667163372034 0.47666668891906744 -0.25666666030883784 0.29666668176651007 0.029205097816884521 -0.013042449951171873 0.015892331488430503 0.039123736321926124 -0.022851467132568356 0.35666668415069586 -0.054805755615234368 0.023099512793123726 0.13470363616943362 0.0033974647521972661 0.03437370993196965 -0.33666665852069849 0.053183959797024734 0.066908836364746108 0.19940757751464847 0.31000000238418585 -0.21666666865348813 -0.24333333969116208 0.040177794173359878 -0.37666666507720942 -0.20333333313465116 0.051111852750182159 0.069999992847442641 -0.063383102416992174 0.096666663885116591 0.33666664361953741
decision_type=2 2 2 2 2 2 2 2 2 2 2 2 2 2 2 2 2 2 2 2 2 2 2 2 2 2 2 2 2 2
left_child=4 2 18 15 5 6 -1 13 9 -4 -10 12 24 -8 -6 -3 -9 -13 19 20 -2 -11 23 -12 25 -7 27 -21 -29 -28
right_child=1 3 8 -5 14 11 7 16 10 21 22 17 -14 -15 -16 -17 -18 -19 -20 26 -22 -23 -24 -25 -26 -27 29 28 -30 -31
leaf_value=-0.018237092269990245 -0.00043436558800897921 0 -0.0080661593022696102 -0.011301698298136077 -0.014384413923983291 0.030100311759961043 0.023943042870002262 -0.011411157827545381 0.0033864532531423575 0.01247281485902549 0 -0.006203162616494986 0 0 0.0063575413313477535 0.024116242567171431 0.0068932234556898196 0.012496660846637017 0.013862073249689362 -0.0019241770319531493 -0.012898741292752126 -0.00096407313869112897 0.0039416708185092218 -0.015756400196343594 0.005216632660442558 0.0078780997629424188 -0.0051199985872697196 0.016111799178230315 -0.00067198082227218066 0.0085069338137856772
leaf_weight=9.6172651476226729 66.256140072597191 5.8323032571934226 78.852940078126267 4.3644540968816719 8.4489814336411673 41.109926236793399 19.440782131161544 13.362413726747038 9.6610241136513633 19.117507501039654 5.7289725774899116 9.3130433834157902 8.5060127014294249 7.8390538515523067 14.346301591023801 16.180382565129548 11.055019534192978 7.7553372532129279 5.6699038406368336 6.4705318380147245 15.570188215933738 15.508943919558076 1.4294279227033246 111.91474672639742 10.962232160381971 13.612748784944413 22.935450880322609 17.518877739086751 3.9674597019329658 5.6867665452882639
leaf_count=140 2309 206 7829 268 120 463 255 221 733 650 338 134 107 109 226 355 190 99 134 185 1102 838 97 12213 231 165 561 409 130 141
internal_value=0.000465142 -0.00387571 -0.00517034 0.0117565 0.0106079 0.0126277 0.00277815 0.00861087 -0.00858104 -0.00327996 -0.0127142 0.0184087 0.0213679 0.0180352 -0.00185752 0.0186622 -0.00257693 0.00225011 0.000510825 -0.000416236 -0.00380995 0.00658561 -0.0143202 -0.0149248 0.0238686 0.0263087 0.00398707 0.00878285 0.0126329 -0.000685425
internal_weight=588.035 412.666 386.289 26.3771 175.369 152.574 61.3145 51.6973 242.214 113.479 128.734 91.2593 74.1909 27.2798 22.7953 22.0127 24.4174 17.0684 144.075 138.405 81.8263 34.6265 119.073 117.644 65.6849 54.7227 56.5791 27.9569 21.4863 28.6222
internal_count=30958 28498 27669 829 2460 2114 915 775 22698 9317 13381 1199 966 364 346 561 411 233 4971 4837 3411 1488 12648 12551 859 628 1426 724 539 702
is_linear=0
shrinkage=0.05


Tree=26
num_leaves=31
num_cat=0
split_feature=27 14 25 31 5 8 31 32 8 14 38 38 38 9 3 27 11 39 25 27 31 11 9 11 31 31 9 14 40 6
split_gain=6.54339 2.22893 2.21614 1.85257 1.80827 2.38904 2.31155 1.99443 1.97221 1.42178 1.35163 1.27718 1.1799 2.14704 1.8895 1.32918 1.58888 1.23204 1.12684 1.12216 1.08228 1.13885 1.11765 0.887443 0.855677 0.843388 1.91628 0.811835 0.784907 0.782522
threshold=-0.17000000178813932 -0.36333334445953364 0.043333351612091071 0.43000000715255743 -1.0000000180025095e-35 0.25000000000000006 -0.056666672229766839 -0.1766666769981384 0.056666672229766853 -0.46999999880790705 -0.022851467132568356 0.054914474487304694 -0.022851467132568356 0.38999998569488531 -0.076666668057441698 -0.2766666561365127 -0.31666666269302363 0.022081154398620132 -0.076666668057441698 0.17666667699813846 -0.32999998331069941 -0.4433333277702331 0.19666665792465213 -0.18333333730697629 0.35666668415069586 0.32333332300186163 -0.14333333075046537 -0.21666666865348813 0.050000000745058067 -0.40333333611488337
decision_type=2 2 2 2 2 2 2 2 2 2 2 2 2 2 2 2 2 2 2 2 2 2 2 2 2 2 2 2 2 2
left_child=4 2 11 28 5 9 12 -7 24 -1 18 -2 14 20 -6 16 17 -16 -5 -4 21 -14 -23 -22 -8 -11 29 -9 -3 -27
right_child=1 3 19 10 6 7 8 27 -10 25 -12 -13 13 -15 15 -17 -18 -19 -20 -21 23 22 -24 -25 -26 26 -28 -29 -30 -31
leaf_value=0.013878505791072682 -0.012448959411757207 0 0.016627145197197778 0.016990247547554502 0.016547875903301448 0.0047461709165183231 0 -0.025982507925518164 -0.01061181693005947 -0.0029540190757635747 -0.0091707164133805249 0.0044400555037043014 0.030318915650101461 -0.0027579203545092246 -0.0227900320596321 0.010798372619765132 0.0047098983512111926 0 -0.0021472973862418643 -0.0021210168509704403 0 0.015475272737166972 -0.0039051823653643313 0.01501549645603362 0.015179414898196587 0 -0.0089117177905356417 0 -0.011682287198350868 0.019417194461541439
leaf_weight=17.60630208440125 21.412065702257678 12.979058466851709 19.56916218157858 11.082123707514258 15.313925125636159 6.7206178447231677 16.768321443349127 11.349281804636124 24.883932908764109 64.7005986769218 9.723167416173963 12.064295704010872 22.012214814778417 11.39770341478288 9.4707265738397819 10.441455825697629 14.882738532498481 12.503928872290997 8.2001725924201327 6.6766923251561812 17.995328214485198 10.317337381420659 7.2133117993362239 11.008394254604356 10.03335631592199 5.5799558637663766 7.1117205913178614 5.2053572678705651 158.24317206605338 13.089328530710191
leaf_count=167 674 1315 376 326 293 368 961 162 1570 2844 845 273 192 243 138 275 354 196 284 234 410 154 96 324 238 122 372 372 16567 250
internal_value=-0.000426147 -0.00630237 0.00170733 -0.00879283 0.00421894 -0.000148946 0.00721367 -0.0130468 -0.00133272 0.00294939 0.00187242 -0.00597941 0.0104092 0.0144289 0.00409953 -0.000870933 -0.00580905 -0.0133091 0.00928466 0.0115753 0.017614 0.0230599 0.00747599 0.006795 0.00688549 0 0.00685063 -0.0207196 -0.0107428 0.0145755
internal_weight=585.556 259.95 59.7222 200.228 325.606 131.363 194.243 23.2753 51.6856 108.088 29.0055 33.4764 142.557 79.9443 62.6128 47.2988 36.8574 21.9747 19.2823 26.2459 68.5466 39.5429 17.5306 29.0037 26.8017 90.4816 25.781 16.5546 171.222 18.6693
internal_count=30995 20894 1557 19337 10101 4657 5444 902 2769 3755 1455 947 2675 1419 1256 963 688 334 610 610 1176 442 250 734 1199 3588 744 534 17882 372
is_linear=0
shrinkage=0.05


Tree=27
num_leaves=31
num_cat=0
split_feature=27 19 30 9 10 4 7 24 14 33 4 19 5 3 38 32 40 9 4 15 39 4 41 39 37 29 18 18 39 11
split_gain=7.94737 2.61005 1.7989 1.72471 1.56962 1.4928 1.70376 1.33188 1.29466 1.45894 1.31957 1.55407 1.25978 1.22362 1.09265 0.913363 0.882863 0.932637 0.853135 0.850661 0.847174 0.800611 1.02608 1.43335 1.04042 0.785122 0.766979 0.671284 0.64964 0.649534
threshold=-0.17000000178813932 -0.40333333611488337 0.42833334207534796 0.18333333730697635 0.24333333969116214 0.44333332777023321 0.11000001430511476 -1.0000000180025095e-35 0.22333335876464847 -0.26333332061767573 0.14999997615814212 -0.24333333969116208 -0.049999997019767754 0.083333313465118422 0.01596927642822266 0.043333351612091071 0.22666666656732562 -0.030000001192092892 -0.090000003576278673 0.096666663885116591 0.025009035132825378 0.36333334445953375 0.038634473457932479 0.024153697304427627 -0.085320472717285142 0.40333333611488348 -0.37666666507720942 0.096666663885116591 0.031842453405261047 -0.21666666865348813
decision_type=2 2 2 2 2 2 2 2 2 2 2 2 2 2 2 2 2 2 2 2 2 2 2 2 2 2 2 2 2 2
left_child=2 4 3 8 15 6 -4 -5 10 -10 16 25 -8 27 -11 -2 17 -1 28 -13 -6 22 23 26 -24 -12 -3 -9 -18 -20
right_child=1 21 5 7 20 -7 12 13 9 14 11 19 -14 -15 -16 -17 18 -19 29 -21 -22 -23 24 -25 -26 -27 -28 -29 -30 -31
leaf_value=-0.012889123220756766 0 0 0 -0.010514364806490544 -0.014864489376369781 -0.0049796700207955123 0 0.014886517553887807 0 0.025586097768431088 0.017190283589544938 -0.011287051483997172 0.02017980907532399 -0.0046059289341535943 0 0.018136081906537271 0.009853884791210606 0.0022677435988729174 -0.0083503717514703518 0.006619377268398164 0.003335299039515763 -0.015855021948218712 0.0077451849182088115 -0.00011274335085737057 -0.0048470613737833755 0 -0.016937771608400824 -0.0019481426432019445 -0.0045732024389900407 0.0038013693510134008
leaf_weight=17.825129290577028 12.75542476354167 4.5015372405759981 18.906587691511959 30.281904512085021 6.8336220378987473 7.2290034387260667 7.8753082677721968 13.586983761051671 10.722130961716177 14.857167730107905 28.900502191158012 7.9683972632046771 49.476538593880832 21.264011316699907 3.9386734701693049 13.255944897886364 32.956349368905649 10.873911529546602 17.450869672233242 5.5822162716649473 5.8842317862436175 33.503176284488291 12.765553653240202 26.232662653084844 94.551181522547267 5.3928216043859711 47.783402062952518 3.2977739842608562 3.4045727094635359 12.551548521267248
leaf_count=802 366 238 199 1516 127 205 104 335 279 294 647 599 689 826 216 255 1155 460 509 191 87 2968 805 2432 8844 72 4874 269 127 615
internal_value=7.93868e-05 -0.00634498 0.00528909 0.00281763 0.00467134 0.0114727 0.0135857 -0.00347422 0.00548768 0.0143119 0.00299387 0.00926873 0.0175182 0.00221733 0.020988 0.0112483 -0.000279621 -0.00702669 0.00263338 -0.0028641 -0.00673837 -0.0084737 -0.00655836 -0.010839 -0.00279778 0.0143959 -0.0152261 0.0108574 0.00745646 -0.00278598
internal_weight=582.409 258.067 324.342 240.855 38.7292 83.4874 76.2584 68.4307 172.424 29.518 142.906 47.8439 57.3518 38.1488 18.7958 26.0114 95.0624 28.699 66.3633 13.5506 12.7179 219.338 185.834 78.5176 107.317 34.2933 52.2849 16.8848 36.3609 30.0024
internal_count=31105 20996 10109 8912 835 1197 992 2946 5966 789 5177 1509 793 1430 510 621 3668 1262 2406 790 214 20161 17193 7544 9649 719 5112 604 1282 1124
is_linear=0
shrinkage=0.05


Tree=28
num_leaves=31
num_cat=0
split_feature=16 31 41 37 31 13 41 26 40 10 39 31 9 39 36 37 39 24 9 33 37 36 40 22 37 7 4 39 9 39
split_gain=6.88963 3.19928 2.61459 2.77447 2.41257 1.98803 1.95874 1.686 1.41487 1.30881 1.20727 1.17266 1.11934 1.00844 0.940302 0.872889 0.849964 0.711415 0.896795 0.827023 0.743871 0.665864 0.646869 0.553857 0.551328 0.538911 0.53665 0.521711 0.500186 0.49055
threshold=-0.25666666030883784 0.33666664361953741 0.044630834832787521 0.019855022430419925 -0.4433333277702331 0.41666668653488165 0.033144393935799606 0.32999998331069952 0.050000000745058067 0.31000000238418585 0.0300090815871954 0.01666665077209473 0.32333332300186163 0.025566946715116504 -0.22333332896232602 -0.015917301177978512 0.016886089928448204 -0.14333333075046537 -0.14333333075046537 -0.21666666865348813 -0.011707305908203123 -0.063333332538604722 0.79666668176651012 -0.056666672229766839 -0.042948246002197259 0.38333332538604742 -0.236666664481163 0.0300090815871954 -0.13666665554046628 0.028816987760365013
decision_type=2 2 2 2 2 2 2 2 2 2 2 2 2 2 2 2 2 2 2 2 2 2 2 2 2 2 2 2 2 2
left_child=4 25 13 5 6 9 12 17 -9 -4 11 14 -1 15 -10 -3 -8 -6 19 -19 24 -22 -5 -15 -20 27 -23 -2 -29 -18
right_child=1 2 3 22 7 -7 16 8 10 -11 -12 -13 -14 23 -16 -17 29 18 20 -21 21 26 -24 -25 -26 -27 -28 28 -30 -31
leaf_value=0.0087285071907118716 -0.0090834604833163659 -0.018712524822264869 0.022931383086829238 0.0005337508391399647 0.004225751473480116 -0.0067722407192078978 0.0019270508207006598 -0.0088930239460762589 -0.0014776502093300336 -0.0016120447987950743 -0.004166365887761086 -0.0010030825038268786 -0.0098171011626733383 -0.0050101874652816727 0.013918823430768508 -0.0012735875700604219 0.024233235619607933 -0.005918504488368938 -0.0050417752915540952 0.0091894782529127784 0 0 -0.015562994841906298 0.0091192626964557624 0.0068476577685651144 -0.018189850725083053 -0.015974601427231672 0.0052867793726330192 -0.0068313754722289207 0.0033568346935055255
leaf_weight=10.897056592628362 128.40246580215171 13.289136229315774 28.433813060401011 7.3394530711229873 32.101996125653386 3.9418864457402369 11.587414750130845 7.110476814210414 6.8012627586722365 3.3715994502417734 11.230034126900135 15.019011432072146 9.6784490901045483 5.5239449108485141 75.560878681018949 18.428077863296494 28.991094766650349 7.7722313532140133 16.451336573809389 17.002929953625426 12.782615213654934 6.339056523051112 5.0586812000256032 8.772054818226021 11.223524265456943 20.372695555211976 25.793109975988045 11.810116871027278 10.128309837076811 8.6406589169055206
leaf_count=135 14292 814 909 496 1173 176 142 146 112 199 211 443 130 327 1254 1449 345 235 614 505 399 197 330 402 392 2041 927 1054 1118 116
internal_value=0 -0.00586797 0.00126904 0.00909019 0.00496013 0.0157418 0.0128578 0.00235904 0.00662868 0.0198254 0.00827533 0.0101105 0 -0.00653847 0.0123505 -0.0110575 0.0177653 -0.00139732 -0.00363083 0.00340775 -0.00642799 -0.0100152 -0.00760872 0.00256076 0 -0.00985536 -0.013326 -0.0079113 0 0.0211335
internal_weight=579.855 264.872 94.1586 48.1454 314.983 35.7473 69.7947 245.188 115.722 31.8054 108.611 97.3812 20.5755 46.0132 82.3621 31.7172 49.2192 129.467 97.3648 24.7752 72.5896 44.9148 12.3981 14.296 27.6749 170.714 32.1322 150.341 21.9384 37.6318
internal_count=31083 23607 5102 2110 7476 1284 868 6608 2166 1108 2020 1809 265 2992 1366 2263 603 4442 3269 740 2529 1523 826 729 1006 18505 1124 16464 2172 461
is_linear=0
shrinkage=0.05


Tree=29
num_leaves=31
num_cat=0
split_feature=16 31 30 4 41 38 29 37 13 41 39 33 5 9 33 38 38 39 29 13 41 39 41 37 37 37 35 38 37 39
split_gain=6.50201 3.21897 2.68353 2.47973 2.42917 2.31413 1.46157 1.61457 1.35978 1.33562 1.47944 1.2408 2.44984 1.30847 2.11547 1.19961 0.989518 0.924799 0.889832 0.792878 0.917163 0.768075 1.07843 0.788045 1.34755 0.815948 0.76454 0.749541 0.729224 0.724519
threshold=-0.25666666030883784 0.43000000715255743 0.38333332538604742 0.42333334684371954 0.044630834832787521 0.033881187438964851 0.31666666269302374 -0.054805755615234368 0.40333333611488348 0.038634473457932479 0.025486567988991741 0.30333334207534796 -0.056666672229766839 0.37000000476837164 0.42333334684371954 0.083065032958984389 -0.029649734497070309 0.025566946715116504 0.31666666269302374 0.34333333373069769 0.079768318682909026 0.020484371110796932 0.053742660209536559 0.0067873001098632821 -0.047028064727783196 0.049216270446777351 0.1566666662693024 -0.060033798217773431 0.076100349426269545 0.018832436762750152
decision_type=2 2 2 2 2 2 2 2 2 2 2 2 2 2 2 2 2 2 2 2 2 2 2 2 2 2 2 2 2 2
left_child=2 19 9 6 17 8 -4 -8 -6 10 26 16 -13 -14 -15 18 -9 -3 -11 20 21 29 23 24 -23 -25 -1 -26 -27 -2
right_child=1 4 3 -5 5 -7 7 11 -10 15 -12 12 13 14 -16 -17 -18 -19 -20 -21 -22 22 -24 25 27 28 -28 -29 -30 -31
leaf_value=0.0034473220637365439 -0.0066051276090121755 -0.012391917806145056 -0.0029149190548831659 -0.0068434827054022502 0.022295879116269894 -0.010148515825274792 -0.00080947441586990483 0.0064143566040940131 -0.0014940862345441308 -0.0019341405654798628 -0.0052990730417502817 -0.0083060387041004897 0.021752700261288716 -0.0091395848059632641 0.016364149692518728 0.0048480717293738346 0.026608274201756356 0.0042510437027577074 -0.014170069596635436 -0.015274867949240984 0.0053977621492206501 0.0033701166511212253 -0.013496387263616447 0.010857563307161703 0 -0.012061972486930158 0.016909112646768198 -0.016111297418343416 0.0041339719752099685 -0.020777254841776754
leaf_weight=37.73797547374852 52.767479379894212 15.102399746887388 9.874208271969108 13.97883506445214 22.752038848120726 3.8253008550964287 12.917993166483937 17.252365710679442 4.2990808431059113 56.712088588858023 16.685769767966121 11.432825107127419 18.502530479338027 11.480421239975842 8.7541183838620764 27.627183457138017 33.512234102468938 7.0472666567657134 19.566592451184988 38.80249369435478 8.8435635326895845 20.82490445533767 15.965855814749373 17.290601107524708 7.2308861077763131 5.5321055259555569 18.150594180915505 17.51752128708177 9.4841199254151416 14.586643669754265
leaf_count=1149 6261 977 176 404 472 323 211 213 142 1870 560 156 246 151 168 711 359 308 553 3737 830 1740 1584 1733 648 564 516 1809 1027 1468
internal_value=0 -0.00574586 0.00481111 0.00989568 0.00457285 0.0129067 0.0122087 0.0138091 0.0181738 0.000511744 0.00558618 0.0158543 0.00792014 0.0137396 0.00216031 -0.00291656 0.0215892 -0.00643115 -0.00618112 -0.00853668 -0.00638887 -0.00735551 -0.00364503 -0.000506463 -0.0047558 0.00464121 0.00943864 -0.0117299 -0.00238335 -0.0114636
internal_weight=576.058 261.872 314.186 137.706 53.0261 30.8764 123.727 113.852 27.0511 176.48 72.5743 100.934 50.1699 38.7371 20.2345 103.906 50.7646 22.1497 76.2787 208.846 170.044 161.2 93.846 77.8801 45.5733 32.3068 55.8886 24.7484 15.0162 67.3541
internal_count=31066 23623 7443 2084 2222 937 1680 1504 614 5359 2225 1293 721 565 319 3134 572 1285 2423 21401 17664 16834 9105 7521 4197 3324 1665 2457 1591 7729
is_linear=0
shrinkage=0.05


Tree=30
num_leaves=31
num_cat=0
split_feature=27 16 30 8 4 37 35 24 38 4 25 41 39 11 12 37 37 8 33 39 37 13 36 36 26 32 37 28 41 16
split_gain=6.1071 1.94274 1.51566 1.46037 1.37652 1.22258 1.17228 1.34135 1.2388 1.15762 1.10459 1.07124 1.03624 0.924903 0.896052 0.871479 0.990635 0.919342 0.868522 1.11849 0.826896 0.793277 0.736675 1.23651 0.736435 0.691339 0.672762 0.683862 0.557496 1.04204
threshold=-0.1766666769981384 -0.4433333277702331 0.42833334207534796 0.21666666865348819 0.34333333373069769 0.014388084411621095 0.1566666662693024 0.01666665077209473 -0.14329051971435544 0.43000000715255743 -0.15000000596046445 0.046601507812738426 0.023888173513114456 -0.10333332419395445 -0.3899999856948852 0.011377334594726564 0.046335220336914069 -0.056666672229766839 -1.0000000180025095e-35 0.025416773743927482 -0.070494174957275377 0.41000002622604376 0.083333313465118422 0.40333333611488348 0.40333333611488348 -0.1766666769981384 0.042311668395996101 -0.016666665673255917 0.046853924170136459 -0.32999998331069941
decision_type=2 2 2 2 2 2 2 2 2 2 2 2 2 2 2 2 2 2 2 2 2 2 2 2 2 2 2 2 2 2
left_child=2 10 3 6 11 20 8 -8 -1 22 -2 12 14 -13 -3 18 17 -17 19 -10 -5 26 -4 -24 -18 -7 27 -15 29 -22
right_child=1 4 9 5 -6 25 7 -9 15 -11 -12 13 -14 21 -16 16 24 -19 -20 -21 28 -23 23 -25 -26 -27 -28 -29 -30 -31
leaf_value=0.011789291045737359 -0.0057875891256943647 0.0011953770334524165 0.00063436061861948728 -0.0092520807314486787 -0.015442537865894071 0.00098963523808536565 0 0.016551439360044464 -0.012229828851617398 -0.0033184711327268663 0.012471304196639423 -0.0064397364697009133 -0.00064608442977569106 0.014108685097517349 -0.012727729298342408 0.014741784101130124 -0.0085324620965325001 -0.00013611820484649603 0.0026847924853065004 0.00401491436519509 0.015697101182450088 -0.007437424013412997 0.018521728770791043 0.00082301891563565715 0.0060541517757106587 -0.016874710807514664 -0.0016396122055456009 0 -0.0032015887491868792 -0.0027659981680235048
leaf_weight=19.42951360414736 6.347909725271168 8.7398034459911269 16.22408733330667 7.0028914390131822 37.513158360961825 3.1056139350403127 16.185117382789031 29.200325571233407 32.523143080994487 8.6494350440334511 17.155164153780788 29.134975640801713 43.701777886832133 21.849437215365469 69.311230928171426 19.340627143159512 15.753719124011697 11.990856673102824 21.35276200925 8.5048203892074508 13.305975092109295 5.585661999648436 44.485152635723352 16.780867196852341 7.1802428110968313 14.771147493040187 10.932786100544034 9.5503464157227445 6.246043257880955 6.8375533970538553
leaf_count=613 112 426 159 263 3340 204 618 825 1378 248 289 2315 3777 1628 6900 708 687 426 720 282 233 458 506 301 212 712 1046 918 287 582
internal_value=6.97496e-05 -0.0055082 0.00470953 0.00234858 -0.00693924 -0.0045132 0.00450304 0.0110636 0.0017641 0.0102486 0.00651832 -0.00480727 -0.00761653 0 -0.0108972 -0.000196988 0.00398735 0.00927145 -0.00423305 -0.0082482 0.00083845 0.0039826 0.0121921 0.0145515 -0.00279317 -0.0132554 0.00674291 0.0101248 0.00550586 0.00927722
internal_weight=578.692 259.822 318.87 232.73 236.319 51.2692 181.461 45.3854 136.076 86.1395 23.5031 198.806 121.753 77.0532 78.051 116.646 54.2654 31.3315 62.3807 41.028 33.3925 47.9182 77.4901 61.266 22.934 17.8768 42.3326 31.3998 26.3896 20.1435
internal_count=31173 21209 9964 8750 20808 2281 6469 1443 5026 1214 401 17468 11103 6365 7326 4413 2033 1134 2380 1660 1365 4050 966 807 899 916 3592 2546 1102 815
is_linear=0
shrinkage=0.05


Tree=31
num_leaves=31
num_cat=0
split_feature=16 31 41 31 41 13 17 27 6 7 27 29 8 21 32 36 29 7 10 29 40 7 25 37 32 5 4 40 14 37
split_gain=5.10488 1.92307 1.93165 1.89441 2.32847 1.85925 1.85656 1.44819 1.35921 1.73503 1.39505 1.08594 0.986857 0.945676 1.03585 0.941001 1.66778 0.903288 0.880976 0.823817 0.812281 1.17053 0.782898 0.776068 0.767246 0.708711 0.677402 0.664005 0.638057 0.742753
threshold=-0.3899999856948852 -0.4433333277702331 0.033144393935799606 0.45666664838790899 0.04280181601643563 0.34333333373069769 0.27666664123535162 -0.35000000894069666 -0.22333332896232602 0.083333313465118422 -0.46999999880790705 0.38999998569488531 0.20999997854232791 -0.28333333134651179 0.35000002384185797 0.2833333313465119 0.41666668653488165 0.41000002622604376 0.030000001192092899 0.41666668653488165 0.47666665911674505 -0.076666668057441698 -0.083333343267440782 0.005856037139892579 0.30333334207534796 0.2833333313465119 -0.13666665554046628 0.3900000005960465 -0.35000000894069666 0.04525041580200196
decision_type=2 2 2 2 2 2 2 2 2 2 2 2 2 2 2 2 2 2 2 2 2 2 2 2 2 2 2 2 2 2
left_child=1 2 -1 5 -5 7 -6 18 23 11 12 26 -11 -4 -15 16 25 -17 -2 -20 21 27 -8 -3 -14 -12 -10 -9 -22 -30
right_child=3 8 13 4 6 -7 22 20 9 10 15 -13 24 14 -16 17 -18 -19 19 -21 28 -23 -24 -25 -26 -27 -28 -29 29 -31
leaf_value=0 0.0096588394095514646 0 0.00032209678658384386 -0.0069890131881185221 0.024142740129188975 -0.013978741519667316 0.0079631708455993218 -0.0083835726664071939 0.0059618104705533503 0.020853941115716781 -0.0034764674864029492 -0.019525100315466448 -0.006726700318949036 0.025526247180119723 0.0019930392112221772 0.012916475153345661 -0.019847106969974437 -0.0050384013568571711 -0.0048982551467936092 0.011084826405857527 0 0.0026332396917738022 -0.01027244586661588 0.018651507134230676 0.0099168151982934709 0.011209488608817047 -0.006348267027493866 0.0041551822592801532 -0.0052172276815057924 -0.016831144056487012
leaf_weight=18.866855387575924 24.74143266864121 6.2027387642301646 9.2723658010363561 14.942385409260167 12.954949276987465 43.405496577965096 6.3395756895188242 55.597375895595178 10.901208220049737 11.630244462750854 16.16109666181729 7.7092793583869925 7.3645590553060156 27.481498655863106 9.5042478614486736 12.973883805796506 7.4625578913837662 4.6134832140523931 31.965597904287279 3.8661562057677648 18.16735085262917 62.558894206769764 5.1327823800966126 11.662083216942845 7.5372465793043375 6.3357264627702525 23.39600745588541 6.0670337134506545 58.651251706061885 25.686937822261825
leaf_count=235 961 122 122 785 300 4138 155 4863 218 128 378 98 107 269 131 244 141 145 1452 132 636 5428 188 183 93 155 518 507 5689 2584
internal_value=-1.99659e-05 0.0062827 0.0130412 -0.00352297 0.00595461 -0.0048115 0.0145108 -0.00308365 0.00239994 0 0.00465354 -0.00736415 0.0126647 0.0179968 0.0211828 -0.000268126 -0.00572752 0.00706313 0.00330953 -0.00123353 -0.00494038 -0.00181022 0 0.0132726 0.000925613 0.00127154 -0.00151008 -0.00652138 -0.00819345 -0.00991416
internal_weight=569.152 199.075 65.125 370.077 39.3697 330.708 24.4273 287.302 133.95 116.085 74.0788 42.0065 26.5321 46.2581 36.9857 47.5467 29.9594 17.5874 60.5732 35.8318 226.729 124.223 11.4724 17.8648 14.9018 22.4968 34.2972 61.6644 102.506 84.3382
internal_count=31105 3287 757 27818 1428 26390 643 22252 2530 2225 1391 834 328 522 400 1063 674 389 2545 1584 19707 10798 343 305 200 533 736 5370 8909 8273
is_linear=0
shrinkage=0.05


Tree=32
num_leaves=31
num_cat=0
split_feature=27 30 38 3 8 31 3 14 31 38 38 4 14 28 16 25 29 31 25 25 37 37 38 11 0 0 38 40 38 20
split_gain=6.05335 1.6439 2.87204 1.82857 1.53193 1.84999 1.52038 1.29215 1.6722 1.29189 1.28466 1.13498 0.935251 1.44751 1.0093 0.917926 0.892181 0.851538 0.821569 0.772328 0.737798 1.18935 0.576002 0.805734 0.657957 0.641721 0.575477 0.525078 0.537602 0.491788
threshold=-0.17000000178813932 0.3966666460037232 -0.020427703857421872 -0.26333332061767573 0.11000001430511476 -0.20333333313465116 0.29000002145767217 -0.36333334445953364 0.42333334684371954 0.08760929107666017 -0.022851467132568356 0.40333333611488348 0.22333335876464847 -0.43000000715255732 -0.25666666030883784 -0.076666668057441698 -0.29666668176650995 0.31000000238418585 0.12166666984558107 -0.023333340883255001 0.0067873001098632821 0.04525041580200196 0.03821611404418946 -0.24999999999999997 0.20999997854232791 -0.21000000834465024 0.052237033843994148 0.050000000745058067 0.31014394760131841 0.33666664361953741
decision_type=2 2 2 2 2 2 2 2 2 2 2 2 2 2 2 2 2 2 2 2 2 2 2 2 2 2 2 2 2 2
left_child=1 4 3 -3 12 19 -5 9 27 18 15 -8 14 -14 22 -10 -16 -15 -2 -6 -4 26 23 24 25 -1 -22 -9 -29 -21
right_child=7 2 20 6 5 -7 11 8 10 -11 -12 -13 13 17 16 -17 -18 -19 -20 29 21 -23 -24 -25 -26 -27 -28 28 -30 -31
leaf_value=0.0025256913948160445 -0.0080409880563991325 0.016692005548334565 0.023544923053194902 -0.013493346401451702 -0.0035986776801200794 -0.010113541049022052 0.010795845976736482 0 0.015622672952017809 0.011443183479906209 -0.0083228204708507784 -0.0084179829413898056 -0.0057492235376172063 0 0.0057733273350083682 -0.0012377874482141383 -0.0078185487205647258 0.021899500768137872 0.0042487019044559014 0.013434004252059413 0.006954120259369115 0.016403290400486183 0.010902881025441014 0.0086735936151033175 0.0047934892169475699 -0.012587345503120732 -0.0058516918972794166 -0.01038892371337981 0.003548712043116518 -0.00017627728315633122
leaf_weight=4.501273985020819 27.913232199847698 6.7228112081065765 24.033326701493934 18.645402952097356 9.9571747104637343 40.039470314281061 14.141185516025873 12.963134240824727 12.838484739186244 15.1202385132201 10.106810467550529 5.7170372353866687 3.5682655603159246 5.0446166046895113 11.388917221454902 8.3702908416744339 28.314920032164082 16.540826175361872 14.920437066815792 15.103538910625504 11.064053162001075 18.860620136838406 29.759257689584047 17.220020523294806 8.4619566053152067 14.244250079616906 11.915795693639664 149.0287147522904 1.7418004041537631 4.4355637966655186
leaf_count=104 893 111 353 294 261 2325 189 1319 369 311 932 156 141 209 551 303 2354 363 354 426 162 309 652 445 179 349 182 16322 152 123
internal_value=0.000447726 0.00501954 0.009841 0 0.00213152 -0.00352656 -0.00480279 -0.00521489 -0.00713032 0.000904895 0.00247795 0.00362776 0.0051623 0.01314 0.00262242 0.00924408 -0.00312667 0.0177401 -0.00325208 0.0049087 0.0160525 0.00881312 0.00601477 0.00133709 -0.00328164 -0.00821556 0 -0.00913791 -0.00993878 0.0100499
internal_weight=572.683 319.68 111.1 45.2264 208.58 69.5357 38.5036 253.003 195.049 57.9539 31.3156 19.8582 139.044 25.1537 113.891 21.2088 39.7038 21.5854 42.8337 29.4963 65.8738 41.8405 74.1868 44.4275 27.2075 18.7455 22.9798 163.734 150.771 19.5391
internal_count=31193 10238 1756 750 8482 3135 639 20955 19397 1558 1604 345 5347 713 4634 672 2905 572 1247 810 1006 653 1729 1077 632 453 344 17793 16474 549
is_linear=0
shrinkage=0.05


Tree=33
num_leaves=31
num_cat=0
split_feature=27 16 9 21 31 18 31 30 37 19 25 24 30 25 39 24 23 6 4 2 30 30 3 1 16 37 29 9 30 36
split_gain=5.6987 1.39371 2.47081 1.58956 1.80379 1.33304 1.27538 1.00384 1.66948 0.961437 0.896942 0.988402 0.976616 0.795074 0.761949 0.666524 0.657522 0.65485 0.569467 0.552459 0.529452 0.525281 0.745418 0.583654 0.523643 0.48686 0.440892 0.54243 0.39972 0.382513
threshold=-0.17000000178813932 -0.25666666030883784 -1.0000000180025095e-35 -0.25666666030883784 0.30333334207534796 0.35000002384185797 0.42333334684371954 0.38333332538604742 -0.065113067626953111 -0.18999999761581418 -0.31666666269302363 -0.18999999761581418 0.48833334445953375 -0.0099999904632568342 0.020484371110796932 -0.33666665852069849 0.056666672229766853 0.043333351612091071 -0.18999999761581418 -0.28333333134651179 0.18999999761581424 0.34333333373069769 0.12333333492279054 0.1566666662693024 -0.4433333277702331 0.049216270446777351 0.17666667699813846 0.11000001430511476 0.1566666662693024 -0.31666666269302363
decision_type=2 2 2 2 2 2 2 2 2 2 2 2 2 2 2 2 2 2 2 2 2 2 2 2 2 2 2 2 2 2
left_child=1 7 3 -3 29 6 9 19 -9 13 -10 -12 -13 -2 -6 -8 -15 -16 -17 28 -18 23 -23 26 -11 -25 -21 -28 -1 -5
right_child=5 2 -4 4 14 -7 15 8 10 24 11 12 -14 16 17 18 20 -19 -20 21 -22 22 -24 25 -26 -27 27 -29 -30 -31
leaf_value=0 -0.0045626818480103545 -0.0076603920145110306 -0.011256228835368792 0.0039084082958034238 0 -0.013229994542662252 -0.0035448740417947759 -0.0051639599015565214 -0.00023090860253952472 0.0051321910234783212 0 0.017416414894690448 0 -0.0017961253886200823 0.024175915545081934 0.018121895189568596 0 0.00080439211281624454 0 0.003851905644262649 0.013715016976069284 0.0027075368406970475 -0.013434813738157565 0.0099505412499298253 -0.0086231862651131239 -0.0021717998389247698 -0.0089359816609925809 0.0024454543231087764 0.014308035304178965 -0.0069115287162713982
leaf_weight=4.6117261131294063 51.713747529080138 12.272167731309308 29.174098603660241 7.0398505860939613 8.7795045878738183 40.636321470141411 4.4618946013506529 10.524177285842596 9.2376201599836332 1.2648674454540003 14.124647222459314 69.652006109245121 8.8907801369205099 16.590200604405254 15.537225856911393 6.857393471058459 7.3277594568207887 6.6572607215493909 7.7206898222211722 23.949115324299783 13.707646801602094 7.478228463791309 7.7219191794283688 27.627445001387969 98.845882753608748 4.452406665775924 18.030743225943301 10.171532770153133 9.9855280038900656 11.640347209060566
leaf_count=120 3263 605 3085 442 253 3722 229 179 116 42 201 871 96 742 265 271 451 140 398 649 329 154 183 663 11483 105 422 263 202 1144
internal_value=0.000229591 0.00467447 -0.000291086 0.00504463 0.00912124 -0.00531494 -0.00332875 0.00673554 0.0100914 -0.00469113 0.0120982 0.0135199 0.0155741 -0.000525081 0.0156486 0.00710459 0.00431555 0.0197153 0.0116622 0.00287938 0.0093893 0.000988527 -0.00579518 0.00279371 -0.00793342 0.00753445 -0.000169048 -0.00439127 0.0105056 -0.00186209
internal_weight=566.685 317.558 91.1005 61.9264 49.6542 249.126 208.49 226.458 112.429 189.45 101.905 92.6674 78.5428 89.3394 30.974 19.04 37.6256 22.1945 14.5781 114.029 21.0354 99.4314 15.2001 84.2312 100.111 32.0799 52.1514 28.2023 14.5973 18.6802
internal_count=31088 10158 5934 2849 2244 20930 17208 4224 1463 16310 1284 1168 967 4785 658 898 1522 405 669 2761 780 2439 337 2102 11525 768 1334 685 322 1586
is_linear=0
shrinkage=0.05


Tree=34
num_leaves=31
num_cat=0
split_feature=16 38 31 41 30 37 37 37 39 34 38 36 0 4 9 29 19 6 17 41 7 39 38 38 31 38 9 38 37 9
split_gain=3.87048 2.16772 2.86613 2.16051 1.38908 1.59077 1.9046 2.87856 1.40653 1.79752 1.30385 1.23934 1.22075 1.28465 1.15506 0.981094 1.2128 1.22642 0.913823 0.904696 0.853068 0.728617 1.46364 0.851738 0.778646 0.72846 0.717218 0.71449 0.63848 0.531826
threshold=-0.26333332061767573 0.074303150177001967 0.31000000238418585 0.03895267844200135 0.3966666460037232 -0.054805755615234368 0.009663581848144533 0.04525041580200196 0.015012674499303104 -0.030000001192092892 0.065794467926025405 0.37000000476837164 -0.29666668176650995 0.41000002622604376 -0.32333332300186152 0.40833336114883428 -0.24999999999999997 0.20333331823349002 0.41666668653488165 0.033665614202618606 0.056666672229766853 0.017564586363732818 0.11496782302856447 0.33441638946533209 -0.31000000238418574 0.024679183959960941 0.17666667699813846 0.15541124343872073 -0.015917301177978512 0.30333334207534796
decision_type=2 2 2 2 2 2 2 2 2 2 2 2 2 2 2 2 2 2 2 2 2 2 2 2 2 2 2 2 2 2
left_child=4 2 10 19 15 11 12 8 -8 -10 -2 -6 -7 -14 18 16 17 -1 -5 28 -9 22 -3 24 -23 -21 -19 -24 -4 -18
right_child=1 21 3 14 5 6 7 20 9 -11 -12 -13 13 -15 -16 -17 29 26 -20 25 -22 23 27 -25 -26 -27 -28 -29 -30 -31
leaf_value=0.00094097776481500111 -0.0083803241165409156 -0.012370537926043042 -0.0051322742654820331 0.021127859112956251 -0.014510584421970394 0 0.0062851634999336829 0 -0.022871065645366822 0.00093839666112561268 0.009814608374537433 0.0064048499210763183 0.021595660125462036 0 0.0023564042039487584 -0.01133891557290399 -0.010784343354217192 0.0168419344763115 0 -0.018101569414041053 0.01853436752035794 0 0.018225691138507905 0.0030500873561581658 -0.021645209061993891 0.0011052490466669357 0 -0.0027460751931313622 0.0087409608721608859 0.0020831716206808825
leaf_weight=119.70711075444706 119.61883641849272 8.5394426363054645 10.666138242930172 18.857890332583342 8.8585500209592265 7.6098844283260396 7.3837346266955164 7.3640606626868275 12.003537629032513 9.9862956823781079 4.4897775892168275 6.7196886083111158 39.971902801655233 7.2250975049100807 34.291495057754219 9.6370885479263944 18.891878491733227 17.450620653107766 3.7035674238577476 9.3066675867885333 16.121418298222125 3.8563510070089206 3.6196383712813249 1.0503507829271246 28.220700828125704 2.9858499786350867 8.5157690290361625 1.7347765022423116 9.4462091063614952 5.1549625527113667
leaf_count=3255 13424 970 583 586 165 118 106 86 196 132 587 131 517 173 1843 266 1035 367 96 613 254 417 502 103 2993 245 220 192 685 241
internal_value=-0.000267569 -0.00472043 -0.00226025 0.0042406 0.00350037 0.00746914 0.00967292 0.00193406 -0.00742474 -0.0132819 -0.0071077 -0.00505781 0.0157983 0.018511 0.00988998 0.000484886 0.00166278 0.00354307 0.0175646 -0.00501665 0.0136161 -0.0138933 -0.0012957 -0.017529 -0.0192339 -0.0132373 0.0123286 0.0113686 0.000937469 -0.00732872
internal_weight=562.989 260.388 213.366 89.2578 302.602 123.244 107.666 52.859 29.3736 21.9898 124.109 15.5782 54.8069 47.197 56.853 179.357 169.72 145.674 22.5615 32.4049 23.4855 47.0213 13.8939 33.1274 32.0771 12.2925 25.9664 5.35441 20.1123 24.0468
internal_count=31101 23839 18662 4651 7262 1878 1582 774 434 328 14011 296 808 690 2525 5384 5118 3842 682 2126 340 5177 1664 3513 3410 858 587 694 1268 1276
is_linear=0
shrinkage=0.05


Tree=35
num_leaves=31
num_cat=0
split_feature=16 31 30 23 41 38 24 38 35 10 27 13 25 16 31 31 4 21 28 31 38 39 32 3 6 10 24 16 29 10
split_gain=4.184 2.68318 2.63146 1.77088 1.51954 1.95149 1.43921 1.64892 1.42966 1.33857 1.26811 1.16326 1.06944 1.04958 1.00873 0.970475 0.948178 1.10232 1.11354 0.919036 1.30084 0.824736 1.08661 0.787308 0.735212 0.629366 0.629186 0.582898 0.551101 0.984137
threshold=-0.25666666030883784 0.45666664838790899 0.47500002384185797 0.47666668891906744 0.039123736321926124 -0.022441387176513668 0.030000001192092899 -0.022851467132568356 0.069999992847442641 0.35000002384185797 -0.46999999880790705 0.35000002384185797 -0.19666665792465207 -0.31000000238418574 -0.049999997019767754 -0.28333333134651179 -0.21666666865348813 -0.063333332538604722 0.38333332538604742 0.33666664361953741 0.0089869499206542986 0.015012674499303104 -0.1766666769981384 0.043333351612091071 -0.023333340883255001 -0.236666664481163 -0.33666665852069849 0.49000000953674322 0.37000000476837164 -1.0000000180025095e-35
decision_type=2 2 2 2 2 2 2 2 2 2 2 2 2 2 2 2 2 2 2 2 2 2 2 2 2 2 2 2 2 2
left_child=2 11 6 -4 -3 -6 16 9 10 13 -9 19 -12 24 -10 -14 26 21 28 -2 25 -18 -23 -11 -8 -21 -1 -13 29 -19
right_child=1 4 3 -5 5 -7 7 8 14 23 12 27 15 -15 -16 -17 17 18 -20 20 -22 22 -24 -25 -26 -27 -28 -29 -30 -31
leaf_value=-0.0037230423204830522 -0.0066643805504837299 -0.0056690183243516355 0.020452851910935762 -0.0015636406246554088 0.018791011715121087 -0.0052860201577682626 0.0012750473883003754 -0.012664579057513154 0.017189100682106488 0.018324473111398371 -0.00411919259353057 -0.016129360697580079 0.017714225483019829 0.0071209650742839739 -0.00060696730552597207 0 0.0023049290815231166 -0.0091804462681125305 0.008750972132317068 0.013081377008890156 -0.0085670075462262844 0.0014509170477894093 -0.020041805407407281 0 -0.012286178253504365 0 0.0088410716885517337 0.0001008325675496026 -0.013545282355483957 0.004641407557789831
leaf_weight=8.0579878659918922 135.01017215498723 11.917598181404172 29.112572809215635 8.5388409174047393 20.951223322656006 7.0531044844538 8.0854384754784352 5.6649638968519858 41.408861916512251 5.3333579720929247 12.220839703921227 36.497935139574111 13.830636591184883 6.4233700125478199 5.9062170744873574 13.397497528698297 3.5322148748673525 15.93710950785316 15.685194334015248 14.099305533338336 13.80138080823235 4.0678120106458726 17.817022933624681 6.9140523644164205 29.839857006445531 13.720845885574819 21.591406646417454 2.8235871456563464 7.5385521240532389 23.840148166986186
leaf_count=232 15616 644 363 140 327 466 235 86 924 85 305 3668 255 321 206 447 100 553 280 551 1252 121 507 158 699 952 549 216 174 714
internal_value=-5.03266e-06 -0.00470406 0.00387465 0.0153585 0.00622506 0.0121291 0.0018624 0.00509127 0.00904287 -0.00121105 0.00161193 -0.00695076 0.00561341 -0.00563886 0.0146804 0.0106891 -0.00206071 -0.00473709 -0.000456648 -0.0046989 0.00118806 -0.0124378 -0.0156977 0.0100344 -0.00904662 0.00742799 0.00467327 -0.0145532 -0.00461919 -0.000827751
internal_weight=560.619 255.875 304.744 37.6514 39.9219 28.0043 267.093 149.025 92.429 56.5961 45.1139 215.953 39.449 44.3487 47.3151 27.2281 118.067 88.4181 63.001 176.632 41.6215 25.417 21.8848 12.2474 37.9253 27.8202 29.6494 39.3215 47.3158 39.7773
internal_count=31146 23692 7454 503 1437 793 6951 3721 2223 1498 1093 22255 1007 1255 1130 702 3230 2449 1721 18371 2755 728 628 243 934 1503 781 3884 1441 1267
is_linear=0
shrinkage=0.05


Tree=36
num_leaves=31
num_cat=0
split_feature=16 27 9 3 23 1 39 31 38 38 33 11 19 19 3 4 19 21 37 40 32 36 19 21 13 28 29 38 15 37
split_gain=4.54953 2.00566 1.80425 1.34033 1.62843 1.47013 1.308 1.26081 1.52178 1.25295 1.73648 1.18974 1.16601 1.12232 1.44727 1.32563 1.07643 1.07 0.998895 1.18833 0.84013 0.922898 0.800438 0.762919 0.762245 0.451194 0.670196 0.486215 0.629045 0.414707
threshold=-0.45666666328907007 -0.17000000178813932 0.18333333730697635 -0.26999998092651362 0.056666672229766853 0.1566666662693024 0.029205097816884521 0.42333334684371954 -0.022851467132568356 -0.013042449951171873 0.37000000476837164 -0.4433333277702331 -0.18999999761581418 0.1566666662693024 0.069999992847442641 0.38999998569488531 0.32333332300186163 0.36333334445953375 -0.065113067626953111 0.22666666656732562 0.29000002145767217 -1.0000000180025095e-35 0.31000000238418585 -0.15000000596046445 0.13666665554046634 -0.33666665852069849 0.20333331823349002 -0.022851467132568356 -0.31666666269302363 0.0067873001098632821
decision_type=2 2 2 2 2 2 2 2 2 2 2 2 2 2 2 2 2 2 2 2 2 2 2 2 2 2 2 2 2 2
left_child=3 2 6 -1 5 -5 18 12 16 10 17 -11 20 14 29 -16 -9 -6 24 23 21 -3 -8 -20 -2 -21 -27 -28 -29 -4
right_child=1 7 13 4 9 -7 22 8 -10 11 -12 -13 -14 -15 15 -17 -18 -19 19 25 -22 -23 -24 -25 -26 26 27 28 -30 -31
leaf_value=0.020192251867336274 0 0.0011392214281770033 0.011829148751035364 -0.011759841485305157 0.0031095409182523093 0.0077981576216983838 0.01835481102565872 0.017459667718425099 -0.0085908787622086154 0.020949513789108962 0.014631057430165156 0 -0.009240906797809435 -0.013990484402137685 -0.012876402644217575 0.0060801132030600807 -0.00089338383246491534 -0.015747641445750134 -0.015696533889907431 -0.0043001245194510618 0.010063996278036037 -0.009590543969905406 -0.00074118653889911307 -0.00049533392079863789 0.020346495842161933 0.008832009117063248 -0.0086735101025688342 0.0088371623068259301 -0.0060221086916101389 0
leaf_weight=20.064773881807923 10.954973018262537 40.016530180349946 13.397932167630644 16.469866339117292 8.0746162999421411 9.988026578910647 18.125889108283449 12.840577515074989 9.9827659472357464 23.026747148483992 8.2103286981582624 11.973633334506301 125.58622079342604 16.240556464763358 22.745417253347117 7.2662095301784566 8.7527479575946909 9.4848487135022861 8.8473165244795364 6.8267248806077978 7.7523530654143533 26.873894034419209 3.4021809166297308 28.127830672543496 6.3530689314939073 42.37540886271745 6.9650249183177975 12.427944032708186 4.448150371666995 11.880291074281557
leaf_count=215 445 2679 498 215 108 122 679 340 949 217 99 160 14503 1390 812 225 318 117 445 296 267 1660 91 1113 109 1870 212 296 237 435
internal_value=0.000508799 -0.00166874 0.00164483 0.00950912 0.00564217 -0.00352965 0.00480408 -0.0048862 0.00341878 0.00996813 0.000246394 0.0154327 -0.00637848 -0.00447009 -0.000169878 -0.00734423 0.0105377 -0.00743159 0.00231069 8.29008e-05 -0.000923231 -0.00326319 0.014925 -0.00639803 0.0117324 0.00391652 0.0053967 -0.000419604 0.00327551 0.00732349
internal_weight=559.483 452.19 220.385 107.293 87.2281 26.4579 148.855 231.805 31.5761 60.7702 25.7698 35.0004 200.229 71.5304 55.2899 30.0116 21.5933 17.5595 127.326 110.018 74.6428 66.8904 21.5281 36.9751 17.308 73.0433 66.2165 23.8411 16.8761 25.2782
internal_count=31122 29869 9153 1253 1038 337 5793 20716 1607 701 324 377 19109 3360 1970 1037 658 225 5023 4469 4606 4339 770 1558 554 2911 2615 745 533 933
is_linear=0
shrinkage=0.05


Tree=37
num_leaves=31
num_cat=0
split_feature=27 26 31 38 14 23 9 1 5 32 24 24 27 1 37 33 30 38 10 38 37 34 9 30 39 37 30 24 28 33
split_gain=3.80732 1.21785 1.19867 1.41679 1.24423 1.18758 1.10597 1.79236 1.77818 2.50928 1.61093 1.49381 1.40941 1.33768 0.968863 1.28077 0.920866 0.777026 0.748942 0.710969 0.958798 1.08852 0.704782 0.697834 0.779015 0.868046 0.608651 0.588277 0.568494 0.565906
threshold=-0.17000000178813932 -0.016666665673255917 0.42333334684371954 -0.022851467132568356 -0.4433333277702331 0.096666663885116591 0.21666666865348819 0.083333313465118422 0.32999998331069952 0.096666663885116591 0.30333334207534796 -0.1766666769981384 -0.41666667163372034 -0.090000003576278673 -0.016572475433349606 0.38999998569488531 0.38333332538604742 0.11019897460937501 0.18999999761581424 0.12839555740356448 0.0067873001098632821 0.083333313465118422 0.40333333611488348 0.3966666460037232 0.016668118536472324 0.04200792312622071 0.45499998331069952 0.38333332538604742 0.25499999523162847 0.18333333730697635
decision_type=2 2 2 2 2 2 2 2 2 2 2 2 2 2 2 2 2 2 2 2 2 2 2 2 2 2 2 2 2 2
left_child=1 -1 4 5 18 -4 7 13 9 11 23 26 -10 19 -11 28 -13 27 -2 20 -3 -22 -14 24 -9 29 -8 -6 -16 -26
right_child=2 6 3 -5 17 -7 8 10 12 14 -12 16 22 -15 15 -17 -18 -19 -20 -21 21 -23 -24 -25 25 -27 -28 -29 -30 -31
leaf_value=0.01713722435508953 0.011528817244624141 0 0.0162914039311301 -0.0084195889463075362 -0.006766359286675766 -0.0034382317700714575 -0.012981120799922297 -0.0010038531167792836 0.015628883345720563 0 -0.0036759283940745891 0 0.0040950474915492962 -0.006985820050728106 -0.00046338996826694241 0 0.017155264123993989 0 -0.0031005588646954249 -0.0055598322040032386 -0.0011351380272478096 0.01753481380891872 -0.010911715325631826 0.023764304337346435 0.016289343294036609 0 0.0036734240811582839 -0.016751545037894396 -0.026939821132500992 0
leaf_weight=10.225635420531033 9.708441717084499 34.503874257905409 15.367805835092446 9.6255556109826994 139.82282764744014 6.3140211838763198 8.777042073896153 11.89553759107366 16.392578793456778 11.808346810983492 13.115514580160378 10.191381617216395 12.60762419877574 35.040912946686149 4.6641055434010985 8.0882854284718615 12.482630365993826 29.387436721473932 11.445357949007301 8.3798541878350061 6.8702138750813928 19.291126708267257 6.6215349405538282 11.048943600617347 33.422818548511714 11.852985762991009 2.3587759067304424 22.031601989641786 15.299774654209612 6.2752307786140582
leaf_count=109 194 1279 433 922 13942 218 528 478 352 387 409 570 406 1404 230 240 186 2716 180 266 241 618 311 119 1073 478 34 2281 259 206
internal_value=-0.000168847 0.00342249 -0.00482723 0.00332943 -0.00620244 0.0101429 0.00254928 0.0048133 -0.00124876 -0.0057414 0.0098383 0.00348697 0.00693021 5.08762e-05 -0.0135462 -0.0178399 0.0104601 -0.00751157 0.00375673 0.0042282 0.00633396 0.0125575 -0.00144767 0.0126248 0.00843936 0.0109303 -0.00794343 -0.00882468 -0.0232536 0.0140694
internal_weight=554.918 311.215 243.703 31.3074 212.396 21.6818 300.989 191.697 109.292 73.6703 87.611 33.8098 35.6217 104.086 39.8605 28.0522 22.674 191.242 21.1538 69.0451 60.6652 26.1613 19.2292 74.4955 63.4466 51.551 11.1358 161.854 19.9639 39.698
internal_count=31069 10183 20886 1573 19313 651 10074 6571 3503 2434 2763 1318 1069 3808 1116 729 756 18939 374 2404 2138 859 717 2354 2235 1757 562 16223 489 1279
is_linear=0
shrinkage=0.05


Tree=38
num_leaves=31
num_cat=0
split_feature=19 5 4 26 36 7 31 5 23 32 21 21 1 19 6 31 39 2 23 33 7 16 28 33 30 28 41 41 39 18
split_gain=4.47073 1.61571 2.85469 1.50218 1.04659 0.967009 1.12884 0.973773 0.936722 2.14022 0.902285 0.820547 0.779384 0.759742 0.667827 0.666705 0.735925 0.657773 0.740222 0.727101 0.684084 0.577723 0.533802 0.504765 0.458206 0.592537 0.493767 0.436792 0.406372 0.674921
threshold=-0.43000000715255732 0.25000000000000006 -0.14500001072883603 0.24333333969116214 0.34333333373069769 0.36333334445953375 0.47666668891906744 -0.036666661500930779 0.20333331823349002 0.096666663885116591 0.46999999880790716 -0.063333332538604722 0.18333333730697635 0.16333335638046267 0.17000001668930056 0.42333334684371954 0.019094401970505718 0.22333335876464847 0.38333332538604742 -0.1766666769981384 -0.069999992847442613 -0.43000000715255732 0.37000000476837164 0.48333334922790533 -0.22333332896232602 -0.236666664481163 0.033144393935799606 0.058628762140870101 0.023888173513114456 -0.36333334445953364
decision_type=2 2 2 2 2 2 2 2 2 2 2 2 2 2 2 2 2 2 2 2 2 2 2 2 2 2 2 2 2 2
left_child=1 2 4 15 -1 6 7 24 12 -10 11 -3 -4 -7 -11 21 -17 19 20 -9 -19 -2 28 -15 25 -5 -26 -21 29 -23
right_child=3 10 8 5 -6 13 -8 17 9 14 -12 -13 -14 23 -16 16 -18 18 -20 27 -22 22 -24 -25 26 -27 -28 -29 -30 -31
leaf_value=0.016786543269734749 0.0020449216111632722 0.0011702888755601342 -0.015075214597815557 -0.0038380920587987831 -3.7628252985055193e-05 0.001146556636029842 0.01590248061769859 -0.0026722019647213327 0.014161553957953744 -0.01568079101553856 0 0.019816786976212395 0 -0.016343712866664264 0 0.0095689040262938868 -0.0036508449967934918 0.0044547454827695947 0.0080795191718802013 0.012647131099267857 -0.010877918830444838 0.00050104729535083582 -0.014490359887734 0 0.001270260233518539 0.010064549378107442 -0.009700790254863154 0 -0.0016080082570831878 -0.0086847686785060975
leaf_weight=26.727249789983034 12.976974664255975 11.333516906481234 17.544158347882334 11.346192878438162 8.8108406309038383 11.150614281883465 8.9179791635833663 6.7501510384026906 12.519870184827598 7.7050416935235244 8.8134742863476259 33.840025967918336 8.8400189997628313 11.288391709793357 7.6847212743014097 10.367165489587935 21.518369449302554 4.3424091858323726 7.751705892616882 32.691412487532943 14.872323509771375 17.606066575739533 20.588715352816507 2.7941192784346631 7.7133504243101916 6.6182820429094127 27.127861815039068 4.6013253435958168 68.008513794280589 102.15389081533067
leaf_count=396 340 147 361 511 103 317 184 346 206 98 109 402 144 861 103 621 927 172 292 1273 602 864 1841 215 433 260 1444 185 6229 11096
internal_value=-9.48539e-05 0.00726895 0.00248822 -0.00279789 0.0126106 0.000881607 0.00277153 0.000941879 -0.00431835 0.00137312 0.0137626 0.0163129 -0.0102498 -0.00688209 -0.00891586 -0.00515699 0.000822228 0.00475002 -0.000602657 0.00820623 -0.00618585 -0.0061273 -0.0067959 -0.0129273 -0.00371607 0.00147806 -0.00683004 0.0108502 -0.00540062 -0.00717608
internal_weight=555.005 143.819 89.8319 411.186 35.5381 157.966 132.733 123.815 54.2938 27.9096 53.987 45.1735 26.3842 25.2331 15.3898 253.22 31.8855 71.0093 26.9664 44.0429 19.2147 221.334 208.357 14.0825 52.8057 17.9645 34.8412 37.2927 187.768 119.76
internal_count=31082 2069 1411 29013 499 7095 5702 5518 912 407 658 549 505 1393 201 21918 1548 2870 1066 1804 774 20370 20030 1076 2648 771 1877 1458 18189 11960
is_linear=0
shrinkage=0.05


Tree=39
num_leaves=31
num_cat=0
split_feature=16 7 25 2 10 41 31 9 32 19 33 40 25 22 13 39 9 32 31 28 0 1 2 9 41 14 25 37 36 28
split_gain=4.20087 2.37312 1.29937 1.41139 1.34487 1.65673 1.28666 1.36951 1.36948 1.37752 1.10786 0.817197 0.78191 0.633321 0.558761 0.507203 0.9893 0.668515 0.473052 0.467683 0.440823 0.533824 0.750384 0.387869 0.384074 0.379873 0.374409 0.349899 0.329835 0.380035
threshold=-0.45666666328907007 0.36333334445953375 -0.069999992847442613 -0.076666668057441698 0.38999998569488531 0.046601507812738426 0.47666668891906744 0.11000001430511476 0.14999997615814212 -0.37666666507720942 -0.33666665852069849 0.29666666686534887 0.21666666865348819 0.39499998092651373 0.34333333373069769 0.029205097816884521 0.056666672229766853 -0.14333333075046537 -0.21666666865348813 0.46166664361953741 -0.23166665434837339 0.043333351612091071 0.14999997615814212 0.12333333492279054 0.047034999355673797 0.42333334684371954 0.17666667699813846 0.046335220336914069 0.25000000000000006 -0.41666667163372034
decision_type=2 2 2 2 2 2 2 2 2 2 2 2 2 2 2 2 2 2 2 2 2 2 2 2 2 2 2 2 2 2
left_child=2 6 3 -1 5 -4 8 10 14 13 -8 -5 -6 18 15 20 17 -17 -10 -3 23 28 27 -2 -24 -16 -19 -23 29 -22
right_child=1 19 4 11 12 -7 7 -9 9 -11 -12 -13 -14 -15 25 16 -18 26 -20 -21 21 22 24 -25 -26 -27 -28 -29 -30 -31
leaf_value=0.010526706256325121 -0.0019397698711211002 -0.013157559529515703 0.022143717754631032 0.00073828862065698309 0.0088421936571783499 0.00033509048325092459 -0.00034688528013093994 -0.005818936596221091 0.017630892474820036 0 0.021280073388852516 -0.014911463501322773 -0.0065063034935287966 -0.00012897603045688169 -0.014827853641855258 0 -0.0065297124119178887 0.017142307271089657 0 0 0.0013698169442651659 0.005465875960882452 -0.008239125647250373 0.0066192858142524588 0 0 0 -0.0037025902188513749 0 -0.0093920944421160436
leaf_weight=14.707917006686328 33.748921860707924 43.669037024956197 34.18481478607282 11.821114385500552 10.17578546702862 14.392205745447425 5.1839896254241511 5.2305954324547193 17.824696543626494 82.955203300341964 12.785584037192166 8.7084684781730157 10.41383343329653 5.0425331827718756 11.119005345273765 13.572351939510552 12.058628466678782 9.5085019280668366 4.5391219509765497 7.1801018568221471 3.2424573868047437 33.068836828228086 31.258378060068935 12.953810662496833 15.006429653847588 5.3291675515938541 1.963028656085952 6.0810157447122029 8.209147221175952 67.193619157187641
leaf_count=162 2573 3526 362 154 107 197 159 252 349 6008 222 113 143 101 990 971 721 539 129 508 229 2187 1974 920 1011 409 137 468 635 4846
internal_value=0.000224214 -0.00185687 0.00900989 0.000286596 0.0127438 0.0168876 -0.000419607 0.0096071 -0.00124778 0.00320641 0.0154729 -0.00682889 0.000422573 0.0117856 -0.00322996 -0.00235068 0.00239248 0.00792554 0.0148124 -0.0114319 -0.00334411 -0.00454684 -0.00128591 0.000443183 -0.00547912 -0.0111966 0.0143968 0.00318527 -0.00745092 -0.00850097
internal_weight=553.128 448.724 104.404 35.2375 69.1666 48.577 397.875 23.2002 374.675 110.362 17.9696 20.5296 20.5896 27.4064 264.313 247.865 37.1025 25.0439 22.3638 50.8491 210.763 164.06 85.4147 46.7027 46.2648 16.4482 11.4715 39.1499 78.6452 70.4361
internal_count=31102 29864 1238 429 809 559 25830 633 25197 6587 381 267 250 579 18610 17211 2368 1647 478 4034 14843 11350 5640 3493 2985 1399 676 2655 5710 5075
is_linear=0
shrinkage=0.05


Tree=40
num_leaves=31
num_cat=0
split_feature=16 31 19 30 23 28 37 37 25 25 2 24 31 37 36 33 30 7 32 28 30 27 31 19 39 13 31 36 24 39
split_gain=2.82869 2.27218 1.64446 1.33122 1.1239 1.07192 1.28954 1.49229 0.842983 0.81635 0.776703 0.754614 1.03356 1.23293 0.917448 0.745631 0.95147 0.656251 0.69774 0.771482 0.912344 0.721507 0.588344 0.565854 0.645651 0.600252 0.506932 0.609622 0.48879 0.470992
threshold=-0.25666666030883784 0.42333334684371954 0.32333332300186163 0.42166668176651007 0.46999999880790716 0.42333334684371954 0.04525041580200196 0.009663581848144533 0.22333335876464847 -0.43000000715255732 0.31000000238418585 -0.36333334445953364 -0.41666667163372034 0.043071269989013679 -0.036666661500930779 -0.33666665852069849 0.096666663885116591 0.29000002145767217 0.20999997854232791 0.33666664361953741 0.19666665792465213 -0.35000000894069666 0.043333351612091071 -0.076666668057441698 0.020347160287201408 0.34333333373069769 -0.19666665792465207 0.18333333730697635 -0.15666666626930234 0.024349682964384559
decision_type=2 2 2 2 2 2 2 2 2 2 2 2 2 2 2 2 2 2 2 2 2 2 2 2 2 2 2 2 2 2
left_child=3 23 9 11 5 6 7 8 -5 -3 -6 -1 13 14 -13 -11 -17 18 19 21 -21 22 -14 -2 -25 -26 27 -20 -23 -7
right_child=1 2 -4 4 10 29 -8 -9 -10 15 -12 12 17 -15 -16 16 -18 -19 26 20 -22 28 -24 24 25 -27 -28 -29 -30 -31
leaf_value=-0.009675975649840917 -0.0012880684781466046 -0.003310930779985686 -0.0038970378652436466 0.012059458752486376 0.0060044276781581621 0.018630885102915273 0.013784636727261886 -0.013748735747772365 -0.0044601115315283197 0 -0.010693463808921786 0 0.0092398678182903683 -0.0042997190002916812 0.021039023469269183 0.020731161974197443 -0.00073188040145802402 -0.0077901043958082524 0.016340067049271201 0.0040393146596056388 -0.013496520496061374 0.0049905251104066092 -0.0021479829433308502 -0.012261917621573774 -0.00098086787207347405 -0.010638520411770639 0 0 -0.0040274110782658364 0.0024326317416923891
leaf_weight=9.2245176113210601 55.480412144213915 3.3334040101617566 25.857558192452416 11.421112823300069 6.2762947543524197 30.530295855598524 12.21720003383234 11.166505197994409 6.7548307380639008 5.9102364229038384 8.4043510649353248 6.0713658928871217 32.518662225455046 5.7657786014024159 12.863168066134675 19.702519035665322 3.24753389135003 16.464204974239692 12.018974056001758 5.3026108606718507 14.741429754532872 12.987943160347639 8.8678420879878086 56.083194301696494 62.38147793058306 20.725606382125989 8.6659215879626554 4.5738618387840679 50.474321764660999 11.779120704159139
leaf_count=390 6522 136 1352 155 70 388 159 179 157 209 197 113 724 117 245 546 214 614 279 151 317 499 260 6473 6021 2105 309 129 1884 165
internal_value=9.15508e-05 -0.00370942 0.00440484 0.00339498 0.00800406 0.0102053 0.00301308 -0.00234326 0.00530284 0.0112921 -0.00267498 0.000842229 0.00175488 0.0101954 0.0155845 0.0139754 0.0173083 4.78805e-05 0.00133373 -0.000137489 -0.00803571 0.00150012 0.00630921 -0.00631305 -0.00800779 -0.00422406 0.00803806 0.0120618 -0.00155027 0.0155009
internal_weight=551.812 252.722 58.0513 299.09 98.5497 83.8691 41.5596 29.3424 18.1759 32.1937 14.6806 200.541 191.316 24.7003 18.9345 28.8603 22.9501 166.616 150.152 124.893 20.044 104.849 41.3865 194.671 139.19 83.1071 25.2588 16.5928 63.4623 42.3094
internal_count=31079 23578 2457 7501 1470 1203 650 491 312 1105 267 6031 5641 475 358 969 760 5166 4552 3835 468 3367 984 21121 14599 8126 717 408 2383 553
is_linear=0
shrinkage=0.05


Tree=41
num_leaves=31
num_cat=0
split_feature=27 24 4 5 22 9 19 21 24 21 24 15 24 37 6 29 14 10 37 33 41 40 39 39 18 1 21 7 30 37
split_gain=2.61377 1.15985 1.07316 1.48122 1.25712 1.26213 1.25581 1.69722 1.27249 1.12825 0.914981 1.07834 0.700966 0.603682 0.573122 1.14587 0.903907 0.613804 0.613363 0.627234 0.572735 0.884433 0.841927 0.649809 1.05553 0.601576 0.569058 0.551426 0.524813 0.520201
threshold=-0.17000000178813932 -0.33666665852069849 -0.30333334207534784 0.19666665792465213 0.38999998569488531 0.38333332538604742 -0.20333333313465116 0.46999999880790716 -0.076666668057441698 0.23666667938232425 0.32333332300186163 -0.4433333277702331 0.33666664361953741 0.10060405731201173 0.069999992847442641 0.32999998331069952 -0.40333333611488337 -0.29666668176650995 0.022405147552490238 -0.12999999523162839 0.04280181601643563 0.80333334207534801 0.0214538648724556 0.024153697304427627 -0.33666665852069849 -0.3899999856948852 0.12333333492279054 -0.083333343267440782 0.45499998331069952 0.005856037139892579
decision_type=2 2 2 2 2 2 2 2 2 2 2 2 2 2 2 2 2 2 2 2 2 2 2 2 2 2 2 2 2 2
left_child=1 28 9 4 5 14 7 8 -5 12 11 -2 -3 -12 15 17 26 29 27 -20 23 22 -22 24 -13 -24 -16 -19 -1 -4
right_child=10 2 3 6 -6 -7 -8 -9 -10 -11 13 20 -14 -15 16 -17 -18 18 19 -21 21 -23 25 -25 -26 -27 -28 -29 -30 -31
leaf_value=-0.010889752577858104 0.0081913571790615813 0.016969562743252963 -0.00053592143970390509 -0.0015426964944750116 0.010263489485761073 -0.016809807274596925 -0.00047841598391438177 -0.0050299509743416525 0.015987357074957409 -0.0041895495808429778 -0.0114165231950068 0.0013760623337373504 -0.00033501780898131375 0.0035476719563989757 0 0.013587615268816605 0.00090820231932352247 -0.0038271542366308761 5.0286672882051963e-05 -0.013885116788408159 0.0082528890193626289 -0.0076912697311849578 0.0081256417666003781 0 -0.01192387561709126 -0.0052549523270007739 -0.018385462565500933 0.0065867886506139166 0.0026706845852570919 0.013180860903180073
leaf_weight=14.735168694751339 16.567179958336055 29.339650627691299 7.6566693035420013 8.2526854514144343 16.268364637391642 7.9853562084026626 32.844643540913239 9.7724181744270009 54.67568544857204 4.6916069062426677 42.463997215032578 14.724417336517943 3.4314197297208002 2.2447453951463094 7.4452588250860599 10.218460843665524 19.274034472182393 23.888795886188742 7.7917801619041738 13.882960602873935 30.548848190112039 22.154446380911395 4.2224500111769876 32.595580342924222 47.417043833760545 29.852497123880312 8.6683469498530012 15.690191805595534 4.0757684623822561 6.3888524302747101
leaf_count=815 345 1039 258 154 410 278 1707 130 891 116 3953 708 125 157 142 173 898 1050 358 516 2831 2101 271 2906 5293 2366 141 680 66 223
internal_value=9.37238e-05 0.00317668 0.00405594 0.0025959 -0.000554116 -0.00250062 0.00694908 0.010403 0.0133915 0.0115443 -0.0036864 -0.0019262 0.0147414 -0.00984131 -0.000608482 0.0014144 -0.00559739 -0.00081092 -0.0032995 -0.00904737 -0.00321552 0 0.00277944 -0.00578446 -0.0085619 -0.00200472 -0.0126446 7.63439e-05 -0.00700867 0.00653397
internal_weight=549.769 306.978 288.167 250.705 145.159 128.891 105.545 72.7008 62.9284 37.4627 242.791 198.082 32.7711 44.7087 120.905 85.5177 35.3876 75.2993 61.2537 21.6747 181.515 86.7782 64.6238 94.737 62.1415 34.0749 16.1136 39.579 18.8109 14.0455
internal_count=31101 10170 9289 8009 5127 4717 2882 1175 1045 1280 20931 16821 1164 4110 4439 3258 1181 3085 2604 874 16476 7569 5468 8907 6001 2637 283 1730 881 481
is_linear=0
shrinkage=0.05


Tree=42
num_leaves=31
num_cat=0
split_feature=13 41 40 7 32 27 23 27 7 31 0 3 5 9 33 37 31 41 16 39 39 32 16 36 41 0 35 16 1 4
split_gain=3.50125 2.00522 2.05062 1.56532 1.18689 0.99637 0.992718 0.896278 0.732035 0.709294 0.671415 0.641577 0.898808 0.699561 0.69477 0.624437 0.589265 0.777693 0.653927 0.585207 0.612998 0.575397 0.51608 0.48992 0.473985 0.470471 0.481485 0.40995 0.400348 0.515688
threshold=-0.45666666328907007 0.042340703308582313 0.67000001668930065 0.35666668415069586 0.35000002384185797 -0.016666665673255917 0.37666666507720953 -0.45666666328907007 0.069999992847442641 0.47666668891906744 0.29666668176651007 0.22333335876464847 -1.0000000180025095e-35 -0.049999997019767754 0.37000000476837164 0.019855022430419925 0.42333334684371954 0.044630834832787521 0.41000002622604376 0.020773616619408134 0.025009035132825378 -0.016666665673255917 -0.41666667163372034 -0.04333332180976867 0.02748545911163092 0.01666665077209473 -0.12999999523162839 0.23000001907348636 0.083333313465118422 -0.31000000238418574
decision_type=2 2 2 2 2 2 2 2 2 2 2 2 2 2 2 2 2 2 2 2 2 2 2 2 2 2 2 2 2 2
left_child=1 4 10 5 8 6 9 -5 15 11 -3 12 28 -13 24 -1 27 -18 -19 -14 -21 -22 -23 -11 -15 -8 -27 -7 29 -2
right_child=3 2 -4 7 -6 16 25 -9 -10 23 -12 13 19 14 -16 -17 17 18 -20 20 21 22 -24 -25 -26 26 -28 -29 -30 -31
leaf_value=0.010860638365503071 0.00073480566781463047 -0.014312154293083494 0.010890406293470278 0.003504419562403654 0 -0.0028733768254330483 0 -0.011531597707608664 0.021544689686237975 0.015318542831488112 0 0.00097856148751187958 0.0089403979224342549 0 0.0027692595898076815 -0.003389273364342851 -0.0060099354457224304 0.014835914612346816 -0.0015758065596331193 -0.0060372290532431936 -0.004403790373370145 -0.0013884528902831565 0.012701385226887137 0 -0.01592418512220704 0 0.016276608658382801 -0.010160540883618542 0.0019336905872679271 -0.0072188671246460811
leaf_weight=9.5442714416421968 22.954966558609158 13.67195739131421 17.402258454822004 6.2832067767158142 9.716900607571004 95.232603603973985 7.5661924236919758 50.379439977928996 29.482864192686975 6.2300736417528242 10.284453412983565 14.906035108957438 33.278516452992335 2.4776662643998923 3.087700047530233 7.3273682286962858 7.6269211657345322 8.7454635077156109 4.4575419207103542 16.127696916926652 4.6724364697001901 3.7491616941988513 14.014897192129862 4.3461293785367143 18.728262479882687 5.1696001840755406 13.747161866864184 30.540624703513458 26.032732150051743 47.111442522145808
leaf_count=134 1322 222 216 151 115 9312 294 4115 317 101 140 717 1551 96 156 93 542 257 144 785 251 67 588 154 816 275 515 3464 1391 2669
internal_value=0 0.00827669 0 -0.00191778 0.013961 -0.000661662 0.00121589 -0.00928942 0.0169635 0 -0.00885897 -0.00077541 0.000494822 -0.00611382 -0.0106227 0.00431323 -0.00387781 0.00262343 0.00923206 0.00464086 0 0.00505271 0.00907592 0.00996211 -0.0136723 0.00936964 0.0127143 -0.00521466 -0.00245043 -0.00443202
internal_weight=544.897 97.4301 41.3587 447.466 56.0714 390.804 244.201 56.6626 46.3545 217.718 23.9564 207.142 167.942 39.1997 24.2936 16.8716 146.603 20.8299 13.203 71.8427 38.5642 22.4365 17.7641 10.5762 21.2059 26.483 18.9168 125.773 96.0991 70.0664
internal_count=30970 1237 578 29733 659 25467 11748 4266 544 10664 362 10409 8624 1785 1068 227 13719 943 401 3242 1691 906 655 255 912 1084 790 12776 5382 3991
is_linear=0
shrinkage=0.05


Tree=43
num_leaves=31
num_cat=0
split_feature=16 38 37 40 30 38 41 41 31 37 41 35 40 3 30 40 38 40 36 31 5 38 8 18 29 38 38 37 41 32
split_gain=2.28495 1.63809 1.69582 1.9369 1.61858 1.46286 1.41981 1.27907 1.69117 1.22942 1.22183 1.0818 1.90884 1.72413 1.0646 1.09543 1.20267 1.05088 1.03689 1.02693 0.991129 1.44305 1.04837 0.960097 0.949089 0.803028 1.37352 0.801383 1.08735 0.790597
threshold=-0.28333333134651179 0.074303150177001967 0.009663581848144533 0.9533333182334901 -0.061666667461395257 0.074303150177001967 0.03895267844200135 0.041943827643990524 0.31000000238418585 -0.015917301177978512 0.055009381845593459 -0.049999997019767754 0.96999999880790722 0.31666666269302374 0.42166668176651007 0.88333332538604747 -0.048716068267822259 0.47666665911674505 -0.14333333075046537 -0.22999998927116391 -0.030000001192092892 0.11019897460937501 -0.096666663885116563 -0.4433333277702331 0.31000000238418585 0.11019897460937501 0.16974687576293948 0.038634300231933601 0.046484507620334632 0.38999998569488531
decision_type=2 2 2 2 2 2 2 2 2 2 2 2 2 2 2 2 2 2 2 2 2 2 2 2 2 2 2 2 2 2
left_child=5 2 7 4 27 6 9 -2 -9 18 -10 -11 13 19 24 16 -16 25 -1 -13 21 23 -23 -7 -8 -3 -27 -4 -29 -20
right_child=1 17 3 -5 -6 20 14 8 10 11 -12 12 -14 -15 15 -17 -18 -19 29 -21 -22 22 -24 -25 -26 26 -28 28 -30 -31
leaf_value=-0.0026135911420796833 -0.0087847891519754126 -0.010896244369704496 0.021373536926237932 -0.012553308006725487 -0.00097761286772172747 0.021848446469028712 -0.0010554174338516448 -0.0065539696691324454 0.013643447036409549 0.0094579320142447205 -0.0020602523074488804 -0.019419803278381803 0.013859412766274377 0.0060436234104788936 -0.0035325371898006289 -0.0082789141236158294 0.014458616422243524 -0.016576718493349404 0.015613640104304487 0 0.014374583441167016 0.0041319127434649664 -0.013258481267003134 0 -0.012909606030343504 0.015108563494294356 -0.0082663287970244359 0.013136950184391575 -0.004482154641516912 -0.00040624687957453791
leaf_weight=7.8526785969734183 71.644767761230469 6.432649876689541 16.02320723910816 7.2248995848931363 24.666211960138753 5.1843180023133755 48.596829110058025 38.501915396656841 22.367812020005658 13.920533190015702 15.318780010333283 20.34370946791023 5.0383002241142085 8.1561200860887748 8.7875612191855925 7.3443977897986761 18.643473716918379 27.886471257545054 36.209261623444036 7.0190284156706211 36.088860482210293 9.8303430736996233 11.625654867384583 5.7805908806622011 26.616635495563969 8.1784244661685062 4.7217072104103854 10.52937322901562 11.167247384088112 5.430038815829902
leaf_count=204 6712 697 1297 710 2790 63 1527 4430 877 366 547 418 102 172 170 115 265 3007 768 219 762 200 256 163 741 1111 497 942 893 129
internal_value=0 -0.00327838 -0.00118923 0.00482625 0.00812934 0.00311738 0.000860416 -0.00426205 1.76238e-05 0.00499547 0.0072817 0 -0.00445148 -0.0092785 -0.00288902 0.00352163 0.00834772 -0.0112104 0.0102392 -0.0148605 0.00919356 0.00143151 -0.00521853 0.0131613 -0.00620205 -0.000390116 0.005322 0.0139734 0.00415933 0.0132117
internal_weight=547.132 264.663 217.444 69.6109 62.386 282.468 213.959 147.833 76.1885 103.97 37.6866 54.4777 40.5572 35.5189 109.989 34.7754 27.431 47.2193 49.492 27.3627 68.5098 32.4209 21.456 10.9649 75.2135 19.3328 12.9001 37.7198 21.6966 41.6393
internal_count=31150 24510 19198 6632 5922 6640 5196 12566 5854 2378 1424 1277 911 809 2818 550 435 5312 1101 637 1444 682 456 226 2268 2305 1608 3132 1835 897
is_linear=0
shrinkage=0.05


Tree=44
num_leaves=31
num_cat=0
split_feature=19 41 22 24 37 3 27 38 7 7 10 19 38 6 32 17 21 30 40 10 14 41 28 27 5 1 41 30 17 1
split_gain=2.30715 1.72385 1.39959 1.36519 1.26389 1.26304 0.99406 1.52103 1.17556 0.806153 0.852314 1.07937 0.80674 1.1844 1.13856 0.817945 0.692438 0.790344 0.671481 0.655024 0.870119 0.677467 0.637967 0.802379 0.630387 0.932121 0.767257 0.597928 0.481718 0.469731
threshold=-0.4433333277702331 0.039123736321926124 -0.15666666626930234 0.31666666269302374 -0.027168273925781247 -0.049999997019767754 -0.4433333277702331 -0.056065082550048821 0.33666664361953741 0.083333313465118422 0.030000001192092899 -0.236666664481163 0.074303150177001967 0.056666672229766853 0.096666663885116591 -0.43000000715255732 0.40333333611488348 0.42833334207534796 0.14333333075046542 -0.41666667163372034 0.1566666662693024 0.027909388765692714 0.05500000715255738 -0.10999999940395354 0.24333333969116214 0.16333335638046267 0.033144393935799606 0.44833332300186163 -0.29000000655651087 0.043333351612091071
decision_type=2 2 2 2 2 2 2 2 2 2 2 2 2 2 2 2 2 2 2 2 2 2 2 2 2 2 2 2 2 2
left_child=1 3 5 24 -4 -3 7 -2 9 12 11 -11 13 14 19 -14 17 -6 -9 -8 29 -22 23 -13 25 26 -1 -10 -12 -21
right_child=6 2 4 -5 16 -7 8 18 27 10 28 22 15 -15 -16 -17 -18 -19 -20 20 21 -23 -24 -25 -26 -27 -28 -29 -30 -31
leaf_value=-0.0095215241637378045 -0.0082928228129615245 0.0015414180205890935 -0.0070378763269948012 -0.0027968831865536189 0.0011869123732968698 -0.018363285815587837 0.0058035529065759602 0 -0.011823154067641738 0.015214944282922567 0.0033272226839435627 0.014448118373698249 0.0050410097426703201 -0.0092296584877700552 0.013547756780693377 -0.01094113774767635 -0.00046916808526053236 0.020314087769224887 0.014392609900805028 -0.0026057763445212238 0.0023254540790713569 -0.011612784683909552 -0.0056863449944662909 -0.001572914270486749 0.021257072693784122 0.014227789324159634 0.0066126768421521202 0 -0.0052771958267836608 0.0043847225650038065
leaf_weight=8.2661495129577869 8.7037255782634002 9.9477081717923301 9.7298013763502222 9.3004400855861586 13.411494020372631 10.291993564460425 22.879434694070369 7.220114731462675 42.299489877419546 15.593715916853396 17.720652682939544 7.7631966636981806 3.6370809576474121 32.854335882235318 9.1762691279873234 42.713042891584337 8.219647875055669 11.403883548453448 20.937458875356242 50.550325955497101 5.733883104985579 27.801142483251169 15.25863853516057 10.391996094025673 20.234967138618231 12.332550365477799 8.5104793170467001 12.422730145044623 36.376525813015178 35.145481900312006
leaf_count=130 295 142 180 119 226 170 1524 219 3846 547 766 360 142 2345 292 3440 99 101 629 3982 423 2118 1389 1060 216 157 119 789 2827 2559
internal_value=-0.000212324 0.00564399 0 0.0113828 0.00480281 -0.00951202 -0.00200109 0.00508878 -0.00280469 -0.00151933 0.00193417 0.00646697 -0.00317976 -0.00140732 0.000419762 -0.00877544 0.00947642 0.0130319 0.0106872 -0.000773622 -0.00245295 -0.00860601 5.54409e-05 0.00612991 0.0145206 0.00629321 -0.000653406 -0.00930439 -0.00199186 8.78341e-05
internal_weight=546.828 121.649 63.0045 58.6446 42.7648 20.2397 425.179 36.8613 388.318 333.596 103.105 49.0075 230.491 184.141 151.287 46.3501 33.035 24.8154 28.1576 142.11 119.231 33.535 33.4138 18.1552 49.3441 29.1092 16.7766 54.7222 54.0972 85.6958
internal_count=31211 1659 918 741 606 312 29552 1143 28409 23774 6949 3356 16825 13243 10898 3582 426 327 848 10606 9082 2541 2809 1420 622 406 249 4635 3593 6541
is_linear=0
shrinkage=0.05


Tree=45
num_leaves=31
num_cat=0
split_feature=16 30 4 29 38 31 40 38 41 38 15 29 24 37 37 39 40 0 34 4 37 7 9 40 38 38 16 25 31 40
split_gain=2.6535 1.47852 1.33599 1.2956 1.45861 1.27944 1.58361 1.24733 1.08969 1.14847 1.02791 1.02275 0.981139 0.926512 2.87104 1.63757 1.1826 1.17184 1.03327 0.895644 0.808068 0.852894 0.777912 0.763588 0.738984 0.72185 0.638102 0.622986 0.598105 0.594079
threshold=-0.25666666030883784 0.3966666460037232 0.43000000715255743 0.043333351612091071 0.03821611404418946 0.31000000238418585 0.11333333328366281 -0.048716068267822259 0.038634473457932479 0.08760929107666017 0.38999998569488531 0.31000000238418585 0.069999992847442641 0.009663581848144533 0.04525041580200196 0.016246220096945766 0.67000001668930065 -0.15666666626930234 -0.030000001192092892 -0.0099999904632568342 -0.011707305908203123 -0.10999999940395354 -0.049999997019767754 0.94333332777023327 -0.18446445465087888 0.03019046783447266 0.18999999761581424 0.33666664361953741 0.35666668415069586 0.083333332091569914
decision_type=2 2 2 2 2 2 2 2 2 2 2 2 2 2 2 2 2 2 2 2 2 2 2 2 2 2 2 2 2 2
left_child=1 8 13 4 5 25 7 24 20 11 23 -10 -11 17 15 -15 -16 -3 -17 -12 21 -1 -14 28 -7 -2 -6 -19 -8 -28
right_child=3 2 -4 -5 26 6 10 -9 9 12 19 -13 22 14 16 18 -18 27 -20 -21 -22 -23 -24 -25 -26 -27 29 -29 -30 -31
leaf_value=-0.0015074263636353851 -0.0050694926138735406 0 -0.0056472852117750143 -0.0091374362274089082 -0.00019498422043733431 -0.0058128701807924196 0 -0.016036318989625254 -0.0016168801292262035 -0.0033783713388597044 0.0068229055191473195 -0.014363349886626976 0.019629122106774564 0.0072907913810412745 0 -0.02233240625204571 0.021160424905882054 0.019152527848896022 0 -0.01250385660637701 0 0.013885824905436429 0 -0.00041844198785562236 0.011205828697130354 0.0096459505435075883 0.0013575553263560419 0 0.019543545405821022 -0.015114384713900562
leaf_weight=7.3920343739446279 60.781336231157184 11.879685983061789 11.02491252706386 73.442760708509013 20.92975260457024 4.4700179139617822 4.8891805561725077 6.7670881245285264 57.364104076754302 11.871301138540732 9.0047836890444142 20.532915090676397 6.9028123170137405 7.3965716296806958 7.5064916093833771 9.2019755146466249 14.025684570893644 37.145278269425035 9.2451005051843769 3.8538057832047334 43.517222337657586 24.389940802706406 6.2366621042601746 3.9170726845040909 8.1635401833336818 2.925915536703541 2.3387879226356771 6.7448071958497158 25.97823425848037 23.295042765093967
leaf_count=247 6928 205 349 8145 2653 100 377 424 1972 319 353 672 144 101 110 148 190 501 133 180 1389 723 174 194 300 388 255 144 957 2378
internal_value=-2.92262e-08 0.00316137 0.00745325 -0.00377125 -0.0011859 0.00142093 0.00611636 -0.00420791 0.000122794 -0.00301396 0.010787 -0.00606164 0.00500825 0.00931605 0.0029018 -0.00712547 0.014775 0.013549 -0.0142992 0 0.00462321 0.00997306 0.0125753 0.0146987 0.00390979 -0.00326291 -0.00830817 0.0169118 0.0170511 -0.0128488
internal_weight=543.135 292.378 114.171 250.757 177.315 130.751 67.0437 19.4006 178.207 102.908 47.6431 77.897 25.0108 103.146 47.3758 25.8436 21.5322 55.7698 18.4471 12.8586 75.2992 31.782 13.1395 34.7845 12.6336 63.7073 46.5636 43.8901 30.8674 25.6338
internal_count=31153 7521 1881 23632 15487 10201 2885 824 5640 3281 2061 2644 637 1532 682 382 300 850 281 533 2359 970 318 1528 400 7316 5286 645 1334 2633
is_linear=0
shrinkage=0.05


Tree=46
num_leaves=31
num_cat=0
split_feature=27 5 21 19 33 31 14 21 29 41 41 18 40 9 37 41 7 18 31 41 31 14 37 30 11 5 27 19 25 37
split_gain=1.95988 1.09643 1.27595 1.73473 1.2558 1.36693 1.09902 1.27722 1.15427 0.920643 1.27713 0.849979 0.812905 0.754659 0.684912 0.668876 0.603968 0.594837 0.759165 0.823644 0.788833 0.592851 0.713812 0.559883 0.550546 0.539317 0.849268 0.814276 1.22092 0.52081
threshold=-0.17000000178813932 0.32333332300186163 0.49000000953674322 -0.36333334445953364 0.29000002145767217 -0.4433333277702331 0.22333335876464847 -0.31666666269302363 -0.43000000715255732 0.061374438926577575 0.030753826722502712 -0.41666667163372034 0.68333333730697643 -0.016666665673255917 0.076100349426269545 0.035937532782554633 0.24333333969116214 0.35000002384185797 0.42333334684371954 0.044630834832787521 -0.21666666865348813 -0.40333333611488337 -0.048320293426513665 0.44333332777023321 0.1566666662693024 -0.29000000655651087 0.20999997854232791 -0.12333333492279051 -1.0000000180025095e-35 0.04525041580200196
decision_type=2 2 2 2 2 2 2 2 2 2 2 2 2 2 2 2 2 2 2 2 2 2 2 2 2 2 2 2 2 2
left_child=1 4 3 -3 5 -1 12 -8 -9 10 -6 -12 15 -10 16 -7 -14 18 20 -20 25 22 -17 -5 -23 -2 27 28 -27 -24
right_child=17 2 -4 23 9 6 7 8 13 -11 11 -13 14 -15 -16 21 -18 -19 19 -21 -22 24 29 -25 -26 26 -28 -29 -30 -31
leaf_value=0.014581748299094463 -0.0064098127021130344 0.018329635056250553 -0.0080628585712840088 -0.0033369003817990007 0.0033863131566470419 0.0019574015686143593 -0.0058809718464312745 -0.0016792164762338823 0.023524507793679372 0.0072681550663774106 -0.020857441871413543 -0.0017758768380282291 0.0092661099504930938 0 -0.0053678382065257017 0.0012534693268985446 -0.0036714480844539845 -0.0091798938734623126 -0.0048044759333085796 0.011188300159578148 -0.006132647149466916 0.0012826005362655763 -0.017151749977180691 0.0087462342065762651 -0.0097749029043870082 0 -0.0042448287435415885 -0.0041186908541522276 0.017031521940359506 0
leaf_weight=15.230984765570609 15.608025576686485 27.352603752166033 4.7588614562991998 19.958601218881089 9.4323287701699865 33.532332027563825 4.8547127568163004 4.7525288877077445 12.781957470113413 4.0030323662795118 14.354744672309605 14.369377372553574 36.479959728661925 2.9405556179117349 7.6676237774081519 5.2268651705235269 4.8527659964747718 37.214344660518691 6.2639272331725833 14.506090033799408 102.69971745810471 37.06391621590592 18.247621530666951 8.6187537866644544 8.4108318062499148 15.853631134610618 20.641024932265282 7.3225043469574294 18.021179900271822 5.2561608776450148
leaf_count=178 1157 343 91 1031 323 1278 224 129 244 140 206 772 1402 265 302 140 157 3669 472 420 11660 1783 352 268 404 654 1571 804 448 91
internal_value=-0.000220536 0.00239788 0.00810978 0.0105374 0.000685549 0.00247927 0.000900993 0.00951148 0.0146111 -0.00645271 -0.00925035 -0.013988 -0.000636265 0.0197898 0.0041893 -0.00315601 0.00694612 -0.0036011 -0.00221073 0.00543543 -0.00337338 -0.00575196 -0.0108178 0.000469607 -0.00117787 0.000163882 0.00261178 0.00667973 0.00990943 -0.0140585
internal_weight=538.278 300.147 60.6888 55.93 239.458 197.299 182.068 25.3298 20.475 42.1595 38.1565 28.7241 156.738 15.7225 49.0003 107.738 41.3327 238.13 200.916 20.77 180.146 74.2054 28.7306 28.5774 45.4747 77.4464 61.8383 41.1973 33.8748 23.5038
internal_count=30978 10123 1733 1642 8390 6949 6771 862 638 1441 1301 978 5909 509 1861 4048 1559 20855 17186 892 16294 2770 583 1299 2187 4634 3477 1906 1102 443
is_linear=0
shrinkage=0.05


Tree=47
num_leaves=31
num_cat=0
split_feature=27 11 38 39 38 0 28 25 5 17 38 31 26 38 39 26 31 6 4 26 6 23 39 37 26 9 6 14 16 25
split_gain=2.41492 1.00391 1.48756 1.80819 1.05117 1.40199 1.01138 0.939354 0.902519 0.892455 0.88467 1.10941 0.812902 0.775006 0.766914 0.725224 0.653781 0.936362 0.70666 0.627689 0.777755 0.510149 0.49028 0.528241 0.460405 0.414381 0.414174 0.700187 0.606096 0.37785
threshold=-0.17000000178813932 -0.45666666328907007 0.0070109367370605477 0.018832436762750152 0.01596927642822266 0.29000002145767217 0.38833332061767584 0.35000002384185797 -0.016666665673255917 -0.48333333432674402 0.18432664871215823 0.42333334684371954 0.13666665554046634 -0.020427703857421872 0.019357892684638504 0.23666667938232425 -0.28333333134651179 0.40333333611488348 -0.36333334445953364 0.44333332777023321 0.083333313465118422 0.37666666507720953 0.017755206674337391 0.043982982635498054 0.33666664361953741 0.043333351612091071 -0.21666666865348813 -0.43000000715255732 -0.30333334207534784 -0.15000000596046445
decision_type=2 2 2 2 2 2 2 2 2 2 2 2 2 2 2 2 2 2 2 2 2 2 2 2 2 2 2 2 2 2
left_child=1 2 3 -1 7 19 -4 8 22 -5 11 16 13 14 -13 -10 17 18 -2 26 -21 24 -3 -24 -9 -12 28 -28 -6 -20
right_child=10 4 6 9 5 -7 -8 21 15 -11 25 12 -14 -15 -16 -17 -18 -19 29 20 -22 -23 23 -25 -26 -27 27 -29 -30 -31
leaf_value=-0.014315143716380469 -0.0078464647258915179 -0.0074063611130435374 0.00089771173911078845 0.016200675929572871 0.01009189779690005 -0.012114791441182847 0.021304520091095833 0.00035680643610245464 0 -0.0010533540599150192 0.011846097298151729 0.021533331315424977 -0.0088440921919455042 -0.0032334121742945091 0.0013465148084404353 0.010454414408022099 -0.0081627543178867095 -0.012013762610280207 -0.00053630286057782092 -0.0012300150031566825 0.014370513926109808 0.0037163602815268228 0.0051705690807752657 -0.0065633496536473164 -0.015440465151918964 -0.0013856512582672942 -0.013915183992861938 0 -0.0039466350119305707 0.0072356504283397211
leaf_weight=8.489359793718906 9.3257647175341827 10.674768485594539 12.549953125184404 8.3467671121470648 9.2510010767728108 22.489815285196528 17.63716350402683 2.2941172881983203 17.608011220348999 9.2577071627601963 7.0065632394980621 5.3703590494115003 4.1642681825906029 7.1537596040870985 14.772076587425543 65.956379193114117 129.57405123091303 10.624250555410979 16.977140886941921 9.0799693549051899 10.050998431630431 2.1011394914239636 36.832508456893265 5.29364308877848 7.1335605543572456 3.5921055865474045 8.1578755713999254 32.049909361172467 7.559407510329037 29.275953569915149
leaf_count=126 743 526 214 96 170 908 181 117 593 176 442 155 289 669 434 1949 14356 832 1076 250 274 99 1425 227 356 324 142 1780 604 1595
internal_value=-0.000145741 0.00274556 0.00849649 0 0.00116301 -0.00259582 0.015067 0.0038359 0.00516309 0.00810675 -0.00390646 -0.00468759 0.00308022 0.00691611 0.0113919 0.00821978 -0.00611421 -0.00141339 0.00118009 0.000590685 0.0074455 -0.00683002 0 0.00254216 -0.0113322 0.0069756 -0.00180247 -0.00463095 0.0033054 0.0041705
internal_weight=540.65 302.814 56.281 26.0938 246.533 98.639 30.1871 147.894 136.365 17.6045 237.836 227.238 31.4605 27.2962 20.1424 83.5644 195.777 66.2031 55.5789 76.1492 19.131 11.5288 52.8009 42.1262 9.42768 10.5987 57.0182 40.2078 16.8104 46.2531
internal_count=31128 10213 793 398 9420 4128 395 5292 4720 272 20915 20149 1547 1258 589 2542 18602 4246 3414 3220 524 572 2178 1652 473 766 2696 1922 774 2671
is_linear=0
shrinkage=0.05


Tree=48
num_leaves=31
num_cat=0
split_feature=30 4 32 25 5 1 38 21 4 21 37 8 37 37 20 1 33 29 1 38 11 36 18 28 28 15 37 11 40 40
split_gain=2.87773 1.3748 0.864152 0.791133 1.96602 0.816577 0.734482 0.714223 0.652942 0.642542 0.517212 0.807894 1.05621 0.883899 0.779878 0.721985 0.692344 0.598633 0.487264 0.470775 0.439025 0.546785 0.412679 0.410307 0.407325 0.405819 0.382759 0.346051 0.345093 0.337327
threshold=0.46166664361953741 0.30333334207534796 0.38999998569488531 0.35000002384185797 0.27666664123535162 0.31000000238418585 0.18432664871215823 0.4499999880790711 0.22333335876464847 -0.12333333492279051 -0.047028064727783196 -0.083333343267440782 0.0081372261047363299 0.0075397491455078134 -0.096666663885116563 0.12333333492279054 -0.2766666561365127 0.30333334207534796 -0.18333333730697629 -0.09685420989990233 0.32999998331069952 -0.14333333075046537 -0.4433333277702331 -0.25666666030883784 1.0000000180025095e-35 -0.46999999880790705 -0.065113067626953111 -0.21666666865348813 0.063333334401249899 0.9166666865348817
decision_type=2 2 2 2 2 2 2 2 2 2 2 2 2 2 2 2 2 2 2 2 2 2 2 2 2 2 2 2 2 2
left_child=1 3 7 4 8 26 18 -2 10 -10 20 12 16 15 27 17 19 -13 -3 -12 21 -1 -5 -14 -18 -25 -6 29 -20 -15
right_child=2 6 -4 22 5 -7 -8 -9 9 -11 11 13 23 14 -16 -17 24 -19 28 -21 -22 -23 -24 25 -26 -27 -28 -29 -30 -31
leaf_value=-0.0050918494909461733 0.016841678214181626 0 0 0.0035560308201781909 0 -0.00091388502856711365 0.0063408336251105776 2.1798332937664912e-05 -0.004046685854615031 0.0091862911299367446 0.00065160166474432547 -0.0077813099855625059 -0.00096691796599810862 -0.0094207648881475814 -0.012697821768716179 0.0068871859312964762 0.0063526606336207804 0.0046007662355752937 0 -0.012474758034061284 0.0099228417622833839 0.004337646878701279 -0.0081490284340270999 -0.0023913717883165316 -0.0037415577757323524 0.0083785115011855184 0.015881454372059997 0.0038298143170404832 -0.010954993683988374 0.002187022687511482
leaf_weight=20.786250915378332 31.662127011688426 17.507453566882759 17.281369944103062 2.4841437069699159 2.8579219186212894 6.8550344554241738 3.947089265799149 11.249072830192743 5.8640703449491438 26.088621465722099 3.9008747863117632 25.764407175593078 14.377290550153701 9.8507591562811303 39.374721353175119 17.380726980278268 12.482752253301443 6.7189201184082767 11.450720206135882 19.40377335017547 9.9097607482690346 29.741265874123201 32.221828492823988 3.7720808722078791 14.106630804482846 45.056894904468209 26.791108266683295 12.059434094699098 55.927381795132533 2.5817830893211058
leaf_count=1408 417 1138 643 59 159 350 229 148 338 1316 264 1796 1274 392 2251 894 955 206 502 1645 388 1783 3107 47 693 2881 1269 945 3579 90
internal_value=0.000276031 -0.00101431 0.0100883 0.000232328 0.00103228 0.0111487 -0.00642509 0.0134871 -0.000232034 0.0058432 -0.00109875 -0.00224944 0.00055784 -0.00513801 -0.00876746 0 -0.00435234 -0.00425254 -0.00767318 -0.00974093 0.00265681 0 -0.0062964 0.0048364 0.000527305 0.00691992 0.0143233 -0.000373654 -0.00946185 -0.0057267
internal_weight=539.456 479.264 60.1926 390.431 355.725 36.5041 88.8326 42.9112 319.221 31.9527 287.268 226.831 113.1 113.731 63.8667 49.8641 49.894 32.4833 84.8856 23.3046 60.4373 50.5275 34.706 63.2063 26.5894 48.829 29.649 24.492 67.3781 12.4325
internal_count=31166 29958 1208 24510 21344 1778 5448 565 19566 1654 17912 14333 7759 6574 3678 2896 3557 2002 5219 1909 3579 3191 3166 4202 1648 2928 1428 1427 4081 482
is_linear=0
shrinkage=0.05


Tree=49
num_leaves=31
num_cat=0
split_feature=16 38 31 41 3 1 41 1 21 23 26 10 14 36 37 28 4 12 38 41 39 39 38 31 38 38 21 37 41 39
split_gain=1.80886 1.71894 1.86357 1.23958 1.10341 1.29325 1.51287 1.20658 1.5417 1.08147 0.99456 0.945919 0.849586 0.849212 1.08415 0.813472 0.750286 0.895456 0.723031 0.702152 0.671528 0.668756 0.738148 0.719326 0.658572 0.613192 0.612109 0.597021 0.595036 0.540742
threshold=-0.25666666030883784 0.074303150177001967 0.35666668415069586 0.03895267844200135 -0.22333332896232602 0.17000001668930056 0.043214606121182449 -0.056666672229766839 0.16333335638046267 0.1566666662693024 -0.1766666769981384 0.31666666269302374 -0.41666667163372034 -0.04333332180976867 0.009663581848144533 1.0000000180025095e-35 0.42333334684371954 -0.3899999856948852 0.014789581298828127 0.053183959797024734 0.017265589907765392 0.017564586363732818 0.11496782302856447 -0.19666665792465207 -0.022441387176513668 0.03821611404418946 -0.43000000715255732 0.0067873001098632821 0.033665614202618606 0.026805683970451358
decision_type=2 2 2 2 2 2 2 2 2 2 2 2 2 2 2 2 2 2 2 2 2 2 2 2 2 2 2 2 2 2
left_child=4 2 18 28 10 7 16 8 9 15 -1 24 19 -8 -15 -6 17 -7 -2 -9 -20 22 -3 -23 29 -22 -12 -27 -4 -5
right_child=1 21 3 11 5 6 13 12 -10 -11 26 -13 -14 14 -16 -17 -18 -19 20 -21 25 23 -24 -25 -26 27 -28 -29 -30 -31
leaf_value=-0.0022706463942285785 -0.0065446057586975165 -0.0083350513373511206 0.0022099337664968524 0.017886101417120697 0.0027156237516059046 0.016580499688589476 0.0059004314556731097 -0.017372181930458488 0.0097895216782527064 0.007290496484321278 0 -0.0036962923638597621 -0.0008119408444092059 0.00013237367490540731 -0.016818093688511636 -0.012404906882304766 -0.0015312428884355174 0.0023595750326200616 -0.0063575561879608894 0 0.012924750097793909 0 0.0089703050758388071 -0.017790658292096421 0 -0.0093232892024384065 0.013942087040465057 0.0056837401043439532 -0.010138650286372881 0
leaf_weight=10.363667079713194 94.112916323589161 7.8144060135819 16.224265739787374 26.167690740898252 6.6513077369891134 32.421353299170732 14.107638492248951 17.525708644185219 30.465483598643914 8.6759284406434727 5.9608171754516652 6.0497649996541432 33.937287489650771 17.514096654951576 9.1289210682734829 23.562285074032843 7.7772013621870419 25.306463688844815 10.85054678795859 5.7678904393687835 9.4524114860687423 6.3330891744699356 5.0063501114491373 24.630371908657253 10.01092249387875 5.5643270737491539 39.719874335220084 9.0855805622413737 9.5550003149546665 7.7815345954149953
leaf_count=384 10601 971 970 637 256 477 367 340 697 190 158 405 1208 457 255 683 231 767 1484 128 1079 723 665 2780 669 640 835 1152 637 212
internal_value=0.000228534 -0.00281137 -0.000636516 0.00520206 0.00293367 0.00119596 0.0051858 -0.00204765 0.00207834 -0.00390662 0.00893639 0.00953518 -0.00716585 -0.0017686 -0.0069334 -0.00848745 0.00964714 0.0115478 -0.00432889 -0.0135073 0.0011114 -0.0111817 0 -0.014616 0.0120817 0.00590132 0.0119311 0 -0.00263041 0.0149586
internal_weight=537.525 248.639 204.855 75.7892 288.886 232.842 106.256 126.586 69.355 38.8895 56.0444 50.0099 57.2309 40.7507 26.643 30.2136 65.505 57.7278 129.066 23.2936 34.9529 43.7842 12.8208 30.9635 43.9601 24.1023 45.6807 14.6499 25.7793 33.9492
internal_count=31058 23625 18486 3530 7433 6056 2554 3502 1826 1129 1377 1923 1676 1079 712 939 1475 1244 14956 468 4355 5139 1636 3503 1518 2871 993 1792 1607 849
is_linear=0
shrinkage=0.05


Tree=50
num_leaves=31
num_cat=0
split_feature=30 31 35 9 36 3 31 1 32 19 20 24 8 35 31 38 19 25 9 37 16 8 31 36 15 23 8 32 0 39
split_gain=1.12879 1.47411 1.18251 1.12685 1.91298 1.70695 1.26628 1.06511 0.989082 0.973889 0.875906 0.732742 0.710876 0.640301 0.557861 1.30268 0.73314 0.89782 1.00125 0.657804 0.848385 0.621818 0.567602 0.554825 0.540168 0.529592 0.527914 0.500596 0.618326 0.400836
threshold=0.3966666460037232 0.47666668891906744 -0.40333333611488337 0.13666665554046634 0.2833333313465119 -0.18999999761581418 -0.21666666865348813 -0.1116666793823242 0.41666668653488165 0.27666664123535162 -0.29000000655651087 0.23000001907348636 0.14333331584930423 0.43000000715255743 0.35666668415069586 -0.022851467132568356 -0.24999999999999997 -0.0099999904632568342 0.18333333730697635 0.027335166931152347 -0.36333334445953364 -0.016666665673255917 0.056666672229766853 0.030000001192092899 -0.43000000715255732 0.45666664838790899 -0.17000000178813932 0.16333335638046267 -0.25666666030883784 0.0300090815871954
decision_type=2 2 2 2 2 2 2 2 2 2 2 2 2 2 2 2 2 2 2 2 2 2 2 2 2 2 2 2 2 2
left_child=1 9 -3 11 5 -5 23 24 25 14 -4 -2 -12 -10 16 -16 17 19 22 20 27 -21 26 -7 -6 -9 -19 28 -1 -18
right_child=3 2 10 4 7 6 -8 8 13 -11 12 -13 -14 -15 15 -17 29 18 -20 21 -22 -23 -24 -25 -26 -27 -28 -29 -30 -31
leaf_value=0 0.018801336836669642 -0.0046781538117396998 -0.00061192838330628935 0.0093983231154312844 -0.0074870889500526748 -0.0003798990392398606 0.0033472698593058447 0.016775481380906229 -0.010731254294539702 -0.0079620812655320696 0.0232200114275109 0 0 0.0058646477337336621 0.010300335623478075 -0.0061179088458679417 -0.0059246939281970513 0 -0.0047446905679478929 0.0068190543081737155 0 -0.0046603132779002299 -0.0031702899592819505 -0.020509481692038901 0.0048827813176060093 0 0.011951709462926362 0 -0.015935154718980132 0.00092376706257286207
leaf_weight=3.9936730666086104 12.248580775922166 6.2215326810255673 4.3002440282143715 6.1944898115470997 13.091598543804141 7.3709846129640963 5.9053810525219914 26.735545976785943 4.2611567308194918 59.343771227868274 10.898282095091412 8.0371886766515654 3.9908865741454056 6.4416127647273242 24.748435382731259 12.874554535606874 104.84083811147138 9.8139310171827656 14.483366453554479 23.197164764627814 32.098469412419945 12.074706797720863 4.2038095453754059 17.080574421212077 8.8507886473089439 7.1911839861422768 37.278877821052447 7.8740557716228059 22.001559408847243 17.206268295180053
leaf_count=98 184 175 176 112 181 154 339 650 212 5516 238 159 197 421 946 1083 11598 338 400 894 1964 489 173 332 455 137 1109 180 617 1737
internal_value=-0.000142476 -0.00144963 0.00884812 0.00388752 0.00118802 -0.0070266 -0.0120637 0.00625081 0.0103509 -0.0023163 0.0142958 0.0132558 0.0187372 -0.000727389 -0.00109049 0.00404022 -0.00191157 0.000122649 0.00457721 -0.00263272 -0.00551907 0.00217735 0.00786677 -0.0165328 -0.00162575 0.014056 0.00956982 -0.010401 -0.0131879 -0.00476591
internal_weight=534.854 411.444 25.4109 123.409 103.123 36.5514 30.3569 66.5719 44.6295 386.033 19.1894 20.2858 14.8892 10.7028 326.69 37.623 289.067 167.02 65.78 101.24 65.9678 35.2719 51.2966 24.4516 21.9424 33.9267 47.0928 33.8693 25.9952 122.047
internal_count=31264 27928 786 3336 2993 937 825 2056 1420 27142 611 343 435 633 21626 2029 19597 6262 2020 4242 2859 1383 1620 486 636 787 1447 895 715 13335
is_linear=0
shrinkage=0.05


Tree=51
num_leaves=31
num_cat=0
split_feature=30 4 31 27 38 25 17 31 25 24 31 39 24 4 32 38 41 32 12 8 32 39 9 40 40 31 38 32 17 40
split_gain=1.58115 1.29575 1.62785 1.03612 1.36032 0.978472 1.19452 1.10333 1.07404 0.935015 0.902538 1.13449 0.771992 0.768799 0.69372 0.67907 0.507922 0.48902 0.414186 0.746859 0.775759 0.67594 1.41365 0.87417 0.830237 0.680058 0.972583 0.64777 0.561665 0.54248
threshold=0.46166664361953741 0.30333334207534796 0.47666668891906744 -0.36333334445953364 -0.022851467132568356 0.26333332061767584 -0.46999999880790705 -0.48333333432674402 0.11000001430511476 -0.33666665852069849 0.069999992847442641 0.026805683970451358 -0.26999998092651362 0.41000002622604376 -0.24333333969116208 0.18432664871215823 0.053183959797024734 -0.35000000894069666 -0.40333333611488337 0.24333333969116214 0.12333333492279054 0.029205097816884521 -0.036666661500930779 0.46333333849906927 0.29666666686534887 0.35666668415069586 -0.048716068267822259 -0.14333333075046537 -0.37666666507720942 0.050000000745058067
decision_type=2 2 2 2 2 2 2 2 2 2 2 2 2 2 2 2 2 2 2 2 2 2 2 2 2 2 2 2 2 2
left_child=1 2 3 4 14 6 -2 -7 -8 -6 11 -11 -4 -9 -1 -3 -16 -14 19 20 -5 23 27 24 25 29 -27 -23 -25 -20
right_child=5 15 12 18 9 7 8 13 -10 10 -12 -13 17 -15 16 -17 -18 -19 21 -21 -22 22 -24 28 -26 26 -28 -29 -30 -31
leaf_value=0.0064140289494159829 0.017627681075954794 -0.0077592432720528168 -0.00057071281180072898 0 -0.0068694419434523679 -0.014368559322668124 -0.0083758275581758187 0.0117025906892017 0.011399428088103644 0.0159720968019103 -7.7959441591803031e-05 -0.0029350870756104782 0 -0.0046488652404002729 -0.0101567040534339 0.0058338487616472314 0.00097414407778759378 0.020457005635035275 0.0018164315262418304 -0.0081734409581476 0.012996199805152065 0 -0.0072967892903654259 0.00036364940203785978 0.0075088501841131146 0.012726670664460316 -0.0052819450292743361 0.015325932876086582 -0.0095011029064841993 -0.0073747622034865817
leaf_weight=6.8309904115740201 22.070621588267386 81.534933568909764 5.0312155280262258 25.931860691169277 3.4221509061753741 4.6302153058350113 9.7057276614941639 10.372922458453106 6.1840435059275469 37.422430674312636 12.584987878566606 5.0946513847447923 4.0974066627677539 5.6718145527411243 22.193399223964665 3.7783231253270051 8.7263349969871324 10.732971079414707 13.335768076591192 7.8344272295944384 11.743944048881529 10.355325293028725 14.920686499215661 11.188809543382375 15.93295923550613 9.0977027826011199 7.6769588028546414 12.104870581999423 76.498597312485799 59.224367699818686
leaf_count=269 232 5192 189 895 151 67 195 224 151 805 698 87 131 339 689 219 263 249 1242 258 299 835 1158 649 1326 338 703 693 7141 5545
internal_value=-0.000148605 -0.00117382 1.2209e-05 -0.000755928 0.00347203 0.00714418 0.0114231 -0.000577169 0 0.00805604 0.00997568 0.0131084 0.012207 0.00509622 -0.00319328 -0.00653968 -0.00669036 0.0166577 -0.00236276 0.00149184 0.0049208 -0.00324867 0.00221518 -0.00446772 -0.00100027 -0.00315718 0.00416702 0.00961871 -0.00803285 -0.00535758
internal_weight=535.931 477.296 391.983 372.121 96.2749 58.6353 37.9604 20.675 15.8898 58.5242 55.1021 42.5171 19.8616 16.0447 37.7507 85.3133 30.9197 14.8304 275.846 45.5102 37.6758 230.336 37.3809 192.955 105.268 89.3348 16.7747 22.4602 87.6874 72.5601
internal_count=31232 30024 24613 24044 2962 1208 578 630 346 1741 1590 892 569 563 1221 5411 952 380 21082 1452 1194 19630 2686 16944 9154 7828 1041 1528 7790 6787
is_linear=0
shrinkage=0.05


Tree=52
num_leaves=31
num_cat=0
split_feature=30 4 31 13 38 41 28 37 31 5 5 31 35 9 39 5 28 27 28 39 33 25 19 18 8 38 8 39 9 32
split_gain=1.61581 1.21501 0.901786 1.8148 1.08214 0.958033 0.786395 1.49023 2.04113 1.2723 1.20967 0.780545 1.01506 0.604377 0.972543 1.37627 0.923547 0.637786 0.580011 0.552889 0.517065 0.49603 0.623848 1.31769 0.557861 0.544137 0.513812 0.537743 0.488906 0.486416
threshold=0.42833334207534796 0.43000000715255743 0.46333330869674688 0.35000002384185797 -0.022851467132568356 0.039123736321926124 0.44166666269302374 0.04525041580200196 -0.31000000238418574 0.23666667938232425 -0.21000000834465024 -0.43000000715255732 -0.10333332419395445 0.18999999761581424 0.0300090815871954 -0.030000001192092892 0.18999999761581424 0.030000001192092899 0.42333334684371954 0.025618453510105613 0.20999997854232791 -0.076666668057441698 -0.24333333969116208 0.18333333730697635 -0.096666663885116563 0.03821611404418946 -0.20333333313465116 0.024153697304427627 -0.036666661500930779 0.24333333969116214
decision_type=2 2 2 2 2 2 2 2 2 2 2 2 2 2 2 2 2 2 2 2 2 2 2 2 2 2 2 2 2 2
left_child=2 6 3 11 5 -4 7 8 9 10 -2 12 -1 14 17 -16 -15 21 -14 -6 -8 24 26 -24 -13 -25 -23 -28 -17 -26
right_child=1 -3 4 -5 19 -7 20 -9 -10 -11 -12 13 18 16 15 28 -18 -19 -20 -21 -22 22 23 25 29 -27 27 -29 -30 -31
leaf_value=-0.0035135831428989225 0 -0.0056350514947309726 -0.0018755900467409955 -0.012085531452085982 -0.010478455738938977 0.0155951805379922 0 0.014267060322576861 0.012550365587717861 0.0012287747536545959 -0.025109060731778984 0.00048183167654589174 0.016352220701944115 0 -0.0021651506944288194 0.019258529433137037 -0.010144345296082392 -0.0052848450446482155 0 0.0050953354599451188 0.016715636160885942 -0.0022479393910641199 -0.0082331445335716881 0.013529867076167577 -0.0097888034476132143 -0.0021684261225781696 0.011276836230239727 -6.1229592841781672e-06 0.00043678867827077301 0.0032901198175975081
leaf_weight=10.04293816490099 6.3743047676980487 12.821786310290916 6.360327202826741 34.451040269108489 7.9325216379947943 18.749542017932981 6.6050533149391439 13.653445019386707 9.2052300996147114 11.832673343131317 8.4177748260553908 44.308875129325315 13.258255010237919 36.068784333765507 18.686507579637691 11.152145520783963 38.94851613836363 73.878464413108304 4.271891380660235 2.4895997305866331 24.688708595698699 7.3221706170588723 23.891748150810599 8.7097474574111384 25.98691919865087 2.7773463227786115 30.929782200604677 8.7647455118130875 8.2705666190013272 2.6834056042134753
leaf_count=422 97 698 217 3656 560 283 90 271 338 241 142 2391 392 3021 1281 620 2020 7667 94 126 378 259 2075 499 1391 255 825 243 488 128
internal_value=1.22641e-06 0.00580406 -0.00123878 -0.00197969 0.00565965 0.010858 0.00817196 0.00293796 -0.00220867 -0.00944743 -0.0170802 -0.000794252 0.00636448 -0.00154221 -0.00028915 0.00641835 -0.00534742 -0.00164568 0.012539 -0.00473349 0.0139737 6.19321e-05 0.00277501 -0.0015978 -0.00266277 0.00886299 0.00634542 0.00856472 0.0142219 -0.00748606
internal_weight=533.535 93.599 439.936 404.404 35.532 25.1099 80.7772 49.4834 35.83 26.6248 14.7921 369.953 27.5731 342.38 267.362 38.1092 75.0173 229.253 17.5301 10.4221 31.2938 155.375 82.3955 35.3788 72.9792 11.4871 47.0167 39.6945 19.4227 28.6703
internal_count=31168 2255 28913 27727 1186 500 1557 1089 818 480 239 24071 908 23163 18122 2389 5041 15733 486 686 468 8066 4156 2829 3910 754 1327 1068 1108 1519
is_linear=0
shrinkage=0.05


Tree=53
num_leaves=31
num_cat=0
split_feature=30 32 4 4 32 27 32 31 24 38 30 24 38 26 3 18 36 31 39 15 10 37 37 27 10 37 38 38 39 15
split_gain=1.86752 1.35835 1.00194 0.923607 0.769275 0.887444 0.86862 0.708326 0.929136 0.693524 1.03422 0.683091 0.593238 0.55706 1.13781 0.78925 0.576636 1.4484 0.590275 0.676799 0.51066 0.501032 0.462798 0.531098 0.434858 0.432683 0.422624 0.420655 0.58212 0.514559
threshold=0.47500002384185797 0.37000000476837164 0.31000000238418585 0.20999997854232791 0.23666667938232425 -0.30333334207534784 0.31666666269302374 0.47666668891906744 -0.26999998092651362 -0.022851467132568356 0.27666664123535162 0.096666663885116591 0.18432664871215823 0.44333332777023321 0.069999992847442641 -0.46999999880790705 0.35000002384185797 -0.4433333277702331 0.024153697304427627 0.16333335638046267 -0.023333340883255001 -0.042948246002197259 0.038634300231933601 -0.26999998092651362 0.4499999880790711 -0.0067138671874999991 -0.12030982971191405 -0.013042449951171873 0.020484371110796932 -0.18333333730697629
decision_type=2 2 2 2 2 2 2 2 2 2 2 2 2 2 2 2 2 2 2 2 2 2 2 2 2 2 2 2 2 2
left_child=2 -2 3 7 20 -6 -7 13 -9 -5 -11 -10 -8 16 15 -15 17 -1 19 27 -4 -18 23 -3 -22 26 -20 28 29 -19
right_child=1 22 4 9 5 6 12 8 11 10 -12 -13 -14 14 -16 -17 21 18 25 -21 24 -23 -24 -25 -26 -27 -28 -29 -30 -31
leaf_value=0.010695902144817481 0.015811953105405605 -0.012925406152463856 -0.00033861730889290159 -0.00021998021167424187 0.0050000642990655842 0.0039177034598251517 -0.012953921479387826 -0.0049013734844073802 0.017887131936620903 0 0.016933509370768745 0 0.0034904694885740011 -0.0038890397738996635 -0.0065420098071361666 0.012558605881378955 0.00078746559530280488 0 -0.00042970779420524853 -0.0098371373673030518 -0.016889270046358689 -0.01098649464014359 0.0071759737407896002 0.0017250263863106781 0 -0.0024321503460816608 0.008246457988968961 -0.0042500975151615978 -0.0041420971259887775 0.012043850610907569
leaf_weight=15.950907279970123 23.8991770951543 6.0574574312195155 12.560158366337417 24.139767990447581 23.308548967819661 8.3112653496209514 23.354264838155363 5.1890793938655433 9.5451366065535677 19.030463063856587 15.892345424974335 4.1092678748536846 1.3790933045092959 3.9503624532371751 11.491986048873512 22.121328978799287 6.3018415393307796 15.510191042674707 17.344948980258778 38.329310026019812 19.500298217870299 26.562966054305434 2.9596974796149871 5.2115558122750381 1.9205269715748716 42.135484472615644 21.627055037301034 74.635571198072284 17.759084356250241 10.736522088758646
leaf_count=445 297 125 900 1249 659 564 2085 194 219 1341 468 125 85 51 343 688 525 724 1022 3618 1040 2086 117 251 132 2979 1521 4905 1263 1174
internal_value=-0.000161682 0.0096436 -0.0010775 0 -0.00565791 -0.00123305 -0.0063627 -0.00100018 0.00698434 0.00548804 0.00949828 0.0128906 -0.0107211 -0.00165794 0.00344403 0.00902563 -0.00246817 -0.00144156 -0.00260012 -0.00435878 -0.0110844 -0.00831255 -0.00109808 -0.00645707 -0.0150207 0.000582282 0.00428697 -0.00199997 0.00136843 0.0059492
internal_weight=530.826 38.1279 492.698 402.364 90.3342 56.3532 33.0446 343.301 18.8435 59.0626 34.9228 13.6544 24.7334 324.458 37.5637 26.0717 286.894 254.029 238.078 156.971 33.981 32.8648 14.2287 11.269 21.4208 81.1075 38.972 118.641 44.0058 26.2467
internal_count=31195 790 30405 24940 5465 3393 2734 21882 538 3058 1809 344 2170 21344 1082 739 20262 17651 17206 11684 2072 2611 493 376 1172 5522 2543 8066 3161 1898
is_linear=0
shrinkage=0.05


Tree=54
num_leaves=31
num_cat=0
split_feature=16 3 37 3 5 39 39 39 37 36 39 29 25 13 17 41 41 37 33 39 41 41 39 10 27 27 32 26 29 7
split_gain=1.626 1.00581 1.39528 1.6728 1.27102 1.26893 1.14871 1.32409 1.26875 1.98536 1.07544 0.946216 0.792199 0.790455 0.760027 0.730352 1.07678 1.01127 1.24908 0.938133 1.19285 0.940549 0.761317 0.723677 0.755041 0.692604 0.628963 0.618428 0.595871 0.713624
threshold=-0.26333332061767573 -0.22333332896232602 -0.054805755615234368 0.29000002145767217 -0.35000000894069666 0.024349682964384559 0.012643355876207353 0.018832436762750152 0.009663581848144533 -0.04333332180976867 0.029205097816884521 0.056666672229766853 -0.19666665792465207 -0.46999999880790705 0.29666668176651007 0.03895267844200135 0.039630852639675147 -0.070494174957275377 -0.25666666030883784 0.024213561788201336 0.033665614202618606 0.030753826722502712 0.016886089928448204 -0.10333332419395445 -0.17000000178813932 -0.063333332538604722 0.20999997854232791 -0.21000000834465024 -0.21000000834465024 -0.45666666328907007
decision_type=2 2 2 2 2 2 2 2 2 2 2 2 2 2 2 2 2 2 2 2 2 2 2 2 2 2 2 2 2 2
left_child=1 4 5 6 -1 -3 -4 13 23 -10 27 15 -5 -8 25 19 -17 28 -19 20 21 -2 -22 -9 -25 -14 -15 -6 29 -18
right_child=11 2 3 12 10 -7 7 8 9 -11 -12 -13 14 26 -16 16 17 18 -20 -21 22 -23 -24 24 -26 -27 -28 -29 -30 -31
leaf_value=-0.0037010344047954261 -0.0068342270811326163 0 0.01244196525456724 -0.00082493011442676231 0 -0.017251038916730497 -0.019564675390195706 -0.003320267985752252 0.0084351239924855929 -0.01087548007016082 -0.0014666060085163999 -0.0075120479007503632 0.016452252928490511 -0.0072174204782526246 -0.00031851834655367644 0.015360567021107441 -0.0017694518658692014 -0.0092497453174395419 0.0023849619549464914 0.0020133079091540799 0 0.0095488803593737695 -0.02032287942812995 0.01468002099048437 -0.00038738483848150249 0 0.0041249862908622438 0.017543014632966938 -0.00040674319776746272 0.017366298140693424
leaf_weight=11.224784732330589 16.748844133457172 19.109583384357396 9.4349798345938307 10.477983914548529 5.6668462241068438 12.172821784391997 7.1328471340239039 5.2095139552839091 15.054417894920332 28.246201262576506 7.8196409402880809 69.442746436689049 35.578115875367075 27.852745111798868 6.8592863609082988 6.9819048075005403 2.3496691458858558 33.974598996108398 44.933250355534256 26.707722972379997 4.4898045270238098 8.1350623117759806 14.876389995682983 23.811638650484383 6.8055484206415739 6.1869253246113649 11.290974723640828 31.494385412894193 7.340374239254742 11.196953535778448
leaf_count=276 1932 569 231 235 211 376 96 175 371 772 172 7871 621 923 269 540 85 3044 4176 2124 582 983 1422 510 301 250 278 671 500 503
internal_value=9.13052e-05 0.00270833 0.000997842 0.00272302 0.00840322 -0.00774414 -0.000264798 -0.00193552 0.00176922 -0.00344513 0.0119943 -0.00278319 0.00931977 -0.00822442 0.011814 -0.000614532 0.00181399 0 -0.00262969 -0.00445031 -0.0086236 0 -0.0162752 0.00825923 0.0111334 0.0141197 -0.00327852 0.0152161 0.00849656 0.0132439
internal_weight=528.607 281.429 225.224 193.941 56.2057 31.2824 134.839 125.404 79.1273 43.3006 44.9809 247.177 59.1023 46.2766 48.6243 177.735 106.777 99.7948 78.9078 70.9578 44.2501 24.8839 19.3662 35.8267 30.6172 41.765 39.1437 37.1612 20.887 13.5466
internal_count=31069 7307 5977 5032 1330 945 3657 3426 2129 1143 1054 23762 1375 1297 1140 15891 8848 8308 7220 7043 4919 2915 2004 986 811 871 1201 882 1088 588
is_linear=0
shrinkage=0.05


Tree=55
num_leaves=31
num_cat=0
split_feature=12 27 4 5 9 39 31 38 32 9 36 31 21 25 38 8 12 24 23 5 8 31 39 39 24 39 9 32 34 12
split_gain=1.3743 0.939319 1.03254 1.16534 1.23317 0.950003 0.899235 1.17034 0.86205 0.903275 0.845532 0.838454 0.805299 0.781037 0.765433 0.761196 0.825171 0.755457 0.751 0.627821 0.610103 0.56639 0.542969 0.527178 0.526588 0.488354 0.448862 0.416894 0.490749 0.390896
threshold=0.43000000715255743 -0.16333332657814023 -0.29666668176650995 0.32333332300186163 -0.12333333492279051 0.024153697304427627 0.42333334684371954 -0.020427703857421872 0.18333333730697635 0.18333333730697635 0.17000001668930056 -0.31666666269302363 0.48333334922790533 -0.049999997019767754 0.11019897460937501 -0.40333333611488337 -0.24999999999999997 -0.33666665852069849 0.14999997615814212 -0.24333333969116208 0.42333334684371954 -0.1766666769981384 0.013348268344998361 0.016749243251979355 0.32999998331069952 0.026805683970451358 0.35666668415069586 0.2833333313465119 0.38999998569488531 -0.41666667163372034
decision_type=2 2 2 2 2 2 2 2 2 2 2 2 2 2 2 2 2 2 2 2 2 2 2 2 2 2 2 2 2 2
left_child=1 2 17 4 15 12 14 13 10 -10 22 -12 -5 -8 -3 -4 18 -1 -17 -16 26 -21 -6 -18 27 -7 -11 28 -19 -24
right_child=-2 6 3 5 8 25 7 -9 9 20 11 -13 -14 -15 19 16 23 24 -20 21 -22 -23 29 -25 -26 -27 -28 -29 -30 -31
leaf_value=-0.0018547333289919675 -0.010067738537501746 -0.0043614385108983952 -0.0052090031383700969 0.014144526206237224 0.0062377367688300047 -0.0079240058828536786 0.017065053490707228 -0.0060858330439851451 0 -0.0049492760599061216 0.012656757806024516 -0.00073875133244945203 -0.0026709056647898216 0 -0.0047834860828747314 -0.0067461752601028369 0 0.019305571326185225 0.0084707318517007312 0.013121104432020018 0 0 -0.011204434456270165 0.015554917044631095 -0.00024142269752498808 0.0047785395145912984 -0.024240814460015071 0 5.0267936510674015e-05 -0.0014011329860514864
leaf_weight=6.6485023410059503 24.240375903435051 156.13687602221034 7.0300384350121012 31.965787721564993 4.8654311760328701 8.5033410277683306 13.033646107884126 7.4443197918590149 20.241747244494036 14.850700327428063 15.000179674476383 17.875139953335747 3.7950249575078479 6.4438351683784303 8.420029391068967 11.992011237423869 4.3021007548086372 20.361237272154547 8.7542749473359418 11.890031471149998 4.8584896365646264 11.266519889235495 15.170134166255592 21.741173927905038 3.415832237340509 8.4268137223552895 7.4286698850337407 4.5433789875823996 6.8739905282855025 38.343579031759873
leaf_count=350 2264 15131 252 868 190 233 351 681 587 422 278 952 80 201 705 404 264 733 213 597 139 1284 309 964 117 245 190 121 268 1730
internal_value=0.000225247 0.000885013 0.00276288 0.00129785 -0.000448035 0.00749453 -0.00151942 0.00594207 -0.00304487 -0.00809286 0 0.00574031 0.011634 0.011871 -0.0028695 0.00545771 0.00794383 0.00958435 0 0.00336084 -0.0131775 0.00755463 -0.00359674 0.0129746 0.0123076 -0.000915191 -0.0160441 0.0141423 0.0160843 -0.00544968
internal_weight=525.863 501.623 286.988 245.145 192.454 52.691 214.635 26.9218 138.634 47.3796 91.2545 32.8753 35.7608 19.4775 187.713 53.8196 46.7896 41.8429 20.7463 31.5766 27.1379 23.1566 58.3791 26.0433 35.1944 16.9302 22.2794 31.7786 27.2352 53.5137
internal_count=31123 28859 9909 8320 6894 1426 18950 1233 4797 1338 3459 1230 948 552 17717 2097 1845 1589 617 2586 751 1881 2229 1228 1239 478 612 1122 1001 2039
is_linear=0
shrinkage=0.05


Tree=56
num_leaves=31
num_cat=0
split_feature=27 31 18 41 7 37 41 25 20 23 23 31 8 32 37 34 31 17 26 39 24 26 36 37 31 29 27 30 11 26
split_gain=1.20013 1.17226 1.55258 1.12119 1.02707 1.01789 0.885529 0.795839 0.789252 0.738201 0.69082 0.812323 0.680986 0.702617 0.659591 0.697043 0.648192 0.609383 0.663197 0.58188 0.53211 0.526708 0.510455 0.489904 0.468701 0.456746 0.455975 0.450808 0.43077 0.65607
threshold=-0.41666667163372034 0.45666664838790899 0.083333313465118422 0.039123736321926124 -0.10999999940395354 -0.027168273925781247 0.039123736321926124 -0.083333343267440782 0.069999992847442641 0.030000001192092899 0.01666665077209473 -0.083333343267440782 0.14333331584930423 -0.36333334445953364 0.0014290809631347658 0.2833333313465119 1.0000000180025095e-35 -0.45666666328907007 -0.32333332300186152 0.021928180009126667 -0.12333333492279051 -0.31000000238418574 -0.049999997019767754 0.011377334594726564 0.35666668415069586 -0.28333333134651179 -0.3899999856948852 0.40333333611488348 -0.22333332896232602 0.16333335638046267
decision_type=2 2 2 2 2 2 2 2 2 2 2 2 2 2 2 2 2 2 2 2 2 2 2 2 2 2 2 2 2 2
left_child=3 2 4 7 17 -5 -3 9 10 -1 20 21 13 -8 28 19 -9 -2 -19 -16 -6 -12 -21 -24 -20 -4 -23 -7 29 -10
right_child=1 6 25 5 8 27 12 16 14 -11 11 -13 -14 -15 15 -17 -18 18 24 22 -22 26 23 -25 -26 -27 -28 -29 -30 -31
leaf_value=0.0083305814520352219 0.0044246178189429339 -0.003585698269308866 -0.0012613401993676889 -0.010110925871693328 -0.0047025952813879958 -0.0003300545757377147 0 0.015753965941182481 0.0045010092686335384 -0.008342225189393029 0 -0.00048766198390251037 0 0.018427617674246569 -0.013215811603661904 0.0056158265503906965 0 0.0016910661227762767 -0.0091436988665381646 0.007860582191351783 0.0050274524595386996 0 0.0039072044517138469 -0.010225450977055808 0.00092044266842517247 -0.0090838534856730931 0.017160881522681849 0.0090101051778230194 0.0079253365288932676 -0.008115140996732122
leaf_weight=6.8041329763364029 10.304264705395324 9.7146142295096052 36.784680448006839 13.728468339424579 19.199616255238652 21.547472119797021 4.7787546846084323 28.210773740895092 16.72266967617907 7.7502071619965136 3.9609596482478109 10.199011914199216 7.154884993331506 15.034495304571466 18.339071833295748 4.9579598777927449 5.6918164917733511 16.7380414174404 63.0007596060168 4.8659694872330901 24.674226246541366 3.2338290112093118 2.6935424129478625 10.227894206065683 7.4432406106498084 80.797737173503265 24.022271008463576 14.476069321157409 16.575045782607049 12.080567174125461
leaf_count=168 216 584 3350 406 1384 699 137 441 753 178 262 954 354 274 1057 222 327 1454 4776 259 1296 57 105 500 399 8005 771 234 1125 345
internal_value=-0.000281798 -0.0014905 -0.0023734 0.00447627 -0.000144964 -0.0004318 0.0062589 0.00946696 0.00207061 0 0.00537051 0.00958671 0.0105707 0.0144452 -0.00105141 -0.00545148 0.0131215 -0.00418371 -0.00568883 -0.00814732 0.000214734 0.0130979 0 -0.00565338 -0.00776449 -0.00701899 0.0152178 0.00357893 0.00261713 -0.000558896
internal_weight=521.713 423.504 386.821 98.2089 269.239 49.752 36.6827 48.4569 171.753 14.5543 85.2899 41.4161 26.9681 19.8132 86.4627 41.0844 33.9026 97.4863 87.182 36.1265 43.8738 31.2171 17.7874 12.9214 70.444 117.582 27.2561 36.0235 45.3783 28.8032
internal_count=31092 28639 27290 2453 15935 1339 1349 1114 9090 346 4724 2044 765 411 4366 2143 768 6845 6629 1921 2680 1090 864 605 5175 11355 828 933 2223 1098
is_linear=0
shrinkage=0.05


Tree=57
num_leaves=31
num_cat=0
split_feature=30 24 4 31 24 38 40 19 39 35 25 30 39 38 36 31 31 39 25 36 9 39 38 38 36 13 33 9 26 8
split_gain=1.77682 1.21654 0.98503 1.18994 1.0988 1.0033 1.08425 0.817748 0.719616 0.701838 0.583803 0.613925 1.06055 0.587115 0.636411 0.880079 0.718226 0.59501 0.570397 0.905178 0.567878 0.433247 0.506755 0.426423 0.441183 0.423593 0.752111 0.656521 0.644542 0.48547
threshold=0.46166664361953741 0.42333334684371954 0.31666666269302374 0.42333334684371954 -0.37666666507720942 0.074303150177001967 0.13000000268220904 -0.04333332180976867 0.020347160287201408 -0.41666667163372034 -0.3899999856948852 0.29666668176651007 0.028816987760365013 -0.048716068267822259 0.31000000238418585 -0.37666666507720942 -0.37666666507720942 0.018965492025017742 0.2833333313465119 0.1566666662693024 -0.26999998092651362 0.021309434436261657 0.032184123992919929 0.18432664871215823 0.3966666460037232 -0.36333334445953364 0.12333333492279054 -1.0000000180025095e-35 0.31666666269302374 -0.20333333313465116
decision_type=2 2 2 2 2 2 2 2 2 2 2 2 2 2 2 2 2 2 2 2 2 2 2 2 2 2 2 2 2 2
left_child=2 18 3 7 -5 6 20 10 -9 -8 -1 25 13 17 15 -15 -16 -13 19 -2 -6 -10 -23 24 -4 26 28 -27 29 -12
right_child=1 -3 23 4 5 -7 9 8 21 -11 11 12 -14 14 16 -17 -18 -19 -20 -21 -22 22 -24 -25 -26 27 -28 -29 -30 -31
leaf_value=-0.0060358150015437893 0 -0.0057396233886199202 -0.0080764693676827117 -0.0067244323548150478 0.0070088420284307564 -0.0056794849279434992 0 -0.0092244839902565334 0.0075421963385002705 0.020590592548640537 0 -0.0099952046675535391 -0.0055733553771296586 0.021184854220526926 -0.0092612954439827318 0.0035988033228296218 0.008966947057179684 0.0054486801920449442 0.00043862415330943631 0.018288719918210742 -0.008797993551043895 8.1193611181278229e-05 -0.0088573427658848163 0.0038796779631418512 0.0017239299365319418 0.0049724097928003147 0.0054907698923373719 -0.0032225942440625927 0.0010452069281044981 -0.013751370111532421
leaf_weight=21.133386933244765 9.3015752849169058 7.2590083046816281 66.672481446294114 5.6251499771606168 5.8637633475009352 3.2383119324222198 5.8498135050758711 40.106799110304564 6.6001898196991524 21.490441163303334 13.298058222047979 4.208748289383947 11.514606724958865 14.352850739378473 5.2694934278260916 22.297679213341333 4.309678112389518 9.7513469161931408 14.484109203796832 25.236350189195946 4.812015858711673 43.24020495521836 15.067948042647911 3.5826537027023724 6.6895394239109001 58.342376569984481 10.927217622054739 30.61127196601592 14.043923142831771 19.931716881226752
leaf_count=1499 117 316 4242 286 153 298 168 4805 713 701 447 99 304 203 105 615 127 258 390 376 223 3897 1607 204 566 4903 321 2044 337 740
internal_value=0.00019565 0.00817108 -0.000800265 0.000183199 0.00722244 0.0102655 0.0127808 -0.000809175 -0.00439477 0.0172324 0.000727095 0.00163494 0.0052411 0.00800534 0.0104555 0.0130833 0 0 0.0110866 0.0142094 0 -0.000529909 -0.00245083 -0.00576147 -0.00680503 -9.54893e-05 -0.00337344 0.00186358 -0.0062793 -0.00969854
internal_weight=525.113 56.281 468.832 391.887 46.8795 41.2543 38.016 345.007 105.015 27.3403 239.992 218.859 71.7044 60.1898 46.2297 36.6505 9.57917 13.9601 49.022 34.5379 10.6758 64.9083 58.3082 76.9447 73.362 147.155 58.2009 88.9536 47.2737 33.2298
internal_count=31064 1199 29865 24853 1829 1543 1245 23024 11022 869 12002 10503 1711 1407 1050 818 232 357 883 493 376 6217 5504 5012 4808 8792 1845 6947 1524 1187
is_linear=0
shrinkage=0.05


Tree=58
num_leaves=31
num_cat=0
split_feature=27 2 40 1 40 13 10 11 8 23 18 39 32 22 9 37 19 41 12 37 15 38 39 29 39 39 16 14 5 34
split_gain=1.34427 0.968393 1.38977 0.941396 1.05843 1.08286 0.925898 1.31725 0.744584 0.696344 0.669916 0.640963 0.630767 0.86139 0.630077 0.806379 0.601677 0.480488 0.606757 0.658459 0.443122 0.41149 0.476796 0.392126 0.384365 0.576312 0.405128 0.369551 0.35854 0.335088
threshold=-0.17000000178813932 -0.29000000655651087 0.66333335638046276 0.083333313465118422 0.050000000745058067 0.35000002384185797 0.3966666460037232 -0.29000000655651087 0.38333332538604742 -0.036666661500930779 0.33666664361953741 0.020484371110796932 -0.20333333313465116 0.27666664123535162 0.38333332538604742 -0.015917301177978512 -0.04333332180976867 0.038634473457932479 -0.17000000178813932 0.092807292938232436 -0.4433333277702331 -0.18446445465087888 0.015012674499303104 0.2833333313465119 0.024153697304427627 0.014356491621583702 -0.33666665852069849 -0.21666666865348813 0.030000001192092899 0.40333333611488348
decision_type=2 2 2 2 2 2 2 2 2 2 2 2 2 2 2 2 2 2 2 2 2 2 2 2 2 2 2 2 2 2
left_child=1 2 9 6 -5 14 7 12 -4 11 17 29 -3 -14 -6 -16 -8 23 20 21 -19 -20 -23 24 25 -2 -26 -17 -13 -1
right_child=10 3 8 4 5 -7 16 -9 -10 -11 -12 28 13 -15 15 27 -18 18 19 -21 -22 22 -24 -25 26 -27 -28 -29 -30 -31
leaf_value=0.0088310400351272276 0.0016326804904823822 0 0.019166489289692949 -0.006918054819300825 0.0084665526448555999 -0.0079144648153353318 0.012695345570496619 0.0010421727963787883 0 0.0097656176285139656 -0.0078434499083641519 -0.014543279430188209 -0.015738439945830372 0.00048959420704937319 0.007659028614292164 -0.013327743820448521 -0.0029861815196336617 0.004292946475042041 -0.0013585047179254005 -0.0069381846012891123 -0.0054210250732313527 -2.6098200223765878e-05 0.0098255555354123548 0.0011607476418696483 -0.0088421402325689052 -0.010434465819166676 0.0035093345182849092 0 0 -0.0032450199979977149
leaf_weight=5.2653805494774186 6.7176713317167005 8.489258927991612 20.148383602965627 12.695439567789434 97.609388691838831 7.1060903554316601 9.8642824615817499 50.791835022158921 3.3484711491037151 6.8782176785171023 39.456432403996587 7.5869950326159579 28.831640181131661 6.4501414301339528 7.6225765375420478 6.0755233820527801 3.4494763363618395 8.427708830451591 8.3690936584025604 4.6111376346088937 36.067007231991738 9.8651299625635129 41.742314610630274 21.116568057099357 3.2112806844525066 35.296315920772031 17.762936497107148 3.8220319349784377 3.5877186437137425 3.1996962449047714
leaf_count=202 782 289 560 361 3183 389 173 2447 146 232 4013 341 748 117 182 101 223 184 593 466 2827 1085 4297 1069 131 3579 1917 181 146 166
internal_value=0.000447632 0.00271642 0.00873081 0.0011964 0.0039676 0.00556394 -0.00207668 -0.00407377 0.0162032 0 -0.00229978 -0.00447171 -0.00992258 -0.0125261 0.00695307 -0.000424828 0.00767249 -0.000839872 0.00116811 0.00425766 -0.00279453 0.00605003 0.00770179 -0.00362601 -0.00555452 -0.00802144 0 -0.0087641 -0.0107301 0.00308549
internal_weight=525.466 292.823 50.0149 242.808 134.931 122.236 107.877 94.5629 23.4969 26.518 232.644 19.6398 43.771 35.2818 115.13 17.5201 13.3138 193.187 109.082 64.5877 44.4947 59.9765 51.6074 84.1048 62.9882 42.014 20.9742 9.89756 11.1747 8.46508
internal_count=31130 10187 1793 8394 4397 4036 3997 3601 706 1087 20943 855 1154 865 3647 464 396 16930 9452 6441 3011 5975 5382 7478 6409 4361 2048 282 487 368
is_linear=0
shrinkage=0.05


Tree=59
num_leaves=31
num_cat=0
split_feature=17 31 17 35 8 39 38 20 21 12 38 31 23 7 39 39 21 7 38 39 38 15 39 16 10 9 39 19 22 8
split_gain=0.956138 0.976331 0.86179 0.858079 0.851891 0.71726 1.2082 0.65965 0.539761 0.532099 0.804964 0.46229 0.913523 1.38003 0.893256 1.13593 0.744805 0.862295 0.704117 0.803149 1.28571 0.943973 0.720943 0.651555 0.756057 0.540686 0.508622 0.65388 0.572584 0.628892
threshold=0.42333334684371954 0.48333334922790533 -0.46999999880790705 0.29000002145767217 0.1566666662693024 0.023099512793123726 0.012388229370117189 0.42333334684371954 0.41000002622604376 -0.17000000178813932 0.040137290954589851 -0.049999997019767754 0.2833333313465119 -0.10333332419395445 0.012643355876207353 0.014356491621583702 -0.20333333313465116 0.33666664361953741 0.074303150177001967 0.024349682964384559 0.029561042785644535 0.17000001668930056 0.021309434436261657 -0.26999998092651362 0.41000002622604376 -0.32999998331069941 0.026041304692626003 -0.43000000715255732 0.34333333373069769 -0.31000000238418574
decision_type=2 2 2 2 2 2 2 2 2 2 2 2 2 2 2 2 2 2 2 2 2 2 2 2 2 2 2 2 2 2
left_child=1 2 3 5 -3 6 -1 11 -2 10 -9 12 16 -14 -13 -16 17 -4 19 20 25 -21 -22 24 -15 -17 28 -28 29 -18
right_child=8 4 7 -5 -6 -7 -8 9 -10 -11 -12 14 13 23 15 18 26 -19 -20 21 22 -23 -24 -25 -26 -27 27 -29 -30 -31
leaf_value=-0.0071365299987000159 -0.01067427299908015 0.016896657955202551 0.0071954265478814672 0.012630425485028234 -0.0021136086979724601 -0.0076986889565742612 0.011251747851501199 -0.017292923919248106 0.0023148789866634977 0 0 -0.014626717883921917 -0.0071021374009491703 0.015074431969396857 0.010535370507109952 0 0.0031174539559978382 -0.005751208124323135 -0.0088044686054115986 -0.0019111949131844991 0.013436893404895817 0.010011347737596432 -0.003172011507998253 -0.00060324104049356512 -0.00065276882585134474 -0.009721533728683231 0.012055257377550834 -0.0018972993830279996 0.004087590583252752 -0.0079027250407574089
leaf_weight=7.2969139942433712 25.215661378810186 10.296348969684912 43.624886341858655 19.430528612108901 4.1184902836102983 11.208320594392715 18.61661725025624 11.500883831875401 4.4344751653261474 15.517995885806156 7.7073910254985085 7.2715207615401587 8.3090787171386165 33.324414050672203 13.028053596150128 15.275637035258105 8.7243110488634539 10.248891290510072 27.34030551975593 26.154374839738011 8.9827742232009751 25.339977090479806 4.8818920296616843 6.7761650544125578 5.227459472604095 43.504804803291343 6.038311387877914 17.189008140470833 8.7592480671592039 68.015749497339129
leaf_count=134 2043 228 2533 269 217 190 240 439 386 1230 244 717 481 814 1184 983 699 700 2765 2157 986 1451 406 832 123 3780 123 1021 351 3358
internal_value=-1.30802e-05 0.000504544 0 0.00552822 0.0112157 0 0.00492224 -0.000752536 -0.00796771 -0.00681391 -0.011304 -5.11125e-05 0.00140475 0.00672622 -0.00200995 -0.000810569 -0.000379264 0.00398541 -0.00230935 -0.0003468 -0.00378198 0.00395347 0.00713853 0.010282 0.01258 -0.00716634 -0.00285518 0.0026047 -0.00468522 -0.00621251
internal_weight=523.36 493.71 479.296 56.5524 14.4148 37.1219 25.9135 422.743 29.6501 34.7263 19.2083 388.017 216.238 53.6371 171.779 164.508 162.6 53.8738 151.48 124.139 72.6451 51.4944 13.8647 45.328 38.5519 58.7804 108.727 23.2273 85.4993 76.7401
internal_count=31084 28655 28210 833 445 564 374 27377 2429 1913 683 25464 11035 2250 14429 13712 8785 3233 12528 9763 6155 3608 1392 1769 937 4763 5552 1144 4408 4057
is_linear=0
shrinkage=0.05


Tree=60
num_leaves=31
num_cat=0
split_feature=19 3 39 30 39 27 25 9 37 27 36 19 41 8 2 1 0 37 13 21 34 5 39 39 39 25 25 2 41 39
split_gain=1.16557 1.249 1.21154 1.16862 1.13856 1.03724 0.819365 1.07951 1.23414 1.08236 1.03334 1.0012 0.813283 0.726393 0.708091 0.80299 0.8451 0.639966 0.703692 0.604555 0.753821 0.587019 0.578484 1.14219 0.627133 0.5635 0.558671 0.529374 0.521929 0.519076
threshold=-0.04333332180976867 -0.26999998092651362 0.020347160287201408 -0.096666663885116563 0.018832436762750152 -0.063333332538604722 -0.090000003576278673 0.17000001668930056 0.0081372261047363299 -0.45666666328907007 0.2833333313465119 -0.24999999999999997 0.031331896781921394 -0.20333333313465116 -0.22333332896232602 0.043333351612091071 0.39499998092651373 0.092807292938232436 0.21666666865348819 -0.37666666507720942 -0.26999998092651362 0.01666665077209473 0.0129718822427094 0.013880040496587755 0.017265589907765392 0.18333333730697635 0.30333334207534796 -0.41666667163372034 0.073804967105388655 0.021614183671772483
decision_type=2 2 2 2 2 2 2 2 2 2 2 2 2 2 2 2 2 2 2 2 2 2 2 2 2 2 2 2 2 2
left_child=1 5 4 17 22 27 14 11 10 -10 -9 13 -6 -8 21 -16 -17 18 -4 -20 -21 -3 -2 -24 -25 -22 -12 -1 -15 -5
right_child=2 6 3 29 12 -7 7 8 9 -11 26 -13 -14 28 15 16 -18 -19 19 20 25 -23 23 24 -26 -27 -28 -29 -30 -31
leaf_value=0 -0.010917652987813308 -0.0013441600701082947 0 0.0036948006567279895 0.0019526591544164749 -0.0010427687287066446 -0.00046349199015685306 -0.0041736236333868235 0.0024158351722022315 -0.015415048838153353 0.01285263304226709 -0.0017479871866589128 -0.021174273897755336 0.012622814502805006 -0.009450674290118883 0.0020752793750360098 -0.011545825223489839 -0.0065752292883171333 -0.00033547309697922389 0 0.020190580164869746 0.013114997842218468 0.012031684800348816 -0.0085785022046354076 0.0023401901196353782 0 -2.286339859077744e-05 0.015082745915586188 -0.00048349991870187518 -0.0070445191652704691
leaf_weight=6.1605816332157657 11.154010437894611 8.0289506372064334 26.734481926076114 7.0502235665917388 1.2382563864812244 13.802969048265366 10.796519483206792 19.152155987918377 7.9714419273659614 16.541667009238154 18.460180536611009 21.286308145616204 13.412259993143378 53.925133157288656 36.392673643073067 55.338376619154587 7.873932847287505 4.6431905806530258 6.7430229308083645 8.5467965961433965 16.667382961371917 6.397253875155001 8.5160720017738623 24.005715885898098 14.779929569456725 6.3655671447049818 7.1466416190378359 31.070105245336894 4.0918316883034995 44.60551640810445
leaf_count=158 1111 472 2069 727 142 1014 416 531 141 483 353 2076 1248 1552 2284 2819 353 434 462 439 686 217 843 2663 1531 475 168 906 122 4130
internal_value=0.000285862 0.00214983 -0.0026705 0.000258929 -0.00750017 0.00892008 0.000632199 0.00297171 -0.00138998 -0.00946243 0.00313445 0.00646269 -0.0180096 0.00927319 -0.00241436 -0.00410521 -0.000114022 0.0045079 0.00613915 0.0100057 0.01258 0.00581277 -0.00304711 0 -0.00410344 0.0164243 0.00914604 0.0128241 0.0113492 -0.00491319
internal_weight=518.899 324.437 194.462 121.356 73.1062 51.0337 273.403 159.372 69.2721 24.5131 44.759 90.0998 14.6505 68.8135 114.031 99.605 63.2123 69.7004 65.0573 38.3228 31.5797 14.4262 58.4557 47.3017 38.7856 23.033 25.6068 37.2307 58.017 51.6557
internal_count=31025 14065 16960 9422 7538 2078 11987 5842 1676 624 1052 4166 1390 2090 6145 5456 3172 4565 4131 2062 1600 689 6148 5037 4194 1161 521 1064 1674 4857
is_linear=0
shrinkage=0.05


Tree=61
num_leaves=31
num_cat=0
split_feature=30 25 7 31 16 4 17 9 1 40 27 2 31 31 32 20 10 25 41 36 5 25 37 41 18 18 24 23 25 10
split_gain=1.9238 1.20601 1.01689 1.02976 0.82181 0.624375 0.593696 0.674046 0.553502 0.810731 0.952754 0.657653 0.597303 0.59605 0.672827 0.906317 0.85527 0.770288 0.793393 0.762306 0.631435 0.579778 0.543072 0.526984 0.490707 0.467797 0.442925 0.438757 0.386603 0.38564
threshold=0.46166664361953741 -0.12999999523162839 0.38999998569488531 0.47666668891906744 0.27666664123535162 0.4499999880790711 0.41666668653488165 0.11000001430511476 -0.236666664481163 0.60333335399627697 -0.056666672229766839 -0.069999992847442613 0.35000002384185797 -0.22999998927116391 0.18999999761581424 0.42333334684371954 0.23000001907348636 0.056666672229766853 0.049973106011748321 0.12333333492279054 0.32333332300186163 -0.14333333075046537 -0.070494174957275377 0.033665614202618606 0.26999998092651373 -0.090000003576278673 -0.15666666626930234 0.43666666746139532 -0.036666661500930779 -0.069999992847442613
decision_type=2 2 2 2 2 2 2 2 2 2 2 2 2 2 2 2 2 2 2 2 2 2 2 2 2 2 2 2 2 2
left_child=2 -2 3 4 8 -3 7 -5 9 28 11 -11 13 14 17 16 -16 19 25 21 -18 26 -6 29 -14 -19 -10 -25 -1 -15
right_child=1 5 -4 6 22 -7 -8 -9 12 10 -12 -13 24 23 15 -17 20 18 -20 -21 -22 -23 -24 27 -26 -27 -28 -29 -30 -31
leaf_value=-0.0056592364698133703 -0.0033756669532661698 0.014035768439536123 -0.0084442852826745324 0.016479555582683322 0.0019947086345669883 0 -0.0013802958923462825 -0.00036576948687676541 0.0011247309953323023 0.016181169353455909 -0.0014026917088843952 -0.00013438679884843064 0.01001266530156315 0.0064958064707487349 0.014674413262643338 -0.0063237745419997106 -0.0077821591794547743 -0.016312592406109265 0.0027522848551916885 0.0094037824699285122 0.0079645730341155081 0.0041557417209862882 -0.0077348757069725192 -0.0062207070492498132 -0.003197500844634292 0 -0.010944943710436764 0.003590032364921582 0.0028503636453429161 -0.0025922295539155672
leaf_weight=17.529918071581051 10.950533793307839 39.543462261557579 33.389379717642441 14.330756468232726 11.295739178545771 5.8255664422176769 5.2864581756293765 4.1230999529361716 5.1579919981304583 21.663565297843892 10.979442426469175 4.0332955003250381 15.585850579896944 14.292891008779405 19.717337805079296 5.5361690644640467 7.6762278391979617 13.024168434087187 5.6648972928524008 14.856603683903812 5.8284052181988955 11.749241125304254 52.878848402993754 102.60817570635118 3.453919371822848 2.7876956423278907 14.333812888478858 5.495875190710648 22.256840163143352 17.895336594898254
leaf_count=1254 175 652 2869 302 558 360 155 189 259 718 975 136 930 1516 675 168 237 493 236 575 156 397 4738 8087 241 200 519 378 1575 1383
internal_value=0.000296926 0.00858152 -0.000753437 0 -0.000695685 0.0120114 0.00893603 0.0125272 0.000241544 0.00387864 0.00872764 0.0132909 -0.000775796 -0.00157015 0.00104879 0.00597014 0.0093102 -0.00169079 -0.00852679 0.00162943 0 -0.00231576 -0.00564194 -0.00368764 0.0064259 -0.0133594 -0.00725734 -0.00534029 -0.000603212 0.00117514
internal_weight=519.752 56.3196 463.432 430.043 406.302 45.369 23.7403 18.4539 342.128 76.4631 36.6763 25.6969 265.665 246.625 106.333 38.7581 33.222 67.5744 21.4768 46.0976 13.5046 31.241 64.1746 140.292 19.0398 15.8119 19.4918 108.104 39.7868 32.1882
internal_count=31106 1187 29919 27050 26404 1012 646 491 21108 4658 1829 854 16450 15279 3915 1236 1068 2679 929 1750 393 1175 5296 11364 1171 693 778 8465 2829 2899
is_linear=0
shrinkage=0.05


Tree=62
num_leaves=31
num_cat=0
split_feature=27 40 24 31 41 27 5 32 31 11 35 20 4 6 16 31 19 40 32 37 37 11 41 41 4 2 40 31 40 22
split_gain=0.949153 0.900683 0.826265 0.971069 1.01388 1.01719 0.684007 1.11232 0.85888 0.871537 0.79834 0.640559 0.600433 0.666766 0.679904 0.591089 0.957501 0.757605 0.795738 0.579393 0.60361 0.556823 0.532013 0.507655 0.504072 0.490647 0.422423 0.470464 0.461711 0.429104
threshold=-0.41666667163372034 0.050000000745058067 0.44333332777023321 -0.43000000715255732 0.033144393935799606 -0.37666666507720942 0.056666672229766853 -1.0000000180025095e-35 -0.056666672229766839 -0.2766666561365127 0.21666666865348819 -0.090000003576278673 -0.43000000715255732 0.40333333611488348 -0.41666667163372034 0.35666668415069586 0.32333332300186163 0.11333333328366281 -0.21666666865348813 -0.070494174957275377 -0.017637729644775387 -0.4433333277702331 0.027379900217056278 0.040545662865042693 -0.36333334445953364 -0.37666666507720942 0.25000000000000006 -0.023333340883255001 0.79000002145767223 0.35000002384185797
decision_type=2 2 2 2 2 2 2 2 2 2 2 2 2 2 2 2 2 2 2 2 2 2 2 2 2 2 2 2 2 2
left_child=1 -1 3 4 22 -6 7 25 9 11 -9 -8 -7 14 -14 26 17 19 -19 -17 -21 -13 -2 -20 -18 -3 27 29 -28 -5
right_child=2 6 -4 15 5 12 8 10 -10 -11 -12 21 13 -15 -16 16 24 18 23 20 -22 -23 -24 -25 -26 -27 28 -29 -30 -31
leaf_value=-0.0073594357341085883 0.0037345872783207546 -0.0033762143951520589 -0.0095115975895287436 0.004232357258203717 -0.0041943939172244381 -0.00074220717783842838 -0.0035885616869461654 -0.015043169629122119 -0.0008379806381073005 0.020644989581659046 0.0027416134989230274 0.014663705780615752 0.021095099268078708 0 0 0.0058101493153824941 0.002741470877334872 0 0 -0.016295089393506434 0.0012044416210517555 0 -0.0098917169022295429 0.017649469716657682 -0.0086897120872972463 0.009492074004633623 -0.0062849262005697142 -0.0040009075866837213 -0.0004663619960216549 -0.0043679474773156987
leaf_weight=7.7446201974526039 6.1758427233435205 3.3848164062947061 20.310654953122139 59.946838764473796 5.5271756169386199 3.1727407306898341 9.2438197005540115 9.0334000159054977 11.376615765038876 14.960386188002305 4.771730068139731 9.9523588726297003 19.465208454057574 4.5618372417520723 5.7020019378978857 4.2805520032998174 8.1577693298459071 15.32406567991711 6.9167112137656686 4.1953359066974372 3.6439132613595557 9.5608492451719957 8.4726696694269759 17.230666679563001 17.604488736949861 20.785299955867231 91.424589435337111 40.763786153402179 69.423954809317365 10.72332225111313
leaf_count=195 154 93 1841 3695 73 193 151 210 530 287 139 129 257 210 482 113 429 772 437 196 237 161 237 668 1123 630 6926 4404 5525 683
internal_value=0.000108258 0.0043654 -0.000894882 -0.000265882 0.00559657 0.00964053 0.00598004 2.14855e-05 0.00927248 0.01219 -0.00866533 0.00426756 0.0128958 0.0149312 0.0175799 -0.00130555 0.00227002 0.00617311 0.00935321 -0.00247171 -0.00935877 0.00893776 -0.00352024 0.014069 -0.00444877 0.0065483 -0.00243822 0 -0.00403049 0.0023616
internal_weight=523.838 100.814 423.024 402.713 53.0775 38.429 93.0693 37.9752 55.094 43.7174 13.8051 28.757 32.9018 29.729 25.1672 349.636 77.3535 51.5912 39.4714 12.1198 7.83925 19.5132 14.6485 24.1474 25.7623 24.1701 272.282 111.434 160.849 70.6702
internal_count=31180 2525 28655 26814 1606 1215 2330 1072 1258 728 349 441 1142 949 739 25208 3975 2423 1877 546 433 290 391 1105 1552 723 21233 8782 12451 4378
is_linear=0
shrinkage=0.05


Tree=63
num_leaves=31
num_cat=0
split_feature=24 28 4 2 1 24 23 36 21 0 33 39 20 15 4 19 20 25 18 14 27 16 22 24 24 8 27 11 38 24
split_gain=0.912276 1.21926 0.831159 0.780411 1.1531 1.13007 0.636904 0.817092 0.619246 0.61585 0.55319 0.548405 0.534777 0.533601 0.524532 0.48422 0.475947 0.463549 0.557302 0.448017 0.411576 0.382217 0.664938 0.529647 0.410034 0.381914 0.353561 0.454969 0.353021 0.346661
threshold=0.4499999880790711 0.44166666269302374 0.42333334684371954 0.16333335638046267 0.056666672229766853 1.0000000180025095e-35 0.3966666460037232 -0.030000001192092892 -0.15000000596046445 -0.35000000894069666 0.13666665554046634 0.02655676752328873 0.14333331584930423 -0.48333333432674402 0.41666668653488165 0.37666666507720953 -0.049999997019767754 -0.069999992847442613 -0.4433333277702331 -0.10333332419395445 -0.32333332300186152 -0.4433333277702331 -0.15000000596046445 -0.096666663885116563 -0.22999998927116391 0.22333335876464847 0.096666663885116591 -0.15000000596046445 0.03821611404418946 0.31666666269302374
decision_type=2 2 2 2 2 2 2 2 2 2 2 2 2 2 2 2 2 2 2 2 2 2 2 2 2 2 2 2 2 2
left_child=1 3 8 4 9 11 7 29 -3 15 -8 26 -9 -11 -12 16 -1 28 -19 -14 25 22 -15 24 -23 -6 27 -5 -10 -7
right_child=-2 2 -4 5 20 6 10 12 17 13 14 -13 19 21 -16 -17 -18 18 -20 -21 -22 23 -24 -25 -26 -27 -28 -29 -30 -31
leaf_value=0.0084259901271230668 -0.0094680277366674739 -0.00050374945805539261 -0.0016646590927871787 -0.017113910594683857 0.013114890589667735 0.0057147079309064616 -0.00067076976329244996 0 -0.0048716191490421803 -0.012739268426774154 0.016499849638412781 0 -0.016949813603633204 -0.0036793470037135368 -0.00015911811380954916 -0.0037802066298740682 -0.0031696180828207905 0.020865896581225573 0 0 0.002060711981101642 -0.0019937948919002933 0.009743234656398151 -0.0049297585130205577 0.0052541388761968358 0 -0.00076797461021726934 -0.0022683345206516324 0.0077916684018608925 -0.0030343322886741374
leaf_weight=33.987468135077506 18.903641915414482 5.3198803453706196 12.169630679069085 20.948537272633981 21.402024993207309 25.052454065997154 7.9206299986690309 18.069889593636621 4.5905831542331708 6.0995290707796803 8.6183213863987458 12.02575272019021 9.7163356214296055 9.6324419779703039 2.6741221842821679 8.4975775347556901 4.3963506077416232 14.95984360575676 6.0824394559022084 4.049695744412019 51.134964174591005 41.444039898458868 13.393309905193744 84.09217001311481 25.303862977074459 7.8372028782032421 13.378170148935167 14.369085710728543 4.4202973190695047 8.9990926510654372
leaf_count=2033 1664 125 569 754 605 1396 514 992 119 85 283 730 325 173 206 722 223 159 247 387 4041 3781 214 5718 1770 259 1323 1079 87 584
internal_value=-9.06252e-05 0.000322089 0.00748795 -0.000463484 0.000906351 -0.00343591 9.17994e-05 -0.00204652 0.0110258 -0.000849385 0.00715828 -0.00831831 -0.00737561 -0.00226899 0.0124228 0.0037665 0.00628566 0.0135043 0.0169096 -0.0131061 0.00586593 -0.00134998 0.00366696 -0.0023862 0.000616941 0.0103273 -0.010463 -0.0128855 0.000306325 0.00267015
internal_weight=519.489 500.586 47.5427 453.043 307.221 145.822 85.1005 65.8875 35.373 226.847 19.2131 60.7215 31.8359 179.965 11.2924 46.8814 38.3838 30.0532 21.0423 13.766 80.3742 173.866 23.0258 150.84 66.7479 29.2392 48.6958 35.3176 9.01088 34.0515
internal_count=31167 29503 1306 28197 19624 8573 4687 3684 737 14719 1003 3886 1704 11741 489 2978 2256 612 406 712 4905 11656 387 11269 5551 864 3156 1833 206 1980
is_linear=0
shrinkage=0.05


Tree=64
num_leaves=31
num_cat=0
split_feature=27 24 2 1 32 3 23 11 37 9 12 11 38 16 21 9 18 9 22 37 31 23 32 6 5 3 3 29 29 20
split_gain=0.811452 0.758157 0.958478 0.954984 1.10792 1.07911 0.913682 0.807221 0.793588 1.04158 1.17526 0.839848 0.561983 0.620323 0.536204 0.530254 0.455644 0.43759 0.433504 0.420131 0.390614 0.427151 0.368637 0.471373 0.367791 0.324614 0.321045 0.319816 0.531201 0.449261
threshold=-0.16333332657814023 -0.33666665852069849 -0.16333332657814023 0.083333313465118422 -0.1766666769981384 0.083333313465118422 0.23666667938232425 -0.29000000655651087 -0.015917301177978512 0.23000001907348636 -0.32333332300186152 0.12333333492279054 0.12017393112182619 -0.43000000715255732 0.23666667938232425 0.083333313465118422 0.36333334445953375 0.41000002622604376 0.27666664123535162 -0.07900762557983397 -0.29666668176650995 -0.30333334207534784 0.23666667938232425 0.38333332538604742 -0.030000001192092892 -1.0000000180025095e-35 -0.36333334445953364 0.056666672229766853 -0.11666667461395262 -0.33666665852069849
decision_type=2 2 2 2 2 2 2 2 2 2 2 2 2 2 2 2 2 2 2 2 2 2 2 2 2 2 2 2 2 2
left_child=1 17 12 4 -4 14 15 18 19 11 -11 -10 13 -3 -5 -7 22 -1 -6 -8 -15 -22 27 -24 -9 -25 -23 28 29 -2
right_child=16 2 3 5 7 6 8 24 9 10 -12 -13 -14 20 -16 -17 -18 -19 -20 -21 21 26 23 25 -26 -27 -28 -29 -30 -31
leaf_value=-0.0098654253782935325 0.0049297484915894439 0.015761509439929777 0.0062075615707625946 0.013190523657731946 -0.014771351516381231 0 0 -0.0070605566743268885 0.01079169766376769 -0.018659581168463345 0.0024789966899209921 -0.006393482928393002 -0.0012976432466435066 -0.0036829871545148761 0 -0.010679733646080236 -0.0066142142681347637 0.0022581577852903776 0 0.012994077818524873 0 0 0.0062700431123540561 0.0028835260582771721 0.0026535372619868078 -0.0077465828638024273 0.011330601701099459 -0.0047028281835652845 0.005132088654407372 -0.0041683625198069381
leaf_weight=13.514525696169587 9.4028553788084519 21.839403613470495 16.165160804754123 27.53491819719784 20.661141464952383 17.797095082001761 4.2877991029527065 8.3670166176743823 16.416541815502573 7.0700764204375446 7.3181150453165156 3.7736053687985978 8.7906908681616169 5.5033134140539905 8.1736388155259174 15.69685270427726 32.516361029818654 4.5343275715131304 5.4616891206242135 18.750076449243352 13.751528088003392 3.5528074714820823 32.150000354507938 5.1616639513522395 22.866936453152448 8.6331124941352719 21.46248574601487 51.98523343517445 28.454558470053598 61.300037225941196
leaf_count=705 950 300 754 954 524 574 148 401 487 115 358 191 326 182 223 549 3378 220 102 494 713 122 2378 458 964 648 1018 3843 2889 6184
internal_value=0.000560083 0.00231688 0.00306552 0.00103086 -0.00317131 0.00368846 0.000328944 -0.00654674 0.00424372 -0.000158741 -0.00911638 0.00589631 0.00771867 0.00927249 0.0103804 -0.00539389 -0.00157975 -0.00597662 -0.0121391 0.0103799 0.00407487 0.00608063 -0.000455168 0.00304228 0 -0.0028377 0.00937007 -0.00175299 0 -0.00234149
internal_weight=522.894 293.29 275.241 200.341 73.5219 126.819 91.1102 57.3568 57.6162 34.5783 14.3882 20.1901 74.9002 66.1095 35.7086 33.4939 229.604 18.0489 26.1228 23.0379 44.2701 38.7668 197.087 45.9448 31.234 13.7948 25.0153 151.143 99.1575 70.7029
internal_count=31152 10424 9499 6838 2745 4093 2916 1991 1793 1151 473 678 2661 2335 1177 1123 20728 925 626 642 2035 1853 17350 3484 1365 1106 1140 13866 10023 7134
is_linear=0
shrinkage=0.05


Tree=65
num_leaves=31
num_cat=0
split_feature=12 26 17 17 24 11 38 38 39 35 37 41 41 10 18 41 41 37 37 2 2 37 23 38 14 29 24 10 33 41
split_gain=0.675241 0.62326 0.936262 0.899358 0.88958 0.806727 0.904223 1.37588 1.12958 0.670568 0.6698 0.644629 0.67161 0.653852 0.632496 0.725816 0.872559 0.629708 0.606418 1.02388 0.603388 0.54344 0.539696 0.526719 0.525091 0.520693 0.451062 0.450469 0.376955 0.411366
threshold=0.43000000715255743 0.44333332777023321 -0.46999999880790705 -0.21000000834465024 -0.1766666769981384 -0.10333332419395445 -0.022851467132568356 0.18432664871215823 0.018965492025017742 0.38333332538604742 -0.036615848541259759 0.046601507812738426 0.061374438926577575 0.38999998569488531 -0.11666667461395262 0.027909388765692714 0.03895267844200135 -0.054805755615234368 0.009663581848144533 -0.15666666626930234 -0.16333332657814023 -0.02754116058349609 -0.13666665554046628 -0.063383102416992174 0.17666667699813846 0.23666667938232425 0.030000001192092899 0.30333334207534796 0.37000000476837164 0.036229580640792854
decision_type=2 2 2 2 2 2 2 2 2 2 2 2 2 2 2 2 2 2 2 2 2 2 2 2 2 2 2 2 2 2
left_child=1 2 18 11 -5 9 8 17 10 28 -7 13 -13 26 -10 -16 -17 -8 21 -20 24 -1 -9 -6 -18 -19 -3 -12 -4 -30
right_child=-2 3 5 4 23 6 7 22 14 -11 27 12 -14 -15 15 16 20 25 19 -21 -22 -23 -24 -25 -26 -27 -28 -29 29 -31
leaf_value=0 -0.0072498050937754716 0 -0.0029603994522143912 -0.0034136861523673839 0 0 0.0057343999030512894 -0.00097286012583362421 0.0091556436513310809 -0.013122457371766334 0.020429215772837166 -0.012928396385504935 0.003222453444336781 -0.0047470083326492671 0.0087090419267491694 -0.012589523195958128 -0.0013636499044477107 -0.0080139872232014246 0.0088065634183064831 -0.0088957509529947517 -0.0044617029023268527 0.01628717482050111 0.016331243360036048 0.017573154233517848 0.01191896098250577 0 0.012206446725697966 0 -0.002955577091666794 0.010274283025951006
leaf_weight=10.965658954810353 24.070711174746975 7.6191931399516823 163.61204288038425 4.0314752021804479 5.7052389243617716 8.7508086801972258 6.7600732874125233 2.163697114912793 11.907035329844801 11.741795468609778 12.218924137065185 9.7367893825285119 4.2532067084684959 7.5043910748790941 7.5453346646390846 13.452240190468727 6.649009861983358 60.661886528600007 9.9740788540802914 10.690850159619002 22.973755650920797 11.952290670014916 6.8004590037744475 17.689577985089269 9.6333731091581267 24.103651344077662 14.21379404235631 2.3326112651266149 3.2396740317344648 6.3765645495150238
leaf_count=199 2318 170 9267 192 176 582 515 197 805 610 888 227 110 132 537 1084 481 6480 139 157 1508 181 382 528 446 1839 239 163 180 325
internal_value=0 0.000463306 -0.000227473 0.00462734 0.0107903 -0.00110838 0.00102116 -0.00207309 0.00445472 -0.00345648 0.0128029 0 -0.00727419 0.00395885 0.000663189 -0.00131487 -0.00391907 -0.00432572 0.00617005 0 0 0.010849 0.0117685 0.0142857 0.00646631 -0.00572948 0.00822768 0.0177535 -0.00224444 0.0047932
internal_weight=519.33 495.259 424.506 70.7537 27.4263 380.923 195.953 100.49 95.4631 184.97 23.3023 43.3274 13.99 29.3374 72.1607 60.2537 52.7084 91.5256 43.5829 20.6649 39.2561 22.9179 8.96416 23.3948 16.2824 84.7655 21.833 14.5515 173.228 9.61624
internal_count=31057 28739 26965 1774 896 26289 15907 9413 6494 10382 1633 878 337 541 4861 4056 3519 8834 676 296 2435 380 579 704 927 8319 409 1051 9772 505
is_linear=0
shrinkage=0.05


Tree=66
num_leaves=31
num_cat=0
split_feature=31 5 24 8 19 16 31 38 8 40 30 0 34 15 26 26 36 38 10 9 37 6 3 28 27 5 37 11 39 9
split_gain=1.44263 1.13811 1.37669 1.21393 0.672705 0.680282 0.620921 1.82088 0.59866 0.868047 0.593666 0.562838 0.549668 0.511126 0.480622 0.437728 0.875638 0.500304 0.430432 0.414848 0.394879 0.362321 0.339369 0.327663 0.319392 0.455016 0.363363 0.407689 0.362373 0.65824
threshold=-0.4433333277702331 0.21666666865348819 0.32333332300186163 0.36333334445953375 0.27666664123535162 0.46333330869674688 0.36333334445953375 -0.020427703857421872 0.37666666507720953 0.40000000596046453 0.12333333492279054 0.38999998569488531 -0.19166666269302365 -0.4433333277702331 -0.12999999523162839 0.44333332777023321 0.19666665792465213 -0.027189254760742184 1.0000000180025095e-35 0.13666665554046634 -0.13118839263916013 0.41000002622604376 0.056666672229766853 0.47500002384185797 -0.3899999856948852 0.26333332061767584 0.043982982635498054 -0.04333332180976867 0.028816987760365013 -0.036666661500930779
decision_type=2 2 2 2 2 2 2 2 2 2 2 2 2 2 2 2 2 2 2 2 2 2 2 2 2 2 2 2 2 2
left_child=1 3 -3 12 6 14 8 10 11 21 20 15 -1 -14 -6 24 17 -17 -19 -13 -8 -10 -18 -4 25 26 27 -2 -26 -30
right_child=4 2 23 -5 5 -7 7 -9 9 -11 -12 19 13 -15 -16 16 22 18 -20 -21 -22 -23 -24 -25 28 -27 -28 -29 29 -31
leaf_value=-0.0024471230039123503 -0.013974674711997688 0.018228679729383079 0.0037548606436220927 -0.011916306410219145 0 0.0025446683932436433 0 -0.0070101265177991857 0.015879271482073919 -0.0021815023339454543 -0.0012448916230124599 0 0.014759710886419209 0 -0.0096582864015667645 0 0.00061461921049163189 0 0.015281529758049174 -0.013001169057682766 0.015787655328770391 0 -0.010293562806182072 -0.0081027684208707096 -0.0015063969412491799 0.0024758931829516819 0 0 0.0092177356590084063 -0.0023670506731712209
leaf_weight=6.2928908972535327 15.532589229522278 23.327580090379342 5.9381380130071175 8.4680964234285039 15.925389840034766 16.498121231794357 3.7675886852666798 13.462940431898458 10.259075890760871 11.552115338621659 3.30994664505124 12.08302793512121 10.335795960389079 4.5735101085156176 43.521141876233742 8.4811379625462013 7.6280874698422831 4.8715399852953878 14.661261769942938 10.963575210655106 24.175985855981708 2.9959975674282751 5.5727372518740594 4.039651631610468 178.3579775088001 5.6896415413357309 5.6105484648142001 3.2042909874580827 18.267970771063119 15.84080161503516
leaf_count=154 476 469 199 284 1737 876 83 1097 385 551 187 862 126 305 3836 250 177 117 310 566 765 140 150 91 13944 135 164 141 1351 1055
internal_value=0.000319245 0.00708914 0.0126721 0 -0.000649416 -0.00476795 0.0001782 0.00538132 -0.000532619 0.00599539 0.0116595 -0.00124534 0.00600334 0.0104444 -0.00722664 -0.000462274 0.00382819 0.00856989 0.0121171 -0.00793792 0.0138745 0.0128793 -0.00446588 -0.000721184 -0.00136689 -0.00579841 -0.008663 -0.0113487 -0.000483913 0.00366497
internal_weight=515.209 62.9757 33.3054 29.6703 452.233 75.9447 376.289 44.7165 331.572 24.8072 31.2535 306.765 21.2022 14.9093 59.4465 283.719 41.2148 28.0139 19.5328 23.0466 27.9436 13.2551 13.2008 9.97779 242.504 30.0371 24.3474 18.7369 212.467 34.1088
internal_count=30983 1628 759 869 29355 6449 22906 2132 20774 1076 1035 19698 585 431 5573 18270 1004 677 427 1428 848 525 327 290 17266 916 781 617 16350 2406
is_linear=0
shrinkage=0.05


Tree=67
num_leaves=31
num_cat=0
split_feature=12 7 13 26 25 5 3 12 41 39 6 5 1 8 24 9 27 39 32 9 33 26 7 33 21 6 23 41 39 37
split_gain=0.718402 0.746618 0.679895 0.668735 0.723304 0.89837 0.844431 0.68405 0.601315 0.51929 0.449151 0.451496 0.453208 0.440291 0.43648 0.510575 0.431936 0.743647 0.474677 0.62985 0.643152 0.61013 0.585786 0.418758 0.411651 0.397829 0.392472 0.386809 0.377208 0.493032
threshold=-0.48333333432674402 0.29666668176651007 -0.48333333432674402 0.32999998331069952 0.35000002384185797 0.32333332300186163 0.069999992847442641 0.36333334445953375 0.054454766213893897 0.020644122734665874 -0.236666664481163 -0.036666661500930779 0.068333327770233168 0.18333333730697635 0.33666664361953741 0.41666668653488165 -0.30333334207534784 0.0214538648724556 -0.15000000596046445 -0.13666665554046628 -0.21000000834465024 -0.29666668176650995 -0.29000000655651087 -0.43000000715255732 0.36333334445953375 0.26333332061767584 0.1566666662693024 0.046853924170136459 0.018832436762750152 -0.059377193450927727
decision_type=2 2 2 2 2 2 2 2 2 2 2 2 2 2 2 2 2 2 2 2 2 2 2 2 2 2 2 2 2 2
left_child=1 9 -2 14 5 6 10 -7 -8 -1 23 12 -12 -13 15 16 17 -4 21 20 -20 22 -18 -5 -22 -16 -6 -21 -23 -30
right_child=2 -3 3 4 26 7 8 -9 -10 -11 11 13 -14 -15 25 -17 18 -19 19 27 24 28 -24 -25 -26 -27 -28 -29 29 -31
leaf_value=0.016023145277246381 -0.011419122147822154 -0.0015120821486482262 -0.013637437005179998 -0.0003899643741729355 -0.010747152661846131 0.015022274548916595 -0.0062944855545924109 -0.0015984039190516397 0.0049570828172938565 0 -0.0077009178938292639 0.0098665142570724795 0.0043066120698903084 -0.0010232379754442438 0 0.0064503367411464039 0.0096948449392615377 0.0010206796939326614 -0.000642912321003575 -0.0035913901581147928 0.010987853890930986 0 -0.0032138087959946771 0.013344432838899096 -0.00048037887313463171 -0.0094876152016980502 0.00050678792422247261 0.0023843504058898438 0 -0.010385552718023945
leaf_weight=12.31945184338838 8.4251306559890491 12.295306433923541 11.887510598637165 2.5132149439305094 8.6796249330509472 19.252071851864461 36.393816443393007 3.4330319140572092 9.0130232803057861 8.1341866180300695 14.176366642117502 14.656199926510455 5.1062580978032193 8.4281996963545662 24.450824721949175 16.31311485520564 10.091181745519863 9.8224902653601003 21.335635361960158 61.681908363243565 29.098543313099071 22.906237822491676 10.774876369629053 15.740658467635511 4.308026773389428 25.060684605268762 7.4246626561507574 35.153525665635243 10.429597012232987 36.217725979397073
leaf_count=142 112 168 402 92 542 488 1235 197 296 114 557 470 159 255 2031 1212 913 348 1827 4682 1890 2136 1016 604 304 2250 338 2538 645 3133
internal_value=-0.000108845 0.0063864 -0.000673586 -0.000290433 0.00241465 0.00382392 0.00134668 0.0118272 -0.00325689 0.0113455 0.00515292 0.00116805 -0.00326494 0.00564018 -0.00157565 -0.000655403 -0.00132138 -0.0073183 -0.000518537 0.00106731 0.00515509 -0.00333728 0.00286943 0.010794 0.00902656 -0.00569649 -0.00569847 -0.0011664 -0.00561019 -0.00794231
internal_weight=515.523 32.7489 482.774 474.349 144.817 128.713 106.028 22.6851 45.4068 20.4536 60.6209 42.367 19.2826 23.0844 329.532 280.02 263.707 21.71 241.997 151.578 54.7422 90.4196 20.8661 18.2539 33.4066 49.5115 16.1043 96.8354 69.5536 46.6473
internal_count=31096 424 30672 30560 5233 4353 3668 685 1531 256 2137 1441 716 725 25327 21046 19834 750 19084 11241 4021 7843 1929 696 2194 4281 880 7220 5914 3778
is_linear=0
shrinkage=0.05


Tree=68
num_leaves=31
num_cat=0
split_feature=12 26 25 4 7 40 38 26 41 40 26 4 31 4 1 38 18 32 38 1 24 19 41 20 3 10 21 24 5 7
split_gain=0.705603 0.58974 0.551361 0.55761 0.680295 0.757217 0.818105 0.673609 0.656099 0.557049 0.644965 0.5461 0.632612 0.491717 0.457777 0.454279 0.43444 0.415897 0.497153 0.405083 0.544238 0.506525 0.422407 0.367038 0.365226 0.356201 0.355273 0.344896 0.341206 0.333032
threshold=-0.48333333432674402 0.20333331823349002 0.35000002384185797 -0.096666663885116563 0.083333313465118422 0.34000000357627874 0.12017393112182619 0.45666664838790899 0.054182069376111038 0.48333333432674414 0.083333313465118422 0.41000002622604376 -0.21000000834465024 -0.29666668176650995 0.096666663885116591 0.014789581298828127 -0.46999999880790705 -0.090000003576278673 -0.032063484191894524 0.096666663885116591 0.20999997854232791 -0.236666664481163 0.04719978757202626 -0.22999998927116391 -0.016666665673255917 0.32333332300186163 -0.16333332657814023 -0.12999999523162839 -0.24333333969116208 0.29000002145767217
decision_type=2 2 2 2 2 2 2 2 2 2 2 2 2 2 2 2 2 2 2 2 2 2 2 2 2 2 2 2 2 2
left_child=1 -1 3 9 7 11 -7 19 -9 16 -11 12 26 -12 -14 29 -2 -18 23 20 27 22 -21 -19 -25 -15 -6 -5 -29 -4
right_child=2 -3 15 4 5 6 -8 8 -10 10 13 -13 14 25 -16 -17 17 18 -20 21 -22 -23 -24 24 -26 -27 -28 28 -30 -31
leaf_value=0.010282149353978528 -0.010956598953380232 -0.0010820776933210454 0 -0.00010582115544490904 0 -0.0057298754065098411 0.006781867262563402 -0.018532164776268286 0 0 0.013600489770286675 -0.0030295142696832073 0.0057296519060951621 0.004864933518444494 -0.0055913756130255175 0 -0.0022758545682130642 -0.0086408566200549108 0.009541499636310978 0 0.00089822352532832866 -0.0037307177888732711 0.01033992132671023 0.0076254290934421268 -0.0047577893216294419 -0.0060951391646638826 0.012140414037548019 0 -0.012831164002281615 -0.012000734959315012
leaf_weight=20.638358558993787 3.3564711026847354 11.984420408494769 9.5696019958704728 15.841554903192444 5.3496987374965093 52.904439435340464 9.784088396234436 8.6281448116060329 3.6734934146516016 33.109763378277421 19.499314008746296 12.637897639302535 11.417734854621814 19.796067599207166 12.316488522570578 23.783313679508865 49.541213915217668 4.4549706075340501 15.836766546824945 20.399435071740303 17.68781286966987 31.496488620759919 10.840487642446531 9.0286640122067165 2.2355405485723194 3.3076249978039405 27.904157422250137 4.1980312869418404 23.582729108398784 20.511909876018763
leaf_count=254 56 164 829 1254 178 3004 608 242 103 2754 800 727 777 837 800 2137 3798 230 1050 874 1257 2860 421 452 128 127 731 258 1602 1807
internal_value=-0.000479934 0.00594051 -0.00103262 -0.000337728 -0.00176434 0.000629445 -0.00299132 -0.00419156 -0.0135972 0.00188212 0.00487355 0.0041987 0.00633445 0.00855025 0 -0.0055589 -0.000668698 0.000195516 0.00448485 -0.00248227 -0.00519129 2.35102e-05 0.00447114 -0.000687082 0.00292032 0.00150376 0.0102311 -0.0079743 -0.0109054 -0.00909649
internal_weight=515.317 32.6228 482.694 428.829 268.663 132.315 62.6885 136.348 12.3016 160.166 75.7128 69.626 56.9881 42.603 23.7342 53.8648 84.4536 81.0972 31.5559 124.047 61.3101 62.7364 31.2399 15.7192 11.2642 23.1037 33.2539 43.6223 27.7808 30.0815
internal_count=31119 418 30701 25928 15696 6825 3612 8871 345 10232 4518 3213 2486 1764 1577 4773 5714 5658 1860 8526 4371 4155 1295 810 580 964 909 3114 1860 2636
is_linear=0
shrinkage=0.05


Tree=69
num_leaves=31
num_cat=0
split_feature=19 38 40 40 32 39 37 3 38 10 27 40 38 31 31 41 38 41 39 40 41 40 35 5 38 31 40 40 38 39
split_gain=0.940032 1.19312 1.33008 0.785946 0.781645 1.03412 1.29394 1.95639 0.709021 0.814349 0.618658 0.927634 0.644558 1.16511 0.939657 0.942108 1.08083 1.09161 0.778091 0.926015 0.725045 0.615488 0.47271 0.634052 0.462527 0.408812 0.401317 0.440039 0.399047 0.398383
threshold=-0.43000000715255732 0.074303150177001967 0.47666665911674505 0.089999999850988402 -0.22333332896232602 0.0129718822427094 0.051035404205322273 0.31666666269302374 -0.063846588134765611 0.056666672229766853 -0.4433333277702331 0.18666666746139529 0.074303150177001967 -0.15666666626930234 0.35666668415069586 0.039123736321926124 -0.048716068267822259 0.053183959797024734 0.017564586363732818 0.47666665911674505 0.031793767586350448 0.11333333328366281 0.29000002145767217 0.18333333730697635 0.062640666961669936 -0.18999999761581418 0.14333333075046542 0.79000002145767223 -0.056065082550048821 0.018264957703650001
decision_type=2 2 2 2 2 2 2 2 2 2 2 2 2 2 2 2 2 2 2 2 2 2 2 2 2 2 2 2 2 2
left_child=1 3 -3 22 -5 -6 7 8 -7 -10 11 -2 14 29 24 20 17 -17 19 -15 -16 -18 23 -1 26 -26 -12 -28 -13 -14
right_child=10 2 -4 4 5 6 -8 -9 9 -11 12 28 13 18 15 16 21 -19 -20 -21 -22 -23 -24 -25 25 -27 27 -29 -30 -31
leaf_value=0.008899857162944242 -0.0049656965585606 0 0.018776803995100951 0.0082894931261443608 0.0089244950636462265 -0.00041009490786225191 0.0057627361272440383 0.0035170857008460831 0 -0.024223342077741579 0 0 -0.0047813393433938948 0.011168137224260254 0.0036023120562430769 0.020632728735349794 -0.012181389095125528 0 -0.015138401271087129 -0.0087382511749809887 -0.010166435508754021 0.003277451639864943 0.014080691237270349 -0.0073417402278154395 -0.002265699005035187 0.010404331833856677 -0.0064875097144508403 -0.00013281000998140898 0.012391616309700627 0.00476474593119342
leaf_weight=5.3346233763732034 10.357976141152902 12.293972306884827 16.369914111681283 7.9575118040665975 5.739149401895701 8.9469394031912 9.7435773191973549 13.043558504432438 6.2891285722144046 18.126630229875445 61.610799717716873 5.3449154063127962 11.877896045334639 4.3041438010986877 12.053578838706018 14.195920407772066 2.5739935198798802 12.120300424052401 28.094783511711285 7.4870366475079209 12.109682406065984 18.805804433068261 8.1907212045043689 6.7519073551520705 4.3373574598226696 6.8850187486968917 96.049618914024904 48.795549060218036 17.933432526187971 20.08842032472603
leaf_count=114 351 196 244 166 99 199 161 196 135 309 5223 178 703 549 755 353 168 333 2864 813 835 968 114 120 326 650 8104 4241 541 1130
internal_value=-0.000173844 0.00356273 0.0114717 0.000228164 -0.00211135 -0.00443134 -0.0069285 -0.0104249 -0.0162161 -0.0199627 -0.0013963 0.0043837 -0.00206512 -0.00616669 -0.000858144 0.00376665 0.00767924 0.0134758 -0.0113088 0 -0.0031189 0 0.00788022 0 -0.00255672 0.00497252 -0.00321253 -0.0046029 0.00956279 0.000364123
internal_weight=513.814 118.788 28.6639 90.1237 69.8465 61.889 56.1498 46.4063 33.3627 24.4158 395.026 33.6363 361.39 71.8523 289.538 71.8593 47.696 26.3162 39.886 11.7912 24.1633 21.3798 20.2773 12.0865 217.678 11.2224 206.456 144.845 23.2783 31.9663
internal_count=31138 2053 440 1613 1265 1099 1000 839 643 444 29085 1070 28015 6059 21956 3412 1822 686 4226 1362 1590 1136 348 234 18544 976 17568 12345 719 1833
is_linear=0
shrinkage=0.05


Tree=70
num_leaves=31
num_cat=0
split_feature=14 27 31 19 8 6 32 12 8 24 7 24 16 9 16 2 31 39 21 12 36 9 24 26 32 26 28 37 24 39
split_gain=0.802794 0.747729 0.536466 0.661347 0.619986 0.672449 0.860786 0.910108 0.617868 0.526387 0.601126 0.537576 0.552823 0.602039 0.476856 0.635981 0.482204 0.469582 0.526493 0.469154 0.453734 0.775079 1.45921 0.986658 0.794654 0.736871 0.714343 0.692649 0.749982 0.680384
threshold=0.32999998331069952 0.38333332538604742 0.43000000715255743 0.29000002145767217 0.44333332777023321 0.40333333611488348 0.31000000238418585 -0.32333332300186152 0.23666667938232425 -0.33666665852069849 -0.3899999856948852 -0.16333332657814023 -0.29000000655651087 0.22333335876464847 0.46333330869674688 -0.36333334445953364 -0.32999998331069941 0.02058355696499348 -0.25666666030883784 -0.31666666269302363 0.24333333969116214 -0.04333332180976867 1.0000000180025095e-35 0.32999998331069952 -0.2766666561365127 0.41000002622604376 0.36333334445953375 0.042311668395996101 0.043333351612091071 0.020773616619408134
decision_type=2 2 2 2 2 2 2 2 2 2 2 2 2 2 2 2 2 2 2 2 2 2 2 2 2 2 2 2 2 2
left_child=2 14 4 -4 5 6 9 8 -8 10 -1 12 13 -11 15 -2 -17 -16 -19 -7 21 22 -13 24 -24 -22 29 28 -28 -23
right_child=1 -3 3 -5 -6 19 7 -9 -10 11 -12 20 -14 -15 17 16 -18 18 -20 -21 25 26 23 -25 -26 -27 27 -29 -30 -31
leaf_value=0.0047109454949138489 0 0.0042596005133085533 0.011214912927759862 -0.0027129951581613865 0.008392385573563612 -0.014329232366161824 0.018172625108931389 0 0.00032999422163002603 0.012417793502843289 -0.0089391840718005579 -0.0072645923122616717 -1.5692167525226616e-05 0 -0.0075448680342296397 0 -0.015393488493380916 -0.0035500067892663919 0.011461308754654689 0 0.0078951833800506369 0.0026966052656627855 -0.0069788784996600312 0.013703998664009674 0.0041853880315194346 -0.004611537629457492 0 0.00077982634447380089 -0.019836101299812042 -0.0060356842422743502
leaf_weight=3.8536941802594837 9.0414381031878275 10.7373437625356 19.306892896769572 6.1759175907354793 16.524086316348985 7.6238268648739931 12.02813051082194 24.980353419436142 11.06899932073429 20.340832402929667 27.421534185996279 31.589062475599349 29.408829805441201 9.3544056876562518 5.9190140308346626 4.3033238234929732 24.56706600193866 3.3336098638828853 6.8962493396829787 14.006904336856676 27.245482733938843 33.872570506064221 15.404967796988783 16.082259248010814 51.231622629566118 10.709541966672985 5.1019082763232353 4.5037997504696241 13.594816606491802 39.940088026924059
leaf_count=353 833 969 594 256 598 170 225 1793 194 545 2331 2296 3117 237 443 504 2088 220 334 1080 1263 1865 1335 549 3683 268 135 145 395 2267
internal_value=1.92157e-05 -0.00488565 0.000832865 0.00717158 0.000301344 -8.15771e-05 0.000388528 0.00628424 0.0123122 -0.000468268 -0.00609898 0.000128766 0.00424767 0.00846321 -0.00736236 -0.0100641 -0.0131585 0 0.00552522 -0.00766756 -0.000826787 -0.0018244 0.000787146 0.00442712 0.000896984 0.0036497 -0.00501083 -0.0118636 -0.015371 -0.00181374
internal_weight=516.169 64.798 451.371 25.4828 425.888 409.364 387.733 48.0775 23.0971 339.655 31.2752 308.38 59.1041 29.6952 54.0607 37.9118 28.8704 16.1489 10.2299 21.6307 249.276 211.321 114.308 82.7188 66.6366 37.955 97.0132 23.2005 18.6967 73.8127
internal_count=31085 5391 25694 850 24844 24246 22996 2212 419 20784 2684 18100 3899 782 4422 3425 2592 997 554 1250 14201 12670 7863 5567 5018 1531 4807 675 530 4132
is_linear=0
shrinkage=0.05


Tree=71
num_leaves=31
num_cat=0
split_feature=30 24 23 8 8 31 35 4 33 9 37 37 41 37 39 12 41 14 4 8 41 14 39 26 31 8 25 41 31 7
split_gain=1.13121 0.756124 0.793622 1.08738 0.585423 0.810272 0.575507 0.541508 0.523188 1.12973 0.685353 1.22122 1.09659 0.871933 0.74935 0.683466 0.551135 0.525968 0.819473 0.474072 0.457314 0.441909 0.431244 0.413809 0.593827 0.41329 0.389669 0.386045 0.474835 0.525308
threshold=0.46166664361953741 0.42333334684371954 0.11000001430511476 0.35666668415069586 0.29000002145767217 -0.4433333277702331 -0.10333332419395445 0.23000001907348636 -0.24333333969116208 -0.18333333730697629 0.009663581848144533 0.046335220336914069 0.043385956436395652 -0.054805755615234368 0.016749243251979355 -0.26999998092651362 0.04609807766973973 -0.43000000715255732 -0.13666665554046628 -0.37666666507720942 0.028521344996988777 -0.24999999999999997 0.021861078217625621 0.23666667938232425 0.096666663885116591 0.12333333492279054 -0.069999992847442613 0.038504686206579215 0.36333334445953375 -0.236666664481163
decision_type=2 2 2 2 2 2 2 2 2 2 2 2 2 2 2 2 2 2 2 2 2 2 2 2 2 2 2 2 2 2
left_child=4 2 3 -2 5 6 -1 -4 10 15 12 14 -7 19 -12 -10 -16 18 -11 -14 -20 23 -13 -19 -25 -17 -9 -23 -29 -30
right_child=1 -3 7 -5 -6 8 -8 26 9 17 11 22 13 -15 16 25 -18 21 20 -21 -22 27 -24 24 -26 -27 -28 28 29 -31
leaf_value=0 0.0097101528601850062 -0.004323344717610967 0.00024736676403785095 -0.010005692839520096 -0.0046179427348572132 -0.012743406129386139 0.013366819574146708 0 -0.00083631662047696184 0.0026211470260180132 -0.0033653268538587524 0.00026252577277916157 0.014086164741368801 -0.0058510610003923054 0.016820694387583001 0.010667764800336148 0 -0.00049693180008858375 0 -0.00058945774595977262 -0.012794754430887026 -0.0061861110823363185 -0.011856465866800359 0.008171609052152291 -0.0046200991224270181 -0.0010692587829952609 0.019339694433099429 -0.0027087314123158319 -0.0027164989441270594 0.011428028845055171
leaf_weight=8.3764038458466548 7.7331420939881346 7.1075869402848175 10.424642501631753 8.2196770750451815 77.644920465769246 29.77021468593739 12.613188067218287 4.6258957062382278 17.565520893782377 11.92710945708677 5.0620720116421607 6.0680031476076719 6.8894784124568105 17.488474822370335 11.55303344037384 40.328439033357427 6.4610557900741687 41.912417969433591 4.4446313297376063 3.6563216894865054 22.775365995708853 33.131493906956166 10.521547605982049 36.715595335466787 4.6480888319201759 3.3060853944625697 16.629917305195704 33.984894054243341 3.9525456794071934 10.336700440850107
leaf_count=315 97 317 143 181 5689 2552 313 86 730 225 499 595 252 1271 836 2770 508 2156 82 302 550 3456 892 950 153 227 386 3973 140 545
internal_value=0 0.00642552 0.00879976 0 -0.000827929 0 0.00836132 0.0127622 -0.000613718 0.000470912 -0.00366081 0.0008455 -0.00693361 0 0.00795598 0.00616907 0.0122244 -0.00124831 -0.00603056 0.00911841 -0.0103628 0 -0.00742463 0.00253204 0.00580318 0.00925304 0.0165772 -0.00246803 2.49081e-05 0.00663702
internal_weight=515.874 54.7409 47.6333 15.9528 461.134 383.489 20.9896 31.6805 362.499 265.029 97.4702 39.6657 57.8045 28.0343 23.0762 61.2 18.0141 203.829 39.1471 10.5458 27.22 164.682 16.5896 83.2761 41.3637 43.6345 21.2558 81.4056 48.2741 14.2892
internal_count=31191 1210 893 278 29981 24292 628 615 23664 15957 7707 3330 4377 1825 1843 3727 1344 12230 857 554 632 11373 1487 3259 1103 2997 472 8114 4658 685
is_linear=0
shrinkage=0.05


Tree=72
num_leaves=31
num_cat=0
split_feature=18 29 26 6 38 31 38 40 37 39 35 19 0 5 35 10 38 15 39 32 37 39 7 41 39 39 41 36 29 6
split_gain=0.548715 0.84805 0.719615 0.592507 0.841202 0.629571 0.929273 0.843855 0.595927 0.555843 0.506568 0.450928 0.531682 0.663184 0.569954 0.705196 0.680186 0.573455 0.559103 0.859708 0.793895 0.525841 0.508062 0.504913 0.880654 0.478421 0.668973 0.475869 0.481277 0.496869
threshold=-0.48333333432674402 0.47500002384185797 0.16333335638046267 0.41666668653488165 0.032184123992919929 0.42333334684371954 -0.022851467132568356 0.13666667044162753 -0.070494174957275377 0.025566946715116504 -0.40333333611488337 -0.04333332180976867 0.39499998092651373 0.19666665792465213 -0.016666665673255917 0.043333351612091071 -0.092090606689453111 -0.21666666865348813 0.01447949279099703 0.23666667938232425 -0.042948246002197259 0.020347160287201408 0.083333313465118422 0.033665614202618606 0.016886089928448204 0.021309434436261657 0.053742660209536559 0.21666666865348819 0.069999992847442641 -0.036666661500930779
decision_type=2 2 2 2 2 2 2 2 2 2 2 2 2 2 2 2 2 2 2 2 2 2 2 2 2 2 2 2 2 2
left_child=1 2 -1 5 -5 11 7 8 -7 -8 -9 12 13 14 27 22 -17 -18 -15 -20 -21 23 -16 -13 -25 -23 -27 28 -2 -30
right_child=3 -3 -4 4 -6 6 9 10 -10 -11 -12 21 -14 18 15 16 17 -19 19 20 -22 25 -24 24 -26 26 -28 -29 29 -31
leaf_value=0.0068741006939103122 0.0030614142390605979 0.013702539592372122 -0.0079063697808540653 -0.011492445110427161 0.0024472521723787133 0.0068204610797358888 -0.0086780444874299083 0 -0.0087872456720308346 0.0053153528405971663 0.016736937746494797 0 -0.0063251691238836814 -0.0031181413014844568 -0.0026061220607271856 0.00206634297164715 -0.012781797947903295 0.0012631695317998515 0 0 0.015896489622439267 0.0081180321636527379 0.0078699422493977746 -0.00017108304835909287 -0.01677094795454628 0.00046593300767379891 -0.0098510776956263254 0.008491829070980254 -0.0067665472451249251 0.0036866854959622069
leaf_weight=9.6602165764197725 56.701805215328932 11.969543403014539 10.942779545672236 21.264713857555762 10.888392874039708 5.4202181999571621 11.885076891165228 7.0802677534520617 6.4443751170765591 4.4106967363040885 18.363566994667057 12.811281291069461 20.059082186082378 9.3337985726539028 22.512900958536193 8.1413749523926509 29.758823265321549 4.0023637134581831 26.23226014780812 7.4449921888299313 23.058456675615162 7.7070320348720989 12.127591991098596 17.950980948051438 15.556854019872842 52.467876458307728 14.131763824028893 15.724174400558693 30.228747494285926 8.6367753993254137
leaf_count=126 4413 136 153 1637 1013 100 936 170 204 225 462 1609 750 308 1465 338 915 312 1100 222 641 832 600 2249 1722 4936 1354 698 1206 328
internal_value=0 0.00570153 -4.90913e-05 -0.000492348 -0.00647413 0 0.00481062 0.00892677 -0.000361644 -0.00335808 0.0132956 -0.000696915 0.000355212 0.001113 -0.000317795 -0.00359632 -0.00762394 -0.0105487 0.00521544 0.00715202 0.0121156 -0.00318753 0.00106679 -0.00704942 -0.00988732 -0.000122074 -0.0020121 0.00179256 7.61914e-06 -0.00370401
internal_weight=512.919 32.5725 20.603 480.346 32.1531 448.193 53.6042 37.3084 11.8646 16.2958 25.4438 394.589 273.963 253.904 187.835 76.5431 41.9026 33.7612 66.0695 56.7357 30.5034 120.626 34.6405 46.3191 33.5078 74.3067 66.5996 111.292 95.5673 38.8655
internal_count=31160 415 279 30745 2650 28095 2097 936 304 1161 632 25998 13296 12546 10275 3630 1565 1227 2271 1963 863 12702 2065 5580 3971 7122 6290 6645 5947 1534
is_linear=0
shrinkage=0.05


Tree=73
num_leaves=31
num_cat=0
split_feature=35 9 28 41 24 23 9 1 27 1 2 40 28 16 39 32 23 24 24 10 10 33 37 35 37 16 24 18 24 0
split_gain=0.621697 0.630678 0.719142 0.605165 0.585071 0.544088 0.524956 0.795369 0.533595 0.65009 0.870258 1.93531 0.730474 0.788472 0.657625 0.865976 0.606625 0.513426 0.483884 0.481087 0.544299 0.480437 0.886486 0.469539 0.432225 0.421027 0.387542 0.357739 0.357486 0.350701
threshold=-0.41666667163372034 0.43666666746139532 0.48166668415069586 0.048285981640219695 -0.36333334445953364 -0.10999999940395354 0.3966666460037232 -0.13666665554046628 -0.16333332657814023 0.083333313465118422 -0.28333333134651179 0.62333333492279064 1.0000000180025095e-35 -0.26333332061767573 0.015180344693362715 0.16333335638046267 -0.14333333075046537 0.31666666269302374 -0.41666667163372034 -0.32333332300186152 0.35000002384185797 0.20333331823349002 0.011377334594726564 -0.096666663885116563 0.046335220336914069 0.056666672229766853 0.23666667938232425 -0.43000000715255732 0.043333351612091071 0.17000001668930056
decision_type=2 2 2 2 2 2 2 2 2 2 2 2 2 2 2 2 2 2 2 2 2 2 2 2 2 2 2 2 2 2
left_child=5 2 4 25 18 -1 8 -8 9 10 11 16 24 14 23 -16 28 21 -2 -12 29 -10 -23 -14 -11 -3 -4 -7 -6 -21
right_child=1 3 26 -5 6 27 7 -9 17 12 19 -13 13 -15 15 -17 -18 -19 -20 20 -22 22 -24 -25 -26 -27 -28 -29 -30 -31
leaf_value=0 0 0.012329194474022401 0 -0.0025522126319691345 -0.014725477143450089 0.0001590986163033165 0.0032241678652958519 -0.013165762957206437 -0.0010833491728580202 0.016407570107305449 0.0057913737429636028 0.015731343410674972 0.004201024332198244 -0.0053819141580157999 0 0.012743144923052363 0.0044725183524057469 -0.0063030816074612604 -0.01082148302450432 -0.0074123069658731909 0.004084213001601068 0.012576874812651507 -0.0030799653268559738 -0.0085739706227260272 0 0 -0.015315771990992714 -0.013300188859883853 0 0.00039123037173103572
leaf_weight=16.950069319689646 19.051372925052419 20.156783288810406 2.7938632164150459 7.9912465128581962 5.9733698668424058 1.6745238844305301 6.4598640599288073 10.639550484018399 105.54269701032899 14.122565224533902 6.8544112115632734 17.922725334297866 6.1579343033954492 15.892634601565076 26.193219420034438 29.067291722632945 5.6115052984096101 30.759831214789301 15.837301891762761 56.412905227160081 9.1552656327839923 13.899438017513605 9.42314789094962 8.6558284265920502 2.8690470724832258 5.7900760732591143 6.1243249019607902 15.947138853836803 6.4838635711930692 10.369929052423684
leaf_count=1264 1861 603 68 626 261 27 362 542 9327 578 280 495 123 1257 596 561 214 3110 1308 2331 245 1046 817 188 150 675 257 1195 256 411
internal_value=-0.000383689 6.99203e-05 -0.000415334 0.00613199 0 -0.00633448 0.00053355 -0.00666249 0.00101894 0.00261029 0 0.00597736 0.00539978 0.00269217 0.00513202 0.00759049 -0.00416883 -0.00105521 -0.00574075 -0.00275786 -0.00420222 0.000236757 0.00606256 -0.00238222 0.0137338 0.00956615 -0.0112115 -0.0112473 -0.00960442 -0.00592474
internal_weight=510.784 476.212 442.274 33.9381 433.356 34.5717 398.467 17.0994 381.368 221.742 118.784 35.9915 102.959 85.9669 70.0743 55.2605 18.0687 159.625 34.8887 82.7925 75.9381 128.865 23.3226 14.8138 16.9916 25.9469 8.91819 17.6217 12.4572 66.7828
internal_count=31034 28548 26644 1904 26319 2486 23150 904 22246 7946 4493 1226 3453 2725 1468 1157 731 14300 3169 3267 2987 11190 1863 311 728 1278 325 1222 517 2742
is_linear=0
shrinkage=0.05


Tree=74
num_leaves=31
num_cat=0
split_feature=19 4 30 37 29 0 32 8 30 14 16 36 35 25 11 32 4 33 33 25 25 16 31 41 30 8 25 25 27 41
split_gain=0.63687 0.57036 0.596894 0.937294 0.679026 0.542327 0.649955 0.623761 0.699301 0.87274 0.524891 0.517845 0.514389 0.66736 0.657563 0.614711 0.573577 0.498032 0.466044 0.455974 0.4748 0.508125 0.43551 0.475392 0.402974 0.426454 0.378087 0.475943 0.372522 0.358576
threshold=0.32333332300186163 0.44333332777023321 0.47500002384185797 0.011377334594726564 0.46166664361953741 0.46333330869674688 0.20999997854232791 0.18999999761581424 0.42833334207534796 -0.31666666269302363 0.46333330869674688 0.38999998569488531 -0.049999997019767754 -0.40333333611488337 -0.43000000715255732 -0.43000000715255732 -0.33666665852069849 0.46999999880790716 -0.1766666769981384 -0.32999998331069941 -0.22333332896232602 -0.35000000894069666 0.3966666460037232 0.033665614202618606 0.37666666507720953 -0.056666672229766839 -0.030000001192092892 -0.36333334445953364 0.20333331823349002 0.027160478755831722
decision_type=2 2 2 2 2 2 2 2 2 2 2 2 2 2 2 2 2 2 2 2 2 2 2 2 2 2 2 2 2 2
left_child=1 2 4 -4 5 6 12 18 9 -9 17 -10 13 16 -14 -15 -1 -2 -8 29 -21 -22 23 -23 25 -16 27 -27 -20 -17
right_child=10 -3 3 -5 -6 -7 7 8 11 -11 -12 -13 14 15 24 19 -18 -19 28 20 21 22 -24 -25 -26 26 -28 -29 -30 -31
leaf_value=0.0044785091842717128 -0.00914962455750855 -0.0075453292707198683 0.013664141249375795 -0.0014865887268884796 -0.0093179831946785096 -0.0097740786566230843 -0.0013400925222831395 -0.01164137751120097 0.012073816760647541 0.0024482187017729122 0.0016299969871538301 -0.0011193709641223392 -0.0097034536940271456 -0.0053844834416173805 0.0015246892468574564 -0.00052783807627482064 -0.0086308428846951901 0.0020516387862232043 0.011486838144322385 -0.0026798045987066425 0.0088397305129967064 0.0054433800569703593 0.0085611823428296801 -0.0037149478975055093 0.0062910526783322681 0.00098080550887700234 0 -0.011708380998907872 0 0.012573838764514714
leaf_weight=5.1325850887224105 39.744996191002429 13.555209671147166 16.610311976168308 11.91377039789222 10.578796606278045 5.0576702237594864 5.2504337278660378 13.362117165699603 10.798570267856123 16.782428583363071 16.583223640685901 6.2340842343401155 18.764218108030036 11.465160887688397 40.772147637791932 1.6378448875620986 19.477239775471389 5.9452880816534153 38.825493762735277 24.667028913507238 31.947704637888812 13.33669670997188 9.1316730619873834 40.941515158629045 12.009406614582984 4.5135592410806593 28.389752652961761 18.716208414873108 6.9271839186549178 18.364455132745206
leaf_count=336 3963 861 231 187 246 365 384 325 228 1375 1004 173 585 1064 3170 115 1422 634 1440 1590 750 1271 320 3630 364 396 1803 1241 601 1096
internal_value=0 0.000674214 0.00108013 0.00745335 0.000479983 0.000931774 0.00127331 0.00467713 0 -0.0040013 -0.00450001 0.0071259 4.745e-06 0.00179533 -0.00232635 0.00315549 -0.00473811 -0.00713949 0.00820589 0.00421844 0.00248906 0.00415227 0.000870434 -0.000732077 -0.000318704 -0.00176319 -0.00468238 -0.00869234 0.00981279 0.0106653
internal_weight=517.437 455.163 441.608 28.5241 413.084 402.505 397.448 98.1803 47.1772 30.1445 62.2735 17.0327 299.267 176.102 123.165 151.492 24.6098 45.6903 51.0031 140.027 120.025 95.3576 63.4099 54.2782 104.401 92.3917 51.6195 23.2298 45.7527 20.0023
internal_count=31170 25569 24708 418 24290 24044 23679 4526 2101 1700 5601 401 19153 11594 7559 9836 1758 4597 2425 8772 7561 5971 5221 4901 6974 6610 3440 1637 2041 1211
is_linear=0
shrinkage=0.05


Tree=75
num_leaves=31
num_cat=0
split_feature=6 29 9 31 37 37 1 8 9 25 10 41 15 26 37 15 5 29 15 31 25 11 6 38 38 14 36 29 7 31
split_gain=0.565119 0.808189 0.969183 1.49391 0.9347 0.988021 0.78511 0.757836 0.731304 0.684471 0.59663 0.672452 0.63661 0.546203 0.542378 0.574957 0.480522 0.633209 0.549667 0.56848 0.479753 0.475341 0.439329 0.695734 0.502608 0.435054 0.413852 0.405509 0.389268 0.388702
threshold=0.38333332538604742 0.32999998331069952 0.096666663885116591 -0.18999999761581418 0.009663581848144533 0.038634300231933601 0.030000001192092899 0.4499999880790711 0.32333332300186163 -0.12333333492279051 0.35000002384185797 0.034680554643273361 -0.46999999880790705 -0.069999992847442613 -0.065113067626953111 0.20333331823349002 -0.0083333253860473615 0.069999992847442641 0.22333335876464847 0.47666668891906744 0.14999997615814212 0.056666672229766853 0.056666672229766853 0.033881187438964851 0.11019897460937501 0.45666664838790899 -0.4433333277702331 0.24333333969116214 -0.31666666269302363 0.19666665792465213
decision_type=2 2 2 2 2 2 2 2 2 2 2 2 2 2 2 2 2 2 2 2 2 2 2 2 2 2 2 2 2 2
left_child=1 14 3 9 10 6 -6 21 -7 -3 12 -12 -4 -14 15 -1 17 18 -16 25 -17 -2 23 26 27 29 -18 -24 -19 -20
right_child=7 2 4 -5 5 8 -8 -9 -10 -11 11 -13 13 -15 16 20 22 28 19 -21 -22 -23 24 -25 -26 -27 -28 -29 -30 -31
leaf_value=0 -0.012621979141196485 0 -0.007899943373531889 -0.0045173269259057248 0 -0.0055790994713891999 -0.020013235908671049 0.0033060984216953791 0.0090726934148319723 0.01963131192024152 0 0.016077302068200832 -0.0044234858924374646 0.0093198153336244843 0.0015099842206569112 0.013188032700254738 -0.0027063555145064575 0.001496210927814707 -0.00013935092471296535 0.0035688192706959708 -2.6057531489183096e-05 -0.00068389470327791073 -0.0060439716877050227 -0.0021001264440995561 0.0059013703026562832 0.0021344828369246221 0.0097458236816323814 0.0012362120394224273 -0.0092391677741509894 -0.012919943938634488
leaf_weight=29.642433407483622 19.430417529540136 5.8550549123901936 9.222021425142886 6.9640921596437684 5.8290421469137055 10.14217486116104 7.2034018936101347 14.670420006383209 10.711493192706255 19.159370624227449 7.6408095052465823 12.010557032888753 3.8645072611980185 14.884622367797416 75.679251153022051 14.166624041274192 1.8815274687949557 3.8121855708304784 13.064265804598106 8.0169005503412318 4.9292943251784882 20.708880492951721 43.585540051339194 19.736064826138318 10.908495865762232 3.72612525592558 31.999037834117189 20.367712951730937 42.400117980549112 21.197621869388968
leaf_count=1957 819 127 127 430 155 366 240 1027 259 384 159 290 239 446 6160 562 137 136 1570 252 320 1899 3298 1488 866 366 2129 986 2295 1677
internal_value=2.62548e-05 0.000666265 0.00423494 0.010903 0.000764964 -0.00476415 -0.0132186 -0.00445504 0.00136143 0.0160455 0.00525832 0.0107679 0 0.0050913 -0.000488373 0.0039883 -0.00137176 -0.00311924 -0.000860952 -0.00496615 0.00959014 -0.00789453 0.000763234 0.0041088 -0.0014508 -0.00757679 0.0081243 -0.00346085 -0.00780459 -0.00941457
internal_weight=513.41 458.6 113.487 31.9785 81.5086 33.8861 13.0324 54.8097 20.8537 25.0144 47.6225 19.6514 27.9712 18.7491 345.113 48.7384 296.375 167.896 121.684 46.0049 19.0959 40.1393 128.478 53.6166 74.8617 37.988 33.8806 63.9533 46.2123 34.2619
internal_count=31166 27421 3222 941 2281 1020 395 3745 625 511 1261 449 812 685 24199 2839 21360 12456 10025 3865 882 2718 8904 3754 5150 3613 2266 4284 2431 3247
is_linear=0
shrinkage=0.05


Tree=76
num_leaves=31
num_cat=0
split_feature=30 23 22 5 6 0 33 31 38 19 39 27 31 30 36 39 4 38 39 14 1 30 5 30 11 2 30 28 26 0
split_gain=0.598413 0.807295 0.877115 0.70774 0.559043 0.493887 0.431583 0.424314 0.734752 0.984681 0.432203 0.421105 0.397615 0.633572 0.485852 1.01271 0.644868 0.480318 0.420759 0.417553 0.384988 0.394915 0.487246 0.381328 0.379298 0.354927 0.341662 0.332559 0.307418 0.303189
threshold=0.42833334207534796 0.47666668891906744 -0.24999999999999997 -0.049999997019767754 0.3966666460037232 -0.31666666269302363 0.22333335876464847 0.42333334684371954 0.0089869499206542986 0.32333332300186163 0.024213561788201336 -0.29000000655651087 -0.41666667163372034 0.22333335876464847 0.030000001192092899 0.0300090815871954 0.056666672229766853 0.023255825042724613 0.026041304692626003 0.25000000000000006 -0.21666666865348813 0.20333331823349002 0.17000001668930056 0.3966666460037232 -0.31666666269302363 0.31000000238418585 -0.061666667461395257 0.29666668176651007 0.31666666269302374 -0.30333334207534784
decision_type=2 2 2 2 2 2 2 2 2 2 2 2 2 2 2 2 2 2 2 2 2 2 2 2 2 2 2 2 2 2
left_child=4 2 5 -4 7 -2 -5 12 9 11 -11 -9 13 -1 15 18 -17 -16 20 -18 26 -22 -23 -19 -20 -3 -14 -8 -10 -6
right_child=1 25 3 6 29 -7 27 8 28 10 -12 -13 14 -15 17 16 19 23 24 -21 21 22 -24 -25 -26 -27 -28 -29 -30 -31
leaf_value=-0.0030890394284002866 0.0026811142892557861 0.0012664804621382621 -0.00046969822943947924 0 0 -0.0098003937519837159 0 0 -0.0094549695684221849 -0.00809823085333909 0.0041126729861668361 0.014918084682036882 0 0.0089270142120145557 -0.0008093499081208563 0 0.016409992678330577 -0.0085943977189673615 0.00097508429326783198 0 -4.0873869120283724e-05 -0.011573644519619397 0 0.0016623038877483392 -0.01197355419360863 -0.010277924237466055 0.0084627715422335697 0.014803232469032701 0.001251078197768958 -0.010529423094640009
leaf_weight=11.697744122473525 11.324557763058694 4.5255313324742001 11.025972445262594 8.2784080756828171 7.1197278907056925 6.8284523214679202 3.4800273587461552 6.204924209509044 7.0029456035699678 8.1326114700641465 6.855031373910605 19.263428063364703 19.600262384861708 18.37299927463755 77.594674255466089 14.687768487026917 11.771191371837629 49.568784113274887 2.4483413931448004 1.8907103021629144 91.277755064889789 13.95708507532254 10.17411178559996 4.146014956990256 10.477782282745464 7.6735674384981394 13.277927865972741 32.221108590485528 4.5161332208663225 15.92909965594299
leaf_count=820 328 65 198 155 786 158 186 146 611 336 193 500 1978 517 5405 1056 703 3680 146 114 7456 511 436 183 889 303 757 854 234 1478
internal_value=-2.51686e-05 0.00360088 0.00576279 0.00877705 -0.000849575 -0.00224712 0.0113736 -0.000297172 0.00358499 0.00683714 -0.00174296 0.0120504 -0.00099276 0.00382329 -0.00158248 0 0.0078737 -0.00384804 -0.00155104 0.013795 -0.000455615 -0.00196334 -0.0069493 -0.00729659 -0.00866843 -0.00561597 0.00367999 0.0134503 -0.00483964 -0.00758962
internal_weight=511.325 85.3576 73.1585 55.0055 425.967 18.153 43.9795 402.918 51.9751 40.456 14.9876 25.4684 350.943 30.0707 320.872 189.563 28.3497 131.309 161.213 13.6619 148.287 115.409 24.1312 53.7148 12.9261 12.1991 32.8782 35.7011 11.5191 23.0488
internal_count=31182 2247 1879 1393 28935 486 1195 26671 2020 1175 529 646 24651 1337 23314 14046 1873 9268 12173 817 11138 8403 947 3863 1035 368 2735 1040 845 2264
is_linear=0
shrinkage=0.05


Tree=77
num_leaves=31
num_cat=0
split_feature=14 4 11 19 33 27 40 27 4 23 33 1 39 36 39 29 27 17 36 14 31 40 33 22 27 40 37 37 37 39
split_gain=0.846337 0.634544 0.704921 0.860286 0.718583 0.693614 0.623631 0.558498 0.543566 0.996881 1.02172 0.933325 1.08191 0.91628 0.641577 0.585859 0.51458 0.551223 0.503752 0.434247 0.419143 0.440424 0.402848 0.326695 0.323894 0.319858 0.303018 0.82071 0.715584 0.49431
threshold=0.31666666269302374 0.44333332777023321 -0.13666665554046628 -0.40333333611488337 -0.030000001192092892 0.11000001430511476 0.47666665911674505 0.35666668415069586 -0.13666665554046628 0.16333335638046267 0.31666666269302374 0.32333332300186163 0.0248873345553875 0.056666672229766853 0.022469865158200267 0.25000000000000006 -0.35000000894069666 -0.13666665554046628 -0.0099999904632568342 0.40333333611488348 -0.056666672229766839 0.67000001668930065 0.32999998331069952 -0.3899999856948852 -0.37666666507720942 0.67000001668930065 0.0081372261047363299 0.027335166931152347 -0.00084209442138671864 0.024153697304427627
decision_type=2 2 2 2 2 2 2 2 2 2 2 2 2 2 2 2 2 2 2 2 2 2 2 2 2 2 2 2 2 2
left_child=1 2 3 8 26 6 -6 19 15 10 13 12 -11 -10 -13 -1 17 24 -18 23 21 -8 -21 -2 25 -5 28 -28 29 -4
right_child=7 -3 4 16 5 -7 20 -9 9 11 -12 14 -14 -15 -16 -17 18 -19 -20 22 -22 -23 -24 -25 -26 -27 27 -29 -30 -31
leaf_value=0 0 -0.0078126913408315315 -0.0031839170971747497 -0.0095072910917000653 0.01225139510619162 -0.00045476106728604905 -0.0025303652556658437 0.0020698322848097675 -0.007760988611802834 0.013707638355857074 -0.016995202240736428 -0.0099309997622729039 -0.002802162719920146 0.0067673251982608837 0.0043590842670931827 0.01103850235210338 -0.0011488488086604973 0.0082691627097106202 -0.0096241676432947277 0.0021048939303891716 -0.0031305674600799836 0.010242439815817572 -0.0073297332763066804 -0.013766126481435584 0.0040956371140072759 0.00062715634372141225 0.012493159750287973 -0.00089701609048199705 -0.012273814045880536 0.0060147935573101477
leaf_weight=15.955213984940199 3.3998559918254641 14.874851611210032 28.570798919769004 12.707093679346146 41.396088695852086 21.926194058498368 3.3829399100504878 13.184464171295984 15.590551419183614 24.097747076768428 7.9700475912541142 10.517754039727153 8.8925972897559387 15.622473048046229 7.2676710053347042 21.607800295576453 44.538970891386271 10.991728794295339 38.994769863318652 17.705554303014654 14.090115580009295 12.878105365205554 12.814132541418074 20.856566071044654 3.5267739437986192 5.0653298494871697 10.02282414305955 27.946240992750973 7.7217991747893384 18.554231978952885
leaf_count=382 318 1019 2448 428 2161 2395 169 1236 429 440 138 172 176 347 112 323 3506 409 2925 1130 1149 471 1355 1776 134 161 908 2533 746 1249
internal_value=-0.000185456 0.000580546 0.00103192 -0.000657191 0.00331767 0.00626737 0.00851979 -0.00517639 0.0020118 0 -0.00572474 0.00422072 0.00886983 0 -0.00341398 0.00660299 -0.00375529 0.000877792 -0.00576429 -0.00736404 0.00156039 0.00649635 -0.00172523 -0.0118835 -0.00299994 -0.00613796 0 0.00329153 -0.00214967 0.000237517
internal_weight=512.671 444.711 429.836 243.347 186.489 93.6734 71.7472 67.9606 127.522 89.9588 39.1831 50.7758 32.9903 31.213 17.7854 37.563 115.825 32.2909 83.5337 54.7761 30.3512 16.261 30.5197 24.2564 21.2992 17.7724 92.8159 37.9691 54.8468 47.125
internal_count=31145 25330 24311 10082 14229 6345 3950 5815 2519 1814 914 900 616 776 284 705 7563 1132 6431 4579 1789 640 2485 2094 723 589 7884 3441 4443 3697
is_linear=0
shrinkage=0.05


Tree=78
num_leaves=31
num_cat=0
split_feature=30 38 3 5 38 40 40 21 31 40 16 21 10 8 33 10 38 31 27 27 27 4 25 10 28 33 22 38 40 28
split_gain=0.834616 1.13455 1.23529 0.796767 0.956816 1.20699 0.669893 0.896075 0.617585 0.8398 0.526473 0.519682 0.760164 0.590956 1.28106 0.599779 0.46509 0.553905 0.443993 0.398089 0.40196 0.38129 0.37469 0.374451 0.359871 0.902825 0.429407 0.426629 0.409473 0.363858
threshold=0.38333332538604742 -0.013042449951171873 -0.31666666269302363 0.21666666865348819 0.11019897460937501 0.69333332777023327 0.056666666641831405 -0.076666668057441698 -0.22999998927116391 0.50999999046325695 -0.2766666561365127 -0.31666666269302363 0.35666668415069586 -0.056666672229766839 0.01666665077209473 -0.076666668057441698 -0.0099368095397949201 -0.21000000834465024 -0.22999998927116391 -0.22333332896232602 -0.15666666626930234 -0.030000001192092892 -0.36333334445953364 0.35000002384185797 1.0000000180025095e-35 -0.25666666030883784 0.24166667461395266 0.091155052185058608 0.10333333536982538 -0.40333333611488337
decision_type=2 2 2 2 2 2 2 2 2 2 2 2 2 2 2 2 2 2 2 2 2 2 2 2 2 2 2 2 2 2
left_child=11 2 -2 4 5 -3 -5 -8 9 19 -9 12 22 14 24 -15 -17 18 -18 -4 -21 -19 -1 -7 25 26 -13 -26 -27 -30
right_child=1 3 8 6 -6 23 7 10 -10 -11 -12 13 -14 15 -16 16 17 21 -20 20 -22 -23 -24 -25 27 28 -28 -29 29 -31
leaf_value=0.00098577517503183076 0.012021838483356606 0.014304095110998345 -0.01524905484892395 -0.0012562672231105194 -0.0080760343648631615 0.0021936276071405653 0 0.021145731903543803 0.0040787582820071755 0.001078556028419157 0 0.00094969507471073995 0.0051602378364463521 0.0026488963582742948 0.015630256501103085 -0.00028576173847860942 0.0055389583250695183 -0.00048373501577822828 -0.0054510972002943248 0.0073531243973374259 -0.0069314082329433868 -0.013600019186707186 -0.0085320498001862765 -0.010316142334781018 -0.0041351610493468851 0 -0.0081719986709552182 0.0037450299091439476 -0.00073343240276636844 0.0124021429262732
leaf_weight=5.7836084545124313 7.3609134810976675 14.324563982198017 18.185269554611295 3.238656355533748 10.148299919674171 4.547831916715948 5.699126910185444 20.168533812044192 8.0682143685407919 13.12558578699827 3.7164651115890583 40.605845627374947 8.7779387594200653 38.116456842515618 9.8293513800017518 60.731326044769958 10.285849986830728 12.50804345612414 14.539876400725914 2.4930898286402225 5.3580533445347127 23.522213192423806 49.505886584986001 4.7191461524926126 54.882668339880183 7.256197126582264 10.599290648475288 15.623695079470052 1.4452272700145865 24.975708965677768
leaf_count=431 215 320 327 95 240 96 331 382 469 346 459 3419 815 2896 292 3856 270 1087 1013 38 289 1904 3811 108 3607 507 793 898 101 1737
internal_value=0.000200881 0.00376053 -0.00117917 0.00791885 0.00120454 0.00686961 0.012924 0.015129 -0.0048294 -0.0075163 0.0186412 -0.000884788 -0.00479117 0 0.00201875 -0.00216907 -0.00392894 -0.00683879 0 -0.01202 0 -0.0103605 -0.00712949 -0.00409002 0.000453749 0.00268488 -0.00116053 -0.00190544 0.00845314 0.0109098
internal_weight=510.143 121.154 54.5911 66.5626 33.7398 23.5915 32.8228 29.5841 47.2302 39.162 23.885 388.989 64.0674 324.922 165.218 159.704 121.587 60.856 24.8257 26.0364 7.85114 36.0303 55.2895 9.26698 155.389 84.8823 51.2051 70.5064 33.6771 26.4209
internal_count=31152 3715 1684 2031 764 524 1267 1172 1469 1000 841 27437 5057 22380 11354 11026 8130 4274 1283 654 327 2991 4242 204 11062 6557 4212 4505 2345 1838
is_linear=0
shrinkage=0.05


Tree=79
num_leaves=31
num_cat=0
split_feature=30 41 41 23 26 8 8 21 3 37 6 7 18 9 39 37 11 39 31 41 40 41 31 29 37 19 40 14 30 37
split_gain=1.16641 0.752403 0.764346 0.715776 0.558025 0.856355 0.48082 0.466662 0.661165 0.880421 0.848273 0.393165 0.374645 0.373826 1.04122 0.833796 1.0013 0.732689 0.728297 0.578718 0.593116 0.535134 0.513056 0.708284 0.588349 0.738719 0.422863 0.422264 0.415224 0.431475
threshold=0.43666666746139532 0.033144393935799606 0.030753826722502712 0.49000000953674322 0.44333332777023321 0.14999997615814212 0.40333333611488348 -0.30333334207534784 0.056666672229766853 0.0081372261047363299 0.42333334684371954 0.25666666030883795 -0.11666667461395262 -0.023333340883255001 0.029205097816884521 0.011377334594726564 -0.37666666507720942 0.025566946715116504 0.48333334922790533 0.035586263984441764 0.87000000476837169 0.030753826722502712 -0.31666666269302363 0.056666672229766853 0.0081372261047363299 -0.3899999856948852 0.10333333536982538 0.31666666269302374 0.41666668653488165 0.04200792312622071
decision_type=2 2 2 2 2 2 2 2 2 2 2 2 2 2 2 2 2 2 2 2 2 2 2 2 2 2 2 2 2 2
left_child=4 2 11 7 13 -6 -7 -3 -9 10 -10 -2 -11 14 18 -16 -17 22 19 21 -21 -1 24 27 25 -15 -23 -24 29 -25
right_child=1 3 -4 -5 5 6 -8 8 9 12 -12 -13 -14 17 15 16 -18 -19 -20 20 -22 26 23 28 -26 -27 -28 -29 -30 -31
leaf_value=-0.002914147576772975 -0.0038767289859421568 0 -0.012302720062588727 -0.0040974758650254373 0.0089895975685611532 -0.0067269357515078402 0.0059557136497554661 0.019707367447290181 0.014413532996814997 -0.010187632082501428 -0.0031428495943524419 0.0074455809932083899 0.0024481428298712602 0.014531047876691084 -9.4740563630760043e-05 -0.0048490994705269351 0.017236522285844113 -0.0086613245933808529 0.0082850594397013942 -0.0068762210893479284 0.00096793133082712307 -0.0016282532145394579 0.0052164725495612288 -0.0097876056438574947 -0.0027079406157175462 -9.7385502150590413e-06 0.0094567317316926712 -0.0039581501175505783 0.0033613225906615959 0
leaf_weight=28.026205465430394 4.6662668986246052 7.692689472809433 5.213069968391209 4.4411457816604516 26.610839426983148 17.414298750692982 3.7587225993629536 14.372459855163468 16.519817763241015 5.7940263655036688 4.3168020364828399 13.43120864080265 3.3753174976445717 10.971667612437157 16.462888150243089 1.7928356542252029 15.482401692308484 43.858985768863931 9.2054218072444183 83.899234956363216 23.945629341062158 5.8366814933251616 25.438739804783836 43.512725241016597 15.889348547905682 11.263799491571264 17.825901023112237 12.797080351272596 2.944048404460772 11.307050378527491
leaf_count=2274 79 228 119 155 716 565 186 240 320 97 230 315 251 245 960 84 977 3057 220 6088 1807 472 2398 3187 906 987 1473 1377 188 923
internal_value=0 0.00533288 -0.00118131 0.00827529 -0.00104616 0.00360279 -0.00273751 0.0100754 0.0118394 0.00472047 0.00995528 0.0032504 -0.00475967 -0.0017416 -0.000124492 0.00705533 0.0132112 -0.00338131 -0.00189608 -0.00291359 -0.00495571 0.000986061 -0.00117938 -0.00321014 0.00310875 0.0078429 0.00610338 0.0014603 -0.00654025 -0.00776219
internal_weight=508.067 79.8228 23.3105 56.5123 428.245 47.7839 21.173 52.0711 44.3784 30.006 20.8366 18.0975 9.16934 380.461 202.477 33.7381 17.2752 177.983 168.739 159.534 107.845 51.6888 134.124 95.9996 38.1248 22.2355 23.6626 38.2358 57.7638 54.8198
internal_count=31124 2034 513 1521 29090 1467 751 1366 1138 898 550 394 348 27623 14355 2021 1061 13268 12334 12114 7895 4219 10211 8073 2138 1232 1945 3775 4298 4110
is_linear=0
shrinkage=0.05


Tree=80
num_leaves=31
num_cat=0
split_feature=14 6 0 3 29 5 8 37 27 13 37 16 36 37 12 24 39 37 18 25 23 0 6 30 29 39 3 41 38 41
split_gain=0.427703 0.69636 0.51473 0.992744 1.0462 0.663683 0.947495 0.843598 0.835273 0.759873 1.00315 0.73488 0.681999 0.616236 0.59427 0.588042 0.759506 0.555691 0.508089 0.493496 0.44847 0.530841 0.446465 0.446249 0.673576 0.42683 0.402182 0.391447 0.376176 0.367599
threshold=-0.48333333432674402 0.20333331823349002 0.34333333373069769 0.14333331584930423 0.45499998331069952 0.29666668176651007 0.32333332300186163 -0.065113067626953111 -0.056666672229766839 0.01666665077209473 0.009663581848144533 0.13666665554046634 0.26999998092651373 0.027335166931152347 -0.32999998331069941 0.056666672229766853 0.015789056196808818 -0.065113067626953111 0.45666664838790899 0.23000001907348636 0.25666666030883795 -0.236666664481163 -0.35000000894069666 0.41000002622604376 0.096666663885116591 0.02868249919265509 0.31000000238418585 0.04609807766973973 0.18432664871215823 0.073804967105388655
decision_type=2 2 2 2 2 2 2 2 2 2 2 2 2 2 2 2 2 2 2 2 2 2 2 2 2 2 2 2 2 2
left_child=1 -1 5 19 18 6 7 11 15 20 12 -2 29 -12 -8 -7 -17 -18 28 22 21 -9 -4 24 -23 -26 -3 -22 -5 -11
right_child=2 26 3 4 -6 8 14 9 -10 10 13 -13 -14 -15 -16 16 17 -19 -20 -21 27 23 -24 -25 25 -27 -28 -29 -30 -31
leaf_value=0.011056692017763244 0 -0.0070161270129029734 -0.0019712923879555335 -0.013948662851080812 0.0026362130023291895 0 -0.015604281310921021 0.0044762266783842054 -0.0019162720833220939 -0.013158949066350838 0.0093858774762766266 0.012143226602741045 0.0026031096979711862 -0.0027702960660617973 -0.00092500848768302239 -0.0011259310573999812 0 0.016569048476694537 0.00097919896086958325 -0.0043123962875170826 0 0.00036354515887277567 0.011016968003637145 0.0064513791377871837 -0.0086218836868328149 0.0011450564003081013 0.0044276523127114433 0.0097921715163058615 0 0
leaf_weight=15.511602972168474 22.378633470740169 9.607052670791747 3.3176861517131373 36.737925399793312 12.33477398753166 10.791382221272213 10.554406542330982 32.136217411374673 24.322110016830266 34.875448256265372 9.1572599154897016 19.161665524356067 4.4316507875919333 24.370606952114031 20.307441030396149 5.546601715963333 2.893028787802904 23.808065830497075 3.0371574752498409 6.4728525144746518 21.733620056184009 53.096487478120252 13.633247746620327 6.1033121419604859 46.92248758347705 7.1464811041951171 7.46660919394344 16.518795949872583 1.8401019594166417 2.8509347226936361
leaf_count=187 1477 131 220 2430 622 468 348 1857 2441 3021 804 838 429 2382 1804 232 112 869 258 514 1128 4342 661 111 2024 330 107 777 109 149
internal_value=-0.000129629 0.00487159 -0.000579794 -0.00416254 -0.00777632 0.000104436 -0.000770705 7.28363e-05 0.00446571 -0.000946153 -0.00500288 0.00627694 -0.00969295 0.000838108 -0.00834614 0.00837526 0.0113302 0.014414 -0.0113309 0.00319956 0.000699204 -0.000468706 0.00753481 -0.00223588 -0.00326737 -0.00692934 -0.0010781 0.00516522 -0.0128622 -0.0118681
internal_weight=509.066 32.5853 476.48 77.3737 53.95 399.107 331.745 300.884 67.3612 259.343 75.6859 41.5403 42.158 33.5279 30.8618 43.0391 32.2477 26.7011 41.6152 23.4238 183.657 145.405 16.9509 113.269 107.165 54.069 17.0737 38.2524 38.578 37.7264
internal_count=31182 425 30757 4814 3419 25943 21821 19669 4122 17354 6785 2315 3599 3186 2152 1681 1213 981 2797 1395 10569 8664 881 6807 6696 2354 238 1905 2539 3170
is_linear=0
shrinkage=0.05


Tree=81
num_leaves=31
num_cat=0
split_feature=30 24 4 11 16 37 28 8 24 30 27 4 27 12 11 24 27 39 26 40 35 0 21 0 39 26 23 26 39 0
split_gain=0.714555 0.746812 0.631163 0.78464 0.713928 0.46157 0.644383 0.543384 0.467356 0.425952 0.418451 0.407453 0.40822 0.381057 0.687919 0.388562 0.802214 0.980336 0.575384 0.4896 0.350233 0.362615 0.347347 0.344401 0.335433 0.514851 0.471193 0.371793 0.489318 0.325356
threshold=0.47500002384185797 0.42333334684371954 0.30333334207534796 -0.3899999856948852 -0.2766666561365127 0.047869682312011726 0.36333334445953375 -0.090000003576278673 0.38333332538604742 0.31000000238418585 -0.030000001192092892 0.38999998569488531 -0.32333332300186152 0.43000000715255743 0.41666668653488165 1.0000000180025095e-35 -0.32333332300186152 0.014356491621583702 0.34333333373069769 0.66333335638046276 -0.2766666561365127 0.23666667938232425 0.45666664838790899 -0.10333332419395445 0.024153697304427627 0.25666666030883795 -0.24999999999999997 -0.15000000596046445 0.01447949279099703 0.40333333611488348
decision_type=2 2 2 2 2 2 2 2 2 2 2 2 2 2 2 2 2 2 2 2 2 2 2 2 2 2 2 2 2 2
left_child=2 22 5 9 11 13 7 10 -9 -4 -7 12 -5 14 15 18 17 -17 24 20 -20 -22 23 -2 25 27 -26 -1 -29 -13
right_child=1 -3 3 4 -6 6 -8 8 -10 -11 -12 29 -14 -15 -16 16 -18 -19 19 -21 21 -23 -24 -25 26 -27 -28 28 -30 -31
leaf_value=0.00069714633499452349 0 -0.0053170660658378643 0 -0.0071494998894270972 -0.0054923081257734884 -0.0048833601579489046 0.0060189382176848039 -0.010753754134075116 0.0027797724024791258 -0.015879514810933425 0.0052716138239272551 0.012214544401718028 0.0046223506473534797 -0.0064018064219677623 0.012549025587455074 -0.0050568862905845261 -0.00016924330108284021 0.010021185681372311 0 0.00085778130308525845 -0.014421802271474571 0 0 0.015249933785538211 -0.0020839924550856851 0.0065858049474123888 0.007997512022240116 0.002041112014195962 -0.0082725427794224718 0
leaf_weight=32.426375413779169 6.9736280362121805 4.9039893031585953 3.9887345256283906 8.2601942336186784 42.077730834716931 15.493068939540537 7.9041414563544086 32.797423865296878 1.8237652103416611 13.09144306485541 13.200382111594079 9.4960829792544228 7.9716467566322562 10.129919482627882 7.3471758591476819 7.2888731020502737 84.356106276158243 44.947055058088154 5.1954872885253307 11.627736024092881 15.560430068522694 5.9214923433028153 7.2886855159886172 14.452400815440342 10.143303595948963 11.857094332110135 24.647072520572692 8.6620117316488159 32.55689633009024 3.3474552526604375
leaf_count=2956 114 216 188 172 4299 813 250 2217 129 301 1211 308 278 917 465 229 6103 1304 202 435 684 180 141 291 759 665 1840 689 2532 149
internal_value=-0.000292759 0.00608774 -0.000870084 -0.00453716 -0.00140484 0 -0.00343858 -0.00539873 -0.00912011 -0.0127453 0 0.00372541 -0.000556472 0.000869466 0.00131372 0.000706653 0.00265132 0.0071837 -0.000851898 -0.00580144 -0.00909358 -0.0114099 0.00933798 0.0119178 0.000726987 -0.000761124 0.00457112 -0.00266492 -0.00559176 0.00891773
internal_weight=505.738 33.6187 472.119 88.2333 71.1531 383.886 71.2188 63.3146 34.6212 17.0802 28.6935 29.0754 16.2318 312.667 302.537 295.19 136.592 52.2359 158.598 38.3051 26.6774 21.4819 28.7147 21.426 120.293 85.5024 34.7904 73.6453 41.2189 12.8435
internal_count=31037 762 30275 5695 5206 24580 4620 4370 2346 489 2024 907 450 19960 19043 18578 7636 1533 10942 1501 1066 864 546 405 9441 6842 2599 6177 3221 457
is_linear=0
shrinkage=0.05


Tree=82
num_leaves=31
num_cat=0
split_feature=30 25 10 17 27 27 5 39 25 22 37 8 37 37 37 37 4 0 39 25 3 33 13 37 39 39 27 25 18 10
split_gain=0.744019 0.776004 1.15584 0.598267 0.509852 0.770926 0.459355 0.8481 0.831998 0.787007 0.658317 0.649079 1.07603 0.965005 0.686372 0.484695 0.415628 0.687577 0.3941 0.415159 0.480791 0.535663 0.39896 0.383049 0.771704 0.432756 0.382644 0.427221 0.367164 0.35384
threshold=0.46166664361953741 -0.12999999523162839 0.37000000476837164 0.4499999880790711 -0.41666667163372034 -0.28333333134651179 0.27666664123535162 0.015892331488430503 0.35000002384185797 0.39499998092651373 -0.065113067626953111 -0.083333343267440782 0.015047550201416017 0.0081372261047363299 0.047869682312011726 -0.00084209442138671864 0.21666666865348819 -0.016666665673255917 0.013578832149505617 -0.036666661500930779 0.19666665792465213 0.30333334207534796 0.01666665077209473 -0.016572475433349606 0.025362205691635612 0.019357892684638504 -0.069999992847442613 -0.26333332061767573 -0.40333333611488337 -0.45666666328907007
decision_type=2 2 2 2 2 2 2 2 2 2 2 2 2 2 2 2 2 2 2 2 2 2 2 2 2 2 2 2 2 2
left_child=3 -2 -3 6 -4 -6 11 -8 9 10 -9 13 18 15 -15 23 17 -14 -13 -20 21 22 -21 24 29 -25 27 -16 -17 -1
right_child=1 2 4 -5 5 -7 7 8 -10 -11 -12 12 16 14 26 28 -18 -19 19 20 -22 -23 -24 25 -26 -27 -28 -29 -30 -31
leaf_value=0.0021824444600656045 -0.0040404790940683976 0.016109391543584147 0.0077324292043293094 -0.0084155306365134609 -0.012992231737508415 0.0031691786534547533 -0.0054643252466179473 -0.0005127950862045419 -0.0033888875884888741 -0.0017841718094700723 0.012837978183701613 0.0070375676021724662 -0.0022501812063818257 0.0089359364560878535 0.0028292308579670584 0.0006141903706602368 0 -0.014525529485337788 -0.0044026811509169095 0.010611659119543843 -0.0044521381384456079 -0.0032023983082704816 0 0.012302633196148037 0.0054682588411770847 0 0.0044222362109774347 -0.0092977458435076609 -0.011959989140243378 -0.0070231362417355952
leaf_weight=5.5594893528614184 9.7753000103402865 18.46772604319267 8.5706936148926598 16.490915860980749 6.9031149880029288 9.2070190215017664 15.410694900667293 6.5837849783711055 13.613867082400246 10.358461156953124 41.174640953540809 11.8481041949708 30.479306249413639 44.471967110643163 4.4714495174121138 2.6689189027529201 13.448478608857839 26.609091156045906 45.022360813803971 21.815562288509685 14.284194646868853 9.0570322668645513 10.078073945129288 5.7538617597892872 16.615212141769007 9.4423921473789942 15.167570280143989 11.662467527203264 11.459384889341889 41.503216198412701
leaf_count=282 182 359 151 1426 138 388 1012 327 1223 555 2199 694 2020 2884 216 70 848 1712 2861 990 841 701 965 474 987 682 1362 585 985 2896
internal_value=0.000169243 0.00549253 0.00839049 -0.00045907 0 -0.00427164 0 0.00307622 0.00551286 0.00811 0.0106806 -0.000864268 -0.00292762 0.00124941 0.00531991 -0.00193591 -0.0075015 -0.00920533 0 -0.000976296 0.00156605 0.00449844 0.00750584 0 -0.00193358 0.00573486 0 -0.00495145 -0.0088676 -0.00534073
internal_weight=507.974 52.9239 43.1486 455.05 24.6808 16.1101 438.56 87.1414 71.7308 58.1169 47.7584 351.418 182.642 168.776 75.7735 93.0025 70.5369 57.0884 112.105 100.257 55.2349 40.9507 31.8936 78.8742 63.6779 15.1963 31.3015 16.1339 14.1283 47.0627
internal_count=31015 1218 1036 29797 677 526 28371 5316 4304 3081 2526 23055 11632 11423 5047 6376 4580 3732 7052 6358 3497 2656 1955 5321 4165 1156 2163 801 1055 3178
is_linear=0
shrinkage=0.05


Tree=83
num_leaves=31
num_cat=0
split_feature=0 7 25 33 37 12 2 27 29 25 15 30 19 39 27 6 9 39 6 26 15 25 24 27 33 41 37 41 26 26
split_gain=0.613179 0.672892 0.509862 1.39427 1.0277 0.731558 0.871522 0.836785 0.763472 0.712853 0.653703 0.634952 0.593342 0.589518 0.829555 0.653043 0.472808 0.636831 0.462086 0.43444 0.419705 0.410835 0.387227 0.382898 0.380201 0.378717 0.339756 0.329544 0.329211 1.20053
threshold=0.46333330869674688 0.4499999880790711 0.22333335876464847 0.22333335876464847 0.009663581848144533 -0.24999999999999997 -0.29000000655651087 -0.22999998927116391 0.40333333611488348 -0.069999992847442613 -0.25666666030883784 -0.21666666865348813 -0.22999998927116391 0.017265589907765392 -0.17000000178813932 -0.43000000715255732 0.26999998092651373 0.016775812022387985 0.083333313465118422 0.38333332538604742 0.22333335876464847 -0.069999992847442613 -0.2766666561365127 -0.32999998331069941 0.37000000476837164 0.042340703308582313 -0.070494174957275377 0.05063311010599137 0.35666668415069586 0.18333333730697635
decision_type=2 2 2 2 2 2 2 2 2 2 2 2 2 2 2 2 2 2 2 2 2 2 2 2 2 2 2 2 2 2
left_child=2 -2 3 5 9 6 7 -1 19 18 12 13 21 -12 15 -15 17 -6 -5 -8 -13 -7 -11 24 -18 -25 -22 -21 29 -4
right_child=1 -3 28 4 16 10 8 -9 -10 22 11 20 -14 14 -16 -17 23 -19 -20 27 26 -23 -24 25 -26 -27 -28 -29 -30 -31
leaf_value=0.012322649023653686 -0.012788062612945073 0.0034113667897673057 0 0.008074772059080906 -0.0034051741207869906 0 -0.004547535614375345 -0.0042314676899871855 -0.014948687331498843 0 -0.0036710866348809894 -0.00032315505687985011 -0.0022544234790621998 -0.001113496887053843 7.7358304470432143e-05 0.015417420432463051 -0.013940364652493384 0.011299925632920982 -0.0032357515068494555 0.0065737577356329031 0 0.015619203879099763 0.017851071985452254 0.007340016267227069 0 -0.0052136748399409082 -0.012546641372741266 -0.0028736513907025654 0.0012035232817263165 -0.012404307273496909
leaf_weight=10.753409397322686 12.3686627803836 3.5628667583223423 57.37601898482535 10.744031012523921 5.677848692052069 9.6347200877498889 73.806420718086883 6.8719002674333742 11.712374817579983 3.1869857718702432 14.563124321866779 55.97051896690391 5.0898924574721596 3.3825405254028764 36.876777013298124 18.413212018785998 6.1459423243068176 11.028909147949888 10.828639210434629 14.054518099175768 2.5542322951368979 13.079179090447722 23.492012294474989 6.6106950528919679 4.0669924356043339 4.2661207125056535 10.327189874136819 7.9899562655482432 32.471908544190228 22.748210610821843
leaf_count=220 893 320 5338 641 219 439 3539 373 219 201 1404 5263 444 123 3254 645 160 520 522 348 108 364 760 358 128 349 985 236 1309 1393
internal_value=4.32857e-05 -0.00808321 0.000449443 0.00136456 0.0067478 -0.000225403 -0.00311833 0.00537472 -0.00494058 0.011163 0.00179784 0.000124857 0.00806817 0.00339202 0.00570966 0.012266 0 0.00562213 0.00202196 -0.00266361 -0.00300967 0.0112397 0.0160611 -0.00413995 -0.00932519 0.000831821 -0.0095466 0.00237591 -0.00234966 -0.00406347
internal_weight=509.656 15.9315 493.724 381.128 86.0482 295.08 125.189 17.6253 107.563 48.2517 169.891 142.088 27.8038 73.2357 58.6725 21.7958 37.7965 16.7068 21.5727 95.8509 68.8519 22.7139 26.679 21.0898 10.2129 10.8768 12.8814 22.0445 112.596 80.1242
internal_count=31075 1213 29862 21822 3858 17964 4935 593 4342 2124 13029 11782 1247 5426 4022 768 1734 739 1163 4123 6356 803 961 995 288 707 1093 584 8040 6731
is_linear=0
shrinkage=0.05


Tree=84
num_leaves=31
num_cat=0
split_feature=4 27 40 15 14 30 31 33 3 38 4 4 0 3 38 28 37 5 8 1 39 39 27 7 39 20 30 1 30 37
split_gain=0.649601 0.926111 0.986297 0.516713 0.660313 0.594571 0.504466 0.708312 0.714204 0.558011 0.524854 0.474934 0.409467 1.51535 0.721289 0.84204 0.80654 0.693691 0.61241 0.581632 0.601008 0.672452 0.541415 0.509945 0.48879 0.729012 0.64266 0.449567 0.507677 0.44703
threshold=-0.33666665852069849 -0.22999998927116391 0.49000000953674322 0.32999998331069952 0.40333333611488348 -0.236666664481163 0.35666668415069586 0.32333332300186163 0.34333333373069769 -0.020427703857421872 -0.21000000834465024 -0.40333333611488337 0.34333333373069769 0.32333332300186163 0.08760929107666017 0.36333334445953375 0.04200792312622071 0.056666672229766853 0.43666666746139532 0.32999998331069952 0.016775812022387985 0.021928180009126667 0.069999992847442641 -0.22999998927116391 0.020644122734665874 -0.083333343267440782 -0.04333332180976867 0.31000000238418585 0.22333335876464847 -0.070494174957275377
decision_type=2 2 2 2 2 2 2 2 2 2 2 2 2 2 2 2 2 2 2 2 2 2 2 2 2 2 2 2 2 2
left_child=1 2 -1 6 -5 -6 12 8 9 10 -8 -3 13 14 15 23 27 -16 19 -14 -21 -22 29 -2 25 -25 -26 28 -17 -15
right_child=3 11 -4 4 5 -7 7 -9 -10 -11 -12 -13 18 22 17 16 -18 -19 -20 20 21 -23 -24 24 26 -27 -28 -29 -30 -31
leaf_value=0 -0.0058026699452390059 -0.0042707198383750656 0.017238649648580462 -0.0097889336154758887 0.0085750954768923065 -0.0056958936462450684 0 -0.0052530731382935776 -0.0030950597426910309 0 0.018008061570737303 0.0049133349646008351 0 0 -0.00042696456506103296 0 0.0024052434697469454 0.010362482247386453 0.0052117679480079421 0 -0.019246330248100942 -0.0017999540745384957 -0.00023817366979811375 0.0093080414315695626 0.0045786407860376899 -0.00058313052762398851 -0.0050359229670370736 0 -0.018240203317751939 0.012512540932682933
leaf_weight=13.048880784073846 35.613153910497203 25.651709009660408 15.478973325341938 25.03861243929714 8.7879858992528188 7.2634133454412213 4.9583199061453369 6.4752999397460362 5.832334500970318 9.1956456976477075 15.586052930913864 19.269966137944721 19.889055787120014 5.0863486144226036 29.442084660287946 3.5207714047283032 5.7704416727647176 17.16470767906867 7.8846453214064232 8.3384645220357907 12.346097090281548 15.038325540721415 9.5545435678213817 25.269306390779093 17.072591300355271 34.133286253316328 51.907294868258759 4.0096850867848834 17.244647624436766 31.619598052930087
leaf_count=563 2883 2342 493 2186 509 776 148 526 330 768 500 1575 1044 169 1720 161 180 992 363 434 590 805 954 1616 1683 2269 2887 122 412 1104
internal_value=0.000304784 0.00449028 0.0106513 -0.000398249 -0.00536363 0.00119092 0.000131161 0.00498563 0.00793993 0.0109598 0.0146384 0 -0.000454521 0.000292318 -0.0012623 -0.00267718 -0.00963444 0.00380011 -0.0039281 -0.00601106 -0.00939191 -0.0124598 0.00808915 -0.000939965 0.000421762 0.00371014 -0.00214692 -0.0131732 -0.015541 0.0105711
internal_weight=507.492 73.4495 28.5279 434.043 41.09 16.0514 392.953 42.0477 35.5724 29.74 20.5444 44.9217 350.905 287.408 241.148 194.541 30.5455 46.6068 63.4966 55.6119 35.7229 27.3844 46.2605 163.996 128.382 59.4026 68.9799 24.7751 20.7654 36.7059
internal_count=31104 4973 1056 26131 3471 1285 22660 2272 1746 1416 648 3917 20388 17152 14925 12213 875 2712 3236 2873 1829 1395 2227 11338 8455 3885 4570 695 573 1273
is_linear=0
shrinkage=0.05


Tree=85
num_leaves=31
num_cat=0
split_feature=2 29 13 24 18 7 9 24 6 38 12 12 13 36 13 32 25 26 36 9 5 38 29 41 9 36 38 2 11 33
split_gain=0.545651 0.923323 0.794808 0.721667 0.711096 0.691169 0.795732 0.671237 0.529112 0.518381 0.464176 0.472898 0.674534 0.724141 0.864663 0.787715 0.6989 0.517872 0.48317 0.454842 0.45323 0.4393 0.510779 0.378643 0.36465 0.356038 0.349973 0.332343 0.329074 0.311572
threshold=0.17000001668930056 0.47500002384185797 -0.48333333432674402 -0.016666665673255917 1.0000000180025095e-35 0.25000000000000006 -0.04333332180976867 0.42333334684371954 -0.023333340883255001 0.12017393112182619 0.41666668653488165 0.22333335876464847 0.01666665077209473 0.35000002384185797 -0.45666666328907007 0.14999997615814212 -0.24999999999999997 0.35666668415069586 -0.17000000178813932 0.37666666507720953 0.34333333373069769 0.03821611404418946 -0.24333333969116208 0.079768318682909026 -0.023333340883255001 0.2833333313465119 -0.022441387176513668 0.26999998092651373 -0.15666666626930234 0.01666665077209473
decision_type=2 2 2 2 2 2 2 2 2 2 2 2 2 2 2 2 2 2 2 2 2 2 2 2 2 2 2 2 2 2
left_child=10 2 -2 -4 5 6 27 25 26 -10 11 12 13 14 16 19 -1 24 -19 -15 -17 22 -13 29 28 -3 -6 -5 -16 -14
right_child=1 7 3 4 8 -7 -8 -9 9 -11 -12 21 23 15 17 20 -18 18 -20 -21 -22 -23 -24 -25 -26 -27 -28 -29 -30 -31
leaf_value=0 -0.01639139591648078 0 -0.006778170334071053 0 0.0073769189359330859 0.010620715272143078 -0.0057682531818540536 -0.0047252868892642486 -0.009793686499977583 0.0022939925911910426 -0.0057065259013708439 0.013222536193092917 -0.0086391602890381943 -0.0038086234742164462 -0.00087488698765707815 -0.015960414133519424 0.01386003517965094 -0.0027643425149685304 0.0085310617384984355 0.0093330938055983474 0 -0.00049231098871244257 4.7984656960048265e-05 0.0045978344786510245 -0.0035902685495742058 0.014272731246792267 -0.0035552617732107911 0.011527233421323588 0.0052048890651343448 0
leaf_weight=8.278376869857313 6.3595079602673641 5.994533271994448 54.228674299200065 6.4025412928313008 9.1791399193461967 17.265767250675708 22.149675400462002 3.9510132246650747 28.843467677943408 5.2350771331693968 16.285916188266128 18.372562307864428 27.524040071526542 5.5406637152191269 37.73946703504771 8.5359019122552109 22.902958045713603 5.5927939771208903 30.449229536112398 6.6587027544155717 5.819120683707296 11.705198627198113 16.286426153732464 3.2669943436048916 46.936309065669775 10.476687646703793 5.6890483659226438 8.1752916406840068 31.886751309037209 18.600178884807974
leaf_count=165 99 119 3666 371 510 405 842 237 2498 475 1536 1035 2543 287 2504 205 360 229 961 207 120 1213 1306 221 3097 264 516 366 2837 1919
internal_value=-0.000118726 -0.00229312 -0.00368068 -0.00242932 0 0.00386554 0 0.00618414 -0.00400488 -0.00724759 0.00106508 0.00160825 0.000610795 0.00193859 0.00315572 -0.00474639 0.0101162 0.00124699 0.00603929 0.00270289 -0.0112359 0.00600831 0.00856727 -0.00418996 -0.000253963 0.0104765 0.00217641 0.00715246 0.00177094 -0.00574964
internal_weight=506.332 183.95 163.528 157.169 102.94 53.9933 36.7275 20.4222 48.9467 34.0785 322.382 306.096 259.731 210.34 183.786 26.5544 31.1813 152.605 36.042 12.1994 14.355 46.3642 34.659 49.3912 116.563 16.4712 14.8682 14.5778 69.6262 46.1242
internal_count=31113 10368 9748 9649 5983 1984 1579 620 3999 2973 20745 19209 15655 10972 10153 819 525 9628 1190 494 325 3554 2341 4683 8438 383 1026 737 5341 4462
is_linear=0
shrinkage=0.05


Tree=86
num_leaves=31
num_cat=0
split_feature=5 2 24 31 10 37 2 21 21 18 22 33 36 16 29 35 21 22 13 31 28 11 30 38 12 10 37 7 23 25
split_gain=0.437586 0.643832 0.597117 0.802495 0.883541 0.699199 0.68786 0.619677 0.608754 0.55115 0.49637 0.485917 0.469428 0.444426 0.499331 0.437491 0.370913 0.369096 0.368018 0.360095 0.350158 0.348166 0.496186 0.362524 0.400309 0.348997 0.509376 0.630739 0.350431 0.345583
threshold=-0.023333340883255001 0.17666667699813846 0.32333332300186163 -0.4433333277702331 0.11000001430511476 0.056403636932373054 -0.16333332657814023 -0.090000003576278673 0.11000001430511476 0.17000001668930056 -0.26999998092651362 -0.030000001192092892 0.44333332777023321 -0.37666666507720942 0.44166666269302374 0.31666666269302374 -0.24333333969116208 0.44333332777023321 0.26999998092651373 0.29666668176651007 0.44833332300186163 -0.46999999880790705 -0.26333332061767573 0.074303150177001967 0.43000000715255743 -0.19666665792465207 0.005856037139892579 -0.076666668057441698 0.20333331823349002 -0.22999998927116391
decision_type=2 2 2 2 2 2 2 2 2 2 2 2 2 2 2 2 2 2 2 2 2 2 2 2 2 2 2 2 2 2
left_child=1 21 3 16 10 8 -6 -8 9 -4 -5 19 -10 14 29 17 -2 -13 20 -12 -3 -1 23 24 -23 28 -27 -28 -24 -9
right_child=2 18 5 4 6 -7 7 13 12 -11 11 15 -14 -15 -16 -17 -18 -19 -20 -21 -22 22 25 -25 -26 26 27 -29 -30 -31
leaf_value=0.0073007734144647542 0 -0.010078399066731684 0.0070949384439286224 -0.0019430769576115085 0.0051991106902102169 0.0063536602412355998 -0.011244386572259122 0 -0.011159753186435703 -0.0047378332883615641 -0.0011455213278698702 0.012730171826436688 0.0021375905381485756 0.0031209431623579835 0.0024933360009915554 0 0.01223948242199961 0 0.00012088801539638034 0.007410225754604787 0.0012165101595634439 0.0064251611100978687 -0.0099985072277499112 -0.0038530533721536837 -0.0046002557082953878 0.0028026247415135932 0.00021419608061717623 -0.0096412942770713536 0.0012378697407539477 -0.011335398417727155
leaf_weight=9.1314187867101264 5.011942348675805 31.654656843049452 11.762350339908155 15.866257640765978 17.430013993987814 11.150616329163311 17.571462299441919 4.0916247591376367 26.7482389647048 15.550770750967784 30.77776160929352 34.193564228946343 2.5247628940269342 25.4364503712859 7.9799298234283915 5.7565637624356887 23.235006389208138 2.6487223145086309 9.3283312139101309 10.764240026473997 2.373010561335831 43.456838625250384 18.710445816162977 7.4709215424954882 2.6969187459908417 41.929561707656831 28.359817079734057 21.136363485362381 2.9683052953332654 16.314461719244719
leaf_count=204 149 1992 488 1071 1063 699 992 107 1605 1585 2381 1925 162 1907 138 425 487 158 693 590 41 3056 1594 803 190 3026 1611 1347 196 399
internal_value=0.000214312 -0.00138551 0.00153481 0.00284966 0.00136966 -0.0022289 -0.00200645 -0.00435531 -0.00476657 0 0.00454792 0.00609712 -0.00913559 -0.000786124 -0.00494792 0.00961962 0.0100402 0.0114237 -0.00643204 0.00120098 -0.00860187 0 -0.000608186 0.00294938 0.00484644 -0.00256839 -0.000717894 -0.00413127 -0.00762195 -0.00870996
internal_weight=504.031 219.217 284.815 217.078 188.831 67.7367 88.8239 71.3939 56.5861 27.3131 100.007 84.1409 29.273 53.8225 28.386 42.5989 28.2469 36.8423 43.356 41.542 34.0277 175.861 166.729 53.6247 46.1538 113.104 91.4257 49.4962 21.6788 20.4061
internal_count=31084 14753 16331 11792 11156 4539 4606 3543 3840 2073 6550 5479 1767 2551 644 2508 636 2083 2726 2971 2033 12027 11823 4049 3246 7774 5984 2958 1790 506
is_linear=0
shrinkage=0.05


Tree=87
num_leaves=31
num_cat=0
split_feature=33 26 8 38 4 10 23 21 35 26 16 23 39 35 27 6 1 26 26 16 6 28 38 41 19 21 41 1 10 2
split_gain=0.601643 0.456241 0.565428 0.612441 0.662604 0.572416 0.495039 0.677215 0.720501 0.599807 0.788378 0.485098 0.479852 0.426431 0.448748 0.422882 0.38671 0.368863 0.500787 0.744727 1.11201 0.511404 0.361233 0.338859 0.328305 0.321934 0.406257 0.464604 0.588334 0.563208
threshold=-0.25666666030883784 -0.46999999880790705 -0.083333343267440782 -0.044083595275878899 0.30333334207534796 -0.29000000655651087 0.20999997854232791 0.20333331823349002 0.12333333492279054 -0.22333332896232602 -0.26999998092651362 0.096666663885116591 0.024213561788201336 -0.049999997019767754 -0.29666668176650995 -0.13666665554046628 0.27666664123535162 0.48333334922790533 0.13666665554046634 -0.37666666507720942 0.11000001430511476 0.21166664361953738 -0.022851467132568356 0.049228627234697349 -0.43000000715255732 0.27666664123535162 0.059835318475961692 0.083333313465118422 0.43666666746139532 0.25666666030883795
decision_type=2 2 2 2 2 2 2 2 2 2 2 2 2 2 2 2 2 2 2 2 2 2 2 2 2 2 2 2 2 2
left_child=-1 -2 3 5 -5 -3 11 8 15 -10 -11 13 16 14 23 -8 -13 18 24 20 -20 -21 -16 -4 -9 26 27 28 -15 -29
right_child=1 2 6 4 -6 -7 7 17 9 10 -12 12 -14 25 22 -17 -18 -19 19 21 -22 -23 -24 -25 -26 -27 -28 29 -30 -31
leaf_value=-0.0033519489967436464 -0.0076450014118746943 0.0058163573976054246 0.011596381817263378 0.0086172737004399421 -0.0031958783460195174 -0.0060362413370031367 0.0064779254264702288 0.0077109441060401454 -0.0012473011021544959 0.018859734766960182 0 -0.013126751044894625 0.0003666871485001251 -0.0084691004059508895 0.004564012585815993 -0.0064827656561148618 0 0.0072315181426917344 0.0030212507471893057 -0.0058568449028856802 -0.016231244760310799 0.0071400622831719442 -0.0047696038945698746 0 -0.00051830882552435838 0.004719072473476792 0.0033498259435272917 0.0057611050774110323 0.0030557595365873205 -0.0067005146830172099
leaf_weight=91.659451265237294 8.0586472342256439 10.395124902017416 13.691119306487964 63.553141826530918 7.6579565689899018 18.698039157316089 4.2722385602537534 11.609692960977553 3.0322327855974462 16.042546479031447 5.7370010875165454 15.652652147924529 10.718191893771289 52.280830744071864 12.934587911237033 8.9332713338080776 5.9180006149690589 8.7530577909201366 6.0951906358823207 6.0329662426374879 15.476967024616895 11.807145661208777 16.359986870316789 5.3289658124558619 22.022516683209687 8.3330930871888977 13.055567428469656 17.389895747415725 6.8557976975571355 8.2178771183826012
leaf_count=7418 601 444 516 3319 392 1148 290 179 251 365 686 988 615 3439 927 572 342 157 107 411 319 659 1524 224 2107 389 862 1016 373 468
internal_value=0.000128251 0.000993284 0.00133356 0.00448699 0.00687348 -0.00081849 0.000155431 0.00266124 0.00766199 0.0119281 0.0145356 -0.00135544 -0.00639701 0 0.00353562 -0.000274198 -0.010013 0 -0.00138053 -0.00507322 -0.0104111 0.00132839 0 0.00848385 0.00242891 -0.00185802 -0.00289966 -0.00429577 -0.00659079 0.000458259
internal_weight=506.574 414.914 406.856 100.304 71.2111 29.0932 306.551 119.815 38.0173 24.8118 21.7795 186.737 32.2888 154.448 48.3147 13.2055 21.5707 81.7975 73.0445 39.4123 21.5722 17.8401 29.2946 19.0201 33.6322 106.133 97.8 84.7444 59.1366 25.6078
internal_count=31108 23690 23089 5303 3711 1592 17786 6103 2164 1302 1051 11683 1945 9738 3191 862 1330 3939 3782 1496 426 1070 2451 740 2286 6547 6158 5296 3812 1484
is_linear=0
shrinkage=0.05


Tree=88
num_leaves=31
num_cat=0
split_feature=16 38 39 40 37 40 39 30 31 38 37 40 39 39 39 38 37 36 31 39 39 13 3 2 37 37 0 37 5 36
split_gain=0.390192 0.779419 1.0111 1.21434 0.862476 1.15553 0.784156 0.918344 0.638873 0.597798 1.11624 0.569621 0.620046 0.915323 1.32161 0.813764 0.624429 0.522868 0.495319 0.463955 0.954174 0.572684 0.561723 0.848701 0.509912 0.775011 1.07254 0.914634 1.46002 0.790839
threshold=-0.25666666030883784 0.074303150177001967 0.017564586363732818 0.47666665911674505 0.0075397491455078134 0.9533333182334901 0.012851589359343054 -0.061666667461395257 -0.22333332896232602 -0.085764408111572252 0.046335220336914069 0.97666668891906749 0.015892331488430503 0.017265589907765392 0.019321367144584659 -0.0050597190856933585 -0.047028064727783196 0.14999997615814212 0.056666672229766853 0.0129718822427094 0.013880040496587755 -0.26999998092651362 -0.22333332896232602 -0.40333333611488337 -0.070494174957275377 0.009663581848144533 -0.036666661500930779 0.04142808914184571 0.18999999761581424 0.12333333492279054
decision_type=2 2 2 2 2 2 2 2 2 2 2 2 2 2 2 2 2 2 2 2 2 2 2 2 2 2 2 2 2 2
left_child=19 4 3 -3 11 6 -6 9 -4 -8 -11 12 15 -14 18 -2 -16 -18 -15 21 -21 -1 23 -22 -24 26 -26 -27 -29 -28
right_child=1 2 8 -5 5 -7 7 -9 -10 10 -12 -13 13 14 16 -17 17 -19 -20 20 22 -23 24 -25 25 27 29 28 -30 -31
leaf_value=0.012350227111831272 0.010128257229095317 0.015197420195995889 6.7062774147837419e-06 -0.0067530150174722296 -0.0062006578843186357 -0.0094790388584751716 0 0 -0.014605666790717743 0.022599709421378209 0.00072328528659668361 0.006605430206323374 -0.016746756230573642 -0.0004902072400927676 -9.1227799136946489e-05 -0.0060857785332653139 -0.011937113596121394 0 0.015051936416809337 -0.0098902443344812616 -0.0040416406672111839 -0.0022132050425305995 -0.0062757162584432917 0.0092418783356391435 -0.0028767631007682085 -0.0081031746689792308 0.00081201282453696982 -0.0040534646122160865 0.012173163766450723 0.012868219879559429
leaf_weight=13.886883282335477 12.543519998900594 4.9916113687213493 5.5630918338429209 7.7417177080642432 3.7540089278481892 6.0515073477290562 8.352364228339864 20.784286758163944 23.536453806329519 16.470948495669294 11.773769556311889 9.3387903163675201 9.1613765850197506 3.1453472126740945 43.998118879972019 6.1717156441882244 29.880178997758783 10.869633082766084 7.0668545721564442 12.929944036528466 9.4019146054051799 3.9868660892825565 19.246107049984857 40.182442767778412 26.634048593463376 31.157004908658564 30.193738331552595 28.910213454626501 16.173547253012657 31.608871381031349
leaf_count=332 1160 712 618 980 471 665 543 2517 2862 1367 1079 760 1073 376 3287 773 2621 1221 500 362 247 156 695 1025 815 917 885 844 428 758
internal_value=0.000179852 -0.00120232 -0.00694242 0.0026288 4.80562e-05 0.00454822 0.00703216 0.00879735 -0.0115763 0.013002 0.0159351 -0.00215669 -0.00329348 -0.00488606 -0.00256691 0.00359046 -0.00497371 -0.00902235 0.0103131 0.00153232 0.000755426 0.00831476 0.00168228 0.00610898 0.000201957 0.00129949 0.0044418 -0.00209963 0.00202442 0.00793995
internal_weight=505.507 241.195 41.8329 12.7333 199.362 67.1869 61.1354 57.3814 29.0995 36.5971 28.2447 132.176 122.837 104.122 94.9601 18.7152 84.7479 40.7498 10.2122 264.312 246.438 17.8737 233.508 49.5844 183.924 164.677 88.4367 76.2408 45.0838 61.8026
internal_count=31049 23585 5172 1692 18413 6642 5977 5506 3480 2989 2446 11771 11011 9078 8005 1933 7129 3842 876 7464 6976 488 6614 1272 5342 4647 2458 2189 1272 1643
is_linear=0
shrinkage=0.05


Tree=89
num_leaves=31
num_cat=0
split_feature=35 4 39 6 8 30 37 37 27 38 19 14 37 10 33 38 39 39 8 25 40 6 38 10 10 37 5 25 9 33
split_gain=0.468424 1.09104 0.653837 0.707889 0.719196 0.636449 1.33504 0.656947 0.605614 0.479122 1.01731 0.687731 0.738708 1.19084 0.939376 0.769393 0.68787 0.607185 0.80451 0.514326 0.492897 0.444297 0.424705 0.441658 0.409738 0.578433 0.381442 0.374845 0.37122 0.432674
threshold=0.25000000000000006 0.35666668415069586 0.013578832149505617 0.38333332538604742 0.24333333969116214 0.3966666460037232 0.0075397491455078134 -0.032084941864013665 -0.31666666269302363 0.074303150177001967 -0.31000000238418574 -0.40333333611488337 0.009663581848144533 -0.15000000596046445 -0.0099999904632568342 -0.085764408111572252 0.015012674499303104 0.018264957703650001 0.030000001192092899 -0.10999999940395354 0.47666665911674505 -0.28333333134651179 0.032184123992919929 0.1566666662693024 -0.22999998927116391 -0.054805755615234368 0.31166666746139532 0.083333313465118422 0.29666668176651007 -0.21000000834465024
decision_type=2 2 2 2 2 2 2 2 2 2 2 2 2 2 2 2 2 2 2 2 2 2 2 2 2 2 2 2 2 2
left_child=1 5 -2 4 28 9 7 -7 -3 11 17 27 14 15 24 -14 -17 -11 21 -15 -12 -19 -5 -24 25 -13 -6 -1 29 -4
right_child=2 8 3 22 26 6 -8 -9 -10 10 20 12 13 19 -16 16 -18 18 -20 -21 -22 -23 23 -25 -26 -27 -28 -29 -30 -31
leaf_value=-0.0078745717485596469 -0.0064874957234003329 -0.016217131654591026 0 -0.0040038793243409995 -0.0041857406163811686 0 -0.001698628817709972 0.019534048950172928 -0.0013280714674701354 -0.0056832554382972664 -0.00041401401405203328 0 -0.00026404160118453956 0.0044101470494258754 0.0041906360270064953 0 0.018927757863638369 0 -0.0043959458678447475 -0.0058577586476505055 -0.014824091554187475 0.014990214738907957 -0.0034369684250591492 0.0093510378640040744 0 -0.01112409065977444 0.0051669307534054354 0.0012468921822849192 0 0.013102066658116633
leaf_weight=29.825129088480026 10.861734836595131 11.165519271977248 4.7255994509905568 33.005280983401462 16.179841022472832 5.6913268850185004 22.251355699263513 10.448214320931582 20.435189122799784 10.983357921009885 13.502498783869671 17.345807994250208 6.0946836227085468 18.370270651532337 52.403323775390163 4.8229460483416942 18.666202441323549 3.4769284063950208 5.8171290126629165 17.686495142988861 17.34222874219995 11.415072730509563 3.7180742081254712 10.563991586910559 40.953001290094107 25.016198266530409 15.163456588285042 8.0970469252206367 4.2128509909380218 36.707957244361751
leaf_count=891 700 346 425 2048 896 153 479 209 1631 353 1452 938 401 1352 3610 462 1423 110 169 1423 1927 322 366 821 3183 2219 605 217 234 1822
internal_value=0 -0.000919499 0.00245642 0.00369279 0.00651609 0 0.00557125 0.0144674 -0.00900205 -0.000832392 -0.00453181 0.000119748 0.00141736 0.00556474 -0.000562801 0.0120823 0.0155355 0.00115419 0.0061786 -0.000149163 -0.0102892 0.0115821 -0.000650861 0.00475739 -0.00391319 -0.00703285 0 -0.00545351 0.0101509 0.0114786
internal_weight=506.949 371.81 135.139 124.277 76.9897 340.209 38.3909 16.1395 31.6007 301.818 62.5372 239.281 201.359 65.6406 135.718 29.5838 23.4891 31.6925 20.7091 36.0568 30.8447 14.892 47.2873 14.2821 83.315 42.362 31.3433 37.9222 45.6464 41.4336
internal_count=31187 23270 7917 7217 3982 21293 841 362 1977 20452 4333 16119 15011 5061 9950 2286 1885 954 601 2775 3379 432 3235 1187 6340 3157 1501 1108 2481 2247
is_linear=0
shrinkage=0.05


Tree=90
num_leaves=31
num_cat=0
split_feature=27 38 41 39 39 28 36 37 38 37 21 41 14 41 24 35 5 8 33 39 27 8 39 39 28 34 24 20 9 41
split_gain=0.479484 0.77822 0.719724 0.618128 0.567687 0.396043 0.563478 1.56997 0.664496 0.590551 0.738631 0.556227 0.621751 0.447237 0.54471 0.434847 0.431606 0.580372 0.83363 0.532295 0.518019 0.382796 0.442704 0.374718 0.373857 0.36807 0.353991 0.414602 0.350167 0.384013
threshold=-0.41666667163372034 -0.037229537963867181 0.051111852750182159 0.023888173513114456 0.018965492025017742 1.0000000180025095e-35 0.1566666662693024 0.011377334594726564 -0.085764408111572252 0.04142808914184571 0.17000001668930056 0.033665614202618606 -0.19666665792465207 0.058628762140870101 -0.32333332300186152 -0.20333333313465116 -0.37666666507720942 -0.076666668057441698 -0.28333333134651179 0.026805683970451358 0.38999998569488531 0.17000001668930056 0.012851589359343054 0.018832436762750152 0.24833333492279056 0.11000001430511476 -0.37666666507720942 -0.36333334445953364 0.26999998092651373 0.030753826722502712
decision_type=2 2 2 2 2 2 2 2 2 2 2 2 2 2 2 2 2 2 2 2 2 2 2 2 2 2 2 2 2 2
left_child=1 4 3 -3 -1 16 9 11 -9 -7 -11 28 24 14 -10 -12 20 18 -18 26 -2 -16 -23 -17 -13 -6 -20 -28 -8 -30
right_child=5 2 -4 -5 25 6 7 8 13 10 15 12 -14 -15 21 23 17 -19 19 -21 -22 22 -24 -25 -26 -27 27 -29 29 -31
leaf_value=-0.010565348509876178 -0.005334249339993366 0.012224917921524832 -0.0015285557110159592 0 -0.0023040996512023524 -0.0058358354309906669 0.0049569813835050221 0.0039500927992987276 0.00019681968207851291 -0.0046139235190211523 -0.0022216999547830739 0 0 0.00070464919504329955 0 0 0 -0.0009183669517920421 0 0 0.0062392578334076612 0 -0.018950361554458898 0.013479260507701835 0.015573947818172324 0.0076824609329081001 0 0.015717973048352266 0 -0.013469287489951555
leaf_weight=8.2151362076401693 38.049735701642931 34.429817541968077 14.913144163554533 13.027139777783303 15.583190088160338 105.2376736162696 6.6374160649720606 5.2711967241484663 3.6696694279089632 20.797619983553886 3.2058191874530193 4.4938158332370248 13.659251095494254 3.6094591445289543 3.1649536588229266 3.6130327640566966 37.39790725428611 57.444298627902754 2.0500958566553917 8.7242957851849479 5.2503289012238374 1.7378080245107437 15.60794050642289 12.027668829774482 19.310606752056628 8.3686836655251664 2.9388129219878492 24.755957417888567 7.1056279730983061 2.4147869157604873
leaf_count=219 2947 875 417 316 442 6685 355 250 207 1372 214 171 1380 248 137 241 3297 5305 196 523 482 94 987 651 430 222 223 1656 341 102
internal_value=2.86437e-05 0.00317093 0.00633797 0.00917176 -0.00234577 -0.00067417 -0.00204795 0.000882273 -0.00666642 -0.00393217 0.000676374 0.00615832 0.00916398 -0.00976387 -0.0119843 0.00722494 0.000998272 0.00249136 0.00525657 0.00988609 -0.00283526 -0.014658 -0.0168813 0.0103956 0.0132143 0.00119048 0.0126023 0.0139551 -0.000276722 -0.00604204
internal_weight=502.713 94.5371 62.3701 47.457 32.167 408.176 231.564 86.6825 33.061 144.882 39.6441 53.6215 37.4637 27.7898 24.1804 18.8465 176.611 133.311 75.8671 38.4692 43.3001 20.5107 17.3457 15.6407 23.8044 23.9519 29.7449 27.6948 16.1578 9.52041
internal_count=30985 2491 1608 1191 883 28494 13865 4702 1923 9163 2478 2779 1981 1673 1425 1106 14629 11200 5895 2598 3429 1218 1081 892 601 664 2075 1879 798 443
is_linear=0
shrinkage=0.05


Tree=91
num_leaves=31
num_cat=0
split_feature=0 39 5 32 19 21 22 4 24 21 25 1 7 3 37 10 9 24 39 0 41 1 22 24 25 3 34 21 16 37
split_gain=0.549648 0.984473 0.663092 0.586009 0.576588 0.628502 0.482421 0.494774 0.556539 0.692186 0.68988 0.515336 0.473212 0.537607 0.455339 0.509976 0.47498 0.399448 0.386012 0.350099 0.381937 0.326071 0.35299 0.322356 0.315541 0.294816 0.288686 0.284188 0.36267 0.45504
threshold=0.34333333373069769 0.025618453510105613 0.27666664123535162 0.35000002384185797 0.41000002622604376 0.46999999880790716 0.40333333611488348 -0.33666665852069849 -0.33666665852069849 1.0000000180025095e-35 0.18333333730697635 0.068333327770233168 0.45666664838790899 0.14999997615814212 -0.065113067626953111 0.17000001668930056 -0.0099999904632568342 0.32333332300186163 0.016775812022387985 -0.21666666865348813 0.03895267844200135 -0.18999999761581418 -0.32999998331069941 0.25666666030883795 0.12166666984558107 0.38999998569488531 0.46333330869674688 0.30333334207534796 -0.45666666328907007 0.009663581848144533
decision_type=2 2 2 2 2 2 2 2 2 2 2 2 2 2 2 2 2 2 2 2 2 2 2 2 2 2 2 2 2 2
left_child=2 12 6 23 5 14 7 8 21 10 26 27 13 -2 -4 16 -16 24 -15 20 -13 22 -1 -3 -18 -7 -10 28 -9 -30
right_child=1 3 4 -5 -6 25 -8 11 9 -11 -12 19 -14 18 15 -17 17 -19 -20 -21 -22 -23 -24 -25 -26 -27 -28 -29 29 -31
leaf_value=0 0 0.012052743581711859 -0.00069142213439550115 -0.0042683810206633676 -0.0044744719658307078 -0.010518699341634484 0.0076080185376290205 -0.012031454270026068 0.013851130265416107 -0.0034518432334557053 -0.00088767725820206923 0.0010578619940028015 0.0026505056710746837 -0.00036135082668698371 0.007581115841829549 0.012566124186709028 -0.0039642400405457178 -0.010569971394434219 -0.013858861959063166 0.0019842025190373439 -0.01097714280687666 0.0022473732104240115 -0.012619153442626561 0 0.0075446213787841781 0.0014887774841959626 0 0.00027607190226990459 -0.0056288134684261311 0
leaf_weight=4.0331571097485712 18.92870261601638 11.501397030428054 8.778538784477858 5.7325158908497533 8.804379496490581 2.9085393717978141 10.938315894221885 11.871149458922444 23.342071340186525 8.8102481914684159 8.4552380687091482 5.4509067079052311 5.1035167984664431 11.293953696265815 13.613634085748343 34.612205351004377 4.0657812771387416 4.2477040293160817 28.824276984669268 90.005165237234905 6.2967973402701318 5.7918251603841773 5.9755234050098798 2.6848155881743869 5.6816847743466496 2.6965968245640397 3.2485807035118333 25.683237572899088 70.79328599665314 54.117914074333385
leaf_count=365 1051 533 421 381 944 87 441 213 1280 520 610 405 417 744 805 1523 239 352 1626 5427 425 487 531 187 263 120 204 1446 5264 3777
internal_value=-0.000220978 -0.00380042 0.000479884 0.00432689 0.00428541 0.00584672 -0.000475884 -0.000958105 0.00280867 0.00573603 0.0088218 -0.00194459 -0.00683457 -0.00820758 0.00732116 0.00877947 0.00189254 -0.00300509 -0.0111425 0.000627579 -0.00551453 -0.00351222 -0.00799996 0.00927496 0.0014752 -0.00480468 0.0122713 -0.00366892 -0.00456522 -0.00314578
internal_weight=504.292 84.0692 420.222 19.9187 85.4091 76.6047 334.813 323.875 59.6566 43.8561 35.0459 264.218 64.1505 59.0469 70.9995 62.221 27.6088 13.9952 40.1182 101.753 11.7477 15.8005 10.0087 14.1862 9.74747 5.60514 26.5907 162.466 136.782 124.911
internal_count=31088 4939 26149 1101 4754 3810 21395 20954 3997 2614 2094 16957 3838 3421 3603 3182 1659 854 2370 6257 830 1383 896 720 502 207 1484 10700 9254 9041
is_linear=0
shrinkage=0.05


Tree=92
num_leaves=31
num_cat=0
split_feature=2 30 24 24 23 3 37 7 24 27 33 10 38 12 3 32 7 37 37 12 37 30 5 4 30 3 1 41 38 37
split_gain=0.527091 0.756025 0.681283 0.635401 0.690363 0.617275 0.592592 0.58988 0.561476 0.429424 0.406159 0.601162 0.839722 1.27861 0.866237 0.923066 0.690938 0.685714 0.638435 0.576199 0.566034 0.527791 0.529256 0.512464 0.499162 0.562224 0.528011 0.469638 0.425041 0.413495
threshold=-0.16333332657814023 0.35666668415069586 -0.30166667699813837 -0.10999999940395354 -0.3899999856948852 -0.26999998092651362 1.0000000180025095e-35 0.34333333373069769 -0.33666665852069849 0.030000001192092899 -0.3899999856948852 -0.069999992847442613 0.043743610382080085 -0.3899999856948852 0.32333332300186163 -0.10333332419395445 0.17000001668930056 0.009663581848144533 0.034357547760009773 -0.17000000178813932 -0.070494174957275377 0.44833332300186163 0.4499999880790711 0.40333333611488348 0.17666667699813846 -0.12333333492279051 0.37666666507720953 0.046484507620334632 0.12839555740356448 -0.016572475433349606
decision_type=2 2 2 2 2 2 2 2 2 2 2 2 2 2 2 2 2 2 2 2 2 2 2 2 2 2 2 2 2 2
left_child=1 3 -3 4 -1 6 9 -4 -6 -2 -7 19 14 17 15 -13 -16 -14 -19 -12 27 -22 -23 29 -17 -26 -27 -18 -15 -21
right_child=5 2 7 -5 8 10 -8 -9 -10 -11 11 12 13 28 16 24 20 18 -20 23 21 22 -24 -25 25 26 -28 -29 -30 -31
leaf_value=-0.0033298184935834684 0.015331470522909455 -0.0027700913166597242 0.014929920382514981 -0.0024494304814581961 0 -0.0082924492185498262 -0.00082105460919360278 0 0.011195117595932244 0 -0.0019063156388051871 0.00053217484202975262 0.017475315892401283 -0.0061400908917147862 -0.0083878270512969862 -0.0012193060273901532 0.0029929452989819636 -0.0078186894766094136 0.0077946284286145168 0 0 0.016021860632684983 0 -0.0041436397408451458 0 -0.016070005842963791 0 -0.011600095827270155 0.0024393667610092796 0.010103854048451108
leaf_weight=13.221662020077927 8.9956260302569735 5.2745345728471866 20.809320572530854 72.08593497495167 13.183397701475764 16.618956553516909 12.642579038161783 8.2990082758478803 26.312717100605372 4.2827550200745454 40.757198761915788 21.917460108874366 9.2899818420410174 30.542929888237268 9.1654747037682665 20.116993536241353 4.1976131261326355 5.2860612233635029 8.9221649805549514 17.970501846401021 14.609528411179783 11.430442242417483 3.3584825694560996 5.3091397148091337 7.4183144478593013 39.376489334274083 5.7890746784396461 3.9034476957749575 14.501083793817086 31.307421859353781
leaf_count=1149 379 234 456 5090 1325 1474 899 410 1710 394 2321 1435 198 2111 570 1370 153 114 197 1409 993 249 233 423 285 1592 226 199 967 2580
internal_value=9.61617e-05 0.00246989 0.00845151 0.000318775 0.00439327 -0.000943351 0.00554736 0.0113229 0.00762631 0.011276 -0.00163443 -0.00103861 -0.00256614 0.00162191 -0.00475098 -0.0073825 0.000343218 0.0100097 0.000151944 0.00202928 0.00391455 0.00719356 0.0123119 0.00527819 -0.0099449 -0.0123895 -0.0142558 -0.00420962 -0.00292624 0.00708513
internal_weight=506.896 159.187 34.3829 124.804 52.7178 347.71 25.921 29.1083 39.4961 13.2784 321.789 305.17 209.826 68.5422 141.283 94.6183 46.665 23.4982 14.2082 95.3443 37.4995 29.3985 14.7889 54.5871 72.7009 52.5839 45.1656 8.10106 45.044 49.2779
internal_count=31145 10374 1100 9274 4184 20771 1672 866 3035 773 19099 17625 10892 3587 7305 4908 2397 509 311 6733 1827 1475 482 4412 3473 2103 1818 352 3078 3989
is_linear=0
shrinkage=0.05


Tree=93
num_leaves=31
num_cat=0
split_feature=17 27 38 39 39 25 26 0 7 27 38 17 21 10 38 5 31 38 37 41 41 32 40 40 16 29 32 32 25 2
split_gain=0.43671 0.734062 0.657155 0.88711 0.650018 0.632886 0.572374 0.478202 0.358039 0.352222 0.663367 0.719286 0.482686 0.664218 0.479816 0.690035 0.65607 0.69864 1.32084 0.775224 0.828303 0.600558 0.497319 0.600707 0.44967 0.413993 0.409504 0.407387 0.405397 0.515433
threshold=-0.45666666328907007 -0.33666665852069849 -0.028223037719726559 0.023725459352135662 0.022081154398620132 -0.12999999523162839 -0.22333332896232602 0.46999999880790716 0.44333332777023321 -0.4433333277702331 -0.060033798217773431 -0.21000000834465024 -0.36333334445953364 0.36333334445953375 0.18432664871215823 -0.0083333253860473615 0.35666668415069586 -0.022851467132568356 -0.016572475433349606 0.044630834832787521 0.055189093574881561 -0.236666664481163 0.13666667044162753 0.80333334207534801 -0.096666663885116563 0.35666668415069586 0.17000001668930056 -0.056666672229766839 -0.19666665792465207 0.42333334684371954
decision_type=2 2 2 2 2 2 2 2 2 2 2 2 2 2 2 2 2 2 2 2 2 2 2 2 2 2 2 2 2 2
left_child=1 2 4 5 -1 -4 -3 9 -9 10 27 25 13 -11 16 -16 22 18 19 -18 -21 -19 -14 26 -17 -12 -24 -2 -28 -30
right_child=7 6 3 -5 -6 -7 -8 8 -10 12 11 -13 14 -15 15 24 17 21 -20 20 -22 -23 23 -25 -26 -27 28 -29 29 -31
leaf_value=-0.015519435445432253 0.0026301560351965621 -0.00014990947997223464 -5.3411803486152948e-08 -0.006829197180913577 0.00037907363779876547 0.014331429601894138 0.012962879103402249 -0.012305490114439266 0.00018435235439317259 -0.0081500953081599294 0.0050783189317789336 0.013041384975394012 0.0016084932043027825 0.0036926811451270716 -0.0022915858158584971 0.017693149997351009 -0.0096439120044181509 -0.010003591648004986 0.016045481508786319 0.012545779435352546 -0.004453154475526481 0.002889753480505262 -0.0023474408548048681 0.00067936046899945294 0 -0.0063962693088457801 0 -0.010054614035099775 -0.013244160506084885 0.00016035924980133795
leaf_weight=5.8018997134640795 4.3313862020149827 6.8384014894254532 7.7677012383937862 6.6787641593255094 7.4137526024132967 11.697293397039177 19.230298108421266 8.5307358866557461 3.192594103049486 36.881779546616599 11.723657276947053 16.496304938569665 69.543307450599968 9.043074985733254 5.3752513180952528 6.5268905791454008 8.0972210748586821 8.5945806661620754 16.911542966030538 9.6099435035139305 6.1405534017831078 14.531538833049124 85.72124483413063 59.796990946400911 1.8673259003553511 8.1253597130998951 5.8274496998637906 6.6356791350990516 28.585197386797518 4.3620412880554786
leaf_count=114 127 205 128 110 136 162 396 693 308 2992 299 506 5310 773 443 213 399 687 607 239 163 1218 6797 4649 244 156 434 208 1991 350
internal_value=2.54484e-05 0.00369742 -0.000243236 0.00364117 -0.00796611 0.00897808 0.00935905 -0.000511186 -0.00858265 -0.000113904 0.00362329 0.00692024 -0.000696966 -0.00517943 0 0.00756698 -0.000456818 0.00374588 0.00745199 0 0.00536885 -0.00211725 -0.00167284 -0.00305411 0.0139405 0 -0.0049877 -0.00441289 -0.00916957 -0.0110763
internal_weight=501.88 65.4281 39.3594 26.1438 13.2157 19.465 26.0687 436.452 11.7233 424.728 47.3124 36.3453 377.416 45.9249 331.491 13.7695 317.722 63.8854 40.7593 23.8477 15.7505 23.1261 253.836 184.293 8.39422 19.849 124.496 10.9671 38.7747 32.9472
internal_count=31057 1251 650 400 250 290 601 29806 1001 28805 1296 961 27509 3765 23744 900 22844 3313 1408 801 402 1905 19531 14221 457 455 9572 335 2775 2341
is_linear=0
shrinkage=0.05


Tree=94
num_leaves=31
num_cat=0
split_feature=30 32 27 10 36 9 39 21 32 39 30 2 2 30 39 14 36 10 35 16 14 31 38 2 11 31 31 38 21 21
split_gain=0.627881 0.864751 0.624473 0.807689 0.578244 0.423842 0.909081 0.916658 0.69058 0.564248 0.552017 0.513155 0.632551 0.641412 0.428317 0.407686 0.361146 0.381035 0.335942 0.537851 0.388672 0.512426 0.474925 0.457041 0.412681 0.32792 0.678011 0.699047 0.659319 0.371729
threshold=0.46166664361953741 0.12333333492279054 -0.26999998092651362 0.37666666507720953 0.35000002384185797 -0.036666661500930779 0.029205097816884521 -0.24333333969116208 -0.31000000238418574 0.04782813414931298 0.13666665554046634 0.14999997615814212 0.36333334445953375 -0.17000000178813932 0.028816987760365013 0.27666664123535162 -0.10333332419395445 -0.10999999940395354 0.35666668415069586 -0.4433333277702331 -0.4433333277702331 -0.25666666030883784 0.074303150177001967 -0.31000000238418574 -0.31666666269302363 -0.24999999999999997 0.31000000238418585 0.03821611404418946 -0.33666665852069849 -0.30333334207534784
decision_type=2 2 2 2 2 2 2 2 2 2 2 2 2 2 2 2 2 2 2 2 2 2 2 2 2 2 2 2 2 2
left_child=5 -2 3 -3 -4 6 11 -8 10 -9 -7 25 -13 15 18 -14 -16 -18 20 -20 22 -22 24 -23 -10 29 -27 28 -28 -1
right_child=1 2 4 -5 -6 8 7 9 14 -11 -12 12 13 -15 16 -17 17 -19 19 -21 21 23 -24 -25 -26 26 27 -29 -30 -31
leaf_value=-0.0016496654762972384 0.015262720890167551 0.0036762757366212103 -0.0021908318290796663 -0.010348624416929426 0.012655740220817863 -0.00091717296122054918 -0.0032822460287515441 0.014125106717688664 -0.0136025633708458 -0.00099658573998107438 0.010726153951209356 -0.007757647105979217 -0.010941079406678031 0.010133234291770675 0.00045230201011443199 0.0023397891686582095 0.0010961786923011734 -0.011625353441391224 0.011327917323958782 -0.0007755108851762206 0.0031450436948054794 0.0043592938831859057 0.00064136787586524806 -0.004829329685595532 0 -0.0033563986350403662 -0.0026414602618271589 -0.0055527947259708952 0.011201480656772435 0.0085921692447662856
leaf_weight=5.5298846880905357 9.3799868961796147 13.341085387161 4.3698316174559322 13.691102762240915 10.363973923493175 13.86330348160118 8.2026408975943905 24.060227017616857 16.980483171064414 3.120972709497436 11.922523384448139 37.075813222210854 4.4641181298065948 7.8808055541012427 4.5114891284611067 4.2955864334944636 1.8594979417976016 26.132115514017642 5.7890172693878439 25.790212886407971 36.666852617636323 8.5611098106019181 7.1298362016677848 74.924288447247818 5.4983275327831498 60.200519005884416 5.6037737382575896 5.9186568490695199 25.056114573730156 19.878146430710331
leaf_count=319 136 204 215 280 375 1503 447 1345 355 174 726 2493 380 417 305 237 136 1588 105 2641 1831 674 123 5530 127 5718 238 494 1030 943
internal_value=2.71284e-05 0.00501256 0.000559121 -0.00325963 0.00768695 -0.000542035 0.000999433 0.00770585 -0.00199418 0.0117691 0.00468831 -0.000421836 -0.00433564 0.00221984 -0.00301965 -0.00443093 -0.00805591 -0.0100005 -0.00175442 0.00223239 -0.0028092 -0.0011347 -0.00756612 -0.00337858 -0.0106339 0.00122614 0 0.00472167 0.00797121 0.00567781
internal_weight=502.062 51.146 41.766 27.0322 14.7338 450.916 211.287 35.3838 239.629 27.1812 25.7858 175.903 53.7163 16.6405 213.843 8.7597 32.5031 27.9916 181.34 31.5792 149.761 120.152 29.6086 83.4854 22.4788 122.187 96.7791 36.5785 30.6599 25.408
internal_count=31089 1210 1074 484 590 29879 14235 1966 15644 1519 2229 12269 3527 1034 13415 617 2029 1724 11386 2746 8640 8035 605 6204 482 8742 7480 1762 1268 1262
is_linear=0
shrinkage=0.05


Tree=95
num_leaves=31
num_cat=0
split_feature=23 7 33 31 23 33 16 25 39 40 17 17 10 10 32 26 8 27 32 37 39 39 37 27 40 40 4 12 22 39
split_gain=0.480478 0.419893 0.403855 0.591298 0.694707 0.639888 0.517423 0.562465 0.776338 0.706989 0.634624 0.641563 0.688186 0.550382 0.509898 0.507579 0.479789 0.771664 0.661073 0.449619 0.57194 0.61636 0.495019 0.429725 0.397548 0.490665 0.392508 0.365561 0.353773 0.352036
threshold=-0.37666666507720942 -0.41666667163372034 -0.26999998092651362 0.41666668653488165 -0.28333333134651179 0.30333334207534796 -0.25666666030883784 -0.090000003576278673 0.026041304692626003 0.68333333730697643 -0.14333333075046537 -0.3899999856948852 -0.090000003576278673 0.32999998331069952 -0.28333333134651179 0.48333334922790533 0.25666666030883795 -0.2766666561365127 0.17000001668930056 0.009663581848144533 0.021614183671772483 0.016749243251979355 -0.065113067626953111 1.0000000180025095e-35 0.34000000357627874 0.79000002145767223 0.40333333611488348 -0.31666666269302363 0.12166666984558107 0.016325673088431362
decision_type=2 2 2 2 2 2 2 2 2 2 2 2 2 2 2 2 2 2 2 2 2 2 2 2 2 2 2 2 2 2
left_child=1 -1 19 6 -5 26 7 8 9 13 11 16 -13 14 -4 -14 27 18 -18 22 21 -21 -2 -16 -12 -26 -6 -9 -8 -24
right_child=2 -3 3 4 5 -7 28 10 -10 -11 24 12 15 -15 23 -17 17 -19 -20 20 -22 -23 29 -25 25 -27 -28 -29 -30 -31
leaf_value=0.0027078263244663218 0.0009453631235087558 -0.0063592879728104623 0.0013565577417208709 -0.0052873234483938828 0.014638304151985452 -0.00020798208055736243 0 0.010111896070176095 0.0073610183894317217 0.0029138605639588231 0.013324449036896311 0.0052687195349100727 -0.0090992001895640381 0.00080158530017361953 -0.013969307544152208 0.0028266951534228731 0.0032069085051059641 0.0088281901798522838 -0.011060086233282787 -0.0017208408457501292 -0.0038886546695630977 0.013104071435423598 0 0 -0.0032992367067584821 0.0077480277570733088 0 0 -0.0052411795354115357 -0.011359913120955073
leaf_weight=8.8539209449663741 11.600962131284176 44.994887767359614 3.6231195856817022 3.7525281284470102 21.910034116241153 8.2670195945538563 65.001131522003561 27.096499392064288 12.378266618121414 17.584096970036626 18.253848573192954 10.372270798543466 29.025951884686947 9.9870281929615867 26.669302826281644 5.0466541256755582 6.7997572938911679 8.3618491510860604 13.05479393340647 6.0356510251294813 16.952627061167732 9.3252270529046637 7.3918865809682783 4.8270899374037972 12.053941379766913 13.49268790357746 2.9089716724120072 5.7848029849119476 47.779844802105799 23.23140204581432
leaf_count=643 660 3054 117 181 744 601 7709 544 379 520 650 327 985 214 788 97 115 168 228 636 1289 759 697 234 441 435 149 178 5537 1980
internal_value=-7.85857e-05 -0.00432873 0.000427031 0.0011501 0.00672267 0.00932697 0.000361556 0.00179878 -0.00143032 -0.00402147 0.00357541 0.00103799 -0.00299776 -0.00723895 -0.00991677 -0.00655018 0.00435189 0 -0.00559669 -0.00270628 0.00106638 0.00726147 -0.00588531 -0.0118899 0.00832592 0.0021069 0.0127363 0.00797073 -0.00223417 -0.00888653
internal_weight=502.418 53.8488 448.569 374.031 36.8386 33.086 337.193 224.412 75.0689 62.6906 149.343 105.543 44.4449 45.1065 35.1195 34.0726 61.0977 28.2164 19.8546 74.5378 32.3135 15.3609 42.2243 31.4964 43.8005 25.5466 24.819 32.8813 112.781 30.6233
internal_count=31059 3697 27362 21341 1675 1494 19666 6420 2252 1873 4168 2642 1409 1353 1139 1082 1233 511 343 6021 2684 1395 3337 1022 1526 876 893 722 13246 2677
is_linear=0
shrinkage=0.05


Tree=96
num_leaves=31
num_cat=0
split_feature=9 16 9 3 23 19 19 22 11 2 18 4 12 5 25 12 37 25 28 24 22 5 36 36 14 34 24 37 10 7
split_gain=0.717457 0.505574 0.497671 0.964718 0.649291 0.553754 0.535419 0.471905 0.463134 0.670654 0.461254 0.658375 0.736966 0.574005 0.442235 0.361981 0.346645 0.350463 0.420195 0.346386 0.323996 0.311962 0.31021 0.503953 0.366953 0.305758 0.300358 0.288133 0.281583 0.281472
threshold=0.43666666746139532 0.056666672229766853 0.3966666460037232 -0.22333332896232602 -0.36333334445953364 -0.40333333611488337 0.096666663885116591 -0.12499999999999999 -0.13666665554046628 0.2833333313465119 -0.023333340883255001 0.26333332061767584 0.23666667938232425 -0.04333332180976867 0.14999997615814212 0.043333351612091071 -0.042948246002197259 0.12166666984558107 0.42333334684371954 -0.10999999940395354 0.18333333730697635 -0.37666666507720942 0.096666663885116591 -0.096666663885116563 0.40333333611488348 0.16333335638046267 -0.22999998927116391 -0.07900762557983397 0.34333333373069769 -0.3899999856948852
decision_type=2 2 2 2 2 2 2 2 2 2 2 2 2 2 2 2 2 2 2 2 2 2 2 2 2 2 2 2 2 2
left_child=2 -2 4 -4 22 7 -5 14 9 20 13 12 15 -10 19 -12 -9 -18 -19 -6 -7 -14 23 24 -1 -24 -23 -15 -29 -27
right_child=1 -3 3 6 5 8 -8 16 10 -11 11 -13 21 27 -16 -17 17 18 -20 -21 -22 26 25 -25 -26 29 -28 28 -30 -31
leaf_value=-0.0083316039610414373 0.0098536143161659737 -0.00062390810300093271 0.0042619170726459158 -0.016806807640979231 0.0014544830598213288 -0.0021996322972941901 0 -0.00022162852867098383 -0.0004090457389010891 0.0045418482839016594 0.0020585221276944428 -0.0055376143055661659 0 -0.00036951005894594847 0.0059721613566336117 -0.0052976588047324259 0.0090207540912671663 -0.0054966528313548473 0.0071219277838466396 -0.0083726660398537912 -0.0098110743809248571 0 0 0.0060468785749403344 0.0033303827730814953 0 0.010566659178059554 0.010956727252611743 0 -0.012987721036926851
leaf_weight=15.759625258389866 24.01992894266732 10.857625100994481 6.9520109263248768 11.324484747368844 6.5344756254926386 63.241925322450697 4.7843240762595078 12.099305786192415 25.774331453954801 15.374066951451821 20.463878160808235 41.393743358319625 8.4388443771749717 2.6223584963008753 7.1907802661880842 30.146483152057044 47.5027876207605 8.7111199712380749 5.947865303605794 15.469319129828362 22.816151679260656 6.2343303295783725 5.755764476722109 9.761959395837037 2.3369573140516868 1.9118020846508503 24.416974753839895 28.251872170018036 2.0001727316994211 16.085039203520861
leaf_count=1175 827 1235 413 335 167 4448 515 327 2296 911 1852 3603 547 193 121 2579 1038 172 80 401 1543 437 379 563 114 157 1608 1817 92 1149
internal_value=0 0.00636748 -0.000535443 -0.00688741 -6.4885e-05 0.000594122 -0.0126807 0.00365543 -0.00046129 -0.00314567 0.000898436 -0.000615966 0.00159877 0.0044132 -0.00093045 -0.00197871 0.00570456 0.00714279 0 -0.00487521 -0.00499711 0.00643196 -0.00507484 -0.000242676 -0.00533384 -0.00871018 0.00849556 0.00831666 0.00969576 -0.0112213
internal_weight=504.18 34.8776 469.303 23.0608 446.242 394.631 16.1088 103.456 291.175 101.432 189.743 131.094 89.7005 58.6487 29.1946 50.6104 74.2611 62.1618 14.659 22.0038 86.0581 39.0901 51.6111 27.8585 18.0966 23.7526 30.6513 32.8744 30.252 17.9968
internal_count=31094 2062 29032 1263 27769 24232 850 2306 21926 6902 15024 10626 7023 4398 689 4431 1617 1290 252 568 5991 2592 3537 1852 1289 1685 2045 2102 1909 1306
is_linear=0
shrinkage=0.05


Tree=97
num_leaves=31
num_cat=0
split_feature=12 4 27 31 14 21 7 38 30 37 23 21 28 33 38 27 31 37 3 31 32 40 11 5 11 40 30 24 21 6
split_gain=0.463986 0.693823 0.507644 0.616631 0.524052 0.518826 0.492054 0.583747 0.706506 0.667036 0.497373 0.800583 0.624065 0.871461 0.48494 0.462474 0.505872 0.585443 0.440665 0.396026 0.383502 0.36762 0.430818 0.361096 0.359938 0.352529 0.357907 0.342464 0.328583 0.298075
threshold=0.43000000715255743 -0.33666665852069849 -0.22999998927116391 0.43000000715255743 0.096666663885116591 -0.049999997019767754 -0.16333332657814023 0.13470363616943362 0.3966666460037232 0.011377334594726564 0.20999997854232791 0.46333330869674688 0.32999998331069952 0.30333334207534796 -0.15066432952880857 0.25666666030883795 -0.0099999904632568342 -0.059377193450927727 0.3966666460037232 0.48333334922790533 -0.32333332300186152 0.48333333432674414 -0.26333332061767573 0.056666672229766853 -0.33666665852069849 0.050000000745058067 -1.0000000180025095e-35 -0.069999992847442613 0.18999999761581424 0.3249999880790711
decision_type=2 2 2 2 2 2 2 2 2 2 2 2 2 2 2 2 2 2 2 2 2 2 2 2 2 2 2 2 2 2
left_child=1 2 4 -4 5 -1 7 8 9 19 12 14 21 28 -12 16 17 -16 23 -3 -11 22 -8 -13 -23 -19 -27 -28 29 -14
right_child=-2 6 3 -5 -6 -7 10 -9 -10 20 11 18 13 -15 15 -17 -18 25 -20 -21 -22 24 -24 -25 -26 26 27 -29 -30 -31
leaf_value=0.017440106751563999 -0.0056705083358312147 -0.0069284151310313249 -0.0020628779913723946 0.0099531923747708997 0 0 -0.0012194660574432567 -0.011557711349636001 0.010001678790356572 -0.0036646434632333583 -0.0029489229278250439 0 -0.0070531275221654187 -0.013528758073541883 -0.0012618770649740665 -0.0011104125373500348 0 0 0.0016421397900225584 0.0036684553618470776 0.0052244222130077029 0.0036213912052534079 0.005830710834211484 -0.012993128773946811 -0.0041429356029742386 0 0.0014356026087245033 0.01528592071411515 0.0062453272553252628 0.0029728767966765552
leaf_weight=13.640830844873564 21.789492154144682 55.325766807422042 32.230697673745453 8.2285823116544616 8.8278451999649388 4.2472285008989301 24.058297070208937 10.363498561084269 6.5327767073176792 10.49649630859494 8.6432759179733676 3.0939754087012288 12.447886114707222 13.851864072494207 5.8501885985024265 10.910734199918805 21.999305607983842 5.1907591135241082 10.097040592692791 3.200484038097783 28.014645490795374 13.360561167821286 50.758688479894772 8.2019722850527597 41.585910457186401 4.4223852674476722 11.068035774165756 39.824108859291314 8.4147964187432063 3.8084756108000866
leaf_count=400 2276 4049 3045 320 436 124 1281 670 127 891 545 114 484 491 225 1128 1760 155 494 76 1805 572 3776 264 3343 293 394 1086 230 171
internal_value=0.000502833 0.000902128 0.00539302 0.000812637 0.0101443 0.0139922 4.22097e-05 -0.00260695 -0.000899304 -0.00241549 0.00117029 0.00345547 -0.000500593 -0.00571619 0.00528399 0.00636557 0.00756562 0.00959794 -0.00399231 -0.00567426 0.00207258 0.00104782 0.00333208 -0.00929668 -0.00167414 0.011043 0.0121097 0.0131823 0 -0.00341277
internal_weight=500.487 478.697 67.1752 40.4593 26.7159 17.8881 411.522 113.934 103.57 97.0374 297.588 129.302 168.286 38.523 107.909 99.2655 88.3548 66.3555 21.393 58.5263 38.5111 129.763 74.817 11.2959 54.9465 60.5053 55.3145 50.8921 24.6712 16.2564
internal_count=31025 28749 4325 3365 960 524 24424 7618 6948 6821 16806 6458 10348 1376 5586 5041 3913 2153 872 4125 2696 8972 5057 378 3915 1928 1773 1480 885 655
is_linear=0
shrinkage=0.05


Tree=98
num_leaves=31
num_cat=0
split_feature=17 9 41 11 41 39 30 41 36 35 39 6 19 39 29 12 28 12 0 0 38 36 9 21 29 41 21 35 6 38
split_gain=0.398527 0.488375 0.689957 0.48621 0.562682 0.552303 0.649078 0.506254 0.499162 0.526788 0.625917 0.665033 0.785345 0.497882 0.612888 0.432534 0.603647 0.43169 0.782198 0.408164 0.388768 0.363528 0.353955 0.332688 0.33187 0.47286 0.329331 0.320207 0.415085 0.406825
threshold=0.38999998569488531 0.43000000715255743 0.044856913387775428 -0.10333332419395445 0.03895267844200135 0.012851589359343054 -0.030000001192092892 0.032738061621785171 0.41000002622604376 0.18333333730697635 0.014356491621583702 0.3966666460037232 -0.40333333611488337 0.028816987760365013 0.30333334207534796 -0.48333333432674402 0.29666668176651007 -0.17000000178813932 -0.22499999403953549 -0.36333334445953364 0.032184123992919929 -0.0099999904632568342 0.1566666662693024 0.40333333611488348 -0.023333340883255001 0.061374438926577575 0.32999998331069952 0.32333332300186163 -0.31666666269302363 0.070146560668945326
decision_type=2 2 2 2 2 2 2 2 2 2 2 2 2 2 2 2 2 2 2 2 2 2 2 2 2 2 2 2 2 2
left_child=1 3 -3 5 7 6 -1 26 9 15 -11 12 -12 14 -9 -7 22 -6 19 -19 -20 -14 -17 -2 -18 -26 27 28 -5 -30
right_child=23 2 -4 4 17 8 -8 13 -10 10 11 -13 21 -15 -16 16 24 18 20 -21 -22 -23 -24 -25 25 -27 -28 -29 29 -31
leaf_value=-0.0047133335516415763 -0.0065367747914376459 0.010101874102944977 -0.0026307467905003312 -0.00095901385660971002 -0.0021283523829741685 0.0041390913145862322 0.011263695389688909 -0.011320763735680014 -0.011766047819724146 -0.0091140976670241337 0.010528896478581766 -0.006057916257326143 0.0056999738950971914 0.0028577081569842412 0.0022133326714559357 -0.0033823370562826834 0 0.0037256812545744741 0.010406400335734527 -0.0061204340562424041 0.00065231349283904254 -0.0046787814888987062 0.0027158338258518786 0.0022205848685335518 -0.013493606974125012 0 -0.0048937220550865366 -0.002616309557316461 0.011775325632132072 0
leaf_weight=3.3358318377286205 34.725097009213641 22.041746074566621 9.7280972993466985 7.8512530275620547 15.890921737533061 9.9387873155064863 10.861495626391839 24.046485433354977 8.4976047468371672 4.54783517634496 30.495525815524157 7.3344357868190846 6.9165511745959511 6.8239405336789778 5.3709594432730219 86.024530114606023 3.212862455751746 13.184060608036818 46.268541837576777 14.908205504529176 20.917928226292133 16.405442212941132 22.635475522372872 6.3839400555007151 24.967560018645603 3.9578157968353471 5.8969870829023412 5.8597697808872899 19.055104036582637 4.6741086598485699
leaf_count=272 2962 941 562 646 901 152 390 2223 418 160 560 301 429 501 312 5488 164 1009 3060 1215 1939 1062 1172 560 739 118 475 458 1506 440
internal_value=-0.000121776 0.00027105 0.00574261 -0.000149447 0.00164069 -0.00168458 0.00598692 -0.00129235 -0.00242001 -0.00163321 0.00175926 0.00368228 0.00590214 -0.00540547 -0.00818753 -0.00328208 -0.004124 0.00391229 0.00523301 -0.000923775 0.00801359 -0.000211656 -0.00181832 -0.00453652 -0.00975155 -0.0112958 0.00187965 0.00405056 0.00617305 0.00909105
internal_weight=502.759 461.65 31.7698 429.88 190.748 239.132 14.1973 79.5786 224.934 216.437 65.6998 61.152 53.8175 36.2414 29.4174 150.737 140.798 111.17 95.2787 28.0923 67.1865 23.322 108.66 41.109 32.1382 28.9254 43.3372 37.4402 31.5805 23.7292
internal_count=31135 27613 1503 26110 14685 11425 662 6561 10763 10345 2512 2352 2051 3036 2535 7833 7681 8124 7223 2224 4999 1491 6660 3522 1021 857 3525 3050 2592 1946
is_linear=0
shrinkage=0.05


Tree=99
num_leaves=31
num_cat=0
split_feature=12 5 24 19 6 4 38 15 11 11 27 40 23 27 2 28 2 31 8 40 22 37 23 25 0 37 41 37 2 6
split_gain=0.415248 0.32968 0.995789 0.611817 0.950554 0.49042 0.508096 0.574629 0.499513 0.459535 0.588985 0.434543 0.586993 0.573885 0.376376 0.438853 0.409092 0.579157 0.375047 0.762208 0.71396 0.447038 0.444742 0.493314 0.37344 0.414806 0.367292 0.338896 0.3461 0.327425
threshold=0.43000000715255743 0.30333334207534796 0.33666664361953741 -0.12999999523162839 0.3966666460037232 0.30333334207534796 -0.033853530883789056 -0.48333333432674402 0.41666668653488165 0.056666672229766853 -0.29666668176650995 0.29666666686534887 0.29000002145767217 -0.22333332896232602 -0.2766666561365127 -0.37666666507720942 0.16333335638046267 -0.0099999904632568342 -0.083333343267440782 0.7033333182334901 0.31000000238418585 0.016409873962402347 0.18333333730697635 0.30333334207534796 -0.37666666507720942 -0.019720077514648434 0.053183959797024734 0.0067873001098632821 0.31666666269302374 0.35666668415069586
decision_type=2 2 2 2 2 2 2 2 2 2 2 2 2 2 2 2 2 2 2 2 2 2 2 2 2 2 2 2 2 2
left_child=1 5 3 4 -3 8 -7 -8 11 -4 -11 14 18 -14 15 -1 17 -16 21 20 22 -13 23 -20 -21 -26 -23 28 -18 -9
right_child=-2 2 9 -5 -6 6 7 29 -10 10 -12 12 13 -15 16 -17 27 -19 19 24 -22 26 -24 -25 25 -27 -28 -29 -30 -31
leaf_value=0.00038089876380085282 -0.0060184842117931431 0.01368343780735775 -0.0088570853994242599 0 -0.001954490058037973 0.00054081974097506245 0.0028288388394802646 -0.013620741167698049 0.0097582927107294631 0.0097016617043575847 -0.004189677342463065 -0.00084295030133740975 0.011788870783945728 0 0.0053770703036344564 -0.010353623391229104 -0.0042896435792787726 -0.0026288734899379881 0.010548181681254173 0.0011737339776514172 -0.0081796555037211803 0.008750566785838956 -0.0034856401457383345 -0.0023050718367596916 0 -0.010357711025005807 0 -0.0093938281219821795 0.0048418591370164472 0
leaf_weight=7.9166851609479663 21.679845160921104 29.831232999684289 14.126455132849513 25.463987128343433 7.9265645269770166 15.169748858083038 2.7962051751092067 19.333887340966619 7.2914933119900516 6.5225674025714389 11.842622343217956 39.446705766720697 17.65491724153981 13.737873344798571 40.068087170133367 19.165900942403823 19.356556455604736 34.726786935701966 25.198385366471488 6.5609629573300472 5.2066855404991648 26.838665869552642 3.7127284985035649 3.5594874881207934 7.3634783560410133 31.523682021768764 13.91287725814618 13.779156719101591 11.007589829619972 1.6078220182098437
leaf_count=610 2270 681 547 2051 171 813 40 1229 471 233 1144 2633 491 1054 2300 1457 1088 2876 1359 323 275 1677 225 349 466 2136 851 685 506 109
internal_value=-1.87273e-05 0.000270201 0.00283266 0.0064235 0.0100114 -0.000333606 -0.00527855 -0.00919689 0.000228686 -0.00341702 0.000892046 -6.84695e-05 0.00138551 0.00703913 -0.00214994 -0.00696008 -0.000572911 0.00143135 0 -0.00218785 0.002439 0.0024348 0.00580173 0.00811474 -0.00634662 -0.00815968 0.00584332 -0.00423235 -3.91109e-05 -0.0120029
internal_weight=504.33 482.65 95.7134 63.2218 37.7578 386.936 38.9077 23.7379 348.029 32.4916 18.3652 340.737 194.716 31.3928 146.021 27.0826 118.938 74.7949 163.324 83.1254 37.6773 80.1982 32.4706 28.7579 45.4481 38.8872 40.7515 44.1433 30.3641 20.9417
internal_count=31120 28850 4827 2903 852 24023 2191 1378 21832 1924 1377 21361 11839 1545 9522 2067 7455 5176 10294 5133 2208 5161 1933 1708 2925 2602 2528 2279 1594 1338
is_linear=0
shrinkage=0.05


Tree=100
num_leaves=31
num_cat=0
split_feature=31 40 38 35 1 12 8 0 3 37 9 28 24 13 25 1 2 10 0 29 41 41 29 17 35 29 2 7 10 1
split_gain=0.417801 0.772703 0.594485 0.479685 0.446134 0.35337 0.383022 0.387298 0.792181 0.630029 0.580303 0.566282 0.579711 0.477973 0.454735 0.398769 0.553518 0.483168 0.515432 0.418194 0.369435 0.388821 0.618796 0.449106 0.37969 0.365276 0.350028 0.343431 0.407567 0.32438
threshold=0.45666664838790899 0.13000000268220904 0.0089869499206542986 -0.41666667163372034 -0.36333334445953364 0.37000000476837164 0.46333330869674688 0.34333333373069769 0.37666666507720953 0.0067873001098632821 0.083333313465118422 0.44166666269302374 0.2833333313465119 -0.12999999523162839 0.096666663885116591 0.043333351612091071 0.043333351612091071 0.25666666030883795 -0.049999997019767754 0.19666665792465213 0.04609807766973973 0.034909231588244445 0.17666667699813846 -0.31666666269302363 -0.28333333134651179 0.47500002384185797 -0.10999999940395354 -0.069999992847442613 -0.056666672229766839 0.16333335638046267
decision_type=2 2 2 2 2 2 2 2 2 2 2 2 2 2 2 2 2 2 2 2 2 2 2 2 2 2 2 2 2 2
left_child=5 4 3 -3 -2 6 7 11 9 13 -11 15 -13 -9 -14 16 17 19 -19 27 21 22 29 -23 -25 -10 -21 28 -1 -17
right_child=1 2 -4 -5 -6 -7 -8 8 25 10 -12 12 14 -15 -16 20 -18 18 -20 26 -22 23 -24 24 -26 -27 -28 -29 -30 -31
leaf_value=-0.0046569852910599736 0.0039046707716191443 0 -0.00065201207223120885 0.015331619639040617 -0.0098709522337795189 -0.0050128296331613314 0.007371102731960082 0.008983666217962049 -0.014085413331833774 0.00085413681749199524 -0.012269299011063639 0.012747648661426015 -0.0092433234580312235 -0.0021506841694485662 0.0052619096605087904 0.002739053253246874 -0.0066298875030747096 0.0077594158342320606 -0.0026165076479175401 -0.0091780147686258608 0.0048473829247623577 0.0018730722365250349 0.007969660694492663 0.00054658777537445547 -0.010107707678387586 0 0 0.0039426340703566489 0.0026788627739170214 -0.0066394337234709638
leaf_weight=45.665573343634605 3.0546900406479836 4.9302720264531699 7.2967206253670147 16.61924617714249 6.9483830542303604 31.381861700559966 11.181262093363328 17.278168301563714 13.357065812218936 10.564917451934891 9.0416861592093465 11.86505178967491 3.678307776572181 8.1979589259717596 5.2595291021279991 8.4709880833979714 37.337240632856265 26.99887374881655 10.506068138172848 21.529794573318217 53.711896659340709 13.801644087303428 21.965789816575125 5.4226993715856251 19.458560157800093 4.3385568202938876 8.8728617124725115 30.50608311581891 20.411219886969775 13.132814392214639
leaf_count=3750 128 127 531 411 255 3516 543 557 882 640 495 240 107 709 143 713 2416 1345 533 1023 3256 506 839 439 1431 147 420 2614 1373 1067
internal_value=4.63204e-05 0.00469751 0.00869928 0.0122255 -0.00421527 -0.000344967 6.29616e-07 -0.00023719 -0.00371021 0 -0.00567831 0.000353305 0.00736952 0.00487951 -0.000348987 -0.000127144 -0.00158615 -0.000101623 0.00431822 -0.00173094 0.00183804 -3.97797e-05 0.0027332 -0.00367018 -0.00732108 -0.0111146 -0.00629805 0 -0.00200971 -0.00226035
internal_weight=502.786 38.8493 28.8462 21.5495 10.0031 463.936 432.555 421.373 62.7784 45.0827 19.6066 358.595 20.8029 25.4761 8.93784 337.792 201.828 164.49 37.5049 126.986 135.964 82.2525 43.5696 38.6829 24.8813 17.6956 30.4027 96.5829 66.0768 21.6038
internal_count=31156 1452 1069 538 383 29704 26188 25645 3430 2401 1135 22215 490 1266 250 21725 13474 11058 1878 9180 8251 4995 2619 2376 1870 1029 1443 7737 5123 1780
is_linear=0
shrinkage=0.05


Tree=101
num_leaves=31
num_cat=0
split_feature=30 31 35 2 38 28 38 7 24 7 2 8 33 37 36 39 31 38 19 13 40 31 29 38 30 11 39 40 1 39
split_gain=0.326853 0.635198 0.774323 0.523551 0.751001 0.685808 0.414968 0.326316 0.62162 0.477027 0.534279 0.445944 1.04101 0.519034 0.41938 0.411758 0.3793 0.388331 0.375802 0.774623 0.567897 0.496091 0.44386 0.371902 0.356572 0.498444 0.354257 0.312615 0.369865 0.300978
threshold=0.43666666746139532 -0.22999998927116391 -0.24999999999999997 -0.32333332300186152 0.065794467926025405 0.42333334684371954 -0.063846588134765611 -0.18999999761581418 0.12333333492279054 -0.33666665852069849 0.13666665554046634 -0.056666672229766839 -0.030000001192092892 0.0081372261047363299 -0.14333333075046537 0.020951161161065105 -0.33666665852069849 1.0000000180025095e-35 -0.37666666507720942 -0.41666667163372034 0.47666665911674505 -0.31666666269302363 0.030000001192092899 0.091155052185058608 0.17666667699813846 0.22333335876464847 0.037840809673070915 0.50999999046325695 0.1566666662693024 0.01376076275482774
decision_type=2 2 2 2 2 2 2 2 2 2 2 2 2 2 2 2 2 2 2 2 2 2 2 2 2 2 2 2 2 2
left_child=7 2 -2 -4 5 6 -5 8 9 10 15 12 13 14 26 -1 -15 -18 19 21 22 27 -20 -17 25 -11 -9 28 -13 -19
right_child=1 -3 3 4 -6 -7 -8 11 -10 24 -12 18 -14 16 -16 23 17 29 20 -21 -22 -23 -24 -25 -26 -27 -28 -29 -30 -31
leaf_value=0 0.011233928338765475 0.011122477059211107 0.0060750381885098905 0 0.0051188767682559637 -0.0010204046555657988 -0.019051785006464324 -0.0081906727141319493 -0.0074069532920698873 -0.0084142395003376138 -0.0045024356199649318 -0.0088221213440920175 0.012679195284807676 -0.0043482645553565525 0.0023894657754675551 0.011925088140015347 -0.00014682349684596251 -0.00024319664006448359 0.0058168154853303171 0.0082232158725904173 -0.0060081122004755462 -0.0091219813906228651 -0.001966136589873109 -0.00023903422786962364 0.0025989946286355753 0.0028133878003573278 0.0026526369666243104 0.0070613133141542135 0.002798828516414999 0.010714357112486928
leaf_weight=16.975820928346366 7.4728201315738252 11.898224767763166 8.5249129645526391 4.3601063094101837 9.1375921112485212 27.234284368343651 8.3448172155767661 27.861423871247098 40.472112075425684 31.415390911046416 9.7551644004415703 5.7633359092287737 15.719284072052686 3.3386521576903752 13.194439358310776 18.33477906440385 9.8681831399444473 2.2455408081878003 19.793992424150929 22.974768465384841 59.309076490462758 10.905673604458569 55.345223593059927 2.9991207609418771 8.7260896218940598 6.1636947281658641 2.580692038871347 8.8180744433775526 7.1207498479634523 22.609157925704494
leaf_count=1363 116 679 170 114 196 588 206 2146 2815 2374 706 144 533 172 1029 1161 655 187 1901 707 5228 323 4339 247 382 399 154 193 154 1686
internal_value=-6.84894e-05 0.00274763 5.49529e-05 -0.00192521 -0.00427923 -0.00736133 -0.0149298 -0.000671468 -0.00265904 -5.26938e-05 0.00299712 0.000211015 0.00293227 3.26663e-05 -0.00319768 0.0058221 0.00423468 0.00619292 -0.00110353 0.00197512 -0.00258429 -0.00237343 5.45458e-05 0.00962334 -0.00367703 -0.00586522 -0.00630003 0.00135658 -0.002227 0.00905935
internal_weight=499.263 76.9728 65.0745 57.6017 49.0768 39.9392 12.7049 422.29 134.842 94.3701 48.0649 287.448 97.4174 81.6981 43.6366 38.3097 38.0615 34.7229 190.031 55.5826 134.448 32.6078 75.1392 21.3339 46.3052 37.5791 30.4421 21.7022 12.8841 24.8547
internal_count=31067 2069 1390 1274 1104 908 320 28998 9447 6632 3477 19551 6562 6029 3329 2771 2700 2528 12989 1521 11468 814 6240 1408 3155 2773 2300 491 298 1873
is_linear=0
shrinkage=0.05


Tree=102
num_leaves=31
num_cat=0
split_feature=4 5 10 3 0 30 33 31 41 31 29 21 31 36 1 1 22 38 40 22 35 41 29 38 16 29 27 38 22 31
split_gain=0.369918 0.44058 0.473098 0.586245 0.401572 0.465744 0.389695 0.685084 0.646646 0.62891 0.797592 0.503156 0.558693 0.676063 0.440704 0.347584 0.561724 0.309211 0.303889 0.524096 0.337564 0.529028 0.570796 0.479838 0.393836 0.387231 0.356476 0.309565 0.365392 0.303454
threshold=0.44333332777023321 0.38333332538604742 -0.023333340883255001 0.20999997854232791 -0.4433333277702331 -0.36333334445953364 0.30333334207534796 -0.4433333277702331 0.031331896781921394 0.42333334684371954 -0.37666666507720942 0.21666666865348819 -0.40333333611488337 0.33666664361953741 -0.26333332061767573 0.17000001668930056 -0.36333334445953364 0.014789581298828127 0.79000002145767223 0.2833333313465119 -0.2766666561365127 0.039246277883648879 0.1566666662693024 0.10707092285156251 -0.4433333277702331 0.41666668653488165 -0.12333333492279051 -0.065736293792724595 0.43000000715255743 0.18333333730697635
decision_type=2 2 2 2 2 2 2 2 2 2 2 2 2 2 2 2 2 2 2 2 2 2 2 2 2 2 2 2 2 2
left_child=1 4 -3 -4 5 -1 7 8 -6 18 -11 15 13 -13 -12 16 -8 -16 19 20 26 22 -22 29 -25 -24 -9 -21 -29 -23
right_child=-2 2 3 -5 6 -7 11 9 -10 10 14 12 -14 -15 17 -17 -18 -19 -20 27 21 23 25 24 -26 -27 -28 28 -30 -31
leaf_value=0.0018232991539305591 -0.0055418794892970434 -0.0031204046125766043 0 0.011928739669540113 -0.0025010087434717814 -0.010956428026847924 0.0057128367054679928 0.0077864125841448605 0.012458932074089425 -0.0022336460336369506 0 0 0 -0.020172796634777695 0.015451051173172418 0.0054998105002964197 -0.0066164654179258642 0 0.0019654008926089828 0 -0.0019740499528148182 -0.007659407262132949 0.0083472016732689027 -0.0062748729818537831 0.0066010986486610265 -0.0030179170679124354 -0.00032678746831183927 -0.01090510150035964 0 0
leaf_weight=4.723033903399485 22.430403394857422 6.10221789847128 10.459304722491654 19.864499832037836 4.4679370049852905 11.649511100724338 6.2304792278446284 17.907718761125579 16.862614523852244 13.501976760802789 5.8721432890743044 4.4552728445269185 10.5482411601115 6.3745239013805985 16.081688287202272 13.723033122951163 23.182217721361667 4.1047398139489806 75.774212955497205 9.464725489029659 38.452890782151371 49.899856307543814 27.24931376287714 1.644539164379238 12.350563434185458 2.6597496015019706 18.000738329719752 23.630410271463919 7.484572692308574 14.688986699562518
leaf_count=319 1860 471 777 958 113 817 357 863 457 505 228 92 625 172 380 801 1441 290 5355 622 3414 3089 1206 33 837 52 1944 1482 432 1207
internal_value=0 0.000326799 0.00520603 0.00780852 -8.47738e-05 -0.0066521 0.000199556 0.000905923 0.00854953 0.00021172 0.00573826 -0.00313026 -0.00843693 -0.0140992 0.0102936 0 -0.00277337 0.013107 -0.000535516 -0.00152185 -0.000167861 -0.00137312 0.00152836 -0.00412212 0.00240886 0.00630494 0.00365826 -0.00627874 -0.00838615 -0.00597589
internal_weight=499.842 477.412 36.426 30.3238 440.986 16.3725 424.613 360.099 21.3306 338.769 39.5605 64.5138 21.378 10.8298 26.0586 43.1357 29.4127 20.1864 299.208 223.434 182.854 146.946 68.362 78.5839 13.9951 29.9091 35.9085 40.5797 31.115 64.5888
internal_count=31199 29339 2206 1735 27133 1136 25997 22509 570 21939 1403 3488 889 264 898 2599 1798 670 20536 15181 12645 9838 4672 5166 870 1258 2807 2536 1914 4296
is_linear=0
shrinkage=0.05


Tree=103
num_leaves=31
num_cat=0
split_feature=23 4 10 15 39 39 22 23 17 16 38 0 39 8 21 39 12 1 11 24 27 41 34 40 3 7 27 0 6 3
split_gain=0.493707 0.779897 0.56225 0.547785 0.737502 0.555793 0.479517 0.484386 0.574974 0.44852 0.627991 0.701817 0.60142 0.445181 0.585574 0.457436 0.443931 0.406673 0.516662 0.423659 0.446314 0.386357 0.334231 0.307109 0.290346 0.283376 0.275897 0.273383 0.272863 0.310125
threshold=0.20333331823349002 0.068333327770233168 0.21666666865348819 -0.40333333611488337 0.018832436762750152 0.024349682964384559 0.18333333730697635 -0.37666666507720942 0.25000000000000006 -0.25666666030883784 -0.022851467132568356 -0.063333332538604722 0.020035291090607647 0.16333335638046267 0.37000000476837164 0.022081154398620132 0.20999997854232791 -0.20333333313465116 -0.22999998927116391 0.12333333492279054 0.16333335638046267 0.044267937541008003 -0.43000000715255732 0.93666666746139537 -0.26999998092651362 -0.069999992847442613 -0.4433333277702331 0.21666666865348819 0.056666672229766853 0.20333331823349002
decision_type=2 2 2 2 2 2 2 2 2 2 2 2 2 2 2 2 2 2 2 2 2 2 2 2 2 2 2 2 2 2
left_child=1 2 6 4 -3 21 7 25 -9 10 13 12 -12 15 26 -2 -5 19 -19 20 23 -6 -13 -4 -8 -1 -15 -17 -11 -30
right_child=9 3 17 16 5 -7 24 8 -10 28 11 22 -14 14 -16 27 -18 18 -20 -21 -22 -23 -24 -25 -26 -27 -28 -29 29 -31
leaf_value=-0.0085120475861962461 -0.013644387345188273 -0.018658967622808758 -0.010426659279080139 0.00049566091908150717 0.0092396749422261545 -0.0097215434535549289 0 0 0.0089428121373622826 0.0015260887110936676 0.0047287299398132455 0 -0.0095649993603870859 0 -0.0037835222648015957 -0.0047109275276758719 -0.0066736235611222355 0.012216483556447597 0 0.0064168194563726903 0.0044556548614493657 -0.0030946596890431433 0.01058368728834596 0.0010132117724778512 -0.0088321339197258916 0 0.011494655661253945 0.0069930111859345685 0.0021798526946002149 -0.0064644588700744215
leaf_weight=16.722453115740795 5.3910042215138656 10.132054450688885 14.005976374726748 47.620817577699199 7.030429321574049 6.6357857109978786 11.07043467229232 93.02637191885151 15.388059197925029 30.183215163997374 9.8871710198000091 6.0808994043618432 6.7886892780661574 3.7886035107076159 11.587769965408368 3.8480774275958538 26.045793918892741 16.566197887994349 16.251711422111839 8.021193884778766 3.1880917118396601 4.0339120756834745 44.036147106671706 1.8046112256124605 23.110170409781858 9.3712308291578648 9.6718613819684851 3.5067372927442193 6.1847427159082136 28.167784689227119
leaf_count=1169 187 254 861 3244 150 189 660 6510 1018 2768 247 187 185 81 310 145 2414 566 1269 443 341 135 1047 95 1668 770 257 106 704 3136
internal_value=-0.000416668 -0.00157301 0 -0.00508643 -0.010626 -0.00141324 -0.00140762 0 0.00154483 0.00167363 0.00368205 0.00645853 -0.000978912 -0.000866509 0.00233147 -0.00721954 -0.00203704 0.00401155 0.00731335 0 -0.00439018 0.00377075 0.00921881 -0.00805516 -0.00620076 -0.00540595 0.00842384 0 -0.00126314 -0.0041959
internal_weight=499.148 330.025 228.527 101.499 27.8322 17.7001 168.689 134.508 108.414 169.123 104.587 66.7929 16.6759 37.7941 25.0482 12.7458 73.6666 59.8378 32.8179 27.0199 18.9987 11.0643 50.117 15.8106 34.1806 26.0937 13.4605 7.35481 64.5357 34.3525
internal_count=31116 21756 15370 6386 728 474 11795 9467 7528 9360 2752 1666 432 1086 648 438 5658 3575 1835 1740 1297 285 1234 956 2328 1939 338 251 6608 3840
is_linear=0
shrinkage=0.05


Tree=104
num_leaves=31
num_cat=0
split_feature=30 32 4 25 37 27 17 0 0 27 29 38 26 12 12 15 39 7 22 16 3 29 24 14 35 39 40 24 4 41
split_gain=0.301587 0.671934 0.650452 0.588493 0.408022 0.400917 0.319092 0.290094 0.28696 0.357916 0.22015 0.640095 0.515289 0.409212 0.531675 0.388492 0.429134 0.49029 0.335779 0.333358 0.471806 0.551807 0.393545 0.618149 0.510213 0.534034 0.451921 0.428552 0.495646 0.409734
threshold=0.46166664361953741 0.11000001430511476 0.2716666460037232 -0.11666667461395262 -0.065113067626953111 -0.37666666507720942 0.37666666507720953 0.46333330869674688 0.41666668653488165 -0.18333333730697629 -0.29666668176650995 -0.047050476074218743 -0.13666665554046628 -0.030000001192092892 0.41666668653488165 0.20333331823349002 0.025618453510105613 0.23000001907348636 0.26333332061767584 -0.26333332061767573 -0.15000000596046445 0.056666672229766853 1.0000000180025095e-35 -0.43000000715255732 0.1566666662693024 0.01447949279099703 0.14999999850988391 0.096666663885116591 1.0000000180025095e-35 0.049973106011748321
decision_type=2 2 2 2 2 2 2 2 2 2 2 2 2 2 2 2 2 2 2 2 2 2 2 2 2 2 2 2 2 2
left_child=7 -2 5 -4 -5 -3 -6 8 10 -10 11 13 -13 -1 18 -14 17 -17 -15 22 -21 -22 23 26 27 -26 -12 -24 -29 -27
right_child=1 2 3 4 6 -7 -8 -9 9 -11 19 12 15 14 -16 16 -18 -19 -20 20 21 -23 24 -25 25 29 -28 28 -30 -31
leaf_value=-0.0011851254459132176 0.012793798423394656 -0.011416679041837442 -0.0057672177504598165 -0.0013526259676346216 0.013256819442391338 0.00036180249412674212 0 -0.0065897090866953185 0.009872367544842062 -7.6334219188872786e-05 0.00089926491379397656 0.0041484333361434273 0.00066690944026714081 0.013993302725218313 -0.0021532112948960814 -0.015789407878293405 0 7.3710410467279954e-05 0 -0.0060868821177167921 0.0026369393459957512 -0.004518611516916256 0.0049361010910403715 0.00085432215690337215 -0.0033455133788512499 0.010517562491164194 -0.010395064044597441 0.0019529980261681059 -0.006875185585919469 0
leaf_weight=5.3676356188952949 8.8821109626442176 8.5755333672277612 3.2688568457961074 3.1651617605239144 15.002169214887553 6.287199697457253 3.3575242396909735 11.053624472231602 10.27165418257937 9.8727615141542611 6.2172223734669414 15.733202244620768 9.2946051687467861 19.37315352214501 2.8580490648746482 11.152328156866135 4.8633257516194126 2.5560778370127073 2.7337364696431896 53.872894226573408 57.549160821014084 40.034902715706266 18.088199933990836 53.028918780386448 6.1750950999557963 31.629262746544555 21.520657542627305 19.471770811360329 28.51029014470987 12.059864934533833
leaf_count=438 129 134 88 100 327 142 270 1007 379 904 146 1692 817 936 170 1020 312 283 160 5447 5583 4750 525 2045 165 864 490 595 916 342
internal_value=0.000185391 0.00372335 0 0.00485898 0.00828639 -0.00656475 0.0108983 -0.000182717 7.71598e-06 0.00514175 -0.00024754 0.00203967 -0.00141297 0.00710431 0.00957825 -0.00546978 -0.00897134 -0.0124411 0.0121203 -0.000830151 -0.00257136 -0.000149044 0.000423642 -0.00201301 0.00234171 0.005892 -0.00741281 -0.000258311 -0.0030106 0.00794709
internal_weight=501.827 48.5386 39.6564 24.7937 21.5249 14.8627 18.3597 453.288 442.235 20.1444 422.09 73.9321 43.5995 30.3326 24.9649 27.8663 18.5717 13.7084 22.1069 348.158 151.457 97.5841 196.701 80.7668 115.934 49.8642 27.7379 66.0703 47.9821 43.6891
internal_count=31176 1190 1061 785 697 276 597 29986 28979 1283 27696 5828 4124 1704 1266 2432 1615 1303 1096 21868 15780 10333 6088 2681 3407 1371 636 2036 1511 1206
is_linear=0
shrinkage=0.05


Tree=105
num_leaves=31
num_cat=0
split_feature=27 24 40 4 28 9 9 6 39 17 39 24 38 39 38 3 0 6 1 38 37 9 3 37 33 23 12 8 39 2
split_gain=0.487347 0.531613 0.745126 0.550685 0.532151 0.622468 0.511103 0.482478 0.532804 1.07744 0.959741 0.457117 0.66058 0.84683 0.456586 0.417603 0.408863 0.428477 0.424358 0.565294 0.38718 0.737772 0.363135 0.362001 0.467339 0.38686 0.384992 0.349858 0.347043 0.34386
threshold=-0.1766666769981384 -0.016666665673255917 0.050000000745058067 -0.29666668176650995 0.44833332300186163 0.16333335638046267 -0.069999992847442613 -0.43000000715255732 0.014356491621583702 -0.15000000596046445 0.0129718822427094 0.16333335638046267 0.014789581298828127 0.017190226353704933 0.12017393112182619 0.096666663885116591 -0.31666666269302363 0.3966666460037232 -0.41666667163372034 -0.040044307708740227 0.0067873001098632821 -0.10333332419395445 0.069999992847442641 -0.00084209442138671864 -0.0099999904632568342 -0.26999998092651362 -0.22999998927116391 -0.083333343267440782 0.022550749592483047 -0.24999999999999997
decision_type=2 2 2 2 2 2 2 2 2 2 2 2 2 2 2 2 2 2 2 2 2 2 2 2 2 2 2 2 2 2
left_child=1 3 15 14 5 6 29 -4 9 10 -9 23 13 -13 -1 -3 18 20 -10 -20 -18 -22 -7 24 -2 -26 27 -25 -14 -5
right_child=11 2 7 4 -6 22 -8 8 16 -11 -12 12 28 -15 -16 -17 17 -19 19 -21 21 -23 -24 26 25 -27 -28 -29 -30 -31
leaf_value=0.0075736488885940791 -0.0011466653870525303 0.001659216643323215 -0.0062028640695584213 0.0023504841268281833 0.0057028159396115483 -0.0016266995058891673 0.0042661318267409433 0.0021659173964574158 0.0072542899214590659 0.0081901156359358591 -0.017514350430703839 0.0017630828623319762 -0.0032795772650520555 -0.012045575564537106 -0.0046044306639023624 -0.011056407219095846 0.011302673339110322 -0.00039518777007522865 0.0034566618400171411 -0.010472737139042685 0.010695589950353468 -0.00073350502515391765 -0.015272745606931135 0 -0.0013009428075985744 0.0081819998245059918 0 -0.010100942771500195 0.0055116119934894205 -0.007926792764293018
leaf_weight=19.250666457461197 41.148603693814948 4.1711163823492816 3.8440322170499703 3.989263828611004 6.1424089008942238 15.141445049084725 19.602981611853465 5.8127319291234034 6.0513801514171091 8.7477013608440739 7.3629680881276727 9.4920665360987169 21.117289594258182 33.348191601457074 3.6740737608633927 8.2692811586894077 50.548985497560352 10.070619345875455 5.970600654836745 9.471627192338925 14.925064569571985 30.89739867975004 12.971601629396899 15.134837542893363 7.3960183698218307 29.868972526164725 46.080647023860365 17.465995738049969 12.95934154675342 19.885043076006696
leaf_count=809 3587 205 147 144 103 684 844 163 196 380 181 923 2181 3033 149 248 1663 387 206 335 525 1045 600 912 666 2270 5449 1074 1101 913
internal_value=-0.000197881 0.00119507 0.00294343 -0.0014596 -0.00361117 -0.00511171 -0.000454351 0.00405492 0.0047071 -0.00134915 -0.00956723 -0.00188034 -0.00489761 -0.00863341 0.00420734 -0.00628462 0.00594552 0.0071552 0 -0.00446092 0.00816533 0.00331404 -0.0102348 -0.000123911 0.00203745 0.00580267 -0.00256488 -0.00627425 0 -0.0052455
internal_weight=500.813 266.801 166.144 100.657 77.7327 71.5903 43.4773 153.703 149.859 21.9234 13.1757 234.012 76.9169 42.8403 22.9247 12.4404 127.936 106.442 21.4936 15.4422 96.3714 45.8225 28.113 157.095 78.4136 37.265 78.6815 32.6008 34.0766 23.8743
internal_count=31123 9927 5681 4246 3288 3185 1901 5228 5081 724 344 21196 7238 3956 958 453 4357 3620 737 541 3233 1570 1284 13958 6523 2936 7435 1986 3282 1057
is_linear=0
shrinkage=0.05


Tree=106
num_leaves=31
num_cat=0
split_feature=31 16 17 17 25 31 41 29 30 41 39 39 39 37 25 8 29 39 39 39 41 9 1 37 40 37 39 30 41 40
split_gain=0.45886 0.727286 0.622399 0.56829 0.909321 0.491742 0.484759 0.71447 1.49923 0.663354 0.550146 0.754755 0.543362 0.540449 0.462143 0.502883 0.634829 0.453778 0.410328 0.723821 0.396867 0.473993 0.379387 0.361818 0.964845 0.885184 0.817881 0.610997 0.548803 1.13213
threshold=0.45666664838790899 -0.25666666030883784 0.29666668176651007 -0.10999999940395354 -0.25666666030883784 -0.016666665673255917 0.03895267844200135 0.30333334207534796 0.40333333611488348 0.033665614202618606 0.017265589907765392 0.018264957703650001 0.014356491621583702 -0.053274631500244134 -0.030000001192092892 -0.090000003576278673 0.25000000000000006 0.022249293513596061 0.016246220096945766 0.024153697304427627 0.035586263984441764 0.11000001430511476 -0.036666661500930779 0.0067873001098632821 0.92333334684371959 0.027335166931152347 0.015180344693362715 0.17666667699813846 0.053742660209536559 0.79666668176651012
decision_type=2 2 2 2 2 2 2 2 2 2 2 2 2 2 2 2 2 2 2 2 2 2 2 2 2 2 2 2 2 2
left_child=1 3 20 6 -5 -6 9 14 -9 10 12 -12 -1 -13 15 -8 -17 -4 -11 -20 -2 -22 -10 -3 25 26 -25 -28 29 -27
right_child=2 23 17 4 5 -7 7 8 22 18 11 13 -14 -15 -16 16 -18 -19 19 -21 21 -23 -24 24 -26 28 27 -29 -30 -31
leaf_value=-0.002944220183610576 0 -0.0044765905066877698 -0.0079106422780487601 -0.006884175406177067 0.009584490028457935 -0.00060585882302626143 0.0026100296868581604 -0.015473953248902148 0.005972202120944365 -0.00072515806854771866 -0.014560915029177866 -0.0088139820657631481 0.010447410902187456 0.0036533203133666953 0.0062621027753497474 -0.01290441428784128 0.002966457505806451 0.0039637952331778963 0.014395855648076647 0 0.016907305498314439 0 -0.0033986427422622806 -0.0040672075517452387 -0.010099846382501262 -0.0031336033635836532 0.017040005627064491 -0.00016086856459188083 -0.0075843229353253121 0.012473250930729899
leaf_weight=6.0050009246915605 3.8574348294641849 115.86322331568226 7.9675942449830499 6.4810849251225582 45.349109315313399 8.7576813576742989 16.646807584911588 19.387715941295028 12.821074331644924 6.6546967593021682 6.7827808295842251 6.3316092514432993 10.878940680762751 23.45485669770278 21.842849345412105 10.57219745358452 3.7520049088634542 11.295061688404529 18.250393438618634 11.778737270273266 10.647897048853336 5.3080250623170278 18.069686390459538 3.2081145246047553 13.888154048821887 27.38044759305194 14.52026357711293 3.0552030669059596 16.12007942982018 11.096147799631579
leaf_count=150 206 11993 453 274 1538 345 471 642 210 174 193 182 264 621 718 428 127 346 447 291 237 225 332 367 1565 3159 1488 424 1849 1350
internal_value=0 -0.000486447 0.00479671 0.00122621 0.00521554 0.00762333 -1.85774e-05 -0.00241732 -0.00643673 0.00244453 -0.000777346 -0.00439781 0.00506888 0 0.00125035 -0.00205071 -0.00786873 -0.000670498 0.00717428 0.00944798 0.0100008 0.0127584 0.000151772 -0.00269862 0 0.00217049 0.00973572 0.0137095 -0.00097567 0.00188062
internal_weight=498.025 458.949 39.076 253.817 60.5879 54.1068 193.229 103.092 50.2785 90.137 53.4532 36.5692 16.8839 29.7865 52.8139 30.971 14.3242 19.2627 36.6838 30.0291 19.8134 15.9559 30.8908 205.132 89.2684 75.3803 20.7836 17.5755 54.5967 38.4766
internal_count=31069 29602 1467 7407 2157 1883 5250 2928 1184 2322 1410 996 414 803 1744 1026 555 799 912 738 668 462 542 22195 10202 8637 2279 1912 6358 4509
is_linear=0
shrinkage=0.05


Tree=107
num_leaves=31
num_cat=0
split_feature=7 9 30 6 23 23 22 27 33 32 38 29 9 10 7 16 36 33 33 12 40 12 41 22 41 40 38 28 7 18
split_gain=0.357588 0.721673 0.740403 0.667089 0.570164 0.683445 0.8752 0.506911 0.497056 0.414025 0.408536 0.93473 0.446038 0.518965 0.535461 0.507945 0.517514 0.438727 0.41228 0.408766 0.40785 0.401819 0.529948 0.436653 0.39983 0.422517 0.387962 0.371223 0.341642 0.584022
threshold=0.083333313465118422 -0.036666661500930779 0.44333332777023321 0.056666672229766853 0.17000001668930056 0.48333334922790533 -0.056666672229766839 0.26333332061767584 0.2833333313465119 0.19666665792465213 -0.022851467132568356 -0.20333333313465116 0.37000000476837164 -1.0000000180025095e-35 -0.076666668057441698 -0.29000000655651087 -0.18999999761581418 0.01666665077209473 -0.10999999940395354 -0.24999999999999997 0.34000000357627874 -0.049999997019767754 0.037598840892314918 -0.37666666507720942 0.027909388765692714 0.92333334684371959 0.078817844390869155 0.1566666662693024 0.33666664361953741 -0.049999997019767754
decision_type=2 2 2 2 2 2 2 2 2 2 2 2 2 2 2 2 2 2 2 2 2 2 2 2 2 2 2 2 2 2
left_child=3 7 20 10 9 6 -6 8 24 -4 17 27 13 19 15 16 -15 18 -1 -13 21 22 -3 -23 -2 -26 -5 -12 -11 -30
right_child=1 2 4 26 5 -7 -8 -9 -10 28 11 12 -14 14 -16 -17 -18 -19 -20 -21 -22 23 -24 -25 25 -27 -28 -29 29 -31
leaf_value=0.002019028639293069 0 0.0083775930449937717 0.0051570745954386725 -0.0082420659391185518 -0.0010924033300804378 -0.0025725056726122598 0.014820200940326021 -0.0014518191080464227 -0.0029151577170082113 0.00059594106661778215 -0.0094405029313229891 -0.0056947336852069619 -0.008660557260856459 0 -0.0013207086069898213 -0.00043699142125342783 0.014760806623312564 0.0074036884621852782 -0.006214555328422201 0.0027294439479522135 -0.005274853703249871 0.0046103219455237284 -0.0017685944730707935 -0.0071415280578001356 0.01386741156378556 0 0.00086909470541512751 0.00099652730006572605 -0.016021554682413074 0.0012993524921725318
leaf_weight=58.881427410291508 4.352601454826071 19.386095477733761 5.4885036190971759 41.155995708424598 7.3793192794546512 7.0123752309009424 22.247714238241315 9.7460165513912198 2.5374873017426571 4.7762938984669736 36.135347662959248 22.803100507473573 4.6166285646613678 5.7845031707547632 12.128029794897882 6.3416385655291405 18.910890030208975 22.761534606106579 13.839412327855824 19.364653645083308 59.717820371617563 3.7671708469279137 16.318965079728514 20.705752737587318 28.269982233177871 4.0609468100592485 7.9226776910945764 4.2059920858591786 6.0423246063292027 2.8304671135265362
leaf_count=3892 239 769 104 2613 204 256 625 967 135 84 3577 942 234 124 532 681 427 1351 872 1759 4437 408 830 2041 1452 229 639 386 121 207
internal_value=-0.000198981 0.00120448 -0.000216806 -0.00143629 0.00412375 0.00751762 0.0106386 0.00622536 0.00862541 -0.00162282 -0.000115727 -0.00199917 0.000678902 0.00199366 0.00563166 0.00879721 0.0116049 0.00217423 0 -0.00144899 -0.00253496 3.79446e-05 0.00355355 -0.00396057 0.010307 0.0120156 -0.00638292 -0.00782473 -0.0063637 -0.0105201
internal_weight=499.492 224.64 175.673 274.852 55.777 36.6394 29.627 48.967 39.221 19.1376 225.773 130.291 89.9494 85.3328 43.1651 31.037 24.6954 95.4824 72.7208 42.1678 119.896 60.178 35.7051 24.4729 36.6835 32.3309 49.0787 40.3413 13.6491 8.87279
internal_count=31137 13108 10086 18029 1601 1085 829 3022 2055 516 14777 8662 4699 4465 1764 1232 551 6115 4764 2701 8485 4048 1599 2449 1920 1681 3252 3963 412 328
is_linear=0
shrinkage=0.05


Tree=108
num_leaves=31
num_cat=0
split_feature=29 24 2 13 26 16 38 39 38 39 38 29 39 38 38 38 21 21 36 35 41 40 37 41 39 38 25 37 40 11
split_gain=0.410347 0.526273 0.748973 0.322867 0.573878 0.344426 0.723984 0.695519 0.626834 0.757272 1.11423 0.664732 0.595205 0.595101 0.677868 1.05314 0.573761 0.573748 0.529594 0.818229 0.528593 0.546718 0.525281 1.24098 1.12405 0.522246 0.523281 0.500717 0.85051 0.469287
threshold=0.47500002384185797 0.42333334684371954 0.23000001907348636 -0.48333333432674402 0.1566666662693024 -0.25666666030883784 0.087198257446289076 0.018581680022180084 0.074303150177001967 0.018264957703650001 0.11496782302856447 0.056666672229766853 0.012335670646280052 -0.085764408111572252 -0.022851467132568356 -0.0041112899780273429 -0.33666665852069849 -0.016666665673255917 -0.22333332896232602 -0.26333332061767573 0.052496397867798812 0.94333332777023327 -0.017637729644775387 0.039123736321926124 0.024153697304427627 -0.13845634460449216 -0.30333334207534784 0.046335220336914069 0.60333335399627697 -0.090000003576278673
decision_type=2 2 2 2 2 2 2 2 2 2 2 2 2 2 2 2 2 2 2 2 2 2 2 2 2 2 2 2 2 2
left_child=3 2 -2 4 -1 6 18 -8 11 10 -10 12 -7 25 16 -16 -15 -9 -5 -20 21 -18 23 24 -21 26 -14 28 -17 -25
right_child=1 -3 -4 5 -6 8 7 17 9 -11 -12 -13 13 14 15 27 20 -19 19 22 -22 -23 -24 29 -26 -27 -28 -29 -30 -31
leaf_value=0.0020872632311194623 -0.0014284071978573679 -0.0031023826751193865 0.014361468328311481 -0.0063354869320004295 -0.01159459379951463 -0.0085919853742585147 -0.0005592946977739441 0 -0.0073361917153897567 -0.010355916259331799 0.013016113736772443 -0.0041063186648591541 -0.0046567809790677575 -0.00041489620247853014 -0.009363370330629027 0 0.016411298622316325 0.014490292464958605 0.011307766583923363 0.015982899056311881 0 0 -0.0023617185076898941 -0.0071568914464361635 -0.0012337199908138453 -0.0071354931425341135 0.0064491116887517566 -0.0024483220724124681 0.015709830313339539 0.0039380343670875079
leaf_weight=7.5258943634107736 6.0911420322954717 4.7585605185013256 14.944188831606878 18.739049024879932 9.151429118588565 4.9633753404486916 14.646980329882352 12.432191071100531 7.8569779300596547 25.9778908964945 6.3889183080755174 48.317912325612269 9.2475020396523195 6.8407517145387819 11.370450858725233 20.230698912404478 26.298567858291793 22.26958128856495 12.698293008841572 18.994048919761557 7.7299070290755472 2.6481662779115132 81.064426115015522 19.339256559498612 9.9765666024759394 16.644776646047831 22.289838079363108 9.4915349590592069 11.954402957810087 7.3053546859882763
leaf_count=116 106 262 380 609 149 593 419 375 1053 3174 857 5742 507 579 1292 2198 1919 534 391 527 530 211 2599 733 312 1370 1304 1011 1024 278
internal_value=0.000748471 0.00629495 0.00956224 0.000318209 -0.00539934 0.000649038 0.00208703 0.00707308 -0.000580171 -0.00587495 0.0017089 0.000513922 0.0022664 0.00313173 0.00533557 0.000780599 0.00961577 0.0105163 0.000286553 0.00149074 0.0118677 0.0144848 0 0.0036649 0.0101447 -0.000925427 0.00230277 0.00490257 0.00776916 -0.0031844
internal_weight=498.189 25.7939 21.0353 472.395 16.6773 455.717 217.466 49.3488 238.252 40.2238 14.2459 198.028 149.71 144.747 96.5645 53.0471 43.5174 34.7018 168.117 149.378 36.6766 28.9467 136.68 55.6152 28.9706 48.1821 31.5373 41.6766 32.1851 26.6446
internal_count=31154 748 486 30406 265 30141 6777 1328 23364 5084 1910 18280 12538 11945 8764 5525 3239 909 5449 4840 2660 2130 4449 1850 839 3181 1811 4233 3222 1011
is_linear=0
shrinkage=0.05


Tree=109
num_leaves=31
num_cat=0
split_feature=16 31 8 26 32 31 14 26 40 40 11 19 36 4 12 4 5 31 0 30 39 39 29 32 19 11 6 40 30 35
split_gain=0.469529 0.647118 0.69025 0.507567 0.398337 0.3794 0.667061 0.657734 0.593882 0.973348 0.528817 0.500397 0.523602 0.488314 0.567827 0.437754 0.377223 0.370528 0.356766 0.346665 0.346282 0.45746 0.475458 0.394937 0.281359 0.423307 0.279261 0.279125 0.269659 0.235283
threshold=-0.25666666030883784 0.48333334922790533 -0.049999997019767754 -0.43000000715255732 -0.236666664481163 0.069999992847442641 -0.35000000894069666 0.26333332061767584 0.47666665911674505 0.11333333328366281 -0.13666665554046628 -0.43000000715255732 0.38999998569488531 0.41000002622604376 -0.40333333611488337 0.29666668176651007 0.23000001907348636 -0.36333334445953364 0.25666666030883795 0.17000001668930056 0.0129718822427094 0.014356491621583702 -0.29666668176650995 -0.076666668057441698 -0.30333334207534784 0.056666672229766853 0.16333335638046267 0.11333333328366281 0.20333331823349002 -0.056666672229766839
decision_type=2 2 2 2 2 2 2 2 2 2 2 2 2 2 2 2 2 2 2 2 2 2 2 2 2 2 2 2 2 2
left_child=3 18 4 29 -3 6 8 24 9 13 16 12 15 14 -5 19 17 -11 20 -10 -2 27 23 -23 -8 -26 -16 -22 -13 -1
right_child=1 2 -4 5 -6 -7 7 -9 11 10 -12 28 -14 -15 26 -17 -18 -19 -20 -21 21 22 -24 -25 25 -27 -28 -29 -30 -31
leaf_value=0 -0.0082253893640503103 0 -0.0027107705837113617 0.01061059120883674 0.016826191676546056 -0.0038446549220995949 0.0049710179576678152 0.01108011858950312 0 -0.01785401600353936 0.0016300350755021145 0.003226965532261298 -0.0018186027489827637 -0.0054705681350141729 -0.0054322755773388645 0 0 -0.0029969117213640363 -0.0059148099758637076 0.013182370398752164 -0.00088119930671485484 0 -0.0031248398557903396 0.0088926514689893332 -0.0088929541230761602 0.0033231805633966525 0.0043206409691009156 0.010700707293861109 -0.0044560064263938536 -0.010510723845579495
leaf_weight=4.3715124235022813 9.6875552290584874 4.3670361549593508 7.1391353781800708 19.272863435558975 6.3095677457749861 16.693646593717858 12.729295347817244 33.524475229904056 5.5267019732855251 10.099277331028128 9.8577223233878595 15.40924595016986 7.166662670671939 5.0819972753524771 9.1155269131995755 5.6172388559207311 13.992214052006601 16.752703588455923 53.76445825479459 27.24465819587931 1.3354986559133966 37.038942189188674 102.90508285933174 10.718387925298883 8.8489550689700973 5.275453300215303 7.5044455421157172 8.2667446120176447 16.79817776940763 6.2441013774368894
leaf_count=186 1150 129 355 369 121 612 521 847 135 217 235 502 103 109 300 110 263 486 5567 470 148 3289 11035 819 684 427 193 1004 474 290
internal_value=-2.21055e-06 -0.00161341 0.00600982 0.00141854 0.0122174 0.00202351 0.00264275 0.00695197 0.000779465 -0.00172377 -0.00621044 0.00394115 0.00703369 0.00337992 0.00583384 0.00927194 -0.00860283 -0.011586 -0.00247043 0.0112539 -0.00107418 -0.000210312 -0.00115642 0.00249535 0 -0.00345753 0 0.00776813 -0.000196347 -0.00678298
internal_weight=498.659 241.532 17.8157 257.127 10.6766 246.511 229.818 60.3782 169.439 91.6768 50.7019 77.7627 45.5553 40.9748 35.8928 38.3886 40.8442 26.852 223.717 32.7714 169.952 160.265 150.662 47.7573 26.8537 14.1244 16.62 9.60224 32.2074 10.6156
internal_count=31150 23617 605 7533 250 7057 6445 2479 3966 2172 1201 1794 818 971 862 715 966 703 23012 605 17445 16295 15143 4108 1632 1111 493 1152 976 476
is_linear=0
shrinkage=0.05


Tree=110
num_leaves=31
num_cat=0
split_feature=27 7 38 33 39 2 14 39 4 7 27 33 37 38 37 10 20 17 19 35 37 37 6 5 13 20 40 41 1 1
split_gain=0.353145 0.553717 0.521407 0.572406 0.576016 0.565979 0.458591 0.455663 0.406375 0.397814 0.595959 0.55844 0.533351 0.629961 0.459769 0.639461 0.45803 0.433626 0.453613 0.564948 0.369034 0.347869 0.786338 0.412447 0.500405 0.429159 0.406319 0.344647 0.337985 0.366364
threshold=-0.41666667163372034 0.32999998331069952 -0.022851467132568356 -0.069999992847442613 0.01946812774986029 -0.17166666686534879 -0.29000000655651087 0.016088104806840423 0.29000002145767217 0.32333332300186163 -0.26333332061767573 -0.0099999904632568342 0.009663581848144533 0.026190280914306644 0.017460346221923832 -0.18333333730697629 -0.25666666030883784 -0.41666667163372034 0.13666665554046634 0.24333333969116214 -0.046329498291015618 0.04142808914184571 0.083333313465118422 -1.0000000180025095e-35 -0.41666667163372034 -0.15666666626930234 0.16666666418313983 0.035247832536697395 -0.023333340883255001 -0.4433333277702331
decision_type=2 2 2 2 2 2 2 2 2 2 2 2 2 2 2 2 2 2 2 2 2 2 2 2 2 2 2 2 2 2
left_child=1 2 5 -4 8 -1 -6 -3 -5 11 16 12 13 28 15 27 -11 -12 19 -19 -9 22 -13 25 -25 -23 -27 -14 29 -2
right_child=9 7 3 4 6 -7 -8 20 -10 10 17 21 14 -15 -16 -17 -18 18 -20 -21 -22 23 -24 24 -26 26 -28 -29 -30 -31
leaf_value=0.0035467490458605021 0.0035603322870358571 -0.0011423395367204175 0.010991273586259041 0.0095732718050316745 -0.010205409662402817 -0.0087626894212383018 0.002551822273172005 0 -0.0024897734725352894 0 0.0067197330839369228 0.0075086235958543761 0 -0.011150633614408259 -0.00052898928179070958 -0.0015129036620292996 -0.014028332016679704 0.0016826783229600295 0.00017407323065922459 -0.014223626197260428 0.014682643276897042 0.00066155412723091131 -0.00018615444323699399 0.011223997275571341 -0.0013640868247142377 0.00051278535016695053 -0.013954640507424962 0.01812714801908432 0.0012041669528666307 -0.0062974450591125053
leaf_weight=7.1606517615728107 4.2775302513036868 3.6761058354750302 10.894669901812447 11.534162859898062 11.933694329578431 19.303390655433759 4.1914229241665444 3.8535640179179671 3.8928606226108959 4.7221038753632483 8.8126963020767999 56.855424405541271 2.1187254772521555 19.953968262998387 69.287118144449778 5.2949193869717401 13.402449743822215 3.2394614354707292 26.118703210842796 8.515618985751642 13.135723295854399 7.6793866858352002 57.024439549539238 5.0642732158303287 15.553967243409714 1.9899677326902736 9.4058460219530371 5.091962062753737 41.054110154509544 38.785371053731069
leaf_count=212 287 99 307 306 227 582 192 102 83 239 234 3639 137 1732 5298 366 579 243 3223 469 348 415 3399 92 1181 110 668 315 2997 2956
internal_value=0 0.00269053 0 0.00354839 0 -0.00462198 -0.0059667 0.00882383 0.00551772 -0.00068231 -0.00409171 0 -0.00178956 -0.0041172 0.000966289 0.00808724 -0.0105266 -0.000204784 -0.00308445 -0.0093448 0.0118031 0.00221323 0.00363051 -0.00124859 0.00262166 -0.00605524 -0.0106857 0.0145146 -0.00154001 -0.00449305
internal_weight=493.824 89.5762 68.9109 42.4468 31.5521 26.464 16.1251 20.6654 15.427 404.248 64.811 339.437 185.864 104.071 81.7927 12.5056 18.1246 46.6865 37.8738 11.7551 16.9893 153.573 113.88 39.6934 20.6182 19.0752 11.3958 7.21069 84.117 43.0629
internal_count=31037 2458 1909 1115 808 794 419 549 389 28579 4987 23592 14088 7972 6116 818 818 4169 3935 712 450 9504 7038 2466 1273 1193 778 452 6240 3243
is_linear=0
shrinkage=0.05


Tree=111
num_leaves=31
num_cat=0
split_feature=31 38 40 32 31 33 40 39 39 38 31 41 26 33 39 38 8 18 32 29 22 36 7 33 9 19 36 35 32 40
split_gain=0.316293 0.644479 0.569155 0.623854 0.559537 0.554196 0.765753 0.540016 0.749563 1.34431 0.923897 1.58491 0.681943 0.567899 0.541859 0.522132 0.634524 0.54296 0.540678 0.512138 0.60371 0.489489 0.460849 0.439113 0.438554 0.62702 0.692747 0.50513 0.499626 0.818191
threshold=0.35666668415069586 0.074303150177001967 0.13666667044162753 -0.41666667163372034 0.01666665077209473 -0.33666665852069849 0.8400000035762788 0.012643355876207353 0.018832436762750152 -0.013042449951171873 -0.16333332657814023 0.028690008446574215 -0.04333332180976867 0.38333332538604742 0.0300090815871954 0.11496782302856447 -0.15666666626930234 -0.14333333075046537 -0.17000000178813932 0.33666664361953741 0.43666666746139532 -0.12333333492279051 0.40333333611488348 0.29000002145767217 -0.036666661500930779 -0.35000000894069666 -0.036666661500930779 -0.22333332896232602 -0.21666666865348813 0.089999999850988402
decision_type=2 2 2 2 2 2 2 2 2 2 2 2 2 2 2 2 2 2 2 2 2 2 2 2 2 2 2 2 2 2
left_child=4 2 3 -2 7 -4 23 21 9 10 11 -9 -13 24 22 16 -11 18 -17 -18 -21 -1 -15 -7 25 26 27 -10 -26 -30
right_child=1 -3 5 -5 -6 6 -8 8 13 15 -12 12 -14 14 -16 17 19 -19 -20 20 -22 -23 -24 -25 28 -27 -28 -29 29 -31
leaf_value=-0.0014590092684676728 0.0092298134632252879 -0.0064076134282535216 -0.00035382103988894272 -0.0059915964809797821 -0.0036014628869533746 0.015019460224974385 -0.00067868680036103218 0.0029552220322097123 0 -0.003902570564932456 0.00034855652357301472 -0.00039535267589404903 -0.025564792158337887 0.016029764993043163 -0.00092534108619337458 0.00050308610111321744 0 0.0041238459237234511 -0.015932278931283544 0.014172374304503599 -0.0010168890216793107 0.012115999853224578 0.00030810549424619359 0 0.0048500843804148716 -0.00038698393773809641 -0.0015644182828195266 0.016754018554179368 0.0044832092110579256 -0.0057974617373930384
leaf_weight=4.1000197897665229 2.8166566314175752 9.0823534067021665 12.927475497825069 17.96169058419764 103.43960310670082 26.977333577116951 9.3788153678178769 5.5471570384688702 5.4752646028064236 14.179997057653962 9.4026523602660728 5.7865444633644101 13.088726551737635 11.545471230521803 8.1914950606878829 3.1411642124876371 17.255775814177468 2.4584639929234973 7.0772077848669133 17.04181374702603 4.0770853897556654 11.9516740438994 11.370134274009613 6.8407169103156766 16.832842049887404 32.322546714683995 6.4107934697531155 13.239710953319445 18.472488200757653 68.445088658947498
leaf_count=253 132 973 573 899 10559 987 489 225 169 893 629 449 493 509 329 123 1153 250 211 456 112 546 681 484 975 2930 192 377 809 3246
internal_value=3.71253e-05 0.00273443 0.00450128 -0.00138891 -0.000498636 0.0070079 0.00949365 0.000514605 0 -0.00346819 -0.0107512 -0.0150723 -0.0208102 0.00175423 0.00736974 0.000544842 0.00311981 -0.00636454 -0.0110215 0.00645488 0.010742 0.00806135 0.0107762 0.0126198 0.000295483 0.00371232 0.00884703 0.012939 -0.0014682 -0.00319506
internal_weight=496.839 85.985 76.9027 20.7783 410.854 56.1243 43.1969 307.414 291.362 99.0566 33.8251 24.4224 18.8753 192.306 31.1071 65.2315 52.5547 12.6768 10.2184 38.3747 21.1189 16.0517 22.9156 33.8181 161.199 57.4483 25.1258 18.715 103.75 86.9176
internal_count=31106 4537 3564 1031 26569 2533 1960 16010 15211 4994 1796 1167 942 10217 1519 3198 2614 584 334 1721 568 799 1190 1471 8698 3668 738 546 5030 4055
is_linear=0
shrinkage=0.05


Tree=112
num_leaves=31
num_cat=0
split_feature=4 30 27 25 4 5 4 37 37 4 36 23 40 11 27 40 37 37 13 40 7 6 37 10 28 37 10 40 24 9
split_gain=0.392659 0.532371 0.565545 0.379015 0.417965 0.640292 0.509134 0.527462 0.475362 0.517001 0.436383 0.399037 0.353789 0.454666 0.388015 0.354071 0.33683 0.613023 0.355593 0.331273 0.303452 0.36 0.456925 0.3027 0.419276 0.301953 0.5162 0.331151 0.356392 0.292689
threshold=0.44333332777023321 0.47500002384185797 -0.31666666269302363 0.18333333730697635 0.30333334207534796 0.29000002145767217 0.17000001668930056 -0.033957481384277337 0.094512939453125014 -0.096666663885116563 0.27666664123535162 0.20999997854232791 0.48333333432674414 -0.049999997019767754 -0.29000000655651087 0.056666666641831405 0.0067873001098632821 -0.072489261627197252 0.043333351612091071 0.32999999821186071 0.49666666984558111 0.37666666507720953 0.043071269989013679 0.096666663885116591 0.29666668176651007 -0.00084209442138671864 -0.1766666769981384 0.47666665911674505 -0.10999999940395354 -0.04333332180976867
decision_type=2 2 2 2 2 2 2 2 2 2 2 2 2 2 2 2 2 2 2 2 2 2 2 2 2 2 2 2 2 2
left_child=1 3 -3 4 5 6 8 -8 9 12 29 -9 13 15 -14 -1 17 -15 -19 -5 21 -2 -23 24 -21 -11 -27 -28 -29 -6
right_child=20 2 -4 19 10 -7 7 11 -10 25 -12 -13 14 16 -16 -17 -18 18 -20 23 -22 22 -24 -25 -26 26 27 28 -30 -31
leaf_value=0.003779729194461505 0 0 0.013357953712237441 4.1084531536213022e-05 0 0.0089935102255817891 -0.0015514896422094673 0.00016507102525863202 -0.0079844220059967531 0.00025698903498305731 0.0041870709617763228 0.012297540693718243 0.0096287267145404379 0.0083942406384291748 0.0007652242899148172 -0.0062189499793213025 0.010743150395378938 0.0017581105825136547 -0.0086786161284850907 -0.0038930584789826079 0.0030101829998022216 -0.014773553415508815 8.2939702348407474e-05 -0.0082121005843650841 0.0070020304842222771 0.0014213443299207745 -0.00053637076822177958 0 -0.015720376244006729 -0.0088449432156731869
leaf_weight=4.1021467077080151 7.3834371580742362 16.110820906236771 9.9350393773056549 52.694610789883882 16.168118951027282 21.319599618436769 12.887594971805809 15.704001878155394 12.29933224362321 42.526799126528203 7.4115640146192154 18.40886138821952 22.492917405441403 8.8031214359216374 36.40152852027677 28.523193951463327 5.9949169158935538 6.1186607724521371 11.804514043964444 24.785506180836823 1.4432987647596736 10.580910601885988 2.8244410022161892 27.85908617649693 5.933494290104135 14.080115757184101 15.975922528188674 5.5141264859121284 11.091410482535141 21.013683206634596
leaf_count=263 548 259 204 3888 947 1017 696 998 807 2818 400 936 673 395 2666 1718 555 543 802 2142 134 923 267 2121 271 1065 826 387 652 1210
internal_value=6.91388e-05 0.000452256 0.00667893 0 0.000843982 0.00159632 0.00074723 0.00517821 -0.000177677 0.000364293 -0.00322379 0.00819567 0.00249686 0 0.00511288 -0.00392267 0.00374243 0 -0.00452334 -0.00244672 -0.00560038 -0.00767172 -0.0112972 -0.00486768 -0.0003075 -0.00231391 -0.00489405 -0.00806784 -0.0121422 -0.00565649
internal_weight=498.193 475.961 26.0459 449.915 338.642 294.049 272.729 47.0005 225.729 213.429 44.5934 34.1129 124.241 65.3466 58.8944 32.6253 32.7212 26.7263 17.9232 111.273 22.2321 20.7888 13.4054 58.5781 30.719 89.1884 46.6616 32.5815 16.6055 37.1818
internal_count=31131 29259 463 28796 20374 17817 16800 2630 14170 13363 2557 1934 7615 4276 3339 1981 2295 1740 1345 8422 1872 1738 1190 4534 2413 5748 2930 1865 1039 2157
is_linear=0
shrinkage=0.05


Tree=113
num_leaves=31
num_cat=0
split_feature=22 7 16 31 38 33 17 26 2 29 40 33 38 21 37 31 38 38 38 4 38 16 36 38 30 11 10 36 9 38
split_gain=0.354667 0.469628 0.355184 0.551751 0.693909 0.625711 0.490826 0.757629 0.730625 0.413941 0.42275 0.810426 0.887885 0.417252 0.394406 0.368152 0.353057 0.346562 0.339774 0.364682 0.431252 0.771767 0.553631 0.473054 0.575322 0.542282 0.461529 0.388204 0.811965 0.428004
threshold=0.44333332777023321 0.46999999880790716 -0.26333332061767573 0.33666664361953741 0.074303150177001967 0.29000002145767217 -0.14333333075046537 0.24333333969116214 0.24333333969116214 0.069999992847442641 0.11333333328366281 -0.28333333134651179 0.00094079971313476573 -0.32999998331069941 -0.085320472717285142 0.083333313465118422 -0.048716068267822259 0.017260551452636722 -0.20502901077270505 -0.13666665554046628 -0.013042449951171873 -0.36333334445953364 0.21666666865348819 -0.0041112899780273429 0.24333333969116214 -0.45666666328907007 0.37666666507720953 0.22333335876464847 0.32999998331069952 0.03019046783447266
decision_type=2 2 2 2 2 2 2 2 2 2 2 2 2 2 2 2 2 2 2 2 2 2 2 2 2 2 2 2 2 2
left_child=2 -2 6 -4 5 9 18 8 -8 10 16 -12 13 -13 -15 -9 -5 -18 -1 27 21 -21 23 -22 -25 -26 -24 -20 29 -29
right_child=1 -3 3 4 -6 -7 7 15 -10 -11 11 12 -14 14 -16 -17 17 -19 19 20 22 -23 26 24 25 -27 -28 28 -30 -31
leaf_value=0.00838971694202972 -0.0068354103469465341 0.005276605307230264 -0.0028528054655413524 0.0047887262975874756 -0.0076036535598777476 -0.0045413659686379991 -0.0064668409907426951 0.012200686670095407 0.0076640411904928584 -0.0025339267043780096 0 0 -0.00070130579483204702 0 0.021631113646743572 0 -0.011629570778794149 0.0017586637753150673 0.0062605788585098146 -0.0086829412796180106 0.0070375291285614651 0.003138775251679847 0.012521909141508074 0.00069618236113385291 0.0001551148230717551 -0.012816257169402462 -0.00023539935421082255 0 0.0059382314547534393 -0.015926397054032926
leaf_weight=6.1358509198762468 31.241866624099202 3.0754526434466234 143.96113251370843 9.6435097006615234 9.0799732625018788 11.130425101844592 16.334353622980419 26.159670662833381 9.2000472275540215 6.1755912168882778 17.866419985657551 3.6483500949107102 5.2828015196137121 3.621710742358121 16.899494532495751 5.2530361555982372 4.1023337810765943 1.7609351591672746 30.388688360108063 36.586897992994636 5.3245866217184803 12.914544922299681 9.1816994687542302 24.539948627818376 6.8345946287736323 15.765738796908407 6.2590990732423952 4.450278657954188 9.1717039500363153 4.3283295542933047
leaf_count=237 1678 203 17619 292 1046 891 811 611 411 408 809 126 337 94 517 171 230 145 830 922 126 525 242 748 114 406 117 135 181 134
internal_value=0 -0.00450615 0.000381207 -0.000912285 0.00193901 0.00376493 0.00179534 0.00559856 -9.31974e-05 0.00569424 0.00701668 0.00913095 0.0135107 0.0169675 0.0191528 0.0101664 0 -0.00664546 0.0002484 -0.000189993 -0.00181674 -0.00514241 0.000489977 -0.00172764 -0.00387094 -0.00880984 0.00756586 0.00306536 -0.00151338 -0.0102404
internal_weight=496.319 34.3173 462.002 233.173 89.2115 80.1316 228.829 56.9471 25.5344 69.0011 62.8256 47.3188 29.4524 24.1696 20.5212 31.4127 15.5068 5.86327 171.882 165.746 117.407 49.5014 67.9057 52.4649 47.1403 22.6003 15.4408 48.339 17.9503 8.77861
internal_count=31116 1881 29235 22514 4895 3849 6721 2004 1222 2958 2550 1883 1074 737 611 782 667 375 4717 4480 3200 1447 1753 1394 1268 520 359 1280 450 269
is_linear=0
shrinkage=0.05


Tree=114
num_leaves=31
num_cat=0
split_feature=33 9 6 37 23 37 10 39 38 38 37 4 20 28 5 40 15 39 38 14 39 40 26 10 38 39 12 38 36 40
split_gain=0.486673 1.01217 0.696077 0.664289 0.647127 0.624152 0.89462 0.618294 0.711087 0.681021 0.447595 0.994155 0.886676 0.736316 0.68597 0.657649 0.667107 0.605452 0.866392 0.734981 0.43886 0.552085 0.411224 0.34044 0.40485 0.335846 0.544097 0.328682 0.31114 0.443278
threshold=0.01666665077209473 -0.10333332419395445 0.37666666507720953 0.009663581848144533 -0.13666665554046628 0.049216270446777351 -0.12999999523162839 0.014356491621583702 -0.085764408111572252 0.087198257446289076 0.009663581848144533 0.41000002622604376 -0.24999999999999997 0.44166666269302374 0.34333333373069769 0.93000000715255748 -0.12999999523162839 0.016749243251979355 -0.081275463104248033 -0.29000000655651087 0.037840809673070915 0.97666668891906749 -0.40333333611488337 0.030000001192092899 -0.0075545310974121085 0.023165806196630005 -0.049999997019767754 0.029561042785644535 0.14999997615814212 0.18666666746139529
decision_type=2 2 2 2 2 2 2 2 2 2 2 2 2 2 2 2 2 2 2 2 2 2 2 2 2 2 2 2 2 2
left_child=3 2 22 4 23 6 7 -5 -9 -10 11 13 -12 28 15 16 17 -14 -19 -20 21 -6 -2 24 -1 -7 -27 -13 29 -3
right_child=1 10 -4 5 20 25 -8 8 9 -11 12 27 14 -15 -16 -17 -18 18 19 -21 -22 -23 -24 -25 -26 26 -28 -29 -30 -31
leaf_value=0.00088458535126370759 -0.00030413934723687932 0.0031078470318341204 -0.0047972897976835752 -0.0023509847791489545 -0.0095256017659299391 0.00048415968196842694 -0.0015123627362818547 -0.0012054461623035458 0.019253861155696148 0 0.0042546221293506912 -0.0094507080361771537 0 0.012404373797218614 0.0018263567710061438 0.0027321080629152798 0 0 -0.023823287645561454 0 0.0015963172992799293 0.0027565937566596498 0.012598961569222911 0.0056475115681208915 -0.0080775839882056034 0 -0.013297142700129794 0.00092788798541173405 0.0033775162080504672 -0.0070053156331684272
leaf_weight=24.375066348817199 2.7197268139570978 12.556706303963439 2.5930055610369882 4.2097816662862888 63.150102702900767 19.31285643496085 28.881818603957072 4.4183464206289527 16.361971805104989 7.9876218151766798 25.699211252154782 16.563974886201326 8.4725213490892184 15.600009399000554 16.288810170139186 5.9037116861436507 12.148769203573464 4.069117711158472 16.301678042626012 5.332520716590806 6.6040084969718 4.4307038630358866 29.151195380371064 13.626255175564436 12.59830230171792 11.224556835368277 9.1812985315918905 4.0598128319252273 74.534637482138351 15.878823846112935
leaf_count=1654 179 643 177 378 4731 1456 1684 281 1049 671 1651 1031 281 318 1098 350 1479 160 393 412 376 276 1251 839 1128 659 767 278 4558 902
internal_value=-5.36674e-05 0.00132328 0.0086248 -0.00178281 -0.00418508 0.0010047 0.00416758 0.00925051 0.01178 0.0147325 0 0.00182813 -0.0025147 0.00376772 -0.00552735 -0.00820202 -0.0102268 -0.0133313 -0.0165216 -0.0197873 -0.00698166 -0.00822148 0.010964 0 -0.00228886 -0.00327493 -0.00708105 -0.00671997 0.00161889 -0.00205011
internal_weight=494.237 267.874 34.4639 226.363 124.784 101.578 61.8595 32.9777 28.7679 24.3496 233.41 139.194 94.2163 118.57 68.5171 52.2283 46.3246 34.1758 25.7033 21.6342 74.1848 67.5808 31.8709 50.5996 36.9734 39.7187 20.4059 20.6238 102.97 28.4355
internal_count=31110 15161 1607 15949 9004 6945 4063 2379 2001 1720 13554 7730 5824 6421 4173 3075 2725 1246 965 805 5383 5007 1430 3621 2782 2882 1426 1309 6103 1545
is_linear=0
shrinkage=0.05


Tree=115
num_leaves=31
num_cat=0
split_feature=30 4 26 21 24 4 24 14 26 14 35 24 28 9 40 29 9 30 21 22 41 31 31 39 10 9 4 26 17 40
split_gain=0.391026 0.607423 0.360367 0.356109 0.322106 0.599611 0.542983 0.514267 0.513153 0.48063 0.486886 0.45086 0.458847 0.414921 0.383831 0.41138 0.378995 0.368103 0.348699 0.336877 0.313756 0.311265 0.446656 0.281227 0.345937 0.264925 0.415439 0.337546 0.427952 0.600233
threshold=0.47500002384185797 0.43666666746139532 -0.46999999880790705 0.4499999880790711 1.0000000180025095e-35 0.30333334207534796 -0.090000003576278673 -0.4433333277702331 0.24333333969116214 -0.36333334445953364 0.20999997854232791 -0.36333334445953364 -0.3899999856948852 0.31666666269302374 0.083333332091569914 -0.43000000715255732 0.26999998092651373 0.20333331823349002 0.16333335638046267 -0.21000000834465024 0.032738061621785171 -0.4433333277702331 -0.10333332419395445 0.0129718822427094 0.34333333373069769 0.25000000000000006 -0.22333332896232602 0.096666663885116591 -0.15000000596046445 0.16666666418313983
decision_type=2 2 2 2 2 2 2 2 2 2 2 2 2 2 2 2 2 2 2 2 2 2 2 2 2 2 2 2 2 2
left_child=2 3 -1 -2 5 6 11 13 18 10 17 12 -4 -6 19 -16 -7 -10 20 -11 -9 -8 -23 -17 -25 27 -27 -13 -29 -30
right_child=1 -3 4 -5 7 16 21 8 9 14 -12 25 -14 -15 15 23 -18 -19 -20 -21 -22 22 -24 24 -26 26 -28 28 29 -31
leaf_value=-0.0083069523064940153 0.010942514672507448 -0.0048693756929337551 0.0027538688387992098 0 0.0083385937144660593 -0.014242526823773527 0.0031407124393441413 0.0001968272436575663 0 0.0047372799337757742 0.0039331972683659174 0 -0.0069003092248101144 -0.00091767655740918768 -0.0033533320997911225 -0.00055339095054676105 0 -0.012897423985108151 0.00063277901747168391 -0.006939789398088818 -0.0061827459303581342 -0.011856989251202229 -0.00049533658560131503 0.010556328932549977 0 0.0038520553136080896 -0.0066388630059150168 0.00021529619059940943 0 0.014604101183454772
leaf_weight=9.8327982460614276 18.0745409319643 5.7102790380595243 10.737497774884103 6.6925761648453763 28.831651812419295 9.225244440953249 2.0395004826132199 16.862955680349842 6.220860509201886 3.3421959010884157 6.9846492861397556 44.689619639189914 27.901774362660944 10.107562744524328 3.1505836269352576 3.2341789351776233 7.6762808326166114 7.1009883531369269 41.824178545270115 8.1124419695697707 56.342428224510513 17.245427349815145 22.674240463180467 38.0614171277266 10.493041849927975 9.6490637180395442 14.039017149014397 24.586037920322269 6.3574993666261461 15.407491785241289
leaf_count=834 331 320 1094 122 582 633 51 1572 173 181 139 3822 2587 181 128 168 512 172 3442 420 5045 800 1652 1823 534 617 946 992 378 808
internal_value=-0.000355966 0.00453887 -0.000785669 0.00804716 -0.000461421 -0.00188848 -0.000822995 0.000710975 -0.000242092 0.00243144 -0.00303719 0.000463601 -0.00364791 0.00557788 0.00456245 0.00630094 -0.00966876 -0.00807216 -0.00248439 -0.00164316 -0.00449398 -0.00551666 -0.00685598 0.00760805 0.00861101 0.00216786 -0.00160857 0.00344678 0.00617587 0.010507
internal_weight=493.208 30.4774 462.731 24.7671 452.898 212.229 195.327 240.669 201.73 86.7004 20.3065 153.368 38.6393 38.9392 66.3939 54.9392 16.9015 13.3218 115.03 11.4546 73.2054 41.9592 39.9197 51.7886 48.5545 114.729 23.6881 91.0406 46.351 21.765
internal_count=31059 773 30286 453 29452 14892 13747 14560 13797 3738 484 11244 3681 763 3254 2653 1145 345 10059 601 6617 2503 2452 2525 2357 7563 1563 6000 2178 1186
is_linear=0
shrinkage=0.05


Tree=116
num_leaves=31
num_cat=0
split_feature=7 10 10 41 14 41 27 1 25 11 7 8 16 25 4 31 27 41 14 24 39 27 23 9 38 10 41 10 16 33
split_gain=0.402362 0.588916 0.99678 0.712951 0.706301 0.604177 0.537677 0.422577 0.39318 0.611442 0.398442 0.385171 0.375398 0.33131 0.514895 0.493244 0.551532 0.532245 0.512134 0.49418 0.457364 0.435116 0.570835 0.789023 0.587784 0.402425 0.386716 0.707103 0.330458 0.325847
threshold=-0.18333333730697629 -0.41666667163372034 0.11000001430511476 0.032738061621785171 0.11000001430511476 0.027909388765692714 -0.45666666328907007 0.068333327770233168 0.33666664361953741 0.20999997854232791 0.31166666746139532 -0.4433333277702331 -0.2766666561365127 -0.069999992847442613 0.33666664361953741 -0.31666666269302363 0.17666667699813846 0.046853924170136459 -0.40333333611488337 -0.13666665554046628 0.012643355876207353 -0.21000000834465024 -0.21000000834465024 0.23000001907348636 0.066908836364746108 0.056666672229766853 0.061374438926577575 0.18333333730697635 0.12333333492279054 0.25000000000000006
decision_type=2 2 2 2 2 2 2 2 2 2 2 2 2 2 2 2 2 2 2 2 2 2 2 2 2 2 2 2 2 2
left_child=1 -1 5 28 -5 -3 -7 11 13 10 -10 -8 -11 14 -2 16 17 19 25 -15 -20 22 -22 24 -24 -17 27 -19 -4 -13
right_child=8 2 3 4 -6 6 7 -9 9 12 -12 29 -14 15 -16 18 -18 26 20 -21 21 -23 23 -25 -26 -27 -28 -29 -30 -31
leaf_value=0.0038941017163691147 0.0012672304526346356 0.0024360077361238811 -0.010944268153726464 0.011492286559448901 -0.0016422300441485847 0.0031591749083442265 0 -0.0018732097250361802 0 0.010068762480098527 -0.010050213379461206 -0.014387828932145836 -0.00045720895895798276 0 -0.0068234506339225585 0.00064713575819860239 -0.003191953850856518 0.0052901831015607116 -0.0066375871483159467 0.013749349747669799 -0.0014512875407323173 0 0.015794884839318592 -0.00044790565167458101 0 -0.011012048762914933 0.0072775970473248049 -0.011846601103265877 0.00054989749983415858 0
leaf_weight=25.0238136658445 96.884412688668817 8.8727427632547897 5.6207463874015939 17.980764843756337 10.541111410595475 3.4474115453194818 3.2224045307375482 23.022300601005554 12.306718056788666 5.421606237068775 20.431890262523666 38.789719790685922 16.817842418793589 9.4606107200961542 18.11348284536507 6.6552844322286537 5.9199515993241212 4.0541324997320789 5.4923050010111174 29.965399575186893 10.867582608712835 48.951392190647312 22.814465043600652 10.999273909721522 6.473052382702007 8.4470708891749364 5.9192612851038566 6.9817722213920206 4.6804444079753011 1.6590319862589229
leaf_count=1718 5875 657 251 725 1078 82 278 1593 993 227 1397 2853 2007 238 1133 163 439 87 434 587 539 4818 953 566 329 219 139 178 399 121
internal_value=0.000111815 -0.00201855 -0.00360388 0.00227834 0.00647211 -0.00674497 -0.00833514 -0.00948491 0.00106301 -0.00246091 -0.00657304 -0.0122833 0.00281765 0.00183111 -7.56947e-05 0.00312599 0.00660047 0.00823754 0.000907627 0.0110669 0.00238265 0.00346051 0.00642371 0.0090009 0.0127308 -0.00596626 0 -0.00443778 -0.005908 -0.0134936
internal_weight=495.838 142.86 117.837 38.8231 28.5219 79.0136 70.1409 66.6935 352.978 54.9781 32.7386 43.6712 22.2394 297.999 114.998 183.002 62.3011 56.3812 120.7 39.426 105.598 100.106 51.1544 40.2868 29.2875 15.1024 16.9552 11.0359 10.3012 40.4488
internal_count=31076 9755 8037 2453 1803 5584 4927 4845 21321 4624 2390 3252 2234 16697 7008 9689 1668 1229 8021 825 7639 7205 2387 1848 1282 382 404 265 650 2974
is_linear=0
shrinkage=0.05


Tree=117
num_leaves=31
num_cat=0
split_feature=12 12 39 4 18 10 3 34 11 41 39 30 41 40 30 8 39 41 10 9 29 8 29 1 8 41 10 39 39 9
split_gain=0.44217 0.621877 0.534304 0.525531 0.394839 0.427517 0.400998 0.585364 0.405012 0.790138 0.452499 0.405428 0.393598 0.882805 0.623673 0.72492 0.691335 0.476298 1.07094 0.647345 0.446141 0.429214 0.408288 0.689396 0.390102 0.371948 0.367992 0.367918 0.441914 0.363413
threshold=0.43000000715255743 0.23666667938232425 0.024213561788201336 0.34333333373069769 0.056666672229766853 0.3966666460037232 -0.33666665852069849 0.43000000715255743 -0.10333332419395445 0.04609807766973973 0.0129718822427094 -0.030000001192092892 0.043214606121182449 0.80333334207534801 0.043333351612091071 0.37666666507720953 0.032349301502108581 0.035586263984441764 0.18333333730697635 0.37000000476837164 0.01666665077209473 0.43000000715255743 0.31666666269302374 0.32999998331069952 0.35666668415069586 0.079768318682909026 -0.036666661500930779 0.018264957703650001 0.020347160287201408 -0.10999999940395354
decision_type=2 2 2 2 2 2 2 2 2 2 2 2 2 2 2 2 2 2 2 2 2 2 2 2 2 2 2 2 2 2
left_child=1 4 27 -4 6 25 7 -1 10 29 11 -8 17 14 -14 16 20 19 -19 22 -16 -21 26 -24 -11 -6 -12 -3 -29 -10
right_child=-2 2 3 -5 5 -7 8 -9 9 24 12 -13 13 -15 15 -17 -18 18 -20 21 -22 -23 23 -25 -26 -27 -28 28 -30 -31
leaf_value=0.0081430287412374309 -0.0060789171686387268 0.004800935964315467 0.011667125389537373 -0.00015505301863370097 -0.0062247860113397412 0.0038495691053140064 -0.0033486936967158883 -0.0038600856431638742 0.0033281802099628267 0.0097921962115916812 0.0010213116412611503 0.0092969308878454397 0 0.0023981717205809163 0 0.0016199634579590798 0.0014763421207047796 -0.0025790936787544751 0.011117513336578856 -0.015944828544829686 -0.016562136700227 0 0.010033521591685716 -0.0045516218231080969 -0.0025352827079946402 0.0035236171045586249 -0.0073904091513109149 -0.010763895169700739 0.00029013222529576942 -0.0046990408736220799
leaf_weight=28.626408098964021 21.7184742547106 21.135157855693251 25.075655562803149 7.5104838931001714 62.592012570588849 8.6745250725653005 2.5336190236266711 7.0112538225948802 15.604549623327328 29.490410709055144 16.036642206367102 11.476975854486223 17.361595962429419 23.266719436272979 3.0858811112120739 5.4063307680189601 3.205004258779808 24.192742872517556 19.168342956108972 6.7750031079631281 31.095575868850574 4.0693993458990008 14.411194251617419 6.1553871084470293 1.6250445481855411 4.0088571896776548 18.434229547157887 6.0672995134955299 19.998530504177324 27.842238615965471
leaf_count=1458 2294 2059 1337 530 5434 621 229 301 1440 1985 1180 387 1268 1044 160 139 161 1294 600 178 1161 90 346 137 71 270 986 606 1483 1854
internal_value=6.91382e-06 0.000412089 0.00429429 0.00869402 -0.000367806 -0.00350921 0.000352368 0.0049652 -0.000236629 0.00268209 -0.00145313 0.0054424 -0.00222964 -0.0046956 -0.00778591 -0.0106839 -0.0130173 0 0.00358459 -0.00278239 -0.015016 -0.0113628 0 0.00468519 0.00816903 -0.00505095 -0.00328811 0.000148983 -0.00303588 -0.00125635
internal_weight=493.656 471.937 79.7871 32.5861 392.15 75.2754 316.875 35.6377 281.237 74.5622 206.675 14.0106 192.664 83.4211 60.1544 42.7928 37.3865 109.243 43.3611 65.8819 34.1815 10.8444 55.0375 20.5666 31.1155 66.6009 34.4709 47.201 26.0658 43.4468
internal_count=31103 28809 6015 1867 22794 6325 16469 1759 14710 5350 9360 616 8744 3933 2889 1621 1482 4811 1894 2917 1321 268 2649 483 2056 5704 2166 4148 2089 3294
is_linear=0
shrinkage=0.05


Tree=118
num_leaves=31
num_cat=0
split_feature=5 30 33 10 16 31 39 39 32 36 17 28 21 40 22 24 2 33 21 41 10 41 40 40 25 26 28 20 24 25
split_gain=0.330695 0.545004 0.640039 0.531562 0.554738 0.53925 0.588146 0.522281 0.525122 0.468317 1.17169 0.608109 0.823935 0.415564 0.39801 0.410042 0.614053 0.392748 0.392715 0.377377 0.370447 0.369518 0.360032 0.42444 0.370436 0.352786 0.345328 0.328183 0.320928 0.350929
threshold=-0.036666661500930779 -0.10333332419395445 -0.18333333730697629 -0.069999992847442613 -0.30333334207534784 0.33666664361953741 0.024213561788201336 0.012851589359343054 -0.36333334445953364 0.27666664123535162 -0.43000000715255732 0.35500001907348638 0.17666667699813846 0.92333334684371959 0.27666664123535162 0.36333334445953375 -0.22999998927116391 -0.090000003576278673 0.45666664838790899 0.02924387808889151 0.46999999880790716 0.064586944878101363 0.7033333182334901 0.13666667044162753 -0.41666667163372034 0.29000002145767217 -0.37666666507720942 -0.063333332538604722 0.21666666865348819 0.17666667699813846
decision_type=2 2 2 2 2 2 2 2 2 2 2 2 2 2 2 2 2 2 2 2 2 2 2 2 2 2 2 2 2 2
left_child=1 2 -1 4 -2 -6 27 -3 25 11 18 -5 -13 17 15 16 -12 -10 -11 -19 21 26 23 -4 -25 -9 -21 -7 -14 -30
right_child=3 7 22 9 5 6 -8 8 13 10 14 12 28 -15 -16 -17 -18 19 -20 20 -22 -23 -24 24 -26 -27 -28 -29 29 -31
leaf_value=-0.00175262748512762 0.010173039500468977 0.0049110458874442875 0 0.00013964630219561377 -0.0020915757486549033 -0.0073660195392333122 0.013322735420450272 -0.0020279066644812833 -0.00066615479769538237 0.013455182795886764 0.0013686323425563221 -0.013851424327224637 0.0036818382629189629 0.00078259138280799246 0.0031695175512500701 0.0020506501557037891 -0.011859817975477664 0 0 0 0.00047784113590723968 0 -0.00017446920717170987 0 0.014801189138700483 0.0094916636551232673 -0.014840875258789797 0.0042361821853971774 -0.0096365959750534975 0.0014539334006574327
leaf_weight=63.312931917840615 22.225402833195403 7.6322796077001831 8.7874655330088007 80.642606860259548 38.871786606963724 4.5230673004407436 9.1204774051438999 8.0178324063308519 23.610981208737932 17.875139946583662 7.315163470106202 16.110294383834116 14.6173679640051 10.282860467676072 18.498995067086071 8.215231695910914 17.743030762765557 9.3925946359522694 5.5029497351497403 2.0429883650503973 1.77760082297027 6.4303727312944821 9.0932630912866426 1.9459515255875874 13.915139231947249 4.3741056774742892 37.802121901069775 7.9030421350616979 8.8269568795803917 5.0176862843800327
leaf_count=5162 596 404 665 5021 4186 286 318 757 1442 346 604 726 482 559 1174 663 1152 555 99 214 92 324 719 144 913 230 2102 385 407 285
internal_value=-5.66166e-05 -0.00158976 0.000928874 0.000995513 0.00424299 0.000963229 0.00663708 -0.00393307 -0.00504458 -0.000307231 0.00254725 -0.00224908 -0.00656904 -0.00640633 -0.00141182 -0.00469055 -0.00767477 -0.00759657 0.0106635 -0.00971865 -0.0113278 -0.0122623 0.00609445 0.00880426 0.0125384 0.00244894 -0.0138422 0 -2.76419e-05 -0.00513299
internal_weight=491.428 208.418 97.0548 283.009 82.6438 60.4184 21.5466 111.364 103.731 200.365 75.1505 125.215 44.5723 91.3395 51.7724 33.2734 25.0582 81.0567 23.3781 57.4457 48.0531 46.2755 33.7418 24.6486 15.8611 12.3919 39.8451 12.4261 28.462 13.8446
internal_count=31012 14282 7603 16730 5771 5175 989 6679 6275 10959 4038 6921 1900 5288 3593 2419 1756 4729 445 3287 2732 2640 2441 1722 1057 987 2316 671 1174 692
is_linear=0
shrinkage=0.05


Tree=119
num_leaves=31
num_cat=0
split_feature=31 33 16 29 20 39 39 37 37 38 41 39 37 10 39 10 31 17 3 27 17 17 18 0 3 39 23 2 23 37
split_gain=0.414318 0.576633 0.530795 0.486176 0.481328 0.403705 0.606361 0.928589 0.80227 0.562267 0.497379 0.347488 0.507355 0.481843 0.434012 0.335047 0.32935 0.407116 0.532314 0.524313 0.535433 0.438917 0.379137 0.608089 0.352985 0.35295 0.389308 0.348627 0.376943 0.323851
threshold=0.48333334922790533 0.2833333313465119 -0.25666666030883784 0.043333351612091071 -0.22999998927116391 0.012335670646280052 0.018832436762750152 -0.016572475433349606 0.034357547760009773 0.091155052185058608 0.026433417573571209 0.024153697304427627 0.009663581848144533 0.35666668415069586 0.026041304692626003 0.22333335876464847 0.096666663885116591 -0.11666667461395262 0.069999992847442641 -0.22333332896232602 0.26999998092651373 -0.36333334445953364 -0.48333333432674402 0.35500001907348638 0.32333332300186163 0.016325673088431362 -0.10333332419395445 0.27666664123535162 0.41000002622604376 -0.027168273925781247
decision_type=2 2 2 2 2 2 2 2 2 2 2 2 2 2 2 2 2 2 2 2 2 2 2 2 2 2 2 2 2 2
left_child=2 4 16 5 -2 -4 7 -7 10 11 -9 12 13 -8 -13 -12 17 18 21 20 -19 25 24 -24 -20 26 -1 29 -29 -21
right_child=1 -3 3 -5 -6 6 9 8 -10 -11 15 14 -14 -15 -16 -17 -18 19 22 27 -22 -23 23 -25 -26 -27 -28 28 -30 -31
leaf_value=-0.0069758214969336003 0 -0.004009642263597654 -0.0097954427378614661 -0.0055782842789756813 0.014454095284070002 -0.0031708637114455486 -0.0089279326169151487 -0.00023933363252216108 -0.00095355347439666713 -0.0091915467320376962 0.018450499054079118 0.0074243649226614951 0.0029198381342984943 0.0042199201261553564 -0.00053346099094027713 0 -0.0048748529529224977 0.011730314156716727 -0.0022950285587461975 0.0021825182205116502 -0.00034785036102163948 -0.00081145298948272953 -0.00074286520050371508 -0.011616546809141641 0.0084576321256180625 0.0076527851478982922 0.0049573259848587278 0.010702151221039914 -0.0018850249049448054 -0.0085420813083593519
leaf_weight=6.7685725260525933 3.9134988938458273 3.3729952836874864 4.722343979170545 64.062329398118891 10.702001842204481 15.45833908440545 27.399270682362843 1.8479434596374691 7.795799138955771 14.591212687315418 15.631489057792352 20.154040612047538 13.511666605016215 2.1611255684401831 33.483992701862007 2.9710482116788617 12.803612042684106 25.939172544982284 6.4245915045030406 3.7667554621584722 7.0146783180534831 33.767935512121767 58.89882729947567 13.482477843761442 8.8109859311953169 43.060379391303286 8.3203457728959602 5.6422240140382183 3.8049500831402838 10.565492503577843
leaf_count=162 127 224 611 7911 262 1543 2363 255 1019 1825 1635 1525 1180 223 2472 396 505 598 108 217 173 1221 1728 345 135 1052 174 260 197 529
internal_value=0 0.00644096 -0.00029121 -0.00207214 0.0105305 -0.00036404 0.000122346 0.00488135 0.00980157 -0.00168734 0.0141329 0 -0.00319482 -0.00671385 0.00248355 0.016287 0.00122205 0.00176819 0.000389788 0.0052772 0.00885996 0.00306481 -0.00216605 -0.00382145 0.00337881 0.00557088 0 0 0.00525107 -0.00468161
internal_weight=490.85 17.9885 472.862 223.791 14.6155 159.728 155.006 43.7046 28.2463 111.301 20.4505 96.7101 43.0721 29.5604 53.638 18.6025 249.071 236.267 179.534 56.7333 32.9539 91.9172 87.6169 72.3813 15.2356 58.1493 15.0889 23.7794 9.44717 14.3322
internal_count=30975 613 30362 22958 389 15047 14436 4848 3305 9588 2286 7763 3766 2586 3997 2031 7404 6899 4925 1974 771 2609 2316 2073 243 1388 336 1203 457 746
is_linear=0
shrinkage=0.05


Tree=120
num_leaves=31
num_cat=0
split_feature=4 5 24 21 27 25 30 21 13 31 31 28 22 6 26 22 10 19 6 38 8 4 2 27 30 26 16 33 30 4
split_gain=0.381367 0.636196 0.613015 0.553345 0.690008 0.515942 0.363117 0.463157 0.481906 0.358921 0.493695 0.46416 0.488994 0.457022 0.430551 0.42478 0.402915 0.404927 0.39437 0.350345 0.346328 0.343991 0.413649 0.392186 0.332433 0.325706 0.319187 0.313107 0.298551 0.378554
threshold=-0.33666665852069849 -0.030000001192092892 0.33666664361953741 0.24333333969116214 -0.13666665554046628 0.35666668415069586 -0.096666663885116563 0.096666663885116591 -0.3899999856948852 -0.049999997019767754 0.35000002384185797 0.48166668415069586 0.18333333730697635 -0.090000003576278673 -1.0000000180025095e-35 0.17666667699813846 -0.063333332538604722 -0.18333333730697629 1.0000000180025095e-35 -0.12030982971191405 0.030000001192092899 0.2833333313465119 0.32999998331069952 0.25000000000000006 0.41000002622604376 0.26999998092651373 -0.2766666561365127 -0.24999999999999997 -0.1766666769981384 0.068333327770233168
decision_type=2 2 2 2 2 2 2 2 2 2 2 2 2 2 2 2 2 2 2 2 2 2 2 2 2 2 2 2 2 2
left_child=2 6 3 4 5 -1 27 20 -9 11 15 12 16 -14 -13 -11 17 -3 -12 -6 -8 22 25 26 -17 -15 -23 -2 29 -20
right_child=1 9 -4 -5 19 -7 7 8 -10 10 18 14 13 21 -16 24 -18 -19 28 -21 -22 23 -24 -25 -26 -27 -28 -29 -30 -31
leaf_value=0.013368167387843284 -0.0032510166946705778 0.0093748696051588754 -0.0064514059003737134 -0.0051160549860029408 0.007846106248880198 -0.00066656311871294064 -0.011562572651588655 0.004846604895038218 -0.0050537722983566274 0 0.0084814921987519873 0.0018542883472409768 -0.0026070086017530199 0 -0.011661456317336928 -0.010786989037925528 -0.0012954694945861666 -0.0018927693320396493 0.0017480944756920595 -0.0020492501558979641 -0.0015645010477017924 0.014605537761640339 -0.0048890773455628287 0 0.00034874861197361373 0.0099498279528765429 0 0.0029964745894571938 0.0026543413870807808 -0.011366991497240679
leaf_weight=26.866763478377838 35.959868533769622 15.118314845953138 7.0420916168950489 5.0301332210656247 6.1279273384716388 3.431193236494436 27.338742819614708 16.129522964125499 20.828235637862235 36.886169413104653 11.443624827079473 4.1971939897630364 6.3092099986970416 14.022540795383977 5.378816773183642 20.352757915272381 71.971946089994162 5.0558949823025605 2.717973381979391 25.051070174202323 23.619486998300999 23.215202902443714 6.6360671902075401 3.0278889257460824 2.9823375537525854 11.421895548701285 3.1767236469313493 31.787545997649431 13.821210610913113 5.8961301122326404
leaf_count=997 3131 626 568 341 382 258 1521 428 1689 3536 527 195 313 714 163 2074 3083 544 119 2413 1630 521 261 324 227 260 362 2379 1131 359
internal_value=0 -0.000639229 0.0031306 0.00493989 0.00651493 0.0112426 -0.0031444 -0.00516581 -7.75352e-05 0.000784306 -0.00148153 0.00219206 0.00300418 0.00606311 -0.00570011 -0.00421131 0.000265369 0.00580935 0.00264743 0.000175518 -0.00802029 0.00747561 0.00216448 0.0112135 -0.00873133 0.00538102 0.0129525 0 -0.000610899 -0.00649943
internal_weight=492.844 419.295 73.5492 66.5071 61.477 30.298 155.663 87.916 36.9578 263.632 94.1002 169.532 159.956 67.8095 9.57601 60.2213 92.1462 20.1742 33.8789 31.179 50.9582 61.5003 32.0805 29.4198 23.3351 25.4444 26.3919 67.7474 22.4353 8.6141
internal_count=31076 26117 4959 4391 4050 1255 10778 5268 2117 15339 7973 7366 7008 2755 358 5837 4253 1170 2136 2795 3151 2442 1235 1207 2301 974 883 5510 1609 478
is_linear=0
shrinkage=0.05


Tree=121
num_leaves=31
num_cat=0
split_feature=14 11 4 28 38 11 7 18 39 24 32 28 9 28 31 41 38 25 24 41 25 23 32 24 41 10 25 31 10 39
split_gain=0.347544 0.47386 0.413143 0.608999 0.466098 0.419313 0.528775 0.432397 0.365216 0.355995 0.699323 0.525308 0.671716 0.44738 0.446214 0.445777 0.763339 0.387946 0.353251 0.344127 0.336854 0.311593 0.302796 0.273488 0.528704 0.55376 0.530911 0.406433 0.381472 0.552751
threshold=-0.48333333432674402 -0.45666666328907007 0.41666668653488165 0.44166666269302374 -0.022036075592041012 0.41666668653488165 -0.43000000715255732 0.36333334445953375 0.024213561788201336 0.23666667938232425 -0.056666672229766839 0.23833334445953372 0.1566666662693024 0.38333332538604742 -0.16333332657814023 0.028521344996988777 -0.092090606689453111 0.27666664123535162 -0.1766666769981384 0.031793767586350448 0.26999998092651373 0.20333331823349002 0.23666667938232425 -0.36333334445953364 0.046601507812738426 -0.036666661500930779 -0.40333333611488337 0.35666668415069586 -0.11666667461395262 0.022817485965788368
decision_type=2 2 2 2 2 2 2 2 2 2 2 2 2 2 2 2 2 2 2 2 2 2 2 2 2 2 2 2 2 2
left_child=1 -1 3 5 -4 7 -7 9 -9 11 -11 23 18 14 20 -14 -17 -18 -13 -5 -12 22 -20 -2 28 27 -27 -26 -25 -30
right_child=2 -3 4 19 -6 6 -8 8 -10 10 13 12 15 -15 -16 16 17 -19 21 -21 -22 -23 -24 24 25 26 -28 -29 29 -31
leaf_value=0.0084110565319547095 -0.0036765909033957518 -0.0028353469516539491 -0.010672093435651056 -0.00029570993762260945 0 -0.0038800746890993963 0.0095923920134362069 -0.011846594525257406 0 -0.0032784483620121861 0.015224979842010433 0.0059466061860767305 0 -0.0013503105833192947 0.0004649835906897073 0.00048715832975870598 -0.01718649000285211 0 -0.0096597870901512697 0.010553219686292614 0 0.00098059233718321578 0.00030646975921263273 0.0016772056430179639 -0.0031168423155620156 -0.0024120300056699696 0.01054613359506236 0.0057766319474026077 0 -0.0083826034106082217
leaf_weight=20.487873185891662 33.829466669820249 6.6544755464419714 13.983674764866011 4.3649245935957905 18.008394595934078 3.8418241739273098 15.690895949373951 9.9318187276367116 6.2828978721518061 23.955632909899577 15.459753559669482 10.56359137361869 6.3856373901944599 8.9482125196373072 17.968890408053994 6.5712765620555755 19.142808538163084 4.2867888305336228 13.395354105159642 14.719377952162175 4.8144607567228368 17.471025496022776 4.6244451557286075 49.734694092068821 29.848238680977374 3.9873695813585064 29.620806725462899 14.013153902720658 34.973617184907198 27.267730931052938
leaf_count=307 3440 107 1117 110 1542 238 1251 985 431 1689 545 562 214 341 1487 279 777 220 628 449 239 737 185 3961 2400 312 1778 423 2602 1796
internal_value=-8.81817e-06 0.00488533 -0.000407276 0 -0.00540711 -0.000421528 0.00567431 -0.000867843 -0.00771679 -0.000391551 0.00255686 -0.00119392 -0.00445794 0.0060247 0.00826449 -0.0090047 -0.0112438 -0.014812 0 0.00759802 0.0125409 -0.0026773 -0.00662366 0 0.000862318 0.0039589 0.00824506 0 -0.0011605 -0.00374245
internal_weight=490.829 27.1423 463.687 431.695 31.9921 412.61 19.5327 393.078 16.2147 376.863 71.147 305.716 82.4409 47.1913 38.2431 36.3865 30.0009 23.4296 46.0544 19.0843 20.2742 35.4908 18.0198 223.275 189.446 77.4696 33.6082 43.8614 111.976 62.2413
internal_count=31152 414 30738 28079 2659 27520 1489 26031 1416 24615 4301 20314 3602 2612 2271 1490 1276 997 2112 559 784 1550 813 16712 13272 4913 2090 2823 8359 4398
is_linear=0
shrinkage=0.05


Tree=122
num_leaves=31
num_cat=0
split_feature=27 38 27 32 37 38 33 2 23 21 24 33 25 32 6 27 25 41 26 22 31 23 24 24 35 41 36 11 37 24
split_gain=0.386467 0.392663 0.374002 0.755544 0.680578 0.525546 0.500314 0.403328 0.808822 0.608395 0.594528 0.453151 0.403379 0.472555 0.429375 0.372383 0.335132 0.80917 0.52524 0.420138 0.380558 0.411549 0.399235 0.349671 0.324294 0.348072 0.32035 0.32006 0.308778 0.308716
threshold=-0.17000000178813932 0.18432664871215823 -0.28333333134651179 -0.35000000894069666 0.042311668395996101 0.074303150177001967 -0.43000000715255732 0.29666668176651007 0.25666666030883795 0.45666664838790899 0.23000001907348636 0.030000001192092899 -0.24999999999999997 0.20333331823349002 0.31666666269302374 -0.35000000894069666 -0.18333333730697629 0.046721586957573898 -0.33666665852069849 0.36833333969116216 -0.28333333134651179 -0.036666661500930779 0.31666666269302374 -0.1766666769981384 -0.32999998331069941 0.02748545911163092 -0.16333332657814023 -0.17000000178813932 0.04525041580200196 -0.25666666030883784
decision_type=2 2 2 2 2 2 2 2 2 2 2 2 2 2 2 2 2 2 2 2 2 2 2 2 2 2 2 2 2 2
left_child=2 16 3 6 5 24 -1 8 10 11 12 -10 28 26 -15 -8 17 18 -2 -19 21 -18 23 -23 -4 -26 -14 -3 -5 -20
right_child=1 27 4 7 -6 -7 15 -9 9 -11 -12 -13 13 14 -16 -17 20 19 29 -21 -22 22 -24 -25 25 -27 -28 -29 -30 -31
leaf_value=-0.0021037328634082321 0.0026273880083490606 -0.0012311099530968456 0 -0.01338671029975474 -0.0034573994504311259 -0.0024641602642493897 0.015132545627921344 -0.0051881494468819598 0 -0.003007599116651806 0.0038777656171482921 0.013408173837040085 -0.0050444782725836317 -0.012431949383223041 0 0 -0.004760341482082037 0.0087065673036013595 0 -0.0030073303946643992 -0.0054253322546901871 0 -0.0026247973364063211 0.011555116329356784 0 0.011214623127519929 0.0032203157014359589 0.010067545638574829 0 -0.0093739791205120822
leaf_weight=3.167918637860569 13.93281417316757 3.9675713053438812 6.1679443689063183 11.46687015541829 16.105831494904123 7.1846392073202869 10.154364399379119 43.963136652251706 7.4236456644721391 6.174748493358492 22.222597708925605 16.756253730854951 9.0234405726660025 9.6220501081552374 7.5824575242586425 3.2790909600444111 18.383163526421413 24.45587334246375 7.9949110285379019 3.2016316670924416 100.05501657049172 6.9376690110657409 7.2739228024147442 10.904810130828992 5.2045289136003694 37.704589406494051 36.992188967065886 6.2536753728054446 3.0534026392269871 23.91474897263106
leaf_count=141 1193 231 300 448 827 397 367 1373 257 125 697 464 378 302 312 219 1448 2010 795 288 10585 545 527 464 228 1765 1406 563 101 2417
internal_value=-0.000338785 -0.00186076 0.000894542 -0.000170952 0.0038219 0.00643961 0.00830286 -0.00136628 0 0.00652403 -0.00211655 0.00990049 -0.00428368 -0.00164313 -0.00760202 0.0119352 -0.00244408 0 -0.00362532 0.00631341 -0.00380939 0 0.00391254 0.00761605 0.00832343 0.00972588 0.000724071 0.00530744 -0.0107201 -0.00699866
internal_weight=490.526 227.276 263.25 190.882 72.3675 56.2617 16.6014 174.281 130.318 30.3546 99.963 24.1799 77.7404 63.2201 17.2045 13.4335 217.055 73.5 45.8425 27.6575 143.555 43.4996 25.1164 17.8425 49.0771 42.9091 46.0156 10.2212 14.5203 31.9097
internal_count=31173 21066 10107 6590 3517 2690 727 5863 4490 846 3644 721 2947 2398 614 586 20272 6703 4405 2298 13569 2984 1536 1009 2293 1993 1784 794 549 3212
is_linear=0
shrinkage=0.05


Tree=123
num_leaves=31
num_cat=0
split_feature=30 22 4 7 31 31 39 39 38 30 25 9 3 23 41 41 19 28 33 18 10 39 36 1 27 24 41 39 19 27
split_gain=0.351081 0.54772 0.406837 0.506586 0.452929 0.536195 0.570062 0.835243 0.738677 0.636439 0.50078 0.495138 0.458504 0.48567 0.497922 0.456934 0.448043 0.442288 0.431616 0.408522 0.392095 0.383453 0.58499 0.380791 0.368971 0.351082 0.350981 0.344169 0.322259 0.304944
threshold=0.47500002384185797 -0.35000000894069666 0.30333334207534796 0.25666666030883795 0.35666668415069586 -0.24999999999999997 0.029205097816884521 0.018832436762750152 -0.013042449951171873 0.40333333611488348 0.35666668415069586 0.32999998331069952 -0.22333332896232602 -0.11666667461395262 0.046853924170136459 0.053183959797024734 0.043333351612091071 0.36333334445953375 -0.36333334445953364 -0.4433333277702331 0.13666665554046634 0.029205097816884521 0.096666663885116591 -0.21666666865348813 -0.1766666769981384 0.056666672229766853 0.072233974933624281 0.04782813414931298 -0.29666668176650995 -0.4433333277702331
decision_type=2 2 2 2 2 2 2 2 2 2 2 2 2 2 2 2 2 2 2 2 2 2 2 2 2 2 2 2 2 2
left_child=2 -2 4 23 5 6 7 8 20 -10 16 12 13 14 -6 18 -9 25 -14 -8 -1 29 27 -4 -3 -5 -17 -23 -19 -7
right_child=1 24 3 17 11 21 19 10 9 -11 -12 -13 15 -15 -16 26 -18 28 -20 -21 -22 22 -24 -25 -26 -27 -28 -29 -30 -31
leaf_value=0 -0.0043996956465846776 0.010717606560124118 0.00062840151239862787 -0.0019628803089014948 -0.001453433242436114 0.0017499165526813018 -0.011051089260414084 0.010667646563449918 -0.0011799936220847733 0.011135210614801506 -0.0016708077023604865 -0.0044332665153862909 0 -0.0077481053743435587 0.010317706224743643 -0.0062828694020473979 -0.00047757976475188199 0.001208933985226962 0.014270039640825408 0.00019084686537953479 -0.01462343658346082 0.0095951433088377822 -0.0053148671748048468 -0.0089012436168740307 0 0.009023037760532978 0.0061826641133897135 -0.001728617019838516 -0.0074727479977004787 -0.0038845964129929781
leaf_weight=7.2840152659919095 5.1667401997838196 19.796480628661818 6.9566084223333737 3.6915148717816946 11.366451646201318 18.51234042737633 6.394418956711891 45.929482945008203 23.343972680158913 8.8734629037789983 6.582985144108533 7.5581209654919794 5.5718764080665997 6.5950781621504566 9.6514184125699085 5.437419801251961 5.2777200047858051 11.623081582831221 21.270751596661288 11.53826745552942 6.0226161966565996 17.290725172031678 7.4888719844166181 33.546943867113441 6.3414557279320389 13.794498616713097 5.1435759847518057 2.5047216208185992 13.972426557564175 138.99941108399071
leaf_count=372 99 346 457 363 596 591 137 1565 1221 171 581 657 276 243 308 265 543 259 953 628 288 1316 679 2189 338 1190 139 188 1197 12999
internal_value=0.000190268 0.00487782 -0.000132248 -0.00320629 0.000520786 -0.000267938 0.00215861 0.00373511 -0.000858906 0.00277343 0.00748635 0.00393057 0.00554684 0 0.00411749 0.00875954 0.00915233 0.000135274 0.0116718 -0.00453876 -0.00907708 -0.00200887 0.00261639 -0.006857 0.00796865 0.00573036 0 0.00712438 -0.00325818 -0.00302957
internal_weight=493.527 31.3047 462.223 83.5851 378.638 306.043 121.247 103.314 45.5241 32.2174 57.7902 72.5947 65.0366 27.6129 21.0179 37.4236 51.2072 43.0815 26.8426 17.9327 13.3066 184.796 27.2843 40.5036 26.1379 17.486 10.581 19.7954 25.5955 157.512
internal_count=31154 783 30371 5655 24716 21279 5506 4741 2052 1392 2689 3437 2780 1147 904 1633 2108 3009 1229 765 660 15773 2183 2646 684 1553 404 1504 1456 13590
is_linear=0
shrinkage=0.05


Tree=124
num_leaves=31
num_cat=0
split_feature=6 4 4 21 39 39 14 32 6 39 36 8 27 19 39 4 40 33 40 41 10 25 18 1 26 1 11 10 19 34
split_gain=0.285202 0.443927 0.374427 0.534869 0.463123 0.332586 0.272621 0.267872 0.471778 0.616715 0.448708 0.899425 0.672318 0.652584 0.506295 0.503264 0.461645 0.512846 0.437726 0.50402 0.484521 0.429041 0.455271 0.39649 0.388341 0.382866 0.377094 0.373874 0.66627 0.472624
threshold=-0.41666667163372034 -0.33666665852069849 -0.41666667163372034 0.23666667938232425 0.02868249919265509 0.022715920582413677 0.42333334684371954 0.21666666865348819 0.38333332538604742 0.022249293513596061 0.17000001668930056 -0.063333332538604722 -0.46999999880790705 -0.04333332180976867 0.013348268344998361 -1.0000000180025095e-35 0.71999999880790722 0.1566666662693024 0.71999999880790722 0.033665614202618606 -0.030000001192092892 0.01666665077209473 -0.0099999904632568342 -0.22999998927116391 0.44333332777023321 -1.0000000180025095e-35 0.11000001430511476 0.11000001430511476 -0.2766666561365127 -0.32333332300186152
decision_type=2 2 2 2 2 2 2 2 2 2 2 2 2 2 2 2 2 2 2 2 2 2 2 2 2 2 2 2 2 2
left_child=6 2 5 4 -4 -2 -1 10 21 -10 11 18 -12 16 -13 -16 17 -14 19 20 -3 22 -9 -17 -21 -20 -11 28 -23 -29
right_child=1 7 3 -5 -6 -7 -8 8 9 26 12 14 13 -15 15 23 -18 -19 25 24 -22 27 -24 -25 -26 -27 -28 29 -30 -31
leaf_value=-0.006269589300998097 -0.0052192723906802803 0.0080918993851882767 0.012096636368942126 -0.0034547636798160359 0 0.0045384654354444793 0.0016452538986724643 0.010890071071008766 0.0024774065896934084 -0.012460424550932901 -0.0073293883999360973 0.0027952897903669918 0 -0.0020001398366801502 -0.00027557222586333685 0 0 0.013692621811070674 0 -0.0052401325662704539 -0.0035388778542415778 0.011856420848387339 0 -0.012326622966649351 0.0043531088430263758 0.0082107811545264683 0 0.003888362011648223 -0.00077794925353873742 -0.0064366353806607672
leaf_weight=26.014284584671259 11.967771511990579 15.886953663779424 24.952063884236853 3.5455547850579014 5.9713927053380749 10.604264361318199 6.9499544498976311 23.583589919377118 23.826641432358883 10.328036931692624 7.5142796696163705 6.070200770860537 5.0035337824374464 16.652709256741218 21.676972639514133 4.679687102790921 9.866688792826606 22.257376492489129 18.67110267165117 63.188845846569166 7.0978720088023683 10.657511608209463 11.37060901802033 38.29004885838367 4.9062823387794188 20.561670816270635 10.860351946088484 9.8195631478447449 17.719013766967691 22.951415403746068
leaf_count=1983 1010 1285 1544 196 288 699 513 740 1789 441 196 368 235 1735 1383 313 490 901 1244 4496 443 207 852 2392 135 1476 944 408 1368 1028
internal_value=8.29046e-05 0.000473366 0.0043848 0.00728565 0.00955546 0 -0.00396288 -7.47494e-05 0.0015742 -0.00214017 -0.00107033 -0.00226608 0.00233226 0.00470055 -0.0065695 -0.00796543 0.0081458 0.010988 7.22328e-05 -0.0016412 0.00364864 0.00358243 0.0076076 -0.0108251 -0.003915 0.00429276 -0.00765302 0.000434994 0.00448115 -0.00257506
internal_weight=493.446 460.482 57.041 34.469 30.9235 22.572 32.9642 403.441 141.117 45.015 262.324 201.03 61.2946 53.7803 70.7169 64.6467 37.1276 27.2609 130.313 91.08 22.9848 96.1017 34.9542 42.9697 68.0951 39.2328 21.1884 61.1475 28.3765 32.771
internal_count=31102 28606 3737 2028 1832 1709 2496 24869 7777 3174 17092 13535 3557 3361 4456 4088 1626 1136 9079 6359 1728 4603 1592 2705 4631 2720 1385 3011 1575 1436
is_linear=0
shrinkage=0.05


Tree=125
num_leaves=31
num_cat=0
split_feature=4 5 39 41 40 4 5 37 6 33 37 31 33 39 16 35 24 33 27 32 19 37 38 10 7 32 6 23 19 27
split_gain=0.367493 0.477086 0.477417 0.478282 0.532297 0.308688 0.349091 0.4213 0.400577 0.42524 0.489854 0.393972 0.365818 0.334565 0.331879 0.378685 0.3256 0.295945 0.560677 0.319776 0.288869 0.288191 0.250308 0.242333 0.241687 0.2411 0.2786 0.240813 0.453678 0.230058
threshold=0.44333332777023321 0.30333334207534796 0.015789056196808818 0.044856913387775428 0.083333332091569914 -0.29666668176650995 -0.036666661500930779 -0.047028064727783196 0.096666663885116591 -0.04333332180976867 0.0067873001098632821 -0.016666665673255917 0.25000000000000006 0.013578832149505617 -0.36333334445953364 0.32999998331069952 0.40333333611488348 0.30333334207534796 -0.016666665673255917 -0.45666666328907007 -0.1766666769981384 -0.030344486236572262 -0.037229537963867181 0.36333334445953375 0.49666666984558111 0.38333332538604742 0.27666664123535162 0.43000000715255743 -0.14333333075046537 0.083333313465118422
decision_type=2 2 2 2 2 2 2 2 2 2 2 2 2 2 2 2 2 2 2 2 2 2 2 2 2 2 2 2 2 2
left_child=1 5 21 4 25 16 7 -7 9 10 -8 14 -11 -9 15 22 17 18 19 -1 -16 -3 -10 29 -2 26 -4 28 -5 -19
right_child=24 2 3 27 -6 6 8 13 11 12 -12 -13 -14 -15 20 -17 -18 23 -20 -21 -22 -23 -24 -25 -26 -27 -28 -29 -30 -31
leaf_value=-0.00078785917107483889 -0.0072625721763260615 0.0036233940193029219 -0.0023659032363060346 0.0087195403205048531 0.01119431109466007 0.0018972921231322133 -0.0052654809340746097 0.0015733196726085313 -0.0095046425381235342 0.0086459071141204123 0.0043580934738084885 -0.0066660941967938052 0 -0.0052611502346885542 0.0080536038617319197 0.0044205252153802005 -0.0062534497156253692 -0.010217506677684347 -3.0544353306739778e-05 0.0094316670270013364 -0.00063810596599814522 -0.0067836427656989932 0 0.002240443377429849 0.0021285655771233502 -0.0068358446777355922 0.0082794356281897154 -0.0062000654518101876 -0.0024686018753129167 0.00036065227597350852
leaf_weight=3.0125466533936551 20.017207870027054 2.8040935434401026 3.3072105506435019 9.82601380674169 32.821491832495667 26.708090021740645 21.246334237977862 12.464178627124054 11.065160098951312 30.490205690963194 18.825701234396547 22.478606205433607 10.081308700144289 97.854015646851622 14.411034797551112 7.0168099701404563 2.8134080865420392 5.2820213502272946 28.100286644534208 36.955019371351227 7.6945700712967655 10.660648987046441 18.228031675796956 6.6065327294636518 1.3910681826528151 3.039961809758096 6.0311781822238117 5.0742327643092713 11.601802708348258 1.4290520821232346
leaf_count=201 1752 140 144 261 1692 1823 1539 849 340 1612 1342 2014 576 6916 671 150 218 358 2558 1645 832 666 421 437 131 200 172 218 1028 187
internal_value=0.000147449 0.000519605 0.0037858 0.00548582 0.00830814 -0.000190046 -0.00100607 -0.00283364 0.000440925 0.00294674 -0.000222962 -0.0018004 0.00623962 -0.00423271 0.000130349 -0.00229845 0.00230081 0.00329168 0.00468483 0.00811522 0.00464832 -0.00288312 -0.00509414 -0.0017782 -0.00540784 0 0.00342874 0 0.00253552 -0.00689122
internal_weight=489.338 467.93 85.1666 71.7019 45.1998 382.763 298.564 137.026 161.538 80.6435 40.072 80.8942 40.5715 110.318 58.4156 36.31 84.1989 81.3855 68.0679 39.9676 22.1056 13.4647 29.2932 13.3176 21.4083 12.3784 9.33839 26.502 21.4278 6.71107
internal_count=31093 29210 4521 3715 2208 24689 19085 9588 9497 5069 2881 4428 2188 7765 2414 911 5604 5386 4404 1846 1503 806 761 982 1883 516 316 1507 1289 545
is_linear=0
shrinkage=0.05


Tree=126
num_leaves=31
num_cat=0
split_feature=35 39 19 22 35 9 7 28 17 13 26 20 40 23 2 26 22 5 38 12 39 40 29 38 41 41 37 29 31 40
split_gain=0.348711 0.35148 0.422112 0.696112 0.401095 0.349993 0.7703 0.414075 0.345357 0.350431 0.311983 0.311414 0.33675 0.340171 0.331625 0.308886 0.297149 0.29097 0.443274 0.387955 0.465356 0.502076 0.520018 0.537274 0.485587 0.460794 0.411798 0.372997 0.400014 0.364912
threshold=0.29000002145767217 0.024600272066891197 -0.37666666507720942 0.33666664361953741 0.34499999880790716 0.43000000715255743 0.32333332300186163 0.17000001668930056 -0.13666665554046628 0.42333334684371954 0.13666665554046634 -0.45666666328907007 0.076666664332151427 -0.15666666626930234 -0.28333333134651179 -0.023333340883255001 0.4499999880790711 0.27666664123535162 -0.022851467132568356 -0.26999998092651362 0.0129718822427094 0.92333334684371959 0.083333313465118422 -0.092090606689453111 0.061374438926577575 0.028521344996988777 0.0067873001098632821 -0.4433333277702331 0.47666668891906744 0.47666665911674505
decision_type=2 2 2 2 2 2 2 2 2 2 2 2 2 2 2 2 2 2 2 2 2 2 2 2 2 2 2 2 2 2
left_child=5 2 3 -2 -3 6 11 -8 10 15 -4 -1 13 14 -13 -10 -6 19 -19 20 -14 22 -22 -24 25 -25 -23 -21 29 -29
right_child=1 4 8 -5 16 -7 7 -9 9 -11 -12 12 17 -15 -16 -17 -18 18 -20 27 21 26 23 24 -26 -27 -28 28 -30 -31
leaf_value=-0.0076254388551247488 0.013767928527638491 0.0045806478326561473 0.001253704245447716 -0.0011896468202669255 -0.0071012399429090482 0.0052474216210048573 0 -0.014077764652934378 0 -0.0024444402548503327 -0.0093602505085018887 -0.0050915322446819962 0.0055931626310697152 -0.0063074520973990487 0.0055996753525194799 0.0089751048690736024 0.002872736179239806 -0.0011051792246684427 0.0088306241804669439 -0.0046620839704547088 0 -0.0042303850821403177 0.0014257681819057075 0 1.9143680762510209e-05 -0.01353147136285502 0.008901475149811152 0.0039459276529717089 0.010867117984215821 -0.00089102438771394604
leaf_weight=8.8329849244328198 16.193346474785361 10.427875829860566 5.2819773533847165 6.2802854706533244 21.405721050803553 15.5433614004869 6.4854562350083169 11.080134226242079 8.458267205860464 8.7708221653010678 6.8263052203692496 4.9676233618520227 8.5508316482882929 34.4272371083498 11.895901432028039 20.099448828143071 2.4276345731923348 11.598210830008613 18.187465900438838 13.784985055215655 29.998656120616943 2.5658049127086988 7.471086267149075 7.499436240643262 6.2626166054978958 33.875376041280106 8.3736342240590584 63.785567736718804 7.7037086349446318 70.836719423299655
leaf_count=568 287 505 516 124 1332 940 595 616 1054 1087 297 398 336 2242 753 1342 123 643 1002 983 1709 140 340 239 209 1072 340 5192 181 5964
internal_value=-1.35063e-05 0.00239074 0.00434252 0.00934012 -0.00112152 -0.00076944 -0.00117033 -0.00998568 0.000854673 0.00353793 -0.0044683 -0.000498012 -0.000113553 -0.0036764 0.000847167 0.00620411 -0.00487388 0.000492865 0.00472651 0 -0.0023653 -0.00360601 -0.0050456 -0.00769611 -0.00959226 -0.011393 0.00393814 0.00147174 0.00239894 0.00129357
internal_weight=489.898 106.172 71.9105 22.4736 34.2612 383.727 368.183 17.5656 49.4368 37.3285 12.1083 350.618 341.785 51.2908 16.8635 28.5577 23.8334 290.494 29.7857 260.708 104.597 96.0466 85.1072 55.1085 47.6374 41.3748 10.9394 156.111 142.326 134.622
internal_count=31129 6667 4707 411 1960 24462 23522 1211 4296 3483 813 22311 21743 3393 1151 2396 1455 18350 1645 16705 4385 4049 3569 1860 1520 1311 480 12320 11337 11156
is_linear=0
shrinkage=0.05


Tree=127
num_leaves=31
num_cat=0
split_feature=23 9 27 4 35 17 18 4 24 24 9 27 4 26 39 14 32 38 19 19 29 21 24 8 9 27 17 2 32 33
split_gain=0.414178 0.417563 0.40006 0.330073 0.313187 0.542905 0.435819 0.396042 0.494792 0.536822 0.558271 0.626383 0.489527 0.401987 0.39632 0.609481 0.570711 0.449621 0.627411 0.390891 0.359166 0.367406 0.342551 0.337641 0.314337 0.307129 0.359953 0.310298 0.286561 0.283134
threshold=-0.37666666507720942 0.41000002622604376 0.23000001907348636 0.13666665554046634 0.29000002145767217 -0.4433333277702331 0.1566666662693024 0.30333334207534796 -0.33666665852069849 -0.16333332657814023 0.23000001907348636 1.0000000180025095e-35 0.17666667699813846 0.26333332061767584 0.020644122734665874 0.23000001907348636 0.043333351612091071 -0.013042449951171873 0.13666665554046634 -0.37666666507720942 0.20333331823349002 -0.10333332419395445 -0.15000000596046445 0.23000001907348636 -0.16333332657814023 -0.28333333134651179 -0.26999998092651362 0.44333332777023321 0.096666663885116591 -0.13666665554046628
decision_type=2 2 2 2 2 2 2 2 2 2 2 2 2 2 2 2 2 2 2 2 2 2 2 2 2 2 2 2 2 2
left_child=1 2 3 -1 7 -6 19 8 -2 10 11 -10 14 -14 16 23 17 18 -11 -7 21 -19 -21 -16 -17 27 -27 -9 -25 -15
right_child=4 -3 -4 -5 5 6 -8 25 9 12 -12 -13 13 29 15 24 -18 20 -20 22 -22 -23 -24 28 -26 26 -28 -29 -30 -31
leaf_value=-0.0097998276239525464 -0.004401471496243081 0.0036155235279640716 0.00081146375676356675 0.00012967775662349069 0.0093538908163744109 0.0026045618504987227 0.0043001735453150813 -0.0099821517643217603 0.011715973271539202 0.013683666607345137 -0.002326169833569747 0 0 0 -0.0067720671653301121 0.0084060702808361025 -0.004316147917348633 0.0028440829334589624 -0.0021208810006070051 0 0.007116894858764336 -0.0069491896576406482 -0.0097074166742122572 0.0074078093763477772 -0.0020256078150355824 0.0066288034004157899 -0.0032491978972735629 0 -0.003970912868813902 0.01115724157622126
leaf_weight=31.15442105254624 34.055783597519621 7.2081351198721668 9.7374986377544683 4.4316071160137644 20.054486497538164 11.484843306709079 35.038669089088216 18.220608907518912 28.922446745447814 13.796846670564266 10.857922579394652 18.996437086374499 25.403364766389132 3.3021619189530638 61.735874971956946 9.0527321803383511 20.827046592487022 8.4743834328837746 3.5462336984928688 8.1844442326109856 7.3586661003064355 15.178399466909466 15.850045440951362 4.7555541349574906 4.7314764980692408 7.1682448221836266 24.429822665406391 4.8218977043870828 3.3713992813136429 15.817911000456659
leaf_count=1990 2990 478 1023 218 385 238 3285 594 1412 935 741 1708 1756 147 3911 363 1045 653 257 740 251 1183 806 177 334 328 2273 163 118 490
internal_value=1.62415e-05 -0.00388216 -0.00584496 -0.00812182 0.000589556 0.00311213 0.000417455 -4.3948e-05 0.000638968 0.00148994 0.00544879 0.00773699 6.19685e-05 0.00445598 -0.00118071 -0.00347422 0.00131579 0.00441017 0.00966655 -0.00287851 0 -0.00273183 -0.00632787 -0.00548687 0.00403335 -0.00378741 0 -0.00750926 0.00123608 0.00894103
internal_weight=487.969 52.5317 45.3235 35.586 435.438 90.6125 70.558 344.825 290.185 256.129 58.7768 47.9189 197.352 44.5234 152.829 83.647 69.1816 48.3545 17.3431 35.5193 31.0114 23.6528 24.0345 69.8628 13.7842 54.6406 31.5981 23.0425 8.12695 19.1201
internal_count=30992 3709 3231 2208 27283 5454 5069 21829 18471 15481 3861 3120 11620 2393 9227 4903 4324 3279 1192 1784 2087 1836 1546 4206 697 3358 2601 757 295 637
is_linear=0
shrinkage=0.05


Tree=128
num_leaves=31
num_cat=0
split_feature=31 38 37 41 38 41 2 16 33 32 16 0 40 12 38 41 38 39 38 41 40 10 26 21 31 12 25 38 38 21
split_gain=0.368188 0.632909 0.44926 1.24161 1.14667 0.723363 0.59135 0.441707 0.507864 0.637672 0.584049 0.429598 0.413993 0.408261 0.566109 0.354972 0.347225 0.960318 0.844185 0.747337 0.682341 0.657207 0.498135 0.422642 0.453923 0.360427 0.575391 0.479352 0.650462 0.584751
threshold=0.35000002384185797 0.074303150177001967 -0.015917301177978512 0.044630834832787521 -0.029649734497070309 0.052496397867798812 0.38333332538604742 -0.26333332061767573 0.38333332538604742 0.30333334207534796 -0.46999999880790705 -0.30333334207534784 0.9533333182334901 -0.036666661500930779 0.15541124343872073 0.05063311010599137 -0.022851467132568356 0.018965492025017742 -0.0041112899780273429 0.028690008446574215 0.81666666269302379 0.11000001430511476 0.083333313465118422 0.35000002384185797 -0.10333332419395445 -0.32333332300186152 -0.076666668057441698 0.03821611404418946 0.03019046783447266 0.056666672229766853
decision_type=2 2 2 2 2 2 2 2 2 2 2 2 2 2 2 2 2 2 2 2 2 2 2 2 2 2 2 2 2 2
left_child=7 2 3 4 -2 11 12 8 13 -10 -11 -5 -4 16 15 -15 17 19 20 -1 -18 -21 -19 24 -24 27 -27 28 -20 -29
right_child=1 -3 6 5 -6 -7 -8 -9 9 10 -12 -13 -14 14 -16 -17 18 22 25 21 -22 -23 23 -25 -26 26 -28 29 -30 -31
leaf_value=0.0023729561562875947 -0.016245594480460712 -0.0059856486512381429 0.012452741636848938 0 0.0034962097727332373 -0.00021492213010575645 -0.0021051557991189312 -0.0025770126200790359 0.013129242281205867 -0.0084614463132172829 0.0049875902871276689 0.01703710163181419 -0.00093573998283620499 -0.012775578496710106 0.0050866186231386477 0 0.015976704155547614 -0.0048670439280522754 0.0015220633240983364 0 -2.2322181501516257e-05 -0.021338696885130303 0.010618546449747655 -0.0022285420369776749 -0.00065474030274637279 -0.010523135992136961 0.00057991408820794144 -0.00039568800587397757 -0.013165268439405624 0.0092353389251281573
leaf_weight=3.8554276251234141 9.8200984585564601 9.5253200621809793 28.934986317297447 3.5374128725379697 7.4311910581309339 12.521593602839856 5.3299119656439862 155.64364190597553 11.385125489206983 6.3355279015377155 17.192854389082644 9.5690771974623221 1.9852658885065455 12.712370304623624 2.3986653815954915 5.0564447441138318 11.367951353080572 13.07396706775762 16.763471127720553 6.875980918761341 5.9555456433445206 7.3076469758525491 20.718641042709351 8.3652778943069261 6.5935851377435055 11.555533515755085 22.320491281338036 20.3545935053844 4.3125734017230561 27.158460147911683
leaf_count=91 527 1024 1473 103 409 386 374 19107 250 110 545 279 155 558 70 223 290 659 429 245 159 225 555 214 220 421 720 483 117 588
internal_value=9.37482e-05 0.00294034 0.00465463 0.000358704 -0.00795864 0.00719556 0.00837187 -0.000513749 0.000744411 0.00585512 0 0.013428 0.0109036 -0.000141919 -0.0060845 -0.00954767 0.000540158 -0.00205463 0.00221468 -0.0104071 0.0108138 -0.0147924 0.00138115 0.00464169 0.00751879 1.2587e-05 -0.00359403 0.00227488 -0.00281135 0.00506047
internal_weight=485.959 88.6549 79.1295 42.8794 17.2513 25.6281 36.2502 397.304 241.66 34.9135 23.5284 13.1065 30.9203 206.747 20.1675 17.7688 186.579 66.7905 119.789 18.0391 17.3235 14.1836 48.7515 35.6775 27.3122 102.465 33.876 68.5891 21.076 47.5131
internal_count=31009 4730 3706 1704 936 768 2002 26279 7172 905 655 382 1628 6267 851 781 5416 2209 3207 561 449 470 1648 989 775 2758 1141 1617 546 1071
is_linear=0
shrinkage=0.05


Tree=129
num_leaves=31
num_cat=0
split_feature=10 19 12 39 12 3 2 5 12 22 41 7 29 10 41 6 24 39 32 1 8 12 24 21 38 23 40 5 21 29
split_gain=0.330902 0.342255 0.46854 0.37727 0.38771 0.367302 0.30556 0.483929 0.397783 0.437183 0.416725 0.524951 0.501165 0.388041 0.709826 0.400946 0.366154 0.354301 0.312394 0.284684 0.28351 0.372605 0.456056 0.298747 0.3152 0.289038 0.281074 0.26644 0.26035 0.248654
threshold=0.48333334922790533 0.3966666460037232 0.23666667938232425 0.023099512793123726 0.41666668653488165 0.37000000476837164 -0.036666661500930779 0.29666668176651007 -0.049999997019767754 -0.3899999856948852 0.03895267844200135 0.083333313465118422 0.16333335638046267 -0.076666668057441698 0.049432035535573966 0.44333332777023321 0.33666664361953741 0.013348268344998361 0.36333334445953375 0.44333332777023321 0.36333334445953375 -0.40333333611488337 -0.16333332657814023 -0.22333332896232602 -0.038792133331298821 0.29000002145767217 0.88333332538604747 0.38999998569488531 -0.25666666030883784 0.24333333969116214
decision_type=2 2 2 2 2 2 2 2 2 2 2 2 2 2 2 2 2 2 2 2 2 2 2 2 2 2 2 2 2 2
left_child=1 2 6 -4 5 -5 7 20 9 -8 11 -11 -12 -10 15 26 -9 -14 29 -19 21 -1 -23 -24 -25 -26 -15 -2 -3 -13
right_child=27 28 3 4 -6 -7 8 16 13 10 12 18 17 14 -16 -17 -18 19 -20 -21 -22 22 23 24 25 -27 -28 -29 -30 -31
leaf_value=0.0049122758422346889 0.011396339571993822 -0.0088610310961431335 0 0.011416642062743598 -0.001435027592676272 0 -0.0089216321448519695 0.011096772862574817 0 -0.0010484717671598498 0.0023614114167196465 0 0.0035044634019595327 -0.016603637664382512 0.00066394582178098797 0.00024128327592003477 -0.00057076794213642206 -0.007527578483568673 0 0.0016769699101826818 -0.0065820636750763238 0.0031126166126158139 0.00050255340554614851 0 -0.0099076755232787705 0.00039104391704863255 0 0 0 0.010155053169143996
leaf_weight=32.241171714616939 5.2586337451357377 13.553430893691258 37.225739383604378 23.543637818889696 4.4791167366784057 5.062187527306377 7.8901243146974585 12.454028907464819 23.671256189700216 33.321918676840141 29.468964553670958 6.2653063898906103 3.4455859037116161 16.34759516210762 9.2487470302730781 1.4432496703229833 3.8452722851652643 44.490699531044811 7.622316615888848 2.7876355370972297 9.2070179188158345 36.409286719397642 21.364987174863927 16.11068250448443 24.940718070138249 2.4859974966384462 3.4105173216667017 3.8796060371678323 17.088740328326821 26.713895596913062
leaf_count=948 338 1394 3424 1288 370 398 305 496 2112 1901 2152 432 103 1334 740 65 177 1648 245 86 471 3150 1516 1114 1868 150 284 287 1539 714
internal_value=0 -0.000254068 7.20334e-05 0.00369449 0.00712606 0.00920537 -0.000588703 0.000954562 -0.00183212 -0.000360447 0.000239608 0.00296337 -0.00201267 -0.00534598 -0.00858802 -0.0127993 0.00781015 -0.00497558 0.00650345 -0.00638789 0 0.000598281 -0.000739522 -0.00333364 -0.00555369 -0.00832365 -0.0145568 0.00725195 -0.0049129 0.00840247
internal_weight=485.278 476.14 445.498 70.3107 33.0849 28.6058 375.187 159.059 216.128 162.006 154.116 73.9234 80.1929 54.1214 30.4501 21.2014 16.2993 50.7239 40.6015 47.2783 142.76 133.553 101.312 64.9024 43.5374 27.4267 19.7581 9.13824 30.6422 32.9792
internal_count=31049 30424 27491 5480 2056 1686 22011 9890 12121 7586 7281 3292 3989 4535 2423 1683 673 1837 1391 1734 9217 8746 7798 4648 3132 2018 1618 625 2933 1146
is_linear=0
shrinkage=0.05


Tree=130
num_leaves=31
num_cat=0
split_feature=24 10 15 37 30 37 37 39 30 39 9 9 0 35 27 12 31 39 2 37 35 40 18 39 21 41 10 36 25 25
split_gain=0.274249 0.259361 0.341012 0.855926 0.706723 0.676985 0.528893 0.417653 0.40242 0.317161 0.310224 0.586644 0.44349 0.460903 0.392658 0.388695 0.466299 0.554447 0.528509 0.460745 0.360407 0.35783 0.346163 0.434512 0.360199 0.338336 0.453204 0.339823 0.331433 0.393688
threshold=0.4499999880790711 0.48333334922790533 0.22333335876464847 -0.05776929855346679 -0.29666668176650995 0.011377334594726564 0.027335166931152347 0.022249293513596061 0.069999992847442641 0.029205097816884521 0.43000000715255743 0.18333333730697635 -0.0099999904632568342 0.1566666662693024 -0.35000000894069666 -0.41666667163372034 0.35666668415069586 0.0300090815871954 -0.31666666269302363 0.04525041580200196 0.23000001907348636 0.65666666626930248 -0.40333333611488337 0.04782813414931298 -0.30333334207534784 0.032098621129989631 0.23000001907348636 0.41000002622604376 0.24333333969116214 -0.17000000178813932
decision_type=2 2 2 2 2 2 2 2 2 2 2 2 2 2 2 2 2 2 2 2 2 2 2 2 2 2 2 2 2 2
left_child=1 2 10 7 5 -5 -7 -4 -9 -8 11 15 25 -14 -12 -1 17 21 -18 -20 -15 -17 -19 24 -24 -13 -27 -28 29 -22
right_child=-2 -3 3 4 -6 6 9 8 -10 -11 14 12 13 20 -16 16 18 22 19 -21 28 -23 23 -25 -26 26 27 -29 -30 -31
leaf_value=0.0053258398479941148 -0.0054663857572134975 0.006704813678576043 -0.0024148811647302271 -0.00604445231164867 -0.0097131677309150715 0.01335661700383761 -0.0053246868529391875 0.011878268230703301 -0.0014377637064626428 0.0063634145221434651 -0.00043979458593184848 -0.0052338810041107527 -0.0095329670582017488 0.0065208711094894428 0.010088720335296252 -0.0036683300901347417 -0.0044772942581218136 -0.0034933484242768648 0.011831065757237436 -0.0015862494974413833 0.0010293781842946061 0.001068743195131616 -0.00042723891397434014 -0.0023871960633219461 0.012384849385163387 -0.0029197127677145999 0.0094478757849212388 -0.0011220670174012038 0.0011305780613117499 -0.011400971899104134
leaf_weight=46.702237037010491 17.320787589647807 8.3456829413771612 5.7845641716849086 18.304937572684139 36.860185573692434 5.9210309354821247 8.8286561194108781 12.259817037964238 2.1829383652657262 3.1985174193978301 8.3097658958286065 9.656485431827603 28.936552410945296 5.9518464778084335 12.288185334764419 95.916386914090253 2.825533231720331 1.867009174311536 18.31160036218353 2.8658861822914323 3.523592364392246 51.025322761735879 1.9940285368356914 2.692893674131482 17.497556597692892 10.465637362794949 19.292739216936756 3.7320373139809808 11.241383074549956 10.736460878979413
leaf_count=1286 1700 541 400 1402 3787 355 824 487 188 185 228 519 1505 266 553 7334 145 74 720 177 163 3879 168 213 1216 734 866 164 525 449
internal_value=-0.000159421 5.11703e-05 -0.000100941 -0.00274556 -0.00536468 0 0.00579587 0.00482976 0.00881143 0 0.000540003 6.42873e-05 -0.00290866 -0.00552236 0.00576026 0.00147835 0.000301006 -0.000556818 0.00613452 0.00914612 -0.000229068 -0.00188253 0.00546943 0.00769383 0.0103014 0.000468464 0.00329112 0.00699549 -0.00354002 -0.0077003
internal_weight=484.84 467.519 459.174 93.3406 73.1133 36.2531 17.9482 20.2273 14.4428 12.0272 365.833 345.235 103.537 60.3898 20.598 241.698 194.996 170.993 24.003 21.1775 31.4533 146.942 24.0515 22.1845 19.4916 43.1469 33.4904 23.0248 25.5014 14.2601
internal_count=31053 29353 28812 7628 6553 2766 1364 1075 675 1009 21184 20403 5191 2908 781 15212 13926 12884 1042 897 1403 11213 1671 1597 1384 2283 1764 1030 1137 612
is_linear=0
shrinkage=0.05


Tree=131
num_leaves=31
num_cat=0
split_feature=31 33 7 10 5 8 4 29 41 33 39 40 40 11 16 40 24 32 5 18 2 6 38 8 41 25 25 24 19 28
split_gain=0.22813 0.613659 0.384299 0.494133 0.780563 0.517119 0.441864 0.378359 0.326127 0.321391 0.334886 0.325412 0.31117 0.444101 0.545684 0.56635 0.48669 0.484146 0.432284 0.369026 0.335245 0.290934 0.30032 0.288161 0.287707 0.283548 0.280818 0.366455 0.268546 0.543897
threshold=0.48333334922790533 0.24333333969116214 -0.16333332657814023 -1.0000000180025095e-35 -1.0000000180025095e-35 -0.4433333277702331 -0.18333333730697629 -0.29000000655651087 0.033144393935799606 0.17000001668930056 0.040177794173359878 0.97666668891906749 0.35666666924953466 -0.26333332061767573 -0.25666666030883784 0.050000000745058067 0.1566666662693024 -0.063333332538604722 0.069999992847442641 -0.36333334445953364 0.18999999761581424 -0.036666661500930779 1.0000000180025095e-35 -0.41666667163372034 0.034680554643273361 -0.17000000178813932 -0.18999999761581418 -0.12333333492279051 -0.37666666507720942 0.17000001668930056
decision_type=2 2 2 2 2 2 2 2 2 2 2 2 2 2 2 2 2 2 2 2 2 2 2 2 2 2 2 2 2 2
left_child=2 -2 3 4 5 -1 -5 23 -7 10 11 -10 13 16 15 -15 17 -9 -17 24 -18 -16 -23 -4 -19 -6 27 -8 -14 -30
right_child=1 -3 7 6 25 8 26 12 9 -11 -12 -13 28 14 21 18 20 19 -20 -21 -22 22 -24 -25 -26 -27 -28 -29 29 -31
leaf_value=0.00066721762089960593 0.0095282475942124866 -0.0050446779663813413 -0.00041732396367503971 0.0057029111211222873 -0.0016873373512755947 0 0.00059152040285588407 -0.0058673490221276305 -0.013403210758464769 0 0 0 0.0011818572106077787 -0.0025881397287536244 0.0050611676651322627 0 0 0 0.012575842896643692 -0.001735130305164092 -0.010406975199388557 -0.0059247065797275542 0.0017259784559918619 0.0098058922392007929 0.010967331141236207 0.0074546447992279042 0.0017309565914467085 -0.010130270374312959 0.00030061136195146625 -0.0063728341574583562
leaf_weight=11.85324655449949 14.179333175765352 4.1246730238199225 3.3625276875682202 23.947075493168086 7.0513385550584671 12.087165665812789 6.4442628498654857 8.0899377022869867 39.861294035101309 2.3265140315052113 3.2655259529128662 2.2392993133980772 53.494801572756842 5.2445509058888993 14.075852759648113 10.492734366329385 9.1249225104693341 12.278310455149038 27.73112626047805 8.5513144175056386 12.485918673453851 19.73450580262579 14.324392465176059 12.967659207526593 14.398204283323137 10.494236436788922 12.467266219435258 11.085660698125139 53.39371677977033 48.510726848617196
leaf_count=1003 384 248 280 1550 530 1036 484 440 2901 139 180 163 1322 192 1335 410 317 301 881 639 354 2139 1719 1229 414 729 675 728 4794 3645
internal_value=1.39693e-05 0.00478102 -0.000176532 -0.00232595 -0.00455862 -0.00688907 0.0010348 0.000710759 -0.0086916 -0.0103795 -0.0113251 -0.0124246 0.000174539 0.00178249 0.00398398 0.00767422 -0.00104525 0.00162489 0.00980769 0.00455533 -0.00649289 0 -0.00230635 0.00703476 0.00728519 0.00322509 -0.00232672 -0.00598053 -0.00129628 -0.00282225
internal_weight=489.688 18.304 471.384 143.123 89.1786 71.633 53.9443 328.261 59.7798 47.6926 45.3661 42.1006 311.931 156.532 91.6032 43.4684 64.9286 43.3178 38.2239 35.2278 21.6108 48.1348 34.0589 16.3302 26.6765 17.5456 29.9972 17.5299 155.399 101.904
internal_count=31161 632 30529 10118 6681 5422 3437 20411 4419 3383 3244 3064 18902 9141 6676 1483 2465 1794 1291 1354 671 5193 3858 1509 715 1259 1887 1212 9761 8439
is_linear=0
shrinkage=0.05


Tree=132
num_leaves=31
num_cat=0
split_feature=4 28 37 33 11 18 20 28 26 22 7 7 1 4 33 41 21 2 33 32 24 32 8 0 33 37 10 25 23 20
split_gain=0.358024 0.534533 0.573018 0.466142 0.358176 0.593183 0.406246 0.406223 0.416808 0.387324 0.350777 0.332313 0.302342 0.404218 0.278795 0.267624 0.256059 0.35985 0.371548 0.329879 0.253238 0.317971 0.247395 0.280453 0.276161 0.686232 0.615775 0.4581 0.349823 0.329749
threshold=0.41000002622604376 0.44166666269302374 0.011377334594726564 0.23000001907348636 0.41666668653488165 0.36333334445953375 -0.10333332419395445 0.23000001907348636 0.32333332300186163 -0.26333332061767573 -0.43000000715255732 -0.090000003576278673 0.18333333730697635 0.24333333969116214 0.083333313465118422 0.02748545911163092 0.41666668653488165 0.32333332300186163 -0.069999992847442613 0.48333334922790533 -0.33666665852069849 -0.21000000834465024 0.3966666460037232 0.36833333969116216 -0.0099999904632568342 0.0067873001098632821 -0.076666668057441698 0.069999992847442641 0.20999997854232791 0.41666668653488165
decision_type=2 2 2 2 2 2 2 2 2 2 2 2 2 2 2 2 2 2 2 2 2 2 2 2 2 2 2 2 2 2
left_child=1 4 3 -3 5 6 7 8 11 -6 -11 -1 13 -9 -15 -7 17 -2 -19 -20 -10 -22 24 -24 -8 27 -27 -26 -28 -29
right_child=16 2 -4 -5 9 15 22 12 20 10 -12 -13 -14 14 -16 -17 -18 18 19 -21 21 -23 23 -25 25 26 28 29 -30 -31
leaf_value=-0.0012968705055537452 0 0 -0.00053779582870175228 0.015269907177587767 -0.00084935356896070837 0 -0.0022318214355720647 0 0 -0.0002016490498727544 0.01288986633779203 0.0046399987027318018 0.0029459290238601182 0 -0.014493189095676701 -0.010619505609878448 8.8697654623355856e-05 0.00027359622005628984 -0.014876339167831321 0 0.015507306855995535 0.0022633534325433133 -0.010129051897753314 0.00013560362324527641 0.0076701044057584239 0.0045068423796290674 -0.0094923467888368175 0.0021063142353763566 0 -0.0086586652945798547
leaf_weight=42.717350888065994 9.8631388229550812 4.6820721342228415 10.63538876431994 11.377608553739263 6.7476364118047085 2.2925505861639968 117.42532401916105 18.733993830857802 2.7349051481578526 2.0877636144869038 10.19454534782562 34.200541135156527 12.451433805515988 2.2053268873132756 5.528469642624259 13.423574579413978 12.774851570604367 2.3173350084107396 12.374395045684649 1.5258187158033241 9.967851173365494 17.614279186120253 9.2297827450092864 3.7680773665197185 37.271210306789726 11.889681016793473 21.808607371989638 21.921775173395876 14.483682205434887 3.3433700606692573
leaf_count=3493 830 123 288 245 575 154 8435 738 180 140 757 3071 530 120 232 1240 816 200 889 172 367 686 535 210 1897 716 1375 1273 743 199
internal_value=5.01064e-05 0.000519057 0.00667981 0.0114391 0 -0.000314538 7.14909e-05 0.00216054 0.00376775 0.00584449 0.00996125 0.00118612 -0.00162303 -0.00468964 -0.0112059 -0.00837013 -0.00415338 -0.0066385 -0.0102042 -0.0127631 0.0083512 0.0097095 -0.00111523 -0.00673437 -0.000523952 0.0010948 -0.00289806 0.00452031 -0.00621031 0
internal_weight=487.592 448.737 26.6951 16.0597 422.042 403.012 387.296 146.154 107.235 19.0299 12.2823 76.9179 38.9192 26.4678 7.7338 15.7161 38.8555 26.0807 16.2175 13.9002 30.317 27.5821 241.142 12.9979 228.144 110.718 48.182 62.5364 36.2923 25.2651
internal_count=31229 28322 656 368 27666 26194 24800 9417 7797 1472 897 6564 1620 1090 352 1394 2907 2091 1261 1061 1233 1053 15383 745 14638 6203 2834 3369 2118 1472
is_linear=0
shrinkage=0.05


Tree=133
num_leaves=31
num_cat=0
split_feature=7 10 10 3 23 28 29 1 26 38 21 37 37 36 39 24 23 40 40 13 39 12 41 33 19 21 21 41 41 16
split_gain=0.280308 0.707824 0.672212 0.588833 0.505434 0.62359 0.496889 0.529825 0.416264 0.412558 0.405632 0.518475 0.713581 0.532301 0.508134 0.491634 0.422019 0.420885 0.404665 0.399831 0.464509 0.396185 0.592202 0.385677 0.341559 0.337154 0.334716 0.332829 0.389962 0.32917
threshold=-0.18333333730697629 0.18333333730697635 -0.41666667163372034 0.25666666030883795 -0.22333332896232602 1.0000000180025095e-35 0.096666663885116591 0.25666666030883795 0.46333330869674688 0.03821611404418946 -0.069999992847442613 0.04142808914184571 0.009663581848144533 0.083333313465118422 0.021056584082543853 0.31666666269302374 0.25000000000000006 0.9533333182334901 0.076666664332151427 -0.090000003576278673 0.015012674499303104 -0.049999997019767754 0.046853924170136459 -0.0099999904632568342 -0.32333332300186152 -0.33666665852069849 0.14999997615814212 0.027909388765692714 0.073804967105388655 -0.31666666269302363
decision_type=2 2 2 2 2 2 2 2 2 2 2 2 2 2 2 2 2 2 2 2 2 2 2 2 2 2 2 2 2 2
left_child=1 2 9 -3 18 6 7 -6 27 25 16 12 13 15 -13 23 -7 19 -2 20 -14 22 -15 -12 -16 -1 -17 -4 -29 -22
right_child=4 3 8 -5 5 10 -8 -9 -10 -11 11 14 17 21 24 26 -18 -19 -20 -21 29 -23 -24 -25 -26 -27 -28 28 -30 -31
leaf_value=-0.0019084423121762094 0.003022336542373509 0.0068444632728810878 0 -0.0058868880016258668 0.010560573079590211 -0.0066515255739360976 -0.00061689301252398302 -0.00045943834395803545 0.0028003418866161065 -0.0055345590515215618 -0.0034578118459614908 -0.00016512684428213051 0 0.0099257181132068207 0.013308075386975574 0 0.0027614503718329814 0.0027801543515691739 -0.0049648865940776429 0 -0.018106600295463692 -0.00090524139585222057 -0.0015372069243263712 0.0054566102237083658 0.00017687510457074118 0.0086123656785428784 -0.013378969690630824 -0.009646502592153482 0 0
leaf_weight=3.8338711997494146 12.110458433860911 26.043160711647946 8.2180937896482629 5.4938011366175479 34.895088565303013 33.659818236832507 15.809896709281018 8.5450484273023886 4.3620173009112468 5.0114522115327409 18.24022304546088 16.862749112420715 4.4583727016579457 32.063989368267357 14.320515454746785 2.2057409645058197 8.7136773677775619 3.1463058721274129 62.043216123129241 6.7836509512271723 10.913369014626374 14.379398226737974 9.0744736380875093 16.855511622969061 12.163391777547075 15.670241896994412 6.7707287378143519 63.797300641890615 6.9742627104278645 3.6418538694269875
leaf_count=252 782 1648 705 353 2832 2208 1317 699 95 509 1253 862 164 926 356 158 516 156 4345 660 295 1070 332 729 966 962 522 4819 390 289
internal_value=-0.000503909 -0.00236321 -0.0043496 0.00337415 0.000198392 0.00126386 0.00554388 0.0080945 -0.00645984 0.00186531 0 0.00106635 -0.000410173 0.00146575 0.00546875 -0.0021254 -0.00409661 -0.00672371 -0.00321995 -0.00897494 -0.0119313 0.00465217 0.00699301 0.000386792 0.00919346 0.00560163 -0.00983669 -0.00742696 -0.00847955 -0.0151568
internal_weight=487.062 139.404 107.867 31.537 347.657 273.504 59.25 43.4401 83.3517 24.5156 214.254 171.88 128.534 99.5901 43.3467 44.0722 42.3735 28.9436 74.1537 25.7972 19.0136 55.5179 41.1385 35.0957 26.4839 19.5041 8.97647 78.9897 70.7716 14.5552
internal_count=31170 9733 7732 2001 21437 16310 4848 3531 6009 1723 11462 8738 6554 4990 2184 2662 2724 1564 5127 1408 748 2328 1258 1982 1322 1214 680 5914 5209 584
is_linear=0
shrinkage=0.05


Tree=134
num_leaves=31
num_cat=0
split_feature=26 31 39 38 38 41 29 7 10 37 33 8 37 36 39 38 39 27 14 14 11 3 26 8 39 41 38 10 31 37
split_gain=0.240442 0.253516 0.494396 1.3907 1.02823 0.982004 0.711016 0.842456 0.602615 0.56155 0.631341 0.53643 0.534544 0.802156 0.504905 0.498534 0.491206 0.423356 0.510934 0.740627 0.518859 0.463107 0.598283 0.520242 0.465821 0.416196 0.414637 0.477454 0.403615 0.380205
threshold=-0.46999999880790705 -0.26999998092651362 0.018832436762750152 -0.013042449951171873 0.11496782302856447 0.030753826722502712 0.056666672229766853 0.32333332300186163 0.12333333492279054 -0.054805755615234368 0.37666666507720953 -0.17000000178813932 0.009663581848144533 0.12333333492279054 0.025362205691635612 0.11496782302856447 0.0300090815871954 0.35666668415069586 0.31666666269302374 0.47666668891906744 0.22333335876464847 0.18999999761581424 0.19666665792465213 -0.076666668057441698 0.021614183671772483 0.05063311010599137 -0.092090606689453111 0.096666663885116591 0.37000000476837164 0.047869682312011726
decision_type=2 2 2 2 2 2 2 2 2 2 2 2 2 2 2 2 2 2 2 2 2 2 2 2 2 2 2 2 2 2
left_child=-1 2 3 5 6 -2 -5 -8 -7 14 11 -11 13 -13 -4 26 -12 18 20 -20 21 22 24 -24 -3 -23 -14 -28 -19 -29
right_child=1 17 9 4 -6 8 7 -9 -10 10 16 12 15 -15 -16 -17 -18 28 19 -21 -22 25 23 -25 -26 -27 27 29 -30 -31
leaf_value=-0.0060847124122048665 0.0020051769719108287 0.00021016915550864921 0.0023080043137171866 -0.0030333136921723877 -0.0085146504051600552 0 0.014321071979296411 -0.0026311682817332315 -0.021890582941835171 0.009029256767584537 0.015968139888168784 -0.0045735740615034642 0.00041099297038443128 0.010386239906609272 -0.0098821663975549728 0.0028697700764177755 0 0 -0.0087796912665691982 0.005035861148055723 0.0039270461701976867 -0.0083876028443036193 0.0070912261658260603 -0.00038321363982267301 -0.0069755567035990687 0.00018190269199188508 0 -0.021420466077601903 0.010091310128377865 -0.00019319235120584318
leaf_weight=10.097858521156011 5.7465989561751512 35.713958494365215 13.30028499197215 6.5915303963702163 7.0456543322652569 5.1252865744754663 22.453998075565327 4.6066160192713133 8.6727508453186584 14.539996397681533 14.800866122357549 8.3041155126411486 4.2254119399003711 14.923925882903857 7.3808036090340456 6.8684940810780963 5.5979028630536041 17.240181262604896 37.286769975908101 5.767350098816677 48.354727813275531 32.033511713845655 33.127351194387302 42.125769694219343 34.7826534305932 13.537765564629806 4.1962694085668799 5.1266423314809781 10.553520669462157 5.8538988272193819
leaf_count=838 222 3571 582 603 254 263 578 193 368 685 672 351 161 553 329 238 202 2355 2922 394 3558 2120 1564 2061 3381 861 208 183 583 200
internal_value=-4.00003e-05 0.000110548 0.00170129 -0.00153763 0.00332587 -0.011046 0.00734865 0.0107253 -0.0167047 0.00376527 0.00559589 0.00218534 -0.000133374 0.00434172 -0.00234946 -0.00493643 0.0124256 -0.00067377 -0.00134896 -0.00602978 -0.000279632 -0.00155661 0 0.00288012 -0.00327746 -0.00563213 -0.00870915 -0.0118259 0.00447481 -0.0156431
internal_weight=485.982 475.885 165.361 60.2424 40.6978 19.5446 33.6521 27.0606 13.798 105.119 84.4375 64.0388 49.4988 23.228 20.6811 26.2707 20.3988 310.524 282.73 43.0541 239.676 191.321 145.75 75.2531 70.4966 45.5713 19.4022 15.1768 27.7937 10.9805
internal_count=31053 30215 6845 2481 1628 853 1374 771 631 4364 3453 2579 1894 904 911 990 874 23370 20432 3316 17116 13558 10577 3625 6952 2981 752 591 2938 383
is_linear=0
shrinkage=0.05


Tree=135
num_leaves=31
num_cat=0
split_feature=30 31 40 32 28 24 8 29 22 4 25 33 9 31 7 31 14 14 7 35 10 38 23 1 31 23 38 25 26 21
split_gain=0.359141 0.502448 0.447275 0.565109 0.635069 0.653027 0.351385 0.260781 0.449481 0.444728 0.405625 0.36709 0.439251 0.34679 0.340143 0.318066 0.294411 0.559887 0.455564 0.433901 0.422579 0.385828 0.292743 0.292544 0.282068 0.286611 0.317618 0.281945 0.270067 0.268346
threshold=0.44833332300186163 -0.22999998927116391 0.92333334684371959 0.11000001430511476 0.43000000715255743 0.17666667699813846 0.35000002384185797 -0.28333333134651179 0.25666666030883795 -0.40333333611488337 -0.20333333313465116 -1.0000000180025095e-35 -0.10333332419395445 -0.33666665852069849 -0.056666672229766839 -0.24999999999999997 0.31666666269302374 -0.016666665673255917 -0.016666665673255917 0.36333334445953375 0.16333335638046267 0.096286773681640639 0.2833333313465119 0.40333333611488348 -0.19666665792465207 0.34333333373069769 -0.10009002685546874 -0.036666661500930779 0.35666668415069586 -0.04333332180976867
decision_type=2 2 2 2 2 2 2 2 2 2 2 2 2 2 2 2 2 2 2 2 2 2 2 2 2 2 2 2 2 2
left_child=7 2 3 -2 -5 -6 -7 8 10 -9 -1 13 -13 14 -11 -15 17 18 20 23 27 -22 -21 -20 -17 26 28 -14 -26 -10
right_child=1 -3 -4 4 5 6 -8 9 29 11 -12 12 16 15 -16 24 -18 -19 19 22 21 -23 -24 -25 25 -27 -28 -29 -30 -31
leaf_value=0.0066666752813728915 0.0060581292948438193 0.010879290231609317 0.0087647397223212242 -0.012268924766423739 0.0074926683125789888 -0.011822071956644109 0 -0.0085701899566375823 0.00029988605188570588 -0.01253002222469099 -0.00010009223450994073 0.0051910957471067607 -0.0072253023434992614 0.0032247551046742174 0 -0.0093914483335376039 -0.006370563140767619 0.0051814583389092001 -0.006327549460257373 0.0076768513544759193 0.011846754781968831 -0.00096617986683518323 -0.0029162429595213802 0.0012906030870117285 -0.010520714897773654 0.004202786845926545 -0.00042609408459674445 0.0030919993429513472 0 -0.0087830208930853998
leaf_weight=33.240305853192694 8.979374361690132 8.8911861360538733 6.4838902284391216 11.338184467982499 10.551417942624541 5.3181054105516505 7.9295777105726302 17.796024525538087 6.5597526894416669 11.52024861588143 34.785176071571186 30.851666691247374 6.8224856294691563 18.215520887868479 6.7758725720923385 9.8433622157899645 14.864045365247874 32.775488582323305 64.257438329746947 7.8825230521615577 10.085959368385373 2.8579159895889452 3.4960817825049162 6.9203663705848149 12.59754498512484 10.817894475301726 65.823730215313844 4.7523562801070529 3.3794276681728652 9.2831728525925392
leaf_count=2510 152 515 135 299 208 120 227 1420 519 403 2928 1540 382 816 307 565 1795 3445 2917 386 369 97 183 303 1036 873 5605 227 144 744
internal_value=-0.000572966 0.00278066 0 -0.00178211 -0.00498479 0 -0.00604509 -0.00113103 0.0011356 -0.00176809 0.00314108 -0.00117067 0.000171769 -0.00306854 -0.00884399 -0.00161815 -0.000830013 0 -0.00178106 -0.0036587 0.0031983 0.00828807 0.00310043 -0.00522018 -0.00284037 -0.00136161 -0.00261914 -0.00195735 -0.0079337 -0.00482838
internal_weight=485.696 59.4917 50.6006 44.1167 35.1373 23.7991 13.2477 426.204 83.8684 342.336 68.0255 324.54 185.566 138.974 18.2961 120.677 154.715 139.851 107.075 82.5564 24.5187 12.9439 11.3786 71.1778 102.462 92.6186 81.8007 11.5748 15.977 15.8429
internal_count=31170 1656 1141 1006 854 555 347 29514 6701 22813 5438 21393 11644 9749 710 9039 10104 8309 4864 3789 1075 466 569 3220 8223 7658 6785 609 1180 1263
is_linear=0
shrinkage=0.05


Tree=136
num_leaves=31
num_cat=0
split_feature=4 30 32 29 5 40 31 37 28 28 6 27 30 39 37 37 39 37 18 22 31 9 30 41 34 26 10 26 10 29
split_gain=0.288642 0.364089 0.555883 0.708283 0.608345 0.684016 0.428486 0.407319 0.468624 0.319111 0.310119 0.298842 0.292835 0.469729 0.451326 1.37155 0.546965 0.46056 0.410795 0.402689 0.532135 0.497003 0.318372 0.402029 0.386178 0.368973 0.665892 0.456689 0.400445 0.366555
threshold=0.44333332777023321 0.3966666460037232 0.096666663885116591 0.29000002145767217 0.23000001907348636 0.13000000268220904 -0.36333334445953364 -0.042948246002197259 0.48166668415069586 0.45499998331069952 0.069999992847442641 -0.083333343267440782 -0.29000000655651087 0.0129718822427094 0.0081372261047363299 0.034357547760009773 0.016749243251979355 1.0000000180025095e-35 0.030000001192092899 0.26333332061767584 0.32333332300186163 -0.29666668176650995 0.31000000238418585 0.061374438926577575 -0.26333332061767573 0.29666668176651007 -0.17000000178813932 0.030000001192092899 0.01666665077209473 0.20333331823349002
decision_type=2 2 2 2 2 2 2 2 2 2 2 2 2 2 2 2 2 2 2 2 2 2 2 2 2 2 2 2 2 2
left_child=1 12 3 -3 5 -4 -7 9 11 -6 -5 -9 13 -1 17 16 -16 19 22 20 -15 -22 24 -24 -14 27 -27 -26 -29 -28
right_child=-2 2 4 10 7 6 -8 8 -10 -11 -12 -13 18 14 15 -17 -18 -19 -20 -21 21 -23 23 -25 25 26 29 28 -30 -31
leaf_value=-0.007799815740550442 -0.005197242143921337 -0.0030130763195938366 0.0045179148823548078 0.01621491547854894 -0.0077213806783544394 -0.013871756744715717 0 0.010436927579385009 -0.0037272586998466535 0.0032738659717682413 0 0 0.0061348402412982183 -0.0013166934589770158 0 -0.00062621051559589951 0.020194816955735804 -0.0087889536225363423 -0.0041051218000947437 -0.0049648176787963792 0.012848311474292998 -6.4675966132873058e-05 -0.006133836941359317 0.0044814459022109298 0.00074638592987601941 -0.006133434570672649 0.0095052547043556531 -0.0088715296332431467 0 0
leaf_weight=4.1522756435442707 20.530943385674618 4.2075491598807302 4.9928242452442673 11.757178236963229 7.1659480296075326 11.806622490054 4.2971316741313759 24.846039501833729 3.2403511963784686 4.5465948444325477 6.2713823155499986 6.0059807011857655 23.262909615063109 13.711204258259384 2.2489687791094175 19.868976620025933 10.666725588496773 6.0413964423350981 84.581607038271613 6.9445135847199699 14.884074918809349 5.7982697647530577 32.881675383541733 4.0689256971236309 59.165942882187665 7.0302266452927133 23.496695638168603 25.191234984667972 18.276604257756844 13.627157745417206
leaf_count=403 1833 155 131 267 244 251 196 591 74 90 146 394 1322 1497 235 1660 652 567 7989 515 497 221 1235 156 5277 310 1051 1591 1002 462
internal_value=-9.45448e-05 0.000140992 0.00294676 0.00885785 7.18259e-05 -0.00566496 -0.0103225 0.00354671 0.00625726 -0.00237861 0.0127293 0.00842042 -0.000494724 0.00190005 0.00320077 0.00720083 0.0169426 0 -0.00129557 0.00216192 0.00474354 0.00909073 0 -0.0039201 0.000878601 0 0.00338327 -0.00179069 -0.00542107 0.00636782
internal_weight=485.568 465.037 89.1376 22.2361 66.9015 21.0966 16.1038 45.8049 34.0924 11.7125 18.0286 30.852 375.899 84.3164 80.1641 32.7847 12.9157 47.3795 291.583 41.3381 34.3935 20.6823 207.001 36.9506 170.051 146.788 44.1541 102.634 43.4678 37.1239
internal_count=31014 29181 2539 568 1971 578 447 1393 1059 334 413 985 26642 6247 5844 2547 887 3297 20395 2730 2215 718 12406 1391 11015 9693 1823 7870 2593 1513
is_linear=0
shrinkage=0.05


Tree=137
num_leaves=31
num_cat=0
split_feature=25 4 25 10 36 14 30 10 15 25 10 33 28 38 35 26 38 4 11 22 5 41 21 24 32 24 26 11 38 34
split_gain=0.308562 0.491494 0.417581 0.409967 0.627826 0.437894 0.384046 0.542176 0.519424 0.518864 0.388964 0.563471 0.57143 0.73231 0.566711 0.387037 0.491246 0.373894 0.538123 0.353573 0.339768 0.332467 0.328859 0.454176 0.316861 0.299644 0.288325 0.277459 0.274315 0.269696
threshold=-0.030000001192092892 0.32999998331069952 0.069999992847442641 0.21666666865348819 -0.04333332180976867 0.25666666030883795 0.44833332300186163 0.32999998331069952 -0.37666666507720942 0.22333335876464847 0.11000001430511476 0.37666666507720953 -0.19666665792465207 0.11726856231689455 -0.22333332896232602 0.24333333969116214 0.032184123992919929 0.20999997854232791 0.25000000000000006 0.13666665554046634 0.29666668176651007 0.048285981640219695 -0.063333332538604722 0.1566666662693024 -0.2766666561365127 -0.29000000655651087 -0.069999992847442613 -0.36333334445953364 -0.10629272460937499 -0.28333333134651179
decision_type=2 2 2 2 2 2 2 2 2 2 2 2 2 2 2 2 2 2 2 2 2 2 2 2 2 2 2 2 2 2
left_child=1 3 21 4 -1 22 10 20 9 -9 15 12 -12 14 -14 19 29 18 25 24 -8 26 -5 -24 -4 -6 -2 -11 -10 -17
right_child=2 -3 6 5 17 -7 7 8 28 27 11 -13 13 -15 -16 16 -18 -19 -20 -21 -22 -23 23 -25 -26 -27 -28 -29 -30 -31
leaf_value=0.00032136450588020343 0 -0.0074384539611820448 -0.005044515436938582 0 0 -0.0035627749723524007 0 0.0026705887617572994 -0.00087817398121445831 -0.014303887099909858 0.001287072483587718 0.0015632763741264479 0.0018028038605279854 0.0031417443003888194 -0.013988888732083796 0 -0.0017619651150420383 0.001668058980342557 0.0029875629400562438 -0.0060326571017949027 0.014499449901745235 0 0.011875094068086262 0 0.0035700179616249732 -0.011007897353035383 0.0090621271824453589 0 0.01053915913617514 0.010454970068285517
leaf_weight=95.155674402834848 9.3053233099635673 25.301211616490036 7.6872328772442406 16.500092924805358 6.8543730452656737 10.946571322157977 4.6662135757505876 6.6485998830758062 1.610651512397453 6.1285253772512087 9.6408834366593492 21.083144634962082 2.079572251765053 4.1464519093278787 30.120454315328974 3.986804950283843 11.536971358582376 6.2166534974239758 4.2896951476577661 21.429699792992324 7.7938106085639447 18.960619080346078 17.676354889292273 7.6944716579746446 31.641656226129271 35.54468261427246 28.459100293577649 5.5013673233333948 6.5822987976716849 18.711370383156464
leaf_count=6486 792 1624 868 807 580 967 95 114 111 116 1045 1864 138 253 1798 162 578 433 313 1988 206 968 797 269 2920 2186 1330 134 429 743
internal_value=-0.000171953 -0.00154125 0.000942691 -0.000483445 -0.00192634 0.00292022 -4.59382e-05 0.00393313 0 -0.00489153 -0.00125684 -0.00405598 -0.00699614 -0.00965468 -0.0121916 0.0005955 0.00460493 -0.00601443 -0.00758531 -0.0015 0.0105394 0.00451361 0.00537147 0.00838067 0.00088985 -0.00940931 0.00694196 -0.0100703 0.00711081 0.008404
internal_weight=483.901 226.18 257.721 200.879 148.061 52.8175 200.996 38.9315 26.4714 18.2785 162.064 67.0705 45.9874 36.3465 32.2 94.9937 34.2351 52.9054 46.6888 60.7586 12.46 56.725 41.8709 25.3708 39.3289 42.3991 37.7644 11.6299 8.19295 22.6982
internal_count=31114 14462 16652 12838 9998 2840 13562 1205 904 364 12357 5098 3234 2189 1936 7259 1483 3512 3079 5776 301 3090 1873 1066 3788 2766 2122 250 540 905
is_linear=0
shrinkage=0.05


Tree=138
num_leaves=31
num_cat=0
split_feature=5 37 37 3 39 29 7 11 40 37 26 24 14 24 36 37 23 25 30 35 41 25 12 40 4 39 26 39 38 41
split_gain=0.388253 0.441474 0.404439 0.582427 0.362122 0.340447 0.401316 0.338864 0.92049 0.59188 0.489049 1.04942 0.56675 0.468445 0.465676 0.398488 0.372446 0.337349 0.398025 0.383155 0.631137 0.339097 0.461631 0.299654 0.299307 0.310459 0.293474 0.304878 0.277795 0.274149
threshold=1.0000000180025095e-35 -0.065113067626953111 -0.065113067626953111 0.12333333492279054 0.028816987760365013 -0.17000000178813932 -0.45666666328907007 -0.26333332061767573 0.85666668415069591 0.0014290809631347658 0.26333332061767584 -0.016666665673255917 0.34333333373069769 0.16333335638046267 -0.090000003576278673 0.0067873001098632821 0.35666668415069586 -0.35000000894069666 0.29666668176651007 -0.030000001192092892 0.040120188146829612 -0.40333333611488337 0.11000001430511476 0.10333333536982538 0.44333332777023321 0.013578832149505617 0.1566666662693024 0.03437370993196965 -0.21604394912719724 0.034909231588244445
decision_type=2 2 2 2 2 2 2 2 2 2 2 2 2 2 2 2 2 2 2 2 2 2 2 2 2 2 2 2 2 2
left_child=1 5 3 -2 28 6 -1 8 9 13 26 -12 24 23 -11 -10 -15 21 -19 -20 -21 22 29 -4 25 -13 27 -9 -5 -3
right_child=2 17 7 4 -6 -7 -8 10 15 14 11 12 -14 16 -16 -17 -18 18 19 20 -22 -23 -24 -25 -26 -27 -28 -29 -30 -31
leaf_value=-0.0024643622551385087 0.0022569932935364318 0 0.009422104012027737 0 0 -0.0019933700587817221 0.0095943060927451591 0.0031877616376246361 -0.00026056795386848779 0.00011618703061040355 -0.0038358391505882213 0 -0.001678968189369063 -0.010063596362465751 -0.011235070197951537 0.011362504096166064 0.0017809047718460209 -0.0053884897358567824 0.0051797699800239438 -0.011061220606245968 0.0035608599809813478 0.0057943320443858588 0.0043568894103934675 0 0 0.014061471244898633 -0.0046884854391379396 -0.0051337962320388191 -0.014295006307538686 -0.01034341523486604
leaf_weight=3.0621776534244445 12.526228008791806 4.4088426770176765 8.6989146653795633 2.5484238883946118 4.3987297399435183 13.100722942966966 15.268393304431813 62.046861005248502 5.5135069184470948 6.8328183847479549 13.330854929285122 4.1704708866309366 4.4777947636321178 8.9583995239809138 23.467223634943366 11.784142871852962 3.9391405892092726 127.31800493237097 16.459739376557991 8.4356682200450432 7.191874260781332 14.34216734045185 6.8289825008250764 15.958051052177323 4.0990127895493051 32.771874224068597 16.614036092883907 5.6601322275819248 11.706116230692713 10.571533028967677
leaf_count=124 714 365 316 191 228 870 806 6408 203 302 721 176 355 298 800 423 120 10017 515 345 336 910 545 616 191 1171 1120 540 657 807
internal_value=-0.000742459 -0.00224642 0.000499941 -0.00420276 -0.00904829 0.00250187 0.0064414 0.00134 -0.000908439 -0.00381667 0.00282762 0.00610281 0.00960648 0 -0.00839049 0.00747167 -0.00570628 -0.0031854 -0.00417005 9.54279e-05 -0.00405509 0.000538765 -0.00252287 0.00425781 0.0114263 0.0126668 1.14132e-05 0.00179164 -0.0120145 -0.00719977
internal_weight=486.491 226.988 259.503 31.1795 18.6533 31.4313 18.3306 228.323 85.1522 67.8545 143.171 58.85 45.5192 37.5545 30.3 17.2976 12.8975 195.557 159.405 32.0873 15.6275 36.1515 21.8094 24.657 41.0414 36.9423 84.321 67.707 14.2545 14.9804
internal_count=31190 15640 15550 1790 1076 1800 930 13760 3078 2452 10682 2614 1893 1350 1102 626 418 13840 11213 1196 681 2627 1717 932 1538 1347 8068 6948 848 1172
is_linear=0
shrinkage=0.05


Tree=139
num_leaves=31
num_cat=0
split_feature=12 35 1 4 37 27 28 28 9 8 39 37 31 37 10 1 32 41 23 22 39 25 19 41 28 39 31 31 22 29
split_gain=0.267547 0.367131 0.298718 0.509262 0.512242 0.408934 0.361361 0.340986 0.311985 0.275498 0.604232 0.598906 0.816041 0.565479 0.498337 0.535806 0.574165 0.410073 0.397424 0.383235 0.376208 0.35521 0.333808 0.325975 0.331283 0.320821 0.406032 0.388464 0.311677 0.301192
threshold=0.41000002622604376 0.29000002145767217 -0.044999986886978142 0.36333334445953375 -0.070494174957275377 -0.1766666769981384 0.18999999761581424 0.42333334684371954 -0.090000003576278673 -0.083333343267440782 0.013162966351956131 0.0067873001098632821 -0.40333333611488337 0.0081372261047363299 0.41666668653488165 -0.0099999904632568342 -0.31000000238418574 0.059835318475961692 0.20333331823349002 0.23666667938232425 0.024153697304427627 -0.036666661500930779 -0.056666672229766839 0.03895267844200135 -0.35000000894069666 0.019094401970505718 0.31000000238418585 -0.096666663885116563 -0.19666665792465207 -0.15666666626930234
decision_type=2 2 2 2 2 2 2 2 2 2 2 2 2 2 2 2 2 2 2 2 2 2 2 2 2 2 2 2 2 2
left_child=1 9 -3 6 -5 -6 -4 8 -8 13 -11 14 -13 19 15 16 -12 23 28 20 25 -17 -23 -15 -25 26 -1 -27 -14 -22
right_child=-2 2 3 4 5 -7 7 -9 -10 10 11 12 18 17 -16 21 -18 -19 -20 -21 29 22 -24 24 -26 27 -28 -29 -30 -31
leaf_value=-0.0021723652734094534 -0.004279364426875671 0.0057294129544240117 0.0021729047227587628 -0.0039970476870046191 0.012965592380846217 0 0 0 -0.013773840257307008 0.0060832306817327417 0.003205377217953693 -0.014658115367220285 0 0.00050719485679713203 0.008076523388793241 -0.0022518507517278459 -0.008758149004478492 -0.0023544197421998575 0.001799522948506812 -0.0069061503098297094 0.0079280604188398923 0.0075462571219900125 -0.0013308595287081367 -3.5538390416468561e-05 0.0098982691553950678 0.0010607901585350068 0.0085194038653193301 -0.0094014891348341567 -0.0077545709702548761 -0.00086033510102829266
leaf_weight=19.171760690165687 29.14793417265173 43.524448679760098 7.0118692561518428 4.0605798324104425 11.038586574606601 5.5255341355223182 2.0332991606555924 6.7041710880585006 9.9470934781711513 14.901154306484385 6.7752000684849909 15.012778265168889 11.840926574775947 30.822020280407742 10.102520946180446 24.487132040550929 29.565746340202168 12.72132814186625 24.722790947882459 18.942641314584762 16.57020355924033 23.059343169908971 7.6640705564059379 4.4360518031753591 33.724886729032733 6.5478495616698664 6.700537641067057 16.610537557047792 27.782674049725756 7.4355064460542044
leaf_count=1565 2907 2482 672 161 327 516 97 190 493 862 481 468 895 2079 458 1515 1853 760 1515 1315 1016 885 711 369 1964 397 339 1290 2063 559
internal_value=-3.23406e-05 0.000235078 0.0030282 0 0.00520778 0.00903506 -0.00416962 -0.00751221 -0.0111752 -0.00041487 -0.0017217 -0.00267245 -0.00576091 0.000928371 0 -0.00141555 -0.00579913 0.00390443 -0.00225654 -0.00153729 0 0.00134702 0.00479542 0.00548808 0.00832946 -0.00219411 0.000894782 -0.0059764 -0.00523908 0.00474506
internal_weight=488.591 459.443 89.8456 46.3211 20.6247 16.5641 25.6964 18.6846 11.9804 369.598 195.914 181.013 79.3592 173.683 101.654 91.5515 36.3409 81.7043 64.3464 91.979 73.0364 55.2105 30.7234 68.983 38.1609 49.0307 25.8723 23.1584 39.6236 24.0057
internal_count=31204 28297 4938 2456 1004 843 1452 780 590 23359 11706 10844 4941 11653 5903 5445 2334 5172 4473 6481 5166 3111 1596 4412 2333 3591 1904 1687 2958 1575
is_linear=0
shrinkage=0.05


Tree=140
num_leaves=31
num_cat=0
split_feature=0 23 4 1 21 17 0 26 28 36 28 10 14 5 39 41 7 15 24 38 38 32 1 3 28 38 7 11 12 23
split_gain=0.335818 0.30743 0.477979 0.508722 0.435281 0.637473 0.381489 0.424855 0.374843 0.475064 0.481374 0.373668 0.360439 0.53458 0.355172 0.387991 0.347693 0.337561 0.379636 0.343152 0.321899 0.316706 0.371905 0.312281 0.306356 0.271648 0.264968 0.263672 0.263562 0.291628
threshold=0.46999999880790716 0.29000002145767217 -0.10499998927116393 -1.0000000180025095e-35 0.46333330869674688 0.24333333969116214 0.34333333373069769 -0.21000000834465024 -0.26999998092651362 -0.090000003576278673 0.12333333492279054 0.26333332061767584 -0.40333333611488337 0.31166666746139532 0.015180344693362715 0.059835318475961692 -0.15000000596046445 0.35000002384185797 0.37000000476837164 0.18432664871215823 0.13006353378295901 -0.21666666865348813 0.1566666662693024 0.38333332538604742 -0.31666666269302363 0.15541124343872073 0.44333332777023321 0.14999997615814212 0.43000000715255743 -0.023333340883255001
decision_type=2 2 2 2 2 2 2 2 2 2 2 2 2 2 2 2 2 2 2 2 2 2 2 2 2 2 2 2 2 2
left_child=1 2 3 8 5 6 7 -3 25 -10 14 -12 13 21 -11 20 -9 19 27 -14 -16 -4 -23 -6 -5 28 -2 -19 29 -1
right_child=26 4 12 24 23 -7 -8 16 9 10 11 -13 17 -15 15 -17 -18 18 -20 -21 -22 22 -24 -25 -26 -27 -28 -29 -30 -31
leaf_value=0.0072132029308311259 -0.010120723540421553 0 0 0 -0.0072417276437205099 -0.0022786859515183835 0 0 0.0023690252977953147 0 -0.0038492914018848539 0.0074963176886934076 -0.00040237565787295897 0.001650271071645828 -0.014289412296736357 0 0.011690329428860724 0 0.0019017924807588353 0.0086777024914505407 0 -0.014076664532877642 -0.00059678810010883139 0.0018040704614387456 0.0072958554255826806 -0.0049713857473889511 0.00010394435916909685 -0.013290708112001526 -0.0025056035854111309 -0.0013187865283685535
leaf_weight=36.523916387930512 8.2054844851372746 10.540247953962533 4.3617304703220716 12.188346308423204 11.691945858765395 20.888053927686997 14.034342531347646 8.26219749660231 22.463133703684434 5.9893412026576689 9.2381663112901133 6.7162728256080291 126.54485829372425 10.795687980484216 20.454716751235544 4.1679760033730409 37.89788995066192 3.0809828126803023 2.9444121387787154 5.1398986573331049 2.9850978795438996 17.787849552463744 12.504556221887468 9.9964818519074452 39.308237464050762 2.0530271017923942 3.3004383118823162 7.9910995761165395 4.1974280672147861 5.0005046974401912
leaf_count=2812 702 752 131 949 418 1763 634 430 1582 392 423 215 9590 210 1396 267 1506 289 337 355 169 555 333 494 2426 212 303 674 408 374
internal_value=1.53056e-05 0.000312098 -0.000347294 0.00146108 0.00254216 0.00412373 0.00637052 0.0080547 -0.000187546 -0.0025666 -0.0052683 0.000531513 -0.00208969 -0.00576167 -0.00831705 -0.0103885 0.00991723 -0.000596885 -0.00668869 0.000133173 -0.0124959 -0.00858841 -0.0102197 -0.00268204 0.00535024 0.00281992 -0.00672933 -0.010303 0.00418925 0.00562293
internal_weight=487.254 475.748 362.437 171.286 113.311 91.6227 70.7347 56.7003 119.79 72.0147 49.5516 15.9544 191.151 45.4498 33.5971 27.6078 46.1601 145.701 14.0165 131.685 23.4398 34.6541 30.2924 21.6884 51.4966 47.7749 11.5059 11.0721 45.7218 41.5244
internal_count=31101 30096 24099 11625 5997 5085 3322 2688 8250 4444 2862 638 12474 1229 2224 1832 1936 11245 1300 9945 1565 1019 888 912 3375 3806 1005 963 3594 3186
is_linear=0
shrinkage=0.05


Tree=141
num_leaves=31
num_cat=0
split_feature=30 41 41 29 19 39 37 37 33 38 10 40 10 38 41 11 39 39 36 37 38 0 8 23 8 5 24 16 15 37
split_gain=0.385021 0.548087 0.706328 0.354874 0.464565 0.420763 0.374095 0.773454 0.687627 0.508281 0.611044 0.867122 0.395995 0.34764 0.643564 0.497081 0.479671 0.324598 0.571251 0.553581 0.75333 0.494761 0.46789 0.379493 0.372527 0.409936 0.322862 0.320468 0.347994 0.318719
threshold=0.3966666460037232 0.033144393935799606 0.030753826722502712 0.043333351612091071 -0.22999998927116391 0.012335670646280052 0.04525041580200196 0.009663581848144533 0.01666665077209473 -0.085764408111572252 0.043333351612091071 0.92333334684371959 -0.22999998927116391 0.03019046783447266 0.038151146844029434 -0.036666661500930779 0.024153697304427627 0.024213561788201336 0.27666664123535162 0.0081372261047363299 -0.048716068267822259 -0.10333332419395445 0.37000000476837164 0.19666665792465213 0.24333333969116214 0.34333333373069769 -0.016666665673255917 -0.3899999856948852 0.27666664123535162 -0.054805755615234368
decision_type=2 2 2 2 2 2 2 2 2 2 2 2 2 2 2 2 2 2 2 2 2 2 2 2 2 2 2 2 2 2
left_child=3 2 -2 5 13 -1 7 8 12 -9 11 -11 29 14 16 -15 26 19 -19 20 -3 -22 -20 -24 -21 -26 -5 -6 -29 -7
right_child=1 17 -4 4 27 6 -8 9 -10 10 -12 -13 -14 15 -16 -17 -18 18 22 24 21 -23 23 -25 25 -27 -28 28 -30 -31
leaf_value=-0.0078031565705502211 0.0019273757224540283 0 -0.012292110753392822 0 0.0026697656369380784 0 -0.0023563565867896598 -0.0014260913248536206 0.0059024318366087437 0.016193621656945153 0 -0.0017322169759161551 0.0011455971100113162 -0.0057482167349244455 -0.0017815125059038328 0.0051342138340276606 -0.00028214236745703982 -0.0091360112018303938 0.012550835553649026 0.0063997863355974545 0 0.019069428534871764 -0.0074586817018636696 0.0046770059296745046 -0.0094742690103044973 0.0027850816507338349 0.013848549766494342 -0.0078969536354291971 0 -0.0077997220309017337
leaf_weight=6.3826044613961121 20.794479768956084 8.0354345850646514 6.06101110135205 7.3979679082986012 4.0537206640001378 18.353910866659135 38.977531878626905 6.8710695244371882 32.320034339558333 24.49377514352091 12.231930148554964 4.2322846201714119 38.746397205162793 37.648699186975136 36.09529159963131 6.3929941474925718 9.2285790534224343 5.2119063781574395 4.5509951876010772 9.7855095781851578 3.9479705770500049 14.519564762711521 5.7279150653630477 7.5449143967125565 7.6312171390745771 5.133180157863535 13.935686925658956 50.77541420108173 10.626883023884146 28.740778220584616
leaf_count=702 616 310 198 299 165 1028 3367 488 2442 1731 1002 318 3160 1277 1569 232 430 216 111 222 151 445 209 263 260 318 436 5500 1208 2534
internal_value=0.000261983 0.00298055 -0.00217961 -0.000403494 -0.00206893 0.000888381 0.00149176 0.00259141 0.000105026 0.00757316 0.00960457 0.0129897 -0.00204855 0 0.00217236 -0.00324277 0.00705185 0.0052428 0 0.00732998 0.0115574 0.0159504 0.00454581 0 0.000101047 -0.00389775 0.0105046 -0.00521203 -0.00629463 -0.00497983
internal_weight=486.45 98.9441 26.8555 387.506 176.155 211.35 204.968 165.99 118.161 47.8291 40.958 28.7261 85.8411 110.699 66.6575 44.0417 30.5622 72.0886 23.0357 49.0529 26.503 18.4675 17.8238 13.2728 22.5499 12.7644 21.3337 65.456 61.4023 47.0947
internal_count=31207 3319 814 27888 11116 16772 16070 12703 9164 3539 3051 2049 6722 4243 2734 1509 1165 2505 799 1706 906 596 583 472 800 578 735 6873 6708 3562
is_linear=0
shrinkage=0.05


Tree=142
num_leaves=31
num_cat=0
split_feature=20 10 19 4 38 23 28 2 40 25 10 19 31 36 2 37 15 38 41 1 6 20 20 10 28 9 31 40 1 9
split_gain=0.315529 0.560549 0.325083 0.370242 0.453007 0.366945 0.469331 0.339908 0.328417 0.440054 0.319695 0.307912 0.373817 0.295668 0.293382 0.328447 0.275183 0.276228 0.278713 0.254818 0.251551 0.300765 0.277502 0.261693 0.323296 0.305393 0.295675 0.361741 0.346918 0.265495
threshold=0.26333332061767584 0.18333333730697635 0.41000002622604376 -0.32999998331069941 0.12017393112182619 0.2833333313465119 0.25499999523162847 -0.29000000655651087 0.50999999046325695 0.26999998092651373 0.32333332300186163 -0.3899999856948852 0.32999998331069952 0.11000001430511476 0.37000000476837164 -0.010817527770996092 -0.20333333313465116 0.11019897460937501 0.02924387808889151 0.41000002622604376 -0.3899999856948852 -0.31000000238418574 0.11000001430511476 -0.24999999999999997 -0.071666657924652086 -0.43000000715255732 0.069999992847442641 0.49000000953674322 -0.28333333134651179 -0.18999999761581418
decision_type=2 2 2 2 2 2 2 2 2 2 2 2 2 2 2 2 2 2 2 2 2 2 2 2 2 2 2 2 2 2
left_child=2 11 3 4 8 6 20 -8 -1 -10 13 -2 -13 14 15 -7 17 18 -3 -12 21 -5 -23 24 25 -22 27 28 -25 -27
right_child=1 16 -4 5 -6 10 7 -9 9 -11 19 12 -14 -15 -16 -17 -18 -19 -20 -21 23 22 -24 26 -26 29 -28 -29 -30 -31
leaf_value=0.00024191893746473375 0.0037882974487320367 0 -0.0058877038117346268 0.0015027782082928181 -0.0046758977962808078 -0.0019156074300811224 0.0015729662166982469 -0.0071554079719875433 0.012179947934645606 -0.00048906154000317613 -0.0055344152674242589 -0.0053510817893844915 0.0025308328385848476 0.008996222167611664 -0.0047956255007564896 0.0071864323796583737 0 0 0.011168520149427206 0.0034152939361127934 -0.00033971180422170223 -0.012218815742086621 0 -0.002658965706423903 -0.00056799388803592163 0.011749294012630451 -0.0040193899479372122 -0.0025230258857368709 0.0064503394207336071 0
leaf_weight=26.227275778539479 18.88392387679778 6.0783065962605169 21.746186754899099 3.0995443500578395 6.7491735527291885 8.0582273167092335 6.1233500675298265 49.958121972624213 17.185540259582925 4.036857485305517 15.210758289322259 37.288335942896083 13.705977737205101 14.829114892520009 8.7602454263251257 16.639598964713517 15.886852056602946 6.065915680024772 26.800684743910097 4.1610603162553153 4.2906406796537331 7.9027342556510103 2.9482199712656438 6.3035171893425277 15.967684648232533 14.179100769921208 42.491084863897413 29.301614451920614 30.41902276687324 2.9828339100349721
leaf_count=1781 498 158 2147 259 446 558 249 2220 944 359 610 3465 693 730 551 925 1613 159 828 210 318 607 218 436 1300 1064 3613 1850 1987 275
internal_value=4.77008e-05 0.0022011 -0.000654643 -0.000148208 0.0033335 -0.000955128 -0.0020107 -0.00573977 0.00533748 0.00927508 0.00196419 -0.000494202 -0.00275057 0.00418822 0.000379727 0.00360833 0.00575694 0.00775655 0.00934414 -0.00227363 -0.000391698 -0.00571038 -0.00905584 0.000157618 0.00358632 0.00703746 -0.000932374 0.000876561 0.0041477 0.0095714
internal_weight=484.282 124.71 359.572 337.825 54.1988 283.626 215.967 56.0815 47.4497 21.2224 67.659 69.8782 50.9943 48.2872 33.4581 24.6978 54.8318 38.9449 32.879 19.3718 159.886 13.9505 10.851 145.935 37.4203 21.4526 108.515 66.0242 36.7225 17.1619
internal_count=31071 7414 23657 21510 3530 17980 14396 2469 3084 1303 3584 4656 4158 2764 2034 1483 2758 1145 986 820 11927 1084 825 10843 2957 1657 7886 4273 2423 1339
is_linear=0
shrinkage=0.05


Tree=143
num_leaves=31
num_cat=0
split_feature=26 5 38 3 6 40 37 15 3 31 40 12 33 34 38 6 40 35 26 41 30 7 16 38 26 37 21 0 31 21
split_gain=0.283809 0.262225 0.544799 0.800807 0.482951 0.516127 0.668375 0.5267 0.458757 0.453639 0.759543 0.526833 0.4722 0.401912 0.34481 0.308024 0.305639 0.416653 0.280324 0.251652 0.248633 0.570711 0.469796 0.399011 0.393472 0.375236 0.306284 0.41905 0.404017 0.370804
threshold=-0.46999999880790705 1.0000000180025095e-35 0.091155052185058608 0.32333332300186163 0.056666672229766853 0.34000000357627874 -0.015917301177978512 -0.1766666769981384 0.23833334445953372 -0.43000000715255732 0.76333332061767589 0.26999998092651373 0.32333332300186163 0.043333351612091071 0.18432664871215823 0.23000001907348636 0.050000000745058067 0.40333333611488348 0.083333313465118422 0.087413001805543913 -0.22333332896232602 -0.063333332538604722 -0.29000000655651087 -0.043200969696044915 0.11000001430511476 -0.054805755615234368 -0.20333333313465116 0.17000001668930056 -0.10333332419395445 0.083333313465118422
decision_type=2 2 2 2 2 2 2 2 2 2 2 2 2 2 2 2 2 2 2 2 2 2 2 2 2 2 2 2 2 2
left_child=-1 14 4 -4 -3 6 7 16 13 -7 11 19 -12 -8 20 -5 -6 -18 -16 -11 21 -2 23 -22 -24 -26 -25 28 -28 -29
right_child=1 2 3 15 5 9 8 -9 -10 10 12 -13 -14 -15 18 -17 17 -19 -20 -21 22 -23 24 26 25 -27 27 29 -30 -31
leaf_value=-0.0064303112454573187 0 0.0041598861228371083 0.010657920377499597 -0.0086244932488051471 0 0.0024165417139966512 -0.012390775795130003 -0.0016972135052325758 0.0016234123672261365 -0.016344261473814372 0.0029785578007577229 0 -0.0076243899682247847 0 0 0.0020143791547013509 0.011830923108099752 -0.00066178807716114191 -0.013194210932453125 0 -0.0048827907568946925 0.0096234058899362044 0 0.0075656426213891381 0 -0.010023208476468924 -0.006384611393148925 -0.0012449298068091953 0.0040372106829984064 0.01040790114485369
leaf_weight=9.5668363398872298 60.640361679019406 55.544061565306038 28.024283830309287 4.4878715297672889 9.1023692383896542 13.466898434329776 10.481789463898169 13.476888937875627 15.573734926525502 16.959032471058897 25.335040387115441 6.8207428427413097 9.5252343075117079 7.5059273650404057 4.1781518608331671 8.5193623695522529 26.027667417540219 3.1014505159109822 3.7469359263777733 2.2403805421199641 13.432506908662615 12.721567397005854 33.49257144832518 18.171662535984069 7.3353072688914827 27.17605023260694 21.555323953274637 4.4340921752154818 6.0839258106425431 9.2163749812170845
leaf_count=829 4506 3469 1841 239 316 413 498 1302 887 1026 1688 657 658 479 319 611 867 131 236 128 552 936 4142 454 460 2351 639 122 196 225
internal_value=0.00013081 0.000391663 0.00150015 0.00640896 0.000302517 -0.000990907 0.00142473 0.00496145 -0.00331845 -0.00397208 -0.00584907 -0.011435 -9.10707e-07 -0.00797515 -0.000782767 -0.00190481 0.00778571 0.00990328 -0.00845731 -0.014779 -0.000162748 0.0019669 -0.00147683 0.00102955 -0.00436692 -0.00768879 0.0030722 0 -0.00303647 0.0061261
internal_weight=487.944 478.378 256.193 41.0315 215.161 159.617 85.2698 51.7084 33.5615 74.3473 60.8804 26.0202 34.8603 17.9877 222.185 13.0072 38.2315 29.1291 7.92509 19.1994 214.26 73.3619 140.898 72.8939 68.0039 34.5114 59.4614 41.2897 27.6392 13.6505
internal_count=31177 30348 15210 2691 12519 9050 4480 2616 1864 4570 4157 1811 2346 977 15138 850 1314 998 555 1154 14583 5442 9141 2188 6953 2811 1636 1182 835 347
is_linear=0
shrinkage=0.05


Tree=144
num_leaves=31
num_cat=0
split_feature=13 26 14 16 14 36 9 39 14 28 41 37 23 25 14 17 37 36 0 26 23 32 37 1 16 0 40 24 26 9
split_gain=0.323323 0.398729 0.377848 0.366186 0.416392 0.299676 0.349878 0.337444 0.335239 0.279841 0.498556 0.383971 0.367041 0.351912 0.306866 0.306766 0.383496 0.809998 0.489569 0.410469 0.38064 0.436885 0.350733 0.344451 0.442273 0.293693 0.291434 0.333264 0.283507 0.257584
threshold=0.42333334684371954 -0.13666665554046628 0.46999999880790716 0.44333332777023321 0.37666666507720953 0.44333332777023321 0.42333334684371954 0.029205097816884521 0.37000000476837164 1.0000000180025095e-35 0.041695980355143554 0.042311668395996101 -0.37666666507720942 -0.083333343267440782 -0.37666666507720942 0.069999992847442641 0.0067873001098632821 0.12333333492279054 0.31000000238418585 0.3966666460037232 0.20333331823349002 -1.0000000180025095e-35 0.04142808914184571 -0.37666666507720942 -0.28333333134651179 -0.23166665434837339 0.29666666686534887 -0.12333333492279051 0.26999998092651373 0.083333313465118422
decision_type=2 2 2 2 2 2 2 2 2 2 2 2 2 2 2 2 2 2 2 2 2 2 2 2 2 2 2 2 2 2
left_child=3 -2 -3 5 -5 8 -7 -8 9 10 13 12 -12 -1 -13 16 17 29 20 25 21 -18 -17 -23 -25 -19 -15 -28 -22 -11
right_child=1 2 -4 4 -6 6 7 -9 -10 15 11 14 -14 26 -16 22 18 19 -20 -21 28 23 -24 24 -26 -27 27 -29 -30 -31
leaf_value=-0.0047949621469981878 0.0022572852499858553 -0.012090870940404898 0 -0.0025211954520060129 0.010344975210345574 -0.0021227068393443508 0.011676101962004097 0 -0.0069655815627276997 0 -0.0006237186665850428 0.0055122024446880103 0.0077361028200792744 -0.0018553948501400267 -0.0044819178265786156 -0.0063328650267931016 0.0013655278253897514 0 -0.009856841370705428 0 -0.00029851465636154443 0.0015079777377648722 0.00063360672763005592 -0.012229964604797734 0 0.010464175176558108 -0.00015282903128857839 0.0095662756433725731 0.0070474898065095107 -0.0059928787714070165
leaf_weight=32.439045998849906 5.5919493462424752 12.275316926999951 5.9689509123563758 2.6648982537444672 11.956540274200959 4.2557515930384424 11.269133229274301 3.681491090450435 12.650873207487164 43.820517546264455 9.1353689518291485 4.8408990539610413 50.678054595831782 18.408500929013826 16.191148169455118 42.45284880278632 18.851239414419979 5.2544151409529141 12.349139950936658 15.44137180992402 17.686649223556742 3.4177868727128979 17.716820560512133 17.960211394820366 6.5531157292425624 30.299355074064806 8.2033497451338935 11.29413416108582 15.683846114552578 17.480700660729781
leaf_count=2748 600 1339 543 233 750 312 574 115 1128 2492 670 116 3395 1676 1493 3353 1002 214 419 411 888 129 1375 561 657 1218 731 805 420 779
internal_value=-6.02674e-05 -0.00514331 -0.00844007 0.000210775 0.00673639 -3.33407e-05 0.00520248 0.00849166 -0.000393903 -3.875e-05 0.00157767 0.0041951 0.00613898 -0.0011963 -0.000543861 -0.00106785 0 0.00181264 -0.00240567 0.00623309 -0.000360974 -0.00335045 -0.00403233 -0.00694878 -0.00901185 0.00883083 0.00154836 0.00542288 0.00306691 -0.00172102
internal_weight=486.473 23.8362 18.2443 462.637 14.6214 448.016 19.2064 14.9506 428.809 416.159 151.191 80.8455 59.8134 70.345 21.032 264.968 204.798 112.296 92.502 50.9951 80.1528 46.7824 60.1697 27.9311 24.5133 35.5538 37.906 19.4975 33.3705 61.3012
internal_count=31146 2482 1882 28664 983 27681 1001 689 26680 25552 11634 5674 4065 5960 1609 13918 9190 5114 4076 1843 3657 2349 4728 1347 1218 1432 3212 1536 1308 3271
is_linear=0
shrinkage=0.05


Tree=145
num_leaves=31
num_cat=0
split_feature=3 26 21 25 26 35 40 30 7 29 2 7 38 23 40 33 31 38 21 38 41 37 0 29 1 10 3 2 33 16
split_gain=0.28138 0.439 0.421566 0.413645 0.550523 0.411416 0.463976 0.333102 0.814081 0.425565 0.51341 0.438053 0.405929 0.356632 0.309925 0.320137 0.302963 0.310069 0.291096 0.286688 0.312026 0.359953 0.285235 0.774553 0.437447 0.310506 0.54652 0.337229 0.307548 0.292847
threshold=0.069999992847442641 0.41666668653488165 -0.26333332061767573 -0.19666665792465207 0.12333333492279054 -0.36333334445953364 0.69333332777023327 0.42166668176651007 0.32333332300186163 -0.29666668176650995 -0.32999998331069941 0.22333335876464847 0.058509826660156257 0.11000001430511476 0.67666667699813854 -0.049999997019767754 0.31000000238418585 -0.21604394912719724 0.14999997615814212 0.059781551361083991 0.055009381845593459 -0.027168273925781247 0.34333333373069769 0.47500002384185797 0.33666664361953741 0.11000001430511476 0.41000002622604376 0.14999997615814212 -0.25666666030883784 -0.37666666507720942
decision_type=2 2 2 2 2 2 2 2 2 2 2 2 2 2 2 2 2 2 2 2 2 2 2 2 2 2 2 2 2 2
left_child=1 7 -3 4 -2 -6 -7 9 -9 12 11 -11 13 16 19 -16 -1 -18 -17 20 21 -12 24 -24 25 27 29 28 -5 -27
right_child=3 2 -4 22 5 6 -8 8 -10 10 14 -13 -14 -15 15 18 17 -19 -20 -21 -22 -23 23 -25 -26 26 -28 -29 -30 -31
leaf_value=0.00015078909487943265 0 -0.00037711107701148781 0.0086295411267104938 -0.0011311984626245835 0.00078350733570188937 -0.014680397823794968 0 0.012600164959832835 -0.0033298786427358967 -0.010298128252534773 0.0054367678602762985 0.00032185949435472086 -0.0030630079321626019 -0.0021669817184922172 0.00016291318118248196 -0.0099182145864820034 0 0.012541562124013595 0 0.0055935138753525245 -0.0061968487058046444 -0.001962326880237758 -0.0064596015791742283 0.0063092736753803313 0.007099789173092147 -0.0088477129206839828 0.0055691134870649375 -0.00099334095218232398 0.0081955579865530849 0
leaf_weight=16.120216368697584 30.075412814156152 12.013159745954907 28.800551343010738 4.7672327810432789 3.451424534898254 16.513522770022977 6.0446954951621583 11.086259474512191 7.8799251979216924 20.840528205735612 24.259043834870681 7.9435584725579238 10.68281680322252 5.1021339965518555 19.873038282617927 15.299731181934478 2.275575821753594 18.420649019186385 5.8166945752454913 23.516015350702219 11.36914057144895 24.836878348374739 35.865983413415961 9.4625261522596684 21.420690478757024 21.038639628794044 7.1887518533039829 24.241834668209776 22.545428781304508 16.611022836063057
leaf_count=1837 2524 465 903 440 155 715 316 228 277 1545 1778 784 1211 369 1446 1183 54 887 388 1580 784 1941 2462 399 1245 520 438 1557 1411 1315
internal_value=0.000174751 0.00129734 0.00573592 -0.0010753 -0.00456358 -0.00913185 -0.0113702 0.000257363 0.00577065 -0.000280366 -0.00171394 -0.00709863 0.00322982 0.00553797 -1.44303e-05 -0.00347639 0.00734366 0.0107166 -0.00710155 0.00151658 -5.4684e-05 0.00143385 9.54386e-05 -0.00288106 0.00152667 0 -0.00289906 0.00246246 0.00590664 -0.00563196
internal_weight=485.363 266.136 40.8137 219.227 56.0851 26.0096 22.5582 225.322 18.9662 206.356 153.755 28.7841 52.6014 41.9186 124.971 40.9895 36.8164 20.6962 21.1164 83.9811 60.4651 49.0959 163.142 45.3285 117.814 96.3929 44.8384 51.5545 27.3127 37.6497
internal_count=31157 17660 1368 13497 3710 1186 1031 16292 505 15787 11429 2329 4358 3147 9100 3017 2778 941 1571 6083 4503 3719 9787 2861 6926 5681 2273 3408 1851 1835
is_linear=0
shrinkage=0.05


Tree=146
num_leaves=31
num_cat=0
split_feature=16 16 37 31 38 40 38 24 20 38 12 24 27 20 38 38 5 21 38 29 16 38 8 36 37 5 7 16 25 6
split_gain=0.300788 0.680751 0.469134 0.593633 0.452613 0.440402 0.497236 0.482933 0.451193 0.413034 0.383864 0.362862 0.349805 0.335592 0.332055 0.873051 0.856117 0.579812 0.61743 0.580545 0.568237 0.438829 0.425712 0.423137 0.417079 0.439287 0.403871 0.374513 0.363321 0.382226
threshold=-0.26333332061767573 -0.32333332300186152 0.04142808914184571 0.31000000238418585 0.065794467926025405 0.25666666030883795 -0.048716068267822259 0.26999998092651373 -0.37833333015441889 -0.085764408111572252 0.16333335638046267 -0.36333334445953364 -0.04333332180976867 0.056666672229766853 0.074303150177001967 0.11019897460937501 0.25000000000000006 -0.20333333313465116 0.03019046783447266 0.42333334684371954 -0.41666667163372034 -0.028223037719726559 -0.096666663885116563 0.29000002145767217 -0.040172100067138665 0.030000001192092899 1.0000000180025095e-35 -0.4433333277702331 0.19666665792465213 0.096666663885116591
decision_type=2 2 2 2 2 2 2 2 2 2 2 2 2 2 2 2 2 2 2 2 2 2 2 2 2 2 2 2 2 2
left_child=1 14 3 -2 -3 6 9 11 -8 10 -5 -7 -4 -6 17 20 22 26 21 -20 -16 23 -17 28 -23 -26 -1 -24 29 -19
right_child=2 4 12 5 13 7 8 -9 -10 -11 -12 -13 -14 -15 15 16 -18 18 19 -21 -22 24 27 -25 25 -27 -28 -29 -30 -31
leaf_value=0.0093175702402132562 -0.0024114353960655571 0.0093525953513123612 -0.0086831397132778251 0.0058775737923224183 0.0045021940039494173 -0.00050659542233681047 0.003950976138293651 -0.0020855505296626504 -0.0090929947721630974 0.011056950956525501 -0.006076687546863373 0.010088479219418243 -9.6006554828423658e-05 -0.0074003774029024402 0.016524142476529721 0.00022108011206729467 0.0083577190855966682 0 -0.013018216128752825 0.00020496097094360196 0 -0.0043364684014180139 -0.01596945649291056 0.0011871588313273704 -0.0016185962366876746 0.008820467391356706 0 0 0.00067406018651874357 -0.013211209908244249
leaf_weight=12.296863403869791 107.23088318877853 30.644364706007764 26.175096583552659 5.3922041547484723 5.6132343064527941 4.0746590367052695 2.4052277624141452 7.2840198946651062 16.194689387222752 5.7938424674794069 9.3327106216456723 33.067250363063067 28.851601236732677 5.0427938029170036 9.2024654778651911 9.4115483015775681 8.6376299709081632 12.506710727699103 18.025723224040124 6.989205263555049 7.0538974176160982 6.6292663493659338 6.3911813721060726 19.275822436669841 7.5643170466646579 22.922640367411077 20.383131256094202 8.6815999336540717 6.3695203932002178 14.789840908721088
leaf_count=315 13337 1385 2345 211 251 283 184 488 1197 217 359 1513 3706 216 187 208 193 480 520 141 221 200 123 464 221 553 628 253 192 500
internal_value=0 0.00123546 -0.00122665 0 0.00662329 0.00303652 -0.000319535 0.00617383 -0.00583772 0.00392893 -5.85561e-05 0.00843786 -0.0050425 -0.000266318 0 0.00326453 -0.00104108 -0.00124929 -0.00302882 -0.00919266 0.0110761 -0.000589209 -0.00616928 -0.00356263 0.00297776 0.00570494 0.00386832 -0.0102727 -0.00668063 -0.00895985
internal_weight=484.234 238.432 245.802 190.775 41.3004 83.5446 39.1187 44.4259 18.5999 20.5188 14.7249 37.1419 55.0267 10.656 197.131 49.3783 33.122 147.753 115.073 25.0149 16.2564 90.0581 24.4843 52.9419 37.1162 30.487 32.68 15.0728 33.6661 27.2966
internal_count=31091 7251 23840 17789 1852 4452 2168 2284 1381 787 570 1796 6051 467 5399 1185 777 4214 3271 661 408 2610 584 1636 974 774 943 376 1172 980
is_linear=0
shrinkage=0.05


Tree=147
num_leaves=31
num_cat=0
split_feature=19 25 11 37 36 41 6 17 15 41 12 17 22 34 31 33 27 12 10 20 23 29 35 39 11 20 29 38 15 17
split_gain=0.308534 0.4753 0.418219 0.570476 0.560159 0.386943 0.489332 0.656286 0.585019 0.409399 0.407544 0.449345 0.532873 0.39568 0.385408 0.379944 0.363197 0.337164 0.763828 0.398512 0.309982 0.307925 0.332307 0.321606 0.299446 0.253527 0.249769 0.27782 0.248972 0.245246
threshold=-0.30333334207534784 -0.04333332180976867 -0.37666666507720942 0.011377334594726564 -0.13666665554046628 0.033665614202618606 0.20999997854232791 0.26166665554046636 0.14999997615814212 0.034270197153091438 0.17666667699813846 0.26166665554046636 -0.15000000596046445 -0.4433333277702331 0.43666666746139532 0.12333333492279054 -0.4433333277702331 -0.45666666328907007 0.30333334207534796 0.27499997615814215 -0.22999998927116391 -0.26999998092651362 0.22333335876464847 0.027981002815067772 0.41666668653488165 -0.21666666865348813 0.36333334445953375 0.11019897460937501 -0.36333334445953364 -0.41666667163372034
decision_type=2 2 2 2 2 2 2 2 2 2 2 2 2 2 2 2 2 2 2 2 2 2 2 2 2 2 2 2 2 2
left_child=1 -1 17 4 -4 6 7 8 -2 -7 15 14 25 -14 -12 16 -11 18 -3 -20 -9 -17 23 -23 -15 -13 27 -8 -28 -19
right_child=5 2 3 -5 -6 9 26 20 -10 10 11 12 13 24 -16 21 -18 29 19 -21 -22 22 -24 -25 -26 -27 28 -29 -30 -31
leaf_value=-0.00039442025489209905 0.0053641927988916146 0.010344032564239748 -0.00035308123819238388 0 0.01343741887517381 -0.010037827968413774 -0.0093514248256216723 0 -0.0055538472672423816 0.0041939985600221805 0.00066559001946619534 0 0.0014035371679900306 -0.011320430610115348 0.011299433547516523 -0.006736489916545272 -0.0058219237390389894 0.00020124411102688921 -0.0090167705885436187 0.0029381780807665086 0.015492971922149299 0.0091828932850860825 -0.0012476791592703799 -0.0014808114918287317 0 0.0098096434847130612 -0.0038528628812582416 0.0014221566612794027 0.0064792026818096789 -0.008092548688218822
leaf_weight=95.267297851853073 22.651069772895426 14.27380231022835 4.7619642373174456 22.132103889947757 25.910034662112594 8.7398065968882275 11.16424387204461 3.9171309568919233 14.815683898050336 2.9237332437187424 31.930375310825184 12.196079008048402 6.9429905056022134 16.172266798326749 10.421515082009135 4.1721231120172879 75.288203890901059 8.3538264315575379 7.4083282900974137 5.7857118840329349 9.8924085628241283 16.519605375593532 16.415334544028156 2.9609390876721582 5.6427899057744062 4.1734839479904613 2.9565450290683657 1.7068092937115569 6.2934934806544316 9.2741339537315053
leaf_count=3508 2183 266 178 629 707 815 1133 335 1366 132 2994 1031 682 1274 363 436 7192 196 135 100 742 1285 1224 251 466 276 124 180 518 283
internal_value=0.000351523 0.00189957 0.00426635 0.00706669 0.0109072 -0.000619666 0.00225531 0.0049492 0.000300983 -0.0017514 -0.00100693 0.00134325 -0.00166708 -0.00569954 0.00487675 -0.00292721 -0.0048785 5.33023e-05 0.00368836 -0.0031922 0.0123874 0.000478296 0.00275823 0.0066139 -0.00867411 0.00392814 -0.00282372 -0.00660005 0.00132089 -0.00405105
internal_weight=481.064 193.167 97.8999 52.8041 30.672 287.897 73.3974 51.2763 37.4668 214.499 205.759 87.4795 45.1276 28.758 42.3519 118.28 78.2119 45.0958 27.4678 13.194 13.8095 40.068 35.8959 19.4805 21.8151 16.3696 22.1211 12.8711 9.25004 17.628
internal_count=31004 6002 2494 1514 885 25002 6581 4626 3549 18421 17606 7086 3729 2422 3357 10520 7324 980 501 235 1077 3196 2760 1536 1740 1307 1955 1313 642 479
is_linear=0
shrinkage=0.05


Tree=148
num_leaves=31
num_cat=0
split_feature=23 2 27 40 7 26 3 9 39 39 37 36 23 14 16 37 24 37 39 23 38 21 27 38 30 32 3 33 36 24
split_gain=0.340682 0.287598 0.459942 0.432846 0.357529 0.410248 0.547878 0.405303 0.698562 0.40131 0.752261 0.457107 0.425455 0.478226 0.492938 0.380203 0.379877 0.37398 0.352837 0.296785 0.285818 0.359644 0.34002 0.283515 0.313099 0.284618 0.281057 0.279051 0.282191 0.295605
threshold=-0.37666666507720942 -0.29000000655651087 -0.15000000596046445 0.7033333182334901 -0.18999999761581418 -0.32999998331069941 -0.26333332061767573 -0.04333332180976867 0.026805683970451358 0.029205097816884521 -0.0054221153259277335 0.083333313465118422 0.16333335638046267 -0.46999999880790705 -0.26333332061767573 -0.065113067626953111 -0.1766666769981384 0.028864860534667972 0.013578832149505617 0.18333333730697635 -0.070828437805175767 0.34333333373069769 0.17000001668930056 0.074303150177001967 0.11000001430511476 -0.21666666865348813 -0.24999999999999997 0.1566666662693024 -0.29666668176650995 -0.29000000655651087
decision_type=2 2 2 2 2 2 2 2 2 2 2 2 2 2 2 2 2 2 2 2 2 2 2 2 2 2 2 2 2 2
left_child=-1 2 3 26 5 -3 -7 8 20 11 -11 17 23 -14 15 -15 -10 19 -8 -9 -6 22 -22 24 -13 -26 -2 28 -20 -30
right_child=1 4 -4 -5 7 6 18 9 16 10 -12 12 13 14 -16 -17 -18 -19 27 -21 21 -23 -24 -25 25 -27 -28 -29 29 -31
leaf_value=-0.0037028921586653484 -0.0036927612249288717 0.0032282956404605283 -0.00035329056387122556 0.012645020424569746 -0.00472552306895032 0.0028077510495576139 0.0012746894361988135 0 0 0.0019745764150873326 -0.011704645045980162 0.0033377522874049291 -0.0017945246697742296 0 0 0.011731039883042062 0.013555980614070066 0.0018945724636542937 -0.0022856737105553162 -0.0094561799259495552 0.0065157442484782809 -0.003491768981195817 -0.0010410583204935348 0.0046927855718444794 0.0021863510586684373 -0.0069462958411050414 0.0057581073647662399 0 0 -0.013774050957378487
leaf_weight=50.793537398334593 9.3089266063179839 14.587908149696885 29.989944074419327 12.867942828917874 11.875930142356081 13.694646978750823 6.3657388358842573 17.120919016888365 4.4183062142692533 11.735706234816464 14.695478229783474 6.3971298460382959 12.260335796512662 3.9407504384871563 14.333627032930961 30.088728090049699 14.717716958257368 15.033758449601008 22.939848699141287 18.104357926407829 37.529881160706282 11.917958285426719 12.66247914242558 9.0083687282167357 3.2568973682355091 29.659988945233639 8.9196816575713473 8.3640848707873356 3.0284020651597556 23.562409329577356
leaf_count=3701 405 1272 2814 415 816 828 417 1110 310 662 883 563 210 125 1791 832 767 944 1722 1124 2296 720 1279 642 196 1585 400 573 246 1440
internal_value=-1.29304e-05 0.000408257 0.0034321 0.00722338 -6.96326e-05 -0.00272231 -0.00428477 0.000762022 0.00338134 -0.000486202 -0.00561844 0.000387633 0.00231047 0.00497175 0.00715566 0.0100162 0.0106621 -0.00313799 -0.00626278 -0.00585539 0.00052712 0.00222632 0.00425682 -0.000748428 -0.00300321 -0.00520252 0.000180651 -0.0075247 -0.00881546 -0.0122237
internal_weight=483.181 432.388 61.0865 31.0966 371.301 92.543 77.9551 278.758 93.1223 185.636 26.4312 159.205 108.946 60.6234 48.3631 34.0295 19.136 50.259 64.2605 35.2253 73.9862 62.1103 50.1924 48.3224 39.314 32.9169 18.2286 57.8947 49.5307 26.5908
internal_count=31088 27387 4034 1220 23353 6498 5226 16855 6188 10667 1545 9122 5944 2958 2748 957 1077 3178 4398 2234 5111 4295 3575 2986 2344 1781 805 3981 3408 1686
is_linear=0
shrinkage=0.05


Tree=149
num_leaves=31
num_cat=0
split_feature=0 3 20 10 29 3 5 20 35 6 29 26 1 38 25 20 24 35 23 0 22 26 37 21 31 18 25 0 23 16
split_gain=0.365014 0.376548 0.496914 0.464699 0.354372 0.559685 0.406844 0.34126 0.318252 0.31857 0.270044 0.475743 0.289135 0.340359 0.383142 0.329782 0.316173 0.290263 0.281945 0.278712 0.259659 0.306931 0.302805 0.303017 0.280973 0.276359 0.267021 0.246402 0.243792 0.243214
threshold=0.34333333373069769 0.38999998569488531 0.030000001192092899 -0.069999992847442613 0.47500002384185797 0.33666664361953741 -0.023333340883255001 0.12333333492279054 -0.43000000715255732 0.46333330869674688 0.46166664361953741 0.12333333492279054 0.18333333730697635 0.15047979354858401 -0.32999998331069941 0.056666672229766853 -0.16333332657814023 0.25000000000000006 -0.22999998927116391 0.17666667699813846 -0.19666665792465207 0.32999998331069952 0.01370668411254883 -0.19666665792465207 -0.29666668176650995 -1.0000000180025095e-35 0.096666663885116591 0.36833333969116216 -0.43000000715255732 0.083333313465118422
decision_type=2 2 2 2 2 2 2 2 2 2 2 2 2 2 2 2 2 2 2 2 2 2 2 2 2 2 2 2 2 2
left_child=1 10 -3 -4 5 6 -2 -7 -9 -10 12 -12 13 14 16 18 -1 -15 -14 20 21 28 24 -24 -22 -23 -25 -8 -16 -17
right_child=4 2 3 -5 -6 7 27 8 9 -11 11 -13 15 17 19 29 -18 -19 -20 -21 22 25 23 26 -26 -27 -28 -29 -30 -31
leaf_value=0.0080543447126054778 -0.0059024382203526184 0 -0.00064529769168253034 0.015421733446363368 0.0027534548440758797 0 -0.0024365632842344082 0 -0.015711018580782218 0 0.0016648242987853685 -0.011338479502340671 -0.00071109699973615295 -0.0089136063596879835 -0.0068598533899605837 0.0020927366997045217 0 0.00091176940164119393 0.007735438129740666 0.003020125368072675 9.0884045651233454e-06 0.0076760986901967705 0.0053742565361361884 0 -0.0068085235824410966 -0.00039806092412190334 -0.0075993200594949616 0.0055837065152267449 0 -0.0050625651035376756
leaf_weight=18.8492999561131 15.412206102744674 17.710123731056232 1.8687629513442505 8.3655198642518354 11.737512930762021 6.6931940641952705 5.6655726470053223 1.6218473166227401 16.048187482752837 1.5321920313872386 6.0501584256999186 8.0191357810981554 5.2953919838182619 14.334626878029669 9.9914888513740134 31.143250301014632 26.585665774997324 3.8228844472905612 31.231926652602851 30.731628277106211 10.967618340859188 16.355883060954515 11.924661822267806 22.221178894629706 50.135764469858259 9.0850724866613728 9.7123656480107439 20.277171549969353 47.927013973123394 11.37693978846073
leaf_count=1353 1074 1193 140 440 449 510 338 108 1191 140 130 166 382 944 865 1607 1874 275 1870 1941 495 535 769 1298 3816 510 707 1163 3923 872
internal_value=-0.000140801 0.000426202 0.00547039 0.0117938 -0.00315841 -0.00467255 -0.000170713 -0.00969361 -0.0123602 -0.0140365 0 -0.00567505 0.000279644 -0.000405028 1.99241e-05 0.0028776 0.0039967 -0.00609743 0.00599551 -0.000778399 -0.00160104 0.000223619 -0.0032092 0 -0.00532086 0.00447191 -0.00251444 0.00292085 -0.00149595 0
internal_weight=482.694 403.706 27.9444 10.2343 78.9879 67.2504 41.355 25.8954 19.2022 17.5804 375.762 14.0693 361.693 282.645 264.488 79.0475 45.435 18.1575 36.5273 219.053 188.321 83.3595 104.962 43.8582 61.1034 25.441 31.9335 25.9427 57.9185 42.5202
internal_count=31078 26105 1773 580 4973 4524 2575 1949 1439 1331 24332 296 24036 19305 18086 4731 3227 1219 2252 14859 12918 5833 7085 2774 4311 1045 2005 1501 4788 2479
is_linear=0
shrinkage=0.05


Tree=150
num_leaves=31
num_cat=0
split_feature=12 31 27 38 7 12 31 29 27 39 39 3 34 14 19 32 38 37 38 12 40 3 37 11 38 26 18 31 15 22
split_gain=0.274442 0.320713 0.63294 0.519847 0.435366 0.334754 0.331103 0.354158 0.432135 0.30998 0.523949 0.437349 0.71529 0.422501 0.603406 1.06373 0.577547 0.666737 0.422493 0.412416 0.394385 0.561154 0.442112 0.688615 0.502677 0.38509 0.383252 0.376352 0.34081 0.320386
threshold=0.43000000715255743 0.42333334684371954 -0.056666672229766839 0.0041885375976562509 -0.20333333313465116 0.33666664361953741 0.069999992847442641 -0.29666668176650995 -0.12333333492279051 0.012643355876207353 0.013880040496587755 -0.26999998092651362 0.35000002384185797 -0.40333333611488337 -0.29666668176650995 -0.096666663885116563 0.074303150177001967 -0.093151092529296861 0.13470363616943362 -0.41666667163372034 0.043333332985639579 0.37000000476837164 0.046335220336914069 -0.28333333134651179 -0.092090606689453111 0.40333333611488348 -0.069999992847442613 -0.13666665554046628 -0.24333333969116208 -0.036666661500930779
decision_type=2 2 2 2 2 2 2 2 2 2 2 2 2 2 2 2 2 2 2 2 2 2 2 2 2 2 2 2 2 2
left_child=1 6 4 -4 -3 -6 9 8 -8 -1 27 12 29 16 15 -15 17 -13 19 -18 -19 22 23 24 -22 -16 28 -11 -17 -12
right_child=-2 2 3 -5 5 -7 7 -9 -10 10 11 13 -14 14 25 26 18 20 -20 -21 21 -23 -24 -25 -26 -27 -28 -29 -30 -31
leaf_value=0.0061643358215322935 -0.0052165867568719146 -0.0077520719769103054 0.011955724584119224 -0.0007130799928642841 0.0074578201585964038 -0.0033124308065947839 0.00713043768699989 -0.0044191322200552016 -0.0029535000455336918 -0.010346544902520091 0.0010187304534154059 0.0051041063643208753 -0.0016589259095749144 -0.0039395261371087684 -0.0031504525515136891 0.012363439556838343 0.013121865396518063 0.0013800906197209892 -0.0027498536567581383 0 0 0 0 0 -0.019408579789943921 0.004682729259241558 -0.00097989307342326889 0.00060489590574584794 0 0.013313156672586285
leaf_weight=15.232984567759557 20.661535098799504 10.027588706463577 18.726852294756103 5.9332210884895167 10.109695094637571 4.5634260457009068 12.540527902543547 82.159721798379906 15.850917089846915 14.256585393799471 15.275120222242551 6.225988858845084 19.836548450868577 15.390477329026906 64.138357377843931 31.423706763423976 6.7939658015966415 5.229113874025642 8.9726825943216664 5.0141051630489546 5.6490526543930129 10.251631628721951 8.9502284780610335 8.8531676819548064 20.21438692510128 12.654762557707725 2.7198481769300988 5.3797206857707343 4.5416624748613712 14.526946175610645
leaf_count=817 2290 307 554 462 451 191 620 7904 1828 657 936 172 1295 788 6689 1177 123 129 175 122 151 208 222 283 535 459 99 415 258 784
internal_value=-0.000284217 0 0.00357697 0.00854917 -0.0012734 0.0029097 -0.000472799 -0.00276208 0.00124058 0.000322748 -2.26898e-05 0.000535719 0.00453087 -0.000363286 0.00128278 0.0051466 -0.00305568 -0.0053925 0.00292327 0.00811206 -0.00724946 -0.00855799 -0.0107983 -0.0130146 -0.016446 -0.00131185 0.00936448 -0.00693166 0.0107707 0.00893669
internal_weight=482.105 461.443 49.3608 24.6601 24.7007 14.6731 412.082 110.551 28.3914 301.531 286.298 266.662 49.6386 217.023 130.869 54.0757 86.1543 65.3736 20.7808 11.8081 59.1476 53.9185 43.6668 34.7166 25.8634 76.7931 38.6852 19.6363 35.9654 29.8021
internal_count=31101 28811 1965 1016 949 642 26846 10352 2448 16494 15677 14605 3015 11590 9470 2322 2120 1700 420 245 1528 1399 1191 969 686 7148 1534 1072 1435 1720
is_linear=0
shrinkage=0.05


Tree=151
num_leaves=31
num_cat=0
split_feature=17 11 15 38 38 27 4 32 32 41 7 40 32 41 29 3 23 0 21 29 31 15 7 7 25 3 1 31 27 41
split_gain=0.257164 0.281666 0.486965 0.364797 0.397365 0.327255 0.301335 0.277169 0.266772 0.377207 0.295618 0.371122 0.398677 0.359878 0.665 0.628282 0.383076 0.361907 0.354573 0.32949 0.527935 0.494854 0.387455 0.365573 0.248633 0.245006 0.356065 0.304271 0.278586 0.244305
threshold=0.38999998569488531 0.23000001907348636 0.22333335876464847 -0.10629272460937499 0.03821611404418946 0.3966666460037232 -0.37666666507720942 0.11000001430511476 0.37666666507720953 0.037899639457464225 0.083333313465118422 0.34000000357627874 0.12333333492279054 0.038634473457932479 0.32333332300186163 0.14999997615814212 0.33666664361953741 -0.24999999999999997 -0.10999999940395354 0.12333333492279054 -0.36333334445953364 -0.25666666030883784 1.0000000180025095e-35 -0.36333334445953364 -0.083333343267440782 0.25666666030883795 -0.036666661500930779 -0.10999999940395354 0.1566666662693024 0.046297160908579833
decision_type=2 2 2 2 2 2 2 2 2 2 2 2 2 2 2 2 2 2 2 2 2 2 2 2 2 2 2 2 2 2
left_child=1 2 8 6 24 -4 -3 -6 10 -10 11 25 19 14 -12 17 -17 -15 -16 20 23 22 -21 -13 -5 26 28 -27 -1 -2
right_child=29 3 5 4 7 -7 -8 -9 9 -11 13 12 -14 15 18 16 -18 -19 -20 21 -22 -23 -24 -25 -26 27 -28 -29 -30 -31
leaf_value=-0.007554578567481607 0 0.0042404180366161816 -0.0069395104774011328 0.00029783843061819581 -0.0054166212318459443 0.0019989766737619806 -0.0061767026122010538 0.0037209553739258987 -0.0087014866932911931 0.00077711165502269259 0 0.0003526740683532028 -0.0040286973907642243 -0.0017921482749568163 0 -0.009101690165234275 2.8828843742201804e-05 0.007121887217568991 0.012030117511831763 0.012374661746788956 0.002654254567005021 -0.0015796484883894041 0 -0.013492060530813406 0.010387580018724727 -0.011811704389903118 0.0017044907740026522 0 0.00070688226497856159 -0.007404412170639427
leaf_weight=20.308482971624475 23.958277911762707 3.3589348599780342 33.492106319172308 14.939616768388076 9.2145117757609132 5.6275185283739111 11.971009582979603 11.805947808898052 12.067648109048607 13.367868548957629 25.306567222811282 2.5689338226802647 16.442666799528524 8.6492974157445115 8.6753808457870019 15.099742454709487 13.967198583064599 26.297610071953386 25.11402387288399 19.568860191851861 51.683173388475552 6.4031349557917556 3.7594560300931326 4.0679317002650341 23.807717122836038 8.0572230962570739 39.371976861497387 3.5361867723986498 7.0472942080814382 15.245005337521432
leaf_count=1486 2193 179 3007 1005 1017 593 751 987 498 601 1643 114 789 422 260 752 594 1422 625 557 3914 470 145 170 1830 291 2489 292 763 1346
internal_value=3.63821e-05 0.000445337 -7.24882e-05 0.00312456 0.00493723 -0.00500476 -0.0021714 0 0.000514353 -0.00372713 0.00101206 -0.000149669 0.00162238 0.00285762 0.0054788 0 -0.00474714 0.00436581 0.00953368 0.00313316 0.000315465 0.00697949 0.0100238 -0.00853179 0.00761759 -0.00275759 -0.000855114 -0.00826062 -0.00493248 -0.00350082
internal_weight=484.781 445.578 370.48 75.0977 59.7678 39.1196 15.3299 21.0205 331.361 25.4355 305.925 182.815 104.494 123.11 59.096 64.0138 29.0669 34.9469 33.7894 88.0515 58.32 29.7315 23.3283 6.63687 38.7473 78.3212 66.7278 11.5934 27.3558 39.2033
internal_count=31205 27666 21897 5769 4839 3600 930 2004 18297 1099 17198 11480 6159 5718 2528 3190 1346 1844 885 5370 4198 1172 702 284 2835 5321 4738 583 2249 3539
is_linear=0
shrinkage=0.05


Tree=152
num_leaves=31
num_cat=0
split_feature=16 26 29 1 26 1 29 31 30 36 25 28 24 22 38 37 12 2 30 25 40 7 10 37 36 29 2 37 11 21
split_gain=0.342159 0.383936 0.38201 0.343823 0.50092 0.459341 0.582079 0.443623 0.625798 0.589648 0.376515 0.374708 0.368759 0.363412 0.343149 0.342628 0.404498 0.354168 0.352351 0.309241 0.307206 0.285655 0.276057 0.271265 0.270651 0.253727 0.251615 0.334875 0.367766 0.43438
threshold=-0.25666666030883784 -0.4433333277702331 0.043333351612091071 -0.25666666030883784 -0.16333332657814023 0.40333333611488348 0.45499998331069952 -0.22999998927116391 0.41000002622604376 0.096666663885116591 -0.32999998331069941 0.48166668415069586 -0.236666664481163 0.34333333373069769 0.040137290954589851 -0.011707305908203123 -0.37666666507720942 -0.049999997019767754 0.41000002622604376 0.01666665077209473 0.20333333313465121 0.2833333313465119 -0.056666672229766839 -0.070494174957275377 0.38999998569488531 0.20333331823349002 0.25000000000000006 0.092807292938232436 -0.12999999523162839 -1.0000000180025095e-35
decision_type=2 2 2 2 2 2 2 2 2 2 2 2 2 2 2 2 2 2 2 2 2 2 2 2 2 2 2 2 2 2
left_child=1 -1 26 4 -3 6 7 15 9 14 -11 -7 -6 -8 -9 18 19 -18 23 25 -16 -4 -23 -5 -24 -17 27 28 -2 -30
right_child=2 3 21 5 12 11 13 8 -10 10 -12 -13 -14 -15 20 16 17 -19 -20 -21 -22 22 24 -25 -26 -27 -28 -29 29 -31
leaf_value=-0.0059492720225683806 -0.0018557624530455873 -0.0023072686831850618 -0.0065295258540383309 0 0 0.0092815372509469085 -0.011101568340252768 -0.0032133660817219136 0.00937072963979875 0.00075061616204333324 -0.011461215916656687 -0.0012530989652506444 0.010305172366975092 0 -0.0021084917834815345 0 0.0020236565091481407 -0.007710879809460257 -3.3783532785651539e-05 -0.00053496286388567853 0.0082280346748837274 0.0064493492792342001 -0.0065386491909276458 0.011781815224837145 0.0017979957556385241 0.011049240644631309 -0.0033200523137151324 -0.0060452464771723648 0.0059620513278632751 -2.1426941817729441e-05
leaf_weight=8.4645329455379379 33.814595143077895 7.4899690900929263 38.64310641400516 4.9207357154227855 5.6257983739487818 20.202052772976462 11.625065681990238 23.806500741513446 4.4196592657826832 2.7159709937404868 18.66968109854497 5.0232148854993275 30.492623643949628 8.4744606348685902 3.331603879574689 5.595346740446991 7.9170011300593641 14.306351978564633 6.3013565065339199 10.024001343641428 12.856995882932095 5.5787712398450848 13.59498077328317 19.440971066243947 8.6619104562560079 10.703568414319305 32.243876424734481 7.2804180691018692 62.395540367695503 39.959448919864371
leaf_count=385 3507 307 4575 209 168 551 233 997 110 109 775 146 743 156 126 146 268 458 150 241 395 568 1879 592 1082 230 2735 799 5166 3309
internal_value=0.000276058 0.00162379 -0.000978891 0.00214391 0.0059783 0.000982211 0 0.0011262 -0.0015858 -0.00350992 -0.00917277 0.00654541 0.00837398 -0.00695825 0 0.00362552 0.000275192 -0.00366422 0.00733483 0.00443733 0.00497915 -0.00405064 0 0.00969422 -0.0027166 0.00793759 0.000141179 0.00118851 0.00198992 0.00352354
internal_weight=484.58 242.407 242.173 233.943 43.6084 190.335 165.109 145.01 65.8004 61.3808 21.3857 25.2253 36.1184 20.0995 39.9951 79.2093 48.5463 22.2234 30.6631 26.3229 16.1886 66.4788 27.8357 24.3617 22.2569 16.2989 175.694 143.45 136.17 102.355
internal_count=31115 7495 23620 7110 1218 5892 5195 4806 2512 2402 884 697 911 389 1518 2294 1343 726 951 617 521 8104 3529 801 2961 376 15516 12781 11982 8475
is_linear=0
shrinkage=0.05


Tree=153
num_leaves=31
num_cat=0
split_feature=22 33 27 31 16 39 39 25 14 8 31 40 23 29 28 41 37 39 38 41 7 16 41 24 32 34 40 40 9 40
split_gain=0.283845 0.408 0.344978 0.247595 0.433665 0.380327 0.501979 0.558216 0.540584 0.443542 0.375703 0.352789 0.431016 0.541609 0.361216 0.342369 0.75794 0.679356 0.668756 0.402731 0.389978 0.747422 0.528617 0.590307 0.44438 0.341656 0.338199 0.406316 0.303686 0.303174
threshold=-0.45666666328907007 0.37666666507720953 0.056666672229766853 0.43000000715255743 -0.25666666030883784 0.0129718822427094 0.013880040496587755 0.37000000476837164 -0.33666665852069849 0.41666668653488165 -0.13666665554046628 0.13000000268220904 -0.26999998092651362 -0.33666665852069849 0.29666668176651007 0.038504686206579215 0.092807292938232436 0.023888173513114456 0.029561042785644535 0.032670618966221816 -0.076666668057441698 -0.32333332300186152 0.061374438926577575 0.37000000476837164 0.31000000238418585 -0.20166666805744168 0.063333334401249899 0.76333332061767589 0.069999992847442641 0.79000002145767223
decision_type=2 2 2 2 2 2 2 2 2 2 2 2 2 2 2 2 2 2 2 2 2 2 2 2 2 2 2 2 2 2
left_child=1 2 -1 4 5 10 8 15 -7 -9 -2 -5 -13 -14 -15 17 20 18 29 -20 -17 22 23 24 28 -19 -27 -28 -22 -8
right_child=3 -3 -4 11 -6 6 7 9 -10 -11 -12 12 13 14 -16 16 -18 25 19 -21 21 -23 -24 -25 -26 26 27 -29 -30 -31
leaf_value=-0.012649401287126494 0.010933717780626663 0.0026358193696540519 0 -0.0020089579496529431 -0.0020324848019592488 -0.01253109329181685 0.013397096711975413 -0.011804285259251458 0.0024100209682147676 0.00050448421731820057 -0.00077023487524115978 -0.0013839895687417063 0 0.014451212317490759 0 0.0024082909751859945 0.01062345357928008 0.0038834706655819966 -0.0058442099153008719 0.0055686643103691289 -0.0011952788396650551 0.0048995216887343391 0.0013381754568945279 0.0020785076232284544 0 0.0026631329330220467 -0.012558366038340941 0 -0.016861849486672704 0
leaf_weight=9.6610569881740975 12.186226001009347 4.3908889868762335 5.071404190384782 13.06142088677734 181.87368109868839 8.6122591434977931 26.285673752427101 7.9733267736155522 3.6149185514077535 7.1454245110508054 4.0495226238854221 8.8490521179046464 10.501418914413078 16.649185251444585 2.7592679914087048 31.505190236726769 8.97469633980654 10.872500076889994 9.5267463880591112 9.3664847237523627 8.8713825978338665 12.02511502010749 10.258650615811346 5.0111046503297976 9.313519374933092 3.1377253844402757 9.4009930219035578 6.0054937866516402 18.506222964730114 8.5277650323696417
leaf_count=472 325 293 485 559 20598 240 734 338 127 228 158 411 378 628 198 989 235 292 282 273 295 545 321 140 206 93 329 202 592 247
internal_value=-4.69117e-05 -0.005262 -0.00890331 0.000178847 -0.000190769 0.00116755 0.000388381 0.00117745 -0.00740298 -0.00631256 0.00747007 0.0032714 0.00564015 0.0082985 0.0122726 0.00208718 0 0.00436651 0.00750712 0 -0.00142066 -0.003708 -0.00643232 -0.00879581 -0.01095 -0.000961902 -0.0050762 -0.00812493 -0.0136617 0.011109
internal_weight=483.988 19.1234 14.7325 464.865 413.045 231.171 214.935 202.708 12.2272 15.1188 16.2357 51.8203 38.7589 29.9099 19.4085 187.589 104.466 83.1234 53.7067 18.8932 95.4912 63.986 51.9609 41.7022 36.6911 29.4167 18.5442 15.4065 27.3776 34.8134
internal_count=31213 1250 957 29963 27789 7191 6708 6341 367 566 483 2174 1615 1204 826 5775 3323 2452 1536 555 3088 2099 1554 1233 1093 916 624 531 887 981
is_linear=0
shrinkage=0.05


Tree=154
num_leaves=31
num_cat=0
split_feature=9 41 33 23 24 16 5 22 29 33 9 20 33 16 25 22 39 10 39 26 7 41 13 31 20 41 41 41 7 39
split_gain=0.345003 0.735359 0.420154 0.318111 0.262038 0.268279 0.258689 0.255638 0.656522 0.618282 0.389782 0.508547 0.428223 0.365585 0.351507 0.325517 0.32062 0.307338 0.542509 0.376806 0.641077 0.410092 0.288718 0.269363 0.257789 0.248806 0.436113 0.329066 0.410049 0.304518
threshold=0.43000000715255743 0.044856913387775428 0.43000000715255743 -0.43000000715255732 0.44333332777023321 0.056666672229766853 0.096666663885116591 0.23666667938232425 -0.29666668176650995 -0.236666664481163 0.13666665554046634 -0.016666665673255917 0.17666667699813846 -0.29666668176650995 0.11000001430511476 0.32333332300186163 0.0129718822427094 -0.030000001192092892 0.025486567988991741 0.25000000000000006 -0.18999999761581418 0.032738061621785171 0.42333334684371954 -0.26999998092651362 -0.18999999761581418 0.053183959797024734 0.079768318682909026 0.03895267844200135 -0.083333343267440782 0.014356491621583702
decision_type=2 2 2 2 2 2 2 2 2 2 2 2 2 2 2 2 2 2 2 2 2 2 2 2 2 2 2 2 2 2
left_child=2 4 3 -1 5 -2 -3 8 16 23 11 -11 15 25 -13 -12 -5 19 -19 21 -21 -15 -18 -9 -23 27 -27 29 -29 -10
right_child=1 6 -4 7 -6 -7 -8 9 13 10 12 14 -14 17 -16 -17 22 18 -20 20 -22 24 -24 -25 -26 26 -28 28 -30 -31
leaf_value=-0.0046549831270114748 0.012778856895572559 0.0025945269444843785 -0.0076414739180296265 -0.0026193445064627858 0 0 -0.0070067612100858162 0 -0.0031991076519797706 -0.0060454679985028495 0 0.0080077793032068776 0.00019261349868851367 0.0042651476461337849 0 -0.012451139836182363 0.0084375611772828981 -9.7676398366538709e-05 -0.011168033570189459 -0.00389451296336564 0.010299414536098488 -0.0091812538357820064 -0.00034057445867013086 -0.010101859689890653 -0.00019103048659354805 0.0086041358779907432 -0.0024919873620242762 0.002751571778942594 -0.0061739342536517635 0.0047494959372856938
leaf_weight=24.076945804059505 17.916571774054326 3.6848896105075246 11.633394201635381 2.4412043164484194 1.996380008291452 5.6488970557693383 9.4239673903211933 3.0056396827567395 7.1581367203034452 4.8773313879501066 3.966119833639822 31.429483335348777 30.119715547305532 11.318647777196018 15.961888869991524 8.3588263815036026 46.31194908649195 36.770764650776982 13.664328760933129 5.7011333131231394 14.696970338933168 12.148708918364713 4.42978546116501 17.330165516468696 25.952648941660303 23.880269328597937 5.1581257185898712 12.952646679710595 24.760855131549761 46.199352512136102
leaf_count=1755 535 282 833 265 176 648 663 228 209 328 219 1687 1648 1281 955 458 3424 3941 1282 296 764 1274 326 1439 2836 709 206 377 817 1353
internal_value=0.000335281 0.00453096 -2.98844e-05 0.000219499 0.00904084 0.0104601 -0.00303233 0.000630244 0.00144557 -0.00121204 0.000400473 0.00333365 -0.00266107 0.000171658 0.00533806 -0.00877885 0.00617953 -0.00162418 -0.00440842 0.000247055 0.00540177 -0.00178393 0.00727565 -0.00805178 -0.00448358 0.00215962 0.0058304 0.000443597 -0.00257966 0.00304639
internal_weight=482.976 38.6707 444.305 432.672 25.5618 23.5655 13.1089 408.595 293.546 115.049 94.7134 52.2687 42.4447 240.363 47.3914 12.3249 53.1829 120.253 50.4351 69.8181 20.3981 49.42 50.7417 20.3358 38.1014 120.109 29.0384 91.071 37.7135 53.3575
internal_count=31214 2304 28910 28077 1359 1183 945 26322 19360 6962 5295 2970 2325 15345 2642 677 4015 11674 5223 6451 1060 5391 3750 1667 4110 3671 915 2756 1194 1562
is_linear=0
shrinkage=0.05


Tree=155
num_leaves=31
num_cat=0
split_feature=10 24 22 39 16 10 7 39 17 38 28 23 17 16 27 10 5 15 32 13 5 28 28 38 21 18 20 39 6 35
split_gain=0.250993 0.279171 0.320109 0.520198 0.28831 0.280454 0.622828 0.545876 0.556871 0.428396 0.376754 0.462174 0.373607 0.339768 0.308752 0.317959 0.301429 0.295086 0.266451 0.265433 0.252051 0.243483 0.25381 0.241419 0.423978 0.309599 0.465757 0.655292 0.445815 0.36166
threshold=0.48333334922790533 -0.36333334445953364 0.4499999880790711 0.022928732447326187 -0.33666665852069849 -0.41666667163372034 -0.18333333730697629 0.015180344693362715 -0.45666666328907007 0.03821611404418946 -0.18333333730697629 -0.35000000894069666 0.44333332777023321 0.29000002145767217 -0.32333332300186152 0.36333334445953375 -0.18333333730697629 0.056666672229766853 0.19666665792465213 0.34333333373069769 0.083333313465118422 0.26999998092651373 -0.3899999856948852 0.14467525482177737 -0.0099999904632568342 -0.0099999904632568342 0.083333313465118422 0.020347160287201408 -0.04333332180976867 0.29000002145767217
decision_type=2 2 2 2 2 2 2 2 2 2 2 2 2 2 2 2 2 2 2 2 2 2 2 2 2 2 2 2 2 2
left_child=1 21 5 18 -5 9 7 -7 -9 12 11 -8 17 19 16 20 -10 -3 -4 -13 -16 22 -1 25 -25 26 27 -12 -27 -30
right_child=-2 2 3 4 -6 6 10 8 14 -11 23 13 -14 -15 15 -17 -18 -19 -20 -21 -22 -23 -24 24 -26 28 -28 -29 29 -31
leaf_value=0 0.0061689179752393714 0 0 0.0075197927260685516 -0.003289105566400346 0.0033264832617295515 -0.0011983396223493924 0.0045294854250938826 0.0042914275482261064 -0.0026184127224978459 0.0076591589410048514 0.014592364877311121 -0.0018652170270762756 0 -0.010117664144690864 0.00067762462154217443 -0.0058200673541268216 0.011855301301351743 -0.013027212475213988 0 0 0.0017238681032872118 -0.0078247553912032235 -0.0016714988126642566 0.010082056622274568 0.0038448292646765451 -0.0015697431050746401 -0.00010238184204436237 -0.0084549261154882246 0
leaf_weight=10.482157186372204 9.1295611876994354 2.5493357272353121 6.027539414586502 5.7746602105908096 4.2345636649988574 16.843471576226875 8.5420154910534638 6.4309666273184112 10.118532868567856 6.94284339621663 41.861324536148459 12.724818362155931 2.369659040356054 7.7285261056385925 48.275288163684309 3.5195291351992628 7.4834413756616405 18.217652803519741 9.5172112901927886 1.8312449181685213 6.3763671524357042 6.1472970624454311 26.028270882903598 6.0740901175886419 10.474943247390909 11.105974684702231 73.841989201493561 48.621130127925426 26.698081037611701 26.453455647919327
leaf_count=1108 614 234 342 131 414 1141 796 132 404 698 1724 956 115 622 3925 300 322 948 511 238 502 311 2591 380 531 826 3265 2290 2450 2301
internal_value=-9.29803e-05 -0.00034164 6.356e-06 -0.00478527 0.00186645 0.000434873 0 -0.00325709 -0.00502401 0.00464627 0.00125297 0.00603136 0.00777456 0.00935283 -0.0064134 -0.00802761 0 0.00998005 -0.00955568 0.0127156 -0.00901199 -0.00393611 -0.00558599 0.000422767 0.00536251 0 0.00109 0.00348235 -0.00285241 -0.00492249
internal_weight=482.426 473.296 430.639 25.554 10.0092 405.085 375.005 99.0476 82.2041 30.0795 275.958 30.8266 23.1366 22.2846 75.7732 58.1712 17.602 20.767 15.5448 14.5561 54.6517 42.6577 36.5104 245.131 16.549 228.582 164.324 90.4825 64.2575 53.1515
internal_count=31122 30508 26498 1398 545 25100 23105 6726 5585 1995 16379 2612 1297 1816 5453 4727 726 1182 853 1194 4427 4010 3699 13767 911 12856 7279 4014 5577 4751
is_linear=0
shrinkage=0.05


Tree=156
num_leaves=31
num_cat=0
split_feature=33 4 9 26 17 36 20 23 25 26 32 30 33 33 33 5 27 40 18 16 14 33 20 6 4 5 39 36 5 0
split_gain=0.213329 0.425499 0.559937 0.3422 0.482809 0.531828 0.444894 0.313956 0.444541 0.439938 0.391499 0.379661 0.395108 0.337146 0.358482 0.305304 0.380722 0.304182 0.301587 0.301324 0.294131 0.270997 0.289147 0.268412 0.260539 0.253671 0.231676 0.331316 0.403396 0.303468
threshold=0.18999999761581424 0.30333334207534796 -0.10333332419395445 0.29000002145767217 -0.17000000178813932 -0.17000000178813932 -0.16333332657814023 0.20999997854232791 -0.19666665792465207 0.29000002145767217 -0.22333332896232602 0.38999998569488531 0.4499999880790711 0.44333332777023321 0.30333334207534796 0.21666666865348819 0.056666672229766853 0.070000000298023238 -0.096666663885116563 -0.33666665852069849 0.096666663885116591 -0.076666668057441698 -0.049999997019767754 -0.030000001192092892 -0.236666664481163 0.12333333492279054 0.016088104806840423 -0.2766666561365127 0.069999992847442641 -0.30333334207534784
decision_type=2 2 2 2 2 2 2 2 2 2 2 2 2 2 2 2 2 2 2 2 2 2 2 2 2 2 2 2 2 2
left_child=1 3 19 26 5 -5 -6 9 -9 24 -11 -10 15 14 -12 -13 -17 -4 -8 -3 -14 -7 -23 -21 25 -2 29 -28 -29 -1
right_child=7 2 17 4 6 21 18 8 11 10 13 12 20 -15 -16 16 -18 -19 -20 23 -22 22 -24 -25 -26 -27 27 28 -30 -31
leaf_value=-0.004077602573350993 0.0092040226608131638 0.008302666497476267 0 -0.0082770489631914298 0.011323741029646733 0.0077859323665386872 0.006377459099467981 -0.0026028900303461736 0 0.0037244400179155136 0 0 -0.0059421662357268153 0.0011081147226582235 -0.01275694360980797 0.01476930693592983 0 -0.012163247519284739 -0.0022444213329264311 0.0027399347658497871 0.0056855173783470977 -0.0058084884176132666 0.0032275140947092777 -0.0067920890911072123 0 0 0.0012765509282812277 -0.0053112062168230436 0.00047090666786190781 0.004733433559232599
leaf_weight=5.459705682238563 13.832260832656177 3.613343162462118 4.0168235851451781 10.694077790947629 17.686382944928482 8.4823887743987161 9.9640920842066425 12.14322328486014 21.408446562825702 5.2188635608181349 13.131680816179143 8.3931815922260267 5.349143077619372 5.2033853509929022 13.993528228951616 21.418468263000253 3.4177231886424115 15.870644323527811 17.915395693853498 5.427581837866458 4.35097949905321 9.3791395714506525 13.587558493949471 8.7584329822566307 34.664511094451882 5.0517158482689402 47.921131692244671 72.85488922894001 35.487890680553392 29.357887516263872
leaf_count=488 1052 74 203 390 712 274 400 716 1601 309 460 210 133 308 680 554 236 1254 834 347 369 298 438 822 2680 478 3877 5886 2592 2523
internal_value=0.000353636 -0.000348029 -0.00497281 0.00028096 0.00282602 -0.000551049 0.00613492 0.00178902 0.00403131 0 -0.00402444 0.00575411 0.00818504 -0.00631482 -0.00843625 0.0104278 0.0127706 -0.00977821 0.000682836 0.000457433 0 0.00231377 -3.83348e-05 -0.00217625 0.00257403 0.00648311 -0.000810875 -0.00172832 -0.0032733 0.00234301
internal_weight=484.054 316.477 37.6868 278.791 87.709 42.1432 45.5659 167.577 76.4812 91.0959 37.5475 64.3379 42.9295 32.3286 27.1252 33.2294 24.8362 19.8875 27.8795 17.7994 9.70012 31.4491 22.9667 14.186 53.5485 18.884 191.082 156.264 108.343 34.8176
internal_count=31198 21412 2700 18712 3346 1400 1946 9786 3819 5967 1757 3103 1502 1448 1140 1000 790 1457 1234 1243 502 1010 736 1169 4210 1530 15366 12355 8478 3011
is_linear=0
shrinkage=0.05


Tree=157
num_leaves=31
num_cat=0
split_feature=8 14 1 2 16 14 14 26 21 4 15 5 11 38 5 38 18 36 33 10 41 14 32 16 39 39 15 41 1 40
split_gain=0.255507 0.443912 0.330633 0.271011 0.398853 0.841881 0.562799 0.339123 0.280492 0.270254 0.417629 0.502545 0.448065 0.510151 0.464693 0.417301 0.898223 0.443798 0.6097 0.576288 0.575856 0.536499 0.435043 0.42448 0.597035 0.643972 0.406743 0.38481 0.382278 0.32168
threshold=0.45666664838790899 0.45666664838790899 0.46999999880790716 -0.46999999880790705 0.44333332777023321 0.36333334445953375 0.40333333611488348 -0.17000000178813932 -0.35000000894069666 -0.33666665852069849 0.32999998331069952 0.26333332061767584 -0.10333332419395445 0.14467525482177737 0.23000001907348636 0.074303150177001967 -0.37666666507720942 -0.22333332896232602 0.29666668176651007 0.38999998569488531 0.03895267844200135 -0.31666666269302363 -0.31000000238418574 -0.32333332300186152 0.013348268344998361 0.02655676752328873 -0.056666672229766839 0.030960030853748325 -0.030000001192092892 0.50333333015441906
decision_type=2 2 2 2 2 2 2 2 2 2 2 2 2 2 2 2 2 2 2 2 2 2 2 2 2 2 2 2 2 2
left_child=2 -2 3 -1 5 9 -6 -7 -8 29 12 -12 13 15 -15 17 -17 26 20 -20 21 27 -22 24 -24 -26 -11 -19 -14 -5
right_child=1 -3 -4 4 6 7 8 -9 -10 10 11 -13 28 14 -16 16 -18 18 19 -21 22 -23 23 -25 25 -27 -28 -29 -30 -31
leaf_value=-0.0069524451096401154 0.0083453194634170291 -0.003609225168312856 -0.0078300122671372159 0 -0.0033348771632079493 0 0 -0.01218017145495557 0.012958989484672138 -0.009818956436101792 -0.010467595834969652 0.0031933849569112487 -0.00046851591640338403 -0.012989729325058442 0.001645562588717657 0.011197564657612968 -0.0030582024883551192 7.9812185511965342e-05 0 -0.013073017652100189 0.0069202905959584535 -0.0010078328725161817 0.0045270203615630595 0.0014537401908753026 -0.012641712666636133 0.0015375704912302835 0.00081445651650454527 0.012556509689424164 0.0044389499173867709 0.0069253978076580201
leaf_weight=8.1293632582528499 16.073010131949562 4.3443238954059771 8.7015224565984663 24.692317302105948 4.5342076302040395 4.7030480415560332 3.1949996538460264 13.96173019974958 11.623807121533897 19.879812249448154 14.212336706463249 3.2337809399468815 55.176569847855717 10.147666501346974 2.3122841545846304 15.872929509961979 14.334552326006813 13.988290762994437 17.616772726760249 9.6559989328961802 5.3240539527032515 14.165600066538898 3.3951701656915239 17.310212861513723 22.614762003999207 5.4470732123590997 6.3910212260670951 18.601150731090456 82.3076975842705 24.927365085110068
leaf_count=710 953 502 790 1780 374 468 227 1368 624 1124 1203 305 4480 517 83 403 954 409 677 252 255 1260 87 1415 758 200 614 543 6327 1433
internal_value=-9.68089e-05 0.00461331 -0.000418673 -0.000117915 4.42725e-05 -0.000262688 0.00618095 -0.00925715 0.0104154 0.00022411 -0.000217888 -0.00669994 0.000158825 -0.00127671 -0.00926738 -0.000331428 0.00435646 -0.00153317 -1.40542e-05 -0.00609229 0.00164556 0.00550045 -0.00148697 -0.00351889 -0.00671722 -0.0093694 -0.00678696 0.00869409 0.00235797 0.00349427
internal_weight=476.873 20.4173 456.456 447.755 439.625 420.272 19.353 18.6648 14.8188 401.607 351.988 17.4461 334.542 197.057 12.46 184.597 30.2075 154.39 128.119 27.2728 100.846 46.755 54.0913 48.7672 31.457 28.0618 26.2708 32.5894 137.484 49.6197
internal_count=31095 1455 29640 28850 28140 26915 1225 1836 851 25079 21866 1508 20358 9551 600 8951 1357 7594 5856 929 4927 2212 2715 2460 1045 958 1738 952 10807 3213
is_linear=0
shrinkage=0.05


Tree=158
num_leaves=31
num_cat=0
split_feature=26 17 14 24 4 28 30 33 37 41 12 41 16 36 27 10 38 24 10 41 17 25 22 33 10 18 27 18 18 17
split_gain=0.241235 0.349301 0.640146 0.503718 0.498172 0.372103 0.365214 0.408891 0.347154 0.401956 0.341643 0.657488 0.471361 0.325666 0.313999 0.384507 0.30527 0.349454 0.315591 0.311854 0.308319 0.2952 0.298341 0.290113 0.271426 0.292175 0.270761 0.227545 0.22985 0.208938
threshold=0.25666666030883795 -0.14333333075046537 0.31000000238418585 -1.0000000180025095e-35 0.44333332777023321 -0.071666657924652086 -0.28333333134651179 -0.43000000715255732 -0.085320472717285142 0.028169808909296993 -0.37666666507720942 0.032738061621785171 -0.45666666328907007 0.32999998331069952 -0.31000000238418574 -0.26999998092651362 0.18432664871215823 -0.31000000238418574 -0.43000000715255732 0.032738061621785171 -0.33666665852069849 0.1566666662693024 -0.32333332300186152 0.46999999880790716 0.11000001430511476 -0.45666666328907007 -0.063333332538604722 -0.0099999904632568342 0.41000002622604376 -0.43000000715255732
decision_type=2 2 2 2 2 2 2 2 2 2 2 2 2 2 2 2 2 2 2 2 2 2 2 2 2 2 2 2 2 2
left_child=10 5 3 -3 8 -2 7 -4 -5 -10 11 12 -1 16 -13 -16 17 -12 -19 -20 -21 22 -7 -8 -23 -26 -17 29 -29 -15
right_child=1 2 6 4 -6 21 23 -9 9 -11 13 14 -14 27 15 26 -18 18 19 20 -22 24 -24 -25 25 -27 -28 28 -30 -31
leaf_value=-0.011794683034918881 -0.0070676180251068171 0 -0.0047475860397164895 0 -0.002284175929883323 -0.0038086380776372222 -0.010709795969650712 0.008655441750679527 0 0.012866492125172721 0.00099896390483819922 -0.00057751726728445796 0.00038755003861158351 0.0033726704166365442 -0.0020646659723049781 0.011564288174884103 0.003863400345400371 0.00093502391412515155 0 0 -0.007236587011684302 0.0023472453014921901 0.0043033993754179002 0.00021446767078728594 0 -0.0097307443665418155 0.00077032779663799365 0.007564391270490127 -0.00034851567776253374 -0.0060847181699914162
leaf_weight=6.3643468869850066 12.624827357474713 23.9952202886343 3.1158074217382818 3.9507983895018688 3.8141877020243546 6.050087336683645 9.4485704388935101 6.0389818635303545 4.8033635390456757 35.83256278920453 29.139056188520044 11.414376439061014 11.529394046869127 1.6652128468267617 3.9810358290560535 21.930407322011884 8.3566577625460905 16.650968703557737 32.227050598128699 14.834711928386239 92.375769927515648 5.8311122690793153 50.105876222020015 2.8834264283068469 6.2218278157524809 11.370536235393953 15.312380744842814 15.935824000742288 5.5491411701077586 7.4936567888362351
leaf_count=122 613 1249 112 158 184 168 794 206 226 1494 3111 220 491 58 234 621 663 1345 3099 938 8769 177 1527 282 124 357 767 1648 707 655
internal_value=0 0.00139822 0.00349171 0.00575773 0.00842154 -0.000561917 -0.00282395 0.00237051 0.00999386 0.0112671 -0.000869828 0.00189082 -0.0047728 -0.00187344 0.00483896 0.00675094 -0.00269045 -0.0032288 -0.00418006 -0.00497614 -0.00622073 0.000601202 0.00274393 -0.0075576 -0.00319816 -0.00622539 0.00842713 0.002201 0.00498113 -0.00206169
internal_weight=480.847 186.087 93.8829 72.3961 48.4009 92.2043 21.4868 9.15479 44.5867 40.6359 294.76 70.5319 17.8937 224.228 52.6382 41.2238 193.584 185.228 156.089 139.438 107.21 79.5794 56.156 12.332 23.4235 17.5924 37.2428 30.6438 21.485 9.15887
internal_count=31119 7671 4705 3311 2062 2966 1394 318 1878 1720 23448 2455 613 20993 1842 1622 17925 17262 14151 12806 9707 2353 1695 1076 658 481 1388 3068 2355 713
is_linear=0
shrinkage=0.05


Tree=159
num_leaves=31
num_cat=0
split_feature=7 31 34 3 40 5 33 0 39 4 15 31 30 21 3 30 27 29 21 6 30 15 1 21 32 27 8 22 28 30
split_gain=0.332425 0.326389 0.283258 0.387505 0.368191 0.341534 0.31643 0.306912 0.283929 0.278385 0.367111 0.325777 0.403638 0.404841 0.470445 0.353191 0.403948 0.307528 0.390098 0.397305 0.250521 0.369144 0.29515 0.344455 0.300495 0.285871 0.248925 0.241647 0.26521 0.237609
threshold=0.083333313465118422 0.48333334922790533 0.38999998569488531 -0.26999998092651362 0.40000000596046453 -0.36333334445953364 0.32333332300186163 -0.236666664481163 0.020900135859847072 0.41000002622604376 -0.37666666507720942 -0.37666666507720942 0.043333351612091071 -0.13666665554046628 0.19666665792465213 0.44833332300186163 -0.28333333134651179 0.35000002384185797 0.44333332777023321 0.41666668653488165 0.44833332300186163 0.31000000238418585 0.043333351612091071 -0.236666664481163 0.20999997854232791 0.37666666507720953 0.21666666865348819 0.35000002384185797 -0.35000000894069666 -0.10999999940395354
decision_type=2 2 2 2 2 2 2 2 2 2 2 2 2 2 2 2 2 2 2 2 2 2 2 2 2 2 2 2 2 2
left_child=1 2 3 4 -1 -6 -4 8 29 11 -11 17 13 -13 -15 16 -14 -2 19 -19 21 22 23 -9 27 -23 -7 28 -25 -5
right_child=9 -3 6 7 5 26 -8 20 -10 10 -12 12 15 14 -16 -17 -18 18 -20 -21 -22 25 -24 24 -26 -27 -28 -29 -30 -31
leaf_value=-0.0010024903423435821 -5.3858647535393007e-05 0.0053621992358031832 -0.0081432064296082917 0 0 0.011709359406397842 0.0022874907131031886 0.0027569189892116003 -0.0015461669101508716 -0.0075636243298214424 0.0012114757093669732 -0.00043633556300449084 -0.0058675048272512536 0.012395168389984293 0 0.0053509038594255001 0.00047145279674836783 0.0116085304607591 0 0 -0.010955468684371731 -0.011297513369169111 0.00084277689671073046 0.001010043563487146 0.002984923510443967 0 0 0.0010135625800551508 -0.0086102385182495224 0.0095119614569547355
leaf_weight=19.978577635018155 10.412747591966761 10.9156732999254 23.463932259939615 6.0874873867724082 7.1235706415027407 14.45887490315363 2.3360869853058821 8.6725634825415892 16.029112596763298 12.294056985527275 20.734094158862717 14.650685485918073 37.056521590799093 14.691499394830318 9.0975813046097738 10.822755534900351 43.34239883092232 27.51490032160655 8.6465731146745366 4.2110502505674949 4.8865686957724384 11.039064039709045 79.834699788945727 1.850022458937018 2.3119273488409808 2.3117359736934295 1.7474035774357606 2.3947329679504028 40.681309041334316 9.3258630705531704
leaf_count=1478 781 330 1691 578 474 834 180 616 1157 416 2104 1315 1559 1081 730 352 3828 591 156 179 105 873 5204 135 140 209 111 170 3211 486
internal_value=2.05372e-05 -0.0010971 -0.00158718 -0.000820723 0.00296876 0.00673131 -0.00615918 -0.00190172 0.00190208 0.0015162 -0.00207496 0.00235321 0.000706907 0.00473123 0.00819983 -0.000919083 -0.00236544 0.00559738 0.00741242 0.00966373 -0.0028769 -0.00203736 -0.000867039 -0.00355736 -0.00536627 -0.00868639 0.00991443 -0.00658798 -0.00760351 0.00608402
internal_weight=478.924 265.449 254.534 228.734 43.3084 23.3298 25.8 185.425 31.4425 213.475 33.0282 180.447 129.661 38.4398 23.7891 91.2217 80.3989 50.7853 40.3725 31.726 153.983 149.096 135.745 55.9106 47.238 13.3508 16.2063 44.9261 42.5313 15.4134
internal_count=31074 17982 17652 15781 2897 1419 1871 12884 2221 13092 2520 10572 8865 3126 1811 5739 5387 1707 926 770 10663 10558 9476 4272 3656 1082 945 3516 3346 1064
is_linear=0
shrinkage=0.05


end of trees

feature_importances:
Column_38=325
Column_39=318
Column_37=290
Column_41=234
Column_31=233
Column_27=166
Column_40=163
Column_24=150
Column_16=139
Column_25=137
Column_10=130
Column_30=124
Column_33=123
Column_9=120
Column_4=117
Column_26=113
Column_19=107
Column_29=106
Column_32=105
Column_36=101
Column_5=96
Column_21=96
Column_7=91
Column_14=89
Column_28=88
Column_23=87
Column_8=86
Column_3=80
Column_1=74
Column_12=69
Column_6=68
Column_11=67
Column_2=64
Column_0=61
Column_35=58
Column_18=57
Column_22=56
Column_13=54
Column_17=51
Column_15=44
Column_20=41
Column_34=22

parameters:
[boosting: gbdt]
[objective: lambdarank]
[metric: ndcg]
[tree_learner: serial]
[device_type: cpu]
[data_sample_strategy: bagging]
[data: ]
[valid: ]
[num_iterations: 100]
[learning_rate: 0.05]
[num_leaves: 31]
[num_threads: 4]
[seed: 71]
[deterministic: 0]
[force_col_wise: 1]
[force_row_wise: 0]
[histogram_pool_size: -1]
[max_depth: -1]
[min_data_in_leaf: 100]
[min_sum_hessian_in_leaf: 0.001]
[bagging_fraction: 0.85]
[pos_bagging_fraction: 1]
[neg_bagging_fraction: 1]
[bagging_freq: 1]
[bagging_seed: 71]
[bagging_by_query: 0]
[feature_fraction: 0.8]
[feature_fraction_bynode: 1]
[feature_fraction_seed: 71]
[extra_trees: 0]
[extra_seed: 28451]
[early_stopping_round: 0]
[early_stopping_min_delta: 0]
[first_metric_only: 0]
[max_delta_step: 0]
[lambda_l1: 0.5]
[lambda_l2: 6]
[linear_lambda: 0]
[min_gain_to_split: 0]
[drop_rate: 0.1]
[max_drop: 50]
[skip_drop: 0.5]
[xgboost_dart_mode: 0]
[uniform_drop: 0]
[drop_seed: 11642]
[top_rate: 0.2]
[other_rate: 0.1]
[min_data_per_group: 100]
[max_cat_threshold: 32]
[cat_l2: 10]
[cat_smooth: 10]
[max_cat_to_onehot: 4]
[top_k: 20]
[monotone_constraints: ]
[monotone_constraints_method: basic]
[monotone_penalty: 0]
[feature_contri: ]
[forcedsplits_filename: ]
[refit_decay_rate: 0.9]
[cegb_tradeoff: 1]
[cegb_penalty_split: 0]
[cegb_penalty_feature_lazy: ]
[cegb_penalty_feature_coupled: ]
[path_smooth: 0]
[interaction_constraints: ]
[verbosity: -1]
[saved_feature_importance_type: 0]
[use_quantized_grad: 0]
[num_grad_quant_bins: 4]
[quant_train_renew_leaf: 0]
[stochastic_rounding: 1]
[linear_tree: 0]
[max_bin: 127]
[max_bin_by_feature: ]
[min_data_in_bin: 3]
[bin_construct_sample_cnt: 200000]
[data_random_seed: 71]
[is_enable_sparse: 1]
[enable_bundle: 1]
[use_missing: 1]
[zero_as_missing: 0]
[feature_pre_filter: 1]
[pre_partition: 0]
[two_round: 0]
[header: 0]
[label_column: ]
[weight_column: ]
[group_column: ]
[ignore_column: ]
[categorical_feature: ]
[forcedbins_filename: ]
[precise_float_parser: 0]
[parser_config_file: ]
[objective_seed: 20294]
[num_class: 1]
[is_unbalance: 0]
[scale_pos_weight: 1]
[sigmoid: 1]
[boost_from_average: 1]
[reg_sqrt: 0]
[alpha: 0.9]
[fair_c: 1]
[poisson_max_delta_step: 0.7]
[tweedie_variance_power: 1.5]
[lambdarank_truncation_level: 30]
[lambdarank_norm: 1]
[label_gain: 0,1,2,3,4,5,6,7,8,9]
[lambdarank_position_bias_regularization: 0]
[eval_at: ]
[multi_error_top_k: 1]
[auc_mu_weights: ]
[num_machines: 1]
[local_listen_port: 12400]
[time_out: 120]
[machine_list_filename: ]
[machines: ]
[gpu_platform_id: -1]
[gpu_device_id: -1]
[gpu_use_dp: 0]
[num_gpu: 1]

end of parameters
