tree
version=v4
num_class=1
num_tree_per_iteration=1
label_index=0
max_feature_idx=41
objective=lambdarank
feature_names=Column_0 Column_1 Column_2 Column_3 Column_4 Column_5 Column_6 Column_7 Column_8 Column_9 Column_10 Column_11 Column_12 Column_13 Column_14 Column_15 Column_16 Column_17 Column_18 Column_19 Column_20 Column_21 Column_22 Column_23 Column_24 Column_25 Column_26 Column_27 Column_28 Column_29 Column_30 Column_31 Column_32 Column_33 Column_34 Column_35 Column_36 Column_37 Column_38 Column_39 Column_40 Column_41
feature_infos=[-0.49333333969116211:0.5] [-0.49333333969116211:0.5] [-0.49333333969116211:0.5] [-0.49333333969116211:0.5] [-0.49333333969116211:0.5] [-0.49333333969116211:0.5] [-0.49333333969116211:0.5] [-0.49333333969116211:0.5] [-0.49333333969116211:0.5] [-0.49333333969116211:0.5] [-0.49333333969116211:0.5] [-0.49333333969116211:0.5] [-0.49333333969116211:0.5] [-0.49333333969116211:0.5] [-0.49333333969116211:0.5] [-0.49333333969116211:0.5] [-0.49333333969116211:0.5] [-0.49333333969116211:0.5] [-0.49333333969116211:0.5] [-0.49333333969116211:0.5] [-0.49333333969116211:0.5] [-0.49333333969116211:0.5] [-0.49333333969116211:0.5] [-0.49333333969116211:0.5] [-0.49333333969116211:0.5] [-0.49333333969116211:0.5] [-0.49333333969116211:0.5] [-0.49333333969116211:0.5] [-0.49333333969116211:0.5] [-0.49333333969116211:0.5] [-0.49333333969116211:0.5] [-0.49333333969116211:0.5] [-0.49333333969116211:0.5] [-0.49333333969116211:0.5] [-0.49333333969116211:0.5] [-0.49333333969116211:0.5] [-0.49333333969116211:0.5] [-0.19933032989501953:0.26886367797851562] [-0.31726360321044922:0.34295082092285156] [0.0088748885318636894:0.049198497086763382] [0.0066666668280959129:0.98666667938232422] [0.015405407175421715:0.20319828391075134]
tree_sizes=3414 3475 3453 3408 3386 3406 3443 3460 3449 3497 3406 3414 3413 3462 3514 3430 3392 3460 3432 3357 3470 3516 3474 3399 3455 3471 3479 3428 3472 3548 3460 3473 3391 3497 3439 3501 3457 3400 3487 3507 3390 3507 3435 3479 3427 3460 3402 3478 3524 3487 3417 3463 3478 3426 3499 3461 3498 3477 3452 3496 3424 3453 3434 3453 3520 3553 3436 3361 3478 3490 3543 3440 3486 3522 3375 3430 3527 3406 3446 3502 3495 3380 3468 3466 3482 3522 3515 3484 3496 3442 3543 3490 3478 3469 3439 3443 3501 3365 3457 3477 3473 3507 3492 3420 3425 3497 3424 3510 3559 3451 3463 3463 3436 3385 3447 3400 3394 3439 3497 3488 3431 3416 3454 3408 3382 3432 3439 3423 3457 3441 3471 3405 3461 3439 3501 3430 3467 3480 3487 3453 3441 3477 3510 3417 3376 3384 3495 3409 3522 3543 3514 3475 3468 3461 3460 3496 3469 3504 3521 3431

Tree=0
num_leaves=31
num_cat=0
split_feature=19 38 10 19 26 26 19 31 24 38 31 24 32 24 24 40 26 40 8 10 4 28 14 40 24 14 31 17 36 36
split_gain=23.8978 4.05692 2.72623 2.63505 2.60885 2.43959 4.01296 3.61415 1.97957 1.91987 2.2159 2.22586 1.85155 1.54337 1.29483 1.20556 1.19373 1.17654 1.15602 1.1475 1.22723 1.31641 1.4852 0.986029 0.853228 0.701611 0.686728 0.64773 0.550677 0.540087
threshold=0.030000001192092899 -0.032514572143554681 0.23666667938232425 -0.29666668176650995 0.30333334207534796 1.0000000180025095e-35 0.25000000000000006 0.44333332777023321 -0.076666668057441698 0.025660514831542972 0.41666668653488165 -0.24333333969116208 0.29666668176651007 -0.1766666769981384 -0.40333333611488337 0.089999999850988402 0.05500000715255738 0.11666666716337205 0.22333335876464847 0.49000000953674322 -0.4433333277702331 -0.45666666328907007 0.31666666269302374 0.88333332538604747 0.38999998569488531 0.17000001668930056 0.25000000000000006 0.2833333313465119 -0.26333332061767573 -0.069999992847442613
decision_type=2 2 2 2 2 2 2 2 2 2 2 2 2 2 2 2 2 2 2 2 2 2 2 2 2 2 2 2 2 2
left_child=1 8 4 26 9 7 -7 13 28 10 17 -12 15 -4 -11 -13 -10 -2 -6 20 -8 -22 -23 -16 25 27 -3 -5 -1 -19
right_child=2 3 5 24 18 6 19 -9 16 14 11 12 -14 -15 23 -17 -18 29 -20 -21 21 22 -24 -25 -26 -27 -28 -29 -30 -31
leaf_value=-0.00041613543862938085 0.0011962574676544358 0.027271098668277479 0.00087894753382839342 0.013923299199602958 0.013754666064211107 0 -0.0040951480941426683 0.020625236704958499 -0.011326796880530239 0.0008320864183165742 -0.0093334784915815473 0 -0.005286950998652503 -0.018590379497411224 -0.020964294641403678 0.0300978138245548 0.0022980477525052093 -0.016851159444187653 -0.0049238601521697381 0 0 -0.0078433655114766247 -0.042625024205389404 -0.00020149717931374186 -0.0029925180567183358 -0.00015406477820098283 0 0 0.013319187616730371 -0.0030112054494372629
leaf_weight=4.5537376247812089 18.751605494879186 44.085263761691749 11.730297186179085 70.437242982909083 16.31790064601228 14.801075425930319 7.5816067787818602 4.7454722449183455 22.095618069870397 7.2997134118340901 6.1000626226887134 3.1004759087227276 3.1118945716880253 21.20625644759275 41.754839554661885 9.4094192301854473 28.673207144020125 23.528955805581063 6.8242894369177511 4.1992047443054608 2.7589925481006494 9.0076706684194487 26.263579792575911 9.4345130738802236 6.3568131783977142 7.7197548882104448 1.8168347878381599 5.7246560801286241 26.996699837036431 20.23425063979812
leaf_count=355 1246 3882 764 5138 906 879 297 159 1709 448 217 98 117 1191 2257 321 1848 1566 390 290 116 559 873 569 430 591 151 420 1867 1434
internal_value=-0.000773456 0.0112796 -0.0107157 0.0164294 -0.00615211 -0.0171338 -0.022828 -0.00500349 0.00194233 -0.00874886 -0.00313609 0.00862116 0.0174329 -0.0119474 -0.0154009 0.024317 -0.00376179 -0.00798345 0.00750905 -0.0289668 -0.031031 -0.0345433 -0.0367798 -0.0179973 0.00989487 0.0112842 0.0261649 0.0126745 0.0109212 -0.0120891
internal_weight=486.622 218.46 268.162 136.141 165.868 102.294 64.6121 37.682 82.3193 142.726 84.2367 21.7219 15.6218 32.9366 58.4891 12.5099 50.7688 62.5148 23.1422 49.8111 45.6118 38.0302 35.2713 51.1894 90.2385 83.8817 45.9021 76.1619 31.5504 43.7632
internal_count=31088 16391 14697 10612 9569 5128 3014 2114 5779 8273 4999 753 536 1955 3274 419 3557 4246 1296 2135 1845 1548 1432 2826 6579 6149 4033 5558 2222 3000
is_linear=0
shrinkage=0.05


Tree=1
num_leaves=31
num_cat=0
split_feature=19 31 38 34 38 38 19 27 27 40 39 5 36 19 12 25 37 13 26 2 19 2 16 37 41 3 10 33 40 40
split_gain=56.3838 29.0977 17.0892 11.0152 10.6649 8.82706 7.96147 7.80623 7.088 6.83202 6.78739 6.71857 5.48035 5.45303 4.70906 3.3601 3.17458 2.85901 2.77193 3.97385 3.34094 2.66738 2.53689 2.0788 1.96174 1.85048 1.82544 1.73551 1.59129 1.80711
threshold=-0.31000000238418574 0.42333334684371954 -0.041422843933105462 0.20999997854232791 -0.045151710510253899 0.0053477287292480477 -0.25666666030883784 -0.16333332657814023 -0.0099999904632568342 0.88333332538604747 0.029095132835209373 0.24333333969116214 0.030000001192092899 -0.45666666328907007 0.41666668653488165 -0.3899999856948852 0.0016446113586425783 -0.37666666507720942 0.30333334207534796 -0.236666664481163 0.096666663885116591 0.25000000000000006 -0.3899999856948852 -0.048974514007568352 0.066116258502006545 0.2833333313465119 0.17666667699813846 -0.26999998092651362 0.92333334684371959 0.056666666641831405
decision_type=2 2 2 2 2 2 2 2 2 2 2 2 2 2 2 2 2 2 2 2 2 2 2 2 2 2 2 2 2 2
left_child=4 5 14 9 16 11 -7 10 -5 -4 13 18 15 -6 25 -9 -1 -14 28 26 -21 -15 -23 -8 -25 -3 -20 -17 29 -2
right_child=1 2 3 8 7 6 23 12 -10 -11 -12 -13 17 21 -16 27 -18 -19 19 20 -22 22 -24 24 -26 -27 -28 -29 -30 -31
leaf_value=-0.015080328051871495 0.00053403297960396287 0.036852051921625481 -0.032708592945073077 -0.012750306551990248 0.041003796348138666 0 0.002763223830766162 -0.0051773397932687011 0.031981254106965666 0.0059004217962332801 -0.0042670430091219956 -0.022779659002549316 0.0055577701220343185 0.023277003426520091 0.0011903120817415894 0 0.0087111524965208572 -0.016289775503911235 0.02628930017914596 0.0064511653264682865 -0.019214777864962809 0.016749731838559098 -0.0069555435669774561 -0.031709071942617684 -0.0073585143841067048 0.007971831290377587 -0.0010883565117310362 0.022314123536093418 0.0061435999645554421 -0.012273123549646717
leaf_weight=31.130642485339195 29.552569882012904 43.850044149905443 31.830273650586605 9.3633609134703892 51.468796740286052 27.207599652931094 2.6812564739957443 12.9985552476719 16.553793452680111 12.688335779123006 16.497529622167349 69.602288641268387 24.010393717326224 106.41694945888594 18.316486781463027 12.024948701262472 16.178886028937995 23.087931097485125 14.436643618158998 21.72396279964596 16.866856079548597 15.848396415822206 16.581503355875611 129.76845740480348 16.312696302542463 13.394424719270317 5.6330598113127044 58.709890575148165 11.420654045883564 126.03890049085021
leaf_count=1142 1301 492 786 329 679 741 177 158 314 222 185 3276 310 1213 176 186 610 252 230 672 318 191 163 8213 1038 131 202 738 589 6006
internal_value=-8.50179e-05 -0.0094463 0.00966425 -0.00754483 0.0147757 -0.0154664 -0.0243371 0.017877 0.0156784 -0.0218158 0.0238992 -0.0097175 0.00754425 0.0265239 0.0253875 0.0149257 -0.00641046 -0.00531175 -0.00509531 0.00369738 -0.00528202 0.0195076 0.00478503 -0.0287233 -0.0295519 0.0318871 0.0191642 0.0190617 -0.00834923 -0.00975635
internal_weight=1002.2 617.242 145.997 70.4358 384.954 471.245 175.97 337.645 25.9172 44.5186 206.813 295.275 130.832 190.316 75.561 83.7334 47.3095 47.0983 225.673 58.6605 38.5908 138.847 32.4299 148.762 146.081 57.2445 20.0697 70.7348 167.012 155.591
internal_count=31040 25213 2450 1651 5827 22763 10169 4075 643 1008 2431 12594 1644 2246 799 1082 1752 562 9318 1422 990 1567 354 9428 9251 623 432 924 7896 7307
is_linear=0
shrinkage=0.05


Tree=2
num_leaves=31
num_cat=0
split_feature=19 38 31 14 19 37 5 38 27 34 39 27 41 24 27 38 37 39 37 26 41 12 15 30 34 39 14 23 0 41
split_gain=114.898 39.5032 31.6967 23.2547 17.7708 9.1863 6.95534 4.2306 4.44302 4.22928 3.80873 3.63146 3.55611 3.51972 3.28741 3.04997 3.02635 2.98221 2.40743 2.15663 2.15487 2.09907 2.0349 1.88515 1.51221 1.4908 1.09638 1.09504 1.13262 1.07051
threshold=-0.33666665852069849 -0.032514572143554681 0.37666666507720953 -0.45666666328907007 -0.24999999999999997 -0.067180633544921861 0.24333333969116214 -0.042340755462646477 -0.36333334445953364 -0.32333332300186152 0.029510702937841419 -0.26333332061767573 0.13006117194890979 -0.29666668176650995 -0.31666666269302363 0.098131179809570326 -0.045902252197265618 0.026617088355124 0.012290954589843752 -0.41666667163372034 0.039133043959736831 0.29000002145767217 -0.35000000894069666 -0.049999997019767754 0.18999999761581424 0.022874211892485622 -0.32999998331069941 -0.24333333969116208 0.29000002145767217 0.036879267543554313
decision_type=2 2 2 2 2 2 2 2 2 2 2 2 2 2 2 2 2 2 2 2 2 2 2 2 2 2 2 2 2 2
left_child=3 2 6 5 26 -1 11 18 -9 -4 12 24 -6 21 -10 -12 29 -7 -5 -17 22 -11 25 -15 -2 -16 -3 -22 -29 -13
right_child=1 4 9 7 10 17 -8 8 14 13 15 16 -14 23 20 19 -18 -19 -20 -21 27 -23 -24 -25 -26 -27 -28 28 -30 -31
leaf_value=-5.4562832005035976e-05 -0.0034734021518629966 0.0076923142370403765 -0.0011621738488629631 -0.015172931993692202 -0.035327056406036235 0.045013787826271225 -0.032159524115020571 0.02620534585960629 -0.0099401151858318909 -0.007698815409769179 0.0088405912409767386 0.010899142879721145 0.0048029690641616463 0.034683943196520406 0.018251389617709904 0.0074996360715783757 -0.018276797920721802 0.0091668291626497891 0.008668762211965728 -0.027179531078720405 0 0.018938982237289348 -0.0059719707035319064 0.0071587278818485882 0.012821595670608359 -0.0029597686032788555 -0.0054911888953350094 0.02361531796887982 0 -0.0053434368318742865
leaf_weight=12.781401352025567 23.782214168924838 18.207279168535024 14.8772663064301 17.219423958100382 205.76496694842353 113.31020065769553 31.974425486288965 52.081964979413897 15.4594061486423 11.664168632589282 9.324879268184306 8.929285539314149 3.1679573291912666 54.422420033719391 18.139279811177403 1.7359905089251686 63.775488270446658 11.698549032676963 12.857427295297382 12.47681222995743 9.0042187236249429 6.3194407955743364 25.364501263480637 13.752858624793587 19.874682027846575 7.6229388159699729 37.867629087995738 38.954512379597872 7.0171952918171874 25.61896135378629
leaf_count=150 691 474 271 864 13655 865 2017 699 158 191 487 409 192 585 291 62 3223 197 299 806 157 97 475 260 351 116 1265 599 111 1151
internal_value=0.000209085 -0.0135894 0 0.0228918 -0.026313 0.0384715 -0.0127779 0.0114358 0.0144016 0.0215829 -0.032271 -0.00711715 -0.0344852 0.0256016 0.00815367 -0.00875807 -0.012284 0.0424235 -0.00454131 -0.020738 0.0114039 0.00301558 0.00285237 0.0304966 0.00409428 0.0118145 -0.000478059 0.0178835 0.0206858 0
internal_weight=905.048 563.537 274.991 341.511 288.546 137.79 173.955 203.721 173.644 101.036 232.471 141.981 208.933 86.1589 121.562 23.5377 98.3237 125.009 30.0769 14.2128 106.103 17.9836 51.1267 68.1753 43.6569 25.7622 56.0749 54.9759 45.9717 34.5482
internal_count=31168 26187 9246 4981 16941 1212 7842 3769 2606 1404 15202 5825 13847 1133 1907 1355 4783 1062 1163 868 1749 288 882 845 1042 407 1739 867 710 1560
is_linear=0
shrinkage=0.05


Tree=3
num_leaves=31
num_cat=0
split_feature=14 38 13 38 14 6 37 39 30 12 37 20 13 12 30 14 39 15 14 16 20 26 30 37 25 15 17 26 17 16
split_gain=88.7954 27.5354 21.8858 18.1901 13.6954 9.44724 5.73623 4.15289 3.72756 3.15401 3.02391 2.82912 2.73306 2.59627 2.24268 2.12768 2.00266 2.84153 2.04893 1.99222 1.79209 1.65231 1.62878 1.62568 1.57354 1.55942 1.51199 1.65904 1.45098 1.3932
threshold=-0.35000000894069666 -0.032514572143554681 -0.21000000834465024 -0.032514572143554681 -0.45666666328907007 -0.15000000596046445 -0.018912792205810543 0.029510702937841419 -0.023333340883255001 0.26333332061767584 -0.078486442565917955 -0.40333333611488337 0.3966666460037232 -0.35000000894069666 -0.19666665792465207 -0.45666666328907007 0.021959352307021621 0.31666666269302374 -0.036666661500930779 0.18333333730697635 -0.1649999916553497 -0.32999998331069941 -0.1766666769981384 0.094213485717773451 0.29666668176651007 -0.33666665852069849 0.27666664123535162 0.25666666030883795 -0.2766666561365127 -0.21666666865348813
decision_type=2 2 2 2 2 2 2 2 2 2 2 2 2 2 2 2 2 2 2 2 2 2 2 2 2 2 2 2 2 2
left_child=3 5 13 6 20 9 -1 10 19 16 -4 -6 14 28 -11 -8 17 18 -2 -7 -5 -13 -23 -9 -10 -12 27 -18 -3 -15
right_child=1 2 7 4 11 8 15 23 24 12 25 21 -14 29 -16 -17 26 -19 -20 -21 -22 22 -24 -25 -26 -27 -28 -29 -30 -31
leaf_value=-0.02043529714745428 0 0.016855440495366397 0 0.021802732380443789 -0.010588268228232172 -0.0094467395486434094 0.019017794095563572 0.0036040400604041289 -0.008481715892310308 0.032273124347115434 -0.0007939134844510815 0 0 0 0 -0.0028288139225813146 -0.01369055421287595 -0.010180365324986172 0.026494378034202466 0.0077362814387559641 0.044951845030760162 -0.0014793127956960212 0.020285430672346002 -0.01859718957933847 -0.026508530408286147 -0.035803719269214711 0.01084803662399814 0.0044268116299918973 -0.0019651943166781915 -0.013838956562053856
leaf_weight=22.090976355597377 8.6970866140909511 17.104474524268884 5.8888470260426393 35.871826440095901 5.5882743322290471 22.991024700924754 17.165313659235835 12.668930748011919 48.207050008466467 24.721102156210691 5.0141465491615227 16.280655207112432 11.743336574640123 30.564878655131906 6.7792650312185314 15.662422514986245 27.126094332896173 5.9819354889914385 17.422032496426255 34.019764604512602 85.010314891114831 6.2803482618182889 87.838268402265385 8.2606728158425522 23.072709829546511 166.50136021827348 8.8633773704059404 13.996194927953182 12.620535638881845 31.570037194527686
leaf_count=830 389 394 367 262 97 1290 218 694 2250 394 340 369 247 932 184 582 1171 153 479 991 535 149 1559 537 1267 12149 245 289 392 1384
internal_value=3.96934e-05 -0.0118411 -0.022196 0.0220587 0.0279516 0.000149811 -0.00319726 -0.0313175 -0.00908262 0.00977385 -0.0338122 0.0142194 0.0199292 -0.00153368 0.0265284 0.00912426 0.00314706 0.0119674 0.0187724 0.000170344 0.0396352 0.016171 0.0185818 -0.00642137 -0.0162454 -0.0349825 -0.00274636 -0.00721517 0.00917685 -0.00738136
internal_weight=835.603 543.815 290.194 291.788 236.87 253.621 54.9187 198.334 128.291 125.33 177.404 115.988 43.2437 91.8599 31.5004 32.8277 82.0867 32.1011 26.1191 57.0108 120.882 110.399 94.1186 20.9296 71.2798 171.516 49.9857 41.1223 29.725 62.1349
internal_count=31139 26538 17189 4601 2971 9349 1630 14087 5798 3551 12856 2174 825 3102 578 800 2726 1021 868 2281 797 2077 1708 1231 3517 12489 1705 1460 786 2316
is_linear=0
shrinkage=0.05


Tree=4
num_leaves=31
num_cat=0
split_feature=14 31 38 38 18 38 6 14 39 14 37 25 40 3 40 31 40 27 38 27 40 9 41 26 21 33 15 40 38 39
split_gain=75.537 27.6234 17.9719 9.93894 9.82901 7.97006 7.64942 6.3434 7.35943 5.38449 4.96422 4.45596 4.32724 3.80795 3.05594 3.04733 1.90523 1.88189 1.92654 1.69894 1.66129 1.57198 1.44237 1.43519 1.31994 1.09235 1.05167 0.985068 0.910499 0.913401
threshold=-0.35000000894069666 0.43666666746139532 -0.032514572143554681 -0.045151710510253899 -0.37666666507720942 -0.024595737457275387 -0.15000000596046445 -0.45666666328907007 0.026617088355124 -0.15666666626930234 0.0021500587463378911 -0.236666664481163 0.096666667610406889 0.2833333313465119 0.11000000312924386 0.37666666507720953 0.53666669130325328 -0.31666666269302363 0.22565650939941409 -0.016666665673255917 0.030000001192092899 0.29000002145767217 0.038938464596867568 0.25666666030883795 0.16333335638046267 -0.31000000238418574 -0.10333332419395445 0.95666664838790905 0.28106832504272466 0.034167362377047546
decision_type=2 2 2 2 2 2 2 2 2 2 2 2 2 2 2 2 2 2 2 2 2 2 2 2 2 2 2 2 2 2
left_child=3 4 12 10 -2 6 14 8 11 17 16 -5 -3 -14 -6 23 -1 -7 -19 25 -8 -13 -12 -16 -21 -9 -4 -22 29 -11
right_child=1 2 26 7 5 9 20 19 -10 28 22 21 13 -15 15 -17 -18 18 -20 24 27 -23 -24 -25 -26 -27 -28 -29 -30 -31
leaf_value=-0.024986082464551102 0.0081223979133498245 0.00085561616842999729 0.0014067593301681143 0.014290202295499967 0.010586553826102265 0.0041234991053213784 0 0 0 -0.03209415885264235 -0.0016621872976516384 0.047211364355433681 0.03844375209079029 0.0011929464934346194 -0.018641775696997025 0.0088494280402545023 0.0026578047418775752 -0.017962023385548174 0.0087759594859251264 -0.0061855980094721085 -0.022874811011446693 0.01835048776527174 0.020680522057622969 0 0.011416301281538456 0.018948747571649761 -0.025502448066031205 0.00091124572546007481 0 0
leaf_weight=14.360037832986565 32.859706150135025 15.925045113544909 1.5590281265322143 30.446583305485547 33.36966564739123 11.802640584995968 8.7971653747372311 5.5019577802158883 15.489357656799255 135.47552239359356 7.2688719802536097 64.453668613918126 40.821927554905415 10.150046807713805 30.557361976476386 16.206564774271101 5.2849964909255496 42.644291707314551 2.8264638073742381 14.974913073237987 87.295517746126279 20.29369748570025 12.952200922183691 16.355537610594183 14.532528355019165 83.400498617440462 18.60838937968947 1.9927373002283264 1.6783844712190319 2.1221691467799237
leaf_count=659 1088 181 86 192 1084 543 543 121 123 10260 166 408 379 164 1838 264 259 2504 137 414 5320 148 285 432 327 1478 1250 126 126 146
internal_value=0.000335802 -0.0111536 0.0136582 0.0205541 -0.0164263 -0.0186432 -0.0107304 0.0241929 0.0319885 -0.0258033 -0.00182789 0.0361367 0.0259 0.0323716 -0.000304649 -0.0068434 -0.0176925 -0.0106345 -0.014985 0.0142605 -0.0201374 0.042246 0.013153 -0.0131259 0.00224356 0.0175916 -0.0226213 -0.0220576 -0.0311721 -0.0316055
internal_weight=800.007 511.048 87.0644 288.959 423.984 391.124 194.575 249.093 130.683 196.549 39.8661 115.194 66.897 50.972 96.4891 63.1195 19.645 57.2734 45.4708 118.41 98.0854 84.7474 20.2211 46.9129 29.5074 88.9025 20.1674 89.2883 139.276 137.598
internal_count=31051 26471 2060 4580 24411 23323 9607 3211 871 13716 1369 748 724 543 3618 2534 918 3184 2641 2340 5989 556 451 2270 741 1599 1336 5446 10532 10406
is_linear=0
shrinkage=0.05


Tree=5
num_leaves=31
num_cat=0
split_feature=14 31 14 18 6 9 29 40 39 6 27 2 26 9 23 26 32 26 39 26 36 39 25 14 16 29 39 14 14 3
split_gain=72.1166 24.6683 7.54395 7.01999 5.10575 4.99605 4.03888 3.98968 3.91808 3.20895 3.06976 2.8209 2.41078 2.04732 2.13622 1.98898 1.63121 1.46405 1.31107 1.30801 1.06936 1.05216 1.5438 1.02895 1.02116 0.878912 0.869586 0.910369 0.850778 0.816519
threshold=-0.35000000894069666 0.43666666746139532 -0.45666666328907007 -0.35000000894069666 0.069999992847442641 0.21666666865348819 0.030000001192092899 0.063333334401249899 0.029931325465440754 0.38333332538604742 -0.30333334207534784 0.32999998331069952 -0.19666665792465207 0.19666665792465213 -0.14333333075046537 0.096666663885116591 -0.4433333277702331 0.46999999880790716 0.03156592138111592 0.4499999880790711 0.2833333313465119 0.026239424012601379 -0.236666664481163 -0.29000000655651087 -0.28333333134651179 0.38999998569488531 0.017120812088251117 -0.056666672229766839 -0.20333333313465116 0.25000000000000006
decision_type=2 2 2 2 2 2 2 2 2 2 2 2 2 2 2 2 2 2 2 2 2 2 2 2 2 2 2 2 2 2
left_child=2 3 9 28 7 6 11 26 10 12 -9 16 -1 14 -4 29 -3 23 20 -17 -15 22 -14 -6 25 -16 -5 -28 -2 -7
right_child=1 5 13 4 17 15 -8 8 -10 -11 -12 -13 21 18 24 19 -18 -19 -20 -21 -22 -23 -24 -25 -26 -27 27 -29 -30 -31
leaf_value=0.0040078408138659394 0.0069727758231727987 0 0.00054881731448859516 -0.0083726105983147996 -0.0045251644079442443 0.014275554815743897 -0.010108842739758305 -0.0027914146859481081 0 0.00074632158251961662 -0.022781023123122881 -0.0028602874681845402 0.012692072590374441 -0.002734840531002993 0.020674906722305555 -0.022701941940754266 0.029978374109269554 0 -0.015172033998027013 0.0030064947091790312 0.014659513041713125 0.0094748593650948211 0.038544353807217976 -0.029426993626901335 0 0 -0.0048998018636971456 0.011180226534759329 -0.0053146973509456364 -0.0046112237579161094
leaf_weight=11.668522884603588 25.464977384079248 6.5975169995799652 27.671338321175426 9.0725945702288282 9.2821977722924185 6.9977307925000805 6.1257120261434457 27.879477235954255 32.417712222551927 11.728717927820979 131.16688728285953 6.3605676372535518 17.855552506633103 13.993691169191157 69.665696955984458 10.254290126264094 43.101920208893716 3.088784300023689 5.4230959936976424 3.0763321653939775 8.7779707151930761 12.710716401226817 80.679417110513896 119.8451820157934 7.9924939419142893 5.9115179874934247 6.8002159181050983 19.013043207116425 18.216063339728862 3.6222894210368395
leaf_count=128 787 160 732 508 550 157 235 1277 1695 153 8654 174 181 364 1467 446 678 179 127 102 209 156 592 9071 231 125 376 636 739 144
internal_value=-0.000212231 -0.0117266 0.0200277 -0.01692 -0.0191961 0.0117772 0.018855 -0.0137685 -0.0165339 0.0284771 -0.0196573 0.0230941 0.0307714 0.0108586 0.01378 -0.00586087 0.0268149 -0.0273059 -0.000332019 -0.0163842 0.00476018 0.0330167 0.0350962 -0.0281024 0.0175518 0.0192235 0.000996335 0.00603311 0.00132238 0.00699032
internal_weight=762.462 488.383 274.079 402.247 358.566 86.1364 62.1857 226.35 191.464 134.643 159.046 56.06 122.914 139.436 111.241 23.9506 49.6994 132.216 28.1948 13.3306 22.7717 111.246 98.535 129.127 83.5697 75.5772 34.8859 25.8133 43.681 10.62
internal_count=31033 26568 4465 24472 22946 2096 1247 13146 11626 1210 9931 1012 1057 3255 2555 849 838 9800 700 548 573 929 773 9621 1823 1592 1520 1012 1526 301
is_linear=0
shrinkage=0.05


Tree=6
num_leaves=31
num_cat=0
split_feature=19 38 31 19 38 37 19 30 38 25 41 41 9 38 37 31 16 32 31 20 14 8 26 31 37 40 9 27 7 25
split_gain=64.2727 28.2658 23.9138 9.38678 5.95153 8.06814 5.62856 4.78774 4.40834 4.02937 3.61181 3.52884 3.41101 2.21298 1.9969 1.88446 1.4258 1.40364 1.36424 1.32541 1.10849 1.08317 1.37396 1.05438 1.02198 1.14109 0.938565 0.895964 0.856575 0.702835
threshold=-0.31000000238418574 -0.032514572143554681 0.34333333373069769 -0.45666666328907007 -0.024595737457275387 -0.045902252197265618 -0.24999999999999997 -0.22333332896232602 0.12359237670898439 -0.069999992847442613 0.03791948780417443 0.066116258502006545 0.17666667699813846 -0.032514572143554681 0.0016446113586425783 0.030000001192092899 -0.40333333611488337 -0.12333333492279051 0.44333332777023321 -0.17166666686534879 0.32333332300186163 -0.056666672229766839 0.23000001907348636 0.44333332777023321 -0.062580585479736314 0.69666665792465221 -0.26999998092651362 -0.26333332061767573 -0.090000003576278673 -0.29000000655651087
decision_type=2 2 2 2 2 2 2 2 2 2 2 2 2 2 2 2 2 2 2 2 2 2 2 2 2 2 2 2 2 2
left_child=3 2 10 4 5 -1 -3 18 19 21 17 16 13 -11 20 -15 -8 -2 -4 -6 23 26 29 -9 -13 -26 -5 -12 -28 -23
right_child=1 6 7 9 8 -7 11 14 -10 12 27 24 -14 15 -16 -17 -18 -19 -20 -21 -22 22 -24 -25 25 -27 28 -29 -30 -31
leaf_value=-0.023361608564837884 0.0048066367701513615 -0.0020704591242381057 0.0097177485290471655 -0.003841768728052853 0.015415357184391682 0.02045735519249172 0 0.00044975189564448634 0.002228767641916441 0 -0.0064539348361185873 0.010221557180416802 -5.8609785694186911e-05 0.027399124834605638 -0.012090872586328395 0 -0.031786194117505169 -0.010895815348649555 0.031190367586070019 0.041434073003892513 -0.0024023151812202544 0 0.0049498504919620722 0.025780324459501455 -0.016024394727874914 0.004523874768401894 0.0017121800782168004 -0.025184105605168969 0.017081501069447561 -0.015942380448063294
leaf_weight=9.3903865255415422 22.610417297575623 25.444707624148577 22.551014891825616 11.990762178320436 19.854277718812227 26.740354892332107 3.354295981116592 9.8274600734002906 12.890622016042469 11.358042951207606 17.338976981583983 1.7432607738301182 22.924049033317715 51.42485452350229 10.561596755869685 6.4041880657896391 162.90781902172603 20.88428610144183 39.646542074158788 61.815879739820957 8.2205815501511079 12.49130004621111 18.327828514855355 5.9962312094867221 14.328123252606021 4.5047495951876035 26.117750973906364 53.812316246330738 15.076566479634495 15.279250142397357
leaf_count=156 1013 1195 470 334 193 361 211 330 110 431 714 104 514 848 306 142 13359 1653 344 432 178 405 438 68 1147 377 621 3774 371 435
internal_value=-0.000415274 -0.0131673 -1.9276e-05 0.016219 0.0264155 0.00677028 -0.0257887 0.0175885 0.0328214 0.00853844 -0.0152293 -0.0287243 0.0157503 0.0209075 0.00140321 0.0245272 -0.0311448 -0.00263475 0.0253115 0.0368819 0.00939357 0.00109387 -0.00394884 0.0156429 -0.00560938 -0.0101971 0.00584428 -0.0218006 0.00932338 -0.010398
internal_weight=745.818 423.732 211.449 322.086 130.692 36.1307 212.283 96.8034 94.5608 191.395 114.646 186.838 92.1111 69.1871 34.6059 57.829 166.262 43.4947 62.1976 81.6702 24.0443 99.2835 46.0984 15.8237 20.5761 18.8329 53.1851 71.1513 41.1943 27.7706
internal_count=31034 25243 8850 5791 1252 517 16393 1696 735 4539 7154 15198 1935 1421 882 990 13570 2666 814 625 576 2604 1278 398 1628 1524 1326 4488 992 840
is_linear=0
shrinkage=0.05


Tree=7
num_leaves=31
num_cat=0
split_feature=19 38 29 19 30 38 37 38 19 9 38 11 41 36 14 25 2 14 23 19 40 29 8 39 36 12 6 14 39 38
split_gain=62.0242 25.088 13.6019 10.5593 4.03937 4.03928 5.25991 3.80684 3.71433 2.71751 2.61379 2.58407 2.42994 2.32489 2.40433 2.20374 1.71976 2.17442 1.80409 1.67438 1.48423 1.32466 1.2351 1.14289 1.12063 1.09919 1.03051 1.01331 0.953558 0.783079
threshold=-0.31000000238418574 -0.032514572143554681 0.056666672229766853 -0.45666666328907007 -0.25666666030883784 -0.024595737457275387 -0.001793861389160156 -0.032514572143554681 -0.24999999999999997 0.18999999761581424 0.11386013031005861 -0.1766666769981384 0.13006117194890979 0.096666663885116591 0.31000000238418585 -0.030000001192092892 0.32999998331069952 0.17666667699813846 -0.43000000715255732 -0.35000000894069666 0.53666669130325328 -0.11666667461395262 -0.056666672229766839 0.041159080341458328 -0.36333334445953364 0.056666672229766853 -0.18999999761581418 -0.43000000715255732 0.019113463349640373 -0.056524276733398431
decision_type=2 2 2 2 2 2 2 2 2 2 2 2 2 2 2 2 2 2 2 2 2 2 2 2 2 2 2 2 2 2
left_child=3 2 4 5 11 6 20 -5 -3 15 -7 -2 23 21 -15 22 17 -13 -19 -17 -1 28 24 -10 -9 -20 -4 -11 -6 -27
right_child=1 8 26 7 13 10 -8 9 12 27 -12 16 -14 14 -16 19 -18 18 25 -21 -22 -23 -24 -25 -26 29 -28 -29 -30 -31
leaf_value=-0.017374948393911557 -0.0077463454331367643 -0.004149282256390492 0 -0.0044387741373999381 0 0.036459197850555881 0.0257314511683676 -0.0028005762457215463 -0.028577725239597548 -0.012666295045440049 0.0070786076373464376 0.0019449075465568207 0.0047889721700153584 0.020403048272711975 -0.0059791791864944495 0.027626448648251811 -0.0015043596316966026 0 0.00081271467227859951 0.0028104349252577668 0.0052027016717288745 0.0011298943943223495 -0.00032683782492071134 0.00075107531501574648 0.01493601067356932 0.032824537027794101 -0.024052243284212849 0.0041109008337355179 -0.018525654185117434 0.0066092300107608365
leaf_weight=10.118546457495542 7.6738959020003668 24.455508511979133 6.469623297918587 39.128245450556278 6.2471202784217921 79.518748700618744 17.002628233283758 6.1205318374559274 172.77680236566812 7.7482605818659094 14.383536009117959 19.314645911566913 2.7803596598096183 12.929128338117154 9.9843717124313098 38.614337279461324 8.5864885845221561 5.6463512689806512 6.1458067949861279 12.535563166718928 7.0687265796586862 17.28790390258655 24.978370311670005 1.3889943622052658 41.751790822017938 32.63859499851241 43.370815779780969 18.068877529352903 21.088825311511755 9.7359561389312201
leaf_count=213 357 1207 254 1612 270 607 187 154 14855 121 127 836 196 514 434 549 261 135 162 271 105 997 571 97 884 499 3030 417 975 169
internal_value=0.000167647 -0.0125993 -0.000163667 0.0166244 0.00701073 0.0275337 0.00945075 0.00848067 -0.0248928 0.0120563 0.0329045 0.0136597 -0.027393 -0.00187798 0.00918735 0.015029 0.0163366 0.0186921 0.0234588 0.0229157 -0.00806763 -0.00846913 0.00785221 -0.0281878 0.012145 0.0262685 -0.0215719 -0.0015776 -0.0144005 0.028885
internal_weight=725.559 408.521 207.12 317.038 157.279 128.092 34.1899 188.946 201.402 149.818 93.9023 89.7417 176.946 67.5373 22.9135 124.001 82.0678 73.4814 54.1667 51.1499 17.1873 44.6238 72.8507 174.166 47.8723 48.5204 49.8404 25.8171 27.3359 42.3746
internal_count=31066 25248 8893 5818 5609 1239 505 4579 16355 2967 734 2419 15148 3190 948 2429 2062 1801 965 820 318 2242 1609 14952 1038 830 3284 538 1245 668
is_linear=0
shrinkage=0.05


Tree=8
num_leaves=31
num_cat=0
split_feature=14 31 14 18 3 37 27 39 37 30 6 25 9 7 16 37 40 9 40 41 9 39 12 27 25 27 31 6 39 39
split_gain=49.9558 21.7081 8.0319 5.01512 4.45819 3.66055 2.84826 2.70902 2.55563 2.55592 2.31624 2.21233 2.13198 1.76024 1.62639 1.80145 1.59121 1.55985 2.75955 1.30696 1.27511 0.971536 1.78724 0.819541 0.798301 0.745882 0.727843 0.725336 0.710525 1.15931
threshold=-0.35000000894069666 0.43666666746139532 -0.45666666328907007 -0.35000000894069666 0.29000002145767217 -0.062580585479736314 -0.26333332061767573 0.029510702937841419 0.045867919921875007 -0.10333332419395445 -0.32999998331069941 -0.236666664481163 0.18999999761581424 -0.023333340883255001 -0.24999999999999997 -0.067180633544921861 0.043333332985639579 0.23666667938232425 0.14999999850988391 0.088853016495704665 -1.0000000180025095e-35 0.01583376340568066 0.11000001430511476 -0.2766666561365127 -0.030000001192092892 0.20999997854232791 0.34333333373069769 0.096666663885116591 0.029931325465440754 0.03248978219926358
decision_type=2 2 2 2 2 2 2 2 2 2 2 2 2 2 2 2 2 2 2 2 2 2 2 2 2 2 2 2 2 2
left_child=2 3 7 -2 8 10 13 11 9 21 -5 -1 14 -7 15 -4 -8 -13 -19 26 -6 -3 -23 -14 -17 -26 -12 -11 -18 -30
right_child=1 4 12 5 20 6 16 -9 -10 27 19 17 23 -15 -16 24 28 18 -20 -21 -22 22 -24 -25 25 -27 -28 -29 29 -31
leaf_value=0.0087535480806347488 0.00010002101375498909 0.00066543290230702086 -0.0066868381887901437 0.0095661152052114399 0.0025781195258098642 0.00022109472758542563 -0.0043270471684489619 0.0017463789618632809 -0.005753761619837097 0.0078084828953974214 -0.017447022595597866 0.037606136925770327 0.0021531189689448053 -0.015637825147092842 -0.0077460002634724637 0.0075475439112833833 -0.025586274968038787 -0.0019355062570490054 0.024555831213604579 0.0054568899096209961 -0.01876914841413169 0 0.031275882024813469 -0.012778629156947569 0.021457322725392788 0 0 -0.0093893460527568126 0.0011480056918588449 -0.016491567897901391
leaf_weight=22.005351809319109 43.13164394069463 6.0089701912365845 6.5608393992297342 14.82336645782925 8.6168399665039015 28.94956151326187 17.54445620207116 13.71726573538035 6.4816796481609336 7.8397497376427037 25.226771134417508 59.651856651995331 13.825228676199915 28.669604956172407 5.7462663920596233 53.766419777181 164.72042861976661 10.787150126881896 24.916630137711763 5.0916079287417224 7.2989046457223585 6.4850179129280141 36.764022383373231 9.5807268109638226 39.197931425645947 6.2672806549817315 5.4244401799514881 4.9970550632569939 9.1749945171177405 21.75700030173175
leaf_count=251 1534 156 232 515 203 1522 1111 181 213 214 1785 472 360 2068 205 1231 13218 135 224 308 394 126 554 374 779 160 217 220 671 1500
internal_value=4.44051e-05 -0.0100555 0.0170291 -0.0153459 0.0119962 -0.017459 -0.0197595 0.0257166 0.017398 0.0204759 -0.00390734 0.0280944 0.00767767 -0.00800749 0.0105373 0.0121164 -0.0225154 0.0315286 0.0168256 -0.0106658 -0.00852926 0.0251455 0.0275436 -0.00446897 0.0139076 0.0191864 -0.014481 0 -0.0238452 -0.011246
internal_weight=715.029 449.006 266.023 364.514 84.4922 321.382 270.816 131.078 68.5765 62.0948 50.5662 117.361 134.945 57.6192 111.539 105.792 213.197 95.3556 35.7038 35.7428 15.9157 49.258 43.249 23.406 99.2316 45.4652 30.6512 12.8368 195.652 30.932
internal_count=31133 26529 4604 24449 2080 22915 20090 1263 1483 1270 2825 1082 3341 3590 2607 2402 16500 831 359 2310 597 836 680 734 2170 939 2002 434 15389 2171
is_linear=0
shrinkage=0.05


Tree=9
num_leaves=31
num_cat=0
split_feature=14 31 38 14 18 38 27 25 32 7 40 38 40 38 38 35 20 38 16 23 9 38 31 36 37 14 37 15 37 16
split_gain=41.6399 14.4818 9.67997 6.35719 4.9548 3.44848 3.13442 2.5957 2.53266 2.51021 2.44098 2.08144 1.78536 2.19885 1.41166 1.40289 1.33547 1.25339 1.19176 1.20807 1.4334 1.04867 0.954894 0.935479 0.853983 0.715343 0.713912 0.795516 0.694089 0.741715
threshold=-0.35000000894069666 0.43666666746139532 -0.032514572143554681 -0.45666666328907007 -0.37666666507720942 -0.032514572143554681 -0.26333332061767573 -0.26999998092651362 0.27666664123535162 -0.0099999904632568342 0.10333333536982538 -0.019491672515869137 0.10333333536982538 -0.024595737457275387 -0.056524276733398431 -0.29000000655651087 -0.1649999916553497 0.13502407073974612 -0.26333332061767573 -0.36333334445953364 0.18333333730697635 0.27749967575073248 0.40333333611488348 -0.04333332180976867 0.0016446113586425783 -0.15666666626930234 -0.058026790618896477 -0.24999999999999997 0.045867919921875007 -0.31666666269302363
decision_type=2 2 2 2 2 2 2 2 2 2 2 2 2 2 2 2 2 2 2 2 2 2 2 2 2 2 2 2 2 2
left_child=3 4 8 7 -2 28 9 -1 24 14 11 15 13 -9 -6 -8 -14 -13 19 -7 26 22 -12 -10 -3 -16 -21 -28 29 -5
right_child=1 2 -4 5 6 18 10 12 23 -11 21 17 16 -15 25 -17 -18 -19 -20 20 -22 -23 -24 -25 -26 -27 27 -29 -30 -31
leaf_value=0.001822863886081266 0.0034376069782753997 0.026639532855105688 -0.018617066087206542 -0.01409801715678106 0.011713596083362355 -0.0033943619641539587 0.0095412548748012044 -0.0068923465987267667 0.0091403681512053324 -0.014630100250459655 -0.022684189377466985 -0.022822720052516635 0.012228170612166286 0.01898310638555116 0.0032198445573113962 -0.0071266598784619625 0.033144583299161826 0.0038999629412096609 -0.0045097405620648052 0 0 0.00035727735785335402 -0.0031801885865738659 -0.010251864768923584 0.006143643080517589 -0.01112656220564838 0.019620566201322052 0.00066277059107587891 0.004073671326676619 0.0024601432997013672
leaf_weight=15.882188334129749 33.397986341966316 36.779129024595022 18.366082947934046 18.945315327961005 17.714924762025476 6.2456286195665589 14.783885705750434 9.073639281094076 5.4279144336469471 31.561192858731374 173.62417447683401 17.213116627652202 24.388864795677364 11.738041669130324 8.913430829066785 25.805661419639364 68.8917514719069 1.6477147303521622 5.9915521945804349 5.5738592734560362 15.327841349877415 3.0575516768731168 11.853910166770218 7.1843767077662033 14.799787192605434 12.173988808877764 64.998252511955798 9.4748353632166964 4.8651303686201564 3.9299194728955618
leaf_count=195 1100 339 1347 824 575 143 555 140 81 2311 14409 1395 277 88 412 1840 553 144 177 111 379 223 587 153 165 867 1144 218 129 192
internal_value=0.000116584 -0.00934336 0.00884251 0.0155576 -0.0137583 0.00721329 -0.0156696 0.0233616 0.0179751 -0.00525031 -0.0183337 -0.00769017 0.0259108 0.00775149 0.0027586 -7.22003e-05 0.0289972 -0.0191048 0.0112453 0.0126062 0.0140395 -0.0212206 -0.021707 -0.000306738 0.0224458 -0.00476956 0.0165488 0.0177486 -0.00690536 -0.0104675
internal_weight=699.632 434.305 82.5573 265.327 351.748 135.352 318.35 129.974 64.1912 70.3635 247.986 59.4504 114.092 20.8117 38.8023 40.5895 93.2806 18.8608 107.612 101.62 95.3748 188.536 185.478 12.6123 51.5789 21.0874 80.0469 74.4731 27.7404 22.8752
internal_count=31073 26503 2085 4570 24418 3317 23318 1253 738 4165 19153 3934 1058 228 1854 2395 830 1539 2172 1995 1852 15219 14996 234 504 1279 1473 1362 1145 1016
is_linear=0
shrinkage=0.05


Tree=10
num_leaves=31
num_cat=0
split_feature=19 38 31 19 19 9 38 37 41 25 27 21 41 0 34 25 25 38 8 0 22 9 7 0 14 31 26 37 41 3
split_gain=41.0743 16.1101 15.9804 8.98571 3.8203 3.61746 3.34412 3.86801 2.75029 2.65841 2.56796 2.34225 2.00208 1.85615 1.77515 1.68321 1.46154 1.4216 1.3323 1.26702 1.1555 1.10706 1.07233 0.968224 0.909015 0.90537 0.820021 0.747641 0.651317 0.63004
threshold=-0.31000000238418574 -0.032514572143554681 0.37000000476837164 -0.4433333277702331 -0.21666666865348813 0.16333335638046267 -0.045151710510253899 0.0016446113586425783 0.036879267543554313 -0.063333332538604722 -0.26999998092651362 -0.35000000894069666 0.13006117194890979 0.20333331823349002 -0.32333332300186152 -0.24999999999999997 0.081666648387908949 -0.037441253662109368 -0.063333332538604722 -0.031666666269302361 -0.21000000834465024 -0.13666665554046628 -0.036666661500930779 -0.28333333134651179 -0.36333334445953364 -0.056666672229766839 0.23000001907348636 0.016635417938232425 0.1004048138856888 -0.35000000894069666
decision_type=2 2 2 2 2 2 2 2 2 2 2 2 2 2 2 2 2 2 2 2 2 2 2 2 2 2 2 2 2 2
left_child=3 2 8 6 -3 14 7 19 21 18 22 -8 24 17 -4 -13 20 -11 27 -1 -16 -2 -10 -7 -6 -19 -20 -5 -12 -23
right_child=1 4 5 9 12 23 11 -9 10 13 28 15 -14 -15 16 -17 -18 25 26 -21 -22 29 -24 -25 -26 -27 -28 -29 -30 -31
leaf_value=0.0040061980854867209 0.0066169917070528529 -0.0025633011393125064 0 -0.0009745929128266098 0 0.0084774901804617313 0.00096800512923494748 0.020139769125575632 0.0071439507722885669 0 -0.024925208518075826 0.010110127188373806 0.0048704991732023252 0 0.0087010227765714956 0.032062378861716152 0.0038909037169665229 0.022728265264011505 -0.012910486150352618 -0.019307981780591055 0.032823238181317153 0.0028673924403562561 -0.012163949025277681 -0.0095999788189454136 -0.024786112196308777 0.00050001777707165535 0.00050802816742613122 0.010019448444690639 0 -0.011862085428939812
leaf_weight=4.3298207512125382 17.234275663271546 30.339776729000732 7.7946361037902525 25.131035475526005 3.7451930374372742 5.3478453541174558 10.702037000097333 13.169573441147802 11.294922346714886 9.7688428522087616 47.286413271445781 21.642561737447977 2.7727355440147212 22.552980038803071 15.996097865514452 85.383371086791158 13.563619382679461 35.863884767517447 21.057772861095145 8.8010825007222593 30.783685333561156 4.2550187865272191 6.1529195890761903 13.156396603211759 154.08349731634371 8.0871090581640583 13.101794143673031 21.501909560058266 4.5203200750984243 17.336727120913565
leaf_count=99 986 1864 185 740 184 124 122 160 354 394 3781 305 186 514 190 714 248 619 793 239 396 242 428 333 14173 192 375 540 366 1274
internal_value=0.00038353 -0.0103172 0 0.014105 -0.0204009 0.0153143 0.0229442 0.00438616 -0.012639 0.00530028 -0.0182472 0.0264743 -0.0234069 0.0116527 0.0203196 0.0286168 0.0229845 0.0162717 -0.000799733 -0.0114681 0.0269753 -0.000974347 0 -0.00255873 -0.0242164 0.01969 -0.00783437 0.00418396 -0.0233349 -0.008061
internal_weight=686.758 385.664 194.723 301.094 190.941 86.6423 144.028 26.3005 108.081 157.065 69.2546 117.728 160.601 76.2728 68.138 107.026 60.3434 53.7198 80.7925 13.1309 46.7798 38.826 17.4478 18.5042 157.829 43.951 34.1596 46.6329 51.8067 21.5917
internal_count=31120 25314 8907 5806 16407 1476 1639 498 7431 4167 4929 1141 14543 1719 1019 1019 834 1205 2448 338 586 2502 782 457 14357 811 1168 1280 4147 1516
is_linear=0
shrinkage=0.05


Tree=11
num_leaves=31
num_cat=0
split_feature=19 31 38 19 31 40 26 38 31 41 9 38 40 41 25 36 37 22 36 16 3 26 37 38 14 29 38 41 38 26
split_gain=35.4986 11.4042 10.5144 5.43956 4.686 3.75029 2.69657 2.65678 3.14194 2.60489 2.19331 2.04395 2.80548 1.84953 1.84125 2.55845 1.82271 1.81602 1.40687 1.26296 1.14185 1.12389 0.916526 0.901393 0.728575 0.644912 0.629975 0.608955 0.676447 0.601545
threshold=-0.36333334445953364 0.43666666746139532 -0.042340755462646477 -0.26999998092651362 -0.28333333134651179 0.043333332985639579 -0.40333333611488337 -0.032514572143554681 0.35000002384185797 0.036879267543554313 0.1566666662693024 -0.056524276733398431 0.40333333611488348 0.13006117194890979 -0.25666666030883784 0.35000002384185797 0.01410198211669922 -0.21000000834465024 0.043333351612091071 -0.33666665852069849 -0.35000000894069666 0.29666668176651007 -0.078486442565917955 -0.083765983581542955 -0.40333333611488337 -0.10999999940395354 0.28106832504272466 0.1004048138856888 -0.037441253662109368 0.13666665554046634
decision_type=2 2 2 2 2 2 2 2 2 2 2 2 2 2 2 2 2 2 2 2 2 2 2 2 2 2 2 2 2 2
left_child=4 3 10 -2 5 -1 -7 8 9 20 17 12 23 19 -13 -16 24 -3 -18 -9 -5 27 -4 -8 -6 -10 -21 28 -11 -12
right_child=1 2 22 7 16 6 11 13 25 21 29 14 -14 -15 15 -17 18 -19 -20 26 -22 -23 -24 -25 -26 -27 -28 -29 -30 -31
leaf_value=-0.0044939383006767399 0 0.0040659115042990749 0.0021812280132989998 0.010804905088960447 -0.0086346617079006444 -0.0024696339536151935 0.0020672250013140654 -0.0004146725037346164 0.0089580116668254908 -0.025299611149801671 0.0075329865155060339 0.007378557056068942 0.017532350699201112 0.0062593247541956045 0.03251334243522707 0.0054477424403377057 0.017602973052667902 0.03013806513905137 0 -0.022468827619557773 -0.0063438550368154784 -0.0028284975102151467 -0.020359252073165041 -0.01968105564472615 0.0026813648562569918 -0.0044077718640545783 0 0 0 -0.0083990524024016681
leaf_weight=10.839427528902887 73.715329715283588 13.712866115383802 1.8466390459798301 7.2969140368513754 17.821223126258701 7.62514570262283 3.652014241553843 9.7503470769152027 20.239487773273144 40.402046942617744 6.4973198194056732 19.732803616672754 14.267821948975323 2.5388234122656277 84.192352269776165 15.238451749086378 26.139353540260345 30.173288635909557 15.763395040296016 140.22278769360855 27.543002231046557 14.112253246596081 20.228344681905583 4.3930597985163349 25.811706274282187 6.466797722503542 1.6629658336751152 4.2910191509872666 1.254001760855316 5.2651629708707333
leaf_count=184 2855 133 47 357 384 169 123 662 564 3355 99 343 277 183 840 154 484 283 323 13316 1914 673 1345 123 774 354 157 350 134 125
internal_value=7.10233e-05 -0.00856692 0.00809801 -0.0124174 0.0150493 0.0200339 0.0220831 -0.0155818 -0.00896437 -0.0131221 0.0193819 0.0236226 0.00603079 -0.0201138 0.0262698 0.0291486 0.0047534 0.0239614 0.0115963 -0.0209354 -0.00108032 -0.0189964 -0.01752 -0.011363 -0.0019219 0.00474229 -0.0221025 -0.0225806 -0.0242434 0
internal_weight=672.696 427.219 77.7236 349.496 245.477 159.941 149.102 275.78 121.606 94.8992 55.6486 141.477 22.3129 154.175 119.164 99.4308 85.5357 43.8862 41.9027 151.636 34.8399 60.0593 22.075 8.04507 43.6329 26.7063 141.886 45.9471 41.656 11.7625
internal_count=31084 26906 2032 24874 4178 2213 2029 22019 7701 6783 640 1860 523 14318 1337 994 1965 416 807 14135 2271 4512 1392 246 1158 918 13473 3839 3489 224
is_linear=0
shrinkage=0.05


Tree=12
num_leaves=31
num_cat=0
split_feature=19 31 38 31 19 38 37 25 2 40 30 13 19 6 1 33 1 38 33 37 38 37 27 38 22 27 38 27 41 37
split_gain=31.4877 8.83761 11.1922 6.12151 4.63987 3.44811 3.35508 3.33631 2.8574 2.67076 2.37794 1.793 1.78124 1.47282 1.31219 1.25137 1.23401 1.20643 0.893588 0.918408 0.800023 0.764565 0.758633 0.648536 0.647535 0.636797 0.621625 0.589461 0.530123 0.529872
threshold=-0.36333334445953364 0.37666666507720953 -0.032514572143554681 -0.236666664481163 -0.24333333969116208 -0.024023532867431637 -0.045902252197265618 -0.13666665554046628 0.32999998331069952 0.11666666716337205 -0.10333332419395445 0.3966666460037232 -0.41666667163372034 -0.18333333730697629 0.34333333373069769 0.31666666269302374 0.043333351612091071 -0.021959304809570309 -1.0000000180025095e-35 0.016635417938232425 0.11386013031005861 -0.14993143081665036 -0.21000000834465024 0.28106832504272466 -0.21666666865348813 -0.15000000596046445 0.22565650939941409 -0.056666672229766839 0.066116258502006545 -0.032941818237304681
decision_type=2 2 2 2 2 2 2 2 2 2 2 2 2 2 2 2 2 2 2 2 2 2 2 2 2 2 2 2 2 2
left_child=3 4 8 5 25 6 16 22 10 13 11 24 14 17 -8 -9 -1 -6 19 -5 -15 -11 -7 -23 -3 -2 29 -12 -4 -27
right_child=1 2 28 18 9 7 12 15 -10 21 27 -13 -14 20 -16 -17 -18 -19 -20 -21 -22 23 -24 -25 -26 26 -28 -29 -30 -31
leaf_value=0.0032777378973005786 0.001541072103869612 0.0078289417959550769 -0.022227984660422147 -0.0015520487506835877 0.0087002661091232086 0.013555712852477331 0.02221298947913317 0.033289398412903688 -0.0069785906256658497 0 -0.0075587882527419553 6.8526246845810137e-05 -0.0047487252061594876 -0.014145846530525183 0 0.010542977060491338 -0.019640591314358108 -0.010332319844577338 -0.0056400814660751142 0.012037933199719603 0.0046233756051611459 -0.020506579727163715 0 0 0.029344694984791531 0 0.006031511936017607 0.0074315407009073317 0 -0.011312241515516816
leaf_weight=4.8353694621473542 43.215806683525443 14.076535958796731 26.052145322784785 18.127820965368301 19.287302292417738 29.651600506156683 26.233467364683747 60.51318733394146 10.26653105765581 2.2969400449655941 8.7848085621371848 10.950221688486634 6.6732071787118903 31.772272975649685 9.0966862756758911 18.688046606723219 8.1443212656304222 5.8875564618501803 27.556799410842359 17.496743951458484 1.5641977908089746 161.39276722026989 15.428680445998905 1.6557920654304314 31.123669051565237 9.4870414850302023 2.3930474868975571 5.3916569170542052 3.1249165921472004 29.066410475876182
leaf_count=116 1570 184 2270 505 844 375 410 613 277 158 254 130 209 2893 131 193 229 579 704 334 175 14669 313 158 370 523 87 145 267 1502
internal_value=-0.000157651 -0.00847852 0.00339157 0.013939 -0.0127723 0.0185245 0.00647487 0.0231198 0.0130738 -0.0164748 0.0166471 0.0208803 0.0132729 -0.00584655 0.017477 0.0293361 -0.0114484 0.00231533 8.87753e-05 0.00529506 -0.0120587 -0.0197535 0.00954591 -0.0201695 0.0248351 -0.00220611 -0.006385 -0.000103966 -0.0203105 -0.0084253
internal_weight=660.236 417.79 109.77 242.446 308.019 179.265 54.9831 124.282 80.5934 223.857 70.3269 56.1504 42.0034 58.5113 35.3302 79.2012 12.9797 25.1749 63.1814 35.6246 33.3365 165.345 45.0803 163.049 45.2002 84.1623 40.9465 14.1765 29.1771 38.5535
internal_count=31187 27055 3897 4132 23158 2589 1095 1494 1360 19476 1083 684 750 4491 541 806 345 1423 1543 839 3068 14985 688 14827 554 3682 2112 399 2537 2025
is_linear=0
shrinkage=0.05


Tree=13
num_leaves=31
num_cat=0
split_feature=19 31 38 31 19 37 38 39 25 37 6 21 39 27 39 7 39 16 1 37 23 37 20 25 41 33 37 39 24 38
split_gain=27.4897 9.92592 6.74016 5.05533 3.86306 3.2923 2.67581 3.91434 2.94093 2.40645 2.57784 1.96155 1.94815 1.11704 1.48988 1.15175 1.12717 0.963772 0.925056 0.896085 0.866286 0.84974 0.723729 0.714728 0.616807 0.579091 0.883286 0.572884 0.533389 0.529501
threshold=-0.36333334445953364 0.43666666746139532 -0.042340755462646477 -0.236666664481163 -0.29666668176650995 -0.078486442565917955 -0.045151710510253899 0.029510702937841419 -0.20333333313465116 -0.051397800445556634 -0.32333332300186152 -0.236666664481163 0.02167985308915377 -0.30333334207534784 0.029931325465440754 -0.023333340883255001 0.03248978219926358 -0.41666667163372034 -0.24999999999999997 -0.078486442565917955 -0.19666665792465207 -0.058026790618896477 -0.1649999916553497 -0.030000001192092892 0.088853016495704665 -1.0000000180025095e-35 0.016635417938232425 0.028669572435319427 -0.36333334445953364 -0.059825420379638665
decision_type=2 2 2 2 2 2 2 2 2 2 2 2 2 2 2 2 2 2 2 2 2 2 2 2 2 2 2 2 2 2
left_child=3 4 11 5 -2 -1 12 8 -8 10 28 18 29 15 -15 -11 -16 22 -3 -4 -5 -13 -10 -14 -12 26 -22 -21 -6 -7
right_child=1 2 19 20 9 6 7 -9 17 13 24 21 23 14 16 -17 -18 -19 -20 27 25 -23 -24 -25 -26 -27 -28 -29 -30 -31
leaf_value=-0.0078594413085492747 3.1929326775797128e-05 -0.0073958088615220076 0.00417504987053691 -0.0079928290278633591 -0.0012067074190902274 -0.017183557306672499 0.008613113835807323 -0.0011590052186531662 0.013158551220719742 0.0024784970785488706 -0.012836885456178466 0.0033345064236387891 0 -0.019585590455731692 0.0059535678227722938 -0.012771949305200146 -0.010830062898140799 0.0096494589381521494 0.010229414076926031 -0.019116910818523875 0 0.027016544673801754 0.035543508682419366 0.016735262608484472 0.00071918725463787311 -0.0010783226368922207 0.015090519385075302 0 0.013809573812027298 0
leaf_weight=7.6107258135452858 57.67890559672378 8.271896533668043 1.884702952113005 13.840023461729286 3.1785147339105633 4.4042468732222915 33.891230014618486 14.082028151489792 18.608979508280754 17.353528511244804 31.649346895283088 9.2737301099114102 6.1790287974290594 159.79843833204359 9.1155532551929372 18.569690038217232 20.630070035578683 16.006285271607339 8.8246341091580671 16.062544125597928 13.150879941415043 27.575612016022205 59.298221999779344 12.677928127814081 5.7071096790023139 21.243815668858588 13.964140603318809 2.7411386403255156 13.464756112312896 4.7692412165924924
leaf_count=217 2061 107 44 400 151 152 575 168 203 1009 2470 109 163 14260 798 1632 1580 296 107 1195 347 324 476 240 374 566 259 156 519 83
internal_value=8.40107e-05 -0.00768399 0.00814168 0.0133907 -0.0113413 0.0175731 0.0190836 0.0218235 0.0244811 -0.0137275 -0.00320262 0.0171675 0.00307734 -0.0159919 -0.017621 -0.00550819 -0.00485133 0.0290961 0.000913345 -0.0130253 0.000590916 0.0229415 0.0318178 0.0117713 -0.0103763 0.00411852 0.00840269 -0.0163501 0.0102779 -0.0107343
internal_weight=651.507 411.78 74.6343 239.727 337.146 177.528 169.917 141.887 127.805 279.467 53.9997 53.9459 28.0304 225.467 189.544 35.9232 29.7456 93.9135 17.0965 20.6884 62.1989 36.8493 77.9072 18.857 37.3565 48.3588 27.115 18.8037 16.6433 9.17349
internal_count=31041 26896 2042 4145 24854 2573 2356 1718 1550 22793 3514 647 638 19279 16638 2641 2378 975 214 1395 1572 433 679 403 2844 1172 606 1351 670 235
is_linear=0
shrinkage=0.05


Tree=14
num_leaves=31
num_cat=0
split_feature=19 31 38 31 19 2 27 26 40 38 41 17 40 40 6 39 25 25 39 41 19 38 33 33 38 18 38 25 10 29
split_gain=23.9655 10.567 6.34472 4.89601 4.30114 2.95851 2.40827 1.96294 1.84125 1.52674 2.1864 1.6841 1.49022 1.41152 2.05707 1.28266 1.17295 0.965012 1.17496 0.962531 0.899169 0.858718 0.682276 1.07657 0.642792 0.612125 0.603114 0.572053 0.61887 0.545347
threshold=-0.36333334445953364 0.43666666746139532 -0.032514572143554681 -0.236666664481163 -0.0099999904632568342 0.32999998331069952 -0.29666668176650995 -0.43000000715255732 0.096666667610406889 -0.032514572143554681 0.036879267543554313 -0.26999998092651362 0.51999998092651378 0.11000000312924386 -0.25666666030883784 0.022874211892485622 0.069999992847442641 -0.236666664481163 0.026617088355124 0.084334231913089766 -0.29666668176650995 -0.27238512039184565 -0.023333340883255001 -0.1766666769981384 -0.024595737457275387 -0.40333333611488337 -0.031785964965820306 -0.036666661500930779 0.25000000000000006 0.16333335638046267
decision_type=2 2 2 2 2 2 2 2 2 2 2 2 2 2 2 2 2 2 2 2 2 2 2 2 2 2 2 2 2 2
left_child=3 4 5 7 6 8 29 -1 -3 10 12 17 -9 14 24 -12 -10 -11 -19 20 26 -15 23 -5 -6 -13 -8 28 -24 -2
right_child=1 2 -4 22 13 -7 19 9 16 11 15 25 -14 21 -16 -17 -18 18 -20 -21 -22 -23 27 -25 -26 -27 -28 -29 -30 -31
leaf_value=-0.00378310921764273 0.0086876575409975728 0.0014860309494179672 -0.015496309486589799 -0.0029745929891114042 0.0085994547880029748 -0.0062345459939930625 -0.010661502391962389 -0.016413921430624145 0.02971687155418833 0.0082736922319043837 0 -0.0034751960753507654 0.0075646753656825804 0.0013636448225198584 -0.014812352558799619 0.021481984335496068 0.0039431784391132643 0.028269108036875591 0.004326507219342841 0.0050804583563478431 -0.012702161184962257 -0.019808936277676565 -0.013622699032687089 0.011904934844284582 -0.0065247865125755413 0.0099274858919542949 0.0013661570412676098 0.0023809060685416141 0.0017574768181931712 -0.00081115857346063063
leaf_weight=6.9729712158441535 25.47315677232109 13.891781477257608 14.936643207562154 16.460903591942042 16.186946775298569 8.3576913913711888 7.9612318202853194 8.4957116777077299 29.666611240245402 21.287717176135629 8.9051197096705454 7.4249914903193739 5.2698665913194409 1.9231295688077796 25.830658382037655 15.259775727987288 10.101463645696638 74.864059028681368 10.768978990614412 6.3467249989043912 72.49681017617695 125.09861102071591 13.384548503439879 18.409597725141793 3.3338907270226619 13.449732874985783 28.014713328331709 10.084793592803178 4.1349051301367572 19.096898037008941
leaf_count=162 1223 154 1330 417 504 168 498 240 269 362 223 104 106 110 2228 292 162 747 103 466 6833 10839 413 402 318 218 879 235 114 988
internal_value=0.000144228 -0.00710696 0.00890849 0.0127133 -0.0109881 0.0160023 -0.00458711 0.0169295 0.0201635 0.0180483 0.00668459 0.0207833 -0.00645964 -0.0164134 -0.00665205 0.0147965 0.0250915 0.0233285 0.0260114 -0.0083739 -0.00960453 -0.0192534 0.000231049 0.00486372 0.00411013 0.00451846 -0.0018434 -0.00470064 -0.00940745 0.00450999
internal_weight=643.891 408.717 76.9542 235.174 331.763 62.0175 159.39 172.699 53.6599 165.726 37.9305 127.795 13.7656 172.373 45.3515 24.1649 39.7681 106.921 85.633 114.819 108.473 127.022 62.4747 34.8705 19.5208 20.8747 35.9759 27.6042 17.5195 44.5701
internal_count=31107 26969 2083 4138 24886 753 10887 2557 585 2395 861 1534 346 13999 3050 515 431 1212 850 8676 8210 10949 1581 819 822 322 1377 762 527 2211
is_linear=0
shrinkage=0.05


Tree=15
num_leaves=31
num_cat=0
split_feature=19 38 30 19 30 38 37 23 9 12 32 41 29 10 16 24 25 25 8 40 18 15 24 6 2 40 39 37 30 23
split_gain=21.4935 5.6264 7.28339 6.41758 3.27119 2.8248 2.23362 2.20885 3.53472 2.064 2.38286 2.03552 1.62674 1.55712 1.481 1.12185 1.12151 1.0687 0.95386 0.919327 0.830951 1.4702 0.895104 0.828705 0.811739 0.916658 0.772026 0.745692 0.784659 0.739585
threshold=-0.36333334445953364 -0.032514572143554681 -0.25666666030883784 -0.21666666865348813 0.46999999880790716 -0.045151710510253899 0.0016446113586425783 -0.236666664481163 0.18333333730697635 0.043333351612091071 0.35000002384185797 0.066116258502006545 0.056666672229766853 0.27666664123535162 -0.30333334207534784 0.32999998331069952 0.056666672229766853 0.31000000238418585 -0.21000000834465024 0.53666669130325328 0.31666666269302374 0.12333333492279054 -0.30333334207534784 -0.25666666030883784 0.32999998331069952 0.030000001192092899 0.024496681988239292 -0.036474227905273431 -1.0000000180025095e-35 -0.41666667163372034
decision_type=2 2 2 2 2 2 2 2 2 2 2 2 2 2 2 2 2 2 2 2 2 2 2 2 2 2 2 2 2 2
left_child=4 2 9 -3 5 6 19 16 14 -2 17 -5 18 -10 27 -6 -7 24 -4 -1 21 -20 -23 -14 25 -11 -13 -9 -29 -27
right_child=1 3 12 11 15 7 -8 8 13 10 -12 26 23 -15 -16 -17 -18 -19 20 -21 -22 22 -24 -25 -26 29 -28 28 -30 -31
leaf_value=-0.020037712363987204 -0.0030642042888426521 0 -0.011440179876545564 -0.020453331515400523 0.02872167689200026 -0.0063685664715719282 0.0072081945577362767 0.0024847939214089161 -0.011007874242615621 0 -0.010345166010207373 -0.0073682619674692758 0.00061182364959169819 0.0080145179074919397 0.0013512530102212615 0.0030605711537428498 0.010778656949305635 -0.00064312482636356212 -0.0033166508403052984 0 -0.0099108123541590092 -9.1513146050015861e-05 0.019449635607710923 -0.018034421086154283 0 0 0.009414552731531297 0.0030679172600645167 0.024396064578719512 0.024573254539430781
leaf_weight=11.867296849377455 18.813989189686254 65.517200062749907 16.961854557972401 129.39233763865195 29.419555756729096 22.90649545239285 17.586000674869865 9.7943410836160165 13.877039756160231 6.3891673055477431 4.0796472164802244 12.039756454993041 3.4738557091914108 17.136616731062531 15.32119841640815 9.2299256827682239 8.0551560334861261 4.9926839414983979 21.721808343660086 6.0522975949570528 7.2755979034118345 5.1445460342802134 10.914633522275833 41.172709829173982 5.3147556982003143 4.4373272410593918 4.748195336200296 9.5494397231377643 64.508838524110615 38.937426398042589
leaf_count=531 963 2922 997 12919 295 422 378 163 245 102 142 1193 172 256 371 123 118 202 1375 202 334 265 416 3340 180 123 375 175 876 868
internal_value=-0.000236404 -0.00727739 -0.000812506 -0.0127715 0.0115512 0.00825759 -0.00352933 0.0110376 0.0137863 0.00977042 0.013831 -0.0184055 -0.00934785 -0.000226271 0.018169 0.0243882 -0.000205544 0.0166416 -0.00306152 -0.014277 0.000576773 0.00424888 0.0137341 -0.0161894 0.018527 0.0203066 -0.000295428 0.0206682 0.0223942 0.0226303
internal_weight=636.632 401.327 189.63 211.697 235.304 196.655 35.5056 161.149 130.187 82.965 64.151 146.18 106.665 31.0137 99.1738 38.6495 30.9617 60.0714 62.0184 17.9196 45.0566 37.781 16.0592 44.6466 55.0787 49.7639 16.788 83.8526 74.0583 43.3748
internal_count=31043 26888 9479 17409 4155 3737 1111 2626 2086 2580 1617 14487 6899 501 1585 418 540 1475 3387 733 2390 2056 681 3512 1273 1093 1568 1214 1051 991
is_linear=0
shrinkage=0.05


Tree=16
num_leaves=31
num_cat=0
split_feature=16 25 31 38 16 39 38 38 26 1 31 31 17 24 37 27 40 38 40 41 38 27 39 30 0 6 39 38 7 11
split_gain=16.9984 6.59085 4.78319 4.99459 4.28483 3.42999 2.80168 2.63993 1.99692 2.21001 2.2448 1.82882 1.68115 1.49706 1.47625 1.3031 1.27973 1.24046 1.23689 1.14745 1.09048 0.924374 0.907276 0.812456 0.690731 0.710722 0.686114 0.765865 0.655045 0.580311
threshold=-0.43000000715255732 0.29666668176651007 0.43666666746139532 -0.042340755462646477 -0.26333332061767573 0.029510702937841419 -0.045151710510253899 0.0053477287292480477 -0.21000000834465024 0.33666664361953741 -0.30333334207534784 0.34333333373069769 -0.28333333134651179 0.14999997615814212 0.012290954589843752 -0.069999992847442613 0.53666669130325328 -0.033781528472900384 0.14999999850988391 0.066116258502006545 0.12359237670898439 -0.35000000894069666 0.023676263168454174 -0.25666666030883784 0.094999998807907118 -0.35000000894069666 0.021573347039520744 -0.059825420379638665 0.030000001192092899 -0.26999998092651362
decision_type=2 2 2 2 2 2 2 2 2 2 2 2 2 2 2 2 2 2 2 2 2 2 2 2 2 2 2 2 2 2
left_child=5 2 4 15 20 6 14 11 -8 10 -10 18 -9 -11 16 23 -1 -7 24 -14 21 28 -5 -4 25 -6 27 -13 -2 -23
right_child=1 -3 3 22 7 17 8 12 9 13 -12 26 19 -15 -16 -17 -18 -19 -20 -21 -22 29 -24 -25 -26 -27 -28 -29 -30 -31
leaf_value=-0.018477553598801918 0.011839698912142907 -0.017905298486844991 0.011652629538000893 -0.016210298269308903 0.012791717997362527 0.0068923132504269576 0 0 0.030951039405198 0.015083297744506364 0.0052814344105858177 0.019287159651143807 -0.020273257346897538 -0.0058348009920567738 0.011879335769777882 0.023752568713971408 0.005789371616748586 -0.013277948625023173 -0.011053772712656944 0 0.013428270950270438 0.0012786663748752163 0.0020364164737369642 -0.0046778455793174923 -0.0075960868178708441 -0.00063196769507047187 0 0 0 -0.0065618689441937009
leaf_weight=7.5204092203639465 19.160607018973678 73.633704621810466 8.5225754976272601 11.258821240859108 8.5197730665095133 7.8128406819887486 8.9367915715556574 17.870861361734569 58.500172122381628 11.025798790156843 15.929027962964026 7.2210612250491977 63.515735222608782 10.283600231166927 7.8950241878628722 29.394663560204208 3.337657876778394 9.7921809530816954 60.523710548644885 8.1311441133730096 14.325865595601497 40.583989917300642 5.7520291008986524 8.42877140175551 13.367468685377387 19.734252747846771 17.977602447848767 5.9907035476062465 16.395687635056674 36.449423503130674
leaf_count=275 546 6038 72 793 349 163 175 1056 600 121 263 197 5884 142 122 287 75 133 5009 702 372 1271 296 156 1001 1580 736 438 600 1627
internal_value=-0.000193679 -0.0046823 -0.00204326 0.00989961 -0.00440733 0.0146871 0.0175694 -0.00853018 0.0205979 0.0225967 0.026572 -0.00354619 -0.0150029 0.00500903 0 0.0180041 -0.0101296 -0.00379095 -0.00682402 -0.018194 0.0027022 0.000516259 -0.0100317 0.00334319 0 0.0042176 0.00588552 0.0125035 0.00674278 -0.00233619
internal_weight=627.792 486.758 413.125 63.3569 349.768 141.034 123.428 222.852 104.675 95.7386 74.4292 133.335 89.5177 21.3094 18.7531 46.346 10.8581 17.605 102.145 71.6469 126.916 112.59 17.0109 16.9513 41.6215 28.254 31.1894 13.2118 35.5563 77.0334
internal_count=31079 29010 22972 1604 21368 2069 1773 16952 1301 1126 863 9310 7642 263 472 515 350 296 7939 6586 4416 4044 1089 228 2930 1929 1371 635 1146 2898
is_linear=0
shrinkage=0.05


Tree=17
num_leaves=31
num_cat=0
split_feature=19 25 37 38 19 28 29 37 39 9 41 41 38 26 17 22 38 32 15 5 27 15 25 11 41 26 32 9 38 28
split_gain=19.3715 4.6949 2.88765 2.46288 6.34088 4.52052 2.29219 2.13147 2.54302 1.87996 3.97644 2.76849 1.68694 1.67392 1.46039 2.48839 1.42054 1.3799 1.30854 1.10396 1.10113 1.08193 0.967994 0.88995 0.753184 0.749251 0.69243 1.23637 0.641276 0.74425
threshold=-0.41666667163372034 0.32999998331069952 -0.051397800445556634 -0.045151710510253899 -0.29000000655651087 -0.21666666865348813 0.26999998092651373 -0.048974514007568352 0.029510702937841419 0.23666667938232425 0.036879267543554313 0.031783290207386024 0.098131179809570326 0.27666664123535162 0.33666664361953741 -0.19666665792465207 -0.024023532867431637 0.21666666865348819 0.35000002384185797 -0.29000000655651087 -0.30333334207534784 0.41666668653488165 -0.069999992847442613 -0.12999999523162839 0.10085978358983995 0.44333332777023321 -0.12333333492279051 0.056666672229766853 0.052800178527832038 0.20999997854232791
decision_type=2 2 2 2 2 2 2 2 2 2 2 2 2 2 2 2 2 2 2 2 2 2 2 2 2 2 2 2 2 2
left_child=2 3 16 5 22 14 19 -6 25 -8 11 -11 -10 18 15 -2 20 -12 24 -4 -1 23 -5 -17 -7 -9 -24 -28 -21 -30
right_child=1 -3 6 4 7 13 9 8 12 10 17 -13 -14 -15 -16 21 -18 -19 -20 28 -22 -23 26 -25 -26 -27 27 -29 29 -31
leaf_value=-0.021885344100073534 -0.0088978092725394958 -0.017796356700909413 0.015945490182276558 -0.001168785654755022 0.0008425353917818814 -0.013952972624118556 0.026848430145475069 -0.018513952717265497 0.016823505158845072 0.0081466790509169724 0.028891676968588229 -0.02276004226567627 -0.008687058679709786 0.0040295896540624571 0.021169011034836305 0 0.0081490879976186727 0.0026689774087889735 0.0050337601460917359 0.0057326319996337492 0.0020872656613513617 -0.0042581874480018432 -0.00071203491384096195 0.019003897047390837 0.003520759382675705 0 0.017519126296185662 0 0.0023722124730089539 -0.01356538084802339
leaf_weight=5.6832889681682 15.8904085396789 61.40258703683503 12.273214132525025 51.256136580370367 20.259309506276622 52.543334086192772 57.252480228431523 105.57585001492407 5.7330731623806042 9.3046179935336131 13.971473827958109 7.5043382775038472 7.7712248382158577 24.466688067186624 19.227737316861749 5.332443681079897 7.645111007615923 11.581652644090353 7.1133258161135009 21.280442737974226 3.6742571359500298 3.7224966161884359 11.207452856004236 22.467144956346605 2.0743601885624221 4.3659251858480266 20.710370126646012 14.306235275696961 8.3373019173741323 7.5189710119739166
leaf_count=158 596 5192 181 1586 1442 3653 666 10491 481 144 165 104 742 1083 370 275 97 143 191 434 129 88 300 662 159 416 462 333 129 129
internal_value=-0.000105265 -0.00548217 0.0141755 -0.00326255 -0.00637226 0.00154267 0.0163708 -0.0128829 -0.0152632 0.0207309 0.00964096 -0.00691296 0.00270504 -0.00569047 0.01094 0.00441163 -0.00323027 0.0205664 -0.00992775 0.00583623 -0.0137066 0.0121372 0.0031746 0.0154384 -0.0125941 -0.0177117 0.00805048 0.0111584 0.000162504 -0.00569076
internal_weight=621.453 455.426 166.027 394.024 241.186 152.838 149.024 143.705 123.446 99.6146 42.3621 16.809 13.5043 86.1977 66.6402 47.4125 17.0027 25.5531 61.731 49.4099 9.35755 31.5221 97.4802 27.7996 54.6177 109.942 46.2241 35.0166 37.1367 15.8563
internal_count=31001 28522 2479 23330 16253 7077 2095 13572 12130 1222 556 248 1223 5086 1991 1621 384 308 4003 873 287 1025 2681 937 3812 10907 1095 795 692 258
is_linear=0
shrinkage=0.05


Tree=18
num_leaves=31
num_cat=0
split_feature=19 31 19 9 31 25 25 22 7 26 24 25 11 31 4 19 34 39 41 41 41 26 11 20 20 32 3 30 24 24
split_gain=16.6061 7.05525 5.98469 3.0089 2.26585 1.83393 1.68382 1.5021 1.48772 1.62583 1.44451 1.41634 1.26403 1.0453 0.841117 0.811456 0.839536 0.785281 0.662846 0.811587 1.74836 0.623689 0.596963 0.593619 1.50691 0.591617 0.557524 0.479924 0.567736 0.458269
threshold=-0.43000000715255732 0.43666666746139532 -0.30333334207534784 0.16333335638046267 -0.236666664481163 -0.069999992847442613 0.34333333373069769 -0.21000000834465024 0.19666665792465213 0.25666666030883795 -0.29666668176650995 -0.37666666507720942 -0.16333332657814023 0.37666666507720953 -0.083333343267440782 0.19666665792465213 0.20999997854232791 0.029510702937841419 0.062716234475374236 0.03791948780417443 0.03232953883707524 0.44333332777023321 0.38333332538604742 -0.1649999916553497 -0.37666666507720942 -0.063333332538604722 0.31000000238418585 0.29666668176651007 0.17666667699813846 0.068333327770233168
decision_type=2 2 2 2 2 2 2 2 2 2 2 2 2 2 2 2 2 2 2 2 2 2 2 2 2 2 2 2 2 2
left_child=4 2 5 7 6 21 11 22 9 13 -9 -1 27 18 -5 16 -11 23 19 20 -4 -2 -3 24 -13 -14 -12 28 -7 -19
right_child=1 3 8 14 -6 12 -8 10 -10 15 26 17 25 -15 -16 -17 -18 29 -20 -21 -22 -23 -24 -25 -26 -27 -28 -29 -30 -31
leaf_value=0 -0.0058562966005767754 -0.0063160620944942682 -0.014120413992560595 0.0028995975535078019 -0.00042223536729750992 0.0082918760535339586 -0.0016722851051304277 0 -0.017723919913954337 -0.0014552421466671095 0.026176746729217715 0.019435251071078689 0 0 -0.01300532706812749 -0.010170510836849278 0.011789562430394489 -0.0015937903027061183 -0.0018032739162327151 -0.018997476729825574 0.0022603634328505497 0.006145090956899784 0.0089064190025800669 0.024019928867944851 -0.0012578071938953656 0.019306147734991005 0.0015800145068652742 -0.0052248500086679566 -0.0038333981098949972 0.010631121242688842
leaf_weight=8.3999936571344715 62.459014997119084 8.4822111718822253 32.79192465194501 9.4667616263031977 19.498425270430744 22.681712831370536 8.3529865359887463 6.1511260773986569 77.527301964582875 24.64798699435778 25.907261143205691 9.8395290179178136 5.5539553861599442 20.056647059973329 10.298056656029074 8.9191951132379454 12.125588737893848 8.1308485865592939 19.618033129954711 51.746151485596783 21.648774970322847 5.8514476064592591 5.5308009835425755 72.096384666394442 13.776476650964467 15.876293897628782 5.7690069207455954 12.131500591523944 7.0115944147109976 7.7650439701974383
leaf_count=157 2123 234 2960 383 415 593 116 164 7369 1804 451 138 175 934 564 584 607 119 1822 5038 2058 158 118 834 201 389 175 313 181 100
internal_value=-6.91381e-05 -0.00470443 -0.00732659 0.00907714 0.0141793 0.00122136 0.0165031 0.0150681 -0.0115324 -0.0084378 0.0196297 0.017986 0.00716346 -0.0109263 -0.00551582 0 0.00336873 0.019409 -0.012545 -0.0141041 -0.0076151 -0.00407867 0 0.0212249 0.0087105 0.0155993 0.0233257 0.000903552 0.00456519 0.004513
internal_weight=620.112 472.252 400.647 71.6052 147.86 131.566 128.361 51.8404 269.082 191.554 37.8274 120.008 63.2551 145.862 19.7648 45.6928 36.7736 111.608 125.805 106.187 54.4407 68.3105 14.013 95.7124 23.616 21.4302 31.6763 41.8248 29.6933 15.8959
internal_count=31277 29197 27108 2089 2080 3932 1665 1142 23176 15807 790 1549 1651 12812 947 2995 2411 1392 11878 10056 5018 2281 352 1173 339 564 626 1087 774 219
is_linear=0
shrinkage=0.05


Tree=19
num_leaves=31
num_cat=0
split_feature=19 6 38 25 14 19 40 37 19 17 9 28 41 37 33 5 0 26 9 33 25 26 2 5 0 6 29 38 9 11
split_gain=13.2918 3.97243 4.83547 3.70971 3.46116 2.20547 1.8771 1.79842 1.63667 1.62319 1.57714 1.79819 1.30416 1.21952 1.14724 1.02529 1.07225 0.976588 0.942012 0.808697 0.801908 0.783738 0.779808 0.772855 0.767311 0.841621 0.75109 0.73025 0.818348 0.641729
threshold=-0.36333334445953364 0.13666665554046634 -0.032514572143554681 -0.083333343267440782 -0.030000001192092892 -0.24999999999999997 0.51999998092651378 -0.026899814605712887 -0.1766666769981384 -0.20333333313465116 0.23666667938232425 0.40333333611488348 0.062716234475374236 0.034846782684326179 0.23666667938232425 0.31666666269302374 0.17166668176651004 0.29666668176651007 0.40333333611488348 0.25000000000000006 0.29666668176651007 -0.32999998331069941 0.31000000238418585 -0.36333334445953364 -0.016666665673255917 -0.2766666561365127 0.36333334445953375 1.0000000180025095e-35 0.27666664123535162 -0.35000000894069666
decision_type=2 2 2 2 2 2 2 2 2 2 2 2 2 2 2 2 2 2 2 2 2 2 2 2 2 2 2 2 2 2
left_child=3 2 4 7 17 -4 13 19 -3 27 11 21 -7 20 -12 18 -17 -2 -16 -1 22 -5 -6 -10 -8 -26 -23 -9 29 -29
right_child=1 8 5 10 6 12 24 9 23 -11 14 -13 -14 -15 15 16 -18 -19 -20 -21 -22 26 -24 -25 25 -27 -28 28 -30 -31
leaf_value=-0.012904764847418027 -0.013105926101889953 0 0 -0.00074637211095255522 0.018557413709010061 -0.015919490438277919 -0.0085482261520208516 0 0 -0.0074865997108830061 0.015004461780376083 0.03088350956347994 0 -0.0013789838545198488 -0.015933391255398228 0.016935317706512132 -0.0034908134211532361 0.0015336777184782628 0.0022033627415232737 0.0036637765079139163 0 0.016062045554607215 0 -0.016975056245078415 0.011746597136075142 -0.0042750669648701075 0 0.018938954172993294 -0.00069054127801507952 0.002349995346909967
leaf_weight=18.57718479027972 23.638407938182354 22.317012231331319 45.034988925326616 6.6882357168942681 52.481735589215532 71.075503849890083 13.004443231504409 20.16981416894123 6.0807300037704399 12.677911682985721 12.087962831370531 22.558064512442797 12.887723473133518 8.7461599861271662 8.6839080932550186 6.7407786287367326 6.4945142422802746 12.184461511671541 7.5903658382594577 4.5085661346092811 5.8481630040332666 46.284429791383445 4.8726173900067797 88.600276313722134 11.28254046756774 8.1979508334770816 10.298904431983827 24.655583746731278 6.5308723002672187 14.233258825261148
leaf_count=551 2112 1252 1843 147 1470 7740 614 464 531 330 189 243 1266 381 132 97 118 467 100 109 288 795 183 8228 301 420 135 370 101 321
internal_value=0 -0.00564436 -0.00208124 0.00939718 0.00415238 -0.00892741 0.0087642 0.00178655 -0.0131396 0.00558286 0.0149106 0.0187842 -0.0134493 0.0129958 0.00503247 -0.00019338 0.00765016 -0.00802311 -0.00803707 -0.00872117 0.0152933 0.0118082 0.0169446 -0.0158606 -0.000523333 0.00460407 0.0136209 0.00887403 0.0120475 0.01455
internal_weight=615.033 386.253 269.255 228.78 140.256 128.998 104.434 101.353 116.998 78.2674 127.427 85.8296 83.9632 71.9487 41.5975 29.5096 13.2353 35.8229 16.2743 23.0858 63.2025 63.2716 57.3544 94.681 32.4849 19.4805 56.5833 65.5895 45.4197 38.8888
internal_count=31298 27096 17085 4202 6236 10849 3657 2246 10011 1586 1956 1320 9006 2322 636 447 215 2579 232 660 1941 1077 1653 8759 1335 721 930 1256 792 691
is_linear=0
shrinkage=0.05


Tree=20
num_leaves=31
num_cat=0
split_feature=16 25 31 39 38 25 16 38 31 40 38 19 27 41 38 5 24 22 0 24 19 3 24 15 39 38 40 38 38 40
split_gain=11.9426 4.8079 4.03454 2.43149 2.86759 2.46525 2.04498 2.95758 2.95707 1.55616 1.42961 1.372 1.4392 1.36515 1.27123 1.19984 1.65933 1.04175 1.05428 1.03165 1.01705 0.957101 0.811812 0.798467 0.683153 0.680745 0.664168 0.656519 0.646788 0.624013
threshold=-0.43000000715255732 0.29666668176651007 0.47666668891906744 0.029931325465440754 -0.056524276733398431 -0.13666665554046628 -0.26333332061767573 0.0053477287292480477 0.35000002384185797 0.51999998092651378 -0.032514572143554681 0.18333333730697635 0.17666667699813846 0.064443118870258345 -0.037441253662109368 0.17000001668930056 -0.10999999940395354 -0.31000000238418574 0.18333333730697635 0.32999998331069952 -0.31000000238418574 -0.25666666030883784 -0.090000003576278673 -0.32333332300186152 0.021573347039520744 -0.063411235809326158 0.69666665792465221 -0.14281558990478513 -0.090869903564453111 0.35666666924953466
decision_type=2 2 2 2 2 2 2 2 2 2 2 2 2 2 2 2 2 2 2 2 2 2 2 2 2 2 2 2 2 2
left_child=3 2 6 4 9 -6 10 8 21 -1 22 24 25 20 -4 16 -7 -12 23 -17 -9 29 -2 -19 -10 -13 -15 -3 -26 -8
right_child=1 27 14 -5 5 15 7 13 11 -11 17 12 -14 26 -16 19 -18 18 -20 -21 -22 -23 -24 -25 28 -27 -28 -29 -30 -31
leaf_value=-0.013943316408125659 0.0023917533073436379 0 0.020752203648637495 -0.0035380738495358281 0.0042872119037519456 -0.0018921925636973176 0.0066280340240963869 -0.0016526028732161858 0.021313884667293125 0.0098151450353477533 -0.0065003014037775713 -0.015785859354466993 0.0090264402886215105 -0.0055265948553757625 -0.00065796841214915268 0.033574969276747094 0.018146319135691837 0.015405144770188107 0 0.0052629134366985178 -0.017910164189989475 -0.0092655733432072274 -0.011482233062083536 0.0016799976944235216 0.010046088052680629 0 0.010843898698767791 -0.017234649459160624 -0.0048764649635051911 -0.0059128113538659093
leaf_weight=8.9077100064605457 10.615492972545328 6.6084290300495914 18.830843279603872 15.686932862736283 32.016139465849847 11.811813392443581 16.275822248309854 16.897116492502391 11.861052409745755 6.2337855109944931 10.108570376411079 8.4107181350700575 14.972914435435085 8.1025848132558149 6.1030575882177791 30.587283857166767 20.708063061349094 32.035909882746637 29.278006146894768 8.757421071873976 60.541032412904315 74.385469011496753 19.978775568772107 23.208479605615139 8.8956142123788577 8.0015192911960202 4.5132924190256736 60.810888400068507 6.5972249193582675 11.041852563852443
leaf_count=284 501 490 217 270 468 152 917 493 408 118 335 204 316 655 412 354 250 752 946 149 6461 6230 1069 842 227 360 436 5527 299 910
internal_value=-9.67778e-05 -0.00393275 -0.0016804 0.0126538 0.0150552 0.0179287 -0.00311922 -0.0057078 -0.00132476 -0.00296982 0.00189259 0.00698871 0 -0.0126859 0.0155923 0.0228863 0.0110579 0.00503732 0.00703274 0.0293548 -0.0150363 -0.0064802 -0.00638226 0.0107768 0.0140584 -0.00918112 0.000594428 -0.0157462 0.00294111 0.000656698
internal_weight=602.784 468.075 400.655 134.709 119.022 103.881 375.721 250.496 160.442 15.1415 125.225 58.739 31.3852 90.054 24.9339 71.8646 32.5199 94.631 84.5224 39.3447 77.4381 101.703 30.5943 55.2444 27.3539 16.4122 12.6159 67.4193 15.4928 27.3177
internal_count=31052 29007 22990 2045 1775 1373 22361 17916 9871 402 4445 1814 880 8045 629 905 402 2875 2540 503 6954 8057 1570 1594 934 564 1091 6017 526 1827
is_linear=0
shrinkage=0.05


Tree=21
num_leaves=31
num_cat=0
split_feature=14 31 16 38 39 38 37 38 24 6 38 17 35 39 27 21 17 0 20 32 0 12 31 35 24 14 16 41 41 27
split_gain=12.2827 3.30877 4.88237 4.01462 2.27845 3.04134 1.56352 1.52282 1.28236 1.24261 1.56957 1.27047 1.13553 1.01777 0.943509 0.751819 0.690331 0.663543 0.654046 1.21624 0.620739 0.812861 0.616092 0.618898 0.686657 0.568885 0.549233 0.547701 0.506841 0.592185
threshold=-0.45666666328907007 0.43666666746139532 -0.26333332061767573 -0.032514572143554681 0.029095132835209373 -0.045151710510253899 0.012290954589843752 -0.032514572143554681 -0.30333334207534784 0.13666665554046634 0.0053477287292480477 -0.31000000238418574 0.13666665554046634 0.029931325465440754 -1.0000000180025095e-35 0.18999999761581424 0.33666664361953741 0.18333333730697635 -0.1649999916553497 0.18999999761581424 0.38999998569488531 0.42333334684371954 0.11000001430511476 -0.32333332300186152 -0.21000000834465024 -0.37666666507720942 -0.31666666269302363 0.1004048138856888 0.037021264433860786 -0.33666665852069849
decision_type=2 2 2 2 2 2 2 2 2 2 2 2 2 2 2 2 2 2 2 2 2 2 2 2 2 2 2 2 2 2
left_child=4 2 7 8 5 6 -1 26 -3 10 16 -12 -10 -13 17 -16 27 22 19 -7 21 -18 23 -9 -25 -17 -2 28 -4 -30
right_child=1 3 9 -5 -6 18 -8 14 12 -11 11 13 -14 -15 15 25 20 -19 -20 -21 -22 -23 -24 24 -26 -27 -28 -29 29 -31
leaf_value=-0.012296761271307887 -0.008863745730330894 -0.00054940963140742553 -0.00015502693515392029 -0.012646121583659204 -0.0018226445480984705 -0.0020593140964772637 0.01173675882214802 -0.0013566893168551794 0.019428712152904207 -0.014521323198394262 0.00018135751257333679 -0.017069313603880944 0 0.00014153758430737525 -0.0082081091149930115 0.011492465629107908 0.013883204647173828 0.00011174053934693353 0.02509834701890783 0.017786897524827754 -0.0058567065486507608 -0.0045985935840543507 -0.0017971562134106685 0 0.014759997435937514 -0.0030825103099419143 0.0021963974533554453 0.0058811456740581313 0.0012345962602137378 -0.010241234698926722
leaf_weight=8.8552096984349173 29.929090607445687 10.879196717403827 40.635670534335077 14.765403426252304 12.963524651713668 10.642490915022792 6.1478616409003726 3.9938003239221862 36.257870500907302 74.724388852715492 13.758035115199162 50.505790509283543 8.5423651845194382 6.6665065556298932 17.217665226897228 7.4106244761496782 13.347175767878076 29.789776435587555 56.647362032905221 8.0176637927070242 2.9605851927772155 2.6958062695339313 4.8148550365585825 6.1846437752246848 46.99713330110535 5.5887925110291672 8.8213615585118514 5.6398655176162711 8.1715071841608715 45.1033777941484
leaf_count=217 1515 171 2865 1352 180 135 70 97 394 7414 829 4958 187 561 807 178 598 888 526 103 239 151 195 181 1198 303 582 324 345 3592
internal_value=0.000219579 -0.00305139 -0.00475513 0.00646589 0.0154451 0.0181424 -0.000718678 0.00195274 0.0126766 -0.00888154 -0.00615213 -0.0118177 0.016066 -0.0148439 0.00477767 -0.00199283 -0.00215575 0.00724792 0.0219833 0.00770711 0.00504459 0.00923706 0.00999705 0.0114623 0.0128874 0.00491586 -0.00583039 -0.00397573 -0.00513555 -0.00811247
internal_weight=598.675 495.401 424.956 70.4448 103.274 90.3106 15.0031 160.748 55.6794 264.209 189.484 70.9303 44.8002 57.1723 121.997 30.2171 118.554 91.7802 75.3075 18.6602 19.0036 16.043 61.9904 57.1756 53.1818 12.9994 38.7505 99.5504 93.9106 53.2749
internal_count=31155 29924 27820 2104 1231 1051 287 5944 752 21876 14462 6348 581 5519 3847 1288 8114 2559 764 238 988 749 1671 1476 1379 481 2097 7126 6802 3937
is_linear=0
shrinkage=0.05


Tree=22
num_leaves=31
num_cat=0
split_feature=19 37 3 27 38 18 6 38 41 41 16 19 17 38 20 21 19 9 37 30 41 40 23 5 13 37 10 16 1 21
split_gain=11.8507 2.48058 2.37083 1.75775 1.92992 2.70896 2.08579 1.8443 1.73651 6.17789 1.49831 1.33643 1.17307 1.30357 1.31856 1.08262 0.875949 0.988515 0.710957 0.66389 0.811573 0.606705 0.536323 0.534637 0.534093 0.533217 0.528442 0.636155 0.492512 0.484937
threshold=-0.45666666328907007 -0.048974514007568352 0.31666666269302374 -0.35000000894069666 -0.0091152191162109358 -0.41666667163372034 0.043333351612091071 0.22565650939941409 0.036879267543554313 0.03232953883707524 0.20333331823349002 -0.22333332896232602 0.069999992847442641 -0.050991535186767571 -0.20333333313465116 -0.21000000834465024 0.1566666662693024 -0.46999999880790705 0.02400302886962891 0.37000000476837164 0.066116258502006545 0.53000000119209301 -0.35000000894069666 0.20999997854232791 -0.37666666507720942 -0.078486442565917955 0.43000000715255743 -0.41666667163372034 -0.20333333313465116 0.16333335638046267
decision_type=2 2 2 2 2 2 2 2 2 2 2 2 2 2 2 2 2 2 2 2 2 2 2 2 2 2 2 2 2 2
left_child=1 -1 3 16 6 -6 10 26 9 -3 24 18 -12 14 22 -9 19 -18 21 20 -2 -4 -14 -19 -5 -15 27 -7 -24 -8
right_child=2 8 11 4 5 7 29 15 -10 -11 12 -13 13 25 -16 -17 17 23 -20 -21 -22 -23 28 -25 -26 -27 -28 -29 -30 -31
leaf_value=-0.0039219052796393592 0.011993330499381913 0.020111533540301454 -0.011583123870681635 0.0057796157546373197 0.0082530398673136256 0 -0.010384545416590667 -0.0082878303014810948 0.023355261026237112 -0.016827694915856839 -0.0015406862457561156 -0.014681170181787327 -0.0073567622043777883 0.0076807498555894809 0.022285387753281524 0.014402217986017443 0.0097662822517073488 -0.015353803810984685 0.0097288685011128351 -0.0012266821663610124 -0.0013815350547900429 0.0025715776325726902 0.013028058883144199 0.00090943754436702089 -0.0038437714352510285 -0.0070575451709359339 0 -0.01305674891654522 -0.001509823464423993 0
leaf_weight=10.913127187639473 45.506740772514604 24.181252785027027 9.642591827316215 11.929728808812795 18.396491792751476 7.5185820688493541 36.353429168695584 2.1100836142431945 54.672250675037503 11.975864927284418 15.763935392955316 55.544448958244175 3.6539985393173984 4.2043994301930061 23.985459891613576 7.8068874522577953 2.0263630910776547 8.5330765722319466 5.7239987195935091 12.351934482343493 8.993562675546853 6.962544535752385 6.0670933714136472 2.7222486557438961 53.072723284363747 8.6770528082270157 5.264370117802172 112.00663770688698 4.1824165424331978 15.748678634176029
leaf_count=194 1691 285 360 417 429 175 2802 168 629 145 769 4774 128 95 544 414 31 440 169 403 319 216 135 210 3817 543 494 9234 111 1000
internal_value=4.77319e-05 0.0151304 -0.00314813 -0.00151129 -0.00314166 -0.00717866 0.000212867 -0.00972586 0.0177789 0.00662993 0.00368541 -0.0108776 0.00868988 0.0121339 0.0162695 0.00669944 0.0047913 -0.00450261 0 0.00719966 0.00945488 -0.00543487 0.00104579 -0.011023 -0.00138636 -1.09379e-05 -0.0114698 -0.012149 0.0071902 -0.00759889
internal_weight=596.492 101.742 494.749 416.876 336.742 153.103 183.639 134.707 90.8294 36.1571 131.537 77.8736 66.5344 50.7704 37.889 9.91697 80.1339 13.2817 22.3291 66.8522 54.5003 16.6051 13.9035 11.2553 65.0025 12.8815 124.79 119.525 10.2495 52.1021
internal_count=31141 1253 29888 24369 21275 10914 10361 10485 1059 430 6559 5519 2325 1556 918 582 3094 681 745 2413 2010 576 374 650 4234 638 9903 9409 246 3802
is_linear=0
shrinkage=0.05


Tree=23
num_leaves=31
num_cat=0
split_feature=14 25 31 39 9 41 18 25 9 27 40 11 39 41 9 13 34 13 25 37 38 38 23 31 31 34 31 26 15 3
split_gain=10.2705 3.28067 3.66684 2.38998 2.68462 2.51205 2.00393 1.99877 1.53441 1.1828 1.76759 1.14809 1.02743 0.90258 0.884996 0.74025 0.729699 0.974639 0.71977 0.66865 0.595916 0.549789 0.519587 0.46734 0.465546 0.575031 0.461873 0.454494 0.580901 0.446343
threshold=-0.45666666328907007 0.29666668176651007 0.47666668891906744 0.029510702937841419 0.23666667938232425 0.036879267543554313 -0.36333334445953364 -0.22999998927116391 0.23666667938232425 -0.33666665852069849 0.22999999672174457 0.20999997854232791 0.029931325465440754 0.062716234475374236 0.33666664361953741 0.40333333611488348 0.35666668415069586 0.12333333492279054 -0.030000001192092892 -0.059846878051757806 -0.033781528472900384 0.11386013031005861 -0.37666666507720942 0.37666666507720953 -0.24333333969116208 0.11000001430511476 0.46999999880790716 -0.32999998331069941 -0.29000000655651087 0.42333334684371954
decision_type=2 2 2 2 2 2 2 2 2 2 2 2 2 2 2 2 2 2 2 2 2 2 2 2 2 2 2 2 2 2
left_child=3 2 6 4 7 -6 18 -1 15 16 11 13 19 21 -7 -4 17 -8 24 -12 -14 23 -13 -11 25 -2 -21 -20 -29 -24
right_child=1 -3 8 -5 5 14 9 -9 -10 10 12 22 20 -15 -16 -17 -18 -19 27 26 -22 -23 29 -25 -26 -27 -28 28 -30 -31
leaf_value=0 -0.00069193845440853068 -0.01292893830514757 0.025436397489002394 -0.0036554170998490949 -0.010343574600723576 0 0.0024130859792388126 0.026689458712273795 -0.0026466114092769163 -0.01049316899409266 0 -0.0042349210061816706 -0.0052954396540745409 0.0062249970058340966 0.019334491574818397 0 0.012824791307789785 -0.012563972911297183 -0.0016927284297762102 -0.013179003377098354 0.0073056494575579299 0.0041458190622781629 0.010439057264400121 0 -0.0040518965050428913 0.010832016686745261 0.001134226413712856 0.013487892935853923 0 -0.0022048458631722056
leaf_weight=10.009025393519549 18.869534212164584 69.0658629599493 13.522883254569029 12.795213473960755 12.773089040536432 8.2224093601107615 40.21377226151526 46.520145372953266 5.5751542488578698 44.757344836834818 11.958094398956744 3.6359998886473468 18.893147397786382 8.8130682813934964 12.632374509237705 5.4649794818833461 5.6945358640514305 7.9013329893350592 3.7575989568140349 106.53344594500959 8.8343184306286258 3.2902917992323628 26.966127452906225 7.811519566923379 31.338940433226526 10.845373509218915 1.6369498940184701 23.892952042166144 7.0643148615490672 2.7331278193742028
leaf_count=158 550 6247 264 171 187 114 1835 455 222 3412 822 180 1155 567 148 125 255 519 142 8781 571 245 1391 277 990 285 72 519 241 250
internal_value=-0.00015221 -0.00325019 -0.00144025 0.0137037 0.0165017 0.00348434 -0.00274497 0.0227682 0.0151619 -0.00477048 -0.00623374 -0.000663592 -0.00959359 -0.00464243 0.0133033 0.0207712 0.00145197 -0.00070476 0.00325504 -0.0115167 0 -0.00719865 0.0059507 -0.00868752 0 0.00392724 -0.0126952 0.00840709 0.0103853 0.00840018
internal_weight=592.023 489.071 420.005 102.952 90.157 33.6279 395.442 56.5292 24.563 299.673 245.863 98.0075 147.856 64.6722 20.8548 18.9879 53.8096 48.1151 95.7687 120.128 27.7275 55.8592 33.3353 52.5689 61.0538 29.7149 108.17 34.7149 30.9573 29.6993
internal_count=31150 29917 23670 1233 1062 449 23059 613 611 20332 17723 6322 11401 4501 262 389 2609 2354 2727 9675 1726 3934 1821 3689 1825 835 8853 902 760 1641
is_linear=0
shrinkage=0.05


Tree=24
num_leaves=31
num_cat=0
split_feature=19 25 31 37 26 26 41 41 2 31 11 33 26 37 41 16 19 10 41 41 1 41 41 26 20 37 37 32 23 0
split_gain=6.88961 3.06488 2.46687 2.45251 1.97257 1.43723 1.24142 3.86515 1.13741 0.966349 1.27243 1.03156 1.13992 0.942378 0.882238 0.852091 0.835271 0.7672 0.649518 0.730554 0.660384 0.595492 0.59548 0.803702 0.569567 0.567536 0.558113 0.551542 0.548679 0.492832
threshold=-0.45666666328907007 0.32999998331069952 0.46999999880790716 -0.051397800445556634 0.44333332777023321 0.12333333492279054 0.036879267543554313 0.03232953883707524 0.3966666460037232 -0.25666666030883784 -0.016666665673255917 -0.083333343267440782 -0.19666665792465207 -0.048974514007568352 0.064443118870258345 0.18999999761581424 -0.31666666269302363 0.16333335638046267 0.036879267543554313 0.066116258502006545 -0.29000000655651087 0.060043040663003928 0.0954544171690941 0.29000002145767217 -0.20333333313465116 0.010866641998291017 -0.11797189712524413 -0.049999997019767754 -0.24333333969116208 -0.36333334445953364
decision_type=2 2 2 2 2 2 2 2 2 2 2 2 2 2 2 2 2 2 2 2 2 2 2 2 2 2 2 2 2 2
left_child=3 2 4 -1 8 28 7 -5 9 11 22 25 -13 15 -8 -12 -15 27 20 -20 -18 -6 23 29 -17 -2 -3 -14 -4 -11
right_child=1 26 5 6 21 -7 14 -9 -10 10 13 12 17 16 -16 24 18 -19 19 -21 -22 -23 -24 -25 -26 -27 -28 -29 -30 -31
leaf_value=-0.0073073306887833193 -0.010186931716546301 0.0012590877806735155 0 0.015498831151695654 0.01113051521873201 -0.0013088983648004262 0.02213846012847815 -0.014347259663525937 -0.012671685895899468 0.00082563576709209451 -0.0016771755418579081 -0.002775161018846224 0 0.0082705679904265268 0.0025140323249986112 0 0.0081735509582928877 0.00073896127112724338 -0.010821722113347367 0.0021408636000231915 -0.0037910213654119996 -0.0017169837808969494 0.0031295730476235853 0 0.017078165071764302 0.0011102512621999666 -0.014085712024626379 0.01981917458000405 0.021752393855830554 -0.010851815713636784
leaf_weight=9.9848336894065124 14.455565089127051 2.2991679117549202 4.8722204787191048 23.194716562516987 27.453216314315796 10.613162668887524 41.512250188738108 10.969365159980951 25.906733602285385 4.7443311023525885 11.628049020189794 17.53834055038169 4.0961142354644862 8.2575539052486402 11.860590484924613 5.6197786512784687 11.593446300132198 17.189908496569842 38.372758743236773 8.1725790561176819 27.092173766344786 6.1504368234891436 6.7327502660918972 30.174562149797566 11.699068187735973 14.774375049397348 54.990897531388327 14.759571724571286 14.243176747346297 94.740792228723876
leaf_count=189 728 170 137 282 1017 325 485 139 1916 332 852 993 188 243 143 221 716 758 3258 654 2244 222 345 1404 369 655 5107 390 338 6251
internal_value=-0.000200109 -0.00269617 -0.0011072 0.0114852 -0.0022497 0.0113985 0.0142272 0.00458171 -0.00339302 -0.00241095 -0.00392717 0.00199154 0.00607867 0 0.0188933 0.00688712 -0.00264937 0.0107625 -0.00445573 -0.00808536 0 0.00824392 -0.00714311 -0.00797564 0.0126614 -0.00455052 -0.0130139 0.0165104 0.0180765 -0.0100426
internal_weight=585.692 488.171 430.881 97.5218 401.152 29.7286 87.5369 34.1641 367.548 341.642 258.828 82.8139 53.5839 122.435 53.3728 28.9469 93.4885 36.0456 85.231 46.5453 38.6856 33.6037 136.392 129.66 17.3188 29.2299 57.2901 18.8557 19.1154 99.4851
internal_count=31071 29833 24556 1238 23756 800 1049 421 22517 20601 16889 3712 2329 8557 628 1442 7115 1336 6872 3912 2960 1239 8332 7987 590 1383 5277 578 475 6583
is_linear=0
shrinkage=0.05


Tree=25
num_leaves=31
num_cat=0
split_feature=14 25 31 39 25 38 26 38 19 2 38 17 26 41 16 8 19 38 31 14 1 39 32 4 31 41 3 40 40 36
split_gain=8.09527 2.90179 2.20609 1.80221 1.99921 1.83792 1.59094 1.47137 1.66951 1.41061 1.33064 0.878755 0.807153 0.798496 0.787725 0.853495 0.756745 0.697747 0.708969 1.17725 0.675942 0.647499 0.644224 0.627637 0.625721 0.749594 0.550181 0.529977 0.516 0.672194
threshold=-0.45666666328907007 0.30333334207534796 0.47666668891906744 0.029095132835209373 -0.13666665554046628 -0.056524276733398431 0.48333334922790533 0.22565650939941409 -0.1766666769981384 -0.24999999999999997 -0.037441253662109368 0.31666666269302374 0.14999997615814212 0.10085978358983995 -0.28333333134651179 0.14999997615814212 0.20333331823349002 0.031355857849121101 0.35666668415069586 0.30333334207534796 0.083333313465118422 0.019060155376791958 -0.096666663885116563 0.37000000476837164 -0.2766666561365127 0.064443118870258345 0.37000000476837164 0.33333332836627966 0.57666665315628063 -0.1766666769981384
decision_type=2 2 2 2 2 2 2 2 2 2 2 2 2 2 2 2 2 2 2 2 2 2 2 2 2 2 2 2 2 2
left_child=3 2 6 4 20 -6 7 9 -9 11 -4 12 -2 14 15 28 -14 18 -16 -20 -1 -21 -17 -24 -19 -26 -7 -13 29 -11
right_child=1 -3 10 -5 5 26 -8 8 -10 13 -12 27 16 -15 17 22 -18 24 19 21 -22 -23 23 -25 25 -27 -28 -29 -30 -31
leaf_value=0.0079213518074290595 -0.0050464503202087606 -0.012175150013399834 0.016879105241213176 -0.0022290753769376695 0 0.025730971357229779 0.011300630437545586 0.020094663713292167 -0.0064002936753653249 -0.010482424603844109 -0.0038512716018153262 0.01406985307655808 0.0092268318308574102 0.005654331643326533 -0.0074259783836055212 0.0025008751337895238 -0.0065600923556900659 0 0.0071711213477558189 0.0024058891737994172 -0.005479477821839664 -0.013995426700820442 -0.015614286178789641 0.00010822021401053929 -0.017186098566206825 0 0.0054492810221501067 -0.00041487326949333694 0.0050363904228628385 0.0011878765810719395
leaf_weight=13.603723675478252 41.452055845642462 64.291041806107387 19.837285865098242 13.551228139549492 10.2592511116527 41.431671515107155 14.442627531243486 8.4779474132228625 4.424689861945807 11.672884860076008 5.87093850551173 13.058998035499828 21.23067998257466 9.1242617508396489 82.81193583807908 4.4781020889058736 3.7799890972673884 6.6600558010395607 22.486109082354233 3.7478466688189647 10.875681564211844 9.5360750041436386 16.823750909883533 4.471470136428251 38.511820172076114 6.7867722311057141 11.362806143239139 4.2402690332382909 34.327303329482675 28.359086073003709
leaf_count=195 2826 5994 217 175 201 392 363 223 446 380 409 522 970 515 7207 164 250 529 933 159 162 243 684 245 3575 588 114 290 997 993
internal_value=0 -0.00273743 -0.00106968 0.0124467 0.0149832 0.0193851 -0.00212256 -0.0028721 0.0105387 -0.00357907 0.0115236 0.00179964 -0.000722705 -0.00528072 -0.00585432 -0.00184086 0.00522708 -0.00792656 -0.00501052 0.000246483 0.00124077 -0.00876283 -0.00878218 -0.0120989 -0.0129427 -0.0148241 0.0227926 0.0102539 0.000730018 -0.00259473
internal_weight=581.988 480.904 416.613 101.084 87.5331 63.0537 390.905 376.462 12.9026 363.559 25.7082 83.762 66.4627 279.797 270.673 100.133 25.0107 170.541 118.582 35.77 24.4794 13.2839 25.7733 21.2952 51.9586 45.2986 52.7945 17.2993 74.3593 40.032
internal_count=30961 29722 23728 1239 1064 707 23102 22739 669 22070 626 4858 4046 17212 16697 3463 1220 13234 8542 1335 357 402 1093 929 4692 4163 506 812 2370 1373
is_linear=0
shrinkage=0.05


Tree=26
num_leaves=31
num_cat=0
split_feature=14 25 3 4 23 38 2 38 37 37 37 36 19 24 3 17 32 26 25 8 24 33 8 41 20 33 40 0 33 41
split_gain=5.9875 3.1048 2.09438 1.70345 1.9985 1.55313 1.43604 1.40922 1.23536 1.35633 1.14524 1.0734 0.884707 0.757424 0.797846 0.65029 0.582871 0.572921 0.532171 0.633063 0.716133 0.534694 0.722015 0.660798 0.50537 0.456804 0.394352 0.410436 0.392622 0.382026
threshold=-0.45666666328907007 0.29666668176651007 0.30333334207534796 -0.37666666507720942 -0.19666665792465207 -0.024595737457275387 0.32999998331069952 -0.042340755462646477 -0.00053071975708007802 -0.017178058624267575 0.053565502166748054 0.12333333492279054 -0.22333332896232602 -0.33666665852069849 -0.19666665792465207 -0.023333340883255001 -0.1766666769981384 0.44333332777023321 -0.0099999904632568342 -0.063333332538604722 -0.056666672229766839 -0.12999999523162839 0.11000001430511476 0.031187842600047592 -0.29000000655651087 0.1566666662693024 0.46666666865348821 0.20333331823349002 -0.18333333730697629 0.081666942685842528
decision_type=2 2 2 2 2 2 2 2 2 2 2 2 2 2 2 2 2 2 2 2 2 2 2 2 2 2 2 2 2 2
left_child=2 3 8 7 17 -4 13 15 9 11 -10 -1 -8 16 24 -2 -6 29 19 28 -21 26 23 -23 -15 -22 27 -20 -16 -5
right_child=1 -3 5 4 6 -7 12 -9 10 -11 -12 -13 -14 14 18 -17 -18 -19 21 20 25 22 -24 -25 -26 -27 -28 -29 -30 -31
leaf_value=-0.0014421109704896582 0 -0.012118757557611453 -0.013437888851900779 -0.011006760056139544 0.0012332148859711019 0.0071044313267208826 0.00032777357682755215 -0.00081314038708466994 0.024050066619712464 -0.0090224991470149278 0.0040761803771691861 0.018139335860229592 -0.011925691764187535 -0.00047894960961505895 -0.00036450143380246149 0.017607842346307488 -0.011617176001794294 0.0014016132055674514 0.008486692772585026 0.0016269572877481366 -0.012640973698498592 -2.0257220137289436e-05 0 0.015154883774146592 0.012694028807944117 0 -0.0072962091484175956 -0.0047538591851442515 0.0063768089768495911 0
leaf_weight=7.2523698024451795 4.6451800796203342 66.425532230641693 9.4169956669211405 67.475629502674565 9.3678407765692118 16.156273055821657 17.884465460898355 22.52351838350296 32.607579626142979 7.61983130685985 16.424994355067611 9.9377424539998156 30.324564598267898 4.5702269002795246 43.479768279241398 20.170652246335521 12.039387128315864 6.9839787897653869 8.4313166532665509 20.02691179770045 19.850362468045205 5.3661091935355243 21.614519098307937 21.526483547640964 21.93333492660895 12.877828554715959 9.3496413286775333 2.3043829780071965 26.970598022453487 6.6766187669709316
leaf_count=117 222 6252 178 4224 621 174 624 1610 353 95 182 134 2598 248 2535 519 801 256 452 1131 1113 302 1228 1038 1032 701 599 135 1221 395
internal_value=-0.000165434 -0.00253586 0.0105986 -0.000797526 -0.00202856 -0.000784339 0 0.00747946 0.0146166 0.0031517 0.0189874 0.0105644 -0.00738561 0.00160525 0.00260827 0.0145102 -0.00604274 -0.00866317 0.00119069 -0.000624286 -0.00464424 0.00457387 0.00724995 0.0119155 0.00998426 -0.00878475 -0.00111166 0.00346542 0.00218719 -0.00995698
internal_weight=582.235 482.819 99.4158 416.393 369.054 25.5733 287.918 47.3394 73.8425 24.8099 49.0326 17.1901 48.209 239.709 218.301 24.8158 21.4072 81.1362 191.798 123.205 52.7551 68.5925 48.5071 26.8926 26.5036 32.7282 20.0853 10.7357 70.4504 74.1522
internal_count=31090 29857 1233 23605 21254 352 16379 2351 881 346 535 251 3222 13157 11735 741 1422 4875 10455 6701 2945 3754 2568 1340 1280 1814 1186 587 3756 4619
is_linear=0
shrinkage=0.05


Tree=27
num_leaves=31
num_cat=0
split_feature=17 25 25 26 38 39 9 2 14 15 24 30 38 38 13 6 17 1 38 40 26 37 24 39 38 41 37 38 38 11
split_gain=6.43535 2.97577 2.22307 2.11368 1.42558 2.15151 2.32951 1.76854 2.28176 1.70266 1.66752 1.5716 1.26744 1.1714 1.14183 1.11944 1.20512 1.11122 0.901898 0.678863 0.669744 0.653975 0.651431 0.649301 0.642006 1.0549 0.620017 0.582576 0.57435 0.568565
threshold=-0.43000000715255732 0.32999998331069952 -0.12333333492279051 0.44333332777023321 -0.024595737457275387 0.029510702937841419 0.043333351612091071 0.32999998331069952 -0.036666661500930779 -0.32333332300186152 -0.33666665852069849 -0.25666666030883784 -0.005301952362060546 0.11001014709472658 -0.37666666507720942 -0.46999999880790705 -0.016666665673255917 0.21666666865348819 0.09092187881469728 0.51999998092651378 0.2833333313465119 -0.036474227905273431 -0.26333332061767573 0.031014758162200454 0.026465415954589847 0.064443118870258345 -0.001793861389160156 -0.19767713546752927 -0.031785964965820306 0.35000002384185797
decision_type=2 2 2 2 2 2 2 2 2 2 2 2 2 2 2 2 2 2 2 2 2 2 2 2 2 2 2 2 2 2
left_child=2 3 21 4 7 9 -7 8 14 18 29 15 17 -14 -2 -12 -17 26 -6 -13 28 -1 -23 -5 -11 -26 -4 -3 -16 -10
right_child=1 27 12 23 5 6 -8 -9 10 24 11 19 13 -15 20 16 -18 -19 -20 -21 -22 22 -24 -25 25 -27 -28 -29 -30 -31
leaf_value=-0.01012154966729412 0.0043911766145363689 0.0011469982819417503 0 0.011568269706118284 -0.0035915289325330144 0.017530775952641783 -0.0092509510906792335 -0.011171972640431523 -0.0091124221206222746 -0.0038149042023694494 -0.0015874948477879705 0.0055015506977836278 0.024745823212930014 0 -0.014606272577337893 0 0.020589444502069575 -0.0034048104594049328 0.0093382638298581105 -0.0071722986342897879 0 -0.0061753351119793109 0.0070250334624651148 -0.00257467252939967 -0.015534652996574619 0 0.018105405731547636 -0.014401339830537013 5.2823062194530408e-05 0.0058756275418929008
leaf_weight=5.6092509282752863 17.859704881440848 2.5426058489829293 10.434669127687812 32.823647627374157 40.256363667780533 14.380893351510169 7.3135350262746206 20.623271107207984 14.408979031490164 42.476488349260762 5.033915238454937 23.926357521675527 31.183484625304118 7.5234197364188722 26.025509896920994 6.0886613249313077 38.484371407655999 13.920960446354 13.013982267817481 9.7354337924625707 13.064588687848298 5.9661969749722621 26.782786583527923 4.4828998995944849 65.825604571029544 12.147060600575058 10.343184386380017 51.87267159903422 4.2142603257671025 2.2540818769484749
leaf_count=163 624 221 237 1118 1194 745 450 1380 768 3783 111 1198 453 122 2387 283 960 272 370 696 576 148 512 150 5714 1034 178 4965 264 51
internal_value=-0.000168202 -0.00280268 0.010251 -0.00120641 -0.00242567 -0.00533858 0.00755134 0.000644098 0.00265323 -0.00728576 0.00724019 0.0101317 0.0150278 0.0210666 -0.00444616 0.0153337 0.0177007 0.00556461 0 0.000675263 -0.00868877 0 0.00339118 0.00917026 -0.0104455 -0.0132292 0.011924 -0.0132193 -0.012203 -0.00496302
internal_weight=580.619 468.855 111.764 414.44 377.133 195.414 21.6944 181.719 161.096 173.719 99.9318 83.2687 73.4057 38.7069 61.1641 49.6069 44.573 34.6988 53.2703 33.6618 43.3044 38.3582 32.749 37.3065 120.449 77.9727 20.7779 54.4153 30.2398 16.6631
internal_count=31127 29042 2085 23856 22588 13290 1195 9298 7918 12095 4067 3248 1262 575 3851 1354 1243 687 1564 1894 3227 823 660 1268 10531 6748 415 5186 2651 819
is_linear=0
shrinkage=0.05


Tree=28
num_leaves=31
num_cat=0
split_feature=19 31 19 25 30 25 27 38 37 41 25 14 31 25 31 8 24 41 41 38 36 40 38 37 28 10 10 19 33 22
split_gain=7.3778 2.69162 2.73277 2.00938 1.56708 1.305 1.20531 1.44869 1.10915 1.41349 0.907234 1.03157 0.778417 0.763647 0.970701 0.900992 0.72985 0.693666 1.2346 0.661963 0.646536 0.733374 0.622727 0.612703 0.551364 0.549378 0.539621 0.526169 0.487351 0.485623
threshold=-0.45666666328907007 0.47666668891906744 0.18333333730697635 -0.090000003576278673 0.44333332777023321 -0.36333334445953364 -1.0000000180025095e-35 0.22565650939941409 -0.026899814605712887 0.036879267543554313 -0.016666665673255917 -0.049999997019767754 0.37000000476837164 0.14333331584930423 -0.030000001192092892 -0.1766666769981384 0.32333332300186163 0.037611998617649085 0.031524809077382095 0.031355857849121101 -0.0099999904632568342 0.14333333075046542 -0.13554382324218747 0.02400302886962891 -0.35000000894069666 0.23000001907348636 -0.31666666269302363 -0.32333332300186152 0.25000000000000006 0.056666672229766853
decision_type=2 2 2 2 2 2 2 2 2 2 2 2 2 2 2 2 2 2 2 2 2 2 2 2 2 2 2 2 2 2
left_child=4 2 6 25 8 24 10 12 -1 -10 11 20 17 14 15 -12 -6 18 -8 -13 23 -22 28 29 -4 -3 -5 -25 -7 -2
right_child=1 3 5 26 16 22 7 -9 9 -11 13 19 -14 -15 -16 -17 -18 -19 -20 -21 21 -23 -24 27 -26 -27 -28 -29 -30 -31
leaf_value=-0.0061633751686703308 9.6984030450872182e-06 0.02313854336934092 0.0091633372765997107 0.0040627699309691524 0.021667000597784786 0.0055520811327340117 -0.0091219558605762675 0.01092929751210295 -0.0029861355809728926 0.014520642102897652 -0.00024342790162212724 0.0092667090026108904 0.0031219233484916726 0 0 0.016835911410176013 0.0016375078027729231 -0.01160174099951617 0.0047390952574508762 -0.0035626744545198446 0.00061797339712318705 -0.013639581829790748 -0.01324604648551677 0.0096046326089130676 -0.0046191321062943177 0 -0.010863098480883937 -0.0030732014331776676 -0.0086786579438616705 -0.0096695266937944623
leaf_weight=11.02731074625626 18.980416576378047 13.025327407522132 7.7528745091985911 4.5231651864014584 36.196277999784797 7.7520821262150985 27.519745850237086 6.7803653869777909 12.260642985813318 25.271975351497531 6.3274572207592454 22.91278206254356 11.885058081243185 39.710825960151851 20.356187730561942 25.019533177372068 9.4100721762515587 56.626844194019213 23.179762348067015 8.0522634238004667 7.801526015391576 22.607247854582965 91.423715850804001 14.13892374513671 7.643878370523451 4.778193582314997 5.9297666065394843 6.0967428630683562 4.5479395838920027 16.579212816432118
leaf_count=214 865 255 337 98 393 392 2147 340 165 326 212 1301 510 2218 1199 777 131 4707 1812 829 357 949 7699 342 513 120 352 516 364 759
internal_value=0 -0.00257657 -0.00359675 0.0108349 0.0123207 -0.00993178 -0.00113261 -0.00491352 0.00448341 0.00860413 0.00110822 -0.00162895 -0.00649481 0.00475745 0.00844361 0.0132338 0.0186896 -0.00788925 -0.0025129 0.00521743 -0.00453883 -0.00979604 -0.0118996 -0.00059611 0.00177594 0.0192411 -0.00375866 0.00500278 0 -0.00464605
internal_weight=576.118 481.952 453.695 28.2565 94.1663 119.12 334.575 125.992 48.5599 37.5326 208.583 117.169 119.211 91.414 51.7032 31.347 45.6064 107.326 50.6995 30.965 86.2041 30.4088 103.724 55.7953 15.3968 17.8035 10.4529 20.2357 12.3 35.5596
internal_count=31199 29970 29145 825 1229 9305 19840 9516 705 491 10324 5918 9176 4406 2188 989 524 8666 3959 2130 3788 1306 8455 2482 850 375 450 858 756 1624
is_linear=0
shrinkage=0.05


Tree=29
num_leaves=31
num_cat=0
split_feature=14 31 38 19 27 38 38 40 9 3 38 18 2 41 40 6 29 41 41 40 10 40 27 16 21 30 38 27 41 41
split_gain=4.86884 2.71579 3.3361 2.67695 1.85857 1.5017 1.83824 2.01623 1.3191 1.296 1.13296 1.03477 0.914575 0.86579 0.859963 1.43388 0.814666 0.70121 0.793649 0.786489 0.73018 0.707308 0.662514 0.634326 0.629962 0.602164 0.579879 0.575806 0.559521 0.415792
threshold=-0.45666666328907007 0.43666666746139532 -0.032514572143554681 0.13666665554046634 -0.36333334445953364 0.12359237670898439 -0.056524276733398431 0.51999998092651378 0.32333332300186163 0.31666666269302374 0.22565650939941409 -0.43000000715255732 -0.18333333730697629 0.10085978358983995 0.33333332836627966 -0.31666666269302363 0.30333334207534796 0.037611998617649085 0.031524809077382095 0.63666665554046642 -0.090000003576278673 0.79666668176651012 -0.076666668057441698 -0.41666667163372034 -0.12999999523162839 -0.26999998092651362 0.07255792617797853 -0.25666666030883784 0.040138021111488349 0.062716234475374236
decision_type=2 2 2 2 2 2 2 2 2 2 2 2 2 2 2 2 2 2 2 2 2 2 2 2 2 2 2 2 2 2
left_child=5 3 9 4 12 6 7 -1 16 22 11 -6 -2 17 15 -5 -8 18 -13 27 26 -21 25 -23 -12 -3 -20 -19 -18 -14
right_child=1 2 -4 14 10 -7 8 -9 -10 -11 24 13 29 -15 -16 -17 28 19 20 21 -22 23 -24 -25 -26 -27 -28 -29 -30 -31
leaf_value=-0.014114756444163466 0.014835030875293857 0.011439338967482785 -0.010470435590478444 0.0056983345153634587 0.0044126022175440425 -0.0055200928692072451 0.003529956620093427 0.011671673860227834 0.0016047982292945774 -0.0024750755546672238 -0.0031718509043635042 -0.0062215996095808324 0.0040452476850903404 0.0071696216190657337 -0.014222094370222602 -0.0097132122831436046 0.028358891720804254 -0.00024368021659610111 0.012698146942547662 0.005179171135842129 -0.0029498519342871527 0.0052018834339338099 0.020311275622909398 -0.0090500907714505946 0.014289805691767608 -0.0030356392651679472 -0.0016091271038809107 -0.014373548000066814 0.0077437863797136979 -0.0050458847709229501
leaf_weight=9.1709877597168106 15.62900775473099 6.299562099389731 14.287497574929146 17.596259733196348 24.768938689026982 8.1424613017588836 12.615426063537596 8.8865226842462999 17.849693885073066 7.0661567291244856 2.1693800888024262 46.522574334172532 43.102473191218451 6.7301871208474031 56.63284632191062 32.684168262174353 23.344181008636951 12.723948178114368 14.692241353681313 12.72684090817347 19.861593070905656 3.3837173404172054 28.585219812579453 29.392909196903929 8.3846606020815653 8.7244291696697456 4.7084812754765144 50.316105848643929 14.96697806380689 9.4258039533160609
leaf_count=214 523 71 1337 892 683 101 165 127 215 167 133 3351 1623 419 5548 3211 239 682 1067 972 1454 93 325 2270 357 179 338 3824 169 334
internal_value=0.000180109 -0.00186784 0.00709825 -0.00342503 -0.000878236 0.0102011 0.012206 -0.000639474 0.0156937 0.0130768 -0.00305051 -0.00396428 0.00595574 -0.00521496 -0.0100259 -0.00384304 0.0195031 -0.00597056 -0.00198879 -0.00863018 0.00263429 -0.00241744 0.0160952 -0.00635682 0.00934164 0.00337713 0.00868171 -0.0121527 0.0230085 0.00163673
internal_weight=571.391 476.415 64.9629 411.452 304.539 94.9763 86.8338 18.0575 68.7763 50.6754 236.382 225.828 68.1573 201.059 106.913 50.2804 50.9266 194.328 85.7849 108.544 39.2623 45.5035 43.6092 32.7766 10.554 15.024 19.4007 63.0401 38.3112 52.5283
internal_count=31083 29853 2079 27774 18123 1230 1129 341 788 742 15643 15153 2480 14470 9651 4103 573 14051 6210 7841 2859 3335 575 2363 490 250 1405 4506 408 1957
is_linear=0
shrinkage=0.05


Tree=30
num_leaves=31
num_cat=0
split_feature=17 25 30 26 31 39 30 9 32 25 24 9 41 39 40 19 17 37 37 40 9 2 25 5 39 39 39 26 8 8
split_gain=4.16685 2.90537 2.15201 1.93756 2.17103 1.85838 1.3398 1.17177 1.29292 1.29391 1.06135 0.931072 2.73153 0.821881 0.769377 1.1342 1.04572 1.01557 0.974915 0.842747 0.698707 0.662033 0.608377 0.788556 0.587682 0.632323 0.537572 0.522994 0.452667 0.515284
threshold=-0.4433333277702331 0.32333332300186163 0.44333332777023321 0.44333332777023321 0.4499999880790711 0.017886037938296798 0.22333335876464847 0.26999998092651373 -0.4433333277702331 -0.016666665673255917 -0.030000001192092892 0.23666667938232425 0.036879267543554313 0.022874211892485622 0.10333333536982538 -0.29666668176650995 0.31666666269302374 0.077470302581787123 -0.062580585479736314 0.79666668176651012 -0.036666661500930779 0.21166664361953738 -0.030000001192092892 -0.29000000655651087 0.031014758162200454 0.014045588206499817 0.02209553308784962 0.30333334207534796 0.069999992847442641 -0.2766666561365127
decision_type=2 2 2 2 2 2 2 2 2 2 2 2 2 2 2 2 2 2 2 2 2 2 2 2 2 2 2 2 2 2
left_child=2 3 5 4 14 10 -7 8 -6 -10 -1 -4 -13 -8 16 17 26 19 -17 22 -19 -18 23 -16 25 -5 27 -2 29 -21
right_child=1 -3 11 24 7 6 13 -9 9 -11 -12 12 -14 -15 15 18 21 20 -20 28 -22 -23 -24 -25 -26 -27 -28 -29 -30 -31
leaf_value=0 -0.0081451923722840099 -0.011952951965838321 0.026068303669340279 -0.0007326108692237936 -0.0049924611047232788 0.0066417391608484828 -0.018347600953666957 -0.0048343528265101321 0.020777551667950655 0 0.019360072855405825 -0.0090809626797299179 0.018133648805073423 0 0.0043228945887643392 0.0029834370425740704 0.015326963225657939 0.016616888402176618 -0.0083737753106419809 -0.0018430679493573962 -0.00055429153422890324 -0.0022972670036442502 0 -0.011632110962930382 -0.0018006340169998058 0.014020556721653258 0.0029605845142497934 0.0031012367483223427 -0.0028634560427721 0.010224115602229427
leaf_weight=8.3693040353246051 29.880510048475116 54.813421744154766 15.985663995612411 4.4937433525919905 4.3529016710817805 10.360180125106124 10.532535309903325 7.4154394862707695 22.417370968963951 8.0826364159584063 11.648761330638079 9.8669469151645917 15.537539741024373 12.787693789228795 3.7197815971449009 15.29986853385344 11.873229014454408 7.6631637164391577 131.07848044345155 6.4825701622758052 5.2309596464037877 2.4722208878956726 23.603904901072383 34.88784926966764 4.5217574650887391 30.242562069790438 27.573377458378673 7.0429005238693199 12.175440058112143 19.105929100885991
leaf_count=195 1956 5360 160 153 129 300 211 348 457 251 196 163 197 234 116 1079 447 160 12695 192 128 192 601 1189 154 993 1612 318 338 526
internal_value=0.000167952 -0.00173139 0.00943203 -0.000187755 -0.0013884 0.00182375 -0.00471706 0.00844579 0.0121783 0.0157317 0.0123395 0.0172946 0.00705208 -0.0109424 -0.00281636 -0.00413257 0.00120308 -9.95822e-05 -0.00695189 -0.00219533 0.0103638 0.0112791 -0.00570705 -0.00915974 0.00953437 0.0116715 -0.00145266 -0.00528394 0.00300784 0.00660619
internal_weight=569.519 474.43 95.0886 419.617 380.359 53.6985 33.6804 42.2683 34.8529 30.5 20.0181 41.3902 25.4045 23.3202 338.09 259.248 78.8422 112.87 146.378 99.9755 12.8941 14.3454 62.2115 38.6076 39.2581 34.7363 64.4968 36.9234 37.7639 25.5885
internal_count=31050 29394 1656 24034 22734 1136 745 1185 837 708 391 520 360 445 21549 17024 4525 3250 13774 2962 288 639 1906 1305 1300 1146 3886 2274 1056 718
is_linear=0
shrinkage=0.05


Tree=31
num_leaves=31
num_cat=0
split_feature=14 31 12 37 37 37 38 33 2 26 38 38 0 22 17 18 16 38 38 11 7 29 23 39 9 32 35 41 41 31
split_gain=4.35809 2.84905 2.69403 1.98127 1.42904 1.56866 2.02065 1.41302 1.14849 1.06424 0.961032 0.957321 0.78921 0.934353 1.09721 0.915374 0.778065 1.48196 1.16382 0.991145 0.843158 0.708249 0.67234 0.991111 0.827627 0.595643 0.577317 0.539768 0.578633 0.525449
threshold=-0.45666666328907007 0.46999999880790716 0.40333333611488348 0.024729728698730472 0.0086016654968261736 -0.017178058624267575 -0.024595737457275387 0.33666664361953741 0.14333331584930423 0.48333334922790533 0.0053477287292480477 -0.042340755462646477 0.20999997854232791 -0.18333333730697629 0.33666664361953741 -0.41666667163372034 -0.15000000596046445 -0.032514572143554681 0.0053477287292480477 0.043333351612091071 0.17666667699813846 0.2883333563804627 -0.24333333969116208 0.018930576741695408 0.083333313465118422 0.01666665077209473 0.069999992847442641 0.024021308869123462 0.062716234475374236 0.41666668653488165
decision_type=2 2 2 2 2 2 2 2 2 2 2 2 2 2 2 2 2 2 2 2 2 2 2 2 2 2 2 2 2 2
left_child=4 2 9 11 5 6 8 21 -1 12 -7 -3 13 14 15 -2 17 -15 19 -18 -21 -6 -19 -24 -25 -11 -16 -17 -29 -14
right_child=1 3 -4 -5 7 10 -8 -9 -10 25 -12 -13 29 16 26 27 18 22 -20 20 -22 -23 23 24 -26 -27 -28 28 -30 -31
leaf_value=0.008023590327493774 0.00437158622740601 0.021202371810802832 -0.015173059074729007 -0.0067593146198901433 0.0039709329832893683 -0.015872867262288509 0.019390408055930248 0 -0.012322739796478722 -0.00057193084551142119 0.0021420477328781915 0 -0.0067899516537212323 -0.0047561694593589157 0.011993153596553965 0.0033709240453536765 -0.0035114893688946917 -0.0011238685787870273 -0.0088116085299504016 0.011878951586137979 -0.0048691840877061144 0.023865898488515017 0.0020148079446952486 0.020564216215521056 0 0.014541949321662024 -0.0030426648730416373 -0.010547026228793246 0 0.0026750575014315141
leaf_weight=6.4558209311217096 11.691544239176435 20.338485642336309 33.391741073923185 6.6349160403478882 12.303452027030287 8.3118139542639273 14.982096258550881 10.799394389614461 8.5561366030015034 5.3374554063193491 8.6482789283618313 6.7962297382764545 93.661810043500736 22.041302058380097 9.5234798018354905 3.9024201650172463 26.427877357928082 9.4359388642478716 28.955915196333081 24.721201745327566 3.8793724777642629 26.174472201615572 28.334292897954583 21.059561677044261 8.1337262680754048 9.956545618362723 3.9317991675343356 68.991978126578033 14.090053042396901 9.7830439468380046
leaf_count=122 327 251 2733 331 159 119 173 138 171 139 101 440 6722 1361 424 263 2091 467 2988 1347 361 282 1129 691 317 242 369 5315 1052 386
internal_value=0.000527851 -0.00143984 -0.00261909 0.011292 0.00992285 0.0024857 0.00909651 0.0155181 -0.00259048 -0.00131319 -0.00743866 0.0168851 -0.00193574 -0.00044414 -0.00395386 -0.00595199 0.00174746 0.00492431 -0.00144533 0.00250639 0.00843429 0.0194603 0.0085824 0.0105238 0.0163205 0.00941838 0.00673115 -0.00780099 -0.00879808 -0.00556882
internal_weight=567.252 471.021 437.251 33.7696 96.2315 46.9541 29.9941 49.2773 15.012 403.859 16.9601 27.1347 388.565 285.12 112.131 98.676 172.989 89.0048 83.9844 55.0285 28.6006 38.4779 66.9635 57.5276 29.1933 15.294 13.4553 86.9845 83.082 103.445
internal_count=31011 29746 28724 1022 1265 686 466 579 293 25991 220 691 25610 18502 7750 6957 10752 3965 6787 3799 1708 441 2604 2137 1008 381 793 6630 6367 7108
is_linear=0
shrinkage=0.05


Tree=32
num_leaves=31
num_cat=0
split_feature=16 31 38 40 37 20 24 38 6 40 10 0 1 31 38 20 10 11 16 29 31 17 27 4 38 14 39 39 37 25
split_gain=3.64905 2.74824 2.08619 2.12709 1.65166 1.48704 1.66065 1.24677 1.53865 1.25657 1.19225 1.14074 1.13359 1.11195 1.03878 1.13913 0.929608 0.856226 0.807589 0.796871 0.743445 0.702068 0.675578 0.797647 0.580546 0.570466 0.537057 0.592231 0.589384 0.510299
threshold=-0.28333333134651179 0.46999999880790716 -0.045151710510253899 0.51999998092651378 0.034846782684326179 -0.1649999916553497 0.01666665077209473 0.0053477287292480477 1.0000000180025095e-35 0.51999998092651378 -0.31000000238418574 -0.19666665792465207 0.069999992847442641 0.16333335638046267 0.0053477287292480477 0.37666666507720953 0.41666668653488165 -0.41666667163372034 -0.31666666269302363 0.2833333313465119 -0.26333332061767573 -0.16333332657814023 -0.016666665673255917 -0.17000000178813932 -0.019491672515869137 -0.40333333611488337 0.027195124886929992 0.03248978219926358 -0.026899814605712887 -0.30333334207534784
decision_type=2 2 2 2 2 2 2 2 2 2 2 2 2 2 2 2 2 2 2 2 2 2 2 2 2 2 2 2 2 2
left_child=2 7 3 4 16 6 25 8 9 13 -3 -8 17 29 15 -14 18 -7 -1 -16 -9 -21 23 -12 -10 -4 28 -28 -22 -2
right_child=1 10 5 -5 -6 12 11 20 24 -11 22 -13 14 -15 19 -17 -18 -19 -20 21 26 -23 -24 -25 -26 -27 27 -29 -30 -31
leaf_value=-0.02433034508164042 0.0048578344419684593 0.016186934064329198 -0.014907082120654372 0.0061835874580188389 0.0035578905599727532 0.020948937934481542 0.01409020648392603 0 -0.010737780555820826 -0.0057464503843350423 0.0025476533670212814 -0.0025077467168474112 0.0036723395634685727 0.009138073537694193 0 -0.013059131178726627 0.0013999817315789656 0.0067615730475260975 0 0.0164138507403476 0 0 0.0066319244477714952 -0.016570003195943161 0 0 0.0059252254621532212 -0.0099718212716845139 -0.014350906206882558 -0.0059098858781775889
leaf_weight=16.758740180172033 9.9792726384475809 16.119463433977216 13.058198914164679 21.701699797995389 7.6720740897580972 26.102821682346985 14.561268519610168 19.137421466875821 49.824882361339405 40.623155272798613 4.7991943079978228 13.686114773154257 20.236413226695735 45.574548540171236 17.755587703781202 9.7988119195215386 2.200981091707944 41.093427191022784 2.334153602365407 21.79303613957018 9.009228570153935 6.8933337919879696 10.130321159027515 4.5749767024535704 11.469165344489737 5.9426323247607789 7.9354636142961663 3.9693784273695201 67.738342378637753 23.416555993957445
leaf_count=832 640 296 235 734 223 371 394 1757 4613 2900 162 376 512 1895 472 233 101 1129 159 359 907 286 359 205 1193 273 710 341 6719 1688
internal_value=-0.000225349 -0.00370394 0.00431982 -0.00405303 -0.0121825 0.00672458 -0.000463081 -0.00539818 -0.00252587 0.000654098 0.00822379 0.00628792 0.00917915 0.00441411 0.00403662 -0.00235796 -0.018305 0.0138798 -0.0213645 0.0084455 -0.00961131 0.0128558 0 -0.00798188 -0.00860706 -0.0105998 -0.011432 0 -0.0128732 -0.0018079
internal_weight=565.891 324.301 241.589 50.6676 28.9659 190.922 47.2482 288.677 180.888 119.594 35.624 28.2474 143.673 78.9704 76.4772 30.0352 21.2939 67.1962 19.0929 46.442 107.79 28.6864 19.5045 9.37417 61.294 19.0008 88.6524 11.9048 76.7476 33.3958
internal_count=31074 24385 6689 2049 1315 4640 1278 23363 12929 7123 1022 770 3362 4223 1862 745 1092 1500 991 1117 10434 645 726 367 5806 508 8677 1051 7626 2328
is_linear=0
shrinkage=0.05


Tree=33
num_leaves=31
num_cat=0
split_feature=14 25 25 39 38 27 31 38 39 3 38 18 24 1 39 21 30 40 22 21 14 41 41 10 41 39 3 27 9 28
split_gain=4.09399 1.70706 1.65659 1.1998 1.77108 1.13902 1.54313 4.21136 1.41016 1.35859 1.29488 0.965185 0.927142 0.882843 0.775488 0.764437 0.714093 0.699065 0.541549 0.488986 0.458447 0.451578 0.495058 1.12937 0.944683 0.623471 0.601853 0.490548 0.478767 0.446474
threshold=-0.45666666328907007 0.29666668176651007 -0.18999999761581418 0.029510702937841419 -0.045151710510253899 -0.35000000894069666 0.37666666507720953 -0.045151710510253899 0.021959352307021621 -0.14333333075046537 0.22565650939941409 -0.43000000715255732 -0.11666667461395262 0.31666666269302374 0.024496681988239292 -0.049999997019767754 -0.31666666269302363 0.40333333611488348 0.31666666269302374 0.18333333730697635 -0.41666667163372034 0.10085978358983995 0.037611998617649085 0.030000001192092899 0.03232953883707524 0.032331056892871864 -0.37666666507720942 -0.18999999761581418 0.13666665554046634 -0.22333332896232602
decision_type=2 2 2 2 2 2 2 2 2 2 2 2 2 2 2 2 2 2 2 2 2 2 2 2 2 2 2 2 2 2
left_child=2 5 -1 4 17 9 10 8 -8 -2 11 20 -6 -14 -10 -12 -16 -4 19 -11 -7 22 24 25 26 -24 -13 -28 -25 -30
right_child=1 -3 3 -5 12 6 7 -9 14 18 15 21 13 -15 16 -17 -18 -19 -20 -21 -22 -23 23 28 -26 -27 27 -29 29 -31
leaf_value=-0.0024015508419617461 0.012766459833147767 -0.0092669631364441351 -0.0099133135111275708 -0.00043232963372128082 0.0028697046218106779 -0.0020366854368983438 0.021500063977641291 -0.011117355781763483 -0.004789775423533549 -0.006589930563004504 -0.0037538312648994626 0.0033666818039667134 0.026769833699051046 0.0038892522528444031 0.015087394414153181 0.015209675048526479 -0.00064409534148305171 0.0067934040340737675 0.0071307622058143965 0.0022296166503800959 0.0089940585571446196 0.0027922071976975091 -0.014006291928398591 0.0032066078963042914 0.002564721280001468 0 0 -0.011080511107402711 0.0024830581068087535 -0.0087522346911880419
leaf_weight=18.922053061891347 24.989264824078418 61.995226484024897 5.6381553607061488 11.411122609861193 12.9885386377573 10.234604731202127 18.815768689382821 22.935396756976843 10.847464333288373 28.047329317312688 2.6534882283303878 5.9937100985553107 27.564190955832601 10.62584315985441 9.9756589760072547 8.0446069950703514 7.217021665070205 7.0887499507516623 13.110655529191716 19.350629781605676 12.160482493229209 7.2181783919222644 61.972413416020572 19.011202341178432 37.156901772832498 7.5459318994544438 12.239119272446258 39.227282443316653 5.4764993395656374 21.654432350303978
leaf_count=309 867 6221 148 157 137 254 317 1758 198 1138 200 400 279 124 133 333 195 100 525 687 349 479 4940 1283 2823 619 725 3124 491 1792
internal_value=0 -0.00190558 0.00921627 0.0124043 0.0148945 -0.000601858 -0.00202813 0.00413871 0.0124936 0.004252 -0.0038997 -0.00480599 0.0186724 0.0223618 0.00299125 0.00935018 0.00894757 -7.77233e-05 0 -0.00267515 0.00370739 -0.00587045 -0.00635262 -0.0086418 -0.00295739 -0.0124874 -0.00682711 -0.00867687 -0.00159833 -0.00569079
internal_weight=562.112 467.873 94.2387 75.3166 63.9055 405.878 320.38 69.7913 46.8559 85.4979 250.589 239.891 51.1786 38.19 28.0401 10.6981 17.1927 12.7269 60.5086 47.398 22.3951 217.496 210.277 115.66 94.617 69.5183 57.4601 51.4664 46.1421 27.1309
internal_count=31105 29851 1254 945 788 23630 20413 2601 843 3217 17812 17279 540 403 526 533 328 248 2350 1825 603 16676 16197 9125 7072 5559 4249 3849 3566 2283
is_linear=0
shrinkage=0.05


Tree=34
num_leaves=31
num_cat=0
split_feature=30 9 24 23 0 32 28 4 27 19 12 6 32 26 3 6 40 37 25 37 18 32 16 37 0 41 10 4 29 7
split_gain=3.6307 2.37901 2.02664 1.61557 1.43018 1.36522 1.34156 1.21517 1.58499 1.13916 1.16316 1.46314 1.13705 0.927332 0.74618 0.719453 0.718052 0.699835 0.552417 0.522365 0.599366 0.566171 0.498832 0.486247 0.476795 0.471451 0.42097 0.374158 0.366226 0.365567
threshold=0.46333330869674688 0.20999997854232791 0.26999998092651373 -0.13666665554046628 0.20333331823349002 -0.1766666769981384 0.46833333373069769 -0.32333332300186152 -0.25666666030883784 -0.35000000894069666 0.25000000000000006 1.0000000180025095e-35 -0.10333332419395445 0.46333330869674688 0.2833333313465119 -0.21000000834465024 0.65666666626930248 0.0016446113586425783 -0.14333333075046537 0.041211605072021491 -0.43000000715255732 -0.063333332538604722 0.056666672229766853 0.025034427642822269 -0.36333334445953364 0.066116258502006545 -0.1766666769981384 -0.46999999880790705 0.096666663885116591 -0.22333332896232602
decision_type=2 2 2 2 2 2 2 2 2 2 2 2 2 2 2 2 2 2 2 2 2 2 2 2 2 2 2 2 2 2
left_child=1 3 -2 7 9 17 -4 8 29 12 -11 16 15 24 19 -5 -12 -3 -9 20 -6 -22 -19 -16 -7 -14 -25 -10 -20 -1
right_child=2 5 6 4 14 13 -8 18 27 10 11 -13 25 -15 23 -17 -18 22 28 -21 21 -23 -24 26 -26 -27 -28 -29 -30 -31
leaf_value=0.018183304314733154 0.019159836301429454 0.0068191059513837294 0.0085398981274130599 0.0067243414037374315 0.013531168216099993 -0.0010038305361168224 -0.013380573346779296 -0.011995865295835746 -0.010283555450533621 -0.0011933081512204005 0.020492019027565936 -0.0035284479407358738 0.015743741220725343 0.00057183635244714508 -0.011504113033270898 -0.0079781689838806444 0 0.0020822487424325977 0.00027095161726836827 -0.0054984370362216473 -0.005582385610016013 0.0055333339671038897 -0.011550157431042879 -0.0069118305644079239 -0.014108112928925498 0 0.0071132738625508717 0 -0.0070781652677878353 0
leaf_weight=8.2632085974328202 30.064578491961583 18.395787923363972 9.1229239294771087 13.193360768258573 6.4936036947183302 13.524345396086572 6.6290029191877684 33.927180113270879 6.2893711109645656 79.171444678911939 13.920172869227832 8.4184299074113351 42.088247061707079 11.817720913561059 20.042307194788012 8.6229766197502595 2.7398116842377922 5.3194528068415803 29.8412368837744 13.157422202173619 14.831344677833835 19.026621892582629 7.7805651125963777 3.4857134709600359 62.330995459575206 5.8355283751152447 5.8433897090144438 32.774013727670535 20.499959408771247 3.6307120516430578
leaf_count=224 579 1015 316 297 129 1121 314 1893 397 6231 471 771 876 399 1151 226 175 270 2062 664 1002 1118 722 278 4494 129 346 2057 1156 169
internal_value=-6.84843e-06 -0.00131463 0.0125666 0.000534191 0.00289787 -0.00733147 -0.000682012 -0.00371112 0.00189116 0.00545457 0.00166285 0.00997362 0.0102118 -0.0103918 -0.00219399 0 0.0170273 0.00082035 -0.00727631 0.00102353 0.00412597 0 -0.00579045 -0.00794178 -0.012322 0.0141133 0 -0.00284298 -0.00271311 0.0145764
internal_weight=557.081 511.265 45.8165 392.096 256.87 119.169 15.7519 135.226 50.9573 173.99 104.25 25.0784 69.7401 87.6731 82.8804 21.8163 16.66 31.4958 84.2684 53.509 40.3516 33.858 13.1 29.3714 75.8553 47.9238 9.3291 39.0634 50.3412 11.8939
internal_count=31052 29843 1209 21822 13864 8021 630 7958 2847 9176 7648 1417 1528 6014 4688 523 646 2007 5111 2913 2249 2120 992 1775 5615 1005 624 2454 3218 393
is_linear=0
shrinkage=0.05


Tree=35
num_leaves=31
num_cat=0
split_feature=19 39 3 31 38 37 7 24 20 26 31 38 38 25 41 41 30 20 19 41 14 38 38 15 24 16 26 37 6 5
split_gain=3.35935 1.69387 1.66395 2.25005 1.53317 1.27062 1.22386 1.04033 0.977263 0.928877 1.24885 1.95032 1.18932 0.914239 0.833414 0.844747 1.06638 0.67814 0.669674 0.644531 0.632705 0.583513 0.573867 0.541126 0.520698 0.481274 0.47898 0.445716 0.426409 0.498485
threshold=-0.45666666328907007 0.029931325465440754 0.31666666269302374 0.49000000953674322 -0.011066913604736326 -0.001793861389160156 0.34333333373069769 -0.32999998331069941 -0.20333333313465116 0.32999998331069952 0.42333334684371954 -0.045151710510253899 0.22565650939941409 -0.1766666769981384 0.10085978358983995 0.036879267543554313 -0.056666672229766839 -0.32166665792465204 -0.22333332896232602 0.031524809077382095 -0.16333332657814023 -0.028007507324218747 -0.032514572143554681 -0.40333333611488337 -0.26999998092651362 -0.26333332061767573 -0.41666667163372034 0.0195307731628418 -0.2766666561365127 -0.063333332538604722
decision_type=2 2 2 2 2 2 2 2 2 2 2 2 2 2 2 2 2 2 2 2 2 2 2 2 2 2 2 2 2 2
left_child=1 4 3 7 5 6 21 -2 -6 10 12 -12 14 -5 15 16 19 -11 27 22 -14 -1 -9 -18 -17 -24 -25 -4 -19 -30
right_child=2 -3 18 13 8 -7 -8 9 -10 17 11 -13 20 -15 -16 24 23 28 -20 -21 -22 -23 25 26 -26 -27 -28 -29 29 -31
leaf_value=-0.018972963874461801 -0.0070322999674350024 -0.0060797720611545899 -0.0048470914061702706 0.023946105456178229 0.00047630092862522557 0.011577425624214814 0.0069180493118247187 0.0064568719201154798 0.019768703151176986 -0.0046774531075138405 0.014409068193345035 -0.0082390321245015639 0.015953433105039969 0 0.0078683316732512023 0.0013623588535192684 0.0026836646319814126 0.013199341855669029 -0.011209164011846399 0.010278627103091315 -0.0018297648419879936 0 0.0035268619395021797 0.0020838846845789628 -0.0084917072578598318 -0.010412980203284284 -0.010228591920905567 0.0071500243947072856 -0.0025470824192869264 0.0060674715634103545
leaf_weight=7.4188937563449171 56.626619753194973 10.924083366990088 15.142171641113238 6.9872290852945298 11.297783568501471 11.473098124377428 5.5688433186151078 8.5467695710249263 37.311790945008397 9.967494417447595 21.210396058391783 8.3226120970211905 6.3947627013549209 4.499787471489979 7.2663520930800578 8.7142083127982897 7.8306725169531992 14.261704602511598 50.696085909381509 18.486687745433301 2.8846037192270142 4.982555158436301 2.5484979497268787 3.7290937728248528 104.4005409993697 11.793940011877565 33.454529067967087 6.0801103804260483 17.272543541155756 40.188619958469644
leaf_count=187 4602 156 555 102 172 147 95 523 422 522 290 611 185 182 436 730 232 457 4765 1382 280 65 89 216 7608 1140 2386 189 691 1690
internal_value=6.635e-06 0.00863161 -0.00167138 -0.000285143 0.011275 0.000937893 -0.00600958 -0.0011282 0.0162876 0 -0.00154303 0.00700959 -0.00298253 0.0171803 -0.00396555 -0.00473535 -0.000602829 0.00443293 -0.00836286 0.00454825 0.0102414 -0.0135362 -0.000388102 -0.00580569 -0.0074923 -0.00639739 -0.00829689 0 0.00628402 0.00308805
internal_weight=556.283 88.977 467.306 395.388 78.053 29.4434 17.9703 383.901 48.6096 327.274 245.584 29.533 216.051 11.487 206.771 199.505 86.3902 81.6904 71.9184 41.3759 9.27937 12.4014 22.8892 45.0143 113.115 14.3424 37.1836 21.2223 71.7229 57.4612
internal_count=31107 1244 29863 24354 1088 494 347 24070 594 19468 16108 901 15207 284 14742 14306 5968 3360 5509 3134 465 252 1752 2834 8338 1229 2602 744 2838 2381
is_linear=0
shrinkage=0.05


Tree=36
num_leaves=31
num_cat=0
split_feature=16 38 31 41 16 38 33 10 31 9 6 26 39 41 35 7 4 41 38 25 8 2 38 38 33 24 31 27 38 32
split_gain=2.9045 1.6929 2.95522 1.52222 1.4592 1.45688 1.24027 1.20676 1.18114 1.60082 1.91312 1.28972 1.04125 1.00756 0.993532 1.11338 1.40563 0.978368 0.894149 0.842486 0.798821 0.710022 0.689413 0.719143 0.793239 0.670886 0.621319 0.621201 0.644968 0.602391
threshold=-0.28333333134651179 0.0053477287292480477 0.34333333373069769 0.041826598346233375 0.18333333730697635 -0.045151710510253899 0.35666668415069586 -0.40333333611488337 -0.236666664481163 0.19666665792465213 -0.10333332419395445 -0.32333332300186152 0.02167985308915377 0.034374734386801727 -0.26333332061767573 0.32999998331069952 -0.090000003576278673 0.064443118870258345 -0.10676574707031249 0.21666666865348819 0.043333351612091071 -0.20833334326744077 -0.063411235809326158 -0.032514572143554681 -0.24999999999999997 0.26999998092651373 -0.28333333134651179 0.32999998331069952 -0.037441253662109368 -0.36333334445953364
decision_type=2 2 2 2 2 2 2 2 2 2 2 2 2 2 2 2 2 2 2 2 2 2 2 2 2 2 2 2 2 2
left_child=5 2 19 7 17 12 27 -4 9 10 13 -12 21 -7 -11 16 -16 -3 -14 29 -10 -1 -9 24 -24 -17 -6 28 -5 -2
right_child=1 4 3 6 26 8 -8 22 20 14 11 -13 18 -15 15 25 -18 -19 -20 -21 -22 -23 23 -25 -26 -27 -28 -29 -30 -31
leaf_value=0.0014672253032731947 0.0041286558848879487 -0.005236909155564521 0.010540567422999761 0.021787587468816299 0 -0.0079016932967188088 -0.0026574054210062523 -0.011156984656945385 0.0049570954378595593 0.012744732856306694 -0.00027257949735700888 0.02095255214032396 -0.0051964129858698633 0.0081662252568610837 0.0041069832710471264 0.012684586139978632 -0.015339922178708477 0.0083474321541337684 0.00892661340554495 -0.011522069129992879 -0.0056590676880558105 -0.016328085168688642 -0.003892858210044941 -0.0081363901392862738 0.014344240884187679 -0.0033570839922010655 -0.017053426912223345 0 0 -0.0043275735668445725
leaf_weight=3.4137319549918184 20.818051711190492 59.309890026110224 12.523197316098956 23.377991884946823 7.850975348846986 10.358071230119096 6.2455469700507811 15.398238206747914 34.413874173769727 8.1018924023956043 5.4858292255084953 44.796826479025185 14.98139536520466 16.951753970002756 9.4559189823921752 9.2183279567398113 16.886785326758403 9.8870385098271054 16.403148858575154 32.642187436809763 25.34956555091776 11.731808597687628 3.9124874626286319 5.3611251253169092 8.0818697968497855 4.5443747823592266 35.165641265455633 6.7510877063032231 3.9653117298148599 72.054668276803568
leaf_count=129 1208 5633 250 495 814 231 233 420 987 142 176 779 648 316 176 214 369 892 616 3420 1031 602 75 485 234 187 3637 200 304 6192
internal_value=0 -0.00301797 -0.000206928 0.00657491 -0.00781656 0.00423067 0.0129456 0 0.00622276 0.00887047 0.0130917 0.0184105 -0.00304127 0.000995884 0.000917965 -0.00227662 -0.00811943 -0.00245231 0.00176427 -0.00511199 0 -0.0118566 -0.0049743 0.000897745 0.00769162 0.00671162 -0.0145791 0.0163973 0.0192325 -0.00204369
internal_weight=555.439 323.345 211.132 85.6169 112.214 232.093 40.3399 45.2769 185.563 125.8 77.5925 50.2827 46.5301 27.3098 48.2073 40.1054 26.3427 69.1969 31.3845 125.515 59.7634 15.1455 32.7537 17.3555 11.9944 13.7627 43.0166 34.0944 27.3433 92.8727
internal_count=31095 24492 13516 2696 10976 6603 1232 1464 4608 2590 1502 955 1995 547 1088 946 545 6525 1264 10820 2018 731 1214 794 309 401 4451 999 799 7400
is_linear=0
shrinkage=0.05


Tree=37
num_leaves=31
num_cat=0
split_feature=30 25 3 0 25 19 17 22 21 39 5 26 18 1 38 29 38 38 16 36 9 5 32 8 20 10 38 5 32 33
split_gain=2.54361 1.64303 1.49347 0.858601 1.26835 1.1335 1.05682 0.871982 0.753107 0.713109 0.693075 0.627549 0.577018 0.56526 0.518926 0.504837 0.496506 0.511264 0.50667 0.533875 0.490002 0.912195 0.593222 0.480727 0.470412 0.450276 0.431494 0.493404 0.427068 0.560531
threshold=0.46333330869674688 0.30333334207534796 0.43666666746139532 0.18333333730697635 -0.030000001192092892 -0.30333334207534784 0.37666666507720953 -0.32333332300186152 0.096666663885116591 0.029510702937841419 -0.26999998092651362 0.25000000000000006 -0.4433333277702331 0.21666666865348819 -0.14892625808715818 -0.016666665673255917 -0.065584182739257799 -0.0029735565185546871 -0.13666665554046628 -0.0099999904632568342 0.17666667699813846 0.35000002384185797 -0.22999998927116391 -0.24999999999999997 -0.29000000655651087 -0.2766666561365127 -0.071657657623291002 0.17000001668930056 -0.023333340883255001 0.14333331584930423
decision_type=2 2 2 2 2 2 2 2 2 2 2 2 2 2 2 2 2 2 2 2 2 2 2 2 2 2 2 2 2 2
left_child=1 3 9 4 6 13 7 26 16 24 -5 -7 -10 -6 -3 -13 -9 25 19 -19 28 22 -22 -8 -2 -18 -1 -28 29 -12
right_child=2 14 -4 10 5 11 23 8 12 -11 20 15 -14 -15 -16 -17 17 18 -20 -21 21 -23 -24 -25 -26 -27 27 -29 -30 -31
leaf_value=0 0 0.0021328825737439933 -0.0045621993035326967 0.0032414131497554193 0.011665154483324685 -0.0025131121560779974 0.013807171090551993 -0.0093793106051187573 0.010868920740250816 0 -0.009278205411718617 0.01277653619231112 0 -0.00027167262124810904 -0.010257892251741466 0 0.011148101397921082 0.0059853454374842133 -0.010404358462270122 -0.0065641953583970986 0 0.0015538765057375844 -0.016888478379365853 0 0.01998228424643295 -8.6748307371466624e-06 -0.014448126223401862 0 0.00027051592159408678 0.0047297335446235302
leaf_weight=8.1437606224790198 6.0623345789499608 4.0179966597352168 7.9815536723472169 22.490557502023876 49.557435260154307 49.01459212647751 9.5795916696079058 21.660251582972705 12.194334287662057 6.4414102602750054 25.121397743234414 9.238899173447864 51.092577091651037 6.8851723368279627 52.698960268869996 11.449928937479852 6.9578489060513702 13.183803473366426 13.258137983269988 9.0257502095773798 4.2556926168035742 7.9155472209677091 20.914262935286388 5.3095401830505571 23.926543452078477 16.385610047960654 21.018302502809096 4.665834584273397 48.53649925859645 2.6431522266939274
leaf_count=377 137 358 496 1145 1069 4230 284 1042 222 108 1599 560 2894 157 5261 822 344 431 1392 319 254 570 1144 255 475 953 1211 258 2591 140
internal_value=-0.000176054 -0.00127046 0.0104906 -0.000156105 0.00119295 0.00501096 -0.00125921 -0.00254437 -0.000521194 0.0145565 -0.00350689 0.000232401 0.00319394 0.00992248 -0.00886141 0.0067763 -0.00375097 -0.000615907 -0.0044415 0 -0.00520744 -0.0100485 -0.0140961 0.00920049 0.0173018 0.00406432 -0.00914079 -0.0117931 -0.00222498 -0.00660074
internal_weight=551.627 507.215 44.4118 450.498 318.621 126.146 192.475 177.586 143.758 36.4303 131.877 69.7034 63.2869 56.4426 56.717 20.6888 80.4714 58.8112 35.4677 22.2096 109.387 33.0855 25.17 14.8891 29.9889 23.3435 33.8279 25.6841 76.301 27.7645
internal_count=31098 29882 1216 24263 16820 6838 9982 9443 7597 720 7443 5612 3116 1226 5619 1382 4481 3439 2142 750 6298 1968 1398 539 612 1297 1846 1469 4330 1739
is_linear=0
shrinkage=0.05


Tree=38
num_leaves=31
num_cat=0
split_feature=30 9 3 31 38 19 31 24 38 32 15 41 12 37 32 25 41 29 36 29 41 26 17 24 37 26 20 26 37 26
split_gain=3.196 2.04767 1.46843 1.2097 1.85304 1.5276 0.860422 1.23383 1.46356 1.22877 1.07157 0.854965 0.844994 0.899011 0.829433 0.806134 0.762287 0.637476 0.567464 0.515247 0.684133 0.475445 0.473808 0.471052 0.516319 0.468908 0.421106 0.420505 0.412257 0.375491
threshold=0.44333332777023321 0.23666667938232425 0.18999999761581424 0.43666666746139532 -0.042340755462646477 -0.0099999904632568342 -0.236666664481163 -0.030000001192092892 -0.032514572143554681 -0.12333333492279051 -0.4433333277702331 0.031783290207386024 -0.29000000655651087 0.06379938125610353 0.31666666269302374 -0.30333334207534784 0.055297430604696281 -0.26333332061767573 0.29666668176651007 0.22333335876464847 0.039897613227367408 -0.17000000178813932 0.25666666030883795 0.21666666865348819 -0.058026790618896477 0.45666664838790899 0.12333333492279054 0.29666668176651007 -0.14993143081665036 0.49000000953674322
decision_type=2 2 2 2 2 2 2 2 2 2 2 2 2 2 2 2 2 2 2 2 2 2 2 2 2 2 2 2 2 2
left_child=3 -2 14 5 11 6 7 10 -9 26 -1 -5 13 29 -3 17 -11 22 -4 20 27 -6 -7 24 -13 -23 -10 -14 -17 -8
right_child=1 2 18 4 21 15 12 8 9 16 -12 23 19 -15 -16 28 -18 -19 -20 -21 -22 25 -24 -25 -26 -27 -28 -29 -30 -31
leaf_value=-0.011940528018985054 0.021641612364714319 0.016527844126304519 -0.012086243525609601 -0.0014025542067686964 0.00223073278061867 -0.00058897563387556385 -0.01023277277904858 -0.0039476308874402122 -0.0084933855912882345 0.017157632120568641 0.0017858699255820583 0.0010660111405698476 -0.0052764846666496432 0.004846375603815207 -0.0015125627804857672 0.0020777726101875852 0 -0.0072193481027420002 0.00027670334233689803 -0.005902190455479496 0.0061523057973599847 -0.013456350072627903 0.011365358514391372 0 0.019906070215400248 0.0020859612129712057 0.0046948062905148935 0.0042805346188007996 -0.0088649537580059706 0
leaf_weight=14.254823492141439 19.358017149148509 13.515585625544192 8.2531576640903968 7.5536447260528794 4.6034434114117202 9.0469906511716598 51.851187034277245 16.042972301831469 5.9350502856541407 34.970025177113712 36.808822334278375 8.5806520096957666 29.128909456077963 7.8128739586099973 4.6265198860783121 3.2065229080617419 6.6226017561275503 8.7053633958566916 15.746100975666193 19.273428761400282 44.608145426260307 12.063309500925241 9.5669995420612377 7.0077394642867139 18.576810689643029 1.2654618935193855 4.6243782942183316 9.1895991861820203 111.80816343356855 4.9510768083855501
leaf_count=267 276 222 335 118 287 758 2297 704 167 813 1563 118 2615 293 203 181 181 795 809 1270 3243 989 488 122 264 67 123 479 10944 106
internal_value=0 0.0102077 0.00239352 -0.00139155 0.00483962 -0.00237158 -0.000143446 0.00292433 0.00716625 0.0110696 -0.00246045 0.0104148 -0.00250669 -0.00672725 0.0116592 -0.00649437 0.0146075 0.000357122 -0.00470845 0.000155736 0.00214805 -0.00644559 0.00581223 0.0134692 0.0159774 -0.0104979 -0.00159967 -0.00215119 -0.0082654 -0.00902814
internal_weight=549.558 61.4994 42.1414 488.059 59.6511 428.408 286.074 119.259 68.195 52.1521 51.0636 41.7188 166.815 64.6151 18.1421 142.334 41.5926 27.3194 23.9993 102.2 82.9267 17.9322 18.614 34.1652 27.1575 13.3288 10.5594 38.3185 115.015 56.8023
internal_count=31097 1845 1569 29252 1965 27287 14121 3818 1988 1284 1830 622 10303 2696 425 13166 994 2041 1144 7607 6337 1343 1246 504 382 1056 290 3094 11125 2403
is_linear=0
shrinkage=0.05


Tree=39
num_leaves=31
num_cat=0
split_feature=14 12 6 38 24 16 38 38 34 27 38 25 14 25 29 41 30 38 39 17 17 29 7 6 5 16 11 15 41 20
split_gain=3.27266 1.41734 1.17104 1.44062 1.13644 1.21006 1.36966 0.911314 0.804758 0.77158 1.03137 0.706741 0.648679 0.617532 0.595562 0.640425 0.872718 0.704691 0.76589 0.758151 0.735035 0.659279 0.608763 0.589442 0.586124 0.526626 0.493199 0.473998 0.467461 0.521089
threshold=-0.45666666328907007 0.42333334684371954 0.38999998569488531 0.12359237670898439 -0.33666665852069849 0.41666668653488165 -0.032514572143554681 -0.16125297546386716 -0.063333332538604722 -0.35000000894069666 0.22565650939941409 -0.13666665554046628 0.31000000238418585 -0.43000000715255732 0.043333351612091071 0.066116258502006545 -0.35000000894069666 -0.045151710510253899 0.029931325465440754 -0.2766666561365127 -0.15666666626930234 -0.10999999940395354 -0.36333334445953364 -0.17000000178813932 -0.069999992847442613 -0.069999992847442613 0.36333334445953375 0.069999992847442641 0.066116258502006545 0.2833333313465119
decision_type=2 2 2 2 2 2 2 2 2 2 2 2 2 2 2 2 2 2 2 2 2 2 2 2 2 2 2 2 2 2
left_child=2 4 3 11 13 9 8 -3 -7 12 14 -1 23 -2 15 17 -17 20 19 -19 -11 -21 -22 -6 -25 -12 -15 -24 29 -26
right_child=1 7 -4 -5 5 6 -8 -9 -10 10 25 -13 -14 26 -16 16 -18 18 -20 21 22 -23 27 24 28 -27 -28 -29 -30 -31
leaf_value=0.0019581167545846454 0.0030957090723577321 0.0047493247620600792 -0.0050506880791413569 -0.0052068229143636749 0.011249119884842299 0 -0.0039426448615365777 -0.013758383724605442 0.021394613634754169 -0.0070798899465811084 0.014718856863048633 0.015614760536258727 -0.007836896322101633 -0.010279918173933497 -0.0052982618114738025 -0.0051737065687103012 0.011514516991921702 0.0010970114213614641 0.0076469177221051704 -0.012840889067535166 -0.0019814317463085177 0 0 -0.0063361790001520302 0.0093176884966697082 -0.0010941362166917968 0.0023659499056451457 0.012607168565139874 -0.004167742175767152 -0.0012867282505606736
leaf_weight=18.828344837762415 6.6575310400221488 2.8298695425037321 7.986148160416632 7.4727725032716981 20.994779045460746 5.7393065560609129 7.4932747918646774 28.730188712710515 11.922557109966876 8.6217356408014876 7.6959651592187583 53.499770551919937 4.430231300648301 47.171268879668787 112.35429218411446 5.2908763198647675 16.752374743111432 16.835693200584501 4.077708839904516 35.265293745556846 11.510695234406734 16.200468403054401 8.67847395362333 10.739281627815215 30.272766937268898 3.0316085172817093 3.1555923800915471 19.277722261380404 6.0604013749398282 9.5655020948033762
leaf_count=313 428 147 140 104 692 168 713 2349 225 641 258 690 257 3931 7823 260 1045 890 259 3468 448 1476 755 421 1242 280 232 808 262 427
internal_value=9.2378e-05 -0.001574 0.00865686 0.0105773 -0.000687761 0.000293095 0.00977579 -0.0109397 0.0161765 -0.000476561 -0.00184868 0.0128012 0.00350373 -0.00691839 -0.00265959 -0.00028094 0.00636755 -0.00193954 -0.00500404 -0.0066523 0.00225413 -0.0094722 0.00550826 0.00496563 0.0013829 0.00996601 -0.0088756 0.00913352 0.00419443 0.00639094
internal_weight=549.142 461.355 87.787 79.8009 429.795 372.811 25.1551 31.5601 17.6619 347.656 265.593 72.3281 82.063 56.9844 254.865 142.511 22.0433 120.468 72.3792 68.3015 48.0886 51.4658 39.4669 77.6327 56.638 10.7276 50.3269 27.9562 45.8987 39.8383
internal_count=31152 29905 1247 1107 27409 22818 1106 2496 393 21712 18411 1003 3301 4591 17873 10050 1305 8745 6093 5834 2652 4944 2011 3044 2352 538 4163 1563 1931 1669
is_linear=0
shrinkage=0.05


Tree=40
num_leaves=31
num_cat=0
split_feature=30 5 31 12 9 1 9 36 5 27 31 38 29 25 23 39 5 41 41 4 25 9 25 10 41 25 41 9 39 12
split_gain=3.34308 1.53754 1.22681 1.74783 1.67654 0.913798 0.828082 0.804271 0.768796 1.88771 1.05944 1.25526 0.878886 0.816396 0.689121 0.653516 0.721263 0.650059 0.602141 0.595581 0.532595 0.511075 0.491172 0.483731 0.481029 0.465278 0.439372 0.442101 0.419273 0.480984
threshold=0.46333330869674688 0.42333334684371954 0.48333334922790533 0.40333333611488348 0.20333331823349002 0.33666664361953741 -0.056666672229766839 0.43000000715255743 0.1566666662693024 -0.22333332896232602 -0.11666667461395262 -0.035435676574707024 0.19666665792465213 -0.096666663885116563 0.38999998569488531 0.025036369450390342 -0.26999998092651362 0.031524809077382095 0.047362785786390312 -0.31666666269302363 0.14333331584930423 -0.29000000655651087 -0.26333332061767573 -0.17000000178813932 0.033619904890656478 -0.36333334445953364 0.040138021111488349 0.18999999761581424 0.012703213375061752 -0.076666668057441698
decision_type=2 2 2 2 2 2 2 2 2 2 2 2 2 2 2 2 2 2 2 2 2 2 2 2 2 2 2 2 2 2
left_child=2 7 3 5 -4 8 -7 -2 12 10 11 -10 13 19 15 16 -14 20 -13 22 -15 24 -1 -18 -19 -5 -23 -28 -25 -30
right_child=1 -3 4 25 -6 6 -8 -9 9 -11 -12 18 14 17 -16 -17 23 21 -20 -21 -22 26 -24 28 -26 -27 27 -29 29 -31
leaf_value=0.0068204076788678644 0.018636263978436027 -0.0035597848874569975 0.016752441159478208 0 -0.0068988643803119185 0.00037542398914633727 -0.010979893747326965 0 -0.00029358274699436688 -0.0027316623116516656 0 0.024694424395125762 0.0008036466704129581 0.0020285213427837789 0.0042108517235609167 0 0 0.0092279678016847656 0.0016970497572929783 -0.0044098757261839408 -0.010202273926170236 0.00057795123199054054 -0.0035788600736584701 0 -0.0037994927324146843 -0.014177167615191706 0.012851275171037221 0 -0.018204782313470318 0
leaf_weight=21.593136593233794 32.063365630805492 8.0494996602646989 14.724859814392405 3.0130939462687847 5.7969307641033074 19.630441325949505 33.390976585680619 5.5952748993877313 6.8477869452908662 47.382795659359545 16.253185601672158 15.281324641313406 6.8698415411636224 12.799909904366361 7.3627537130378178 15.566236693412064 5.0603872647043309 3.4164027683436897 7.2436119206249705 97.131751639768481 8.665120709454639 22.486902703996748 10.950613320106639 2.5204369723796836 21.757806401466951 27.981080076890066 30.804736353224143 6.4917220028582951 27.455506619298827 3.5632657897658708
leaf_count=1041 530 533 339 172 258 1246 2328 161 287 3827 1024 329 282 802 206 653 216 190 163 6058 765 1505 571 84 1455 2460 1833 532 948 349
internal_value=0 0.0120782 -0.00126609 -0.00186461 0.00907957 -0.000933514 -0.00674139 0.0160233 -8.14752e-06 0.00376552 0.0105304 0.0153857 -0.00129182 9.57277e-05 -0.00603887 -0.00791446 -0.0106455 0.00333955 0.0200879 -0.00241212 -0.00314879 0.00535329 0.00266016 -0.0130777 0 -0.0123766 0.00768422 0.0107175 -0.0149499 -0.0163411
internal_weight=547.751 45.7081 502.043 481.521 20.5218 450.527 53.0214 37.6586 397.505 93.0087 45.6259 29.3727 304.497 236.098 68.3984 61.0357 45.4694 106.423 22.5249 129.676 21.465 84.9576 32.5437 38.5996 25.1742 30.9942 59.7834 37.2965 33.5392 31.0188
internal_count=31147 1224 29923 29326 597 26694 3574 691 23120 5630 1803 779 17490 14752 2738 2532 1879 7082 492 7670 1567 5515 1612 1597 1645 2632 3870 2365 1381 1297
is_linear=0
shrinkage=0.05


Tree=41
num_leaves=31
num_cat=0
split_feature=30 3 9 31 19 36 35 38 20 31 29 41 38 16 39 39 17 11 40 39 5 19 38 28 19 20 11 15 9 19
split_gain=2.18911 1.6508 1.07647 1.07057 1.29848 1.03424 1.1898 0.959282 0.726512 0.711539 1.25205 0.777687 0.784856 1.4647 0.819429 0.924281 0.735975 0.644609 0.641792 0.615853 0.558226 1.03087 0.696656 0.638066 0.577107 0.549421 0.829447 0.516058 0.490888 0.4902
threshold=0.44333332777023321 0.31666666269302374 0.23666667938232425 0.48333334922790533 0.37000000476837164 0.27666664123535162 0.18333333730697635 -0.042340755462646477 0.21666666865348819 -0.236666664481163 0.18333333730697635 0.064443118870258345 0.025660514831542972 -0.14333333075046537 0.021203168667852882 0.029510702937841419 0.096666663885116591 -0.1766666769981384 0.68999999761581432 0.036030437797307975 0.19666665792465213 -0.35000000894069666 0.074775695800781264 0.24166667461395266 -0.37666666507720942 -0.30333334207534784 -0.090000003576278673 -0.45666666328907007 0.030000001192092899 0.2833333313465119
decision_type=2 2 2 2 2 2 2 2 2 2 2 2 2 2 2 2 2 2 2 2 2 2 2 2 2 2 2 2 2 2
left_child=1 3 -2 4 9 18 -7 -5 -8 20 11 12 14 -14 16 29 -11 -10 -4 -6 22 -22 23 -1 27 -13 -27 -24 -17 -16
right_child=2 -3 5 7 19 6 8 -9 17 10 -12 25 13 -15 15 28 -18 -19 -20 -21 21 -23 24 -25 -26 26 -28 -29 -30 -31
leaf_value=0.0013108343916389069 0.016994672465492546 -0.0080278597659248583 -0.013912041840438953 0.01602775263638961 -0.01166854554022119 0.018070688247645354 0.0071932387784406004 -0.0030654959736958801 -0.012856190558928652 0.00012524958126283105 -0.0074725871584493857 -0.0028639488167289257 0.003150589772757598 -0.011953785129417263 -0.0077128380223007373 0.0091357405079933972 0.012934597699947099 0.003624105165791194 0.0031528220446144384 0.003021471685866342 0.014337016083834284 -0.0027879704502393014 0 -0.0086490511059848958 -0.00096176837113886064 0 0.015686459809341396 0.014545165587245133 -0.0026296626938946315 0.0033538527352661024
leaf_weight=40.504992382833734 19.741078489925712 64.293808730551973 6.7652786320541036 13.243939317297192 28.252099202014509 9.1089756975416076 11.880151571007447 4.5786862943787119 8.3939826553687436 29.262387815397233 51.68020752328448 5.1889345454983404 21.773610297590494 29.771113098249771 41.228884173557162 17.154861587099735 17.826593664707616 3.408757366705685 3.1918303966522217 3.2314556110650292 20.212850119918588 7.4551943552214643 5.5736048109829452 16.908425373025239 9.7511133304797095 14.690857105888428 15.834425510372965 14.734028274193408 6.5740139670670024 5.5171955865807822
leaf_count=2130 291 4706 222 155 2319 200 552 278 177 2192 3272 329 1048 3330 2453 983 1147 288 115 137 418 657 84 463 666 839 852 270 342 253
internal_value=0.000199104 -0.00092478 0.00860771 0.000199126 -0.000344615 0.00260685 0.00710696 0.0105365 0 0.000478727 -0.000916553 0.000784652 -0.000569151 -0.00547569 0.00154117 -0.00159752 0.00635921 -0.00707495 -0.00774645 -0.00925151 0.00368487 0.0093056 0.00115633 -0.00176896 0.00680169 0.00695412 0.00950384 0.0108489 0.00516237 -0.00569979
internal_weight=547.733 485.243 62.4901 420.949 403.127 42.749 32.7919 17.8226 23.6829 371.643 256.503 204.823 169.109 51.5447 117.564 70.475 47.089 11.8027 9.95711 31.4836 115.14 27.668 87.4722 57.4134 30.0587 35.7142 30.5253 20.3076 23.7289 46.7461
internal_count=31168 29323 1845 24617 24184 1554 1217 433 1017 21728 17040 13768 11748 4378 7370 4031 3339 465 337 2456 4688 1075 3613 2593 1020 2020 1691 354 1325 2706
is_linear=0
shrinkage=0.05


Tree=42
num_leaves=31
num_cat=0
split_feature=30 3 24 39 23 12 4 11 16 9 27 36 27 32 11 29 41 24 24 3 3 24 14 5 16 5 23 13 39 39
split_gain=2.75711 1.56286 1.27432 1.43446 1.05325 1.16898 1.24912 0.890213 1.06319 0.937457 0.778954 1.38261 0.77057 0.709523 0.730355 0.778489 0.7029 0.785812 0.665147 0.632005 0.577765 0.532676 0.515233 0.506465 0.483117 0.460819 0.42169 0.404488 0.469441 0.398637
threshold=0.46333330869674688 0.31666666269302374 0.38333332538604742 0.029510702937841419 -0.19666665792465207 0.42333334684371954 -0.32333332300186152 0.38333332538604742 -0.26333332061767573 -0.0099999904632568342 -0.25666666030883784 0.35000002384185797 -0.40333333611488337 -0.32333332300186152 -0.15000000596046445 0.01666665077209473 0.062716234475374236 0.01666665077209473 -0.16333332657814023 0.43000000715255743 -0.29666668176650995 -0.18333333730697629 -0.33666665852069849 0.30333334207534796 0.32999998331069952 -0.10999999940395354 -0.063333332538604722 -0.3899999856948852 0.021203168667852882 0.01583376340568066
decision_type=2 2 2 2 2 2 2 2 2 2 2 2 2 2 2 2 2 2 2 2 2 2 2 2 2 2 2 2 2 2
left_child=1 4 3 19 5 6 10 8 9 16 11 -1 -11 21 -15 -16 17 18 -6 -2 -8 -10 26 -9 -12 -23 -14 -22 -29 -26
right_child=2 -3 -4 -5 7 -7 20 23 13 12 24 -13 22 14 15 -17 -18 -19 -20 -21 27 25 -24 -25 29 -27 -28 28 -30 -31
leaf_value=0.017881125336461388 0.021414686642551289 -0.0078329642763517848 -0.0027178917628714562 -0.002318899343677502 0.0096669182080292293 -0.01618034302868852 0 0.014775278972219131 0 0.0056958137030450181 -0.0042562590920010804 -0.0062380424716101668 0.00078660840006719687 -0.0054826805750987952 0.0060293770756097561 -0.0035906584470223341 -0.00065469418602732586 0.01585867569186513 -0.0047685496353690234 0 -0.015088367085883106 -0.015301983639571881 0.0034459529035965157 -0.00036936667598481585 -0.0035709575019521652 0 -0.009799796124004518 0.00086717599526528488 -0.0084802599910610947 0.0090508010501879066
leaf_weight=12.277388185495509 25.266551373992119 69.643587965285406 8.6016788613051158 6.1798730613663784 7.931951543781909 10.60387505055405 25.410252448404208 13.098450769670309 13.738706394913608 28.668480380903929 25.735237736720592 3.3179925966542205 6.4921700097620514 34.999663692666218 53.107269217958674 24.320710129803047 11.081556039396672 26.874105446971953 11.207727278349919 4.6059874040074638 13.979528298135845 14.721488515380772 8.6440807192120683 3.0846145122777662 2.121358693111687 2.4518525665625921 24.846611322369426 18.897106476593763 18.132216168334708 12.627605513669549
leaf_count=395 468 5031 451 114 241 858 1618 606 1001 664 1871 183 203 2736 3903 2467 331 690 324 191 407 920 593 268 182 164 734 1520 1307 641
internal_value=-4.49119e-05 -0.00120677 0.0110275 0.0148214 0 -0.003453 -0.00159709 0.00171364 0.00080085 0.0041234 0.00359562 0.0112846 0 -0.00199505 0 0.00266708 0.00852329 0.0110348 0.00109879 0.018859 -0.00569539 -0.00800989 -0.0041755 0.0114425 0 -0.0126357 -0.00716317 -0.00849896 -0.00367325 0.00552286
internal_weight=542.67 498.016 44.6541 36.0524 428.372 143.103 132.499 285.269 269.086 125.747 56.0796 15.5954 68.6513 143.34 112.428 77.428 57.0953 46.0138 19.1397 29.8725 76.4191 30.912 39.9829 16.1831 40.4842 17.1733 31.3388 51.0089 37.0293 14.749
internal_count=31082 29858 1224 773 24827 8982 8124 15845 14971 3780 3272 578 2194 11191 9106 6370 1586 1255 565 659 4852 2085 1530 874 2694 1084 937 3234 2827 823
is_linear=0
shrinkage=0.05


Tree=43
num_leaves=31
num_cat=0
split_feature=14 1 34 12 26 16 26 39 3 21 40 24 31 9 39 33 39 10 37 31 21 12 12 36 25 19 10 41 28 41
split_gain=1.56923 1.24696 1.32629 1.10024 0.896689 1.28766 0.882752 1.05469 0.768184 1.20425 0.712578 0.679088 0.676128 0.639413 1.34231 0.975314 0.788018 0.640204 0.610424 0.592533 0.591802 0.572409 0.512211 0.481798 0.474331 0.540452 0.461829 0.525749 0.460779 0.630033
threshold=-0.46999999880790705 0.096666663885116591 -0.37666666507720942 0.43000000715255743 0.32999998331069952 0.41666668653488165 0.030000001192092899 0.01583376340568066 -0.14333333075046537 0.11000001430511476 0.1566666662693024 -0.090000003576278673 0.46999999880790716 -0.090000003576278673 0.029931325465440754 -0.26333332061767573 0.041682511568069465 -0.43000000715255732 -0.00031042098999023432 -0.21000000834465024 -0.28333333134651179 0.069999992847442641 -0.32333332300186152 0.37000000476837164 -0.22333332896232602 -0.18999999761581418 0.01666665077209473 0.0954544171690941 0.18333333730697635 0.040605081245303161
decision_type=2 2 2 2 2 2 2 2 2 2 2 2 2 2 2 2 2 2 2 2 2 2 2 2 2 2 2 2 2 2
left_child=1 23 -3 4 5 13 7 -7 -6 22 -4 -11 -5 14 15 17 20 -2 -14 24 -16 -9 -10 -1 -17 -26 27 -19 29 -15
right_child=3 2 10 12 8 6 -8 21 9 11 -12 -13 18 28 16 19 -18 26 -20 -21 -22 -23 -24 -25 25 -27 -28 -29 -30 -31
leaf_value=0.015974428937736821 0.00057722658626382288 0.010663339388847913 -0.015874465776650481 -0.013428266399183212 0.0091245700406426579 -0.0046831256098253142 -0.0033644940375275449 0 -0.012551985215243592 -0.0029920223951348524 0 0.0087782411743326863 0.0097433698697186946 -0.0058292421341661835 -0.0010241032216649114 -0.0021500189637789387 -0.0024557477188405924 -0.013412341704160644 -0.0079421591676850072 -0.0018226998198983659 0.016755050641685195 0.018761247103527365 0 0 0.012917399722939281 -0.0017165479881025023 0.00087962096297645423 0.0013359728368321942 -0.0078094767190227607 0.0018817718651274176
leaf_weight=24.138077762909237 13.031404602574183 10.162528764456512 6.9340983540751067 21.3643402538728 32.984574387664907 3.1599219469353619 8.3192152436822635 3.4876811474096057 11.379160604905335 10.236654898384584 12.07964802905917 34.330779284471646 4.418218785431236 44.79818412521854 1.9504394014366031 5.0769165453966734 5.0893591507337979 33.867874980904162 2.5963059207424513 49.130170506658033 15.220887029310687 15.979371782857923 22.545553064672276 7.5872525433078399 17.021703371778138 3.150520703522484 3.4742879085242739 2.4390106219798318 72.410571984946728 44.177061529597268
leaf_count=323 931 137 117 2023 1338 231 551 203 329 445 159 1265 132 3652 140 221 300 2518 156 3846 841 617 1264 99 421 343 265 129 4652 3446
internal_value=-3.73855e-05 0.0070961 0 -0.00106687 -0.000350623 -0.00167047 0.00702777 0.0116263 0.00336182 0.000168276 -0.00768666 0.00554612 -0.00972168 -0.00273203 -0.000170945 -0.00241573 0.00956036 -0.00729654 0.00063278 0.00102479 0.0139144 0.015735 -0.00604224 0.0131123 0.00665163 0.00980709 -0.0101595 -0.0117817 -0.00486325 -0.00186041
internal_weight=542.542 60.9016 29.1763 481.64 453.261 341.785 30.9462 22.627 111.477 78.4921 19.0137 44.5674 28.3789 310.838 149.453 127.192 22.2607 52.8126 7.01452 74.3793 17.1713 19.4671 33.9247 31.7253 25.2491 20.1722 39.7812 36.3069 161.386 88.9752
internal_count=31094 835 413 30259 27948 23307 1602 1051 4641 3303 276 1710 2311 21705 9955 8674 1281 3843 288 4831 981 820 1593 422 985 764 2912 2647 11750 7098
is_linear=0
shrinkage=0.05


Tree=44
num_leaves=31
num_cat=0
split_feature=16 38 29 41 29 38 31 39 37 37 20 39 8 14 40 41 38 41 15 38 37 14 4 11 13 41 37 41 38 6
split_gain=1.24585 1.46354 1.61882 1.50008 1.32153 1.66703 2.07213 1.26982 1.4745 1.53438 1.209 1.10212 1.05709 1.02913 1.01418 1.12205 0.790524 0.786299 0.780796 0.761325 0.696174 0.694032 0.676892 0.645379 0.631306 0.60414 0.578366 0.552494 0.540776 0.535211
threshold=-0.28333333134651179 1.0000000180025095e-35 0.32333332300186163 0.064443118870258345 0.056666672229766853 0.0053477287292480477 0.31000000238418585 0.025068226270377639 0.012290954589843752 -0.016443252563476559 -0.32166665792465204 0.029931325465440754 -0.063333332538604722 0.043333351612091071 0.51999998092651378 0.03081739787012339 -0.032004356384277337 0.028687337413430217 -0.43000000715255732 -0.042340755462646477 0.017503738403320316 -0.46999999880790705 -0.016666665673255917 -0.26999998092651362 -0.35000000894069666 0.048316203057765968 0.041211605072021491 0.040605081245303161 -0.083765983581542955 0.01666665077209473
decision_type=2 2 2 2 2 2 2 2 2 2 2 2 2 2 2 2 2 2 2 2 2 2 2 2 2 2 2 2 2 2
left_child=1 7 12 10 5 6 25 8 9 16 -4 24 20 -7 15 28 27 -11 -14 -17 -3 -13 -16 -19 -9 -2 29 -1 -8 -10
right_child=4 2 3 -5 -6 13 14 11 26 17 -12 21 18 -15 22 19 -18 23 -20 -21 -22 -23 -24 -25 -26 -27 -28 -29 -30 -31
leaf_value=0.0001770997302533084 3.5937037443660096e-05 -0.0014254459955229601 -0.0001633982549101604 -0.0049399686403106251 -0.0072434693092268913 0 -0.010727014143242682 0.017411770032408149 -0.00099270387083075164 0 0.019011093950447127 0.0068331300727974336 -0.014635634912395029 -0.011157254983895699 0.0057599208902066185 0.017695720701436501 0.0033488385487223634 -0.029470301817877548 0 0 0.010384646843824452 -0.0087591023138701343 -0.0077149172847775453 0 0 -0.0082231977247636673 -0.0027472923158778882 -0.014060376820274527 0.0048495013173175776 0.014397247859245814
leaf_weight=5.8408450977876774 55.103742266306654 13.133159207180141 6.9015352306887499 5.5486850787419817 86.233324820874259 30.93713234399911 3.2978763207793236 12.331758467946203 3.4438977320678559 3.7601580410264424 36.934156026691198 5.3287055818364051 7.8237756993621614 38.711258142022416 15.810726801399143 35.403777725994587 20.601779268356044 8.3583725448697788 22.314316983567551 7.7234553906600913 25.333012400660664 10.970122589729725 10.27392326411791 3.6096828798763445 3.7174386112019411 25.526746156392619 9.0146258189342898 10.422642871271817 6.5210080512333644 9.355958602158351
leaf_count=304 4368 338 185 125 8388 2779 79 261 120 113 826 76 162 4251 611 782 533 237 810 394 582 506 432 178 225 2157 276 551 245 254
internal_value=-0.000132422 0.00262367 0.00636521 0.0127665 -0.00218552 -4.10029e-05 0.00266317 -0.0014085 -0.00508404 -0.00945935 0.0158344 0.0058668 0.000766001 -0.00629006 0.00821161 0.0118441 -0.00209322 -0.0202285 -0.00528423 0.0150055 0.00614195 -0.00207332 0 -0.024581 0.0134342 -0.00267867 0.0043308 -0.00915452 -0.000886144 0.00993138
internal_weight=540.288 224.745 117.989 49.3844 315.543 229.31 159.661 106.756 74.408 52.5935 43.8357 32.348 68.6043 69.6484 79.0308 52.9461 36.8653 15.7282 30.1381 43.1272 38.4662 16.2988 26.0847 11.9681 16.0492 80.6305 21.8145 16.2635 9.81888 12.7999
internal_count=31148 6662 3028 1136 24486 16098 9068 3634 2566 1916 1011 1068 1892 7030 2543 1500 1388 528 972 1176 920 582 1043 415 486 6525 650 855 324 374
is_linear=0
shrinkage=0.05


Tree=45
num_leaves=31
num_cat=0
split_feature=24 30 9 31 31 39 23 4 38 39 9 27 31 12 27 5 41 39 10 1 18 41 31 40 38 24 3 27 29 41
split_gain=1.63247 1.37728 1.31009 1.62501 1.11006 1.30824 1.20758 1.34061 1.10093 1.09081 0.937857 0.906135 0.734898 0.679391 0.658886 0.655956 1.38339 0.654006 0.899436 0.712402 0.581788 0.569856 0.92667 0.484172 0.454011 0.444438 0.958566 0.448904 0.424998 0.810149
threshold=0.43000000715255743 0.46333330869674688 0.21666666865348819 0.47666668891906744 -0.236666664481163 0.029931325465440754 -0.13666665554046628 -0.33666665852069849 -0.032514572143554681 0.029510702937841419 0.043333351612091071 0.13666665554046634 -0.41666667163372034 -0.13666665554046628 0.33666664361953741 -0.030000001192092892 0.055297430604696281 0.025036369450390342 -0.030000001192092892 -0.36333334445953364 -0.26999998092651362 0.036240529268980033 -0.4433333277702331 0.043333332985639579 0.08272790908813478 -0.24333333969116208 0.21666666865348819 -0.18999999761581418 0.23666667938232425 0.040138021111488349
decision_type=2 2 2 2 2 2 2 2 2 2 2 2 2 2 2 2 2 2 2 2 2 2 2 2 2 2 2 2 2 2
left_child=1 2 3 4 6 17 7 20 -8 21 13 12 -4 -7 -5 -10 -17 19 23 -6 -1 22 -3 -19 -2 -14 27 -27 29 -21
right_child=24 9 11 14 5 10 8 -9 15 -11 -12 -13 25 -15 -16 16 -18 18 -20 28 -22 -23 -24 -25 -26 26 -28 -29 -30 -31
leaf_value=0.014679774603935934 -0.013625722615982733 -0.0063774227372090072 0.00096777389199395169 0.016864097109680346 0.0059720170991144931 0 -0.0026519819496192611 -0.0094752971992681928 0.0021075907814056974 -0.0045265321812664695 -0.0054846631446473547 0.002626654695539579 -0.016314554214534819 0.01382542682520093 0 0.018813222896291934 -0.0026062664316670783 0 0 -0.0052835054532040376 -0.0011752140859696831 0.017390015116353026 0.012307640776289997 -0.017110585914362729 0 0.0041363097942551472 -0.012752379074947633 -0.006713498379016085 -0.0081069558608345468 0.0019943470272607449
leaf_weight=5.8996644779108465 21.103788831038404 8.1023370572365803 14.613665567245333 15.905512916855516 19.042462234618142 8.7187778421212005 13.326889699790625 21.758179448079318 22.847846243297681 6.4284658324904731 6.7125586518086484 22.175098204985261 17.744439652189612 22.135369937401265 4.4293683350551865 29.248098973184824 5.4395672965329132 1.6092137475498081 11.699540128232909 64.803030537208542 4.7887636094819737 18.696327034849674 5.8153192324098191 16.868289238540456 4.4318925077095619 22.336367510259151 17.509740642737597 8.1432389772962797 27.792003988986835 72.081245528999716
leaf_count=178 1864 134 569 330 1151 490 736 1006 777 123 474 1988 1339 1265 126 727 175 89 677 4806 403 459 202 1239 415 1071 1222 715 1620 4810
internal_value=-2.73804e-05 0.000594171 -0.000140888 0.00118821 0.000222963 -0.00150084 0.00449962 -0.00262732 0.00803853 0.00896252 0.00627809 -0.00503096 -0.00746957 0.00999182 0.0131915 0.0109248 0.0149509 -0.00311478 -0.00945801 -0.00167492 0.0082096 0.012559 0.00153041 -0.0149691 -0.0111165 -0.00961789 -0.00514079 0 -0.00288451 -0.00135331
internal_weight=542.207 516.671 477.629 375.106 354.772 251.462 103.309 32.4466 70.8624 39.0424 37.5667 102.523 80.3475 30.8541 20.3349 57.5355 34.6877 213.896 30.177 183.719 10.6884 32.614 13.9177 18.4775 25.5357 65.7338 47.9893 30.4796 164.676 136.884
internal_count=31180 28901 27983 21079 20623 16621 4002 1587 2415 918 2229 6904 4916 1755 456 1679 902 14392 2005 12387 581 795 336 1328 2279 4347 3008 1786 11236 9616
is_linear=0
shrinkage=0.05


Tree=46
num_leaves=31
num_cat=0
split_feature=17 9 26 10 41 31 32 5 37 12 11 41 31 1 4 19 38 31 9 41 37 32 14 2 19 41 14 18 26 10
split_gain=1.34078 1.44729 1.3269 1.23423 2.18437 1.19737 1.12409 1.10558 0.828382 0.77858 1.28245 0.807214 0.687244 0.652608 0.644046 0.578896 0.934157 0.913508 0.758392 0.957936 1.05802 0.655852 0.589488 0.546197 0.591807 0.607683 0.535483 0.499993 0.442059 0.439598
threshold=-0.4433333277702331 0.23666667938232425 0.44333332777023321 0.35666668415069586 0.036879267543554313 0.49000000953674322 -0.0099999904632568342 1.0000000180025095e-35 0.014905929565429689 0.40333333611488348 -0.090000003576278673 0.066116258502006545 0.46999999880790716 -1.0000000180025095e-35 0.2833333313465119 -0.31000000238418574 0.031355857849121101 0.16333335638046267 -0.090000003576278673 0.036879267543554313 -0.032941818237304681 -0.11666667461395262 -0.10999999940395354 0.29666668176651007 0.096666663885116591 0.062716234475374236 0.25666666030883795 -0.25666666030883784 0.48333334922790533 0.46999999880790716
decision_type=2 2 2 2 2 2 2 2 2 2 2 2 2 2 2 2 2 2 2 2 2 2 2 2 2 2 2 2 2 2
left_child=1 6 5 13 -5 9 8 -7 -1 10 -2 15 29 -3 -13 21 18 -18 19 20 -17 -12 -22 24 25 -4 -21 -23 -8 -11
right_child=2 3 23 4 -6 7 28 -9 -10 12 11 14 -14 -15 -16 16 17 -19 -20 26 22 27 -24 -25 -26 -27 -28 -29 -30 -31
leaf_value=-0.0083168741263904816 -0.0045572451588774716 0 0.014768906060414606 -0.010238885846569392 0.015977199370684588 0.017527485844497544 0.018543920378821979 -0.0039227128214637504 0.0084957902602477986 -0.014142404157651629 -0.0032526945522752398 0.011492280012869727 0.002692196119018875 -0.016762225579293015 -0.0023756455967400558 -0.0007533934472436386 0 -0.014554258789317587 -0.0036076509098402171 0.0028165052356345448 0 0 0.018846760839463631 -0.0017426807938936463 -0.0011435146579661692 0 -0.0085020050003540727 0.015821481382213957 0 0
leaf_weight=8.1883315639570373 174.2086881196592 6.4148571072146305 24.573964491486553 7.1900418102741268 13.131626665592192 9.1095244386233372 24.889813678804789 4.3631335915997616 9.0951132173649949 24.099035243503756 5.6763663876336095 23.210721413837749 4.4684588832315049 8.1261814939789438 5.5069676700513801 9.7965648805256951 21.229174764361233 16.928869720664807 42.773450748762116 21.205574241233993 2.2358984181191799 5.7805505087599167 16.011385212885216 7.9671787016559383 5.7019224017858496 5.3067728264722964 9.9681427532341313 9.5535656653810257 6.0025799097493282 3.3959858238231382
leaf_count=224 10066 139 696 144 198 192 467 190 202 2255 215 1405 181 189 477 519 2463 1995 3826 1658 216 186 820 356 346 160 448 274 87 353
internal_value=0.000299809 0.00594441 -0.000744441 -0.00118705 0.00553227 -0.001706 0.0111265 0.0102287 0 -0.00232076 -0.00150033 0.00123038 -0.0092934 -0.0106677 0.00816187 -0.000103839 -0.00148378 -0.0076336 0.000881855 0.00454157 0.0104373 0.00646026 0.0161761 0.00690474 0.00941424 0.01198 -0.000918299 0.0111312 0.0160615 -0.012121
internal_weight=536.11 83.0385 453.072 34.8627 20.3217 409.522 48.1758 13.4727 17.2834 396.049 364.086 189.877 31.9635 14.541 28.7177 161.16 140.149 38.158 101.991 59.2176 28.0438 21.0105 18.2473 43.5498 35.5827 29.8807 31.1737 15.3341 30.8924 27.495
internal_count=30947 1650 29297 670 342 27739 980 382 426 27357 24568 14502 2789 328 1882 12620 11945 4458 7487 3661 1555 675 1036 1558 1202 856 2106 460 554 2608
is_linear=0
shrinkage=0.05


Tree=47
num_leaves=31
num_cat=0
split_feature=24 31 31 10 14 38 1 18 41 38 10 11 38 25 6 38 35 8 39 27 41 41 40 18 28 38 12 38 31 10
split_gain=1.29388 1.0852 0.806182 1.45825 1.7118 0.829623 0.726011 1.07587 0.700675 0.921293 1.0174 1.35747 0.944186 0.998478 0.655404 0.654263 1.25012 0.638008 0.748187 0.853312 0.84415 1.03581 0.73621 0.562489 0.561063 0.55482 0.536693 0.50564 0.659766 0.487849
threshold=0.40333333611488348 -0.24333333969116208 0.43666666746139532 -0.10333332419395445 0.32333332300186163 -0.042340755462646477 0.05500000715255738 -0.33666665852069849 0.03232953883707524 -0.018045425415039059 0.38999998569488531 -0.45666666328907007 0.078113079071044936 -0.12999999523162839 -0.24999999999999997 0.074775695800781264 0.29666668176651007 0.069999992847442641 0.029931325465440754 -0.35000000894069666 0.1004048138856888 0.036240529268980033 0.63666665554046642 -0.3899999856948852 0.35000002384185797 -0.12991857528686521 -0.40333333611488337 0.058746337890625007 0.35000002384185797 0.14999997615814212
decision_type=2 2 2 2 2 2 2 2 2 2 2 2 2 2 2 2 2 2 2 2 2 2 2 2 2 2 2 2 2 2
left_child=1 6 17 5 -5 -4 7 15 14 10 11 -10 13 -11 -8 16 -1 18 19 26 21 -21 23 -23 -14 -19 -3 28 -2 -25
right_child=27 2 3 4 -6 -7 8 -9 9 12 -12 -13 24 -15 -16 -17 -18 25 -20 20 -22 22 -24 29 -26 -27 -28 -29 -30 -31
leaf_value=-0.00084812317982637568 -0.014513296268006388 -0.0045432797755630997 0.01392671101375252 0.0086617127152197205 -0.013581633885232021 -0.0011586484797096639 -0.0047981400969615423 -0.00094723581926989286 -0.026528304071170652 -0.0029278940607530709 0.0035617039151178173 -0.00095395892941325131 0.00056439909232258625 0.013637610245357349 0.010345556354630915 0.016655642177344127 0.014575171204035078 0.0032557665821301529 0.0059792165849799827 0 0.007671443055970408 0 -0.00070415198828644484 -0.016094166451975974 -0.015163459984862529 -0.0075814171063555424 0.0070812493680699352 0 0.00073084708334319451 0
leaf_weight=31.295442022383213 23.04360932321288 6.4693676114547989 24.790609619580209 8.2760389323811996 14.649084251374004 7.6499638196546575 3.3862118322867927 27.951657455647364 5.9286633317824498 9.1134463895577937 6.3699136846698812 13.962086246814579 6.0866078219842148 15.660291760694236 18.982647139113396 20.511612577596679 13.262257002294062 6.9790374047588548 27.311568996170536 51.369375935988501 7.0629789619706562 4.8933424702845505 24.618308384902775 35.095795730827376 3.8645560031291097 71.234881788492203 28.511741435504518 9.8202194306068105 4.7237487942911676 4.0422377341892561
leaf_count=757 1932 167 299 327 712 488 140 2265 133 305 289 773 277 517 612 388 249 593 1701 3965 386 176 2177 2791 101 5972 1111 843 303 323
internal_value=-0.000292921 0.000376017 -0.0012886 0.00376763 -0.00455636 0.0100934 0.00350323 0.00639791 0 -0.00273264 -0.00903367 -0.0139235 0.00204752 0.00734861 0.0066419 0.00971851 0.00443295 -0.00248583 -0.000700196 -0.00214787 -0.00412311 -0.00534779 -0.00910868 -0.0126601 -0.00738248 -0.00615448 0.00397096 -0.00858144 -0.0115106 -0.0144501
internal_weight=536.917 499.33 322.954 55.3657 22.9251 32.4406 176.375 93.021 83.3544 60.9856 26.2607 19.8907 34.7249 24.7737 22.3689 65.0693 44.5577 267.589 189.375 162.063 127.082 120.019 68.6497 44.0314 9.95116 78.2139 34.9811 37.5876 27.7674 39.138
internal_count=31072 27994 21188 1826 1039 787 6806 3659 3147 2395 1195 906 1200 822 752 1394 1006 19362 12797 11096 9818 9432 5467 3290 378 6565 1278 3078 2235 3114
is_linear=0
shrinkage=0.05


Tree=48
num_leaves=31
num_cat=0
split_feature=19 31 12 1 39 39 30 37 34 26 38 19 27 19 3 14 36 38 39 32 11 41 38 27 14 41 41 37 32 38
split_gain=1.27549 1.55017 1.13193 1.10429 1.10087 1.10831 1.08687 0.898086 0.85151 0.830304 0.622837 1.06293 0.681636 0.911686 0.857871 0.867651 0.687512 0.562002 0.551144 0.566727 0.859035 0.729913 0.70655 0.685486 0.467809 0.462273 0.822475 0.732346 0.448347 0.444255
threshold=-0.45666666328907007 0.46999999880790716 0.40333333611488348 0.05500000715255738 0.017468849197030071 0.021203168667852882 0.36333334445953375 0.0016446113586425783 -0.36333334445953364 -0.21666666865348813 0.22565650939941409 -0.22333332896232602 -1.0000000180025095e-35 0.22333335876464847 -0.2766666561365127 0.25666666030883795 -0.3899999856948852 -0.042340755462646477 0.023863454349339012 0.23000001907348636 -0.21666666865348813 0.041826598346233375 0.031355857849121101 -0.2766666561365127 -0.40333333611488337 0.037611998617649085 0.03232953883707524 -0.051397800445556634 -0.28333333134651179 -0.032004356384277337
decision_type=2 2 2 2 2 2 2 2 2 2 2 2 2 2 2 2 2 2 2 2 2 2 2 2 2 2 2 2 2 2
left_child=3 2 10 6 -5 -6 -1 9 -7 -3 12 -12 14 25 15 16 -2 -11 19 20 23 29 -22 24 -16 26 -14 -27 -15 -21
right_child=1 7 -4 4 5 8 -8 -9 -10 17 11 -13 13 28 18 -17 -18 -19 -20 21 22 -23 -24 -25 -26 27 -28 -29 -30 -31
leaf_value=-1.7050347734335566e-05 -0.0034489877302681911 -0.00083108795187834632 -0.01038660913414028 0.0089311128450220711 -0.01625532084761365 0.011388204841257708 0.01573769466240009 -0.00086254499055973149 -0.0054960166970662132 0.021566092449684594 0.01524732841211651 -0.0050846762298950984 -0.006609042698101893 0.0081117972405190582 -0.016147500958746321 -0.0040647498609682718 0.012424915291723918 0 -0.0053034230353476725 0 0.0072596767372962254 -0.0017777755582506724 -0.0030075619528535835 0.00025601526427462395 -0.0019385786064205779 0.00028310715520558346 0.0046176886341427713 -0.011184379777217628 -0.001205996967836573 0.014452849721629772
leaf_weight=11.569476123433558 2.8958683523815116 4.0931953294202712 28.85787834180519 14.639639284461735 8.5894166408106702 6.5471190903335836 27.956603822764009 10.898845753632484 11.318528787232934 12.612664037849758 9.2225122603122127 4.7746454081498078 31.161440626718104 13.559227841906248 11.366484174970539 8.4404386291280371 29.684088372974657 4.2443467257544407 49.158422867534682 2.8914435014594391 33.012835611822084 10.883942660409955 20.669157229131088 23.052224528277293 18.855288138613105 12.495930078672243 21.396818798035383 51.973450253717601 24.716691378271207 14.150255246087909
leaf_count=210 145 102 2737 221 144 108 361 516 204 170 213 542 2554 836 272 576 1508 230 2806 202 2125 753 1554 1038 741 868 1682 4508 2374 769
internal_value=0.000218311 -0.000782374 -0.00167721 0.00581829 0 -0.00583728 0.0111826 0.0088288 0.000951419 0.0138677 -0.000831336 0.00761694 -0.00132039 -0.00381663 0.000348327 0.00646514 0.010049 0.0178119 -0.00104456 0.000489913 -0.00104607 0.00625426 0.00298267 -0.00541842 -0.00976234 -0.00599257 -0.0016068 -0.00877205 0.00218214 0.0115962
internal_weight=535.689 455.068 423.219 80.6208 41.0947 26.4551 39.5261 31.8491 17.8656 20.9502 394.361 13.9972 380.364 155.304 225.06 41.0204 32.58 16.857 184.04 134.882 106.956 27.9256 53.682 53.274 30.2218 117.028 52.5583 64.4694 38.2759 17.0417
internal_count=31069 29821 28803 1248 677 456 571 1018 312 502 26066 755 25311 12822 12489 2229 1653 400 10260 7454 5730 1724 3679 2051 1013 9612 4236 5376 3210 971
is_linear=0
shrinkage=0.05


Tree=49
num_leaves=31
num_cat=0
split_feature=30 3 5 26 11 21 39 9 5 29 17 27 39 13 0 26 7 4 6 17 31 40 41 14 37 13 31 16 14 3
split_gain=2.02435 1.2657 0.980377 0.836458 0.929584 1.06579 0.88567 0.869182 0.698015 0.900127 0.669267 0.7093 0.642986 0.596044 0.651894 0.582076 0.542635 0.533688 0.514276 0.661556 0.494388 0.48464 0.427572 0.419778 0.394355 0.393738 0.362096 0.351964 0.348956 0.30838
threshold=0.46333330869674688 0.31666666269302374 0.42333334684371954 0.46333330869674688 -0.063333332538604722 -0.18333333730697629 0.029095132835209373 -0.18333333730697629 0.19666665792465213 0.37000000476837164 -0.35000000894069666 -0.25666666030883784 0.014848362654447557 -0.36333334445953364 1.0000000180025095e-35 0.19666665792465213 -0.43000000715255732 -0.30333334207534784 0.38999998569488531 -0.4433333277702331 -0.1766666769981384 0.93999999761581432 0.058905629441142089 0.21666666865348819 0.0086016654968261736 -0.31000000238418574 0.44333332777023321 -0.26333332061767573 0.44333332777023321 0.1449999809265137
decision_type=2 2 2 2 2 2 2 2 2 2 2 2 2 2 2 2 2 2 2 2 2 2 2 2 2 2 2 2 2 2
left_child=1 3 18 4 8 16 -5 12 9 10 15 22 -7 14 -10 25 23 -17 19 -2 -19 -3 27 -6 26 -1 -18 -12 -14 -16
right_child=2 21 -4 6 5 7 -8 -9 13 -11 11 -13 28 -15 29 17 24 20 -20 -21 -22 -23 -24 -25 -26 -27 -28 -29 -30 -31
leaf_value=0.0079689980467873532 0.018166920087608184 -0.0082303050823868216 -0.0024793089372152776 0.010283902911807589 0.00018025529832510465 -0.0024384838706576943 -0.0061887390354315314 0.00014168918459497333 0.01440271816814692 -0.015830401233421956 0.0083310553423073704 -0.0076733093955653718 0.01186655136477689 -0.0025429218756385114 -0.0075614336376988696 0.005675191691956398 0 -0.012753871989843457 0 0 0.00010255106077254355 0.0027743628426890304 -0.0065525708094780052 -0.013181268548446543 -0.0045206316264240652 -0.001619044084872929 0.0096802144100071909 -0.00072439038463591112 -0.00021269750258211471 0.0043876262399409633
leaf_weight=26.627242082962766 24.374329611193389 62.277398067526519 8.1220048130489868 30.246856703888625 3.5140745593234888 4.958833498414605 4.1607427634298793 57.768398365238681 9.8910156737547386 10.315104039851574 13.703152421396226 71.713360661407933 47.51889723027125 17.528578560100868 3.8123934520408493 3.3036466469056931 25.419570839731023 10.636900946032259 5.3946781198028466 6.8121675367001471 6.858447864186016 5.0203940144274375 7.417197086615487 10.561933414079247 21.784621827071533 7.6920610941015175 8.121939951553939 12.208253214834258 2.0200699029956004 4.9106110627762973
leaf_count=774 286 4602 547 764 198 423 121 4579 198 309 456 5382 2703 1475 102 91 2150 267 197 202 252 371 310 484 2051 606 248 722 84 137
internal_value=9.38909e-05 -0.000833652 0.00964931 0.000158352 -0.000486936 0.00200923 0.00705008 0.00499459 -0.00279403 -0.00417497 -0.00272933 -0.00502763 0.00920126 0.00279334 0.00822904 0.00130521 -0.00250154 -0.00403248 0.0128992 0.0150034 -0.00791077 -0.00690838 0.000331592 -0.00954335 0 0.00527882 0.00325164 0.00394712 0.0109541 -8.99326e-05
internal_weight=534.695 489.992 44.7032 422.694 388.286 181.668 34.4076 112.266 206.618 170.475 160.16 105.042 54.4978 36.1426 18.614 55.1183 69.4021 20.799 36.5812 31.1865 17.4953 67.2978 33.3286 14.076 55.3261 34.3193 33.5415 25.9114 49.539 8.723
internal_count=31091 29859 1232 24886 24001 12920 885 7789 11081 9169 8860 6870 3210 1912 437 1990 5131 610 685 488 519 4973 1488 682 4449 1380 2398 1178 2787 239
is_linear=0
shrinkage=0.05


Tree=50
num_leaves=31
num_cat=0
split_feature=4 23 25 25 16 38 36 28 3 32 41 38 5 11 41 19 24 36 10 18 35 27 40 6 38 0 13 25 33 37
split_gain=1.02363 1.18875 1.03817 0.879397 1.70389 0.852167 0.844755 0.789179 0.700048 1.02612 0.878092 1.13049 0.847355 0.812741 0.992523 0.887635 0.663979 0.915408 0.787976 0.704016 1.3015 0.663407 0.663317 0.539705 0.521707 0.510538 0.462218 0.442208 0.42778 0.417406
threshold=-0.32333332300186152 -0.19666665792465207 0.32999998331069952 -0.22333332896232602 -0.36333334445953364 -0.024595737457275387 0.35000002384185797 0.40333333611488348 0.45666664838790899 0.23000001907348636 0.055608684197068221 -0.032514572143554681 0.20333331823349002 -0.076666668057441698 0.039897613227367408 0.18333333730697635 0.096666663885116591 0.23666667938232425 0.01666665077209473 -0.43000000715255732 -0.023333340883255001 0.18999999761581424 0.096666667610406889 0.12333333492279054 0.074775695800781264 -0.011666655540466307 0.35000002384185797 0.096666663885116591 0.46333330869674688 -0.031307220458984368
decision_type=2 2 2 2 2 2 2 2 2 2 2 2 2 2 2 2 2 2 2 2 2 2 2 2 2 2 2 2 2 2
left_child=3 7 8 5 6 -1 -5 27 9 13 11 25 -13 16 26 23 19 18 -18 20 -3 22 -14 -16 -21 -11 -15 -2 -4 -17
right_child=1 2 28 4 -6 -7 -8 -9 -10 10 -12 12 21 14 15 29 17 -19 -20 24 -22 -23 -24 -25 -26 -27 -28 -29 -30 -31
leaf_value=0.015703949993464462 -0.010031680567861932 0.013544502119619738 -0.0099501810971705917 0.019447547741887592 -0.0037572991941812206 0 0 0.0064721999471626553 -0.0087429886729962301 0.0070158897656695269 -0.0027154744403087481 0 0 -0.0034231848073275591 0.01368842460291167 0.0049336844540288725 -0.0010315911371751303 0.0059678668373131221 -0.015031419232009686 0 -0.0036954356008733896 0 0.022962532010536368 0 -0.0088995940074065739 -0.0062285491873718983 0.0072469516121843828 -0.00094672881475887829 0.0014562898788177141 -0.0082444812181396761
leaf_weight=20.303588625043631 52.792264650575817 17.558156623272229 25.935129706515003 8.8410128823015821 48.848908973159268 12.775903787696732 5.0552789757493874 4.9156965045258394 10.021331837167962 6.32930884882808 12.327631315914912 8.8910831024404597 5.2166744919959518 42.909638809273019 33.018779669888318 3.7197031923569739 24.287982874782756 6.189399405848234 21.016182708786801 50.011393687222153 13.455423869425429 3.6414490698371074 20.402545945951715 5.8339457388501605 15.904740036698056 11.256484848214312 6.1207590627018353 27.559160840464756 4.4812652021646491 6.828692398965357
leaf_count=590 3138 342 2379 148 3702 879 126 163 835 293 752 356 184 3250 2218 151 1143 169 683 2948 294 322 763 474 859 590 221 2267 483 549
internal_value=5.46807e-05 -0.000930968 0.000304725 0.00462024 0.000477787 0.0105582 0.0132653 -0.00603622 0.00124678 0.00180009 0.00697176 0.00957493 0.0138639 0.000143644 0.00363597 0.00829042 -0.0020618 -0.00634143 -0.00901167 0.00020599 0.00600286 0.0173422 0.0196936 0.0115291 -0.00244708 0 -0.000991964 -0.0074875 -0.0076201 -0.00198279
internal_weight=536.45 440.625 355.358 95.8247 62.7452 33.0795 13.8963 85.2671 324.941 314.92 68.0652 55.7375 38.1518 246.855 98.4315 49.4011 148.423 51.4936 45.3042 96.9297 31.0136 29.2607 25.6192 38.8527 65.9161 17.5858 49.0304 80.3514 30.4164 10.5484
internal_count=31271 25826 20258 5445 3976 1469 274 5568 17396 16561 3260 2508 1625 13301 6863 3392 6438 1995 1826 4443 636 1269 947 2692 3807 883 3471 5405 2862 700
is_linear=0
shrinkage=0.05


Tree=51
num_leaves=31
num_cat=0
split_feature=4 27 36 25 28 24 39 23 9 39 1 39 1 36 9 0 37 5 39 41 18 41 41 41 35 3 37 41 2 28
split_gain=1.14271 1.12987 1.03047 0.938122 0.927878 1.51082 1.4126 0.783861 0.78263 0.800672 1.14215 0.908809 0.757671 1.0205 1.91984 0.748384 0.718928 0.588339 0.587262 0.46783 0.442834 0.446246 0.466178 0.43602 1.04115 0.596393 0.567082 0.503882 0.538499 0.535053
threshold=-0.33666665852069849 -0.25666666030883784 0.35666668415069586 -0.24999999999999997 0.40333333611488348 0.41666668653488165 0.031014758162200454 -0.13666665554046628 -0.13666665554046628 0.029510702937841419 0.01666665077209473 0.046954089775681503 0.096666663885116591 0.27666664123535162 0.23000001907348636 0.01666665077209473 -0.055314540863037102 0.37000000476837164 0.025036369450390342 0.050311148166656501 -0.33666665852069849 0.03232953883707524 0.074329238384962096 0.034825608134269721 0.1566666662693024 -0.076666668057441698 0.0016446113586425783 0.055297430604696281 0.083333313465118422 0.043333351612091071
decision_type=2 2 2 2 2 2 2 2 2 2 2 2 2 2 2 2 2 2 2 2 2 2 2 2 2 2 2 2 2 2
left_child=1 2 16 15 7 6 12 20 9 10 18 -11 -6 14 17 -3 -1 19 -9 -14 21 -2 -23 24 -10 26 -25 28 -27 -29
right_child=4 3 -4 -5 5 -7 -8 8 23 11 -12 -13 13 -15 -16 -17 -18 -19 -20 -21 -22 22 -24 25 -26 27 -28 29 -30 -31
leaf_value=0 0 0.012716595805429127 -0.0019063572805280106 -0.0034625616710165352 0.018530211883104029 -0.0098757537981883567 -0.0087504145249829076 0.0082916923755052361 -0.010630114526765997 0.015182481936589547 -0.0049136249140080265 -0.0045385115306538102 0.014737319888082119 0.013351622552262585 -0.016059308972016403 -0.0028554280445726339 0.020603942035824899 -0.0030247237361724637 -0.0044222373201615837 0 -0.0026546624725060997 -0.015424566128105444 0 0.011806006789466066 0.0022176145005846728 -0.0049039284676965431 -0.00066546468845696651 0.00097943530661204789 0.0040530642909717141 -0.010431017418776022
leaf_weight=3.8543990231119158 7.9435204532928756 16.152454391121868 5.2776164673268786 40.687033848837018 14.225198358064516 9.9254577611573023 6.0250544995069495 36.101308457087725 37.018527809064835 14.944670980563389 44.516822911798954 2.6267705378122619 11.135700132930657 13.058938022702931 8.1241907563526166 5.5604936641175291 16.130599678726867 4.719700939487665 4.7105510379187754 3.9023168832063666 71.322008982300758 21.458547915564854 3.8251179046928874 10.278874325798826 17.701677699806169 22.859544753329828 11.806833877461029 8.5917328062932921 33.70319658704102 23.974672884680331
leaf_count=88 258 749 264 3136 350 775 235 2013 2267 758 2841 116 301 543 305 289 472 207 318 150 5850 767 151 546 1265 1327 550 668 2191 1364
internal_value=-6.61769e-05 0.00490977 0.0127253 0.000541476 -0.00115533 0.00375029 0.00701708 -0.00220011 -0.00062229 0.0025927 3.83864e-05 0.0107689 0.00983731 0.00430185 -0.000812685 0.00807181 0.0170993 0.00676649 0.00591146 0.011014 -0.00577714 -0.010411 -0.0130986 -0.00278228 -0.00625378 -0.000628261 0.00553088 -0.00266985 0 -0.00708841
internal_weight=532.164 87.6626 25.2626 62.4 444.501 71.1166 61.1911 373.384 268.835 102.9 85.3287 17.5714 55.166 40.9408 27.8819 21.7129 19.985 19.7577 40.8119 15.038 104.549 33.2272 25.2837 165.935 54.7202 111.215 22.0857 89.1291 56.5627 32.5664
internal_count=31114 4998 824 4174 26116 2866 2091 23250 16224 6046 5172 874 1856 1506 963 1038 560 658 2331 451 7026 1176 918 10178 3532 6646 1096 5550 3518 2032
is_linear=0
shrinkage=0.05


Tree=52
num_leaves=31
num_cat=0
split_feature=30 39 6 38 34 31 7 17 38 23 25 27 16 23 39 26 23 31 38 38 1 41 25 19 29 27 34 11 10 0
split_gain=1.23521 0.901567 1.22043 1.02552 0.73042 0.947455 0.842515 0.700602 0.663153 0.579013 0.565906 0.664327 0.576819 0.933094 0.953932 0.586348 0.557302 0.553039 0.647229 0.481265 0.472826 0.479328 0.465261 0.432527 0.375693 0.357985 0.529522 0.350967 0.531018 0.352373
threshold=0.44333332777023321 0.029510702937841419 0.38333332538604742 0.041468143463134773 -0.31666666269302363 0.47666668891906744 -0.21000000834465024 -0.4433333277702331 -0.033781528472900384 0.46999999880790716 -0.069999992847442613 0.23000001907348636 -0.35000000894069666 0.13666665554046634 0.017886037938296798 -0.22333332896232602 -0.13666665554046628 0.38333332538604742 -0.052980899810791009 0.12359237670898439 -0.3899999856948852 0.029942885972559456 0.11000001430511476 0.19666665792465213 0.37000000476837164 -0.21666666865348813 0.18999999761581424 -0.12999999523162839 0.29666668176651007 -0.096666663885116563
decision_type=2 2 2 2 2 2 2 2 2 2 2 2 2 2 2 2 2 2 2 2 2 2 2 2 2 2 2 2 2 2
left_child=4 2 9 -4 7 10 -7 -1 -3 -2 11 16 13 15 -15 -12 20 19 -19 25 -6 -22 -16 -13 -17 26 -14 28 29 -18
right_child=1 8 3 -5 5 6 -8 -9 -10 -11 12 23 17 14 22 24 27 18 -20 -21 21 -23 -24 -25 -26 -27 -28 -29 -30 -31
leaf_value=0.0042783321728905198 0.015667060025049508 0.0037580643155298052 -0.010007887779363456 0.010391009535404956 0 0.014448516437290976 -0.0014596712929088186 -0.0080674674411220695 -0.013345996384939685 0 -0.0015163369629238213 -0.00061893150962625361 -0.0037250315413352173 0.0069331466497390779 0 0.013629770267775161 -0.012130307294959885 0.011181581626020669 -0.0026443194816543245 0.0050893806706372906 0 -0.011915570490758795 -0.015618748386511087 0.0088070703042517698 0 -0.0054276593219714162 0.0074406549926053604 0.0013571262167713686 0.0047116774383435533 -0.0019376544983303976
leaf_weight=7.3321861836593589 29.982080053770915 5.0633604731410742 10.102926829364149 3.4784435403998932 9.0795436636544746 13.640358950942757 8.3134184044320119 54.603828174062073 4.2232448416762036 6.3007260428275904 5.5806225165724745 27.435102896299213 20.557582351146269 8.7389057353138941 8.0425687469542009 26.391130523057655 13.156702061183749 12.405136823654177 8.0291938354494032 10.894713829504324 7.1792608562391242 40.574823625618592 6.2376013002358368 10.843829162418841 6.8662205557338885 74.667229763465002 11.264837904600425 41.916247269837186 6.6535334661602965 35.164610874606296
leaf_count=186 598 149 619 241 429 271 347 4410 96 108 232 2085 1346 201 182 697 548 320 772 904 428 2245 202 544 174 7549 701 2801 262 1601
internal_value=-0.00024598 0.00615886 0.00888077 -0.00192355 -0.00116133 -0.000303552 0.0085098 -0.00598916 -0.00457018 0.0132154 -0.000981348 -0.00290666 0.000779221 0.00462565 -0.00224149 0.00900863 -0.00440244 -0.000894292 0.00543615 -0.00240968 -0.00820719 -0.0100362 -0.00947887 0.00231828 0.0113734 -0.00362967 0.000119873 -0.00157926 -0.00414138 -0.00620639
internal_weight=534.72 59.1508 49.8642 13.5814 475.569 413.633 21.9538 61.936 9.28661 36.2828 391.679 192.004 199.676 61.857 23.0191 38.838 153.725 137.819 20.4343 117.384 56.8336 47.7541 14.2802 38.2789 33.2574 106.49 31.8224 96.8911 54.9748 48.3213
internal_count=31248 1811 1566 860 29437 24841 618 4596 245 706 24223 10943 13280 1688 585 1103 8314 11592 1092 10500 3102 2673 384 2629 871 9596 2047 5212 2411 2149
is_linear=0
shrinkage=0.05


Tree=53
num_leaves=31
num_cat=0
split_feature=16 4 8 41 11 38 31 37 12 32 39 39 18 37 38 37 38 39 33 38 38 33 33 37 9 14 3 12 38 1
split_gain=0.871511 1.12906 1.06234 0.968408 1.33686 1.01485 0.852206 1.23819 1.34274 0.720462 0.698028 2.25131 1.14816 1.0103 1.14685 1.48012 1.10987 1.23469 1.1201 0.839575 0.818794 0.80692 0.720042 0.686971 0.649736 0.595148 0.580978 0.572633 0.516587 0.49599
threshold=-0.26333332061767573 -0.32333332300186152 0.26999998092651373 0.031524809077382095 -0.090000003576278673 -0.032514572143554681 0.46999999880790716 0.0016446113586425783 0.34333333373069769 0.043333351612091071 0.022874211892485622 0.029510702937841419 -0.3899999856948852 0.01410198211669922 0.0053477287292480477 -0.069252967834472642 0.057902336120605476 0.014848362654447557 -0.083333343267440782 -0.071657657623291002 -0.033781528472900384 0.1566666662693024 0.069999992847442641 0.0051107406616210946 -0.076666668057441698 -0.43000000715255732 0.12333333492279054 0.40333333611488348 -0.083765983581542955 -0.1766666769981384
decision_type=2 2 2 2 2 2 2 2 2 2 2 2 2 2 2 2 2 2 2 2 2 2 2 2 2 2 2 2 2 2
left_child=1 2 23 5 10 28 27 8 -8 -7 13 12 19 14 15 -5 -15 -18 -19 -12 -13 -16 -17 -1 -6 -22 -9 29 -3 -2
right_child=6 3 -4 4 24 9 7 26 -10 -11 11 20 -14 16 21 22 17 18 -20 -21 25 -23 -24 -25 -26 -27 -28 -29 -30 -31
leaf_value=0 0.00085162444566290203 0.0037296177716142397 -0.0023897187583052544 0.0019415121714106626 0.016124536074822993 0 -0.00046121809847949084 0.0017528318865825858 0.019807509052877981 0.014134268234172921 0 0 -0.0020395524996051836 0.0081751909201563163 -0.0069805912498069611 -0.0046280620862785716 0.0055579896519973053 0.0012467255904649672 -0.021676908844886256 0.018938798739304544 -0.024555848435587866 0.0091330815893523234 -0.028293186240983884 0.020383296069885919 0.00040104580122665105 0 -0.013791367629193274 -0.0094306147928150813 -0.011446173122925056 -0.0036113631636123878
leaf_weight=4.2439351244829657 86.678575920523144 3.3517341739498079 5.9682270898483685 5.6881344029679921 7.7735234873835024 13.393500648438929 10.681534672621639 6.2284568734467012 11.296540945069863 25.48429623642005 4.8686472848057774 6.6961832330562201 11.025314065162091 17.308483998989686 13.430562605615707 11.092722512781622 6.624450278934094 4.4962167092598984 8.2534795184619689 15.620563628617676 4.5421788725070655 6.8334142076782873 11.201759732794015 13.45841615158133 20.049560621147975 4.9976850883103889 4.440557329216972 26.551902586827055 5.5313330204226059 152.75736289168708
leaf_count=150 6695 167 175 219 268 392 265 239 259 664 155 276 466 420 352 381 161 116 222 269 76 155 382 284 1105 153 265 2606 280 13570
internal_value=-0.0001207 0.00209836 0.0112865 0.000650567 -0.00112502 0.00654217 -0.00193358 0.00484778 0.0110768 0.010001 -0.00338808 0.000964517 0.00872574 -0.00601239 -0.0103515 -0.0159819 0 -0.00692512 -0.0144475 0.0146122 -0.0112654 0 -0.0208804 0.0163899 0.00761429 -0.0177009 -0.00585248 -0.00294641 -0.00484519 -0.00191253
internal_weight=530.569 231.934 23.6706 208.264 160.503 47.7609 298.635 32.6471 21.9781 38.8778 132.68 47.7506 31.5145 84.9292 48.2466 27.9826 36.6826 19.3741 12.7497 20.4892 16.236 20.264 22.2945 17.7024 27.8231 9.53986 10.669 265.988 8.88307 239.436
internal_count=31187 7288 609 6679 5176 1503 23899 1028 524 1056 3803 1395 890 2408 1489 982 919 499 338 424 505 507 763 434 1373 229 504 22871 447 20265
is_linear=0
shrinkage=0.05


Tree=54
num_leaves=31
num_cat=0
split_feature=16 5 7 38 31 41 37 33 16 36 37 9 39 9 29 41 39 24 37 7 37 38 39 25 40 38 13 37 16 18
split_gain=0.903087 1.00331 1.39995 0.876649 1.545 0.999961 0.979174 0.976382 0.953165 0.951284 1.14733 0.821273 1.16711 1.07978 1.37064 0.803562 1.30917 1.1259 0.816403 0.79547 0.744398 1.18917 0.687326 0.666399 0.646161 0.532962 0.524351 0.499228 0.490986 0.44178
threshold=-0.26333332061767573 0.17000001668930056 -0.33666665852069849 0.031355857849121101 0.34333333373069769 0.041826598346233375 0.010866641998291017 0.25000000000000006 0.17666667699813846 -0.24333333969116208 -0.032941818237304681 -0.056666672229766839 0.014848362654447557 0.3966666460037232 0.37000000476837164 0.041826598346233375 0.028669572435319427 0.40333333611488348 -0.048974514007568352 -0.076666668057441698 -0.017433166503906247 -0.029808998107910153 0.022874211892485622 -0.43000000715255732 0.096666667610406889 -0.033781528472900384 0.44333332777023321 -0.023605346679687497 -0.3899999856948852 -0.3899999856948852
decision_type=2 2 2 2 2 2 2 2 2 2 2 2 2 2 2 2 2 2 2 2 2 2 2 2 2 2 2 2 2 2
left_child=1 2 29 4 20 9 7 -7 -5 10 -6 19 -13 14 -14 16 17 28 -17 -4 24 -22 -20 -11 25 -2 -25 -10 -3 -1
right_child=3 15 11 8 5 6 -8 -9 27 23 -12 12 13 -15 -16 18 -18 -19 22 -21 21 -23 -24 26 -26 -27 -28 -29 -30 -31
leaf_value=0.016153777356622136 0.0054157259123540028 0.018191555997937064 -0.0023059033668691993 -0.00091884874796942435 -0.0057444275403497301 0.017825308023750139 -0.0015636119744738613 0 0.00082649541316025656 0.0057202461908119106 0.013266402408077561 0.0061330929840190717 -0.0045597837127846165 0.004390103941104481 -0.022580166115233155 -0.011077001304466413 -0.0057080268098453181 -0.0026843531997741837 -0.0013604824591918786 0.009049613260812734 -0.004986509339179269 0.0080606683168083278 0.011231794619959257 -0.012713304053364349 -0.0099961317736259932 -0.0072998135086833425 0.0018459338307639625 -0.013567507931353815 0.0012912622862117343 0
leaf_weight=8.9094233484938723 13.874215569579976 31.313926084199917 28.898976121563464 51.587803207570687 6.4976526363752809 23.741781578632075 9.1576077979989332 7.3375565744936457 2.6261909345630547 2.5653285423759398 14.167536660097538 11.589816027786581 47.987304736394435 9.0407660042401385 12.564808220835401 6.1056707615498444 6.2276582929771385 5.8573240009136489 18.017728494247425 19.573607806814834 35.60423145047389 23.849470727145672 11.672981028212233 18.447584113571796 46.463427920825779 8.0651415602769685 2.7734325509518376 31.97742241807282 9.7224088159855473 5.0519931029994032
leaf_count=168 994 653 852 5125 175 732 408 304 303 80 380 313 1734 190 276 291 238 294 610 606 3241 2643 374 890 4273 697 135 3475 507 196
internal_value=-0.000161175 0.00209417 -0.000365416 -0.00200543 -0.00011477 0.00481033 0.00997258 0.013749 -0.00608564 0 0.00640381 -0.00232574 -0.00535033 -0.00792848 -0.0103733 0.00610217 0.00968306 0.0126153 0 0.00231231 -0.00363318 0.000124467 0.00394567 -0.00656739 -0.00698188 0 -0.00990464 -0.0118987 0.0153945 0.0118141
internal_weight=531.271 232.534 143.617 298.736 212.545 84.6885 40.2369 31.0793 86.1914 44.4515 20.6652 129.655 81.1827 69.5929 60.5521 88.9177 53.1213 46.8937 35.7964 48.4726 127.856 59.4537 29.6907 23.7863 68.4028 21.9394 21.221 34.6036 41.0363 13.9614
internal_count=31157 7302 4335 23855 14952 3104 1444 1036 8903 1660 555 3971 2513 2200 2010 2967 1692 1454 1275 1458 11848 5884 984 1105 5964 1691 1025 3778 1160 364
is_linear=0
shrinkage=0.05


Tree=55
num_leaves=31
num_cat=0
split_feature=12 30 24 39 24 9 33 17 2 38 39 21 25 25 35 32 25 27 35 33 5 6 21 41 41 27 38 31 24 2
split_gain=1.289 1.14114 1.04987 1.1306 0.788742 0.696178 1.47231 1.19824 0.758678 0.698546 0.686913 0.609805 0.601634 0.496904 0.45456 0.647144 0.452767 0.42163 0.666174 0.450842 0.869745 0.677283 0.420311 0.420138 0.397956 0.39687 0.376437 0.375404 0.513804 0.498374
threshold=0.43000000715255743 0.45666664838790899 0.18999999761581424 0.029510702937841419 -0.32999998331069941 -0.17000000178813932 -0.25666666030883784 0.32333332300186163 -0.36333334445953364 -0.045151710510253899 0.019723630510270599 0.35666668415069586 -0.29666668176650995 0.2883333563804627 0.30333334207534796 -0.32999998331069941 -0.40333333611488337 -0.36333334445953364 -0.25666666030883784 0.23000001907348636 0.18999999761581424 0.29000002145767217 -0.36333334445953364 0.049374902620911605 0.028687337413430217 -0.1766666769981384 0.077169895172119155 0.44333332777023321 -0.1766666769981384 -0.18999999761581418
decision_type=2 2 2 2 2 2 2 2 2 2 2 2 2 2 2 2 2 2 2 2 2 2 2 2 2 2 2 2 2 2
left_child=1 4 3 13 12 6 7 22 25 -9 23 -4 -1 -3 15 -14 -2 18 -10 20 -20 -21 -6 24 -8 -7 -26 28 -19 -29
right_child=16 2 11 -5 5 8 10 9 17 -11 -12 -13 14 -15 -16 -17 -18 27 19 21 -22 -23 -24 -25 26 -27 -28 29 -30 -31
leaf_value=0.0014429527996547185 0.0016677012524790491 0.021417239926079811 0.005737298313054427 -0.0019631054215011236 0.0026709723343248011 0.010621270975359901 -0.0027334339407323258 0.01391913451851725 0.0096942650144088635 -0.0012367328905625707 0.011993652812159205 -0.0078187763583455437 0 0 0 -0.014366125186359139 -0.012206641791264849 0.0007386210046499038 -0.0032935561156802271 -0.013279548282196227 0.0093882176094156888 0.0020202227260365893 -0.0069623393498973842 -0.0045544380376665557 0.011767346284938791 0 0 -0.0055994912870800913 -0.0059152272132852526 0.0093580916170529372
leaf_weight=15.051007088739423 2.0094806011766222 14.501673003192996 10.621515180217104 5.4182514944113782 6.5417316122911862 12.451624129898848 4.2847132803872254 10.148881387896838 10.613884745864196 7.6795575411524615 39.177373220212758 10.001713262638075 11.476228401763359 4.5877774097025386 9.6024791349191201 24.427397474180911 23.32593467226252 28.095172069966793 30.904910349985585 10.188368134200575 14.613824643660335 6.3081547680776557 50.995714151766151 10.525985787389798 12.915508621372284 12.273351989220826 4.4920092490501693 2.4208808247931302 116.52365337242372 7.0624796045012754
leaf_count=968 104 257 329 98 422 488 250 275 321 489 1914 315 896 172 963 1985 2148 2067 987 376 470 315 3384 565 681 984 257 93 8231 323
internal_value=-0.000340824 0.000220022 0.00734105 0.0132788 -0.000512429 0.000266165 0.00298631 -0.00160343 -0.00125693 0.00767404 0.007903 -0.000178462 -0.00557045 0.0180363 -0.00827336 -0.0105477 -0.0101998 -0.00228399 0.000545969 -0.00136926 0.000911876 -0.00733931 -0.00532481 0.00117263 0.0052391 0.00595447 0.00846715 -0.00374439 -0.00447867 0.00323491
internal_weight=529.241 503.906 45.1309 24.5077 458.775 398.218 146.761 75.3659 251.456 17.8284 71.3956 20.6232 60.5571 19.0895 45.5061 35.9036 25.3354 226.731 72.6291 62.0153 45.5187 16.4965 57.5374 32.2182 21.6922 24.725 17.4075 154.102 144.619 9.48336
internal_count=31127 28875 1171 527 27704 22892 8237 4570 14655 764 3667 644 4812 429 3844 2881 2252 13183 2469 2148 1457 691 3806 1753 1188 1472 938 10714 10298 416
is_linear=0
shrinkage=0.05


Tree=56
num_leaves=31
num_cat=0
split_feature=30 4 12 11 31 23 1 32 38 32 9 37 5 12 40 29 37 26 30 10 37 9 26 32 25 9 41 40 13 20
split_gain=0.962037 0.935173 0.888033 0.805414 0.781546 0.764993 0.772278 0.693386 0.679381 0.631803 0.893322 0.564445 0.549341 0.538316 0.520066 0.488013 0.452674 0.451748 0.606023 0.597471 0.442031 0.438575 0.437885 0.420896 0.719863 0.540416 0.535668 0.487548 0.386522 0.455383
threshold=0.44333332777023321 0.33666664361953741 -0.43000000715255732 -0.1766666769981384 0.48333334922790533 -0.13666665554046628 -0.030000001192092892 0.35000002384185797 -0.018045425415039059 -0.069999992847442613 0.11000001430511476 0.010866641998291017 -0.26999998092651362 -0.1766666769981384 0.83666664361953746 0.030000001192092899 -0.0089769363403320295 0.38999998569488531 -0.4433333277702331 0.26999998092651373 -0.012894630432128905 1.0000000180025095e-35 0.32333332300186163 -0.36333334445953364 -0.055000007152557366 0.23666667938232425 0.029821947216987613 0.79666668176651012 0.31000000238418585 0.25000000000000006
decision_type=2 2 2 2 2 2 2 2 2 2 2 2 2 2 2 2 2 2 2 2 2 2 2 2 2 2 2 2 2 2
left_child=1 4 7 -4 5 23 15 14 -3 17 -11 12 -6 -10 -2 22 -17 18 -8 -20 -12 -18 -7 28 25 26 -25 -28 29 -1
right_child=2 8 3 -5 11 6 9 -9 13 10 20 -13 -14 -15 -16 16 21 -19 19 -21 -22 -23 -24 24 -26 -27 27 -29 -30 -31
leaf_value=0.0068783131007767217 0.015910527204540618 -0.012326436992630791 -0.012113738862298617 0.0040112683071431522 0.018226184619565364 0.0090910013764755968 0.0043735358381683243 -0.00038854688355690562 0.0069164080073859692 0.0048294360487446987 0.00065558359941793277 -0.0014906689099701519 0 -0.0052095370971772621 0 -0.0053641397817530551 0.0089328701514081576 0.0022460691959809878 -0.010638873050405664 0.0016828564512589518 -0.0093927421476897449 -0.00088983407212049094 -0.00050272271377086624 0 -0.0005857115816598294 0 -0.015925961291265847 -3.2355656614392413e-05 -0.005789262999389872 -0.0049687228637481772
leaf_weight=23.906698092352602 22.030004126485441 23.638781256740913 6.3890210255049196 12.550135243451221 7.6388346611056486 45.369394670240581 4.2803782979026428 8.8446257403120381 8.0000921571627277 60.343634015414864 12.101274393964561 4.4366699922829858 5.0164294422138491 18.989102719817311 8.5537835508584958 15.846472071018068 13.832684351596983 10.196878166170789 42.2319857373368 6.3610496495384714 16.082084950292483 15.395016764057798 8.5327261844649893 7.0030538972932836 61.472492911969312 9.6541075620334578 27.907929665641859 9.4180446623358858 7.8881079540587953 3.7826945821288964
leaf_count=1414 295 1808 260 999 144 3003 241 155 260 3305 829 166 148 2030 112 859 547 371 2907 412 1018 775 375 408 4723 573 1601 575 517 238
internal_value=-0.000180479 -0.00100003 0.0055 -0.00203166 -0.000121616 -0.000683967 0.000933445 0.0094586 -0.00704055 -0.00118107 0.00132087 0.00875368 0.0130096 -0.000253153 0.0125864 0.00429269 0 -0.00486448 -0.00674957 -0.00856029 -0.00498911 0.00377898 0.00725673 -0.0034597 -0.00489879 -0.00884358 -0.010957 -0.0130526 0.000642132 0.00392112
internal_weight=527.694 469.327 58.3676 18.9392 418.699 401.607 250.574 39.4284 50.628 151.597 88.527 17.0919 12.6553 26.9892 30.5838 98.9763 45.0742 63.0703 52.8734 48.593 28.1834 29.2277 53.9021 151.033 115.456 53.9831 44.329 37.326 35.5775 27.6894
internal_count=31068 29247 1821 1259 25149 24691 14642 562 4098 9083 5152 458 292 2290 407 5559 2181 3931 3560 3319 1847 1322 3378 10049 7880 3157 2584 2176 2169 1652
is_linear=0
shrinkage=0.05


Tree=57
num_leaves=31
num_cat=0
split_feature=19 10 38 27 37 31 31 29 1 9 23 39 12 38 38 26 36 33 39 41 26 39 19 14 41 38 13 39 10 38
split_gain=0.900986 0.938565 1.30559 0.928872 0.91048 0.701115 0.724235 0.785556 0.777928 0.692209 0.865486 0.801613 0.665089 0.645759 1.13076 0.840347 0.81666 0.597146 0.651621 0.593783 0.600165 0.568768 0.542534 0.503764 0.467209 0.442655 0.861842 0.829118 0.435186 0.419746
threshold=0.18333333730697635 -0.40333333611488337 -0.050991535186767571 0.20333331823349002 0.0021500587463378911 0.45666664838790899 -0.236666664481163 0.23000001907348636 0.05500000715255738 0.26333332061767584 0.2833333313465119 0.021435073576867584 -0.36333334445953364 0.078113079071044936 0.044677734375000007 -0.19666665792465207 0.096666663885116591 -0.023333340883255001 0.029931325465440754 0.10085978358983995 0.30333334207534796 0.018408516421914104 -0.41666667163372034 0.32333332300186163 0.049283761531114585 -0.031785964965820306 -0.016666665673255917 0.027195124886929992 0.49000000953674322 -0.0091152191162109358
decision_type=2 2 2 2 2 2 2 2 2 2 2 2 2 2 2 2 2 2 2 2 2 2 2 2 2 2 2 2 2 2
left_child=5 2 4 28 -2 6 8 19 13 10 -10 12 -11 14 15 -1 -16 -17 -19 20 25 -5 -12 -23 -9 26 -8 29 -3 -27
right_child=1 3 -4 21 -6 -7 7 24 9 11 22 -13 -14 -15 16 17 -18 18 -20 -21 -22 23 -24 -25 -26 27 -28 -29 -30 -31
leaf_value=-0.0029930064639780048 0.015903501003889292 -0.010592889099276456 -0.0063860459951822204 -0.0064307348899995849 -0.0026266452673012995 0.012313273918005099 -0.010726029032530291 -0.00045303964797779465 -0.0019103844354247832 -0.018375178888441607 0.01380996988326477 0.00078986124071489376 0 0.012597075929571769 0.001412825189654521 0 -0.018820819868482018 0.015470992710138569 0 0.010550035080239358 0.0042010167337091829 -0.0013316112748486229 0 0.0098929317064772784 -0.011152760303483205 0.004043753016785348 0.00091509435656527262 0.010122571940552466 0.00096638220088627637 -0.0044110328794623246
leaf_weight=13.101685517700387 14.094368025194859 55.404573158128187 12.935821462655438 13.158446728019042 4.6097361776046446 8.443503554677589 27.127148256404325 26.23877290263772 30.91273532458581 8.3514349120669049 14.573445283342155 15.191522526787592 4.006954749813306 25.62686875439249 4.7866182422731054 11.153726796852419 3.4855669485405087 23.188782851677395 4.9057560805231324 7.7700015879236153 46.636242667213082 11.758566881297158 9.1333403696771693 12.979823517380281 20.28886412200518 12.064956106245509 22.099001606926322 11.324348949594421 3.8716699185315511 48.109553211717873
leaf_count=743 330 4755 981 1390 150 230 2347 1786 1091 183 247 513 223 736 146 360 125 635 136 386 2080 1126 396 926 1189 1019 1405 729 300 4411
internal_value=0.000120229 -0.00336925 0.00320877 -0.00581543 0.0107959 0.00134317 0.000859666 -0.000928013 0.00330679 0 0.00298003 -0.0059611 -0.0131674 0.00646198 0.00259231 0.00575822 -0.00968923 0.00924153 0.0125352 0.00053292 -0.000136972 0 0.00929637 0.00452589 -0.00633569 -0.00212958 -0.00551568 0.000125656 -0.00943547 -0.00212512
internal_weight=527.334 128.813 31.6399 97.1731 18.7041 398.521 390.077 221.659 168.418 82.1694 54.6195 27.5499 12.3584 86.249 60.6221 52.35 8.27219 39.2483 28.0945 175.131 167.361 37.8968 23.7068 24.7384 46.5276 120.725 49.2261 71.4989 59.2762 60.1745
internal_count=31074 9958 1461 8497 480 21116 20886 15352 5534 2653 1734 919 406 2881 2145 1874 271 1131 771 12377 11991 3442 643 2052 2975 9911 3752 6159 5055 5430
is_linear=0
shrinkage=0.05


Tree=58
num_leaves=31
num_cat=0
split_feature=30 24 3 36 39 17 40 19 11 5 29 30 37 15 26 1 18 10 4 2 14 38 40 31 29 23 30 39 40 30
split_gain=1.23404 1.4687 0.747071 0.726254 0.717951 0.631929 1.30629 1.10403 0.911408 0.924515 0.82859 0.822115 0.797688 0.758452 0.69886 0.539741 0.529433 0.508737 0.484376 0.465669 0.433326 0.404344 0.400905 0.381331 0.374247 0.399635 0.356609 0.355775 0.342912 0.583739
threshold=0.45666664838790899 0.18333333730697635 0.34333333373069769 0.13666665554046634 0.029510702937841419 0.38333332538604742 0.35666666924953466 0.096666663885116591 -0.063333332538604722 0.26999998092651373 0.37000000476837164 0.35000002384185797 -0.078486442565917955 0.47666668891906744 0.43666666746139532 -0.43000000715255732 -0.43000000715255732 1.0000000180025095e-35 -0.31666666269302363 -0.46999999880790705 -0.43000000715255732 0.026465415954589847 0.93999999761581432 -0.41666667163372034 0.48833334445953375 0.18999999761581424 0.12333333492279054 0.017120812088251117 0.40999999642372137 -0.28333333134651179
decision_type=2 2 2 2 2 2 2 2 2 2 2 2 2 2 2 2 2 2 2 2 2 2 2 2 2 2 2 2 2 2
left_child=2 4 5 -3 -2 7 13 8 9 10 14 -11 18 19 16 -14 20 -12 -9 -7 23 -21 27 -1 25 -5 -16 -4 -17 -30
right_child=1 3 22 24 -6 6 -8 12 -10 11 17 -13 15 -15 26 28 -18 -19 -20 21 -22 -23 -24 -25 -26 -27 -28 -29 29 -31
leaf_value=0.0047484064181924079 0.017556962461155564 -0.01148564047556247 0 -0.001085681799714617 0 0 -0.0050469013127751325 0.010499707860118904 0.0048661217566749945 -0.001142468195032599 0 0.014402803335055503 0.0014446282771762133 -0.0018816405429369727 -0.0011075285492998593 -0.011991529108177985 -0.0039545891313331472 -0.014839484851996657 -0.0025345377543478809 0.020632223575924948 0.0080354183940926135 0 0.0027090988323934528 -0.0062499988676790325 -0.0044720838068456103 0.011486020480487542 0.0091914037271699483 -0.010328740443121924 0.0017531154171250641 -0.0084780111334618203
leaf_weight=5.9393645795062211 19.98921866435558 6.326578588923442 13.440652416786177 3.7852917881682506 5.1312634688802055 2.3774596692528602 11.308077080175279 6.5972148911096156 84.821195493452251 10.177422953071074 3.9185947480145868 10.99294045078568 9.6481730022933316 3.4439394278451791 5.3899048101156977 37.904437409946695 117.48144494206645 13.29447259637527 7.5258099813945574 13.168624683516102 13.800590416416524 2.5226420855615279 3.7728076793719074 12.868593307211993 2.7945973437745115 9.1648822184652072 16.821009458974004 32.959500442491844 19.193885873770338 20.748337969882417
leaf_count=98 457 191 1102 130 96 112 916 213 6154 499 110 284 782 142 160 2954 7060 360 430 480 395 245 305 275 166 380 445 2684 1288 2169
internal_value=-0.000172211 0.00700264 -0.0010066 -0.0015086 0.0141332 -0.000234102 0.00578076 -0.000871864 0.000620308 -0.00106109 -0.00233326 0.00740748 -0.00523607 0.0122404 -0.000943941 -0.00707505 -0.00234127 -0.0113246 0.00362696 0.0157688 0.00253494 0.0181543 -0.00644918 -0.00146065 0.00341371 0.00731183 0.00610198 -0.00789587 -0.00845694 -0.0034305
internal_weight=527.309 47.1918 480.117 22.0713 25.1205 429.944 32.8207 397.123 295.506 210.684 189.514 21.1704 101.618 21.5127 172.301 87.4948 150.09 17.2131 14.123 18.0687 32.6085 15.6913 50.173 18.808 15.7448 12.9502 22.2109 46.4002 77.8467 39.9422
internal_count=31082 1420 29662 867 553 25571 1895 23676 15840 9686 8903 783 7836 979 8433 7193 7828 470 643 837 768 725 4091 373 676 510 605 3786 6411 3457
is_linear=0
shrinkage=0.05


Tree=59
num_leaves=31
num_cat=0
split_feature=19 18 11 32 6 24 22 31 25 33 7 30 25 25 24 27 38 10 9 25 27 28 33 26 27 27 35 27 25 25
split_gain=1.07883 0.646763 0.715832 0.557525 1.41675 0.642227 0.533758 0.511227 0.579548 0.728414 0.807502 0.477973 0.474909 0.859964 0.559363 0.516782 0.472892 0.432158 0.407207 0.386258 0.359666 0.353764 0.337767 0.336701 0.328341 0.328032 0.354949 0.311672 0.304155 0.291967
threshold=-0.4433333277702331 0.41000002622604376 0.38333332538604742 -0.063333332538604722 0.030000001192092899 0.12333333492279054 0.41666668653488165 -0.31666666269302363 -0.13666665554046628 0.31666666269302374 0.35666668415069586 -0.26999998092651362 -0.083333343267440782 -0.30333334207534784 -0.12333333492279051 -0.26333332061767573 -0.19767713546752927 0.35000002384185797 0.14999997615814212 -0.3899999856948852 0.1566666662693024 0.40333333611488348 -0.04333332180976867 -0.43000000715255732 0.37000000476837164 -0.21000000834465024 0.083333313465118422 0.31666666269302374 -0.3899999856948852 0.33666664361953741
decision_type=2 2 2 2 2 2 2 2 2 2 2 2 2 2 2 2 2 2 2 2 2 2 2 2 2 2 2 2 2 2
left_child=7 2 3 12 6 16 18 8 17 -10 -11 -4 13 14 -2 -14 -6 -1 19 -5 -16 27 -9 -15 -17 26 -7 -18 -3 -28
right_child=1 28 11 4 5 25 -8 22 9 10 -12 -13 15 23 20 24 21 -19 -20 -21 -22 -23 -24 -25 -26 -27 29 -29 -30 -31
leaf_value=-0.0047108426763356045 0.0040722037436893505 0.00063489705950328516 0.012828572295244301 -0.00024315548427988486 0.0055014544298336134 -0.0017797042948737097 -0.004067102710083168 0.0039428691721899688 0.012844705630921334 -0.007122531647534399 0.0090579483261529776 0 0.0053517486407674598 0.00037516870082336586 -0.0084985370801828539 -0.0046487135279605143 -0.0083156972404934016 0.0064811311575565834 0 0.011606027609544725 0.00081273215676623501 0.0014579142012406089 -0.005981560388393755 -0.010339480902326354 0.0035836957187391875 -0.0011209189038462832 0.010234425907604053 0 -0.0088463187556174615 -0.00062924032765855403
leaf_weight=15.213782448787244 27.465299203526229 3.9631171186920247 9.9957286710850912 3.0680979290045789 3.2305201955605289 5.067474766168746 3.3208386248443267 7.6411926648579565 34.001577228773385 10.236536225304009 8.5657668276689929 10.130450577475129 23.930426401086152 2.9300106531009069 17.997744836844507 43.972908143303357 59.069026794517413 8.5129398908466083 9.2898320271633548 40.469094192609191 8.9626847212202829 6.941770256496965 12.916481594555078 49.372234187554568 7.674696688540279 30.594687022035941 18.244286617729816 9.9869128041900677 30.840227524051443 1.9960818458348502
leaf_count=299 1689 187 451 186 273 266 147 159 516 157 151 966 1054 196 1117 3392 4562 144 556 1996 584 421 278 3045 634 2741 885 1076 2739 178
internal_value=-4.03938e-05 -0.00117679 -0.000479743 -0.00108159 0.000695698 -0.00195848 0.00705814 0.00450934 0.00635188 0.0090147 0 0.0074177 -0.00304186 -0.00509791 -9.11458e-05 0 -0.0047963 0 0.00852596 0.010338 -0.00506016 -0.00590945 -0.00129396 -0.0093336 -0.00274606 0.00173464 0.00553849 -0.00704048 -0.00721938 0.00831143
internal_weight=525.602 428.514 393.711 373.585 191.279 135.131 56.1479 97.0883 76.5306 52.8039 18.8023 20.1262 182.306 106.728 54.4257 75.578 79.2282 23.7267 52.827 43.5372 26.9604 75.9977 20.5577 52.3022 51.6476 55.9025 25.3078 69.0559 34.8033 20.2404
internal_count=31045 29341 26415 24998 13287 10402 2885 1704 1267 824 308 1417 11711 6631 3390 5080 6332 443 2738 2182 1701 6059 437 3241 4026 4070 1329 5638 2926 1063
is_linear=0
shrinkage=0.05


Tree=60
num_leaves=31
num_cat=0
split_feature=3 28 38 38 12 39 8 10 20 6 17 11 38 10 33 27 6 40 4 38 31 30 31 25 28 21 10 17 12 40
split_gain=0.656363 1.23833 0.60224 0.937329 0.922938 0.586383 0.579876 0.611532 0.569532 0.873571 0.759815 1.25438 1.03009 0.694985 0.515418 0.539301 0.50147 0.910893 0.579273 0.489107 0.474049 0.443847 0.433286 0.410334 0.408872 0.407966 0.478497 0.386166 0.474471 0.373017
threshold=0.33666664361953741 0.40333333611488348 0.0096426010131835955 0.11001014709472658 -0.090000003576278673 0.029931325465440754 0.096666663885116591 0.41666668653488165 -0.1766666769981384 0.056666672229766853 -0.35000000894069666 -0.090000003576278673 0.031355857849121101 0.16333335638046267 -0.13666665554046628 -0.016666665673255917 -0.10999999940395354 0.10333333536982538 -0.35000000894069666 -0.059825420379638665 0.12333333492279054 -1.0000000180025095e-35 0.19666665792465213 -0.14333333075046537 -0.43000000715255732 -0.10333332419395445 0.13666665554046634 -0.15666666626930234 0.26333332061767584 0.10333333536982538
decision_type=2 2 2 2 2 2 2 2 2 2 2 2 2 2 2 2 2 2 2 2 2 2 2 2 2 2 2 2 2 2
left_child=1 8 6 4 -4 19 -2 -8 16 10 21 -12 27 14 20 -16 17 25 -19 -3 -11 -10 -14 -21 -20 26 -1 -13 -29 -18
right_child=2 5 3 -5 -6 -7 7 -9 9 13 11 12 22 -15 15 -17 29 18 24 23 -22 -23 -24 -25 -26 -27 -28 28 -30 -31
leaf_value=-0.009047604316093914 0 0 0.013585057557251709 -0.010433728757658509 -0.0021804857627675399 -0.0026731668126520496 -0.015533192778164829 0 0 -0.012329726951929803 -0.0043866709546727693 -0.00014148725104836494 0.00044883629799002012 -0.0083355862726738842 0.007128504281616075 -0.002756808941764036 -0.0059246590141338665 0 0 0 0.0013432829835954554 0.010115278932328584 -0.010984678177323758 0.016249482993793248 -0.014136481706231952 0.0081875794821887667 0.0051209349452309609 0.0035533971324848606 0.014286836024424605 0.0023682142554955128
leaf_weight=7.1741977049969154 15.701761381933464 4.8374258899129954 11.101132270414388 6.9293070281855753 12.586111431708558 3.891449727350845 19.270012378226969 7.73311424255371 13.942366902949287 7.0530275539495033 62.995855380315334 8.6541087811347079 12.410063497023659 32.17425219877623 26.632507919333875 15.030704726465045 12.041190135758368 16.839297082275152 1.9685662817209983 6.4023407632485059 4.9099070250522345 37.146636765450239 6.6257510748691848 19.587691605091095 29.97649054415524 8.7531095491722208 3.3887935520615429 40.284350138390437 21.248493276536465 47.360493790940382
leaf_count=322 984 166 318 578 1347 130 1403 543 668 520 3919 595 1100 2040 1378 1363 942 997 124 166 456 1010 717 475 1749 364 137 2303 787 3512
internal_value=-0.000288361 0.000393202 -0.00451129 0.000188227 0.00561834 0.00874284 -0.00800195 -0.0117652 -0.000357721 0.000806929 0.00264194 0.000591582 0.00442396 -0.00315736 5.63203e-05 0.0031396 -0.00310338 -0.00585407 -0.00928122 0.0110635 -0.00675197 0.0076088 -0.00421104 0.0133841 -0.0127489 0.00196226 -0.00278425 0.00724124 0.00857007 0
internal_weight=524.651 451.329 73.3214 30.6166 23.6872 34.7189 42.7049 27.0031 416.61 289.108 203.308 152.219 89.2228 85.8004 53.6261 41.6632 127.502 68.1005 48.7844 30.8275 11.9629 51.089 19.0358 25.99 31.9451 19.3161 10.563 70.187 61.5328 59.4017
internal_count=31113 25940 5173 2243 1665 937 2930 1946 25003 16856 11099 9421 5502 5757 3717 2741 8147 3693 2870 807 976 1678 1817 641 1873 823 459 3685 3090 4454
is_linear=0
shrinkage=0.05


Tree=61
num_leaves=31
num_cat=0
split_feature=30 9 3 11 40 9 39 38 21 41 27 40 39 9 22 41 38 10 25 41 38 25 33 10 38 36 35 7 10 25
split_gain=0.768814 1.18413 1.06144 1.08018 0.984977 0.767893 1.18356 1.05266 1.08052 0.765947 0.751338 0.719772 0.685048 0.810718 0.589385 0.587644 0.66846 0.609855 0.550372 0.686307 0.452563 0.433305 0.503884 0.479938 0.406623 0.400402 0.399182 0.393472 0.566745 0.677083
threshold=0.44333332777023321 0.23666667938232425 0.18999999761581424 -0.16333332657814023 0.88333332538604747 -0.090000003576278673 0.029510702937841419 -0.033781528472900384 -0.19666665792465207 0.041539816185832031 0.030000001192092899 0.076666664332151427 0.029510702937841419 0.030000001192092899 0.23666667938232425 0.036879267543554313 -0.042340755462646477 -0.25666666030883784 -0.43000000715255732 0.034825608134269721 -0.08739995956420897 -0.036666661500930779 -0.25666666030883784 -0.12333333492279051 -0.042340755462646477 -0.016666665673255917 0.18333333730697635 0.16333335638046267 -0.016666665673255917 -0.069999992847442613
decision_type=2 2 2 2 2 2 2 2 2 2 2 2 2 2 2 2 2 2 2 2 2 2 2 2 2 2 2 2 2 2
left_child=5 9 4 -4 14 6 10 -8 -9 -2 11 -1 18 -14 -3 16 20 -17 -7 24 -12 23 -23 -13 -20 -24 -26 28 29 -21
right_child=1 2 3 -5 -6 12 7 8 -10 -11 15 21 13 -15 -16 17 -18 -19 19 27 -22 22 25 -25 26 -27 -28 -29 -30 -31
leaf_value=0.010273725294424767 0.019745029714471649 0.018752854569097383 -0.013476817601602404 0.0041058569047437007 -0.0051662663783371386 0.0055647131361039257 0 -0.0012140531859318234 0.021603010205864595 0 -0.0016359953979917408 0.00053120892125947856 0.0015152556523815781 -0.012604889941507019 0 -0.010821315852931349 -0.0037386365707252848 0 -0.012104260984699692 -0.010665108487039637 0.012352261636694943 -0.0022251284845328785 0.011366781172722969 -0.0085663890743926645 -0.0056850362706774753 0 0.0019236053581954651 -0.0033065672274365989 0.0046741889946279886 0.0031679067383483376
leaf_weight=17.436632663942873 10.939504387089984 8.5912295682355779 14.006196674657987 8.7161497997585666 4.3759603698272249 18.950915005989373 20.530170638812706 3.629543058807033 12.747879922389982 6.1351665223482987 2.8501905477605751 28.41877490398474 9.0124357200693321 25.455435996409506 4.5765926754102102 29.832009463803843 23.226259660674259 14.411544402828438 16.365483563626185 10.585537169128658 9.5912135692778957 11.894686378189361 16.021439003758132 15.806922264629973 34.329897480551153 6.707998525118458 19.641090894816443 47.563411673763767 60.551309307687916 10.649702786002306
leaf_count=768 162 219 344 762 94 1135 986 196 573 121 127 1627 525 1826 115 2170 1975 1209 1179 662 425 708 728 735 2180 407 1558 3928 3042 658
internal_value=7.47138e-06 0.00522457 0 -0.00641304 0.00790794 -0.000639486 0.00147773 0.00894177 0.0164594 0.0142556 -0.000191501 0.00256753 -0.00251153 -0.00861781 0.0138142 -0.00375404 0.000452186 -0.0072916 -0.00123313 -0.00214331 0.0083024 0 0.00407061 -0.00285756 -0.00590375 0.00801209 -0.00258381 0 0.00212939 -0.0036402
internal_weight=523.551 57.3408 40.2661 22.7223 17.5438 466.21 213.105 36.9076 16.3774 17.0747 176.198 96.2865 253.105 34.4679 13.1678 79.9112 35.6677 44.2436 218.637 199.686 12.4414 78.8498 34.6241 44.2257 70.3365 22.7294 53.971 129.35 81.7865 21.2352
internal_count=31144 1817 1534 1106 428 29327 12634 1755 769 283 10879 4973 16693 2351 334 5906 2527 3379 14342 13207 552 4205 1843 2362 4917 1135 3738 8290 4362 1320
is_linear=0
shrinkage=0.05


Tree=62
num_leaves=31
num_cat=0
split_feature=30 17 3 31 5 14 29 32 6 24 38 41 31 30 31 9 41 35 10 7 30 14 14 35 38 29 24 30 9 10
split_gain=1.00967 0.819558 0.816112 0.66141 0.715314 1.51791 1.04435 0.844101 0.872787 0.65948 0.630257 0.6213 0.600424 0.59582 0.561314 0.532669 0.503299 0.584001 0.561797 0.478445 0.469379 0.636968 0.576462 0.52852 0.594755 0.67653 0.519848 0.46614 0.461127 0.435563
threshold=0.46999999880790716 -0.46999999880790705 0.33666664361953741 0.49000000953674322 0.19666665792465213 -0.35000000894069666 0.20333331823349002 -0.063333332538604722 0.030000001192092899 0.043333351612091071 0.0096426010131835955 0.038364836946129806 0.21666666865348819 0.23000001907348636 -0.063333332538604722 0.17666667699813846 0.031382504850625999 -0.31666666269302363 -0.10333332419395445 -0.22333332896232602 -0.43000000715255732 0.25666666030883795 0.42333334684371954 -0.18999999761581418 0.031355857849121101 -0.48333333432674402 -0.21000000834465024 -0.069999992847442613 0.38999998569488531 -0.4433333277702331
decision_type=2 2 2 2 2 2 2 2 2 2 2 2 2 2 2 2 2 2 2 2 2 2 2 2 2 2 2 2 2 2
left_child=2 11 3 4 6 9 7 13 15 -6 12 -2 -4 20 -12 29 -8 -18 -19 -5 23 26 -23 24 25 -1 -22 -28 -20 -9
right_child=1 -3 10 19 5 -7 16 8 -10 -11 14 -13 -14 -15 -16 -17 17 18 28 -21 21 22 -24 -25 -26 -27 27 -29 -30 -31
leaf_value=-0.0021831736135730475 0 -0.00010612450703199831 -0.013862910395214097 0.014563484923251439 0 -0.0019372714770968362 0.00042564034473243479 -0.0010533408415554647 -0.00091792346298774196 0.015096761436952301 0.0061583271201689346 0.017917041916681472 0 0.0057678701378546353 -0.006464841772843114 -0.0015457430549015853 0.0027468434225984984 0 -0.013583748939265597 -0.00019684959048454727 0.003217905766751595 -0.01342043577788945 0 -0.0071999002527009569 -0.0046572375951830286 0.014321159895935848 -0.0001455738593913974 -0.0080435499389496304 5.2024025356651478e-06 0.01157519134061117
leaf_weight=3.6392455103341552 8.1592990523204225 16.452251674374565 22.360902648884803 7.0556178085971624 12.476167590823023 46.555681930854917 13.504806018900124 2.8440439915284506 42.306502260034904 21.803963219281286 12.653080746531488 12.0762807065621 10.299216450424863 14.501945924013851 10.649840690894051 6.0913586225360623 4.529453770723193 10.60412340168841 40.506736754672602 3.871617583325131 26.874361693160608 22.634856401709843 6.9805213809013358 3.1670537171885362 3.0641177576035252 13.312940829433503 49.325080681126565 33.13182223495096 3.0416467527393243 38.05640658386983
leaf_count=145 128 771 1774 121 320 4481 652 98 3470 500 757 148 738 675 1187 352 151 448 1744 173 1937 1459 481 222 325 584 3405 1812 178 1813
internal_value=-0.000138949 0.00718049 -0.000823349 0 -0.00043449 0.00354396 -0.0015035 0 0.00380504 0.0107884 -0.00618937 0.0127271 -0.0101072 -0.00199995 0 0.00815136 -0.00658346 -0.00847286 -0.0100073 0.0096408 -0.00302449 -0.00417969 -0.0102148 0.00247826 0.00627783 0.0100443 -0.00188176 -0.003932 -0.0122444 0.0101416
internal_weight=522.531 36.6878 485.843 429.88 418.953 80.8358 338.117 265.93 89.2983 34.2801 55.963 20.2356 32.6601 176.632 23.3029 46.9918 72.1868 58.682 54.1525 10.9272 162.13 138.947 29.6154 23.1834 20.0163 16.9522 109.331 82.4569 43.5484 40.9005
internal_count=31049 1047 30002 25546 25252 5301 19951 16778 5733 820 4456 276 2512 11045 1944 2263 3173 2521 2370 294 10370 9094 1940 1276 1054 729 7154 5217 1922 1911
is_linear=0
shrinkage=0.05


Tree=63
num_leaves=31
num_cat=0
split_feature=24 30 1 39 2 17 1 32 38 14 16 31 2 26 35 24 38 11 41 10 8 39 10 41 27 39 27 41 9 18
split_gain=0.805584 0.833173 1.1126 1.07909 0.990564 0.734562 0.716798 0.741049 0.620352 0.601117 0.9378 0.862256 0.893635 0.564369 1.03242 0.734502 0.647612 0.533827 0.511756 0.572235 0.511028 0.654853 0.656349 0.640419 0.531883 0.465931 0.465585 0.454207 0.450112 0.446761
threshold=0.40333333611488348 0.44333332777023321 0.096666663885116591 0.029510702937841419 0.38333332538604742 0.38333332538604742 -0.064999997615814195 -0.46999999880790705 0.0096426010131835955 0.31666666269302374 0.43000000715255743 0.43666666746139532 -0.22333332896232602 0.30333334207534796 -0.21666666865348813 -0.023333340883255001 -0.094627380371093736 -0.31666666269302363 0.062716234475374236 0.096666663885116591 -0.016666665673255917 0.029931325465440754 -0.32333332300186152 0.033619904890656478 -0.2766666561365127 0.014045588206499817 -0.35000000894069666 0.039359271526336677 -0.076666668057441698 -0.076666668057441698
decision_type=2 2 2 2 2 2 2 2 2 2 2 2 2 2 2 2 2 2 2 2 2 2 2 2 2 2 2 2 2 2
left_child=1 5 3 -3 -4 9 7 -7 -2 11 -11 13 -13 16 26 17 -1 -16 19 25 21 22 23 -18 -24 -17 -15 -26 -23 -27
right_child=8 2 4 -5 -6 6 -8 -9 -10 10 -12 12 -14 14 15 18 20 -19 -20 -21 -22 28 24 -25 27 29 -28 -29 -30 -31
leaf_value=-0.008691060438821634 -0.011112176208292059 0.018178628354932971 -0.0084720164717103485 -0.0018457582046529299 0.007454458305558867 -0.0028035194454142666 -0.00015208536733538896 0.015184849465880871 0.00020124530928727793 -0.010587703035447454 0.0017240502450124894 -0.0025749961824405409 0.014941216026306978 0.013087817089418398 -0.011566512427489637 -0.00063988729596232193 0.0011011761560333181 0 -0.0047834331111691044 0 -0.0040093192068495261 0.012650452455744868 -0.0065978537309294566 -0.011052012399053575 0 0.016736469798848286 0 0.0072102815314975463 -0.00085749534013031736 0
leaf_weight=26.325078293681145 20.988537337863818 17.48178962664679 13.634023189311849 5.0522096287459126 13.204545245273037 2.6248132707551148 17.800836094655097 16.624665467767045 14.165073821786789 29.389501372352242 19.583870018832386 5.9987037436803829 12.771666685584931 19.116677635349337 14.136071305256339 2.9192204251885441 11.848144985968249 16.026777068153024 8.6360358290839923 22.155165514210239 74.677412291523069 11.880867972038684 8.7541503699030709 18.223187889205292 40.964779015164822 12.355696310754867 4.8410097681917241 34.358543467358686 3.499027057318016 3.8386247633025041
leaf_count=2141 1781 375 370 95 468 122 1412 754 1328 2333 1075 195 375 589 449 106 878 881 308 761 5672 593 332 1570 2641 371 238 2413 195 296
internal_value=8.56457e-05 0.000689729 0.00647047 0.0133689 0 0 0.00617307 0.0116585 -0.00658128 -0.000692663 -0.00555879 0 0.00906627 -0.00059257 0.00227359 -0.000365625 -0.00201646 -0.00613098 0.00295584 0.00550588 -0.000813566 0.000940354 -0.000338003 -0.00618389 0.00174794 0.0106782 0.0102351 0.00344054 0.00902978 0.0134662
internal_weight=523.877 488.723 49.3726 22.534 26.8386 439.351 37.0503 19.2495 35.1536 402.3 48.9734 353.327 18.7704 334.556 104.025 80.0676 230.531 30.1628 49.9047 41.2687 204.206 129.529 114.149 30.0713 84.0775 19.1135 23.9577 75.3233 15.3799 16.1943
internal_count=31117 28008 1308 470 838 26700 2288 876 3109 24412 3408 21004 570 20434 3999 3172 16435 1330 1842 1534 14294 8622 7834 2448 5386 773 827 5054 788 667
is_linear=0
shrinkage=0.05


Tree=64
num_leaves=31
num_cat=0
split_feature=25 30 33 1 29 38 38 7 8 31 25 24 32 6 29 24 14 25 10 33 10 37 40 32 31 38 25 5 10 22
split_gain=1.0408 0.984406 0.768273 0.751743 0.750699 0.692391 0.863224 0.656493 0.494701 0.484807 0.746675 0.4569 0.453574 0.82243 0.550425 0.532329 0.820385 0.862806 0.731448 0.593623 0.596391 0.62268 0.545177 0.50158 0.533894 0.441078 0.411242 0.408395 0.385376 0.373541
threshold=0.33666664361953741 0.41666668653488165 0.2833333313465119 0.096666663885116591 0.37000000476837164 0.092322826385498061 0.011437416076660158 0.34333333373069769 0.46333330869674688 0.49000000953674322 -0.21666666865348813 0.096666663885116591 -0.056666672229766839 0.043333351612091071 0.19666665792465213 -0.21000000834465024 0.25000000000000006 -0.36333334445953364 -0.41666667163372034 0.12333333492279054 0.12333333492279054 0.016635417938232425 0.036666667088866241 0.23000001907348636 -0.24999999999999997 -0.005301952362060546 0.18333333730697635 0.01666665077209473 -0.063333332538604722 -0.32333332300186152
decision_type=2 2 2 2 2 2 2 2 2 2 2 2 2 2 2 2 2 2 2 2 2 2 2 2 2 2 2 2 2 2
left_child=1 4 -2 27 9 6 7 -5 -4 12 -11 -9 15 14 26 16 -1 -18 25 20 21 22 -20 -15 -25 29 -14 -3 -6 -17
right_child=2 3 8 5 28 -7 -8 11 -10 10 -12 -13 13 23 -16 18 17 -19 19 -21 -22 -23 -24 24 -26 -27 -28 -29 -30 -31
leaf_value=0.0064149309975127565 0 0.00098551912821309164 -0.014122635478170616 -0.009257788330376571 0.0010725764301800988 -0.010217095723595233 0.013213799737277801 0.012306217941640215 0 0.015285130133572631 -0.0024699029978657813 -0.0019171397137704054 0.0095369801941809617 -0.0035422914469666784 -0.0012540058102899236 -0.00061929012931381182 0.0042110308146739049 -0.011516865027674211 0.00011319581807468782 0.0023185020043603134 0.00011145844717674724 -0.0011421277348728635 -0.012592922603084401 0.0097654383586876902 -0.00036799635246670799 -0.0031699650748754967 -0.0011344271495979687 0.01565705780512169 -0.010252959549021232 0.012095931915787145
leaf_weight=36.686728905886412 23.048856429755688 12.106416892725976 21.985664877225648 9.21242733392865 3.8731931783258942 5.1094651347957543 9.2640569196082634 3.9340687822550517 6.9557086259592316 7.0487034032121301 4.5918244696222228 4.7169973128475249 47.910308814141899 65.700614175526425 13.41066347598098 2.806002031546087 9.16641908651218 12.334698402788488 5.3290959941223255 16.919571690028533 22.116271820152178 31.823463230393827 49.13688152958639 12.370754019590093 29.077600236749277 5.1754259027075014 4.6197855197824529 16.452986118616536 20.796742208534852 10.32051682472229
leaf_count=2371 2361 217 2045 252 220 173 282 107 752 129 154 222 2251 4458 505 103 535 833 294 1068 1111 1914 2906 670 2475 514 302 445 996 428
internal_value=-0.000101896 0.000619107 -0.00646567 0.0062646 -0.000233722 0 0.00415266 -0.00163968 -0.0111512 0.000297147 0.00840623 0.00523544 -1.74497e-05 0.00176034 0.00594591 -0.0016693 0.00197141 -0.0044468 -0.00333125 -0.00479708 -0.00618953 -0.00797763 -0.0110484 -0.000773268 0.00298198 0.00438371 0.00815126 0.011412 -0.00779774 0.00872916
internal_weight=524.002 472.012 51.9902 60.7964 411.215 32.237 27.1276 17.8635 28.9414 386.545 11.6405 8.65107 374.905 173.09 65.9408 201.815 58.1878 21.5011 143.627 125.325 108.406 86.2894 54.466 107.149 41.4484 18.3019 52.5301 28.5594 24.6699 13.1265
internal_count=31093 25935 5158 1698 24237 1036 863 581 2797 23021 283 329 22738 10661 3058 12077 3739 1368 8338 7293 6225 5114 3200 7603 3145 1045 2553 662 1216 531
is_linear=0
shrinkage=0.05


Tree=65
num_leaves=31
num_cat=0
split_feature=4 8 33 18 28 38 11 41 9 1 15 41 30 6 29 5 0 27 41 31 30 39 39 37 38 39 37 28 1 25
split_gain=0.622814 0.842544 0.915223 0.760125 0.635084 0.969676 0.929916 0.917693 0.833711 0.853646 0.824589 0.717956 0.920446 0.669327 0.681411 0.66445 0.700119 0.572752 0.498269 0.46072 0.459655 0.634643 0.539837 0.529841 0.717991 0.448028 0.442707 0.587648 0.618587 0.41861
threshold=-0.37666666507720942 0.25666666030883795 -0.48333333432674402 0.37666666507720953 0.40333333611488348 0.0053477287292480477 -0.063333332538604722 0.027942380867898468 0.42333334684371954 0.31666666269302374 -0.29000000655651087 0.039897613227367408 -0.3899999856948852 0.12333333492279054 -0.41666667163372034 0.16333335638046267 -0.11666667461395262 -0.26333332061767573 0.036879267543554313 -0.236666664481163 -0.236666664481163 0.01583376340568066 0.021435073576867584 -0.035179138183593743 0.061621665954589851 0.024050278589129451 0.012290954589843752 0.43000000715255743 0.41000002622604376 0.18999999761581424
decision_type=2 2 2 2 2 2 2 2 2 2 2 2 2 2 2 2 2 2 2 2 2 2 2 2 2 2 2 2 2 2
left_child=1 2 -1 4 6 26 8 -7 9 15 -9 18 -13 14 -14 16 -2 -4 20 -17 21 -8 -22 -23 -25 -19 27 -6 -29 -3
right_child=3 29 17 -5 5 7 11 10 -10 -11 -12 12 13 -15 -16 19 -18 25 -20 -21 22 23 -24 24 -26 -27 -28 28 -30 -31
leaf_value=-0.007071028559592997 -0.0087896546069721245 0.0023453761791318822 0.016708176691941808 -0.0073362628687706896 0.0034454043370892914 -0.0049925771081892924 -0.0059376993907935211 0.016564382922234572 0.0084336941992839125 -0.013698963641271426 -0.0020254791727729953 -0.0055335638309529905 -0.004467123649351562 0 0.011714899321205084 0.0072186688900898882 -0.0012613762945271024 -0.00014293911155746048 -0.007823698410841377 -0.0020751551985600781 0.0019276398761395427 -0.00079685477103375751 -0.0085905327850670562 0.017642338455755229 -0.00079167961868670971 0.0097049436682256143 0.0057498676209662954 -0.014229640507429428 0.00050598932367129765 -0.0097844466365846015
leaf_weight=3.6373147736303499 48.798961657797918 5.5838895523920646 14.518633146537466 35.024752132245339 7.5011015320196774 2.980154431192207 2.4947636614087996 22.077895187539987 7.7668488749768576 15.865323794307185 3.19481969508342 10.276250254828481 1.8913750501815219 20.006745812715963 46.350941692478955 20.137181402184069 99.644775078864768 21.618592743761837 16.6350727470126 17.106921358732507 20.281316320877522 4.5642140654381427 14.143352991435675 11.132817594567308 3.4112032526172689 10.935732431709765 8.1492002140730602 11.432752330554651 6.2427705416921517 8.3358337299432588
leaf_count=176 2571 306 384 3129 273 94 237 506 321 851 327 624 123 1826 3030 710 5148 1508 1216 1184 1881 264 1144 530 376 592 292 385 265 765
internal_value=-0.000113575 0.00420496 0.00723142 -0.000824714 -0.000130736 0.00425638 -0.00100573 0.0102659 -0.00317027 -0.00396876 0.0134772 0.00183867 0.00505805 0.00730782 0.0101956 -0.00260422 -0.0041434 0.00948207 -0.00144308 0.00267609 0.000621877 0.00583106 -0.00240896 0.00941501 0.0131334 0.00351225 -0.00099157 -0.00466216 -0.00915997 -0.00442273
internal_weight=521.742 64.63 50.7103 457.112 422.087 61.5787 360.508 28.2529 209.32 201.553 25.2727 151.188 78.5253 68.2491 48.2423 185.688 148.444 47.073 72.6627 37.2441 56.0277 21.603 34.4247 19.1082 14.544 32.5543 33.3258 25.1766 17.6755 13.9197
internal_count=31038 3731 2660 27307 24178 2142 22036 927 10785 10464 833 11251 5603 4979 3153 9613 7719 2484 5648 1894 4432 1407 3025 1170 906 2100 1215 923 650 1071
is_linear=0
shrinkage=0.05


Tree=66
num_leaves=31
num_cat=0
split_feature=30 7 3 39 3 32 9 39 14 31 38 37 39 37 38 10 10 27 38 12 41 39 9 2 27 17 3 31 38 41
split_gain=1.02796 0.920298 0.700789 0.69565 0.620937 0.981942 0.539518 1.25809 0.732082 0.940334 1.39649 1.14616 1.18967 0.85983 0.802631 0.674975 0.643944 0.564635 0.875147 0.557031 0.536769 0.524426 0.695238 0.593256 0.535812 0.702083 0.534104 0.455178 0.436022 0.424656
threshold=0.44333332777023321 0.31666666269302374 0.45666664838790899 0.029931325465440754 0.01666665077209473 0.23000001907348636 -0.090000003576278673 0.029931325465440754 -0.4433333277702331 0.35000002384185797 0.025660514831542972 -0.069252967834472642 0.021573347039520744 0.012290954589843752 -0.094627380371093736 -0.17000000178813932 -0.32333332300186152 -0.36333334445953364 -0.033781528472900384 0.30333334207534796 0.037021264433860786 0.029510702937841419 0.030000001192092899 0.26999998092651373 -0.36333334445953364 -0.45666666328907007 -0.14333333075046537 -0.049999997019767754 -0.032514572143554681 0.07191880047321321
decision_type=2 2 2 2 2 2 2 2 2 2 2 2 2 2 2 2 2 2 2 2 2 2 2 2 2 2 2 2 2 2
left_child=6 4 3 -3 -2 -6 7 8 15 16 11 19 13 -13 -14 -1 20 -9 -19 -11 -10 23 -23 24 25 -8 -25 28 -27 -26
right_child=1 2 -4 -5 5 -7 21 17 9 10 -12 12 14 -15 -16 -17 -18 18 -20 -21 -22 22 -24 26 29 27 -28 -29 -30 -31
leaf_value=0.016500493456595763 0.0063744274708564183 0.017601778090808252 -0.00096988710824846738 0 -0.015313432787182944 0.0032903903914594103 -0.0046818902721316646 -0.0028398794708224808 -0.00068961474997068675 -0.011499295409619461 -0.011233955340007359 0.022999379601972327 0.010839310649385085 0 -0.0073197859371559723 0 -0.00081714753253609492 0.00095262214871526133 0.018294507148479962 0.0038047815441627901 -0.013343941394152287 0.001506059684497 -0.011386922613197315 0.0054587118117098701 -0.0028103879648437983 0 -0.0074526518001369214 0 0.014863241841956429 0.0045209977561094222
leaf_weight=5.3815097687765956 11.634105114731939 20.503525076201193 4.9578855694271615 4.5863847318105391 7.3847457643132648 8.0325503756757808 9.1632697577588242 3.0633009257726362 19.45106336241588 5.0402532019652408 5.8459337025415143 13.888393079629173 4.2933804588392368 3.2228320564609012 8.8788970604073238 7.9365169736556691 77.327264322084375 17.442265396006405 14.64151900471188 4.9762751958332956 21.731227009324357 9.2454357228707504 24.72273729275912 2.7665743797551832 101.97034420794807 6.8082676734775331 44.013924073195085 18.864874687045813 15.511590670095755 16.496155761415139
leaf_count=97 182 741 443 130 158 175 176 88 1445 127 607 436 86 162 301 155 5412 873 662 116 1986 525 1796 220 7936 275 3291 866 409 1101
internal_value=0.000180842 0.00620552 0.0114556 0.0144284 0 -0.006247 -0.000579239 0.00117692 -0.000496438 -0.00164924 0.0038207 0.00771729 0.0121957 0.0190315 0 0.00854748 -0.00406142 0.00909467 0.0111585 -0.00375817 -0.00874471 -0.0021692 -0.00755293 -0.00102661 0.000271096 0.00442119 -0.00568168 0.00731418 0.0113717 -0.00141993
internal_weight=519.783 57.0992 30.0478 25.0899 27.0514 15.4173 462.684 213.121 177.974 164.656 46.146 40.3 30.2835 17.1112 13.1723 13.318 118.51 35.1471 32.0838 10.0165 41.1823 249.563 33.9682 215.595 168.815 50.348 46.7805 41.1847 22.3199 118.466
internal_count=30977 1829 1314 871 515 333 29148 12553 10930 10678 1835 1228 985 598 387 252 8843 1623 1535 243 3431 16595 2321 14274 10763 1726 3511 1550 684 9037
is_linear=0
shrinkage=0.05


Tree=67
num_leaves=31
num_cat=0
split_feature=12 1 23 26 11 21 37 12 38 38 31 37 35 22 37 31 29 9 38 7 14 7 10 9 12 38 5 37 37 35
split_gain=0.867213 0.681465 1.21224 1.05687 0.737839 0.636452 0.588618 0.574587 0.555156 1.00709 1.05943 0.706162 0.565498 0.49036 0.48236 0.475308 0.47251 0.708706 0.600111 0.52944 0.964978 0.583418 0.494063 0.484281 0.459741 0.45082 0.431363 0.355125 0.515266 0.368498
threshold=0.42333334684371954 0.19666665792465213 0.34333333373069769 -0.1766666769981384 0.35666668415069586 0.096666663885116591 -0.00053071975708007802 -0.46999999880790705 0.078113079071044936 0.011437416076660158 0.36333334445953375 -0.033094882965087884 0.25666666030883795 0.14999997615814212 -0.080943584442138658 -0.24999999999999997 0.20333331823349002 0.26999998092651373 0.077169895172119155 -0.36333334445953364 0.11000001430511476 -0.48333333432674402 -0.12333333492279051 -0.45666666328907007 0.26333332061767584 -0.099806308746337877 1.0000000180025095e-35 -0.062580585479736314 0.021366119384765628 -0.37666666507720942
decision_type=2 2 2 2 2 2 2 2 2 2 2 2 2 2 2 2 2 2 2 2 2 2 2 2 2 2 2 2 2 2
left_child=1 2 4 -4 7 14 24 26 9 10 13 -11 -10 -3 -2 -13 19 18 22 20 -9 -22 -18 -23 -6 -5 -1 -15 29 -29
right_child=5 8 3 25 6 -7 -8 16 12 11 -12 15 -14 27 -16 -17 17 -19 -20 -21 21 23 -24 -25 -26 -27 -28 28 -30 -31
leaf_value=0 0.00066164932778349115 0 -0.0031006138448093634 0 0 0.0010758966379521594 0 0.0029119292331308126 -0.011274210353282708 -0.0050966030078989037 0.005646835688881603 0.015214722585670529 0.0022360493482416468 0 -0.014380735527728693 0.00058651400621524295 0 0.0024563685948971962 0.00048930599027914644 0.0017327460252815785 0.001874847085907059 0 -0.012567531800373689 -0.015359409594777327 0.016742901359735978 0.015859405944468406 0.011572107460458229 0 0 -0.015782701420331103
leaf_weight=10.369395580142738 2.3472055087331745 23.860632888274267 6.8705930474679908 2.7297483950387713 1.9877112670801604 8.4739217591704783 8.2135513129178417 20.227296239230782 21.579887524247173 4.2864688138943192 17.358500411501154 11.986191621515903 4.5274542924016705 8.6899660027120245 17.306391497841105 14.361326903337609 5.9060247250599778 19.045209595933557 11.742017223732544 164.66491584840696 3.694205432431775 3.8787577755283591 30.03291222336702 17.970965852960944 10.330094408011062 24.268624741118401 11.46397763956338 2.4224304296076289 9.4382938069757056 23.236149081611078
leaf_count=181 113 1535 476 116 135 743 650 1216 1319 241 631 432 388 576 1640 1224 317 1037 514 10995 166 183 1509 1014 504 944 190 156 593 1470
internal_value=0 0.000498952 0.00170906 0.00997591 0.000588281 -0.00773768 0.0085881 -3.7222e-05 -0.0022957 -0.000425702 -0.00340586 0.00636488 -0.00817263 -0.00633905 -0.0118751 0.00960188 -0.0007898 -0.00429135 -0.00742561 0.000293168 -0.00400352 -0.00978442 -0.0103077 -0.0126326 0.0136807 0.01402 0.00672894 -0.00916868 -0.0111105 -0.0141751
internal_weight=523.271 495.143 353.396 33.869 319.527 28.1275 20.5314 298.996 141.747 115.64 85.006 30.634 26.1073 67.6475 19.6536 26.3475 277.162 66.7262 47.681 210.436 45.7712 25.5439 35.9389 21.8497 12.3178 26.9984 21.8334 43.7868 35.0969 25.6586
internal_count=31208 28712 20147 1536 18611 2496 1289 17322 8565 6858 4961 1897 1707 4330 1753 1656 16951 3377 2340 13574 2579 1363 1826 1197 639 1060 371 2795 2219 1626
is_linear=0
shrinkage=0.05


Tree=68
num_leaves=31
num_cat=0
split_feature=3 30 29 19 9 8 14 28 24 11 2 36 8 31 24 12 13 41 7 14 31 34 26 22 10 7 19 36 32 5
split_gain=0.805924 1.08367 0.741711 0.55308 0.749107 0.957968 0.977527 0.886646 0.840097 0.696303 0.532391 0.766402 0.582951 0.499278 0.810457 0.733071 0.428926 0.415269 0.39469 0.545779 0.375749 0.371986 0.96913 0.422394 0.363161 0.645265 0.493721 0.435668 0.384592 0.449855
threshold=0.20333331823349002 0.42833334207534796 0.47500002384185797 -0.096666663885116563 0.23666667938232425 0.31000000238418585 -0.33666665852069849 0.41000002622604376 0.25666666030883795 -0.076666668057441698 0.056666672229766853 0.40333333611488348 -0.12333333492279051 0.41666668653488165 -0.23499999940395352 0.31666666269302374 0.34333333373069769 0.10085978358983995 -0.36333334445953364 0.20999997854232791 0.35000002384185797 0.35000002384185797 -0.18333333730697629 -0.41666667163372034 0.11000001430511476 -0.076666668057441698 -0.36333334445953364 0.01666665077209473 -0.063333332538604722 -0.40333333611488337
decision_type=2 2 2 2 2 2 2 2 2 2 2 2 2 2 2 2 2 2 2 2 2 2 2 2 2 2 2 2 2 2
left_child=1 13 -3 4 7 6 -6 9 -9 -2 12 -12 20 16 15 -15 17 21 -16 -20 -5 24 -23 -24 25 28 27 -27 29 -1
right_child=3 2 -4 10 5 -7 -8 8 -10 -11 11 -13 -14 14 18 -17 -18 -19 19 -21 -22 22 23 -25 -26 26 -28 -29 -30 -31
leaf_value=0.0014878241317952676 -0.0059948355503557371 0.01244007489877672 -0.0029250227853438331 -0.00014473572191971832 -0.019981240825551166 0.0011123148632193251 0.0020679460161605679 0.01661737258940061 -0.00071005909138366829 0.0058850552518860191 -0.011323888238168989 0.0023983085467301612 -0.0052590345621581396 -0.0097926651901535967 0 0.0058734630280615416 -0.0063655523615751752 0.0080761472426014343 0 0.016270685148211485 0.01444604573210544 -0.0057588918622621596 -0.00027187139719915874 0.010912412187341201 0.0015952631096260912 0.011077888639755326 -0.0018950193525997196 0 0 -0.0081994022557360831
leaf_weight=7.4974990359041831 24.8540206074249 26.742870176211003 4.6106791640631846 2.3059721675235769 9.2539887607563269 15.587263583205639 3.1968456804752376 11.45676862401888 6.6047124143224201 13.55540967104025 40.274405795615166 7.125638050492852 8.8186099649174121 10.047194977523761 11.473300323355945 6.7184509006328872 21.558024884667248 9.6815289312507939 5.1856460275594172 14.662318867165594 3.5374217946082354 11.250229052966459 5.5908631389029315 23.736284207552675 67.094954362837598 12.170050919987263 39.973935473710299 10.999335083644835 22.516125243157148 62.917686718516052
leaf_count=490 1038 667 86 251 237 509 216 261 197 807 4031 763 940 438 307 231 2205 491 184 536 89 848 336 1275 3947 318 3657 339 1258 4146
internal_value=1.10278e-05 0.00128856 0.00940439 -0.00301099 -5.61031e-06 -0.00622136 -0.0141335 0.00298147 0.010645 -0.0010106 -0.00637481 -0.00875518 0.000418366 0.000326335 0.00478362 -0.00252325 -0.000398079 0.000109529 0.00914156 0.012603 0.00942094 -0.000263361 0.0036928 0.00838855 -0.00116962 -0.00252752 0.00101651 0.00625335 -0.00510387 -0.00680496
internal_weight=520.998 374.427 31.3535 146.571 84.509 28.0381 12.4508 56.4709 18.0615 38.4094 62.062 47.4 14.662 343.073 48.0869 16.7656 294.987 273.428 31.3213 19.848 5.84339 263.747 40.5774 29.3271 223.17 156.075 63.1433 23.1694 92.9313 70.4152
internal_count=31098 21759 753 9339 3265 962 453 2303 458 1845 6074 4794 1280 21006 1696 669 19310 17105 1027 720 340 16614 2459 1611 14155 10208 4314 657 5894 4636
is_linear=0
shrinkage=0.05


Tree=69
num_leaves=31
num_cat=0
split_feature=17 25 31 38 14 4 27 25 38 36 29 4 9 0 39 41 38 4 39 20 16 38 37 31 9 37 23 37 1 21
split_gain=0.725347 1.06638 0.653053 1.76399 0.77003 0.712169 0.708311 0.712927 0.763185 0.697928 1.10054 0.666732 0.596705 0.623315 0.620114 0.53885 0.678411 0.52419 0.483322 0.436256 0.432875 0.397746 0.352688 0.336974 0.333735 0.276319 0.27391 0.266898 0.329369 0.260382
threshold=-0.4433333277702331 -0.12333333492279051 0.35000002384185797 -0.024595737457275387 0.43666666746139532 -0.32999998331069941 -0.4433333277702331 -0.24333333969116208 0.22565650939941409 -0.31000000238418574 -0.29666668176650995 -0.32333332300186152 0.23666667938232425 0.34333333373069769 0.024118972010910514 0.041826598346233375 -0.032514572143554681 0.043333351612091071 0.024375094100832943 0.31666666269302374 0.11000001430511476 0.057902336120605476 0.010866641998291017 -0.04333332180976867 -0.076666668057441698 0.012290954589843752 -1.0000000180025095e-35 -0.0177617073059082 -0.064999997615814195 -0.24333333969116208
decision_type=2 2 2 2 2 2 2 2 2 2 2 2 2 2 2 2 2 2 2 2 2 2 2 2 2 2 2 2 2 2
left_child=1 17 6 4 9 -6 15 11 29 -4 -11 -8 14 18 -3 16 -2 26 -14 25 -5 -19 -17 -18 -10 -12 -1 -13 -29 -9
right_child=2 12 3 20 5 -7 7 8 24 10 19 27 13 -15 -16 22 23 21 -20 -21 -22 -23 -24 -25 -26 -27 -28 28 -30 -31
leaf_value=-0.001235063029699876 -0.0013434381535446691 0.016009053840375272 0.014957294636249048 0.0015246241721984938 0.0059404714385522597 -0.011310858684607558 0.008907474105346147 -0.00089606036894182095 0.010906871445059266 -0.0080364240769521256 0.01276365227944882 -0.0048525659653877659 -0.00040789205100309799 -0.0078824533411032405 0 -0.0073879032901180532 0.017415017185374439 -0.01228915989769664 0.012016390759866796 -0.0013013843374838966 -0.009594066777310192 0.00013519880492305161 0.0034832802488337271 0 -0.00096102554055307573 0 0.008494812851762101 0.0058793456362111179 -0.0017981481064046315 -0.0057552451433726219
leaf_weight=7.7191157154738903 5.6648251120932409 21.391288747079674 24.401461393106729 5.5485105757834416 4.7296695942059159 5.9798981789499503 15.444301269948481 51.103089346550405 6.1867019943892956 9.0080632157623715 17.850515076890598 23.367173704551533 8.863634962588554 5.7527338592335573 5.7914235224016002 7.6666773892939082 9.0416110127698612 9.75445763254538 8.2014611228369159 4.3019060101360074 22.106217815540731 4.4283293476328245 8.0028900061734003 3.7106672353111216 3.4616019790992123 5.0140136135742059 5.3630074113607424 16.10677022789605 26.333243155153468 168.17550111340825
leaf_count=189 189 431 493 512 118 187 894 4642 233 224 570 1757 176 143 127 269 208 256 139 173 2292 83 223 150 291 208 103 1178 2043 12611
internal_value=0 0.00432788 -0.000751604 0.00262591 0.00682675 -0.00279861 -0.00182201 -0.00263909 -0.00406409 0.00900284 0.00283701 0.00109272 0.00844598 0.000761583 0.012839 0.00427162 0.00915043 -0.0026339 0.0060519 0.00799786 -0.00674633 -0.00828424 -0.00125485 0.0140835 0.00631544 0.0105204 0.00286041 -0.000984202 0.000966833 -0.00478781
internal_weight=520.471 77.2655 443.205 98.9403 71.2855 10.7096 344.265 310.178 228.927 60.576 36.1745 81.2515 50.0005 22.8178 27.1827 34.0867 18.4171 27.2649 17.0651 27.1664 27.6547 14.1828 15.6696 12.7523 9.6483 22.8645 13.0821 65.8072 42.44 219.279
internal_count=31112 1647 29465 4777 1973 305 24688 23649 17777 1668 1175 5872 1016 458 558 1039 547 631 315 951 2804 339 492 358 524 778 292 4978 3221 17253
is_linear=0
shrinkage=0.05


Tree=70
num_leaves=31
num_cat=0
split_feature=24 38 4 25 32 28 11 1 38 5 38 24 14 31 37 38 39 31 37 37 12 9 7 31 39 26 28 39 37 40
split_gain=0.6759 0.705291 0.569879 0.684092 0.747933 0.636544 0.955777 0.779376 0.759045 0.621221 0.614251 0.602812 0.601095 0.590526 0.649544 0.538351 0.83941 0.657287 0.635483 0.7345 0.603737 0.552936 0.507515 0.483757 0.480573 0.484799 0.473924 0.467188 0.448984 0.411873
threshold=0.40333333611488348 0.0096426010131835955 -0.32333332300186152 -0.21666666865348813 -0.43000000715255732 0.40333333611488348 -0.19666665792465207 0.096666663885116591 0.11001014709472658 0.20999997854232791 0.0053477287292480477 0.096666663885116591 0.43666666746139532 0.30333334207534796 0.076024055480957045 0.026465415954589847 0.021573347039520744 0.20333331823349002 0.012290954589843752 -0.078486442565917955 -0.21000000834465024 0.11000001430511476 -0.21000000834465024 0.37000000476837164 0.012703213375061752 0.01666665077209473 0.01666665077209473 0.013434986118227245 -0.036474227905273431 0.72333335876464855
decision_type=2 2 2 2 2 2 2 2 2 2 2 2 2 2 2 2 2 2 2 2 2 2 2 2 2 2 2 2 2 2
left_child=2 23 3 27 -5 6 9 10 11 13 -7 28 15 14 24 16 18 20 19 -8 -17 -21 -6 -2 -4 -26 -24 -1 -9 -22
right_child=1 -3 5 4 22 7 12 8 -10 -11 -12 -13 -14 -15 -16 17 -18 -19 -20 21 29 -23 26 -25 25 -27 -28 -29 -30 -31
leaf_value=-0.0028248686488829187 -0.014333143828036821 0.00047544360177230439 0.00091299358270845957 -0.0095264709010585182 0.0081440976742384059 0 -0.0035353201545128611 -0.00097932023833909227 -0.012305262297905304 0.0014567952232429845 0.018066450665870194 -0.0022518054995833274 -0.0083726678234504123 0.0034384184458797276 0.0018905670740181357 -0.0056103626439480926 -0.0002098162075728474 -0.0091566168182624988 -0.0010061319493878985 0.01516495672678708 0.0087855716292430715 0.00020799495396989817 -0.0051394308168288523 4.5133143229976649e-05 -0.0028043112983082031 -0.012208830064862865 0.0061132649630115336 0.010330998515262424 0.012118072189697834 -0.00066916267574930509
leaf_weight=2.2008506751153609 17.326391107635576 14.562641714001073 6.5646405234001568 9.9393158222082985 19.129904647124931 7.1934307715855521 3.5649233795702449 3.7901438660919693 4.3651340941432855 24.507950051454827 7.3512286578770727 18.887773819966242 10.927071852842344 7.6051108643878242 10.736014136346055 14.432285469025372 66.437145389150828 16.620795729570091 11.097895635990424 29.586558864219114 18.912582545075569 11.9064721588511 20.676091405795891 3.3098661927506319 32.954618269344792 59.698859707219526 7.5258422873448572 31.203793095191941 13.217408493626861 11.820893024560062
leaf_count=144 1585 1325 277 635 863 238 205 155 194 1145 147 816 783 436 413 662 4090 1913 988 1994 1627 918 1771 194 2152 2292 341 1291 422 1082
internal_value=-0.000506509 -0.00665416 0 0.00346093 0 -0.000818431 -0.00169313 0.00379069 0 -0.00474117 0.0117204 0.00279859 0.000475075 -0.0062436 -0.00727214 0.00137809 0.00332193 -0.0020626 0.00751941 0.00998038 0.000826992 0.0119679 0.00281722 -0.0115977 -0.00855248 -0.00949127 -0.000859977 0.00853163 0.00861849 0.00495314
internal_weight=518.054 35.1989 482.855 90.6758 57.2712 392.179 337.374 54.8051 40.2605 142.067 14.5447 35.8953 195.307 117.559 109.954 184.38 122.593 61.7866 56.1559 45.058 45.1658 41.493 47.3318 20.6363 99.2181 92.6535 28.2019 33.4046 17.0076 30.7335
internal_count=31098 3104 27994 5045 3610 22949 20977 1972 1587 6715 385 1393 14262 5570 5134 13479 8195 5284 4105 3117 3371 2912 2975 1779 4721 4444 2112 1435 577 2709
is_linear=0
shrinkage=0.05


Tree=71
num_leaves=31
num_cat=0
split_feature=31 12 25 16 10 25 5 6 26 27 27 10 10 4 23 9 31 24 25 31 5 31 38 30 38 13 4 38 38 41
split_gain=0.648791 0.88582 0.89166 0.736422 0.704688 0.760808 0.629828 0.543263 0.622977 0.77954 0.505088 0.495942 0.466404 0.615804 0.566453 0.470613 0.465668 0.444137 0.433737 0.417271 0.402737 0.399697 0.478091 0.40291 0.395773 0.38762 0.508825 0.374545 0.368501 0.523891
threshold=0.46999999880790716 0.40333333611488348 -0.090000003576278673 -0.35000000894069666 0.14999997615814212 0.19666665792465213 0.31666666269302374 -0.35000000894069666 0.33666664361953741 0.18999999761581424 -0.31666666269302363 -0.22999998927116391 0.33666664361953741 0.17000001668930056 -0.19666665792465207 -0.1766666769981384 -0.056666672229766839 0.01666665077209473 -0.030000001192092892 -0.31000000238418574 0.13666665554046634 0.35000002384185797 -0.037441253662109368 -0.3899999856948852 -0.021959304809570309 0.083333313465118422 -0.40333333611488337 -0.050991535186767571 -0.059825420379638665 0.044666836038231857
decision_type=2 2 2 2 2 2 2 2 2 2 2 2 2 2 2 2 2 2 2 2 2 2 2 2 2 2 2 2 2 2
left_child=1 2 7 4 16 19 10 8 9 -1 -7 27 14 -14 -9 17 18 -16 -4 20 -6 24 23 -23 28 -13 -27 -2 29 -5
right_child=11 -3 3 21 5 6 -8 12 -10 -11 -12 25 13 -15 15 -17 -18 -19 -20 -21 -22 22 -24 -25 -26 26 -28 -29 -30 -31
leaf_value=-0.00628623305626674 0.014291187427623678 -0.0084663591564281254 0 0.0048323861865974711 0 -0.015646246318742424 0.0016804476844317522 -0.010577911099268252 0.011585613201867261 0.0065654992105897694 0 0.0078924109603383825 0.0085274807819891128 -0.0045138551385289719 -0.0030254358754053436 -0.0048996154533569244 -3.6349869401287989e-05 0.0061787831721778494 0.012982159941979269 -0.00095047330936659036 0.012590684182569806 0 -0.0015433312414139368 0.012744585031792191 0.00077478272214686998 0.0046406222238594185 -0.010040129000697336 0 -0.0086411629493505001 -0.00606965996546599
leaf_weight=22.25809627189301 12.127714856527748 26.202816558303311 5.8789795094635329 16.177800104720522 9.9235882265493291 8.3789457546081376 11.501978228101505 30.059514787280932 7.1213532346300772 13.619965974939985 3.5597361801192191 2.9535767761990419 11.90234833257273 10.526686592958866 17.945519150933251 69.007419762667269 6.1309826774522653 19.535541926976293 35.095972985029221 9.9031763484235835 14.455400440841911 3.8258620267733923 10.072324622655286 11.840321216266604 69.907829001080245 2.549313929863275 8.8731866090092772 5.134143084986138 22.543660715222359 15.493391769006847
leaf_count=1224 141 2701 154 1446 188 200 420 1946 200 750 170 77 595 554 1204 4061 197 1234 858 298 287 88 1068 398 6475 97 482 227 1938 1399
internal_value=0 -0.000442738 6.74347e-05 0.00206586 0.00516199 0.000764037 -0.00498692 -0.00231925 0.00210608 -0.000568845 -0.0112176 0.00636775 -0.00370079 0.0018665 -0.00483072 -0.00250848 0.0093852 0.00138757 0.0111517 0.00547401 0.00857897 -5.48399e-05 0.00480731 0.0093409 -0.00143038 0 -0.00485892 0.0109045 -0.00448289 0
internal_weight=514.507 482.869 456.666 254.69 104.829 57.7228 23.4407 201.976 42.9994 35.8781 11.9387 31.6379 158.977 22.429 136.548 106.488 47.1059 37.4811 40.975 34.2822 24.379 149.861 25.7385 15.6662 124.123 14.3761 11.4225 17.2619 54.2149 31.6712
internal_count=31077 30053 27352 15584 2772 1563 790 11768 2174 1974 370 1024 9594 1149 8445 6499 1209 2438 1012 773 475 12812 1554 486 11258 656 579 368 4783 2845
is_linear=0
shrinkage=0.05


Tree=72
num_leaves=31
num_cat=0
split_feature=26 1 6 20 10 31 14 38 41 17 37 5 30 3 12 31 25 39 9 27 8 17 4 38 13 38 27 2 10 19
split_gain=0.484903 0.594871 0.442062 0.84056 1.09581 0.839961 0.804855 0.732365 0.613111 0.491805 0.481943 0.448311 0.522072 0.50929 0.479801 0.508067 0.456651 0.413333 0.50124 0.461356 0.403169 0.370676 0.366075 0.35826 0.357347 0.332518 0.302071 0.304821 0.304934 0.301095
threshold=0.48333334922790533 0.31000000238418585 0.030000001192092899 -0.18333333730697629 0.19666665792465213 0.44333332777023321 0.2833333313465119 -0.0032935142517089839 0.0954544171690941 0.20999997854232791 0.053565502166748054 0.33666664361953741 0.31666666269302374 0.45666664838790899 -0.20333333313465116 -0.056666672229766839 -0.18999999761581418 0.014639338012784721 0.41000002622604376 0.19666665792465213 0.43666666746139532 -0.45666666328907007 -0.24333333969116208 0.11001014709472658 -0.22999998927116391 0.026465415954589847 -0.3899999856948852 0.38333332538604742 0.17000001668930056 0.4499999880790711
decision_type=2 2 2 2 2 2 2 2 2 2 2 2 2 2 2 2 2 2 2 2 2 2 2 2 2 2 2 2 2 2
left_child=2 -2 3 9 5 8 23 20 10 17 -5 14 -13 -14 16 -16 -9 -1 19 -19 26 -18 -12 -6 -23 29 27 28 -4 -11
right_child=1 -3 7 4 6 -7 -8 11 -10 25 22 12 13 -15 15 -17 21 18 -20 -21 -22 24 -24 -25 -26 -27 -28 -29 -30 -31
leaf_value=0.0017646870360256057 0.0087688614316970767 -0.0040985601491668033 0.0012023628019476381 -0.0035336600563510554 0.014416725617197533 0.009170018540373923 -0.00051444869839069383 0.0016765378510607766 0.0086266197614293279 0.0061403807111473294 0.0096998981562704187 -0.00042298206515832028 0.014727286769850439 -0.00031332764746898356 0.0084258804143700992 -0.0019129221586248477 0 -0.011758671415431063 0.0034530639631689254 0 0.0017347440925628019 -0.014119187071292406 -0.00014407067482446456 0 0 -0.0056145059151028291 -0.0076518349055659744 0.0070060803562727236 -0.0082475030642346608 -0.0038081363993890047
leaf_weight=7.0674503184854975 24.920716715510938 5.5415980392135671 8.3055232032202237 111.90284253098071 27.17589703691192 17.531785695347935 11.336746379733084 8.6905691139399988 8.3761653196997923 23.941576303448532 7.2348177423700717 12.527512552216651 10.682876340695655 3.5199203623924396 13.409747866913674 19.836343952221796 5.9222009866498402 33.437184548703954 2.8042272196616969 10.145267260260878 10.810784108936785 14.26071576937102 17.053031528834254 4.958015111507847 3.6056922296993461 5.6771070458926252 72.637472824892029 3.4482958826702079 9.2884061490185541 2.3939597900025538
leaf_count=393 502 120 253 6980 1166 417 807 298 370 1023 370 1380 712 340 1099 2345 97 1868 130 778 844 444 1026 198 364 586 5728 101 343 104
internal_value=-5.56412e-05 0.00545318 -0.000512197 0.000658879 0.00244664 0.000286922 0.00898316 -0.00233425 -0.000946794 -0.00324624 -0.00205058 0.000675702 0.0056484 0.0107763 -0.00130146 0.00227083 -0.00539171 -0.00602564 -0.00775597 -0.00931198 -0.00511586 -0.00863074 0.00330347 0.0125432 -0.0114805 0.000955633 -0.00621407 0 -0.00355561 0.00392408
internal_weight=518.444 30.4623 487.982 291.036 205.569 162.099 43.4707 196.946 144.567 85.4668 136.191 92.4556 26.7303 14.2028 65.7253 33.2461 32.4792 53.4541 46.3867 43.5825 104.49 23.7886 24.2878 32.1339 17.8664 32.0126 93.6797 21.0422 17.5939 26.3355
internal_count=31186 622 30564 16216 11334 9163 2171 14348 8746 4882 8376 7079 2432 1052 4647 3444 1203 3169 2776 2646 7269 905 1396 1364 808 1713 6425 697 596 1127
is_linear=0
shrinkage=0.05


Tree=73
num_leaves=31
num_cat=0
split_feature=30 40 8 25 38 24 38 33 30 22 39 37 25 19 31 37 38 38 31 38 40 0 10 6 39 39 21 20 30 16
split_gain=0.495068 0.705821 0.675005 0.667108 0.858863 0.570782 0.510113 0.427102 0.623413 0.40096 0.385382 0.426692 0.380844 0.491974 0.544803 0.849859 0.551505 0.493757 0.488937 0.461717 0.420914 0.468891 0.455091 0.410623 0.365834 0.531863 0.347435 0.338714 0.335288 0.316876
threshold=0.44333332777023321 0.88333332538604747 0.26999998092651373 -0.14333333075046537 -0.045151710510253899 0.068333327770233168 -0.021959304809570309 0.23666667938232425 -0.30333334207534784 0.2833333313465119 0.016332138329744342 -0.02083492279052734 -1.0000000180025095e-35 -0.30333334207534784 0.38333332538604742 0.0086016654968261736 -0.032514572143554681 0.031355857849121101 0.47666668891906744 -0.045151710510253899 0.076666664332151427 -0.10999999940395354 0.36333334445953375 0.13666665554046634 0.018712303601205352 0.029095132835209373 -0.21666666865348813 -0.090000003576278673 0.25499999523162847 -0.4433333277702331
decision_type=2 2 2 2 2 2 2 2 2 2 2 2 2 2 2 2 2 2 2 2 2 2 2 2 2 2 2 2 2 2
left_child=7 3 -3 5 -5 -2 -4 12 -9 10 -10 -12 18 17 -15 16 -16 23 20 -20 21 -1 24 26 27 -26 -14 -22 -29 -11
right_child=1 2 6 4 -6 -7 -8 8 9 29 11 -13 13 14 15 -17 -18 -19 19 -21 22 -23 -24 -25 25 -27 -28 28 -30 -31
leaf_value=0.0079533529841623752 0.0049264210602932325 0.005335197262070609 0 -0.00044303763510341221 0.013907834465317079 -0.011206993768690663 -0.017365533819831105 0.0052953335237545737 0 0.0082574227675149582 -0.00067982052240746541 -0.012701245628881704 0.0036973214208140016 -0.0023705133718611715 0.01603876140209793 -0.0044546356037046255 -0.00026978645410005123 0.010164500808281293 0.010945334885324336 -0.0021572192498963499 -0.0050937518243089558 -0.0018471393602907402 0.0043822405409057047 0.0066167660107249232 -0.0075702415724503676 0 -0.0070132418754588546 -0.00013522415263934976 0.0083789574506731544 -0.0027415682403596603
leaf_weight=14.75777377700433 4.458577483892439 3.3941065939143282 2.9558663375210017 10.250491748796771 25.335908371489499 4.0597386499866843 4.1630365997552872 8.5367209357209486 12.38583770371042 3.192119762767109 16.239344953559335 28.483592092292387 3.8397387145087167 74.108770500868559 10.220344309695065 6.268495309748686 3.1544695191551009 22.950480442959815 9.0642035873606783 4.5483900231774888 20.755538642872125 18.760153291746974 10.926515877014024 10.780247581191359 78.164849689230323 28.893923389259726 14.859832397662103 34.777927741874009 8.2076637446880323 16.009015623480082
leaf_count=694 99 64 98 440 846 122 140 556 1022 85 1193 2388 107 7448 206 420 282 467 110 219 1302 1104 668 336 4577 1646 426 2247 257 1490
internal_value=-0.000236467 0.00394767 -0.00472962 0.00683367 0.00970546 -0.00249451 -0.0116793 -0.000831492 -0.0039112 -0.00555579 -0.00749278 -0.00942578 -1.85307e-05 0.00186301 -0.000118956 0.00596775 0.0120096 0.00548318 -0.00134371 0.00597206 -0.00206878 0.00238774 -0.00307397 3.14714e-05 -0.00382489 -0.00555893 -0.00343789 -0.000326276 0.00180729 0
internal_weight=514.504 54.6177 10.513 44.1047 35.5864 8.51832 7.1189 459.886 84.8466 76.3099 57.1088 44.7229 375.039 146.182 93.7521 19.6433 13.3748 52.4303 228.857 13.6126 215.244 33.5179 181.726 29.4798 170.8 107.059 18.6996 63.7411 42.9856 19.2011
internal_count=31059 1809 302 1507 1286 221 238 29250 6734 6178 4603 3581 22516 9692 8356 908 488 1336 12824 329 12495 1798 10697 869 10029 6223 533 3806 2504 1575
is_linear=0
shrinkage=0.05


Tree=74
num_leaves=31
num_cat=0
split_feature=4 4 7 3 5 30 28 30 2 23 29 19 15 12 15 31 39 41 30 33 33 24 28 5 39 5 24 9 37 18
split_gain=0.683067 1.00732 0.552043 0.508579 0.619999 0.783292 0.91995 0.629481 0.704257 0.612232 0.641493 0.590859 0.5798 0.520833 0.494908 0.656315 0.474504 0.461237 0.457262 0.429763 0.517742 0.420155 0.493617 0.53644 0.417057 0.404054 0.381536 0.379523 0.373072 0.372076
threshold=-0.36333334445953364 -0.46999999880790705 -0.26333332061767573 0.45666664838790899 0.01666665077209473 0.42833334207534796 0.45499998331069952 -0.30333334207534784 0.18999999761581424 -0.19666665792465207 0.37000000476837164 -0.25666666030883784 -0.40333333611488337 0.18999999761581424 0.31000000238418585 0.4499999880790711 0.029931325465440754 0.062716234475374236 -0.37666666507720942 0.23666667938232425 -0.25666666030883784 0.29000002145767217 0.1566666662693024 -0.30333334207534784 0.01617132127285004 0.26999998092651373 -0.063333332538604722 0.40333333611488348 0.03015851974487305 0.41000002622604376
decision_type=2 2 2 2 2 2 2 2 2 2 2 2 2 2 2 2 2 2 2 2 2 2 2 2 2 2 2 2 2 2
left_child=1 -1 24 4 7 9 16 8 13 -6 11 12 -11 18 15 21 17 -7 -2 20 -14 22 -9 -24 -3 28 -22 -4 -12 -26
right_child=3 2 27 -5 5 6 -8 14 -10 10 25 -13 19 -15 -16 -17 -18 -19 -20 -21 26 -23 23 -25 29 -27 -28 -29 -30 -31
leaf_value=-0.0058889073795501661 -0.0047702210666322516 0 -0.0020232195219873463 -0.0083224715097482364 -0.0059129376210050131 0.016162805390633906 -0.0011792752709104725 -0.0017209568770958101 -0.0059522337886192943 0 -0.015129501978102972 -0.00028905975857057212 -0.00080323260276422219 0.011349071406596221 -0.01207738860340522 0.0089917467394943808 0 0 0.0065665085240248916 -0.0014144748732090569 0 0.003427131711983309 0.0019324938020765497 -0.010678385613227745 0.014519013921550531 0 0.014856779649291061 0.0086193373938054114 0 0
leaf_weight=11.999101332621647 13.532685991609467 4.6014008624479166 21.624663202557716 14.87295855139382 29.35415769496467 21.271546862320982 15.302070771809666 97.489998939214274 11.11439165775664 22.138077381532639 5.8558255629614013 58.898172331508249 3.8027403492014846 15.362289822893215 11.710824912413953 5.0167887648567548 3.4822183698415747 2.7753745359368613 10.203735865885394 2.9835505541414014 6.7819987765979013 12.455976105760781 4.5878527867607763 35.759574975119904 26.017455294961113 12.228189382236449 27.284811651566997 5.3683396016713223 3.2142533822916448 2.5602074807975432
leaf_count=841 938 274 1578 1455 2225 724 398 6559 627 596 259 5814 154 685 1002 157 110 141 734 129 310 664 132 1314 1065 792 984 296 121 91
internal_value=3.73105e-05 0.00439673 0.00717361 -0.000659533 -0.000228839 0.00158549 0.00717621 -0.00213388 0.00229128 0 0.001405 0.00296885 0.00613765 0.0056691 -0.00364207 -0.00242548 0.0119462 0.0140972 0 0.00929555 0.0107873 -0.0032971 -0.00419617 -0.00864048 0.0110415 -0.00531448 0.0126316 0.000518195 -0.0108715 0.0129727
internal_weight=519.651 72.1712 60.1721 447.48 432.607 215.373 42.8312 217.234 50.2131 172.542 143.188 121.889 62.9912 39.0987 167.021 155.31 27.5291 24.0469 23.7364 40.8531 37.8696 150.293 137.837 40.3474 33.1791 21.2983 34.0668 26.993 9.07008 28.5777
internal_count=31169 4145 3304 27024 25569 12757 1373 12812 2984 11384 9159 7987 2173 2357 9828 8826 975 865 1672 1577 1448 8669 8005 1446 1430 1172 1294 1874 380 1156
is_linear=0
shrinkage=0.05


Tree=75
num_leaves=31
num_cat=0
split_feature=19 28 33 38 12 31 28 38 1 24 11 38 36 39 9 38 1 38 21 27 21 16 7 37 11 27 9 8 36 2
split_gain=0.664779 0.737018 0.690962 1.01419 0.770357 0.650734 0.758002 0.966131 0.827939 0.799855 0.697031 0.57046 0.548716 0.521398 0.441509 0.550712 0.433151 0.408576 0.60148 0.404391 0.514486 0.389749 0.382787 0.380736 0.376935 0.364371 0.357755 0.343658 0.363051 0.397452
threshold=0.11000001430511476 -0.37666666507720942 -0.48333333432674402 -0.050991535186767571 0.14999997615814212 0.42333334684371954 0.40333333611488348 0.0053477287292480477 0.31666666269302374 0.1566666662693024 -0.049999997019767754 0.11386013031005861 0.35666668415069586 0.018408516421914104 0.26999998092651373 -0.007102489471435546 0.096666663885116591 0.19519615173339847 -0.15666666626930234 -0.016666665673255917 0.32999998331069952 0.46333330869674688 -0.04333332180976867 0.053565502166748054 -0.43000000715255732 0.083333313465118422 0.43000000715255743 0.26333332061767584 -0.3899999856948852 -0.10333332419395445
decision_type=2 2 2 2 2 2 2 2 2 2 2 2 2 2 2 2 2 2 2 2 2 2 2 2 2 2 2 2 2 2
left_child=5 2 -2 4 -4 6 8 9 14 -8 -10 -9 13 -11 17 16 -16 19 -19 20 27 26 -6 -21 -17 -5 -3 28 -1 -30
right_child=1 21 3 25 22 -7 7 11 10 12 -12 -13 -14 -15 15 24 -18 18 -20 23 -22 -23 -24 -25 -26 -27 -28 -29 29 -31
leaf_value=-0.0046295687273646925 -0.0084434037853834236 -0.0066888025900984846 -0.00079834369420893737 -0.0074711869992104916 0.019219254889164161 0.011410335267156346 0.0068507759037089557 0.014947919865255333 -0.013414602454032363 0 0 0 0.0020858120450835543 -0.017706548868954605 0.013373912242548755 -0.0078525708697151312 0 -0.0037578065947231707 0.012087991548938339 -0.0052067869497880136 -0.0049615722535485338 0.0027880147490939896 0 0.0024418832159547881 0.0035669051501768727 0.0025743120186388743 0.00077028879663099483 -0.0055977447264888326 0.0072689396909239095 0.00078679979802615202
leaf_weight=6.1502402490004888 4.9978439745027563 85.196522553917021 5.1840933002531555 9.5740871501620877 11.829034093767405 10.770217515062539 14.519086793065073 21.45581618137658 14.018077040323989 5.3660911386832613 12.177160632098092 5.5138532300479701 5.261053192196413 5.6830882399808615 15.097714920761065 5.334661913104358 4.0605358052998772 2.9564358054194591 9.8872946810442937 61.437399876536801 23.129287593299523 8.1299345737788808 3.9874420110136244 12.52098799892701 13.131786769488825 11.765656566480173 11.11282024765387 5.1986128271091721 46.535909227794036 64.563151913229376
leaf_count=358 249 7443 260 891 296 356 393 564 745 170 1043 168 152 285 628 119 244 145 375 5136 928 498 260 933 717 1119 1205 258 2105 3085
internal_value=0.000412582 -0.00224622 0.00240008 0.00508634 0.0117219 0.00160477 0.00105179 0.00599542 0 0 -0.00760022 0.0119506 -0.00681641 -0.0117639 0.000872567 0.00548804 0.0103417 0 0.00707869 -0.000585145 0.000817636 -0.00459455 0.0160625 -0.00351315 0 -0.00166873 -0.00558907 0.00228468 0.0030925 0.00394879
internal_weight=516.546 151.777 47.3382 42.3403 21.0006 364.768 353.998 57.799 296.199 30.8293 26.1952 26.9697 16.3102 11.0492 270.004 37.6247 19.1583 232.379 12.8437 219.536 145.577 104.439 15.8165 73.9584 18.4664 21.3397 96.3093 122.448 117.249 111.099
internal_count=31128 12221 3075 2826 816 18907 18551 1732 16819 1000 1788 732 607 455 15031 1708 872 13323 520 12803 6734 9146 556 6069 836 2010 8648 5806 5548 5190
is_linear=0
shrinkage=0.05


Tree=76
num_leaves=31
num_cat=0
split_feature=9 26 9 26 3 18 10 10 41 39 41 25 11 35 19 39 38 10 33 29 30 11 2 36 33 38 29 3 14 38
split_gain=0.575466 0.850442 0.539623 0.511329 0.489701 0.41606 0.586484 0.505577 0.899418 0.874544 0.601682 0.551948 0.805891 0.521859 0.480049 0.891394 0.619103 0.527753 0.515685 0.47905 0.468083 0.459633 0.445016 0.411387 0.408605 0.406715 0.4058 0.613824 0.497305 0.529062
threshold=0.43000000715255743 -0.049999997019767754 0.38333332538604742 0.46999999880790716 -0.1766666769981384 0.35000002384185797 -0.40333333611488337 0.35666668415069586 0.036240529268980033 0.029095132835209373 0.031382504850625999 0.01666665077209473 0.21666666865348819 0.30333334207534796 -0.076666668057441698 0.029931325465440754 -0.0091152191162109358 0.096666663885116591 0.23666667938232425 0.069999992847442641 0.39499998092651373 0.096666663885116591 0.29666668176651007 -0.20333333313465116 -0.48333333432674402 0.025660514831542972 0.20333331823349002 0.22333335876464847 0.25666666030883795 -0.073448181152343736
decision_type=2 2 2 2 2 2 2 2 2 2 2 2 2 2 2 2 2 2 2 2 2 2 2 2 2 2 2 2 2 2
left_child=2 -2 5 -3 -4 7 24 11 10 -10 -9 12 13 26 15 16 17 23 -19 -16 -12 -17 25 -13 -7 -14 28 -28 29 -1
right_child=1 3 4 -5 -6 6 -8 8 9 -11 20 14 22 -15 19 21 -18 18 -20 -21 -22 -23 -24 -25 -26 -27 27 -29 -30 -31
leaf_value=0.0049521261551119453 0.014719003912228175 -0.003867249569196408 0.00042348435678733894 0.009185125825282808 -0.011329670291766205 -0.0056049018586209268 -0.0081950547779890727 0.0045881882550428471 0.016620380534941404 -0.0034109757547803135 0 -0.0022776086975974026 0.010147778435911928 0.0062946513147110993 0.0017199833623990841 -0.009204140992288605 0.010002437740817813 0.0010701522926750814 -0.012688644734866064 -0.006488354457191179 -0.017030346995251553 0.0041859390332690911 -0.0030292542098444477 0.0091173166038591644 0.0068831175985757213 -0.00097124921885061502 -0.010878309796349447 0 -0.008956014810901863 -0.0023103186592379004
leaf_weight=26.396980875637382 9.6796336483675969 20.126335788751025 7.9698254372924593 4.5206114605534813 15.30885877762921 3.2330357125028959 29.370850762235932 6.2523578673135507 14.064215460326524 2.5267150127328923 2.6843590294010937 4.9134443050716063 21.807685064850379 6.98281770129688 41.709572705207393 11.48279523081146 45.203189881052822 8.1630905107595009 5.3209230098873368 20.584353433805518 2.6879440096672624 2.7731692746747276 6.5138102129567406 15.003522878279911 11.260747506748883 4.9301066582556805 33.516148389549926 17.247369354125112 15.511553048621861 96.9227737612091
leaf_count=1612 663 1483 479 126 951 146 2536 265 603 144 164 228 920 337 3670 481 1784 290 212 2477 70 113 565 744 486 538 1246 638 1011 6110
internal_value=-6.99909e-05 0.00561378 -0.000591819 0 -0.00718975 -0.000112988 -0.00446827 0.000347062 0.00618783 0.0123674 -0.00242106 -0.000105457 -0.00170428 -0.00301406 0.00208301 0.00431028 0.00650447 0.000333715 -0.00531156 -0.000958051 -0.0108937 -0.00489684 0.00467912 0.00546512 0.00205221 0.00753167 -0.00366729 -0.00743955 -0.00186429 -0.000404814
internal_weight=514.669 34.3266 480.342 24.6469 23.2787 457.064 43.8646 413.199 28.2156 16.5909 11.6247 384.983 229.829 196.578 155.154 92.8601 78.6042 33.401 13.484 62.2939 5.3723 14.256 33.2516 19.917 14.4938 26.7378 189.595 50.7635 138.831 123.32
internal_count=31092 2272 28820 1609 1430 27390 3168 24222 1246 747 499 22976 12977 10954 9999 3852 3258 1474 502 6147 234 594 2023 972 632 1458 10617 1884 8733 7722
is_linear=0
shrinkage=0.05


Tree=77
num_leaves=31
num_cat=0
split_feature=0 23 4 39 27 38 5 9 40 39 37 19 28 38 9 20 8 9 1 41 7 30 2 24 14 41 34 40 41 7
split_gain=0.66886 0.570754 0.660608 1.12099 0.923642 0.560869 0.529602 0.481517 1.03467 0.462615 0.451444 1.02436 0.485741 0.565656 0.56931 0.449497 0.621982 0.431008 0.430333 0.412435 0.385049 0.483616 0.381408 0.377746 0.360874 0.372182 0.359279 0.357915 0.449275 0.473169
threshold=0.20333331823349002 -0.036666661500930779 -0.32333332300186152 0.024050278589129451 -0.35000000894069666 0.17994165420532229 -0.25666666030883784 -0.069999992847442613 0.46666666865348821 0.013754737097769977 0.0086016654968261736 -0.35000000894069666 0.32999998331069952 0.078113079071044936 0.22333335876464847 0.12333333492279054 0.13666665554046634 -0.016666665673255917 0.24333333969116214 0.03304651007056237 0.29666668176651007 0.42333334684371954 -0.1766666769981384 0.081666648387908949 -0.30333334207534784 0.051068123430013664 -0.40333333611488337 0.81666666269302379 0.074329238384962096 -0.4433333277702331
decision_type=2 2 2 2 2 2 2 2 2 2 2 2 2 2 2 2 2 2 2 2 2 2 2 2 2 2 2 2 2 2
left_child=1 2 3 4 -1 23 18 8 -3 -8 11 26 -12 14 -14 16 27 19 -2 -6 -9 -22 -21 -5 25 -10 -11 28 29 -4
right_child=6 7 15 5 17 -7 9 20 24 10 12 -13 13 -15 -16 -17 -18 -19 -20 22 21 -23 -24 -25 -26 -27 -28 -29 -30 -31
leaf_value=0.0092226968961071232 0.0075340739661090301 0.01088771061641252 0.001464444465569625 0.015153708848250944 0 -0.0027125451159676229 0.0028949510742803343 -0.00094599300669418655 0.0080594234743897215 0 -0.0052697303546435778 -0.0017180005763340505 0.013924483495684785 -0.0046374198101564179 -0.00015726695929369334 0.0018152473047958061 0.0010306792952334209 0 -0.0028405702770386695 -0.015435519776744663 -0.00044469843807434112 0.010801729959448031 0 0 -0.0046389262580801144 -0.0030152013072303249 -0.018455378238991751 0 0 -0.011897210544535596
leaf_weight=7.8512444475200018 15.101859445217999 41.418011794565246 2.5621000253595403 18.389092846773572 7.1287235764320966 2.1700037522241464 12.225224256515501 77.997547628590837 12.83600720507093 4.8474713491741594 28.338571346364915 37.648035881924443 8.8906471193768137 6.6714469508733591 7.2994330145884296 26.960881585488096 25.653491298551671 15.002341504907234 10.0296754615847 12.124010470695792 11.079794669523837 12.225029022200031 2.7959352040197691 5.5561506883241227 17.875788661651313 4.489293838851153 16.407764481846243 14.058785315835847 7.3396197776310137 42.114853820996359
leaf_count=252 853 2256 125 774 436 146 701 4075 346 123 2173 3139 366 379 391 1623 1928 1180 621 776 1104 494 195 282 1608 138 562 929 423 2746
internal_value=0 0.00117246 -0.000625608 0.00287538 -0.0015675 0.0101585 -0.00274762 0.00318343 0.00606029 -0.00416976 -0.00527858 -0.00814129 -0.00103959 0.00334321 0.00812313 -0.00295847 -0.00464267 -0.00540139 0.00284116 -0.00912118 0.000557354 0.00560544 -0.012682 0.0124696 0 0.00408055 -0.0157184 -0.00709462 -0.00882913 -0.010555
internal_weight=515.089 367.629 189.707 71.0175 44.9023 26.1152 147.46 177.921 76.6191 122.329 110.103 58.9033 51.2001 22.8615 16.1901 118.69 91.7289 37.051 25.1315 22.0487 101.302 23.3048 14.9199 23.9452 35.2011 17.3253 21.2552 66.0754 52.0166 44.677
internal_count=31144 21836 11815 4041 2839 1202 9308 10021 4348 7834 7133 3824 3309 1136 757 7774 6151 2587 1474 1407 5673 1598 971 1056 2092 484 685 4223 3294 2871
is_linear=0
shrinkage=0.05


Tree=78
num_leaves=31
num_cat=0
split_feature=25 7 39 12 4 15 5 39 39 12 9 28 19 21 29 30 40 40 11 39 1 36 38 38 27 39 19 1 37 25
split_gain=0.436572 0.924856 0.716576 0.625046 0.826153 0.771588 0.743281 0.69173 0.661306 0.642059 0.605178 0.65804 0.879861 0.614363 0.58911 0.578527 0.544536 0.543716 0.580297 0.54344 0.531993 0.454898 0.433184 0.583944 0.420138 0.465704 0.420002 0.419777 0.463956 0.417773
threshold=0.32999998331069952 0.34333333373069769 0.03156592138111592 -0.22999998927116391 -0.33666665852069849 -0.076666668057441698 0.20333331823349002 0.012703213375061752 0.013129511848092081 -0.036666661500930779 -0.1766666769981384 -0.3899999856948852 0.18333333730697635 -0.16333332657814023 0.37000000476837164 0.41666668653488165 0.87666666507720958 0.53666669130325328 -0.076666668057441698 0.017886037938296798 0.21666666865348819 0.30333334207534796 0.044054031372070319 -0.14892625808715818 -0.37666666507720942 0.023797256872057918 -0.37666666507720942 0.36333334445953375 -0.073779106140136705 -0.023333340883255001
decision_type=2 2 2 2 2 2 2 2 2 2 2 2 2 2 2 2 2 2 2 2 2 2 2 2 2 2 2 2 2 2
left_child=1 3 15 4 5 21 7 -6 9 -5 13 -12 24 -10 16 -3 -9 18 -15 -8 26 -1 23 -2 25 -13 -21 28 -20 -17
right_child=22 2 -4 8 6 -7 19 14 10 -11 11 12 -14 17 -16 29 -18 -19 27 20 -22 -23 -24 -25 -26 -27 -28 -29 -30 -31
leaf_value=0.014021876726050471 0.003797231554990023 0 -0.0039388454070920205 0.0025192701701056038 0.0048443849642317372 -0.0063971855025395973 0.0079332419314880522 -0.0063297882609302056 -3.0022727995892158e-05 -0.014108829019529487 0.0085495117846208016 0.010901256749352424 -0.0097859097683589032 0 -0.015104674806896791 0 0.0013789762152386878 0.00024705019711409123 0 0.0075560280247976633 -0.0087251402051294301 0 0.0012149751152948497 -0.0093639748489901097 -0.0013620218447274414 -0.00087150641732497815 -0.004956408623025388 0 0.016272699136652236 0.017859577144170156
leaf_weight=11.75701046432369 4.1585570932365945 12.858377841301264 4.993249201681464 3.8839292565826327 7.5307265010196707 3.3585917023010543 14.672408136539159 81.050990774529055 37.593180776806548 7.2763140017632377 11.330801496747879 11.467725281370805 20.950077376095578 7.7398959994316092 15.743314508581532 2.6810776405036476 21.963136551668867 26.644777209497988 6.561992014758288 11.037205386441199 11.480357151012866 4.4322876348160198 15.73647406848613 33.291287344996817 67.613286235835403 7.991666175890713 3.5027552722021964 3.3520845388993612 27.942764927167445 14.060011178953571
leaf_count=299 356 1145 254 307 276 245 388 3641 2225 652 707 477 1816 572 346 125 875 2047 237 240 398 100 1727 3360 5846 303 223 188 1358 520
internal_value=-0.00020309 0.000261405 0.00750567 -0.000363791 -0.00253748 0.0056239 -0.00379936 -0.00567195 0.00124239 -0.00800763 0.00199191 -0.000299933 -0.00184847 0.00458474 -0.00674012 0.010477 -0.00447147 0.00712385 0.0101618 0.00145879 -0.00221374 0.0102999 -0.00427361 -0.00700459 0.000300447 0.00601846 0.00275726 0.0124324 0.013902 0.0153438
internal_weight=514.656 461.47 34.5927 426.877 186.529 19.5479 166.981 126.288 240.348 11.1602 229.188 119.354 108.023 109.835 118.757 29.5995 103.014 72.2415 45.5967 40.6927 26.0203 16.1893 53.1863 37.4498 87.0727 19.4594 14.54 37.8568 34.5048 16.7411
internal_count=31253 25810 2044 23766 7031 644 6387 5138 16735 959 15776 9149 8442 6627 4862 1790 4516 4402 2355 1249 861 399 5443 3716 6626 780 463 1783 1595 645
is_linear=0
shrinkage=0.05


Tree=79
num_leaves=31
num_cat=0
split_feature=22 0 25 10 39 39 22 1 31 40 36 23 37 36 23 1 28 37 18 31 38 5 31 3 38 40 39 28 0 38
split_gain=0.536535 1.09601 0.816951 0.75733 0.481138 0.472934 0.462107 0.448137 0.510009 0.386121 0.634029 0.568795 0.721165 0.567196 0.544741 0.734025 0.532078 0.465276 0.362918 0.66063 0.723103 0.510534 0.754339 0.516366 0.470704 0.468592 0.517933 0.448297 0.447873 0.385429
threshold=-0.14333333075046537 -0.18999999761581418 0.21666666865348819 0.3966666460037232 0.01617132127285004 0.029931325465440754 0.40333333611488348 0.47666668891906744 -0.076666668057441698 0.84333333373069774 0.32333332300186163 -0.35000000894069666 0.039559364318847663 0.13666665554046634 -0.12999999523162839 -0.3899999856948852 -0.41666667163372034 -0.017433166503906247 0.19666665792465213 0.37666666507720953 -0.041422843933105462 0.18999999761581424 -0.236666664481163 0.17000001668930056 -0.032514572143554681 0.76333332061767589 0.031014758162200454 -0.37666666507720942 -0.069999992847442613 -0.031785964965820306
decision_type=2 2 2 2 2 2 2 2 2 2 2 2 2 2 2 2 2 2 2 2 2 2 2 2 2 2 2 2 2 2
left_child=9 2 4 6 -2 7 18 8 -5 13 11 -11 -13 14 15 -1 -17 -15 19 21 -21 23 24 28 -23 26 -25 -20 -3 -30
right_child=1 3 -4 5 -6 -7 -8 -9 -10 10 -12 12 -14 17 -16 16 -18 -19 27 20 -22 22 -24 25 -26 -27 -28 -29 29 -31
leaf_value=0.0017665355896503334 0 -0.0056695519163358641 -0.0025546034389023076 0.015486198019467276 0.015436401513252235 -0.0021695360090253717 -0.0053175822105761827 -0.0013196666383279727 0 0.0071040386632870954 -0.014896163788392262 -0.010565271889633611 0.0040749482346965479 0.0086075588262172036 0.00035071018731798963 0.0014367513803637693 -0.012251765128996214 -0.00011265554471235381 0.0026413240423275746 0.014238511992969502 -0.0020049401541706812 0 -0.0017003297863554486 -0.012501144347857275 0.013669084850906767 0.0010699001654944737 0.0025130047293844852 -0.0070046486919764887 -0.0022759297025536588 0.0040090054811581536
leaf_weight=12.089590421179308 3.5183930029161337 19.585790487471968 5.930573046905919 15.807022995082667 20.434100695187226 5.0915008967276654 40.991508054081351 2.9278645226731888 6.9933600057847825 6.9552471807692227 9.2967208321206254 15.424162085866557 6.6583734618034205 17.233386307721958 45.051181548507884 3.5528333424590519 29.844911323627457 29.127452399116009 9.9321488251443935 11.876012785360219 5.173493893351405 6.8260936769656864 18.674992706160992 19.647754106670625 15.149339330848305 7.3008789329323909 1.8837283181492228 28.795989715028554 27.930101182311773 61.512905606767163
leaf_count=655 157 1176 440 819 700 247 2462 246 542 414 643 984 411 1089 2531 187 1877 2176 543 270 485 344 1425 1149 404 489 101 2433 2016 3647
internal_value=-4.68829e-05 0.00106994 0.0093417 1.82416e-05 0.0130435 0.0068345 -0.000785519 0.00947762 0.0117182 -0.00229069 -0.00644188 -0.000934286 -0.0053332 -0.000731654 -0.00311356 -0.0066712 -0.010164 0.00326629 1.63541e-05 0.00101995 0.00898612 0 0.0045372 -0.00148203 0.00995939 -0.00679207 -0.0100181 -0.00394945 0 0.00176479
internal_weight=511.217 335.984 29.8831 306.1 23.9525 30.8197 275.281 25.7282 22.8004 175.234 38.3345 29.0378 22.0825 136.899 90.5385 45.4873 33.3977 46.3608 234.289 195.561 17.0495 178.512 40.6504 137.861 21.9754 28.8324 21.5315 38.7281 109.029 89.443
internal_count=31062 20095 1297 18798 857 1854 16944 1607 1361 10967 2452 1809 1395 8515 5250 2719 2064 3265 14482 11506 755 10751 2173 8578 748 1739 1250 2976 6839 5663
is_linear=0
shrinkage=0.05


Tree=80
num_leaves=31
num_cat=0
split_feature=31 25 31 38 41 1 15 25 23 31 28 41 25 35 21 2 11 21 33 38 26 2 26 19 31 14 41 41 28 38
split_gain=0.523836 0.517445 0.445808 0.70834 0.579287 0.582785 0.683854 0.578104 0.493971 0.919283 0.706157 0.585965 0.677751 0.490994 0.480849 0.447213 0.45323 0.543153 0.427868 0.385134 0.371679 0.429563 0.354424 0.507548 0.473973 0.469779 0.486739 0.463301 0.406492 0.355994
threshold=0.48333334922790533 0.1566666662693024 -0.24333333969116208 0.074775695800781264 0.064443118870258345 0.31000000238418585 -0.35000000894069666 0.32999998331069952 0.29000002145767217 -0.36333334445953364 0.40333333611488348 0.055608684197068221 -0.40333333611488337 0.31000000238418585 0.37000000476837164 0.29000002145767217 0.21666666865348819 -0.21000000834465024 -0.3899999856948852 -0.035435676574707024 -0.18333333730697629 0.29666668176651007 0.25000000000000006 -0.063333332538604722 0.44333332777023321 -0.40333333611488337 0.066116258502006545 0.10085978358983995 -0.40333333611488337 0.12359237670898439
decision_type=2 2 2 2 2 2 2 2 2 2 2 2 2 2 2 2 2 2 2 2 2 2 2 2 2 2 2 2 2 2
left_child=2 19 3 7 5 6 -5 8 9 10 11 12 -1 -14 -10 16 22 18 -18 -2 -11 -22 24 25 27 -24 -27 28 -4 -30
right_child=1 -3 15 4 -6 -7 -8 -9 14 20 -12 -13 13 -15 -16 -17 17 -19 -20 -21 21 -23 23 -25 -26 26 -28 -29 29 -31
leaf_value=0.00086953466498058691 0.013985435713298279 -0.0025846622218589511 0.0023119914547776485 0.015904413267613011 -0.0031425655227456054 -0.0010091947288452536 0 -0.00755719968292196 0.010112989358514447 -0.0020628960183451043 0.0019631088466090275 0.00067619183236896925 -0.018817497569345049 0 0 -0.0060840657502577375 -0.010037395917654212 0.0059521972401660357 0.0010109297722273537 0 0.0090884079183516982 -0.0026452029307651574 -0.0035947710772179318 -0.0053886289573020375 0.0048098020337582889 0.0077354954214466226 -0.0026627044572524912 0.0050984824494276666 -0.0071702821665034534 0.00067199778819973857
leaf_weight=3.5215514423325684 10.914665096439421 4.646922248415648 8.0012476099655014 19.615624140715223 6.7615367996040723 7.1597955035977057 12.473183213965969 18.81349663308356 17.098359073512256 10.501337712397797 11.571123383473603 5.4581319356802842 16.37430759775453 3.9995177702512583 20.066061766585335 47.635754497721791 6.1198098564054844 39.700113642844371 17.834364001872018 4.2351807772647598 23.707059829495851 3.6090236511081448 12.013455253560094 18.958198240026832 7.5837002864573142 37.712370584020391 7.5888928717467925 4.4013144730124614 98.182119232602417 9.105293606175108
leaf_count=185 142 238 651 382 287 286 746 1692 619 726 244 276 614 157 696 4288 321 2560 1379 243 886 140 317 1406 263 1673 290 291 8457 739
internal_value=-0.00026875 0.0065981 -0.000668558 0.00120471 0.00620748 0.00857388 0.0111906 -0.000518018 0.000735195 -0.00128814 -0.0062801 -0.0100184 -0.0129429 -0.0159329 0.00518447 -0.00182424 -0.000856364 0.00250465 -0.00242225 0.010531 0.00366365 0.00659057 -0.00206837 0.000336793 -0.00364759 0.00295665 0.00539857 -0.00458639 -0.00539617 -0.0062837
internal_weight=515.364 19.7968 495.567 180.73 46.0101 39.2486 32.0888 134.72 115.906 78.7421 40.9246 29.3535 23.8954 20.3738 37.1644 314.837 267.201 63.6543 23.9542 15.1498 37.8174 27.3161 203.547 76.2729 127.274 57.3147 45.3013 119.69 115.289 107.287
internal_count=31194 623 30571 7936 1701 1414 1128 6235 4543 3228 1476 1232 956 771 1315 22635 18347 4260 1700 385 1752 1026 14087 3686 10401 2280 1963 10138 9847 9196
is_linear=0
shrinkage=0.05


Tree=81
num_leaves=31
num_cat=0
split_feature=34 27 9 9 24 35 23 24 30 29 5 23 25 37 25 39 38 31 20 34 34 20 22 39 31 37 41 27 39 18
split_gain=0.819461 0.951296 0.572085 0.554111 1.23662 1.06093 0.644243 0.639387 0.910692 0.868499 0.58742 0.564837 0.553434 0.547659 0.538106 0.449061 0.387368 0.391942 0.375389 0.36488 0.356903 0.331095 0.397901 0.329581 0.338201 0.303028 0.297777 0.284342 0.282803 0.295644
threshold=0.37000000476837164 -0.1766666769981384 0.4499999880790711 -0.17000000178813932 0.01666665077209473 -0.32333332300186152 -0.15666666626930234 0.17666667699813846 0.45666664838790899 0.37000000476837164 0.31000000238418585 -0.20333333313465116 0.34333333373069769 0.021366119384765628 0.17666667699813846 0.017468849197030071 -0.011066913604736326 0.16333335638046267 0.12333333492279054 0.030000001192092899 -0.41666667163372034 -0.2766666561365127 0.056666672229766853 0.017543804831802848 0.1566666662693024 -0.080943584442138658 0.034825608134269721 0.056666672229766853 0.031014758162200454 0.4499999880790711
decision_type=2 2 2 2 2 2 2 2 2 2 2 2 2 2 2 2 2 2 2 2 2 2 2 2 2 2 2 2 2 2
left_child=2 12 3 4 18 6 -6 8 9 21 -11 -7 -2 14 16 -9 17 -3 -1 -17 -13 27 -23 -20 -25 -22 -10 -5 29 -4
right_child=1 13 28 7 5 11 -8 15 26 10 -12 20 -14 -15 -16 19 -18 -19 23 -21 25 22 -24 24 -26 -27 -28 -29 -30 -31
leaf_value=-0.0054836069883799285 0.013582576038767511 0 0.011914389028497724 -0.0083567090365319688 0.0056315782071889716 0 -0.0089441852955670295 0 0 -0.014615395234817469 0 0 -0.00086399692088565344 -0.0067757810457281355 -0.0032381469443817272 -0.010326275093117869 -4.0435475708720152e-05 0.014994350004775864 -0.0045435258561391358 -6.3773031148785171e-05 0 0.0035336861721698269 -0.0016657682086787002 0 0.0096558925188393839 0.01378722696691728 0.012091653081968514 0.0003218960183568325 -0.00057464048167670109 0
leaf_weight=45.993244329234585 24.465904732700441 5.0545827476307776 11.808965011034163 15.472811564337464 5.9164205270353731 8.7262757914140803 11.761105763260273 28.560440601897426 6.3009497534949359 13.996790736680852 6.5323359963949761 2.0714635034091762 3.6423634688835582 13.370847530895842 10.101134414318947 43.169521194882691 5.4868182616774019 10.032079953933133 8.3382460938300955 16.718230792554095 1.6980821334291238 60.544420812278986 70.786074399715289 11.299952384317296 9.023544173454864 37.174472505925223 10.742468624375759 7.0929546938277772 3.4920847357716402 2.9203794891946009
leaf_count=2874 809 319 784 967 305 606 663 1726 121 627 360 171 231 1122 978 2836 447 274 594 978 118 3886 4536 740 482 2110 223 692 169 314
internal_value=0.000125491 0.0048862 -0.000654128 -0.00111925 0.00127751 0.00604566 -0.00281914 -0.00242386 -0.000595307 -0.0018882 -0.0102789 0.0096135 0.0111549 0 0.00361702 -0.00582827 0.00789474 0.0111566 -0.00284373 -0.00810753 0.0118186 -0.00026885 0.000598842 0.000887131 0.00459269 0.0128845 0.00859786 -0.005259 0.00669305 0.00928972
internal_weight=512.295 72.1537 440.141 421.92 142.003 67.3478 17.6775 279.917 191.469 174.425 20.5291 49.6703 28.1083 44.0455 30.6746 88.4482 20.5735 15.0867 74.655 59.8878 40.944 153.896 131.33 28.6617 20.3235 38.8726 17.0434 22.5658 18.2214 14.7293
internal_count=31062 4180 26882 25615 8663 3973 968 16952 11412 11068 987 3005 1040 3140 2018 5540 1040 593 4690 3814 2399 10081 8422 1816 1222 2228 344 1659 1267 1098
is_linear=0
shrinkage=0.05


Tree=82
num_leaves=31
num_cat=0
split_feature=27 2 41 41 41 16 25 13 35 24 22 15 41 41 14 39 39 9 10 41 17 30 39 40 25 13 39 9 32 24
split_gain=0.601661 0.841863 0.719 0.702438 0.882253 0.885197 0.878776 0.660323 0.596375 0.579326 0.523018 0.521008 0.42857 0.516893 0.632562 0.587557 0.447298 1.54002 0.671436 0.586589 0.644968 0.54415 0.496966 0.476668 0.461238 0.421978 0.404582 0.401654 0.393406 0.381319
threshold=-0.1766666769981384 -0.36333334445953364 0.03232953883707524 0.037021264433860786 0.041539816185832031 -0.26999998092651362 -0.069999992847442613 -0.40333333611488337 -0.26333332061767573 -0.32999998331069941 -0.07833333313465117 -0.236666664481163 0.03232953883707524 0.034374734386801727 -0.29666668176650995 0.025453434325754646 0.029095132835209373 -0.030000001192092892 0.41666668653488165 0.062716234475374236 -0.21666666865348813 0.27666664123535162 0.043950838968157775 0.89666664600372326 0.27666664123535162 0.13666665554046634 0.027195124886929992 -0.18333333730697629 0.083333313465118422 0.030000001192092899
decision_type=2 2 2 2 2 2 2 2 2 2 2 2 2 2 2 2 2 2 2 2 2 2 2 2 2 2 2 2 2 2
left_child=1 9 11 6 5 -5 10 8 -6 -1 -4 28 27 14 -14 -16 18 22 19 20 -15 23 24 -22 -18 -9 29 -2 -3 -8
right_child=12 2 3 4 7 -7 26 25 -10 -11 -12 -13 13 16 15 -17 17 -19 -20 -21 21 -23 -24 -25 -26 -27 -28 -29 -30 -31
leaf_value=-0.0020838673532980372 0 0 0 0.013330494614754468 0.0039585752173921926 -0.0016921933271406139 -0.0015297563223755119 0.003697085735348347 -0.0086378626563809527 0.012102125033576846 -0.018811863055826758 -0.00015357508289919871 -0.003536001477141509 0 0.013594841828034096 -0.00202715077706881 0.015047197288244657 -0.007553073386443925 0.0062612888004272534 0.0010108120563376104 -0.011507920289457725 0.0010162848968044969 -0.00010926696914712649 0 -0.00031511086315787597 -0.0051777704582795453 -0.008601083504862243 -0.0077132403074063709 0.012302480838122201 0.0096144409508075492
leaf_weight=3.7852247133851078 28.438150298781693 11.956033261725677 5.0428364386316398 17.775871557416398 5.3601424973458043 10.213070754893122 7.0822494400199529 51.472910274518654 34.342695499770343 23.858380569610745 9.0613543344661593 17.854406144469976 6.0038044673856374 26.591604341054335 15.038973371731119 2.9685755232349029 18.233801051275812 14.167687784181906 11.672398748574777 35.233305667294189 51.051993845729157 7.9315427707042536 5.0415680347941807 9.1422945212107134 1.9871712706517417 10.05978155764751 2.2426128499209872 38.176363532431424 20.744956366252154 8.3270735815167409
leaf_count=182 1888 339 229 469 103 663 338 2540 833 829 384 1294 222 1808 1276 221 897 1167 1032 2718 4357 798 276 936 174 762 112 3314 564 341
internal_value=0.000129103 0.00197597 0.0006597 -0.000881555 0.000668017 0.00778219 -0.00695343 -0.00139111 -0.00609382 0.00939135 -0.014145 0.00558233 -0.00141436 -0.000115251 0.0058443 0.0101152 -0.00120137 0.00294076 -0.00259661 -0.00381736 -0.0058148 -0.00822763 0.00994569 -0.00980505 0.0128574 0.00154486 0 -0.00472927 0.00889834 0.00433148
internal_weight=510.859 239.18 211.536 160.981 129.224 27.9889 31.7561 101.236 39.7028 27.6436 14.1042 50.5554 271.679 205.065 24.0114 18.0075 181.053 39.4302 141.623 129.951 94.7174 68.1258 25.2625 60.1943 20.221 61.5327 17.6519 66.6145 32.701 15.4093
internal_count=31066 9982 8971 6774 5370 1132 1404 4238 936 1011 613 2197 21084 15882 1719 1497 14163 2514 11649 10617 7899 6091 1347 5293 1071 3302 791 5202 903 679
is_linear=0
shrinkage=0.05


Tree=83
num_leaves=31
num_cat=0
split_feature=4 4 23 30 21 25 31 0 9 37 14 14 31 19 38 41 7 22 32 37 36 10 30 35 8 33 31 7 33 39
split_gain=0.513068 0.601488 0.501855 0.668987 0.634193 0.481578 0.467348 0.808491 0.771572 0.659811 0.687116 0.584566 0.834647 0.542466 0.5509 0.69163 0.492132 0.475785 0.461187 0.451867 0.43171 0.430167 0.387551 0.372986 0.366267 0.410259 0.365131 0.347741 0.419118 0.378608
threshold=-0.37666666507720942 -0.46999999880790705 -0.19666665792465207 0.36333334445953375 0.41000002622604376 0.31000000238418585 -0.17000000178813932 -0.35000000894069666 0.23666667938232425 -0.036474227905273431 -0.20333333313465116 0.31000000238418585 0.44333332777023321 -0.25666666030883784 -0.037441253662109368 0.032834826037287719 0.13666665554046634 -0.3899999856948852 -0.14333333075046537 0.017503738403320316 0.41000002622604376 0.32333332300186163 0.32333332300186163 -0.22333332896232602 -0.45666666328907007 0.45666664838790899 0.24333333969116214 -0.26333332061767573 -0.04333332180976867 0.014736918266862633
decision_type=2 2 2 2 2 2 2 2 2 2 2 2 2 2 2 2 2 2 2 2 2 2 2 2 2 2 2 2 2 2
left_child=1 -1 3 -2 6 27 8 17 9 -4 18 12 16 14 -10 -16 -9 -8 -11 20 23 -5 -21 -6 -13 -26 -19 29 -29 -3
right_child=2 5 4 21 19 -7 7 11 13 10 -12 24 -14 -15 15 -17 -18 26 -20 22 -22 -23 -24 -25 25 -27 -28 28 -30 -31
leaf_value=-0.0041205752483805865 -0.0059366787508133966 -3.1569098061660268e-05 -0.0021483462570871833 -0.0029370576239111956 0 -0.0020133533070826096 0 0 0.0017071300530427345 0 -0.0020480811872771658 0.0012588845047073012 0.010435414925034522 0.0045309077532315906 0.0013119322272731285 -0.015091329424190753 -0.0069624554067542104 0 0.011844272180296175 -0.0044462388034475489 0.0017091316775669275 0.0088298453655391799 0.0063435434986615444 -0.012634979898559152 -0.012880503161771018 0.00064767301999306707 0.016136541120753363 -0.0058003061752631615 0.0064220070438395609 0.012435777346230756
leaf_weight=11.655608027940614 79.300141577376053 2.6742172390222541 13.350203308509661 6.6526353156659779 6.0325903496705058 8.1833336623385531 7.2695805651601431 102.18810095754452 8.2367465440183896 12.229231369681655 8.6782860963139665 2.4778301068581667 9.4890904128551465 11.724606321426107 4.5808352790772942 12.477834771387277 28.014248428749852 3.4056367988232505 47.477522803470492 10.774079827358948 3.5820439835079005 9.8304119007661921 9.8372560793068242 21.780914017697796 17.95230058464222 2.2621260373853138 7.7326772138476372 6.423513515619562 9.2725278893485665 27.140224906150252
leaf_count=831 5799 146 730 293 310 850 568 7174 279 410 896 87 293 1264 110 264 2701 278 1321 699 234 372 348 1205 1219 198 329 403 484 1018
internal_value=-0.000212393 0.00366595 -0.00087513 -0.00396707 0 0.00601929 0.000929267 -0.000561969 0.00331774 0.00597555 0.00794296 -0.00189815 -0.000357769 -0.00198422 -0.00609258 -0.0104071 -0.00175297 0.00776989 0.00983004 -0.00477327 -0.00809628 0.00345232 3.31723e-05 -0.0101776 -0.00845155 -0.0106112 0.0124653 0.00801528 4.70178e-05 0.0108015
internal_weight=512.686 65.3494 447.337 95.7832 351.554 53.6938 299.547 180.792 118.755 81.7352 68.385 162.384 139.691 37.02 25.2954 17.0587 130.202 18.4079 59.7068 52.0069 31.3955 16.483 20.6113 27.8135 22.6923 20.2144 11.1383 45.5105 15.696 29.8144
internal_count=31113 3732 27381 6464 20917 2901 18121 12847 5274 3357 2627 11672 10168 1917 653 374 9875 1175 1731 2796 1749 665 1047 1515 1504 1417 607 2051 887 1164
is_linear=0
shrinkage=0.05


Tree=84
num_leaves=31
num_cat=0
split_feature=0 30 40 17 14 37 25 0 5 11 39 0 41 1 30 37 22 40 32 28 23 39 9 11 16 25 37 0 28 26
split_gain=0.597003 0.607893 0.532811 0.499625 0.646702 0.870421 0.59645 0.4596 0.453386 0.441142 0.615168 0.45188 0.428744 0.547656 0.412376 0.390176 0.445296 0.455055 0.495224 0.394833 0.386322 0.382457 0.690165 0.379372 0.362273 0.337098 0.602358 0.619072 0.368315 0.351332
threshold=0.20333331823349002 0.41666668653488165 0.87666666507720958 0.38333332538604742 0.25666666030883795 -0.078486442565917955 0.23000001907348636 -0.096666663885116563 -0.25666666030883784 -0.10999999940395354 0.013434986118227245 0.4499999880790711 0.034374734386801727 -0.43000000715255732 0.2883333563804627 -0.035179138183593743 -0.14333333075046537 0.089999999850988402 0.12333333492279054 -0.10333332419395445 -0.24333333969116208 0.027743459679186348 0.030000001192092899 -0.3899999856948852 -0.26999998092651362 -0.069999992847442613 0.013307571411132814 -0.096666663885116563 0.20999997854232791 -0.33666665852069849
decision_type=2 2 2 2 2 2 2 2 2 2 2 2 2 2 2 2 2 2 2 2 2 2 2 2 2 2 2 2 2 2
left_child=1 3 7 4 15 -6 -5 -3 -2 10 -10 -12 -7 -14 -11 16 17 -1 -19 -18 -4 25 23 -23 -16 26 28 29 -17 -28
right_child=8 2 20 6 5 12 -8 -9 9 14 11 -13 13 -15 24 21 19 18 -20 -21 -22 22 -24 -25 -26 -27 27 -29 -30 -31
leaf_value=0.0010548251977592011 0.0022937426302559231 0.014350316913122101 0.00608181185429537 0.009991271136964866 0.0058682821650031924 0 -0.0025696688880992771 0 0.0028226418891566783 -0.0035204858523448764 -0.010391292034115509 0.0010965769417439206 0.00015963344895587815 -0.013769811807962291 0.0094491503331163157 0.0060249273946703687 0.0067093384599831163 -0.013674449475703815 0 -0.0026452783066044801 -0.006250295569455968 -0.00018164377588336946 -0.0018007138946907976 0.011936662803813326 -0.00070977131604632701 0.0026918959873030203 0 0 -0.0032297929513500842 -0.013056151032531556
leaf_weight=6.6294214716181186 25.195879220264032 14.791386395925654 4.2520069992169729 19.726783217629421 7.5094933032523832 16.32237753062509 7.582843280164524 11.86621986096725 6.9921690376941106 42.952814159216359 47.900733054615557 4.4117943360470226 4.5407940442673889 24.528191671706736 9.0835590232163685 22.561329876305539 12.057690073968841 15.06719715241343 5.054761581355705 21.087802758673206 9.0784473940730077 3.0694754044525352 12.792183047858996 22.874628329416737 10.010172710288314 74.725005940767005 3.4768108879216042 22.639227070147172 8.6117599988356215 17.079645153600723
leaf_count=417 1481 562 98 781 298 1219 791 363 234 3592 2250 205 358 1936 459 1546 714 877 339 1278 238 118 836 1193 1115 4964 250 1256 386 985
internal_value=-0.00015538 0.000871181 0.00626151 3.83364e-05 -0.000519646 -0.00527157 0.0059184 0.00979401 -0.00282947 -0.00414745 -0.00707466 -0.00898059 -0.00807096 -0.011226 -0.000605092 0.000497235 -0.00269839 -0.00694065 -0.0101691 0.00062588 -0.000356638 0.00169725 0.00579351 0.00995549 0.00423067 0.000288842 -0.00183536 -0.00553692 0.00268708 -0.0107271
internal_weight=514.473 367.925 39.9881 327.937 300.628 52.9009 27.3096 26.6576 146.547 121.351 59.3047 52.3125 45.3914 29.069 62.0465 247.727 59.8969 26.7514 20.122 33.1455 13.3305 187.83 38.7363 25.9441 19.0937 149.094 74.3688 43.1957 31.1731 20.5565
internal_count=31139 21803 1261 20542 18970 3811 1572 925 9336 7855 2689 2455 3513 2294 5166 15159 3625 1633 1216 1992 336 11534 2147 1311 1574 9387 4423 2491 1932 1235
is_linear=0
shrinkage=0.05


Tree=85
num_leaves=31
num_cat=0
split_feature=16 27 41 25 6 29 38 16 11 40 36 13 6 22 39 24 28 39 9 32 39 39 5 41 40 39 36 7 11 7
split_gain=0.464986 0.793677 0.64438 0.650928 0.914782 0.635749 0.589599 0.796146 0.789185 0.58572 0.559974 0.556666 0.49216 0.585613 0.550467 0.539662 0.514754 0.863733 0.482773 0.425066 0.409726 0.894851 0.679526 0.84259 0.665957 0.420521 0.391505 0.516917 0.350458 0.389742
threshold=-0.28333333134651179 -0.016666665673255917 0.062716234475374236 0.20999997854232791 0.13666665554046634 0.056666672229766853 0.031355857849121101 0.17666667699813846 -0.12333333492279051 0.53666669130325328 0.41666668653488165 -0.13666665554046628 -0.48333333432674402 -0.41666667163372034 0.013129511848092081 -0.45666666328907007 -0.31000000238418574 0.02209553308784962 -0.076666668057441698 0.17000001668930056 0.021203168667852882 0.020300621166825298 0.20999997854232791 0.047362785786390312 0.050000000745058067 0.038492189720273025 -0.056666672229766839 0.18999999761581424 0.20333331823349002 -0.32999998331069941
decision_type=2 2 2 2 2 2 2 2 2 2 2 2 2 2 2 2 2 2 2 2 2 2 2 2 2 2 2 2 2 2
left_child=1 2 3 20 -5 6 8 -8 -2 11 -7 -10 -13 -14 -15 -16 -17 -18 -3 -9 21 22 26 -24 -22 -26 -1 -28 29 -11
right_child=5 18 -4 4 -6 10 7 19 9 28 -12 12 13 14 15 16 17 -19 -20 -21 24 -23 23 -25 25 -27 27 -29 -30 -31
leaf_value=-0.0029757227280938609 -0.0036615871335471208 0.0020227034217521404 -0.0023975279242826023 -0.011354035243592409 0.0041763636601196792 -0.0061442599577565815 0.0014078341654674476 -0.011926311916826917 -0.0022702011889348256 -0.0027364380631394718 0.0036693600701331731 -0.0034342550686283706 -0.0010421278388630573 -0.0026452796956148257 -0.002073758312801678 0.017902966034838527 0.011982408737107993 -0.0012833468455536142 -0.0074168768482673359 0 -0.0024581192608824354 -0.0072831709410551386 0.01722721994281624 -0.00035754964029947021 0.013940262588040212 0 0.0088699951059542908 -0.0040155233220535947 -0.0043840387871088111 0.007492869438082226
leaf_weight=19.56069858931005 35.850949886254966 15.052600258029996 26.239144675666466 8.2850258054677415 20.64069993654266 69.36624229804147 29.979421453550458 20.213642953196544 9.3958128781523538 7.7264441151637611 10.383453508839009 2.9366104353684923 7.7298000368755302 2.4847538105677804 2.2481433788780114 25.75348406354896 17.88490549707786 17.103141013067216 24.205364397726953 5.3372083622962228 3.657977412454783 9.192284361459313 14.474856375716628 5.8725856132805339 37.185878466814756 4.1680846130475393 18.59662383468822 4.1678039485123 22.707377335056663 15.306993597419931
leaf_count=504 2844 523 813 197 678 7304 2872 2277 615 480 1096 120 392 207 150 933 993 880 1373 630 135 254 313 130 996 168 470 120 1431 1212
internal_value=0.000483939 0.00227934 0.00380106 0.00513194 -0.000742474 -0.000709428 0.000586723 -0.00348391 0.0021575 0.00401935 -0.00440763 0.00634206 0.00779737 0.0087896 0.0102901 0.0113485 0.0123616 0.00564919 -0.00345677 -0.00919211 0.00675451 0.00339194 0.00582126 0.0122775 0.0106026 0.0124509 0.00106117 0.00529622 -7.27723e-05 0.00334404
internal_weight=513.708 211.3 172.042 145.803 28.9257 302.408 222.659 55.5303 167.128 131.277 79.7497 85.5367 76.1408 73.2042 65.4744 62.9897 60.7415 34.988 39.258 25.5509 116.877 71.8649 62.6726 20.3474 45.0119 41.354 42.3251 22.7644 45.7408 23.0334
internal_count=31110 6674 4778 3965 875 24436 16036 5779 10257 7413 8400 4290 3675 3555 3163 2956 2806 1873 1896 2907 3090 1791 1537 443 1299 1164 1094 590 3123 1692
is_linear=0
shrinkage=0.05


Tree=86
num_leaves=31
num_cat=0
split_feature=19 16 32 3 31 4 23 9 10 10 38 19 32 41 41 4 9 7 39 31 33 39 9 10 26 0 36 34 10 38
split_gain=0.483061 0.847506 0.545294 0.638004 0.486227 0.621284 0.502487 0.668961 0.641061 0.617564 0.557589 0.500155 0.680489 0.603836 0.544213 0.515244 0.508426 0.475139 0.472463 0.447869 0.440033 0.589028 0.438989 0.538701 0.434633 0.433498 0.393047 0.435332 0.391095 0.412573
threshold=0.18333333730697635 0.4499999880790711 -0.46999999880790705 0.27666664123535162 0.4499999880790711 -0.37666666507720942 -0.19666665792465207 0.38333332538604742 0.47666668891906744 0.32333332300186163 -0.037441253662109368 -0.18333333730697629 0.21666666865348819 0.055297430604696281 0.036879267543554313 1.0000000180025095e-35 0.23666667938232425 -0.35000000894069666 0.017120812088251117 0.056666672229766853 -0.48333333432674402 0.01684230845421553 0.17666667699813846 0.35666668415069586 -0.023333340883255001 0.31000000238418585 0.44333332777023321 0.41666668653488165 -0.049999997019767754 0.07255792617797853
decision_type=2 2 2 2 2 2 2 2 2 2 2 2 2 2 2 2 2 2 2 2 2 2 2 2 2 2 2 2 2 2
left_child=4 26 -3 20 5 18 9 11 10 17 -9 12 14 15 28 -14 -17 -7 -1 22 -4 -22 25 -24 -13 -16 27 -2 -8 -30
right_child=1 2 3 -5 -6 6 7 8 -10 -11 -12 24 13 -15 19 16 -18 -19 -20 -21 21 -23 23 -25 -26 -27 -28 -29 29 -31
leaf_value=-0.0020040394755710591 -0.0079855108479863768 -0.0051759199327993145 -5.0936497322226378e-05 -0.0027870626432460184 0.008974204835812627 0.0013881961806890978 0.0010070894739622695 0 0.005082063385526062 0.0039844136735149062 -0.015303275556759519 -0.0055692094957241305 -0.00027400308050224407 -0.0026636833120494566 0.0083824629317658158 0.015827192774594771 0 -0.0082426428419795309 0.0092926872823080216 -0.0026189508275807002 -0.00052196916136660546 0.017564948441368886 -0.006683691405488564 0.0078739201121676618 0.0012443483490196736 -0.0020570629625492553 0.001430321445960694 0.00017432825819810839 -0.010180470308492801 0
leaf_weight=6.1421585362404612 71.208705181954429 5.464383456856015 2.746172553393996 5.3885991140268734 10.059999963035805 9.2589156553149206 21.470778913469985 7.7027118585538163 2.6452539353631428 11.032527917763217 11.51129296515137 36.553541274508461 5.1031333315186194 5.2734527802094808 50.472876956220716 21.745120787527416 8.9411484510637802 49.437626336934045 23.817493658047169 17.490975256077945 2.1579208557959637 12.045416896464301 11.930082345614208 3.1892377436161032 38.545284626539797 5.2215858639683566 10.601474591996519 13.002282820409162 18.184311921242628 9.4763380005024356
leaf_count=366 6168 322 97 419 292 606 1056 295 80 454 443 3909 130 196 1880 588 267 3279 1069 943 174 491 422 68 3477 225 1130 1061 814 288
internal_value=-0.000376998 -0.00305804 0.00358505 0.00725251 0.000446311 1.43615e-05 -0.000561746 0.000339761 -0.00690325 -0.00419793 -0.0103615 0.00120551 0.00268027 0.00793357 0.000670199 0.0102515 0.0124419 -0.00634918 0.00633352 0.00308884 0.0114278 0.0142406 0.00491858 -0.00106461 -0.00193048 0.00689362 -0.00535145 -0.00652069 -0.00308648 -0.00661982
internal_weight=507.821 122.615 27.8025 22.3381 385.206 375.146 345.186 275.457 21.8593 69.7291 19.214 253.598 178.499 41.0629 137.436 35.7894 30.6863 58.6965 29.9597 88.3048 16.9495 14.2033 70.8138 15.1193 75.0988 55.6945 94.8125 84.211 49.1314 27.6606
internal_count=31009 9862 1503 1181 21147 20855 19420 15081 818 4339 738 14263 6877 1181 5696 985 855 3885 1435 3538 762 665 2595 490 7386 2105 8359 7229 2158 1102
is_linear=0
shrinkage=0.05


Tree=87
num_leaves=31
num_cat=0
split_feature=24 4 13 38 8 28 31 23 35 9 39 39 37 14 38 8 7 41 31 36 1 40 29 27 5 37 41 21 7 29
split_gain=0.564031 0.541719 0.685797 0.844209 0.788375 0.564293 0.863643 0.540589 0.516688 0.37072 0.734167 1.11751 0.917657 0.840892 0.762556 0.722409 0.571439 0.727346 0.658456 0.563137 0.517599 0.524527 0.503757 0.474851 0.460333 0.411336 0.379315 0.36837 0.817285 0.358532
threshold=0.42333334684371954 -0.33666665852069849 -0.28333333134651179 -0.024023532867431637 0.27666664123535162 -0.31666666269302363 -0.056666672229766839 -0.19666665792465207 0.29666668176651007 0.19666665792465213 0.029510702937841419 0.021203168667852882 -0.079238414764404283 -0.40333333611488337 -0.033781528472900384 0.18333333730697635 -0.076666668057441698 0.052593860775232322 -0.063333332538604722 0.27666664123535162 -0.064999997615814195 0.67000001668930065 0.23666667938232425 0.25666666030883795 -0.22333332896232602 -0.001793861389160156 0.058905629441142089 -0.31666666269302363 -0.43000000715255732 0.01666665077209473
decision_type=2 2 2 2 2 2 2 2 2 2 2 2 2 2 2 2 2 2 2 2 2 2 2 2 2 2 2 2 2 2
left_child=1 2 4 5 -1 6 -4 8 -3 16 11 13 -13 19 -12 -14 20 18 24 -11 21 23 -19 29 -18 -20 -22 -8 -29 -9
right_child=-2 7 3 -5 -6 -7 27 9 -10 10 14 12 15 -15 -16 -17 17 22 25 -21 26 -23 -24 -25 -26 -27 -28 28 -30 -31
leaf_value=0.015152721768798325 -0.0064361883952073961 -0.0058282650719807191 -0.0042111735975176633 -0.0055991545653808796 -0.0022529994601565182 -0.0019084060962987334 0.00015011396791646858 0.012485829356988864 0.0031339788280721325 -0.017470188513292583 0 -0.0064214961314692041 -0.00066128240417345047 4.6059083555177413e-05 -0.019741937780396956 0.014460118921252941 -0.0016929624311750704 0.0024946153887084131 0.0053220335892764795 0 -0.0054492568677066101 -0.0026512357993956352 -0.0081100615501042018 -0.0014312412833175142 0.010622014212490262 -0.003702241501373325 0.0017632476972085185 0 0.021754937477072689 0
leaf_weight=15.884622923098506 25.534289899514988 64.056840223725885 4.8579775863327113 23.453523164847866 4.0752593113575122 12.303388465428723 8.7431476591154951 17.498797483742244 12.746667320723644 9.1004609102383238 7.669973565498367 4.1828051973134306 6.3610368883237269 28.421490033622831 4.5694976411759836 19.681438744999468 3.1433294899761668 17.838825617451224 18.057244780706242 5.9909820300526908 53.946595921064727 16.418267441680655 12.818262622691689 6.6125832204706958 51.504647594643757 19.443082831916399 16.356662518810481 6.0102378695737579 9.8458905755542183 4.7941302007529876
leaf_count=406 2506 4254 362 2424 101 686 310 914 1027 184 424 274 357 2402 293 1099 218 1185 1421 126 3236 865 642 365 2005 1648 816 148 270 187
internal_value=0 0.000459108 0.00395821 0.000729826 0.0109366 0.0050646 0.00851219 -0.000269703 -0.00391962 0.00057423 -0.00202615 0 0.00684035 -0.00471081 -0.011015 0.0105542 0.00164091 0.00396741 0.00615571 -0.0123193 -0.000698304 0.00296766 -0.00185908 0.00678253 0.00940404 0.000203149 -0.00343687 0.0121749 0.0158002 0.00988937
internal_weight=511.922 486.388 85.174 65.2142 19.9599 41.7606 29.4573 401.214 76.8035 324.41 85.9777 73.7382 30.2253 43.5129 12.2395 26.0425 238.432 122.805 92.1483 15.0914 115.627 45.3238 30.6571 28.9055 54.648 37.5003 70.3033 24.5993 15.8561 22.2929
internal_count=31155 28649 4707 4200 507 1776 1090 23942 5281 18661 5159 4442 1730 2712 717 1456 13502 7119 5292 310 6383 2331 1827 1466 2223 3069 4052 728 418 1101
is_linear=0
shrinkage=0.05


Tree=88
num_leaves=31
num_cat=0
split_feature=31 12 1 1 9 25 26 25 8 37 16 41 25 13 25 10 7 17 24 21 37 24 8 24 5 38 5 6 29 24
split_gain=0.689657 0.625592 0.593658 0.920704 0.558882 0.457105 0.425437 0.434826 0.322223 0.715013 0.713996 0.606247 0.60565 0.585215 0.447725 0.394357 0.652022 0.499159 0.357828 0.426191 0.339729 0.647215 0.578617 0.456295 0.641105 0.479042 0.484152 0.37698 0.449037 0.315503
threshold=0.46999999880790716 0.40333333611488348 -0.37666666507720942 -0.45666666328907007 0.45666664838790899 0.13666665554046634 -0.36333334445953364 0.42333334684371954 -0.056666672229766839 -0.0177617073059082 -0.12999999523162839 0.1004048138856888 0.030000001192092899 -0.13666665554046628 -0.090000003576278673 -0.45666666328907007 -0.083333343267440782 0.29000002145767217 -0.023333340883255001 0.17000001668930056 -0.014451980590820311 0.31666666269302374 0.11000001430511476 0.25000000000000006 0.37666666507720953 -0.073448181152343736 -0.26333332061767573 0.36333334445953375 0.18333333730697635 -0.26999998092651362
decision_type=2 2 2 2 2 2 2 2 2 2 2 2 2 2 2 2 2 2 2 2 2 2 2 2 2 2 2 2 2 2
left_child=1 2 3 -1 8 -2 -5 -8 9 11 12 15 -11 -12 18 -4 17 -17 19 -10 21 -16 -22 24 25 -24 -27 28 -28 -3
right_child=5 29 4 6 -6 -7 7 -9 14 10 13 -13 -14 -15 20 16 -18 -19 -20 -21 22 -23 23 -25 -26 26 27 -29 -30 -31
leaf_value=-0.0053620190698700021 0.0097536055121000432 0.00047726139936442096 0.0029680679805225373 -0.0014100551951867889 0.008292404002971111 -0.0011186631498730857 0.011907736415161869 -0.0014558751392870308 -0.0053186219889926854 0.0087766555457707372 -0.0083985133962189568 0.0072537290420108692 -0.00039075640741286736 0.0015795832318680513 0.0051406844558591304 -0.012252524807086655 0 0.00018769587427206597 -0.0085710639894153295 0.0040865656961573326 0.0023083656291477076 -0.0064094348180309332 0.00018892094023778704 0.00041771095079581384 0.0037616984218617998 0 0 0 -0.019414493575825528 -0.0094253671868216732
leaf_weight=9.3034610233735275 22.816709388978783 4.2264897855930057 5.2451491302344939 3.5388099076226345 10.303839002968742 7.2240057755261651 31.344050186919048 2.0477461167611173 20.090519718127325 47.692438605474308 14.118195803835986 4.3755017158109686 18.880979117704555 41.859175371006131 44.066508951596916 31.491973030613735 18.547648618463427 5.1614935165271154 37.437503436114639 14.813560996670274 29.431345664313994 8.907406212994827 4.5419106869958297 15.184095757314934 3.8128431986551723 6.5141039758454999 3.6971505351830407 2.7886546473018816 17.585884298430756 21.68366849469021
leaf_count=609 658 391 240 264 615 383 1495 206 1407 1755 1187 185 778 3707 2611 1997 1205 235 2231 842 1642 639 274 954 263 503 382 216 801 2351
internal_value=0 -0.000474093 0 0.00502467 -0.000633139 0.00669447 0.00860729 0.0103566 -0.00104762 0.000343767 0.00266939 -0.00355367 0.00601484 -0.00110307 -0.00238688 -0.00529658 -0.00670436 -0.0101346 -0.00543792 -0.000701877 -0.000434001 0.00232015 -0.00249773 -0.00549649 -0.00810679 -0.0103637 -0.0123881 -0.0150651 -0.016873 -0.00724058
internal_weight=508.733 478.692 452.782 46.2341 406.548 30.0407 36.9306 33.3918 396.244 187.373 122.551 64.8218 66.5734 55.9774 208.871 60.4463 55.2011 36.6535 72.3416 34.9041 136.53 52.9739 83.556 54.1246 38.9405 35.1277 30.5858 24.0717 21.283 25.9102
internal_count=31026 29985 27243 2574 24669 1041 1965 1701 24054 11289 7427 3862 2533 4894 12765 3677 3437 2232 4480 2249 8285 3250 5035 3393 2439 2176 1902 1399 1183 2742
is_linear=0
shrinkage=0.05


Tree=89
num_leaves=31
num_cat=0
split_feature=27 35 19 24 15 3 18 11 31 41 23 20 38 39 37 5 27 11 9 24 19 39 12 38 11 37 31 4 29 29
split_gain=0.453362 1.30499 0.898758 0.848711 0.717242 0.683027 0.81594 0.805134 0.650507 0.705703 0.614384 0.564464 0.558447 0.522608 0.544923 0.50358 0.488603 0.465149 0.458869 0.422408 0.347532 0.407177 0.387288 0.632261 1.0087 0.445261 0.419837 0.398431 0.394758 0.90761
threshold=-0.36333334445953364 -0.20333333313465116 0.17000001668930056 -0.10999999940395354 -0.48333333432674402 0.17000001668930056 -0.4433333277702331 0.38333332538604742 -0.063333332538604722 0.041539816185832031 -0.15666666626930234 -0.21000000834465024 -0.056524276733398431 0.017217438668012622 0.041959285736083991 0.31666666269302374 0.46333330869674688 -0.26999998092651362 -0.14333333075046537 -0.33666665852069849 0.38333332538604742 0.037402002140879638 0.069999992847442641 -0.032514572143554681 0.26999998092651373 -0.017178058624267575 0.1566666662693024 0.17000001668930056 0.01666665077209473 -0.22999998927116391
decision_type=2 2 2 2 2 2 2 2 2 2 2 2 2 2 2 2 2 2 2 2 2 2 2 2 2 2 2 2 2 2
left_child=1 2 11 15 -5 6 19 20 9 12 -9 -1 -6 -7 16 17 -15 -3 -10 -2 22 -22 27 24 26 -25 -24 28 29 -8
right_child=5 3 -4 4 8 13 7 10 18 -11 -12 -13 -14 14 -16 -17 -18 -19 -20 -21 21 -23 23 25 -26 -27 -28 -29 -30 -31
leaf_value=0 -0.00036471428202263016 -0.014728513734890137 -0.0026279339633245315 -0.0071752558668924278 0 0.00087966712600013762 -0.0061054433063392165 0 0.0064711443487191662 0 0.014040063176451598 0.017788459107590759 0.015853507721681159 -0.0089609142956048795 0.00071158902521303749 0.003013709505408409 0.00330514748704187 0 -0.0048905847496541876 0.011562766313311865 -0.01000065619170566 0.0032065768238074203 0 -0.0086744511609203236 -0.0027340406519251316 0.0014987380616207026 0.01480477231845532 0.0047448195648505439 -0.00605183505430651 0.0040406198319894128
leaf_weight=5.067447988316423 4.6617988273501423 12.219998660730202 4.8426500142086288 8.8864389467053098 4.3973330613225725 32.994004701962695 33.371027436573058 11.01502361521125 6.6638663536869016 17.453673511743546 10.491375411627812 18.935138670727611 19.092020839452744 61.565175919327885 17.331343041034415 3.1449986994266501 2.9641327804420134 7.8583960097748795 20.416229999624193 18.292733806185424 14.808553770184519 1.4407384528312821 6.7999527382198748 10.356466590194033 12.925926895346491 19.332060725195333 18.095520890317857 11.73736324906349 52.216814109007828 43.282023694831878
leaf_count=154 132 361 219 145 166 2574 2654 816 231 496 556 481 431 4543 1413 100 278 444 959 366 1262 63 621 985 487 2270 671 817 3445 3100
internal_value=0.000254576 0.00278185 0.0111178 0 0.00247554 -0.000560589 0.000751245 -8.15495e-05 0.00455344 0.00818654 0.00789586 0.0146952 0.012904 -0.00372277 -0.00579572 -0.00743094 -0.00780977 -0.0103426 -0.000672341 0.00870339 -0.00114047 -0.00715708 -0.000366561 0.00246115 0.00649993 -0.00221128 0.0117033 -0.00193992 -0.00291812 -0.000196577
internal_weight=512.66 128.978 28.8452 100.133 76.9096 383.682 268.827 245.873 68.0231 40.943 21.5064 24.0026 23.4894 114.855 81.8607 23.2234 64.5293 20.0784 27.0801 22.9545 224.366 16.2493 208.117 67.5099 37.8214 29.6885 24.8955 140.607 128.87 76.6531
internal_count=31240 4187 854 3333 2428 27053 18245 17747 2283 1093 1372 635 597 8808 6234 905 4821 805 1190 498 16375 1325 15050 5034 1779 3255 1292 10016 9199 5754
is_linear=0
shrinkage=0.05


Tree=90
num_leaves=31
num_cat=0
split_feature=10 3 24 7 7 9 32 39 39 10 4 9 24 14 14 16 10 41 14 34 30 39 39 9 14 41 38 38 39 38
split_gain=0.527345 0.684539 0.569258 0.467149 0.611942 0.38683 0.951755 0.772788 0.701914 0.790144 0.73216 0.587672 0.513276 0.498315 0.489921 0.48904 0.672026 0.430808 0.423416 0.413247 0.376373 0.355657 0.351372 0.336548 0.323088 0.312588 0.323213 0.310114 0.307543 0.299576
threshold=0.46999999880790716 0.42333334684371954 -0.33666665852069849 0.29666668176651007 -0.22999998927116391 -0.13666665554046628 -0.069999992847442613 0.015686493366956714 0.029510702937841419 0.27666664123535162 0.17000001668930056 0.030000001192092899 -1.0000000180025095e-35 0.34333333373069769 0.41666668653488165 0.26999998092651373 -0.41666667163372034 0.030537889339029792 -0.04333332180976867 0.21833333373069766 0.40333333611488348 0.015429661609232427 0.017618047073483471 -0.090000003576278673 0.25000000000000006 0.050311148166656501 0.031355857849121101 0.025660514831542972 0.025036369450390342 -0.024595737457275387
decision_type=2 2 2 2 2 2 2 2 2 2 2 2 2 2 2 2 2 2 2 2 2 2 2 2 2 2 2 2 2 2
left_child=1 2 3 4 24 6 14 -8 9 12 13 -10 -7 -11 15 18 27 -13 -4 20 23 -6 -2 -14 -1 26 -20 28 -17 -21
right_child=22 -3 5 -5 21 8 7 -9 11 10 -12 17 19 -15 -16 16 -18 -19 25 29 -22 -23 -24 -25 -26 -27 -28 -29 -30 -31
leaf_value=0.0051689506392944206 -0.00042711805210193045 -0.0076520107633727824 -0.0016636210738214731 0.0023847593769172918 0 0.0019029698716167363 -0.0023245978856152537 0.0095958099135210612 0.00078978887645640955 0.011760369402123633 -0.0003155124853557944 0.00038370318268012905 0.00010434716849711289 -0.00049919276345346904 0.009100976993417411 0.009090958448007171 -0.011873469770241792 -0.013106640491759561 0.01212958055524133 -0.0034998956436616854 0.0013049376195763043 -0.012633200295476148 0.011117377960702383 -0.0084121462499833193 -0.0047375915812187443 -0.00038674811149436199 0 -0.0062904299866771559 -0.0017368269587914088 0.0057300884788070439
leaf_weight=10.206381058320405 3.8224642735440275 24.485538228531368 44.344755883328617 12.197508890647439 3.5528143711853799 61.564470322104171 11.058601982658727 52.491448253858835 11.037404841277747 29.317360857035965 26.640780691755936 2.8373258446808931 7.3170626021455965 5.3207027080934486 5.835669469786807 8.220482174772771 16.127768022241071 18.746638736687601 11.247231649234893 7.9235329206567284 9.0151774268597347 23.198391459649429 11.159377746284006 50.838609083788469 10.69501582928933 5.6017634894233188 2.4044681095983824 2.6814374742098144 3.4943334609270087 13.020872925408183
leaf_count=637 336 2110 2698 1155 337 3752 708 2833 585 1325 1386 149 455 430 199 294 810 1215 658 455 266 1801 687 3144 736 373 300 275 127 798
internal_value=-1.0896e-05 -0.000386301 3.4086e-05 -0.00422707 -0.00646287 0.00077338 0.00263052 0.00714045 -0.000406366 0.00060416 0.00519324 -0.00666725 -0.00124177 0.00946635 -0.000242775 -0.00158247 -0.00628506 -0.0107292 0.000662596 -0.00368581 -0.00556439 -0.0107302 0.00770056 -0.00704139 0 0.00613263 0.00938123 0.000400947 0.00495561 0.00130863
internal_weight=506.405 491.424 466.938 59.8501 47.6526 407.088 163.508 63.5501 243.58 210.959 61.2788 32.6214 149.68 34.6381 99.9579 94.1222 30.524 21.584 63.5982 88.1153 67.1708 26.7512 14.9818 58.1557 20.9014 19.2535 13.6517 14.3963 11.7148 20.9444
internal_count=31034 30011 27901 4666 3511 23235 9275 3541 13960 12011 3141 1949 8870 1755 5734 5535 1506 1364 4029 5118 3865 2138 1023 3599 1373 1331 958 696 421 1253
is_linear=0
shrinkage=0.05


Tree=91
num_leaves=31
num_cat=0
split_feature=31 33 38 29 1 22 33 13 38 8 39 10 7 6 38 12 29 29 32 40 20 36 31 38 29 30 21 15 30 2
split_gain=0.43126 0.572091 0.625034 0.338529 0.302726 0.473246 0.355205 0.424877 0.532692 0.413746 0.507397 0.444762 0.434561 0.64242 0.692713 0.598701 0.405201 0.695965 0.366356 0.353913 0.340451 0.328957 0.342232 0.323374 0.377532 0.317084 0.315194 0.308379 0.308379 0.529596
threshold=0.48333334922790533 0.37666666507720953 -0.035435676574707024 -0.48333333432674402 -0.36333334445953364 -0.29000000655651087 0.46333330869674688 0.14999997615814212 -0.14522457122802732 -0.056666672229766839 0.013129511848092081 -1.0000000180025095e-35 0.32999998331069952 0.36333334445953375 0.026465415954589847 -0.18333333730697629 0.37666666507720953 0.32333332300186163 -0.090000003576278673 0.81666666269302379 -0.35000000894069666 -0.15000000596046445 0.069999992847442641 0.044054031372070319 0.056666672229766853 0.34333333373069769 0.35666668415069586 0.41000002622604376 0.48166668415069586 0.35000002384185797
decision_type=2 2 2 2 2 2 2 2 2 2 2 2 2 2 2 2 2 2 2 2 2 2 2 2 2 2 2 2 2 2
left_child=3 2 -2 -1 5 -5 7 9 -9 11 -11 18 15 -14 -15 16 17 -12 -6 -20 -10 -13 -23 24 -17 -19 -7 -22 29 -18
right_child=1 -3 -4 4 6 26 -8 8 20 10 12 21 13 14 -16 23 28 25 19 -21 27 22 -24 -25 -26 -27 -28 -29 -30 -31
leaf_value=-0.0089433852173790695 0.014987785690199221 -0.0040971480949592515 -0.00073364590550558534 -0.00072783452467733035 -0.0027374101569102409 0.008840344016815934 0.0064403450604976938 0.0040395372257949324 0.00047428372134745446 0.0056800039378020455 -0.0057605125627904884 0.00055371806281213356 0.0085740776474382881 -0.010928193191640621 0.0062350914927285974 0.0025886291962594885 -0.016643366821372723 -0.0012425028158731541 0 0.0084839878759831074 -0.0089437600339759716 0.012588709331994406 0 0.0056844700656088877 -0.006325773551427773 0.0091929307944825494 -0.001372540857487595 0 0 0
leaf_weight=6.1132446539122602 10.710546670947224 3.6541937920264891 4.8242869488894948 34.110762583790347 61.175828914158046 25.00336126959883 9.1266340422444028 8.5862724792677891 9.5179488006979209 12.151210319483651 55.268499831203371 28.232096589636058 13.684042563894765 8.209912834223358 3.040990956593304 13.609050902072342 16.324769576545812 5.3184088694397351 33.66973137925379 12.04298877995461 48.097396449302323 13.784965351922439 3.7823123645503065 14.120036900509147 18.31985766091384 8.3947474267333728 2.9444379003252825 12.141097273910416 4.8025418305769554 4.4539206193294367
leaf_count=380 143 191 292 2224 4035 1442 847 504 1015 552 2768 1404 583 413 159 1078 441 228 1957 651 4632 497 241 1234 1491 239 155 1017 69 125
internal_value=-0.000226972 0.00607242 0.0101005 -0.000597508 -0.000330628 0.00268313 -0.000868849 -0.00118315 -0.00437585 -0.000287218 -0.00195856 0.00150086 -0.00284402 0.00225813 -0.00428483 -0.0039747 -0.00615563 -0.00312971 -0.000111476 0.00282916 -0.00597959 0.00532347 0.00983556 0.000216919 -0.00205862 0.00473119 0.00697553 -0.00732735 -0.0113788 -0.0134717
internal_weight=505.216 19.189 15.5348 486.027 479.914 62.0586 417.855 408.729 78.3427 330.386 177.698 152.688 165.547 24.9349 11.2509 140.612 94.5629 68.9817 106.889 45.7127 69.7564 45.7994 17.5673 46.0489 31.9289 13.7132 27.9478 60.2385 25.5812 20.7787
internal_count=31007 626 435 30381 30001 3821 26180 25333 7168 18165 9380 8785 8828 1155 572 7673 3870 3235 6643 2608 6664 2142 738 3803 2569 467 1597 5649 635 566
is_linear=0
shrinkage=0.05


Tree=92
num_leaves=31
num_cat=0
split_feature=12 23 11 2 38 14 21 39 23 6 18 7 9 38 12 19 20 20 27 25 37 21 27 38 38 38 36 13 32 14
split_gain=0.378674 0.550919 0.425719 0.702369 0.786238 0.379857 0.667474 0.629141 0.619936 0.638894 0.530479 0.509408 0.582145 0.542984 0.619289 0.532999 0.523562 0.484595 0.458365 0.497913 0.395345 0.583924 0.465149 0.384795 0.404985 0.367363 0.333746 0.367751 0.331098 0.373786
threshold=0.42333334684371954 -0.13666665554046628 0.36333334445953375 1.0000000180025095e-35 0.031355857849121101 0.11000001430511476 -0.24333333969116208 0.029931325465440754 -0.19666665792465207 -0.35000000894069666 -0.46999999880790705 -0.36333334445953364 -0.45666666328907007 -0.073448181152343736 -0.030000001192092892 0.41000002622604376 0.35666668415069586 -0.32999998331069941 0.16333335638046267 -0.063333332538604722 0.0086016654968261736 0.41000002622604376 -0.4433333277702331 -0.055284500122070306 0.22565650939941409 0.078113079071044936 0.41000002622604376 0.31666666269302374 0.23666667938232425 -0.063333332538604722
decision_type=2 2 2 2 2 2 2 2 2 2 2 2 2 2 2 2 2 2 2 2 2 2 2 2 2 2 2 2 2 2
left_child=2 -2 5 4 -4 6 7 10 9 -8 -1 12 -7 16 -15 -14 -13 -16 19 -12 21 28 -22 -24 -25 -11 27 -19 29 -10
right_child=1 -3 3 -5 -6 11 8 -9 20 25 18 13 15 14 17 -17 -18 26 -20 -21 22 -23 23 24 -26 -27 -28 -29 -30 -31
leaf_value=-0.0020134241945720462 -0.011799631544395277 0 0.014801767301915361 -0.0014415545123227058 -0.0027698725108895816 0.0013889223727785406 0.0031701021875395322 -0.0043038540921394404 -0.0033781235825698767 -0.011180204799706052 0.0012112058940031431 0.0081886589802193082 -0.013320265078473559 0.0034306838509047168 0.0017032770703021838 0.0020746250156936244 -0.0053845625422683126 -0.013422137987069239 0 0.015544111635829548 0.0081922614551897897 -0.0083352269536244496 0.006704046493664545 -0.0023845500747132079 0.00722304397397955 0 0 0 0.0047964492958811177 0.003898076451819805
leaf_weight=7.2146552409976712 11.68069992028177 14.219280546880325 14.521428243024276 17.241612329147756 3.7840046763885757 6.9042463193181929 7.4863999849185339 8.529273444786666 65.070091553963721 26.99881863547489 14.609489582944656 20.164842047845017 22.771766332210976 14.996148919221012 7.0880942498333743 1.9216481947805721 2.7451583838555953 21.200196559308104 9.1664948174729926 20.556748852366585 20.185433967038989 20.579297499964014 13.993014241335912 74.146548337652348 6.0591814138460895 5.2694140188395968 4.1486509148962787 6.46310283942148 21.238870490109548 15.357184593798591
leaf_count=132 1106 1358 683 1483 414 320 353 431 3344 1652 829 1065 1359 1401 726 98 172 1834 915 1185 485 936 924 4073 234 345 432 633 997 1194
internal_value=-0.000533243 -0.00583044 -0.000127867 0.00464892 0.0103538 -0.000621794 0.00015179 0.00473238 -0.000834741 -0.00617498 0.00695482 -0.00312338 -0.0079497 -0.000403796 -0.00334918 -0.0111364 0.00491754 -0.00662881 0.00897703 0.0112413 8.99162e-05 -0.00173672 0.00223902 0.000299651 -0.000916522 -0.00915347 -0.00912216 -0.0108745 0 -0.00152535
internal_weight=506.312 25.9 480.412 35.547 18.3054 444.865 336.461 60.0767 276.384 39.7546 51.5474 108.404 31.5977 76.8062 53.8962 24.6934 22.91 38.9 44.3327 35.1662 236.63 122.245 114.384 94.1987 80.2057 32.2682 31.812 27.6633 101.666 80.4273
internal_count=31113 2464 28649 2580 1097 26069 18029 3492 14537 2350 3061 8040 1777 6263 5026 1457 1237 3625 2929 2014 12187 6471 5716 5231 4307 1997 2899 2467 5535 4538
is_linear=0
shrinkage=0.05


Tree=93
num_leaves=31
num_cat=0
split_feature=24 28 39 41 41 16 17 14 27 39 31 33 31 2 4 37 12 37 33 40 38 25 40 39 28 41 8 38 9 40
split_gain=0.514909 0.479965 0.641983 0.663475 0.649625 0.548744 0.477617 0.562276 0.924473 0.78235 0.695024 0.792471 0.5699 0.559266 0.532023 0.995322 0.75514 0.709396 0.720891 0.814677 0.987854 0.643414 0.636102 0.512812 0.487011 0.478524 0.464923 0.439566 0.403417 0.365849
threshold=0.42333334684371954 0.40333333611488348 0.029931325465440754 0.027209714055061344 0.041826598346233375 -0.31000000238418574 0.41666668653488165 0.26333332061767584 0.17000001668930056 0.024719144217669967 0.43666666746139532 -0.26999998092651362 0.47666668891906744 0.14333331584930423 -0.33666665852069849 0.0021500587463378911 -0.19666665792465207 -0.017178058624267575 -0.036666661500930779 0.42333333194255834 -0.029808998107910153 -0.12999999523162839 0.79666668176651012 0.014848362654447557 0.030000001192092899 0.034825608134269721 0.35000002384185797 -0.019491672515869137 0.14999997615814212 0.050000000745058067
decision_type=2 2 2 2 2 2 2 2 2 2 2 2 2 2 2 2 2 2 2 2 2 2 2 2 2 2 2 2 2 2
left_child=1 6 3 -3 5 -5 7 10 9 25 14 -12 -11 -8 15 -1 17 21 22 -20 -21 28 -19 -22 -25 -9 -17 -18 -16 -23
right_child=-2 2 -4 4 -6 -7 13 8 -10 12 11 -13 -14 -15 16 26 27 18 19 20 23 29 -24 24 -26 -27 -28 -29 -30 -31
leaf_value=-0.0026853257276494708 -0.0062289970990344343 -0.0044105412402561366 -0.0058799602955442688 0.015677456160542915 0.0002767095560858122 0 0.01061530477258278 0.0036410982446089635 0.0014525021464652445 -0.020351608850172967 -0.0027091329156227919 0.015868350189556218 0 -0.0017030553094300853 -0.008220809301569626 0.012108184940201952 -0.0011509082951614345 -0.0046668872636578358 -0.00084367065821696154 0 0 -0.0026149452241417885 0.006048539635026857 0 -0.0237325824558575 -0.0069981481562380104 -0.0016943810934307451 0.0044449066015901633 0.0026306143716355317 0.0080989885744308914
leaf_weight=21.120879161870107 24.812027245177887 5.2874124420341095 5.6468506790697566 22.160871320404116 20.412735922029242 3.8354615075513712 15.314648008439692 11.550169673515486 30.145098921377212 10.954181847162543 3.8096750404220066 8.460057584452441 2.548786074621602 8.4988525565713626 15.475858140969651 23.89536676811986 58.985870589502156 33.852901784470305 22.941154395230114 6.21926519321278 4.3510439621750292 3.4209932398516711 14.443869424285365 3.0665179970674243 16.133196770912036 16.49002386839129 2.2591153273824593 61.039992467383854 5.9604378265794358 24.149370299885049
leaf_count=1193 2496 172 260 464 881 377 728 914 1961 791 122 270 74 753 871 1212 4534 1519 952 301 154 196 600 165 500 1283 103 5717 295 1178
internal_value=0 0.000433423 0.00450606 0.00656733 0.00865681 0.0131698 -0.000113043 -0.000614576 -0.00445872 -0.00891593 0.000211838 0.00973641 -0.0169413 0.00592246 -0.000252978 0.00422627 -0.00120253 -0.00355827 -0.00588367 -0.00966198 -0.0144772 0.000899135 -0.000687581 -0.018365 -0.0211277 -0.00201193 0.0100448 0.00157264 -0.00437689 0.00579511
internal_weight=507.243 482.431 57.3433 51.6965 46.4091 25.9963 425.087 401.274 71.6883 41.5432 329.586 12.2697 13.503 23.8135 317.316 47.2754 270.04 150.015 101.008 52.7112 29.77 49.0067 48.2968 23.5508 19.1997 28.0402 26.1545 120.026 21.4363 27.5704
internal_count=31036 28540 2154 1894 1722 841 26386 24905 5023 3062 19882 392 865 1481 19490 2508 16982 6731 4191 2072 1120 2540 2119 819 665 2197 1315 10251 1166 1374
is_linear=0
shrinkage=0.05


Tree=94
num_leaves=31
num_cat=0
split_feature=3 30 23 31 3 8 7 21 7 41 7 20 33 37 33 1 40 12 6 39 30 30 14 41 20 36 40 24 12 39
split_gain=0.560553 0.819959 0.496762 0.60091 0.707221 0.470871 0.461976 0.743266 0.461927 0.708723 0.550305 0.408454 0.369723 0.364051 0.360575 0.356903 0.367547 0.35012 0.405906 0.445162 0.451488 0.361249 0.349304 0.346052 0.329559 0.58226 0.420687 0.313953 0.311864 0.396799
threshold=0.45666664838790899 0.44333332777023321 -0.13666665554046628 0.43666666746139532 0.31666666269302374 0.41666668653488165 0.32999998331069952 0.19666665792465213 0.19666665792465213 0.054682714864611633 -0.076666668057441698 -0.28333333134651179 0.1566666662693024 -0.059846878051757806 -0.030000001192092892 -0.083333343267440782 0.85333335399627697 0.42333334684371954 -0.35000000894069666 0.022834103554487232 -0.29666668176650995 0.056666672229766853 -0.29000000655651087 0.031382504850625999 -0.030000001192092892 0.13666665554046634 0.87666666507720958 -0.15000000596046445 0.056666672229766853 0.02040062099695206
decision_type=2 2 2 2 2 2 2 2 2 2 2 2 2 2 2 2 2 2 2 2 2 2 2 2 2 2 2 2 2 2
left_child=1 2 17 8 11 6 7 -3 10 -10 12 -5 14 -13 15 23 -17 18 19 -1 -21 -22 -12 -4 25 26 -20 -16 29 -26
right_child=-2 5 3 4 -6 -7 -8 -9 9 -11 22 13 -14 -15 27 16 -18 -19 24 20 21 -23 -24 -25 28 -27 -28 -29 -30 -31
leaf_value=-0.0014330570606040445 -0.0076991908599231447 0.010029443192509084 -0.0030155374152075146 0 -0.0030701326071264196 -0.00026432111934367994 0.015197420655081895 -0.0041686499158424296 0 -0.012335966274338986 0.0068549655650037376 0 0.0055165350069697194 0.016280729439243146 0 -0.0049588770690205822 0.0032536140090822759 -0.009284721542682001 -0.010818715571204864 0.011868957125378703 -0.0065378066109951912 0.0064296039701986912 0 0.0063474818812699028 0.0020205539410568501 0.00026850880397422919 0 -0.010527889136662626 0.0054017751517208869 -0.0069108085312359659
leaf_weight=24.122845984995365 13.923512943787498 10.737655190518128 6.219975508516657 4.4984403240960154 6.1171109187416723 11.942782597849144 13.675076792016624 12.521844377508385 39.565858040819876 10.296336183557285 51.108981841942295 4.1995032937265995 13.054487911285831 14.996043872088189 5.2204266395419863 41.708983305143192 10.481169007834977 10.43831883149687 30.231953141512349 11.548691788455473 6.0085568523500097 3.4301847848109901 38.233740983530879 24.219974253792316 16.289970989339054 22.414098491426557 6.3368065103422841 12.731210991973056 13.668445336865259 17.173468329943717
leaf_count=1392 1453 209 360 140 307 518 380 256 3131 980 1671 90 859 491 311 2607 754 1015 2078 440 306 129 3736 1352 987 1829 413 644 1172 1063
internal_value=0.00042015 0.000789236 2.01079e-05 0.00133075 0.00743602 0.00655873 0.00907587 0.002244 0.000358641 -0.00356033 0.00151555 0.0110626 -0.000616319 0.0135926 -0.00191261 -3.37208e-05 -0.00271454 -0.00208792 -0.00109679 0.00239168 0.00705541 0 0.00435747 0.00356672 -0.00285139 -0.00516779 -0.00865534 -0.0073423 0 -0.00228336
internal_weight=507.116 493.193 444.316 282.652 29.8111 48.8774 36.9346 23.2595 252.841 49.8622 202.979 23.694 113.636 19.1955 100.582 82.6301 52.1902 161.663 151.225 45.1103 20.9874 9.43874 89.3427 30.4399 106.115 58.9829 36.5688 17.9516 47.1319 33.4634
internal_count=31073 29620 28257 17433 1028 1363 845 465 16405 4111 12294 721 6887 581 6028 5073 3361 10824 9809 2267 875 435 5407 1712 7542 4320 2491 955 3222 2050
is_linear=0
shrinkage=0.05


Tree=95
num_leaves=31
num_cat=0
split_feature=16 37 14 26 34 10 41 33 19 7 31 38 33 10 9 34 6 36 39 37 7 25 14 41 23 39 40 30 27 19
split_gain=0.467505 0.905025 0.730845 1.21092 0.629061 0.626365 0.809888 0.584694 0.564967 0.48727 0.435295 0.418898 0.383314 0.655198 0.631106 0.646429 0.569341 0.756444 0.414066 0.614557 0.378812 1.1041 0.589671 0.529583 0.635952 0.464023 0.339414 0.327909 0.32645 0.356897
threshold=0.4499999880790711 0.010866641998291017 0.32333332300186163 -0.18999999761581418 -0.26999998092651362 0.37000000476837164 0.036879267543554313 0.4499999880790711 -0.40333333611488337 -0.049999997019767754 -0.21666666865348813 -0.024595737457275387 -0.28333333134651179 -0.43000000715255732 -0.1766666769981384 0.21833333373069766 -0.21666666865348813 0.083333313465118422 0.018712303601205352 0.041211605072021491 0.34333333373069769 0.32333332300186163 -0.40333333611488337 0.03232953883707524 -0.023333340883255001 0.029510702937841419 0.31666666269302374 0.13666665554046634 -1.0000000180025095e-35 -0.30333334207534784
decision_type=2 2 2 2 2 2 2 2 2 2 2 2 2 2 2 2 2 2 2 2 2 2 2 2 2 2 2 2 2 2
left_child=2 4 5 -4 -2 12 8 28 -7 10 -5 -6 13 -1 15 -14 17 -16 -15 -20 22 25 23 -18 -25 -22 -17 -19 29 -8
right_child=1 -3 3 9 11 6 7 -9 -10 -11 -12 -13 14 18 16 26 20 27 19 -21 21 -23 -24 24 -26 -27 -28 -29 -30 -31
leaf_value=0.0038419699492070014 -0.0005966655056884447 -0.0034790902478749777 0.005089458129029327 0 0.018157649752103062 -0.0074507859504131637 0.01864559182461192 -0.0019255083707606731 0.0051901681124199945 -0.0020460952056484006 -0.018279067410770369 0 0.0072672298548209268 0 -0.0016558154739145584 -0.0075157725653578191 0.00060643097838746082 0 -0.011434013167484398 0.00060010286649074312 0.01373749146012259 -0.006746733967511619 -0.00013916037907373959 0 -0.01249394954675811 -0.0013798979870082847 0.0023353226442276239 0.014032486815421939 0 0.00010250860626978772
leaf_weight=17.30439953925088 4.3451174180954739 9.8897584776859713 12.617570511531083 2.1809676482807854 12.149962664581837 11.450210183393212 14.043590947519993 3.1488532393705091 10.870167379500343 19.629480018746108 12.913447327446189 3.5692913092207137 56.051344524836168 19.418289220193401 19.109718713909388 8.9187969197519141 12.922108579659833 8.8794941236265021 29.240212426055223 9.0061580364126694 12.76461124722846 8.9185263945255411 107.03362280444708 14.051975076086817 29.659148313105106 1.80574565893039 10.993386441376058 12.034726697718723 5.1345992677379391 6.2865520161576596
leaf_count=1129 291 737 999 228 333 229 254 224 701 2034 773 302 3252 1540 1000 508 320 667 1911 626 702 898 8244 425 736 119 599 495 426 442
internal_value=0.000502566 0.00600754 3.41841e-05 -0.00543434 0.0113672 0.000761679 0.00565129 0.0105221 -0.000616474 -0.0100587 -0.0157477 0.0150765 0 -0.00303745 0.000826655 0.00461791 -0.000420043 0.00444463 -0.00566208 -0.00833813 -0.00169555 0.00326754 -0.00264554 -0.00651621 -0.0089438 0.0107926 -0.00183085 0.0100741 0.0129296 0.0151911
internal_weight=506.342 29.9541 476.388 47.3415 20.0644 429.046 50.934 28.6136 22.3204 34.7239 15.0944 15.7193 378.112 74.9691 303.143 75.9635 227.18 40.0239 57.6647 38.2464 187.156 23.4889 163.667 56.6332 43.7111 14.5704 19.9122 20.9142 25.4647 20.3301
internal_count=31144 1663 29481 4034 926 25447 2276 1346 930 3035 1001 635 23171 5206 17965 4359 13606 2162 4077 2537 11444 1719 9725 1481 1161 821 1107 1162 1122 696
is_linear=0
shrinkage=0.05


Tree=96
num_leaves=31
num_cat=0
split_feature=17 41 41 41 41 37 10 1 39 31 31 37 39 38 21 38 12 37 41 38 35 4 41 31 29 21 38 39 12 24
split_gain=0.507486 0.66705 1.71266 1.32281 0.883465 0.707504 0.696365 0.615077 0.386065 0.660165 0.482092 1.51341 0.802385 0.907224 0.747036 0.882861 0.694763 0.664274 0.490195 0.483056 0.581584 0.438811 0.431254 0.422985 0.616293 0.420941 0.424833 0.4204 0.433021 0.403991
threshold=-0.4433333277702331 0.031382504850625999 0.036879267543554313 0.039897613227367408 0.049283761531114585 -0.01575374603271484 0.13666665554046634 0.05500000715255738 0.013434986118227245 -0.076666668057441698 0.31000000238418585 0.0086016654968261736 0.02167985308915377 -0.035435676574707024 -0.26999998092651362 0.22565650939941409 0.29000002145767217 -0.017178058624267575 0.037611998617649085 -0.031785964965820306 0.20999997854232791 -0.32999998331069941 0.056121677160263068 -0.32333332300186152 0.19666665792465213 0.13666665554046634 -0.029808998107910153 0.02565096598118544 -1.0000000180025095e-35 -0.2766666561365127
decision_type=2 2 2 2 2 2 2 2 2 2 2 2 2 2 2 2 2 2 2 2 2 2 2 2 2 2 2 2 2 2
left_child=1 5 6 -4 -5 -1 -3 -6 9 -2 14 12 13 -12 18 19 22 -15 29 -16 23 -18 -14 -21 -25 -13 -27 28 -22 -10
right_child=8 2 3 4 7 -7 -8 -9 10 -11 11 25 16 17 15 -17 21 -19 -20 20 27 -23 -24 24 -26 26 -28 -29 -30 -31
leaf_value=-0.00073336635692509804 0.00027312101889007909 0 0.017579793197559167 -0.0089476934096648 0.010888328607844245 0.016129175154936629 -0.017987148646510711 -0.0020710238493072929 -0.0005998836654716351 -0.012164654005879702 0.017015065891624156 -0.0084381292237567986 -0.0080473415253139897 -0.0070855383648220473 -0.0065445856645938274 0.0079800258517758009 0.0132902923170277 0.0096714826925665826 -0.00025936638055818812 0.0019635968401843363 0.01055301121092616 0 0.0032525640800899524 -0.0014960797449349789 -0.010702119551762224 0.0081874889896480958 -0.0050471578814597282 -0.0045935639456413406 0 0.010597702724218222
leaf_weight=4.9194382461719224 14.865002592792736 5.000735157635062 9.3533768784254772 11.428612255724145 13.271397958276795 10.782078524120148 8.1737031112425012 9.4496875389013422 5.0994708905927864 13.613251192960886 20.029487990308553 24.262533176923171 16.251190633978698 7.582405904075129 83.59204784350004 11.103909379686227 7.4013990592211512 4.4640413348097354 32.995042934198864 21.54822751856409 15.893059149151673 9.4359044996090216 5.6064163981936863 69.733196812914684 25.390975424204953 5.836183900013566 5.1218965307343733 4.3284302474930874 11.558411308564244 19.79189159697853
leaf_count=126 839 115 184 275 314 227 192 249 463 1336 531 1745 702 643 6597 561 197 450 2874 1029 779 382 182 5002 1308 223 545 303 1299 1472
internal_value=-0.000190019 0.00345652 0.000131555 0.00538956 0 0.0109519 -0.0121805 0.00532141 -0.000891422 -0.00602959 -0.000389023 0.00234188 0.00653705 0.0117622 -0.00145895 -0.00272733 0.000648783 0 0.00323328 -0.00353295 -0.00148691 0.00745752 -0.00417524 -0.00322126 -0.00468981 -0.00520576 0.000930215 0.00371899 0.00636585 0.00782343
internal_weight=507.883 72.379 56.6775 43.5031 34.1497 15.7015 13.1744 22.7211 435.504 28.4783 407.026 105.991 70.7708 32.0759 301.035 243.148 38.6949 12.0464 57.8864 232.044 148.452 16.8373 21.8576 116.672 95.1242 35.2206 10.9581 31.7799 27.4515 24.8914
internal_count=31144 1682 1329 1022 838 353 307 563 29462 2175 27287 5600 3087 1624 21687 16878 1463 1093 4809 16317 9720 579 884 7339 6310 2513 768 2381 2078 1935
is_linear=0
shrinkage=0.05


Tree=97
num_leaves=31
num_cat=0
split_feature=19 25 10 32 23 0 22 22 1 4 12 17 41 38 38 11 11 19 25 6 13 7 1 37 36 7 36 21 32 26
split_gain=0.466926 0.640901 0.830127 0.565906 0.72738 0.558447 0.566214 0.445234 0.402128 0.400803 0.396715 0.759585 0.383073 0.377121 0.325819 0.323345 0.30597 0.447739 0.664398 0.563085 0.534053 0.436986 0.525473 0.503945 0.396941 0.372523 0.353524 0.339799 0.317929 0.484025
threshold=-0.30333334207534784 -0.069999992847442613 0.32333332300186163 -0.18999999761581418 0.12333333492279054 0.20999997854232791 -0.14333333075046537 -0.26333332061767573 0.25000000000000006 0.17000001668930056 -0.21666666865348813 -0.45666666328907007 0.031382504850625999 -0.029808998107910153 -0.077286243438720689 -0.056666672229766839 -0.15000000596046445 0.18333333730697635 -0.4433333277702331 0.11000001430511476 -0.12333333492279051 -0.076666668057441698 -0.36333334445953364 -0.080943584442138658 -0.17000000178813932 -0.48333333432674402 -0.46999999880790705 -0.21000000834465024 -0.4433333277702331 -0.30333334207534784
decision_type=2 2 2 2 2 2 2 2 2 2 2 2 2 2 2 2 2 2 2 2 2 2 2 2 2 2 2 2 2 2
left_child=1 2 3 -1 12 6 7 -3 14 -4 11 -7 -5 -13 -8 -14 27 19 -19 20 -18 22 24 -24 26 -25 -20 -2 -22 -30
right_child=16 5 9 4 -6 10 8 -9 -10 -11 -12 13 15 -15 -16 -17 17 18 21 -21 28 -23 23 25 -26 -27 -28 -29 29 -31
leaf_value=0.0019662210367683312 0 0.0045994417676059633 0.011113946822443294 0 0 0.0029604678007160243 0 -0.0055595084281953831 0 0 0.0060848433159958045 0 -0.015091162960736832 -0.01448695247806359 0.012506624466678662 0 -0.0019493627852538371 0.007145683768813642 -0.0024000114359546245 -0.004015293922739159 -0.0021239732704397113 -0.00067630962841966954 0 0 -0.0071321319696197637 -0.014925525304568713 0.0097225047006317226 -0.0069201339637713884 -0.00058594399626496648 0.0085457097479369575
leaf_weight=19.975937361596152 20.632356763933785 21.037979816785082 9.9603782254271227 5.6335975597612586 28.100578190293163 12.215601759497076 5.8299931879155329 11.510156197473405 5.2061555474065235 8.4897681118454766 6.1545577906072131 4.5100015858188263 21.422553386306397 9.5373197509907186 34.113194809528068 2.5738154416903809 26.228173633688129 7.1672924212180069 2.9608407886698833 29.777333253179677 4.758069278439506 54.886166336946189 4.8031568373553482 2.3674292974174049 5.4422791942488393 23.848000360187143 7.1444637633394441 45.365006828913465 11.93100811797194 50.969252987299114
leaf_count=777 1885 494 233 211 931 248 199 293 133 205 186 187 822 243 740 106 2196 365 121 3076 297 5719 131 130 348 1593 272 4203 1017 3696
internal_value=-0.00051365 0.00122433 -0.00153455 -0.00401068 -0.00646149 0.00380361 0.00602576 5.21881e-05 0.00933206 0.00629672 -0.000980934 -0.00423531 -0.0112123 -0.0107531 0.0109013 -0.013463 -0.00179813 -0.000762296 -0.0030854 0.00113374 0.00316021 -0.00439951 -0.00773424 -0.010974 0 -0.0133226 0.00504747 -0.00472926 0.00547781 0.00655057
internal_weight=504.552 206.272 96.1566 77.7065 57.7305 110.115 77.6975 32.5481 45.1493 18.4501 32.4175 26.2629 29.63 14.0473 39.9432 23.9964 298.281 232.283 108.62 123.664 93.8865 101.452 46.5662 31.0186 15.5476 26.2154 10.1053 65.9974 67.6583 62.9003
internal_count=31057 6008 3285 2847 2070 2723 1859 787 1072 438 864 678 1139 430 939 928 25049 18961 8679 10282 7206 8314 2595 1854 741 1723 393 6088 5010 4713
is_linear=0
shrinkage=0.05


Tree=98
num_leaves=31
num_cat=0
split_feature=25 7 30 25 33 4 4 33 23 39 11 41 5 7 6 32 7 26 6 4 6 38 19 28 8 11 32 1 35 26
split_gain=0.477428 0.973181 0.80925 0.802767 0.618408 0.515324 0.738599 0.463324 0.461178 0.693984 0.491578 0.459006 0.578619 0.45723 0.448086 0.727325 0.43212 0.43161 0.413289 0.402322 0.396741 0.392679 0.341383 0.331529 0.31067 0.306179 0.30463 0.302265 0.334468 0.299757
threshold=0.32999998331069952 0.32999998331069952 0.41666668653488165 -0.04333332180976867 0.2833333313465119 -0.37666666507720942 -0.46999999880790705 -0.4433333277702331 -0.19666665792465207 0.021959352307021621 -0.090000003576278673 0.041539816185832031 0.20333331823349002 0.17666667699813846 0.13666665554046634 -0.063333332538604722 -0.26333332061767573 -0.18333333730697629 0.32333332300186163 0.38999998569488531 1.0000000180025095e-35 0.031355857849121101 -0.1766666769981384 0.14333331584930423 0.46999999880790716 0.38333332538604742 0.26333332061767584 0.2883333563804627 -0.10333332419395445 -0.13666665554046628
decision_type=2 2 2 2 2 2 2 2 2 2 2 2 2 2 2 2 2 2 2 2 2 2 2 2 2 2 2 2 2 2
left_child=1 5 -3 -4 -2 6 -1 -8 9 23 11 12 27 -13 15 21 29 -6 -14 20 -17 25 -16 -7 -19 -12 -25 28 -10 -9
right_child=4 2 3 -5 17 8 7 16 10 -11 14 13 18 -15 22 19 -18 24 -20 -21 -22 -23 -24 26 -26 -27 -28 -29 -30 -31
leaf_value=-0.0063823284015339602 0.00054542252722185314 -2.6878876217694256e-05 -0.0019930796340633409 0.01607683055582337 0.00034025398405046345 0.0026681769398684933 -0.0013400475704254252 0 0.0035682774501445119 -0.0093765785881141928 0 -0.0021098396856037024 0.0094299071583333026 -0.012288592506347694 0.0025222574876443207 0.014200436503981777 0 -0.013866555725240032 -0.002295233342066686 -0.0022882343737190818 0.001339562658971927 -0.0056583254047003241 -0.0061762443445955387 -0.0089098262893361219 0 0.0094290581046441811 0.0020626387149383445 -0.0087266513578987022 -0.0036596748094401229 0.015698555585723934
leaf_weight=7.4749528998509041 23.039922406431288 17.209627381060272 3.5649982881732312 18.263367729610763 4.7744215563870993 29.697157535236329 8.2618043785914761 6.964793464401736 23.576335645280778 34.137277805712074 39.169192037312314 61.775521634845063 17.902414169162515 12.400761101162059 10.27791087748483 19.102385419188067 14.641787111060696 18.267505777650516 3.7817689224611959 1.9206518533173937 15.985133748035876 15.34170703915879 20.348424625117332 10.385170384775845 5.5374500798061481 5.9659242820926002 2.3505059450399122 7.918015334988012 28.314846014371142 14.451712682377545
leaf_count=394 2484 1494 148 631 508 2330 331 354 1203 2067 2438 2857 686 560 489 819 786 1785 134 140 1204 1438 2128 485 590 225 111 389 1334 504
internal_value=-0.000406624 8.54873e-05 0.00711378 0.0124339 -0.00470285 -0.00061296 0.00367419 0.00642589 -0.0013475 -0.00466112 -0.000289142 -0.00221236 0.000130797 -0.00491561 0.0018558 0.00358081 0.00873699 -0.00901735 0.00642772 0.00855165 0.010001 0 -0.00263955 0 -0.0114236 0.00241571 -0.00553836 -0.00215019 0 0.0125102
internal_weight=502.803 451.184 39.038 21.8284 51.6193 412.146 51.7951 44.3201 360.351 76.5701 283.781 155.67 81.4934 74.1763 128.111 97.485 36.0583 28.5794 21.6842 37.0082 35.0875 60.4768 30.6263 42.4328 23.805 45.1351 12.7357 59.8092 51.8912 21.4165
internal_count=31046 25679 2273 779 5367 23406 2369 1975 21037 4993 16044 7163 3746 3417 8881 6264 1644 2883 820 2163 2023 4101 2617 2926 2375 2663 596 2926 2537 858
is_linear=0
shrinkage=0.05


Tree=99
num_leaves=31
num_cat=0
split_feature=21 24 30 40 39 24 25 19 38 12 11 21 38 38 19 19 20 6 12 26 7 11 8 14 27 39 31 24 41 13
split_gain=0.565531 0.458117 0.453998 0.87007 0.944643 0.43991 0.435344 0.649479 0.487576 0.488697 0.450676 0.467952 0.633348 0.392037 0.38174 0.388151 0.364079 0.323939 0.362948 0.322858 0.374016 0.432735 0.402672 0.33607 0.322579 0.329473 0.353605 0.406601 0.322331 0.311891
threshold=0.3966666460037232 0.38333332538604742 0.42833334207534796 0.11666666716337205 0.029931325465440754 -0.32333332300186152 -0.43000000715255732 0.096666663885116591 -0.10676574707031249 0.27666664123535162 -0.063333332538604722 -0.24333333969116208 0.11001014709472658 0.0096426010131835955 0.13666665554046634 -0.22333332896232602 0.056666672229766853 0.13666665554046634 -0.22333332896232602 0.18999999761581424 -0.056666672229766839 0.11000001430511476 -0.33666665852069849 0.24333333969116214 -0.41666667163372034 0.012149213813245298 0.27666664123535162 -0.22333332896232602 0.029073863290250305 -0.11666667461395262
decision_type=2 2 2 2 2 2 2 2 2 2 2 2 2 2 2 2 2 2 2 2 2 2 2 2 2 2 2 2 2 2
left_child=1 2 6 -4 5 -5 14 10 9 16 11 12 29 -3 15 -1 -9 18 -12 20 22 -22 -10 -24 -2 -26 27 -27 -20 -8
right_child=24 13 3 4 -6 -7 7 8 19 -11 17 -13 -14 -15 -16 -17 -18 -19 28 -21 21 -23 23 -25 25 26 -28 -29 -30 -31
leaf_value=0.0063492578193685327 0.00084116001369878882 -0.0082342796187799046 -0.0045705519355389006 0 -0.0042648891820878864 0.01584157214583411 0.0098963676131785614 -0.009234388123470735 0 0.0088665104162935372 -0.0018315675526597028 -0.0016458222528837549 -0.0061737068384949672 0.0004737029308322245 0.011537502134820833 -0.0049030244503171019 0.0030319362562863435 -0.00090829371159874869 -0.00010090398748286249 -0.0091932942385458405 -0.0039262239089534528 0.006217566202275455 0 -0.013977399173931449 0.0026379882893409973 0 4.0337488505732546e-05 -0.011360490206091894 0.0084200583649216582 0
leaf_weight=8.6466302163898963 12.374001519987358 20.809800558141433 8.0230905660428089 3.4801896628923741 4.1917704413644961 20.432513822568584 22.528572484152399 5.3754222183488327 19.467175636906177 9.7375249145552498 6.2197454774286589 128.74838977749459 3.8928662410471579 14.323635883862151 9.603934330865739 9.8041397305205482 4.2343524529132992 14.45104681374505 6.6427908041514447 27.448565162019804 11.151013409486042 17.155902408296242 5.5520040874835095 9.2343219823669624 2.3652157385367891 7.3551675626076713 6.5676708309911183 31.270069613121454 50.081748906173743 5.0539884485770008
leaf_count=413 325 1736 265 120 125 621 1030 329 1081 379 352 6412 175 1350 497 799 216 1166 589 2200 1303 1761 523 725 134 546 438 1842 3324 420
internal_value=-0.000168043 0.00041421 0.000955216 0.00591745 0.0099219 0.0136012 0.000325927 -0.000131311 -0.00328173 0.00258496 0.00126106 -0.000136924 0.00464336 -0.00452508 0.00574187 0 -0.00314003 0.00425658 0.00578082 -0.0048859 -0.00199223 0.00150508 -0.005297 -0.0101373 -0.00452616 -0.00632723 -0.00753898 -0.0092201 0.00710943 0.00774472
internal_weight=506.223 446.291 411.158 36.1276 28.1045 23.9127 375.03 346.975 109.356 19.3473 237.619 160.224 31.4754 35.1334 28.0547 18.4508 9.60977 77.3953 62.9443 90.009 62.5604 28.3069 34.2535 14.7863 59.9321 47.5581 45.1929 38.6252 56.7245 27.5826
internal_count=31196 27911 24825 1131 866 741 23694 21985 8517 924 13468 8037 1625 3086 1709 1212 545 5431 4265 7593 5393 3064 2329 1248 3285 2960 2826 2388 3913 1450
is_linear=0
shrinkage=0.05


Tree=100
num_leaves=31
num_cat=0
split_feature=18 11 37 17 19 33 33 37 34 8 37 23 19 25 31 8 25 40 25 37 37 5 39 9 28 15 21 18 37 10
split_gain=0.415795 0.391115 0.500832 0.507701 0.495642 0.545788 0.541792 0.784669 1.07384 0.643212 0.566249 0.504109 0.569216 0.583167 0.487152 0.437033 0.528641 0.430017 0.391159 0.427137 0.391888 0.386824 0.527886 0.404688 0.382976 0.43951 0.373957 0.342512 0.334685 0.338244
threshold=0.41000002622604376 0.36333334445953375 0.023048877716064457 0.096666663885116591 0.11000001430511476 0.44333332777023321 0.12333333492279054 -0.017178058624267575 -0.21666666865348813 0.12333333492279054 -0.018912792205810543 0.38999998569488531 -0.29666668176650995 -0.21666666865348813 0.31000000238418585 -0.049999997019767754 -1.0000000180025095e-35 0.096666667610406889 -0.4433333277702331 -0.017178058624267575 0.010866641998291017 0.33666664361953741 0.014848362654447557 0.3966666460037232 -0.37666666507720942 0.22333335876464847 0.35666668415069586 0.043333351612091071 -0.026899814605712887 0.46333330869674688
decision_type=2 2 2 2 2 2 2 2 2 2 2 2 2 2 2 2 2 2 2 2 2 2 2 2 2 2 2 2 2 2
left_child=1 4 3 -3 5 6 10 8 26 -9 14 12 13 -11 17 -12 -17 -1 -6 -20 -21 22 -15 -24 -22 -26 -8 -16 -2 -30
right_child=28 2 -4 -5 18 -7 7 9 -10 11 15 -13 -14 21 27 16 -18 -19 19 20 24 -23 23 -25 25 -27 -28 -29 29 -31
leaf_value=0.0003465742888593184 0 -0.00079358268333353888 -0.0020637564986956663 0.012641453907171744 0.0048272865673551074 -0.0087033200682568018 0.0039882532875171045 0.0082136127793096484 0.014367208151998512 0.0014571010620056959 0.0033965490622257762 0.0045503633625858632 0.001976976734079431 0 0.008890855788092485 -0.0065426050273492686 0.0027572309482786269 -0.0076375683046650935 -0.0076915364830865522 0.0045978328496236037 0.0026661891447341268 0 -0.019540815668513383 0 0 -0.011599980638115194 -0.0076581378752672282 -0.0027323310871615221 -0.010839235040667427 0.00029071854151525395
leaf_weight=15.774215338286011 12.546252439497037 4.5559462651144775 7.7159280746709547 16.197315819328651 6.4894798393361262 7.4796126475557676 9.2382410094141942 15.509151093196122 26.218104699626565 6.7344564998056766 108.80861569591798 14.803205862641333 14.885587092721837 3.839994355337697 6.8604975077323598 24.744657643372193 21.008824697230011 46.123826099792495 38.954879060620442 15.95066088112071 8.4222905132919497 4.1232890724204472 12.539291882421823 3.8551546265371135 12.77964479476214 12.393697211868128 5.826729765161871 3.8349961100611836 16.198910482577052 3.4962120561394832
leaf_count=1090 865 364 688 962 349 289 428 498 1163 250 6018 500 1451 95 296 1440 1126 2831 2682 1460 797 81 365 62 1448 1175 262 150 1640 376
internal_value=4.04798e-05 0.000485903 0.00562598 0.00924109 3.33654e-05 0.000958535 0.00138475 0.00405011 0.00915946 0.000515218 0 -0.00163625 -0.00440443 -0.00795917 -0.00353826 0.00163969 -0.00196471 -0.00538385 -0.0030026 -0.00411132 -0.000319598 -0.0111595 -0.0134525 -0.01646 -0.00362863 -0.00664447 -0.000227713 0.00374163 -0.00492245 -0.008284
internal_weight=507.91 475.668 28.4692 20.7533 447.199 352.208 344.729 117.573 41.2831 76.2901 227.156 60.781 45.9778 31.0922 72.5935 154.562 45.7535 61.898 94.9907 88.5012 49.5463 24.3577 20.2344 16.3944 33.5956 25.1733 15.065 10.6955 32.2414 19.6951
internal_count=31201 28320 2014 1326 26306 18395 18106 5155 1853 3302 12951 2804 2304 853 4367 8584 2566 3921 7911 7562 4880 603 522 427 3420 2623 690 446 2881 2016
is_linear=0
shrinkage=0.05


Tree=101
num_leaves=31
num_cat=0
split_feature=31 37 40 26 27 41 2 41 41 39 29 40 5 20 27 23 29 16 32 29 29 26 6 11 37 36 39 19 40 21
split_gain=0.332785 0.932552 0.867678 0.621908 0.583823 0.588155 0.604571 0.614145 0.559484 0.853373 0.879614 0.547302 0.539369 0.5287 0.454631 0.730562 0.443877 0.415724 0.411066 0.403485 0.413333 0.342903 0.470836 0.380728 0.335953 0.394565 0.335551 0.335233 0.321134 0.30631
threshold=0.44333332777023321 0.012290954589843752 0.096666667610406889 -1.0000000180025095e-35 -0.16333332657814023 0.03232953883707524 -0.17000000178813932 0.033619904890656478 0.041826598346233375 0.027195124886929992 0.24333333969116214 0.22999999672174457 0.1566666662693024 0.23666667938232425 -0.29666668176650995 0.25666666030883795 0.20333331823349002 0.30333334207534796 -0.40333333611488337 0.36333334445953375 0.42833334207534796 0.17000001668930056 -0.20333333313465116 -0.063333332538604722 0.0051107406616210946 0.056666672229766853 0.023676263168454174 -0.18999999761581418 0.043333332985639579 0.23000001907348636
decision_type=2 2 2 2 2 2 2 2 2 2 2 2 2 2 2 2 2 2 2 2 2 2 2 2 2 2 2 2 2 2
left_child=4 2 28 -3 5 12 17 27 9 10 -9 18 -1 -13 -4 -16 -10 19 -6 29 -21 -18 -23 -24 25 -20 -15 -8 -2 -7
right_child=1 3 14 -5 11 6 7 8 16 -11 -12 13 -14 26 15 -17 21 -19 24 20 -22 22 23 -25 -26 -27 -28 -29 -30 -31
leaf_value=0 0.0034832798014350582 0.0026195834008936689 0 -0.012332235572377587 0.0073361705901272114 0.0095087116866755163 -0.016235006396700159 -0.0010238866057200567 0.00017545267035275005 -0.006769317984150528 0.013420944673818875 -0.0060380982286366873 0.010433072953043699 -0.0027087487550428156 0.018041419119666904 -0.00037354942373048146 0.00013773678130811541 -0.0050096004860807272 -0.0068585134905573431 -0.0084602908288734912 0.00456442926434961 0.0025077878368065338 -0.013083368110675543 0 0.0025029906143725928 0.0012789119678389134 0.0053257823165062945 0 -0.0081070497523935033 -6.2753090227848319e-05
leaf_weight=30.086871122941375 3.7706586814019811 7.0553007000125945 5.2177157455589613 6.9612724212929589 12.753305276157333 32.286306622205302 5.0871494575403631 12.35687141143717 35.007297597359866 7.5526231133844695 17.621295340824872 101.24438120180275 22.967258611693978 25.728490077890456 17.293233001371853 3.3651546176988623 7.5579494202975175 3.7953677948098621 28.040511734550819 4.9630072927102429 6.3067556207533926 2.4308766606263843 22.86938783177175 6.1010756803443646 31.560224834131077 15.960174007457679 15.37402082630433 1.8772894360590715 5.647733916528523 4.1937627110164604
leaf_count=1437 107 324 177 478 728 1342 202 715 1810 397 542 9223 939 2224 512 131 212 247 2129 152 114 57 761 479 2540 1577 1059 195 147 164
internal_value=-3.48528e-05 0.00357473 0.00783068 -0.00502793 -0.000523062 0.00121361 -0.000133293 -0.00221937 -0.000739137 0.00359476 0.00759418 -0.00229634 0.00552802 -0.00417712 0.0120391 0.014695 -0.00335552 0.00395804 0.000542953 0.00561559 -0.000670357 -0.00668436 -0.00875347 -0.0106814 -0.000752435 -0.00360759 6.13316e-05 -0.0126793 -0.00229562 0.00796641
internal_weight=503.033 49.3111 35.2945 14.0166 453.722 223.061 170.007 118.462 111.497 37.5308 29.9782 230.661 53.0541 142.347 25.8761 20.6584 73.9666 51.5452 88.3142 47.7498 11.2698 38.9593 31.4013 28.9705 75.5609 44.0007 41.1025 6.96444 9.41839 36.4801
internal_count=31121 1876 1074 802 29245 9765 7389 5370 4973 1654 1257 19480 2376 12506 820 643 3319 2019 6974 1772 266 1509 1297 1240 6246 3706 3283 397 254 1506
is_linear=0
shrinkage=0.05


Tree=102
num_leaves=31
num_cat=0
split_feature=31 1 18 26 11 38 39 38 38 38 39 30 30 39 39 19 16 24 38 7 41 37 40 37 37 37 35 41 5 37
split_gain=0.525884 0.55299 0.497927 0.496491 0.703358 0.496187 0.572459 0.485227 0.822226 0.394748 0.444692 0.678389 0.411184 0.393984 0.601839 0.469822 0.380511 0.817349 0.634359 0.490951 0.369317 0.336493 0.390334 0.334315 0.447674 0.369955 0.374437 0.439757 0.46361 0.35508
threshold=0.46999999880790716 0.32999998331069952 -0.37666666507720942 0.44333332777023321 -0.090000003576278673 0.25636243820190435 0.024719144217669967 0.074775695800781264 0.12359237670898439 -0.080913543701171861 0.029931325465440754 0.096666663885116591 -0.22999998927116391 0.017120812088251117 0.02040062099695206 -0.35000000894069666 -0.3899999856948852 -0.030000001192092892 -0.020665168762207028 -0.12999999523162839 0.062716234475374236 0.014905929565429689 0.096666667610406889 0.0086016654968261736 -0.017178058624267575 -0.033094882965087884 -0.083333343267440782 0.040605081245303161 -0.43000000715255732 0.026220321655273441
decision_type=2 2 2 2 2 2 2 2 2 2 2 2 2 2 2 2 2 2 2 2 2 2 2 2 2 2 2 2 2 2
left_child=1 2 7 4 -4 6 23 16 20 -8 11 -11 -12 -3 15 -15 17 18 -1 -19 -9 22 -2 24 25 26 27 -6 -29 -25
right_child=21 13 3 -5 5 -7 9 8 -10 10 12 -13 -14 14 -16 -17 -18 19 -20 -21 -22 -23 -24 29 -26 -27 -28 28 -30 -31
leaf_value=1.6516617477433123e-05 0 0.00056897446103157834 -0.0044477358355242292 0.0056655635721207243 0 0.011032353390590818 0 0.016706721227206345 -0.00022098992321036454 -0.017289555076876777 0.0072168350041996029 0.00018733338215729168 -0.0063879454191111519 -0.020689315853224453 -0.0015160054472927989 -0.0005649705957827244 0.0052925659603389706 -0.0054799453193878044 -0.013398861986841874 0.0059004281162522536 0 -0.00032934117797581088 0.011967311958556345 -0.0062120216772143105 0.0091841171243674229 -0.0051034933247172962 -0.0010917764331837912 -0.00061772464864604383 0.014521618456202718 0.0016027442126268791
leaf_weight=9.9367038211785275 5.9281222606077852 21.4780160614755 100.64060770347714 22.103977288352326 9.295838817721231 4.7618259880691758 19.549556856974959 13.397328646853571 12.892406432656569 10.184123125160115 4.7100188552867621 4.1717227131593964 5.521685080486348 5.301102263852953 36.891584289958701 8.1058761645108444 26.298824271885678 5.5602373448200515 12.738409707788376 29.678650581743568 4.8449269791599354 7.3971709623001507 15.941880260827018 16.401325520360842 20.776339693227783 11.961251216824165 17.776655077468607 2.3161051692441097 11.250221181428058 28.856647085398436
leaf_count=312 136 1468 7804 900 562 270 1170 313 303 887 196 337 409 126 2715 832 1064 125 274 680 114 424 475 1546 1804 1032 1462 101 525 2884
internal_value=0.00022016 -0.000162285 0.000516786 -0.000524358 -0.00123856 0.00063232 0 0.00323928 0.00809956 -0.00456252 -0.0081477 -0.0124245 0 -0.00406512 -0.00633773 -0.0137467 0.000746051 -0.00123041 -0.00787478 0.00296249 0.0136105 0.00613369 0.00881701 0.00176317 0.0038178 0.000548231 0.00319029 0.00692084 0.0112624 -0.00113721
internal_weight=506.669 477.402 405.625 290.278 268.174 167.533 162.771 115.347 31.1347 44.1371 24.5875 14.3558 10.2317 71.7766 50.2986 13.407 84.2128 57.914 22.6751 35.2389 18.2423 29.2672 21.87 118.634 73.3764 52.6001 40.6388 22.8622 13.5663 45.258
internal_count=31250 30215 25074 21889 20989 13185 12915 3185 730 2999 1829 1224 605 5141 3673 958 2455 1391 586 805 427 1035 611 9916 5486 3682 2650 1188 626 4430
is_linear=0
shrinkage=0.05


Tree=103
num_leaves=31
num_cat=0
split_feature=24 31 10 38 31 33 21 6 30 36 32 37 20 32 24 24 25 21 20 17 5 34 40 31 26 10 5 10 26 4
split_gain=0.533723 0.53313 0.481052 0.430531 0.508507 0.426562 0.444939 0.275637 0.759651 0.616581 0.47865 0.71714 0.51522 0.45793 0.386297 0.340138 0.378117 0.469757 0.451289 0.348112 0.484134 0.514792 0.346964 0.341849 0.320191 0.402477 0.541329 0.266009 0.262416 0.290864
threshold=0.40333333611488348 -0.45666666328907007 -0.1766666769981384 0.08272790908813478 0.46999999880790716 0.3966666460037232 0.43000000715255743 -0.19666665792465207 0.24333333969116214 -0.069999992847442613 -0.063333332538604722 0.024729728698730472 0.26999998092651373 -0.069999992847442613 0.29666668176651007 -0.15666666626930234 -0.29000000655651087 -0.24333333969116208 -0.090000003576278673 0.12333333492279054 -0.32999998331069941 0.069999992847442641 0.51999998092651378 0.18333333730697635 0.48333334922790533 -0.023333340883255001 0.37000000476837164 0.36333334445953375 -0.31666666269302363 0.030000001192092899
decision_type=2 2 2 2 2 2 2 2 2 2 2 2 2 2 2 2 2 2 2 2 2 2 2 2 2 2 2 2 2 2
left_child=1 2 -1 4 -2 6 -4 8 13 -10 11 27 28 15 24 16 18 -18 -3 -17 -21 -22 23 -19 25 -14 -27 -9 29 -12
right_child=3 7 5 -5 -6 -7 -8 10 9 -11 12 -13 14 -15 -16 19 17 22 -20 20 21 -23 -24 -25 -26 26 -28 -29 -30 -31
leaf_value=-0.0038919729841719246 -0.010369918182196035 0.011921289473470265 0.01489655016214151 0.0023926880353155522 0.0037866845207821243 0 0 -0.0096833974879529418 -0.0019722469077308297 0.012970362702349048 0.001713245311937409 0.0016265912117831118 0 0.008865988697689911 0.0029420122757401563 -0.00576808186688997 -0.0082398533973684959 0 0 -0.0041761475922043835 -0.0015296500100151745 0.011559266011867318 -0.0027833012324515972 0.0117948071918756 0.0019721737764388635 -0.012561225159396606 0.00085749962373423284 0 0.0024925386916473361 -0.0070709656729338009
leaf_weight=3.0960372965782907 25.587781332083981 9.8528947418089974 15.098786951275548 5.9103654973441726 1.7670752180274565 7.6760202667210242 4.9365577204152933 34.950787017587572 4.139172621304172 16.794249395141378 9.7564165818039346 20.389159833081067 17.81845517759211 7.5295895950403056 9.9130783749278617 41.654562040697783 9.5354129669722187 6.7905702996067721 11.118474024115129 17.955481278942898 6.8511984182987389 9.3494749816600216 8.9112200394738448 6.6628933446481824 5.1126459203660479 24.310287385946147 4.643704643007367 3.0045291897840789 141.7461032664869 11.238485092762856
leaf_count=141 2472 459 437 574 93 317 114 2567 119 649 827 1463 1125 193 593 2553 675 485 657 776 487 454 726 299 104 1459 354 185 8874 884
internal_value=0 0.000470474 0.00625127 -0.0055941 -0.00818925 0.0086171 0.0117093 0 0.00163016 0.00930638 -0.000940537 -0.00475009 3.87623e-05 0 -0.00353149 -0.000777042 0.00191082 -0.000967799 0.00645767 -0.00295983 0.000192479 0.00598049 0.00233847 0.00682821 -0.00537695 -0.00678689 -0.0099161 -0.00849878 0.00162003 -0.00258931
internal_weight=504.101 470.836 30.8074 33.2652 27.3549 27.7114 20.0353 440.029 157.145 20.9334 282.884 58.3445 224.539 136.212 61.7982 128.682 52.8715 31.9001 20.9714 75.8107 34.1562 16.2007 22.3647 13.4535 51.8851 46.7724 28.954 37.9553 162.741 20.9949
internal_count=31115 27976 1009 3139 2565 868 551 26967 8532 768 18435 4215 14220 7764 3635 7571 3301 2185 1116 4270 1717 941 1510 784 3042 2938 1813 2752 10585 1711
is_linear=0
shrinkage=0.05


Tree=104
num_leaves=31
num_cat=0
split_feature=25 9 9 32 32 5 19 17 41 4 33 33 17 19 1 35 31 41 36 39 39 21 8 37 11 8 38 41 1 1
split_gain=0.414592 0.560722 0.57462 0.595835 0.514527 0.709293 0.709176 0.664497 0.503414 0.561689 0.455256 0.610606 0.406585 0.394495 0.356843 0.351543 0.33313 0.331404 0.312502 0.759452 0.636261 0.501661 0.504868 0.359429 0.565462 0.59864 0.500413 0.376403 0.340394 0.485894
threshold=0.29666668176651007 0.43000000715255743 0.33666664361953741 0.043333351612091071 0.23666667938232425 0.30333334207534796 -0.19666665792465207 0.38333332538604742 0.054682714864611633 1.0000000180025095e-35 0.2833333313465119 0.46333330869674688 -0.22333332896232602 -0.26333332061767573 -0.35000000894069666 -0.45666666328907007 -0.22333332896232602 0.051068123430013664 0.096666663885116591 0.014736918266862633 0.029931325465440754 -0.16333332657814023 -0.12333333492279051 -0.017433166503906247 0.38333332538604742 -1.0000000180025095e-35 0.077169895172119155 0.1004048138856888 -0.056666672229766839 -0.22333332896232602
decision_type=2 2 2 2 2 2 2 2 2 2 2 2 2 2 2 2 2 2 2 2 2 2 2 2 2 2 2 2 2 2
left_child=1 2 4 -4 5 7 8 18 9 -6 12 14 -2 -3 -12 -9 -11 -5 20 -20 23 -22 -23 24 25 27 28 -1 29 -25
right_child=10 13 3 17 6 -7 -8 15 -10 16 11 -13 -14 -15 -16 -17 -18 -19 19 -21 21 22 -24 26 -26 -27 -28 -29 -30 -31
leaf_value=-0.0091302612753193357 0.0076736113130447623 0.012710457141486746 0.00066620433445138585 -0.013351955955897117 0 -0.010171192835950322 -0.00023647372884940646 -0.00037151567697619813 -0.0012770719970941213 0.016845023685160505 0 0.0019792558803736278 -0.0024236022243515759 0 -0.012988283293722633 0.01070138550338097 0 0 0.01184906889565069 0 -0.0022957934509858688 0.011915406223786909 -0.00021735109191706078 0 0.006406263773178167 0.0025845549932693047 -0.00506550154288447 0.0014070126819318044 -0.00085468208381265891 0.0094016230121230886
leaf_weight=56.015512793790549 8.7157150944694894 10.605325101409109 15.395349307917057 13.226326558971779 4.5917641683481696 9.7930584077257645 26.652271333383396 3.8811756174545762 3.8969917451031497 18.320967255625881 6.9253421640023616 8.1820876521524024 21.599907893338241 12.686989456997251 19.016690444899723 17.407169037032872 4.6547180444467768 4.5602234550751737 11.640918379882349 58.347078387858346 10.026341485790907 17.205174298491329 7.200750962598252 19.814296891447157 3.3295688086654982 9.4635850691702199 33.526723387418315 3.559487327001988 46.45521605736576 19.67687250720337
leaf_count=3356 678 208 838 686 115 748 2311 140 161 386 642 861 2433 981 1815 778 220 262 588 3510 453 788 385 1139 112 553 1974 173 2806 1086
internal_value=0.000274215 0.000876123 0.000340349 -0.005344 0.000967952 8.57789e-05 0.00507388 0.000662117 0.00955684 0.0117876 -0.00322183 -0.00680329 0.00057913 0.00761015 -0.0102074 0.00812868 0.0144717 -0.010453 0 0.00275837 -0.000935075 0.00462098 0.00817702 -0.00216856 -0.00482381 -0.00616751 -0.000207188 -0.0080483 0.00162297 0.00481541
internal_weight=506.374 441.934 418.642 33.1819 385.46 327.343 58.1167 317.55 31.4644 27.5674 64.4397 34.1241 30.3156 23.2923 25.942 21.2883 22.9757 17.7866 296.262 69.988 226.274 34.4323 24.4059 191.841 72.3682 69.0386 119.473 59.575 85.9464 39.4912
internal_count=31186 24757 23568 1786 21782 18589 3193 17841 882 721 6429 3318 3111 1189 2457 918 606 948 16923 4098 12825 1626 1173 11199 4194 4082 7005 3529 5031 2225
is_linear=0
shrinkage=0.05


Tree=105
num_leaves=31
num_cat=0
split_feature=31 38 9 12 25 10 36 39 4 7 41 22 2 40 10 6 41 19 21 10 1 31 31 25 27 29 31 10 10 33
split_gain=0.37105 0.598141 0.612112 0.426853 0.353256 0.554482 0.733049 0.993523 0.665959 0.533002 0.445693 0.54774 0.524277 0.495135 0.454099 0.381039 0.361397 0.339269 0.325541 0.324681 0.423297 0.297242 0.479075 0.536475 0.473265 0.408035 0.393408 0.385312 0.477095 0.355684
threshold=0.47666668891906744 -0.024595737457275387 -0.21666666865348813 0.43666666746139532 -0.016666665673255917 0.26999998092651373 -1.0000000180025095e-35 0.029931325465440754 0.16333335638046267 0.22333335876464847 0.031783290207386024 -0.21666666865348813 -0.076666668057441698 0.81666666269302379 -0.056666672229766839 -0.37666666507720942 0.030537889339029792 0.096666663885116591 -0.12999999523162839 0.35666668415069586 -0.21000000834465024 0.38333332538604742 0.056666672229766853 0.20999997854232791 0.18999999761581424 0.01666665077209473 -0.24333333969116208 0.20333331823349002 0.3966666460037232 0.2833333313465119
decision_type=2 2 2 2 2 2 2 2 2 2 2 2 2 2 2 2 2 2 2 2 2 2 2 2 2 2 2 2 2 2
left_child=3 2 -2 4 5 6 7 10 17 15 -1 14 18 -14 -12 -8 -9 19 -13 20 -7 22 23 24 26 -23 27 -6 -29 -25
right_child=1 -3 -4 -5 21 8 9 16 -10 -11 11 12 13 -15 -16 -17 -18 -19 -20 -21 -22 25 -24 29 -26 -27 -28 28 -30 -31
leaf_value=0.0024962723320661072 0.015296270542668933 -0.0032525650201622944 0 -0.0068579864505434046 0.013295538838421193 -0.0070801356756620458 0 -0.00081448300294815427 -0.0028685106659784264 0.0023564145537432694 -0.014006943243052135 -0.0012820885769564154 -0.0074432003356759459 0.0023353400784195833 0 -0.010178691019307245 0.011037164038306386 0 0.00773468826831121 0.013589914725656172 0.0065086987908362526 0.010632740202201417 -0.0030724712242587836 0.0021483032041132717 -0.0023175090898150531 -0.00054400525690083445 0.00085591942971124837 -0.0023993460665197915 0.0097477232265669473 -0.0044869572057539458
leaf_weight=27.360697486205027 10.393000273033978 6.6874790161382398 8.207521565724166 16.450823823106475 22.584115318953991 3.0756401061080387 6.2443176764063528 2.8013874883763519 20.380620053503662 6.8185384534299365 13.859411559300499 9.238379828399049 31.95659300708212 11.248828128445892 5.8192652068100861 43.869685489567928 17.09240411198698 8.667834179941563 14.472438779193906 13.761371453525497 8.2581742440816033 13.804772916249933 47.992603528662585 33.923514361958951 11.654636698542161 6.3600087086670092 31.552092917496338 13.983682514866816 6.187439690809696 31.224862402770668
leaf_count=1629 136 489 197 1866 599 147 358 124 1079 443 928 533 1970 741 294 2898 852 599 787 492 366 614 4516 2770 938 513 1661 384 144 2083
internal_value=0.000200413 0.0054933 0.00968033 -9.09837e-05 0.000180119 -0.00105264 -0.00238739 -9.80587e-05 0.0030038 -0.00684989 -0.0021793 -0.00399263 -0.00107556 -0.00441489 -0.0103694 -0.00866605 0.00860075 0.00707523 0.00383062 0.00955456 0.000204537 0.00165947 0.000828709 0.00229687 0.00480764 0.00683572 0.00632613 0.0092481 0.00175201 -0.000790721
internal_weight=505.932 25.288 18.6005 480.644 464.193 244.926 190.782 133.849 54.1436 56.9325 113.956 86.5949 66.9162 43.2054 19.6787 50.114 19.8938 33.763 23.7108 25.0952 11.3338 219.268 199.103 151.11 85.962 20.1648 74.3073 42.7552 20.1711 65.1484
internal_count=31150 822 333 30328 28462 14240 11557 7858 2683 3699 6882 5253 4031 2711 1222 3256 976 1604 1320 1005 513 14222 13095 8579 3726 1127 2788 1127 528 4853
is_linear=0
shrinkage=0.05


Tree=106
num_leaves=31
num_cat=0
split_feature=6 32 9 23 20 33 6 11 26 10 10 32 41 30 41 38 6 32 24 27 38 40 40 5 4 13 40 11 36 20
split_gain=0.539307 0.591619 0.961541 0.684168 0.672814 0.781851 0.788357 0.537032 0.511156 0.501712 0.51034 0.477435 0.441337 0.415298 0.412465 0.387323 0.375148 0.324944 0.321453 0.307892 0.292575 0.415926 0.329242 0.310567 0.349538 0.291417 0.290521 0.354995 0.371112 0.282987
threshold=0.030000001192092899 -0.063333332538604722 -0.18999999761581418 0.12333333492279054 -0.26333332061767573 0.030000001192092899 -0.18999999761581418 -0.36333334445953364 0.47666668891906744 -0.24999999999999997 0.11000001430511476 -0.33666665852069849 0.0954544171690941 0.44333332777023321 0.041826598346233375 0.11001014709472658 -0.11666667461395262 0.20999997854232791 -0.25666666030883784 -0.40333333611488337 0.0053477287292480477 0.62333333492279064 0.87666666507720958 -0.063333332538604722 -0.3899999856948852 0.18999999761581424 0.87666666507720958 -0.41666667163372034 0.27666664123535162 -0.46999999880790705
decision_type=2 2 2 2 2 2 2 2 2 2 2 2 2 2 2 2 2 2 2 2 2 2 2 2 2 2 2 2 2 2
left_child=1 4 7 19 11 9 -7 -3 13 20 12 -1 18 15 17 -2 -5 -10 -11 -4 21 23 -22 24 -6 -12 27 28 -15 -13
right_child=8 2 3 16 5 6 -8 -9 14 10 25 29 -14 26 -16 -17 -18 -19 -20 -21 22 -23 -24 -25 -26 -27 -28 -29 -30 -31
leaf_value=0 -0.004851197147480335 -2.5097686666279274e-05 -0.0017718483533274475 -0.012976950049329403 0 0.010696765443833287 -0.0018337163314848704 0.013914629083113068 0 0 0.0051139695284113731 0.00018999455742334224 0.0039002168874897 0 -0.002141917681041309 0.0020721254018506198 0 0.01213001763532792 -0.0095140002756916725 0.0072434687762598735 -0.0058990042167884858 -0.0012679158264660331 0.0049650554840525865 -2.9262591229529451e-05 0.012326305547710789 -0.0044461718179287331 -0.0042738958323256032 -0.00037598464480262432 0.012826622904795039 -0.01057839788007011
leaf_weight=22.319898352958262 138.3334928258555 4.4388967624399838 5.3657129642087993 4.8396926200948682 6.843593864003199 31.110971541376784 12.046983436215667 24.003818942466751 5.3254468408413258 7.3215681416913858 17.776270369067792 1.9641681143548364 2.8348412225022903 5.6448846096172955 8.1211693265940976 14.607124032103455 14.26746619469486 9.3677522987127286 35.650853807339445 23.67383063188754 12.520817513111981 11.354322052327914 3.6567050479352465 4.6290151993744102 18.950701371068135 4.1731368484906843 7.0906565065961322 13.667706120526416 8.4717955605592561 22.44295441894792
leaf_count=1371 11236 156 147 140 237 1831 820 1024 109 504 836 117 126 106 227 1471 678 193 2229 1218 1120 696 319 281 873 298 275 937 174 1405
internal_value=0 0.0013992 0.00499768 0 0 0.00151235 0.00689358 0.0113879 -0.00187857 -0.000375133 -0.00332622 -0.00493105 -0.00620937 -0.00283701 0.00409179 -0.00397941 -0.00594562 0.00836743 -0.00778292 0.00484604 0.00267252 0.00486064 -0.00163717 0.00766634 0.00957859 0.00183759 0.00140997 0.00410191 0.00849919 -0.00902314
internal_weight=502.816 292.186 76.5894 48.1467 215.597 168.87 43.158 28.4427 210.63 125.712 67.7567 46.727 45.8073 187.816 22.8144 152.941 19.1072 14.6932 42.9724 29.0395 57.9552 41.7776 16.1775 30.4233 25.7943 21.9494 34.875 27.7844 14.1167 24.4071
internal_count=31154 16426 3363 2183 13063 10170 2651 1180 14728 7519 3993 2893 2859 14199 529 12707 818 302 2733 1365 3526 2087 1439 1391 1110 1134 1492 1217 280 1522
is_linear=0
shrinkage=0.05


Tree=107
num_leaves=31
num_cat=0
split_feature=9 14 37 9 3 38 30 29 32 28 0 39 41 12 35 32 23 26 38 41 24 15 31 11 37 22 19 18 37 32
split_gain=0.400471 0.528731 0.513227 0.39326 0.77131 0.504709 0.490251 0.552993 0.420292 0.445302 0.658208 0.555069 0.420037 0.417691 0.400861 0.509742 0.367563 0.338454 0.62793 0.474036 0.512936 0.397503 0.440927 0.38936 0.596698 0.351228 0.336391 0.332834 0.370693 0.322826
threshold=0.4499999880790711 0.46333330869674688 0.04901170730590821 0.23666667938232425 -0.14333333075046537 0.0096426010131835955 0.44333332777023321 0.37000000476837164 -0.46999999880790705 -0.41666667163372034 0.26999998092651373 0.017468849197030071 0.041539816185832031 0.42333334684371954 0.38333332538604742 -0.18999999761581418 0.41666668653488165 0.29666668176651007 0.22565650939941409 0.066116258502006545 0.20333331823349002 -0.32333332300186152 0.42333334684371954 -0.31000000238418574 0.014905929565429689 0.13666665554046634 -0.18333333730697629 0.38333332538604742 -0.058026790618896477 0.25666666030883795
decision_type=2 2 2 2 2 2 2 2 2 2 2 2 2 2 2 2 2 2 2 2 2 2 2 2 2 2 2 2 2 2
left_child=3 2 -2 6 5 29 7 8 -1 10 11 -10 -8 -13 15 -6 -9 18 19 21 -21 -11 -23 24 -19 -26 -20 28 -24 -5
right_child=1 -3 -4 4 14 -7 12 16 9 17 -12 13 -14 -15 -16 -17 -18 23 26 20 -22 22 27 -25 25 -27 -28 -29 -30 -31
leaf_value=-0.0078194476259791281 0.011793795472379076 -0.0041949985474398132 -0.0021979273191494032 0.009385311913734963 0 -0.0039141983371519026 0.012168008468498569 -0.010064875269224357 -0.00093911830825279402 0.00085405404462127437 -0.0056266775744784935 0.016670238327721965 -0.00037372072645453451 0 0 -0.01052626827846956 0.0006097568797205845 -0.008331079545443567 0.011953316307785523 0.0068171797955892191 -0.00460335105155935 -0.005278348511115828 -0.0029691210455233315 0.0048194988062480329 0.0095557975515613933 -0.0019711178149896826 -0.00038917759141351884 -0.0051658220197082624 0.008505628458383754 -0.00039041430913345685
leaf_weight=10.150451037799938 16.51492792041973 4.5442508852574965 3.1527900327928355 15.581104611977937 11.341923017986117 13.287068631732835 8.7204570788890106 17.615379921160642 3.8423209760803791 42.367474115919322 2.3507958143018177 11.922901755664496 5.1599330857861778 2.3999406374059609 11.790689643123185 42.873536466853693 5.0856867786496869 12.339592203032227 7.4920365260913968 23.458513655699793 7.1118647404946378 122.78802568197716 3.1646210760809526 56.374986263224855 6.6099181724712235 4.8250947340857238 2.7341524937655759 4.7063907601404926 13.92430629208684 5.724398892838507
leaf_count=617 1023 423 220 782 730 984 161 883 298 1629 150 589 115 137 1066 2629 271 452 201 1478 528 11415 89 2556 183 121 307 175 479 449
internal_value=-0.000471582 0.00500418 0.00858741 -0.000861009 -0.00354538 0.00178542 -3.10975e-05 -0.000508627 0 0.000434831 0.00666065 0.0102876 0.00754251 0.0139175 -0.00660232 -0.0082927 -0.00717487 -1.97527e-05 -0.00108317 -0.00183904 0.00315735 -0.00285839 -0.00410296 0.00257677 -0.00180114 0.00425353 0.00818895 0.00132938 0.00507853 0.00633455
internal_weight=499.956 24.212 19.6677 475.744 100.599 34.5926 375.145 361.264 338.563 328.413 20.516 18.1652 13.8804 14.3228 66.0061 54.2155 22.7011 307.897 227.747 217.521 30.5704 186.951 144.583 80.1496 23.7746 11.435 10.2262 21.7953 17.0889 21.3055
internal_count=31140 1666 1243 29474 6640 2215 22834 22558 21404 20787 1174 1024 276 726 4425 3359 1154 19613 16301 15793 2006 13787 12158 3312 756 304 508 743 568 1231
is_linear=0
shrinkage=0.05


Tree=108
num_leaves=31
num_cat=0
split_feature=32 28 13 16 26 36 9 31 37 35 25 33 37 36 18 34 37 35 38 32 25 29 25 24 36 26 4 26 25 9
split_gain=0.549833 0.568374 0.402643 0.478223 0.90358 0.460924 0.618683 0.454538 0.430948 0.553755 0.484315 0.440098 0.426396 0.472319 0.433132 0.480691 0.421103 0.411941 0.385212 0.382626 0.380279 0.374395 0.36671 0.497426 0.455697 0.447447 0.353621 0.328213 0.401803 0.319966
threshold=-0.46999999880790705 -0.45666666328907007 0.13666665554046634 0.42333334684371954 -0.076666668057441698 0.38999998569488531 -0.26999998092651362 0.35666668415069586 -0.079238414764404283 0.29666668176651007 -0.22333332896232602 0.30333334207534796 0.065215587615966811 -0.1766666769981384 -0.12333333492279051 -0.25666666030883784 -0.012894630432128905 -0.16333332657814023 0.028800964355468753 0.12333333492279054 0.46999999880790716 -0.41666667163372034 -1.0000000180025095e-35 -0.21666666865348813 -1.0000000180025095e-35 -0.18333333730697629 0.33666664361953741 -0.31000000238418574 0.32333332300186163 -0.43000000715255732
decision_type=2 2 2 2 2 2 2 2 2 2 2 2 2 2 2 2 2 2 2 2 2 2 2 2 2 2 2 2 2 2
left_child=-1 20 7 5 -5 6 21 8 10 11 -3 12 13 14 15 -10 -13 -8 -9 -18 -2 -4 23 -15 -25 -24 -21 -11 -29 -23
right_child=1 2 3 4 -6 -7 17 18 9 27 -12 16 -14 22 -16 -17 19 -19 -20 26 -22 29 25 24 -26 -27 -28 28 -30 -31
leaf_value=-0.0086879172933537335 0.012319385523740031 0.0018230179899179641 -0.007386847985074785 0.010860263515742211 -0.0042662894110649689 0.0020542565415325635 -0.015531846635127938 0.0087975529813148368 0.0015265902472717809 -0.0021961065714474395 -0.010560305156125764 0.001145823993064127 0.0050461295679905156 0.0055048371299130389 0.00075169625576761883 -0.0086162092514023136 0 -0.0039490221386633126 -0.002086251544091801 -0.017751908086725651 -0.0013070230310745648 -0.0029992910606736049 -0.002078685674708414 0.00091463252774703614 -0.0065615394396125798 0.0065080563980426916 0 0.0096201406330821346 -0.0003059569030497214 0.0063282832277477934
leaf_weight=12.298710393952204 9.499348276993258 5.9078730167821076 6.197495220461863 11.642704606056215 14.496296447003258 15.256761378841473 14.007432204089126 22.506161419907588 8.5425438669044507 4.0104131880216292 13.194800296798347 7.6067417638842043 36.316149098332971 15.796366601949556 25.688432931201532 37.627940763835795 8.1958542512729782 37.677042763214558 4.0721031781285992 6.5083441303577256 1.6812550935428578 6.1734349299222258 12.999177598161621 28.603271852713071 34.443318225909032 43.881354231387377 3.0754839575383812 29.201109154848382 7.3061916066799304 17.992455134168267
leaf_count=838 581 399 316 549 891 1629 1007 832 315 281 929 400 1847 984 2305 1939 442 4204 402 235 189 390 962 1559 1856 1959 134 1150 443 1202
internal_value=-0.000156941 0.000109226 -0.000158199 -0.00258945 0.00246309 -0.00425294 -0.00576977 0.000645873 1.1051e-05 0.000584845 -0.00621427 -0.000192124 0.000420361 -0.000390881 -0.0035948 -0.00630063 -0.00582852 -0.00881059 0.00628553 -0.00939993 0.00907435 0 0.00120941 -0.00075122 -0.0030229 0.00413701 -0.0140075 0.00564483 0.00728271 0.00299409
internal_weight=502.407 490.108 478.927 123.444 26.139 97.3046 82.0479 355.484 328.905 309.803 19.1027 269.285 243.899 207.582 71.8589 46.1705 25.3864 51.6845 26.5783 17.7797 11.1806 30.3634 135.723 78.843 63.0466 56.8805 9.58383 40.5177 36.5073 24.1659
internal_count=31169 30331 29561 10188 1440 8748 7119 19373 18139 16811 1328 14937 13726 11879 4559 2254 1211 5211 1234 811 770 1908 7320 4399 3415 2921 369 1874 1593 1592
is_linear=0
shrinkage=0.05


Tree=109
num_leaves=31
num_cat=0
split_feature=9 9 17 31 39 32 39 9 38 37 26 37 11 0 37 40 18 25 34 26 26 11 39 29 27 31 31 9 27 8
split_gain=0.497639 0.5493 0.596982 0.659723 0.55307 0.5184 0.506768 1.07522 0.953029 0.501733 0.498565 0.548602 0.645179 0.504566 0.626939 0.497223 0.467521 0.458511 0.432036 0.409668 0.504958 0.372442 0.551251 0.366645 0.336685 0.485457 0.331941 0.348893 0.326284 0.32268
threshold=0.43000000715255743 0.23666667938232425 -0.43000000715255732 -0.40333333611488337 0.029510702937841419 0.056666672229766853 0.029510702937841419 0.030000001192092899 -0.033781528472900384 -0.022171020507812497 0.42333334684371954 0.014905929565429689 0.36333334445953375 0.12333333492279054 -0.017178058624267575 0.88333332538604747 -0.41666667163372034 -0.0099999904632568342 0.030000001192092899 -0.22333332896232602 0.48333334922790533 -0.45666666328907007 0.022874211892485622 -0.29666668176650995 -0.12333333492279051 0.41666668653488165 -0.28333333134651179 0.11000001430511476 0.11000001430511476 -0.26999998092651362
decision_type=2 2 2 2 2 2 2 2 2 2 2 2 2 2 2 2 2 2 2 2 2 2 2 2 2 2 2 2 2 2
left_child=1 2 5 28 21 9 10 8 24 -1 11 12 13 14 29 -2 -13 -12 -14 -7 -21 22 -3 -15 -8 -26 -18 -28 -4 -5
right_child=15 4 3 6 -6 19 7 -9 -10 -11 17 16 18 23 -16 -17 26 -19 -20 20 -22 -23 -24 -25 25 -27 27 -29 -30 -31
leaf_value=-0.00983685498439172 0.0082676770119816615 -0.012893399541975501 -0.013283383008583227 -0.006079911400083262 -0.01210803855479977 -0.00018298510768796717 0.0065524181278552342 -0.0066853088921781812 0.014827027698207039 0.0034305366637694327 -0.00024698922813740364 0.0036610980273894091 0 0.0012054172643119697 0.0061066278099400073 -0.0028296156747306652 0.00037253629777438547 0.009785420032571256 0.01223895340902772 0.014598243450933105 0 0 0.0018668516605417102 -0.007497585655048317 -0.009154353057418475 0.0035230579586266889 -0.0086170544259020487 0 0 0.00049144922067575103
leaf_weight=4.0757634425535825 27.263196730404161 8.9139421049039793 8.284896277356891 22.014750266564079 11.887529699131845 4.3819436668418374 8.0550852960441279 10.065159209305419 18.835439421003684 17.738130652578548 15.750615530414509 7.0249184705317012 6.5892436716239926 8.7787627077195776 31.346024435013533 6.9163555905688545 9.3799925269559008 13.794403444742782 10.814018888166173 17.720608545932922 4.6646890076808623 65.453644547378644 4.3428104661870739 34.319932993734255 9.4680013849865663 6.5411711460910729 57.604174957959913 8.6864680828293768 5.9694099726621053 36.652282556286082
leaf_count=173 1866 222 348 1225 847 143 363 829 906 462 506 198 519 573 2261 408 577 469 544 404 85 4857 102 2591 771 101 4871 836 471 2598
internal_value=0 -0.00048125 0.000312172 -0.000412184 -0.00386877 0.00519467 6.94387e-05 0.00433332 0.00793286 0 -0.000774584 -0.00165753 1.71724e-05 -0.00111993 0.000819602 0.00531268 -0.00478249 0.00459486 0.00784005 0.00919242 0.0115592 -0.00155982 -0.00768473 -0.00528502 0 -0.00329028 -0.00608384 -0.00729833 -0.0091745 -0.00192317
internal_weight=503.333 469.154 378.556 329.975 90.5979 48.5811 315.72 52.9649 42.8997 21.8139 262.756 233.211 150.515 133.112 90.0131 34.1796 82.6956 29.545 17.4033 26.7672 22.3853 78.7104 13.2568 43.0987 24.0643 16.0092 75.6706 66.2906 14.2543 58.667
internal_count=31126 28852 22824 21557 6028 1267 20738 2970 2141 635 17768 16793 10311 9248 6084 2274 6482 975 1063 632 489 5181 324 3164 1235 872 6284 5707 819 3823
is_linear=0
shrinkage=0.05


Tree=110
num_leaves=31
num_cat=0
split_feature=22 7 1 37 27 40 9 39 39 24 38 18 30 6 38 31 38 20 35 39 40 10 0 31 38 20 11 17 39 37
split_gain=0.367309 0.607713 0.534452 0.446647 0.399496 0.548081 0.404556 0.613986 0.813915 0.516694 0.386631 0.364882 0.359024 0.538898 0.354551 0.704952 0.697404 0.435735 0.430366 0.388194 0.332052 0.322477 0.310608 0.307747 0.304879 0.270746 0.263049 0.305864 0.257253 0.235734
threshold=-0.32333332300186152 0.14999997615814212 0.21666666865348819 -0.067180633544921861 -0.4433333277702331 0.21666666865348819 -0.15000000596046445 0.029931325465440754 0.043950838968157775 0.11000001430511476 0.025660514831542972 -0.3899999856948852 0.24333333969116214 -0.21000000834465024 0.011437416076660158 0.36333334445953375 0.078113079071044936 0.30166667699813848 0.26333332061767584 0.022874211892485622 0.79666668176651012 -0.13666665554046628 0.094999998807907118 -0.24999999999999997 -0.14522457122802732 -0.1766666769981384 0.056666672229766853 -0.43000000715255732 0.027195124886929992 -0.062580585479736314
decision_type=2 2 2 2 2 2 2 2 2 2 2 2 2 2 2 2 2 2 2 2 2 2 2 2 2 2 2 2 2 2
left_child=1 3 4 -1 5 -2 7 9 -9 10 -6 -12 21 -14 15 24 17 -16 22 -17 25 -8 -18 -19 -4 -3 27 -23 -7 -26
right_child=2 20 14 -5 6 28 12 8 -10 -11 11 -13 13 -15 16 19 18 23 -20 -21 -22 26 -24 -25 29 -27 -28 -29 -30 -31
leaf_value=0.0016321847598210018 -0.001896530794514145 0.0085807621360241056 0.00030457955732922999 -0.0078651513852340798 0.00089922245167488649 0.011298361813936612 0.0017377421932162384 0.013906194248170765 -0.004051203769855986 0.0056376736947207663 0.00079528128586799172 -0.0095966078828377925 0.0098070607471543864 -0.00027353902533031846 0 0.008901565318697971 0 0.01529624401274339 0.0033375329006574022 -0.0019939501163103788 -0.0028717527000223517 0.0011175977306850131 -0.010870875476954249 0 0 -0.0011684428342567247 0 -0.0075090889710044033 0 -0.009454671346906033
leaf_weight=8.5529362747911346 8.1064040036872012 14.571434291079642 5.7687328327447167 47.1564952111803 40.191456929082051 22.23744270880707 20.228296441724524 16.998104825848717 3.0360756074078372 31.065709833521396 5.8913151165470508 15.780412049498407 10.654639730928464 43.611084265750833 14.459338173503058 7.926824533846232 4.0297716254135656 6.8564805714413524 4.7558433043304822 9.6290795691311342 9.8247903930023295 5.1716605371329925 13.897157273953779 5.8707218244671804 7.7652700911276034 2.8712663969490704 23.937531585572287 44.906847069854848 4.0943862954154602 43.080550669925287
leaf_count=365 257 1187 489 2829 2298 534 1530 682 164 1874 153 1470 396 2455 1093 359 270 224 432 340 760 184 925 490 550 233 2029 3309 127 3027
internal_value=-0.000117244 -0.00307521 0.000443604 -0.005985 0.00163997 0.00637221 0.000794271 0.00301899 0.00991808 0.000767618 -0.0015918 -0.00630828 -0.000787669 0.00207021 -0.00216221 -0.00428163 0.000663819 0.00588508 -0.00464455 0.00287855 0.00212544 -0.00270804 -0.00811288 0.0109336 -0.00696431 0.00602119 -0.00427468 -0.00614814 0.00957057 -0.00817389
internal_weight=502.928 82.9769 419.951 55.7094 295.911 34.4382 261.473 112.963 20.0342 92.9289 61.8632 21.6717 148.51 54.2657 124.04 74.1705 49.8693 27.1865 22.6828 17.5559 27.2675 94.2443 17.9269 12.7272 56.6146 17.4427 74.016 50.0785 26.3318 50.8458
internal_count=31035 5374 25661 3194 17462 918 16544 6641 846 5795 3921 1623 9903 2851 8199 4765 3434 1807 1627 699 2180 7052 1195 714 4066 1420 5522 3493 661 3577
is_linear=0
shrinkage=0.05


Tree=111
num_leaves=31
num_cat=0
split_feature=13 27 31 9 8 32 27 38 41 40 9 30 19 39 32 39 29 32 41 13 5 13 22 17 19 36 10 6 36 13
split_gain=0.413444 0.682438 0.475257 0.385533 0.344678 0.270864 0.686212 0.815241 0.517339 0.48401 0.438937 0.698259 0.457619 0.929184 0.568298 0.509252 0.451624 0.486666 0.447209 0.422322 0.411001 0.358631 0.347298 0.361191 0.339 0.35512 0.334351 0.332792 0.31902 0.317133
threshold=0.40333333611488348 0.30333334207534796 0.48333334922790533 0.1566666662693024 0.46333330869674688 -0.29000000655651087 -0.35000000894069666 0.026465415954589847 0.048316203057765968 0.60333335399627697 0.26333332061767584 0.41666668653488165 -0.3899999856948852 0.024375094100832943 0.11000001430511476 0.028669572435319427 0.37666666507720953 -0.056666672229766839 0.0954544171690941 0.13666665554046634 0.37000000476837164 0.13666665554046634 -0.35000000894069666 -0.43000000715255732 0.01666665077209473 -0.24333333969116208 0.01666665077209473 -1.0000000180025095e-35 -0.023333340883255001 -0.13666665554046628
decision_type=2 2 2 2 2 2 2 2 2 2 2 2 2 2 2 2 2 2 2 2 2 2 2 2 2 2 2 2 2 2
left_child=2 -2 4 -4 5 6 28 8 9 24 11 16 13 -12 -15 19 17 18 21 -14 -13 29 -19 -24 -8 -26 -18 -25 -1 -7
right_child=1 -3 3 -5 -6 10 7 -9 -10 -11 12 20 15 14 -16 -17 26 22 -20 -21 -22 -23 23 27 25 -27 -28 -29 -30 -31
leaf_value=0 -0.0092595535768447076 0.0026739153601213653 0.012655419000581489 -0.00010255432732858194 0.0078459171800324586 -0.0038545586566922801 0 -0.0070459005141502084 -0.0025337340418005718 -0.00019387357631621692 -0.013792799241192824 0.010951622470159336 0.0064457488229178669 0.0096036170367685969 -0.0051304115852256141 -0.0093795673507835256 0 -0.0038108701907323891 0.0062720188870582592 -0.0028664765399904319 -0.00088292222138691462 -0.010193052939730149 0.0089992274151117022 0.0051958353696306431 0.016956874228800607 0 -0.010986929855136196 -8.5214797057542974e-05 0.014059927607807016 0.0023823176633869336
leaf_weight=8.0489233089610952 22.69018141576089 12.525992554146795 8.2827822971157712 3.8070252677425733 8.2761766638141108 51.578574191546068 8.3609122000634688 22.151774203055538 16.322071973700076 11.596542175160719 18.800024468451738 16.455521957483146 21.580137411598116 5.5016791340894988 8.0289881788194162 5.6993938582018009 5.1408726929221329 15.398615209269336 5.1915203905664375 12.715055476641281 4.3428790371399364 13.879844584036617 15.431161105865611 33.376491110189818 10.468304723268377 5.9504883603658518 10.925105383386834 87.705461109755561 9.2819965009111893 21.481844704947434
leaf_count=264 1971 1128 185 160 552 2784 533 1897 1019 838 441 373 1552 118 202 522 321 1120 263 1438 147 1051 463 1572 362 315 532 6711 312 1980
internal_value=0.000103256 -0.00463705 0.000569061 0.00855448 0.000193006 0 0.00227442 0 0.00330333 0.0065003 -0.000686439 0.000148458 -0.00401129 -0.00791999 0.000690362 0 -0.000541877 0 -0.00268937 0.00246005 0.00790317 -0.00386383 0.00179167 0.00273289 0.0098724 0.0131002 -0.00739652 0.00135038 0.00976213 -0.0016629
internal_weight=500.996 35.2162 465.78 12.0898 453.69 445.414 92.181 74.8501 52.6983 36.3762 353.233 280.908 72.3253 32.3307 13.5307 39.9946 260.109 244.044 92.1318 34.2952 20.7984 86.9403 151.912 136.513 24.7797 16.4188 16.066 121.082 17.3309 73.0604
internal_count=31126 3099 28027 345 27682 27130 5540 4964 3067 2048 21590 17317 4273 761 320 3512 16797 15944 6078 2990 520 5815 9866 8746 1210 677 853 8283 576 4764
is_linear=0
shrinkage=0.05


Tree=112
num_leaves=31
num_cat=0
split_feature=3 38 21 39 20 12 36 32 12 16 19 21 39 4 39 24 21 41 41 1 32 41 31 1 26 41 39 32 18 33
split_gain=0.416697 0.614119 0.576539 0.53428 0.639857 0.463932 0.746764 0.456846 0.851294 0.739511 0.501416 0.428123 0.474077 0.405231 0.3859 0.360852 0.394082 0.493447 0.899167 0.518456 0.35419 0.343846 0.339093 0.477237 0.322391 0.338108 0.359055 0.319595 0.316989 0.339931
threshold=-0.26333332061767573 0.0053477287292480477 0.18999999761581424 0.023282317444682125 0.32333332300186163 -0.2766666561365127 0.33666664361953741 0.22333335876464847 -0.2766666561365127 -0.26333332061767573 -1.0000000180025095e-35 0.3966666460037232 0.024719144217669967 -0.36333334445953364 0.022493747994303707 0.35000002384185797 -0.33666665852069849 0.036879267543554313 0.065306726843118681 -0.236666664481163 -0.21666666865348813 0.043367002159357078 -0.28333333134651179 -0.083333343267440782 0.48333334922790533 0.046513013541698463 0.017468849197030071 0.26333332061767584 -0.26333332061767573 -0.29000000655651087
decision_type=2 2 2 2 2 2 2 2 2 2 2 2 2 2 2 2 2 2 2 2 2 2 2 2 2 2 2 2 2 2
left_child=1 15 3 7 -5 6 13 8 14 21 -10 12 22 -3 28 16 -1 20 19 -19 -18 -9 -4 -24 25 26 -13 -7 29 -2
right_child=2 5 11 4 -6 27 -8 9 10 -11 -12 24 -14 -15 -16 -17 17 18 -20 -21 -22 -23 23 -25 -26 -27 -28 -29 -30 -31
leaf_value=0.010415799707751416 0 0.013825100447814468 0.0051441086274957894 -0.0077567022152628968 0.0029845637382319027 -0.0088294101231954879 -0.0083035863840899161 0.013844288444278688 0.0049351513457572549 -0.0020957326383645091 -0.0030404425198562808 0 0.008097716215158068 0 0.002112520178455082 -0.002360060906868073 0.011224004096970108 -0.013064909955530862 0.0079630451367838258 0 0 0 0.0045697968858124721 -0.0044244985385003223 0.0051604283714668095 0.00034026714300253169 -0.0093528790610230006 0.0009462945873192647 0 -0.011766221075081669
leaf_weight=26.619488907745108 3.0545100225135675 6.4338935175910601 22.229987179627642 67.986792108626105 9.9482827703468484 19.687148626893762 3.6832274810876688 10.619034103816377 35.262292173691094 16.919890974415466 28.954752528108656 9.0569901585113275 26.959681122447364 8.5137688948307186 3.1642709095031014 7.7724618809297672 11.604646213352682 10.196278703399004 7.8524046072270712 9.0427531730383652 7.8308867170708245 4.3892941153608254 14.192987934802657 39.389466561377048 5.2544690822251132 20.981748496415094 22.653671518433839 4.6230684345355249 5.2958854155149302 31.879990350455046
leaf_count=1396 135 167 878 4395 622 2053 119 396 2690 1941 2662 510 1544 308 135 533 409 482 313 499 429 210 864 2674 101 1228 1387 592 383 1108
internal_value=-0.00022468 0.00216372 -0.00109354 -0.00277275 -0.00597241 -0.00210773 0.00258192 -0.000641376 -0.0023444 0.00390224 0.00103049 0.00104673 0.0030207 0.00806775 -0.00736332 0.00470709 0.00589589 0.0019396 -0.00172876 -0.00762765 0.00723744 0.0105215 0.000448225 -0.00140222 -0.00201821 -0.00361437 -0.00653176 -0.00632624 -0.00882684 -0.0103611
internal_weight=502.054 123.86 378.194 217.475 77.9351 42.9411 18.6309 139.54 107.612 31.9282 64.217 160.719 102.772 14.9477 43.3947 80.9189 73.1465 46.527 27.0914 19.239 19.4355 15.0083 75.8124 53.5825 57.9469 52.6924 31.7107 24.3102 40.2304 34.9345
internal_count=31163 7300 23863 14677 5017 3239 594 9660 7113 2547 5352 9186 5960 475 1761 4061 3528 2132 1294 981 838 606 4416 3538 3226 3125 1897 2645 1626 1243
is_linear=0
shrinkage=0.05


Tree=113
num_leaves=31
num_cat=0
split_feature=23 6 25 32 1 33 27 31 24 34 27 19 9 39 37 37 14 38 12 18 1 11 27 41 41 7 33 41 21 35
split_gain=0.313972 0.541437 0.49548 0.494154 0.400131 0.375754 0.422512 0.363247 0.575502 0.437204 0.427818 0.419599 0.992703 0.723924 0.676436 0.441007 0.400072 0.389704 0.368881 0.424522 0.366467 0.355765 0.344223 0.343794 0.423479 0.331181 0.312979 0.275327 0.272655 0.27232
threshold=-0.19666665792465207 -0.36333334445953364 0.069999992847442641 -0.4433333277702331 -0.3899999856948852 0.25666666030883795 -0.25666666030883784 0.43666666746139532 -0.25666666030883784 -0.18333333730697629 -0.25666666030883784 -0.37666666507720942 0.24333333969116214 0.022874211892485622 0.01410198211669922 -0.017178058624267575 -0.46999999880790705 -0.037441253662109368 -0.22999998927116391 -0.069999992847442613 -0.18333333730697629 0.20999997854232791 0.24333333969116214 0.052593860775232322 0.028687337413430217 0.043333351612091071 0.35666668415069586 0.062716234475374236 0.11000001430511476 0.26333332061767584
decision_type=2 2 2 2 2 2 2 2 2 2 2 2 2 2 2 2 2 2 2 2 2 2 2 2 2 2 2 2 2 2
left_child=1 3 4 -1 -3 6 -4 11 -9 -10 -11 12 17 14 15 -14 -15 -2 29 -20 28 27 26 24 -22 -23 -6 -21 -19 -13
right_child=7 2 5 -5 22 -7 -8 8 9 10 -12 18 13 16 -16 -17 -18 20 19 21 23 25 -24 -25 -26 -27 -28 -29 -30 -31
leaf_value=-0.0032982475742678145 -0.00082116862859821877 0.00035571498009859232 0.0095768159034596862 0.0063628451344777126 -0.011481701347985806 -0.0049850341694052148 -0.00048142610466021547 -0.0031443719617549183 0 0 0.015571692658296599 -0.0061451380104891413 0 0.0077640683439787854 0 -0.022014614694245479 -0.0037515266640916881 0.0049436674922710413 0.0035725370550681625 -0.0060808777426896287 0 0.0043348448047555469 0 0 0.012419002273877581 -0.0024734861792991719 0 0.00097597173820893285 -0.0056984824833752491 0.0012224746310879723
leaf_weight=14.641825326252727 12.915196564747019 8.6304250583052617 9.445949498331176 24.613428906654008 36.922522895270959 17.073606229620054 18.342498423531651 8.3499916405417007 9.9305302139837313 4.5180919601116356 12.582369225332512 45.017839815234765 4.9578944717068234 9.2928344239480776 6.5920417080633333 4.6375482268631467 6.5885079102590671 5.1382835493423027 49.819285672856495 44.899799241567962 8.5327430050820094 28.780361074954271 7.7551628635264924 14.424093562643973 35.055669480003417 27.400159091339447 2.4230033743660888 9.261316701769827 6.6081101875752211 7.4544014744460574
leaf_count=926 560 460 390 1121 2257 1504 1855 317 522 135 400 2970 143 169 124 118 229 109 3801 4226 200 2069 667 332 757 3244 135 769 139 494
internal_value=-0.000113785 -0.00211637 -0.00408446 0.0022474 -0.00699091 0 0.00329118 0.000612319 0.00502856 0.00842265 0.0121964 0 0.00241692 -0.00413482 -0.0103174 -0.0161207 0.00212549 0.00534805 -0.00125377 0 0.0067948 -0.00173169 -0.00869595 0.00830384 0.0103123 0.00069399 -0.0103697 -0.00448165 0 -0.00465287
internal_weight=502.605 139.848 100.593 39.2553 55.7311 44.8621 27.7884 362.757 35.381 27.031 17.1005 327.376 114.743 32.0688 16.1875 9.59544 15.8813 82.6741 212.633 160.161 69.7589 110.342 47.1007 58.0125 43.5884 56.1805 39.3455 54.1611 11.7464 52.4722
internal_count=31142 9315 7268 2047 3519 3749 2245 21827 1374 1057 535 20453 2880 783 385 261 398 2097 17573 14109 1537 10308 3059 1289 957 5313 2392 4995 248 3464
is_linear=0
shrinkage=0.05


Tree=114
num_leaves=31
num_cat=0
split_feature=31 11 15 28 26 40 41 39 17 25 29 13 11 41 9 24 41 40 39 39 39 37 19 25 9 21 39 22 14 15
split_gain=0.321056 0.590907 0.633966 0.453686 0.32642 0.473974 0.388671 0.392666 0.384223 0.943857 0.637046 0.454157 0.603808 0.631653 0.570042 0.4814 0.477537 0.486616 0.540617 0.655023 0.634735 0.601678 0.440552 0.425171 0.391583 0.350034 0.337199 0.496932 0.441799 0.361202
threshold=0.47666668891906744 0.31000000238418585 0.3966666460037232 -0.29000000655651087 0.44333332777023321 0.1566666662693024 0.064443118870258345 0.02209553308784962 -0.4433333277702331 -0.16333332657814023 0.19666665792465213 -0.31000000238418574 -0.090000003576278673 0.064443118870258345 -0.29000000655651087 0.25000000000000006 0.04948376119136811 0.33333332836627966 0.02040062099695206 0.013664125464856626 0.031014758162200454 0.016635417938232425 0.23666667938232425 0.20333331823349002 0.01666665077209473 0.21666666865348819 0.023282317444682125 -0.04333332180976867 -0.40333333611488337 -0.24999999999999997
decision_type=2 2 2 2 2 2 2 2 2 2 2 2 2 2 2 2 2 2 2 2 2 2 2 2 2 2 2 2 2 2
left_child=4 2 -2 -3 8 -6 7 -7 9 -1 11 14 -13 16 -10 -15 17 18 19 -14 24 -21 -19 -11 -20 -16 28 -28 -12 -30
right_child=1 3 -4 -5 5 6 -8 -9 10 23 26 12 13 15 25 -17 -18 22 20 21 -22 -23 -24 -25 -26 -27 27 -29 29 -31
leaf_value=-0.0048038305781330209 0.0045520090521266312 0.015478143014756866 -0.011862478684007432 0 -0.0024464487561865651 0.011402598608590102 -0.0016453539295848538 0 -0.0044645624950273004 0.01062818311064723 -0.012662140007971282 -0.0052255852660195055 -0.0022426907370612097 0.010139840942823901 0.0088398836990802882 -0.0017752076824773734 -0.0063976442739220986 0.00032407632665948437 -0.007549605503380203 0.017739988504188061 0.0077266606580766858 0 -0.0081373575777807326 0 0.0026444376019378601 0 -0.0066116550874582222 0.0039288171461940623 0.0011289462957764435 -0.006271153422287074
leaf_weight=17.478957791114226 7.5591941280290502 8.0963927630800736 3.5626611679326743 5.3368331233505151 16.53193064359948 21.732891493942589 6.2660899120382956 12.718420699005945 8.8712201884482038 24.102860808372498 17.624338645953685 57.137847882928327 3.906639318913224 19.990230949362743 31.000750197796151 5.5780231705866745 25.13178020529449 31.008233820553869 19.665925620589409 10.776143412105737 11.006762753007932 3.7663088184781364 16.723931191838346 12.015224033268167 6.5268096663057795 15.028075900860129 12.763148606871253 21.347077484009787 21.766940701985732 25.734778542653657
leaf_count=489 250 222 124 220 539 643 231 396 408 542 509 5295 391 1232 1359 472 2063 2859 1078 823 576 451 1529 341 516 625 1016 1618 1291 2987
internal_value=0.000149214 0.0051402 -0.0015603 0.0107432 -0.000117055 0.00317002 0.00600686 0.0080543 -0.000663476 0.00295276 -0.00130043 0 -0.00106806 0.000455575 0.00381768 0.00690515 -0.000892516 0.000494743 0.00368272 0.00945926 0 0.0135567 -0.0027529 0.00744965 -0.00421341 0.00622521 -0.00459361 0 -0.00656301 -0.00266657
internal_weight=500.756 24.5551 11.1219 13.4332 476.201 57.2493 40.7174 34.4513 418.952 53.597 365.355 266.119 211.219 154.081 54.9 25.5683 128.513 103.381 55.6486 18.4491 37.1995 14.5425 47.7322 36.1181 26.1927 46.0288 99.2363 34.1102 65.1261 47.5017
internal_count=31095 816 374 442 30279 1809 1270 1039 28470 1372 27098 19677 17285 11990 2392 1704 10286 8223 3835 1665 2170 1274 4388 883 1594 1984 7421 2634 4787 4278
is_linear=0
shrinkage=0.05


Tree=115
num_leaves=31
num_cat=0
split_feature=10 4 37 33 14 20 38 0 27 34 11 23 25 38 11 30 28 21 22 29 30 27 41 41 4 18 26 4 10 36
split_gain=0.507749 0.838523 0.734753 0.436659 0.515357 0.432861 0.36503 0.356485 0.29706 0.596171 0.530972 0.566286 0.523045 0.514727 0.658484 0.414875 0.37589 0.3962 0.399159 0.391605 0.535046 0.327729 0.321518 0.468832 0.357196 0.328425 0.311385 0.440319 0.300909 0.415239
threshold=0.38333332538604742 0.096666663885116591 0.0086016654968261736 0.46333330869674688 -0.46999999880790705 -0.096666663885116563 0.14305400848388675 0.36833333969116216 -0.14333333075046537 0.18999999761581424 -0.45666666328907007 0.44333332777023321 -0.036666661500930779 0.11386013031005861 -0.049999997019767754 -0.29666668176650995 -0.37666666507720942 0.16333335638046267 0.29666668176651007 -0.48333333432674402 -0.43000000715255732 0.33666664361953741 0.028133865445852283 0.037611998617649085 -0.083333343267440782 -0.023333340883255001 0.14999997615814212 0.2833333313465119 0.30333334207534796 -0.16333332657814023
decision_type=2 2 2 2 2 2 2 2 2 2 2 2 2 2 2 2 2 2 2 2 2 2 2 2 2 2 2 2 2 2
left_child=8 5 3 4 -3 -2 -4 -7 9 10 26 22 15 16 -15 -11 19 18 -18 -10 21 -21 25 -24 -25 -12 -1 -28 29 -14
right_child=1 2 6 -5 -6 7 -8 -9 13 12 11 -13 28 14 -16 -17 17 -19 -20 20 -22 -23 23 24 -26 -27 27 -29 -30 -31
leaf_value=0 0.00042545705716909039 0 0.0095785835767512144 0.0015879460183057304 -0.014712083777401269 0.016288956997968521 -0.0028638819159779701 0 -0.0070997063855514162 0.0066704745028899727 0.0083812588051060174 0.0093355918692566743 0 -0.0030857325544802368 0.010286980092106449 -0.0040172666742432327 -0.007144266399544733 -0.00037100894142882323 1.0870722231280514e-05 0.014199989083306556 -0.00051258883027023214 0 -0.0068813078631811339 -0.0048216543509065511 0.0021002694915277539 -0.0025907358722934565 -0.015369072727105818 0 0 0.012631323908740683
leaf_weight=5.7448556355666396 15.070144086377697 5.20664208382368 10.217784507665781 4.7980114053934804 10.708672872511672 12.532536509446798 1.9032295927172516 3.0315691914875051 4.4041170577984294 7.2015463726129409 10.416441300651057 8.5245302072726172 7.1706715533509877 10.490993060171606 12.085222361492923 21.870215889299288 89.149352484033443 61.499472914030775 15.87995409790892 7.0805900469422323 21.252515244763345 3.8471436956897378 30.55210906569846 20.729557859711349 55.56503450346645 3.3535340374801299 8.6670834203250688 4.0268565695732823 4.5549315931275478 21.277889096876606
leaf_count=127 879 106 756 391 731 577 122 177 200 259 411 393 308 695 1158 881 7673 4832 1329 281 1585 193 1701 1033 2667 249 222 101 193 869
internal_value=-0.000269421 0.00363602 -0.00131387 -0.00687795 -0.0103069 0.0089701 0.0059439 0.0136638 -0.000937129 0.000316346 -0.0012956 0 0.00429231 -0.00218749 0.0038548 0 -0.00306998 -0.00408383 -0.00589515 0.00088303 0.00357435 0.010364 -0.0010879 -0.00222518 0 0.0044693 -0.00805389 -0.0112446 0.00810444 0.00980838
internal_weight=498.813 63.4686 32.8343 20.7133 15.9153 30.6342 12.121 15.5641 435.345 209.655 147.58 129.141 62.0753 225.689 22.5762 29.0718 203.113 166.529 105.029 36.5844 32.1802 10.9277 120.617 106.847 76.2946 13.77 18.4388 12.6939 33.0035 28.4486
internal_count=31099 3739 2106 1228 837 1633 878 754 27360 9414 6904 6454 2510 17946 1853 1140 16093 13834 9002 2259 2059 474 6061 5401 3700 660 450 323 1370 1177
is_linear=0
shrinkage=0.05


Tree=116
num_leaves=31
num_cat=0
split_feature=24 28 17 3 14 27 1 6 1 34 32 10 12 4 15 29 9 37 35 8 10 32 24 36 15 1 22 21 21 15
split_gain=0.336993 0.47708 0.395231 0.426751 0.405769 0.404229 0.383439 0.40632 0.371865 0.358707 0.408665 0.357349 0.350961 0.658385 0.732056 0.424885 0.393274 0.66634 0.432393 0.372349 0.362436 0.320131 0.819715 0.458183 0.362094 0.319282 0.315247 0.310341 0.387127 0.304823
threshold=0.3966666460037232 0.40333333611488348 0.42333334684371954 -0.15000000596046445 0.25666666030883795 0.19666665792465213 0.096666663885116591 0.1566666662693024 -0.43000000715255732 -0.36333334445953364 0.37666666507720953 0.3966666460037232 -0.19666665792465207 -0.32333332300186152 -0.030000001192092892 -0.37666666507720942 -0.1766666769981384 -0.0177617073059082 0.12333333492279054 -0.40333333611488337 -0.45666666328907007 0.096666663885116591 0.056666672229766853 0.14999997615814212 -0.32333332300186152 0.35666668415069586 -0.3899999856948852 0.12333333492279054 0.34333333373069769 0.25000000000000006
decision_type=2 2 2 2 2 2 2 2 2 2 2 2 2 2 2 2 2 2 2 2 2 2 2 2 2 2 2 2 2 2
left_child=1 2 4 8 12 11 -3 -8 -4 10 -9 -6 13 14 26 20 17 -17 19 -19 -14 23 24 27 -23 -11 -1 -15 -29 -2
right_child=29 6 3 -5 5 -7 7 9 -10 25 -12 -13 15 21 -16 16 -18 18 -20 -21 -22 22 -24 -25 -26 -27 -28 28 -30 -31
leaf_value=0 -0.0071988304986854617 0.010278359129434348 0 -0.00060081893289027364 -0.0088742621149603736 0 -0.0056353589214460644 0.012505430822010619 0.014710140260606056 0.0030233648053544942 0 0 0.0027853064630076851 -0.0055854084131711701 -0.0066736304663168287 -0.00032961715649098053 0.00020436892559208233 0 0 0.013451089214971608 -0.008464828412434967 -0.014615837083054984 0.00042007155840372359 0.0046874286885131705 0 -0.0082519772059215495 0.012077202057183177 0.0039552160219927905 -0.0048745105620235452 0.00060384647627014139
leaf_weight=4.0055812543723777 24.473225760273635 14.060119497822596 5.2183520519174635 9.7318827833514643 33.970135447336361 29.10170250153169 9.0026409421116096 9.7589325660373998 6.8850659057497996 8.2179520986974257 5.8834689436480394 9.2735105254687351 3.8850917781237504 40.569797009462491 3.1010640673339358 19.967972981277853 82.769535830360837 2.7280568855349001 5.3246902348473659 25.791545793763362 11.680282481596803 17.084387476556007 19.135219750460237 19.385302514070645 6.9265776886604717 3.9799858385231337 14.520483755040914 24.401167568285018 14.716009510448201 10.762170496629549
leaf_count=106 2140 399 224 758 2520 1916 279 414 291 295 399 764 237 2083 232 1387 6947 220 521 1862 774 636 661 854 585 181 463 1126 640 1183
internal_value=-0.000103624 0.000229509 -0.000304637 0.00535202 -0.000762687 -0.00398446 0.00455124 0.000648758 0.0101322 0.00405847 0.00816492 -0.0067661 0 -0.0015431 0.00531407 0.00172937 0.00277471 0.00589313 0.00968873 0.0118181 -0.00450387 -0.00292744 -0.0063493 -0.000921811 -0.0115825 -0.000789571 0.00948174 -0.0028108 0 -0.00446824
internal_weight=496.312 461.077 410.173 21.8353 388.338 72.3453 50.9031 36.843 12.1034 27.8403 15.6424 43.2436 315.993 163.846 21.6271 152.147 136.582 53.8123 33.8443 28.5196 15.5654 142.218 43.1462 99.0723 24.011 12.1979 18.5261 79.687 39.1172 35.2354
internal_count=31097 27774 25807 1273 24534 5200 1967 1568 515 1289 813 3284 19334 7386 801 11948 10937 3990 2603 2082 1011 6585 1882 4703 1221 476 569 3849 1766 3323
is_linear=0
shrinkage=0.05


Tree=117
num_leaves=31
num_cat=0
split_feature=6 32 37 1 27 16 27 26 22 6 22 37 6 11 27 7 41 37 13 32 26 37 9 5 33 7 39 23 29 5
split_gain=0.312072 0.438412 0.494118 0.423218 0.403026 0.631306 0.53782 0.450172 0.363636 0.351683 0.334038 0.33403 0.332844 0.486111 0.38587 0.382812 0.503608 0.7033 0.438468 0.405583 0.352267 0.344889 0.33304 0.555051 0.707372 0.359291 0.431895 0.351884 0.393032 0.326018
threshold=-0.18999999761581418 -0.056666672229766839 0.031841278076171882 -0.36333334445953364 -0.35000000894069666 0.31000000238418585 0.20333331823349002 -0.083333343267440782 -0.31666666269302363 -0.22999998927116391 -0.049999997019767754 0.012290954589843752 -0.0099999904632568342 -0.056666672229766839 0.26333332061767584 -0.069999992847442613 0.054682714864611633 -0.017433166503906247 -0.0099999904632568342 0.13666665554046634 -0.32333332300186152 0.074579238891601576 -0.12333333492279051 0.31666666269302374 0.17000001668930056 0.44333332777023321 0.014314724598079922 0.38999998569488531 0.18999999761581424 0.22333335876464847
decision_type=2 2 2 2 2 2 2 2 2 2 2 2 2 2 2 2 2 2 2 2 2 2 2 2 2 2 2 2 2 2
left_child=4 2 3 -2 5 8 7 9 -1 -6 -8 -9 13 -3 -15 21 17 18 19 -17 -19 -14 -22 27 -25 26 -26 28 -24 -18
right_child=1 12 -4 -5 6 -7 10 11 -10 -11 -12 -13 15 14 -16 16 29 20 -20 -21 22 -23 23 24 25 -27 -28 -29 -30 -31
leaf_value=0 0.001999702657227057 -0.00035404135052167769 0.0010938812009128513 -0.008965511822418679 -0.0095973121754197449 -0.0042482207223909852 0 0.002711296980163399 0.011106757968820003 0.0016338830977614225 0.0079788105514583939 -0.0037049595142304454 -0.0078936894743874657 0.011907031199458839 -4.2606749116573106e-05 0 0 -0.0075642188551084122 0 0.011667786911376585 0.0057251258988707974 0.0025087802332110706 0 -0.0071002528421298507 -0.0010763766767463911 -9.5465728838693264e-05 0.01301041905782095 0.001545678243975385 -0.010241823181421583 -0.0082803726587916959
leaf_weight=4.7224245646502849 4.2229508082382372 24.740919821895659 17.40069511695765 40.388106996542774 19.72714705881663 5.3723572504241011 25.279779446311295 44.12379445694387 23.76680660340935 2.7474470785818985 22.138249574229121 27.99273382499814 25.75812465581112 13.698217066004874 4.2214884129352859 9.6446481384336931 21.23149279342033 11.310340537922455 18.496936837676913 23.493713473901153 15.516537609277291 3.1959582162089637 12.508340980624778 4.8214769074693349 2.0860043480061057 5.5759791523450977 15.090758244390598 8.54541869740933 22.25531013100408 20.507337066810578
leaf_count=140 295 1029 1268 2918 1318 193 1549 2334 663 206 1374 1778 1703 626 217 575 1414 1003 1944 1009 1072 181 1107 388 120 589 901 313 1207 1725
internal_value=-0.000157162 -0.0011138 -0.0047029 -0.00731955 0.00145009 0.00590497 2.26182e-05 -0.00196499 0.00895044 -0.00729138 0.00423093 0 -8.74283e-05 0.00355993 0.00874224 -0.000980896 0 0.00128523 0.00574924 0.00875686 -0.00102888 -0.00579669 0 -0.00128702 0.0033584 0.00746332 0.0103852 -0.00480046 -0.00697163 -0.00458236
internal_weight=500.581 324.711 62.0118 44.6111 175.871 33.8616 142.009 94.5911 28.4892 22.4746 47.418 72.1165 262.699 42.6606 17.9197 220.038 191.084 149.345 51.6353 33.1384 97.7102 28.9541 86.3998 70.8833 27.5742 22.7527 17.1768 43.3091 34.7637 41.7388
internal_count=31159 21604 4481 3213 9555 996 8559 5636 803 1524 2923 4112 17123 1872 843 15251 13367 10228 3528 1584 6700 1884 5697 4625 1998 1610 1021 2627 2314 3139
is_linear=0
shrinkage=0.05


Tree=118
num_leaves=31
num_cat=0
split_feature=13 27 16 38 9 40 19 1 14 38 41 38 24 32 26 9 6 40 39 15 26 4 19 40 8 16 1 16 30 29
split_gain=0.546178 0.700226 0.394876 0.430819 0.391642 0.627161 0.332618 0.472384 0.65473 0.532657 0.507076 0.467992 0.956476 0.630502 0.504289 0.48644 0.506864 0.519775 0.418388 0.841454 0.764863 0.581002 0.62724 0.593371 0.503919 0.417761 0.410689 0.384764 0.382082 0.360009
threshold=0.40333333611488348 0.43666666746139532 0.45666664838790899 0.031355857849121101 0.43000000715255743 0.88333332538604747 -0.0099999904632568342 -0.16333332657814023 0.31666666269302374 -0.059825420379638665 0.03468179143965245 -0.032514572143554681 -0.1766666769981384 0.25000000000000006 0.2833333313465119 0.38333332538604742 0.17000001668930056 0.089999999850988402 0.014848362654447557 -0.2766666561365127 0.043333351612091071 -0.18500000238418576 -0.2766666561365127 0.55666667222976696 -0.049999997019767754 -0.32333332300186152 -0.22999998927116391 0.19666665792465213 -0.19666665792465207 -0.4433333277702331
decision_type=2 2 2 2 2 2 2 2 2 2 2 2 2 2 2 2 2 2 2 2 2 2 2 2 2 2 2 2 2 2
left_child=2 -2 4 -4 6 -6 11 10 9 -9 28 12 -1 18 27 16 -15 -18 19 -13 24 -22 23 -23 26 -26 -20 -14 29 -8
right_child=1 -3 3 -5 5 -7 7 8 -10 -11 -12 13 14 15 -16 -17 17 -19 20 -21 21 22 -24 -25 25 -27 -28 -29 -30 -31
leaf_value=0.0059889840615479145 -0.0086792463196250797 0.0045095689713144276 0.011895651849170189 -0.0016348008174446134 0.0097425025507145522 -0.0039864183697301313 0 0.0035301409270228623 -0.012607471841388837 -0.0048721109733782433 -0.0018628135582180159 0.010597645564647838 -0.010285624451804544 -0.0014869173280295897 0 -0.0028824470439153434 0 0.014466166545795068 -0.00043736625451005719 -0.0029200162903695467 0.0028115513174156201 -0.00099453629304215355 0.0018841463415717478 -0.013053071248227991 -0.0073646106886423634 0.0034849608469187682 0.0091688906415640214 0.0015806225233668772 0 0.013767780042971503
leaf_weight=19.707120110979304 27.84127862774767 7.190742651000618 10.121904002269728 2.7950676030013701 20.217749287839982 5.1996349170804015 2.5987887352239332 23.771723777987063 13.571310184546745 39.631567116244696 37.561421417747624 21.617953434586525 31.735140327829868 3.4635970713570705 26.587923139799386 3.0654350235126904 5.6969205255154547 24.225998797919601 8.4920609169639629 12.238210833747869 18.522180958651006 24.190567573066801 13.08407839364372 25.009297993499786 10.749528549145909 10.371861693914978 30.568806128576398 2.3847403121180824 8.1267844673711789 10.118327386444436
leaf_count=1276 2451 668 341 274 1058 235 99 1518 1081 4439 2892 627 2662 91 1025 94 174 856 507 1040 713 648 1089 654 331 991 1754 121 792 582
internal_value=0.000352609 -0.00509924 0.000875671 0.00805638 0.000513428 0.00591329 5.68734e-05 -0.00187887 -0.0043865 -0.00132881 0.00113864 0.00105896 -0.00192836 0.00233278 -0.00518078 0.00788435 0.00979616 0.0118283 0.00081395 0.00538008 -0.000287309 -0.00351231 -0.00584083 -0.00832959 0.00359097 -0.00152273 0.00674548 -0.00872077 0.0066861 0.0107307
internal_weight=500.458 35.032 465.426 12.917 452.509 25.4174 427.091 135.38 76.9746 63.4033 58.4053 291.711 80.4149 211.296 60.7078 36.452 33.3865 29.9229 174.845 33.8562 140.988 80.8061 62.2839 49.1999 60.1823 21.1214 39.0609 34.1199 20.8439 12.7171
internal_count=31083 3119 27964 615 27349 1293 26056 11403 7038 5957 4365 14653 5084 9569 3808 1215 1121 1030 8354 1667 6687 3104 2391 1302 3583 1322 2261 2783 1473 681
is_linear=0
shrinkage=0.05


Tree=119
num_leaves=31
num_cat=0
split_feature=22 34 25 15 30 39 19 22 14 4 10 11 37 14 16 29 9 26 10 18 28 41 11 6 14 9 10 29 41 39
split_gain=0.23744 0.565549 0.718777 0.386046 0.435619 0.736189 0.382786 0.361702 0.408215 0.343972 0.287273 0.279898 0.393755 0.268093 0.43443 0.377743 0.363331 0.335249 0.332391 0.261639 0.342871 0.413329 0.380373 0.342232 0.307023 0.298976 0.351272 0.288241 0.476473 0.439122
threshold=-0.21666666865348813 0.37500000000000006 0.20999997854232791 -0.48333333432674402 0.42833334207534796 0.031014758162200454 -0.096666663885116563 -0.25166666507720942 -0.4433333277702331 -0.41666667163372034 0.38333332538604742 -0.40333333611488337 -0.067180633544921861 0.31000000238418585 0.42333334684371954 0.37000000476837164 0.34333333373069769 -0.43000000715255732 0.29666668176651007 -0.43000000715255732 -0.37666666507720942 0.039897613227367408 -0.32999998331069941 0.23666667938232425 -0.43000000715255732 -0.41666667163372034 0.16333335638046267 -0.15666666626930234 0.052593860775232322 0.01617132127285004
decision_type=2 2 2 2 2 2 2 2 2 2 2 2 2 2 2 2 2 2 2 2 2 2 2 2 2 2 2 2 2 2
left_child=7 3 9 -2 13 6 -6 8 10 -3 -1 -10 -13 15 17 18 -17 -15 19 24 -21 23 -23 25 -5 -22 -27 -24 29 -29
right_child=1 2 -4 4 5 -7 -8 -9 11 -11 -12 12 -14 14 -16 16 -18 -19 -20 20 21 22 27 -25 -26 26 -28 28 -30 -31
leaf_value=0.0083706660246357211 -0.0069938329767894923 0 -0.0026574246048798344 0 0.011644660693166935 -0.0064064810578285019 0 -0.0077648528932853017 0.0041442385415403843 0.013703430464592381 -0.0011664114352696083 0.0028648183857170762 -0.004559752750482305 0.0018306990313826125 0.00074012451558284334 -0.0082149933598980856 0.0028524411800355635 -0.010128812038038351 0.0063615015712369287 0.0062608376656762936 0.0019287768522317887 -0.0048302209362972442 -0.0012610112050203421 0.0028602956826085297 0.0091353961868307753 -0.0074542788068744543 0.00073580657569404363 0 0 0.011322802585829508
leaf_weight=12.951136372983457 13.467099443078039 5.7683776400517699 8.5676777162589115 12.700768532231452 19.487798263784505 4.0350794007536015 8.2549612573347968 17.15816283703316 7.7238694038242093 15.521615425357597 4.608383120968937 13.994771966012193 76.560294573311694 1.3338275784626628 17.182564040878788 17.557132850401107 3.2037855598609886 19.18448435200844 19.30328012118116 10.542473170440642 5.7809793450869611 15.159899419406427 23.090731726028018 8.4441925062565115 10.667123950552194 57.236131702316925 8.5636579797137511 6.810482603497813 28.890106558101252 21.258804347831756
leaf_count=289 271 243 721 313 463 158 794 1072 440 668 93 785 6044 84 1040 1017 226 1721 1256 666 425 863 1679 820 334 4189 565 495 1930 1362
internal_value=-0.000153456 0.000459155 0.00644059 -0.000109327 0.000228466 0.0053233 0.00860606 -0.00194867 -0.000542015 0.0107973 0.00514696 -0.00203587 -0.00304669 -0.000347964 -0.00399317 0.000186445 -0.00531628 -0.00817031 0.00091641 0.000134254 -0.000424572 -0.00115868 0.000855973 -0.00373875 0.00460733 -0.00500048 -0.00606776 0.00248506 0.00437621 0.00838777
internal_weight=495.01 362.013 29.8577 332.155 318.688 31.7778 27.7428 132.997 115.838 21.29 17.5595 98.2789 90.5551 286.91 37.7009 249.21 20.7609 20.5183 228.449 209.145 185.777 175.235 95.21 80.025 23.3679 71.5808 65.7998 80.0501 56.9594 28.0693
internal_count=31026 22303 1632 20671 20400 1415 1257 8723 7651 911 382 7269 6829 18985 2845 16140 1243 1805 14897 13641 12994 12328 6329 5999 647 5179 4754 5466 3787 1857
is_linear=0
shrinkage=0.05


Tree=120
num_leaves=31
num_cat=0
split_feature=24 6 32 38 27 7 31 23 38 38 12 5 5 14 41 20 39 25 16 26 5 38 35 32 33 20 31 21 41 39
split_gain=0.316175 0.289341 0.394955 0.812725 0.361027 0.577757 0.465897 0.568843 0.531435 0.520389 0.516565 0.400584 0.715042 0.63544 0.611975 0.587947 0.589867 0.471049 0.468662 0.432698 0.430661 0.430401 0.408002 0.34598 0.554503 0.446818 0.343785 0.465173 0.356959 0.327908
threshold=0.42333334684371954 -0.46999999880790705 -0.41666667163372034 1.0000000180025095e-35 -0.14333333075046537 -0.36333334445953364 0.44333332777023321 0.18333333730697635 0.12359237670898439 -0.014031887054443358 -0.40333333611488337 0.17000001668930056 -0.2766666561365127 -0.40333333611488337 0.055297430604696281 0.44333332777023321 0.025282147340476516 0.19666665792465213 -0.24333333969116208 0.1566666662693024 0.31666666269302374 -0.056524276733398431 -0.25666666030883784 0.13666665554046634 -0.25666666030883784 -0.28333333134651179 0.14999997615814212 0.22333335876464847 0.029942885972559456 0.017543804831802848
decision_type=2 2 2 2 2 2 2 2 2 2 2 2 2 2 2 2 2 2 2 2 2 2 2 2 2 2 2 2 2 2
left_child=1 -1 3 29 11 26 8 9 10 -8 -7 12 23 19 15 16 17 -13 -15 -14 -17 -20 -21 24 -4 -26 -6 28 -28 -3
right_child=-2 2 4 -5 5 6 7 -9 -10 -11 -12 14 13 18 -16 20 -18 -19 21 22 -22 -23 -24 -25 25 -27 27 -29 -30 -31
leaf_value=-0.00542929368365027 -0.0048643161582795245 0 0 -0.0036197145249057972 0 0.004232140881675602 0.0149245358219195 -0.0029721077037638531 0.0060412530015394508 -0.00047105426932844805 -0.0034580911269355454 0.013728584092508317 0.00066921449307656212 0.0048144285300491972 -0.0030911376844661824 -0.011014923589459439 0 0.00020480850241835319 0.0025710305984753099 0.00052445733074101041 0.0032445462563698551 -0.0061735240683819421 -0.011243923609984519 -0.0021976360454604538 0 0.014322636630613473 0 0.00048690734752999173 -0.016313126387440504 0.01360800764963694
leaf_weight=13.451923048589377 24.006668427842669 4.2919158695731374 10.96472735586576 8.26679500332102 12.482508456101643 18.335485910531133 10.311953504802659 4.8088989760726681 15.934475839138029 3.3164858469972396 122.82246890070383 30.992797001032159 8.5184128559194487 33.229570074239746 13.828412299975751 2.9190012265462419 12.726991748204453 12.708585353102533 15.614464493235571 3.8647412881255176 4.4567470028996468 26.067726660636254 26.312324768397957 4.351174658862873 4.4440895235165945 16.790517862187702 2.6597232986241606 3.0903477193787685 11.510526350932194 14.840605971170588
leaf_count=764 2505 223 416 752 980 779 218 211 1165 308 11731 1171 211 1282 705 116 579 647 819 85 172 2107 700 239 176 615 136 145 541 649
internal_value=5.41885e-05 0.000413133 0.000705049 0.00598048 0.000237175 -0.00119724 0 0.00642192 -0.000980897 0.0109056 -0.00215747 0.00163429 0 -0.00189754 0.00440918 0.00651886 0.00831926 0.0107983 0.000574311 -0.00667691 -0.00293925 -0.00246212 -0.0092087 0.00564713 0.00754036 0.0114301 -0.00699164 -0.0105861 -0.0136669 0.0109971
internal_weight=497.921 473.914 460.462 27.3993 433.063 205.273 175.53 18.4373 157.092 13.6284 141.158 227.79 150.158 113.607 77.6325 63.8041 56.4284 43.7014 74.9118 38.6955 7.37575 41.6822 30.1771 36.5505 32.1993 21.2346 29.7431 17.2606 14.1702 19.1325
internal_count=31147 28642 27878 1624 26254 16214 14412 737 13675 526 12510 10040 6650 5204 3390 2685 2397 1818 4208 996 288 2926 785 1446 1207 791 1802 822 677 872
is_linear=0
shrinkage=0.05


Tree=121
num_leaves=31
num_cat=0
split_feature=26 33 39 41 16 10 9 39 38 41 11 5 39 11 39 10 36 21 39 39 2 40 30 38 14 41 2 40 36 13
split_gain=0.454035 0.423119 0.509416 0.382671 0.419304 0.321906 0.321116 1.16955 0.744064 0.607364 0.558255 0.514214 0.532998 0.499481 0.405136 0.686929 0.555947 0.535805 0.438755 0.729632 0.404819 0.4053 0.386697 0.382019 0.464098 0.374982 0.358616 0.353851 0.337565 0.330887
threshold=0.44333332777023321 -0.25666666030883784 0.029095132835209373 0.060043040663003928 -0.46999999880790705 0.46999999880790716 -0.13666665554046628 0.029510702937841419 -0.033781528472900384 0.033839162439107902 -0.30333334207534784 -0.33666665852069849 0.023863454349339012 0.3966666460037232 0.029510702937841419 -0.056666672229766839 0.096666663885116591 -0.12999999523162839 0.014045588206499817 0.022834103554487232 -0.016666665673255917 0.10333333536982538 -0.46999999880790705 -0.033781528472900384 -0.46999999880790705 0.031524809077382095 -0.10999999940395354 0.64333331584930431 -0.29666668176650995 -0.31000000238418574
decision_type=2 2 2 2 2 2 2 2 2 2 2 2 2 2 2 2 2 2 2 2 2 2 2 2 2 2 2 2 2 2
left_child=5 -2 3 4 -3 6 7 9 -9 25 -10 13 -13 22 16 -16 17 -8 -18 -20 -21 -22 -11 24 -17 27 -27 -1 -19 -24
right_child=1 2 -4 -5 -6 -7 14 8 10 11 -12 12 -14 -15 15 23 18 28 19 20 21 -23 29 -25 -26 26 -28 -29 -30 -31
leaf_value=0.0026569965400209516 -0.0054196599944429319 0 -0.0033292004450448153 -0.00010401859700730281 0.011286725840454264 0.0058314600311065619 0.0015755972531511125 0 0 0 0.018040572236252495 0.0011246749548723348 -0.0082406969139758573 0.0012507088005768948 0.0026504493857377812 0.0068236629088499106 0.0074827265945060289 0.00041143183824731062 -0.0033159899225679345 0 0 0.012551707869518492 0 -0.015909442386100838 -0.0066945621764494413 0.012863519231472664 0 -0.0067177045261533654 -0.0071411962759961953 -0.016470891434009562
leaf_weight=25.621159989386797 3.3488842428196213 8.1297612413763982 6.7953702898230395 7.8178934967145315 32.823659373214468 12.412463661283253 25.793455224018544 17.619559538317844 2.5667806428391478 2.9255736034829232 12.619411598192526 58.090708103845827 13.126865474740042 3.9647098369896403 7.9603047926211721 2.9304380714893332 16.805836902582087 10.375099047087131 63.868506957427599 17.560200245119631 4.3935698410496142 13.557020544307305 2.5347196813672861 11.118389894952998 11.797197939828038 7.7789171575568616 7.6045135115273279 8.6560939706396294 62.920539572951384 14.443112059496336
leaf_count=1558 126 147 260 278 1054 886 1858 865 105 133 571 4041 933 176 540 49 1074 730 5062 1144 360 868 89 830 989 366 523 627 3954 995
internal_value=2.47657e-05 0.00397566 0.00542095 0.00732771 0.00911085 -0.000495683 -0.000815872 0.000695185 0.00850061 -0.00117595 0.0148377 -0.00355965 -0.000783986 -0.00918343 -0.00198202 -0.00674639 -0.000958207 -0.00366683 0.00121388 0 0.00504329 0.00929187 -0.0120353 -0.0103796 -0.00160202 0.00283071 0.00804349 0 -0.0058066 -0.0143305
internal_weight=497.961 58.9156 55.5667 48.7713 40.9534 439.045 426.633 177.552 32.8058 144.746 15.1862 95.0857 71.2176 23.8681 249.081 33.8063 215.274 99.0891 116.185 99.3793 35.5108 17.9506 19.9034 25.846 14.7276 49.6607 15.3834 34.2773 73.2956 16.9778
internal_count=31191 1865 1739 1479 1201 29326 28440 10982 1541 9441 676 6367 4974 1393 17458 2408 15050 6542 8508 7434 2372 1228 1217 1868 1038 3074 889 2185 4684 1084
is_linear=0
shrinkage=0.05


Tree=122
num_leaves=31
num_cat=0
split_feature=10 4 41 39 41 22 31 38 40 11 40 5 0 30 22 4 27 38 11 40 26 41 32 4 15 41 38 27 15 36
split_gain=0.266558 0.954842 0.592622 0.545254 0.558422 0.374248 0.363445 0.732665 0.613629 0.796097 0.460384 0.536553 0.500042 0.43472 0.530406 0.430452 0.339733 0.718266 0.424954 0.448821 0.359973 0.506397 0.464003 0.479904 0.535029 0.52407 0.485555 0.441799 0.425909 0.3712
threshold=0.36333334445953375 0.23666667938232425 0.036879267543554313 0.029095132835209373 0.081054996699094786 0.31666666269302374 0.35000002384185797 0.031355857849121101 0.096666667610406889 0.32999998331069952 0.91000002622604381 0.35000002384185797 0.38999998569488531 -0.25666666030883784 -0.21666666865348813 -0.11666667461395262 -0.030000001192092892 0.11386013031005861 -0.056666672229766839 0.72333335876464855 0.01666665077209473 0.03232953883707524 -0.29000000655651087 0.056666672229766853 -0.43000000715255732 0.084334231913089766 0.0053477287292480477 -0.35000000894069666 -0.31000000238418574 -0.18333333730697629
decision_type=2 2 2 2 2 2 2 2 2 2 2 2 2 2 2 2 2 2 2 2 2 2 2 2 2 2 2 2 2 2
left_child=6 2 -2 4 -4 -3 16 8 9 15 11 12 13 14 -10 -8 20 -18 -19 -20 -1 28 27 25 26 -24 -25 -23 -22 -26
right_child=1 5 3 -5 -6 -7 7 -9 10 -11 -12 -13 -14 -15 -16 -17 17 18 19 -21 21 22 23 24 29 -27 -28 -29 -30 -31
leaf_value=0.0057637155029139952 0 -0.0074965534469406785 0.016820459758265523 0 0 0.0014946187379365895 -0.014344234563518982 -0.0064511589957567022 0 0.0062166368990058726 -0.0021450380813872612 -0.0023518774401809148 -0.00042927954822253754 0.0023931924594699709 0.020000895654337322 0.00012682501355656516 -0.0046876555516025291 -0.0013216510470003382 0.015304976653207398 0 0.0074743025482575569 0.0092756475710329897 -0.0083432158920620104 -0.011846477538025164 -0.0027220351494966501 0.0031868287043236633 0.00019688115535330481 -0.0013480713763861377 -0.00073529114092812031 0.0055391514707201529
leaf_weight=18.342240206198767 18.664219931466505 17.375477864756252 17.946404193528004 6.7106009856797746 2.6534109341446301 12.479247829644008 6.882534286007286 11.992346484563312 6.6297842634376165 7.4865845316089681 5.2084567442070684 3.9743776721879831 4.6268952593673012 16.145515209995217 16.236962608527385 3.0986661578062931 116.50446704274509 8.3669757896568644 5.3398381994338688 3.6763806384988129 23.678643630817533 9.642643828410657 51.845111036091112 9.7734078583307582 12.379855532664804 5.1338308844715348 9.4416683667805028 14.758732878137378 21.576254813466221 30.809979507233948
leaf_count=750 971 1188 963 291 175 792 233 1394 196 206 222 247 162 733 424 122 11240 523 471 348 656 288 2700 291 758 240 208 954 1668 1811
internal_value=0 0.00263133 0.00698294 0.01098 0.0142205 -0.0034198 -0.000482056 0.00229399 0.00450375 -0.00212184 0.00711273 0.00871846 0.0103927 0.0121178 0.0161933 -0.00992642 -0.00125144 -0.00315584 0.00460994 0.010108 0 -0.000684087 -0.00223637 -0.00360562 -7.24174e-05 -0.00670276 -0.00629858 0.00302984 0.00344456 0.00261976
internal_weight=499.382 75.8294 45.9746 27.3104 20.5998 29.8547 423.552 82.2821 70.2898 17.4678 52.822 47.6135 43.6392 39.0123 22.8667 9.9812 341.27 133.888 17.3832 9.01622 207.382 189.04 143.785 119.384 62.4049 56.9789 19.2151 24.4014 45.2549 43.1898
internal_count=31225 4380 2400 1429 1138 1980 26845 3939 2545 561 1984 1762 1515 1353 620 355 22906 12582 1342 819 10324 9574 7250 6008 3068 2940 499 1242 2324 2569
is_linear=0
shrinkage=0.05


Tree=123
num_leaves=31
num_cat=0
split_feature=21 41 30 40 30 39 41 31 37 38 38 38 31 40 21 6 19 31 21 21 32 37 26 37 27 24 17 40 5 19
split_gain=0.308594 0.474997 0.343071 0.52205 0.327442 0.81318 0.746842 0.719013 0.65617 0.618472 0.539796 0.705301 0.490945 0.48152 0.465587 0.389749 0.388516 0.692487 0.378797 0.400139 0.362499 0.319676 0.313176 0.297493 0.318271 0.422498 0.307796 0.448857 0.296175 0.292401
threshold=0.3966666460037232 0.04948376119136811 0.46999999880790716 0.11666666716337205 -0.30333334207534784 0.01684230845421553 0.036879267543554313 -0.063333332538604722 -0.022171020507812497 -0.032514572143554681 -0.083765983581542955 0.061621665954589851 0.29000002145767217 0.50999999046325695 -0.33666665852069849 -0.26999998092651362 0.29666668176651007 0.4499999880790711 -0.35000000894069666 0.23000001907348636 -0.31666666269302363 0.03015851974487305 0.48333334922790533 0.029827117919921878 0.030000001192092899 0.01666665077209473 -0.22333332896232602 0.77666664123535167 -0.15000000596046445 0.43666666746139532
decision_type=2 2 2 2 2 2 2 2 2 2 2 2 2 2 2 2 2 2 2 2 2 2 2 2 2 2 2 2 2 2
left_child=2 22 4 -4 5 -1 10 9 12 18 -7 29 -8 14 -11 -14 17 -9 -6 20 -20 -10 -2 26 25 -25 27 -15 -29 -12
right_child=1 -3 3 -5 7 6 8 16 21 13 11 -13 15 23 -16 -17 -18 -19 19 -21 -22 -23 -24 24 -26 -27 -28 28 -30 -31
leaf_value=-0.0052844456018842816 -0.0075677688712346746 0.0022020635363029922 -0.0036236790829345315 0.010145834206898212 0.0038327031392285066 0 -0.0019433259879106061 -0.0027610627370716341 -0.009665034582646741 -0.0013400528947541217 0.017730154155454893 0 0.01412552674386898 -0.0002264222872226219 0.0082890501439808195 0 -0.0083146900179176166 0.0083801891093246081 0.00024439153454489083 0.0011345396741104248 -0.01020752050343063 0 0.0018517036974111155 -0.0126207151094508 0.0019062805517751494 0 -0.0013071221840547454 0 0.012906357434782382 0
leaf_weight=16.645848243264481 36.07813057594467 18.875176619039848 3.2625932497903731 15.399035101989282 8.1584824128076416 6.041564827784895 6.5225007855333414 118.13367804558948 10.070898914011197 8.7743763352045772 19.101558791473515 5.8685727552510789 9.5005335365422052 12.17937248083763 51.60031404485926 5.0843060004990539 24.078409276902676 9.0879514238331449 5.0166805335320523 10.333671977976335 23.102372898370962 10.80518424278125 3.660206025466322 7.8144682182464766 6.6500193758402011 6.3858071053400636 18.445386502775364 4.8617040829267397 11.647616398055103 2.2919563548639408
leaf_count=1411 2173 1061 123 474 599 202 527 9452 721 519 912 581 219 408 2331 149 2301 316 280 701 1819 818 75 290 504 232 1258 201 343 85
internal_value=0.000134122 -0.00302991 0.000650384 0.00642887 0.000246311 0.00282122 0.0051787 -0.000441824 0 0.00162783 0.0101475 0.0127376 0.00588365 0.00346953 0.00651835 0.0101446 -0.00296499 -0.00143596 -0.00278599 -0.00508044 -0.00789502 -0.00511091 -0.00602448 0.000115016 -0.00383284 -0.007526 0.00256751 0.00557459 0.00988441 0.016167
internal_weight=495.478 58.6135 436.865 18.6616 418.203 91.9329 75.2871 326.27 41.9834 174.97 33.3037 27.2621 21.1073 128.359 60.3747 14.5848 151.3 127.222 46.6112 38.4527 28.1191 20.8761 39.7383 67.9844 20.8503 14.2003 47.1341 28.6887 16.5093 21.3935
internal_count=31085 3309 27776 597 27179 5625 4214 21554 2434 9485 1780 1578 895 6086 2850 368 12069 9768 3399 2800 2099 1539 2248 3236 1026 522 2210 952 544 997
is_linear=0
shrinkage=0.05


Tree=124
num_leaves=31
num_cat=0
split_feature=31 37 9 7 12 12 38 3 19 39 39 41 37 26 38 37 39 30 38 37 9 41 31 39 39 16 28 12 38 10
split_gain=0.323701 0.575657 0.366522 0.357706 0.338641 0.390146 0.425642 0.466459 0.398336 0.384173 0.916508 0.813691 0.466125 0.723107 0.675648 0.595395 0.820765 0.590494 0.565103 0.549978 0.427411 0.392991 0.375969 0.350428 0.544117 0.390774 0.390245 0.345486 0.356494 0.335162
threshold=0.46999999880790716 0.0086016654968261736 0.16333335638046267 -0.4433333277702331 0.40333333611488348 0.20999997854232791 0.061621665954589851 -0.12999999523162839 -0.30333334207534784 0.024719144217669967 0.029931325465440754 0.041539816185832031 0.01410198211669922 0.32999998331069952 -0.032004356384277337 -0.017178058624267575 0.018774687312543396 -0.16333332657814023 -0.0029735565185546871 0.029827117919921878 0.23000001907348636 0.030537889339029792 -0.0099999904632568342 0.021435073576867584 0.017886037938296798 0.096666663885116591 -0.40333333611488337 0.26999998092651373 -0.014031887054443358 -0.076666668057441698
decision_type=2 2 2 2 2 2 2 2 2 2 2 2 2 2 2 2 2 2 2 2 2 2 2 2 2 2 2 2 2 2
left_child=4 2 3 -2 5 8 7 27 9 12 29 21 14 17 -1 16 -16 -14 -19 -20 -17 -12 -15 24 25 -10 -25 -7 -29 -11
right_child=1 -3 -4 -5 -6 6 -8 -9 23 10 11 -13 13 22 15 20 -18 18 19 -21 -22 -23 -24 26 -26 -27 -28 28 -30 -31
leaf_value=-0.0099216274596601386 0 -0.0026974688537971386 0 0.015613771996368389 -0.0051879185459062852 0 -0.0026582283124270477 0 0 0 3.3221590153499554e-05 0.0051434334741244985 0.0087296989061314331 0.011338570572097187 0.0098530601737891691 0 -0.0035866196342749126 0.0046030118721567745 0.00042348303510453245 -0.010989802883313585 -0.012056516242778108 -0.013706663456454242 0 0.0028211651925225192 0.004430620214682217 -0.0076850649324604935 -0.0055065540566562633 0.01479847017563754 0 0.0127533533134329
leaf_weight=17.502269857330248 4.2547206175513592 9.1358405738137645 5.4708617341238996 10.318984087090941 24.485064249718562 8.6240325013641286 12.874082966009153 28.631182191427797 35.441015612217598 3.8966040411032763 2.8784087439999002 12.583551427349446 5.48820727597922 19.308325510006402 20.147014820715412 22.665230698650706 12.354221566114573 7.3865179452113798 10.432025899412112 19.97333338810131 6.6197092882357529 7.7760974946431816 5.4360810946673146 8.7968142589088512 36.637753167655319 19.40174123540055 77.366885642288253 15.952237579273062 3.4898648366797707 20.284959501586854
leaf_count=1031 83 469 243 230 2740 549 1526 2420 3513 177 99 384 186 390 519 588 352 254 292 557 152 282 156 542 3302 1904 6465 753 379 557
internal_value=0.000247261 0.00488298 0.00912335 0.0122436 -4.8167e-05 0.000246453 0.00355596 0.00548509 -0.000352375 0.00111348 0.00475752 -0.00146884 -3.67435e-05 0.00270367 -0.00270577 0 0.00433229 -0.000843672 -0.00381041 -0.0069628 -0.00465889 -0.00981893 0.0086752 -0.00207925 0 -0.00293271 -0.00425677 0.00946596 0.0124067 0.0106718
internal_weight=495.614 29.1804 20.0446 14.5737 466.433 441.948 69.5714 56.6973 372.377 194.733 47.4196 23.2381 147.313 68.0245 79.2884 61.7862 32.5012 43.2801 37.7919 30.4054 29.2849 10.6545 24.7444 177.644 91.4805 54.8428 86.1637 28.0661 19.4421 24.1816
internal_count=31094 1025 556 313 30069 27329 5627 4101 21702 5976 1499 765 4477 1835 2642 1611 871 1289 1103 849 740 381 546 15726 8719 5417 7007 1681 1132 734
is_linear=0
shrinkage=0.05


Tree=125
num_leaves=31
num_cat=0
split_feature=25 23 25 3 1 2 22 19 1 1 25 33 8 18 0 31 21 35 24 31 14 35 9 31 33 25 25 39 21 36
split_gain=0.411741 0.582631 0.604753 0.58433 0.435122 0.414053 0.533087 0.37955 0.37225 0.462966 0.40926 0.36618 0.477566 0.360815 0.54609 0.471344 0.433368 0.403027 0.310778 0.604318 0.518256 0.796232 0.390998 0.347884 0.34654 0.331397 0.28537 0.417701 0.284762 0.27841
threshold=0.32999998331069952 0.38999998569488531 -0.18999999761581418 0.34333333373069769 0.3966666460037232 -0.36333334445953364 -0.29000000655651087 -0.30333334207534784 -0.10333332419395445 -0.45666666328907007 0.1566666662693024 0.2833333313465119 0.46333330869674688 0.19666665792465213 -0.236666664481163 0.35000002384185797 -0.023333340883255001 0.31666666269302374 -0.0099999904632568342 -0.31000000238418574 -0.40333333611488337 -0.19666665792465207 -0.069999992847442613 -0.15000000596046445 0.23000001907348636 -0.1766666769981384 -0.3899999856948852 0.017886037938296798 0.35000002384185797 -0.10999999940395354
decision_type=2 2 2 2 2 2 2 2 2 2 2 2 2 2 2 2 2 2 2 2 2 2 2 2 2 2 2 2 2 2
left_child=1 3 -3 4 5 6 -1 -4 9 -8 -11 -2 -13 15 -15 17 -17 18 20 24 21 -7 -21 -22 25 -20 -18 -28 -5 -24
right_child=11 2 7 28 -6 13 8 -9 -10 10 -12 12 -14 14 -16 16 26 -19 19 22 23 -23 29 -25 -26 -27 27 -29 -30 -31
leaf_value=-0.00075371159571783596 0 -0.0019191520269336414 0.012107971260009951 -0.0092045625036409114 0.0080004130402177628 0.0011178037786761543 -0.0015267567550989285 0.0001150511505245504 -0.0018168546995579037 0.01403893751553963 0 -0.010684154235321942 0.00066011959372036543 0.001001058262622898 -0.0088664353093900559 -6.7657035400364422e-05 0 0.0058868027340032627 0 0.0012108718664388925 0.0026849063667602454 -0.013669623131118074 0.00029068639588765156 -0.0033129123117203898 -0.00057016569150446694 0.012698285519448564 0 0.014878902317307827 0 -0.0070531293885499101
leaf_weight=25.061823876341805 22.347385567612946 12.850704439915715 21.189428854268044 18.838316228124317 12.0768340670038 8.7419176651164907 2.7554607857018771 14.67280788021162 2.5470802870113394 20.714805974392224 3.7952956275548777 20.224678383441645 7.3885263206902883 16.600822302279994 24.428710464620963 14.002818502252923 2.7275426820851889 13.570579904830081 5.4797028040047779 44.782379875425249 31.298795595765114 17.840181055478752 9.7994878364261222 54.27021239278838 5.6284460867755106 12.538033444201574 3.2978219981305292 11.483309936942531 5.7278071811888358 30.5446894725319
leaf_count=1227 2454 781 495 1434 663 204 127 1375 172 847 252 2104 774 952 1627 726 127 682 216 2943 1985 541 546 4666 150 323 200 455 326 1734
internal_value=6.20288e-06 0.000554416 0.00539927 -4.7243e-05 0.000426847 0 0.00381855 0.00851811 0.00784259 0.00966143 0.0117915 -0.00398809 -0.00732898 -0.000686434 -0.00472404 0 0.00523874 -0.000786803 -0.00145172 0.000257065 -0.00324952 -0.00872896 -0.00155466 -0.00081388 0.0066172 0.00948486 0.00948017 0.0116619 -0.00674958 -0.0049232
internal_weight=497.226 447.266 48.7129 398.553 373.987 361.91 54.8745 35.8622 29.8126 27.2656 24.5101 49.9606 27.6132 307.035 41.0295 266.006 31.5115 234.494 220.924 108.773 112.151 26.5821 85.1266 85.569 23.6462 18.0177 17.5087 14.7811 24.5661 40.3442
internal_count=31108 25776 2651 23125 21365 20702 2625 1870 1398 1226 1099 5332 2878 18077 2579 15498 1508 13990 13308 5912 7396 745 5223 6651 689 539 782 655 1760 2280
is_linear=0
shrinkage=0.05


Tree=126
num_leaves=31
num_cat=0
split_feature=24 3 16 11 7 27 17 20 9 41 35 35 8 13 14 32 39 41 17 35 26 30 40 9 40 39 25 2 36 12
split_gain=0.36963 0.359329 0.630367 0.694791 0.628304 0.520173 0.449663 0.432307 0.367487 0.511582 0.341733 0.308701 0.305526 0.374301 0.304467 0.282558 0.583873 0.6026 0.58504 0.413193 0.421464 0.58286 0.432784 0.399445 0.373789 0.299615 0.277438 0.274473 0.271368 0.273611
threshold=0.42333334684371954 -0.14333333075046537 -0.29666668176650995 0.35666668415069586 -0.45666666328907007 -0.016666665673255917 0.096666663885116591 -0.19666665792465207 -0.32999998331069941 0.036879267543554313 -0.4433333277702331 0.38999998569488531 -0.13666665554046628 -0.24999999999999997 -0.063333332538604722 0.23666667938232425 0.029931325465440754 0.055608684197068221 -0.030000001192092892 0.069999992847442641 0.096666663885116591 -0.17000000178813932 0.076666664332151427 -0.049999997019767754 0.083333332091569914 0.029931325465440754 0.19666665792465213 -0.17000000178813932 -0.063333332538604722 0.37666666507720953
decision_type=2 2 2 2 2 2 2 2 2 2 2 2 2 2 2 2 2 2 2 2 2 2 2 2 2 2 2 2 2 2
left_child=1 2 5 8 -5 7 -6 -1 9 10 -4 -8 13 -10 -12 19 17 18 24 20 21 25 -22 -18 -17 28 -9 -21 29 -3
right_child=-2 15 3 4 6 -7 11 26 12 -11 14 -13 -14 -15 -16 16 23 -19 -20 27 22 -23 -24 -25 -26 -27 -28 -29 -30 -31
leaf_value=0 -0.0053282218042842167 -0.0089809566322160608 -0.0010053212420378863 -0.0027939281841916578 -0.00017449430338013048 -0.0011546969085161599 0.017034828456820084 0.013961566573543558 0.00039928806158110125 -0.0023260582966551772 0 0 -0.00015750526624043422 -0.0097631578424349531 0.013599796570420342 0 0.0021946575624020369 -0.0038725741173194607 0 0 0.0038920965562004466 0.0054088995475764503 -0.0043578915230044575 -0.011190950097911113 0.01268267880486581 0.0034214402313732756 0 -0.0071514251783700205 0.0013888842303752178 0.00097234129163940744
leaf_weight=11.545420321170239 23.926667141728103 20.247772722505037 2.4362541022710493 4.7307456145063069 2.4222018970176569 9.7603745674714428 10.779120912076904 22.182096008677039 6.1609435877762762 18.191119663184509 2.4562286296859375 2.1095292926765969 44.062680465751328 22.10522461857181 9.9061282703187299 8.681666180258615 2.4873063468839973 11.768141221487893 20.576065411558378 13.653165061492471 11.907458829227833 50.755644619232044 71.326318706502207 6.9776334813795966 23.207474699011073 7.7880420794244847 4.9520270910579702 38.229255212587304 5.0885987095534828 2.265838458435609
leaf_count=306 2506 1737 100 186 181 477 473 545 328 1203 177 208 3931 1657 491 351 138 916 1854 834 589 3451 3542 478 898 395 142 2515 415 107
internal_value=7.20373e-06 0.000396091 0.00219195 3.56064e-05 0.00755501 0.00669426 0.0118121 0.00912349 -0.0015008 0.00218924 0.00801149 0.0147282 -0.0035418 -0.00713649 0.0108978 -0.000601621 0.00183648 0.00388661 0.00627344 -0.00155076 -0.000144907 0.00208222 -0.00271514 -0.00657004 0.00996649 -0.00217726 0.0120358 -0.00521773 -0.0048298 -0.00710864
internal_weight=492.687 468.76 173.8 125.36 20.0416 48.4399 15.3109 38.6795 105.319 32.9897 14.7986 12.8887 72.3288 28.2662 12.3624 294.96 73.6983 64.2333 52.4652 221.262 169.38 86.1459 83.2338 9.46494 31.8891 35.3903 27.1341 51.8824 27.6022 22.5136
internal_count=31131 28625 10405 8935 1048 1470 862 993 7887 1971 768 681 5916 1985 668 18220 4635 4019 3103 13585 10236 6105 4131 616 1249 2654 687 3349 2259 1844
is_linear=0
shrinkage=0.05


Tree=127
num_leaves=31
num_cat=0
split_feature=9 26 26 36 32 3 27 36 25 37 32 27 5 33 9 36 31 24 25 20 25 2 29 30 20 0 21 33 14 41
split_gain=0.270573 0.52456 0.443403 0.345864 0.460443 0.323251 0.602116 0.448264 0.430443 0.320351 0.338944 0.354243 0.313093 0.281124 0.261175 0.629317 0.311978 0.297431 0.700675 0.37288 0.315478 0.364523 0.487623 0.35998 0.310555 0.282592 0.267563 0.243191 0.307559 0.511214
threshold=0.42333334684371954 -0.030000001192092892 0.44333332777023321 0.34333333373069769 -0.15666666626930234 -0.26333332061767573 -0.25666666030883784 -0.14333333075046537 -0.29666668176650995 -0.079238414764404283 -0.063333332538604722 0.37000000476837164 0.35000002384185797 0.27666664123535162 -0.090000003576278673 0.096666663885116591 -0.36333334445953364 0.11000001430511476 -0.25666666030883784 0.41666668653488165 -0.32333332300186152 0.1566666662693024 -0.04333332180976867 -0.33666665852069849 0.20333331823349002 0.12333333492279054 0.4499999880790711 -0.236666664481163 -0.40333333611488337 0.03232953883707524
decision_type=2 2 2 2 2 2 2 2 2 2 2 2 2 2 2 2 2 2 2 2 2 2 2 2 2 2 2 2 2 2
left_child=3 -2 -3 5 -5 6 7 -1 -8 -10 11 -11 13 -6 17 27 26 20 -19 24 -7 22 -22 -23 25 -20 -17 -16 29 -29
right_child=1 2 -4 4 12 14 8 -9 9 10 -12 -13 -14 -15 15 16 -18 18 19 -21 21 23 -24 -25 -26 -27 -28 28 -30 -31
leaf_value=0 0.01007727806179474 -0.0046911692886216589 0.0063705425084712233 0.0014439405585547176 0 0.0036972563783278321 0.0050985831406417806 0.011366371555706724 0.0036692513109697583 -0.010095812220323559 0 0.00055434104018498118 0 -0.013036605064417797 0 0.0081227012180928471 -0.00066080794124561684 -0.004846278220434562 0.0057420754463357896 -0.0025886602035672221 0 -0.0047024246780178261 -0.0098121401564980008 0.0056763584195729236 0.014013207695604702 -0.002230739178988059 -0.0013331935956046716 0 -0.0025066414692573435 -0.01333244219529601
leaf_weight=9.4025768998544681 12.429486266104503 18.663180884672332 7.9427834327798328 12.640030016074887 2.4511661105789306 17.497478333534673 18.802627493627369 18.892700808821246 6.5626939032226792 21.401449789060283 14.886511761578729 4.2622659297194323 10.021007806761189 15.089184352429582 13.603838716633616 16.429496551980268 57.055019347812049 12.157552658347411 23.359604431781921 3.5997743061743668 27.560918906703591 5.8204176274593946 21.275536141474731 16.013783072819933 10.985107470070941 8.2450541530270112 3.0405345207545897 6.7949019379448172 55.364380887127481 19.796251294901595
leaf_count=319 801 1378 299 868 194 1101 997 596 276 1501 1291 348 810 1169 1013 617 4225 803 1436 221 1976 383 1237 1008 592 538 104 169 4193 572
internal_value=-0.000105474 0.00352707 -5.75374e-05 -0.000514963 -0.00462057 0 0.00242653 0.00781645 0 -0.0028498 -0.00477886 -0.0077676 -0.00790766 -0.0110635 -0.000819662 -0.00214237 0.000950839 0.000593126 0.00329427 0.00622679 -0.00102493 -0.00271802 -0.00506535 0.00159421 0.00771405 0.00297325 0.00569828 -0.00477544 -0.00576579 -0.0100737
internal_weight=492.047 39.0355 26.606 453.012 40.2014 412.81 94.2108 28.2953 65.9155 47.1129 40.5502 25.6637 27.5614 17.5404 318.6 172.084 76.5251 146.515 58.3471 46.1895 88.1681 70.6707 48.8365 21.8342 42.5898 31.6047 19.47 95.5594 81.9555 26.5912
internal_count=31035 2478 1677 28557 3041 25516 5328 915 4413 3416 3140 1849 2173 1363 20188 10893 4946 9295 3590 2787 5705 4604 3213 1391 2566 1974 721 5947 4934 741
is_linear=0
shrinkage=0.05


Tree=128
num_leaves=31
num_cat=0
split_feature=9 36 3 26 31 26 25 23 34 9 4 35 2 4 37 0 12 28 17 27 17 30 24 41 31 38 4 40 1 32
split_gain=0.37086 0.404587 0.435666 0.378415 0.365701 0.473208 0.461108 0.433371 0.46025 0.432322 0.42625 0.388728 0.361805 0.749312 0.346421 0.422525 0.323035 0.381283 0.419803 0.315111 0.302244 0.53544 0.418046 0.320717 0.373116 0.31187 0.368155 0.298331 0.293022 0.289191
threshold=0.43000000715255743 0.35000002384185797 0.35000002384185797 -0.036666661500930779 -0.45666666328907007 0.29666668176651007 -0.036666661500930779 0.20999997854232791 -0.016666665673255917 -0.11666667461395262 -0.236666664481163 -0.10333332419395445 -0.18333333730697629 0.069999992847442641 0.0195307731628418 -0.049999997019767754 0.14999997615814212 0.42166668176651007 0.13666665554046634 -0.3899999856948852 -0.28333333134651179 -0.30333334207534784 -0.076666668057441698 0.064443118870258345 -0.26999998092651362 -0.050991535186767571 -0.12333333492279051 0.29333333671092993 0.37000000476837164 -0.12999999523162839
decision_type=2 2 2 2 2 2 2 2 2 2 2 2 2 2 2 2 2 2 2 2 2 2 2 2 2 2 2 2 2 2
left_child=1 2 4 -2 29 7 11 8 -6 -9 -11 19 -8 -14 15 -4 17 18 -3 27 25 22 -22 24 -23 -10 -27 -7 -12 -1
right_child=3 16 14 -5 5 6 12 9 20 10 28 -13 13 -15 -16 -17 -18 -19 -20 -21 21 23 -24 -25 -26 26 -28 -29 -30 -31
leaf_value=0 0.0102994571614713 -0.013479287857160339 0.00020735181363165436 0 0.0035527889441923119 -0.0067560047220260383 0.011500373600791501 0 -0.0039505046052379297 0.0029144297069815003 -0.011701493802075436 -0.0042122145700764805 -0.0047014270356153381 0.0076625951749738491 0.00058344922048532335 -0.010230816071848824 0 0.00021568286639693418 0 0.0080199217592071374 -0.0028618991097899751 2.4575712080072571e-05 0.0058042313089253453 0.00028368308179029769 -0.0091354927556891383 0.0088081295129950523 -0.00032509488902558048 0.0031914758775626983 0 0.011043337946392645
leaf_weight=3.7927434777375302 11.34822974540293 15.178991217166191 7.9140867483802166 24.39152318215929 66.401856711017899 6.3443903699517312 16.661909045418724 25.921947289258242 6.7387808829080305 1.6390627450309718 23.508027445524935 25.502223703544587 15.428580601699649 20.097495580324903 14.803354536881669 20.608084155013785 14.021431877976282 5.6057777346577486 4.3093533816281697 12.666257736738769 21.086021275725216 7.6490671914070836 19.872653322294354 9.7181473334785533 40.155049759428948 15.577051507076249 11.972993774805218 11.912451188080011 3.0244191070087245 8.9397718552499992
leaf_count=174 726 922 635 1560 4819 202 610 1653 549 88 1637 1024 707 789 1301 1437 1537 171 363 491 1302 541 1123 759 3794 785 593 343 228 238
internal_value=7.84435e-05 -0.00027874 0.000147097 0.00462863 0.000773912 0.000342714 0.00305921 -0.000769673 0.000228653 -0.00451734 -0.00821675 0 0.00618427 0.00178754 -0.00420066 -0.00707769 -0.00479725 -0.00770478 -0.0104784 0.00334399 -0.00133542 -0.00281584 0.00101479 -0.00577521 -0.00736586 0.00208211 0.00474546 -5.07735e-05 -0.0100835 0.00765953
internal_weight=492.792 457.052 417.936 35.7398 374.611 361.878 108.613 253.265 199.172 54.0935 28.1715 56.4253 52.188 35.5261 43.3255 28.5222 39.1156 25.0941 19.4883 30.9231 132.77 98.4809 40.9587 57.5223 47.8041 34.2888 27.55 18.2568 26.5324 12.7325
internal_count=31101 28815 25822 2286 22449 22037 4166 17871 14265 3606 1953 2060 2106 1496 3373 2072 2993 1456 1285 1036 9446 7519 2425 5094 4335 1927 1378 545 1865 412
is_linear=0
shrinkage=0.05


Tree=129
num_leaves=31
num_cat=0
split_feature=31 18 33 11 18 4 2 1 8 4 27 41 37 37 26 40 38 28 38 39 37 35 34 20 4 37 3 38 27 10
split_gain=0.474125 0.424971 0.375253 0.330483 0.324338 1.00881 0.538844 0.719636 0.46599 0.45439 0.405396 0.508811 0.42594 0.400631 0.447029 0.371804 0.870654 0.593295 0.547548 0.400945 0.365495 0.380197 0.315303 0.309756 0.292058 0.306495 0.387749 0.304386 0.285118 0.333342
threshold=0.47666668891906744 0.37000000476837164 0.3966666460037232 0.20999997854232791 -0.40333333611488337 -0.13833332061767575 0.38999998569488531 0.32999998331069952 0.35666668415069586 0.056666672229766853 0.29666668176651007 0.033155586570501334 -0.13504600524902341 -0.00031042098999023432 -0.21666666865348813 0.56666666269302379 -0.021959304809570309 0.3966666460037232 0.025660514831542972 0.022874211892485622 0.034846782684326179 0.069999992847442641 -0.090000003576278673 0.096666663885116591 -0.41666667163372034 -0.099424362182617174 -0.016666665673255917 0.0096426010131835955 -0.29000000655651087 0.35000002384185797
decision_type=2 2 2 2 2 2 2 2 2 2 2 2 2 2 2 2 2 2 2 2 2 2 2 2 2 2 2 2 2 2
left_child=1 3 -2 4 5 8 7 15 13 10 11 -6 -13 -1 -15 18 19 22 -7 -17 28 -22 -18 -3 -5 -26 27 -27 29 -11
right_child=2 23 -4 24 9 6 -8 -9 -10 20 -12 12 -14 14 -16 16 17 -19 -20 -21 21 -23 -24 -25 25 26 -28 -29 -30 -31
leaf_value=0 0.0086693590685607974 -0.0080710269314873528 -0.0024730008774003186 -0.0031828912184228525 0 -0.0022061112912604868 0.0059741719275947479 -0.014051354766566672 -0.0015611519922161653 0.00543562927888094 0.0014560113670738966 0.0037959976625258026 -0.0072169254393625246 0 0.01548126945272206 -0.0027210664602866051 0 0.00014797495793694368 0.0090226815490197024 0.01010666686726956 0.0094895770926263154 -0.0001483081936762977 -0.018696578370999219 0 -0.0032962137262126075 0.011887002935440927 0.00056843296966491575 0 -0.0032804780491130902 -0.0042518423369865745
leaf_weight=5.179665096569809 19.782831568969417 24.250671479385346 3.3386146044358602 7.6032594745047382 34.965166209964082 16.46945414389484 11.298197623109443 7.6792973447591057 4.383140697143971 22.178164854878563 25.162424604059197 2.9154917933046809 89.559364838525653 4.609620104776698 18.311733777401969 4.1481123925186711 4.021611919160935 4.9607263021171084 12.434607616625724 5.8118567219935358 14.658485560445117 10.565435917582361 7.9541257428936651 12.622872675419783 3.955469330539926 19.670335125527348 31.848083992837928 6.2123238593339911 47.123106346698478 5.0362994982860974
leaf_count=162 593 2438 194 490 2578 598 262 236 95 966 2256 149 6469 157 394 106 101 90 292 161 975 865 204 1294 234 982 2792 711 3945 210
internal_value=-0.000102538 -0.000532567 0.00602395 0 -0.000676994 0.00145246 -0.00154568 -0.00364422 0.00816872 -0.00169234 -0.0033887 -0.00455507 -0.00640571 0.0104271 0.0127604 -0.000582306 -0.00464325 -0.0106604 0.00262891 0.00418327 0.000715751 0.00539918 -0.0150833 -0.00528207 0.00295791 0.00429921 0.00547322 0.0094816 -0.000846774 0.00244597
internal_weight=488.711 465.589 23.1214 428.716 359.426 107.262 74.778 63.4798 32.4842 252.164 152.602 127.44 92.4749 28.101 22.9214 55.8005 26.8964 16.9365 28.9041 9.95997 99.5615 25.2239 11.9757 36.8735 69.2895 61.6862 57.7307 25.8827 74.3376 27.2145
internal_count=30999 30212 787 26480 21271 2858 2050 1788 808 18413 11452 9196 6618 713 551 1552 662 395 890 267 6961 1840 305 3732 5209 4719 4485 1693 5121 1176
is_linear=0
shrinkage=0.05


Tree=130
num_leaves=31
num_cat=0
split_feature=22 9 24 24 36 10 16 6 24 38 33 41 24 39 7 25 41 23 1 37 24 30 39 12 5 5 35 25 5 33
split_gain=0.309268 0.438168 0.415638 0.414774 0.406975 0.405584 0.431091 0.425 0.401639 0.38839 0.616194 0.460279 0.459009 0.391194 0.378713 0.375897 0.361825 0.356655 0.545182 0.375677 0.358332 0.475475 0.350696 0.356684 0.438205 0.46231 0.400899 0.331749 0.307635 0.288738
threshold=-0.14333333075046537 -0.19666665792465207 0.26999998092651373 -0.33666665852069849 -0.46999999880790705 0.4499999880790711 0.096666663885116591 -0.1766666769981384 0.23166668415069583 0.0053477287292480477 0.23000001907348636 0.03232953883707524 0.20333331823349002 0.018408516421914104 0.24333333969116214 0.030000001192092899 0.058905629441142089 0.030000001192092899 -0.40333333611488337 -0.078486442565917955 0.043333351612091071 -0.4433333277702331 0.01497686328366399 -0.22333332896232602 -0.35000000894069666 0.29000002145767217 -0.11666667461395262 -0.21000000834465024 -0.26333332061767573 -0.083333343267440782
decision_type=2 2 2 2 2 2 2 2 2 2 2 2 2 2 2 2 2 2 2 2 2 2 2 2 2 2 2 2 2 2
left_child=2 3 4 -2 -1 6 7 8 -3 10 -9 -12 13 -11 29 -4 -14 18 -6 -20 21 -21 -5 26 27 -26 -24 -25 -8 -15
right_child=1 5 15 22 17 -7 28 9 -10 12 11 -13 16 14 -16 -17 -18 -19 19 20 -22 -23 23 24 25 -27 -28 -29 -30 -31
leaf_value=-0.0093613790618948377 -0.0027987499131359606 0.0074346179085689138 -0.0098862368577636063 -0.00088802931790468514 0.0055177205671290992 0.0064718233217844062 3.0629942403928489e-05 0 -0.0029827770529292533 0.0033514238948296458 0 -0.01236830218613965 0.010082811657587462 0 0.0023842367092850552 0 -0.0012417406298627551 0.0048937804845041516 0.004355658982551463 0.0043891313745623535 0.00036586927493010896 -0.0080995377869285973 -0.0050584116574796788 0.0060640069843569634 0.012241230554046453 0 0.0061682759340298734 -0.0054699113786635398 -0.007275102537644948 -0.011530484213859347
leaf_weight=4.2270670856814823 10.676962321158497 29.47884186077863 16.705817510606721 11.121465223259291 19.700631000101566 16.814023343846202 13.395681144320404 50.485564507544041 4.8950039090123019 18.598448501434177 6.4362841008696732 16.577414526836947 16.428432643413547 4.9059374772477957 4.5825702149886629 20.745871357037686 3.3974542890209696 35.230410316959023 7.4854189786128691 2.3664887573104343 18.732472003786825 42.923990807612427 10.288059493293988 6.0652620918117464 38.350101807853207 5.0961914127692571 9.3879686284344626 6.8912690756842476 29.083095121430233 11.550708075519649
leaf_count=235 808 1424 1081 769 1120 1025 1002 3052 234 983 357 1057 866 235 280 1794 223 2014 387 143 1064 3111 511 225 2413 345 406 378 2899 603
internal_value=0.000460433 0.00138963 -0.00117563 0.00408476 4.45513e-05 4.28447e-05 -0.000522119 0.000530515 0.00510911 -0.000642738 -0.00309717 -0.00890949 0.00201496 -0.000713577 -0.00517788 -0.0054264 0.00733653 0.000957631 -0.000513784 -0.00279652 -0.00429132 -0.00652246 0.00532175 0.00653266 0.00839173 0.010537 0 0 -0.0047369 -0.00847131
internal_weight=492.625 324.507 168.118 97.8773 130.666 226.629 209.815 167.337 34.3738 132.963 73.4993 23.0137 59.4636 39.6377 21.0392 37.4517 19.8259 126.439 91.209 71.5084 64.023 45.2905 87.2003 76.0789 56.4028 43.4463 19.676 12.9565 42.4788 16.4566
internal_count=31044 20095 10949 5855 8074 14240 13215 9314 1658 7656 4466 1414 3190 2101 1118 2875 1089 7839 5825 4705 4318 3254 5047 4278 3361 2758 917 603 3901 838
is_linear=0
shrinkage=0.05


Tree=131
num_leaves=31
num_cat=0
split_feature=12 21 38 23 3 11 17 18 12 41 26 38 9 36 12 25 21 38 31 33 19 26 0 21 24 9 3 30 23 30
split_gain=0.427186 0.383089 0.315758 0.295646 0.483535 0.470493 0.430717 0.383362 0.380818 0.354442 0.345813 0.318461 0.318346 0.517132 0.474508 0.317677 0.432531 0.376656 0.324991 0.406835 0.311944 0.302884 0.285199 0.284058 0.270358 0.291834 0.260605 0.258443 0.345506 0.254919
threshold=0.42333334684371954 0.40333333611488348 -0.16125297546386716 0.38999998569488531 0.25666666030883795 0.38333332538604742 0.096666663885116591 0.26333332061767584 0.26999998092651373 0.029942885972559456 0.34333333373069769 0.031355857849121101 0.42333334684371954 0.35666668415069586 -0.076666668057441698 -0.030000001192092892 -0.37666666507720942 0.044054031372070319 0.34333333373069769 -0.12333333492279051 -0.31666666269302363 -0.236666664481163 0.094999998807907118 -0.023333340883255001 -0.28333333134651179 0.17000001668930056 0.26333332061767584 -0.076666668057441698 0.12333333492279054 0.31666666269302374
decision_type=2 2 2 2 2 2 2 2 2 2 2 2 2 2 2 2 2 2 2 2 2 2 2 2 2 2 2 2 2 2
left_child=1 3 -2 4 5 7 -7 12 -9 22 -5 -8 13 15 23 24 21 18 19 -18 -21 -17 -6 -15 -1 27 -3 -26 -29 -4
right_child=2 26 29 10 9 6 11 8 -10 -11 -12 -13 -14 14 -16 16 17 -19 -20 20 -22 -23 -24 -25 25 -27 -28 28 -30 -31
leaf_value=0.0042292086139384608 0.0026328426276438621 -0.0067089417154931903 -0.010011807738266565 0 0 -0.0019836973253037067 0.01395327983034219 -0.0086904358280478194 0.00026350421976115178 -0.00055779997227880813 0.011362846961637448 0 0.0077831763761862863 -0.014643401498571993 0.00099637255432397402 0 -0.0068086439792133056 0.0056806964638265881 0.0057965067510761907 0.0048776713185356112 -0.0027882746125657484 0.013425009977880429 -0.014323468740700854 0 0 0.0033259490822283586 0 -0.0068463842096260332 0.00058768916936004743 0
leaf_weight=23.241104124230333 2.3111903348471996 23.300911870552227 17.780984347336929 17.07787728775293 3.7218037196435017 2.2716034147888413 11.374925731681286 14.639536151895301 15.69043550849892 40.545577401062474 8.4624195424839836 2.1707273274660102 12.493808477185665 7.0158840678632259 7.2606169851496807 2.2830301865469655 21.316277431091294 32.32107256539166 10.292852354934437 19.320059841033068 19.152957154205072 9.9454572969116253 5.5994653946254402 3.3972198439296353 53.850658817333169 20.76329300715588 28.877501775277779 38.575962019618601 13.908819166244937 5.291545584681443
leaf_count=1602 143 1123 1660 1221 263 188 438 1016 946 2914 298 215 528 386 687 219 1524 1999 433 573 1873 612 325 190 3526 1106 1703 2058 708 676
internal_value=0 0.000335117 -0.00568595 0.000901776 0.000449028 0.00119238 0.00840811 0.000620441 -0.00409169 -0.00377265 0.00563856 0.0115038 0.00125958 0.00072881 -0.00619222 0.0014096 0.00332368 0.00165599 -0.000173176 -0.00201579 0.000637905 0.0107758 -0.0104301 -0.0112596 0 -0.00107174 -0.00338677 -0.00228477 -0.00459066 -0.00775056
internal_weight=494.256 468.872 25.3837 416.693 391.153 341.286 15.8173 325.469 30.33 49.8668 25.5403 13.5457 295.139 282.645 17.6737 264.972 114.632 102.403 70.0821 59.7893 38.473 12.2285 9.32127 10.4131 150.34 127.099 52.1784 106.335 52.4848 23.0725
internal_count=31153 28674 2479 25848 24329 20827 841 19986 1962 3502 1519 653 18024 17496 1263 16233 7233 6402 4403 3970 2446 831 588 576 9000 7398 2826 6292 2766 2336
is_linear=0
shrinkage=0.05


Tree=132
num_leaves=31
num_cat=0
split_feature=31 40 23 37 33 37 16 4 14 28 31 27 31 8 36 15 24 33 30 40 29 20 25 25 37 40 40 37 25 37
split_gain=0.295186 1.36244 0.978795 0.851413 0.514359 0.440769 0.38819 0.524717 0.54064 0.727162 0.542799 0.783129 0.704802 0.444514 0.523607 0.621954 0.377578 0.372944 0.412839 0.302785 0.311966 0.283103 0.494035 0.413006 0.289031 0.282275 0.280028 0.574318 0.51275 0.237096
threshold=0.37666666507720953 0.096666667610406889 -0.016666665673255917 0.0016446113586425783 0.24333333969116214 -0.10866308212280272 -0.28333333134651179 -0.32333332300186152 -0.40333333611488337 0.24166667461395266 0.11000001430511476 -0.18333333730697629 -0.31000000238418574 -0.24999999999999997 0.043333351612091071 -0.40333333611488337 0.27666664123535162 0.33666664361953741 0.12333333492279054 0.39666667580604559 -0.36333334445953364 0.10833334922790529 0.096666663885116591 -1.0000000180025095e-35 0.0051107406616210946 0.82999998331069957 0.22999999672174457 0.053565502166748054 -0.29666668176650995 0.014905929565429689
decision_type=2 2 2 2 2 2 2 2 2 2 2 2 2 2 2 2 2 2 2 2 2 2 2 2 2 2 2 2 2 2
left_child=6 2 -2 4 5 -3 7 17 9 16 11 12 -10 -11 15 25 -9 18 -1 -5 -21 23 24 -16 -23 29 28 -28 -8 -15
right_child=1 3 -4 19 -6 -7 26 8 10 13 -12 -13 -14 14 21 -17 -18 -19 -20 20 -22 22 -24 -25 -26 -27 27 -29 -30 -31
leaf_value=0 -0.014738993360511663 0 0.0029454183479949254 -0.0058783246568157969 0 0.015569879680570713 0.0062857750578155791 -0.010750423202298326 -0.001954911897534863 0.0098949283543457341 -0.0053577111392819118 -0.00048664507166403399 0.011954335011310222 -0.016247248563631318 -0.0010322277792071453 0.003590787436622965 0.00050818634814526076 -0.00050532372773859477 0.014366452617133783 -0.0027940475608766112 0.0072203217481182835 0.0090632901307056545 -0.0075985515451510305 0.0099066698194444497 -0.0012395099232600257 0 -0.0046711051377615331 0.0029105042049714426 -0.0017260143226335498 0
leaf_weight=4.5070908847265008 10.168381472816693 3.4676769268698981 8.3832331949379277 9.2924494938924926 9.9872840822208655 24.987157809315253 21.510199129814282 21.580465753795583 6.1786808578763148 5.0206228098832062 7.7784575547557315 29.002397673204541 32.81467642635107 8.5232093255035632 7.1461293799802688 5.4530532923527053 4.0177571726962915 4.1890914267860344 11.608509104000403 5.0038101288955685 11.696048047277143 6.3724246083293128 10.447627570712937 13.609728537499903 5.0111886216327548 4.7661917875520876 108.30286453652661 23.24087008961942 62.652691000606865 5.5675082611851385
leaf_count=150 390 82 345 606 482 920 1528 690 239 113 333 1701 1236 244 197 140 114 122 271 251 866 167 256 314 120 105 10825 2441 5822 124
internal_value=0.00033119 0.00296 -0.00696252 0.00652152 0.0107377 0.0136397 -0.000176668 0.00135784 0.000202306 -0.00205832 0.00335486 0.00504301 0.00922793 0.000363737 -0.000764183 -0.00610071 -0.0084312 0.0079737 0.0108473 0 0.00317297 0.00214472 -0.000951871 0.00581919 0.00422734 -0.0100993 -0.00166611 -0.00308131 0.00032638 -0.0127011
internal_weight=492.287 82.986 18.5516 64.4344 38.4421 28.4548 409.301 193.595 173.29 97.5159 75.7742 67.9958 38.9934 71.9177 66.8971 24.31 25.5982 20.3047 16.1156 25.9923 16.6999 42.5871 21.8312 20.7559 11.3836 18.8569 215.707 131.544 84.1629 14.0907
internal_count=31194 3942 735 3207 1484 1002 27252 6636 6093 2584 3509 3176 1475 1780 1667 613 804 543 421 1723 1117 1054 543 511 287 473 20616 13266 7350 368
is_linear=0
shrinkage=0.05


Tree=133
num_leaves=31
num_cat=0
split_feature=31 25 38 1 41 41 35 30 29 38 37 29 2 29 12 36 12 40 10 20 32 19 38 30 39 41 21 41 9 40
split_gain=0.422052 0.643639 0.430541 0.216406 0.458628 0.711951 0.458881 0.445886 0.409452 0.381651 0.36773 0.314815 0.508477 0.409753 0.760034 0.720977 0.736532 0.486266 0.462524 0.419855 0.419028 0.352786 0.34365 0.335965 0.313548 0.31193 0.294166 0.31711 0.286659 0.32083
threshold=0.47666668891906744 -0.19666665792465207 -0.099806308746337877 0.12333333492279054 0.033839162439107902 0.050311148166656501 0.32333332300186163 0.44333332777023321 0.23666667938232425 -0.085338592529296861 0.039559364318847663 1.0000000180025095e-35 0.096666663885116591 -0.236666664481163 0.21666666865348819 -0.31000000238418574 0.40333333611488348 0.79000002145767223 -0.32999998331069941 -0.35000000894069666 -0.22333332896232602 -0.29666668176650995 0.026465415954589847 0.24333333969116214 0.013434986118227245 0.033619904890656478 -0.30333334207534784 0.028496114537119869 -0.41666667163372034 0.77666664123535167
decision_type=2 2 2 2 2 2 2 2 2 2 2 2 2 2 2 2 2 2 2 2 2 2 2 2 2 2 2 2 2 2
left_child=3 -2 -3 7 6 -6 9 11 -7 -5 -10 13 23 14 20 16 -16 18 -15 -20 21 -1 -14 26 -11 -23 -13 -28 -26 -30
right_child=1 2 -4 4 5 8 -8 -9 10 24 -12 12 22 17 15 -17 -18 -19 19 -21 -22 25 -24 -25 28 -27 27 -29 29 -31
leaf_value=0.00088438131332468613 0.011939444621605084 0.0067277493005984627 -0.0065216764435856202 0.0015965694527047395 0.0032339667876923116 0 0.0021780214381441703 0.0064259048961501867 -0.011854765585172324 0.00021262268718366729 0 0 -0.00086768864826382351 -0.0015224264955243526 0.014250287577029988 -0.0024691600832260439 -0.0031305764957290693 -0.0014941285826704015 -0.00049765406660789665 0.01014911291017314 0.00090538357691724754 0 0.0078764155132236696 0 0 -0.012249427648825445 0.0002815689823103258 -0.009066557983718691 -0.013388134594815599 0
leaf_weight=4.3651558298151931 12.271805049851539 3.250805696938186 9.7612005227711034 3.9354754409287116 68.61448222969193 27.404989080736414 8.7810672551859152 22.312833873555064 14.937588401837276 2.9659249784890553 5.6614552293904117 9.0460207678843272 15.386492575053127 8.0811616219580156 14.38949184515514 13.929984726826659 3.1243048261385402 19.567555156769231 5.5899420094210646 38.271432603010908 14.109933342086149 10.495403358945625 12.639853970962575 41.128470554947853 3.2157277446240178 20.283165776287206 4.6153230809140942 40.728005125303753 27.395168231683783 6.5798973834607741
leaf_count=166 319 59 473 279 4535 1974 617 631 963 179 422 802 1068 642 637 1071 215 1351 445 2589 1177 671 685 2173 212 1552 344 2611 1757 512
internal_value=7.23279e-06 0.00567715 -0.000818028 -0.00031463 -0.00173977 0 -0.00533832 0.000431882 -0.00430212 -0.00741588 -0.00872129 -9.0915e-05 -0.0019959 0.00131436 -0.000876232 0.00434736 0.0100788 0.00398541 0.00642206 0.00839423 -0.00477341 -0.00746057 0.00303466 -0.00381033 -0.00893348 -0.00927503 -0.0061899 -0.00770642 -0.0101699 -0.0113875
internal_weight=492.84 25.2838 13.012 467.556 169.492 116.619 52.8733 298.065 48.004 44.0922 20.599 275.752 123.544 152.208 80.6974 31.4438 17.5138 71.5101 51.9425 43.8614 49.2537 35.1437 28.0263 95.5178 40.1567 30.7786 54.3893 45.3433 37.1908 33.9751
internal_count=31131 851 532 30280 11450 7894 3556 18830 3359 2939 1385 18199 7683 10516 5489 1923 852 5027 3676 3034 3566 2389 1753 5930 2660 2223 3757 2955 2481 2269
is_linear=0
shrinkage=0.05


Tree=134
num_leaves=31
num_cat=0
split_feature=22 36 24 41 8 0 4 23 37 2 9 37 9 9 17 40 38 20 1 3 40 39 31 2 36 11 38 4 19 1
split_gain=0.295667 0.423149 0.471677 0.444377 0.398459 0.39558 0.321131 0.642248 0.309299 0.494631 0.353063 0.284359 0.377787 0.222537 0.352869 0.211619 0.321307 0.288566 0.256933 0.283508 0.372229 0.362453 0.410718 0.38479 0.288067 0.266015 0.496703 0.625475 0.337685 0.294603
threshold=-0.14333333075046537 -0.46999999880790705 0.26999998092651373 0.036240529268980033 -0.12999999523162839 -0.18999999761581418 -0.37666666507720942 -0.030000001192092892 -0.017178058624267575 -0.32999998331069941 0.083333313465118422 -0.069252967834472642 0.25000000000000006 0.23666667938232425 -0.1766666769981384 0.056666666641831405 0.028800964355468753 0.096666663885116591 0.22333335876464847 -0.049999997019767754 0.76333332061767589 0.018217734061181549 -0.15000000596046445 -0.10999999940395354 -0.26333332061767573 -0.04333332180976867 0.039778709411621101 0.31000000238418585 -0.24333333969116208 0.2883333563804627
decision_type=2 2 2 2 2 2 2 2 2 2 2 2 2 2 2 2 2 2 2 2 2 2 2 2 2 2 2 2 2 2
left_child=1 -1 4 -4 6 11 -3 -8 10 -10 -6 -2 -13 14 -11 16 17 -7 19 20 -17 -21 23 -23 -24 26 27 29 -27 -20
right_child=5 2 3 -5 8 15 7 -9 9 13 -12 12 -14 -15 -16 18 -18 -19 25 21 -22 22 24 -25 -26 28 -28 -29 -30 -31
leaf_value=-0.011290044719915451 -0.00069105950472974731 0.0091670635156555578 0.00012389897771817297 -0.0092475442924135117 -0.0031420241708620799 0 -0.0036645738952457833 0.0076520204988813102 -0.010564597219637269 0.0069422140677348051 0.0059748733995357399 0.010969520898408157 0 -0.0046835550705323905 -0.0029066627223256758 0.0061375682359859872 0.0033774101370485955 -0.0092953358517961823 0.00066832849584133245 -0.0039264149118187243 0 -0.0012727795627591545 0.0041972144607830735 0.009553777449259478 -0.0038249642865277171 0.0078039625300503207 -0.0091873538169102657 0.0084567407569253409 -0.00073276870398556176 -0.0088276116702576506
leaf_weight=5.0832380102947345 5.0754231524188098 13.413145252969114 13.946774114738217 21.526581937912852 10.734329178929331 8.3990645074518451 24.845516298664734 14.478397698374463 12.807326522306537 13.443442060146477 17.143848379142582 18.137338539352644 5.7906318344175807 11.444806893356143 8.0597553212428501 55.309889982803725 4.8520339538808903 14.663796855485996 6.8324198562186274 31.964151800610125 29.280602428363636 4.9128279315773424 9.8417295815888775 18.884445365983993 25.558408352080733 8.2819977276958507 17.57114091492258 9.1760216781403852 40.336511357105337 9.516216771444304
leaf_count=331 177 606 1053 1699 705 578 1605 818 931 645 1013 796 336 765 797 3312 273 984 400 1969 1886 251 629 843 1719 331 811 427 3807 567
internal_value=0 -0.00162592 -0.000780695 -0.00547537 0.000536727 0.000923905 0.00377321 0.000411823 -0.00157698 -0.00408232 0.00179177 0.00598631 0.0080926 0 0.00251293 0.000234596 -0.00336718 -0.00605066 0.000767555 0.00192025 0.00390152 0 0.00221837 0.00667346 -0.000705762 -0.00116779 -0.00390281 0 0.000961253 -0.00462645
internal_weight=491.312 166.927 161.844 35.4734 126.371 324.385 52.7371 39.3239 73.6335 45.7553 27.8782 29.0034 23.928 32.948 21.5032 295.381 27.9149 23.0629 267.466 175.752 84.5905 91.1616 59.1974 23.7973 35.4001 91.7143 43.0958 25.5247 48.6185 16.3486
internal_count=31064 10968 10637 2752 7885 20096 3029 2423 4856 3138 1718 1309 1132 2207 1442 18787 1835 1562 16952 10609 5198 5411 3442 1094 2348 6343 2205 1394 4138 967
is_linear=0
shrinkage=0.05


Tree=135
num_leaves=31
num_cat=0
split_feature=31 40 38 30 23 3 13 39 38 26 11 3 38 32 41 41 39 15 27 36 32 31 13 21 10 3 3 16 17 32
split_gain=0.330087 0.905715 0.681893 0.601425 0.599809 0.517546 0.437936 0.432464 0.363053 0.316631 0.291279 0.344175 0.763327 0.558244 0.40641 0.410375 0.363235 0.433822 0.349026 0.569435 0.414836 0.434093 0.264053 0.346298 0.349119 0.252249 0.289878 0.282909 0.258873 0.22641
threshold=0.38333332538604742 0.096666667610406889 0.031355857849121101 -0.25666666030883784 -0.016666665673255917 0.2833333313465119 0.35666668415069586 0.029095132835209373 -0.0032935142517089839 0.1566666662693024 0.20999997854232791 -0.26333332061767573 0.0053477287292480477 0.23666667938232425 0.050311148166656501 0.028133865445852283 0.025453434325754646 -0.24999999999999997 -0.15666666626930234 -0.15000000596046445 0.23666667938232425 0.069999992847442641 -0.45666666328907007 0.35666668415069586 0.24333333969116214 -0.3899999856948852 0.096666663885116591 -0.13666665554046628 -0.14333333075046537 -0.31666666269302363
decision_type=2 2 2 2 2 2 2 2 2 2 2 2 2 2 2 2 2 2 2 2 2 2 2 2 2 2 2 2 2 2
left_child=6 4 3 5 -2 -3 10 9 -8 -5 11 18 22 29 15 -15 17 -17 19 -1 21 -21 23 24 -13 -12 28 -28 -27 -14
right_child=1 2 -4 7 -6 -7 8 -9 -10 -11 25 12 13 14 -16 16 -18 -19 -20 20 -22 -23 -24 -25 -26 26 27 -29 -30 -31
leaf_value=-0.0031002337806820459 -0.011362458225775423 0.014578789373386497 -0.0028966707362686125 0.0094657987103290136 0.0022980403481428937 0 -0.0099896977836410154 -0.0068704041194385364 0 -0.0003181391797994106 -0.0024390996559186962 -0.0011492342121512183 -0.0060284154284674192 -0.00086419240243814472 -0.0010800675673260558 0.01673311172084347 0 0 -0.00081837458960487574 0.014080603016942698 -0.0005350085967413586 0 -0.0051640896834757198 -0.0054206474226856545 0.0094488504369072204 0 0.005580316206408263 -0.0030412028532235949 0.010076879330790959 0.00012977661587972175
leaf_weight=7.0588485854677847 10.290613825432958 25.142688234336678 11.311233403161166 8.9309531773906254 7.9325981761794528 4.9542503734119228 15.531160419224763 5.3609951881226143 11.215783782768993 7.9329888883512458 7.7040996754076323 7.0871544380206641 10.558713812381027 2.8610917653422865 6.1435060643125317 13.701498877489948 2.6334675233811131 2.6677097843494222 31.958824257366359 17.360016762511812 4.1662471543531856 4.3002200690098098 109.5115290468093 8.9492649654857797 8.359157895203678 2.8833835998084423 10.01797700347379 16.540258600958623 18.497975710779428 88.334674346493557
leaf_count=290 384 623 1247 437 314 163 1696 230 1537 375 503 194 794 122 355 422 114 274 2600 510 167 240 8014 224 180 251 799 1922 1363 4712
internal_value=0 0.00277785 0.00570326 0.00809783 -0.00528765 0.012146 -0.000596413 0.000313416 -0.00615615 0.0048942 -5.25317e-05 -0.000700253 -0.00156833 0.00104188 0.00664702 0.00948051 0.0118715 0.0140755 0.00227545 0.00558737 0.00888418 0.0113228 -0.00415925 0 0.00445938 0.00303186 0.00454806 0 0.00819845 -0.000596609
internal_weight=489.899 81.8563 63.6331 52.3219 18.2232 30.0969 408.043 22.2249 26.7469 16.8639 381.296 325.652 260.808 126.901 28.0073 21.8638 19.0027 16.3692 64.8442 32.8853 25.8265 21.6602 133.907 24.3956 15.4463 55.6437 47.9396 26.5582 21.3814 98.8934
internal_count=31056 3773 3075 1828 698 786 27283 1042 3233 812 24050 19212 15405 6793 1287 932 810 696 3807 1207 917 750 8612 598 374 4838 4335 2721 1614 5506
is_linear=0
shrinkage=0.05


Tree=136
num_leaves=31
num_cat=0
split_feature=9 38 13 2 38 25 22 1 37 12 40 38 31 16 9 38 31 24 1 24 33 22 0 2 18 33 21 9 13 15
split_gain=0.3965 0.545083 0.369802 0.335168 0.710803 0.529562 0.510627 0.349281 0.420287 0.573357 0.415983 0.416182 0.334195 0.541806 0.402387 0.341647 0.424738 0.41752 0.333711 0.32848 0.309512 0.276626 0.263246 0.258201 0.252323 0.298336 0.246738 0.381408 0.256668 0.385498
threshold=0.43000000715255743 -0.033781528472900384 0.35000002384185797 -0.36333334445953364 0.026465415954589847 0.14333331584930423 -0.35000000894069666 -0.22333332896232602 0.050632953643798835 -0.36333334445953364 0.89666664600372326 0.078113079071044936 0.43666666746139532 0.33666664361953741 0.14999997615814212 -0.031785964965820306 -0.4433333277702331 -0.19666665792465207 -0.069999992847442613 0.14999997615814212 -0.056666672229766839 -0.023333340883255001 -0.33666665852069849 -0.37666666507720942 0.083333313465118422 0.34333333373069769 0.20333331823349002 -0.17000000178813932 -0.40333333611488337 -0.29666668176650995
decision_type=2 2 2 2 2 2 2 2 2 2 2 2 2 2 2 2 2 2 2 2 2 2 2 2 2 2 2 2 2 2
left_child=3 2 -2 4 5 6 -1 10 12 -10 11 22 15 14 -14 17 -17 -9 -15 23 21 -11 -5 -6 25 -3 28 -28 -18 -30
right_child=1 24 -4 7 19 -7 -8 8 9 20 -12 -13 13 18 -16 16 26 -19 -20 -21 -22 -23 -24 -25 -26 -27 27 -29 29 -31
leaf_value=0 0.014063056601991404 0.0014092820463611983 0 0.00057477815800301125 -0.010615598330994753 -5.9644712945821053e-05 0.013401692228641163 0.00064139646126528749 0.010026394934021014 0.0088692076703884345 -0.01109969042804514 0.0049518280299855688 0.014082159811877715 0.0049924858126915656 0 0.0071170904772082143 -0.0036819942887144153 -0.0060349560446935346 -0.0065406681985565639 0.0017755255162329273 -0.0039231183918971135 0 -0.0057296743390932645 0.00027664719180201045 0.0034205751510471153 -0.009719662380132367 0.0016755169148844258 -0.0060213719902705819 0.0070915051832663514 -6.2398742295399296e-05
leaf_weight=9.3625069824047404 10.427239758893846 3.098553567426281 5.2495334241539231 14.911860886262728 9.7907977381255478 14.596063619712366 19.571164927212521 24.203763076569885 16.152904476737604 7.6268967202631783 10.968154140980912 11.586746271234004 7.8098943154327589 2.9305159701034436 3.0957596586085856 11.841059068217872 18.585711157880723 63.823583121760748 9.6495784609578514 6.8652766859158865 19.561524790711701 12.618668653070925 36.204176554107107 1.6137926370138309 10.985557822044937 6.2770904428325593 14.985209891339762 39.617840429302305 19.60239660507068 46.894321179017425
leaf_count=389 401 108 383 945 727 1130 688 1850 477 558 645 839 216 79 164 349 485 4695 374 599 1667 922 2285 97 1154 216 1004 2179 738 4733
internal_value=0.000100218 0.00478273 0.010355 -0.000274279 0.00289754 0.00634229 0.00974305 -0.000872273 -5.13797e-05 0.00357888 -0.00384144 -0.00134944 -0.000979208 0.00384504 0.0101237 -0.00163638 0 -0.00400957 -0.00176389 -0.00381872 0 0.00380691 -0.00358562 -0.00807387 0 -0.00530103 -0.00104188 -0.00353977 0.00041429 0.00211401
internal_weight=490.508 36.038 15.6768 454.47 61.7996 43.5297 28.9337 392.671 319 55.96 73.6709 62.7028 263.04 23.4857 10.9057 239.554 151.527 88.0273 12.5801 18.2699 39.8071 20.2456 51.116 11.4046 20.3612 9.37564 139.685 54.6031 85.0824 66.4967
internal_count=31096 2262 784 28834 3630 2207 1077 25204 20490 3624 4714 4069 16866 833 380 16033 9488 6545 453 1423 3147 1480 3230 824 1478 324 9139 3183 5956 5471
is_linear=0
shrinkage=0.05


Tree=137
num_leaves=31
num_cat=0
split_feature=31 17 21 26 36 27 39 29 29 31 5 26 0 28 37 4 32 29 38 12 12 32 12 41 27 41 11 6 1 9
split_gain=0.406701 0.368349 0.331121 0.383908 0.323944 0.375119 0.284024 0.258889 0.293525 0.356939 0.510536 0.641979 0.540276 0.46939 0.321443 0.320769 0.422769 0.4728 0.719416 0.446183 0.483806 0.565241 0.445381 0.452326 0.376997 0.351825 0.351044 0.488719 0.259049 0.247408
threshold=-0.46999999880790705 -0.46999999880790705 0.40333333611488348 0.48333334922790533 -0.29666668176650995 0.36333334445953375 0.012149213813245298 0.41666668653488165 0.01666665077209473 -0.24333333969116208 0.17000001668930056 -0.19666665792465207 -0.22999998927116391 0.1566666662693024 0.073574066162109389 0.23666667938232425 -0.069999992847442613 -0.21000000834465024 0.026465415954589847 0.21666666865348819 0.42333334684371954 -0.3899999856948852 0.16333335638046267 0.031524809077382095 -0.3899999856948852 0.03448110073804856 -0.18999999761581418 0.056666672229766853 0.25000000000000006 0.37000000476837164
decision_type=2 2 2 2 2 2 2 2 2 2 2 2 2 2 2 2 2 2 2 2 2 2 2 2 2 2 2 2 2 2
left_child=1 -1 7 4 -4 6 -6 8 15 10 13 -12 -13 -10 29 16 17 18 19 25 21 -21 23 -19 -25 -2 -18 28 -28 -11
right_child=2 -3 3 -5 5 -7 -8 -9 9 14 11 12 -14 -15 -16 -17 26 22 -20 20 -22 -23 -24 24 -26 -27 27 -29 -30 -31
leaf_value=0.010130982086227945 0.0020956465579874558 0 0.00045071123403943525 0.0040649374885006221 0.00025553462791618402 0.0014439655484344946 -0.010631729073362186 0.0039727077045431953 0.0021067491350990316 -0.0054128413057726657 -0.0039849914516729241 -0.0004491438341089992 0.013502889547177224 -0.0069830222886035024 0.0024999310594081238 -0.003701650725748842 -0.00024642272359164666 -0.0011191781436493927 -0.0088085245286228728 0.013307973373070638 -0.004063782600283109 0 -0.0037189416359936531 -5.0116306799579108e-05 0.010894942748864657 -0.0060793780948819017 0.013020013816276939 0 0 0.00090352824807453001
leaf_weight=12.26282918546349 13.475784959271548 9.7682271861704049 8.5089969234541041 4.7099220820236942 1.6714740719180543 3.4668248298112294 30.335837335209362 33.189181752037257 20.090365392388776 88.061755616799928 5.4987119616707814 4.9254835583269658 15.096611483721057 20.611402876442298 10.258596275118178 24.303653220878914 13.473908109357579 8.8942582842428219 21.819651252939366 12.443249556468803 4.7533457041718057 12.810345408972353 7.3042368884198359 4.5580546080600461 25.950354975881059 23.810588972643018 19.711308252532039 17.321804523468018 4.0195485306903711 8.9705457302043197
leaf_count=233 736 605 572 95 83 339 1830 1628 991 6587 423 238 607 733 882 1944 980 608 2126 417 221 507 563 149 1846 1557 1017 1732 180 725
internal_value=0 0.00583252 -0.000364324 -0.00403357 -0.00578482 -0.00773211 -0.00945482 5.18851e-05 -0.000275302 -0.0018199 0.000737632 0.00584172 0.00979775 -0.00226677 -0.0035746 0.000875513 0.00168251 0 -0.00198184 0.000430485 0.00477594 0.00770044 0.0039164 0.00618684 0.00883545 -0.00266632 0.00516191 0.00727338 0.0111722 -0.00456765
internal_weight=492.077 22.0311 470.046 48.6931 43.9831 35.4741 32.0073 421.353 388.164 173.513 66.2226 25.5208 20.0221 40.7018 107.291 214.65 190.346 135.82 89.113 67.2933 30.0069 25.2536 46.7069 39.4027 30.5084 37.2864 54.5266 41.0527 23.7309 97.0323
internal_count=31154 838 30316 2919 2824 2252 1913 27397 25769 11186 2992 1268 845 1724 8194 14583 12639 8730 5564 3438 1145 924 3166 2603 1995 2293 3909 2929 1197 7312
is_linear=0
shrinkage=0.05


Tree=138
num_leaves=31
num_cat=0
split_feature=18 24 26 34 26 11 18 2 25 20 31 40 3 37 41 40 8 26 24 31 28 18 38 36 26 31 9 4 17 6
split_gain=0.34651 0.482502 0.567155 0.458202 0.442142 0.474873 0.433915 0.421272 0.405735 0.330928 0.362425 0.350174 0.328096 0.308222 0.280637 0.279663 0.276481 0.742661 0.347897 0.271297 0.261059 0.309778 0.281812 0.284664 0.259837 0.239305 0.313924 0.238129 0.290573 0.231601
threshold=-0.43000000715255732 0.14999997615814212 -0.063333332538604722 -0.098333328962326036 0.44333332777023321 -0.090000003576278673 -0.04333332180976867 -0.29000000655651087 -0.016666665673255917 -0.016666665673255917 0.46333330869674688 0.043333332985639579 0.17000001668930056 0.0086016654968261736 0.030537889339029792 0.89666664600372326 -0.12333333492279051 0.29000002145767217 -0.18999999761581418 -0.26999998092651362 -0.41666667163372034 0.12333333492279054 0.1182537078857422 0.38999998569488531 -0.32333332300186152 0.31666666269302374 -0.18333333730697629 -0.46999999880790705 0.19666665792465213 0.13666665554046634
decision_type=2 2 2 2 2 2 2 2 2 2 2 2 2 2 2 2 2 2 2 2 2 2 2 2 2 2 2 2 2 2
left_child=1 7 -3 -4 5 16 14 -1 -6 11 29 -8 -10 -12 -7 24 19 18 -18 -2 27 -22 23 -23 -9 26 -21 -13 -29 -11
right_child=4 2 3 -5 8 6 9 15 12 10 13 20 -14 -15 -16 -17 17 -19 -20 25 21 22 -24 -25 -26 -27 -28 28 -30 -31
leaf_value=-0.0016069477970746982 0.0038903386048546235 0.0069500120333367433 -0.01170527128439105 0 -0.0009479242944149288 -0.0017468378436702103 0.0033840065540268285 0 0.011422520755961561 0.0012912360172878073 0.010662093643541331 -0.005144208757134147 0 -0.00023505840710243863 0.0056039471884510176 -0.00014464284476329315 -0.00094051630728017642 0.0013370221360182169 -0.010835885943790478 -0.0074275549391253004 0 -0.0099715699257667822 0.0004888567865298731 0 0.009384292882683349 0.0025299857363551902 3.0629549498288547e-05 -0.0021374267356266681 0.00834486771008487 -0.0041655149138776311
leaf_weight=10.804417560575528 15.026727859163655 4.5506479700561639 10.114778856048366 10.250398096395651 15.979355254676191 8.3737012441270036 9.2941225230460969 3.8312615370377889 12.854986308608206 45.828436529845931 9.3173994277603907 3.7673085441347203 9.1518844639649597 3.7334595555439583 42.058353897533379 5.0650843577459446 20.069904687697999 21.376297143287957 38.528391930856742 24.332929752068591 18.162887681741267 39.509846040862612 3.6022355472668997 7.0599074950441709 39.780073063215241 7.5102983748074612 14.5318975513801 3.2283912908751509 8.6674765029456449 23.037823646096513
leaf_count=248 712 108 240 208 544 707 601 129 508 3284 267 295 381 206 2926 132 2021 1091 2832 1941 1519 3216 452 719 1010 406 1016 251 508 2696
internal_value=-0.000121235 0.0026215 -0.00223311 -0.00634798 -0.000783532 -0.00138199 0 0.00505512 0.00383009 -0.00113462 0.000932616 -0.00314825 0.0076519 0.00714024 0.00388446 0.00700517 -0.00359019 -0.00547163 -0.00823588 -0.000499818 -0.00432623 -0.0056068 -0.00744231 -0.00851713 0.00825654 -0.00268238 -0.00445049 0.000112083 0.00434028 -0.000387821
internal_weight=489.401 84.3967 24.9158 20.3652 405.004 367.018 225.641 59.4808 37.9862 175.209 81.9171 93.2922 22.0069 13.0509 50.4321 48.6764 141.376 79.9746 58.5983 61.4019 83.9981 68.3349 50.172 46.5698 43.6113 46.3751 38.8648 15.6632 11.8959 68.8663
internal_count=31174 2075 556 448 29099 27666 17647 1519 1433 14014 6453 7561 889 473 3633 1271 10019 5944 4853 4075 6960 5906 4387 3935 1139 3363 2957 1054 759 5980
is_linear=0
shrinkage=0.05


Tree=139
num_leaves=31
num_cat=0
split_feature=25 39 9 10 31 31 15 25 31 4 25 2 27 41 26 33 4 19 27 4 10 40 9 41 28 27 25 7 38 18
split_gain=0.258762 0.385144 1.57598 0.545979 0.451666 0.542957 0.446519 0.520518 0.378682 0.370029 0.305347 0.376878 0.775605 0.395231 0.629011 0.53656 0.376545 0.541968 0.339384 0.321453 0.318928 0.317874 0.28538 0.292444 0.277672 0.250633 0.245502 0.237238 0.225274 0.22038
threshold=-0.023333340883255001 0.029095132835209373 0.030000001192092899 0.32999998331069952 -0.3899999856948852 -0.28333333134651179 -0.236666664481163 -0.29666668176650995 0.47666668891906744 0.35666668415069586 0.4499999880790711 -0.18333333730697629 -0.1766666769981384 0.050311148166656501 0.17000001668930056 0.14333331584930423 0.056666672229766853 -0.16333332657814023 -0.2766666561365127 0.21666666865348819 0.32333332300186163 0.93999999761581432 0.12333333492279054 0.028133865445852283 0.18333333730697635 0.17666667699813846 -0.24333333969116208 -0.030000001192092892 -0.045151710510253899 -0.45666666328907007
decision_type=2 2 2 2 2 2 2 2 2 2 2 2 2 2 2 2 2 2 2 2 2 2 2 2 2 2 2 2 2 2
left_child=1 3 -3 4 25 27 9 -8 22 -5 11 12 21 16 19 -16 18 20 -13 -15 -18 -2 23 -7 26 -1 -24 -6 -10 -25
right_child=10 2 -4 6 5 8 7 -9 28 -11 -12 13 -14 14 15 -17 17 -19 -20 -21 -22 -23 24 29 -26 -27 -28 -29 -30 -31
leaf_value=-0.01282287662554531 0.0105358283424896 0.0092009968028231425 -0.0088065352812738539 0.01037455584681457 0 0 0.0028632689794477455 -0.010108407076262163 0.0080377248988883331 -0.00086868682471657088 -0.004894852337023436 -0.0068377502660813584 -6.6063524105143204e-05 0.0051397780471063885 0 -0.015297306345930337 0.0095687454282949655 -0.00071712131799910983 0.0011205060699645236 -0.0040782943992913531 0 -0.00013284617854376408 0.0080376065603308972 0.00073479075250441461 -0.0045927087715779283 0 -0.00085382744110417655 0.0080693827372638315 -0.0012207253386992225 -0.0069592882208823958
leaf_weight=12.939691834151743 31.57319768355228 27.379739285912365 12.415848292410372 14.749235149938615 12.327304640552031 12.4983707673382 12.162105881143363 6.1092997530940911 5.2707719132304192 4.2464809506200245 13.354944086284375 13.650261111790313 40.700137989711948 16.457698246231306 11.519007512601094 9.2244585996959341 29.751004858873785 25.91753842018079 27.084986804286018 8.531681905849835 8.1558758313767594 2.9052052667830131 9.0096534914337081 2.7900892486795774 9.6463299049064499 2.7566183265298596 5.2981350789777961 9.4719499554485065 4.3099513067863864 87.831850821152329
leaf_count=391 1252 1285 897 405 551 826 781 467 74 160 1654 627 3428 1111 533 537 1102 2811 2297 782 210 106 683 72 704 203 415 419 188 6219
internal_value=-0.000212067 -0.00135695 0.00261918 -0.002272 -0.00349671 -0.00226577 0.00256454 -0.00187063 -0.0035396 0.00725577 0.000893832 0.0014627 0.00420797 0 -0.00362566 -0.00911357 0.00166916 0.00403632 -0.00154683 0.00100561 0.00750958 0.00913281 -0.00438062 -0.0054718 0 -0.0107077 0.00423458 0.00386076 0.00340201 -0.00643274
internal_weight=490.039 251.213 39.7956 211.418 174.151 158.454 37.2671 18.2714 136.655 18.9957 238.826 225.471 75.1785 150.293 45.7328 20.7435 104.56 63.8244 40.7352 24.9894 37.9069 34.4784 127.074 103.12 23.9541 15.6963 14.3078 21.7993 9.58072 90.6219
internal_count=31190 14740 2182 12558 10745 10151 1813 1248 9181 565 16450 14796 4786 10010 2963 1070 7047 4123 2924 1893 1312 1358 8919 7117 1802 594 1098 970 262 6291
is_linear=0
shrinkage=0.05


Tree=140
num_leaves=31
num_cat=0
split_feature=10 40 38 8 41 1 14 27 10 32 32 33 26 7 17 38 38 40 26 26 5 15 41 8 40 37 40 15 41 33
split_gain=0.508341 0.598515 0.742684 0.447676 0.326572 0.29676 0.291263 0.290078 0.283979 0.635909 0.630689 0.721268 0.597318 0.444423 0.440907 0.429935 0.401483 0.607391 0.42607 0.37938 0.341716 0.335031 0.324994 0.338128 0.40534 0.323128 0.321028 0.411736 0.312932 0.305273
threshold=0.38333332538604742 0.77666664123535167 0.11001014709472658 0.23000001907348636 0.031187842600047592 0.096666663885116591 0.32333332300186163 0.096666663885116591 0.043333351612091071 -0.22999998927116391 0.30333334207534796 0.23000001907348636 0.29666668176651007 -0.41666667163372034 -0.26999998092651362 0.011437416076660158 -0.08739995956420897 0.81666666269302379 -0.11666667461395262 0.48333334922790533 -0.030000001192092892 -0.37666666507720942 0.074329238384962096 -0.3899999856948852 0.92333334684371959 0.058560371398925788 0.67666667699813854 -0.04333332180976867 0.03304651007056237 0.20333331823349002
decision_type=2 2 2 2 2 2 2 2 2 2 2 2 2 2 2 2 2 2 2 2 2 2 2 2 2 2 2 2 2 2
left_child=8 2 6 -3 -5 -4 -2 -6 12 13 11 19 16 -10 20 26 17 18 -1 29 -14 -17 23 -16 25 -25 27 -12 -15 -11
right_child=1 3 5 4 7 -7 -8 -9 9 10 15 -13 14 28 22 21 -18 -19 -20 -21 -22 -23 -24 24 -26 -27 -28 -29 -30 -31
leaf_value=-0.013634807631820524 0.012110346481109813 0.0050115222787416609 0.0015598260300616622 0.0014702001108817763 -0.012986804407184275 -0.010835733169176517 0.00091219844017585326 0 -0.0042566092048168039 -0.0049740525254371474 -0.011747725654818554 -0.012287142682787652 -0.0060767767469220276 0 0 0.011186654139008559 0.0002995765815527077 0.0034140316749729782 0 0.0049369177776807287 0.0039711720636976082 0 -0.00012195522838633329 0.014995225554691412 -0.00040352990319227804 0 0.0028953791274063832 0.00095924151476059157 0.0087997916846989498 0.0035499326900384574
leaf_weight=12.788192926906051 27.546245442703366 5.2863883967511383 2.2597438874654463 2.1417106718290588 8.6458207427058351 2.4119057410862297 14.571067377924917 1.913576456485315 6.8015783962327978 61.090367825934663 7.6765380492433914 25.245244118385017 9.4759733544196951 7.9236551877111223 6.0657106577418771 8.6057051341049391 165.45061515597627 7.7509579116012892 12.878932494902982 7.4806597619317463 11.932840456254779 7.6598893959308034 4.7803268469870082 21.061107322108008 1.9965481283143152 2.6547836305107912 6.4359794660704202 4.5006021677982071 21.101151261478662 4.5023157184477887
leaf_count=836 1222 293 144 135 480 125 1140 191 432 3496 525 1662 301 519 256 251 12298 472 793 169 363 934 196 1012 135 182 527 527 1229 272
internal_value=0.00021536 0.00417233 0.00704231 -0.002145 -0.00711269 -0.0049913 0.00935259 -0.0102652 -0.000378242 -0.00196929 -0.00362719 -0.00564416 0.00059476 0.00323298 0.00485068 0.00144072 -0.000629479 -0.00520886 -0.00875575 -0.00227479 0 0.00666874 0.00782722 0.00951421 0.011597 0.013326 -0.00262416 -0.00690954 0.00613037 -0.00379129
internal_weight=490.636 64.7765 46.789 17.9875 12.7011 4.67165 42.1173 10.5594 425.86 169.024 133.197 98.3186 256.836 35.8264 57.9673 34.8787 198.869 33.4181 25.6671 73.0733 21.4088 16.2656 36.5585 31.7781 25.7124 23.7159 18.6131 12.1771 29.0248 65.5927
internal_count=31117 3730 2631 1099 806 269 2362 671 27387 10543 8363 5599 16844 2180 2445 2764 14399 2101 1629 3937 664 1185 1781 1585 1329 1194 1579 1052 1748 3768
is_linear=0
shrinkage=0.05


Tree=141
num_leaves=31
num_cat=0
split_feature=10 25 36 31 17 4 41 5 26 28 11 27 0 40 39 27 22 29 33 26 28 16 24 37 17 21 11 1 1 41
split_gain=0.393155 0.240295 0.255519 0.229847 0.511675 0.392832 0.393694 0.368621 0.411983 0.319551 0.287313 0.277769 0.208367 0.318898 0.340982 0.300882 0.291835 0.273574 0.375533 0.488218 0.374413 0.388483 0.378423 0.336291 0.331512 0.314114 0.26203 0.367356 0.366098 0.283945
threshold=0.46999999880790716 0.35000002384185797 0.17000001668930056 -0.3899999856948852 -0.45666666328907007 -0.13833332061767575 0.032710153609514243 0.29666668176651007 0.20999997854232791 0.45499998331069952 0.11000001430511476 -0.20333333313465116 0.36333334445953375 0.89666664600372326 0.017359882593154911 0.43000000715255743 0.31666666269302374 0.19666665792465213 -0.45666666328907007 -0.10333332419395445 -0.41666667163372034 -0.28333333134651179 0.16333335638046267 0.076024055480957045 -0.1766666769981384 -0.096666663885116563 0.38333332538604742 -0.22333332896232602 -0.13666665554046628 0.064443118870258345
decision_type=2 2 2 2 2 2 2 2 2 2 2 2 2 2 2 2 2 2 2 2 2 2 2 2 2 2 2 2 2 2
left_child=3 2 -2 4 7 11 -7 8 -1 -9 -8 -6 16 14 -14 -16 17 18 19 -5 -20 22 24 -19 -22 -24 27 29 -29 -23
right_child=1 -3 -4 12 5 6 10 9 -10 -11 -12 -13 13 -15 15 -17 -18 23 20 -21 21 26 25 -25 -26 -27 -28 28 -30 -31
leaf_value=0.0020244519989947372 0 0 0.011761193981938546 0.0013719495308794703 0.0064612881050668735 0 -0.016547938831168445 0.011582988821421907 -0.0085035872418626965 0 0 -0.0040923547900044875 0.00017114092453048284 0.0031239259255822242 -0.0099360710231083012 0.00079865966429085427 0.0044033829207820027 -0.0039074776472544743 0.0069035383486230357 -0.011278147385194044 0.0090287555600200783 -0.0064607601022246179 0.0042861233737147121 0.0042260264042827391 -0.00019063713412209373 -0.00658038403464922 0.0045595400951292959 0.0057823833968339636 -0.0011477187164566965 0.00090074808360723164
leaf_weight=13.039531917544084 2.0008074620272955 4.7207350998651227 8.8273690496571344 7.4932902050204602 4.0037680764216921 6.9675979583989855 11.344139823457224 5.7624634786043298 9.350124422227962 5.8275340739637613 4.424026063643395 10.526967788347973 10.740025761770083 6.5855962412897489 22.267989354673777 2.1560922255739561 31.534193197963759 74.489929320290685 20.237443245947361 8.6716456438880396 26.706360515207049 40.639704793225974 4.5934837961103758 7.179263597005046 6.3573725041933384 8.3416386020835471 13.309989452129228 17.860186498961411 83.850579130463302 8.7580082388594729
leaf_count=271 123 438 456 427 110 353 514 119 194 141 411 835 896 549 1706 197 1959 4772 1268 442 896 3019 191 454 295 314 916 1444 6982 515
internal_value=-0.000362502 0.00613654 0.00916074 -0.000702514 -0.00322093 -0.00690821 -0.0102972 0.000627562 -0.00235954 0.00665584 -0.0136083 0 -0.000153795 -0.00329169 -0.00538075 -0.0081961 0.000189781 -0.000211706 0.000545857 -0.00550224 0.00120412 0.000364245 0.00421112 -0.00266703 0.0068591 -0.00126582 -0.000675657 -0.00145243 9.14073e-05 -0.00474811
internal_weight=488.568 15.5489 10.8282 473.019 71.2462 37.2665 22.7358 33.9797 22.3897 11.59 15.7682 14.5307 401.773 41.7497 35.1641 24.4241 360.023 328.489 246.82 16.1649 230.655 210.417 45.9989 81.6692 33.0637 12.9351 164.418 151.108 101.711 49.3977
internal_count=31207 1017 579 30190 2948 2223 1278 725 465 260 925 945 27242 3348 2799 1903 23894 21935 16709 869 15840 14572 1696 5226 1191 505 12876 11960 8426 3534
is_linear=0
shrinkage=0.05


Tree=142
num_leaves=31
num_cat=0
split_feature=10 4 37 37 24 31 28 33 24 23 10 41 35 41 5 40 1 33 5 41 32 40 9 25 10 23 24 25 24 34
split_gain=0.507311 0.660685 0.598045 0.547934 0.561926 0.414066 0.319289 0.298723 0.403104 0.229633 0.510195 0.333833 0.28333 0.37595 0.281436 0.275898 0.272334 0.567633 0.393413 0.580971 0.463747 0.435236 0.36173 0.355817 0.324282 0.325494 0.412442 0.330408 0.469593 0.315671
threshold=0.38333332538604742 0.1566666662693024 0.018483638763427738 0.053565502166748054 0.32999998331069952 0.18999999761581424 0.44166666269302374 0.46333330869674688 0.35000002384185797 -0.19666665792465207 -0.22999998927116391 0.037021264433860786 0.29666668176651007 0.062057629227638252 -0.45666666328907007 0.89666664600372326 -0.056666672229766839 -0.2766666561365127 0.16333335638046267 0.051068123430013664 0.35000002384185797 0.89666664600372326 0.26333332061767584 -0.10333332419395445 0.31000000238418585 -0.036666661500930779 -0.0099999904632568342 -0.26333332061767573 0.11000001430511476 -0.030000001192092892
decision_type=2 2 2 2 2 2 2 2 2 2 2 2 2 2 2 2 2 2 2 2 2 2 2 2 2 2 2 2 2 2
left_child=9 3 6 4 5 -2 7 8 -3 10 11 14 13 -12 -1 -13 24 -18 21 20 22 29 23 -20 25 -11 -27 -28 -29 -19
right_child=1 2 -4 -5 -6 -7 -8 -9 -10 16 12 15 -14 -15 -16 -17 17 18 19 -21 -22 -23 -24 -25 -26 26 27 28 -30 -31
leaf_value=-0.0015362501070649258 0.017100575882767862 -0.015592019472501016 0.0069104679378030002 -0.00064032597911064973 -0.0019864188233455174 0.00024421615785650338 0.0001124456054950512 0 0 -0.0001592476265597865 -0.0079446555747802548 -0.0045794724850024525 9.7626654768530577e-05 0.00016888285605840044 0.0083526489913336582 0.0048106705897319104 -0.0062075057551735317 -0.00037268702062497023 0 -0.0031535249238285588 -0.00044381389837148315 0.0051833992901850548 0 0.013460248809131693 -0.0043298498905236186 0.0091182717411406478 -0.005217435895537006 -0.004020808372735535 0.0068790099458193171 -0.0072456023508514602
leaf_weight=2.7489874125458327 16.566046485211707 7.8297755871899479 8.6687289641704393 7.5224217709619543 2.3058152438607058 8.2916678087785822 8.3409456736408156 3.3502830034121862 2.1511955941095948 34.590404757065699 48.81742425612174 20.096079329843636 14.031441855709998 11.101412637624888 16.217863488709554 3.5744031502399585 33.940459093078971 56.546078362152912 9.534192390041424 17.525230103172362 13.663471642532384 11.787994675571097 7.2819907347438848 21.160616017179567 8.7449503792449814 29.016406667185947 8.2094246060587448 6.8739869755227145 24.1574304405367 25.227393607376143
leaf_count=128 803 420 648 355 150 456 408 287 198 2091 3310 1415 1378 687 961 244 2516 3389 622 1273 1048 781 443 1155 500 1697 462 364 1386 1551
internal_value=0.000145402 0.0040959 -0.000641324 0.00833765 0.0112438 0.0134288 -0.00540883 -0.00911926 -0.0121378 -0.000449852 -0.00230016 0.0015151 -0.00476123 -0.00618363 0.00589331 -0.00163283 0.000200961 -0.000825888 0.000329231 0.00316527 0.00584846 -0.00158062 0.00843248 0.0104815 0.00217305 0.00316385 0.00506135 0.000697438 0.00352915 -0.00312818
internal_weight=489.875 65.0269 30.3409 34.686 27.1635 24.8577 21.6722 13.3313 9.98097 424.848 116.588 42.6373 73.9503 59.9188 18.9669 23.6705 308.26 196.667 162.727 69.1655 51.6403 93.5615 37.9768 30.6948 111.593 102.848 68.2572 39.2408 31.0314 81.7735
internal_count=31126 3725 1961 1764 1409 1259 1313 905 618 27401 8123 2748 5375 3997 1089 1659 19278 12778 10262 4541 3268 5721 2220 1777 6500 6000 3909 2212 1750 4940
is_linear=0
shrinkage=0.05


Tree=143
num_leaves=31
num_cat=0
split_feature=31 39 39 37 37 22 38 18 40 13 30 19 40 39 27 38 39 6 37 9 35 32 14 29 9 41 38 27 10 10
split_gain=0.353022 0.576725 0.648308 0.637941 0.819925 0.590115 0.575989 0.466435 0.408124 0.309001 0.338635 0.271211 0.559981 0.479069 0.58366 0.718085 0.482965 0.444739 0.5198 0.423027 0.819474 0.779446 0.589518 0.504307 0.412643 0.372652 0.371882 0.368073 0.349099 0.318921
threshold=0.38333332538604742 0.013434986118227245 0.021435073576867584 0.012290954589843752 -0.073779106140136705 -0.07833333313465117 0.031355857849121101 0.23000001907348636 0.75000000000000011 0.11000001430511476 -0.236666664481163 -0.30333334207534784 0.11666666716337205 0.025036369450390342 -0.3899999856948852 -0.014031887054443358 0.013434986118227245 -0.25666666030883784 -0.00053071975708007802 0.23666667938232425 0.20333331823349002 -0.12999999523162839 -0.40333333611488337 0.20333331823349002 -0.056666672229766839 0.031524809077382095 -0.019491672515869137 -0.20333333313465116 0.20333331823349002 0.43000000715255743
decision_type=2 2 2 2 2 2 2 2 2 2 2 2 2 2 2 2 2 2 2 2 2 2 2 2 2 2 2 2 2 2
left_child=11 -2 3 4 -3 9 -6 -7 -9 -4 -11 13 17 16 15 -15 28 26 -19 20 23 -21 -23 -18 -25 -26 -13 -22 -1 -14
right_child=1 2 5 -5 6 7 -8 8 -10 10 -12 12 29 14 -16 -17 19 18 -20 21 27 22 -24 24 25 -27 -28 -29 -30 -31
leaf_value=0 -0.0087582633294136774 -0.0023620059018570026 -0.0016401918831522842 -0.00088960169583475002 0.017806547253243373 0.0012544903928622315 0 -0.013433731605739531 0 0.012087747991887672 0 0.0096777897886847087 -0.0044067074333327726 0.0051430929539390078 0.0079658552856483149 -0.01117616976208511 0.00016825574037365572 -0.0057792408618274416 0.004489879446622865 0.0037886427471071011 0.010921073475443311 -0.015396699886330471 0 0 0 -0.01303198328916187 -0.0010060150192553973 -0.0006212484626518588 0.011236812843403662 0.0018016960028351748
leaf_weight=10.663222600007431 3.3022195405792436 3.6985312118194988 3.672929443651813 7.8300333832157767 19.018802733160562 10.498787847347559 2.4360754538793108 9.9157855764497054 4.3290637496393165 10.128173349425197 4.9017833056859645 16.894517601933334 146.6798966168426 7.3691647294908762 32.470883332192898 6.3293861101847124 48.698056324617937 22.869975350797176 13.854985048645174 5.7267282726243165 13.414389798184859 14.927377440966669 5.5608229034114602 11.802152026211841 4.9815237307921079 16.870487618027255 5.1353114985395214 3.9580189660191527 6.3489949768409124 14.433958477340637
leaf_count=302 282 121 157 750 692 425 238 353 178 273 280 719 15224 194 1153 132 1823 2251 1473 176 316 374 205 325 143 548 499 151 135 1265
internal_value=-0.000284496 0.00256527 0.0039597 0.00864461 0.0120147 0 0.0153782 -0.00481177 -0.00956435 0.00555935 0.00847351 -0.000929355 -0.00211775 0.000346765 0.00455088 -0.00223552 -0.00097183 0.00166267 -0.00123347 -0.00223926 -0.000340039 -0.00727911 -0.011474 -0.00273666 -0.00696001 -0.010296 0.00661317 0.00773731 0.00546191 -0.00365619
internal_weight=488.722 79.7322 76.43 32.9834 25.1534 43.4465 21.4549 24.7436 14.2448 18.7029 15.03 408.99 219.869 189.121 46.1694 13.6986 142.952 58.7548 36.725 125.94 99.7246 26.2149 20.4882 82.3522 33.6542 21.852 22.0298 17.3724 17.0122 161.114
internal_count=31157 3749 3467 1801 1051 1666 930 956 531 710 553 27408 21431 5977 1479 326 4498 4942 3724 4061 3306 755 579 2839 1016 691 1218 467 437 16489
is_linear=0
shrinkage=0.05


Tree=144
num_leaves=31
num_cat=0
split_feature=30 7 33 3 4 37 11 37 31 38 18 18 12 7 9 37 2 16 12 19 0 9 32 30 31 40 9 1 1 22
split_gain=0.302247 0.517606 0.383157 0.361979 0.358803 0.346383 0.337359 0.45129 0.481296 0.39008 0.298039 0.296486 0.439481 0.382189 0.336214 0.581551 0.373998 0.364706 0.441 0.359941 0.325479 0.316849 0.311253 0.803873 0.302608 0.332054 0.275986 0.252998 0.248156 0.247137
threshold=0.44333332777023321 0.31666666269302374 0.4499999880790711 0.34333333373069769 0.43666666746139532 0.017503738403320316 0.38333332538604742 0.023048877716064457 0.19666665792465213 1.0000000180025095e-35 0.17666667699813846 0.29000002145767217 0.26999998092651373 -0.25666666030883784 -0.13666665554046628 -0.012894630432128905 -0.12333333492279051 0.31666666269302374 -0.13666665554046628 0.24333333969116214 -0.41666667163372034 -0.20333333313465116 -0.18999999761581418 0.14999997615814212 -0.31000000238418574 0.043333332985639579 0.30333334207534796 0.4499999880790711 -0.3899999856948852 0.17166668176651004
decision_type=2 2 2 2 2 2 2 2 2 2 2 2 2 2 2 2 2 2 2 2 2 2 2 2 2 2 2 2 2 2
left_child=3 29 4 6 -3 26 11 8 -8 -10 -4 14 20 -14 15 16 19 18 21 24 -13 -17 23 -16 -1 -26 27 28 -5 -2
right_child=1 2 10 5 -6 -7 7 -9 9 -11 -12 12 13 -15 22 17 -18 -19 -20 -21 -22 -23 -24 -25 25 -27 -28 -29 -30 -31
leaf_value=0.00055105664428399504 -0.0058794589348209825 0.012826836720766384 -0.0073702224379466235 0 0 0 -0.00025060034062300833 -0.002789164193894226 0.014727072959145965 0 0.0047226310021119249 0 0.0058651943577228112 -0.0052083019819405205 -0.002982004167013174 -0.0010173681512329893 0.0013420682536911495 -0.0017675393805103704 0.0099401227896332642 0.002078977790681088 -0.013111961904725392 0.0069118918425101067 -0.0026148293828534568 0.0079810952222775771 0 -0.012528175355065091 0 0 -0.013821651762932131 0.0021455137001622228
leaf_weight=2.2384301049169215 11.310453802347185 16.460585983935751 3.4187861881218842 1.5517761195078517 3.5273267957381895 15.660505952429956 6.5975056218449089 6.8120600922266012 12.196911318693308 2.4499700153246513 4.4679020429030061 1.9000560536514957 9.5067757992073911 9.557948107714763 31.664153765887022 29.516053678933531 29.812339469557628 11.394667587475849 30.535025333752856 4.0382108248304567 10.035769839072602 11.356975377537308 143.64953329984564 22.368034937418997 2.3404263276606825 16.327500010142103 7.3101288751931852 3.3934419775614506 14.258850095444361 10.888464186107738
leaf_count=90 271 474 136 133 265 1585 632 581 391 221 420 127 380 880 2361 1532 1912 753 2405 216 736 498 9343 993 129 1092 758 326 1115 244
internal_value=-0.000110203 0.00328408 0.00737106 -0.000595358 0.0103769 -0.00469387 -3.07374e-05 0.00466286 0.00805801 0.0119966 0 -0.00052682 -0.00477752 0 0 0.00179633 -0.00178371 0.00440587 0.00577458 -0.00586323 -0.0104088 0.00125523 -0.00136102 0.00148409 -0.00844798 -0.0104121 -0.00769919 -0.0101905 -0.0122066 -0.0014377
internal_weight=486.547 50.0735 27.8746 436.473 19.9879 42.1747 394.298 28.0564 21.2444 14.6469 7.88669 366.242 31.0005 19.0647 335.241 137.56 54.7569 82.8027 71.4081 24.9446 11.9358 40.873 197.682 54.0322 20.9064 18.6679 26.5142 19.2041 15.8106 22.1989
internal_count=30999 1810 1295 29189 739 3917 25272 1825 1244 612 556 23447 2123 1260 21324 8627 3439 5188 4435 1527 863 2030 12697 3354 1311 1221 2332 1574 1248 515
is_linear=0
shrinkage=0.05


Tree=145
num_leaves=31
num_cat=0
split_feature=10 40 38 31 18 21 40 5 37 35 39 12 2 38 7 39 21 39 22 1 32 24 38 10 15 24 26 21 35 0
split_gain=0.293281 0.507803 0.736753 0.356537 0.33693 0.330957 0.303602 0.263485 0.257167 0.327534 0.24681 0.305753 0.271282 0.234825 0.222117 0.210733 0.202845 0.445699 0.30064 0.301102 0.278475 0.64648 0.724615 0.96504 0.399636 0.396863 0.39644 0.360287 0.295506 0.295036
threshold=0.38333332538604742 0.79000002145767223 0.11001014709472658 -0.31666666269302363 0.37666666507720953 0.40333333611488348 0.043333332985639579 0.069999992847442641 -0.08790349960327147 -0.016666665673255917 0.026239424012601379 0.43000000715255743 0.069999992847442641 0.079587936401367201 -0.31000000238418574 0.014314724598079922 0.18999999761581424 0.026617088355124 0.21666666865348819 0.26999998092651373 -0.29000000655651087 0.01666665077209473 -0.024595737457275387 -0.036666661500930779 -0.24333333969116208 -0.10999999940395354 -0.19666665792465207 -0.21666666865348813 0.35000002384185797 -0.056666672229766839
decision_type=2 2 2 2 2 2 2 2 2 2 2 2 2 2 2 2 2 2 2 2 2 2 2 2 2 2 2 2 2 2
left_child=4 2 6 13 5 16 -2 14 -6 -10 11 -8 -12 -3 -7 -16 20 18 -18 -20 25 -22 23 -23 26 -1 -24 29 -25 -27
right_child=1 3 -4 -5 8 7 10 -9 9 -11 12 -13 -14 -15 15 -17 17 -19 19 -21 21 22 24 28 -26 27 -28 -29 -30 -31
leaf_value=0.0058233579980148846 0 -0.011140362675967507 -0.0061934033893595759 0.0022915154123390089 0.0016438969196691713 0 0.012841968949411335 0 -0.011381162716223891 0 0.0058468459423333665 0 -0.0059579469875897665 0 0 -0.012635725733043786 0.0025841566429153479 0.0082712530275677858 -0.0072116773039207971 0.00094436353403356112 -0.0041932904307114931 0.002925976344905355 -0.00049857163365336996 -0.013335668133763232 0 0.0075502585566438107 0.0099606229973964195 -0.0053077857360233592 0 -0.0022397795302107402
leaf_weight=32.678793121362105 5.041770660551264 6.9187325874809193 4.59765838633757 8.0103350828867388 3.4756543212570277 3.4786839245352885 25.72821117122658 23.631825764896348 12.711810476961551 14.560825744760217 4.5390892846044144 4.2129746847786 2.9561889730393887 2.5459800767712295 1.925689874915405 9.8296291681472194 50.297729407204315 17.974253195454367 15.402067959308626 12.08035608474165 96.078199035255238 19.274736812571064 5.6616693404503158 13.423078847816216 23.527775333379395 9.9470896667335165 28.926993957720697 19.166835303884 2.8234426210401571 5.4002832318656138
leaf_count=2047 277 340 269 660 155 208 1360 1313 841 1629 145 429 177 84 104 586 2934 1009 835 772 7010 1248 274 914 2416 545 903 1116 205 311
internal_value=-4.88758e-05 0.00288123 0.00558694 -0.00290771 -0.000589246 -9.27061e-05 0.00798642 -0.00418701 -0.00518411 -0.00694518 0.00941596 0.0111498 0 -0.00810643 -0.00825005 -0.0106148 0.000351305 0.00227517 9.80157e-05 -0.00335311 -0.000306223 -0.00136442 0.00136499 -0.00353624 0.00480116 0.00220692 0.00781204 -0.000955458 -0.0110481 0.00327303
internal_weight=486.828 64.5509 47.0759 17.475 422.277 391.529 42.4782 38.8658 30.7483 27.2726 37.4365 29.9412 7.49528 9.46471 15.234 11.7553 352.663 95.7544 77.7802 27.4824 256.909 189.716 93.6377 35.5213 58.1164 67.193 34.5887 34.5142 16.2465 15.3474
internal_count=31116 3741 2657 1084 27375 24750 2388 2211 2625 2470 2111 1789 322 424 898 690 22539 5550 4541 1607 16989 12970 5960 2367 3593 4019 1177 1972 1119 856
is_linear=0
shrinkage=0.05


Tree=146
num_leaves=31
num_cat=0
split_feature=15 38 10 41 37 12 32 2 36 4 41 25 38 32 31 25 40 40 40 31 41 32 38 4 35 39 41 30 32 40
split_gain=0.328346 0.46981 0.580126 0.532484 0.488968 0.481383 0.592094 0.805391 0.529466 0.519779 0.461003 0.457806 0.446073 1.01968 0.726565 0.650762 0.637013 0.721055 0.804452 0.390151 0.371629 0.331795 0.330418 0.389176 0.365863 0.318275 0.387418 0.302325 0.298504 0.289927
threshold=-0.24333333969116208 -0.032514572143554681 0.41666668653488165 0.03232953883707524 0.0016446113586425783 -0.21666666865348813 0.12333333492279054 0.36333334445953375 0.13666665554046634 -0.1766666769981384 0.038938464596867568 -0.12999999523162839 0.026465415954589847 -0.083333343267440782 0.34333333373069769 -0.24333333969116208 0.51999998092651378 0.096666667610406889 0.056666666641831405 -0.36333334445953364 0.081666942685842528 -0.25666666030883784 -0.061710357666015618 -0.32999998331069941 -0.069999992847442613 0.018027682788670066 0.031524809077382095 -0.036666661500930779 -0.35000000894069666 0.54666668176651012
decision_type=2 2 2 2 2 2 2 2 2 2 2 2 2 2 2 2 2 2 2 2 2 2 2 2 2 2 2 2 2 2
left_child=1 2 4 -3 28 6 8 19 9 -5 -6 27 14 -14 15 21 17 18 -16 -8 -19 29 23 -18 -25 -15 -27 -11 -1 -2
right_child=12 3 -4 5 10 -7 7 -9 -10 11 -12 -13 13 25 16 -17 22 20 -20 -21 -22 -23 -24 24 -26 26 -28 -29 -30 -31
leaf_value=0.00083038039305746562 0.010204333150048976 0.0079072777197401033 0.0067188215152328944 0.0066051780600938723 -0.0057971594389162519 0.0068307874949298233 -0.013994968037538587 0.0056253028077088004 0.0088155639644285529 0 0.00666548363457037 0.0010356934802466262 -0.0086223751753031676 -0.0028522667653807974 0.0060950500883886587 -0.003934184591191249 0.0020390038864898543 0.013598102905661998 -0.010400748475633702 -0.00096871523785580177 0 -0.00077373853887197053 0.0033117037740806828 -0.013525530673024189 0 -0.0031040022590861482 0.0073969712565754471 -0.011972875764800653 -0.010271283323294298 0
leaf_weight=1.6592449517920638 13.518758213613184 40.946952763944864 7.6713099291082463 10.073983668582512 6.4689735218416926 22.756364335538819 12.810374571243303 6.4394577282946548 15.912529227323828 3.9692361964844141 10.699960266705601 14.028770937118681 42.768264712416567 15.762778310454449 13.312576953554528 90.362067821319215 4.3150576632469884 25.475234671728689 5.9590193922631434 16.377196029759943 4.627068012719973 14.696177216712384 12.396300880471243 7.6655130377039304 3.3580709698144373 4.7876414114143726 22.791812916868366 11.312876204960048 22.266779606812634 5.3476972372736773
leaf_count=60 683 1359 277 269 357 1172 284 167 452 173 481 392 4154 1922 431 8630 97 835 245 536 150 1505 816 233 136 552 2401 357 1651 453
internal_value=0.000385405 0.00192477 -0.0018824 0.00330658 -0.00467029 0.00112721 -0.000376819 -0.00516376 0.00250303 -0.000324828 0.000605495 -0.00413226 -0.000636779 -0.00356185 0.000562306 -0.00165324 0.0042861 0.00746808 0 -0.00880787 0.0116394 0.00352124 -0.000958168 -0.00554144 -0.0096501 0.00136626 0.00460065 -0.00900557 -0.00865387 0.00725165
internal_weight=490.538 203.394 48.7663 154.628 41.095 113.681 90.9244 35.627 55.2974 39.3849 17.1689 29.3109 287.144 86.1105 201.034 123.925 77.1088 49.3739 19.2716 29.1876 30.1023 33.5626 27.7349 15.3386 11.0236 43.3422 27.5795 15.2821 23.926 18.8665
internal_count=31230 7987 2826 5161 2549 3802 2630 987 1643 1191 838 922 23243 9029 14214 11271 2943 1661 676 820 985 2641 1282 466 369 4875 2953 530 1711 1136
is_linear=0
shrinkage=0.05


Tree=147
num_leaves=31
num_cat=0
split_feature=10 4 8 32 26 39 10 37 17 32 5 8 41 39 38 10 41 35 27 37 40 35 10 40 14 36 41 30 11 40
split_gain=0.346001 0.713974 0.721919 0.531209 0.303248 0.378849 0.832071 0.367864 0.35221 0.345364 0.393583 0.471749 0.319188 0.381376 0.413002 0.310533 0.784958 0.429704 0.464511 0.302478 0.295791 0.338401 0.361845 0.288863 0.273191 0.292876 0.246031 0.239296 0.276266 0.346021
threshold=0.38333332538604742 0.19666665792465213 0.36333334445953375 0.24333333969116214 0.42333334684371954 0.029095132835209373 -0.030000001192092892 0.016635417938232425 -0.14333333075046537 -0.29666668176650995 -0.016666665673255917 0.11000001430511476 0.030537889339029792 0.029931325465440754 -0.14522457122802732 -0.32333332300186152 0.036240529268980033 -0.37666666507720942 -0.036666661500930779 0.050632953643798835 0.84333333373069774 0.26333332061767584 -0.21666666865348813 0.070000000298023238 0.46333330869674688 0.41666668653488165 0.051579894497990615 -0.32333332300186152 0.2833333313465119 0.51999998092651378
decision_type=2 2 2 2 2 2 2 2 2 2 2 2 2 2 2 2 2 2 2 2 2 2 2 2 2 2 2 2 2 2
left_child=4 2 23 26 5 15 8 -8 -7 -6 -11 -12 -10 -14 -15 16 27 -18 -19 24 -17 22 -22 -2 25 -4 -3 28 29 -1
right_child=1 3 19 -5 9 6 7 -9 12 10 11 -13 13 14 -16 20 17 18 -20 -21 21 -23 -24 -25 -26 -27 -28 -29 -30 -31
leaf_value=0.011073956696969412 0 -0.012604812886986755 -0.00091518548889273771 0.0018559719157618761 0.0096538241985687327 0 0.00038368423319021824 -0.0092983187429222566 -0.00016560260849869497 -0.0052528869739325752 0.0084842677762792893 -0.0014412543427432863 -0.0004150099435670912 0 0.014987455013199515 0 0 0 -0.015607806753433685 -0.0079080278544690023 0.0011560027051140875 0.0020127725843686202 -0.0082232041842157117 0.014450930666627646 -0.0032626512871444116 0.010281224276775011 0 -0.0040546542253662643 -0.001332054042223055 -0.00031042469050701594
leaf_weight=9.6462225134018862 2.8361147376708713 6.4991041497560236 2.3628251745831248 19.729376045754179 7.7645935020409516 10.405477572232483 12.580711332848297 10.358389822300522 2.8150270285550532 13.771052049705757 15.841693009249868 15.936074891593305 2.1658551828004446 4.0703876877669307 18.731995441135947 192.6124873397639 10.489457905292509 8.4900745833292621 18.146078494144604 3.1488649949897072 6.3446227431995785 8.6712424417491984 32.426458512549289 17.538039632840082 2.752257627900689 8.181660397211088 1.7024161072913555 7.6760999429970971 7.1756175688933572 4.3069605352357021
leaf_count=475 127 364 99 1377 257 591 880 810 157 508 490 619 165 201 944 13768 657 566 1428 195 510 771 2214 747 225 456 127 598 389 365
internal_value=0 0.00322302 0.00746859 -0.0019679 -0.000552258 -0.00112089 0.00214837 -0.00414582 0.00654446 0.00265911 0 0.00340664 0.00906013 0.0107381 0.0125312 -0.00188289 -0.00485879 -0.00919544 -0.012027 0 -0.00086541 -0.00415753 -0.00618074 0.0126092 0.00308838 0.00683922 -0.00982469 0.000633921 0.00377884 0.00727032
internal_weight=485.177 64.7507 36.8198 27.9309 420.427 367.113 61.1278 22.9391 38.1887 53.3134 45.5488 31.7778 27.7833 24.9682 22.8024 305.985 65.9305 37.1256 26.6362 16.4456 240.055 47.4423 38.7711 20.3742 13.2967 10.5445 8.20152 28.8049 21.1288 13.9532
internal_count=31080 3717 1849 1868 27363 25489 3748 1690 2058 1874 1617 1109 1467 1310 1145 21741 4478 2651 1994 975 17263 3495 2724 874 780 555 491 1827 1229 840
is_linear=0
shrinkage=0.05


Tree=148
num_leaves=31
num_cat=0
split_feature=11 5 18 0 37 19 23 4 5 33 38 17 17 17 18 23 29 6 20 14 14 15 15 38 21 36 37 35 21 35
split_gain=0.27748 0.417234 0.389939 0.418811 0.431069 0.380851 0.361392 0.448709 0.341083 0.384828 0.364273 0.392566 0.340522 0.337087 0.318105 0.301756 0.302059 0.408483 0.938481 0.374524 0.43389 0.567976 0.4605 0.420672 0.361844 0.356666 0.391494 0.355231 0.309032 0.294067
threshold=0.20999997854232791 0.17000001668930056 -0.11666667461395262 0.056666672229766853 0.025034427642822269 0.1566666662693024 -0.41666667163372034 0.21666666865348819 0.30333334207534796 0.22333335876464847 0.0084095001220703142 -0.46999999880790705 0.20333331823349002 -0.06833332777023314 -0.26999998092651362 0.41666668653488165 0.13666665554046634 -0.21666666865348813 -0.21000000834465024 0.11000001430511476 -0.049999997019767754 -0.15000000596046445 -0.0099999904632568342 -0.14281558990478513 0.27666664123535162 0.40333333611488348 0.076024055480957045 0.069999992847442641 -0.3899999856948852 0.069999992847442641
decision_type=2 2 2 2 2 2 2 2 2 2 2 2 2 2 2 2 2 2 2 2 2 2 2 2 2 2 2 2 2 2
left_child=1 15 3 4 -3 29 -2 13 9 -5 11 -10 -9 -8 -13 16 19 18 -18 20 21 27 -22 -21 28 26 -19 -1 -23 -4
right_child=6 2 5 8 -6 -7 7 12 10 -11 -12 14 -14 -15 -16 -17 17 25 -20 23 22 24 -24 -25 -26 -27 -28 -29 -30 -31
leaf_value=0.0033999879373723496 -0.0052134098070004964 0.009894719607679188 0 0.0073936765682258987 -0.00069609299192208683 0.0023143645125159604 -0.0016047478130915569 0.0038004963407737217 0 -0.0029721894363019382 0.0018343163088469787 -0.016376228570605691 -0.0043296855193924238 0.0063039597578441187 0 0.0039962088557513129 -0.010798198885581187 -0.0092962827104959393 0.0081786046665541633 0.0035786878380537519 -0.0012891653297326627 0.00041829031638445182 0.0092704518517872127 -0.0062946195211523726 0.0013470254283659594 0.0016861593806238061 0.00051283957330081607 -0.0047882371966512498 -0.0099488404880959808 -0.0097568911602963111
leaf_weight=50.670507611939684 9.2645598998060432 25.443285705521703 5.5448449878022137 16.848846447188411 6.8383468007668844 13.073845827719195 8.3729559723287803 13.079464305425061 4.5800214619375774 6.2980094281956545 6.7665754093322894 5.5648652950767437 27.158667614683509 62.075252510025166 2.0384417788591236 10.610716045601292 3.9669224903918812 52.900079089449719 11.819564159959551 5.9542367975227526 9.5777975588571298 3.0247397890780112 18.006797235459089 46.163469259510748 6.0280400353949508 4.2900390513241282 5.9201253280043593 9.7508099647238833 25.306526164524261 13.147059835842809
leaf_count=2295 760 878 488 724 273 1423 655 1194 119 242 209 230 2852 3660 134 491 136 2795 428 269 772 213 1458 3510 485 209 258 528 2280 1160
internal_value=-0.000329422 -0.00104714 0.00140937 0.00345592 0.0072407 -0.00250833 0.00163114 0.0026569 0 0.00368427 -0.00428014 -0.00853568 -0.000996043 0.0049848 -0.0130205 -0.00213681 -0.00257652 -0.00513534 0.000601949 -0.00114871 0.000220039 -0.00123264 0.00528431 -0.00448347 -0.00598342 -0.00685988 -0.00796725 0.00138902 -0.00823415 -0.0066367
internal_weight=490.085 370.135 106.144 74.3784 32.2816 31.7658 119.951 110.686 42.0968 23.1469 18.9499 12.1833 40.2381 70.4482 7.60331 263.99 253.38 78.8967 15.7865 174.483 122.365 94.7806 27.5846 52.1177 34.3593 63.1102 58.8202 60.4213 28.3313 18.6919
internal_count=31128 22007 5880 2809 1151 3071 9121 8361 1658 966 692 483 4046 4315 364 16127 15636 3826 564 11810 8031 5801 2230 3779 2978 3262 3053 2823 2493 1648
is_linear=0
shrinkage=0.05


Tree=149
num_leaves=31
num_cat=0
split_feature=6 37 20 10 26 24 34 3 1 41 8 39 28 13 17 22 41 6 24 6 11 37 36 31 36 26 23 39 26 22
split_gain=0.392105 0.436227 0.387621 0.321003 0.302424 0.320146 0.278779 0.437536 0.278738 0.275406 0.278139 0.267106 0.24376 0.446699 0.416996 0.414778 0.375203 0.442137 0.485873 0.343029 0.328192 0.313789 0.585766 0.405095 0.384427 0.386827 0.369591 0.321572 0.382116 0.322774
threshold=-0.40333333611488337 -0.078486442565917955 -0.063333332538604722 0.46999999880790716 0.48333334922790533 -0.076666668057441698 -0.13666665554046628 -0.4433333277702331 0.31000000238418585 0.051579894497990615 0.096666663885116591 0.015167558100074531 0.18333333730697635 0.11000001430511476 0.41666668653488165 -0.31666666269302363 0.055297430604696281 0.25000000000000006 0.32999998331069952 0.096666663885116591 0.18999999761581424 0.014905929565429689 0.043333351612091071 0.1566666662693024 -0.31666666269302363 -0.049999997019767754 0.35666668415069586 0.024719144217669967 -0.076666668057441698 -0.236666664481163
decision_type=2 2 2 2 2 2 2 2 2 2 2 2 2 2 2 2 2 2 2 2 2 2 2 2 2 2 2 2 2 2
left_child=1 -1 6 4 12 -6 -3 -8 -7 10 -4 -9 13 15 16 20 17 18 -15 -16 -2 22 23 -14 -23 -26 -27 28 -24 -30
right_child=3 2 9 -5 5 8 7 11 -10 -11 -12 -13 21 14 19 -17 -18 -19 -20 -21 -22 24 27 -25 25 26 -28 -29 29 -31
leaf_value=0.011498792423120643 -0.0069210503431099916 -0.0023100533554651303 -0.0092292124622407063 0.0052750545365335758 -0.0028651985475543536 0.0092337128730333156 -0.0011673407894255232 0 -0.00020366293815527668 0.0025225617611412655 0.00028116990012898725 0.01244820731647394 -0.010537329098249969 -0.010270998961957503 0.0090911770248078162 0.0024836458374925974 0.00056205780069378854 8.6926661635677223e-05 0.0016604755558845931 -0.002322584463525543 0.0030901904820851327 0.0074468711844408609 0.0028387282858816192 0 -0.0070797911557313456 -0.0021144749493452004 0.0065453884342389929 0.0046154438199992338 0.0007007043647325132 -0.0088408799928301803
leaf_weight=7.9381161660421631 18.547755981097001 3.0463547338731614 12.646115422481676 14.209211298031731 5.3844588787760612 14.987689355853947 5.4365278466139015 1.8893577146809537 4.4271312728524199 5.628694904036819 4.5911795522551975 14.030055633280424 36.092582017183304 40.900036963168532 6.2745660808868688 127.45228045596741 17.22233441087883 12.809123967308549 4.4254495243076226 4.9838937413878739 4.0863351814914486 7.4177998405648387 9.4417134167160821 6.2348897175397715 17.390832064556889 27.880621042102575 12.302261939505113 13.11166999931447 5.4713402853813013 20.011151958373379
leaf_count=234 1263 221 664 916 136 351 320 146 97 325 273 713 1940 3047 294 8679 1441 1594 385 535 315 514 735 513 1317 1409 604 736 264 1098
internal_value=-0.000134001 0.00355068 0.000601721 -0.000705362 -0.00104029 0.00354073 0.00482956 0.00704517 0.00655801 -0.00311013 -0.00620171 0.0105421 -0.00144187 -0.000292177 -0.00311646 0.00123471 -0.00460577 -0.0064359 -0.00856103 0.00353909 -0.00397175 -0.00296262 -0.00477887 -0.00870371 0 -0.00184741 0.000501391 -0.000275369 -0.0031299 -0.00625501
internal_weight=486.272 55.2064 47.2683 431.065 416.856 24.7993 24.4023 21.3559 19.4148 22.866 17.2373 15.9194 392.057 236.702 86.6154 150.086 75.3569 58.1346 45.3255 11.2585 22.6341 155.355 90.3633 42.3275 64.9915 57.5737 40.1829 48.0359 34.9242 25.4825
internal_count=31079 2896 2662 28183 27267 584 1400 1179 448 1262 937 859 26683 17553 7296 10257 6467 5026 3432 829 1578 9130 5286 2453 3844 3330 2013 2833 2097 1362
is_linear=0
shrinkage=0.05


Tree=150
num_leaves=31
num_cat=0
split_feature=10 14 26 11 17 25 14 39 38 27 9 0 37 18 37 19 2 11 2 2 9 10 39 38 33 26 0 40 4 39
split_gain=0.352268 0.382662 0.4512 0.455404 0.516303 0.34805 0.315455 0.554428 0.344752 0.28069 0.226795 0.219272 0.322487 0.272076 0.209088 0.311758 0.302681 0.256958 0.505554 0.480717 0.316474 0.393612 0.367894 0.584604 0.452189 0.497145 0.423291 0.3248 0.318196 0.263811
threshold=0.46999999880790716 0.25666666030883795 -0.12999999523162839 -0.25666666030883784 0.41666668653488165 0.34333333373069769 0.36333334445953375 0.01583376340568066 -0.068066596984863267 0.29000002145767217 -0.11666667461395262 0.069999992847442641 -0.00031042098999023432 0.42333334684371954 0.067932605743408217 -0.22333332896232602 -0.25666666030883784 -0.22333332896232602 0.40333333611488348 -0.24999999999999997 -0.17000000178813932 0.17000001668930056 0.029931325465440754 -0.14281558990478513 -0.26999998092651362 -0.04333332180976867 0.11000001430511476 0.62333333492279064 -0.016666665673255917 0.013129511848092081
decision_type=2 2 2 2 2 2 2 2 2 2 2 2 2 2 2 2 2 2 2 2 2 2 2 2 2 2 2 2 2 2
left_child=1 14 6 -4 9 -2 8 -8 -3 11 -6 13 -13 -5 17 16 -16 18 19 -1 22 27 24 -24 25 -19 -27 -22 -26 -21
right_child=5 2 3 4 10 -7 7 -9 -10 -11 -12 12 -14 -15 15 -17 -18 20 -20 29 21 -23 23 -25 28 26 -28 -29 -30 -31
leaf_value=0.0020070151142874484 0.0094626023047673872 -0.009545238072576942 0.0032260761348621779 -0.015568730496608608 0.0055344860012842903 -0.001270776391841138 -0.0053220427800016465 0.0090067544043312114 0.00085402795507916001 0 -0.0039419703600285395 0.0020968294478310944 -0.0083531023006178443 0 -0.00035465840734756751 -0.0012047881596092712 0.0082452819764232705 -0.0074588354869241707 0.0063164749717971582 0.0014540313828136878 -0.0058028720897156253 0.0025033168184488944 -0.0021053204747747494 0.014307999313765335 0 0.0074555211993285395 -0.0045474361975346329 0.00036509909308935482 0.009049668652853388 -0.0052314226739139172
leaf_weight=28.24815619061701 11.672472265316175 5.8671304369345334 4.8268574574030927 20.478751415968876 6.3282709394115955 4.90469178976491 2.9219165788963464 14.925000136718152 11.375115842791272 2.1203983884770414 6.1863384009338898 8.3640954757574928 6.1533617487875736 2.9798900565365321 7.0617493782192495 16.484498142730445 23.0615956611 18.066135852131993 9.3806645998265576 8.0750623098574561 40.685948244878091 40.994190554367378 2.7396087013185015 9.214054018724708 14.960187047487127 11.545433244202288 4.8698358673136672 25.266535283764824 15.279721954138948 100.87184329284355
leaf_count=1196 588 279 429 1550 277 457 265 880 1029 208 643 562 573 257 198 1797 780 1490 318 321 3299 3062 166 386 1115 666 383 2133 1091 4803
internal_value=-0.000313769 -0.00064737 -0.00342503 -0.0059902 -0.00750599 0.00568584 0.000427066 0.00486367 -0.00315958 -0.00998181 0 -0.0109726 -0.00226145 -0.0139563 1.23879e-05 0.00300144 0.0058131 -0.000381197 -0.00195141 -0.00293229 0.000762469 -0.000813267 0.00316222 0.00970738 0.000878851 -0.00242395 0.00251527 -0.00325906 0.00511255 -0.00446838
internal_weight=485.91 469.332 92.5271 57.438 52.6111 16.5772 35.0892 17.8469 17.2422 40.0965 12.5146 37.9761 14.5175 23.4586 376.805 46.6078 30.1233 330.197 146.576 137.195 183.622 106.947 76.675 11.9537 64.7213 34.4814 16.4153 65.9525 30.2399 108.947
internal_count=31201 30156 6952 4499 4070 1045 2453 1145 1308 3150 920 2942 1135 1807 23204 2775 978 20429 6638 6320 13791 8494 5297 552 4745 2539 1049 5432 2206 5124
is_linear=0
shrinkage=0.05


Tree=151
num_leaves=31
num_cat=0
split_feature=31 40 38 40 5 20 25 38 25 25 24 36 2 8 14 40 17 38 24 30 31 17 38 38 8 4 38 20 38 25
split_gain=0.379491 0.490908 0.516817 0.473716 0.335288 0.33448 0.333189 0.559465 0.368485 0.472234 0.627035 0.374982 0.369792 0.360666 0.356085 0.298413 0.301072 0.285798 0.30018 0.283114 0.276051 0.367865 0.287832 0.424786 0.272431 0.396986 0.313708 0.315937 0.312046 0.272371
threshold=0.44333332777023321 0.11666666716337205 0.031355857849121101 0.88999998569488536 -0.14333333075046537 -0.24333333969116208 0.33666664361953741 0.043181896209716804 -0.090000003576278673 -0.22999998927116391 -0.18333333730697629 -0.030000001192092892 0.028333306312561039 -0.24999999999999997 -0.22999998927116391 0.9166666865348817 -0.43000000715255732 -0.037441253662109368 0.14999997615814212 0.35000002384185797 -0.12999999523162839 0.34333333373069769 -0.080913543701171861 -0.056524276733398431 -0.063333332538604722 0.2833333313465119 0.094974040985107436 -0.37666666507720942 0.10531806945800783 0.29666668176651007
decision_type=2 2 2 2 2 2 2 2 2 2 2 2 2 2 2 2 2 2 2 2 2 2 2 2 2 2 2 2 2 2
left_child=6 4 3 5 -2 -3 8 -8 9 10 19 15 -11 -12 -15 16 -10 18 29 -1 21 -18 -22 -24 -19 26 27 -26 -27 -13
right_child=1 2 -4 -5 -6 -7 7 -9 11 12 13 17 -14 14 -16 -17 20 24 -20 -21 22 -23 23 -25 25 28 -28 -29 -30 -31
leaf_value=0.0066440979071590205 -0.0074938334531764574 0 -0.0021899545285185805 -4.6789219800277136e-05 0.0035270329161919212 0.015036001356515068 -0.008087691080803195 0.0020966450252906427 0.0041724206511083812 -0.0079664599744366741 0.0014480233235590683 0.010895067474825049 0 0 -0.0081568373306408742 0.0051808198482987452 -0.0094729969648795903 0.0078281629674501509 0 -0.0017089986866394198 -0.0062452500593506892 0.0022564197894032272 0.0091337322664045706 -0.0010383432258677288 0.0030227810172375989 0.0075898946253234404 0.0030208241605052238 -0.0060312390418108368 -0.0029595151776319428 0
leaf_weight=34.942233405658044 8.5636018011718971 6.8694285601377514 6.104896953329443 5.5438850759528568 4.6719489723909637 16.950890602078292 28.785205834778026 13.475284301093778 7.8876589871942988 35.378650855040178 29.097938575781882 22.058999141445387 30.95577057893388 25.58215546165593 26.383075768360868 9.6156640402041358 21.386224895715717 6.5474851485341778 12.789287135703487 5.0459363907575598 11.076263102702795 2.1586548844352356 7.0367273776791945 31.929348133737225 4.2533892823848864 17.783266179263595 11.085683961864559 39.498360277852044 2.2179771129740393 1.8495655746664841
leaf_count=2296 239 220 597 164 200 461 3330 1525 213 2191 1861 1263 1959 1017 2332 576 1121 346 762 174 731 149 392 2603 264 920 687 2263 180 149
internal_value=-6.28736e-06 0.00387032 0.0068297 0.00946524 -0.00241724 0.0120814 -0.000539155 -0.00446533 0 -0.00164223 6.49322e-05 0.00136287 -0.00485015 -0.00223857 -0.00467038 -0.000814996 -0.00211524 0.00320254 0.0066695 0.00496099 -0.00336707 -0.0073116 -0.00048098 0.00121626 0.00100256 0 -0.00233088 -0.00439015 0.00504558 0.00941249
internal_weight=487.525 48.7047 35.4691 29.3642 13.2356 23.8203 438.821 42.2605 396.56 187.386 121.051 209.175 66.3344 81.0632 51.9652 91.0905 81.4749 118.084 36.6979 39.9882 73.5872 23.5449 50.0423 38.9661 81.3862 74.8387 54.8374 43.7517 20.0012 23.9086
internal_count=31185 1881 1442 845 439 681 29304 4855 24449 11830 7680 12619 4150 5210 3349 5785 5209 6834 2174 2470 4996 1270 3726 2995 4660 4314 3214 2527 1100 1412
is_linear=0
shrinkage=0.05


Tree=152
num_leaves=31
num_cat=0
split_feature=18 21 1 40 33 10 36 39 39 37 8 15 5 32 24 18 29 37 5 17 14 37 12 9 33 16 1 33 36 10
split_gain=0.272853 0.276018 0.238564 0.466492 0.364349 0.529367 0.42794 0.356223 0.342492 0.303587 0.296929 0.278869 0.252448 0.488095 0.370804 0.247542 0.243445 0.43544 0.527737 0.298722 0.242842 0.325835 0.364821 0.3829 0.638293 0.402319 0.358868 0.306648 0.351161 0.322429
threshold=0.37666666507720953 -0.11666667461395262 -0.37666666507720942 0.25000000000000006 0.2833333313465119 0.36333334445953375 0.44333332777023321 0.019723630510270599 0.017468849197030071 0.053565502166748054 0.25666666030883795 0.33666664361953741 0.35666668415069586 0.23000001907348636 0.1566666662693024 -0.023333340883255001 0.21666666865348819 0.014905929565429689 0.17000001668930056 -0.43000000715255732 0.11000001430511476 -0.0177617073059082 -0.10333332419395445 -0.29000000655651087 -0.049999997019767754 -0.13666665554046628 -0.023333340883255001 0.056666672229766853 -0.30333334207534784 0.13666665554046634
decision_type=2 2 2 2 2 2 2 2 2 2 2 2 2 2 2 2 2 2 2 2 2 2 2 2 2 2 2 2 2 2
left_child=2 -2 3 11 5 12 10 8 15 -9 -6 -1 13 16 -15 -7 20 18 -18 -19 21 26 23 -23 25 -25 -4 28 -22 -30
right_child=1 -3 4 -5 6 7 -8 9 -10 -11 -12 -13 -14 14 -16 -17 17 19 -20 -21 27 22 -24 24 -26 -27 -28 -29 29 -31
leaf_value=-0.0060777005485993648 -0.0068656227884410156 0 -0.0056259178862689829 0.0072843487120655363 0.00053515673029397445 0.0097873576666401077 0.0031430433946279565 0.013677409136124516 -0.0075757054640169953 0 -0.0068529605676156576 0.0032089166636320339 -0.0059216634973175602 0 0.010564275349275922 -0.001072982140602247 -0.010977584269605177 0.0071660728117702499 0 -0.001885719333042289 0 -0.0051973258314328089 0.0068301655838962846 0.0086868065311547435 -0.0032099018125461122 -0.0015127946001476831 0.0017737649682439756 0.0030987207627932241 -0.010876720819883534 0.00034775081172600837
leaf_weight=10.778353246627377 22.382901361212134 22.041739318869077 23.185034826979972 26.836814281181432 9.2932984060607833 3.7166813239455223 11.648606860078869 10.469994527986271 3.322599170031026 2.3390434170141807 45.911565199610777 6.8117285969201467 11.190724945510736 21.060109509155154 13.141149339964612 2.0463386126793939 18.90072329249233 7.6594876397866782 13.129366108914835 16.042208664002828 23.64780147396959 14.331749481847508 34.982750573428348 30.114049035357308 20.188117178040557 5.8635809833649573 25.617474792059511 10.509828517213462 15.946675088955095 2.8218879895284763
leaf_count=586 1952 1962 1666 1579 355 132 767 432 140 112 3036 296 924 1438 698 191 924 174 561 881 1313 922 2917 1177 1133 576 1905 882 1160 269
internal_value=-5.86069e-05 -0.00358435 0.00028359 0.00353646 -6.55549e-05 0.000567085 -0.00332302 0.00716377 0 0.0111111 -0.00527023 -0.00152022 0 0.000305587 0.00548444 0.00522545 -0.000382409 -0.00318393 -0.00664919 0.00105447 0.00032224 0.00142152 0.00301359 0.00040572 0.00260123 0.00645031 -0.00151655 -0.00227641 -0.00434357 -0.00850433
internal_weight=485.932 44.4246 441.508 44.4269 397.081 330.227 66.8535 21.8947 9.08562 12.809 55.2049 17.5901 308.333 297.142 34.2013 5.76302 262.941 55.7318 32.0301 23.7017 207.209 154.283 105.48 70.4975 56.1657 35.9776 48.8025 52.9262 42.4164 18.7686
internal_count=31060 3914 27146 2461 24685 20527 4158 1007 463 544 3391 882 19520 18596 2136 323 16460 2540 1485 1055 13920 10296 6725 3808 2886 1753 3571 3624 2742 1429
is_linear=0
shrinkage=0.05


Tree=153
num_leaves=31
num_cat=0
split_feature=10 33 33 33 25 24 24 38 40 38 39 3 22 8 37 12 6 6 36 25 35 39 39 36 1 22 10 36 35 30
split_gain=0.326078 0.368439 0.294481 0.280097 0.427123 0.237658 0.669388 0.378274 0.377327 0.436643 0.528778 0.516961 0.355382 0.446613 0.444786 0.317878 0.615648 0.306911 0.304187 0.286841 0.404135 0.302608 0.270009 0.344796 0.258661 0.257116 0.246621 0.235878 0.216241 0.211437
threshold=0.46999999880790716 0.44333332777023321 0.46333330869674688 0.096666663885116591 0.35000002384185797 -0.096666663885116563 -0.33666665852069849 -0.033781528472900384 0.82333332300186168 0.12359237670898439 0.024118972010910514 -0.26333332061767573 0.1566666662693024 -0.069999992847442613 -0.01575374603271484 -0.37666666507720942 0.043333351612091071 0.26999998092651373 0.33666664361953741 -0.28333333134651179 -0.29666668176650995 0.01583376340568066 0.02055478468537331 0.096666663885116591 0.19666665792465213 0.40333333611488348 -0.37666666507720942 -0.4433333277702331 0.14999997615814212 0.40333333611488348
decision_type=2 2 2 2 2 2 2 2 2 2 2 2 2 2 2 2 2 2 2 2 2 2 2 2 2 2 2 2 2 2
left_child=1 5 -3 -2 -5 6 17 25 9 10 29 -12 13 14 -10 16 -9 19 27 -1 -21 -22 28 -24 -11 -8 -16 -13 -17 -7
right_child=3 2 -4 4 -6 8 7 15 12 24 11 18 -14 -15 26 22 -18 -19 -20 20 21 -23 23 -25 -26 -27 -28 -29 -30 -31
leaf_value=0.00023767797036984193 -0.0018864395945392899 -0.011196550583736397 0 0.012442434392900952 -0.00021608386330634714 -0.00155858017614422 0.0083602805545093303 0.010502139227652908 -0.0026297992943922193 0.0080425948335018198 0.00032540914074023633 0 0.0063059103888484808 -0.0051328155779008077 0 -0.0066801181490691516 -0.0029756141254918701 0.0033146464455834283 0 0 0 -0.012350613318229058 0.0060661994841521363 -0.0037656164793389993 -0.0010449207002977011 -0.00030034705236763596 0.010580636027348118 -0.011459337784097464 0.00067460436717040344 0.0031495520844696868
leaf_weight=13.658415814163162 1.9148443555459405 6.9936381429433814 8.775202102493493 10.674372810870407 4.7586407333146772 124.97250681743026 42.260823839344084 14.315170774003493 8.2972365352325159 11.447261041845197 13.30645686178468 2.8025418545585117 26.848826151108369 20.77490680385381 2.5122613252606234 19.380073038395498 7.0483330374117932 9.2295270353788492 2.9425095014739773 11.797974562505258 3.2173933093436125 16.474620985100046 15.956283542793246 6.7323484136722973 4.5828602593392125 3.4056531917303792 12.23103277524933 33.003540151752532 5.8374282731674603 21.060904510086402
leaf_count=863 112 547 705 517 429 8006 2242 412 459 611 646 145 1593 1447 228 1749 202 933 168 876 328 1455 1063 627 319 189 646 2249 595 807
internal_value=0.000233336 -2.72373e-07 -0.00640381 0.00600544 0.00840503 0.000248369 0.00173659 0.00391831 -0.000568034 -0.00167718 -0.00244228 -0.0065376 0.00233491 -6.29774e-05 0.00376348 0.000972712 0.00546443 -0.00239187 -0.0091807 -0.00429919 -0.00665695 -0.0101975 -0.000951844 0.0021 0.00473275 0.00727065 0.00828664 -0.0104119 -0.00437435 -0.000617637
internal_weight=487.214 469.866 15.7688 17.3479 15.433 454.097 169.314 114.936 284.783 214.119 198.088 52.055 70.6643 43.8154 23.0405 69.2696 21.3635 54.3779 38.7486 45.1484 31.49 19.692 47.9061 22.6886 16.0301 45.6665 14.7433 35.8061 25.2175 146.033
internal_count=31168 30110 1252 1058 946 28858 11534 7079 17324 12951 12021 3208 4373 2780 1333 4648 614 4455 2562 3522 2659 1783 4034 1690 930 2431 874 2394 2344 8813
is_linear=0
shrinkage=0.05


Tree=154
num_leaves=31
num_cat=0
split_feature=22 18 40 18 31 14 38 16 20 20 14 39 3 40 36 14 26 2 12 16 13 10 23 10 36 41 4 22 37 38
split_gain=0.296798 0.430722 0.451471 0.390093 0.352939 0.327412 0.335469 0.270781 0.536045 0.355413 0.269584 0.314786 0.255317 0.35128 0.346392 0.440634 0.448083 0.390687 0.343701 0.279593 0.879682 0.434143 0.341801 0.440655 0.342759 0.310307 0.362335 0.257231 0.2437 0.272093
threshold=-0.14333333075046537 -0.3899999856948852 0.063333334401249899 0.35000002384185797 0.41666668653488165 -0.45666666328907007 0.08272790908813478 -0.4433333277702331 -0.26333332061767573 -0.33666665852069849 -0.030000001192092892 0.017886037938296798 0.17000001668930056 0.82999998331069957 0.29666668176651007 -0.37666666507720942 0.25666666030883795 0.33666664361953741 0.096666663885116591 -0.26333332061767573 -0.090000003576278673 -0.28333333134651179 -0.3899999856948852 0.35000002384185797 0.01666665077209473 0.026657029986381534 -0.43000000715255732 0.19666665792465213 0.0021500587463378911 -0.08739995956420897
decision_type=2 2 2 2 2 2 2 2 2 2 2 2 2 2 2 2 2 2 2 2 2 2 2 2 2 2 2 2 2 2
left_child=1 7 3 10 5 -4 -7 9 -9 -1 -3 -12 19 14 15 17 -17 -14 -15 22 -21 25 -2 24 27 -22 -27 -24 29 -6
right_child=12 2 4 -5 28 6 -8 8 -10 -11 11 -13 13 18 -16 16 -18 -19 -20 20 21 -23 23 -25 -26 26 -28 -29 -30 -31
leaf_value=0.004258849406526345 -0.0034501735591863265 0 0.0036394107604497631 -0.0051684642561291051 0.0097960164494996435 -0.0078834084841646179 0 -0.0023017620860013763 0.011007785587702448 -0.0061315971472225101 0 0.013257155769478514 -0.01270213984043771 0.0070773316521777312 0.0020603370328099338 -0.0040536219107062468 0.0050466740264449861 0 -0.0021162743589070647 -0.0053551688464885672 -0.0013072652845861502 0 0.0082862674787269591 0.013217789729657748 -0.0007199068522865614 -0.00038243725537478529 0.010587611487251111 0 -0.0039814087075152231 -0.00012269567102611142
leaf_weight=8.060201568296181 5.7159066137392065 4.8297972495202002 1.6644286382943381 3.3980546378297722 5.5268668900243938 71.629399330937304 16.362688068416901 5.7461951493751284 11.819995253346859 11.328894532285629 2.7543141891946998 7.3468834010418504 15.471910875756295 16.877179462928328 20.06296878377907 31.147971389116719 14.405542477150446 10.217278320807962 8.7675791300134716 39.940032720565796 2.9543464619200668 50.782243816065602 22.140785934403539 9.8065200136043114 29.967780737672001 3.8134743573609766 26.408049706602469 12.775888475356622 6.0422714172163969 6.0105979985091853
leaf_count=175 216 397 32 180 105 6263 1642 217 404 264 210 332 471 868 1377 2955 866 287 923 3257 170 4344 728 242 1200 216 1582 417 454 289
internal_value=-9.47291e-05 -0.00184204 -0.00329243 0.00256957 -0.00459821 -0.00584574 -0.00651201 0.00227558 0.00611561 -0.000841839 0.00650178 0.00983928 0.000730393 -0.000968016 -0.00256589 -0.00425119 -0.000438451 -0.00886012 0.00333885 0.00182137 8.2866e-05 0.00313236 0.00401911 0.00511458 0.00252204 0.00708766 0.00867912 0.00561304 0.000572463 0.00492909
internal_weight=483.776 162.521 125.565 18.329 107.236 89.6565 87.9921 36.9553 17.5662 19.3891 14.931 10.1012 321.255 116.95 91.3057 71.2427 45.5535 25.6892 25.6448 204.305 123.898 83.9581 80.4069 74.691 64.8845 33.1759 30.2215 34.9167 17.5797 11.5375
internal_count=31083 10964 9904 1119 8785 7937 7905 1060 621 439 939 542 20119 7747 5956 4579 3821 758 1791 12372 9569 6312 2803 2587 2345 1968 1798 1145 848 394
is_linear=0
shrinkage=0.05


Tree=155
num_leaves=31
num_cat=0
split_feature=9 14 38 25 38 17 1 7 38 27 10 6 13 9 17 22 5 10 5 31 26 20 25 41 2 20 37 16 38 26
split_gain=0.420615 0.589328 0.384639 0.378484 0.421459 0.250276 0.670247 0.385655 0.353081 0.47689 0.343996 0.497145 0.329714 0.382763 0.325512 0.324178 0.318171 0.380959 0.350676 0.353547 0.397686 0.334326 0.348638 0.418277 0.386868 0.426631 0.4259 0.357147 0.311317 0.279371
threshold=0.43000000715255743 0.46333330869674688 0.10449695587158205 0.29666668176651007 -0.14892625808715818 0.12333333492279054 -0.049999997019767754 0.31666666269302374 -0.024595737457275387 0.31000000238418585 0.31000000238418585 -0.45666666328907007 -0.24333333969116208 0.31000000238418585 0.21666666865348819 0.056666672229766853 0.35000002384185797 0.30333334207534796 0.17000001668930056 -0.18999999761581418 0.069999992847442641 -0.26333332061767573 -0.33666665852069849 0.039133043959736831 0.25666666030883795 -0.12333333492279051 0.065215587615966811 -0.083333343267440782 0.033605098724365241 -0.030000001192092892
decision_type=2 2 2 2 2 2 2 2 2 2 2 2 2 2 2 2 2 2 2 2 2 2 2 2 2 2 2 2 2 2
left_child=3 2 -2 5 -5 7 8 16 9 10 11 -7 13 -9 15 -8 18 -18 21 20 -20 -1 27 24 25 -24 -27 -23 -29 -25
right_child=1 -3 -4 4 -6 6 14 12 -10 -11 -12 -13 -14 -15 -16 -17 17 -19 19 -21 -22 22 23 29 -26 26 -28 28 -30 -31
leaf_value=-0.0064764665228678161 0.0093918551162076782 -0.0047152506230676867 -0.0018680405316195776 0.0045011334003486883 -0.0062054570103737246 0 -0.0028469065445366828 0.013141998337165407 0 -0.00017621167007409298 0 0.014561259030377041 -0.0015176324922812378 0 -0.0040445266519205545 0.0072667321566286316 -0.013585461103336452 0.00040995880922930036 -0.00058035517718987135 -0.0014548691561268863 0.0091221030275919716 0.0074979611879333087 0.00049694653590591194 0.0041228698976730586 0.0021524085110905962 -0.010716281618660572 0 0.0024179076832384818 -0.0077615802849733961 -0.0016354691587047434
leaf_weight=30.345499405404553 27.888147634104829 6.3181533946190021 3.1485381934326133 3.8582211914472273 46.090427757706493 4.2805286287330118 5.7931561646983054 7.5515365076717007 19.240358554525301 8.3551511368714255 3.3719720591325304 22.571361649781469 5.3382150798570356 5.1397253321483731 42.656023189192638 11.118938080151564 5.4763073967769733 2.4411005116999149 9.3511783010326344 22.179644083953463 19.503049317281693 16.289028875064105 9.7861877253744733 25.385281053604558 7.8853129229973993 35.002312406664714 7.8279606536962083 12.236230037407951 5.4170779089909038 55.715983930043876
leaf_count=1878 1526 539 231 349 5003 118 456 196 1714 339 141 835 455 140 3219 788 349 120 450 1605 550 730 603 1824 414 2300 377 827 537 2520
internal_value=-0.000181981 0.00445393 0.007457 -0.000674953 -0.00453758 -7.14985e-05 0.00174634 -0.000933022 0.00542849 0.00787324 0.0104492 0.0121066 0.00493592 0.00860374 -0.00161612 0.00287292 -0.00152536 -0.00915763 -0.000991465 0.00232729 0.00570181 -0.00197467 -0.000870443 -0.0020706 -0.00502376 -0.00663595 -0.00863851 0.00306946 -0.000825299 3.97565e-05
internal_weight=487.563 37.3548 31.0367 450.208 49.9486 400.259 117.387 282.872 57.8194 38.579 30.2239 26.8519 18.0295 12.6913 59.5681 16.9121 264.842 7.91741 256.925 51.0339 28.8542 205.891 175.545 141.603 60.5018 52.6165 42.8303 33.9423 17.6533 81.1013
internal_count=31133 2296 1757 28837 5352 23485 7610 15875 3147 1433 1094 953 791 336 4463 1244 15084 469 14615 2605 1000 12010 10132 8038 3694 3280 2677 2094 1364 4344
is_linear=0
shrinkage=0.05


Tree=156
num_leaves=31
num_cat=0
split_feature=33 14 25 31 25 30 18 29 5 40 0 21 23 41 39 24 2 12 12 39 22 39 26 24 29 4 25 39 41 30
split_gain=0.285675 0.577723 0.349956 0.408898 0.483118 0.398115 0.376871 0.439646 0.501315 0.438792 0.487293 0.380779 0.364353 0.369713 0.348844 0.336191 0.334579 0.320238 0.369763 0.459578 0.291389 0.283777 0.309371 0.278428 0.278319 0.487136 0.385518 0.343003 0.2982 0.278211
threshold=0.46333330869674688 0.46333330869674688 0.29666668176651007 0.48333334922790533 -0.016666665673255917 -0.023333340883255001 -0.36333334445953364 0.01666665077209473 -0.32333332300186152 0.036666667088866241 -0.12333333492279051 -0.21000000834465024 0.11000001430511476 0.031382504850625999 0.017720499075949196 0.32999998331069952 0.16333335638046267 -0.0099999904632568342 0.2833333313465119 0.015890218317508701 -0.28333333134651179 0.03338913060724736 -0.11666667461395262 0.030000001192092899 -0.20333333313465116 -0.35000000894069666 0.20999997854232791 0.029095132835209373 0.034825608134269721 0.29666668176651007
decision_type=2 2 2 2 2 2 2 2 2 2 2 2 2 2 2 2 2 2 2 2 2 2 2 2 2 2 2 2 2 2
left_child=2 -2 3 4 6 -4 12 8 9 -8 14 23 13 -1 -11 24 -14 -13 19 -19 -15 22 -17 -10 28 26 -26 29 -6 -27
right_child=1 -3 5 -5 15 -7 7 -9 11 10 -12 17 16 20 -16 21 -18 18 -20 -21 -22 -23 -24 -25 25 27 -28 -29 -30 -31
leaf_value=0.0044905830178302011 0.010310723842409386 -0.0040404025678632124 0.00060623647131012278 0.0069136834319436825 0.0012265155736723571 -0.007029813546844588 0.0029158294655518115 -0.0070132491816183905 5.161490813974288e-05 0 0 -0.00010233370010932096 0 0.00094563673741482183 -0.015394700466174161 0 0.00867133831677812 -0.0017583585961481456 -0.00040780490401405182 0.011354961677051103 -0.0071694467691762872 -0.0017757557728817213 0.011133044140473064 -0.0087410986409132713 0.013296784232177887 0.003714044578038206 0 -0.0053621205313714154 -0.0073053414082970437 -0.0015246905113158703
leaf_weight=8.0762094561941904 11.693017337238418 4.3583862490486345 18.593980929465033 14.25915738311596 9.0044703539460915 34.366811295156367 5.1558417100459328 47.780172272468917 10.12762210541405 3.9810292059555712 15.048889041179789 30.216009207069874 17.098578717792407 8.0142509043216723 12.706708276877178 7.6336353251244935 15.93669209978543 2.9636602876707938 8.6085319803096336 20.715444933623075 23.452199014369398 2.2000347676221272 15.985127062769605 8.5757929777028021 7.9880481914151442 54.205155428848229 3.580672163516283 16.132780523854308 15.424100985983385 31.075273604365066
leaf_count=267 854 402 2107 400 601 3472 172 3819 752 282 916 2469 511 259 673 707 480 315 563 1446 859 143 952 688 314 3448 206 790 1095 1155
internal_value=-0.000226954 0.0052412 -0.000530631 0 -0.000363525 -0.00413599 -0.00182933 -0.00314551 -0.00111584 -0.00559135 -0.00787975 0.000875525 0.000871159 -0.00185965 -0.0125288 0.00161905 0.00456375 0.00296229 0.00604984 0.00884769 -0.00461489 0.00631256 0.00811712 -0.00411182 0.000335626 0.00156528 0.00926885 0 -0.00371714 0.00155648
internal_weight=484.958 16.0514 468.907 415.946 401.687 52.9608 238.458 165.88 118.1 36.8925 31.7366 81.2071 72.5779 39.5427 16.6877 163.229 33.0353 62.5036 32.2876 23.6791 31.4664 25.8188 23.6188 18.7034 137.411 112.982 11.5687 101.413 24.4286 85.2804
internal_count=31117 1256 29861 24282 23882 5579 14471 12095 8276 2043 1871 6233 2376 1385 955 9411 991 4793 2324 1761 1118 1802 1659 1440 7609 5913 520 5393 1696 4603
is_linear=0
shrinkage=0.05


Tree=157
num_leaves=31
num_cat=0
split_feature=24 20 22 25 0 16 40 37 7 8 9 12 20 2 34 27 37 21 27 21 4 5 33 0 38 28 40 27 22 39
split_gain=0.270426 0.275677 0.442831 0.410694 0.386959 0.33301 0.414277 0.331805 0.644296 0.3232 0.285506 0.280877 0.280763 0.274163 0.267964 0.252743 0.333403 0.365546 0.31307 0.314584 0.237707 0.39927 0.463852 0.375056 0.351078 0.237513 0.391089 0.372496 0.359396 0.308688
threshold=0.43000000715255743 -0.35000000894069666 -0.14333333075046537 -0.36333334445953364 -0.31000000238418574 -0.26333332061767573 0.089999999850988402 -0.058026790618896477 -0.076666668057441698 -0.04333332180976867 0.16333335638046267 0.25666666030883795 -0.21000000834465024 0.083333313465118422 0.46999999880790716 -0.25666666030883784 -0.00088310241699218739 -0.24333333969116208 0.43666666746139532 0.1566666662693024 -0.1766666769981384 0.19666665792465213 0.21666666865348819 0.01666665077209473 -0.029808998107910153 0.030000001192092899 0.48333333432674414 0.18333333730697635 -0.038333326578140252 0.014639338012784721
decision_type=2 2 2 2 2 2 2 2 2 2 2 2 2 2 2 2 2 2 2 2 2 2 2 2 2 2 2 2 2 2
left_child=1 10 3 12 9 20 11 8 -8 -4 14 -7 -3 15 -1 16 17 -5 19 -17 -6 23 -23 24 -22 27 28 -9 -27 -28
right_child=-2 2 4 13 5 6 7 25 -10 -11 -12 -13 -14 -15 -16 18 -18 -19 -20 -21 21 22 -24 -25 -26 26 29 -29 -30 -31
leaf_value=0.0072661564923853176 -0.004972607467996556 -0.0025913044356776741 0.012637804295816873 0.0017515764593240256 0.0061856506923168575 -0.0088927514471770046 0.010970165544284149 -0.0056045799672681416 -0.0030286419797709496 0 -0.00017082467064888658 0 0.0065714128019019593 0 -0.0016023287058710223 -0.011623225472650713 0.0034721205121006887 -0.0099812768892378455 0.00068539062103828972 0 0.00095236950257628821 0.0085726198192993004 -0.00018854615507598476 0.00057272337207045639 -0.0099142707037399441 0.0043319218485721464 -0.0027771305974037797 0.001055473780018582 -0.0069061563591621177 0.0069019611190444365
leaf_weight=32.399449303979054 21.047265338245779 6.2703067094553289 5.8889744547195733 3.862846652744337 23.419654132798314 19.275578701868657 11.96668727672659 44.031385401613079 7.5111780709121367 3.0030642312485707 24.059499529190361 6.4564883407438165 11.877691196277736 21.327779846847989 3.1113099060021332 29.188529451726936 12.766633668914436 9.0667052227072435 3.1026460947468868 10.40788750653155 4.3472905801609185 21.662665197858587 21.34215521463193 44.757179948268458 13.949834054568781 3.0975063513033119 3.2565875807777074 24.148522618226707 14.680357977049423 25.351285228505731
leaf_count=2064 2302 383 169 154 746 1607 611 3524 631 146 1686 396 659 1410 182 2431 508 381 272 711 208 739 786 1667 409 226 391 1963 1422 2455
internal_value=-7.99631e-05 0.000148653 -0.000277123 -0.0029749 0.000656182 0.000159593 -0.0012546 0 0.00514867 0.0085586 0.00319172 -0.00639231 0.00251307 -0.00443405 0.00576759 -0.00587454 -0.000566296 -0.00571115 -0.00809232 -0.00932809 0.0020675 0.000652535 0.00422379 -0.0015765 -0.00670588 -0.00113065 0.00118862 -0.00301408 -0.00329769 0.00478731
internal_weight=486.635 465.588 406.017 107.871 298.146 289.254 159.776 134.044 19.4779 8.89204 59.5703 25.7321 18.148 89.723 35.5108 68.3952 25.6962 12.9296 42.6991 39.5964 129.479 106.059 43.0048 63.0543 18.2971 114.566 46.3857 68.1799 17.7779 28.6079
internal_count=31239 28937 25005 6909 18096 17781 13226 11223 1242 315 3932 2003 1042 5867 2246 4457 1043 535 3414 3142 4555 3809 1525 2284 617 9981 4494 5487 1648 2846
is_linear=0
shrinkage=0.05


Tree=158
num_leaves=31
num_cat=0
split_feature=28 12 17 32 10 17 25 10 38 10 20 3 24 33 36 7 7 9 22 38 36 26 9 41 40 5 3 30 41 11
split_gain=0.304609 0.332405 0.390858 0.310473 0.30504 0.302611 0.287685 0.60509 0.606509 0.349209 0.353516 0.340171 0.357869 0.310006 0.565453 0.319493 0.360313 0.460446 0.325256 0.310992 0.294677 0.271856 0.256782 0.328031 0.349898 0.501598 0.295708 0.270469 0.372656 0.350958
threshold=-0.41666667163372034 0.37000000476837164 0.29000002145767217 -0.36333334445953364 0.32333332300186163 -0.17000000178813932 0.030000001192092899 0.30333334207534796 0.033605098724365241 0.35000002384185797 -0.236666664481163 -0.35000000894069666 0.25000000000000006 -0.030000001192092892 -0.17000000178813932 0.29666668176651007 -0.32999998331069941 -0.13666665554046628 -0.25166666507720942 0.10449695587158205 -1.0000000180025095e-35 0.42333334684371954 -0.1766666769981384 0.060648461803793914 0.063333334401249899 0.32999998331069952 -0.049999997019767754 -0.33666665852069849 0.036879267543554313 0.13666665554046634
decision_type=2 2 2 2 2 2 2 2 2 2 2 2 2 2 2 2 2 2 2 2 2 2 2 2 2 2 2 2 2 2
left_child=1 2 -1 4 -3 6 9 8 20 13 -11 -9 -13 14 19 16 -15 -18 -19 -2 -8 22 27 24 -24 -26 -25 28 -7 -29
right_child=5 3 -4 -5 -6 21 7 11 -10 10 -12 12 -14 15 -16 -17 17 18 -20 -21 -22 -23 23 26 25 -27 -28 29 -30 -31
leaf_value=0 -0.0059403814219220292 -0.010855508282175422 0.011829663587064413 0.0037710726161975898 0.0012389119301289414 0.001167690213028597 -0.0036144685341537443 0.0036890083746996096 0.010531186141602004 -0.0028689427553515012 0.0075566807028677367 -0.01030406956381707 0.0008863383275264545 0.0020694414755317316 0.005352019791010014 0.002814646628589863 0.0007250717128254434 0 -0.01199887706579362 0.0030610017904469274 0.0040094855611957081 0.0019969786753839748 0.00054168342608264621 0.0058623281612220531 -0.0085584576286630264 0 -0.0030898170575500957 -0.00098279815035040292 -0.0068493459055155442 0.0064483445181113212
leaf_weight=14.810081924311818 28.03843260044232 5.8012334157247096 10.618337750202043 5.7083685860270617 1.8296189657412467 17.04065100569278 15.428723855875431 3.9070643403101739 24.684593666577712 4.7424402500037131 15.587972088949753 11.95228634751402 4.3541173364501438 4.0785015458241096 24.955464765429497 3.9594571483321479 6.6469560235273084 5.9301632901187942 27.613071077736098 5.0213598082773379 22.625606550602242 25.950755544821732 12.894363132421857 9.8672342463396507 63.670552872004919 21.005724793416448 14.402441610931417 28.508073369041085 23.553399377502501 19.004683166509494
leaf_count=1084 1536 330 477 497 135 1028 819 115 1132 163 468 429 165 195 1241 156 255 302 1387 221 1221 1260 1109 722 5903 2361 1335 2216 1530 1301
internal_value=-0.000343894 0.00349823 0.0065502 -0.00125419 -0.0068527 -0.000775726 0.000509355 0.00276787 0.00524398 -0.000840508 0.00407567 -0.00340501 -0.00676059 -0.00217156 0 -0.00490433 -0.0063456 -0.00789869 -0.0100905 -0.00367296 0.000279666 -0.00200482 -0.00265697 -0.00411117 -0.00536399 -0.00651534 0.000164492 -0.000246452 -0.00323039 0.00191215
internal_weight=484.192 38.7676 25.4284 13.3392 7.63085 445.424 209.526 82.9524 62.7389 126.574 20.3304 20.2135 16.3064 106.243 58.0153 48.2281 44.2687 40.1902 33.5432 33.0598 38.0543 235.898 209.947 121.84 97.5706 84.6763 24.2697 88.1068 40.5941 47.5128
internal_count=31093 2523 1561 962 465 28570 9805 3881 3172 5924 631 709 594 5293 2998 2295 2139 1944 1689 1757 2040 18765 17505 11430 9373 8264 2057 6075 2558 3517
is_linear=0
shrinkage=0.05


Tree=159
num_leaves=31
num_cat=0
split_feature=6 32 32 38 16 14 9 40 16 8 32 38 40 32 41 41 39 40 2 41 2 23 24 36 38 25 1 41 41 11
split_gain=0.366597 0.467763 0.446286 0.575368 0.672631 0.523712 0.715228 0.4402 0.413051 0.395418 0.366878 1.00474 0.568724 0.45287 0.413498 0.362147 0.469123 0.358583 0.532988 0.352378 0.334708 0.370225 0.318755 0.294208 0.292921 0.289949 0.282322 0.277793 0.270417 0.254011
threshold=0.056666672229766853 -0.063333332538604722 -0.15666666626930234 0.0053477287292480477 0.23000001907348636 -0.076666668057441698 -0.0099999904632568342 0.93000000715255748 -0.16333332657814023 0.27666664123535162 0.30333334207534796 0.026465415954589847 0.54666668176651012 0.43000000715255743 0.027942380867898468 0.050311148166656501 0.025453434325754646 0.25666666030883795 -0.049999997019767754 0.035040514543652541 0.18999999761581424 -0.3899999856948852 -0.16333332657814023 -0.030000001192092892 -0.050991535186767571 0.27666664123535162 0.18999999761581424 0.027942380867898468 0.029821947216987613 -0.023333340883255001
decision_type=2 2 2 2 2 2 2 2 2 2 2 2 2 2 2 2 2 2 2 2 2 2 2 2 2 2 2 2 2 2
left_child=1 2 3 5 -5 6 22 9 19 -3 17 12 24 -14 -13 16 -16 26 29 -4 21 -7 -1 -10 -12 -23 -2 -6 -28 -19
right_child=10 7 8 4 27 20 -8 -9 23 -11 11 14 13 -15 15 -17 -18 18 -20 -21 -22 25 -24 -25 -26 -27 28 -29 -30 -31
leaf_value=0.00038766504601599899 -0.00280150406131352 0.0067859778681570049 -0.0058404369580080861 0.00058944794679017479 0.00032069918871542911 0 0.0058257203861166382 -0.0039116032746118528 -0.011965193196833954 -0.0021219682163431427 0 -0.0028630596003681136 0.0069847679054443187 -0.0050515936563445872 0.014619909287480659 0 0 0.0032566898455452585 -0.0085168106797202051 0.0044799044270512961 -0.00020508039060637565 0.0098003371053995304 -0.0094487969117047765 0 -0.011210250399277751 0 -0.0019092091758385174 -0.01146498416657961 0.0074339748614673604 -0.0051382988656892038
leaf_weight=5.2682675435207793 24.142865507397801 72.153247648617253 7.477655602386224 46.201713864225894 1.071966700721531 11.763318576151503 13.498382610036058 6.6695148586295536 12.223849344300108 7.1946848025545469 13.688386370544324 2.1167219683993634 13.892892742413098 5.33095266111195 17.941081040306024 7.0068995923502362 3.4141445173881939 18.800118044950072 41.201379994512536 14.987693289527668 11.643071714788674 47.391172810923308 15.950316111091524 6.1828759808558962 14.28568262606859 4.3011136713903388 3.731799270957711 14.540317976265213 14.081769113196058 8.0896856309846026
leaf_count=374 1835 3416 369 2864 126 591 596 328 1080 373 1181 173 954 576 1294 664 268 969 2985 676 741 2066 1098 611 1062 367 240 1688 855 801
internal_value=0.000276285 0.00139633 0 0.00124387 -0.00224815 0.00343999 -0.000968727 0.00437732 -0.00423556 0.00559296 -0.00136384 0.000993889 -0.0031345 0.00224818 0.00753626 0.00940433 0.012008 -0.0032088 -0.00531286 0 0.00570722 0.00707598 -0.00654096 -0.0087614 -0.00731312 0.00873622 0 -0.00963463 0.00443895 0
internal_weight=486.244 298.519 212.502 171.63 61.814 109.816 34.717 86.0174 40.8721 79.3479 187.724 77.6768 47.1979 19.2238 30.4788 28.3621 21.3552 110.048 68.0912 22.4653 75.0987 63.4556 21.2186 18.4067 27.9741 51.6923 41.9564 15.6123 17.8136 26.8898
internal_count=31221 17364 13247 10511 4678 5833 2068 4117 2736 3789 13857 6172 3773 1530 2399 2226 1562 7685 4755 1045 3765 3024 1472 1691 2243 2433 2930 1814 1095 1770
is_linear=0
shrinkage=0.05


end of trees

feature_importances:
Column_38=389
Column_41=273
Column_39=266
Column_37=235
Column_31=222
Column_25=189
Column_9=168
Column_40=168
Column_26=138
Column_24=137
Column_27=134
Column_10=133
Column_19=128
Column_14=119
Column_30=114
Column_32=112
Column_33=99
Column_36=95
Column_11=93
Column_1=92
Column_5=89
Column_12=88
Column_4=86
Column_29=85
Column_16=84
Column_6=81
Column_17=78
Column_21=77
Column_3=73
Column_7=73
Column_23=70
Column_20=66
Column_2=65
Column_18=63
Column_8=61
Column_22=59
Column_28=58
Column_35=56
Column_0=55
Column_13=47
Column_15=47
Column_34=35

parameters:
[boosting: gbdt]
[objective: lambdarank]
[metric: ndcg]
[tree_learner: serial]
[device_type: cpu]
[data_sample_strategy: bagging]
[data: ]
[valid: ]
[num_iterations: 160]
[learning_rate: 0.05]
[num_leaves: 31]
[num_threads: 4]
[seed: 53]
[deterministic: 0]
[force_col_wise: 1]
[force_row_wise: 0]
[histogram_pool_size: -1]
[max_depth: -1]
[min_data_in_leaf: 100]
[min_sum_hessian_in_leaf: 0.001]
[bagging_fraction: 0.85]
[pos_bagging_fraction: 1]
[neg_bagging_fraction: 1]
[bagging_freq: 1]
[bagging_seed: 53]
[bagging_by_query: 0]
[feature_fraction: 0.8]
[feature_fraction_bynode: 1]
[feature_fraction_seed: 53]
[extra_trees: 0]
[extra_seed: 23306]
[early_stopping_round: 0]
[early_stopping_min_delta: 0]
[first_metric_only: 0]
[max_delta_step: 0]
[lambda_l1: 0.5]
[lambda_l2: 6]
[linear_lambda: 0]
[min_gain_to_split: 0]
[drop_rate: 0.1]
[max_drop: 50]
[skip_drop: 0.5]
[xgboost_dart_mode: 0]
[uniform_drop: 0]
[drop_seed: 17767]
[top_rate: 0.2]
[other_rate: 0.1]
[min_data_per_group: 100]
[max_cat_threshold: 32]
[cat_l2: 10]
[cat_smooth: 10]
[max_cat_to_onehot: 4]
[top_k: 20]
[monotone_constraints: ]
[monotone_constraints_method: basic]
[monotone_penalty: 0]
[feature_contri: ]
[forcedsplits_filename: ]
[refit_decay_rate: 0.9]
[cegb_tradeoff: 1]
[cegb_penalty_split: 0]
[cegb_penalty_feature_lazy: ]
[cegb_penalty_feature_coupled: ]
[path_smooth: 0]
[interaction_constraints: ]
[verbosity: -1]
[saved_feature_importance_type: 0]
[use_quantized_grad: 0]
[num_grad_quant_bins: 4]
[quant_train_renew_leaf: 0]
[stochastic_rounding: 1]
[linear_tree: 0]
[max_bin: 127]
[max_bin_by_feature: ]
[min_data_in_bin: 3]
[bin_construct_sample_cnt: 200000]
[data_random_seed: 53]
[is_enable_sparse: 1]
[enable_bundle: 1]
[use_missing: 1]
[zero_as_missing: 0]
[feature_pre_filter: 1]
[pre_partition: 0]
[two_round: 0]
[header: 0]
[label_column: ]
[weight_column: ]
[group_column: ]
[ignore_column: ]
[categorical_feature: ]
[forcedbins_filename: ]
[precise_float_parser: 0]
[parser_config_file: ]
[objective_seed: 31239]
[num_class: 1]
[is_unbalance: 0]
[scale_pos_weight: 1]
[sigmoid: 1]
[boost_from_average: 1]
[reg_sqrt: 0]
[alpha: 0.9]
[fair_c: 1]
[poisson_max_delta_step: 0.7]
[tweedie_variance_power: 1.5]
[lambdarank_truncation_level: 30]
[lambdarank_norm: 1]
[label_gain: 0,1,2,3,4,5,6,7,8,9]
[lambdarank_position_bias_regularization: 0]
[eval_at: 1,2,3,4,5]
[multi_error_top_k: 1]
[auc_mu_weights: ]
[num_machines: 1]
[local_listen_port: 12400]
[time_out: 120]
[machine_list_filename: ]
[machines: ]
[gpu_platform_id: -1]
[gpu_device_id: -1]
[gpu_use_dp: 0]
[num_gpu: 1]

end of parameters

pandas_categorical:null
