tree
version=v4
num_class=1
num_tree_per_iteration=1
label_index=0
max_feature_idx=41
objective=lambdarank
feature_names=Column_0 Column_1 Column_2 Column_3 Column_4 Column_5 Column_6 Column_7 Column_8 Column_9 Column_10 Column_11 Column_12 Column_13 Column_14 Column_15 Column_16 Column_17 Column_18 Column_19 Column_20 Column_21 Column_22 Column_23 Column_24 Column_25 Column_26 Column_27 Column_28 Column_29 Column_30 Column_31 Column_32 Column_33 Column_34 Column_35 Column_36 Column_37 Column_38 Column_39 Column_40 Column_41
feature_infos=[-0.49333333969116211:0.5] [-0.49333333969116211:0.5] [-0.49333333969116211:0.5] [-0.49333333969116211:0.5] [-0.49333333969116211:0.5] [-0.49333333969116211:0.5] [-0.49333333969116211:0.5] [-0.49333333969116211:0.5] [-0.49333333969116211:0.5] [-0.49333333969116211:0.5] [-0.49333333969116211:0.5] [-0.49333333969116211:0.5] [-0.49333333969116211:0.5] [-0.49333333969116211:0.5] [-0.49333333969116211:0.5] [-0.49333333969116211:0.5] [-0.49333333969116211:0.5] [-0.49333333969116211:0.5] [-0.49333333969116211:0.5] [-0.49333333969116211:0.5] [-0.49333333969116211:0.5] [-0.49333333969116211:0.5] [-0.49333333969116211:0.5] [-0.49333333969116211:0.5] [-0.49333333969116211:0.5] [-0.49333333969116211:0.5] [-0.49333333969116211:0.5] [-0.49333333969116211:0.5] [-0.49333333969116211:0.5] [-0.49333333969116211:0.5] [-0.49333333969116211:0.5] [-0.49333333969116211:0.5] [-0.49333333969116211:0.5] [-0.49333333969116211:0.5] [-0.49333333969116211:0.5] [-0.49333333969116211:0.5] [-0.49333333969116211:0.5] [-0.19933032989501953:0.26886367797851562] [-0.31726360321044922:0.34295082092285156] [0.0088748885318636894:0.049198497086763382] [0.0066666668280959129:0.98666667938232422] [0.015405407175421715:0.20319828391075134]
tree_sizes=3433 3463 3488 3514 3461 3426 3496 3469 3491 3463 3448 3437 3460 3460 3464 3481 3446 3451 3449 3449 3424 3459 3495 3516 3472 3457 3469 3405 3511 3509 3466 3423 3417 3422 3477 3494 3473 3465 3406 3421 3477 3410 3451 3534 3503 3413 3560 3475 3441 3409 3494 3429 3373 3444 3472 3377 3478 3436 3530 3411 3471 3418 3479 3448 3417 3482 3490 3518 3488 3535 3458 3543 3556 3402 3445 3481 3401 3438 3462 3442 3525 3497 3510 3457 3498 3521 3459 3466 3523 3435 3457 3489 3468 3421 3462 3419 3415 3451 3491 3425 3451 3481 3458 3514 3479 3400 3478 3474 3518 3536 3573 3490 3464 3477 3487 3439 3446 3325 3529 3479 3495 3433 3500 3420 3487 3470 3403 3395 3452 3466 3454 3420 3425 3460 3445 3475 3525 3461 3436 3468 3426 3448 3509 3427 3447 3519 3427 3423 3393 3443 3350 3439 3414 3500 3402 3494 3425 3478 3508 3514

Tree=0
num_leaves=31
num_cat=0
split_feature=19 38 19 18 10 31 14 4 20 27 24 14 31 24 38 14 18 27 7 13 19 17 38 16 38 31 18 16 33 23
split_gain=26.2811 3.58388 3.20163 3.0958 2.91143 2.12552 1.90298 1.68731 1.80693 1.4903 3.69232 2.27165 1.62067 1.3884 1.29446 1.24498 1.3285 0.987596 0.928082 0.860683 0.844145 0.835145 0.795877 0.775157 1.28045 1.56933 0.805299 0.684768 0.684208 0.634208
threshold=0.030000001192092899 -0.032514572143554681 -0.29000000655651087 0.32999998331069952 -0.40333333611488337 0.43000000715255743 -0.0099999904632568342 0.30166667699813848 -0.10333332419395445 0.056666672229766853 0.30333334207534796 0.49000000953674322 0.46333330869674688 -0.33666665852069849 0.041468143463134773 0.23666667938232425 0.14333331584930423 -0.41666667163372034 -0.48333333432674402 0.030000001192092899 0.36333334445953375 0.096666663885116591 -0.14892625808715818 0.25000000000000006 1.0000000180025095e-35 -0.25666666030883784 0.25000000000000006 -0.15666666626930234 -0.26333332061767573 0.35000002384185797
decision_type=2 2 2 2 2 2 2 2 2 2 2 2 2 2 2 2 2 2 2 2 2 2 2 2 2 2 2 2 2 2
left_child=1 6 -3 5 7 18 21 8 -5 11 12 17 -11 20 -15 16 29 -6 -2 28 -7 -1 -20 26 -25 -26 -24 -19 -8 -4
right_child=3 2 15 4 9 13 19 -9 -10 10 -12 -13 -14 14 -16 -17 -18 27 22 -21 -22 -23 23 24 25 -27 -28 -29 -30 -31
leaf_value=0.0011345567396396177 0.0072262572370210762 0.027156844678167504 0.015157635200980327 -0.0048267638399785012 0 -0.01621687180906994 0 -0.014919635614776423 0.022727903276346259 -0.0044533453800007774 -0.021292816488726871 0.0024005723110599453 0.01903251190420446 0.0194362172558258 -0.0039951783176818403 -0.0055881981403763867 -0.0024214824163794006 0 0.0027327329339254308 0 0.0048584105511801966 -0.01160402196405308 -0.0082552516233495559 -0.0041306362013009872 0.00054571589555175634 -0.026986003525067734 0.0028147421766553352 -0.034263586553686214 0.022388742319491509 0
leaf_weight=51.020957152126357 3.0522283879108718 47.191516858059913 67.028956660535187 6.2484548338688919 3.0356493173167101 3.7604686720296767 2.3065080952364978 4.3813548372127107 5.8885023791808644 13.144252947997304 28.058943502604961 3.3005879516713312 5.430098384153097 12.609917276771741 3.8012283756397656 6.4267574779223642 10.197415586560963 2.3822059468366197 7.243436759337782 6.2965920744463793 2.7199646704830229 9.9752337436657381 62.785683407448232 24.012652320321649 3.9649588544853058 21.005316034192219 14.354234082624314 36.101420987630263 12.47402552096173 7.5735848639160386
leaf_count=3951 144 4175 4748 281 174 131 158 221 211 786 1538 146 141 515 227 442 695 162 541 329 117 721 4069 1513 282 1058 909 1547 657 590
internal_value=-0.000610051 0.0119391 0.0167394 -0.0110887 -0.0175983 -0.00604691 0.00297057 0.000275078 0.0102597 -0.0209013 -0.0112652 -0.0279217 0.00436583 0.00628659 0.0132768 0.00974994 0.0114802 -0.0308571 -0.00846972 0.0141193 -0.00728493 -0.00142819 -0.00930397 -0.0102772 -0.0154102 -0.0225483 -0.00584017 -0.0327512 0.0190606 0.0137293
internal_weight=487.773 220.492 138.418 267.282 107.971 159.31 82.0733 16.5183 12.137 91.4532 46.6333 44.8199 18.5744 22.8916 16.4111 91.2267 84.8 41.5193 136.419 21.0771 6.48043 60.9962 133.366 126.123 48.9829 24.9703 77.1399 38.4836 14.7805 74.6025
internal_count=31179 16466 10650 14713 5207 9506 5816 713 492 4494 2465 2029 927 990 742 6475 6033 1883 8516 1144 248 4672 8372 7831 2853 1340 4978 1709 815 5338
is_linear=0
shrinkage=0.05


Tree=1
num_leaves=31
num_cat=0
split_feature=19 38 5 26 31 18 39 38 14 31 38 24 26 38 19 31 37 12 7 34 29 23 36 29 30 34 30 39 38 31
split_gain=65.134 35.623 14.559 10.0569 8.66153 7.03958 5.99915 6.57829 4.58639 4.20684 4.58749 4.70464 5.6588 3.98322 3.88059 3.72726 3.68577 2.74736 4.09435 3.69777 2.90213 2.69164 2.66707 2.56005 3.19181 2.58843 2.31812 2.27479 4.52352 1.91504
threshold=-0.29000000655651087 -0.032514572143554681 0.27666664123535162 -0.10999999940395354 0.4499999880790711 -0.41666667163372034 0.029931325465440754 -0.032514572143554681 0.44333332777023321 0.11000001430511476 -0.024023532867431637 -0.04333332180976867 0.35666668415069586 0.061621665954589851 -0.37666666507720942 0.43000000715255743 -0.062580585479736314 0.21666666865348819 -0.29000000655651087 0.01666665077209473 0.18999999761581424 0.25000000000000006 0.20999997854232791 -0.036666661500930779 0.35666668415069586 0.25000000000000006 -0.37666666507720942 0.029931325465440754 0.098131179809570326 0.30333334207534796
decision_type=2 2 2 2 2 2 2 2 2 2 2 2 2 2 2 2 2 2 2 2 2 2 2 2 2 2 2 2 2 2
left_child=3 2 4 13 17 6 7 -5 -6 10 -7 12 -12 23 -15 -4 -3 18 -2 -19 -20 29 -13 25 -25 -1 -21 -18 -29 -11
right_child=1 16 15 5 8 9 -8 -9 -10 21 11 22 -14 14 -16 -17 27 19 20 26 -22 -23 -24 24 -26 -27 -28 28 -30 -31
leaf_value=0.017290014687772297 -0.013872672413029417 0 -0.025891871224199333 -0.0016867755419666471 0.037477702739319649 0 -0.0051144755697041504 0.035912712325576225 -0.0012369340439547932 -0.0033228378978213909 -0.0090374014421564907 0.027386553478433235 0.024733578450756181 0.023802415600998796 -0.0019494449227228094 0.0047085181372968354 -0.028239813769429797 -0.0035493946113764616 0.0074281537185385306 0.030933596548264986 -0.010954674924235269 -0.020343907156736122 0.0018093668064891742 -0.015549601880476084 0.010049727368035893 -0.010700914543933626 0.0033983064038605941 0.017976308238158059 -0.020609936100040395 0.019483815501424293
leaf_weight=16.229282027110461 42.683840458747 15.550709580769761 48.923657362349331 11.126651811413465 23.207724571228031 37.613833814393729 9.1803746828809363 95.621727931313217 8.2101981723681074 18.244964846409861 27.271576847881079 95.287545142695308 13.554434007033704 26.045438390225172 22.356532327830791 8.5250645675696415 209.39967733342201 23.28557828720659 89.831898593343794 16.494862737134099 21.17871311865747 8.5637729223817569 14.685878479853271 47.66681585740298 9.992911462672053 6.9894987791776648 17.606046830769628 6.1774872581008848 13.803713060216976 8.3577440502122027
leaf_count=261 1291 1019 1818 503 334 979 194 1087 111 252 281 816 95 293 248 194 13638 660 2740 254 631 82 120 831 205 83 680 402 912 93
internal_value=0.000491794 -0.0111833 0.000357065 0.0140844 0.00588706 0.0185468 0.0286477 0.0318907 0.0281165 0.0125887 0.0154938 0.0192559 0.00337339 0.00187796 0.0125451 -0.0209411 -0.0250862 0.00177752 -0.00163597 0.0106035 0.00332551 -0.00235878 0.0244569 -0.00464359 -0.0101913 0.00754121 0.0199763 -0.0266466 -0.00632176 0.00534255
internal_weight=1013.67 544.879 299.948 468.789 242.499 339.509 115.929 106.748 31.4179 223.58 188.413 150.799 40.826 129.28 48.402 57.4487 244.932 211.081 153.694 57.3865 111.011 35.1665 109.973 80.8785 57.6597 23.2188 34.1009 229.381 19.9812 26.6027
internal_count=31107 24684 8713 6423 6701 4502 1784 1590 445 2718 2291 1312 376 1921 541 2012 15971 6256 4662 1594 3371 427 936 1380 1036 344 934 14952 1314 345
is_linear=0
shrinkage=0.05


Tree=2
num_leaves=31
num_cat=0
split_feature=19 38 19 31 5 9 38 9 15 10 40 38 19 41 23 27 27 15 41 19 30 40 41 7 23 17 5 25 28 10
split_gain=81.9641 54.5429 21.7231 17.7847 7.91689 7.85981 7.6598 6.62472 5.28707 4.75159 4.33186 4.25826 3.4225 2.99069 2.83657 2.94725 2.51923 3.08165 2.4097 2.10706 2.74029 2.94976 2.79256 2.69046 1.74227 1.55187 1.52952 1.44048 1.33195 1.28257
threshold=-0.29666668176650995 -0.032514572143554681 -0.46999999880790705 0.44333332777023321 0.26999998092651373 0.22333335876464847 -0.032514572143554681 0.18999999761581424 -0.31666666269302363 0.35000002384185797 0.096666667610406889 -0.024595737457275387 -0.29000000655651087 0.13006117194890979 -0.31666666269302363 -0.016666665673255917 -0.41666667163372034 -0.32999998331069941 0.038872722536325462 0.030000001192092899 -0.3899999856948852 0.34666666388511663 0.036879267543554313 -0.29000000655651087 -0.22333332896232602 -0.22999998927116391 -0.20333333313465116 0.030000001192092899 -0.090000003576278673 0.44333332777023321
decision_type=2 2 2 2 2 2 2 2 2 2 2 2 2 2 2 2 2 2 2 2 2 2 2 2 2 2 2 2 2 2
left_child=2 3 11 4 19 10 29 8 14 16 -5 -1 -3 -14 -8 25 -9 -18 28 23 21 22 -21 -2 -20 -16 -25 -7 -10 -4
right_child=1 12 6 5 -6 27 7 9 18 -11 -12 -13 13 -15 15 -17 17 -19 24 20 -22 -23 -24 26 -26 -27 -28 -29 -30 -31
leaf_value=0.0065580766351796427 -0.013879530168593921 0.00013560377989490558 -0.010439149007189718 0.0011898675535820598 -0.02748144742023946 -0.016212748534554781 0 0.0068634085234152362 0.0098594706636916454 0.015973126068766771 0.038840212747392459 0.045246599603702642 -0.032628823831956373 0.0042449529723955683 0.032798314826181701 0.0033867674959837317 -0.025624384023756615 0.0040602759728585866 -0.0027222609903657094 0.028620303442673176 -0.013598387015487434 -0.010411777393794425 -0.0025671738522002586 0.016717236331342419 0.018719466140096605 0.010530538502943172 0.0020620899024677976 0.0063664465006956416 -0.0080630811877503827 0.01029523480906055
leaf_weight=12.189739249646662 12.503836170770226 6.9790884535759679 41.105773705989122 11.329477393999694 28.472720850724727 7.8897052975371462 13.228516271803526 10.283592351712285 8.4460257389582676 21.378221607767045 39.39800173882395 63.315046657808125 221.63732098275796 3.0829904400743535 81.642374032177031 16.523988976608962 21.242688568308949 8.7943616937845963 8.2515649888664466 9.2825125884264725 51.651869071647525 14.372808741405604 9.3809376331046206 22.374283482320607 32.002625102642924 20.748472366947681 67.530753483995795 7.5970978648401797 27.468630000948906 2.722692782059311
leaf_count=335 721 139 1875 103 1931 88 142 104 153 205 329 482 15719 207 776 343 238 111 131 169 2437 334 192 536 529 288 1811 119 470 51
internal_value=-0.00013923 -0.0132215 0.0169898 0.00154234 -0.00542224 0.0231293 0.0106656 0.0138154 0.0179744 -0.000205782 0.0318873 0.0402499 -0.0308676 -0.0319174 0.0239387 0.0262778 -0.0102815 -0.0170105 0.00633041 -0.00118615 -0.00687174 0.0034785 0.0151197 0.00340509 0.0140007 0.0293493 0.00678762 -0.00528813 -0.00244378 -0.00756479
internal_weight=902.828 513.483 389.344 281.784 215.57 66.2143 313.84 270.011 208.312 61.6989 50.7275 75.5048 231.699 224.72 132.143 118.915 40.3206 30.0371 76.1688 187.097 84.6881 33.0363 18.6635 102.409 40.2542 102.391 89.905 15.4868 35.9147 43.8285
internal_count=31068 24835 6233 8770 8131 639 5416 3490 2832 658 432 817 16065 15926 1549 1407 453 349 1283 6200 3132 695 361 3068 660 1064 2347 207 623 1926
is_linear=0
shrinkage=0.05


Tree=3
num_leaves=31
num_cat=0
split_feature=19 38 19 31 13 5 38 38 24 38 41 33 22 31 31 0 39 26 19 33 27 21 14 0 20 23 12 14 41 21
split_gain=94.4942 31.5039 34.3724 17.7225 15.4579 7.80876 6.8665 5.17612 3.83415 3.77013 3.16913 2.69993 3.90185 2.61605 2.47693 2.85552 2.29263 1.64683 1.51252 1.82556 1.32186 1.30672 1.24607 1.16641 1.3364 0.988593 0.936835 0.933227 0.906354 0.887711
threshold=-0.36333334445953364 -0.032514572143554681 -0.29000000655651087 0.43666666746139532 -0.45666666328907007 0.22333335876464847 -0.024595737457275387 -0.032514572143554681 -0.30333334207534784 0.11386013031005861 0.13006117194890979 0.17000001668930056 -0.21000000834465024 0.13666665554046634 -0.17000000178813932 0.20333331823349002 0.041159080341458328 -0.18999999761581418 0.030000001192092899 0.17000001668930056 -0.18333333730697629 0.01666665077209473 -0.31666666269302363 0.23666667938232425 -0.29000000655651087 -0.21000000834465024 -0.21666666865348813 -0.096666663885116563 0.041826598346233375 -0.15666666626930234
decision_type=2 2 2 2 2 2 2 2 2 2 2 2 2 2 2 2 2 2 2 2 2 2 2 2 2 2 2 2 2 2
left_child=4 3 22 5 6 13 -1 27 -5 25 16 12 -10 18 15 17 -4 -9 19 29 -16 -13 26 24 -15 -8 -3 -6 -17 -2
right_child=1 2 10 8 7 -7 9 14 11 -11 -12 21 -14 23 20 28 -18 -19 -20 -21 -22 -23 -24 -25 -26 -27 -28 -29 -30 -31
leaf_value=0.002967018542614162 0.0017243439117221983 0.0022693606138161101 -0.034724784305467986 -0.0010484783434906325 -0.014781815737779567 -0.027157079234401155 0.019296105618648883 0.0034242840491903823 0.0046357805811154083 0.011062586977279174 0.0042381298388069946 -0.005576568579588265 0.041189812522449812 -0.0045852536332649301 0.0094327364843476286 0.0091035899752649994 0.0031016570955031512 0.028895759627008046 -0.016191959815896707 0.010230379487999016 -0.0067660711947192739 0.015205219839647691 -0.00028755374675570178 -0.0064980917753086793 0.010568573940341188 0.047303529521097724 0.019823269789869955 0.0053876973346956934 -0.0071404907982346626 -0.010411684255502467
leaf_weight=16.889898016117513 15.09644090477377 21.523570988327265 203.03616383671761 14.210987770929931 15.782266107853504 34.127095331903547 19.143586352467537 11.815663328859953 13.497469225432722 17.450687215197831 3.0484615182504049 8.7794233448803443 28.326041896827519 13.023441572673617 26.829373034648597 14.850359983742239 1.892655475065111 48.276491804048419 30.086622785776854 13.965017945505677 13.444753211922942 8.5361560713499767 38.431350066093728 13.671507039107381 51.461825968697667 81.886007273104042 13.715752087999133 2.2016483731567851 7.6618649689480653 41.91762436227873
leaf_count=495 503 436 15608 166 981 2356 133 251 109 121 198 131 219 463 422 206 104 647 1484 372 264 109 804 518 1659 479 252 52 114 1459
internal_value=7.99178e-05 -0.0115327 -0.0232242 0.000107949 0.0237987 -0.00713513 0.0356853 0.0112142 0.0204371 0.0397807 -0.0333956 0.0256048 0.0319774 -0.00243142 0.0149345 0.0197126 -0.0341786 0.0250312 -0.00763633 -0.00270562 0.00330868 0.00487258 0.0055292 0.00406664 0.00702363 0.0436094 0.0115979 -0.0105401 0.00235901 -0.0069433
internal_weight=844.58 568.348 281.648 286.7 276.233 213.35 135.37 140.862 73.3501 118.48 207.977 59.1391 41.8235 179.222 122.879 82.6044 204.929 60.0922 101.066 70.9791 40.2741 17.3156 73.6707 78.1568 64.4853 101.03 35.2393 17.9839 22.5122 57.0141
internal_count=31115 26950 17402 9548 4165 8814 1228 2937 734 733 15910 568 328 6458 1904 1218 15712 898 3818 2334 686 240 1492 2640 2122 612 688 1033 320 1962
is_linear=0
shrinkage=0.05


Tree=4
num_leaves=31
num_cat=0
split_feature=18 38 14 31 38 35 6 9 13 41 36 31 40 41 13 31 32 9 8 33 31 41 40 7 12 5 13 14 21 16
split_gain=68.5503 20.2459 32.3281 18.4989 10.7757 4.57453 4.38045 4.26895 4.09539 3.8422 3.50013 3.82309 2.74994 2.70941 2.7912 2.12309 1.89337 2.54649 1.69831 1.35527 1.29504 1.26312 1.2314 1.19379 1.8652 1.27002 1.45837 1.24329 1.02481 0.999743
threshold=-0.3899999856948852 -0.032514572143554681 -0.30333334207534784 0.30333334207534796 -0.032514572143554681 0.1566666662693024 0.043333351612091071 0.29666668176651007 -0.21000000834465024 0.13006117194890979 0.38999998569488531 -0.236666664481163 0.51999998092651378 0.065306726843118681 -0.3899999856948852 0.43666666746139532 -0.11666667461395262 0.18999999761581424 -0.090000003576278673 -0.16333332657814023 -0.18999999761581418 0.056121677160263068 0.1566666662693024 -0.29000000655651087 0.21666666865348819 -0.10333332419395445 0.11000001430511476 -0.15000000596046445 -0.31666666269302363 -0.33666665852069849
decision_type=2 2 2 2 2 2 2 2 2 2 2 2 2 2 2 2 2 2 2 2 2 2 2 2 2 2 2 2 2 2
left_child=4 3 16 6 12 7 23 15 -4 29 11 13 -1 14 -6 28 -3 19 -7 -18 -13 -21 -22 24 -2 26 27 -25 -5 -10
right_child=1 2 8 5 10 18 -8 -9 9 -11 -12 20 -14 -15 -16 -17 17 -19 -20 21 22 -23 -24 25 -26 -27 -28 -29 -30 -31
leaf_value=-0.015396556743486882 -0.019373303012289046 -0.0021651920387287366 -0.011321674597199504 -0.0044327379532979657 0.038511520985574976 0.010349544718385067 -0.020356109400005068 -0.0070753545535972816 -0.00058626230923607234 0.0080086995087745253 0.00011055402649044337 -0.0020212091328539535 0.011398205130654242 0.0051189052936277991 0.0053463057273371297 0.030355227710406482 0 -0.0060212210231118789 -0.011999349345616521 0.025054891986174888 -0.00022947572560130236 0 0.020586099687773522 -0.00076323498351912032 0.0031961106475484669 -0.0066022732985995163 -0.0085225514863529316 0.015607172660590233 0.013468383848591109 -0.03272749422183948
leaf_weight=16.555464661214504 16.796947278082374 23.487527800956741 46.918843749444932 4.8730341312475529 112.33375313179567 7.8369454368948963 57.233020640909672 8.6102502015419287 4.2891117755789301 2.9377771778963497 12.328504053410141 8.2578077665530127 10.206367580220101 11.742694755084811 10.826999587472526 51.403259438462555 9.9556537973694486 9.4012584122829121 14.800717327743767 31.268973995931447 6.0813346747308996 7.023816986475139 24.319987070048228 13.694224783219395 10.082183103542773 32.786379308905452 8.1126424209214729 23.566632306203246 27.121025667991489 168.16809590917546
leaf_count=750 1033 645 2130 150 924 122 3523 222 340 170 136 131 431 111 275 415 293 298 400 755 122 186 411 476 326 1379 333 527 859 13166
internal_value=0 -0.00892942 -0.0177223 0.00078911 0.0238737 0.0157952 -0.00984931 0.0205291 -0.0274126 -0.0310623 0.0280503 0.0298257 -0.00419857 0.0339807 0.0361733 0.0239423 0.00860119 0.013171 -0.00284203 0.0176238 0.0121494 0.0213754 0.016384 -0.00310869 -0.0111089 0 0.00537523 0.00974137 0.00981441 -0.0321148
internal_weight=793.021 580.368 303.451 276.917 212.653 114.645 162.272 92.0076 222.314 175.395 185.891 173.563 26.7618 134.903 123.161 83.3973 81.1372 57.6497 22.6377 48.2484 38.6591 38.2928 30.4013 105.039 26.8791 78.1599 45.3735 37.2609 31.9941 172.457
internal_count=31039 27748 17983 9765 3291 2168 7597 1646 15806 13676 2110 1974 1181 1310 1199 1424 2177 1532 522 1234 664 941 533 4074 1359 2715 1336 1003 1009 13506
is_linear=0
shrinkage=0.05


Tree=5
num_leaves=31
num_cat=0
split_feature=14 38 31 38 13 14 5 9 18 18 40 40 9 23 38 26 24 22 36 14 7 37 37 27 31 11 27 22 18 18
split_gain=64.0423 27.09 15.6445 13.758 11.8499 7.55608 5.03527 4.00935 4.06094 2.6086 2.28263 2.20473 1.91606 1.74618 1.52912 1.52674 1.51848 1.70334 1.47935 1.47691 1.65303 1.38703 1.32378 1.30139 1.26077 1.13929 1.11444 1.112 1.13558 1.07296
threshold=-0.35000000894069666 -0.032514572143554681 0.34333333373069769 -0.032514572143554681 -0.15666666626930234 -0.46999999880790705 -0.090000003576278673 -0.22333332896232602 0.1566666662693024 -0.35000000894069666 0.51999998092651378 0.043333332985639579 0.22333335876464847 -0.20333333313465116 0.31295680999755865 0.4499999880790711 -0.29000000655651087 -0.22333332896232602 0.13666665554046634 0.17666667699813846 -0.29000000655651087 0.034846782684326179 -0.044029235839843743 0.096666663885116591 0.043333351612091071 0.22333335876464847 -0.32999998331069941 -0.31666666269302363 -0.36333334445953364 0.01666665077209473
decision_type=2 2 2 2 2 2 2 2 2 2 2 2 2 2 2 2 2 2 2 2 2 2 2 2 2 2 2 2 2 2
left_child=3 2 6 10 9 -5 19 16 23 -3 21 -6 13 -7 15 -13 -4 -18 -10 20 -2 -1 -12 -9 -22 26 -11 -15 -29 -8
right_child=1 4 7 5 11 12 29 8 18 25 22 14 -14 27 -16 -17 17 -19 -20 -21 24 -23 -24 -25 -26 -27 -28 28 -30 -31
leaf_value=-0.024727495373493044 -0.008576933885286242 0.0047867850980341242 0.00079530971278793025 0.036961996998590291 -0.0018733185089893805 0.0027403564989992983 -0.0085076585151190511 0.022947975645357291 -0.016006870033704362 0 -0.01058827147644246 -0.032068294891744946 0.00063405153038461866 0 0.0022357520726034061 0 0.0056479171137399052 0.033750006481200336 0.0032254840079540426 -0.0092074129278145438 0 0.0028454241625666837 0.013109613415770672 -0.00012845640999679096 0.014379554295764761 0.0057597194977460631 -0.016609620886670656 0.027461956831810592 0.010107163636604612 -0.02425099970541561
leaf_weight=13.728124725632375 13.055386477150021 30.431053172331303 8.1373687647283059 82.494094275403768 9.7298574317246658 20.347683904692531 37.822797423228621 17.995843548793349 14.939904960803689 10.474440186284481 3.1487529226578763 148.80819506314583 20.920592000242323 7.4950119049753985 1.2910976535640646 5.2196671306155613 12.183008325286208 32.69846432376653 12.651804734021423 25.002638203091919 21.715866384096444 2.4843006408773354 9.1739060194231552 5.2897890051826826 27.595976202748716 3.348129238234832 46.543828890193254 56.968463991535828 29.563837799010798 34.649635625304654
leaf_count=872 783 766 109 521 733 420 2061 361 279 511 150 11931 407 133 87 405 183 378 327 1006 713 162 424 121 664 147 2651 751 709 2397
internal_value=-3.72044e-05 -0.0100092 0.00118569 0.020636 -0.0214077 0.0248832 -0.00843797 0.0158713 0.00438109 -0.0060001 -0.00974751 -0.0292298 0.0160846 0.0185306 -0.0306552 -0.0311606 0.0249075 0.0281786 -0.00744294 0 0.00394496 -0.0197496 0.00420542 0.0178998 0.00828291 -0.0117557 -0.0136314 0.0213284 0.0228427 -0.017632
internal_weight=765.91 519.585 263.738 246.325 255.846 217.79 159.842 103.896 50.8773 90.7975 28.5351 165.049 135.296 114.375 155.319 154.028 53.0188 44.8815 27.5917 87.3699 62.3672 16.2124 12.3227 23.2856 49.3118 60.3664 57.0183 94.0273 86.5323 72.4724
internal_count=31162 26613 9382 4549 17231 2941 7624 1758 1088 4075 1608 13156 2420 2013 12423 12336 670 561 606 3166 2160 1034 574 482 1377 3309 3162 1593 1460 4458
is_linear=0
shrinkage=0.05


Tree=6
num_leaves=31
num_cat=0
split_feature=19 31 19 38 39 38 19 37 19 38 35 27 38 39 25 38 38 14 41 16 2 37 1 26 10 24 28 16 39 24
split_gain=51.4946 13.2576 15.8131 13.7324 7.20585 6.4728 6.12999 3.61498 3.2021 2.96591 2.91897 2.86581 2.84053 2.83286 2.28588 2.2458 2.15564 1.87282 1.7883 1.72876 1.44932 1.25874 1.24966 1.15074 1.13787 1.08173 1.01894 0.966259 0.95851 0.957363
threshold=-0.41666667163372034 0.43666666746139532 -0.069999992847442613 -0.032514572143554681 0.029510702937841419 -0.032514572143554681 -0.46999999880790705 0.0016446113586425783 -0.29666668176650995 -0.032514572143554681 0.12333333492279054 -0.43000000715255732 -0.033781528472900384 0.029510702937841419 -0.35000000894069666 -0.041422843933105462 -0.011066913604736326 -0.030000001192092892 0.13006117194890979 -0.083333343267440782 0.069999992847442641 0.094213485717773451 0.35000002384185797 -1.0000000180025095e-35 -0.21000000834465024 -0.26999998092651362 0.19499999284744265 -0.32999998331069941 0.029510702937841419 -0.030000001192092892
decision_type=2 2 2 2 2 2 2 2 2 2 2 2 2 2 2 2 2 2 2 2 2 2 2 2 2 2 2 2 2 2
left_child=4 2 8 7 6 10 14 25 9 -2 20 -6 17 18 -1 -8 -16 29 -7 -11 24 -15 27 -9 -4 -3 -13 -17 -14 -10
right_child=1 3 5 -5 11 13 15 23 12 19 -12 26 28 21 16 22 -18 -19 -20 -21 -22 -23 -24 -25 -26 -27 -28 -29 -30 -31
leaf_value=0.0078636806147294042 -0.011692120819224619 0.0051162447932615622 0.0070784119126854408 -0.024210512818485609 -0.023469026401819495 -0.031301892502180309 -0.0081162254384999615 0.010281140621197025 0.0006064088895789177 0.009147890727489047 -0.021619408530542977 0.017726728364986757 -0.01854615536691533 0.00963497724415289 0.013423957638923645 0.020055603067830885 0.043557749781619894 0.0097531332311392091 0.0019816645089127658 -0.0077572536244843587 -0.012202188981604731 -0.013873207040401537 -0.00067682154759067081 -0.0078683082017731859 -0.0064985002412449588 0.030241929779326066 -0.0021959286253524111 0 0 -0.012624978998826307
leaf_weight=12.890298059210179 20.46496950276196 10.70429526735097 29.323563914746046 17.8643616840709 5.8270762199535993 111.30082294112071 6.1648526513017705 11.672797854058446 19.153228460345417 94.985562732908875 33.189485970651731 5.3895605364814392 43.713867308106273 5.8705333615653199 17.234206546563655 52.391691382043064 56.512751672416925 21.341761372983456 2.0112821538932613 11.472534968517719 26.118394747842103 4.6464809407480061 6.9764673626050344 10.666853634640573 20.603275688365102 37.335523231886327 8.0267217885702831 6.8058535614982238 5.0869414827320716 22.060961543349549
leaf_count=87 1305 143 903 1344 68 9236 406 102 783 2097 2431 90 4183 527 292 768 321 552 132 293 1304 388 106 130 895 345 177 131 442 1075
internal_value=-0.000446488 -0.00795377 -0.0112966 0.00921865 0.0224811 -0.0203971 0.0259003 0.0192666 -0.00201061 0.00322618 -0.0103008 -0.00421782 -0.00805225 -0.0282232 0.0349034 0.012951 0.038369 -0.000325983 -0.0304316 0.00678711 -0.00383644 -0.000504239 0.0157716 0.000901796 0.000932528 0.0262957 0.00752451 0.0179774 -0.01638 -0.00665088
internal_weight=737.807 559.587 471.344 88.2438 178.219 233.064 158.976 70.3795 238.28 126.923 109.235 19.2434 111.357 123.829 86.6373 72.3389 73.747 62.556 113.312 106.458 76.0452 10.517 66.174 22.3397 49.9268 48.0398 13.4163 59.1975 48.8008 41.2142
internal_count=31056 28610 26546 2064 2446 15816 2111 720 10730 3695 5533 335 7035 10283 700 1411 613 2410 9368 2390 3102 915 1005 232 1798 488 267 899 4625 1858
is_linear=0
shrinkage=0.05


Tree=7
num_leaves=31
num_cat=0
split_feature=18 31 38 13 39 38 27 33 15 38 4 27 38 31 14 14 38 5 7 15 36 9 38 37 14 18 25 25 31 9
split_gain=49.2045 12.593 11.9295 9.847 4.95582 5.50838 4.67755 4.47719 4.21781 3.03517 2.68031 2.00241 1.9219 3.29456 1.828 1.73389 4.46206 2.62553 1.54994 1.45271 1.41911 1.30141 1.26122 1.1969 1.03743 0.884951 0.797822 0.799133 0.724282 0.714241
threshold=-0.3899999856948852 0.43666666746139532 -0.032514572143554681 0.11000001430511476 0.029510702937841419 -0.041422843933105462 -0.36333334445953364 0.14999997615814212 -0.45666666328907007 0.25636243820190435 -0.29000000655651087 1.0000000180025095e-35 -0.032514572143554681 0.16333335638046267 0.35000002384185797 -0.36333334445953364 -0.024023532867431637 -0.063333332538604722 -0.29666668176650995 -0.0099999904632568342 -0.31000000238418574 0.083333313465118422 -0.033781528472900384 0.012290954589843752 0.17000001668930056 -0.069999992847442613 -0.31666666269302363 0.20999997854232791 0.34333333373069769 -0.22333332896232602
decision_type=2 2 2 2 2 2 2 2 2 2 2 2 2 2 2 2 2 2 2 2 2 2 2 2 2 2 2 2 2 2
left_child=4 3 7 6 5 23 25 29 26 15 -6 21 13 -5 -9 -8 17 18 28 -20 -15 -10 -12 -1 -19 -2 -7 -28 -17 -3
right_child=1 2 -4 12 10 8 9 14 11 -11 22 -13 -14 20 -16 16 -18 24 19 -21 -22 -23 -24 -25 -26 -27 27 -29 -30 -31
leaf_value=-0.011936164651474505 0.011943265319776459 0.030092768942674791 -0.022536092624209719 -0.023723305026720657 0.015124377819391566 0.011750915341921624 0 0.010995744064079292 0.023334008880051021 0.01568440452874155 0.0025104420496141842 0 -0.027389406508769316 0.0071995490727310985 -0.012185193817081089 -0.014425801654814325 -0.01912289427409139 -0.016113559915663857 -0.0005488759332218868 0.014282438732725994 -0.0097419163221148641 0.0046254212451855665 -0.020810667958958421 0.0094324681184285268 0.0016429335732317382 -0.0025306994596005681 0.039826322607130218 0.013951069678534206 0.002246795047886677 0.0081907219831748642
leaf_weight=10.291454681195317 33.657339172670618 34.436355236917734 17.706780230393633 28.759525106754154 8.5505338893272 14.764169873669742 40.526752253994346 10.797885312698783 41.66167208342813 6.5963304168544701 4.8352908832021049 15.506536971079184 81.486323910532519 17.422559307422489 11.100248316302894 11.408414512174202 92.815948326606303 34.794091947376728 30.584338212385774 22.872787507483736 19.271615283563733 20.588402061490342 8.9241511751897615 4.3517622058279803 5.9517877507023504 8.3906257906928641 60.222724916413426 15.81700743967667 4.5560041889548293 14.397198377177117
leaf_count=596 1330 251 1355 2142 115 131 1310 122 602 295 210 441 6679 501 199 794 6801 2283 923 636 1014 364 134 188 310 563 407 131 133 149
internal_value=0.000185511 -0.00787249 0.0087463 -0.0113486 0.0206244 0.0232588 -0.0057113 0.0180531 0.0257645 -0.00835616 -0.000470238 0.0147652 -0.0217299 -0.012626 0 -0.00946909 -0.0113046 -0.00385497 0.00185465 0.00617745 -0.00123113 0.0184633 -0.0130763 -0.00347886 -0.0131071 0.00857934 0.0334261 0.0361627 -0.0092155 0.0256943
internal_weight=733.047 527.533 88.4385 439.094 205.514 183.204 292.154 70.7317 168.561 250.106 22.31 77.7566 146.94 65.4537 21.8981 243.51 202.983 110.167 69.4215 53.4571 36.6942 62.2501 13.7594 14.6432 40.7459 42.048 90.8039 76.0397 15.9644 48.8336
internal_count=31109 27790 2076 25714 3319 2860 15378 721 2076 13485 459 1407 10336 3657 321 13190 11880 5079 2486 1559 1515 966 344 784 2593 1893 669 538 927 400
is_linear=0
shrinkage=0.05


Tree=8
num_leaves=31
num_cat=0
split_feature=19 31 19 38 38 31 31 9 14 37 36 38 41 14 25 38 19 33 37 0 28 39 38 12 17 35 8 35 14 26
split_gain=46.2568 9.45987 13.266 9.45181 9.17467 5.17719 4.28502 3.74797 3.75574 3.44304 3.52077 2.74088 2.57889 1.87339 1.87156 1.57668 1.54724 1.52286 1.45032 1.32645 1.22127 1.20871 1.94002 1.03253 0.950786 0.949651 0.922566 0.918734 0.834787 0.78474
threshold=-0.41666667163372034 0.43666666746139532 -0.29666668176650995 -0.042340755462646477 -0.032514572143554681 0.12333333492279054 -0.236666664481163 -0.18333333730697629 0.31000000238418585 -0.051397800445556634 0.38999998569488531 -0.031785964965820306 0.13006117194890979 -0.32999998331069941 -0.3899999856948852 -0.024023532867431637 0.030000001192092899 -0.049999997019767754 -0.048974514007568352 0.23666667938232425 -0.076666668057441698 0.029510702937841419 0.098131179809570326 -0.41666667163372034 -0.31000000238418574 -0.16333332657814023 0.47666668891906744 0.18999999761581424 0.17000001668930056 0.43000000715255743
decision_type=2 2 2 2 2 2 2 2 2 2 2 2 2 2 2 2 2 2 2 2 2 2 2 2 2 2 2 2 2 2
left_child=6 2 11 7 5 16 9 -3 -9 15 14 -2 21 23 -11 -1 20 -8 -5 27 -4 26 -23 -13 -16 -25 -6 -7 -22 -20
right_child=1 3 4 18 12 19 17 8 -10 10 -12 13 -14 -15 24 -17 -18 -19 29 -21 28 22 -24 25 -26 -27 -28 -29 -30 -31
leaf_value=-0.011715518250621393 -0.010164381764365316 0.026870891173907781 0.00079816696954691986 0.0043262345430464142 -0.026597346545879932 0.0069568515679044587 0.013684245131838052 0.018800690896309761 -0.013336865482657148 0.0022327255466877225 0.00032209754699709099 -0.00049324300097455212 0.0077265911839192311 -0.00075686378715055186 0.034287136943724671 0.012839048462334296 -0.0234687960604252 -0.0053660949081334548 -0.022502139762420548 -0.0089145876727267561 -0.016515571178850198 0.01024780518070347 -0.016653430123410116 0.0013198626829698742 0.0098183217013189245 0.018486847346963039 0 -0.0075737670864037005 0.002707523294394179 0
leaf_weight=6.554295543115586 22.395032371859998 36.680333415046334 21.436433442402631 3.7612223010510233 141.57032449520193 65.903053964488208 12.43221262143925 10.758656322490426 13.632077605929224 8.3438807595521194 12.464226025156675 9.5016375016421062 2.6590961595065883 40.175859714392573 96.73673715768382 7.4590541534125787 31.892205273266882 16.962779361754656 19.107090953737501 15.70344780711457 22.199402524624023 5.4566178959794334 9.3973218854516727 15.06061021145433 13.484534912742673 38.2976831831038 4.7107816406060001 6.1578848066274068 2.5623784456402054 3.0491407623048863
leaf_count=215 1402 277 766 137 12932 2006 267 116 255 129 201 175 190 1073 1030 71 2523 353 1119 799 1413 463 862 337 228 762 388 481 96 157
internal_value=7.47227e-05 -0.00712059 -0.0100193 0.00744331 -0.0152249 -0.00637324 0.0220661 0.017893 0.00092936 0.0255063 0.0279271 0.00354185 -0.0234988 0.00714561 0.030473 3.60444e-05 -0.0152804 0.00293856 -0.0151315 0.00175611 -0.00710077 -0.0244225 -0.00546722 0.0121853 0.0321701 0.0146858 -0.0258919 0.00490819 -0.0135735 -0.0195406
internal_weight=716.506 542.068 455.08 86.9885 329.649 165.855 174.438 61.0711 24.3907 145.043 131.029 125.431 163.794 103.036 118.565 14.0133 78.0904 29.395 25.9175 87.7644 46.1982 161.135 14.8539 62.8599 110.221 53.3583 146.281 72.0609 24.7618 22.1562
internal_count=31223 28729 26668 2061 22919 8084 2494 648 371 1874 1588 3749 14835 2347 1387 286 4798 620 1413 3286 2275 14645 1325 1274 1258 1099 13320 2487 1509 1276
is_linear=0
shrinkage=0.05


Tree=9
num_leaves=31
num_cat=0
split_feature=19 6 31 19 38 19 38 31 33 37 25 38 39 37 31 37 39 38 37 16 13 21 25 31 37 25 37 19 31 5
split_gain=37.8387 8.38331 8.47929 6.45029 5.27776 4.85348 7.69645 3.21946 3.14425 3.05004 2.83113 2.10913 2.04142 1.89599 1.76738 1.7565 2.48561 1.73287 1.62076 1.19063 1.09339 1.75795 0.969722 0.910532 0.836254 0.820262 0.780535 0.727612 0.713823 0.74845
threshold=-0.43000000715255732 0.13666665554046634 0.43666666746139532 -0.29666668176650995 -0.032514572143554681 -0.30333334207534784 -0.032514572143554681 -0.24333333969116208 0.36333334445953375 0.0016446113586425783 -0.37666666507720942 -0.028007507324218747 0.029510702937841419 0.026220321655273441 0.12333333492279054 -0.001793861389160156 0.022874211892485622 -0.032514572143554681 -0.079238414764404283 -0.45666666328907007 -0.12999999523162839 -0.30333334207534784 -0.076666668057441698 0.030000001192092899 1.0000000180025095e-35 -0.036666661500930779 0.1110663414001465 -0.29000000655651087 0.46333330869674688 0.35000002384185797
decision_type=2 2 2 2 2 2 2 2 2 2 2 2 2 2 2 2 2 2 2 2 2 2 2 2 2 2 2 2 2 2
left_child=7 2 5 25 9 17 14 8 10 -4 -1 15 18 -10 24 16 -12 -2 -8 -13 -16 -22 -19 -24 -7 -3 -14 -20 -5 -30
right_child=1 3 4 28 -6 6 12 -9 13 -11 11 19 26 -15 20 -17 -18 22 27 -21 21 -23 23 -25 -26 -27 -28 -29 29 -31
leaf_value=0 -0.010337764625143749 -0.0049773887336797967 0.026555995225502577 -0.022847741016314364 -0.01446417824715701 -0.012831382680238798 0.003550533585273589 0.0010416694698064369 0.013110136107198501 0 -0.019899590338798484 0.036471579085258707 0.008954699863416302 -0.012791263599631298 -0.0062586686494526256 0.020178915020414859 0.012797034427482049 0.00072110968436136917 -0.00032106518725397544 0.01433884148423727 -0.0080797487548263172 0.010086449619774557 0.01465465282356831 -0.0024691134104540564 0 0.008711862521928208 -0.010436013971439638 -0.024631209059188426 0.0031462369157614651 -0.013368097241695995
leaf_weight=8.4911430585198087 13.827040805947034 11.724680982530119 36.708276805002242 107.92095719766803 8.7022134156431985 30.49078270373866 2.6752558765001586 20.728293596301228 9.9122531302273291 16.616734982468188 5.4856406422331947 64.652028804644942 6.6503072641789895 6.421786716207861 16.915270709432662 8.6567356484010798 5.3842938663437963 53.611500540515408 5.5343893370591095 23.842158569954336 10.889314261265097 51.725501068402082 29.940335993189365 4.9545098883099845 16.88671355182305 19.349278676323593 2.6029579532332718 80.481014557415619 7.449677821248768 6.5469236040953547
leaf_count=132 939 406 351 9003 692 1738 192 440 167 160 162 450 594 86 462 168 150 1287 198 302 389 1652 634 120 962 574 235 7909 245 293
internal_value=-0.000343106 -0.0066123 -0.00254105 -0.0163256 0.0134876 -0.00584294 -0.00989573 0.0210504 0.0238124 0.019472 0.0265814 0.0286577 -0.0200063 0.0011069 -0.00135364 0.00833962 -0.00343062 0.00288613 -0.0222095 0.0320622 0.0029506 0.00613255 0.00574175 0.0116065 -0.00856679 0.00290276 0 -0.0234617 -0.0213282 -0.00502148
internal_weight=695.778 542.204 389.212 152.992 62.0272 327.185 224.852 153.574 132.846 53.325 116.512 108.021 97.9439 16.334 126.908 19.5267 10.8699 102.333 88.6907 88.4942 79.5301 62.6148 88.5063 34.8948 47.3775 31.074 9.25327 86.0154 121.918 13.9966
internal_count=31092 29035 18514 10521 1203 17311 14331 2057 1617 511 1364 1232 9128 253 5203 480 312 2980 8299 752 2503 2041 2041 754 2700 980 829 8107 9541 538
is_linear=0
shrinkage=0.05


Tree=10
num_leaves=31
num_cat=0
split_feature=19 31 19 38 38 35 31 38 40 34 26 39 31 40 38 26 28 38 0 37 41 39 9 14 33 14 0 23 33 13
split_gain=34.1547 10.3769 11.6378 8.84021 5.46876 4.10949 3.61225 3.13887 2.88277 2.33459 2.55511 2.10202 1.98208 1.92985 1.60559 1.43887 1.28906 1.91842 1.10238 1.06884 1.06474 0.975026 1.14819 0.96066 0.845627 0.721397 0.76759 1.01103 0.678894 0.627025
threshold=-0.43000000715255732 0.43666666746139532 -0.29666668176650995 -0.042340755462646477 -0.032514572143554681 0.18999999761581424 -0.24333333969116208 -0.032514572143554681 0.043333332985639579 -0.32333332300186152 0.31666666269302374 0.029510702937841419 0.12333333492279054 0.043333332985639579 0.15270900726318362 0.12333333492279054 0.16333335638046267 0.074775695800781264 0.14999997615814212 -0.079238414764404283 0.041826598346233375 0.029510702937841419 0.043333351612091071 0.29000002145767217 0.47666668891906744 -0.32999998331069941 0.18333333730697635 -0.21666666865348813 -0.4433333277702331 -0.10333332419395445
decision_type=2 2 2 2 2 2 2 2 2 2 2 2 2 2 2 2 2 2 2 2 2 2 2 2 2 2 2 2 2 2
left_child=6 2 7 9 5 12 8 -2 -1 -3 -11 16 -4 20 25 -13 17 -10 23 -5 -6 24 -23 28 -15 26 27 -9 -14 -30
right_child=1 3 4 19 13 -7 -8 14 11 10 -12 15 18 21 -16 -17 -18 -19 -20 -21 -22 22 -24 -25 -26 -27 -28 -29 29 -31
leaf_value=-0.00062881908369224028 -0.012973025802421257 0 -0.010188884488775779 0.0047642889984076328 -0.0082612891854031145 -0.022519751277046605 0 -0.0015995407209434644 -0.0063328468810777668 0.028962148319062905 0.00034470863315195013 0.014750260637195527 -0.0036988445104559585 -0.024390604493471749 0.020670419442918836 -0.0075198558762648113 0.029753243604933994 0.019609304457859571 -0.0066873986448999952 -0.017089670040259776 0.014689621336870049 0.0059365601204280334 -0.014966519648193871 -0.0056009256774447978 0 -0.0013467679192225729 -0.00084309414084552693 0.013059995745789628 0 0.013248108860276187
leaf_weight=9.6985317436046881 19.62104355590418 10.58733081165701 46.651656355708838 2.2132234508171704 7.2868603817187232 28.346624129684642 20.55512769240886 10.605551559478043 7.6964563801884678 38.138232245575637 11.830241999588905 8.8498113062232751 4.5742754354141644 127.8257334951777 11.367765412665902 7.3968152664601794 94.684434095863253 8.5949135683476907 19.016195327043533 21.261866307584569 2.1332446215674281 6.9726477819494885 6.3670607320964336 9.2914180597290379 4.2482334550004444 40.347335850354284 19.092326642945409 37.264536743983626 13.462597157340495 34.039649856509641
leaf_count=131 1459 128 2905 44 664 2536 444 228 125 380 142 118 117 12334 220 131 1067 85 817 1388 176 659 566 292 381 1087 406 742 377 997
internal_value=6.84583e-05 -0.00597262 -0.00901961 0.00953026 -0.014329 -0.00704236 0.0201202 0.00281718 0.0229398 0.0193039 0.0233968 0.0248715 -0.00254094 -0.0209505 0.00612699 0.00419374 0.0273146 0.00782628 0.00200762 -0.0136307 0 -0.022318 -0.00429577 0.00542869 -0.0236915 0.00335275 0.00640492 0.0095317 0.00820238 0.010102
internal_weight=690.022 532.546 448.515 84.0309 310.216 155.382 157.476 138.299 136.921 60.5558 49.9685 127.222 127.036 154.834 118.678 16.2466 110.976 16.2914 80.3841 23.4751 9.42011 145.414 13.3397 61.3679 132.074 107.31 66.9624 47.8701 52.0765 47.5022
internal_count=31146 29045 26963 2082 22821 8041 2101 4142 1657 650 522 1526 5505 14780 2683 249 1277 210 2600 1432 840 13940 1225 1783 12715 2463 1376 970 1491 1374
is_linear=0
shrinkage=0.05


Tree=11
num_leaves=31
num_cat=0
split_feature=14 6 16 37 8 14 40 18 39 9 25 11 6 37 23 39 19 41 19 41 9 26 39 27 8 39 27 24 6 30
split_gain=28.6814 6.96247 5.04611 3.09375 2.76254 2.70604 3.17115 2.28919 2.1728 2.1718 1.81868 1.78579 1.64022 1.57714 1.50651 1.46982 1.30379 1.25437 1.28236 1.10218 1.04713 1.51835 1.0357 1.00583 1.14178 0.951941 0.827866 0.867314 0.818682 0.769083
threshold=-0.35000000894069666 0.13666665554046634 -0.46999999880790705 0.01410198211669922 0.38999998569488531 -0.0099999904632568342 0.53000000119209301 -0.35000000894069666 0.013434986118227245 0.20999997854232791 -0.063333332538604722 -0.15000000596046445 -0.11666667461395262 -0.036474227905273431 -0.15000000596046445 0.029931325465440754 -0.30333334207534784 0.062716234475374236 -0.41666667163372034 0.040605081245303161 0.26999998092651373 -0.17000000178813932 0.029510702937841419 -0.32999998331069941 -0.036666661500930779 0.01583376340568066 0.27666664123535162 1.0000000180025095e-35 -0.30333334207534784 0.38333332538604742
decision_type=2 2 2 2 2 2 2 2 2 2 2 2 2 2 2 2 2 2 2 2 2 2 2 2 2 2 2 2 2 2
left_child=2 3 4 5 29 -2 8 -3 -7 10 14 -10 -11 19 -4 16 -5 18 -16 -8 21 -13 -15 24 -9 -14 -18 -28 -12 -1
right_child=1 7 9 15 -6 6 13 23 11 12 28 20 25 22 17 -17 26 -19 -20 -21 -22 -23 -24 -25 -26 -27 27 -29 -30 -31
leaf_value=0.0063588922954076615 -0.0074675531257748177 0.0035798396866068569 -0.0078783261546449129 -0.00066105436653190422 0 -0.011492565107144144 -0.0073436203779018681 0.009813822300530791 -0.0028340691345649992 0.011150553239661689 -7.8447604309331786e-05 0.0032476676608693615 0.0038653604849791601 -0.01820855100323936 0.018465973433425112 4.6644896570941745e-05 -0.019314538000821144 -0.0058714149206373634 0 0.01104747189810221 0 0.022045768126571524 0 -0.021667536975823271 -0.011015049265799298 -0.015033903089352332 -0.011525198809392801 0.0047457333197663144 0.017728214310204656 0.028737856659469669
leaf_weight=11.546168374828992 73.706625226419419 7.873551746364682 15.29636499006301 21.944325807970017 11.031528201419858 5.4571867473423472 7.2274154378101256 3.3548167692497399 12.942097506485878 6.0116474539972868 4.0813741250894955 21.407097826246172 3.8193228533491519 17.952765288995582 20.201190066523846 23.650251782499254 50.386436350410804 7.4685051566921166 17.090537364827473 13.28834366193041 9.0150913810357434 41.081725398311391 8.8212062069214863 95.940639042994007 13.669698755489661 17.885240239789709 10.518561019096525 8.7768633698578906 53.905466350261122 63.100664172554389
leaf_count=132 4397 396 423 636 193 343 359 189 565 146 106 692 93 1232 335 1170 3844 175 565 450 453 1209 334 7939 1103 572 758 499 1353 519
internal_value=-0.000380858 -0.0077905 0.0136605 -0.00374867 0.0231065 0 0.00402544 -0.01781 0.00942922 0.00724938 0.0101768 0.0117304 -0.00406916 -0.00568361 0.00304488 -0.0101126 -0.0128327 0.00776029 0.0115032 0.00343005 0.0147044 0.0168197 -0.0127793 -0.0196163 -0.00433695 -0.010689 -0.0159791 -0.00376561 0.0161944 0.026317
internal_weight=678.453 447.015 231.438 326.176 85.6784 210.9 137.193 120.839 89.9032 145.76 118.043 84.446 27.7162 47.2897 60.0566 115.276 91.6262 44.7602 37.2917 20.5158 71.5039 62.4888 26.774 112.965 17.0245 21.7046 69.6819 19.2954 57.9868 74.6468
internal_count=31180 26568 4612 16941 844 10034 5637 9627 3262 3768 2957 2919 811 2375 1498 6907 5737 1075 900 809 2354 1901 1566 9231 1292 665 5101 1257 1459 651
is_linear=0
shrinkage=0.05


Tree=12
num_leaves=31
num_cat=0
split_feature=19 31 19 38 14 2 28 26 40 6 41 8 19 38 14 38 9 22 22 25 9 39 20 38 38 26 25 1 41 9
split_gain=30.6792 8.20994 7.62921 6.99517 3.33355 3.07534 2.48709 2.32527 2.13403 1.7823 1.6517 1.63199 1.5017 1.74817 1.48299 1.43679 1.43024 2.66649 1.32978 1.01296 1.23554 1.01188 1.01117 1.06411 0.895164 0.853994 0.701367 0.623605 0.56227 0.63385
threshold=-0.41666667163372034 0.43666666746139532 0.030000001192092899 -0.032514572143554681 -0.45666666328907007 0.32999998331069952 0.47500002384185797 0.36333334445953375 0.33333332836627966 -0.25666666030883784 0.0954544171690941 0.35000002384185797 -0.29666668176650995 -0.031785964965820306 -0.016666665673255917 -0.026888847351074215 0.17666667699813846 -0.21000000834465024 -0.29000000655651087 -0.069999992847442613 0.056666672229766853 0.029510702937841419 0.37666666507720953 -0.059825420379638665 0.026465415954589847 -0.19666665792465207 -0.25666666030883784 0.18333333730697635 0.036879267543554313 -0.26333332061767573
decision_type=2 2 2 2 2 2 2 2 2 2 2 2 2 2 2 2 2 2 2 2 2 2 2 2 2 2 2 2 2 2
left_child=4 2 7 5 6 16 11 10 9 24 12 26 13 -2 -14 -16 17 -3 -6 -15 -21 -10 23 -20 28 -25 -1 -9 29 -4
right_child=1 3 8 -5 18 -7 -8 27 21 -11 -12 -13 14 19 15 -17 -18 -19 22 20 -22 -23 -24 25 -26 -27 -28 -29 -30 -31
leaf_value=0.0094162441574289716 -0.014423527897444758 0.0010972161811723398 0.015667902871370241 -0.017770342322969784 -0.0059661282175007043 -0.0052731091798852055 0 0.010949926055295914 -0.025175094345815326 -0.014607130214503373 0.010105526033407421 0.004477463751608686 -0.014694069495235128 -0.0027724376096326308 0.0037777653471807991 -0.012664211639759906 0 0.029739852281383525 -0.0025086894549067669 0.013074470865132224 -0.0045775964695117799 -0.0055815248551668089 -0.0017302983877822316 0 -0.011328858362191406 0.018601039797615283 0.031223061760089738 -0.00055004571775464498 -0.0013630088167357187 -0.0015618829443318338
leaf_weight=14.619112317450343 14.412823790218679 13.334353365004057 9.2882850077003223 15.150837128050624 9.3271427419967932 11.117067413870243 10.775329329073427 25.482459991471842 75.214152403175831 48.634885239647701 9.6374384912196529 13.168365291319786 68.216541428933851 42.282390573993325 29.446529215667397 14.511588570894672 9.5909348642453534 31.767519674729559 4.9607624523341647 24.546573073137552 8.4544714996591193 15.358843136113135 9.1162581513635796 5.8725912654772392 5.0862140695098779 33.52651291526854 67.187007240019739 11.771228440105913 10.398849313613026 3.0467999090906295
leaf_count=164 1045 135 266 1311 210 154 130 1171 6296 4005 473 199 6021 1099 1028 1536 184 252 225 532 184 1053 196 128 451 563 652 582 503 201
internal_value=0 -0.00628094 -0.00913458 0.0077061 0.0180491 0.0149142 0.0234611 -0.00331089 -0.017248 -0.00934569 -0.00541793 0.0258986 -0.00654959 -0.00125471 -0.0102932 -0.00201878 0.0195451 0.022884 0.00732164 0.00183744 0.0079027 -0.0226646 0.0104276 0.0133311 7.27199e-05 0.0159441 0.0285205 0.00716599 0.00532658 0.0109302
internal_weight=665.304 496.751 415.79 80.9607 168.553 65.8099 105.75 248.762 167.028 76.455 211.508 94.9745 201.871 89.6963 112.175 43.9581 54.6928 45.1019 62.8033 75.2834 33.001 90.573 53.4761 44.3599 27.8201 39.3991 81.8061 37.2537 22.7339 12.3351
internal_count=30949 28482 26446 2036 2467 725 1145 13671 12775 5426 11918 1015 11445 2860 8585 2564 571 387 1322 1815 716 7349 1112 916 1421 691 816 1753 970 467
is_linear=0
shrinkage=0.05


Tree=13
num_leaves=31
num_cat=0
split_feature=19 31 38 19 14 40 9 9 41 40 25 19 38 0 26 41 41 39 38 37 9 33 38 40 37 5 25 4 9 24
split_gain=21.6111 8.89333 7.36568 4.03183 3.8962 3.65242 3.23906 1.97329 1.71592 1.70624 1.60947 1.58803 1.37829 1.40812 1.22582 1.59629 1.06659 0.973977 0.971209 0.908291 0.895106 1.00402 0.626033 0.580888 1.03875 0.542593 0.458368 0.448369 0.522405 0.400716
threshold=-0.36333334445953364 0.42333334684371954 -0.032514572143554681 0.030000001192092899 -0.45666666328907007 0.33333332836627966 0.23666667938232425 -0.24999999999999997 0.066116258502006545 0.33333332836627966 -0.24333333969116208 0.18333333730697635 -0.032514572143554681 0.20999997854232791 0.26333332061767584 0.0954544171690941 0.039897613227367408 0.029510702937841419 0.22565650939941409 -0.14993143081665036 0.19666665792465213 -0.26333332061767573 -0.057752609252929681 0.11000000312924386 -0.018912792205810543 0.20333331823349002 -0.24333333969116208 0.056666672229766853 0.043333351612091071 -0.21666666865348813
decision_type=2 2 2 2 2 2 2 2 2 2 2 2 2 2 2 2 2 2 2 2 2 2 2 2 2 2 2 2 2 2
left_child=4 3 7 14 5 6 16 -3 12 10 -5 -9 -6 20 15 18 -1 -11 29 -12 21 -14 -16 -13 -25 -15 -7 28 -23 -2
right_child=1 2 -4 9 8 26 -8 11 -10 17 19 23 13 25 22 -17 -18 -19 -20 -21 -22 27 -24 24 -26 -27 -28 -29 -30 -31
leaf_value=0.021775226667789083 -0.0032711454765401967 0.021962002534729335 -0.017341866585078615 0.0032575317689330177 -0.004795152583516718 0.0068229300640171402 -0.0096975827669153573 0.014962738983397453 -0.0091424160440042677 -0.024218617151584191 0.0040130357576989642 -0.012547045087175329 0 -0.0061937778053264428 0.0087461644480842284 0.0096528922237518345 0 -0.00448051548401515 0.0059042348598225053 -0.01441067744886779 0 0.011691439730868974 -0.002080584631250311 0.012259629265633279 -0.0077699521897547728 0.0066767641420049251 0.027276586998234483 0.023734672332515621 -0.00067415766015727454 -0.01160749789796198
leaf_weight=14.4683462549001 34.64687814458739 35.60555811598897 17.848065490601584 15.144896631594746 14.290545431431381 11.58923572860658 16.345057768281549 11.441066008526834 12.6803837781772 69.52214214601554 2.7088916790671638 6.2054902673698988 7.5081359101459304 14.505906728096308 13.508483968209474 6.5088274790905407 9.9072396149858815 13.785000819712875 4.6751740602776399 52.573118961183354 11.338357260450719 18.684652666561316 31.503238091710955 5.9554684143513468 7.489846494980152 6.9751276969909659 58.51947719976306 21.837999938055873 6.6816945225000373 96.703646561596543
leaf_count=136 2268 314 1572 930 840 137 251 162 381 6121 113 126 167 297 702 350 119 999 288 4198 235 380 2020 103 148 129 571 375 130 6369
internal_value=-0.000440262 -0.00707904 0.00689983 -0.0106734 0.0118556 0.0184079 0.00472384 0.0146266 0.00470535 -0.0166398 -0.00903149 0.00335862 0.00707452 0.00946296 -0.0052893 -0.00751555 0.0152226 -0.0217529 -0.00888618 -0.0127954 0.0128446 0.015253 0.0013251 -0.0043425 0.000861603 -0.000559555 0.0250284 0.0176823 0.00813132 -0.00982955
internal_weight=651.158 425.826 84.5455 341.28 225.332 110.829 40.7206 66.6974 114.503 153.734 70.4269 31.0919 101.822 87.5319 187.546 142.535 24.3756 83.3071 136.026 55.282 66.0508 54.7125 45.0117 19.6508 13.4453 21.481 70.1087 47.2043 25.3663 131.351
internal_count=30931 26783 2425 24358 4148 1214 506 853 2934 12361 5241 539 2553 1713 11997 9275 255 7120 8925 4311 1287 1052 2722 377 251 426 708 885 510 8637
is_linear=0
shrinkage=0.05


Tree=14
num_leaves=31
num_cat=0
split_feature=19 6 38 19 14 41 19 21 41 38 39 2 27 29 11 39 37 39 38 25 14 25 40 24 29 1 2 27 39 25
split_gain=19.6499 5.16096 4.13034 7.77501 5.05321 2.93487 2.85957 2.67476 1.98434 1.89586 2.40687 1.83106 1.77972 1.77066 1.56589 1.36215 1.3276 1.47982 1.31524 1.17804 1.02394 1.27561 1.02034 1.39023 0.853458 0.720943 0.723413 0.71565 0.675374 0.666496
threshold=-0.43000000715255732 0.1566666662693024 -0.032514572143554681 -0.29000000655651087 -0.0099999904632568342 0.064443118870258345 -0.29666668176650995 -0.25666666030883784 0.13006117194890979 -0.045151710510253899 0.029510702937841419 0.31000000238418585 -0.18999999761581418 0.056666672229766853 -0.1766666769981384 0.029510702937841419 0.012290954589843752 0.02565096598118544 0.098131179809570326 -0.14333333075046537 -0.36333334445953364 -0.076666668057441698 0.030000001192092899 -0.30333334207534784 0.12333333492279054 -0.33666665852069849 -0.3899999856948852 -0.33666665852069849 0.017120812088251117 0.030000001192092899
decision_type=2 2 2 2 2 2 2 2 2 2 2 2 2 2 2 2 2 2 2 2 2 2 2 2 2 2 2 2 2 2
left_child=5 2 4 20 27 9 29 25 15 16 12 13 -11 14 -9 -5 17 -1 -17 -14 21 -4 -16 -24 -22 26 -6 -2 -7 -3
right_child=1 6 3 8 7 28 -8 11 -10 10 -12 -13 19 -15 22 18 -18 -19 -20 -21 24 -23 23 -25 -26 -27 -28 -29 -30 -31
leaf_value=-0.017138782202023653 0 -0.0061198418274313517 -5.3238917544998931e-05 -0.020200916920398243 0 0.0057194608471411819 -0.017457458911209554 -0.0003855122027270428 0.0095938067829536722 0.025226996154010035 -0.00094180956028812627 -0.0025852266510589597 -0.0062620016753141342 -0.0035510168912109581 0 0.013159373927518599 0.013532322959416152 0.0074467129256918889 -0.011619131795771518 0.013508295322747339 0.0025523971762460387 0.015023077985154287 0.0010217412027651105 0.024406200470947239 -0.0091528459212773788 0.0019922294234999572 -0.019126993022932935 -0.012079538939722681 -0.0088500350084666207 0.0071080321507127203
leaf_weight=7.3915630369447189 11.286485909484325 11.955003558658065 21.834078023210168 84.317558908835053 8.0506181698292476 7.7082788301631835 101.39491101028398 8.276402195915578 2.0252344170585266 83.244444707408547 9.6739759072661382 13.045899107586591 8.0108270347118395 7.4189383923076084 6.0357812587171784 3.9724396523088199 7.8764276374131432 4.8665620889514685 5.5639957652892917 9.1059061037376505 32.750490625854582 21.748425245750695 10.309089847374699 51.657686042133726 18.58360515977256 20.746525477152318 4.5218330738134673 40.395238585071638 10.960563672706483 13.685315333772449
leaf_count=238 583 435 493 8877 266 98 9004 309 135 867 113 427 138 284 135 335 149 133 550 122 958 410 320 1086 505 618 140 2734 198 421
internal_value=-0.00056153 -0.00536594 -0.00222721 -0.00729871 0.00302682 0.014986 -0.013867 0.00829959 -0.0169381 0.0175671 0.0200623 0.0123673 0.0222608 0.0149937 0.0172286 -0.018303 0.00149937 -0.00676931 0 0.00395035 0.00261881 0.00787344 0.0195677 0.0213173 -0.00176341 -0.00296042 -0.0104825 -0.00929231 -0.00189298 0.000159356
internal_weight=648.414 499.576 372.54 190.796 181.744 148.839 127.035 130.063 95.8792 130.17 110.035 96.7438 100.361 83.6979 76.279 93.854 20.1346 12.2581 9.53644 17.1167 94.9166 43.5825 68.0026 61.9668 51.3341 33.319 12.5725 51.6817 18.6688 25.6403
internal_count=31081 29025 19165 12263 6902 2056 9860 3585 9897 1760 1240 2561 1127 2134 1850 9762 520 371 885 260 2366 903 1541 1406 1463 1024 406 3317 296 856
is_linear=0
shrinkage=0.05


Tree=15
num_leaves=31
num_cat=0
split_feature=19 31 19 37 31 37 9 40 39 26 41 26 25 35 19 36 25 39 24 14 17 37 26 9 33 25 9 33 41 39
split_gain=18.8647 7.78125 6.10004 3.42309 2.72177 2.50823 1.80062 1.78622 1.76711 1.755 1.47713 1.47096 1.40837 1.3918 1.29053 1.56241 1.32768 1.2083 1.05414 1.00435 0.928795 0.814326 0.733711 0.716569 0.856348 0.708738 1.36738 0.676875 0.641514 0.637638
threshold=-0.43000000715255732 0.43666666746139532 -0.0099999904632568342 0.0016446113586425783 -0.28333333134651179 -0.067180633544921861 0.27666664123535162 0.11666666716337205 0.029931325465440754 0.36333334445953375 0.0954544171690941 -1.0000000180025095e-35 -0.13666665554046628 -0.29000000655651087 -0.29666668176650995 0.043333351612091071 -0.069999992847442613 0.034167362377047546 -0.30333334207534784 -1.0000000180025095e-35 0.23666667938232425 -0.067180633544921861 0.13666665554046634 0.26999998092651373 0.043333351612091071 0.20999997854232791 0.23666667938232425 -0.1766666769981384 0.030305638909339908 0.014045588206499817
decision_type=2 2 2 2 2 2 2 2 2 2 2 2 2 2 2 2 2 2 2 2 2 2 2 2 2 2 2 2 2 2
left_child=4 2 9 6 5 -1 18 13 12 10 14 20 23 27 15 16 -2 21 -3 -16 -5 -9 -21 24 -7 -14 -27 -4 -18 -17
right_child=1 3 7 11 -6 8 -8 17 -10 -11 -12 -13 25 -15 19 29 28 -19 -20 22 -22 -23 -24 -25 -26 26 -28 -29 -30 -31
leaf_value=-0.0024799814874839933 -0.0020943808281755827 0 0.010898661891766232 0.014271566913181145 0 0.0010227265776269717 -0.00093448967523295087 -8.0654242186402244e-05 0.0014275285596024717 0.006777466384520885 0.010833788352623178 -0.013245023521895492 0.031440323299457132 -0.010129963233858633 -0.012854637933264502 0.0032123048842377733 -0.0011140464208150098 -0.001648476378534956 0.024095186888647108 -0.0056294994898577703 -0.004123154514049752 -0.020226598956736355 0.008094377966485931 0 0.020775457953958441 0.020260000390008477 -0.0015998381460153529 -0.0048939891409520405 0.013666957557057977 -0.011861188351733831
leaf_weight=9.9303988460451347 41.315413025207818 6.8348841979168347 11.722076549194751 7.5981116634793597 26.729231288190931 12.455332270823421 8.5896783042699081 7.9301847531460217 14.6203102953732 40.128003046498634 9.2882385386619699 13.447994244052095 46.803481327369809 32.202708122320473 58.811416564160027 3.1241194838658002 4.7374895852990475 15.630022056400774 32.97746747569181 24.568014231044799 6.776438673492521 104.80348887341097 7.7263575899414709 9.3936614096164686 13.806179968640206 8.2817121250554937 8.9939484773203713 4.0169176687486461 23.207122188061476 27.499132502358407
leaf_count=186 1354 154 468 165 555 170 329 635 214 1768 442 630 468 2506 5696 80 141 968 552 1479 236 9221 394 138 134 92 123 276 590 1030
internal_value=0.000130953 -0.00458848 -0.00731371 0.00945254 0.0152818 0.0182667 0.0168823 -0.0142389 0.0203099 -0.00191051 -0.00391895 -0.00343564 0.0226034 -0.00450241 -0.00507145 -0.000754757 0.00316388 -0.0173258 0.020891 -0.00920752 0.00571238 -0.0190957 -0.000939467 0.0105493 0.0141146 0.0274763 0.0103267 0.00547975 0.0106706 -0.00936646
internal_weight=643.95 492.935 416.711 76.2246 151.014 124.285 48.402 176.305 114.355 240.405 200.277 27.8225 99.7343 47.9417 190.989 99.8833 69.26 128.364 39.8124 91.1058 14.3746 112.734 32.2944 35.6552 26.2615 64.0791 17.2757 15.739 27.9446 30.6233
internal_count=31194 29114 27048 2066 2080 1525 1035 14074 1339 12974 11206 1031 1125 3250 10764 3195 2085 10824 706 7569 401 9856 1873 442 304 683 215 744 731 1110
is_linear=0
shrinkage=0.05


Tree=16
num_leaves=31
num_cat=0
split_feature=14 25 40 27 38 14 19 2 30 39 38 25 39 37 38 22 9 24 39 18 36 11 19 41 16 36 7 28 16 19
split_gain=16.2777 4.50851 2.2675 2.14268 3.13031 6.6282 4.71263 2.87766 2.29885 2.04705 2.25391 2.13743 1.97717 2.0122 1.8995 1.81423 1.47088 1.32052 1.17492 1.06107 1.01587 0.946558 0.860016 0.927086 0.7767 0.669833 0.660417 0.874253 0.64722 0.634639
threshold=-0.45666666328907007 0.31000000238418585 0.063333334401249899 -0.36333334445953364 -0.045151710510253899 -0.036666661500930779 -0.29666668176650995 0.32999998331069952 -0.25666666030883784 0.029510702937841419 -0.042340755462646477 -0.236666664481163 0.029510702937841419 -0.078486442565917955 0.22565650939941409 -0.22333332896232602 -0.096666663885116563 -0.29666668176650995 0.03248978219926358 -0.41666667163372034 -0.24999999999999997 0.043333351612091071 0.1566666662693024 0.062716234475374236 0.43000000715255743 0.030000001192092899 -0.32333332300186152 -0.023333340883255001 -0.41666667163372034 -0.41666667163372034
decision_type=2 2 2 2 2 2 2 2 2 2 2 2 2 2 2 2 2 2 2 2 2 2 2 2 2 2 2 2 2 2
left_child=2 3 -1 22 5 29 14 8 15 10 -4 -12 13 -8 19 -7 -3 -17 -14 28 -10 25 23 -2 -24 -21 -22 -28 -6 -5
right_child=1 16 9 4 6 7 12 -9 20 -11 11 -13 18 -15 -16 17 -18 -19 -20 21 26 -23 24 -25 -26 -27 27 -29 -30 -31
leaf_value=-0.0026343109773023952 0.01054421421703754 -0.0011473882209976425 0 0 -0.0018385321515753672 0.0018866445759690171 0.0041532120539074678 -0.0091170573649454051 -0.010726172401357885 0 0.0043605485720550436 0.028309709280133002 0.012615408414481707 -0.017048300578298068 0.019053369895706315 0 -0.018966543280324377 0.027670539591627144 -0.0096287820578149306 -0.0021648201929051081 -0.0047017670557098863 0.0072451589087642798 -0.010859826287683982 -0.0027231053296211472 0.0069787258687424268 -0.013659645861542856 0.014229069358959021 -0.00021751680722599314 0.010887118785784043 -0.01609647607592132
leaf_weight=9.9245978305116278 52.754745852551423 19.32752956263721 10.841174661647527 5.571621765382587 10.025153967551889 16.61950124707073 8.077715646941213 13.544433479662983 5.6033005735371253 12.291974019259213 16.663292182842262 61.914771329611547 8.0445204228162748 106.40141366573516 6.7122714389115563 6.0499802045524111 52.299821503227577 29.87516716029495 3.6852482308167955 44.710785399656743 5.3830438531003848 7.5121674099937072 9.0695111930835974 10.715666169533504 3.3637107303366056 19.566847211681306 18.52809118363075 12.296008174074819 17.009840252809227 33.800849515479058
leaf_count=141 2005 1314 231 247 181 426 482 624 202 168 202 527 704 10567 123 191 4521 580 339 1175 229 206 468 425 85 547 608 584 341 2693
internal_value=0 -0.00374974 0.0168012 -0.00176194 -0.00334481 0.00217853 -0.00692639 0.00867534 0.0118709 0.0189709 0.021445 0.0241962 -0.013228 -0.0152125 0.000691642 0.0183493 -0.0149407 0.0240089 0.00332324 -0.00133621 0.00192537 -0.0046422 0.00550279 0.0079027 -0.00397681 -0.00688717 0.00572206 0.00869084 0.00593456 -0.0138677
internal_weight=638.185 526.549 111.636 454.922 379.018 147.272 231.746 107.9 94.3551 101.711 89.4192 78.5781 126.209 114.479 105.537 52.5446 71.6274 35.9251 11.7298 98.8248 41.8104 71.7898 75.9036 63.4704 12.4332 64.2776 36.2071 30.8241 27.035 39.3725
internal_count=31136 29867 1269 24032 21049 6384 14665 3444 2820 1128 960 729 12092 11049 2573 1197 5835 771 1043 2450 1623 1928 2983 2430 553 1722 1421 1192 522 2940
is_linear=0
shrinkage=0.05


Tree=17
num_leaves=31
num_cat=0
split_feature=19 25 37 26 38 19 15 38 2 17 25 29 25 9 32 19 33 8 41 37 41 38 41 26 17 29 41 36 38 39
split_gain=16.7158 3.86052 3.37499 2.52395 2.54504 6.63492 3.89811 2.16201 2.04683 2.01223 1.61025 1.49385 1.34447 1.15989 1.75855 1.14853 0.927105 0.865714 0.820662 0.807585 0.773991 1.69564 0.773845 0.767219 0.718741 0.679484 0.652253 0.60681 0.871757 0.596804
threshold=-0.45666666328907007 0.32999998331069952 -0.048974514007568352 0.44333332777023321 -0.024595737457275387 -0.29666668176650995 -0.0099999904632568342 0.12359237670898439 0.32999998331069952 -0.15000000596046445 -0.069999992847442613 0.030000001192092899 0.14333331584930423 -0.076666668057441698 -0.12999999523162839 -0.41666667163372034 -0.48333333432674402 -0.056666672229766839 0.060043040663003928 -0.069252967834472642 0.064443118870258345 0.031355857849121101 0.028133865445852283 0.40333333611488348 -0.26999998092651362 0.056666672229766853 0.034935500472784049 0.35000002384185797 0.025660514831542972 0.014045588206499817
decision_type=2 2 2 2 2 2 2 2 2 2 2 2 2 2 2 2 2 2 2 2 2 2 2 2 2 2 2 2 2 2
left_child=2 3 -1 4 6 10 15 22 9 -8 17 12 16 14 -12 -2 -11 24 29 -3 21 26 -4 -18 -6 -17 -7 28 -24 -5
right_child=1 19 7 18 5 20 8 -9 -10 11 13 -13 -14 -15 -16 25 23 -19 -20 -21 -22 -23 27 -25 -26 -27 -28 -29 -30 -31
leaf_value=-0.0037408162340523722 0.0045604535228242274 0 0.0040465241380947458 -0.00072343400729240096 0.0073250718284493688 0.0017995360780825266 -0.00540272914638288 0 -0.0077986534596909936 -0.001403602593990189 -0.0019917731357980192 -0.003461202433505361 0 0 0.022495416398469845 -0.0033625685942292021 0.018386813428456824 -0.0092665495740737371 -0.0020389611189020728 -0.016189025509388329 -0.00078246118979757482 -0.021856540203603822 0.014248326605339694 0 -0.0046923347750780055 -0.014983236918539228 -0.0098853417851222057 0.0079452810554691954 0.035221017058600146 0.015221113974489076
leaf_weight=12.038066956680266 11.410562385804949 7.7207004420924923 10.098425567150114 2.9723056235816356 20.271642485167831 12.012244038749484 15.010248638689516 11.491516798734663 15.03914185031317 3.6636486831121138 7.0062737800180939 9.7524538617581111 13.386314173229037 24.818141996860504 16.154630677774549 37.910650255158544 68.666017160983756 24.706338490359485 6.3479159923735997 54.749520639423281 12.822998426388947 56.295330733642913 27.195698203518987 3.5029833195731035 16.008887850679457 29.312193021178246 24.114011466270313 14.138094824738799 32.530642215162516 27.834600085858256
leaf_count=211 384 565 115 121 490 1318 706 105 740 81 174 585 525 528 295 2113 2088 630 246 4727 1383 5895 325 83 423 2189 2550 199 297 977
internal_value=0.000584283 -0.00312624 0.0180194 -0.00139435 -0.00258664 -0.00635394 0.00125189 0.021069 0.00659021 0.00899214 0.00210808 0.0115975 0.0136205 0.0085724 0.0153449 -0.00705801 0.0160293 -0.00291659 0.0100413 -0.0142494 -0.0149811 -0.0165292 0.0236788 0.0172739 0.00151769 -0.00958367 -0.00570365 0.0255442 0.0282242 0.0131364
internal_weight=628.982 521.49 107.492 459.02 421.865 214.21 207.654 95.4544 129.021 113.982 108.966 98.9714 89.219 47.979 23.1609 78.6334 75.8326 60.9869 37.1548 62.4702 105.245 92.4216 83.9629 72.169 36.2805 67.2228 36.1263 73.8644 59.7263 30.8069
internal_count=31068 29816 1252 24524 23180 13686 9494 1041 4808 4068 2540 3362 2777 997 469 4686 2252 1543 1344 5292 11146 9763 936 2171 913 4302 3868 821 622 1098
is_linear=0
shrinkage=0.05


Tree=18
num_leaves=31
num_cat=0
split_feature=16 31 38 19 38 39 27 40 5 38 31 24 38 41 31 41 27 18 18 40 27 38 10 38 9 25 39 39 9 10
split_gain=15.8207 6.57494 5.84168 4.27057 2.30995 2.8558 1.9446 1.68938 1.57923 2.28229 1.61803 1.56288 1.43692 1.3348 1.44505 1.2989 1.23254 1.18896 1.0248 0.964898 0.927324 0.881607 0.779639 0.734861 0.611656 1.49809 0.550692 0.514425 0.511594 0.510135
threshold=-0.41666667163372034 0.42333334684371954 -0.032514572143554681 -0.29666668176650995 -0.056524276733398431 0.029510702937841419 -0.04333332180976867 0.40333333611488348 0.24333333969116214 0.0053477287292480477 0.12333333492279054 -0.29666668176650995 0.15270900726318362 0.066116258502006545 -0.24333333969116208 0.064443118870258345 -0.25666666030883784 0.35000002384185797 -0.41666667163372034 0.056666666641831405 -0.26333332061767573 -0.083765983581542955 0.23666667938232425 -0.0029735565185546871 0.23666667938232425 0.23666667938232425 0.01699762046337128 0.022874211892485622 0.26999998092651373 -0.35000000894069666
decision_type=2 2 2 2 2 2 2 2 2 2 2 2 2 2 2 2 2 2 2 2 2 2 2 2 2 2 2 2 2 2
left_child=4 3 11 12 7 6 13 21 9 10 23 -3 18 14 24 -11 -13 -18 22 -12 -21 -1 -2 -5 -6 -26 -20 -22 -9 -29
right_child=1 2 -4 8 5 -7 -8 28 -10 15 19 16 -14 -15 -16 -17 17 -19 26 20 27 -23 -24 -25 25 -27 -28 29 -30 -31
leaf_value=0.0003572460364073618 0.0098729349894464673 -0.00080788177436452952 -0.014120550273365527 -0.011414805817994962 0.02922939002143295 -0.004661434794654808 0 -0.00014241793200089276 -0.018459681670518688 -0.018300004300790412 0.009450279705594292 0.001852985733899408 0.013528790558792237 0.0015513797719109493 0.0010698198339294631 0 0.027525169688422675 0.0048886476779956556 0.00037710437197832717 0.0072684569156897458 0 -0.021584251739568551 -0.0051274518047140687 0.0042225240063047615 0.018115674754589865 -0.0027093339986925197 -0.0069866071094251058 0 0.014576922459572782 -0.012747980703668799
leaf_weight=4.044645425863564 21.518552307970825 10.407475816551594 17.603057706961408 57.830743104917929 51.180317548569292 10.624981379602103 10.564984571654348 4.8972513792105001 57.744526727823541 56.255127683281898 16.512519227573648 14.319244977785273 11.523856960237024 12.086903579067437 10.101066491566597 8.5192951953504217 26.327829143963754 14.471793547738342 30.10587385809049 12.094167017610742 24.546027892269194 4.6219890024513024 5.7730789449997237 2.9452168785501263 23.963938555680219 7.4768590081948778 61.108660203404725 9.9267225461080688 7.0007140138186514 20.633467873325571
leaf_count=174 542 194 1596 4855 558 166 279 152 5839 6178 673 196 231 161 217 930 283 215 895 581 1386 179 144 357 289 150 2248 353 161 978
internal_value=-0.000170126 -0.00461531 0.00764076 -0.00731899 0.013838 0.0162796 0.0185492 -0.000478864 -0.0108714 -0.0082052 -0.00415418 0.0145304 0 0.0205122 0.0224861 -0.0157701 0.0176306 0.0216863 -0.00175833 0.000174857 -0.00235057 -0.0136827 0.00559669 -0.00997132 0.0245726 0.0128551 -0.00442574 -0.00537718 0.00910486 -0.00913801
internal_weight=626.731 480.167 83.1294 397.038 146.564 125.999 115.374 20.5646 267.008 209.263 144.489 65.5263 130.03 104.809 92.7222 64.7744 55.1189 40.7996 118.506 83.7129 67.2004 8.66663 27.2916 60.776 82.6211 31.4408 91.2145 55.1062 11.898 30.5602
internal_count=31160 28674 2484 26190 2486 1820 1654 666 22130 16291 9183 888 4060 1375 1214 7108 694 498 3829 3971 3298 353 686 5212 997 439 3143 2717 313 1331
is_linear=0
shrinkage=0.05


Tree=19
num_leaves=31
num_cat=0
split_feature=16 31 38 19 41 39 27 31 38 24 3 18 27 41 37 27 38 31 38 10 37 10 37 10 19 41 37 41 19 7
split_gain=15.3475 4.4481 4.15879 4.08186 2.37261 1.99058 2.23741 1.97441 1.64756 1.57535 1.3851 1.25735 1.16884 1.01479 1.00277 0.861533 0.805323 0.738947 1.29573 0.698154 0.583374 0.531851 0.540569 0.524396 0.492846 0.463147 0.433431 0.4054 0.404139 0.630834
threshold=-0.41666667163372034 0.43666666746139532 -0.032514572143554681 -0.0099999904632568342 0.066116258502006545 0.029510702937841419 -0.04333332180976867 -0.236666664481163 0.22565650939941409 -0.30333334207534784 0.31000000238418585 -0.41666667163372034 -0.36333334445953364 0.1004048138856888 -0.14993143081665036 -0.25666666030883784 -0.059825420379638665 0.37666666507720953 -0.050991535186767571 -0.04333332180976867 0.045867919921875007 0.37000000476837164 0.014905929565429689 0.23666667938232425 -0.46999999880790705 0.13006117194890979 0.015102386474609377 0.041539816185832031 -0.13666665554046628 0.11000001430511476
decision_type=2 2 2 2 2 2 2 2 2 2 2 2 2 2 2 2 2 2 2 2 2 2 2 2 2 2 2 2 2 2
left_child=4 3 9 8 5 6 7 16 11 -3 15 23 -13 21 -5 -11 26 25 -19 -10 27 22 28 -2 -6 -16 -1 -7 29 -14
right_child=1 2 -4 14 24 20 -8 -9 19 10 -12 12 13 -15 17 -17 -18 18 -20 -21 -22 -23 -24 -25 -26 -27 -28 -29 -30 -31
leaf_value=-0.0039365155835943254 0.0089061809583049437 -0.002481833599511693 -0.012867889350629198 0.0036327388210233413 0.0035141287714535066 -0.013079085252442849 -0.0011253935262933734 0 0.0189945056755032 0.0022442636182124767 0 0.0029773018384908834 -0.0089279540160661502 0.0069954377694912868 -0.014768773663846133 0.02421513106653321 0.024143215858139569 0.00644708340728436 -0.012081059514565569 -0.0001399475990241424 0.0077090579345319701 0.0028756889789934297 -0.012114876430477489 -0.0028345585259534518 -0.0091138722190018812 0 0.010166425945432418 0.00024689149953850144 0 0.0018065162632621948
leaf_weight=4.7231625099666399 22.791524681262676 9.4328699656762165 14.730037011438979 4.783342871349304 9.7655446445569414 4.2018965003080648 10.380991817219181 11.141447232104836 6.8469022088684142 9.7215273384936101 9.630723422393201 33.926918769720942 50.784855674486607 6.8276816380675873 136.26490881876089 27.702870757319037 84.745410320814699 12.05723341740668 12.604235052131115 3.5505917589180154 6.2178168753162018 5.5473527745343736 56.431892366730608 6.71793776936829 7.3913134243339291 2.4197400533594182 3.4418935142457485 5.0546837691217661 26.089461040217429 10.99369544140063
leaf_count=172 614 166 1356 236 110 107 308 264 202 128 153 1569 2954 322 11889 275 1045 413 1116 178 107 351 3619 185 221 204 68 114 1901 724
internal_value=9.61499e-05 -0.00429455 0.00665243 -0.00638169 0.0139058 0.0161517 0.0183226 0.0204456 -0.00183563 0.0128895 0.0163743 -0.00299334 -0.00456354 -0.00639973 -0.0121928 0.0201823 0.0226939 -0.0129162 -0.00271815 0.0132754 0 -0.0074163 -0.0080773 0.00550199 -0.00179837 -0.0143689 0.00203165 -0.0069283 -0.00460926 -0.00665805
internal_weight=616.92 469.856 71.218 398.638 147.064 129.907 114.433 104.052 230.509 56.488 47.0551 220.111 190.602 156.675 168.129 37.4244 92.9105 163.346 24.6615 10.3975 15.4744 149.847 144.3 29.5095 17.1569 138.685 8.16506 9.25658 87.868 61.7786
internal_count=31071 28555 2078 26477 2516 2185 1857 1549 12619 722 556 12239 11440 9871 13858 403 1285 13622 1529 380 328 9549 9198 799 331 12093 240 221 5579 3678
is_linear=0
shrinkage=0.05


Tree=20
num_leaves=31
num_cat=0
split_feature=19 8 31 38 19 37 31 38 41 41 38 40 3 26 5 26 29 5 9 9 39 30 40 36 31 38 40 41 0 26
split_gain=9.96854 4.08765 4.7822 3.00179 2.96888 2.60113 1.8213 2.24613 1.72903 4.84841 1.66 1.28541 1.63375 1.25517 1.16188 1.83457 1.23436 0.893114 0.854636 0.80019 0.929047 0.745962 0.663331 0.60221 0.594631 0.594482 0.566882 0.545149 0.491814 0.48329
threshold=-0.45666666328907007 0.25666666030883795 0.43666666746139532 -0.032514572143554681 -0.29666668176650995 -0.048974514007568352 0.12333333492279054 1.0000000180025095e-35 0.036879267543554313 0.03232953883707524 0.14305400848388675 0.096666667610406889 0.2833333313465119 0.44333332777023321 0.19666665792465213 0.069999992847442641 0.23000001907348636 -0.056666672229766839 -0.076666668057441698 -0.26999998092651362 0.018408516421914104 -0.3899999856948852 0.76333332061767589 0.030000001192092899 -0.083333343267440782 -0.0251774787902832 0.17000000178813937 0.064443118870258345 -0.15666666626930234 -0.036666661500930779
decision_type=2 2 2 2 2 2 2 2 2 2 2 2 2 2 2 2 2 2 2 2 2 2 2 2 2 2 2 2 2 2
left_child=5 2 4 11 10 25 -6 17 9 -7 14 -4 -13 21 16 -16 19 22 -12 -2 24 -3 29 -22 -21 -1 -10 -9 -18 -8
right_child=1 13 3 -5 6 8 7 27 26 -11 18 12 -14 -15 15 -17 28 -19 -20 20 23 -23 -24 -25 -26 -27 -28 -29 -30 -31
leaf_value=-0.012194430428658606 -0.0074077432465196741 0.0016953006909478973 0.00016353594692322017 -0.0099930909232957728 -0.011792842756088591 0.018070259465242901 0.0010045362649929305 -0.015046221508202224 0.0045214050785757015 -0.014667722669858399 0.020734321322856818 0.025306620842151017 0 0.00087922592405285374 -0.0064469666172875199 0.016830015246101972 0 -0.0047401058882889629 0 0.013669578467982862 0.0026207418938029798 -0.015233278452250809 -0.002697213897201615 -0.0085560876179253675 0 0.0029644048167115945 0.02468547186696041 0 -0.013060562767894449 0.012290824754318579
leaf_weight=5.9972536340355873 15.503850401379166 3.0043995887972406 12.914066176861523 8.0039777809288335 94.586329948622733 23.005431182682514 23.386739751789719 25.790648651774976 10.562115793116389 12.303276736289261 10.373056067153813 28.790075222030282 9.4890674445778114 11.866311101242898 7.6347571266815093 16.354073526803404 5.2433211049065021 25.789378777612001 7.1847225390374652 18.730001099873338 25.476097515318543 78.181506457040086 12.605482414364813 12.385119294747708 8.6748629156500083 6.0850824043154699 44.131095534190536 3.9677715129218987 22.492326670791954 24.109698401065543
leaf_count=146 486 192 129 776 9520 266 919 2782 132 142 177 294 115 622 267 421 153 1841 165 512 882 6348 619 457 276 57 489 448 608 902
internal_value=-5.57671e-05 -0.00297413 -0.000742237 0.0116686 -0.00300739 0.013717 -0.00679454 -0.00212105 0.0165941 0.00558401 0.00219575 0.0161856 0.0202717 -0.0121288 0 0.00878049 -0.00227502 0.00189055 0.0144257 0.000743018 0.00349067 -0.0142465 0.00528593 -0.00113572 0.00968663 -0.00472697 0.0220353 -0.0127732 -0.010374 0.00793685
internal_weight=614.622 512.538 419.485 59.1972 360.288 102.084 210.236 115.65 90.0019 35.3087 150.052 51.1932 38.2791 93.0522 132.494 23.9888 108.506 85.8913 17.5578 80.7699 65.2661 81.1859 60.1019 37.8612 27.4049 12.0823 54.6932 29.7584 27.7356 47.4964
internal_count=31143 29911 22749 1314 21435 1232 17031 7511 1029 408 4404 538 409 7162 4062 688 3374 4281 342 2613 2127 6540 2440 1339 788 203 621 3230 761 1821
is_linear=0
shrinkage=0.05


Tree=21
num_leaves=31
num_cat=0
split_feature=14 31 38 25 37 19 0 32 37 24 39 17 2 37 23 14 27 23 38 38 8 24 26 25 30 38 10 32 41 28
split_gain=11.2675 5.12178 4.222 3.70517 1.97691 1.95286 1.83759 2.52087 1.77278 1.73309 1.49457 1.39924 1.37775 1.30083 1.2031 1.12805 0.927112 0.768168 0.699313 0.694685 0.682251 0.654614 0.643474 0.596652 1.12032 0.71525 0.593708 0.581027 0.578209 0.520831
threshold=-0.35000000894069666 0.42333334684371954 -0.032514572143554681 -0.076666668057441698 0.0086016654968261736 0.030000001192092899 0.18333333730697635 -0.14333333075046537 -0.026899814605712887 -0.29666668176650995 0.013434986118227245 -0.21000000834465024 0.32999998331069952 -0.045902252197265618 -0.29666668176650995 -0.023333340883255001 -0.24333333969116208 0.01666665077209473 0.25636243820190435 -0.0091152191162109358 0.35666668415069586 -0.21666666865348813 -0.31000000238418574 -0.24333333969116208 -0.35000000894069666 -0.032514572143554681 0.34333333373069769 0.11000001430511476 0.051579894497990615 0.20166665315628055
decision_type=2 2 2 2 2 2 2 2 2 2 2 2 2 2 2 2 2 2 2 2 2 2 2 2 2 2 2 2 2 2
left_child=3 5 9 8 6 13 7 -5 26 -3 -8 17 14 15 -11 -2 -15 27 21 -12 22 -18 -6 24 25 -7 -1 -10 -9 -19
right_child=1 2 -4 4 20 23 10 28 11 12 19 -13 -14 16 -16 -17 18 29 -20 -21 -22 -23 -24 -25 -26 -27 -28 -29 -30 -31
leaf_value=-0.013389739241697209 -0.0025930588352950736 -0.0035289771973707473 -0.012342817474701914 -0.0083074030560853617 0.0014296159799383663 0.012426691554565071 0.012484780665298522 0.020775074115930187 0.0050737285360737639 0.00023480871203524734 -0.015654031621887412 -0.0079823942739236063 -0.00019312351886642651 0 0.022590538010430906 0.012468374661087052 -0.0013875315807111148 0 0.0048122615968340466 0 0.00026757385254783556 -0.012085468918048015 0.024756872556130842 -0.013832084028644571 -0.010958853325124002 -0.0040003991095041496 0.0017704988142991916 -0.0085369450679244636 0 0.01521946123565782
leaf_weight=16.525257955770943 22.288053009426221 10.076001255773006 17.628143489826471 6.4646656322292975 6.3981162796262643 7.5945729506202042 4.056860537966716 27.299129613675177 18.472450300585482 9.9260384836234135 11.229244726244364 9.9605543492361885 8.5995698429178429 41.720014764461666 34.346771785523742 14.771641967585309 26.90434063214343 6.7812745987903318 3.309126896550878 6.9337080642580959 6.1010532821528605 66.953121960163116 47.703882320784032 111.741717815632 17.096828176639974 5.5848494903184491 3.5673792907036832 5.2904143282212308 6.398295775987207 26.998297377023846
leaf_count=546 1564 197 1617 162 184 261 56 524 392 127 373 343 171 2452 388 636 1887 177 192 133 123 4910 813 10142 1441 509 74 88 153 414
internal_value=5.14517e-05 -0.00483297 0.00593701 0.00930593 0.014728 -0.00769881 0.00684827 0.0127333 0.000993227 0.0120473 -0.00334862 0.00513761 0.0154975 -0.00376486 0.0187019 0.00373054 -0.0060091 0.00834141 -0.00855442 -0.0101418 0.0211547 -0.00953688 0.0228323 -0.0120535 -0.00359803 0.00508835 -0.00995178 9.3436e-05 0.0180451 0.0126259
internal_weight=608.721 398.541 80.5765 210.181 122.585 317.964 62.3819 40.1621 87.5956 62.9484 22.2198 67.503 52.8724 175.946 44.2728 37.0597 138.887 57.5424 97.1666 18.163 60.2031 93.8575 54.102 142.018 30.2763 13.1794 20.0926 23.7629 33.6974 33.7796
internal_count=31049 26494 2500 4555 2521 23994 1401 839 2034 883 562 1414 686 11641 515 2200 9441 1071 6989 506 1120 6797 997 12353 2211 770 620 480 677 591
is_linear=0
shrinkage=0.05


Tree=22
num_leaves=31
num_cat=0
split_feature=14 25 27 37 2 23 11 38 25 10 21 28 2 14 14 9 38 30 37 14 37 14 29 38 14 35 5 14 37 25
split_gain=12.1023 3.10669 1.97766 1.70309 1.46141 1.60551 1.86689 1.36402 1.27987 1.2492 1.16974 2.00302 0.988929 0.933472 0.809056 1.79102 0.867291 0.765752 0.848299 0.761933 0.707056 0.69782 0.687622 0.643328 0.636177 0.6177 0.757439 0.598538 0.571113 0.558346
threshold=-0.45666666328907007 0.29666668176651007 -0.33666665852069849 -0.059846878051757806 0.32999998331069952 -0.13666665554046628 0.20999997854232791 -0.014031887054443358 -0.26999998092651362 -0.45666666328907007 -0.26333332061767573 0.46166664361953741 -0.24999999999999997 0.29666668176651007 -0.36333334445953364 0.11000001430511476 -0.059825420379638665 -0.030000001192092892 -0.067180633544921861 -0.036666661500930779 0.023048877716064457 0.29666668176651007 0.043333351612091071 -0.031785964965820306 -0.29000000655651087 -0.18999999761581418 0.16333335638046267 -0.24333333969116208 -0.079238414764404283 0.26499998569488531
decision_type=2 2 2 2 2 2 2 2 2 2 2 2 2 2 2 2 2 2 2 2 2 2 2 2 2 2 2 2 2 2
left_child=3 2 12 -1 5 9 14 22 -5 20 -10 -12 -2 25 15 23 19 18 -3 -16 -4 -21 -8 -7 -6 -14 -27 -9 -11 -30
right_child=1 17 4 8 24 6 7 27 10 28 11 -13 13 -15 16 -17 -18 -19 -20 21 -22 -23 -24 -25 -26 26 -28 -29 29 -31
leaf_value=-0.0024218848324704424 0.014242205312163065 0.008348239490818336 0.013017293971238984 6.6001498844518665e-05 0 -0.0022516155779619554 0.017629739830740159 0.0084917743218821933 0.00153259886718528 0.00040131541747014696 0.025108135949414662 0 0.010775165182774486 -0.011279700565031171 -0.0064191669246758017 -0.011161257140658026 -0.0071638053737245458 -0.016772430707562336 -0.0079905171659785858 0.010420293876963355 -0.004841166518543885 -0.0043743945709113375 0 0.01229410809141882 -0.014102131850513889 -0.0043788529053219285 0.0069534080771998259 -0.0076979041510797652 -0.010307383928517669 0.0025800149986117803
leaf_weight=8.643884582910685 15.842313641216604 4.1278671587351736 7.2543341668788326 12.624683800851924 9.427140065468846 4.2972824461758163 24.192979752784598 1.9643023333046574 12.026066838763652 11.129695775918661 56.681655256543308 10.349788733758031 15.617543590953572 5.8146162633784106 11.14570088451728 8.143235072726382 70.726650548866019 43.652938198298216 23.767376644304022 20.143270646221939 2.8100973998662084 4.7504610200412563 3.9126113750971845 26.383572949795052 35.11178803211078 28.476570327300578 19.492572529241443 10.747437676414846 90.482264487072825 3.5926772335078558
leaf_count=159 645 218 266 185 372 256 776 61 149 482 611 133 595 243 962 288 5235 4064 2021 695 162 166 276 572 2627 1149 871 1097 5562 285
internal_value=-0.000197389 -0.00344037 -0.00169174 0.0151035 -0.00341299 -0.00195075 0.000819985 0.009612 0.017059 -0.00645648 0.0192826 0.0217373 0.00478984 0.00133896 -0.00176289 0.00372758 -0.00407323 -0.0127161 -0.00378539 0.00155408 0.00652898 0.00648655 0.0149916 0.00954017 -0.0114151 0.00372521 2.39476e-05 -0.00193938 -0.0082088 -0.00944023
internal_weight=603.333 503.007 431.459 100.326 346.216 301.677 186.408 40.8173 91.6822 115.269 79.0575 67.0314 85.2436 69.4013 145.59 38.8241 106.766 71.5482 27.8952 36.0394 10.0644 24.8937 28.1056 30.6809 44.5389 63.5867 47.9691 12.7117 105.205 94.0749
internal_count=31183 29946 23643 1237 20140 17141 10384 2210 1078 6757 893 744 3503 2858 8174 1116 7058 6303 2239 1823 428 861 1052 828 2999 2615 2020 1158 6329 5847
is_linear=0
shrinkage=0.05


Tree=23
num_leaves=31
num_cat=0
split_feature=14 31 38 16 38 41 14 10 38 37 37 38 28 40 27 5 39 38 24 10 10 38 38 41 40 27 38 17 20 18
split_gain=9.04929 3.27593 3.32117 3.29794 2.24268 1.65186 1.62445 2.72573 1.53139 2.19174 1.98726 2.19056 1.8269 1.16029 1.01893 0.988821 1.16472 0.986245 0.854462 0.829347 0.77053 1.05933 0.728075 0.724961 0.848818 0.816223 0.862585 0.717017 0.707309 0.623702
threshold=-0.45666666328907007 0.43666666746139532 -0.032514572143554681 -0.28333333134651179 -0.032514572143554681 0.1004048138856888 0.31000000238418585 -0.090000003576278673 0.12359237670898439 0.0086016654968261736 -0.017178058624267575 -0.024595737457275387 0.20999997854232791 0.53666669130325328 0.11000001430511476 0.21666666865348819 0.029931325465440754 -1.0000000180025095e-35 -0.31666666269302363 0.38333332538604742 -0.030000001192092892 -0.033781528472900384 0.0053477287292480477 0.037021264433860786 0.64333331584930431 -0.33666665852069849 -0.015715122222900387 -0.32999998331069941 -0.19166666269302365 -0.35000000894069666
decision_type=2 2 2 2 2 2 2 2 2 2 2 2 2 2 2 2 2 2 2 2 2 2 2 2 2 2 2 2 2 2
left_child=8 3 6 4 -2 15 -3 -8 9 10 11 13 -11 -1 -9 16 19 -12 -6 22 21 -18 23 24 -5 -25 -27 -24 -20 -17
right_child=1 2 -4 5 18 -7 7 14 -10 12 17 -13 -14 -15 -16 29 20 -19 28 -21 -22 -23 27 25 -26 26 -28 -29 -30 -31
leaf_value=-0.011807297530750938 -0.0093540689865405317 0.021377739579895 -0.010908358217940336 0.0032851129753113024 -0.0069919702834306393 0.0069238444412824604 0.013644671516457383 -0.019043637730818904 -0.0022340548298232141 0 -0.014173771600866237 0.022343303924809627 0.02750379207709815 0.009024747416720675 0.0022666776011100462 0.00064548678717326561 -0.0012665188253770728 0.003747809693364022 -0.00063580412670274662 0.0019743582240243866 -0.0062778309483555788 0.01596589918363674 0 0.0032471489549334093 -0.0099276482554516137 -0.013294221762795858 0.001599895813596555 -0.015316380060241906 0.0084945814370783936 -0.015730228219515491
leaf_weight=7.2765111196786147 28.63435863237828 22.279549038037658 14.291079065995289 35.999511605827138 6.5695991241373113 12.451938819373025 19.351996826007966 7.5647236488293839 10.438844413496552 9.1359642627648991 8.887753603979947 17.261537698563188 33.755849405191839 7.0137002943083644 4.5213801544159651 2.7370230988599351 14.401921378448604 8.6414917451329547 20.585138274822384 13.12650155299343 13.189428470330311 9.0258010376710462 11.203143686056135 6.4088367950171223 10.937130995560436 45.540266862837591 6.9852859037928345 56.494239843916148 80.26439149864018 54.727949773427099
leaf_count=184 1902 241 1343 2207 283 754 203 177 110 113 126 175 366 103 96 141 769 92 759 1054 878 576 648 311 824 2801 677 5260 2432 5537
internal_value=-0.000108441 -0.00297036 0.00668377 -0.00462829 0.0016122 -0.00758159 0.0124084 0.00297682 0.0129532 0.0149633 0.00588739 0.0127937 0.0228405 -0.000705481 -0.011582 -0.00844346 -0.00641818 -0.00557358 0.00509606 -0.00799377 0.0010229 0.00642459 -0.00892764 -0.00540168 -9.77157e-05 -0.00884153 -0.0109254 -0.0132139 0.00646589 -0.0145691
internal_weight=599.703 497.291 68.0087 429.282 136.053 293.229 53.7176 31.4381 102.412 91.9728 49.081 31.5517 42.8918 14.2902 12.0861 280.777 223.312 17.5292 107.419 186.695 36.6172 23.4277 173.568 105.871 46.9366 58.9344 52.5256 67.6974 100.85 57.465
internal_count=31142 29873 2060 27813 5376 22437 717 476 1269 1159 680 462 479 287 273 21683 16005 218 3474 13782 2223 1345 12728 6820 3031 3789 3478 5908 3191 5678
is_linear=0
shrinkage=0.05


Tree=24
num_leaves=31
num_cat=0
split_feature=14 31 19 38 39 38 25 31 37 38 26 38 41 9 31 9 20 41 40 10 11 25 18 36 1 37 11 2 13 38
split_gain=7.34205 3.39212 2.82455 1.81538 1.70516 2.0263 1.62272 1.55236 1.53135 1.4327 1.38854 1.66288 1.2052 1.18903 1.03071 0.896033 0.879777 0.854824 0.727587 1.23148 0.661754 0.567859 0.521815 0.512002 0.498771 0.50737 0.487665 0.456436 0.451447 0.441595
threshold=-0.45666666328907007 0.46999999880790716 -0.0099999904632568342 -0.045151710510253899 0.029095132835209373 -0.045151710510253899 -0.236666664481163 0.42333334684371954 0.012290954589843752 -0.071657657623291002 0.30333334207534796 0.22565650939941409 0.10085978358983995 -0.18333333730697629 -0.26333332061767573 0.14999997615814212 -0.10333332419395445 0.066116258502006545 0.33333332836627966 -0.41666667163372034 -0.25666666030883784 -0.21666666865348813 -0.41666667163372034 -0.30333334207534784 -0.3899999856948852 -0.051397800445556634 -0.32333332300186152 0.2833333313465119 -0.076666668057441698 -0.032514572143554681
decision_type=2 2 2 2 2 2 2 2 2 2 2 2 2 2 2 2 2 2 2 2 2 2 2 2 2 2 2 2 2 2
left_child=4 2 10 13 5 8 -7 18 -1 23 11 12 14 -3 29 -8 -17 26 19 21 -13 -4 -16 -9 -11 -26 -12 -28 -24 -2
right_child=1 3 7 -5 -6 6 15 9 -10 24 17 20 -14 -15 22 16 -18 -19 -20 -21 -22 -23 28 -25 25 -27 27 -29 -30 -31
leaf_value=-0.012814125151957935 -0.0057298168175371096 0.024085707226516484 0.013526365868157931 -0.0031834271420585606 -0.0023527917707611536 0.00052491908054400234 0.028602059112679365 0.015473588650571489 0.011562942081815823 0.002201834823400509 0.00023808991316228115 -0.00094201103758899613 0.010368058260098782 0 0.0010613166665232935 0 0.015703500126384724 -0.0050688877365904564 -0.013946578185460906 -0.0086701235895580292 0.018154788766800323 -0.0010602076893476296 -0.0099415251998349261 0 0.00083856431314843294 -0.014467831861842022 0.012732765537671773 0 -0.0011184918202244828 0.0031985717641707847
leaf_weight=8.1640236978419107 12.754880542866884 15.32191537320614 4.8442662181332699 10.959445068612693 13.309688638430087 14.632926917867733 26.196489803027362 8.0980537133291381 5.4583471845835438 3.7821764259133515 22.330476483795792 2.6252664537169039 7.3464257291052482 9.2724077701568586 10.369769714307038 11.535286959726358 19.548747479449965 9.7802137979306263 82.513935430208221 58.505075710359961 6.8657070454210025 8.5818937302101386 90.000016740057617 10.033720426028593 2.691530093550683 12.865121746901419 32.244505655136891 6.5591180648189029 26.931553955422714 42.555197236128151
leaf_count=220 842 141 190 717 187 211 260 86 74 169 676 94 301 183 335 115 188 404 7853 5151 269 474 5590 179 94 789 1447 325 2086 1535
internal_value=-5.24776e-05 -0.00259784 -0.00382478 0.0110023 0.0119437 0.0144499 0.0176053 -0.00837096 -0.00122347 0.000132605 -0.000395559 -0.00261465 -0.00389178 0.0175254 -0.00490957 0.0211101 0.0105159 0.00523775 -0.0105177 -0.00549258 0.0129397 0.00546807 -0.0073056 0.00931861 -0.00766059 -0.0111636 0.00756465 0.0106264 -0.00826655 0.000372618
internal_weight=596.678 497.833 462.279 35.5538 98.8455 85.5358 71.9135 191.916 13.6224 37.4706 270.363 199.449 189.958 24.5943 182.611 57.2805 31.084 70.9143 154.445 71.9312 9.49097 13.4262 127.301 18.1318 19.3388 15.5567 61.1341 38.8036 116.932 55.3101
internal_count=31185 29930 28889 1041 1255 1068 774 14985 294 1317 13904 11052 10689 324 10388 563 303 2852 13668 5815 363 664 8011 265 1052 883 2448 1772 7676 2377
is_linear=0
shrinkage=0.05


Tree=25
num_leaves=31
num_cat=0
split_feature=14 25 25 39 38 27 2 23 38 12 38 30 22 38 41 17 3 36 41 16 29 35 12 37 23 39 3 37 25 38
split_gain=8.96308 2.44327 2.02696 2.08334 2.22204 1.25909 0.945012 1.27516 1.18948 1.35212 2.04589 1.1133 0.823183 0.83191 0.807969 0.734157 0.70674 0.700856 0.64125 0.826747 0.609599 0.585062 0.551471 0.530237 0.524627 0.455166 0.446944 0.446876 0.420557 0.502743
threshold=-0.45666666328907007 0.29666668176651007 -0.13666665554046628 0.026617088355124 -0.056524276733398431 -0.36333334445953364 0.32999998331069952 -0.13666665554046628 0.22565650939941409 0.25000000000000006 -0.045151710510253899 -0.20333333313465116 -0.22333332896232602 0.0053477287292480477 0.1004048138856888 -0.0099999904632568342 -0.14333333075046537 -0.18999999761581418 0.062716234475374236 1.0000000180025095e-35 -0.18333333730697629 -0.24999999999999997 -0.40333333611488337 -0.069252967834472642 -0.069999992847442613 0.018088157288730148 -0.12166666984558104 -0.001793861389160156 0.096666663885116591 -0.14522457122802732
decision_type=2 2 2 2 2 2 2 2 2 2 2 2 2 2 2 2 2 2 2 2 2 2 2 2 2 2 2 2 2 2
left_child=2 5 21 4 -4 16 7 11 9 14 20 12 -7 15 -9 -14 17 -2 19 24 -11 -1 -8 -3 -18 -13 -24 -23 29 -27
right_child=1 23 3 -5 -6 6 22 8 -10 10 -12 25 13 -15 -16 -17 18 -19 -20 -21 -22 27 26 -25 -26 28 -28 -29 -30 -31
leaf_value=0.0092534721899284432 -0.0014842327555971806 0 0 0 0.025837718756730074 -0.0064933334720646664 0.0018227180126940299 -0.0031892315438792999 0.014882584628336913 0.022129839832403773 -0.004389562957283248 -0.001677098852743322 -0.00090817499776799863 -0.0044735247088504822 0.0096286578302283918 0.014565085449741087 -0.0017959021507576234 0.014889699013106642 -0.0085339143504894292 -0.0071054691377333548 0 -0.010329729026798721 0.0015685633715811821 -0.012902191385246549 0.0094144441722511796 0 -0.012359365332225541 0.0013261607077323459 -0.00052522853333948421 -0.017477599857827021
leaf_weight=7.4394424795173135 4.235852932091805 8.7669376365374756 8.8163799326866847 13.646629309747366 44.733678623568267 22.685184597969055 4.4103072357829651 147.00388110079803 8.1053873240016383 12.273159030824901 12.085493460996075 21.089918204816058 6.6047171982936606 9.12117219599895 6.7940393795724949 14.97960879909806 7.5706966484431133 16.001369173172861 8.4495197799988073 7.6201582120265803 3.9918906958773759 7.146762883756316 1.6780248782597471 59.903862439561635 30.16294627496973 3.9693439425900605 37.733360271668062 11.288634886033828 10.092668951954691 26.474849696038291
leaf_count=97 158 649 197 191 455 1277 156 8621 304 230 1042 1449 367 805 305 586 314 590 343 406 205 124 101 5556 1071 220 2837 155 734 1573
internal_value=-0.000196306 -0.00296897 0.013495 0.017767 0.0218052 -0.00140821 -0.00271114 -0.0015363 0.000878213 -6.68195e-05 0.00879763 -0.00558233 0 0.00480793 -0.00212628 0.00975636 0.00416533 0.010954 0.000351048 0.00329683 0.0182614 0.000360363 -0.00922285 -0.0113653 0.0066558 -0.00984484 -0.0110869 -0.00359622 -0.0127929 -0.0154178
internal_weight=584.876 491.804 93.0715 67.1967 53.5501 423.134 349.093 305.271 190.254 182.148 28.3505 115.017 53.3907 30.7055 153.798 21.5843 74.0405 20.2372 53.8033 45.3538 16.265 25.8748 43.8217 68.6708 37.7336 61.6268 39.4114 18.4354 40.5369 30.4442
internal_count=31118 29899 1219 843 652 23694 20812 17718 10707 10403 1477 7011 3035 1758 8926 953 2882 748 2134 1791 435 376 3094 6205 1385 3976 2938 279 2527 1793
is_linear=0
shrinkage=0.05


Tree=26
num_leaves=31
num_cat=0
split_feature=18 31 27 9 14 12 37 33 5 40 31 3 41 2 22 25 41 41 39 9 10 10 37 8 40 28 10 16 3 31
split_gain=7.36409 3.75832 2.68255 2.06753 1.93932 1.51396 1.29865 3.09535 2.28595 1.4144 1.20895 1.13006 1.08228 1.07407 1.33111 0.87443 0.81235 1.24967 1.09924 1.71251 1.15529 1.00502 0.858678 0.740892 0.701053 0.69949 0.690753 0.60598 0.61004 0.556701
threshold=-0.43000000715255732 0.43666666746139532 -0.36333334445953364 -0.19666665792465207 0.31000000238418585 0.40333333611488348 0.0086016654968261736 0.36333334445953375 0.18999999761581424 0.056666666641831405 -0.096666663885116563 0.056666672229766853 0.1004048138856888 0.32333332300186163 -0.21000000834465024 -0.10333332419395445 0.037021264433860786 0.031382504850625999 0.031014758162200454 -0.10333332419395445 0.29000002145767217 -0.21000000834465024 0.036607742309570319 0.043333351612091071 0.043333332985639579 -0.43000000715255732 0.13666665554046634 -0.24333333969116208 0.16333335638046267 -0.18999999761581418
decision_type=2 2 2 2 2 2 2 2 2 2 2 2 2 2 2 2 2 2 2 2 2 2 2 2 2 2 2 2 2 2
left_child=6 2 10 13 26 12 8 -8 11 -10 27 -1 16 14 -3 -11 17 24 20 22 -18 -19 -20 -12 -4 -6 -5 28 -2 -26
right_child=1 3 5 4 25 -7 7 -9 9 15 23 -13 -14 -15 -16 -17 18 21 19 -21 -22 -23 -24 -25 29 -27 -28 -29 -30 -31
leaf_value=0.0035463130893471717 0.019065011426422699 0 0.0024243141547340631 0 0.0023273134083335793 -0.017836278978967193 0.019217478588787942 -0.0088911568333764433 -0.0038689949883666933 0 0.003405284556246402 -0.013146771695963505 0.0060856874116520061 -0.00077245854738127308 0.023951957751099456 0.020842637749092147 -0.011993213135467267 0.010232079422966802 -0.00017846551290204212 -0.01056535135272333 4.5102074008388057e-05 -0.0020670755278873226 0.016933688634404129 -0.0088540321404757746 -0.0004816017373486837 -0.014590519445152085 0.017048423350383198 -0.0022760562259988557 0.00081341121706465791 -0.012453768967450013
leaf_weight=12.380410602316262 13.114454163704073 9.9663195388857293 9.6994847212918085 5.9736784385750088 3.2497102825436768 25.950769217684865 55.54561202484183 6.7020513406023374 6.3800683743320397 7.3052380383014706 21.571401798049919 14.994971814565359 12.356851301854475 5.994463018141686 19.934330350952223 19.948639061301947 121.69091973779723 19.919293406885117 9.1768710818141717 14.656935582868753 18.702803240623325 35.97339078783989 8.3736047314014268 14.846444081515072 19.083290626993403 15.90099157928489 6.7131287960801274 2.5504797422327092 10.785697263199834 36.789100064663216
leaf_count=251 410 199 625 200 172 2365 815 117 122 144 960 304 700 148 361 300 8686 1362 492 1084 1607 2743 404 899 1128 806 185 223 396 2870
internal_value=-0.000189712 -0.00314117 -0.00505075 0.00716707 -0.0014864 -0.00685484 0.0103342 0.0153092 0.00396897 0.0120299 0.00389036 -0.00556798 -0.00552013 0.0145527 0.0179371 0.0165301 -0.00620307 -0.00257687 -0.00844266 0 -0.0102826 0.00247923 0.00915861 -0.00154856 -0.00708246 -0.0108554 0.0102628 0.0110509 0.0134806 -0.00921196
internal_weight=586.231 462.974 395.242 67.7326 31.8375 332.373 123.257 62.2477 61.0093 33.6339 62.8685 27.3754 306.423 35.8951 29.9006 27.2539 294.066 121.465 172.601 32.2074 140.394 55.8927 17.5505 36.4178 65.5719 19.1507 12.6868 26.4506 23.9002 55.8724
internal_count=31078 29025 26954 2071 1363 24066 2053 932 1121 566 2888 555 21701 708 560 444 21001 8728 12273 1980 10293 4105 896 1859 4623 978 385 1029 806 3998
is_linear=0
shrinkage=0.05


Tree=27
num_leaves=31
num_cat=0
split_feature=14 31 12 37 37 38 26 6 32 9 26 9 41 38 16 17 36 40 38 14 12 29 32 0 38 25 31 0 41 38
split_gain=6.25545 2.58347 2.18376 1.84287 1.54846 1.96215 1.22925 1.21676 1.8879 1.23306 1.06821 1.09351 2.50628 0.953745 1.49644 1.07644 1.1861 0.955619 0.79643 0.741889 0.667044 0.666902 0.844081 0.650995 0.64779 0.59446 0.572983 0.555004 0.525011 0.505975
threshold=-0.45666666328907007 0.47666668891906744 0.40333333611488348 0.0016446113586425783 -0.051397800445556634 0.12359237670898439 0.48333334922790533 0.030000001192092899 -0.036666661500930779 -0.18999999761581418 -0.19666665792465207 0.23666667938232425 0.036879267543554313 0.0053477287292480477 -0.16333332657814023 0.27666664123535162 -0.25666666030883784 0.11000000312924386 -0.042340755462646477 -0.049999997019767754 0.31666666269302374 -0.31000000238418574 -0.18333333730697629 0.26333332061767584 -0.033781528472900384 -0.36333334445953364 -0.33666665852069849 -0.011666655540466307 0.064443118870258345 0.12359237670898439
decision_type=2 2 2 2 2 2 2 2 2 2 2 2 2 2 2 2 2 2 2 2 2 2 2 2 2 2 2 2 2 2
left_child=4 2 6 18 -1 10 7 8 13 -10 -6 -12 -13 15 -15 16 24 -17 -3 -18 -5 -21 -23 -11 27 -4 -16 -2 -28 -9
right_child=1 3 25 20 5 -7 -8 29 9 23 11 12 -14 14 26 17 19 -19 -20 21 -22 22 -24 -25 -26 -27 28 -29 -30 -31
leaf_value=-0.0033473712031306876 -0.017605827949536034 0.022861484477120594 0.00011237422624144204 0.005119926600744079 0 -0.0038237999565066934 0.0096477233742275868 -0.0072040994169434887 0.014998352075574917 0.0041029318828914065 0.023777879041553825 -0.008661823695821632 0.016684017177768237 0 0 0.01588403610252102 -0.0031230135463586293 -0.00049090445705233761 0 -0.0031957520937648991 -0.012050866393481888 0.015013118494062531 -0.00015504650487066591 -0.0094487351958018693 0 -0.016331786200512791 -0.016493201875037691 -0.0010161811844383573 0 0.0014505720323370469
leaf_weight=10.802031266037373 14.715052886400372 13.914055385626854 2.8812022237107149 4.0466414869297278 8.0377330109477025 9.6930463276803476 14.423711629351599 135.53670041146688 21.404717859812081 26.506109385285527 38.229842194356024 9.9962908094748872 18.377261024899781 38.02668776398059 4.8050950001925221 11.706508667208256 34.494120902149007 11.719026237493379 4.369735035113993 7.3122024619951835 5.2364493703935295 17.256149438675493 9.7871728602331149 6.1000754872802636 11.34357995004393 31.657647107727826 32.970918337698095 12.278235150035471 5.4264658964239052 11.852496005361898
leaf_count=200 648 178 177 154 121 113 375 10256 809 1199 438 145 222 1433 401 405 1974 672 241 431 255 868 472 289 789 2627 3171 585 454 977
internal_value=0 -0.00232272 -0.00329913 0.0109671 0.0113218 0.013575 -0.002146 -0.00274946 -0.000584659 0.00716646 0.0162608 0.0181788 0.00707386 -0.0028186 -0.00686837 0 -0.00231862 0.00841285 0.0186174 0.001372 -0.00385857 0.00629795 0.00973569 0 -0.00879922 -0.0145297 -0.012636 -0.0123746 -0.0144642 -0.00631562
internal_weight=584.907 489.771 462.204 27.5669 95.1362 84.3342 427.665 413.241 265.852 54.0109 74.6411 66.6034 28.3736 211.841 81.2292 130.612 107.187 23.4255 18.2838 68.8496 9.28309 34.3555 27.0433 32.6062 38.3369 34.5388 43.2025 26.9933 38.3974 147.389
internal_count=31079 29840 29012 828 1239 1039 26208 25833 14600 2297 926 805 367 12303 5459 6844 5767 1077 419 3745 409 1771 1340 1488 2022 2804 4026 1233 3625 11233
is_linear=0
shrinkage=0.05


Tree=28
num_leaves=31
num_cat=0
split_feature=14 25 31 37 5 3 5 27 19 36 18 34 31 36 0 24 29 41 41 39 36 41 10 33 21 41 19 19 30 7
split_gain=4.17767 2.16826 2.09583 1.83924 2.21271 1.42251 1.23028 1.15555 1.30067 1.0966 1.06736 1.10969 1.77943 1.39775 1.00465 0.911653 0.865503 0.828891 0.768923 0.68574 1.39699 0.834556 1.04173 0.757029 0.675341 0.673658 0.615373 0.590908 0.523236 0.492943
threshold=-0.45666666328907007 0.29666668176651007 0.48333334922790533 0.0086016654968261736 0.16333335638046267 0.056666672229766853 0.096666663885116591 -0.36333334445953364 0.1566666662693024 0.35000002384185797 -0.43000000715255732 -0.32333332300186152 0.38333332538604742 -0.22333332896232602 0.043333351612091071 -0.29666668176650995 0.2833333313465119 0.066116258502006545 0.1004048138856888 0.031014758162200454 0.083333313465118422 0.036240529268980033 0.030000001192092899 0.14999997615814212 -0.16333332657814023 0.03232953883707524 -0.31000000238418574 -0.29666668176650995 -0.023333340883255001 -0.35000000894069666
decision_type=2 2 2 2 2 2 2 2 2 2 2 2 2 2 2 2 2 2 2 2 2 2 2 2 2 2 2 2 2 2
left_child=3 2 7 4 5 -1 -4 8 17 16 -9 -12 18 15 -6 -14 -5 -2 19 21 24 25 23 -23 -21 27 -27 -13 -3 -15
right_child=1 28 6 9 14 -7 -8 10 -10 -11 11 12 13 29 -16 -17 -18 -19 -20 20 -22 22 -24 -25 -26 26 -28 -29 -30 -31
leaf_value=0.0026293873422919226 0.0090364439436597319 -0.0022802798005077426 0.020379148599467461 0.0024998405044756506 0.016487067548630854 -0.020085833380062122 -0.0022658860775716396 0.0063271180974423151 -0.0096717770002875507 0 -0.011016170093293568 0.00077146612839871424 -0.0019909234175977085 -0.010162273112034223 0 0.017132177320110534 0.023199131061817313 -0.0041612677637563314 0.0065049684540593542 -0.0029355537116632835 -0.011217010963223209 -0.013746828258796438 -0.00099202458816091449 0.0014620663534336215 0.011732917971341184 -0.0037345056362345173 0.0085078117022048452 -0.0088756919048522242 -0.013167544962722134 0.0019266105440234082
leaf_weight=7.5091629428789046 57.029804353136569 26.662151570897549 12.567319264169784 11.201904815156011 14.569026518613102 8.8488950021564943 4.5731395124457768 23.946198203600943 7.8000438662711522 8.3910336834378523 37.081318330252543 19.200374727603048 3.8156550112180438 5.9543439729604897 13.628346678335218 19.945650774519891 27.835797753185034 8.103104191599412 9.4428042124491167 5.1413816357962849 8.0519541040994209 62.237621946609579 36.987756315153092 4.7842722546774885 18.527338794898242 9.4934452646411973 19.066111174179241 29.809806349920109 40.53857883438468 17.47097444999963
leaf_count=109 2026 2226 267 158 181 133 179 633 471 116 2871 628 125 219 243 536 290 334 476 339 598 4378 2625 350 946 335 1716 2804 4018 804
internal_value=5.363e-05 -0.00177423 -0.000326918 0.00952522 0.00122213 -0.0106329 0.014236 -0.00120528 0.00414792 0.0158442 -0.00251201 -0.00338938 -0.0020343 0.00608611 0.00948952 0.013439 0.0189389 0.00683057 -0.00397836 -0.00472173 0.00125794 -0.00590644 -0.00877131 -0.0122879 0.00775467 -0.00141197 0.00377312 -0.00496991 -0.00973047 -0.00174217
internal_weight=580.215 488.231 421.03 91.9842 44.5554 16.3581 17.1405 403.89 72.933 47.4287 330.957 307.011 269.929 47.1866 28.1974 23.7613 39.0377 65.1329 222.743 213.3 31.7207 181.579 104.01 67.0219 23.6687 77.5697 28.5596 49.0102 67.2007 23.4253
internal_count=31134 29904 23660 1230 666 242 446 23214 2831 564 20383 19750 16879 1684 424 661 448 2360 15195 14719 1883 12836 7353 4728 1285 5483 2051 3432 6244 1023
is_linear=0
shrinkage=0.05


Tree=29
num_leaves=31
num_cat=0
split_feature=16 31 19 37 41 27 35 37 1 32 39 24 5 37 39 20 31 9 29 37 41 39 26 26 32 41 34 8 17 40
split_gain=4.41225 2.2535 2.40677 2.07882 1.76958 1.36074 1.22766 1.13245 1.08464 0.946263 0.920023 1.30467 1.09298 1.59368 1.06818 0.980352 1.06778 0.821232 1.33236 0.768197 1.44459 0.753969 0.706748 0.673868 0.664639 0.659135 0.670076 0.645323 0.546703 0.523553
threshold=-0.40333333611488337 0.38333332538604742 -0.0099999904632568342 0.0016446113586425783 0.066116258502006545 0.056666672229766853 0.13666665554046634 -0.14993143081665036 0.23666667938232425 -0.17000000178813932 0.029510702937841419 0.40333333611488348 0.20999997854232791 -0.0077538490295410148 0.020180775783956054 -0.29000000655651087 -0.30333334207534784 -0.24333333969116208 -0.36333334445953364 -0.045902252197265618 0.040605081245303161 0.018027682788670066 0.35000002384185797 0.01666665077209473 0.17666667699813846 0.10085978358983995 -0.15666666626930234 -0.12999999523162839 0.21666666865348819 0.33333332836627966
decision_type=2 2 2 2 2 2 2 2 2 2 2 2 2 2 2 2 2 2 2 2 2 2 2 2 2 2 2 2 2 2
left_child=4 2 8 6 5 10 19 -4 22 -6 11 12 13 14 -1 -15 -17 18 -5 20 28 -11 25 -12 -14 26 -2 -8 -3 -9
right_child=1 3 7 17 9 -7 27 29 -10 21 23 -13 24 15 -16 16 -18 -19 -20 -21 -22 -23 -24 -25 -26 -27 -28 -29 -30 -31
leaf_value=-0.012698902376035657 0.0057978929188628372 0.0014284345203082977 0.0073214820159953819 -0.0082515921130695107 0.0068034620388888779 -0.0046533834057565738 0.0073404925313098821 -0.0051120522833617062 -0.0073978923316667042 0.000892242231254802 0.0093074396941978752 -0.0036738458039941566 0.0040937741761939888 -0.0005304608181512352 0.0066503643979965018 0.020358656625880649 0 -0.010108202546794842 0.013728669158128152 0.018829745275918661 0.013250788304876538 -0.01765110145719135 0.0072066230450519618 -0.0069727416902365851 0.024383041097085587 0.010774492219594093 -0.0031478034495248139 -0.0088014911899308105 -0.013870052940259621 -0.013371658736274147
leaf_weight=9.0754602011293084 18.380955390864983 5.0226976186968368 4.0561340712010852 6.9087609210982919 4.2786063663661507 9.5224004569463414 3.7540484075434497 58.68047009059228 40.197239184519276 4.215288253966718 4.6237985424231729 6.5420209672301999 11.319568920880554 7.9245595699176112 6.5744935828261069 24.392456656321876 10.210813900688683 20.18748999806121 7.9100541626103205 24.722830765647817 11.922842076048253 8.1609220313839597 32.384251079522073 9.7210965398699027 30.261030016234145 5.791481810854747 110.09593946603127 8.8473255520220828 5.1821870368439704 70.418613467132673
leaf_count=176 1224 124 211 217 85 358 145 5171 2525 84 76 145 206 133 155 330 203 1345 284 752 244 211 1251 233 515 226 6796 487 117 7095
internal_value=0.000333805 -0.00216533 -0.00409257 0.00435309 0.00768726 0.00969905 0.00981733 -0.00919023 -0.000527053 -0.00533711 0.0111961 0.0127218 0.0141809 0.0077081 -0.00382527 0.0124157 0.0156365 -0.0043959 0.00285553 0.013276 0.00348906 -0.0117457 0.00118492 0 0.0205978 -0.00033537 -0.00148047 -0.00183207 -0.00705666 -0.0101962
internal_weight=581.286 434.463 340.005 94.4582 146.823 130.168 59.4519 133.155 206.85 16.6548 120.645 106.3 99.7584 58.1778 15.65 42.5278 34.6033 35.0063 14.8188 46.8506 22.1277 12.3762 166.653 14.3449 41.5806 134.268 128.477 12.6014 10.2049 129.099
internal_count=31124 28214 24499 3715 2910 2530 1869 12477 12022 380 2172 1863 1718 997 331 666 533 1846 501 1237 485 295 9497 309 721 8246 8020 632 241 12266
is_linear=0
shrinkage=0.05


Tree=30
num_leaves=31
num_cat=0
split_feature=16 29 38 31 25 16 27 34 0 8 10 37 40 9 5 10 39 40 6 39 37 38 38 14 17 5 31 33 14 14
split_gain=4.20708 3.4637 2.43792 2.2896 1.87529 1.47289 1.47141 1.38473 1.36923 1.19316 1.56965 1.22612 1.04101 0.998327 0.976721 0.896787 0.856228 0.82052 0.815732 0.796547 0.920261 1.40432 0.748986 0.668738 0.639953 0.715799 0.616509 0.582292 0.538833 0.726301
threshold=-0.28333333134651179 0.056666672229766853 0.0053477287292480477 0.35666668415069586 -0.083333343267440782 -0.15000000596046445 0.056666672229766853 -0.32333332300186152 0.20333331823349002 -0.056666672229766839 0.30333334207534796 -0.026899814605712887 0.91000002622604381 0.18999999761581424 -0.063333332538604722 0.40333333611488348 0.024118972010910514 0.030000001192092899 -0.35000000894069666 0.02565096598118544 -0.069252967834472642 -0.037441253662109368 0.033605098724365241 -0.45666666328907007 -0.023333340883255001 0.17000001668930056 -0.26333332061767573 0.23000001907348636 0.14999997615814212 -0.030000001192092892
decision_type=2 2 2 2 2 2 2 2 2 2 2 2 2 2 2 2 2 2 2 2 2 2 2 2 2 2 2 2 2 2
left_child=4 2 3 14 9 -4 8 -5 18 11 -11 -1 17 16 28 -12 23 -9 -6 20 -19 -22 -8 -10 25 -20 -7 -15 29 -2
right_child=1 -3 5 7 6 26 22 12 13 10 15 -13 -14 27 -16 -17 -18 19 24 -21 21 -23 -24 -25 -26 -27 -28 -29 -30 -31
leaf_value=-0.0073832902661723557 -0.00063403055475700308 -0.011208221021349076 0.0051578181443178561 -0.0053907404112141658 -0.0011704240847523863 0 -0.0097693449901618198 -0.00051202034702367246 0.019548751976417492 -0.011450552039371332 0.012296224387709873 0.010002555847505258 -0.0042641059974865862 0.0038528164216447753 -0.008182228764226555 -0.0045227193622642782 -0.0042145049475548965 0.0018581009888018595 0.0090171843533905453 0.0021419851337441862 0.02637738320353929 0 0.0052678238453432186 0 0 0.022997434185263312 -0.012739071442049464 -0.010237074554488109 -0.0034391618192266254 0.010376757367052515
leaf_weight=7.3195442005526266 23.332549329847097 94.907702511292882 12.691552485106511 8.2674918058328313 4.2511087562888852 11.831590437795965 10.903746173484253 5.6621244526468208 8.6846276414580679 31.939956164220348 10.340535147348421 31.5739006891381 4.2818486550822845 4.7699092931579825 32.962554555851966 8.0710112019442004 4.40160218020901 10.927898182068011 42.104102226672694 15.14494209224358 25.857209949288514 4.9717306843958928 8.7807856721337867 8.7451852560043335 5.6332857955712816 30.825928609352559 50.839672664413229 12.751311743864788 25.070841817185283 21.269424884114414
leaf_count=255 1712 8455 822 284 82 1070 667 150 95 1072 213 753 148 114 2733 186 112 218 986 305 439 385 418 313 292 618 5139 472 1638 1038
internal_value=3.87843e-05 -0.00337085 -0.000144146 0.00295294 0.00523432 -0.0074352 0.00869583 0.00929425 0.0107123 -0.00020634 -0.00527308 0.00562427 0.0117481 0.00186378 -0.0017148 0.00459978 0.00844339 0.0134858 0.0142256 0.0151921 0.0185381 0.0225059 -0.00242465 0.0129676 0.0153783 0.0165421 -0.0105773 -0.00533408 0.00142076 0.00473046
internal_weight=579.116 348.019 253.111 177.749 231.097 75.3628 141.852 75.1132 122.167 89.2449 50.3515 38.8934 66.8458 39.3526 102.635 18.4115 21.8314 62.5639 82.8144 56.9018 41.7568 30.8289 19.6845 17.4298 78.5633 72.93 62.6713 17.5212 69.6728 44.602
internal_count=31184 24536 16081 9050 6648 7031 4169 1929 3084 2479 1471 1008 1645 1106 7121 399 520 1497 1978 1347 1042 824 1085 408 1896 1604 6209 586 4388 2750
is_linear=0
shrinkage=0.05


Tree=31
num_leaves=31
num_cat=0
split_feature=14 31 38 25 9 9 20 27 38 30 40 32 10 15 3 37 33 23 23 31 32 10 38 18 39 3 41 10 41 41
split_gain=3.55772 3.28127 4.05593 1.81738 1.535 1.71828 1.63369 1.45957 1.2583 1.22446 1.43145 1.16102 1.12606 1.13484 1.02784 0.778679 1.07366 0.703225 0.698841 0.727617 0.672497 0.697451 0.624929 0.66514 0.578175 0.559688 0.553675 0.687678 0.796212 1.97278
threshold=-0.35000000894069666 0.38333332538604742 -0.032514572143554681 -0.030000001192092892 0.14999997615814212 0.36333334445953375 -0.17166666686534879 -0.16333332657814023 -0.042340755462646477 -0.069999992847442613 0.096666667610406889 0.18999999761581424 0.31666666269302374 -0.45666666328907007 0.2833333313465119 -0.026899814605712887 -0.030000001192092892 -0.090000003576278673 0.056666672229766853 -0.29666668176650995 -0.13666665554046628 0.18333333730697635 0.25636243820190435 -0.4433333277702331 0.025036369450390342 0.18999999761581424 0.1004048138856888 0.43000000715255743 0.037021264433860786 0.03232953883707524
decision_type=2 2 2 2 2 2 2 2 2 2 2 2 2 2 2 2 2 2 2 2 2 2 2 2 2 2 2 2 2 2
left_child=3 7 9 12 8 6 -6 -2 -5 10 17 -7 15 -14 -12 -1 -17 -3 -18 -20 -10 -22 23 -9 25 -8 27 28 29 -25
right_child=1 2 -4 4 5 11 24 22 20 -11 14 -13 13 -15 -16 16 18 -19 19 -21 21 -23 -24 26 -26 -27 -28 -29 -30 -31
leaf_value=-0.010788022973231431 -0.00013504402610394221 -0.0078276455222072057 -0.010592394799266529 -0.00080089512652011116 -0.018036074046972984 0.022892151446499653 0.004309768625608907 0.0049182654543030559 0 -0.00017616827649058996 0.022351824296653482 0 0.015355896809667988 -0.0037191120642744279 0 0.0061085488123492062 -0.013519853226594838 0.0081317422785497431 0.0079641052300005403 -0.0081748457134414049 0.022101004647725811 0 0.0038247152681726211 -0.01124604232300524 0.011467467312060884 -0.009669392683418248 0.00072703902687628978 0.00051118197657172625 -0.013715396142426251 0.004299065831922382
leaf_weight=16.513024947140366 89.582196013536304 6.9913063421845427 24.484213183866814 7.4701283765025428 8.5582241974771041 6.5618908947799381 7.9244541539810616 2.8667167259845874 6.617298334138467 15.123655213275923 30.362880636006594 11.993841027375309 14.3708977624774 6.6745979939587405 8.0247126650065166 30.159877258818597 10.861027648672463 8.5490381824783963 9.3302459053229523 6.6696851453743866 35.294375641969964 5.7034854022786012 4.4879680781159541 45.323905237950385 5.6676647015847257 7.0714999050833285 7.9972085030749431 10.174813862191511 94.233763765543699 26.786429812898859
leaf_count=598 6139 118 2386 324 192 104 142 115 168 473 446 242 182 171 149 781 258 117 159 184 678 94 345 3830 139 161 553 1031 8332 2430
internal_value=-0.000126552 -0.00301758 0.00474262 0.00516837 0.00957365 0.00196127 -0.00483101 -0.00572868 0.0149257 0.0109253 0.0141617 0.0122427 0 0.0088989 0.0187455 -0.00290978 0 0 -0.00637351 0 0.0176728 0.0198009 -0.00813065 -0.00865605 0.0025284 -0.00197096 -0.00914642 -0.00973991 -0.010508 -0.00526486
internal_weight=572.431 374.989 93.5358 197.442 102.863 47.7776 29.2218 281.453 55.0853 69.0516 53.9279 18.5557 94.5794 21.0455 38.3876 73.5339 57.0208 15.5403 26.861 15.9999 47.6152 40.9979 191.871 187.383 20.6636 14.996 184.516 176.519 166.344 72.1103
internal_count=31041 26464 3689 4577 2244 980 634 22775 1264 1303 830 346 2333 353 595 1980 1382 235 601 343 940 772 16636 16291 442 303 16176 15623 14592 6260
is_linear=0
shrinkage=0.05


Tree=32
num_leaves=31
num_cat=0
split_feature=30 25 24 31 38 27 38 0 39 40 6 13 24 31 40 6 38 22 38 39 16 38 14 12 24 30 17 35 16 21
split_gain=4.91407 2.31638 1.95739 1.57054 1.92178 1.38058 1.80328 1.38954 1.2015 1.15615 1.32957 0.936148 0.826471 1.20471 1.08679 1.01841 0.800912 0.95209 0.750829 0.878423 0.733106 0.727798 0.687561 0.550584 0.485659 0.464103 0.557139 0.542859 0.429517 0.428301
threshold=0.46333330869674688 0.31000000238418585 0.3966666460037232 0.4499999880790711 -0.042340755462646477 -0.16333332657814023 0.22565650939941409 0.18333333730697635 0.029510702937841419 0.10333333536982538 -0.29000000655651087 -0.049999997019767754 -0.04333332180976867 -0.236666664481163 0.29333333671092993 -0.26333332061767573 -0.063411235809326158 0.01666665077209473 -0.083765983581542955 0.017543804831802848 -0.036666661500930779 -0.14281558990478513 -0.4433333277702331 -0.40333333611488337 -0.15666666626930234 -0.076666668057441698 -0.036666661500930779 -0.26333332061767573 -0.41666667163372034 -0.40333333611488337
decision_type=2 2 2 2 2 2 2 2 2 2 2 2 2 2 2 2 2 2 2 2 2 2 2 2 2 2 2 2 2 2
left_child=1 3 8 5 16 7 9 12 -2 10 11 -7 15 14 -14 24 17 -5 -9 28 -8 -3 -17 -11 -1 -21 27 -27 -20 -25
right_child=2 21 -4 4 -6 6 20 18 -10 23 -12 -13 13 -15 -16 22 -18 -19 19 25 -22 -23 -24 29 -26 26 -28 -29 -30 -31
leaf_value=0.012834781309963197 0.022512698756567657 0.0018284690970291687 -0.0039242656141045698 0.012638945170828864 -0.0056461730332804175 -0.0026532406504981118 0.017962757087906386 0.0055966715632965909 0 0 -0.0044375024888943229 0.015846416203871224 -0.00014217916492603185 0.0014106565359804342 0.017715253655411389 -0.013121932947415713 0.024517831215697054 -0.003361572610745869 0.0071064367357048415 0 -0.0015904097718157503 -0.012087070578633889 0 2.2787548793654967e-05 -0.00041670639715443578 0 0 -0.020189211785761055 -0.004209472604198428 -0.0088702842643077571
leaf_weight=11.044141130521895 31.272508770925924 5.9105881126597515 7.299626490334048 12.88052297383547 12.172166893957181 5.1131019543390748 6.9317250531166792 8.8206374775618297 6.2792931362055233 19.308208893518895 32.841484061675146 13.416114859050138 7.6393588986247769 50.090376494685188 27.813835920067504 9.5030604754574579 8.5500873900018615 10.886671015527098 9.2669273158535379 5.0803680992685285 2.8674012960400415 53.193980894284323 30.030214958591387 8.8243640672881138 5.3506084729451677 3.5225142571143868 7.2951690184418103 15.262750191846861 11.324791495688258 132.07821512990631
leaf_count=437 706 444 398 163 870 288 194 408 120 653 2315 501 211 2571 518 142 105 146 147 373 260 4994 1501 796 192 84 472 494 641 10021
internal_value=0 -0.00142809 0.0148395 -0.000142423 0.00814027 -0.00117248 -0.00388678 0.00170773 0.0190992 -0.00506461 0.000973161 0.010322 0.00445643 0.00738671 0.0138007 0 0.0140563 0.0052697 -0.00415953 -0.00666394 0.0122277 -0.0102712 -0.00456888 -0.00711624 0.00844073 -0.0113137 -0.0135807 -0.0171732 0.000397312 -0.00816497
internal_weight=571.871 527.019 44.8514 467.915 44.4894 423.425 221.381 202.045 37.5518 211.581 51.3707 18.5292 141.472 85.5436 35.4532 55.928 32.3173 23.7672 60.5732 51.7525 9.79913 59.1046 39.5333 160.211 16.3947 31.1608 26.0804 18.7853 20.5917 140.903
internal_count=31165 29941 1224 24503 1284 23219 15028 8191 826 14574 3104 789 5572 3300 729 2272 414 309 2619 2211 454 5438 1643 11470 629 1423 1050 578 788 10817
is_linear=0
shrinkage=0.05


Tree=33
num_leaves=31
num_cat=0
split_feature=16 31 37 30 25 5 27 31 13 9 7 9 25 8 37 5 41 39 33 0 41 10 25 13 31 26 19 13 16 37
split_gain=4.65241 1.8939 3.03191 1.76578 1.21208 1.14268 1.29466 1.33124 1.16434 1.03948 0.976508 0.928183 0.924822 1.03386 1.00765 0.888262 0.87594 1.03712 0.817303 0.711586 0.709024 0.679795 0.645991 0.58014 0.578483 0.877411 0.747625 0.622889 0.565656 0.635025
threshold=-0.26999998092651362 0.38333332538604742 0.0016446113586425783 0.45666664838790899 0.22333335876464847 0.19666665792465213 0.01666665077209473 -0.25666666030883784 -0.46999999880790705 0.16333335638046267 0.29000002145767217 0.23666667938232425 -0.023333340883255001 -0.063333332538604722 -0.026899814605712887 0.22333335876464847 0.1004048138856888 0.029931325465440754 -0.0099999904632568342 -0.2483333349227905 0.039359271526336677 0.38333332538604742 -0.17000000178813932 -0.32999998331069941 0.47666668891906744 0.38999998569488531 0.37000000476837164 0.030000001192092899 0.16333335638046267 -0.078486442565917955
decision_type=2 2 2 2 2 2 2 2 2 2 2 2 2 2 2 2 2 2 2 2 2 2 2 2 2 2 2 2 2 2
left_child=3 15 9 5 22 8 7 10 -1 24 -7 -6 13 14 -10 16 17 21 -19 -11 -14 28 -5 -17 25 26 27 -3 -2 -30
right_child=1 2 -4 4 11 6 -8 -9 12 19 -12 -13 20 -15 -16 23 -18 18 -20 -21 -22 -23 -24 -25 -26 -27 -28 -29 29 -31
leaf_value=-0.0098252565466816315 -0.0044483187022722973 0 -0.0086463767361642102 0.0012505178572511134 0.01234352552405437 0.021320808963132341 -0.0043144648139336614 0 -0.0076227252140981501 0.0082293530861276467 0 -0.0063421606153135955 0 -0.0076328816693855724 0.0085574491887119644 0.0018540881623321159 0.0071248439913401008 0.0076245211049190747 -0.0067006742022815398 -0.0084843378974911454 0.011573631501982949 0.0027110134181538635 0.022436584715137584 -0.013466841475458083 0.019818805573810716 -0.0080221240561844497 -0.0033150029813311605 0.015412633123906111 0 -0.014145953514437683
leaf_weight=18.262236012611538 93.953162161400542 4.9331762972287896 34.320068110944703 7.9602162225637612 4.8483421141281715 22.844160276465118 10.313251031097023 14.591471593361346 6.9293048812542102 3.912415843224152 9.5276436056010407 10.611514585325493 22.511055073235184 30.898221405688673 26.211416750680655 2.3572095886338493 9.2680440740659815 21.834770893445242 8.4686205387115461 9.9732447573915106 27.574195477645844 10.914855067385359 22.466411164961755 45.691553973592818 14.024046759353949 3.4381283414550117 4.6270052597392342 19.23047327180393 6.6126075303181997 42.849865834461525
leaf_count=244 7753 170 1862 126 69 452 595 659 282 197 285 375 854 1161 756 128 483 1378 685 470 929 961 295 5010 233 125 136 550 331 3607
internal_value=0 -0.00373841 0.00198235 0.00532357 0.0136779 0.00281711 0.00834784 0.0117743 0 0.0086601 0.0166759 0.000165607 0.00217579 -0.00149272 0.00388575 -0.00606657 -0.00411994 -0.00502201 0.00248675 -0.0014558 0.00697 -0.0066902 0.0186991 -0.0121303 0.0119939 0.00535887 0.00878331 0.0121274 -0.00765315 -0.0121501
internal_weight=571.959 336.409 94.4586 235.549 45.8865 189.663 57.2765 46.9633 132.386 60.1385 32.3718 15.4599 114.124 64.0389 33.1407 241.951 193.902 184.634 30.3034 13.8857 50.0853 154.33 30.4266 48.0488 46.2528 32.2288 28.7907 24.1636 143.416 49.4625
internal_count=31161 24079 3743 7082 865 6217 1991 1396 4226 1881 737 444 3982 2199 1038 20336 15198 14715 2063 667 1783 12652 421 5138 1214 981 856 720 11691 3938
is_linear=0
shrinkage=0.05


Tree=34
num_leaves=31
num_cat=0
split_feature=19 25 12 25 33 26 31 29 10 38 38 16 31 38 9 3 4 37 21 36 38 2 37 40 37 37 20 24 37 35
split_gain=3.55287 1.91688 1.5738 1.56358 1.55031 1.54007 1.46762 1.26929 1.14986 1.11351 1.10831 1.99409 1.68535 1.08387 0.983065 0.950449 0.788949 0.787222 0.694918 0.668873 0.797498 0.659882 0.609438 0.722814 0.604418 0.687553 0.612964 0.592673 0.535703 0.512488
threshold=-0.41666667163372034 -0.083333343267440782 0.42333334684371954 0.20999997854232791 0.26333332061767584 0.44333332777023321 -0.31000000238418574 0.19666665792465213 0.35000002384185797 -0.056524276733398431 0.0053477287292480477 -0.13666665554046628 0.1566666662693024 -0.029808998107910153 0.18333333730697635 -0.12999999523162839 0.17000001668930056 -0.080943584442138658 -0.11666667461395262 0.41000002622604376 -0.018045425415039059 0.31000000238418585 0.055775165557861335 0.11000000312924386 -0.026899814605712887 0.041211605072021491 -0.14333333075046537 0.19666665792465213 0.017503738403320316 0.12333333492279054
decision_type=2 2 2 2 2 2 2 2 2 2 2 2 2 2 2 2 2 2 2 2 2 2 2 2 2 2 2 2 2 2
left_child=1 8 5 6 -5 7 9 10 14 -3 12 -12 13 22 24 28 -10 -4 -17 20 -9 29 23 -2 -1 26 -26 -22 -14 -20
right_child=2 3 17 4 -6 -7 -8 19 16 -11 11 -13 15 -15 -16 18 -18 -19 21 -21 27 -23 -24 -25 25 -27 -28 -29 -30 -31
leaf_value=-0.0084807385582203378 0 0.00030642062956871678 0.0026736553719461506 0.011500015224858917 -0.010330122830307747 0.0089288633894586671 0 -0.015402334207208901 0.017357406008841867 0.022939420164148409 0.0032311423196293627 -0.010164829288300318 0.0118995951591407 0.0034695719977981959 -0.013976212740456738 -0.0073547395894103728 -0.00039335181341249427 -0.014400531530458794 0.0091485983944709758 0.0027162508409385982 -0.0077114297425770559 -0.0052484868880848592 0.0037574411272308611 -0.01303578332067635 -0.0014836585309120135 -0.0046467218160732926 0.012670760627095282 0.0022011648701732935 0 -0.0030482273301948738
leaf_weight=7.1226187292486385 12.97308994992636 9.0408178400248271 3.4386111842468372 9.2244073571637291 11.452181016560642 28.732685574330389 14.138585383072494 26.126487553818151 7.6358638154342753 36.213539405725896 41.175914829829708 58.25641777087003 47.229776188731194 26.953257079701871 10.35018280521035 12.478421575855462 6.372589326929301 28.931311327265576 32.324268999043852 8.0986559374723566 26.91660408815369 7.9342086778488001 3.9934834381565443 32.422934579197317 5.6682651862502089 8.1664447416551393 15.724013399332771 18.517018208513036 7.2316596198361358 4.3884792681783429
leaf_count=194 1155 190 163 139 222 1210 294 2265 105 406 2039 6139 1676 1947 239 562 115 2310 1187 780 1788 435 320 2652 115 174 301 1379 329 266
internal_value=0.000175056 0.00692803 -0.00205813 0.0117352 0 -0.00103468 0.0155253 -0.00201279 0 0.0194708 -0.00032184 -0.00451212 0.0018373 -0.00353117 -0.00372764 0.00571556 0.0103365 -0.0118007 0.000553017 -0.00737106 -0.00895681 0.00386624 -0.00776501 -0.00958538 0.000136618 0.00399678 0.00850415 -0.00339988 0.0101249 0.00688195
internal_weight=569.233 141.11 428.123 80.0695 20.6766 395.753 59.3929 367.021 61.04 45.2544 287.362 99.4323 187.93 76.3428 47.0315 111.587 14.0085 32.3699 57.1254 79.6588 71.5601 44.647 49.3895 45.396 36.6813 29.5587 21.3923 45.4336 54.4614 36.7127
internal_count=31096 2494 28602 1251 361 26129 890 24919 1243 596 18707 8178 10529 6074 1023 4455 220 2473 2450 6212 5432 1888 4127 3807 784 590 416 3167 2005 1453
is_linear=0
shrinkage=0.05


Tree=35
num_leaves=31
num_cat=0
split_feature=30 25 3 40 3 23 4 32 9 27 38 21 16 30 36 40 12 39 38 38 35 26 36 8 39 41 26 38 26 23
split_gain=3.65575 1.86697 1.17644 1.09837 0.99937 0.981189 1.02754 0.989255 2.15922 0.985182 0.960001 0.943603 0.940773 0.92331 0.835112 0.792854 0.909646 0.784873 0.761485 0.743879 0.712513 0.699816 0.607268 0.587252 0.582564 0.573755 0.520805 0.555715 0.505278 0.486889
threshold=0.44333332777023321 0.31000000238418585 0.43666666746139532 0.87666666507720958 0.34333333373069769 -0.21666666865348813 -0.25666666030883784 0.030000001192092899 1.0000000180025095e-35 -0.25666666030883784 -0.011066913604736326 -0.016666665673255917 -0.13666665554046628 -0.29666668176650995 0.26999998092651373 0.043333332985639579 -0.41666667163372034 0.014639338012784721 -0.018045425415039059 -0.033781528472900384 -0.22333332896232602 0.29000002145767217 0.35666668415069586 0.2833333313465119 0.029095132835209373 0.046513013541698463 0.35666668415069586 -0.14281558990478513 -0.29000000655651087 -0.18333333730697629
decision_type=2 2 2 2 2 2 2 2 2 2 2 2 2 2 2 2 2 2 2 2 2 2 2 2 2 2 2 2 2 2
left_child=1 4 3 15 5 6 9 10 17 22 11 19 -12 25 -5 -2 -17 -9 21 29 -13 -6 -1 26 -14 -11 27 -3 -19 -7
right_child=2 23 -4 14 18 7 -8 8 -10 13 12 20 24 -15 -16 16 -18 28 -20 -21 -22 -23 -24 -25 -26 -27 -28 -29 -30 -31
leaf_value=0.013896792797831532 0 0.0054982068649151242 -0.0015621313024368434 0.010238755206926747 -0.016352783377516892 0.0035277863869384676 -0.007330146747351253 -0.0005250690344661029 -9.9431655030605851e-05 0.0093127793626510656 0.00070481924652935311 0.011796415836048674 -0.011584030442982601 -0.0085662193535926585 -0.0090019464597037996 0.023212364453091737 0.00069383402474574132 0.00023164034649191835 0 0.0073153752985664518 0.0004777335541307126 0 -0.0023869159538540911 -0.014172908064667214 0.0018573831110171278 -0.0036724876231528387 0.0072338585977730491 -0.008394274675818136 0.017025313128668715 -0.009005073340442267
leaf_weight=14.131301641464235 4.4519990361295632 2.6129355819430264 9.6919870499987137 4.5238610766828042 14.856300437124448 3.5383519930765059 52.604507754556835 5.6478603950235984 57.956683126976714 13.89018002478406 50.367546147317626 32.606601808685809 29.282815649639815 22.042861383641139 6.149577243020758 29.54468794493004 8.2548507670871967 8.5525631003547442 23.16197351529263 7.425850630272179 30.220149769680575 5.9694790078792712 2.5692303280811748 24.231530309421942 4.6656535498332223 7.0748685381840906 3.6287582144141188 24.321050737984478 40.297348255990073 23.941957991570234
leaf_count=537 82 197 626 65 980 138 2999 346 2919 648 1725 1321 2879 1565 168 371 523 514 1609 466 1530 269 119 2411 401 430 178 2433 1793 933
internal_value=0.000761677 -0.0006538 0.011613 0.0143634 0.000397325 0.00125146 -0.0025211 0.00279499 0.00636635 0.00161776 0.000323213 0.00371105 -0.00331257 -0.00210182 0 0.0175742 0.0196342 0.0129836 -0.00620399 -0.00214552 0.00723154 -0.0119452 0.0103216 -0.00889859 -0.00910941 0.00416152 -0.00239354 -0.00553129 0.0148879 -0.00630162
internal_weight=568.215 505.598 62.617 52.925 450.804 406.816 112.313 294.503 112.454 59.7084 182.049 97.7329 84.316 43.0079 10.6734 42.2515 37.7995 54.4978 43.9878 34.9062 62.8268 20.8258 16.7005 54.7943 33.9485 20.965 30.5627 26.934 48.8499 27.4803
internal_count=31175 29340 1835 1209 24121 21263 6298 14965 5572 3299 9393 4388 5005 2643 233 976 894 2653 2858 1537 2851 1249 656 5219 3280 1078 2808 2630 2307 1071
is_linear=0
shrinkage=0.05


Tree=36
num_leaves=31
num_cat=0
split_feature=14 31 38 27 18 1 22 9 39 24 14 30 41 38 31 29 41 41 41 38 9 26 30 6 40 14 19 5 26 31
split_gain=3.21427 1.74428 2.1534 1.44801 1.02221 1.00109 1.42617 1.25478 1.44086 0.880694 0.803015 1.06664 0.708208 0.702372 0.997827 0.815558 0.802158 0.74078 1.76276 1.3225 1.1509 0.689515 0.630032 0.62162 0.601949 0.589749 0.53104 0.516447 0.54012 0.4708
threshold=-0.45666666328907007 0.44333332777023321 -0.032514572143554681 -0.36333334445953364 -0.43000000715255732 0.096666663885116591 -1.0000000180025095e-35 0.23666667938232425 0.021573347039520744 -0.063333332538604722 0.25666666030883795 -0.25666666030883784 0.039897613227367408 0.22565650939941409 -0.049999997019767754 0.043333351612091071 0.1004048138856888 0.036879267543554313 0.03232953883707524 -0.032514572143554681 -0.32999998331069941 0.1566666662693024 -0.21000000834465024 -0.22333332896232602 0.92333334684371959 0.41666668653488165 0.043333351612091071 -0.016666665673255917 0.48333334922790533 0.37666666507720953
decision_type=2 2 2 2 2 2 2 2 2 2 2 2 2 2 2 2 2 2 2 2 2 2 2 2 2 2 2 2 2 2
left_child=5 3 10 23 -5 6 9 12 -9 -1 -3 25 -7 15 -15 16 17 18 19 22 24 -20 -6 -2 29 -12 -18 -25 -29 -19
right_child=1 2 -4 4 13 7 -8 8 -10 -11 11 -13 -14 14 -16 -17 26 20 21 -21 -22 -23 -24 27 -26 -27 -28 28 -30 -31
leaf_value=-0.0060106180490175857 0.010703793322019949 0.02165748832562072 -0.0082647069353396461 0.0046552500702202624 0.0092612468072828091 0.01515112834183082 0.02196230406450601 -0.016591542468479391 0.0045219695588539586 0.0093959994646898616 0.00046562400952719841 -0.0057647797809219064 0 0.01291660166102131 -0.0073085055151620578 -0.0085909664001189018 0.013601771843866926 -0.01865955427613987 0.012430720488471323 -0.011848192645638231 -0.0021767041636838306 -0.0018121323019426557 -0.0046511163743920931 -0.0052017310072907125 0.00065128625644058095 0.01687247489897805 -0.002169334472945829 0 0.011022010374381956 0
leaf_weight=8.9250424923375267 15.622981802560387 10.453114808537064 12.464617018122224 24.400336157064885 11.707482226658614 12.672938995994629 20.607957518193871 8.8374484917148965 10.767331368755547 15.854617841541765 13.940458877012132 9.1398860700428504 10.287657233886419 8.0075401125941408 4.0321936984546474 116.79113610147033 6.0518012761604023 21.835379374912016 22.227412056410689 28.201859151478857 72.499589789425954 6.2213885081000617 7.4089491914492092 18.709666815586388 2.655579599319025 10.151436587795613 3.0269607750233263 31.747337468666956 10.289805140113456 5.7846170100383452
leaf_count=125 604 120 1211 709 515 160 259 130 166 226 151 238 161 315 388 9654 226 1842 1637 2451 5500 457 509 733 204 130 226 1576 254 217
internal_value=0.000287276 -0.00132801 0.00640793 -0.00250426 -0.00392546 0.0087766 0.0136221 0.00205041 -0.00567686 0.00294471 0.0115901 0.00495826 0.00932072 -0.00473892 0.00457931 -0.00526939 -0.0028705 -0.00379389 0 -0.00569417 -0.00643777 0.00881715 0.00305086 0.00335917 -0.0139046 0.0101954 0.00791467 0.000303327 0.0036176 -0.0159142
internal_weight=561.325 473.372 56.1495 417.222 340.852 87.953 45.3876 42.5654 19.6048 24.7797 43.6849 33.2318 22.9606 316.452 12.0397 304.412 187.621 178.542 75.7671 47.3183 102.775 28.4488 19.1164 76.3698 30.2756 24.0919 9.07876 60.7468 42.0371 27.62
internal_count=31094 29867 1850 28017 24850 1227 610 617 296 351 639 519 321 24141 703 23438 13784 13332 5569 3475 7763 2094 1024 3167 2263 281 452 2563 1830 2059
is_linear=0
shrinkage=0.05


Tree=37
num_leaves=31
num_cat=0
split_feature=19 25 20 20 26 9 9 39 39 9 38 15 38 14 15 37 32 35 26 21 37 17 39 20 12 39 39 24 25 28
split_gain=2.60635 1.66102 1.34851 1.30534 1.22711 1.3753 1.16316 0.937412 0.862679 1.00027 1.21601 1.4597 0.885676 2.77323 2.25748 1.85473 0.959889 0.892032 0.947412 0.901379 0.871721 0.965759 0.862394 0.668293 0.588461 0.546431 0.623732 0.48604 0.474888 0.629326
threshold=-0.45666666328907007 -0.25666666030883784 -0.1649999916553497 -0.37666666507720942 0.44333332777023321 0.1566666662693024 0.23666667938232425 0.022834103554487232 0.029510702937841419 -0.030000001192092892 -0.033781528472900384 0.26999998092651373 -0.045151710510253899 -0.036666661500930779 -0.32333332300186152 0.012290954589843752 -0.12333333492279051 -0.18333333730697629 -0.049999997019767754 -0.31000000238418574 -0.078486442565917955 -0.21000000834465024 0.024118972010910514 0.37666666507720953 -0.32333332300186152 0.029931325465440754 0.023518625646829609 -0.12333333492279051 -0.26333332061767573 0.17000001668930056
decision_type=2 2 2 2 2 2 2 2 2 2 2 2 2 2 2 2 2 2 2 2 2 2 2 2 2 2 2 2 2 2
left_child=1 27 3 -3 5 8 -4 -8 12 10 11 -10 13 -2 16 17 -14 19 -19 -15 -16 -22 -21 -18 -12 26 28 -1 29 -7
right_child=4 2 6 -5 -6 25 7 -9 9 -11 24 -13 14 15 20 -17 23 18 -20 22 21 -23 -24 -25 -26 -27 -28 -29 -30 -31
leaf_value=0.0024819137103768759 -0.010329693092758498 0.010334188045315147 0.020378139413042007 -0.0097613979526838899 0.0052386424518737424 0.004811032543720257 -0.0052400657900148265 0.010863676910195703 -0.0096352345993526208 -0.0058191911111216688 0 0.010320908001721044 -0.0060431339535956122 0 0.0032195424590095315 -0.0063855378027037561 0.011247493027505214 -0.0069708853749471059 0.010299532961067934 0.023127160281891129 -0.0011937569992297326 -0.011819570858624864 0 -0.0024906859451739247 0.019598985624969437 -0.016307323952432919 0.00080097002000484785 -0.010252854454067251 -0.009755748450135257 -0.0091742663951252992
leaf_weight=5.8009493462741402 26.890539763728157 8.9504860630258936 27.895256444811821 11.491780575830488 42.785748539958149 14.435610245913269 10.33256668969989 12.418256796896456 12.656070450786503 11.416234956821425 3.020531467394906 11.998879805672912 9.0983011629432422 4.6968904999084797 10.33356533735059 13.014771537622435 29.448119718581438 9.5989124751649797 9.4189718964044005 20.32767739798874 37.244472066638991 83.984748420771211 5.3183487285859874 5.691498907050117 13.414771065581588 14.276699664769692 23.459756238386035 10.489630260039119 53.360526182572357 7.0729213096201411
leaf_count=104 2149 124 350 155 1573 974 149 173 777 748 99 340 263 140 508 571 934 481 374 492 2377 7812 137 180 751 1140 1794 195 4747 481
internal_value=-0.000634507 0.00695241 0.0102348 0 -0.0021579 -0.00301282 0.0142151 0.00311317 -0.00117853 0.00420708 0.00791012 0 -0.00240709 0.00138342 -0.00445145 0.00726199 0.0045452 0.011614 0.00100208 0.0163138 -0.0077246 -0.00896181 0.0194126 0.00837593 0.016335 -0.00765383 -0.00529219 -0.00514912 -0.00742836 0
internal_weight=560.343 87.3789 71.0883 20.4423 472.965 430.179 50.6461 22.7508 317.573 52.5065 41.0903 24.655 265.067 89.2661 175.801 62.3756 44.2379 49.3608 19.0179 30.3429 131.563 121.229 25.646 35.1396 16.4353 112.606 98.3288 16.2906 74.8691 21.5085
internal_count=31092 1250 951 279 29842 28269 672 322 19133 2715 1967 1117 16418 4344 12074 2195 1377 1624 855 769 10697 10189 629 1114 850 9136 7996 299 6202 1455
is_linear=0
shrinkage=0.05


Tree=38
num_leaves=31
num_cat=0
split_feature=30 31 16 18 5 6 38 31 40 38 24 9 30 40 16 20 6 28 36 37 40 37 37 5 12 15 23 38 20 25
split_gain=3.78051 1.67871 1.60377 1.47816 1.15998 1.12276 1.43825 1.25555 1.34107 1.07435 1.11597 1.11264 0.90467 0.902688 0.867981 0.849193 0.946604 0.839902 0.79541 0.75455 0.654468 0.793469 0.648441 0.609757 0.592945 0.590298 0.499673 0.492809 0.484797 0.474043
threshold=0.44333332777023321 0.46999999880790716 -0.28333333134651179 -0.31000000238418574 0.030000001192092899 1.0000000180025095e-35 0.026465415954589847 0.1566666662693024 0.51999998092651378 0.028800964355468753 0.01666665077209473 -0.076666668057441698 -0.21666666865348813 0.50999999046325695 -0.13666665554046628 -0.19166666269302365 0.030000001192092899 0.47500002384185797 0.11000001430511476 0.0016446113586425783 0.096666667610406889 0.0016446113586425783 -0.08790349960327147 0.1566666662693024 -0.29666668176650995 -0.41666667163372034 -0.32999998331069941 0.11386013031005861 -0.030000001192092892 0.25666666030883795
decision_type=2 2 2 2 2 2 2 2 2 2 2 2 2 2 2 2 2 2 2 2 2 2 2 2 2 2 2 2 2 2
left_child=1 2 9 17 20 6 7 19 12 13 15 -12 22 -1 -8 -11 -17 29 -13 -4 -3 -22 -9 24 -15 -20 -24 -7 -25 -2
right_child=3 4 5 -5 -6 27 14 8 -10 10 11 18 -14 23 -16 16 -18 -19 25 -21 21 -23 26 28 -26 -27 -28 -29 -30 -31
leaf_value=-0.0067201398718870157 0.020650309891565435 0 -0.008656180874392674 -0.0012223810155715502 -0.0024782673113342372 -0.0096455485144841049 0.00022315370095155062 0 -0.0032658477867090665 -0.010647323107133559 0.017916813748754125 -0.004525899949445784 0 -0.0068951929276000251 -0.01204418780692635 0.0091132475121215202 -0.0069182432484698759 0 0.016671070967280332 0.0022829238490691297 0.023883725185035939 0 0 -4.4161211572441559e-05 0.0058713920753310327 -0.00023608511727592348 0.018133581539216261 0 0.012181621331088091 0.0014217454191306465
leaf_weight=45.099910231074318 30.262663444504142 5.9575899410992887 35.732712785014883 13.582747625652699 10.482542193960397 92.981565498514101 15.374456042773089 5.6682374891825011 28.972561644623056 8.9647957137785834 19.68387930537574 14.724463186226787 22.424225705908611 17.963677237508822 37.972840186906978 20.013078575022522 7.3194843395613125 8.328134772833435 5.1177114660385996 17.203081410145387 10.246274266624821 5.5452954198699436 4.7298888920340714 7.1397656085900989 7.4312831459101281 4.324354477459563 24.303864224581048 10.741116278106345 13.772325445432214 7.7332990285940459
leaf_count=1900 382 121 2856 1152 459 9055 883 129 1525 239 447 456 974 543 3722 487 244 136 96 1448 247 190 194 257 346 225 760 1175 384 153
internal_value=7.97024e-05 -0.00134447 -0.00218549 0.0113835 0.00863222 -0.00440426 -0.0018651 0.000722897 0.00448562 0.00152275 0.00562829 0.0105171 0.00874969 -0.00194538 -0.00842241 -0.000340892 0.00359757 0.0152738 0.00129647 -0.0048065 0.0142661 0.0182824 0.0132023 0.00246439 -0.00195489 0.0102258 0.0157726 -0.00852646 0.00799933 0.0180326
internal_weight=559.798 499.891 467.659 59.9068 32.2317 296.105 192.382 139.035 86.0988 171.555 80.1478 43.8504 57.1262 91.407 53.3473 36.2974 27.3326 46.3241 24.1665 52.9358 21.7492 15.7916 34.702 46.3071 25.395 9.44207 29.0338 103.723 20.9121 37.996
internal_count=31185 29362 28345 1823 1017 22721 12491 7886 3582 5624 2194 1224 2057 3430 4605 970 731 671 777 4304 558 437 1083 1530 889 321 954 10230 641 535
is_linear=0
shrinkage=0.05


Tree=39
num_leaves=31
num_cat=0
split_feature=19 26 9 39 41 41 41 41 38 9 36 15 38 14 17 39 25 40 25 40 37 11 38 12 25 41 15 27 39 39
split_gain=1.7943 1.46779 1.82202 1.35797 1.27651 3.22785 1.7266 1.58254 1.02419 1.17288 1.02055 0.997332 0.929502 2.62755 2.2885 1.46399 1.36527 0.91275 0.75316 0.725793 0.660742 0.636501 0.590861 0.58857 0.565971 0.541574 0.526594 0.51393 0.512636 0.578405
threshold=-0.45666666328907007 0.44333332777023321 0.1566666662693024 0.029510702937841419 0.036879267543554313 0.03232953883707524 0.041539816185832031 0.049283761531114585 -0.033781528472900384 -0.076666668057441698 0.043333351612091071 0.26999998092651373 -0.045151710510253899 -0.030000001192092892 -0.15000000596046445 0.021959352307021621 0.29666668176651007 0.51999998092651378 0.056666672229766853 0.25666666030883795 -0.079238414764404283 -0.31000000238418574 -0.10676574707031249 0.26999998092651373 -0.24333333969116208 0.062716234475374236 -0.31000000238418574 -0.36333334445953364 0.029931325465440754 0.014045588206499817
decision_type=2 2 2 2 2 2 2 2 2 2 2 2 2 2 2 2 2 2 2 2 2 2 2 2 2 2 2 2 2 2
left_child=4 2 3 12 5 19 -6 -8 11 21 -9 -5 13 -2 18 16 17 -15 -14 -1 -16 -10 23 -17 -4 28 -20 -22 29 -3
right_child=1 25 24 8 6 -7 7 10 9 -11 -12 -13 14 15 20 22 -18 -19 26 -21 27 -23 -24 -25 -26 -27 -28 -29 -30 -31
leaf_value=0 -0.0092358433227166577 -0.0013532366070414083 -0.0010709341147619375 -0.006873532523688785 0.023985055009134591 -0.016759970704775713 -0.008443469497284032 -0.0023350933174453767 0 -0.0010778856236368648 0.014849792866516061 0.0085489130942623462 -0.00086800081953567441 0.02074232554249849 0.0014029070702923237 -0.00057072491999318449 -0.0052797073046202585 0 0.014951475203573926 0.016038676766007873 0 0.022378379475925608 -0.006098466890080298 0.014156331591719588 -0.0098543041116364374 -0.0024535393276962003 0 -0.011541523679918978 -0.00098885388929585965 0.013413836120722375
leaf_weight=10.292942551430317 27.0195688160602 3.3172437965404233 34.347054283833131 16.857574216788638 12.512724029365925 13.04501966293901 11.36149034835398 7.3797945985570577 2.4638014757074425 6.3688307765405616 20.183582379482687 13.339605576591564 60.378699434688315 24.893291408661756 7.8866341533139339 9.68118570931256 3.1765603695530436 4.230645725503563 9.4617282180115598 11.658243481069801 6.4433434889651826 13.298221511766315 15.512146882712839 4.6955397326964876 77.005262891412713 6.4905864568427196 13.290144183440132 76.697430196683854 5.2565549220889798 28.796802159864455
leaf_count=157 2225 144 2320 1130 181 184 169 123 103 413 284 378 2826 691 339 347 208 164 267 153 381 670 585 146 6852 260 1134 7127 183 1011
internal_value=0 -0.00126123 -0.00222577 -0.000163807 0.00634997 -0.000440604 0.0109687 0.00358346 0.00666985 0.0135374 0.00990895 0 -0.00173271 0.00215015 -0.00386577 0.00784106 0.0143186 0.0177047 0.00185604 0.00987904 -0.00914049 0.0192607 0 0.00576442 -0.00755135 0.00676624 0.00862714 -0.0104482 0.00906188 0.0112596
internal_weight=557.342 470.908 427.047 315.695 86.4338 34.9962 51.4376 38.9249 52.328 22.1309 27.5634 30.1972 263.367 89.2089 174.158 62.1894 32.3005 29.1239 83.1306 21.9512 91.0274 15.762 29.8889 14.3767 111.352 43.8612 22.7519 83.1408 37.3706 32.114
internal_count=31155 29904 28306 19134 1251 494 757 576 2694 1186 407 1508 16440 4366 12074 2141 1063 855 4227 310 7847 773 1078 493 9172 1598 1401 7508 1338 1155
is_linear=0
shrinkage=0.05


Tree=40
num_leaves=31
num_cat=0
split_feature=14 31 27 37 26 33 5 40 24 35 18 25 40 11 17 40 11 25 29 39 31 23 3 37 37 37 11 25 27 31
split_gain=2.31177 1.2852 1.60129 1.45065 0.969862 0.871228 1.69555 0.772513 0.760355 0.760382 0.76024 0.736496 0.643967 0.689255 0.634996 0.563463 0.541861 0.929738 0.533552 0.491675 0.480265 0.420735 0.53606 0.376634 0.418679 0.4074 0.342233 0.328498 0.32282 0.310099
threshold=-0.46999999880790705 0.4499999880790711 -0.36333334445953364 0.0016446113586425783 0.19666665792465213 0.14999997615814212 0.31666666269302374 0.24333333224058154 -0.13666665554046628 -0.19666665792465207 -0.3899999856948852 -0.036666661500930779 0.096666667610406889 0.30333334207534796 0.19666665792465213 0.53666669130325328 0.18999999761581424 0.23000001907348636 0.16833335161209109 0.029931325465440754 -0.049999997019767754 -0.32999998331069941 0.26999998092651373 -0.067180633544921861 0.053565502166748054 0.081908226013183608 -0.21666666865348813 -0.14333333075046537 -1.0000000180025095e-35 -0.14333333075046537
decision_type=2 2 2 2 2 2 2 2 2 2 2 2 2 2 2 2 2 2 2 2 2 2 2 2 2 2 2 2 2 2
left_child=4 2 8 12 -1 -6 -7 16 9 -2 18 -10 13 -3 28 -14 27 21 -9 20 -13 -18 -23 -12 -25 29 -27 -4 -5 -26
right_child=1 3 7 14 5 6 -8 10 11 -11 23 19 15 -15 -16 -17 17 -19 -20 -21 -22 22 -24 24 25 26 -28 -29 -30 -31
leaf_value=0.014631099904952961 0.0051912093357867929 -0.0087216190756172797 -0.0058071201434593024 -0.0026525283529595053 0.009452795668756276 -0.014159325944206966 0.0081820522418212284 0.0058983604088519298 0 -0.0096442419377942221 0 0.016996357487285382 0.020750023639375493 0.0088588815649866381 -0.010753352754765615 0.0016633187202358722 -0.0014188678173146269 -0.0054581720243360218 -0.0044414777031668747 -0.00054402449467661396 0.0016560569266373547 0.013633216360301958 0 -0.0089038817197436681 -0.003071958208076828 0.0006538459775905632 -0.011301613200163013 0 0.0094827818492451092 0.0062456889871185181
leaf_weight=27.492458094842732 7.8367203485686359 4.9054745095781964 41.970174185466021 3.0452711689285934 14.95532391220331 12.092351863160731 9.2823474043980223 18.262467734050006 32.514782337704673 13.981798401800914 12.605459349462761 17.766861992888156 12.509582100901754 5.3862930624745786 9.9458092313725484 10.289066947298123 3.5160740034189102 11.58615727140568 18.894677779637277 4.0964656295254818 13.414950535632668 19.763954237103466 5.5161515336949369 132.47790993307717 7.4853082336485395 3.2110622231848529 8.2357500027865154 53.216000860324129 4.1481796430889544 13.551796524552628
leaf_count=366 262 114 2501 141 191 154 124 570 1093 642 969 557 277 103 556 326 236 1148 544 172 670 962 528 11180 609 203 744 3820 131 1228
internal_value=-0.000134724 -0.00137548 -0.00229896 0.00564993 0.00833519 0.00158166 -0.0038771 -0.00384941 0.00336153 -0.00344662 -0.00569298 0.00599353 0.0113052 0 -0.00428842 0.0151454 -0.000635298 0.00364239 0.000174702 0.0104319 0.0124013 0.00833226 0.0104997 -0.0070226 -0.00764596 -0.00127784 -0.00744344 -0.00280553 0.00358057 0.00205969
internal_weight=553.957 490.134 439.905 50.2297 63.8225 36.33 21.3747 350.293 89.6116 21.8185 214.724 67.7931 33.0904 10.2918 17.1393 22.7986 135.569 40.3823 37.1571 35.2783 31.1818 28.7962 25.2801 177.567 164.962 32.4839 11.4468 95.1862 7.19345 21.0371
internal_count=31121 30286 28638 1648 835 469 278 25242 3396 904 16047 2492 820 217 828 603 9195 2874 1114 1399 1227 1726 1490 14933 13964 2784 947 6321 272 1837
is_linear=0
shrinkage=0.05


Tree=41
num_leaves=31
num_cat=0
split_feature=16 2 4 5 25 35 40 23 20 39 25 11 40 23 39 37 33 3 14 41 22 41 1 4 14 1 35 40 14 25
split_gain=2.11634 1.46362 1.19963 1.89331 1.36855 1.26522 1.06895 1.04809 0.875011 0.822942 0.816918 1.06721 1.86748 1.1461 0.841117 0.709869 0.549862 0.526644 0.509091 0.488873 0.686027 0.575108 0.74913 0.695675 0.532915 0.5198 0.493602 0.475424 0.44554 0.498353
threshold=-0.40333333611488337 0.29666668176651007 -0.22999998927116391 0.17000001668930056 0.34333333373069769 -0.31666666269302363 0.043333332985639579 0.35666668415069586 -0.21000000834465024 0.017886037938296798 0.31000000238418585 0.21666666865348819 0.53666669130325328 -0.31000000238418574 0.013434986118227245 0.053565502166748054 -0.063333332538604722 0.25666666030883795 -0.036666661500930779 0.041539816185832031 -0.14333333075046537 0.033619904890656478 -0.049999997019767754 -1.0000000180025095e-35 0.11000001430511476 -0.069999992847442613 0.16333335638046267 0.41666665673255926 0.18333333730697635 -0.4433333277702331
decision_type=2 2 2 2 2 2 2 2 2 2 2 2 2 2 2 2 2 2 2 2 2 2 2 2 2 2 2 2 2 2
left_child=2 10 8 5 6 -4 -5 9 -1 27 11 19 13 -13 -15 18 -11 -3 -16 21 -21 22 -2 -23 25 26 -22 -7 -14 -30
right_child=1 17 3 4 -6 7 -8 -9 -10 16 -12 12 28 14 15 -17 -18 -19 -20 20 24 23 -24 -25 -26 -27 -28 -29 29 -31
leaf_value=0 0.0045935908671671331 -0.00012790050902637158 0.0087655423362973332 -0.0038971552512704153 -0.0082862979487878467 0.0060767976436932915 0.012963974050847675 0.0040733897719782437 0.01921777893343235 0 -0.0069184311210877883 -0.0018299446408137526 0.0014468289119188445 -0.0029329173191651276 0 0 -0.020613260677215719 -0.011062799476111815 0.020101472015974585 -0.0040599109820668713 0.014881748910274176 -0.010966312164648679 -0.0049736626981073525 0 -0.0025949249160835686 0.0015357028408743523 0 -0.0074059026423874408 0.0024335017200350145 -0.012999183433888659
leaf_weight=7.4020780213177231 34.083325972314924 19.987856584601104 8.036637463141231 5.9083935469388953 5.2823250538203856 6.5711773401126248 50.151635552756488 8.2350388644263131 16.088748221285641 6.1866291603073451 38.72944546258077 9.4271141451317799 8.6865196372382361 2.2271495237946501 3.4695347426459149 3.1758555446285746 15.047787318937484 47.858391635119915 29.07004023343325 36.480738384649158 15.256425465224313 33.060016576899216 35.5172096604947 21.070900690276176 17.230091670062393 42.311496187583543 3.2650085862260303 7.20641391701065 1.7066521428059775 11.559381399070842
leaf_count=144 2131 1474 136 128 211 152 1010 142 278 164 4023 495 712 188 266 232 352 4142 1134 2412 796 2050 2263 1296 1034 2471 226 168 99 791
internal_value=-0.000207816 -0.00203217 0.00501879 0.00226466 0.00798978 -0.00426654 0.0105791 -0.00796885 0.0142284 -0.0115924 -0.000581031 0.00025429 0.00551724 0.0108456 0.0143837 0.0163294 -0.0166706 -0.008452 0.018294 -0.00127244 0.000898388 -0.00342339 0 -0.00701395 0.00363731 0.00585106 0.0119019 0 -0.00494605 -0.00957662
internal_weight=550.29 414.173 136.117 112.626 61.3424 51.2837 56.06 43.247 23.4908 35.012 346.327 307.597 69.3222 47.3697 37.9426 35.7154 21.2344 67.8462 32.5396 238.275 114.544 123.731 69.6005 54.1309 78.063 60.8329 18.5214 13.7776 21.9526 13.266
internal_count=31120 28235 2885 2463 1349 1114 1138 978 422 836 22619 18596 3917 2315 1820 1632 516 5616 1400 14679 6939 7740 4394 3346 4527 3493 1022 320 1602 890
is_linear=0
shrinkage=0.05


Tree=42
num_leaves=31
num_cat=0
split_feature=19 31 12 26 24 18 25 1 2 24 30 3 1 17 17 40 9 33 23 19 36 40 27 26 20 16 23 35 24 25
split_gain=2.05679 1.50624 1.29662 1.07579 1.07204 1.50692 1.06414 1.00172 1.38173 1.16025 0.702395 0.698397 0.692119 0.609268 0.785571 0.591693 0.637782 0.553121 0.528926 0.464394 0.458674 0.455833 0.49841 0.454477 0.389126 0.370579 0.364425 0.352547 0.329017 0.475456
threshold=-0.45666666328907007 0.4499999880790711 0.37000000476837164 0.44333332777023321 -0.29000000655651087 0.37666666507720953 -0.25666666030883784 0.18999999761581424 0.38333332538604742 -0.13666665554046628 -0.29666668176650995 0.2833333313465119 -0.056666672229766839 0.26333332061767584 -0.29000000655651087 0.83666664361953746 -0.023333340883255001 -0.25666666030883784 -0.29666668176650995 0.1566666662693024 -0.22333332896232602 0.85333335399627697 -0.26333332061767573 -0.0099999904632568342 -0.04333332180976867 0.38999998569488531 0.030000001192092899 -0.12999999523162839 -0.13666665554046628 -0.10333332419395445
decision_type=2 2 2 2 2 2 2 2 2 2 2 2 2 2 2 2 2 2 2 2 2 2 2 2 2 2 2 2 2 2
left_child=6 2 3 12 -3 18 26 9 11 -8 23 -9 13 14 24 17 19 25 -6 -17 -19 22 -16 -7 -2 -14 -1 -15 -5 -30
right_child=1 4 -4 28 5 10 7 8 -10 -11 -12 -13 15 27 21 16 -18 20 -20 -21 -22 -23 -24 -25 -26 -27 -28 -29 29 -31
leaf_value=-0.0089729198057987986 -0.00047725388435956037 -0.0050840952535529159 -0.011020093033624513 -0.00042952308775854616 0 -0.0022008997752784778 0 0.00059003862944192337 0.011833827609230321 0.017781546570279232 -0.011041251307087403 -0.014767203514067595 -0.013194239377055364 0.010748705952700386 0.0050891822434220284 0.0087508155339669439 -0.0052321562370800006 0.0029435779258015415 0.019220048592014139 -0.0033516432153389169 -0.0048134660959218561 -0.01013864334794611 -0.0037367977977702479 0.011573559813810126 0.007695056789646164 0 0.0019024985755104352 0 0 0.01154227696867866
leaf_weight=7.2354415589943519 18.347566955490038 9.7252443870529515 35.216669991146773 8.1951798631343973 4.8830213909968725 4.8659774304833263 9.9898603246547264 9.8820595061406546 11.184562345035372 32.010201475117356 5.4935714390594503 6.8568231319077304 28.738313181791455 12.88484767614864 14.098577217897398 19.799121438874867 18.465409884694964 14.731460074661298 19.652643794892359 4.1463836163748047 100.93889570236206 18.226589813362807 56.530315094161779 4.9430540865287167 21.957654983969405 4.4056554536800823 8.2743514780886454 9.4721321540418995 8.9627232626080531 20.16050852346234
leaf_count=141 983 402 3416 355 140 136 142 141 152 407 331 113 1958 646 844 1337 1505 812 529 346 7032 1358 4490 109 1050 245 150 859 274 674
internal_value=-5.88938e-05 -0.00143483 -0.00248161 -0.0014667 0.00620679 0.00981319 0.00675699 0.00934385 0.00067419 0.0137822 -0.00113452 -0.00683799 -0.00242055 0 -0.00128356 -0.00437418 0.000284015 -0.00582277 0.0163411 0.00556866 -0.00352364 -0.00397449 -0.00138822 0.00491714 0.0038552 -0.0114379 -0.00309643 0.0067721 0.00583852 0.00808617
internal_weight=550.275 464.842 415.278 380.061 49.5635 39.8383 85.4333 69.9235 27.9234 42.0001 15.3026 16.7389 342.743 151.518 129.161 191.225 42.4109 148.814 24.5357 23.9455 115.67 88.8555 70.6289 9.80903 40.3052 33.144 15.5098 22.357 37.3184 29.1232
internal_count=31077 29831 28184 24768 1647 1245 1246 955 406 549 576 254 23465 10230 8725 13235 3188 10047 669 1683 7844 6692 5334 245 2033 2203 291 1505 1303 948
is_linear=0
shrinkage=0.05


Tree=43
num_leaves=31
num_cat=0
split_feature=30 9 4 8 31 25 19 32 26 38 38 31 11 5 29 29 33 38 12 18 25 31 30 10 24 38 25 37 20 25
split_gain=1.57843 1.57143 1.42777 1.58301 1.30065 1.44176 1.14206 0.829876 0.776455 1.16836 0.753011 1.80729 0.70931 0.705063 0.702296 1.02104 0.680458 0.638382 0.614751 0.540251 0.574691 0.500741 0.442068 0.433263 0.401067 0.392948 0.386546 0.383521 0.372469 0.367536
threshold=0.42833334207534796 0.23666667938232425 0.056666672229766853 0.35000002384185797 0.47666668891906744 -0.17000000178813932 -0.069999992847442613 0.20999997854232791 0.43666666746139532 0.22565650939941409 -0.032514572143554681 0.1566666662693024 -0.24333333969116208 -0.22999998927116391 0.37000000476837164 0.30333334207534796 0.22333335876464847 -0.099806308746337877 -0.10999999940395354 0.38333332538604742 -0.3899999856948852 -0.15666666626930234 -0.46999999880790705 0.29666668176651007 -0.17000000178813932 -0.042340755462646477 -0.055000007152557366 0.0086016654968261736 -0.10333332419395445 0.33666664361953741
decision_type=2 2 2 2 2 2 2 2 2 2 2 2 2 2 2 2 2 2 2 2 2 2 2 2 2 2 2 2 2 2
left_child=4 28 7 -4 6 -6 8 -3 9 13 11 -8 -11 -1 15 23 27 -7 -13 20 -20 25 -22 -15 26 -17 -24 -10 -2 -5
right_child=1 2 3 29 5 17 10 -9 16 12 -12 18 -14 14 -16 21 -18 -19 19 -21 22 -23 24 -25 -26 -27 -28 -29 -30 -31
leaf_value=0.002994734360838738 0.00065383685559313679 0.017349181301069695 -0.016166787634512594 0.0069143738260105548 0.017913404544272895 0.0071430328376233454 -0.010731023615063303 -0.00071008391190765553 0.0011547566972989873 -0.001035642864912786 -0.0079075824036001687 -0.007083380014856186 0.017423646533391606 -0.0047395681224969705 -0.011794751046417709 0 -0.0028347921293692146 -0.0092210912060608063 -0.0021390792291383952 -0.0033949861197062705 -0.0015921710886051027 -0.0021946652297739747 -0.0046798374214552787 0.0040542885156918214 0.013262335293841535 0.01367918336147547 0.0070839120710085085 0.014202924930844485 0.019617396404410889 -0.0032038775965169985
leaf_weight=45.612423098413274 6.6955065235961255 9.9069579448550922 11.684800248825921 14.657382644480096 12.279824851779269 3.3812492787837973 29.425124507397413 5.743731058202683 15.578498165821658 3.7002485948614776 91.025472808396444 6.3173060212284318 7.3247377530205977 115.00778187415563 17.75175868649967 2.9996833326295027 8.7435092157684249 8.120697428705169 8.6584909288212639 9.5775878578424436 3.5537962215021173 4.6968829057877874 6.4341044747270635 8.1510257704649103 28.929002976045027 12.275010214885697 8.1013811000157059 15.370759447105227 15.216247690608723 7.2169504405464968
leaf_count=2309 117 168 321 563 321 50 2962 198 413 107 10262 286 243 6681 654 188 227 413 241 394 80 290 188 398 1031 327 376 344 237 636
internal_value=-2.16166e-05 0.00657044 0.000583494 -0.00468714 -0.00113486 0.00887309 -0.00182954 0.0112067 0.000270773 -0.000851736 -0.00469211 -0.00127953 0.0115782 -0.00194122 -0.0035478 -0.00192394 0.00627343 -0.00218248 0.00281343 0.00463818 0.00662124 0.00690115 0.00876551 -0.0038027 0.0102082 0.0107033 0.00081339 0.00956569 0.0161046 0.00270813
internal_weight=544.138 71.1216 49.2098 33.5591 473.016 23.7818 449.235 15.6507 257.212 217.52 192.022 100.997 11.025 206.495 160.882 143.13 39.6928 11.5019 71.5717 65.2544 55.6768 19.9716 47.0183 123.159 43.4645 15.2747 14.5355 30.9493 21.9118 21.8743
internal_count=31025 2240 1886 1520 28785 784 28001 366 12181 11197 15820 5558 350 10847 8538 7884 984 463 2596 2310 1916 805 1675 7079 1595 515 564 757 354 1199
is_linear=0
shrinkage=0.05


Tree=44
num_leaves=31
num_cat=0
split_feature=30 3 31 28 38 40 40 25 19 38 29 5 26 41 38 32 10 10 19 41 40 8 25 38 24 40 23 40 41 10
split_gain=2.15465 1.29375 1.43636 0.992326 0.957698 0.925549 1.2684 0.744438 0.6827 0.91531 0.736862 0.853186 0.845426 0.966791 0.884491 0.692379 0.649318 0.648604 0.518602 0.705536 0.766137 0.597953 0.481829 0.453219 0.433913 0.427787 0.411262 0.398171 0.385728 0.461525
threshold=0.45666664838790899 0.33666664361953741 0.47666668891906744 0.40333333611488348 -0.042340755462646477 0.87666666507720958 0.056666666641831405 0.32999998331069952 0.18333333730697635 -0.10676574707031249 0.37000000476837164 0.20333331823349002 0.36333334445953375 0.10085978358983995 0.22565650939941409 -0.049999997019767754 0.32999998331069952 0.043333351612091071 -0.46999999880790705 0.04900972172617913 0.69666665792465221 1.0000000180025095e-35 -0.36333334445953364 0.0096426010131835955 0.1566666662693024 0.82333332300186168 0.30333334207534796 0.45000000298023229 0.040138021111488349 0.1566666662693024
decision_type=2 2 2 2 2 2 2 2 2 2 2 2 2 2 2 2 2 2 2 2 2 2 2 2 2 2 2 2 2 2
left_child=1 2 3 8 -4 6 -2 24 10 -10 12 26 13 14 18 -16 -7 -3 -1 28 21 -21 -11 -19 -8 -22 -12 -5 29 -20
right_child=5 17 4 27 -6 16 7 -9 9 22 11 -13 -14 -15 15 -17 -18 23 19 20 25 -23 -24 -25 -26 -27 -28 -29 -30 -31
leaf_value=0.0071551603995753527 -0.0036500207079565162 -0.00015921525195161852 0.016214377913382819 0 -0.0018694301096741474 0.0064290368059443971 0.024490887707747804 0 0.0038083142986619113 0.00033208991784371096 -0.01803308872631515 0.0012344008891430746 0.0054274009166121531 0.011132426858792394 -0.0029230327405955821 0.014712328844810177 -0.010492577419221378 -0.016006101823746434 -0.0041846893239010762 -0.014742784523962766 0.0077872809760191333 -0.00022163757254647123 -0.0094075066526393674 -0.0017454362578964797 0.0049929070867686795 -0.0039355746616487461 0 0.013622126495636414 0.0031970976787676813 0.0028475897535856711
leaf_weight=5.4778326060622922 5.7658938276581457 24.052250382490456 15.212670383043589 10.151150491554292 6.0387418302707365 4.1500102612189931 14.70102155650966 7.2140738570597014 14.475238932995124 9.2482804052997363 9.3991699886973965 9.546650206204502 58.11550381872803 8.8974449620582146 3.2676209532655776 7.7880474561825377 5.4560319483280182 19.971435193670914 90.748084985883906 28.074121796526015 5.7218962556216892 13.748393667628987 60.366830415790901 14.766433965880422 12.230858577182515 17.154325708979741 3.6881560299079856 9.2742296995129418 30.317674388410524 21.692910892190412
leaf_count=80 155 1739 202 342 406 74 256 437 744 589 296 400 2050 419 232 216 178 1454 6034 1808 420 859 5310 1130 311 1107 81 307 2124 1430
internal_value=-0.000141461 -0.00121529 -0.00017955 -0.000948208 0.0108781 0.0091563 0.0122689 0.0157234 -0.00159133 -0.00545349 -0.000394695 -0.00808184 0.000270219 -0.00101606 -0.00188516 0.00883957 -0.00191903 -0.00782114 -0.00278317 -0.00335645 -0.00751878 -0.0111187 -0.00785931 -0.0117077 0.0189182 0 -0.0144392 0.00850442 -0.00107484 -0.00254137
internal_weight=546.713 497.195 438.405 417.154 21.2514 49.5179 39.9118 34.146 397.728 84.0903 313.638 22.634 291.004 232.888 223.991 11.0557 9.60604 58.7901 212.935 207.457 64.6987 41.8225 69.6151 34.7379 26.9319 22.8762 13.0873 19.4254 142.759 112.441
internal_count=31190 29779 25456 24848 608 1411 1159 1004 24199 6643 17556 777 16779 14729 14310 448 252 4323 13862 13782 4194 2667 5899 2584 567 1527 377 649 9588 7464
is_linear=0
shrinkage=0.05


Tree=45
num_leaves=31
num_cat=0
split_feature=30 3 32 31 26 39 38 9 12 11 5 29 18 24 6 37 16 5 41 36 37 41 39 26 40 37 41 5 23 41
split_gain=2.85666 1.41043 1.17942 1.06066 1.06785 1.01726 0.942357 0.965805 0.927296 0.878496 1.05837 0.96597 0.880698 0.791185 1.40939 0.779047 0.756804 0.627242 0.623705 0.599338 0.551237 0.533481 0.541827 0.525519 0.506851 0.563875 0.502957 0.475304 0.464514 0.445119
threshold=0.46333330869674688 0.34333333373069769 0.40333333611488348 0.46999999880790716 0.44333332777023321 0.029095132835209373 -0.042340755462646477 -0.18333333730697629 0.40333333611488348 0.13666665554046634 0.19666665792465213 0.20333331823349002 -0.36333334445953364 -0.11666667461395262 -0.2766666561365127 0.082337856292724623 0.12333333492279054 -0.26999998092651362 0.03232953883707524 -0.10999999940395354 -0.017433166503906247 0.036879267543554313 0.039853556081652648 -0.19666665792465207 0.93999999761581432 0.030964851379394535 0.039359271526336677 -0.069999992847442613 0.33666664361953741 0.055297430604696281
decision_type=2 2 2 2 2 2 2 2 2 2 2 2 2 2 2 2 2 2 2 2 2 2 2 2 2 2 2 2 2 2
left_child=1 3 5 4 8 -2 7 -5 9 10 11 16 23 14 -6 17 19 -13 -19 20 -1 -18 -23 -12 25 -3 -21 -15 -27 -29
right_child=2 24 -4 6 13 -7 -8 -9 -10 -11 12 15 -14 27 -16 -17 21 18 -20 26 -22 22 -24 -25 -26 28 -28 29 -30 -31
leaf_value=-0.008634961472313055 0.019092016776917319 -0.011919343166909215 -0.0011541780968410667 0.019877602157543188 0.012383819415891664 0 -0.0027531304359015591 0 -0.011213749618054861 0.0035276444770466833 -0.00026516201290165603 0 -0.0014696991871506631 0 -0.011953763978493175 0.0040674119397764762 0 0 -0.01607676850335955 -0.00031915699091768701 0.0001206531583034133 -0.012636661137759551 0.0019703703075986188 0.014009641306716107 0.0027538533316740351 -0.0075606810540247557 0.007468707817125577 0.015568705168703576 0.0058740225240399048 0
leaf_weight=19.328357587801293 27.963397294981405 39.057497183559462 9.4962545088492316 12.355785729363562 3.2973386079538605 6.2378194280900052 7.2971871877089134 7.7312412406317916 17.088673418853432 83.150327789597213 4.15820344234817 7.1782541198190293 23.785655688028783 8.5330891907215101 9.4046347923576814 4.0915269157849243 20.096868110820651 8.3032763963565213 32.294702598359436 29.83969166316092 43.610986288869753 24.869145180564377 2.6856365478597573 16.318997400812805 4.1169702319893977 5.7564747093711039 34.561797896167263 19.440897917607803 8.1791091319173557 5.8756201921496531
leaf_count=1298 502 2794 608 118 78 102 509 147 1531 6028 146 298 2091 256 361 115 1306 435 1402 2011 2422 1889 107 377 309 470 2026 493 648 163
internal_value=0.000320889 -0.000754896 0.0117905 0.000179479 -0.000442683 0.0156424 0.00879631 0.0136185 -0.00142072 -0.000700068 -0.00213518 -0.0035769 0.00430162 0.00615523 -0.00235306 -0.0092858 -0.00149492 -0.0112205 -0.013377 0.000403343 -0.00272303 -0.00651148 -0.0103702 0.0107635 -0.00776095 -0.00919861 0.00378551 0.00984887 0 0.0127033
internal_weight=546.105 502.408 43.6975 445.298 417.914 34.2012 27.3842 20.087 371.362 354.273 271.123 226.86 44.2629 46.5516 12.702 51.8678 174.992 47.7762 40.598 127.341 62.9393 47.6516 27.5548 20.4772 57.1101 52.9931 64.4015 33.8496 13.9356 25.3165
internal_count=31040 29828 1212 25607 24833 604 774 265 23482 21951 15923 13309 2614 1351 439 2250 11059 2135 1837 7757 3720 3302 1996 523 4221 3912 4037 912 1118 656
is_linear=0
shrinkage=0.05


Tree=46
num_leaves=31
num_cat=0
split_feature=30 4 31 1 5 39 5 24 14 37 29 23 14 27 10 11 39 9 41 31 39 32 23 11 30 15 15 6 31 31
split_gain=2.22146 1.22392 1.06511 0.982352 0.927302 0.866744 0.850405 1.42795 0.830897 0.642657 0.602558 1.09783 0.691239 0.994325 0.680905 0.545039 0.662913 0.499674 0.488204 0.487494 0.423765 0.573416 0.58073 0.414869 0.643948 0.413617 0.411028 0.360142 0.3552 0.353817
threshold=0.46333330869674688 0.33666664361953741 0.47666668891906744 0.31666666269302374 0.42333334684371954 0.029095132835209373 0.16333335638046267 0.043333351612091071 -0.36333334445953364 0.0016446113586425783 0.18333333730697635 0.36333334445953375 0.25666666030883795 0.13666665554046634 -0.096666663885116563 -0.049999997019767754 0.012703213375061752 0.40333333611488348 0.040138021111488349 0.38333332538604742 0.027195124886929992 -0.28333333134651179 0.030000001192092899 -0.12333333492279051 0.13666665554046634 -0.45666666328907007 -0.24333333969116208 0.13666665554046634 -0.10333332419395445 -0.19666665792465207
decision_type=2 2 2 2 2 2 2 2 2 2 2 2 2 2 2 2 2 2 2 2 2 2 2 2 2 2 2 2 2 2
left_child=1 2 3 6 5 -2 10 25 -9 -4 12 14 18 -14 29 16 -5 -16 20 -10 26 -22 -23 24 28 -8 -1 -25 -20 -12
right_child=4 -3 9 15 -6 -7 7 8 19 -11 11 -13 13 -15 17 -17 -18 -19 23 -21 21 22 -24 27 -26 -27 -28 -29 -30 -31
leaf_value=0.0019085517202957073 0.016390401860785955 -0.0074739975938318028 0.013825365589311725 0.0022193871861260839 -0.001583231964091293 -9.9151714804609613e-05 0.0052061072822276663 0.016850028879450082 -0.0014842119345887968 -0.00071639851848993613 0.0073836507875346472 0.0076491845283048676 -0.010512730630620311 0.0021813940480650742 -0.011618793799794641 -0.00032181733439801846 -0.015220940765802131 0.0013646910789998829 0.001667602468804301 0.010888490798950365 0.01244013705808652 -0.0091334195093786593 0.0061501926494169183 0.0084783066019165128 0.0082953094446396574 -0.0056432084181268589 -0.0050071251440747342 -0.0020053999189021689 -0.0065484619579529238 -0.0044158986642241762
leaf_weight=23.538474307861179 29.6922753888648 56.20183696039021 15.500325511209669 2.277169747278097 8.6476273552980256 6.3780996818095437 4.7714170245453742 19.296062613837421 19.060588025255132 6.1764073241502038 6.6152679489459842 7.8466972261667243 26.160839251009747 21.384627425577492 42.933110135374591 22.766401445260271 18.044072634074837 3.4599595754407337 14.658474833704529 4.6278997573535881 6.8066086014732745 6.3271367973647994 5.5891423092689365 44.259171138750389 12.513351137517018 25.128700754139572 52.292556439526379 3.0783406135160467 21.241611832287163 5.1327373273670656
leaf_count=851 577 4344 349 70 539 106 89 422 1852 266 210 247 1805 1372 1922 1869 893 166 691 223 308 359 270 2750 465 2002 4037 285 1344 337
internal_value=5.19442e-05 -0.000907517 0 -0.000600588 0.0100673 0.0132821 0.000198901 0.00488279 0.0103046 0.0095216 -0.00091678 -0.00494156 0.000191424 -0.00473171 -0.00758715 -0.00726987 -0.0122564 -0.0101279 0.00165579 0.00180294 -0.000671281 0.00477301 -0.000910538 0.00410355 0.000177042 -0.00263477 -0.0025724 0.00717894 -0.00283867 0.00106974
internal_weight=542.407 497.689 441.487 419.81 44.718 36.0704 376.723 72.8847 42.9846 21.6767 303.838 65.9878 237.85 47.5455 58.1411 43.0876 20.3212 46.3931 190.305 23.6885 94.5539 18.7229 11.9163 95.7509 48.4134 29.9001 75.831 47.3375 35.9001 11.748
internal_count=31020 29798 25454 24839 1222 683 22007 4588 2497 615 17419 2882 14537 3177 2635 2832 963 2088 11360 2075 5825 937 629 5535 2500 2091 4888 3035 2035 547
is_linear=0
shrinkage=0.05


Tree=47
num_leaves=31
num_cat=0
split_feature=25 7 4 19 23 0 6 9 33 16 12 38 39 41 7 27 16 10 37 31 4 6 12 25 10 27 39 38 38 32
split_gain=1.50935 1.28714 1.46876 1.27885 1.21084 0.746346 0.741405 0.683507 1.44068 0.88822 0.834335 0.667649 0.631302 0.666529 0.601258 0.654557 0.60077 0.592315 0.632086 0.55936 0.554312 0.550956 0.517995 0.495314 0.650916 0.530506 0.489056 0.562909 0.555698 0.473227
threshold=0.31000000238418585 0.32333332300186163 -0.32999998331069941 -0.18333333730697629 -0.18999999761581418 0.3966666460037232 0.38999998569488531 -1.0000000180025095e-35 -0.25666666030883784 -0.46999999880790705 -0.29666668176650995 -0.056524276733398431 0.029510702937841419 0.040138021111488349 -0.26333332061767573 -0.26333332061767573 0.41000002622604376 0.14999997615814212 -0.032941818237304681 -0.12999999523162839 -0.41666667163372034 -0.15666666626930234 0.18333333730697635 0.069999992847442641 0.35000002384185797 0.24333333969116214 0.013434986118227245 -0.14892625808715818 0.044054031372070319 -0.023333340883255001
decision_type=2 2 2 2 2 2 2 2 2 2 2 2 2 2 2 2 2 2 2 2 2 2 2 2 2 2 2 2 2 2
left_child=1 2 14 6 23 7 -3 8 11 -9 19 22 13 -13 15 -1 -12 18 -7 29 -17 -11 -6 24 25 -4 -2 -28 -29 -10
right_child=26 3 4 -5 5 17 -8 9 10 21 16 12 -14 -15 -16 20 -18 -19 -20 -21 -22 -23 -24 -25 -26 -27 27 28 -30 -31
leaf_value=0.019059078011696689 0.0028945806729551247 0.018869391656559324 -0.012655106287466331 -0.00023118173373661255 -0.0022030677081754254 0.00038606414305115603 0 0.0070545253978600555 -0.001637528082954638 0.001634809625431355 0.011436677593794367 -0.014637987667734801 0.0043504609665141096 0 0 -0.0017637978864281018 -0.0038332067861286778 0.00048221180789515135 -0.016346387392953073 -0.0064316318823642435 0.0088882624050094904 -0.0057268952991453223 0.0099778556551632924 0 0.0022415043109307517 0 0.0027006863016598107 -0.012602162930291205 -0.00035273701428539285 0.0091180049804429168
leaf_weight=9.9374103450681996 5.2560239161830387 18.802953251637522 41.017585753463209 18.282091310014948 11.902664523571731 3.936780681833624 5.3222328992560497 17.834235304035246 10.275824831565842 27.645065190037712 59.281197399599478 16.862719842931259 3.8550391362514338 11.3744516284205 24.26259263092652 14.848456045612688 1.7056549782864738 10.571888996288179 10.941997780231761 11.424811442149801 18.656777745345611 72.409634411334991 8.674731719074769 17.573036841582507 6.1636954732239237 8.7439702574629319 4.8500042604282489 38.329478318919428 17.655373932328075 15.888102651340887
leaf_count=296 452 361 2190 1708 598 211 142 224 307 1407 3754 1090 217 880 1410 789 65 533 684 494 920 4023 218 1184 301 644 403 3451 1738 407
internal_value=4.25983e-05 0.0010916 0.000171309 0.00883888 -0.00104456 0.000346274 0.0152192 0.00125102 0.00346655 -0.00141983 0.00696067 -0.00268993 -0.00695153 -0.00971672 0.00666759 0.00983232 0.0103313 -0.0068397 -0.0118831 0.000249003 0.00398386 -0.00347972 0.00308464 -0.00653899 -0.00865383 -0.0105477 -0.00665975 -0.00804504 -0.00955058 0.00459906
internal_weight=544.286 478.196 435.788 42.4073 368.083 294.585 24.1252 269.134 151.245 117.889 98.5756 52.6696 32.0922 28.2372 67.7052 43.4426 60.9869 25.4507 14.8788 37.5887 33.5052 100.055 20.5774 73.4983 55.9253 49.7616 66.0909 60.8349 55.9849 26.1639
internal_count=31101 25057 22846 2211 19431 15112 503 13684 8030 5654 5027 3003 2187 1970 3415 2005 3819 1428 895 1208 1709 5430 816 4319 3135 2834 6044 5592 5189 714
is_linear=0
shrinkage=0.05


Tree=48
num_leaves=31
num_cat=0
split_feature=27 39 4 18 31 38 38 1 18 35 35 24 0 18 33 14 11 28 18 38 39 13 40 22 40 33 32 20 40 17
split_gain=1.76368 1.44634 1.34198 1.02513 1.39471 2.20512 0.879544 0.629417 0.62553 0.61918 0.820207 0.803444 0.746766 0.701789 0.493986 0.490559 0.768178 0.557054 0.639514 0.485675 0.542748 0.404007 0.39814 0.525371 0.391982 0.371128 0.368536 0.360837 0.433031 0.455016
threshold=-0.36333334445953364 0.029095132835209373 0.23666667938232425 -0.4433333277702331 0.38333332538604742 -0.045151710510253899 -0.033781528472900384 0.12333333492279054 -0.076666668057441698 -0.236666664481163 0.17000001668930056 0.40333333611488348 0.18999999761581424 0.13666665554046634 0.24333333969116214 0.21666666865348819 -0.090000003576278673 0.19499999284744265 -0.37666666507720942 0.25636243820190435 0.024719144217669967 0.42333334684371954 0.096666667610406889 -0.20500001311302182 0.94999998807907116 -0.10333332419395445 0.01666665077209473 -0.030000001192092892 0.85333335399627697 -0.37666666507720942
decision_type=2 2 2 2 2 2 2 2 2 2 2 2 2 2 2 2 2 2 2 2 2 2 2 2 2 2 2 2 2 2
left_child=1 9 3 7 15 14 8 25 -3 13 27 12 -12 -1 22 16 17 18 -5 20 -18 -7 -6 -24 -4 -2 -8 28 29 -11
right_child=2 6 24 4 5 21 26 -9 -10 10 11 -13 -14 -15 -16 -17 19 -19 -20 -21 -22 -23 23 -25 -26 -27 -28 -29 -30 -31
leaf_value=0.016793316937098474 0 0.0092872176591521482 -0.0080202200371831418 0.0047400727250506806 0.00016295073932128687 -0.010086358916732617 0 -0.0011765659432825485 -0.0073862938926266501 -0.014889648672038555 0.014971737904324336 -0.0054129759606011468 0 -0.0004213665250208978 0 -0.0079027050652040708 0.0028409481745997728 -0.010142983140855563 -0.0045365375552533045 0.012479694389834947 -0.0055743914812502208 0.0020041464044014356 0.00071397769042145826 0.020269723271200097 0.0011572228144257858 0.014678016240270148 -0.019905753804779297 0.0025628232374371664 0.0035016172977909207 0
leaf_weight=18.923602334922183 5.2032536170445427 6.7669510697014639 88.079211870091967 19.205438369652256 8.2251670220866782 15.43080565496348 3.2108540928456923 8.2504862486384791 3.2224573930725464 6.4049747963435957 25.983829216333106 3.2355137944687149 14.051322347950189 3.817732651019468 6.5093731244560322 42.963190318085253 55.660160891828127 28.059248273028061 54.422192341648042 3.1553668633569023 21.650623928988352 3.2492200273554763 7.8321049665100864 17.002373014111075 6.4339698797557494 14.974827635101974 4.5200485731475055 32.757024956867099 3.5909595168195656 9.0160483368672431
leaf_count=457 115 187 6600 748 137 1241 114 184 140 137 772 136 427 169 184 3984 4937 1524 4228 148 1590 249 128 270 455 276 172 975 109 345
internal_value=-0.000384614 0.00438035 -0.00207496 -0.000363045 -0.00140035 0.0050044 -0.00677494 0.00769245 0.00159166 0.0065077 0.00387092 0.00850542 0.0107322 0.0135489 0.0113926 -0.00325266 -0.00180598 -0.00464397 -0.00162798 0.00156471 0 -0.0069944 0.0135292 0.0162522 -0.00711496 0.0117123 -0.015378 -5.10874e-05 -0.00508871 -0.00867664
internal_weight=541.808 135.501 406.307 311.794 283.365 58.249 17.7203 28.4286 9.98941 117.781 95.0397 43.2707 40.0352 22.7413 39.569 225.116 182.153 101.687 73.6276 80.4662 77.3108 18.68 33.0596 24.8345 94.5132 20.1781 7.7309 51.769 19.012 15.421
internal_count=31138 4140 26998 19943 19368 2209 613 575 327 3527 2901 1335 1199 626 719 17159 13175 6500 4976 6675 6527 1490 535 398 7055 391 286 1566 591 482
is_linear=0
shrinkage=0.05


Tree=49
num_leaves=31
num_cat=0
split_feature=25 32 31 16 6 14 16 38 10 32 24 4 23 24 35 24 31 33 20 6 21 24 33 8 25 33 26 38 13 25
split_gain=1.23475 1.28476 1.36726 1.00106 0.975187 1.21364 1.81083 0.955875 0.893474 0.835142 0.808518 0.808252 0.78812 0.689609 0.658487 0.655944 0.613242 0.778974 0.548409 0.592388 0.535286 0.525048 0.524732 0.58468 0.507191 0.495005 0.633529 0.4792 0.460656 0.623896
threshold=0.32999998331069952 0.23000001907348636 0.49000000953674322 -0.2766666561365127 0.043333351612091071 0.26333332061767584 0.42333334684371954 -0.071657657623291002 0.20333331823349002 -0.030000001192092892 -0.15666666626930234 -0.04333332180976867 0.32333332300186163 -0.36333334445953364 0.01666665077209473 -0.3899999856948852 0.41666668653488165 0.18333333730697635 -0.30333334207534784 -1.0000000180025095e-35 0.47666668891906744 -0.063333332538604722 0.2833333313465119 0.46333330869674688 -0.24999999999999997 -0.10999999940395354 0.17666667699813846 0.026465415954589847 0.13666665554046634 0.20333331823349002
decision_type=2 2 2 2 2 2 2 2 2 2 2 2 2 2 2 2 2 2 2 2 2 2 2 2 2 2 2 2 2 2
left_child=1 2 4 7 5 8 14 -3 9 10 -1 -9 15 -8 28 -10 -5 -18 -17 -20 21 -13 -2 -24 -11 26 -12 -15 -7 -30
right_child=22 3 -4 16 -6 6 13 11 12 24 25 20 -14 27 -16 18 17 -19 19 -21 -22 -23 23 -25 -26 -27 -28 -29 29 -31
leaf_value=0.0038844714943956056 0 -0.003761366964231377 0.015333514169472658 -0.0042761454285094513 -0.0053238191878742071 -0.0017670147956683072 -0.0061483977723492079 0 -0.0026115023690139426 -0.0014564518211991227 -0.0042045222246038655 0.0001344854162751097 -0.0031989674734240435 0.012422566727043777 0.0015726343159396851 0 0.01433061967961499 -0.0023804098445300331 0.01669619546582506 0 0 0.019304847281525917 -0.01356967785483934 0 0.0091177320925977627 -0.0082681162223810136 0.0047312644452929377 -0.0017286963804216103 -0.02164050220086533 0
leaf_weight=42.169737647869624 25.552943484159186 5.6097239986993364 7.3667706539854398 26.831927279010415 88.789272140711546 10.3895956913475 4.3040644184220609 7.6669770551379761 3.5844071172177783 8.9509414194617403 48.532478298991919 7.0596239462029144 7.6572492842096826 13.261954487767072 2.9107599798589936 7.6607656138949087 7.6611236452590656 7.1751290499232709 28.145877006696537 2.883877141634005 5.5946188364177933 28.956527230096984 23.396249031997289 7.5680169607512644 30.731357978889719 34.472612981451675 23.926233853911981 2.7607496224809429 16.202632389497015 2.437574418494477
leaf_count=2608 2456 241 208 2961 5251 690 289 184 160 442 3103 195 259 419 195 308 242 340 1067 124 135 760 2116 782 1336 1764 1173 254 794 164
internal_value=7.01421e-05 0.000958807 -0.00029371 0.00594791 -0.000895421 0.000451921 -0.00593508 0.0100345 0.00206376 0.000271681 -0.00135533 0.0122951 0.0076363 0.00420806 -0.0126937 0.0102704 0 0.00669075 0.0122136 0.0147329 0.0147632 0.016698 -0.00649757 -0.0103389 0.00630729 -0.00373967 -0.000799071 0.00904241 -0.0148622 -0.0189389
internal_weight=540.212 483.695 387.139 96.5557 379.772 290.983 52.2673 54.8875 238.716 188.783 149.101 49.2777 49.9322 20.3268 31.9406 42.2749 41.6682 14.8363 38.6905 31.0298 41.6108 36.0162 56.5172 30.9643 39.6823 106.931 72.4587 16.0227 29.0298 18.6402
internal_count=31020 25666 20608 5058 20400 15149 2805 1515 12344 10426 8648 1274 1918 962 1843 1659 3543 582 1499 1191 1090 955 5354 2898 1778 6040 4276 673 1648 958
is_linear=0
shrinkage=0.05


Tree=50
num_leaves=31
num_cat=0
split_feature=12 4 8 15 12 25 19 5 1 20 38 4 37 34 16 37 39 41 26 5 4 35 30 10 9 21 6 33 10 39
split_gain=1.25652 1.39886 1.47322 0.943273 1.14651 0.830177 1.05692 1.06343 1.06977 0.934596 0.789423 0.760321 0.854981 0.731288 0.709686 0.684999 0.672537 0.62776 0.581154 0.611714 0.57602 0.541963 0.488083 0.478856 0.471391 0.451091 0.446036 0.592458 0.604735 0.51549
threshold=0.42333334684371954 -0.33666665852069849 0.27666664123535162 -0.24999999999999997 0.21666666865348819 -0.12333333492279051 -0.35000000894069666 0.056666672229766853 0.20333331823349002 -0.25666666030883784 -0.0091152191162109358 -0.076666668057441698 0.0065102577209472665 -0.37666666507720942 0.26999998092651373 -0.035564422607421868 0.017052403651177887 0.046513013541698463 -0.40333333611488337 0.17666667699813846 -0.069999992847442613 -0.18999999761581418 0.42333334684371954 -0.083333343267440782 0.38999998569488531 -0.35000000894069666 -0.20333333313465116 -0.036666661500930779 0.34333333373069769 0.029510702937841419
decision_type=2 2 2 2 2 2 2 2 2 2 2 2 2 2 2 2 2 2 2 2 2 2 2 2 2 2 2 2 2 2
left_child=1 2 3 -1 14 9 7 11 20 18 -6 21 -13 -10 -5 23 -15 -18 -3 -20 -9 -7 -17 -2 -4 -8 -11 29 -29 -28
right_child=15 5 24 4 10 6 25 8 13 26 -12 12 -14 16 -16 22 17 -19 19 -21 -22 -23 -24 -25 -26 -27 27 28 -30 -31
leaf_value=0.020177226456294373 0.0084388084845348071 0.0016576553335932575 -0.011835971812406145 0.003205612427646633 0.016222202849499014 -0.0031051775000299031 0.0051130416950477386 0 0.0084299909659621784 0.0018991792857465722 -0.0011866497444071337 -0.014369469611529849 0.0010742008385924056 0.0042633758353540722 -0.010445612797422205 -0.015889214219322163 -0.016215883495057169 0.00071200831719149852 -0.015887173599476546 0 0.015766348117423626 0.010286083241748543 0 -0.0063979605556932911 0.0014538431809879679 -0.0025076174780656237 -0.001730173817388472 -0.0097016412087873038 0.00097039971518252913 0.0096699832803094025
leaf_weight=12.617770330980418 4.802781316684559 3.6310609639622298 6.9178685555234534 18.379892680794004 16.554264109814543 5.536722292192283 15.047462276648728 4.9953064136207095 11.550169399008157 56.552121926564723 4.5574845210649064 10.558589236810805 12.164625836070625 5.5817335415631559 8.6566160994116199 17.838366525014866 7.7565165748819691 4.0038811080157757 21.801343841943893 6.1556415234226725 31.619027635082603 11.838272822089491 2.5966680825222275 4.4518975929822791 5.7823366387747228 138.1834225631319 37.688685515429825 37.451338842045516 11.94569819443859 6.4683864731341592
leaf_count=287 157 214 536 1367 591 140 1401 117 216 2776 517 267 267 105 585 1653 185 112 1161 379 618 267 273 412 373 10972 2341 2082 467 346
internal_value=-0.000195265 0.000383696 0.00652222 0.00979633 0.00467987 -0.000657908 0.00108482 0.00484961 0.00855869 -0.00322906 0.0121111 -0.000992735 -0.00673412 0.000182671 -0.00151181 -0.00929834 -0.00499414 -0.0107515 -0.0103947 -0.0127126 0.0136252 0.00524759 -0.0134725 0 -0.00592324 -0.00143779 -0.00121941 -0.00335651 -0.00684395 0.00039835
internal_weight=543.686 513.996 73.4662 60.766 48.1483 440.53 258.836 105.605 65.5066 181.694 21.1117 40.0982 22.7232 28.8923 27.0365 29.6897 17.3421 11.7604 31.588 27.957 36.6143 17.375 20.435 9.25468 12.7002 153.231 150.106 93.5541 49.397 44.1571
internal_count=31184 28689 4256 3347 3060 24433 14667 2294 1353 9766 1108 941 534 618 1952 2495 402 297 1754 1540 735 407 1926 569 909 12373 8012 5236 2549 2687
is_linear=0
shrinkage=0.05


Tree=51
num_leaves=31
num_cat=0
split_feature=14 26 27 29 17 33 24 31 37 41 41 41 19 40 17 5 34 5 32 37 13 39 41 19 41 5 10 39 33 27
split_gain=1.48052 1.38572 0.954969 0.906518 0.837799 0.783039 0.691198 0.68306 1.01595 0.709804 0.792065 1.306 0.833844 0.762987 0.714158 0.695943 0.671246 0.644836 0.858972 0.567315 0.564595 0.552187 0.513075 0.480857 0.478915 0.476343 0.466211 0.449282 0.482794 0.430746
threshold=-0.46999999880790705 0.41666668653488165 -0.26999998092651362 0.01666665077209473 -0.16333332657814023 0.18999999761581424 0.20999997854232791 0.46333330869674688 0.0016446113586425783 0.062716234475374236 0.036879267543554313 0.031524809077382095 -0.25666666030883784 0.063333334401249899 -0.31666666269302363 -0.16333332657814023 -0.2766666561365127 0.30333334207534796 0.1566666662693024 -0.032941818237304681 -0.41666667163372034 0.020844893530011181 0.062716234475374236 -0.1766666769981384 0.041826598346233375 0.32999998331069952 0.29000002145767217 0.037402002140879638 -0.076666668057441698 -0.31666666269302363
decision_type=2 2 2 2 2 2 2 2 2 2 2 2 2 2 2 2 2 2 2 2 2 2 2 2 2 2 2 2 2 2
left_child=2 3 5 7 6 24 20 9 21 10 11 13 -12 -2 -15 -11 25 18 -7 -13 -5 -9 -18 -21 -1 -3 27 28 29 -14
right_child=1 16 -4 4 -6 17 -8 8 -10 15 12 19 26 14 -16 -17 22 -19 -20 23 -22 -23 -24 -25 -26 -27 -28 -29 -30 -31
leaf_value=0.014196541471663824 0.0043327696727279699 -0.0092012261414113807 0.017010281119453272 -0.0090607233419881025 -0.0083568877165827241 0.0014128234282742187 0.0053091930714653643 0 -0.0043944582700599418 0.010122821684403094 0.0021281816996585354 -0.00057491936211812836 0 0.0029211947295788867 -0.011217152172679776 -0.0017935723181012539 0.0094813223028773833 0.0040764202740581337 -0.015910252098759538 0 0 0.017092342406393454 -0.00088967639783855154 0.014379840511750465 0 0.0041725117153989643 0 0 -0.00058140514339906509 -0.01544128983963595
leaf_weight=10.026448412798347 10.50200359104201 7.8401541265193355 11.719177647493778 24.512502460740507 86.921946703223512 7.9046978084370556 21.72934794309549 6.4386985371820691 7.7790912741329512 18.499274616362527 18.449066794244573 10.002604015637187 2.1564384414814333 5.8663643235340706 28.239295152947307 15.762149688787757 45.771126339444891 12.078271687496452 8.400786920450626 8.221432846272366 48.518045934848487 11.259864594321696 8.8038769559934718 17.646811172831804 11.937837377190588 4.9367204629816115 10.257151150377465 9.5280674439854902 12.988277743337674 34.851745670661337
leaf_count=122 581 322 156 692 7954 96 1082 229 348 1081 802 694 136 302 2283 1107 1603 167 114 398 2957 197 322 1385 179 262 861 493 1182 2973
internal_value=-0.000180948 -0.001195 0.00667055 -0.00233998 -0.00491944 0.00226517 -0.00120832 -0.000108546 0.00664086 -0.00124174 -0.00268135 0.000644103 -0.0058278 -0.00450335 -0.00808872 0.00456938 0.00505747 -0.0024948 -0.0082704 0.0073704 -0.00371971 0.0124307 0.00747318 0.010757 0.00852582 -0.00302035 -0.00826308 -0.00983638 -0.0115445 -0.0141929
internal_weight=539.549 477.482 62.0672 410.13 181.682 50.348 94.7599 228.448 25.4777 202.971 168.709 80.4785 88.2307 44.6077 34.1057 34.2614 67.3519 28.3838 16.3055 35.8708 73.0305 17.6986 54.575 25.8682 21.9643 12.7769 69.7817 59.5245 49.9965 37.0082
internal_count=31080 30246 834 27737 12685 678 4731 15052 774 14278 12090 5643 6447 3166 2585 2188 2509 377 210 2477 3649 426 1925 1783 301 584 5645 4784 4291 3109
is_linear=0
shrinkage=0.05


Tree=52
num_leaves=31
num_cat=0
split_feature=12 3 27 31 39 38 38 17 11 12 38 9 31 24 25 24 25 31 40 39 39 15 36 39 34 40 17 39 33 22
split_gain=1.48086 1.28357 0.999362 1.23425 1.11784 1.08483 0.835777 0.739011 0.869729 0.885693 0.830164 0.785504 0.669276 0.604645 0.801275 0.602967 0.545783 0.521233 0.515871 0.514591 0.429391 0.407258 0.374887 0.351016 0.442032 0.548638 0.335711 0.332536 0.330402 0.321039
threshold=-0.48333333432674402 0.33666664361953741 -0.4433333277702331 0.43666666746139532 0.029095132835209373 -0.042340755462646477 -0.032514572143554681 -0.35000000894069666 0.043333351612091071 0.42333334684371954 0.064449787139892592 -0.13666665554046628 -0.43000000715255732 -0.30333334207534784 -0.32333332300186152 -0.076666668057441698 -0.090000003576278673 0.01666665077209473 0.33333332836627966 0.025068226270377639 0.022918823175132278 -0.21666666865348813 0.29666668176651007 0.017217438668012622 -0.12333333492279051 0.95666664838790905 -0.3899999856948852 0.01617132127285004 0.14333331584930423 -0.32999998331069941
decision_type=2 2 2 2 2 2 2 2 2 2 2 2 2 2 2 2 2 2 2 2 2 2 2 2 2 2 2 2 2 2
left_child=12 2 4 7 6 13 -2 10 -9 11 16 18 -1 -5 -15 -8 19 -17 27 21 26 -4 23 -3 25 -25 -18 -10 -6 -12
right_child=1 22 3 5 28 -7 15 8 9 -11 29 -13 -14 14 -16 17 20 -19 -20 -21 -22 -23 -24 24 -26 -27 -28 -29 -30 -31
leaf_value=0.013240404807270021 0 -0.00039708468661311708 -0.011845484020035983 0 0.00047030335621868144 -0.0038633490910151094 0 -0.0057048678471104371 -0.00022403662877432817 -0.011210517710765682 0 -0.0025429217346916383 -0.00066572374086091494 0 0.018241963439469166 0.020505467228961086 0.0099178057900292174 0 0 0.0028939438450991022 -0.0029659699043426795 0.0005306967153910591 0 -0.015564546738592953 0 0.00096922217946195067 -0.00046735562225408753 0.011063354791802536 -0.011888081588364177 0.010372454143161586
leaf_weight=21.750018201302741 12.139800140634177 14.851514365291221 18.534723965451128 6.8992306264117351 3.6548176961950949 12.75062572583556 8.5890723026823235 152.36250166618265 2.6356998633127686 9.0788322577718628 3.9012130794581052 45.554700321983546 7.0796743528917423 9.5857486529275793 17.838053110986948 16.142605781089522 14.278917999705302 5.2150803536642334 22.925250057247467 5.3217832632362834 11.584879489615558 3.4484020122326902 18.636065684724599 27.249173413263634 6.7871269760653403 1.8884607153013337 4.9745383099652853 27.253506519133225 3.8318752967752516 22.375331101706252
leaf_count=294 342 1075 587 134 87 1002 246 10878 224 940 142 4317 121 115 240 282 502 185 1940 248 511 237 1521 1948 423 108 262 1384 115 695
internal_value=-0.000332837 -0.00104622 0 -0.000893133 0.00626531 0.00611647 0.00957701 -0.00201145 -0.0033481 0 0.00177494 0.00174879 0.00958131 0.0104671 0.0133192 0.0134469 -0.00130972 0.0171082 0.00575742 -0.0060906 0.00254727 -0.00931316 -0.00707428 -0.00910931 -0.0115424 -0.013799 0.00677109 0.00950037 -0.00647612 0.0083497
internal_weight=539.119 510.29 440.877 391.304 49.5733 47.0737 42.0866 344.23 259.81 107.448 84.4198 98.3692 28.8297 34.323 27.4238 29.9468 58.1432 21.3577 52.8145 27.3049 30.8383 21.9831 69.4123 50.7763 35.9248 29.1376 19.2535 29.8892 7.48669 26.2765
internal_count=31105 30690 25615 24358 1257 1491 1055 22867 19683 8805 3184 7865 415 489 355 713 2347 467 3548 1072 1275 824 5075 3554 2479 2056 764 1608 202 837
is_linear=0
shrinkage=0.05


Tree=53
num_leaves=31
num_cat=0
split_feature=16 29 38 38 41 37 38 31 30 14 34 24 41 32 36 22 34 8 37 41 41 17 35 16 31 41 41 37 41 17
split_gain=1.80137 1.37468 1.30759 1.28607 1.58853 2.30988 1.3493 1.21797 1.13895 1.20042 1.00742 1.00503 1.00174 1.29932 1.3664 0.962129 1.01325 0.904992 0.833886 0.83385 1.48855 1.43585 0.709994 0.706866 0.697311 0.580165 0.560316 0.637387 0.558689 0.54127
threshold=-0.28333333134651179 0.056666672229766853 0.0053477287292480477 -0.032514572143554681 0.036879267543554313 -0.025233268737792965 -0.083765983581542955 0.31666666269302374 -0.25666666030883784 0.29666668176651007 0.25666666030883795 0.1566666662693024 0.062716234475374236 0.21666666865348819 0.32999998331069952 -0.21000000834465024 -0.32333332300186152 -1.0000000180025095e-35 -0.0072340965270996085 0.036240529268980033 0.03254502825438977 -0.41666667163372034 -0.21666666865348813 -0.13666665554046628 -0.26333332061767573 0.03081739787012339 0.064443118870258345 -0.026899814605712887 0.040605081245303161 0.1566666662693024
decision_type=2 2 2 2 2 2 2 2 2 2 2 2 2 2 2 2 2 2 2 2 2 2 2 2 2 2 2 2 2 2
left_child=3 2 7 4 6 28 -1 -2 15 17 -8 -7 13 19 29 -9 -17 -10 -16 20 -5 -22 -14 -4 -25 -18 27 -26 -6 -15
right_child=1 -3 23 12 5 11 10 8 9 -11 -12 -13 22 14 18 16 25 -19 -20 -21 21 -23 -24 24 26 -27 -28 -29 -30 -31
leaf_value=0.0028687270626498486 -0.0019041476927984973 -0.0076742984359477314 0.0020207446035145691 0.00500206149588434 0.0021389463794914527 0.018368885338531777 -0.025494229606245186 0 -0.0016153237054350542 -0.012176648444333088 0 -0.00042711820578739601 0.0066484155089368696 0.019163912073162065 0.009649900317808208 -0.0016163051183036656 0 0.015091040102349748 -0.0098179566430296843 0.0071585284389759215 -0.022902126250513008 0.00010608695029173399 -0.007912047453807124 0.0010510603693023204 0.00035701108078703501 0.019778914199044539 0 -0.014771454775481925 -0.013595233626022829 0
leaf_weight=5.0656786542385843 84.988229743205011 85.489628101466224 14.988665231037883 25.996140551986173 2.6318934694863847 13.918136962922292 9.2976403178181481 14.911968394182621 13.492518680403011 9.5131789916194958 2.7822873061522833 6.800528490683063 5.987330743577334 33.937821168918163 3.3597200277727097 4.6514490409754208 4.7633684915490475 6.8723478650208589 6.6347841699607653 49.379179991781712 6.6500572734512415 10.06266270787455 17.418198976200074 10.230282796313984 4.2609034846536806 26.19776103948243 5.977897443342953 35.256643076427281 11.559585430193691 3.8397938066627821
leaf_count=254 6603 8414 944 685 134 502 459 376 544 386 100 257 121 740 138 165 148 222 236 1214 118 286 499 1039 517 575 608 3914 648 225
internal_value=-5.80675e-05 -0.00245623 -0.000320237 0.00338026 -0.00291937 0.00281454 -0.0133774 0.00200869 0.00627905 -0.000728249 -0.0202641 0.0125533 0.00556882 0.00718633 0.0135708 0.0105026 0.0144095 0.00522553 -0.00054565 0.00299191 -0.00160058 -0.0115798 -0.00274061 -0.00582422 -0.00833064 0.0173651 -0.0108024 -0.012759 -0.00967059 0.0174394
internal_weight=536.916 321.595 236.105 215.321 52.0558 34.9101 17.1456 165.391 80.4026 29.878 12.0799 20.7187 163.266 139.86 47.7721 50.5245 35.6126 20.3649 9.9945 92.088 42.7089 16.7127 23.4055 70.7144 55.7257 30.9611 45.4954 39.5175 14.1915 37.7776
internal_count=31071 24455 16041 6616 2354 1541 813 9019 2416 1152 559 759 4262 3642 1339 1264 888 766 374 2303 1089 404 620 7022 6078 723 5039 4431 782 965
is_linear=0
shrinkage=0.05


Tree=54
num_leaves=31
num_cat=0
split_feature=16 25 8 38 6 13 40 10 37 41 38 40 38 35 21 24 41 2 37 0 25 10 17 32 40 39 37 9 17 0
split_gain=1.23536 1.29451 0.998646 0.987894 1.16468 0.918005 1.22632 0.852759 0.81551 0.798842 0.753636 0.938154 0.824551 0.748851 0.744698 0.708279 0.867864 0.70399 0.631081 0.618321 0.617509 0.600087 0.583012 0.564548 0.546319 0.537116 0.456058 0.433843 0.429005 0.422413
threshold=-0.28333333134651179 -0.083333343267440782 -0.063333332538604722 0.028800964355468753 0.13666665554046634 -0.090000003576278673 0.51999998092651378 0.30333334207534796 -0.026899814605712887 0.064443118870258345 -0.056524276733398431 0.51999998092651378 -0.083765983581542955 -0.16333332657814023 -0.28333333134651179 -0.023333340883255001 0.054682714864611633 0.22333335876464847 -0.025233268737792965 -0.15000000596046445 0.20999997854232791 0.3966666460037232 -0.28333333134651179 0.30333334207534796 0.69666665792465221 0.021959352307021621 -0.0177617073059082 0.056666672229766853 -0.43000000715255732 0.24166667461395266
decision_type=2 2 2 2 2 2 2 2 2 2 2 2 2 2 2 2 2 2 2 2 2 2 2 2 2 2 2 2 2 2
left_child=1 2 8 4 5 25 14 -4 -1 18 11 12 26 -8 -7 19 20 29 -5 27 -17 -9 -20 -24 -11 -2 -3 -12 -21 -16
right_child=3 10 7 9 -6 6 13 21 -10 24 15 -13 -14 -15 17 16 -18 -19 22 28 -22 -23 23 -25 -26 -27 -28 -29 -30 -31
leaf_value=-0.0068026625024315297 0.00071999167678043054 -0.0057894801657862871 -0.010982600854409641 0.0027938421166521085 -0.0066262945062030678 -0.0001553824167020789 -0.0069170370333332884 0.0084529115103810365 0.007560430079142171 -0.0031323597827700883 0.0015031138492821502 0.0064628946446237305 -0.01801483862023558 0.0046892164043152579 0.013075570835454218 0.016186332285672799 0 -0.00022763112375648949 0 0.010934051653332324 0.0017803791538207861 -0.0055089268351662963 -0.013658604849505061 0 0.010685066694051821 -0.0082391279327023812 0.0091141113063988224 -0.011639331891734786 0 0
leaf_weight=6.771465128986164 26.053774465806782 4.2291406088043004 29.911094393581152 5.7520022827666244 48.830365457222797 18.499955990817398 28.023770704399794 9.2222119520884025 29.372231899760664 9.7287536070216429 4.6363344374112767 12.576436257222666 5.2707901697140205 15.789638756308703 50.213504484388977 39.12098837015219 14.297874329378827 9.6828412567265314 13.922961769625543 10.744462275644763 15.84398014936596 8.4148663654923421 48.358821550849825 10.949921952094881 5.6402119430713347 23.856392218032852 3.6078203283250332 6.6463750803377479 14.523890757467599 4.0491841749753794
leaf_count=256 1864 233 1090 588 4957 992 1721 212 733 901 122 470 290 1172 1968 896 410 579 930 181 624 193 5018 1286 595 1680 131 186 587 239
internal_value=-0.000102403 0.00273314 -0.00183502 -0.00210509 -0.00014619 0.00167181 0.00398812 -0.00644533 0.00369093 -0.00623926 0.00577557 -0.000935438 -0.00914268 -0.00217145 0.00746937 0.0075909 0.0104236 0.0098568 -0.0082514 0.000922648 0.0130277 0.00102642 -0.00958036 -0.0115615 0.00234491 -0.00353982 0.000241768 -0.00614532 0.00545175 0.0119146
internal_weight=534.542 215.19 83.6919 319.352 224.999 176.169 126.259 47.5482 36.1437 94.3527 131.498 25.6842 13.1078 43.8134 82.4455 105.814 69.2628 63.9455 78.9837 36.5511 54.965 17.6371 73.2317 59.3087 15.369 49.9102 7.83696 11.2827 25.2684 54.2627
internal_count=31104 6614 2484 24490 15172 10215 6671 1495 989 9318 4130 1124 654 2893 3778 3006 1930 2786 7822 1076 1520 405 7234 6304 1496 3544 364 308 768 2207
is_linear=0
shrinkage=0.05


Tree=55
num_leaves=31
num_cat=0
split_feature=24 30 11 39 5 14 16 38 31 15 39 1 41 0 0 5 41 4 27 11 40 24 16 38 30 7 28 36 37 41
split_gain=0.833657 1.00809 1.04741 0.916652 0.908898 0.857512 1.42161 1.16767 1.02115 0.791874 0.751789 0.758052 0.750897 0.733053 0.651534 0.691133 0.646338 0.609241 0.602993 0.566867 0.54201 0.523514 0.49857 0.492143 0.490784 0.482005 0.46806 0.46736 0.445172 0.443501
threshold=0.40333333611488348 0.46333330869674688 -0.090000003576278673 0.029510702937841419 0.18999999761581424 0.26333332061767584 0.41666668653488165 -0.032514572143554681 0.43666666746139532 0.47666668891906744 0.012703213375061752 0.23666667938232425 0.03304651007056237 0.083333313465118422 -0.11666667461395262 -0.1766666769981384 0.047362785786390312 -0.29000000655651087 0.30333334207534796 0.43000000715255743 0.96999999880790722 -0.32999998331069941 -0.35000000894069666 0.0096426010131835955 -0.083333343267440782 0.12333333492279054 -0.40333333611488337 0.14999997615814212 0.014905929565429689 0.066116258502006545
decision_type=2 2 2 2 2 2 2 2 2 2 2 2 2 2 2 2 2 2 2 2 2 2 2 2 2 2 2 2 2 2
left_child=1 2 4 12 10 8 18 9 -4 21 24 14 -3 16 17 -16 22 -12 19 29 25 -8 -6 26 -1 -19 -2 -14 -15 -7
right_child=23 3 5 -5 13 6 7 -9 -10 -11 11 -13 27 28 15 -17 -18 20 -20 -21 -22 -23 -24 -25 -26 -27 -28 -29 -30 -31
leaf_value=-0.0034466099112974245 0.0011924849964498009 0 0.0024842160739735192 -0.0045654299957908233 0.016204442431640105 -0.015545111636283818 0 -0.0054704734932462138 0.016023025852070917 -0.0018179752298711537 0 -0.012973052395770136 0 -0.0066504027994322952 0.0044360951659201597 -0.0038663105648333099 -0.00070312525852025563 -0.014151847976889512 0 0.0014109949405393942 0.002523765673202063 0.017964116662384719 0 0 0.011248198069314671 0 -0.013333941366374875 0.018973581088738044 0.0036431359288066436 0
leaf_weight=2.7757009805645794 2.138571216491985 9.3154409874696302 135.40210677788127 5.7708652880974105 12.612966017797591 22.844835206982687 3.8467699594330087 11.295211264630778 11.555251613492144 5.0921410452574483 17.57519838353619 23.900672575924546 4.3189201653003719 18.587282181251798 34.883310534525663 56.647015228169039 9.2283922706264985 31.023002908565104 11.887320710811762 3.0776739320717743 2.2390290971379718 14.314409240148962 5.3828350380063084 14.972238293383269 7.0876739816740137 6.2522629299201062 19.021068903617561 15.164437847677616 9.9778084191493672 3.473708744859322
leaf_count=187 162 197 10326 116 271 1734 141 1139 344 156 980 1228 74 900 1745 2845 408 1498 808 251 80 338 487 1359 282 356 1599 422 443 204
internal_value=-0.000211333 0.000310955 -0.000298194 0.00789258 -0.00261814 0.00207629 -0.00192501 0.00471707 0.00429899 0.0106273 -0.00434671 -0.00524207 0.0114641 0.00250157 -0.00338193 -0.000367584 0.0078219 -0.00732392 -0.00790545 -0.0112282 -0.0103835 0.0147364 0.0123181 -0.00699186 0.0057974 -0.0119789 -0.0110062 0.0159102 -0.00232333 -0.0134674
internal_weight=531.664 495.532 460.963 34.5697 238.173 222.789 75.8321 34.5485 146.957 23.2533 182.384 172.52 28.7988 55.7893 148.62 91.5303 27.2242 57.0895 41.2835 29.3962 39.5143 18.1612 17.9958 36.1319 9.86337 37.2753 21.1596 19.4834 28.5651 26.3185
internal_count=31080 27960 27151 809 11710 15441 4771 1774 10670 635 9201 8732 693 2509 7504 4590 1166 2914 2997 2189 1934 479 758 3120 469 1854 1761 496 1343 1938
is_linear=0
shrinkage=0.05


Tree=56
num_leaves=31
num_cat=0
split_feature=0 23 19 29 11 38 31 29 6 31 11 6 32 27 27 31 39 37 9 20 32 11 16 36 31 35 8 24 32 10
split_gain=1.00127 0.784586 0.702587 0.703471 0.675287 0.743717 0.634249 0.570582 0.794422 0.769216 0.628301 0.546722 0.724416 0.549388 1.28264 0.691281 0.532344 0.688549 0.516503 0.602185 0.508054 0.657392 0.494814 0.453432 0.470666 0.43712 0.422922 0.411189 0.410685 0.40267
threshold=0.18999999761581424 -0.030000001192092892 -0.41666667163372034 0.043333351612091071 -0.15000000596046445 -0.032514572143554681 0.23666667938232425 0.46166664361953741 0.38333332538604742 0.41666668653488165 0.40333333611488348 -0.26999998092651362 -0.46999999880790705 -0.16333332657814023 0.069999992847442641 0.46333330869674688 0.013303889892995359 0.018483638763427738 0.11000001430511476 0.13499999046325686 -0.236666664481163 -0.090000003576278673 -0.31666666269302363 -0.18333333730697629 -0.056666672229766839 -0.29666668176650995 0.11000001430511476 -0.29666668176650995 0.25666666030883795 -0.023333340883255001
decision_type=2 2 2 2 2 2 2 2 2 2 2 2 2 2 2 2 2 2 2 2 2 2 2 2 2 2 2 2 2 2
left_child=1 11 -3 4 -4 6 -6 9 -9 16 27 12 -1 23 15 -15 -2 20 19 28 -18 -22 -20 24 -14 -16 -19 -11 -13 -29
right_child=7 2 3 -5 5 -7 -8 8 -10 10 -12 18 13 14 25 -17 17 26 22 -21 21 -23 -24 -25 -26 -27 -28 29 -30 -31
leaf_value=-0.007778576724844226 0.0024695007097262807 0.0086957689568005411 -0.0019062891988452649 -0.0022007858429689566 0 0 0.015312289106325603 0.010524460881800471 -0.004621560200975392 -0.001362936380060918 -0.0062212132949802379 -0.0090051504006612489 -0.0083851051499242227 -0.012795247797208295 0.010196107393237966 0.004711306092938735 0 0.0021706015947002889 0.0062216171410904297 0.0018560968720322821 -0.016669066514785721 -0.0032691614634418609 -0.0028905475638261896 0.014174928979254001 0.006711284358197166 -0.0006050122976881745 -0.0068171076711056565 0.015481766425414299 0.00032679045322725746 0
leaf_weight=7.3233596344944081 9.7055996765848231 49.600268743000925 19.830761988414451 57.625143392710015 9.9850796249229443 21.90847289422527 23.097721778089181 11.570723433047535 9.4474465616513026 3.1009655075613418 4.7920620534569016 50.991091150091961 2.9661455554887652 13.535096494946627 19.523823187453672 1.8937861809972663 13.545767761999739 26.303243479225785 20.617703006602824 15.742111557861788 29.69181788852438 24.560587529558692 24.872347227530554 13.992136280518023 6.1278774926904607 7.4249288721475777 14.354311121162025 8.3279629219323379 8.044782260200007 4.4147597001865515
leaf_count=506 520 896 1304 4063 754 2124 527 248 641 141 245 3293 106 793 1085 42 975 1629 645 968 1503 2225 2451 503 242 471 1079 245 626 247
internal_value=7.1073e-05 0.00152586 0.00384526 0.00155009 0.00469711 0.00744158 0.0115755 -0.00312434 0.00327672 -0.00436193 0.00314464 -0.000585687 0.00254251 0.00460308 0.000296729 -0.0087623 -0.00596284 -0.00702577 -0.00270774 -0.005178 -0.00996636 -0.0119474 0.000997613 0.00995658 0 0.00689317 -0.000935327 0.00805265 -0.00743626 0.0113806
internal_weight=534.918 375.103 182.047 132.447 74.822 54.9913 33.0828 159.815 21.0182 138.797 20.6358 193.055 72.7872 65.4638 42.3776 15.4289 118.161 108.456 120.268 74.778 67.7982 54.2524 45.4901 23.0862 9.09402 26.9488 40.6576 15.8437 59.0359 12.7427
internal_count=31097 21399 9668 8772 4709 3405 1281 9698 889 8809 878 11731 3748 3242 2391 835 7931 7411 7983 4887 4703 3728 3096 851 348 1556 2708 633 3919 492
is_linear=0
shrinkage=0.05


Tree=57
num_leaves=31
num_cat=0
split_feature=30 24 1 40 25 6 27 24 9 33 38 14 27 28 25 20 41 28 7 37 30 17 11 29 37 31 28 14 13 38
split_gain=1.37632 0.828462 1.08442 0.856492 0.838343 0.713752 1.01382 0.881456 0.89722 0.941536 0.834719 0.84519 0.814252 0.768482 0.674718 0.672918 0.607209 0.620109 0.824853 0.847834 0.589397 0.577725 0.562987 0.514691 0.503818 0.488683 0.469944 0.446212 0.702573 0.591688
threshold=0.45666664838790899 0.14999997615814212 0.043333351612091071 0.87666666507720958 0.29666668176651007 -0.26999998092651362 -0.32999998331069941 -0.030000001192092892 -0.19666665792465207 -0.26999998092651362 0.0053477287292480477 -0.036666661500930779 -0.16333332657814023 -0.37666666507720942 -0.24999999999999997 -0.20333333313465116 0.049728004261851318 0.43000000715255743 -0.090000003576278673 -0.078486442565917955 -0.25666666030883784 -0.04333332180976867 -0.15666666626930234 -0.43000000715255732 0.039983272552490241 -0.12333333492279051 0.40333333611488348 -0.40333333611488337 0.13666665554046634 0.074775695800781264
decision_type=2 2 2 2 2 2 2 2 2 2 2 2 2 2 2 2 2 2 2 2 2 2 2 2 2 2 2 2 2 2
left_child=5 3 -3 4 -2 6 23 13 9 -9 11 -8 16 -7 -11 -13 17 18 -10 -20 21 -17 -4 -1 -25 -21 27 29 -29 -15
right_child=1 2 22 -5 -6 7 10 8 12 14 -12 15 -14 26 -16 20 -18 -19 19 25 -22 -23 -24 24 -26 -27 -28 28 -30 -31
leaf_value=-0.001376314370060391 0.021623445673586747 0.011350149850980285 -0.011857568315291949 -0.0010787757084749175 0 0.0051679708123198026 -0.0061793028656934494 -0.0019650797920525145 -0.0031842257415957589 -0.00091761165154198739 -0.0057954613944813634 -0.0010421757528628734 -0.0058413241517548085 -0.016526361317301425 0.013336724157793415 0 -0.0040200093477763084 -0.0060519011092491212 -0.0051087530663646236 0.016025021610043114 0 0.014354992796155428 0.002167914084097083 0.016058227412920342 0 0.0020940575447444989 0.0024225493604841759 -0.0012237022244652436 -0.010288247164243728 0
leaf_weight=3.0596531280316439 14.124678477412095 7.8946022160816964 10.173404828645289 4.4989310007076702 4.7745462353341273 10.222663918044416 12.694194409530608 19.217346430523321 11.463900533504782 6.0415843424852964 35.884178715990856 18.851080826949328 65.466958657256328 17.9990170840174 25.790626217378303 5.2050135522149494 27.870303306495771 5.7198255904950193 3.3526818091049782 21.617876400705423 10.719282738398762 26.282346160616726 5.6025878128129962 16.11838994175196 4.8672859589569262 16.888812043936927 8.1289122020825726 73.990787414368242 31.145663038827479 5.7233663136139503
leaf_count=100 237 202 200 99 186 901 931 1388 498 340 2768 857 5725 543 1406 239 1176 210 175 607 627 797 442 503 156 1139 348 5362 2713 134
internal_value=0 0.00765988 0 0.0132804 0.0171389 -0.000816721 0.00214041 -0.00203127 4.53324e-06 0.00549311 0 0.00292005 -0.00181481 -0.00489771 0.010254 0.00556828 0.00113043 0.00409253 0.00610415 0.00925058 0.0088016 0.0117867 -0.00650367 0.0102789 0.0128328 0.0115827 -0.00600904 -0.00681043 -0.0045444 -0.0130675
internal_weight=531.391 47.0688 23.6706 23.3982 18.8992 484.322 133.681 350.64 203.43 51.0496 109.636 73.7519 152.38 147.21 31.8322 61.0577 86.9134 59.0431 53.3233 41.8594 42.2066 31.4874 15.776 24.0453 20.9857 38.5067 136.988 128.859 105.136 23.7224
internal_count=31009 1366 844 522 423 29643 6978 22665 12664 3134 6219 3451 9530 10001 1746 2520 3805 2629 2419 1921 1663 1036 642 759 659 1746 9100 8752 8075 677
is_linear=0
shrinkage=0.05


Tree=58
num_leaves=31
num_cat=0
split_feature=4 36 27 25 12 28 8 37 38 25 8 18 12 9 31 23 9 24 25 21 27 24 29 27 2 30 38 21 31 37
split_gain=0.912029 1.05469 1.34622 0.84876 1.05999 0.940646 0.719577 0.912459 0.681716 0.647954 0.631541 0.626122 0.636928 0.578615 0.531247 0.476549 0.868532 0.589449 0.551573 0.632082 0.520147 0.430581 0.411809 0.395123 0.557402 0.380282 0.374619 0.373529 0.5362 0.372081
threshold=-0.33666665852069849 0.35000002384185797 -0.25666666030883784 -0.12333333492279051 -0.46999999880790705 0.3966666460037232 0.11000001430511476 -0.014451980590820311 -0.032514572143554681 0.23666667938232425 0.40333333611488348 0.14333331584930423 -0.19666665792465207 0.38999998569488531 0.40333333611488348 -0.15000000596046445 0.12333333492279054 0.1566666662693024 -0.36333334445953364 0.16333335638046267 0.22333335876464847 0.081666648387908949 -0.40333333611488337 -0.016666665673255917 0.056666672229766853 -0.43000000715255732 -0.08739995956420897 1.0000000180025095e-35 0.3966666460037232 -0.018912792205810543
decision_type=2 2 2 2 2 2 2 2 2 2 2 2 2 2 2 2 2 2 2 2 2 2 2 2 2 2 2 2 2 2
left_child=1 2 -1 15 5 -5 11 9 -7 -8 -9 12 23 22 -13 16 -2 18 26 21 27 -20 -3 24 -6 -16 -17 -19 -29 -21
right_child=3 13 -4 4 6 8 7 10 -10 -11 -12 14 -14 -15 25 17 -18 20 19 29 -22 -23 -24 -25 -26 -27 -28 28 -30 -31
leaf_value=0.017359330062356199 -0.012265354545078854 0.00043364305250917528 0.0017667108154488115 -0.0018948394349077369 -0.0020887358061094591 0 0.0068634647052327954 -0.010169606872494005 0.018498468693027272 -0.0041055428135439538 0.00028363381698786 -0.0079529854767598565 0.0073776252510299569 0.0025781747643852833 -0.0042574731945361332 -0.0025449441247153769 0.0007125161712753683 0 -0.0097392536156517204 -0.0036982358438888557 0.0012554622164052882 0.0012717973217598686 -0.014370471951523961 -0.0054465875674495727 0.0081082988861997298 0.0080796504638013956 0.0074300727784564272 -0.014697017904750776 0.00077590157791919607 0.0055145251940852819
leaf_weight=17.462706449208781 30.251548882108182 2.0233427011407912 48.744937808951363 9.6256385531742144 20.130738123785704 8.0332343517802691 21.886880529578775 44.567331069149077 13.519507689867165 18.066108547965996 13.495504245162008 20.808611559448764 49.989246527897194 8.4085551518946868 3.3345592855475834 5.1724205943755797 13.714470540639011 9.8768239265773428 24.243143413914371 9.6345517709851283 9.7444971916265768 5.6034514782950273 7.8761601268779504 17.137276018969715 18.04665968217887 8.0922171650454384 28.008539265254512 19.498473834712062 2.6984326683450481 22.081221496453509
leaf_count=569 1785 162 3000 167 748 142 1194 3150 164 1737 1180 1975 3560 616 88 267 796 548 1339 492 669 259 681 1104 632 296 1534 1060 116 1086
internal_value=-0.000162476 0.00436648 0.00732631 -0.00111991 0.000597161 0.00848972 -0.00052894 -0.00376024 0.0134376 0.00147099 -0.00755072 0.00166056 0.00361574 -0.00447506 -0.00363773 -0.00372855 -0.00811734 -0.00185805 0.000163769 -0.00233494 -0.00640728 -0.00710774 -0.0107505 0 0.00261213 0.00281857 0.00508545 -0.00922293 -0.0121645 0.00190993
internal_weight=531.777 84.5157 66.2076 447.261 266.734 31.1784 235.555 98.0158 21.5527 39.953 58.0628 137.539 105.304 18.3081 32.2354 180.528 43.966 136.562 94.7433 61.5624 41.8182 29.8466 9.8995 55.3147 38.1774 11.4268 33.181 32.0737 22.1969 31.7158
internal_count=31116 5028 3569 26088 16137 473 15664 7261 306 2931 4330 8403 6044 1459 2359 9951 2581 7370 4977 3176 2393 1598 843 2484 1380 384 1801 1724 1176 1578
is_linear=0
shrinkage=0.05


Tree=59
num_leaves=31
num_cat=0
split_feature=24 30 3 40 9 9 31 5 24 18 38 27 24 0 1 27 17 12 16 31 31 11 40 4 13 23 18 41 39 38
split_gain=0.824966 0.872599 0.688697 0.876367 0.712922 0.617558 0.802999 0.768948 1.02981 0.911001 0.684306 0.676927 0.809294 0.639117 0.612065 0.600812 0.562752 0.667703 0.558039 0.547709 0.541001 0.529712 0.498849 0.496062 0.659685 0.602584 0.603498 0.634663 0.46983 0.469585
threshold=0.40333333611488348 0.45666664838790899 0.18999999761581424 0.78333333134651195 0.23666667938232425 0.21666666865348819 0.47666668891906744 0.19666665792465213 0.056666672229766853 -0.17000000178813932 -0.045151710510253899 0.19666665792465213 -0.04333332180976867 0.33666664361953741 0.21666666865348819 -0.24333333969116208 0.26999998092651373 0.40333333611488348 0.32333332300186163 -0.21666666865348813 0.43000000715255743 0.13666665554046634 0.68999999761581432 -0.33666665852069849 -0.2766666561365127 -0.15000000596046445 -0.31666666269302363 0.031524809077382095 0.029510702937841419 0.0096426010131835955
decision_type=2 2 2 2 2 2 2 2 2 2 2 2 2 2 2 2 2 2 2 2 2 2 2 2 2 2 2 2 2 2
left_child=1 5 3 -3 -4 6 7 13 -9 19 -8 12 -7 16 15 28 18 -18 21 -10 -11 23 -6 24 -1 26 27 -25 -14 -2
right_child=29 2 4 -5 22 11 10 8 9 20 -12 -13 14 -15 -16 -17 17 -19 -20 -21 -22 -23 -24 25 -26 -27 -28 -29 -30 -31
leaf_value=0.011740387644255522 -0.010604950571596192 0.01881818131980071 0.0099086152118523629 0 -0.010135615173182304 -0.010004078019464279 0.01457284493995665 -0.0023585350781883548 0.020391766089761027 -0.0037130965219088641 -0.0014200222099323096 0.0039278517869722907 0.011838027416299773 -0.0079295756860308896 -0.0073141852184295964 -0.0039402519179992362 0.0089192965545028587 -0.0058947626575172876 -0.0076381159661305792 0 0.010375918207811851 0.0056114575769051645 0.0030650687980812497 0.00010181131161862347 -0.0018136512004796731 0 0 -0.015579257732925811 -0.0017839973343349415 0
leaf_weight=10.254793392028661 21.240945812081918 11.695867666509004 6.4498634841293123 7.1711270271334788 10.592759251361711 40.293775189202279 12.673102974426003 21.784258570987731 12.725825343746694 14.947329117450865 4.895711659686639 16.412747154477984 15.116390517447146 22.815440346952528 12.775022764224557 7.8211670047603574 25.918658998096365 3.2898019168060264 21.582369867712259 6.4903584171552202 3.8802173987496635 28.627850079210475 4.9112310311757019 4.6817917958833304 11.478412761352955 112.50168260664213 23.88166387216188 16.359800746897236 2.968719081953167 14.356468509184195
leaf_count=284 1768 206 93 132 389 2773 147 1570 282 1536 276 1604 568 1452 813 699 1332 180 1345 259 139 1889 163 164 929 6020 1926 677 109 1333
internal_value=0 0.000587167 0.00709041 0.0128022 0 -2.78365e-05 0.000877465 0.000182712 0.00511147 0.00969508 0.00982858 -0.00353 -0.00554202 -0.000863058 0 0.00405931 0 0.0058205 -0.000953708 0.0159529 0 0 -0.00510297 -0.00112395 0.00483672 -0.00224718 -0.00676676 -0.0119173 0.00867657 -0.00674003
internal_weight=530.595 494.998 40.8208 18.867 21.9539 454.177 358.789 341.22 59.828 38.0437 17.5688 95.3878 78.9751 281.392 38.6813 25.9063 258.577 29.2085 229.368 19.2162 18.8275 207.786 15.504 179.158 21.7332 157.425 44.9233 21.0416 18.0851 35.5974
internal_count=31057 27956 983 338 645 26973 20407 19984 3786 2216 423 6566 4962 16198 2189 1376 14746 1512 13234 541 1675 11889 552 10000 1213 8787 2767 841 677 3101
is_linear=0
shrinkage=0.05


Tree=60
num_leaves=31
num_cat=0
split_feature=27 39 25 24 41 31 37 18 1 25 35 24 41 41 9 9 40 41 26 37 39 18 25 3 39 40 39 9 6 40
split_gain=1.37101 1.83365 1.02933 1.29708 1.00902 0.943341 1.1803 1.01309 0.827722 0.789658 0.686314 0.626916 0.586999 0.571599 1.7095 1.33301 0.975976 0.71507 0.729762 0.568122 0.557603 0.517563 0.513071 0.476549 0.465549 0.437647 0.546069 0.845347 0.595241 0.524631
threshold=-0.36333334445953364 0.029095132835209373 -0.04333332180976867 0.1566666662693024 0.062716234475374236 0.46333330869674688 0.0086016654968261736 -0.43000000715255732 0.12333333492279054 0.34333333373069769 -0.21000000834465024 -0.32333332300186152 0.033447017893195159 0.036879267543554313 -0.35000000894069666 -0.40333333611488337 0.34666666388511663 0.03232953883707524 0.17666667699813846 0.03015851974487305 0.043950838968157775 0.17000001668930056 -0.24999999999999997 0.12333333492279054 0.017120812088251117 0.63666665554046642 0.031014758162200454 0.043333351612091071 -0.2766666561365127 0.74000000953674328
decision_type=2 2 2 2 2 2 2 2 2 2 2 2 2 2 2 2 2 2 2 2 2 2 2 2 2 2 2 2 2 2
left_child=1 2 3 10 9 7 12 8 11 -4 -1 -2 -7 14 16 -15 -9 18 -16 -5 -3 -8 -13 -12 -10 26 28 -28 -17 -27
right_child=5 20 4 19 -6 6 21 13 24 -11 23 22 -14 15 17 25 -18 -19 -20 -21 -22 -23 -24 -25 -26 29 27 -29 -30 -31
leaf_value=0.01311504755477063 -0.0016556374420823002 -0.011749255876176755 0.015369038876020025 -0.013175988838186542 -0.0012921457973433343 0 0.0047255119175106065 0.015222477813895227 0.0039543144860486601 -0.00016441956703033272 -0.0046493935129997095 0 0.015439819734847419 -0.015227339613948314 -0.0097394848906291361 0 -0.00093144127791091116 0.001209762933577921 0.0010740127810011533 0.0016721324877764432 0.002815500023836254 -0.010891170255684958 0.015381271944416439 0.007151283009742597 -0.0081471467348183755 0.0077280999339969323 0.0099322525032448459 -0.0081482867599329007 -0.0084612568527243776 -0.0019850641440676588
leaf_weight=13.601411734707652 5.7210510307922986 14.914355783723297 47.788983058184385 11.43897748691961 9.5557116281706822 4.7117608257103774 1.8972621918655912 17.010428538313139 6.4490797910839346 5.8100978347938499 14.5416175078135 6.10743788303808 16.651740272063762 22.438961809501052 45.729658833239228 21.477253052638844 10.114643437089397 36.9956796602346 15.207763198297469 4.1325044517870984 3.2675592633895567 6.9133788456674665 17.609029769431796 8.6131371706724149 11.596238031517712 12.049360192846505 9.7498863446526212 4.1951089021749786 68.302838697331026 53.283512777532451
leaf_count=344 163 525 1367 338 321 165 73 812 133 334 450 150 423 1548 3861 1374 801 3088 1180 120 93 409 341 239 326 1114 497 426 5770 4346
internal_value=8.34724e-05 0.00439085 0.00685597 0.000912726 0.0109124 -0.00135848 0.00621184 -0.00214407 0.00409561 0.0134187 0.00622296 0.00883742 0.0119879 -0.0032163 -0.000333915 -0.00490474 0.0093665 -0.00364685 -0.00681297 -0.00870746 -0.0080488 -0.00528831 0.0120331 0 -0.00287505 -0.00291687 -0.00485237 0.00242463 -0.00632476 0
internal_weight=527.876 133.664 115.482 52.3276 63.1548 394.212 30.1741 364.038 47.4828 53.5991 36.7562 29.4375 21.3635 316.555 125.058 191.497 27.1251 97.9331 60.9374 15.5715 18.1819 8.81064 23.7165 23.1548 18.0453 169.058 103.725 13.945 89.7801 65.3329
internal_count=31131 4131 3513 1491 2022 27000 1070 25930 1113 1701 1033 654 588 24817 9742 15075 1613 8129 5041 458 618 482 491 689 459 13527 8067 923 7144 5460
is_linear=0
shrinkage=0.05


Tree=61
num_leaves=31
num_cat=0
split_feature=27 4 32 28 33 35 25 15 32 25 14 14 24 38 6 6 25 31 17 38 16 9 32 27 35 40 31 8 6 38
split_gain=0.996919 0.956435 0.92813 1.0533 0.94216 0.952155 0.821555 0.793607 0.680429 0.993904 0.668703 0.972419 0.646981 0.639545 0.635632 0.612707 0.645321 0.556742 0.546186 0.525609 0.499101 0.482417 0.552494 0.521565 0.480895 0.480337 0.432243 0.420324 0.416314 0.415505
threshold=-0.36333334445953364 0.25000000000000006 -0.28333333134651179 0.40333333611488348 0.23000001907348636 0.29666668176651007 -0.10333332419395445 -0.22333332896232602 -0.063333332538604722 -0.36333334445953364 0.25666666030883795 -0.036666661500930779 -0.21666666865348813 -0.011066913604736326 0.38333332538604742 1.0000000180025095e-35 -0.3899999856948852 -0.37666666507720942 -0.43000000715255732 0.12359237670898439 0.29666668176651007 0.22333335876464847 0.096666663885116591 0.23666667938232425 0.056666672229766853 0.90333333611488353 -0.036666661500930779 0.4499999880790711 -0.26333332061767573 0.026465415954589847
decision_type=2 2 2 2 2 2 2 2 2 2 2 2 2 2 2 2 2 2 2 2 2 2 2 2 2 2 2 2 2 2
left_child=2 8 20 4 24 7 -5 -6 9 12 11 25 29 -13 17 16 -10 -8 -17 -20 -1 22 28 -24 -4 -11 -26 -23 -3 -2
right_child=1 21 3 6 5 -7 14 -9 15 10 -12 13 -14 -15 -16 18 -18 -19 19 -21 -22 27 23 -25 26 -27 -28 -29 -30 -31
leaf_value=0.014932132622475766 0.013507227360896844 0.00017420030463782561 -0.002186521670416238 -0.0027376433385246654 -0.019138771120841169 0.0020297916841334382 0.01971194219613721 0 -0.0040533943988407912 -0.007752612848988736 -0.011118250598433492 0.0072510253315643206 -0.0010315158779445714 -0.0039038229480272851 0 0.0070379334369913742 0.0088032900689467963 0 -0.0037886356281549198 0.0070533353078907225 0 -0.013625250901524 0.0054023437941665064 -0.0056300434834978029 0.010298307544576051 0.0020290402286530806 0 0 -0.01173681514150714 0
leaf_weight=15.176195710198956 11.656227967934685 5.2819494344294098 32.368864855030552 7.9387071412056676 12.892668243497614 7.8688581585884085 12.756117092445495 4.1846873729955414 5.6772032405715427 55.372690725373104 27.817221880890429 27.633267370285466 23.692740367027 12.796582726063205 5.8006959669291964 13.69849829492159 39.5464166267775 6.8168570559937534 70.838596503715962 6.1366265632677814 3.417329338612034 24.78676899371203 23.173449293477461 9.8120001356583071 14.743596522603186 8.4022847942542267 11.293708468088878 8.2747280388139171 13.437759668566285 4.8583842455409458
leaf_count=457 548 319 1010 156 309 408 162 231 260 3569 1864 1272 1390 1421 202 423 1700 161 6395 548 146 2121 1521 926 409 486 507 776 1016 397
internal_value=-0.000591364 -0.00190206 0.00295799 0.0008197 -0.00200203 -0.00918892 0.00774398 -0.0146253 -0.00047519 -0.00258668 -0.00472437 -0.00227829 0.00359346 0.0031337 0.0117166 0.00202085 0.00641552 0.0151841 -0.000174536 -0.00217547 0.0118849 -0.00643903 -0.0022977 0.00111792 0.00124951 -0.00604194 0.00591094 -0.0109279 -0.00813812 0.00984573
internal_weight=528.152 392.893 135.258 116.665 83.3524 24.9462 33.3124 17.0774 308.127 172.229 132.022 104.205 40.2074 40.4299 25.3737 135.897 45.2236 19.573 90.6737 76.9752 18.5935 84.7667 51.7052 32.9854 58.4062 63.775 26.0373 33.0615 18.7197 16.5146
internal_count=31110 26952 4158 3555 2874 948 681 540 20273 10947 8612 6748 2335 2693 525 9326 1960 323 7366 6943 603 6679 3782 2447 1926 4055 916 2897 1335 945
is_linear=0
shrinkage=0.05


Tree=62
num_leaves=31
num_cat=0
split_feature=30 1 2 31 38 38 38 31 41 12 39 6 38 23 11 9 23 21 9 26 17 18 9 30 36 37 33 29 41 16
split_gain=0.872447 0.983998 0.777844 0.786842 1.19959 0.743135 0.819463 0.658282 0.61139 0.591278 0.585706 0.607107 0.578319 0.570076 0.501099 0.469004 0.468955 0.453147 0.530923 0.450824 0.565642 0.542583 0.444533 0.477749 0.398705 0.554595 0.552704 0.448519 0.713703 0.541638
threshold=0.42833334207534796 0.096666663885116591 0.23000001907348636 -0.236666664481163 -0.020665168762207028 0.092322826385498061 0.011437416076660158 0.46999999880790716 0.03448110073804856 0.40333333611488348 0.029095132835209373 0.38999998569488531 -0.045151710510253899 0.043333351612091071 0.18999999761581424 0.35000002384185797 0.12333333492279054 -0.22999998927116391 -0.1766666769981384 0.44333332777023321 -0.33666665852069849 -0.1766666769981384 -0.090000003576278673 -0.3899999856948852 -0.15000000596046445 -0.012894630432128905 -0.43000000715255732 0.16833335161209109 0.040138021111488349 0.1566666662693024
decision_type=2 2 2 2 2 2 2 2 2 2 2 2 2 2 2 2 2 2 2 2 2 2 2 2 2 2 2 2 2 2
left_child=2 10 7 4 -4 6 8 9 15 14 11 -2 -9 -10 19 -3 -6 -16 -19 24 -21 -22 23 -5 25 26 -1 28 -26 -30
right_child=1 5 3 22 16 -7 -8 12 13 -11 -12 -13 -14 -15 17 -17 -18 18 -20 20 21 -23 -24 -25 27 -27 -28 -29 29 -31
leaf_value=0.0019966956691812652 0.016915285029220493 0.011941489724186561 -0.0085377249639933053 -0.0085502333408773532 -0.00014820358075570746 -0.011507679856892101 0.011449590450833621 0.011964127549068858 0.0027689244246331501 -0.0079513817607495627 0 0 -0.0012311652311939461 -0.012570874113085655 -0.0010718197166735045 -0.0025547935649722913 0.011839251405916356 0.011272886238655376 0 -0.0010500402126923129 0.014759291635518715 -0.00042785239550434612 -0.010669736244946474 0.0021676593596330032 -0.0016831333344661987 0 -0.01043119587976985 -0.0030128581046850282 0.0090021663733121492 -0.0018783980314675205
leaf_weight=5.4123388084117314 20.08158957166598 4.5108672482892889 11.515055057359858 9.4975096206180769 6.7402007635682848 5.3843526551499954 11.423492479370905 15.929714265279474 3.1793927107937625 16.743041306501254 6.3962843904737374 3.7894106036983422 6.7600481654517344 10.496921330457551 17.158180977916345 3.9282783486414701 15.067045336589215 22.821376587962732 17.677340740221553 14.301409414736556 10.107453149277715 4.0595478827599427 37.928243603091687 21.022006303537637 42.603317378787324 52.773668091977015 32.123639739118516 54.993705692468211 37.450800497783348 8.3971099038608354
leaf_count=332 424 95 830 521 334 194 418 220 86 1527 147 227 450 487 1405 180 682 1089 1420 331 261 222 3211 1579 3162 3256 1907 3091 2286 770
internal_value=0.000150652 0.00518394 -0.000608014 -0.00435784 0.00122046 0 0.00297628 0.000439764 -0.0020207 -0.000105098 0.011115 0.0141074 0.00772611 -0.00797729 0.000367712 0.00520465 0.00800259 0.00439391 0.00708674 -0.00050284 0.00470324 0.0103352 -0.00728881 -0.00133991 -0.00134298 -0.00384721 -0.00803676 0.000157493 0.00245949 0.00654043
internal_weight=530.273 69.1906 461.083 101.77 33.3223 38.9233 33.539 359.313 22.1155 336.623 30.2673 23.871 22.6898 13.6763 319.88 8.43915 21.8072 57.6569 40.4987 262.223 28.4684 14.167 68.4478 30.5195 233.755 90.3096 37.536 143.445 88.4512 45.8479
internal_count=31144 2258 28886 7157 1846 1460 1266 21729 848 21059 798 651 670 573 19532 275 1016 3914 2509 15618 814 483 5311 2100 14804 5495 2239 9309 6218 3056
is_linear=0
shrinkage=0.05


Tree=63
num_leaves=31
num_cat=0
split_feature=31 38 19 38 21 35 1 21 22 24 1 13 26 33 21 12 25 17 40 19 12 31 4 7 10 24 25 14 38 14
split_gain=1.0359 1.2885 0.95112 1.35205 0.875877 0.753245 0.672284 0.573292 0.908958 0.58777 0.568642 0.486089 0.616756 0.476798 0.457341 0.445011 0.439668 0.373823 0.482873 0.475492 0.453607 0.671659 0.4377 0.377628 0.38472 0.384672 0.35641 0.54871 0.632945 0.426596
threshold=0.43666666746139532 -0.032514572143554681 -0.45666666328907007 0.11386013031005861 -0.21000000834465024 -0.19666665792465207 0.32333332300186163 0.36333334445953375 0.22333335876464847 0.068333327770233168 0.043333351612091071 -0.4433333277702331 0.48333334922790533 0.21666666865348819 -0.063333332538604722 0.42333334684371954 -0.023333340883255001 0.38333332538604742 0.40333333611488348 0.083333313465118422 -0.19666665792465207 -0.083333343267440782 0.29000002145767217 -0.29000000655651087 -0.096666663885116563 -0.13666665554046628 -0.4433333277702331 -0.049999997019767754 0.026465415954589847 -0.33666665852069849
decision_type=2 2 2 2 2 2 2 2 2 2 2 2 2 2 2 2 2 2 2 2 2 2 2 2 2 2 2 2 2 2
left_child=2 4 3 5 -2 -1 11 9 -9 14 -11 16 15 -6 -7 17 -4 19 -19 20 21 23 26 25 -25 -13 -22 29 -29 -28
right_child=1 -3 6 -5 13 7 -8 8 -10 10 -12 12 -14 -15 -16 -17 -18 18 -20 -21 22 -23 -24 24 -26 -27 27 28 -30 -31
leaf_value=0.016069489186889004 0 -0.004805242338813796 -0.013493887520360143 -0.0095450567369814755 0.017420321294607688 -0.0071732643704134737 -0.0067585222794192953 -0.011687935497229849 0.0048163983328292992 0.016940053591343453 0 0.0015870626995353112 0.0084737526688251838 0 0.0055532787737867014 -0.008681439594444262 0 0.011067285933929333 -0.0028224347779111508 -0.0042931299869157728 -0.0036976367650608933 -0.0066055129287905592 -0.0047471268168929456 0.0076336471958379911 0 -0.01021107104115198 0.0072035475085537957 0.012380151441752611 -0.00046612648278544007 -0.0014720946494084744
leaf_weight=12.304931893944739 15.518773206043987 13.891532679554073 7.9758453597314656 8.8001762833446247 21.779675535857681 7.3875357834622291 54.701085623819381 8.9757357272319513 11.201434412039815 10.265791674144568 8.5792537997476739 5.3555993668269366 12.420281701721249 6.8908641447778782 8.737448364030568 11.609837434487416 7.0927021070383471 9.4465290599036944 3.3647497361525884 69.304196052486077 6.0884335211012504 40.029164279345423 9.5724107569549215 19.304409828037024 41.88352709915489 7.5893565951846522 13.456666589714571 27.554828390711933 7.8185249052476129 39.05080812680535
leaf_count=171 283 1341 246 125 276 143 4750 158 190 151 152 288 286 172 155 1331 164 592 353 6509 445 2429 770 885 1964 306 532 1523 922 3472
internal_value=0 0.00597351 -0.000798168 0.00401805 0.0100295 0.00676308 -0.00184005 0.00290466 -0.00256661 0.00658525 0.0114304 -0.000869974 -0.000304835 0.0144489 0 -0.000887249 -0.00828343 -0.000339285 0.00635362 -0.000847347 0.00022356 -0.0017824 0.00263998 0.000809526 0.00276254 -0.00505358 0.00388231 0.00487651 0.00928068 0.00083473
internal_weight=527.952 58.0808 469.871 76.2523 44.1893 67.4521 393.619 55.1472 20.1772 34.97 18.845 338.918 323.849 28.6705 16.125 311.429 15.0685 299.819 12.8113 287.008 217.704 114.162 103.542 74.1329 61.1879 12.945 93.9693 87.8808 35.3734 52.5075
internal_count=31084 2072 29012 1245 731 1120 27767 949 348 601 303 23017 22607 448 298 22321 410 20990 945 20045 13536 5872 7664 3443 2849 594 6894 6449 2445 4004
is_linear=0
shrinkage=0.05


Tree=64
num_leaves=31
num_cat=0
split_feature=25 7 2 27 15 8 19 11 5 39 5 30 13 38 30 41 41 25 32 41 21 33 26 6 0 27 39 5 38 4
split_gain=0.780223 1.16655 0.879304 1.50064 0.747734 0.661101 0.572671 0.881686 0.950231 0.900854 0.722403 0.748002 0.720515 0.759001 0.557661 0.544094 0.515197 0.492994 0.480828 0.467644 0.458037 0.422392 0.569011 0.404805 0.402245 0.587075 0.39546 0.35418 0.379046 0.336785
threshold=0.32999998331069952 0.34333333373069769 -0.35000000894069666 -0.16333332657814023 -0.3899999856948852 0.23000001907348636 0.18333333730697635 -0.090000003576278673 0.20333331823349002 0.012703213375061752 -0.2766666561365127 0.083333313465118422 0.33666664361953741 -0.032514572143554681 -0.31666666269302363 0.039897613227367408 0.040605081245303161 -0.016666665673255917 -0.3899999856948852 0.047880545258522041 -0.26333332061767573 0.2833333313465119 -0.13666665554046628 0.1566666662693024 0.2833333313465119 -0.22333332896232602 0.017359882593154911 -0.36333334445953364 -0.24362182617187497 -0.46999999880790705
decision_type=2 2 2 2 2 2 2 2 2 2 2 2 2 2 2 2 2 2 2 2 2 2 2 2 2 2 2 2 2 2
left_child=1 2 3 5 17 18 7 8 9 -4 11 -11 -8 -14 29 -9 24 -3 -1 -18 -17 -2 -23 27 25 -10 -26 -22 -29 -5
right_child=21 4 6 14 -6 -7 12 15 16 10 -12 -13 13 -15 -16 20 19 -19 -20 -21 23 22 -24 -25 26 -27 -28 28 -30 -31
leaf_value=0 0 0 0.0070200587631257961 -0.0042655818104673704 0 0 -0.0098748900876392022 -0.0005302764653084285 0.016297920663187884 -0.0049781312577907473 -0.0071475281697498021 0.0080943116456430094 0.0066067089691623851 -0.0086367723137568391 -0.0069603820635327183 -0.0024674854499332748 -0.009936992287212525 0.017068548446045117 0.01970290502837517 0.0023095055692156272 -0.00030978255339311306 0.00077690230416514478 -0.01233293560766585 0 0.0070070231782748751 0 -0.0067913563559560963 -0.00069735680519545967 0.011608337297955042 0.0069613616517878374
leaf_weight=3.5645651740487709 25.281811706023291 4.0043409708887365 9.1779844770207983 2.1191528325434801 16.704575046198443 3.9382255093660197 34.547755408799276 53.812145792879164 10.072604505112393 17.153804142260928 120.11510277003981 13.972351639531551 15.609006775077434 6.8168405781034371 17.33895000605844 7.2738543131854376 5.2764062534552094 14.329791227821259 14.739956257864833 15.013588118832557 3.4979063873179248 5.8556027004960951 23.639492351561785 10.427374849794431 3.4294733488932234 5.0456277893390533 5.3974537726026028 2.1971739884465924 40.002599776373245 15.059774179942904
leaf_count=162 2496 127 377 120 1560 165 2427 3966 235 1019 5657 407 447 711 1230 530 203 335 503 562 204 628 2262 877 84 328 208 103 2448 761
internal_value=-0.000442323 0.000192569 -0.000506029 0.00490151 0.00829091 0.0135645 -0.00144498 -0.000496386 -0.00251635 -0.00434722 -0.00543758 0.000576407 -0.00584906 0.000248657 -0.00124578 0.00277842 0.00335188 0.0138833 0.0167872 -0.00146529 0.00575007 -0.00578909 -0.00933457 0.00735293 0.00774431 0.0115178 0 0.0091949 0.0104419 0.00375219
internal_weight=525.415 470.638 435.6 56.7606 35.0387 22.2427 378.839 321.865 204.654 160.419 151.241 31.1262 56.9736 22.4258 34.5179 117.211 44.2352 18.3341 18.3045 20.29 63.3989 54.7769 29.4951 56.1251 23.9452 15.1182 8.82693 45.6977 42.1998 17.1789
internal_count=31142 25756 23734 2941 2022 830 20793 17208 9080 7460 7083 1426 3585 1158 2111 8128 1620 462 665 765 4162 5386 2890 3632 855 563 292 2755 2551 881
is_linear=0
shrinkage=0.05


Tree=65
num_leaves=31
num_cat=0
split_feature=30 3 7 39 29 4 31 5 32 6 23 32 30 10 41 38 10 5 18 25 21 21 13 25 25 10 30 41 12 0
split_gain=0.949332 1.1538 1.13958 0.879017 0.84449 0.624263 0.658282 0.709797 0.623161 0.642848 0.611746 0.513802 0.782338 0.760473 0.624224 0.590751 0.445691 0.473765 0.599748 0.44165 0.439281 0.422918 0.397897 0.393208 0.480802 0.380597 0.481226 0.376366 0.370151 0.369694
threshold=0.42833334207534796 0.20333331823349002 0.23666667938232425 0.029931325465440754 0.37000000476837164 0.33666664361953741 0.48333334922790533 -0.26333332061767573 -0.056666672229766839 0.043333351612091071 -0.036666661500930779 -0.18333333730697629 0.17000001668930056 -0.41666667163372034 0.13006117194890979 0.026465415954589847 -0.063333332538604722 0.2833333313465119 -0.25666666030883784 -0.3899999856948852 0.3966666460037232 0.32999998331069952 -0.43000000715255732 -0.32333332300186152 -0.096666663885116563 -0.4433333277702331 0.23000001907348636 0.034374734386801727 0.21666666865348819 -0.31000000238418574
decision_type=2 2 2 2 2 2 2 2 2 2 2 2 2 2 2 2 2 2 2 2 2 2 2 2 2 2 2 2 2 2
left_child=4 3 -3 20 5 6 8 -8 11 19 -11 12 13 15 23 28 -6 18 -18 -10 -2 -12 -4 27 -25 -21 -27 -15 -1 -14
right_child=1 2 22 -5 16 -7 7 -9 9 10 21 -13 29 14 -16 -17 17 -19 -20 25 -22 -23 -24 24 -26 26 -28 -29 -30 -31
leaf_value=0 0.017448498613059981 -0.012313353058173208 0.0090346955565314881 -0.0015147130397209093 0.0013307887180194146 -0.0061259075417833125 0.015496555721117883 -0.0010392320314195538 -0.0028933529868435275 -0.0045681440863885592 0.0054474013873362058 -0.0056172662258429651 -0.001241675636170595 0.0062487325457426879 0.0081638953319194008 -0.0047366378995781179 -0.018328680202433358 -0.00043796188112532608 0 -0.0023713321741772975 0 -0.0024434434178452679 -0.00069727998971301887 -0.011304389822740853 -0.001874604381937185 0.010345112250378584 0 -0.0038199448838074461 0.013193170893433345 0.0099479788911593838
leaf_weight=9.8220412475057 20.683270787121735 8.9677844047546369 13.329532800242303 5.9906575954519203 5.3028688339982173 34.471168658230454 8.4165279464796168 5.9306785387452683 5.7829499267972997 43.349601960740983 41.991014706902206 59.366730167297646 3.7079353467561331 9.1206417374778557 3.0736687975004306 4.993988230591639 12.643449206603693 14.226304503390564 4.5138247916474965 3.0607019532471886 4.4743561015930018 16.841304019326344 12.31537908758037 30.309036877239123 38.679395064711571 45.313096056226641 11.299667615909128 18.020341648953035 10.42033730749972 18.342629772843793
leaf_count=571 525 202 233 133 319 2973 203 232 334 3759 3050 3583 195 599 104 497 334 1046 360 100 75 972 1055 1849 2786 2174 421 1206 332 867
internal_value=-4.55179e-05 0.00525725 -0.00055249 0.0114327 -0.000917042 -0.000176206 0.000374392 0.00914169 -3.57224e-05 0.00211812 -0.000183221 -0.00191801 -9.28644e-05 -0.00187264 -0.00396759 0.00474242 -0.00763599 -0.00979026 -0.0143426 0.00577426 0.0150161 0.00278588 0.00432504 -0.00505711 -0.00692384 0.00718251 0.00827605 0 0.00858194 0.007312
internal_weight=524.761 65.761 34.6127 31.1483 459 422.313 387.842 14.3472 373.495 167.638 102.182 205.857 146.49 124.439 99.2031 25.2364 36.6864 31.3836 17.1573 65.4564 25.1576 58.8323 25.6449 96.1294 68.9884 59.6735 56.6128 27.141 20.2424 22.0506
internal_count=31089 2223 1490 733 28866 26807 23834 435 23399 10810 7781 12589 9006 7944 6544 1400 2059 1740 694 3029 600 4022 1288 6440 4635 2695 2595 1805 903 1062
is_linear=0
shrinkage=0.05


Tree=66
num_leaves=31
num_cat=0
split_feature=30 17 31 38 24 1 31 22 38 24 27 41 41 33 27 39 3 26 12 37 37 38 8 37 25 26 41 31 10 37
split_gain=1.22401 0.931878 0.715044 0.942969 0.741233 0.575363 0.556801 0.772669 0.663824 0.566326 0.872867 0.754682 0.536251 0.501977 0.475393 0.471318 0.465033 0.431815 0.495699 0.44745 0.529367 0.628423 0.434998 0.467632 0.398299 0.378182 0.355692 0.348322 0.327509 0.323998
threshold=0.44333332777023321 -0.46999999880790705 0.4499999880790711 -0.042340755462646477 -0.26999998092651362 0.32999998331069952 -0.24333333969116208 -0.33666665852069849 -0.10676574707031249 0.01666665077209473 0.056666672229766853 0.05411899462342263 0.10709868371486665 0.36333334445953375 -0.096666663885116563 0.020180775783956054 0.29000002145767217 0.30333334207534796 -0.19666665792465207 0.029827117919921878 0.076024055480957045 -0.08739995956420897 0.043333351612091071 -0.017178058624267575 0.081666648387908949 0.35666668415069586 0.034935500472784049 0.40333333611488348 0.096666663885116591 -0.051397800445556634
decision_type=2 2 2 2 2 2 2 2 2 2 2 2 2 2 2 2 2 2 2 2 2 2 2 2 2 2 2 2 2 2
left_child=2 13 5 4 -4 6 7 -1 -9 -10 11 -11 17 -2 -6 26 -17 18 29 27 21 -21 23 -19 25 -24 -3 28 -20 -8
right_child=1 15 3 -5 14 -7 12 8 9 10 -12 -13 -14 -15 -16 16 -18 22 19 20 -22 -23 24 -25 -26 -27 -28 -29 -30 -31
leaf_value=-0.0046931796960856219 0.01549458242877233 0.010950399306339629 -0.0013109995863260996 -0.0035238681557284556 0 -0.0059621679508324969 0 -0.0061676047610067231 0.0010079332321147186 0.016572138169154909 -0.0011904249327972041 0 0.0071415437466723301 0 0.01730468324547205 -0.011351033936608516 0.0012578384015822059 -0.0013559794706551145 -0.0062425180407271472 -0.0044234580257802233 -0.0045587009058915594 0.0099626336187075282 0.0014715723714949851 0.0077854132932566617 0.0018893844107273424 -0.01057458120099012 -0.00026094887368817784 0.0024886559422398428 0.00011924261090461863 -0.008826583107169576
leaf_weight=21.868934724712744 21.393912997096781 6.6559512792155164 6.723861679434779 14.122789785731582 7.8958306680433514 50.282943216850981 6.9471134443301699 5.9723428518045685 42.97105199075304 25.302135074278343 8.7829087595455331 6.089225107105448 9.0733626771252585 7.3586754612624636 15.400828738696868 7.1170739226508868 7.6342724403366446 15.47064997628331 62.800113016390242 3.8370673588942763 8.7978539858013374 21.172451515449211 2.9583769896999064 25.356482841307297 12.271684774896128 13.772561688907443 6.6724167412612587 12.394855479709802 17.80826136120595 47.527052303776145
leaf_count=1268 284 276 138 1100 131 4087 518 431 2252 677 644 186 450 117 209 254 474 670 5307 249 881 1859 210 1098 833 574 407 550 1768 3067
internal_value=0.00031958 0.00690081 -0.000508305 0.00505494 0.00969951 -0.00121226 -0.000417897 0.00237652 0.00456083 0.00597514 0.00992537 0.013396 -0.00173051 0.0123748 0.0133484 0 -0.00514389 -0.00230749 -0.00358767 -0.00147678 0.00275668 0.00652043 0.000707216 0.00405768 -0.00318209 -0.00751855 0.00570565 -0.003342 -0.00463751 -0.00745416
internal_weight=522.433 56.8323 465.601 44.1433 30.0205 421.457 371.174 110.987 89.1177 83.1453 40.1743 31.3914 260.188 28.7526 23.2967 28.0797 14.7513 251.115 181.285 126.811 33.8074 25.0095 69.8298 40.8271 29.0026 16.7309 13.3284 93.0032 80.6084 54.4742
internal_count=30969 1812 29157 1578 478 27579 23492 5458 4190 3759 1507 863 18034 401 340 1411 728 17584 14199 10614 2989 2108 3385 1768 1617 784 683 7625 7075 3585
is_linear=0
shrinkage=0.05


Tree=67
num_leaves=31
num_cat=0
split_feature=30 9 31 38 13 6 27 32 37 33 12 29 35 3 38 41 27 20 38 5 27 8 30 38 33 25 12 12 23 41
split_gain=1.15455 0.988548 0.916015 1.13335 0.80151 0.832836 0.869003 0.797655 0.62508 0.612153 0.83336 0.565469 1.36032 0.619555 0.558404 0.555154 0.546168 0.5461 0.536623 0.52406 0.4866 0.483985 0.481545 0.472909 0.43645 0.596223 0.429424 0.519734 0.401453 0.401195
threshold=0.45666664838790899 -0.19666665792465207 0.3966666460037232 -0.042340755462646477 0.13666665554046634 -0.22333332896232602 -0.17000000178813932 0.38333332538604742 0.012290954589843752 -0.25666666030883784 0.18333333730697635 0.19666665792465213 0.20333331823349002 0.23666667938232425 0.031355857849121101 0.044666836038231857 -0.023333340883255001 -0.30333334207534784 0.041468143463134773 0.19666665792465213 0.18999999761581424 -0.12333333492279051 -0.2766666561365127 -0.08739995956420897 0.26333332061767584 0.21666666865348819 0.21666666865348819 0.36333334445953375 -0.10999999940395354 0.044190824031829841
decision_type=2 2 2 2 2 2 2 2 2 2 2 2 2 2 2 2 2 2 2 2 2 2 2 2 2 2 2 2 2 2
left_child=1 2 9 8 5 6 17 24 -4 14 21 28 19 15 26 -14 22 -3 -9 -13 -8 23 -6 -11 -2 -26 -1 -28 -7 -18
right_child=7 4 3 -5 16 11 20 18 -10 10 -12 12 13 -15 -16 -17 29 -19 -20 -21 -22 -23 -24 -25 25 -27 27 -29 -30 -31
leaf_value=-0.0028142910319491413 0.01718125945823518 -0.00091162192913159506 0.016253751961813886 -0.0027905934707369777 0.00031427011884479594 -0.0036193010647951815 -0.0059609444219581708 -0.0077989315146403133 0 -0.00078359543195914054 -0.0064093516740683911 -0.012258158116022964 0.010869697330923319 -0.0043440529386843361 -0.0088220983009527597 -0.0012548545267095448 -0.005738809253140016 0.012634526116013293 0.0066112036642131753 -0.00047012960060780851 0.0050548210598451541 0 -0.012831692321243066 0.012023898330308071 0.0083173595968341878 -0.0052548117297939144 0.010885771094920962 -0.0030701768693334819 0.0030899116044673471 0.0026970387021079375
leaf_weight=31.253992037381977 13.34513078862801 4.581894249655309 23.469507333356891 10.599129134323446 3.8778492389246813 26.723827854730189 17.939838321646679 8.9347829180769605 7.8669063053093842 3.8493576715700319 8.5232987371273321 39.502889276714996 16.422197544481609 15.549645009683443 19.171808776911348 8.7738219629973155 21.625907594338059 23.609169975388795 4.4879228598438194 18.317004542332143 9.9203241539653373 16.764957657083873 28.772310271626338 27.50454597803764 14.65320897428319 5.9071139749139538 10.745492888148872 3.9187997276894739 57.431137365521863 19.300362126668915
leaf_count=2172 206 158 327 722 316 1846 1199 558 117 221 753 1711 748 843 1799 462 2346 817 234 874 661 1048 2664 1317 252 176 540 306 3703 2002
internal_value=0.000397523 -0.000329907 0.00269485 0.0085675 -0.0020143 -0.000440665 0.00446762 0.00739659 0.0129099 0.000168644 0.00393693 -0.00217297 -0.00466352 0.00174499 -0.00281441 0.00641696 -0.00638866 0.00992807 -0.00113978 -0.00931079 -0.00109951 0.00673892 -0.0108171 0.00990893 0.0110658 0.00317054 0 0.00613789 0.000582988 -0.00139162
internal_weight=523.344 476.016 163.668 41.9355 312.348 238.772 56.0512 47.3282 31.3364 121.732 56.6422 182.721 98.5656 40.7457 65.0901 25.196 73.5764 28.1911 13.4227 57.8199 27.8602 48.1189 32.6502 31.3539 33.9055 20.5603 45.9183 14.6643 84.155 40.9263
internal_count=31098 29672 9322 1166 20350 13022 2835 1426 444 8156 3339 10187 4638 2053 4817 1210 7328 975 792 2585 1860 2586 2980 1538 634 428 3018 846 5549 4348
is_linear=0
shrinkage=0.05


Tree=68
num_leaves=31
num_cat=0
split_feature=13 4 7 37 31 8 13 4 27 7 7 26 1 40 38 2 14 38 10 8 12 38 25 31 10 38 0 19 29 40
split_gain=0.745668 0.86223 0.685474 0.7177 0.689246 0.681902 1.11946 0.669523 0.639581 0.628283 0.77954 0.724126 0.621298 0.723569 0.598778 0.56831 0.561712 0.555285 0.44093 0.456964 0.435024 0.471823 0.421081 0.404679 0.787604 0.71315 0.675237 0.574694 0.548488 0.490909
threshold=0.40333333611488348 -0.33666665852069849 0.32999998331069952 -0.012894630432128905 0.40333333611488348 0.35000002384185797 -0.37666666507720942 0.43666666746139532 0.46999999880790716 0.26999998092651373 -0.069999992847442613 0.41000002622604376 -0.13666665554046628 0.90333333611488353 -0.041422843933105462 0.35000002384185797 0.37000000476837164 -0.075244426727294908 0.19666665792465213 0.11000001430511476 0.20999997854232791 0.0053477287292480477 0.043333351612091071 -0.10999999940395354 0.19666665792465213 0.028800964355468753 -0.13833332061767575 -0.21000000834465024 0.32333332300186163 0.82333332300186168
decision_type=2 2 2 2 2 2 2 2 2 2 2 2 2 2 2 2 2 2 2 2 2 2 2 2 2 2 2 2 2 2
left_child=1 5 4 7 9 6 -1 17 -2 10 11 12 -3 18 16 -11 22 -4 -14 -20 -8 -22 -6 24 25 29 -26 -27 -25 -12
right_child=8 2 3 -5 14 -7 20 -9 -10 15 23 -13 13 -15 -16 -17 -18 -19 19 -21 21 -23 -24 28 26 27 -28 -29 -30 -31
leaf_value=0.017664530338391295 -0.009206240529895153 0 0 -0.00025024916583443665 0.014099377941823671 -0.0050944110144823182 -0.0011651465016418072 -0.00127108233766282 0.0041083331819421441 -0.012938958771040322 -0.0025964522268165169 0.0038782764600835519 -0.01054932515281172 0.0024545819201088974 -0.0031220488375277846 0.00035132859073452394 -0.0016911435309040154 0.017561954508377726 0.0056570512561473201 -0.0077075807302985095 0.010477224145805339 -0.0021546273800379327 0 0.00013987839096560328 -0.010879879619810464 0.015283028742840959 0.0021445222406436919 -0.0003071521405529388 -0.011126396572985144 0.0084169754854231116
leaf_weight=13.42967880470678 31.788427804363891 47.983517292654142 4.0535732177086219 27.056087268516421 17.334910925710581 6.5819905104581258 28.011687939288095 4.943168483208864 5.1142603661864987 17.382132367696617 22.932049019727859 19.246025984873995 66.04334907408338 9.9983933987095934 10.733281273860483 6.5165775169152758 5.7732697427272788 13.620960204512812 8.0780957757960987 5.6464860942214719 16.285762402694676 4.1918626523111007 5.6557529848068944 58.809759115800261 8.8588382077869046 19.977646059589464 19.871333494782448 3.438298442400991 6.2555923704057923 8.7926549380645138
leaf_count=266 2678 2936 265 1907 308 486 1999 381 448 1009 1261 581 4254 758 924 390 112 678 391 354 681 496 123 4739 326 516 716 364 453 397
internal_value=-0.000104334 0.000398962 -0.00042149 0.00467161 -0.00123684 0.00538279 0.00721626 0.0102509 -0.00646179 -0.00205312 -0.00125463 -0.0036896 -0.00503862 -0.0073707 0.00440205 -0.00913561 0.00798308 0.0140348 -0.00897928 0 0.00223722 0.00704494 0.011122 0.00119424 0.00347528 0.00684499 -0.00233747 0.0125482 -0.00143945 0.000646492
internal_weight=524.405 487.503 419.002 49.6738 369.328 68.501 61.919 22.6177 36.9027 329.831 305.932 156.996 137.75 89.7663 39.4972 23.8987 28.7639 17.6745 79.7679 13.7246 48.4893 20.4776 22.9907 148.936 83.8708 55.1406 28.7302 23.4159 65.0654 31.7247
internal_count=31197 28071 24143 3231 20912 3928 3442 1324 3126 19445 18046 9274 8693 5757 1467 1399 543 943 4999 745 3176 1177 431 8772 3580 2538 1042 880 5192 1658
is_linear=0
shrinkage=0.05


Tree=69
num_leaves=31
num_cat=0
split_feature=12 10 41 19 9 32 19 8 41 37 11 37 8 21 9 28 27 25 21 38 25 31 3 32 38 25 6 27 8 8
split_gain=0.8675 0.845306 1.66162 0.813497 0.769143 0.846151 1.123 0.741379 0.71316 0.650487 0.550703 0.68401 0.605672 0.513423 0.538656 0.509391 0.485534 0.47796 0.474957 0.457233 0.497613 0.426626 0.405005 0.712127 0.384903 0.381542 0.389904 0.410077 0.380783 0.372373
threshold=0.42333334684371954 0.35666668415069586 0.036879267543554313 -0.29000000655651087 0.19666665792465213 0.23666667938232425 -0.24333333969116208 0.37000000476837164 0.034374734386801727 -0.080943584442138658 -0.076666668057441698 -0.0072340965270996085 0.01666665077209473 -0.22999998927116391 -0.15000000596046445 -0.13666665554046628 0.069999992847442641 -0.069999992847442613 1.0000000180025095e-35 -0.08739995956420897 -0.26999998092651362 0.41666668653488165 0.17666667699813846 0.22333335876464847 -0.12991857528686521 -0.31666666269302363 -0.15666666626930234 -0.41666667163372034 0.096666663885116591 -0.056666672229766839
decision_type=2 2 2 2 2 2 2 2 2 2 2 2 2 2 2 2 2 2 2 2 2 2 2 2 2 2 2 2 2 2
left_child=1 4 8 -4 5 10 -7 15 22 -2 11 12 -1 24 19 -6 17 25 -11 20 -15 -8 -3 -24 -12 -13 27 -27 -16 -28
right_child=9 2 3 -5 7 6 21 -9 -10 18 13 16 -14 14 28 -17 -18 -19 -20 -21 -22 -23 23 -25 -26 26 29 -29 -30 -31
leaf_value=-0.0091926539156623448 0.0039417222323444873 0.0061754135046037497 0.017155457495497118 0.0017128344245743996 0 0.013046593443811871 -0.0046883845900231747 0.003361477516145555 -0.013461826165697043 -0.014775217847710182 0.0043435116874555538 0.0050870555574564127 0.0001805776862997805 -0.0092669244245652625 -0.0042172921004473649 -0.0094217951228627809 -0.0048315338925707871 0.0065561428124129217 0 0.007969769172270184 0.0044332378274314242 0.0059263161434786899 -0.013191202838416497 0.0038701117490932387 -0.0058819646872718019 0.00057821077660131918 0.0061519010381656447 -0.013357942808426585 0.0049150783368932492 -0.0052319332102730943
leaf_weight=43.8049383724574 3.6170627239625928 13.553736532805493 21.090678569860756 20.50521384133026 13.711359131149946 23.313063133042306 18.968395928852264 14.492560370010322 5.3070047302171579 15.690029196441175 5.1367079620249596 9.3081319925840926 18.30086657917127 4.9254721102770409 26.689098296687007 47.634685389697552 26.410459405509755 31.670449022436514 8.6560946435201895 54.347659952472895 9.6725084953941387 8.7592347981408221 4.8279488980770093 6.2987343890126795 26.02863414445892 2.6235740585252634 9.0343541409820336 8.5029291235841793 10.353727317880837 7.2225888532120761
leaf_count=2554 169 666 392 1767 1084 549 2244 1112 243 1517 229 400 943 163 1875 2801 1838 1266 830 3393 398 276 208 337 1965 61 357 365 813 282
internal_value=-3.5344e-05 0.000444536 0.00526473 0.0112437 -0.000379133 0.000580804 0.0061858 -0.00477477 -0.0028259 -0.00780863 -0.000413081 -0.00245969 -0.00629097 0.0017582 0.00349779 -0.00719636 2.79941e-05 0.00247994 -0.0108124 0.00599356 -0.000328458 -0.000136195 0.000831678 -0.00410098 -0.00309479 -0.000879789 -0.00420666 -0.0095608 -0.000754589 0
internal_weight=520.458 492.495 71.5833 41.5959 420.911 345.073 51.0407 75.8386 29.9874 27.9632 294.032 156.878 62.1058 137.154 105.988 61.346 94.7725 68.362 24.3461 68.9456 14.598 27.7276 24.6804 11.1267 31.1653 36.6916 27.3834 11.1265 37.0428 16.2569
internal_count=31097 28581 3613 2159 24968 19971 3069 4997 1454 2516 16902 8066 3497 8836 6642 3885 4569 2731 2347 3954 561 2520 1211 545 2194 1465 1065 426 2688 639
is_linear=0
shrinkage=0.05


Tree=70
num_leaves=31
num_cat=0
split_feature=11 21 26 13 27 10 39 39 11 37 39 9 26 18 37 24 26 20 41 12 41 14 24 24 16 6 37 37 14 38
split_gain=0.62975 0.670655 0.576425 0.552032 0.734585 0.609019 0.60466 0.460455 0.449519 0.810802 0.927085 0.886795 0.826822 0.595204 0.568178 0.859463 0.620588 0.493124 0.472078 0.430064 0.571337 0.440614 0.427646 0.425218 0.416369 0.613621 0.433885 0.413521 0.408324 0.406063
threshold=-0.48333333432674402 0.3966666460037232 0.48333334922790533 0.3966666460037232 0.4499999880790711 0.41666668653488165 0.027743459679186348 0.036030437797307975 -0.15000000596046445 0.01410198211669922 0.027195124886929992 -0.030000001192092892 0.05500000715255738 -0.14333333075046537 0.0086016654968261736 0.056666672229766853 0.083333313465118422 -0.1766666769981384 0.03254502825438977 0.32999998331069952 0.055297430604696281 -0.030000001192092892 0.21666666865348819 -0.28333333134651179 -0.22333332896232602 0.056666672229766853 0.025034427642822269 -0.00031042098999023432 0.33666664361953741 0.1182537078857422
decision_type=2 2 2 2 2 2 2 2 2 2 2 2 2 2 2 2 2 2 2 2 2 2 2 2 2 2 2 2 2 2
left_child=23 3 -3 5 7 8 -7 28 14 12 13 -12 19 -11 -2 17 -17 -16 -14 20 -10 -22 -21 -1 25 -19 -27 -25 -5 -15
right_child=1 2 -4 4 -6 6 -8 -9 9 10 11 -13 18 29 15 16 -18 24 -20 22 21 -23 -24 27 -26 26 -28 -29 -30 -31
leaf_value=-0.0012850441591257717 -0.0045826814912141552 -0.0073747044843227713 0.0048279369288320301 0 0.0051328610483798755 0.010896452575925189 -0.0025741484446117177 0.0012122618366465449 -0.0046523729650612376 0.0014183472705670058 0.011042280807215645 -0.0053830079795017189 0 -0.010430657408133101 -0.0095754303501855639 -0.00060244727376586576 0.011233824502713968 0.008526496500121215 0.009943889600778617 0.011857700928727377 -0.0027338260743319642 0.010079285734130106 -0.0011503259185049919 0 -0.0055693598372299888 0.0037446126016735522 -0.010382706013890124 0.015094574788792623 -0.013666964169111459 0
leaf_weight=5.2705849015619632 89.375833929283544 51.642156267538667 4.7382141430862239 4.9772904650308254 5.8276206074515349 19.802033404121179 5.6203462281264356 3.9581547733396283 45.964862791821361 13.907024395535698 15.024174323305489 6.5183582813478997 13.733856112463398 35.401908819098026 12.341890374431385 11.775977494660767 20.189591290196404 17.96488648164086 47.824787667021155 7.660649176919831 4.2197725425940016 9.1438653161749208 4.4003093517385423 8.0359722713474238 12.874543227721007 2.7409857532475135 5.2188657796941698 9.0372565814759529 20.532472579972818 6.2214655301067969
leaf_count=120 4605 3142 89 511 539 1150 230 181 3488 806 706 516 880 3294 666 635 609 546 2607 364 363 511 415 151 1046 98 202 143 1761 767
internal_value=-0.000279052 -0.000727426 -0.00558269 0 -0.00555377 0.000506874 0.0071999 -0.00888282 0 0.00149204 -0.00228281 0.00507464 0.0038644 -0.00575988 -0.0018979 0.000823007 0.00680881 -0.00280296 0.0078301 0 -0.00179186 0.00514884 0.00692212 0.00689616 0 0.00377719 -0.00420854 0.0101827 -0.0111752 -0.00855973
internal_weight=521.946 499.602 56.3804 443.222 35.2955 407.926 25.4224 29.4679 382.504 210.021 77.0729 21.5425 132.948 55.5304 172.483 83.1067 31.9656 51.1412 61.5586 71.3895 59.3285 13.3636 12.061 22.3438 38.7993 25.9247 7.95985 17.0732 25.5098 41.6234
internal_count=31141 30727 3231 27496 2992 24504 1380 2453 23124 14717 6089 1222 8628 4867 8407 3802 1244 2558 3487 5141 4362 874 779 414 1892 846 300 294 2272 4061
is_linear=0
shrinkage=0.05


Tree=71
num_leaves=31
num_cat=0
split_feature=30 31 37 1 33 31 29 14 33 41 38 24 8 37 14 10 1 37 11 20 41 41 27 7 40 7 39 38 28 41
split_gain=0.876342 0.770948 0.783552 0.703596 0.656983 0.587756 0.792077 0.757889 0.658513 0.669396 0.636151 1.22614 1.0216 0.980136 0.891802 0.71502 0.579708 0.585964 0.566633 0.778243 0.56285 0.61347 0.555069 0.552309 0.498097 0.461349 0.66118 0.43274 0.45163 0.413885
threshold=0.44333332777023321 0.47666668891906744 0.0016446113586425783 0.096666663885116591 0.21666666865348819 -0.236666664481163 0.18333333730697635 0.29000002145767217 -0.2766666561365127 0.05411899462342263 -0.056524276733398431 -0.030000001192092892 -0.32999998331069941 0.0016446113586425783 -0.3899999856948852 0.14999997615814212 -0.36333334445953364 -0.078486442565917955 -0.45666666328907007 -0.32166665792465204 0.036879267543554313 0.031524809077382095 0.069999992847442641 -0.46999999880790705 0.94999998807907116 0.34333333373069769 0.017468849197030071 -0.005301952362060546 -0.21666666865348813 0.051579894497990615
decision_type=2 2 2 2 2 2 2 2 2 2 2 2 2 2 2 2 2 2 2 2 2 2 2 2 2 2 2 2 2 2
left_child=1 5 4 -2 -3 10 7 8 9 20 13 14 -13 -1 15 -12 -9 -18 -14 -20 21 -7 -21 -19 -8 26 -5 28 -10 -27
right_child=3 2 -4 25 -6 6 24 16 27 -11 11 12 18 -15 -16 -17 17 23 19 22 -22 -23 -24 -25 -26 29 -28 -29 -30 -31
leaf_value=-0.011471114730688507 0.01112832394272161 0.016210069268757232 -0.0027843407904119739 0.0037397802459081227 -0.0004167608952233815 -0.0069642472052484986 -0.008275080123618557 0.0011075046296696348 0.010442709279330345 0.0035051813142409488 0 -0.0054732927630314464 -0.00018962486569980657 0.0048403295983542862 0.003272935461419468 -0.01537004087298019 0.0013970538854236056 0.00071684967725835571 -2.8231324155636247e-05 0.017416021918520829 -0.011680065239003622 0.0056180588642886151 0.00038867686897359362 -0.014383226224497742 0.0036763199936914737 0.0089697828285760627 -0.011063968695355912 -0.00056872628934662064 0.0015797745218342704 -0.0033193039868882322
leaf_weight=15.125220239278862 24.382329442771152 12.882767928298568 7.8632016978226593 6.6863716037478325 4.1946254742797455 13.571034411666917 63.105145327979699 11.751920684939249 20.251753432676196 16.269106458406895 11.23440890107304 6.4286612058058372 6.615627452498301 9.1554952492006105 24.905297609977424 10.764825330115853 4.9562413906678549 3.1018646080046883 7.3317669746465972 29.966052488423884 20.729722961550578 12.565848701633511 9.4088357789441925 24.512333233840767 3.4499025121331206 13.993685786146672 9.9765892117284221 55.10699750110507 58.802366422954947 3.008579946588724
leaf_count=1227 601 262 403 129 148 1011 4870 807 984 1065 266 344 132 576 2103 249 199 144 437 854 1621 787 657 1875 298 635 232 4176 3798 250
internal_value=6.57028e-05 -0.000635087 0.00689199 0.00559305 0.0119963 -0.00120592 -0.00241543 -0.000895553 0.00037196 -0.00348794 0.00143936 0.00324949 0.00778058 -0.00475458 -0.00227784 -0.00880949 -0.00640618 -0.00951596 0.0101919 0.0119909 -0.0065107 -0.000217616 0.0144876 -0.0121181 -0.00705822 0 -0.00460312 0.00243833 0.00472067 0.00540976
internal_weight=522.099 464.051 24.9406 58.0476 17.0774 439.11 308.174 241.619 197.297 63.1357 130.936 106.655 59.7509 24.2807 46.9045 21.9992 44.3224 32.5704 53.3223 46.7067 46.8666 26.1369 39.3749 27.6142 66.555 33.6652 16.663 134.161 79.0541 17.0023
internal_count=31140 29293 813 1847 410 28480 21635 16467 13442 4484 6845 5042 2424 1803 2618 515 3025 2218 2080 1948 3419 1798 1511 2019 5168 1246 361 8958 4782 885
is_linear=0
shrinkage=0.05


Tree=72
num_leaves=31
num_cat=0
split_feature=31 1 37 17 23 30 8 39 39 7 25 0 16 39 39 3 30 41 5 14 33 7 39 38 32 39 26 38 40 39
split_gain=0.841265 0.863262 0.559926 0.524996 0.473331 0.729702 0.551883 0.780464 0.740423 0.702199 0.71003 0.618191 0.851405 0.653738 0.549795 0.497076 0.486091 0.642606 0.466845 0.612942 0.457019 0.456614 0.434135 0.414499 0.388689 0.379731 0.379687 0.34612 0.368756 0.393532
threshold=0.48333334922790533 0.32333332300186163 0.010866641998291017 -0.46999999880790705 -0.15000000596046445 0.41666668653488165 -0.11666667461395262 0.029931325465440754 0.025036369450390342 0.31666666269302374 0.2883333563804627 -0.15000000596046445 -0.10333332419395445 0.014736918266862633 0.03156592138111592 0.23666667938232425 0.24333333969116214 0.055297430604696281 -0.2766666561365127 0.25000000000000006 0.26333332061767584 -0.15000000596046445 0.020622792653739456 0.0053477287292480477 -0.0099999904632568342 0.017468849197030071 -0.069999992847442613 -0.16125297546386716 0.94999998807907116 0.010980854276567699
decision_type=2 2 2 2 2 2 2 2 2 2 2 2 2 2 2 2 2 2 2 2 2 2 2 2 2 2 2 2 2 2
left_child=1 4 -2 20 5 18 7 8 25 11 14 12 13 -8 -11 16 22 -18 19 -1 -3 -10 26 -17 -24 -6 -13 -5 29 -29
right_child=2 3 -4 27 6 -7 9 -9 21 10 -12 15 -14 -15 -16 23 17 -19 -20 -21 -22 -23 24 -25 -26 -27 -28 28 -30 -31
leaf_value=0.003951412717730622 0.013197756863142358 0.0091681372077326521 -0.00084678213614542059 0.0016962296744546209 0 0.0072217594579715499 0.00076542703385396125 0.012735622063625147 -0.012842399470567652 0.01468915023507307 -0.0015245579659806923 0.00086982081301497033 0.0014229710747512825 -0.015464152099465689 -0.0012565682436331488 -0.0097091009231847821 0.01076931215297741 -0.0020667934243399628 -0.0054027477189516407 -0.0058501053555318899 -0.0038043187360639673 0.00100831949329081 -0.0016627865163165838 0.00049507753376660027 0.008303755220980466 0.0061329489019463449 -0.0094699395657220475 0.001957974291271839 0.0013919876863509521 -0.0099452673310431831
leaf_weight=37.61501348647289 13.258371583884584 6.2589840614236874 5.3094578059390178 3.8537290282547465 31.381967131397687 12.675122327404095 3.8855479236226556 17.067327575059608 6.6144188996404409 14.291434428654616 11.682797483168541 7.5302580550778684 12.824200008297337 17.998707559891045 2.5209277998656026 13.510760234203191 21.416151972953234 8.1442180350422841 80.382079369854182 18.877996716881171 6.9610608536750078 4.2775148407090438 11.437947937287392 10.705528800142927 11.690821476047857 51.589612299343571 13.46419724752195 2.0281099095009258 3.5367207576055071 56.491111346287653
leaf_count=2213 347 104 293 279 1903 404 120 741 410 646 1157 654 1115 764 108 793 745 291 5867 1372 117 293 711 551 733 2630 807 122 336 4449
internal_value=-4.40358e-05 -0.000528349 0.00893814 -0.00514155 0.00033906 -0.00180026 0.00161853 0.00424327 0.00177635 -0.000126634 0.00609936 -0.00185097 -0.0070444 -0.0121414 0.0115006 5.01185e-05 0.00233886 0.00677777 -0.0030789 2.88355e-05 0.00198148 -0.00749686 -0.000591566 -0.00516812 0.00318945 0.00369813 -0.00546615 -0.00696405 -0.00797134 -0.00900153
internal_weight=519.282 500.714 18.5678 79.1297 421.585 149.55 272.034 110.931 93.8635 161.103 28.4952 132.608 34.7085 21.8843 16.8124 97.8999 73.6836 29.5604 136.875 56.493 13.22 10.8919 44.1232 24.2163 23.1288 82.9716 20.9945 65.9097 62.0559 58.5192
internal_count=31075 30435 640 5407 25028 9856 15172 5977 5236 9195 1911 7284 1999 884 754 5285 3941 1036 9452 3585 221 703 2905 1344 1444 4533 1461 5186 4907 4571
is_linear=0
shrinkage=0.05


Tree=73
num_leaves=31
num_cat=0
split_feature=21 26 30 25 32 31 26 19 24 5 3 23 9 17 31 32 24 5 3 41 2 36 26 19 37 41 33 25 2 1
split_gain=0.692253 0.888181 0.73562 0.719098 0.71378 1.00397 0.699594 0.597207 0.947121 0.568826 0.522902 0.633555 0.797319 0.712348 0.585045 0.584107 0.489147 0.457768 0.674432 0.430902 0.496669 0.42736 0.411836 0.400655 0.39641 0.351434 0.344841 0.34182 0.331809 0.329216
threshold=0.3966666460037232 0.48333334922790533 0.46333330869674688 0.31000000238418585 0.21666666865348819 0.48333334922790533 -0.32333332300186152 -0.17000000178813932 0.096666663885116591 0.3966666460037232 0.19666665792465213 -0.15000000596046445 0.12333333492279054 0.056666672229766853 0.4499999880790711 -0.31666666269302363 0.14333331584930423 -0.35000000894069666 -0.14333333075046537 0.029189252294600013 -0.35000000894069666 -0.29666668176650995 0.043333351612091071 -0.19666665792465207 0.029827117919921878 0.062716234475374236 0.41000002622604376 -0.35000000894069666 0.069999992847442641 0.096666663885116591
decision_type=2 2 2 2 2 2 2 2 2 2 2 2 2 2 2 2 2 2 2 2 2 2 2 2 2 2 2 2 2 2
left_child=2 21 3 4 5 10 -6 8 -8 24 11 12 13 19 15 -15 -12 27 -19 -1 -21 -2 -20 -14 -4 -24 -23 -13 -18 -22
right_child=1 -3 9 -5 6 -7 7 -9 -10 -11 16 17 23 14 -16 -17 28 18 22 20 29 26 25 -25 -26 -27 -28 -29 -30 -31
leaf_value=0 0.00011305677517729895 0.0078254062146510799 0.01569133579771452 -0.0054326048019202114 -0.0048900067875802811 0.011570560959813372 0 0.00085749467079366789 0.017926979302512129 -0.0013877870782035891 0 0.0028382118815551368 0.0081069710914589872 0.010068826182951577 -0.0095272163000942392 -0.0020247496302179201 0 0.009363632844654619 0.0043961136031633241 0 -0.014337623252244872 -0.010516166699206596 0.00027526237273781568 -0.0012095825318934451 0 -0.0075802591107681479 0 -0.0076204557561586842 -0.012390883234393702 0
leaf_weight=7.322908332804217 10.217510167043654 5.3323349235579363 11.819576608715584 46.715129856485873 7.0311975912190965 11.161334073636679 10.801102151861416 27.725737199885771 16.699827654985711 6.1927783472929141 28.659951794194058 4.6651615537703064 15.293806990608575 13.188291215104986 4.0014276085421434 11.942884972086176 6.7139692029450115 30.056025550467893 44.163240125635639 9.2454782477579993 29.492162200156599 39.487141337012872 43.681938247056678 14.208399568451567 7.2703306891489765 11.875153050059451 6.9895550825167438 13.268144571222363 17.292238258523867 6.4570095452945671
leaf_count=450 645 99 223 4965 595 319 358 2416 443 368 1735 241 532 761 112 862 414 1487 2913 512 1820 2059 2118 1264 152 498 507 710 1141 378
internal_value=-5.90643e-05 -0.00480962 0.00058576 0 0.000786695 -0.000118445 0.00544242 0.0075165 0.0121277 0.00799161 -0.000826691 4.33777e-05 -0.00263132 -0.00520763 0.000329835 0.00423607 -0.00509641 0.00224289 0.00339762 -0.00842546 -0.0101087 -0.00703194 0.000933601 0.00346977 0.011635 -0.00157289 -0.00891244 -0.00382572 -0.00956741 -0.012422
internal_weight=518.972 62.0265 456.945 431.663 384.947 322.69 62.2579 55.2267 27.5009 25.2827 311.528 258.862 111.152 81.6502 29.1326 25.1312 52.6662 147.71 129.776 52.5176 45.1946 56.6942 99.7203 29.5022 19.0899 55.5571 46.4767 17.9333 24.0062 35.9492
internal_count=31097 3310 27787 27044 22079 18267 3812 3217 801 743 17948 14658 6691 4895 1735 1623 3290 7967 7016 3160 2710 3211 5529 1796 375 2616 2566 951 1555 2198
is_linear=0
shrinkage=0.05


Tree=74
num_leaves=31
num_cat=0
split_feature=4 4 12 30 39 8 40 9 39 10 24 36 10 1 2 6 30 35 32 18 25 5 25 16 25 33 41 4 40 30
split_gain=0.618735 0.72912 0.72987 0.909521 0.708619 0.512566 0.464482 0.464135 1.27937 1.08376 0.739335 0.649163 0.871201 0.72456 0.668628 0.630039 0.602719 0.608198 0.593363 0.589352 0.577466 0.515769 0.486965 0.47323 0.472262 0.461135 0.593511 0.422966 0.414189 0.568969
threshold=-0.33666665852069849 -0.46999999880790705 -0.36333334445953364 -0.4433333277702331 0.024050278589129451 0.25666666030883795 0.13000000268220904 -0.13666665554046628 0.029931325465440754 -0.030000001192092892 0.11000001430511476 0.096666663885116591 0.083333313465118422 0.33666664361953741 0.40333333611488348 -0.21000000834465024 0.42333334684371954 -0.049999997019767754 -0.22333332896232602 0.37000000476837164 -0.37666666507720942 -0.016666665673255917 0.18333333730697635 -0.46999999880790705 -0.083333343267440782 0.12333333492279054 0.049374902620911605 0.18500000238418582 0.5900000035762788 0.31000000238418585
decision_type=2 2 2 2 2 2 2 2 2 2 2 2 2 2 2 2 2 2 2 2 2 2 2 2 2 2 2 2 2 2
left_child=1 -1 5 -4 6 -3 -5 10 11 -10 -2 12 -9 16 15 -15 17 -13 -12 20 -20 -18 25 -11 -23 27 -27 -14 -19 -30
right_child=7 2 3 4 -6 -7 -8 8 9 23 18 13 22 14 -16 -17 21 28 19 -21 -22 24 -24 -25 -26 26 -28 -29 29 -31
leaf_value=-0.0051094276407407883 -0.00098120492737807999 0.018399998879888853 0.012016775738035095 -0.011839695494649341 0.0060749060491763728 0 0 -0.0069569938615260509 0.0023259585086589317 0 -0.00082755983487063493 0.0065299838768782276 0.0037247602533323609 0.0028903874902835467 0.0021111059901772942 -0.014028017794755127 -0.00036933750221260632 0.0012699986704625714 -0.0025959019134482349 -0.0013692348071825955 0.012771164212963846 0 -0.0077805935635208885 -0.016976560459121853 0.015638804194520801 0.014582902292785714 -0.0020524879984748601 -0.0055930229283134786 0 -0.013409587057226556
leaf_weight=10.846309340791775 92.910333351697773 10.508372292388229 11.986806714907287 9.5814470755867678 15.140536261256782 3.729827598668634 21.183712501544505 60.594846207415685 8.171649025520308 4.1971448031254104 16.726625097217038 27.90836059092544 25.641749405302107 2.2709269679617146 14.852267327252774 12.568261326989159 4.8443482988514033 29.45590711152181 2.0898689490277311 6.490390228573232 33.623041746206582 3.7858894334640416 5.6430264024529597 21.286134136607874 17.040007233386856 8.9727350017055851 2.7391514140181235 13.769345929846166 10.636477283202113 8.384966080542652
leaf_count=807 5595 280 447 574 924 108 1786 3864 548 75 1046 1699 1159 133 1076 850 111 2183 140 461 1824 98 507 1581 625 298 120 771 900 470
internal_value=0.000209962 0.00404401 0.00602706 0.00235767 -0.000780375 0.0145893 -0.0052749 -0.000510418 -0.00173832 -0.0101037 0.001597 -0.000299092 -0.003009 0.00195933 -0.00399391 -0.0101525 0.00404828 0.00116248 0.00576193 0.00867014 0.0110285 0.00999893 0.00106916 -0.0145672 0.0128858 0.0031983 0.00990346 0 -0.00184754 -0.00682127
internal_weight=517.58 82.977 72.1307 57.8925 45.9057 14.2382 30.7652 434.603 282.763 33.6549 151.84 249.108 117.361 131.747 29.6915 14.8392 102.056 76.3857 58.9299 42.2033 35.7129 25.6702 56.766 25.4833 20.8259 51.123 11.7119 39.4111 48.4774 19.0214
internal_count=31060 4926 4119 3731 3284 388 2360 26134 17068 2204 9066 14864 6719 8145 2059 983 6086 5252 3471 2425 1964 834 2855 1656 723 2348 418 1930 3553 1370
is_linear=0
shrinkage=0.05


Tree=75
num_leaves=31
num_cat=0
split_feature=3 30 36 37 17 40 19 39 31 37 38 33 38 31 33 2 33 20 6 30 30 12 13 40 40 33 29 17 38 39
split_gain=0.578737 0.650654 1.0646 0.623523 0.613613 0.770852 0.580031 0.564794 0.806748 0.641033 0.589974 0.784587 0.585133 0.581262 0.492947 0.486059 0.397025 0.37443 0.435773 0.57432 0.454778 0.357987 0.494457 0.421274 0.341104 0.334423 0.328152 0.386198 0.389662 0.288602
threshold=0.17000001668930056 0.42833334207534796 0.38999998569488531 0.030964851379394535 0.38333332538604742 0.33333332836627966 -0.04333332180976867 0.013434986118227245 0.31666666269302374 -0.00031042098999023432 0.0096426010131835955 0.19666665792465213 0.11386013031005861 -0.28333333134651179 0.42333334684371954 -0.46999999880790705 0.17000001668930056 -0.18333333730697629 -0.11666667461395262 -0.069999992847442613 -0.32999998331069941 0.25666666030883795 0.13666665554046634 0.39666667580604559 0.77666664123535167 0.23666667938232425 -1.0000000180025095e-35 -0.096666663885116563 -0.0091152191162109358 0.031014758162200454
decision_type=2 2 2 2 2 2 2 2 2 2 2 2 2 2 2 2 2 2 2 2 2 2 2 2 2 2 2 2 2 2
left_child=1 4 -3 7 17 15 -5 13 10 16 -9 24 -13 -2 -4 -6 -10 18 19 20 29 22 -19 -24 -12 -17 27 -23 -29 -1
right_child=3 2 14 6 5 -7 -8 8 9 -11 11 12 -14 -15 -16 25 -18 21 -20 -21 -22 26 23 -25 -26 -27 -28 28 -30 -31
leaf_value=-0.0095923764937823064 0.010994526443408738 0.012799773968415208 -0.010495528801949705 0.0065596595184248185 -0.00030414649876812065 -0.002874506681294727 -0.0035065098105592322 -0.010899358710659586 0.011974109385038616 -0.0070607923968918412 -0.011083488114325997 0.010028547149601556 -0.0055191075853394536 -0.0041576331804639719 0.0038996168015782984 0.017172213339008622 -1.7391335198343369e-05 0.00027189960013206007 0 -0.012636369355466996 0.0037650202444895944 -0.0017278748770034821 -0.011546679685607745 0 0 0 -0.0018966767322794289 0.013307923524256582 0 0.00089359536045226045
leaf_weight=11.13524732203223 5.8210381509270519 19.259235796518627 5.5428920928388816 23.026503910077736 2.7679722812026766 8.144222033210097 19.755702715367079 58.406045878422447 8.6382132896687853 5.4667001743800929 12.559919141232969 12.019648052519186 2.2346205473877481 5.7560934727080149 4.3369193649850786 11.402526492020117 5.721163530368357 166.30185805109795 37.901067247381434 17.271772580454126 14.920327140716834 2.8045582338236335 11.656417502323167 11.548420236445962 5.5772089571692041 2.2204404226504257 5.0613554537994778 13.832605674630036 4.5028129429556385 2.8944965058471999
leaf_count=707 192 378 128 1002 160 705 1932 3921 334 439 698 674 110 462 194 419 329 9287 2952 924 980 215 873 971 302 210 540 471 524 121
internal_value=-0.000674676 0.000412159 0.00690041 -0.00308237 -0.000209769 0.00645191 0.00153932 -0.00489174 -0.00607265 0.00170803 -0.00803043 -0.00131125 0.00544395 0.00319103 -0.00351633 0.011731 0.00737133 -0.000952522 -0.00366815 -0.00663946 -0.000791249 6.43817e-05 -0.000629472 -0.00667406 -0.00768955 0.0147956 0.0050414 0.00767575 0.0102128 -0.00656123
internal_weight=518.488 353.505 29.139 164.983 324.366 24.5352 42.7822 122.201 110.624 19.8261 90.7974 32.3914 14.2543 11.5771 9.87981 16.3909 14.3594 299.831 84.1229 46.2218 28.9501 215.708 189.507 23.2048 18.1371 13.623 26.2013 21.14 18.3354 14.0297
internal_count=31154 20759 700 10395 20059 1494 2934 7461 6807 1102 5705 1784 784 654 322 789 663 18565 5684 2732 1808 12881 11131 1844 1000 629 1750 1210 995 828
is_linear=0
shrinkage=0.05


Tree=76
num_leaves=31
num_cat=0
split_feature=4 36 27 23 25 7 39 3 11 7 39 32 32 33 38 39 6 38 41 29 16 2 39 1 41 25 2 25 10 33
split_gain=0.71549 0.605826 0.935786 0.492766 0.662948 0.82578 0.984399 0.669299 0.640134 0.651403 0.50428 0.824731 0.560095 0.48883 0.476123 0.861354 0.707853 0.494665 0.471033 0.526902 0.483199 0.458125 0.429408 0.426058 0.427374 0.40207 0.400781 0.399782 0.393022 0.387411
threshold=-0.33666665852069849 0.35000002384185797 -0.26333332061767573 -0.19666665792465207 0.32999998331069952 0.32999998331069952 0.031014758162200454 0.45666664838790899 -0.13666665554046628 -0.36333334445953364 0.017052403651177887 0.23000001907348636 -0.16333332657814023 0.46333330869674688 0.026465415954589847 0.029931325465440754 0.13666665554046634 -0.12991857528686521 0.041539816185832031 0.20999997854232791 -0.26333332061767573 0.18999999761581424 0.013434986118227245 0.21666666865348819 0.044190824031829841 0.096666663885116591 0.23000001907348636 0.069999992847442641 -0.016666665673255917 -0.15666666626930234
decision_type=2 2 2 2 2 2 2 2 2 2 2 2 2 2 2 2 2 2 2 2 2 2 2 2 2 2 2 2 2 2
left_child=1 2 -1 25 5 8 7 -7 10 21 18 12 -12 22 16 28 17 -11 20 -20 -5 -10 -6 24 -13 -2 27 -19 -16 -14
right_child=3 -3 -4 4 13 6 -8 -9 9 14 11 23 29 -15 15 -17 -18 26 19 -21 -22 -23 -24 -25 -26 -27 -28 -29 -30 -31
leaf_value=0.014490449389936322 -0.0065105047607420851 -0.0027790191476960839 0.0014167825126283607 0.0099371065953826436 0.0017037334787521456 0.01422326380382697 -0.0062955470193279354 -0.00099283342562533124 0 0 0 0.014018353918523097 0 0.002828816995654182 -0.008729374500988072 0.0099990098708456418 -0.0013806285098488778 0.014394928048111084 0.0030138632330547707 -0.0085196578434384076 -0.0025067944081039488 -0.011669130249435165 -0.01138780916837112 -0.0026124115271774799 0 0 0 0 0.00020211103980038352 -0.011271812840322783
leaf_weight=17.76142668351531 55.399341948563233 17.22718731733039 48.502654412295669 16.337847241899002 2.2825022102333667 23.201238843845207 4.3179121033754191 4.7556960762012741 15.072430745232852 11.622444092761723 26.492386927129701 6.0148334580007958 12.552933048456905 4.483059747144579 17.323519854224287 7.6185996911954126 18.977034399518743 31.723691703751683 12.300005992874505 12.584045112598686 4.7744940379634491 6.756964420201256 22.587608467671089 6.9826258444227269 4.1132068356964737 29.769182872027159 11.216094005852936 7.406054599909111 14.895731924334539 43.314694900996983
leaf_count=554 3324 1421 3021 428 179 1161 235 436 815 535 1291 185 691 493 1624 408 1550 1656 637 344 386 402 2204 278 137 2439 876 455 1215 1837
internal_value=-3.69933e-05 0.00398903 0.00617917 -0.000910418 0 0.000649643 0.00756898 0.0111806 -0.00017916 0.00206473 -0.00253872 -0.00451614 -0.00664093 -0.00655625 0.00362964 -0.000288058 0.00573212 0.00820773 0.00128448 -0.00253127 0.00626888 -0.00461138 -0.00927885 0.00369838 0.00895261 -0.00418578 0.0101592 0.0122908 -0.00456253 -0.00925309
internal_weight=518.367 83.4913 66.2641 434.876 349.708 320.354 32.2748 27.9569 288.08 142.613 145.467 99.4707 82.36 29.3532 120.783 39.8379 80.9453 61.9683 45.9964 24.8841 21.1123 21.8294 24.8701 17.1107 10.128 85.1685 50.3458 39.1297 32.2193 55.8676
internal_count=31217 4996 3575 26221 20458 17582 1832 1597 15750 9536 6214 4419 3819 2876 8319 3247 5072 3522 1795 981 814 1217 2383 600 322 5763 2987 2111 2839 2528
is_linear=0
shrinkage=0.05


Tree=77
num_leaves=31
num_cat=0
split_feature=27 2 36 38 35 41 41 41 12 36 4 12 32 15 38 38 38 25 17 12 2 29 32 11 5 4 19 9 12 14
split_gain=0.475967 1.32336 0.884973 0.684807 0.78036 0.672032 1.05819 0.795 0.832959 0.987286 0.813727 0.78173 0.752743 0.715555 0.705867 0.646625 0.603703 0.485027 0.462784 0.454707 0.527924 0.440889 0.66467 0.430289 0.401591 0.401327 0.549826 0.397137 0.49929 0.446087
threshold=-0.16333332657814023 -0.35000000894069666 0.35666668415069586 0.11386013031005861 0.096666663885116591 0.03232953883707524 0.037021264433860786 0.041826598346233375 -0.35000000894069666 0.25666666030883795 -0.1766666769981384 -0.3899999856948852 0.23666667938232425 -0.236666664481163 -0.015715122222900387 0.074775695800781264 -0.032514572143554681 -0.20333333313465116 -0.15666666626930234 0.030000001192092899 0.29000002145767217 0.16333335638046267 -0.19666665792465207 -0.049999997019767754 0.26333332061767584 -0.31666666269302363 -0.2766666561365127 -0.26333332061767573 0.18333333730697635 0.22333335876464847
decision_type=2 2 2 2 2 2 2 2 2 2 2 2 2 2 2 2 2 2 2 2 2 2 2 2 2 2 2 2 2 2
left_child=1 2 -1 4 15 13 12 11 9 10 -9 -8 25 16 -14 17 -3 19 -17 -2 -21 22 -10 -5 -12 -7 -27 28 29 -19
right_child=3 5 -4 23 -6 6 7 8 21 -11 24 -13 14 -15 -16 18 -18 27 -20 20 -22 -23 -24 -25 -26 26 -28 -29 -30 -31
leaf_value=0.014658222742019434 0 -0.0019280591781059607 -0.0017207689600668608 -4.7875582642760242e-05 -0.006476825884673014 0 0.014368661708247042 0.0018086079735341711 -0.001618401368123482 0.0036311946358602142 -0.015989859094077619 0 -0.0071076256568273115 -0.0018418359125129625 0.010816056407219546 0 0.011473126168843965 -0.012488778309744188 -0.01315484146712554 0.0099692407130622055 -0.0018094619331066185 -0.0025009697032537747 0.010028426269204235 0.0099557231219792059 0 -0.018923768890222199 0 0.0010590192797497232 0.00011864879526562879 0.00066980029382741077
leaf_weight=22.084558781003583 32.138264859328046 5.2306193374097338 6.4774968139827243 13.580667405622082 75.865006624138914 3.2495958474464741 11.898982517886909 5.9921307647600761 13.664087983313946 11.278332675807176 22.650272482773293 18.764243128476664 4.6288737040013075 18.522698491346091 4.6073028224054706 9.1879667371977138 27.795766807626933 16.576060713967312 9.6782532623037678 29.026329793734476 6.351974409306421 21.404276910820045 21.917995178606361 13.420852526556699 4.7591600404120973 14.309660789556803 6.7255768349859855 46.296277816174552 16.69292224291712 3.4794690147973588
leaf_count=823 2183 219 360 828 7385 122 259 157 694 253 666 1007 182 1319 208 497 687 1187 925 1318 453 1232 1178 1331 101 411 512 3634 807 196
internal_value=-4.73503e-05 0.00147806 0.0105665 -0.00151724 -0.00244596 0 -0.00153451 0.000413093 -0.00158369 -0.0064152 -0.0104783 0.00689117 -0.00875102 0.00470769 0.000930885 -0.000338743 0.00873998 0.000717211 -0.00791083 0.00380609 0.00729453 0.00205778 0.00536647 0.00507283 -0.0137551 -0.0127137 -0.0147709 -0.00160058 -0.00521435 -0.00961785
internal_weight=518.256 245.962 28.5621 272.294 245.293 217.4 165.85 132.329 101.666 44.6799 33.4016 30.6632 33.521 51.5491 9.23618 169.428 33.0264 150.561 18.8662 67.5166 35.3783 56.9864 35.5821 27.0015 27.4094 24.2848 21.0352 83.0447 36.7485 20.0555
internal_count=31134 10390 1183 20744 18585 9207 6982 5547 4281 1177 924 1266 1435 2225 390 11200 906 9778 1422 3954 1771 3104 1872 2159 767 1045 923 5824 2190 1383
is_linear=0
shrinkage=0.05


Tree=78
num_leaves=31
num_cat=0
split_feature=27 38 38 31 38 40 13 16 5 35 41 38 26 18 41 41 38 32 31 29 24 38 31 38 37 38 41 28 17 28
split_gain=0.721815 1.09166 0.614044 0.789126 1.1184 0.996056 0.583831 0.535616 0.512413 1.04482 0.780825 0.72825 0.989997 1.36174 0.647077 0.624263 0.570044 0.553255 0.493729 0.502748 0.484648 0.758975 0.509404 0.621551 0.483363 0.465259 0.408186 0.466887 0.389628 0.381158
threshold=-0.1766666769981384 0.11386013031005861 0.22565650939941409 0.40333333611488348 -0.042340755462646477 0.53666669130325328 -0.43000000715255732 -0.096666663885116563 0.1566666662693024 -0.21666666865348813 0.041826598346233375 -0.066086292266845689 0.18999999761581424 -0.43000000715255732 0.048316203057765968 0.055297430604696281 -0.032514572143554681 -0.37666666507720942 -0.076666668057441698 0.47500002384185797 -0.22333332896232602 -0.031785964965820306 -0.28333333134651179 0.026465415954589847 -0.058026790618896477 0.01907444000244141 0.10085978358983995 -0.40333333611488337 -0.46999999880790705 0.24166667461395266
decision_type=2 2 2 2 2 2 2 2 2 2 2 2 2 2 2 2 2 2 2 2 2 2 2 2 2 2 2 2 2 2
left_child=1 8 3 20 5 24 -3 -4 9 17 16 -11 -13 -14 25 -16 -10 -1 19 -18 -2 26 -23 -24 -5 -12 27 -22 -29 -8
right_child=2 6 7 4 -6 -7 29 -9 10 11 14 12 13 -15 15 -17 18 -19 -20 -21 21 22 23 -25 -26 -27 -28 28 -30 -31
leaf_value=0 0 -0.013866254060305436 0.013799186493708272 0 -0.0054972882895652636 -0.001556680199363085 -0.004708429042554506 -0.0015879037787439377 0.00043732685108609844 0.0051585870877289275 -0.012937394199276928 0.0059697234163253524 -0.018389315165372355 -0.0012634602787006707 0.011576015088572505 -0.00096659242958120118 0.019755730697533343 0.010010214485991929 0 0 4.6295175800612487e-05 0.0035057986893578656 0.0011586065209546143 -0.0074986391974786008 0.017306221746583837 0.0017822638781550941 0.0015895073863242224 0.00052796828416650171 -0.012442513795866993 0.0074630870143935178
leaf_weight=14.298008771380408 67.170805800473318 7.9984703990630832 6.3155016342643648 7.1681194971315554 16.135321509442292 11.734569398220627 9.8022124972194415 3.8867778223939222 15.22876464598812 19.755881852703169 6.2793159580323827 11.027777263894675 13.549479582812635 40.260229080333374 10.710779174463825 14.807063048705457 19.150041781598706 33.740445853443816 7.4946555816568461 4.5939104133285573 5.3211321905255309 26.377932139439508 27.367658826871775 40.066183522343636 15.334456180455165 2.8663065633736551 2.7856758297421029 1.9117178358137596 47.996022174949758 4.8185805315151802
leaf_count=652 5855 136 228 133 1379 223 645 372 663 956 245 339 291 2170 382 695 489 1177 604 85 327 1555 2448 3829 301 108 210 47 4248 207
internal_value=0.000397231 0.00243573 -0.00125377 -0.00186036 0.00328181 0.00824332 -0.00656096 0.00797694 0.00365461 0.00138012 0.0067349 -0.00174885 -0.00446513 -0.00740598 0.00012965 0.0047063 0.0106075 0.00693512 0.0140247 0.0169633 -0.00321021 -0.00472952 -0.00143533 -0.00383711 0.0134828 -0.00779501 -0.00903201 -0.0100793 -0.0114952 0
internal_weight=515.954 236.382 279.572 269.37 50.3725 34.2371 22.6193 10.2023 213.763 132.632 81.1308 84.5934 64.8375 53.8097 34.6635 25.5178 46.4674 48.0385 31.2386 23.744 218.997 151.826 93.8118 67.4338 22.5026 9.14562 58.0145 55.2289 49.9077 14.6208
internal_count=30999 9844 21155 20555 2036 657 988 600 8856 5585 3271 3756 2800 2461 1430 1077 1841 1829 1178 574 18519 12664 7832 6277 434 353 4832 4622 4295 852
is_linear=0
shrinkage=0.05


Tree=79
num_leaves=31
num_cat=0
split_feature=31 38 19 11 4 28 9 36 41 38 8 15 32 31 1 2 33 12 27 40 29 30 25 38 5 23 15 40 9 5
split_gain=0.535858 0.920043 0.742534 0.676454 0.792097 0.777982 1.18392 1.08802 0.749501 0.656499 0.642391 0.8381 0.631399 0.607599 0.522397 0.497515 0.496021 0.463909 0.446202 0.399534 0.379032 0.368199 0.56856 0.488765 0.361875 0.535004 0.644476 0.895767 0.3448 0.34402
threshold=0.42333334684371954 -0.032514572143554681 -0.0099999904632568342 -0.090000003576278673 -0.33666665852069849 0.40333333611488348 0.26333332061767584 0.26999998092651373 0.039897613227367408 -0.031785964965820306 0.26999998092651373 -0.04333332180976867 0.35000002384185797 0.01666665077209473 0.31666666269302374 0.32333332300186163 -0.29000000655651087 0.01666665077209473 -0.33666665852069849 0.096666667610406889 0.056666672229766853 -0.31000000238418574 -0.19666665792465207 0.031355857849121101 0.16333335638046267 0.35666668415069586 -0.4433333277702331 0.55666667222976696 -0.40333333611488337 0.24333333969116214
decision_type=2 2 2 2 2 2 2 2 2 2 2 2 2 2 2 2 2 2 2 2 2 2 2 2 2 2 2 2 2 2
left_child=2 15 3 4 10 14 8 -8 -7 17 11 -1 -9 16 24 19 -11 18 -5 -2 -19 22 23 -4 25 26 27 -6 -24 -26
right_child=1 -3 21 9 5 6 7 12 -10 13 -12 -13 -14 -15 -16 -17 -18 20 -20 -21 -22 -23 28 -25 29 -27 -28 -29 -30 -31
leaf_value=0.015256152624575787 0 -0.0036210704052929313 0.010019752111826308 0.0022603030783638275 0 0.015635114328778451 -0.015239714225075513 0.0097791727688448897 0 0 -0.0037385490337284487 -0.0032845005128167484 -0.0056796957623948948 0 -0.011398568494574544 -0.001074156682267317 0.0135189750622208 0.0091104560166875518 -0.0092592605626442958 0.012627037470665854 -0.0026964029339610566 -0.0049748599382819815 -0.0081671495258123696 -0.0031176319379403309 0.0067050207591199569 0.0050406933454965157 -0.0020539229143975496 -0.019569184226028921 0.00058555669621865303 -0.0017841974498415695
leaf_weight=15.701187534257773 10.666971297003327 17.203407955355942 14.557557879015805 6.4481953326612702 7.0148491803556672 15.269143723649906 6.4914476738777038 9.186888759955762 10.279306499054654 4.099516228074207 3.8989906499627969 3.2051224196329722 4.433547952445223 19.96644434495829 12.352207871153949 6.5775941845495245 29.467215313110501 10.76959942281246 13.809779144823553 29.414945499971509 3.5258874255232504 90.293715902720578 14.09529741946608 3.7054609814658752 15.822626629378648 10.039454709971322 92.8470666508656 8.6097528184764069 13.517562848748637 15.186737021896986
leaf_count=438 182 1628 736 233 160 324 160 183 259 364 120 219 135 1722 593 191 1497 523 1063 503 316 10157 1090 414 669 364 4920 166 1236 642
internal_value=0.000421896 0.0045126 -0.0001498 0.00111588 -0.000235159 -0.00137876 0.00382888 -0.00387219 0.0102671 0.00470414 0.00742344 0.0110752 0.00327494 0.00790804 -0.00308098 0.00805714 0.0115102 -7.87638e-05 -0.00496182 0.0100429 0.00503033 -0.00320756 0 0.00621207 -0.00181985 -0.00314465 -0.00434512 -0.0124566 -0.00379892 0.00225672
internal_weight=518.457 63.8629 454.595 318.425 230.338 207.533 45.6603 20.1119 25.5485 88.0866 22.8053 18.9063 13.6204 53.5332 161.873 46.6595 33.5667 34.5535 20.258 40.0819 14.2955 136.17 45.8759 18.263 149.52 118.511 108.472 15.6246 27.6129 31.0094
internal_count=31207 2504 28703 15070 9352 8575 1061 478 583 5718 777 657 318 3583 7514 876 1861 2135 1296 685 839 13633 3476 1150 6921 5610 5246 326 2326 1311
is_linear=0
shrinkage=0.05


Tree=80
num_leaves=31
num_cat=0
split_feature=20 0 40 35 14 31 6 39 41 38 22 38 9 32 30 6 2 9 7 39 37 31 38 13 26 24 39 24 8 41
split_gain=0.467012 0.62422 0.503929 0.883246 0.869058 0.677951 0.62518 0.526357 0.529719 0.460832 0.54121 0.445423 0.397618 0.852729 0.739033 0.60463 0.527333 0.396223 0.387399 0.538131 0.355277 0.645845 0.635942 0.686248 0.598029 0.578597 0.476202 0.349325 0.453832 0.346198
threshold=-0.016666665673255917 0.20999997854232791 0.036666667088866241 -0.023333340883255001 -0.45666666328907007 -0.33666665852069849 -0.40333333611488337 0.01617132127285004 0.10085978358983995 -0.12019395828247069 0.33666664361953741 0.044054031372070319 -1.0000000180025095e-35 -0.25666666030883784 0.26999998092651373 -0.090000003576278673 0.18333333730697635 -0.15000000596046445 0.31000000238418585 0.020794827491045002 0.013307571411132814 0.44333332777023321 0.078113079071044936 0.23000001907348636 -0.083333343267440782 0.35666668415069586 0.027743459679186348 0.081666648387908949 -0.22999998927116391 0.028969527222216133
decision_type=2 2 2 2 2 2 2 2 2 2 2 2 2 2 2 2 2 2 2 2 2 2 2 2 2 2 2 2 2 2
left_child=2 12 5 6 -5 -1 27 -8 9 -9 -11 -7 13 -2 16 -16 29 -6 19 -17 21 24 23 26 -3 -26 -22 28 -4 -14
right_child=1 20 3 4 17 11 7 8 -10 10 -12 -13 14 -15 15 18 -18 -19 -20 -21 22 -23 -24 -25 25 -27 -28 -29 -30 -31
leaf_value=-0.0063429075894916699 -0.0011582586281337641 0.00041025470988452332 0.0096753910556637047 0.0091606897790526415 0.0030864543324415567 0.012209964972965809 0 0 0.0026830375929486187 -0.01324817512569431 0.0019652146465536607 -0.0019450486481472882 0.0011946382351711348 0.0082207444682765828 0.012409448514225279 0.0025926460260759661 0.0038230788982601808 -0.0036011034596227093 0.0061807539557980386 -0.010328789827991926 0.011606803290583867 0.0054256021806558148 -0.0049981974829444234 -0.004670418145105255 -0.011140357304899956 0.0014990327920297926 -0.0010897695642154747 -0.0053515917610649283 -0.0020127683700507529 -0.0097168596363234362
leaf_weight=3.3454889240674701 28.39215797255747 18.882262973231263 10.525047295261176 17.664184988476336 23.245446910150349 13.763454021187497 15.301137211732565 10.803497463231905 2.9164427667856208 52.722453042864799 1.8322797457221884 1.9094581527169783 3.0150350946933058 64.541033396497369 10.169333572732283 8.7094792251009547 6.4409438672009847 65.097215492627583 9.9835194356273842 9.0383759373798949 22.098714043851945 8.6360341210383904 15.811448490479959 5.8865380457136771 35.389753740746528 5.735036793164908 4.1722184328827998 8.1705729793757182 7.881561579648408 24.272994319209829
leaf_count=153 1553 1583 508 317 1746 740 942 498 126 3084 83 163 252 3465 308 321 462 5620 445 361 1164 285 1093 581 2060 385 235 445 544 1645
internal_value=-0.000151707 0.00115999 -0.00181345 -0.00260629 0.000455477 0.00466254 -0.00563937 -0.00765989 -0.00940626 -0.0104763 -0.0121803 0.00927087 0.00314541 0.00520619 0 0.0047209 -0.00467734 -0.00149205 0 -0.00388211 -0.00145475 -0.00373629 0.00139928 0.00549134 -0.00580692 -0.00888079 0.00898799 0.000187579 0.00438184 -0.00776221
internal_weight=516.353 281.175 235.178 216.16 106.007 19.0184 110.153 83.5758 68.2747 65.3582 54.5547 15.6729 164.563 92.9332 71.6297 37.9007 33.729 88.3427 27.7314 17.7479 116.612 68.6431 47.9689 32.1575 60.0071 41.1248 26.2709 26.5772 18.4066 27.288
internal_count=31167 16198 14969 13913 7683 1056 6230 4733 3791 3665 3167 903 8812 5018 3794 1435 2359 7366 1127 682 7386 4313 3073 1980 4028 2445 1399 1497 1052 1897
is_linear=0
shrinkage=0.05


Tree=81
num_leaves=31
num_cat=0
split_feature=24 2 24 38 6 33 9 24 39 9 10 25 14 41 9 39 14 38 38 41 12 25 16 9 16 41 41 38 16 28
split_gain=0.505117 0.606616 1.29417 0.651363 0.584379 0.578109 1.07694 1.0002 0.730332 1.18094 0.98195 0.879781 0.842061 0.839526 0.789478 0.713042 0.617408 0.608291 0.586255 0.538253 0.526884 0.507115 0.494835 0.587327 0.489253 0.46158 0.511818 0.486604 0.522971 0.48174
threshold=0.43666666746139532 -0.36333334445953364 -0.32333332300186152 0.026465415954589847 -0.46999999880790705 -0.2766666561365127 -0.19666665792465207 -0.063333332538604722 0.029095132835209373 0.030000001192092899 0.35666668415069586 -0.04333332180976867 -0.3899999856948852 0.036240529268980033 0.19666665792465213 0.021025510504841808 -0.45666666328907007 -0.033781528472900384 0.031355857849121101 0.083691645413637175 0.22333335876464847 -0.24999999999999997 0.069999992847442641 0.083333313465118422 -0.31666666269302363 0.033839162439107902 0.05411899462342263 -0.032514572143554681 0.38999998569488531 0.096666663885116591
decision_type=2 2 2 2 2 2 2 2 2 2 2 2 2 2 2 2 2 2 2 2 2 2 2 2 2 2 2 2 2 2
left_child=1 2 -1 4 -4 25 7 -7 10 -10 11 12 -8 -12 16 18 -13 -11 20 -15 -16 -9 23 -14 -5 27 29 28 -3 -27
right_child=-2 5 3 24 -6 6 8 21 9 17 13 14 22 19 15 -17 -18 -19 -20 -21 -22 -23 -24 -25 -26 26 -28 -29 -30 -31
leaf_value=-0.0065672294321661509 -0.0064222546238881031 -0.00056535109545866817 -0.00046656543306158502 0.0070975985939022244 0.014106579542436382 -0.00045056773805425381 -0.01070853365555093 0 0.0028375979020532484 -0.0016321778601669835 -6.2933112821653809e-05 0.013487633692231722 -0.0022454089906755489 0.014254522542714469 -0.017360116444852552 0.0033514709710370872 0.0017893512588237374 -0.018721068648672647 0 -0.00097498020030803824 0.00021788049924709922 0.01325173151475338 -0.006944095935610687 0.0077887527593211497 -0.0064672160221146751 -0.011865493876324946 0 -0.0041968038976118805 0.013086009453734665 0
leaf_weight=11.901392583502455 21.09508294519037 7.7042375677265245 4.0630898685194508 6.3643554279115042 30.299768979195509 27.613320986623876 29.634880300145596 9.2115537396166456 15.805032437434418 14.459443683968855 19.930693296715617 11.42136031668633 25.252266921103001 22.284829067531977 10.23359819641337 12.789303531288168 60.972637592465617 11.391093258280309 7.149406384676694 2.7081782307941458 1.9641146133653808 31.530071692774072 15.993781945435328 18.743980768835172 8.3519295440055412 28.441294090589508 20.760226368904114 14.267949317116289 6.7230750320013613 6.3109253908041856
leaf_count=907 2099 430 143 132 1477 1607 837 485 812 870 1020 180 1661 1154 519 820 4241 757 591 203 198 1479 1298 1221 905 1961 1353 1150 143 476
internal_value=0.000157981 0.000562445 0.00499769 0.00866591 0.0119509 -6.45796e-05 0.000786749 0.00616839 -0.000538072 -0.00623431 0.000480725 -0.00100047 -0.00456757 0.00673683 0.00191372 -0.00375719 0.00484489 -0.0120555 -0.00912363 0.0119284 -0.0140173 0.0106713 -0.000457286 0.00195116 0 -0.00368855 -0.00620073 0.000682686 0.00654744 -0.00945696
internal_weight=515.373 494.278 60.9805 49.0791 34.3629 433.297 349.09 68.3549 280.735 41.6556 239.079 194.155 89.6249 44.9237 104.53 32.1364 72.394 25.8505 19.3471 24.993 12.1977 40.7416 59.99 43.9962 14.7163 84.2077 55.5124 28.6953 14.4273 34.7522
internal_count=31129 29030 3564 2657 1620 25466 19953 3571 16382 2439 13943 11566 5017 2377 6549 2128 4421 1627 1308 1357 717 1964 4180 2882 1037 5513 3790 1723 573 2437
is_linear=0
shrinkage=0.05


Tree=82
num_leaves=31
num_cat=0
split_feature=25 30 38 40 40 23 30 25 11 39 31 24 5 4 2 37 4 21 35 5 10 37 19 39 38 31 8 26 33 38
split_gain=0.594645 0.51927 0.671546 0.751197 0.546441 0.48496 0.799351 0.525278 0.483896 0.461174 0.43721 0.717066 0.435607 0.521051 0.391106 0.455167 0.472183 0.431936 0.841383 0.450018 0.532467 0.88727 0.434017 0.421712 0.410566 0.569574 0.37021 0.351297 0.34235 0.341403
threshold=0.31000000238418585 0.42833334207534796 0.11386013031005861 0.87666666507720958 0.043333332985639579 -0.18999999761581418 -0.22999998927116391 0.24333333969116214 -0.41666667163372034 0.01497686328366399 0.47666668891906744 -0.21666666865348813 -0.4433333277702331 -0.25666666030883784 0.29000002145767217 0.050632953643798835 0.096666663885116591 0.32999998331069952 -0.083333343267440782 -0.030000001192092892 0.096666663885116591 -0.046769618988037102 0.31000000238418585 0.015167558100074531 -0.019491672515869137 -0.236666664481163 0.11000001430511476 0.25666666030883795 -0.17000000178813932 -0.14522457122802732
decision_type=2 2 2 2 2 2 2 2 2 2 2 2 2 2 2 2 2 2 2 2 2 2 2 2 2 2 2 2 2 2
left_child=1 5 3 4 -3 6 9 -8 -6 -1 14 -12 -11 -14 15 17 -17 19 -19 20 21 -7 23 -23 -16 -26 -18 -22 -21 -2
right_child=29 2 -4 -5 8 10 7 -9 -10 12 11 -13 13 -15 24 16 26 18 -20 28 27 22 -24 -25 25 -27 -28 -29 -30 -31
leaf_value=-0.0063930653703031916 0.0033486183879002846 -0.00078100239209384452 -0.005323205212911214 -0.0019385166071150001 0.017096253814342464 0.0047881392204551241 -0.0071747201003918909 0.0037734097584097865 0.0011256711519023385 -0.0025040024127347561 -0.0033735197420883705 0.013915566016457557 0.011245964520773066 0 -0.0074150274893862072 0.00066471016348174843 0.014934004347378106 0.0032024340938018314 -0.010030894252168476 -0.00055748752156800597 0.0089785885498322709 0 0.0031197021017958701 -0.010802871875982088 0.0075783395066528862 -0.004262250215222428 0 -0.00064942177896879774 0.0063406979189624089 -0.005542850106096283
leaf_weight=4.855458805570378 5.1742426147684446 4.1001752202864727 5.5291882974561295 9.5834847907535714 19.027952062431723 16.051579382037744 64.521689543500543 5.919980654725804 11.403035887982698 8.0324181441683304 3.408426472451537 10.194702279055489 19.857721140375361 10.360196011606606 21.620662437519059 28.699928601738065 11.071493925061075 14.52240679040551 19.730531620094553 15.709893791936336 12.914211015682669 8.4067745762877149 2.9420226837974033 32.388711517909542 11.729580786544831 16.603845596779138 3.2606821004301301 9.0275737154297513 52.168003475759178 56.455408821930178
leaf_count=415 448 95 150 225 305 762 3941 442 517 381 110 287 1051 745 1689 1466 565 772 1052 1051 790 510 132 1913 493 1565 249 364 3082 5600
internal_value=0.00012493 0.000813427 0.00535558 0.00766996 0.0108456 0.000124099 -0.00249757 -0.00570362 0.012969 0.00228926 0.00126314 0.00860163 0.00467377 0.00737074 0.000639353 0.0016 0.00591709 0.000302867 -0.00415817 0.00160583 -0.000647906 -0.00329698 -0.0069865 -0.00855611 -0.00298084 0.000379151 0.0119054 0.00483375 0.00449015 -0.00419583
internal_weight=515.272 453.642 49.6438 44.1146 34.5312 403.998 113.547 70.4417 30.431 43.1058 290.451 13.6031 38.2503 30.2179 276.848 226.894 43.0321 183.862 34.2529 149.609 81.7309 59.7891 43.7375 40.7955 49.9541 28.3334 14.3322 21.9418 67.8779 61.6297
internal_count=31167 25119 1292 1142 917 23827 6975 4383 822 2592 16852 397 2177 1796 16455 12708 2280 10428 1824 8604 4471 3317 2555 2423 3747 2058 814 1154 4133 6048
is_linear=0
shrinkage=0.05


Tree=83
num_leaves=31
num_cat=0
split_feature=24 9 3 28 29 41 25 37 0 41 29 9 37 7 11 30 37 41 25 26 19 37 14 40 40 15 14 24 40 39
split_gain=0.588084 0.566972 0.736795 0.704775 0.783036 0.6337 0.520919 0.445464 0.608403 0.430246 0.734497 0.622733 0.75868 0.813912 0.619926 0.783252 0.50593 0.61682 0.488639 0.626461 0.485528 0.548082 0.576255 0.450203 0.442939 0.412213 0.40696 0.485989 0.431635 0.402066
threshold=0.40333333611488348 0.43000000715255743 0.33666664361953741 0.40333333611488348 0.37000000476837164 0.043367002159357078 0.20333331823349002 0.030964851379394535 -0.036666661500930779 0.041539816185832031 0.29666668176651007 -0.1766666769981384 -0.032941818237304681 -0.076666668057441698 -0.12333333492279051 0.36333334445953375 0.017503738403320316 0.03791948780417443 -0.43000000715255732 0.31666666269302374 0.38333332538604742 0.0086016654968261736 -0.12999999523162839 0.45000000298023229 0.8100000023841859 0.11000001430511476 -1.0000000180025095e-35 -0.30333334207534784 0.2100000008940697 0.013129511848092081
decision_type=2 2 2 2 2 2 2 2 2 2 2 2 2 2 2 2 2 2 2 2 2 2 2 2 2 2 2 2 2 2
left_child=1 2 3 4 9 -5 25 8 -4 10 11 12 13 -1 15 -11 17 -14 -13 -20 21 26 -23 -24 -25 -3 28 -28 -16 -10
right_child=-2 6 7 5 -6 -7 -8 -9 29 14 -12 18 16 -15 20 -17 -18 -19 19 -21 -22 22 23 24 -26 -27 27 -29 -30 -31
leaf_value=-0.010573592888242179 -0.0057383382349606351 0.015234393311763315 0.00084807575091221674 0.013115700645324489 -0.007407013712654769 0 0 0.0011950460045999972 0.00021764873148717148 -0.0024698532532513779 0.0078066520760096715 0.0036120736584030894 0.011249185599486684 0.0056896393608256643 -0.0048941748575490399 0.01051987383029955 0 -0.0022920779845678509 -0.0084677949975352461 0 -0.0031598743096977982 0.0075619454386763076 -0.010373339301392193 0.0088902172413707677 -0.0044996811560900308 0 0 0.015071021627263322 0.0066663656483022821 -0.013158134836781308
leaf_weight=16.506711569381881 33.821349320467561 10.843233119696384 8.5246715755201858 14.980870263418185 25.032178391935304 11.362505514640359 11.029494592687113 10.692148394417016 2.3166321285534677 72.030860503902659 15.674028652720152 8.4922865561675263 24.981794800143692 4.8773731091059735 6.7153052117209908 7.4644745280966154 27.079920703545213 5.3317037641536436 58.912667798576877 25.269503168063238 7.579750853823497 12.317752636270599 7.9542093786876675 5.1642901177983713 6.1851222743280232 5.3873319344129404 5.7146176157984874 26.615944885183126 12.648508547805248 23.90733934706077
leaf_count=860 3092 362 491 380 1004 353 918 809 94 4021 766 526 1295 323 460 224 1696 300 4650 1178 575 679 721 405 532 461 397 1197 848 1488
internal_value=4.99053e-05 0.000573285 5.55279e-05 0.000807463 0.000139223 0.00791244 0.00688418 -0.00552963 -0.00808362 0.000849894 -0.000696768 -0.0018527 0.00113979 -0.00551738 0.00265612 -0.000305048 0.00430198 0.00819383 -0.00456445 -0.00585195 0.00536243 0.00657785 0.000350596 -0.00396496 0.00111957 0.0113792 0.00952113 0.0127112 0.0014622 -0.0113802
internal_weight=515.415 481.593 454.333 408.892 382.549 26.3434 27.2601 45.4408 34.7486 357.517 187.126 171.452 78.7775 21.3841 170.391 79.4953 57.3934 30.3135 92.6745 84.1822 90.8955 83.3158 31.6214 19.3036 11.3494 16.2306 51.6944 32.3306 19.3638 26.224
internal_count=31105 28013 26272 23390 22657 733 1741 2882 2073 21653 11594 10828 4474 1183 10059 4245 3291 1595 6354 5828 5814 5239 2337 1658 937 823 2902 1594 1308 1582
is_linear=0
shrinkage=0.05


Tree=84
num_leaves=31
num_cat=0
split_feature=24 5 30 39 21 5 5 21 41 37 22 40 34 32 31 18 10 31 14 16 0 37 30 13 36 0 33 40 37 24
split_gain=0.4634 0.593474 0.59275 0.635896 0.431197 0.701231 0.510194 0.458427 0.586225 0.40202 0.397978 0.746431 0.475371 0.571339 0.403652 0.768107 0.742093 0.498557 0.424142 0.506479 0.3785 0.359424 0.358079 0.351647 0.351541 0.328533 0.430901 0.32803 0.370438 0.324169
threshold=0.40333333611488348 0.22333335876464847 0.46333330869674688 0.029931325465440754 0.33666664361953741 -0.19666665792465207 0.081666648387908949 0.18999999761581424 0.031783290207386024 0.077470302581787123 -0.16333332657814023 0.043333332985639579 0.35000002384185797 -0.063333332538604722 -0.16333332657814023 -0.45666666328907007 -0.29666668176650995 0.34333333373069769 0.083333313465118422 0.46333330869674688 -0.036666661500930779 0.036607742309570319 -0.24333333969116208 0.29000002145767217 0.43000000715255743 0.41000002622604376 -0.36333334445953364 0.25000000000000006 0.036607742309570319 0.26999998092651373
decision_type=2 2 2 2 2 2 2 2 2 2 2 2 2 2 2 2 2 2 2 2 2 2 2 2 2 2 2 2 2 2
left_child=2 -2 4 24 7 -6 9 10 -9 -7 11 23 13 -13 15 -12 17 -16 -18 -20 -8 -3 -17 -1 29 26 -10 -14 -29 -4
right_child=1 21 3 -5 5 6 20 8 25 -11 14 12 27 -15 16 22 18 -19 19 -21 -22 -23 -24 -25 -26 -27 -28 28 -30 -31
leaf_value=0.011002771225056759 0.0022692437654935993 -0.011790821026489564 0.014215067148532302 -0.0040779846304323372 0.0043936474574422955 -0.012944029891095353 0.0047541885261544155 -0.0026883058734500785 -0.0012002460575965719 0.00038063557491032295 -0.0046978032385039861 -0.010227876632433037 -0.0046012064503555697 -0.00042500016156862656 -7.8748549880404591e-07 -0.00062638264126719265 0 0.0095189794786017645 -0.0090082003251780174 0.0037500699001940686 -0.0045216633230698742 0 0.0085185786370212922 -0.0017049548383469108 0 -0.0022156902796167648 0.0091401774012194684 0.0076488334868603462 -0.0027802328983701358 0
leaf_weight=8.028005128959192 10.974300625268368 17.989959682105113 17.241981824859984 4.9879527110606423 14.209348009433596 20.993477468146015 10.160794782452284 15.828097780467941 5.8445152037311336 2.3315840198192737 11.304410252254455 35.739319374784827 11.100861635291947 32.751613244763575 19.286639704369009 6.4121246319264165 54.924031856935471 19.232023421442136 31.28040792432148 3.1811005093622944 23.713542022742331 5.816470307763665 44.861161642125808 1.9115647939033795 4.2823579551186404 2.9699978895951054 47.352194909122773 16.180475577944893 5.4627776725683352 6.3604156957007936
leaf_count=402 752 1775 326 114 812 1137 526 930 368 125 232 2277 664 2276 1552 570 3795 590 2525 158 1492 602 2418 124 211 236 2528 1025 401 168
internal_value=1.59922e-05 -0.00505078 0.000494428 0.00641596 0 -0.00342291 -0.00599304 0.000671215 0.00410126 -0.0109542 -0.000130175 -0.00250408 -0.00404973 -0.00628767 0.00116227 0.00428999 -0.000304932 0.0048331 -0.00294589 -0.00683117 -0.000815642 -0.00904145 0.00699262 0.00726858 0.00942059 0.00649154 0.00757529 0.0002349 0.00408004 0.0114575
internal_weight=512.714 34.7807 477.933 32.8727 445.06 71.4087 57.1994 373.651 71.9948 23.3251 301.657 111.175 101.235 68.4909 190.482 62.5777 127.904 38.5187 89.3855 34.4615 33.8743 23.8064 51.2733 9.93957 27.8848 56.1667 53.1967 32.7441 21.6433 23.6024
internal_count=31111 3129 27982 819 27163 4092 3280 23071 4062 1262 19009 7169 6643 4553 11840 3220 8620 2142 6478 2683 2018 2377 2988 526 705 3132 2896 2090 1426 494
is_linear=0
shrinkage=0.05


Tree=85
num_leaves=31
num_cat=0
split_feature=19 16 38 20 22 36 38 28 3 40 37 31 36 31 27 41 34 4 28 40 38 41 14 10 22 34 38 29 41 27
split_gain=0.683705 0.656111 0.595819 0.590609 0.581822 0.507849 0.49988 0.504086 0.494217 0.79932 0.872117 1.44783 0.641353 0.643082 0.458721 0.424628 0.41873 0.409151 0.575521 0.66453 0.587777 0.515448 0.451947 0.362483 0.447515 0.341624 0.325999 0.327891 0.39903 0.397843
threshold=0.18333333730697635 0.4499999880790711 -0.032514572143554681 -0.22333332896232602 -0.13833332061767575 0.40333333611488348 -0.14522457122802732 -0.35000000894069666 -0.076666668057441698 0.57666665315628063 0.0086016654968261736 0.069999992847442641 0.18999999761581424 0.14999997615814212 -0.10333332419395445 0.034825608134269721 -0.25666666030883784 0.26333332061767584 0.30333334207534796 0.063333334401249899 0.074775695800781264 0.03468179143965245 -0.016666665673255917 0.35666668415069586 0.12333333492279054 -0.11666667461395262 0.088195800781250014 -0.18999999761581418 0.055297430604696281 0.21666666865348819
decision_type=2 2 2 2 2 2 2 2 2 2 2 2 2 2 2 2 2 2 2 2 2 2 2 2 2 2 2 2 2 2
left_child=4 5 3 -3 17 6 -2 -8 23 10 12 -12 13 14 -10 -14 -5 18 19 22 25 -19 -1 24 -6 -21 27 -11 29 -29
right_child=1 2 -4 16 8 -7 7 -9 9 26 11 -13 15 -15 -16 -17 -18 21 -20 20 -22 -23 -24 -25 -26 -27 -28 28 -30 -31
leaf_value=-0.00078933070931213592 0.0018083711614139113 -0.0012005199570834053 -0.0038988674591031898 0 0.0067600527042504469 0.0019440473473146557 -0.00010681986137579129 -0.010371096760658902 -0.015200571100035268 -0.00018627257012148303 0.0091650216849974205 -0.0078331734644632636 -0.0045087012232739448 0.00042298020829565166 -0.0007932206366611296 0.0073307796539675806 0.017073364449615873 0.00078675697857281306 0.0076734170544804168 0.0010440803250003621 0.0026484876109350974 -0.011911553692316322 0.012492550143199789 0.013469696568571344 -0.00010545666950867802 -0.0072522243458371209 -0.00040895310174138581 0.011368917660467737 0 0
leaf_weight=5.2751033951062709 9.4251350536942464 5.6364811451640007 9.5484404410235566 3.4237758724484602 41.350966057274491 15.647701403475365 22.00179400248453 48.187692105770111 20.780722882831469 8.4196807325351966 30.126427262555808 12.373302152613176 6.6952145330142256 10.415100815240292 12.755713095888494 9.934301382629199 8.1016528671607375 7.4471530558075782 15.293560059508307 7.7207804583013049 20.925021989969537 11.309481454314662 6.9198046235833299 11.096770957345141 33.598658561939374 52.420502224937081 13.7214329612907 37.263704063603655 9.7270558031741512 5.7247579803224644
leaf_count=374 480 232 949 135 2345 1806 1666 4552 899 661 1302 862 328 574 1025 469 188 356 454 472 1224 650 281 358 1851 3198 799 1700 520 466
internal_value=0.000474344 -0.00264016 0.0032751 0.00832189 0.00153332 -0.00464139 -0.00627326 -0.00774355 0.00287769 0.00111844 -0.00154258 0.0033439 -0.00533852 -0.00830838 -0.011305 0.00152774 0.013222 -0.0010708 2.49093e-05 -0.0013655 -0.00330831 -0.00689121 0.00700754 0.00593404 0.00359383 -0.00581109 0.00493453 0.00643559 0.00782996 0.00968737
internal_weight=513.268 121.973 26.7104 17.1619 391.295 95.2623 79.6146 70.1895 263.984 177.937 103.081 42.4997 60.5811 43.9515 33.5364 16.6295 11.5254 127.311 108.555 93.2612 81.0663 18.7566 12.1949 86.0464 74.9496 60.1413 74.8566 61.1352 52.7155 42.9885
internal_count=31176 10008 1504 555 21168 8504 6698 6218 14159 9605 5459 2164 3295 2498 1924 797 323 7009 6003 5549 4894 1006 655 4554 4196 3670 4146 3347 2686 2166
is_linear=0
shrinkage=0.05


Tree=86
num_leaves=31
num_cat=0
split_feature=19 16 26 39 13 11 18 5 38 34 2 31 38 25 36 38 10 37 7 9 2 20 28 39 4 10 31 39 25 15
split_gain=0.585755 0.819109 0.596242 0.687489 0.604077 0.571884 0.895267 0.647418 0.614628 0.488458 0.62576 0.714292 0.790229 0.459445 0.449724 0.55334 0.444257 0.436843 0.436695 0.435028 0.420734 0.392754 0.364364 0.351271 0.350863 0.330152 0.328213 0.332255 0.41083 0.293773
threshold=0.18333333730697635 0.42333334684371954 0.36333334445953375 0.029095132835209373 -0.48333333432674402 -0.090000003576278673 -0.36333334445953364 0.31666666269302374 0.22565650939941409 0.46999999880790716 0.32333332300186163 0.3966666460037232 -0.024595737457275387 0.18999999761581424 0.3966666460037232 -0.13554382324218747 0.030000001192092899 -0.014914035797119139 0.17000001668930056 0.31666666269302374 0.26999998092651373 0.041666686534881599 -0.45666666328907007 0.01583376340568066 -0.33666665852069849 0.20999997854232791 0.40333333611488348 0.029931325465440754 -0.18999999761581418 -0.10999999940395354
decision_type=2 2 2 2 2 2 2 2 2 2 2 2 2 2 2 2 2 2 2 2 2 2 2 2 2 2 2 2 2 2
left_child=2 14 5 4 -4 6 7 13 16 10 11 -3 -13 -1 15 -2 26 22 -18 -9 -6 -22 -17 -8 -25 -15 27 -7 -29 -5
right_child=1 9 3 29 20 8 23 19 -10 -11 -12 12 -14 25 -16 17 18 -19 -20 -21 21 -23 -24 24 -26 -27 -28 28 -30 -31
leaf_value=0.00044071536029750472 0.00074423632350149654 -0.00069663214486808398 -0.0046334350841225119 -0.0088152190841474017 0.0087265628814040125 -0.0045997812626240404 0 0.013713232768204671 0.012819243425359495 -0.0065333509042009852 -0.0036117531977251805 0.017810586421772381 -0.0012991815269209014 0 0.00046261154108868561 0 0.0079184532258279924 -0.003761546243773443 -0.0012955501927614656 0 -0.0072346535787756227 0.0046223103192020425 -0.016010462449063657 0 -0.0089816203196581342 -0.014073621936104511 0.0050305159428656312 0.010219285560602875 -0.0030381572952122189 0.0017088119330430738
leaf_weight=72.275012898957357 10.370425999863071 8.5045773345045763 6.0112703442573538 8.3076838622800988 62.630115350941196 55.013052680995315 14.99612239631824 8.2780778338201326 6.3921208006795487 5.1209980950225136 8.0982729324605298 13.135097010061147 3.3077549168374381 6.2271669087931496 14.366107436828313 1.2332674965728099 26.97158761927858 35.034252501092851 12.020590633386744 6.344681237358599 5.4284574340563294 11.959405442466958 21.640012461342849 8.2017243553418648 54.370635472238064 4.2692023531999439 8.313599242595954 4.3557615005411208 4.748802717542274 3.4895293833687893
leaf_count=2208 538 730 95 277 1959 4738 1169 193 305 325 615 217 302 246 1674 86 1902 3639 1216 157 201 386 1770 611 4413 114 295 190 366 143
internal_value=-0.000242593 -0.00323263 0.000654081 0.00393614 0.005635 -0.000415905 -0.00226781 0.000723457 0.00210898 0.0021517 0.00493501 0.00867957 0.0135328 -0.000920384 -0.00597859 -0.00759832 0.000658024 -0.00941315 0.00472832 0.0088012 0.00696643 0 -0.0146232 -0.00610505 -0.0076308 -0.0085595 -0.0014085 -0.00295895 0.00318923 -0.00477095
internal_weight=511.415 120.811 390.605 97.8265 86.0292 292.778 174.963 97.3941 117.816 38.1667 33.0457 24.9474 16.4429 82.7714 82.6441 68.278 111.423 57.9075 38.9922 14.6228 80.018 17.3879 22.8733 77.5685 62.5724 10.4964 72.4312 64.1176 9.10456 11.7972
internal_count=31080 9896 21184 3061 2641 18123 9111 2918 9012 2189 1864 1249 519 2568 7707 6033 8707 5495 3118 350 2546 587 1856 6193 5024 360 5589 5294 556 420
is_linear=0
shrinkage=0.05


Tree=87
num_leaves=31
num_cat=0
split_feature=26 2 25 5 41 37 10 37 37 14 41 39 23 40 4 32 20 39 0 38 25 23 25 40 6 14 32 9 22 40
split_gain=0.445992 0.65762 0.604024 0.544487 0.506081 0.411152 0.383847 0.342126 0.676805 0.477832 0.41177 0.386136 0.329695 0.648563 0.448915 0.420918 0.804565 0.57937 0.419295 0.457673 0.405543 0.393883 0.370634 0.363298 0.348797 0.329883 0.391987 0.608426 0.316766 0.306662
threshold=0.36333334445953375 -0.236666664481163 -0.12999999523162839 -0.063333332538604722 0.049728004261851318 -0.078486442565917955 0.12333333492279054 -0.017433166503906247 0.0086016654968261736 -0.31000000238418574 0.055297430604696281 0.031014758162200454 -0.21666666865348813 0.24333333224058154 0.23666667938232425 -0.090000003576278673 0.23666667938232425 0.016767165623605255 -0.31000000238418574 -0.045151710510253899 1.0000000180025095e-35 -0.063333332538604722 -0.37666666507720942 0.95666664838790905 0.043333351612091071 0.26999998092651373 0.20999997854232791 0.18999999761581424 0.34333333373069769 0.93000000715255748
decision_type=2 2 2 2 2 2 2 2 2 2 2 2 2 2 2 2 2 2 2 2 2 2 2 2 2 2 2 2 2 2
left_child=12 6 4 -4 28 -5 -2 10 9 -9 -7 -10 -1 18 15 16 -15 20 19 -14 -17 -16 -19 -23 29 26 -20 -28 -3 -24
right_child=1 2 3 5 -6 7 -8 8 11 -11 -12 -13 13 14 21 17 -18 22 25 -21 -22 23 24 -25 -26 -27 27 -29 -30 -31
leaf_value=-0.0032281340402872914 0.013319160288656581 -0.011946358679985508 -0.0038653512826608855 -0.0041934208679677938 0.001832648103933009 0.015715240951017662 0.00041291345516948153 -0.011290355661087569 0.0098657320934974983 0.0029125421489423903 0 -0.0021571692050589759 0.014034048309921632 -0.0068797871761789378 0.0029515837516152204 -0.0093779441554398407 0.0038459694921769596 -0.0029669856088494835 0 0 0.0015508519465731673 -0.0084882319317212962 0.012536984532369858 0.0017121375758977165 0.00087555930630471243 -0.0042651527099536119 0.012823267139157365 -0.00051146525598647671 0 0
leaf_weight=103.19542342715431 13.176640725228937 14.449171526124706 13.306709479074923 2.6384580140002063 9.2082745633088035 11.314328831620509 14.990610499400644 6.5339940311387181 17.505184358451519 3.6204254529438966 3.7185460655018678 2.5587121562566599 9.6108144193422067 41.878847101237625 4.6250468702055505 9.0207859225338343 19.496806330047548 4.6567193148657671 58.295861028833315 7.9632359147071829 9.4798341519199294 42.945771312806755 19.2749294762034 3.8049566806294015 24.402058124775067 14.863573517650364 12.541092919069344 8.9289518946316075 4.045275575015693 2.8417345555499187
leaf_count=7573 415 493 560 131 320 379 625 146 686 218 131 140 387 2858 350 539 1176 282 3566 681 594 3380 835 221 1848 1064 714 562 120 149
internal_value=-3.21977e-05 0.00255256 5.31165e-07 0.00298239 -0.005203 0.00556754 0.00846085 0.00704876 0.00206912 -0.00547797 0.0124242 0.00722967 -0.000881334 0 -0.00183239 -2.15863e-05 -0.00306248 0.00235712 0.00289217 0.00904921 -0.00374918 -0.00553047 0.00516367 -0.0070838 0.00669958 0.00102891 0.00253626 0.00746711 -0.00931748 0.0106782
internal_weight=514.893 117.066 88.8991 61.1964 27.7027 47.8896 28.1673 45.2512 30.2183 10.1544 15.0329 20.0639 397.826 294.631 182.427 131.052 61.3757 69.6761 112.204 17.5741 18.5006 51.3758 51.1754 46.7507 46.5187 94.6295 79.7659 21.47 18.4944 22.1167
internal_count=31143 4364 3324 2391 933 1831 1040 1700 1190 364 510 826 26779 19206 12232 8281 4034 4247 6974 1068 1133 3951 3114 3601 2832 5906 4842 1276 613 984
is_linear=0
shrinkage=0.05


Tree=88
num_leaves=31
num_cat=0
split_feature=30 39 29 19 38 7 7 13 31 16 6 38 21 23 9 19 37 11 9 4 17 4 37 19 7 26 37 4 30 37
split_gain=0.715596 0.664372 0.63802 0.572353 0.671936 0.547724 0.611307 0.63571 0.4509 0.77122 0.480049 0.450042 0.416322 0.515785 0.612073 0.540804 0.770825 0.666568 0.537098 0.440626 0.570089 0.540849 0.450882 0.439382 0.426864 0.410365 0.393858 0.38489 0.37623 0.484434
threshold=0.41666668653488165 0.029931325465440754 0.37000000476837164 0.18333333730697635 -0.13554382324218747 0.31666666269302374 -0.19666665792465207 -0.46999999880790705 0.40333333611488348 0.31666666269302374 0.096666663885116591 -0.033781528472900384 -0.41666667163372034 -0.18999999761581418 0.11000001430511476 -0.35000000894069666 -0.026899814605712887 -0.19666665792465207 0.23666667938232425 0.056666672229766853 -0.076666668057441698 -0.14333333075046537 0.011525154113769533 1.0000000180025095e-35 0.069999992847442641 0.05500000715255738 0.055775165557861335 0.29666668176651007 -0.083333343267440782 -0.018912792205810543
decision_type=2 2 2 2 2 2 2 2 2 2 2 2 2 2 2 2 2 2 2 2 2 2 2 2 2 2 2 2 2 2
left_child=2 5 3 8 28 6 -2 -8 12 10 -10 -3 -1 14 23 16 -15 26 19 21 -21 -18 -23 -14 -16 -19 -17 -27 29 -5
right_child=1 11 -4 4 -6 -7 7 -9 9 -11 -12 -13 13 15 24 17 18 25 -20 20 -22 22 -24 -25 -26 27 -28 -29 -30 -31
leaf_value=0.0083481245687398158 0.010619475184646196 0.0024560857077604798 -0.0067750150662870051 0.01318125023754603 -0.0044595616482531108 0.011471762339729335 -0.0076804981753749862 0.0050460591927045106 0.015513636995084013 -0.0031882895245827036 0 -0.01155115440585272 -0.0086645425014763803 -0.003207232599971153 0.008125944102707193 -0.0082342490147765939 0.0091056892310484062 -0.0009811747178240409 -0.0027535073435137791 0.016511629766090729 0 0.0056516528764546051 -0.0064736529545833437 0.00062172839965298106 -0.0035501970287184145 0.0070180523689996575 0.0017219628712733708 -0.0027210328244789859 -0.0026330848904896681 -0.0014400708902403577
leaf_weight=11.4248487399891 6.9493252392858258 4.8412716591265053 27.61898621567525 9.0178151854779554 89.697744634002447 29.529886522563174 16.166986413300037 10.073334122076632 13.40350213553757 5.6783342927228651 2.7315877859946331 4.0077545610256475 36.704574468312785 16.308893201174214 11.205967230256649 28.483896134188399 13.898300394415854 49.49901731708087 5.5162259060889474 19.524180308915678 3.8948474000208071 5.3204506677575436 13.67645307490602 10.33969651092775 6.1017629608977577 37.459935220424086 6.2343890417832872 5.4996864227578035 3.8124170170631251 3.0361006795428684
leaf_count=752 128 187 1737 283 7543 1511 252 410 431 202 154 121 2329 659 660 2225 357 4493 191 510 113 163 390 844 452 2419 478 513 313 123
internal_value=0.000619652 0.0050534 -0.000110148 0.000371736 -0.0026233 0.00699887 0.00123422 -0.00198964 0.00152713 0.00772652 0.0125202 -0.0043083 0.000807538 0.000222637 -0.00338307 0.00153504 0.00467085 -0.000327557 0.00721729 0.00876625 0.0137147 0.00302835 -0.00153616 -0.00631278 0.00308271 0.00171909 -0.00584214 0.00507996 0.00498959 0.00885907
internal_weight=507.658 71.5686 436.09 408.471 105.564 62.7195 33.1896 26.2403 302.907 21.8134 16.1351 8.84903 281.093 269.668 64.352 205.316 78.1394 127.177 61.8305 56.3142 23.419 32.8952 18.9969 47.0443 17.3077 92.4586 34.7183 42.9596 15.8663 12.0539
internal_count=30943 2609 28334 26597 8262 2301 790 662 18335 787 585 308 17548 16796 4285 12511 2383 10128 1724 1533 623 910 553 3173 1112 7425 2703 2932 719 406
is_linear=0
shrinkage=0.05


Tree=89
num_leaves=31
num_cat=0
split_feature=6 32 10 11 32 19 9 41 1 20 10 33 1 39 9 40 19 6 23 4 39 6 41 10 35 33 40 35 21 14
split_gain=0.502258 1.12447 1.2686 1.19554 0.644253 0.824947 1.36366 0.75091 0.626645 0.5953 0.593449 0.519878 0.512042 0.503819 0.497939 0.436292 0.495876 0.425424 0.424703 0.371846 0.512191 0.545 0.355794 0.345909 0.573618 0.410173 0.512211 0.339454 0.308658 0.432966
threshold=1.0000000180025095e-35 -0.063333332538604722 0.083333313465118422 -0.21666666865348813 0.21666666865348819 -0.15666666626930234 0.23666667938232425 0.052593860775232322 -0.37666666507720942 0.2833333313465119 -0.24999999999999997 -0.20333333313465116 -0.29666668176650995 0.02565096598118544 0.21666666865348819 0.14999999850988391 -0.023333340883255001 -0.18999999761581418 0.33666664361953741 -0.13833332061767575 0.017468849197030071 -0.090000003576278673 0.10085978358983995 -0.030000001192092892 0.29666668176651007 -0.083333343267440782 0.60333335399627697 -0.25666666030883784 -0.37666666507720942 0.29000002145767217
decision_type=2 2 2 2 2 2 2 2 2 2 2 2 2 2 2 2 2 2 2 2 2 2 2 2 2 2 2 2 2 2
left_child=1 2 8 19 23 6 7 -6 -1 13 11 15 -4 -8 -5 27 -17 28 22 -3 -21 -22 -12 25 -25 26 -2 -10 -14 -30
right_child=4 3 12 14 5 -7 9 -9 10 -11 18 -13 17 -15 -16 16 -18 -19 -20 20 21 -23 -24 24 -26 -27 -28 -29 29 -31
leaf_value=0.0040391507108127993 -0.010103312778613274 0.0051662109869265501 -0.0010294862809375931 0.014004695260468597 0.013969739655214511 -0.002723623617657797 0.0078778723047492841 -0.0017151422262348108 0.0060853477552797628 -0.0095073637125845621 -0.0096903592564087093 0.0059337405382324628 0 -0.0055656583508828959 0 0 -0.010798973093411058 0 0.001909068949540194 0.0025788559282507242 -0.016915613112815638 0 0.0015716497184026996 -0.0081135268942522307 0.0033416588728894915 0.0042514058925336422 0.0019096734985034041 -0.0043577290750670527 0.013865778743830923 0
leaf_weight=20.074477768037468 11.701487395912411 10.198536436771976 16.643340894486755 34.000706008751877 28.162551746470854 65.576353216310963 11.498050643131139 4.8398583477828643 13.044509909348564 11.148104899330063 54.533711490570568 15.377347441390155 3.5292847633827469 4.2388010954018673 5.0450140202883622 13.195473888656126 18.13247882341966 13.889791318448259 4.4279525463934979 7.5452867615968016 4.6605224057566401 6.7235159175470427 2.0522624067962161 57.301982619566843 6.3705671222414813 18.556337220594287 9.1372349520679546 5.3016856207977971 26.100448296405375 8.5246263863518816
leaf_count=1060 957 326 1004 1430 836 7120 316 191 567 301 3527 891 241 137 279 972 1278 800 266 232 115 282 106 3324 357 1354 758 338 1152 678
internal_value=0.000231784 0.00166514 -5.14942e-05 0.00697819 -0.0014338 0.000810349 0.0049551 0.0111185 -0.00277809 -0.00249876 -0.00418715 -0.000337043 0.00517205 0.00256991 0.012105 -0.00315757 -0.00649481 0.00748738 -0.00752128 -7.62678e-05 -0.0044672 -0.00985361 -0.00877094 -0.0042891 -0.00641952 0 -0.00465508 0.00171044 0.00988855 0.0111925
internal_weight=511.532 283.001 214.827 68.1736 228.531 125.464 59.8874 33.0024 146.14 26.885 126.065 65.0515 68.6875 15.7369 39.0457 49.6741 31.328 52.0442 61.0139 29.1279 18.9293 11.384 56.586 103.068 63.6725 39.3951 20.8387 18.3462 38.1544 34.6251
internal_count=31195 15544 12880 2664 15651 8901 1781 1027 9005 754 7945 4046 3875 453 1709 3155 2250 2871 3899 955 629 397 3633 6750 3681 3069 1715 905 2071 1830
is_linear=0
shrinkage=0.05


Tree=90
num_leaves=31
num_cat=0
split_feature=25 7 5 27 12 9 32 10 39 4 39 12 40 38 4 21 39 5 3 41 15 10 39 37 27 38 7 37 38 32
split_gain=0.522551 0.611845 0.581305 0.900654 0.737245 0.594671 0.540953 0.5742 0.479365 0.470642 0.467485 0.598405 0.462433 0.452225 0.447982 0.634617 0.428785 0.401672 0.522937 0.447108 0.375295 0.369726 0.450242 0.367306 0.359885 0.353426 0.552247 0.335832 0.344408 0.327188
threshold=0.32999998331069952 0.32999998331069952 -0.2766666561365127 -0.12999999523162839 0.20999997854232791 -0.17000000178813932 -0.063333332538604722 -0.32333332300186152 0.019349531270563606 -0.4433333277702331 0.031014758162200454 -0.063333332538604722 0.82333332300186168 -0.024595737457275387 -0.22333332896232602 -0.083333343267440782 0.016692987643182281 0.030000001192092899 0.18999999761581424 0.074329238384962096 0.25000000000000006 0.20999997854232791 0.015429661609232427 -0.042665481567382806 0.34333333373069769 0.043181896209716804 0.34333333373069769 -0.017433166503906247 0.077169895172119155 -0.18333333730697629
decision_type=2 2 2 2 2 2 2 2 2 2 2 2 2 2 2 2 2 2 2 2 2 2 2 2 2 2 2 2 2 2
left_child=1 2 3 12 8 6 27 -8 20 -6 11 16 -1 -11 15 -7 -3 19 -19 -16 -5 22 -9 -24 -10 26 -2 -4 -29 -20
right_child=25 10 5 4 9 14 7 21 24 13 -12 -13 -14 -15 17 -17 -18 18 29 -21 -22 -23 23 -25 -26 -27 -28 28 -30 -31
leaf_value=0.010861560158372321 0 0 -0.0063884583510669017 0.005727684925914087 -0.002878827014651906 -0.0032448692058250454 -0.00072915469207805728 0 -0.011045074828256398 0.012534147693039156 -0.0027379598283233512 0 0 -0.00059619603405677932 -0.0081074904293023508 0.0087857049705696594 0.016342879609503855 0.0015510194027022286 0.0032745747010865332 0.0014777613320310894 -0.0061300432668885329 -0.00076005754036365374 0 0.014834673426207035 6.8071754147885951e-05 0.00035152320754360536 -0.011598931993283717 0.0041951375348749003 -0.0047462987554630423 -0.0060888529523535368
leaf_weight=31.4386466674041 16.798599007190205 4.1937983846291926 17.03772828890942 11.67153556505218 5.2246936401352313 15.892099529039116 18.852199412183836 4.8930650665424791 19.515124019701037 13.388872811570767 5.3729897718876591 15.186562823131679 10.908695932477711 4.0389012121595416 60.84829619131051 13.749839482596142 13.857525171013547 57.491993338335305 3.5393692618235937 7.7541111130267373 3.8502726054284713 3.4996761640068135 4.8252927416469928 20.966451517306268 4.1281265350989989 16.085608002729714 19.606566560803913 25.39895372511819 9.0556934177875501 50.740809845272452
leaf_count=1198 1583 130 1113 844 277 1042 1154 296 1220 366 306 1427 436 434 3427 667 425 3051 229 391 315 153 287 1025 264 1750 2072 1563 688 3007
internal_value=0 0.000514918 -1.86605e-05 0.00305431 -0.000524477 -0.00115242 0.00172386 0.00512305 -0.0047668 0.00540002 0.00608591 0.00835 0.00821236 0.0090507 -0.00270784 0.00217382 0.0132645 -0.00368837 -0.00140756 -0.00665725 0.000735737 0.00859957 0.0102983 0.0125611 -0.00864031 -0.00449828 -0.00697725 -0.0015117 0.000871695 -0.00479841
internal_weight=509.812 457.321 418.71 104.165 61.8175 314.546 104.529 53.0367 39.1651 22.6525 38.6109 33.2379 42.3473 17.4278 210.017 29.6419 18.0513 180.375 111.772 68.6024 15.5218 34.1845 30.6848 25.7917 23.6433 52.4908 36.4052 51.4924 34.4546 54.2802
internal_count=31140 25735 23447 5354 3720 18093 6279 2915 2643 1077 2288 1982 1634 800 11814 1709 555 10105 6287 3818 1159 1761 1608 1312 1484 5405 3655 3364 2251 3236
is_linear=0
shrinkage=0.05


Tree=91
num_leaves=31
num_cat=0
split_feature=31 37 12 40 31 36 37 39 39 41 4 37 18 14 36 21 24 32 6 39 33 1 26 15 41 11 24 39 23 19
split_gain=0.546487 0.655059 0.485864 0.476537 0.416671 0.587084 0.800594 0.558205 0.930295 0.506345 0.492032 0.475901 0.596792 0.485911 0.468983 0.453315 0.53668 0.824386 1.12099 0.658909 0.701347 0.824556 0.582318 0.461016 0.452157 0.410511 0.391288 0.337529 0.33543 0.309588
threshold=0.46999999880790716 0.0016446113586425783 0.40333333611488348 0.11666666716337205 -0.24333333969116208 0.030000001192092899 -0.017178058624267575 0.029095132835209373 0.022874211892485622 0.1004048138856888 0.19666665792465213 0.016635417938232425 -0.43000000715255732 -0.12333333492279051 -0.17000000178813932 0.3966666460037232 0.01666665077209473 0.096666663885116591 0.30333334207534796 0.036030437797307975 -0.076666668057441698 0.32333332300186163 -0.2766666561365127 -0.24999999999999997 0.033155586570501334 -0.32999998331069941 0.043333351612091071 0.013303889892995359 0.083333313465118422 0.19666665792465213
decision_type=2 2 2 2 2 2 2 2 2 2 2 2 2 2 2 2 2 2 2 2 2 2 2 2 2 2 2 2 2 2
left_child=2 3 4 -2 15 6 9 8 10 -6 25 13 -13 -7 -10 16 17 -1 23 20 -18 22 -22 -19 -14 -8 -17 -27 -15 -3
right_child=1 29 -4 -5 5 11 7 -9 14 -11 -12 12 24 28 -16 26 19 18 -20 -21 21 -23 -24 -25 -26 27 -28 -29 -30 -31
leaf_value=0.004570558997580864 0 0.0047054108576458538 -0.006157506448873429 0.014723418586265778 -0.0046126606326694665 -0.0059325457488006673 -0.00044230911431626771 0.0092209120816984669 -0.010944052526511691 0.0063096387498997285 -0.0020651117647579324 0.0034348310347998806 0 0.0054777598438741134 0.00026251974046033677 0.0021151735518846831 -0.00035746105002081236 -0.015548794585098738 0.0043578879127680716 -0.0061007238822777029 0 -0.00022294916793818366 0.015320190935360484 0 -0.01316076577792024 -0.00014561522156678717 -0.0068288989137165737 0.010044344926308738 -0.0021833878809171116 -0.0070445911827410048
leaf_weight=39.946291160071269 7.5854924893938067 1.9253845266066472 25.702640786767006 13.145254367496817 67.377455963985994 23.05783501942642 9.6332094641402346 25.334350944496691 13.497428535018118 5.3016646010801187 14.933648509206249 3.7496407129801801 8.8446314411703479 25.871144880307838 9.6756761663127673 15.189801454311235 14.01083964970894 13.6432433326263 10.171395031735299 3.0316034874413154 5.2194728814065448 9.9356681935023499 35.256050816504285 3.0561007435899255 24.393317276379094 4.0632641906850031 17.49787096073851 36.132038126233965 15.613871608045882 7.4310801737010479
leaf_count=2007 158 70 2743 372 4257 1345 458 1331 913 222 1310 104 904 2157 581 592 594 409 620 167 281 394 989 334 2181 371 593 2762 1400 445
internal_value=0.000252209 0.0062048 -0.000141352 0.0105211 0.000220426 -0.000869457 0.000698562 0.00336418 0.000929498 -0.00307777 0.0041912 -0.00385245 -0.00800835 -0.000637852 -0.00631629 0.00220666 0.00354532 0 -0.00578786 0.00650145 0.00791875 0.0104555 0.0133051 -0.0125873 -0.0102642 0.00653445 -0.00234298 0.00858796 0.00215628 -0.00210493
internal_weight=510.227 30.0872 480.14 20.7307 454.438 287.479 185.949 113.27 87.9353 72.6791 64.7622 101.53 36.9876 64.5429 23.1731 166.958 134.271 66.817 26.8707 67.4536 64.422 50.4112 40.4755 16.6993 33.2379 49.8285 32.6877 40.1953 41.485 9.35646
internal_count=31064 1045 30019 530 27276 20296 12205 7726 6395 4479 4901 8091 3189 4902 1494 6980 5795 3370 1363 2425 2258 1664 1270 743 3085 3591 1185 3133 3557 515
is_linear=0
shrinkage=0.05


Tree=92
num_leaves=31
num_cat=0
split_feature=9 9 28 19 32 12 2 39 9 33 10 14 40 38 36 40 7 19 14 39 30 36 39 41 9 29 41 9 6 39
split_gain=0.533183 0.818756 0.86113 1.31666 0.831801 0.667908 0.583449 0.554827 0.662238 0.617307 0.612103 0.522376 0.478274 0.461125 0.473113 0.456076 0.69463 0.441269 0.801117 0.754241 0.383735 0.380085 0.365527 0.45568 0.735405 0.427507 0.361757 0.811692 0.35389 0.343537
threshold=0.43000000715255743 0.23666667938232425 0.40333333611488348 -0.20333333313465116 -0.18333333730697629 -0.22333332896232602 -0.35000000894069666 0.013129511848092081 -0.1766666769981384 -0.20333333313465116 -0.45666666328907007 0.46333330869674688 0.88333332538604747 0.0053477287292480477 -0.48333333432674402 0.88333332538604747 -0.12333333492279051 -0.32333332300186152 0.13666665554046634 0.025036369450390342 -0.4433333277702331 0.11000001430511476 0.024496681988239292 0.03232953883707524 -0.0099999904632568342 0.22333335876464847 0.036879267543554313 -0.37666666507720942 -0.36333334445953364 0.022679586894810203
decision_type=2 2 2 2 2 2 2 2 2 2 2 2 2 2 2 2 2 2 2 2 2 2 2 2 2 2 2 2 2 2
left_child=1 2 5 29 -3 15 -6 -7 9 10 13 12 -2 14 -9 16 -1 19 -19 -8 -11 -22 23 -10 -25 -26 -12 -28 -24 -4
right_child=11 4 3 -5 6 7 17 8 22 20 26 -13 -14 -15 -16 -17 -18 18 -20 -21 21 -23 28 24 25 -27 27 -29 -30 -31
leaf_value=-0.0087616620908163769 0.011206495486671249 0.0026673544139836762 0.015028831803395711 -0.0067882404781932047 0.0018604897639088224 -0.0076815928147807499 -0.017209354459739666 0 -0.0048733595938354642 -0.00091223888711984167 0.0029123163671937301 -0.0035960207861543965 -0.00063916390676939903 -0.0016246743010676096 0.014974160678054935 0.0021567452152379016 -0.00028468893174453277 0.0033101049541111914 -0.0098937174762996419 0 0.012863602615519219 0 0.002957176736098543 -0.0023560334950739276 0.011514402814705178 0 -0.010697949282369191 0.0018358204240459244 -0.0071617231662549023 0
leaf_weight=46.012287527089939 22.394776944071058 21.700226706452668 19.812092934036635 5.9518213646952054 8.7842934124637377 8.9448066721670312 21.158721029292796 3.4000477991066882 14.424790593096985 2.7585374501068136 26.008909453172237 5.3610501501243553 5.9406772633083156 3.4890133196022353 11.749935234431177 23.570335177704692 58.075927269412205 16.804546862840656 15.03577007120475 8.646371135953812 28.929538560565561 5.9601095181424162 3.9403828815557089 20.074735584785227 20.368010747479282 6.9255171336699268 16.828117133816704 20.46320695488248 27.267744290293194 5.4520403633359811
leaf_count=2133 1454 1389 427 661 699 886 523 128 1352 93 1617 517 308 405 436 1017 2844 1514 1618 253 1675 430 197 1610 1640 647 1084 1379 1951 156
internal_value=0 -0.000494075 0.000490061 0.00774138 -0.00459388 -0.000207605 -0.00719201 0.00136877 0.00206434 0.00447339 0.001426 0.00553498 0.00831717 0.0082314 0.0115002 -0.00306887 -0.00453233 -0.00890214 -0.00284449 -0.0131141 0.00942538 0.010868 -0.000864247 0.00108119 0.00370697 0.00853823 -0.000756307 -0.00394149 -0.00494136 0.0126098
internal_weight=506.234 472.538 380.408 31.216 92.1299 349.192 70.4297 221.533 212.589 119.587 81.9392 33.6965 28.3355 18.639 15.15 127.659 104.088 61.6454 31.8403 29.8051 37.6482 34.8896 93.0012 61.7931 47.3683 27.2935 63.3002 37.2913 31.2081 25.2641
internal_count=31043 28764 22768 1244 5996 21524 4607 15530 14644 7247 5049 2279 1762 969 564 5994 4977 3908 3132 776 2198 2105 7397 5249 3897 2287 4080 2463 2148 583
is_linear=0
shrinkage=0.05


Tree=93
num_leaves=31
num_cat=0
split_feature=21 26 3 39 27 1 38 7 26 10 41 24 31 17 21 30 37 1 14 21 10 17 20 25 40 40 10 40 41 39
split_gain=0.56347 0.646742 0.580221 0.6668 0.592556 0.568011 0.510537 0.454012 0.423993 0.418426 0.48312 0.416488 0.502438 0.554267 0.508408 0.409338 0.377376 0.347891 0.345517 0.336063 0.310683 0.309183 0.372393 0.302416 0.375199 0.614538 0.377761 0.297781 0.316446 0.308203
threshold=-0.0099999904632568342 0.25000000000000006 -0.14333333075046537 0.01617132127285004 -0.15666666626930234 0.05500000715255738 0.22565650939941409 -0.10333332419395445 0.31000000238418585 -0.31000000238418574 0.066116258502006545 -0.10999999940395354 0.42333334684371954 -0.4433333277702331 0.33666664361953741 -0.083333343267440782 -0.031307220458984368 0.24333333969116214 0.31666666269302374 -0.056666672229766839 0.45666664838790899 0.40333333611488348 0.46333330869674688 -0.18999999761581418 0.1566666662693024 0.87666666507720958 -0.12333333492279051 0.8100000023841859 0.10085978358983995 0.012149213813245298
decision_type=2 2 2 2 2 2 2 2 2 2 2 2 2 2 2 2 2 2 2 2 2 2 2 2 2 2 2 2 2 2
left_child=2 6 4 15 7 20 11 -1 16 -3 18 -2 13 14 -13 -4 -5 -14 23 -10 -6 22 27 -11 -25 26 -26 28 29 -15
right_child=1 9 3 8 5 -7 -8 -9 19 10 -12 12 17 21 -16 -17 -18 -19 -20 -21 -22 -23 -24 24 25 -27 -28 -29 -30 -31
leaf_value=0.0077563610320223741 0.0013974432894519992 0.012498882869655626 -0.0049791130096518395 0.0013323391432010403 -0.005953046097538349 0.0044663433018863668 0.0086059446051047605 -0.00023559019298504281 -0.014645583852243904 0 -0.0046842098347761579 0.010402072831715969 0.0096199573418946759 0 -0.0030074634411828391 0.0062210956363023748 -0.0059627515689932263 -0.0023538929274640476 -0.0037277970885855136 0 0.0036168047388077441 0.00046467343745500199 0.0018028827287738917 0 0 0 0.013852198118729123 -0.00084391370271099699 0 -0.011950802137369931
leaf_weight=27.939835778437555 65.269850357086398 9.1969946934841555 5.6850054122041938 18.0498340674676 58.074715852388181 13.540687745902686 7.3657278874889007 24.790807759854943 18.584044483723122 19.002031245501705 11.927374558290465 5.6607172556687138 6.3893756924662721 2.4485060228034845 9.0139954066835326 15.272751412354408 40.318395235110074 3.3988217595033348 5.2088423804379991 3.4154614869039497 2.3369016444776198 7.5409711529500774 3.9080358771607271 17.032204090850435 3.445620817597951 10.77070725453086 26.762275601970039 18.820016323821619 2.4305980117060235 45.789070679340512
leaf_count=1131 4534 377 539 1313 4548 1084 363 1291 924 722 498 134 209 184 207 941 3092 202 424 146 174 786 275 654 192 423 915 1379 158 3381
internal_value=-0.00030351 0.00112701 -0.00215935 -0.00486642 0 -0.00267674 -0.000592254 0.00393314 -0.00690593 0.00418741 0.0024257 -0.00140952 -0.00335382 -0.00463211 0.00247363 0.00182355 -0.00340451 0.00456426 0.00398889 -0.0125826 -0.0049131 -0.00628982 -0.00728135 0.00504369 0.0066934 0.00900062 0.0121466 -0.00822611 -0.0101473 -0.011053
internal_weight=509.39 281.382 228.008 101.325 126.683 73.9523 178.036 52.7306 80.3677 103.346 94.1491 170.67 105.4 95.6119 14.6747 20.9578 58.3682 9.7882 82.2217 21.9995 60.4116 80.9372 73.3962 77.0128 58.0108 40.9786 30.2079 69.4882 50.6682 48.2376
internal_count=31200 16017 15183 6955 8228 5806 11812 2422 5475 4205 3828 11449 6915 6504 341 1480 4405 411 3330 1070 4722 6163 5377 2906 2184 1530 1107 5102 3723 3565
is_linear=0
shrinkage=0.05


Tree=94
num_leaves=31
num_cat=0
split_feature=30 1 25 41 25 6 38 32 9 10 12 31 13 13 41 20 32 39 37 17 41 41 9 7 30 6 37 39 33 26
split_gain=0.356479 0.567698 0.616302 0.569767 0.538558 0.376624 1.00862 0.775013 0.588081 0.582301 0.54485 0.504251 0.500253 0.489962 0.470389 0.463807 0.460761 0.561085 0.445344 0.500518 0.420958 0.402536 0.400173 0.39703 0.38783 0.387666 0.378823 0.369957 0.36709 0.355656
threshold=0.44333332777023321 0.083333313465118422 -0.15666666626930234 0.041826598346233375 0.2833333313465119 0.030000001192092899 -0.018045425415039059 -0.063333332538604722 0.083333313465118422 -0.45666666328907007 -0.069999992847442613 0.31000000238418585 0.096666663885116591 -0.2766666561365127 0.026657029986381534 -0.29000000655651087 0.25000000000000006 0.014848362654447557 0.0051107406616210946 -0.31666666269302363 0.032834826037287719 0.056121677160263068 0.43666666746139532 0.056666672229766853 0.23000001907348636 -0.1766666769981384 0.012290954589843752 0.02565096598118544 0.18333333730697635 -0.3899999856948852
decision_type=2 2 2 2 2 2 2 2 2 2 2 2 2 2 2 2 2 2 2 2 2 2 2 2 2 2 2 2 2 2
left_child=5 -2 -3 4 -4 7 11 8 9 -1 13 14 15 24 -7 -10 -8 -18 29 -20 -12 27 -16 -22 -9 -17 -21 -19 -13 -11
right_child=1 2 3 -5 -6 6 16 10 12 18 20 28 -14 -15 22 25 17 21 19 26 23 -23 -24 -25 -26 -27 -28 -29 -30 -31
leaf_value=0.0046831904910451033 0.0091117231602679122 -0.010417102021227507 0.012848108145094942 -0.00379327809782209 -0.001098511811219874 0 -0.0016168945423065647 0.0079636413082399098 -0.0023096096392305459 0.001111276678477645 0 0.0063813928977066118 -0.0025495428804794577 -0.0057785368268396886 -0.011206928930653785 0.011148035848480654 -0.0032890576406013877 0.012707205675539172 0.0054887757863376421 0.0047925289993328291 0.014608144222454695 -0.00057515813618145921 0.0010111272416458996 0 -0.0012681933732728321 0 -0.0050292975374493327 0 -0.0048526086401480227 -0.0071917769671449349
leaf_weight=17.530916057294235 21.500774901127443 5.5561424986226511 11.048831597901886 9.9612326098140311 5.2366357343271366 8.520389754790811 52.525964563246816 18.74705090071075 6.2411205691751084 7.8440954140387467 6.9599549397826221 8.6215619943104702 16.521288982359692 12.147324307472443 46.927094244747423 24.916066949954256 8.3428210745332745 20.575352593557916 18.620251761632971 4.7846691953018299 19.280692184111107 5.3897484205663195 2.4453810437116763 4.753380495356395 11.219831149559466 10.034966414677909 41.802245424361899 5.9726607480552039 7.6937201463151714 67.958611095324159
leaf_count=911 590 170 268 484 319 647 3722 645 362 554 400 375 1503 848 4058 1187 729 1738 714 300 818 543 254 266 287 562 2936 512 485 3990
internal_value=0.000137084 0.00381687 0 0.00298189 0.00815337 -0.000282589 -0.00217024 0.000744238 -0.00068653 -0.00233924 0.00502355 -0.00633521 0.00325388 0.000423442 -0.00837326 0.00613948 0.00108953 0.00491099 -0.00353786 -5.0428e-05 0.00951587 0.0078934 -0.0101063 0.0121069 0.00417714 0.00837604 -0.00311343 0.0101699 8.31568e-05 -0.00600847
internal_weight=509.681 53.3036 31.8028 26.2467 16.2855 456.377 167.015 289.362 216.254 158.541 73.1082 74.2081 57.7134 42.1142 57.8929 41.1922 92.8065 40.2806 141.01 65.2072 30.994 31.9378 49.3725 24.0341 29.9669 34.951 46.5869 26.548 16.3153 75.8027
internal_count=31177 1831 1241 1071 587 29346 13063 16283 13019 9405 3264 5819 3614 1780 4959 2111 7244 3522 8494 3950 1484 2793 4312 1084 932 1749 3236 2250 860 4544
is_linear=0
shrinkage=0.05


Tree=95
num_leaves=31
num_cat=0
split_feature=24 30 39 29 5 35 41 24 32 38 31 39 24 14 37 32 31 6 9 26 21 6 14 38 32 5 3 26 39 41
split_gain=0.502464 0.577744 0.690088 0.452219 0.809802 0.783769 0.586219 0.476939 0.389514 0.558425 0.868934 0.539865 0.589291 0.50633 0.767209 0.534752 0.54507 0.464716 0.67778 0.426503 0.379223 0.522166 0.378004 0.35155 0.439456 0.348617 0.34688 0.332494 0.368192 0.362956
threshold=0.3966666460037232 0.46333330869674688 0.029510702937841419 0.37000000476837164 0.31666666269302374 -0.29000000655651087 0.031524809077382095 0.22333335876464847 -0.069999992847442613 1.0000000180025095e-35 0.069999992847442641 0.025036369450390342 -0.14333333075046537 -0.04333332180976867 0.012290954589843752 -0.13666665554046628 -0.14333333075046537 1.0000000180025095e-35 0.21666666865348819 -0.29666668176650995 0.46999999880790716 0.3966666460037232 -0.35000000894069666 0.0096426010131835955 -0.28333333134651179 -0.1766666769981384 0.32999998331069952 0.42333334684371954 0.026617088355124 0.04948376119136811
decision_type=2 2 2 2 2 2 2 2 2 2 2 2 2 2 2 2 2 2 2 2 2 2 2 2 2 2 2 2 2 2
left_child=1 3 20 8 5 -5 -7 -8 9 11 -11 13 25 -1 15 16 -15 18 19 -10 21 -3 -14 24 -2 -13 -6 -19 29 -29
right_child=23 2 -4 4 26 6 7 -9 17 10 -12 12 22 14 -16 -17 -18 27 -20 -21 -22 -23 -24 -25 -26 -27 -28 28 -30 -31
leaf_value=-0.00074454841986436012 0.0015669817084555345 0.015346174604954932 -0.0042759020467159669 0.0053371363058680125 0.0080551130864817914 0 -0.018610953208465897 0 0 5.0687766176567961e-05 -0.009748266583762712 0.0067957202306898603 0.0013310087189054081 -0.00013169217122710911 -0.0029264135284447898 -0.0017906747424836203 0.013045493280639637 -0.00048251246290868376 -0.0039043159140016437 0.010228490039919595 0 0 -0.010261069642623475 0 -0.0110738877873205 -0.0038539194959468122 -0.0022929979282659335 0.011891818063176242 -0.0025484838020580127 0
leaf_weight=29.968697900418192 3.3894495696295079 17.570969258202247 4.9065735694020978 2.644928868860009 9.6456134916516039 6.253831364214423 14.248158666305246 5.7495616292580953 11.036773949395863 49.2832368274685 29.315898834145628 13.030759833753111 3.2507505745161351 5.0386901530437163 10.52226088172756 4.1838740420062086 34.840766194742173 107.50782863982022 7.6788607810158274 41.094605777878314 5.6668379462789735 4.3432530045974991 18.588988924399018 14.682959259254856 17.780640378128737 4.734901351388543 7.2619831362972027 12.463012767490005 3.7463562949560574 6.1496232894714913
leaf_count=2023 219 328 119 75 490 227 635 194 519 2836 2889 573 149 405 621 221 1407 8927 380 1628 134 226 1029 1437 1650 290 523 492 177 251
internal_value=0.000375414 0.000876943 0.00678495 0.00029697 -0.0040158 -0.00870152 -0.0116209 -0.0149634 0.000915984 -0.00050556 -0.00374078 0.00142845 -0.00278564 0.0037322 0.006433 0.00925025 0.0110362 0.00253224 0.00600731 0.00814962 0.00990952 0.0123328 -0.00772265 -0.00479375 -0.00823078 0.00264904 0.00308271 0.00055318 0.00546309 0.00831956
internal_weight=506.581 470.728 32.4876 438.24 45.8041 28.8965 26.2516 19.9977 392.436 202.759 78.5991 124.16 39.6054 84.5543 54.5856 44.0633 39.8795 189.677 59.8102 52.1314 27.5811 21.9142 21.8397 35.853 21.1701 17.7657 16.9076 129.867 22.359 18.6126
internal_count=31074 27768 807 26961 2144 1131 1056 829 24817 12443 5725 6718 2041 4677 2654 2033 1812 12374 2527 2147 688 554 1178 3306 1869 863 1013 9847 920 743
is_linear=0
shrinkage=0.05


Tree=96
num_leaves=31
num_cat=0
split_feature=24 38 28 1 28 38 41 24 30 24 39 2 5 38 9 33 12 14 38 30 8 35 29 40 38 26 33 5 30 28
split_gain=0.667895 0.475932 0.422777 1.09438 0.848474 0.758752 0.652074 0.516249 0.441326 0.439666 0.418733 0.416102 0.378145 0.329045 0.313487 0.720646 0.785296 0.7098 0.683712 0.668897 0.634636 0.555928 0.529248 0.515647 0.528192 0.36762 0.349912 0.329601 0.563358 0.313614
threshold=0.40333333611488348 0.0096426010131835955 0.40333333611488348 0.096666663885116591 0.35000002384185797 0.11001014709472658 0.041826598346233375 0.096666663885116591 0.35000002384185797 -0.33666665852069849 0.023863454349339012 0.3966666460037232 0.13666665554046634 0.0053477287292480477 -0.15000000596046445 -0.20333333313465116 -0.29000000655651087 0.35666668415069586 0.031355857849121101 -0.4433333277702331 0.40333333611488348 0.1566666662693024 -0.48333333432674402 0.83666664361953746 0.11386013031005861 0.11000001430511476 -0.25666666030883784 -0.26999998092651362 0.12333333492279054 -0.30333334207534784
decision_type=2 2 2 2 2 2 2 2 2 2 2 2 2 2 2 2 2 2 2 2 2 2 2 2 2 2 2 2 2 2
left_child=2 12 4 10 9 6 7 -5 -8 -1 -4 -10 -2 -9 15 18 25 20 19 22 27 -18 -11 24 26 -17 -20 28 -16 -21
right_child=1 -3 3 5 -6 -7 8 13 11 14 -12 -13 -14 -15 17 16 21 -19 23 29 -22 -23 -24 -25 -26 -27 -28 -29 -30 -31
leaf_value=-0.0034035486926295676 0 0 0.016733562124886907 0.013336841808232117 -0.0077477861089594079 -0.012671345334724382 0.0037699567492316985 -0.0062934337830138553 -0.01368497759417173 -0.0016283083934389394 0 0 -0.013822401561167619 0.0059560813244845497 -0.0013991084486193802 0.0034337966212137014 0.012404504805509187 -0.0086923651930134304 -0.017235228756840942 -0.0053680787413693167 0.011154504981322253 0 0.013163561471571744 0.0018036493817921524 0.00032917515279683868 -0.0077390927598088924 0 -0.001169235255265884 0.010012338113472706 0.0019894092807204657
leaf_weight=58.692605034681037 5.1842305245809284 13.794123785919508 11.18204739782959 10.067399192601444 29.505219983169809 4.3535701767541459 4.40688133961521 5.6610739033203554 6.2521441769786161 3.0975330476649132 3.9501437544822684 4.0153599076438695 14.041916962596586 4.1691260477527976 14.106522351969035 8.4311342942528409 34.829488759860396 16.226272079627961 9.8867939282208699 16.150368216913193 7.5661389660090199 7.418776669772341 13.617020397912709 6.1693158537382251 3.9822308092843732 7.0459858900867394 2.5400517992675331 134.59292714623734 13.959051590180023 32.285740811610594
leaf_count=4780 363 1334 287 308 1339 210 295 244 180 92 125 197 1399 148 900 327 1829 1418 889 740 491 541 490 496 336 218 146 8456 543 2041
internal_value=-0.000280627 -0.00658887 0.000183453 0.00414115 -0.000318283 -0.000185556 0.00241195 0.00777942 -0.00380233 0.000288619 0.0133467 -0.00878096 -0.010692 0 0.00106435 0.00276787 0.00681758 -0.000179557 0 0.00246909 0.000758367 0.0100701 0.0096157 -0.00668073 -0.0106151 -0.0012297 -0.0144441 0 0.00430656 -0.000325867
internal_weight=507.181 33.0203 474.161 54.0577 420.103 38.9256 34.572 19.8976 14.6744 390.598 15.1322 10.2675 19.2261 9.8302 331.905 145.454 57.7254 186.451 87.7291 65.1507 170.225 42.2483 16.7146 22.5784 16.4091 15.4771 12.4268 162.659 28.0656 48.4361
internal_count=31162 3096 28066 1994 26072 1582 1372 700 672 24733 412 377 1762 392 19953 8145 2915 11808 5230 3363 10390 2370 582 1867 1371 545 1035 9899 1443 2781
is_linear=0
shrinkage=0.05


Tree=97
num_leaves=31
num_cat=0
split_feature=4 4 8 13 32 20 5 9 39 39 14 41 36 14 24 26 5 9 14 20 12 23 40 34 29 13 30 25 40 8
split_gain=0.424266 0.659128 0.667015 0.723473 0.573008 0.720753 0.552644 0.51061 0.743382 1.09894 0.762243 1.13487 0.960486 0.577175 0.563006 0.76795 0.478494 0.45139 0.430523 0.418413 0.408158 0.374399 0.361576 0.35785 0.464942 0.331546 0.298822 0.290299 0.295327 0.286735
threshold=-0.46999999880790705 -0.33666665852069849 0.35000002384185797 -0.37666666507720942 -0.063333332538604722 0.23666667938232425 -0.29666668176650995 0.056666672229766853 0.029510702937841419 0.024719144217669967 -0.31000000238418574 0.031524809077382095 0.24333333969116214 -0.46999999880790705 0.11000001430511476 -0.22333332896232602 0.35000002384185797 0.29666668176651007 0.41000002622604376 0.40333333611488348 -0.076666668057441698 -0.18999999761581418 0.81666666269302379 -0.030000001192092892 -0.12333333492279051 0.083333313465118422 -0.016666665673255917 -0.21666666865348813 0.096666667610406889 0.096666663885116591
decision_type=2 2 2 2 2 2 2 2 2 2 2 2 2 2 2 2 2 2 2 2 2 2 2 2 2 2 2 2 2 2
left_child=-1 2 3 -2 5 6 29 14 9 10 11 17 22 -10 23 26 19 -9 27 -17 -11 -7 -13 -6 -25 -23 -16 -5 -29 -3
right_child=1 4 -4 18 7 21 -8 8 13 20 -12 12 -14 -15 15 16 -18 -19 -20 -21 -22 25 -24 24 -26 -27 -28 28 -30 -31
leaf_value=-0.0076519431118561923 0.01565969326519686 -0.0019568715291577144 -0.0051176608547537448 0.0046085328719264436 0.0033432024793271309 -0.0046986731000831193 -0.0067233687664740548 0.0098683212887098453 0.0014266301670946787 0.014060404894191537 0.0023317505419130778 -0.017500959374258405 1.6798193227050826e-05 -0.01311013819522455 -0.0069731665067497006 0.013440979311329988 0 -0.0033073381652179434 0.010542960544981267 0 0 0.0071026852362610429 0 0.0030810333329513431 -0.0071773231866676312 -0.0013227196392042928 0.0032082192188763168 -0.0085688253768186878 0 0.006572194184228536
leaf_weight=10.985055407742037 11.8034187303856 26.143866564380005 7.9712414625100783 16.944292692001905 35.270235614269041 6.7387538352049878 85.50085198704619 8.4191442176233959 4.552511001937094 11.958251847187059 50.651984996162355 18.817566419951621 11.936490624677388 13.636754989624022 7.7171867298893631 32.502598641905934 5.973937911912798 3.9997264642734072 7.3305016902741036 3.7227749030571422 5.9814935633912674 27.918630815111101 5.8172014916781327 9.7399191437289137 22.075654822634533 8.6354918808210623 6.3909905471373332 7.3028701066505226 21.661469785030931 7.7496983108576378
leaf_count=833 237 1514 632 825 2065 443 5687 205 75 405 5061 536 308 1167 636 1563 473 114 330 158 546 1478 153 557 1350 621 401 404 1691 513
internal_value=5.73568e-05 0.000368017 0.00458491 0.0064577 -0.000357471 -0.00267377 -0.00468705 0.00102987 -0.000935482 0.00048358 -0.0015272 -0.00579076 -0.0100456 -0.00898688 0.00332869 0.00675277 0.00988909 0.0045725 0.0026161 0.0118304 0.0102799 0.00226604 -0.0147857 0 -0.00338519 0.00461893 -0.00153665 0 -0.00261143 6.17711e-05
internal_weight=505.851 494.866 73.0138 65.0426 421.852 162.687 119.394 259.164 135.771 117.582 99.6421 48.9901 36.5713 18.1893 123.393 56.3075 42.1993 12.4189 53.2391 36.2254 17.9397 43.2929 24.6348 67.0858 31.8156 36.5541 14.1082 45.9086 28.9643 33.8936
internal_count=30981 30148 4119 3487 26029 10256 7714 15773 8570 7328 6377 1316 997 1242 7203 3231 2194 319 3250 1721 951 2542 689 3972 1907 2099 1037 2920 2095 2027
is_linear=0
shrinkage=0.05


Tree=98
num_leaves=31
num_cat=0
split_feature=21 21 39 0 12 16 40 34 39 11 19 40 7 41 5 1 33 10 26 30 3 4 32 19 33 10 25 3 19 25
split_gain=0.36167 0.486321 1.09539 0.533677 0.447361 0.506625 0.416926 0.408786 0.525986 0.547243 1.07168 0.511896 0.675933 0.402634 0.394981 0.392379 0.383353 0.382269 0.357883 0.352359 0.35132 0.380233 0.714081 0.372332 0.600868 0.347838 0.361082 0.331504 0.314813 0.313633
threshold=0.41000002622604376 0.11000001430511476 0.024375094100832943 0.18333333730697635 0.42333334684371954 0.4499999880790711 0.42333333194255834 0.41666668653488165 0.022874211892485622 -0.20333333313465116 0.069999992847442641 0.87666666507720958 -1.0000000180025095e-35 0.040138021111488349 0.23166668415069583 0.35666668415069586 -0.48333333432674402 0.3966666460037232 0.27666664123535162 -0.04333332180976867 -0.33666665852069849 0.069999992847442641 -0.29000000655651087 -0.1766666769981384 0.32333332300186163 0.13666665554046634 0.12333333492279054 -0.2766666561365127 -0.31000000238418574 -0.063333332538604722
decision_type=2 2 2 2 2 2 2 2 2 2 2 2 2 2 2 2 2 2 2 2 2 2 2 2 2 2 2 2 2 2
left_child=1 4 3 25 5 7 17 8 9 11 27 12 19 -14 -5 -4 -7 18 -2 -1 -10 22 -22 24 -23 -3 -27 -11 -21 -9
right_child=6 2 15 14 -6 16 -8 29 20 10 -12 -13 13 -15 -16 -17 -18 -19 -20 28 21 23 -24 -25 -26 26 -28 -29 -30 -31
leaf_value=0 -0.0071228923177232249 0 0.010039780672377336 -0.0077963843654209608 -0.0073757656264681771 -0.0013606076062950547 -0.0075842646331520415 -0.00044891418326508612 0.0008472762523514673 0 -0.0030007622973751997 0.0047676969011144592 0.0062882221766096249 -0.0044463351424012523 0.00065012531230975443 -0.00016521487945184149 0.011233552732738501 0.0077240455968800963 0.0033211024758519679 -0.015191386726891437 9.8153645723189308e-05 0.0094669851604295089 -0.011503257682402826 -0.0054231800652650985 -0.0062073888180301292 0.0095349918801609524 -0.00033055707916442478 0.0094379558449219948 0 0.008204902335085076
leaf_weight=9.1458114997949469 13.024712738581007 54.306653896695934 41.578190042637289 25.36083675257396 18.097649874398485 2.8509641909040502 26.852872257353738 10.216164415236564 16.400349216535687 9.1658549029380065 34.301406142883934 8.7889704848639649 11.427028714446353 10.322232753969727 14.479000586201435 5.6761248041875652 10.229927182197569 6.6357750326860687 5.9109330875799051 15.270795157179238 13.264904140494762 10.964187014847996 35.433223877567798 13.811891617486252 2.5622859033755949 17.952120881294835 7.0918240237515411 37.881417870754376 3.4109968387056133 14.655074947280808
leaf_count=615 887 3065 2104 1537 1769 115 1477 497 879 660 3276 375 574 516 985 422 551 317 230 434 737 454 2146 1189 85 772 474 2677 258 1035
internal_value=-6.42342e-05 0.000357243 0.00249868 0 -0.000820262 -0.000139743 -0.00380867 -0.000794078 -0.00155806 0.000238043 0.00295681 -0.00308529 -0.00529171 0.000432837 -0.00449799 0.00846402 0.00761375 5.21279e-05 -0.00284547 -0.00978808 -0.0043758 -0.00578668 -0.00822197 0 0.00422249 0.00218307 0.00641206 0.00761978 -0.0129228 0.00444405
internal_weight=507.07 454.646 166.445 119.19 288.201 270.103 52.4243 257.023 232.151 139.715 81.3487 58.3658 49.5769 21.7493 39.8398 47.2543 13.0809 25.5714 18.9356 27.8276 92.4368 76.0365 48.6981 27.3384 13.5265 79.3506 25.0439 47.0473 18.6818 24.8712
internal_count=31112 28201 9359 6833 18842 17073 2911 16407 14875 9385 6613 2772 2397 1090 2522 2526 666 1434 1117 1307 5490 4611 2883 1728 539 4311 1246 3337 692 1532
is_linear=0
shrinkage=0.05


Tree=99
num_leaves=31
num_cat=0
split_feature=24 32 4 4 39 9 30 29 7 13 36 4 32 30 1 19 31 39 38 17 11 1 31 38 38 5 32 29 37 33
split_gain=0.527082 0.57545 0.671237 0.565957 0.468217 0.708508 0.511142 0.462869 0.457661 0.426212 0.666099 0.500758 0.473867 0.590747 0.472673 0.78459 0.484993 0.415631 0.386898 0.379822 0.390917 0.363774 0.360483 0.355306 0.328117 0.32086 0.319014 0.510952 0.412455 0.431454
threshold=0.40333333611488348 0.21666666865348819 -0.35000000894069666 -0.46999999880790705 0.027743459679186348 -0.0099999904632568342 0.42833334207534796 0.37000000476837164 -0.26333332061767573 -0.40333333611488337 0.14999997615814212 0.26333332061767584 0.056666672229766853 1.0000000180025095e-35 -0.43000000715255732 0.18333333730697635 0.4499999880790711 0.014639338012784721 -0.041422843933105462 0.38333332538604742 -0.15666666626930234 -0.10333332419395445 0.35000002384185797 0.028800964355468753 -0.056524276733398431 0.043333351612091071 -0.32333332300186152 0.21666666865348819 -0.0177617073059082 -0.0099999904632568342
decision_type=2 2 2 2 2 2 2 2 2 2 2 2 2 2 2 2 2 2 2 2 2 2 2 2 2 2 2 2 2 2
left_child=1 2 3 -1 6 -6 7 -3 17 10 12 21 13 -4 -11 16 26 -5 -7 20 -17 -12 -22 -2 -8 -26 -16 28 -28 -30
right_child=23 4 9 8 5 18 24 -9 -10 14 11 -13 -14 -15 15 19 -18 -19 -20 -21 22 -23 -24 -25 25 -27 27 -29 29 -31
leaf_value=-0.0051495286879109405 -0.00894333934926533 0.0043056654482649523 0 -0.0010578109405538258 0.0066400605858746922 0 0 -0.004388391087234011 0 0.0091062841026455198 -0.0010841628659223957 -0.0075489295861036927 0 -0.01416676282347488 -0.0046042257578186802 0.00066650797033025971 0.010318947374544999 0.010947765592318765 -0.014172075600309753 0.00034004455053072096 -0.0010849733084329848 0.0092815599948005579 -0.015096874251878846 0 0 0.014035181725606289 -0.0010673779934276659 -0.0043835147460428818 0.0064837933125535098 -0.0005160678771059155
leaf_weight=6.7705482908058903 20.128176301834174 46.761415125220083 6.8258319483138647 3.2779308706521979 6.2146595104131874 7.4142972594127068 4.0319768444169339 13.730687760282306 20.723968173610047 6.3140967460349193 6.7565230443142417 4.2612411275040349 13.386541897896675 23.821467323927209 27.942566915415227 3.5489528777543482 5.6625034422613671 30.250374863157049 5.5221686373697567 7.7572238333523265 12.472226918907838 12.488275490701197 15.54882609285414 12.163701232406309 2.9773430388886508 20.647803260479122 45.917643282562494 30.090292676235549 58.377815999672748 22.784706129459664
leaf_count=446 1920 3867 249 194 289 452 223 838 1316 379 169 126 341 691 1988 360 179 1364 390 534 1221 312 770 1192 80 695 3118 1777 3988 1653
internal_value=0 0.0004928 -0.000406145 0.00404318 0.00363077 -0.00213119 0.00520418 0.00173836 0.00600388 -0.00144103 -0.00479302 0.0010272 -0.00815022 -0.0110913 -0.00028537 -0.000873832 0.000396416 0.00915917 -0.00843388 -0.00682414 -0.00902308 0.0052593 -0.0108863 -0.00560168 0.0103806 0.012252 -9.07302e-05 0.000698285 0.0022328 0.00433165
internal_weight=504.572 472.28 364.98 61.0228 107.3 19.1511 88.1492 60.4921 54.2523 303.957 67.5399 23.506 44.0338 30.6473 236.417 230.103 190.776 33.5283 12.9365 39.3272 31.57 19.2448 28.0211 32.2919 27.6571 23.6251 185.113 157.17 127.08 81.1625
internal_count=31121 28009 21175 3320 6834 1131 5703 4705 2874 17855 1888 607 1281 940 15967 15588 12703 1558 842 2885 2351 481 1991 3112 998 775 12524 10536 8759 5641
is_linear=0
shrinkage=0.05


Tree=100
num_leaves=31
num_cat=0
split_feature=31 40 18 11 3 33 38 12 10 41 41 17 4 12 38 31 14 37 38 11 41 27 4 14 37 31 41 40 37 11
split_gain=0.435086 0.547613 0.841942 0.76653 0.632699 0.55499 0.534234 0.517839 0.459799 1.09849 0.938978 0.770786 0.556483 0.398394 0.517816 0.919414 0.815585 0.670365 0.484539 0.385261 0.561702 0.783162 0.750517 0.922894 1.23806 0.382144 0.519856 0.375174 0.350714 0.340713
threshold=0.43666666746139532 0.096666667610406889 0.37666666507720953 0.30333334207534796 -0.236666664481163 0.40333333611488348 -0.035435676574707024 0.36333334445953375 0.35666668415069586 0.036879267543554313 0.031524809077382095 -0.35000000894069666 0.23666667938232425 0.26999998092651373 -0.032514572143554681 0.18333333730697635 0.083333313465118422 0.0016446113586425783 0.025660514831542972 -0.076666668057441698 0.03304651007056237 -0.21666666865348813 -0.18500000238418576 -0.40333333611488337 -0.016443252563476559 0.19666665792465213 0.035040514543652541 0.50333333015441906 -0.13504600524902341 0.26999998092651373
decision_type=2 2 2 2 2 2 2 2 2 2 2 2 2 2 2 2 2 2 2 2 2 2 2 2 2 2 2 2 2 2
left_child=7 3 5 -2 -4 6 -3 8 13 10 -10 -12 -11 14 15 17 19 28 -15 20 21 -16 -22 24 -24 26 -21 -14 -1 -17
right_child=1 2 4 -5 -6 -7 -8 -9 9 12 11 -13 27 18 16 29 -18 -19 -20 25 22 -23 23 -25 -26 -27 -28 -29 -30 -31
leaf_value=0 -0.01287296044752643 0.016215708057193575 0.0064948027325866051 0.0047234837366445159 -0.009252765838351067 -0.00190890563703356 0 -0.0065268432083447989 0.0038229793042290601 0.012889945227917272 -0.019453497861544936 0 0.005952021201435528 0.008417671602832166 0.009999393235111665 0.0034678245054191913 -0.0070078863470881356 0 -0.0031637966774763142 0 0.0042438771921804305 -0.0018272772398231923 0.0011562452573770246 7.1025551957807631e-05 -0.015317227438407313 -0.0018756460186233469 0.010061641348059036 -0.0064392672917147169 -0.012330047943222113 -0.005838549315791774
leaf_weight=4.2413769785780451 5.1992493837606144 19.469089926686138 4.3527323852758846 6.2874082773923874 8.437164915725587 2.7391358788590869 7.0017204039031702 30.335651405039243 14.114583003800364 21.9193667890504 5.3970605144277215 6.1273948859889042 6.9304585433565062 17.481889495160434 21.526922126766294 36.205086941830814 30.124598221504129 25.625249805860221 6.7332224235869935 15.595630252500994 24.878793341340497 19.562549610855058 12.69662286294624 41.71745237975847 24.784946938045323 9.8051480527501536 27.84617210063152 5.5727345435880125 38.987972602830268 5.7859507738612583
leaf_count=375 183 307 175 185 449 138 636 3531 647 1026 137 386 373 1221 598 1631 3306 1776 800 1282 1135 1132 264 2276 547 936 1855 303 3291 237
internal_value=-0.000207125 0.00375023 0.00644203 -0.0034957 -0.00220037 0.0106663 0.0128498 -0.000770534 -0.000214789 0.00355321 -0.00324254 -0.0116687 0.00896335 -0.000952428 -0.00147486 -0.00418435 0 -0.00756761 0.00438117 0.00113831 -7.90153e-05 0.00432247 -0.0021847 -0.0046542 -0.00977247 0.00455096 0.00655873 0 -0.0110055 0.00109493
internal_weight=507.483 53.4865 41.9998 11.4867 12.7899 29.2099 26.4708 453.997 423.661 60.0616 25.639 11.5245 34.4226 363.6 339.384 110.846 228.539 68.8546 24.2151 198.414 145.167 41.0895 104.078 79.199 37.4816 53.247 43.4418 12.5032 43.2293 41.991
internal_count=31138 2073 1705 368 624 1081 943 29065 25534 2872 1170 523 1702 22662 20641 7310 13331 5442 2021 10025 5952 1730 4222 3087 811 4073 3137 676 3666 1868
is_linear=0
shrinkage=0.05


Tree=101
num_leaves=31
num_cat=0
split_feature=27 2 20 25 41 15 25 9 9 36 23 40 37 0 23 39 27 2 39 35 38 39 40 21 34 39 38 37 24 38
split_gain=0.488294 0.909599 0.987182 0.554964 0.5329 0.481264 0.47136 0.50599 0.40804 0.819518 0.53623 0.377509 0.372673 0.371513 0.388479 0.366737 0.348063 0.671043 0.503115 0.371463 0.488932 0.708441 0.5582 0.34243 0.428876 0.411245 0.330378 0.321893 0.321421 0.321211
threshold=-0.14333333075046537 -0.18999999761581418 -0.17166666686534879 -0.25666666030883784 0.055297430604696281 0.34333333373069769 -0.055000007152557366 -0.31666666269302363 0.23666667938232425 0.27666664123535162 -0.18999999761581418 0.94999998807907116 0.074579238891601576 0.31666666269302374 -0.41666667163372034 0.018027682788670066 0.36333334445953375 -0.17000000178813932 0.020180775783956054 -0.36333334445953364 -0.031785964965820306 0.018027682788670066 0.22999999672174457 -0.29000000655651087 -0.016666665673255917 0.017468849197030071 0.0096426010131835955 -0.055314540863037102 -0.10333332419395445 1.0000000180025095e-35
decision_type=2 2 2 2 2 2 2 2 2 2 2 2 2 2 2 2 2 2 2 2 2 2 2 2 2 2 2 2 2 2
left_child=1 2 6 -3 5 8 7 -1 10 -10 -5 13 -12 14 -4 -6 17 18 -2 28 22 29 -21 -18 -25 -26 -8 -11 -19 -22
right_child=16 3 11 4 15 -7 26 -9 9 27 12 -13 -14 -15 -16 -17 23 19 -20 20 21 -23 -24 24 25 -27 -28 -29 -30 -31
leaf_value=0.0034666516506888035 0 -0.0054741025941480934 0 -0.0020229039592339353 0.00083395964917118393 -0.0065544039055959354 0.0085190408567883524 -0.01119229203486846 -0.0086915515509117195 -0.0028890409017245581 0.008869534034986578 0 -0.00066455030400929763 0 0.015412752943354808 -0.0076652085499449227 -0.0034244354660475842 0.0089505854104501622 -0.0090355119587910201 0.00040533954404241491 0.0010694070975607879 0.0050250030981053772 -0.0095564095999777447 -0.00014238371783071124 -0.00026782714640814559 0.011973576984948012 -0.0014605039011687671 0.0074862645734887039 -2.9841706155041845e-06 -0.0077284749629154244
leaf_weight=2.5663442048244169 29.580335775041021 34.036676980787888 3.8499985693488261 10.643565711099653 14.821657540276645 5.1740981116890898 10.381925355410205 9.5646426649764198 12.393361155409364 2.8661925201304284 56.60875659971498 3.4673930723220101 5.6763049687724552 2.6562524037435642 28.851669535739347 18.547366198152304 11.417133523849769 12.673971655545758 44.460474108811468 16.938148101326078 8.5160363402683306 41.157610119786114 24.529871055157855 17.463856438407674 4.2723204279318479 14.662821470526977 6.9984756242483845 18.802496375283226 10.483274726429952 17.922480048378929
leaf_count=90 2411 1569 188 538 583 379 472 410 520 135 2388 122 252 129 1093 873 1178 805 2875 1364 723 3167 1946 1684 426 1029 382 765 673 1699
internal_value=5.08959e-05 0.0016563 0.00631811 -0.000129986 0.00112215 0.00288444 0 -0.00659134 0.00388598 0 0.00587724 0.0110117 0.00765249 0.0124194 0.0137414 -0.00370332 -0.00142146 -0.002362 -0.00597952 0 -0.00143269 0.000918614 -0.00542382 0.00198216 0.00451227 0.00880912 0.00408778 0.00488145 0.00487336 -0.00445029
internal_weight=501.986 247.907 68.3367 179.57 145.534 112.165 29.5114 12.131 106.991 34.0621 72.9286 38.8253 62.2851 35.3579 32.7017 33.369 254.078 206.262 74.0408 132.221 109.064 67.5961 41.468 47.8161 36.399 18.9351 17.3804 21.6687 23.1572 26.4385
internal_count=30868 10888 2886 8002 6433 4977 1354 500 4598 1420 3178 1532 2640 1410 1281 1456 19980 15663 5286 10377 8899 5589 3310 4317 3139 1455 854 900 1478 2422
is_linear=0
shrinkage=0.05


Tree=102
num_leaves=31
num_cat=0
split_feature=25 7 30 25 33 31 14 39 15 5 23 39 19 27 14 26 5 8 2 5 8 40 38 40 39 38 41 27 5 40
split_gain=0.436094 0.584377 0.660579 0.757408 0.432028 0.394881 0.566314 0.649019 0.503445 0.479893 0.401537 0.373811 0.372376 0.669917 0.570619 0.364999 0.5456 0.5174 0.484712 0.476276 0.540858 0.79573 0.498258 0.420141 0.326646 0.70199 0.403445 0.322706 0.3201 0.347323
threshold=0.32999998331069952 0.32999998331069952 0.41666668653488165 -0.076666668057441698 0.4499999880790711 0.47666668891906744 0.29000002145767217 0.025068226270377639 0.43000000715255743 0.12333333492279054 -0.21666666865348813 0.026239424012601379 -0.33666665852069849 -0.40333333611488337 0.16333335638046267 -0.13666665554046628 -0.2766666561365127 -0.45666666328907007 -0.31000000238418574 0.1566666662693024 0.23000001907348636 0.56666666269302379 -0.0091152191162109358 0.57666665315628063 0.017886037938296798 -0.083765983581542955 0.041826598346233375 -1.0000000180025095e-35 -0.32999998331069941 0.16333333402872088
decision_type=2 2 2 2 2 2 2 2 2 2 2 2 2 2 2 2 2 2 2 2 2 2 2 2 2 2 2 2 2 2
left_child=1 5 -3 -4 -5 6 11 28 -9 10 -7 15 13 -13 -14 17 23 -1 -19 -18 21 24 -22 -17 26 -26 -21 -15 -8 -30
right_child=-2 2 3 4 -6 9 7 8 -10 -11 -12 12 14 27 -16 16 19 18 -20 20 22 -23 -24 -25 25 -27 -28 -29 29 -31
leaf_value=0.0068762650134965081 -0.0042882399481898974 -0.00034000915833353731 -0.0030971935666284905 0.016997980350466714 0 0 -0.0055575124391571522 -0.016875975249665425 0 -0.0031402003430926724 0.013638228680171416 -0.0025267906396449526 -0.0029780141652067157 0.014801296532918297 0.0082924805571071691 0.008753280788801757 -0.0029301596157155214 -0.012521703711701932 -0.0020625503225492822 0.01010684220942918 -0.011173227298497155 0.011528468556286371 0.0023546921202564496 -0.00027748994149258193 0.006480708387946209 -0.010327966364253647 -0.0020732907365314749 0 0.0091457561789688793 -0.001245795779579838
leaf_weight=3.602390344021841 51.87655572721269 17.880834001465701 3.0752509090816629 14.817144059808927 3.180270532378926 5.8724451782181868 12.457982901949437 9.7148576946929079 3.3570799434091887 4.3283508254680774 9.7613684388343245 6.6571379983797696 34.88116266974248 12.631615733494986 9.4728046951349807 23.718469342682511 108.43659529706929 12.178611003793774 61.673690679948777 6.4380044178105909 6.4978349502198398 18.918162658577785 6.4629077624995244 13.273937162593937 2.7376028033904722 11.731060281861572 5.9575221347622573 7.1120766848325703 6.8446513393428203 9.9711803544778359
leaf_count=244 5432 1520 137 461 174 144 849 586 158 155 233 149 2418 361 490 1048 5653 847 4827 271 286 921 296 695 165 604 296 276 446 959
internal_value=-0.000169268 0.000297197 0.00573688 0.0107493 0.0143399 -0.000228882 -0.00066897 -0.00574404 -0.0129875 0.00565385 0.00943982 0 0.00312612 0.00720296 0 -0.000800759 0.000218199 -0.00360889 -0.00491166 -0.000917697 0.00233833 0.00505357 -0.0044985 0.0053448 -1.77217e-05 -0.0049588 0.00412696 0.011279 -0.00014184 0.003181
internal_weight=505.52 453.643 38.9535 21.0727 17.9974 414.69 394.727 42.3458 13.0719 19.9622 15.6338 352.382 70.7548 26.4008 44.354 281.627 204.172 77.4547 73.8523 167.18 58.7431 45.7824 12.9607 36.9924 26.8642 14.4687 12.3955 19.7437 29.2738 16.8158
internal_count=31101 25669 2292 772 635 23377 22845 2998 744 532 377 19847 3694 786 2908 16153 10235 5918 5674 8492 2839 2257 582 1743 1336 769 567 637 2254 1405
is_linear=0
shrinkage=0.05


Tree=103
num_leaves=31
num_cat=0
split_feature=31 40 4 19 13 25 8 10 7 41 9 16 21 38 24 40 35 12 38 4 26 13 38 6 24 16 13 15 38 27
split_gain=0.607227 0.518855 0.776121 0.450746 0.750651 0.459821 0.488896 0.742274 0.624449 0.600378 0.536899 0.495758 0.463896 0.69597 0.736753 0.450711 0.484803 0.442208 0.440185 0.430295 0.628608 0.432317 0.400535 0.6455 0.706767 0.526521 0.403144 0.551482 0.484876 0.55371
threshold=0.46999999880790716 0.11666666716337205 -0.016666665673255917 -0.069999992847442613 -0.090000003576278673 -0.030000001192092892 -0.056666672229766839 0.32999998331069952 -0.12999999523162839 0.036240529268980033 -0.26999998092651362 -0.31666666269302363 -0.21666666865348813 0.036134243011474616 0.056666672229766853 0.51999998092651378 0.043333351612091071 0.40333333611488348 -0.033781528472900384 -0.1766666769981384 -1.0000000180025095e-35 -0.1766666769981384 0.026465415954589847 0.12333333492279054 -0.069999992847442613 0.13666665554046634 0.13666665554046634 0.41666668653488165 -0.026888847351074215 0.37000000476837164
decision_type=2 2 2 2 2 2 2 2 2 2 2 2 2 2 2 2 2 2 2 2 2 2 2 2 2 2 2 2 2 2
left_child=3 -2 18 5 -5 6 8 11 19 -9 -10 -8 -7 15 -15 -14 -17 22 -3 -1 -21 -22 23 24 26 -24 -6 28 29 -28
right_child=1 2 -4 4 17 12 7 9 10 -11 -12 -13 13 14 -16 16 -18 -19 -20 20 21 -23 25 -25 -26 -27 27 -29 -30 -31
leaf_value=0.0027233594736527466 -0.0012205919375101936 0.019679731930565936 0 -0.01107906342955592 0.0044230781316846783 0.0083912396560190759 -0.010450723209592212 -0.004162924409798179 -0.0025688885154881982 0.0090944592682304023 0.0093386696827656348 -6.0553364173839713e-05 -0.0059638781994530146 -0.0005791677113826673 0.010953921525430902 -0.0045738917541059149 0.0059221047746257829 -0.0065698582434212272 0 0.0011474931694994235 -0.013643766826302299 0 0.0013542074427596112 -0.0041902383992796083 0.0083586423819764187 -0.0083794447293217642 -0.015659505452441377 0.0039444328354633464 0.0013959303936297736 0.00076846129447913044
leaf_weight=21.158548006555066 9.1062280209735054 8.7493065334856528 8.3977151368744636 16.784159508999437 16.663699832279235 24.920635010115802 31.410971365869045 8.4471589927561599 6.2806692766025654 11.871526174247263 26.445031666662544 23.903953086817637 31.369940309319645 18.694067777600139 22.195345612475649 10.932974935742097 20.888925680192187 24.179321193601936 3.5572787260171035 14.041712670587005 13.674492807011122 3.4264713092707089 17.680150386644527 25.402483941521496 39.043310014298186 21.852166487136856 11.627054963493721 6.4454663391225031 3.862174373352901 2.6623405839782217
leaf_count=1090 237 133 399 1555 1058 1050 1170 257 379 366 1219 1816 1468 789 729 545 707 2681 267 927 556 240 2226 2958 2107 2663 589 345 412 140
internal_value=0 0.00624562 0.010002 -0.000501476 -0.00241087 0.000665394 -0.000997223 -0.00386352 0.00136438 0.00294048 0.00636388 -0.00681372 0.00287351 0.000939917 0.00574858 -0.00203897 0.0015015 -0.00106003 0.015872 -0.00166807 -0.00528268 -0.0105714 0 0.00168874 0.00400013 -0.00387237 -0.000132748 -0.00429836 -0.00851321 -0.0120444
internal_weight=505.675 29.8105 20.7043 475.865 186.202 289.662 160.661 75.6336 85.0269 20.3187 32.7257 55.3149 129.002 104.081 40.8894 63.1918 31.8219 169.418 12.3066 52.3012 31.1427 17.101 145.239 105.707 80.304 39.5323 41.2607 24.597 18.1516 14.2894
internal_count=31078 1036 799 30042 16734 13308 8020 3609 4411 623 1598 2986 5288 4238 1518 2720 1252 15179 400 2813 1723 796 12498 7609 4651 4889 2544 1486 1141 729
is_linear=0
shrinkage=0.05


Tree=104
num_leaves=31
num_cat=0
split_feature=26 41 39 39 31 10 33 21 21 39 8 5 14 28 38 31 9 41 39 29 33 23 3 41 35 41 29 4 2 39
split_gain=0.536321 0.503092 0.556512 0.597549 0.578466 0.347149 0.76204 0.438702 0.685323 0.730167 0.796084 0.521701 0.512945 0.457438 0.445903 0.368939 0.364769 0.354356 0.338616 0.348248 0.321294 0.308925 0.307183 0.300289 0.32449 0.292855 0.290644 0.290547 0.268887 0.334406
threshold=0.42333334684371954 0.062716234475374236 0.029510702937841419 0.014045588206499817 -0.41666667163372034 0.38333332538604742 0.30333334207534796 -0.016666665673255917 0.41000002622604376 0.029931325465440754 0.043333351612091071 -0.10999999940395354 0.20333331823349002 -0.21666666865348813 -0.13554382324218747 -0.29666668176650995 0.069999992847442641 0.029942885972559456 0.013434986118227245 -0.26333332061767573 0.056666672229766853 -0.36333334445953364 0.3966666460037232 0.041539816185832031 -0.12999999523162839 0.047262389212846763 -0.030000001192092892 0.17000001668930056 0.20333331823349002 0.02055478468537331
decision_type=2 2 2 2 2 2 2 2 2 2 2 2 2 2 2 2 2 2 2 2 2 2 2 2 2 2 2 2 2 2
left_child=5 2 3 -2 -5 7 27 12 9 10 11 17 13 -1 25 -12 -11 -9 -10 -20 -4 -6 -21 24 -19 -14 -25 -7 29 -15
right_child=1 -3 20 4 21 6 -8 8 18 16 15 -13 14 28 -16 -17 -18 23 19 22 -22 -23 -24 26 -26 -27 -28 -29 -30 -31
leaf_value=0.0033835620012196603 -0.002578005567463711 -0.0039256707064537037 0.0025702777459578382 -0.001770205451991312 0 0.012482588310922039 -0.0017590697662876104 0.0078446469400571713 0.0026391486915074967 0.010863738335784929 0.0097405240388032874 -0.0057934683535892763 0.0078291221611535462 0 -0.0091285197892325663 0.00054840538048655629 0 -0.0090058722711918986 0.0008415128866202568 -0.011706877757826572 -0.0093105701365240687 0.012231063057968734 0 0.0055549572540233997 0.0015617492426268137 -0.0038199902800552378 -0.0036408066838942948 0 0.0014411600548664932 -0.0073587190438835137
leaf_weight=31.983363564126194 6.6074860489461562 9.958093233406542 3.6149082914926103 4.9303937416989347 3.7705850068014106 13.068367982050406 28.716632739291526 8.3340652727056277 3.2976826177909961 20.807318766368557 17.360755466623232 52.100558566162363 3.6129576913081101 35.320127438171767 42.22236514906399 34.412447654176503 5.9190494569484136 12.134273293893786 4.2986552922520813 21.016024482436482 4.3039231884758919 40.407395352143794 6.4122480202931902 16.054720487445593 3.9248359352350226 4.355523155303672 5.6880402909591821 7.2094845732208332 16.170721385860816 36.44777660514228
leaf_count=2258 233 391 123 117 153 655 2057 470 179 1007 763 3443 128 2463 3490 2797 486 653 304 1098 193 1293 559 961 282 217 267 432 1188 2470
internal_value=-9.02859e-06 0.00371521 0.00550516 0.00736557 0.00929214 -0.000744647 0.00285129 -0.00130743 0.000110957 0.0015277 0 -0.00256162 -0.00315865 -0.00100684 -0.00719861 0.00475495 0.00829517 0.000855264 -0.00560647 -0.0074096 -0.00332085 0.011089 -0.00936955 -0.000978399 -0.00556753 0.000766227 0.00198103 0.00924253 -0.00298389 -0.00433668
internal_weight=504.461 73.5928 63.6347 55.7159 49.1084 430.868 48.9945 381.874 211.761 176.736 150.01 98.2365 170.113 119.922 50.1908 51.7732 26.7264 46.1359 35.0246 31.7269 7.91883 44.178 27.4283 37.8019 16.0591 7.96848 21.7428 20.2779 87.9386 71.7679
internal_count=31130 2503 2112 1796 1563 28627 3144 25483 13269 11129 9636 6076 12214 8379 3835 3560 1493 2633 2140 1961 316 1446 1657 2163 935 345 1228 1087 6121 4933
is_linear=0
shrinkage=0.05


Tree=105
num_leaves=31
num_cat=0
split_feature=23 10 19 40 9 14 39 38 38 24 39 38 9 7 13 17 23 10 26 10 41 36 24 10 6 5 10 23 21 2
split_gain=0.401557 0.622129 0.525189 0.548784 0.427755 0.821491 0.751159 0.727011 0.718157 0.717026 0.523538 0.73655 0.709193 0.586068 0.556853 0.476686 0.468988 0.429649 0.415881 0.397321 0.851467 0.687597 0.592337 0.405419 0.392231 0.370252 0.364903 0.473934 0.352706 0.341318
threshold=-0.19666665792465207 0.35666668415069586 0.32999998331069952 0.79666668176651012 -0.090000003576278673 -0.36333334445953364 0.029510702937841419 -0.08739995956420897 -0.045151710510253899 0.01666665077209473 0.029510702937841419 -0.033781528472900384 -0.016666665673255917 0.32999998331069952 -0.2766666561365127 -0.016666665673255917 -0.049999997019767754 -0.15000000596046445 -0.04333332180976867 0.24333333969116214 0.036879267543554313 -0.023333340883255001 -0.016666665673255917 0.35666668415069586 0.38999998569488531 0.31666666269302374 -0.18999999761581418 -0.030000001192092892 -0.016666665673255917 -0.41666667163372034
decision_type=2 2 2 2 2 2 2 2 2 2 2 2 2 2 2 2 2 2 2 2 2 2 2 2 2 2 2 2 2 2
left_child=1 29 3 -3 5 9 8 -8 18 -2 13 28 -13 16 24 -10 -6 -17 -7 22 21 -21 -18 -22 -15 -23 27 -20 -12 -1
right_child=4 2 -4 -5 10 6 7 -9 15 -11 11 12 -14 14 -16 17 19 -19 26 20 23 25 -24 -25 -26 -27 -28 -29 -30 -31
leaf_value=0.00081189208130701216 0 0.01317796236403564 -0.0036821512999219369 -0.00084384630719341143 0.0039936517565464982 -0.0010368150273456277 -0.0012308485983693756 0.013309861931226578 0 0.014173677767724586 -0.0062799287798437258 0.0015391467509061028 -0.017857695372204784 0.015192740761587151 0 -0.011551620935018402 0.00016645366046105149 0 0 0.0041455523607665627 0 -0.013780361874391876 -0.0079198450822852012 0.011561011383439748 0 0 0 0.014635362011268322 0.0051906355969394526 -0.0051063012240624055
leaf_weight=21.297234112629667 13.370673135388641 11.229911169037228 6.8110431330278507 5.4931666594929984 29.252001673216 18.730213372968137 8.5073326290585118 14.075782892527057 27.024699236731976 19.652306749019772 4.3128919918090114 2.4034120673313746 9.3514383176807279 10.308590371161698 25.383207029197365 21.958070574561138 30.17207944416441 6.7400259587448081 3.479854034259918 5.5839482704177525 12.099670340307059 10.876073834486304 44.454122371040285 12.108769278274847 4.3891551597043863 2.7016654070466748 6.1797812376171342 10.808220762526615 11.637275078333914 93.245734845404513
leaf_count=1386 383 506 697 240 1690 934 429 682 2137 488 310 104 672 228 2681 2070 1953 634 149 244 600 524 2556 535 127 136 304 428 740 6494
internal_value=8.14995e-06 -0.00218239 0.00406934 0.00846526 0.000924707 0.00293636 0.000586826 0.00784902 -0.00125717 0.00928029 -0.000411857 -0.0062134 -0.0133038 0.000483052 0.00549542 -0.00487169 -0.000879919 -0.00875005 0.00329262 -0.00242451 0.000869707 -0.00549296 -0.00457132 0.00682424 0.0115972 -0.0107895 0.00753595 0.0109112 8.12951e-05 -0.00381288
internal_weight=503.638 138.077 23.5341 16.7231 365.561 150.527 117.504 22.5831 94.9209 33.023 215.034 27.705 11.7549 187.329 40.081 55.7228 147.248 28.6981 39.1981 117.996 43.3701 19.1617 74.6262 24.2084 14.6977 13.5777 20.4679 14.2881 15.9502 114.543
internal_count=31061 9323 1443 746 21738 8638 7767 1111 6656 871 13100 1826 776 11274 3036 4841 8238 2704 1815 6548 2039 904 4509 1135 355 660 881 577 1050 7880
is_linear=0
shrinkage=0.05


Tree=106
num_leaves=31
num_cat=0
split_feature=4 10 40 40 31 38 38 3 23 33 32 31 1 4 12 11 37 38 29 37 18 22 36 4 11 41 41 40 40 2
split_gain=0.441616 0.979312 0.87092 0.661882 0.427862 0.423714 0.474904 0.416204 0.516728 0.438185 0.381918 0.426643 0.591533 0.468039 0.553215 0.521488 0.460946 0.402504 0.396634 0.37325 0.552714 0.366088 0.362222 0.410439 0.353014 0.329015 0.362597 0.323924 0.323027 0.318857
threshold=0.23666667938232425 0.35666668415069586 0.95666664838790905 0.79666668176651012 -0.11666667461395262 0.10531806945800783 -0.015715122222900387 0.20333331823349002 0.43666666746139532 0.46333330869674688 -0.46999999880790705 0.46999999880790716 0.32999998331069952 0.069999992847442641 -0.36333334445953364 -0.16333332657814023 0.031841278076171882 -0.042340755462646477 0.030000001192092899 0.012290954589843752 -0.090000003576278673 0.20999997854232791 0.32333332300186163 -0.14333333075046537 -0.049999997019767754 0.04948376119136811 0.034374734386801727 0.51999998092651378 0.24333333224058154 -0.10999999940395354
decision_type=2 2 2 2 2 2 2 2 2 2 2 2 2 2 2 2 2 2 2 2 2 2 2 2 2 2 2 2 2 2
left_child=1 10 7 4 -3 6 -5 -2 9 -9 21 12 13 14 17 -16 25 27 19 -17 -21 -1 23 29 -14 26 -15 -12 -13 -19
right_child=2 3 -4 5 -6 -7 -8 8 -10 -11 11 28 24 16 15 18 -18 22 -20 20 -22 -23 -24 -25 -26 -27 -28 -29 -30 -31
leaf_value=-0.011885294916459073 0.00058103748263797815 0.014490667206936494 0.0090900507869108877 0.001721767216838753 0.00083934070785082835 0.0070613197346105164 -0.011839547388709581 -0.0089782938544438924 0 0.002643132191714373 -0.0092671448682568377 0 -0.012994112703849665 -0.00096767104166337655 -0.0064404927776660782 0.0033280329475111926 0.0092444227859801425 0.014063816113035258 -0.0052091520733474027 0.0041735336293426363 -0.0074042542313259062 0.0010488502248384303 -0.0033289682525779935 0 0 -0.0042735226602254447 0.0073111082500880069 0.0023013413932227501 0.011332893129124137 0
leaf_weight=7.4526615354698134 25.337948645930737 19.02871304936707 7.1836439061444244 5.4976412248797706 13.908965471899135 3.8142182070296249 6.3069456662051371 61.317134581157006 24.328279582085088 2.9661412187851957 4.9868273239117098 6.8490986421238622 8.3105656432453561 16.499617460882291 49.593232217943296 63.499491706956178 18.798535979818553 14.306369377998633 26.636528605711646 9.4203955500852334 19.424532089615241 2.5040031734388322 3.2197017113212487 18.898763775127012 9.8764520452823472 15.538423495367168 18.685564920539036 4.1882979476358742 8.1376362391747517 6.3064899325836441
leaf_count=500 1717 900 378 265 828 145 350 4234 1675 295 340 172 436 988 3605 3893 1085 429 2227 700 1680 136 130 583 904 836 1022 202 268 194
internal_value=-0.000190394 0.000597895 -0.00278192 0.00683296 0.0103857 -0.000305802 -0.00566778 -0.00415604 -0.00572576 -0.00790649 -0.000342002 0 -0.000431189 0.000108549 -0.000943917 -0.00240959 0.00358716 0.00314081 -0.000300879 0.00109213 -0.00283806 -0.00789447 0.00534036 0.00694185 -0.0079632 0.000293734 0.00324647 -0.00351692 0.00693105 0.0109985
internal_weight=502.823 381.69 121.133 48.5565 32.9377 15.6188 11.8046 113.95 88.6116 64.2833 333.133 323.177 308.19 290.003 220.481 168.574 69.5221 51.9065 118.981 92.3444 28.8449 9.95666 42.7313 39.5116 18.187 50.7236 35.1852 9.17513 14.9867 20.6129
internal_count=31117 22818 8299 2488 1728 760 615 7921 6204 4529 20330 19694 19254 17914 13983 12105 3931 1878 8500 6273 2380 636 1336 1206 1340 2846 2010 542 440 623
is_linear=0
shrinkage=0.05


Tree=107
num_leaves=31
num_cat=0
split_feature=31 5 17 25 9 32 37 32 29 30 38 32 7 39 31 14 39 9 9 36 7 25 16 37 37 13 22 12 3 12
split_gain=0.419711 0.636078 0.38644 0.80002 0.861224 0.638264 0.71461 0.616477 0.436362 0.499426 0.591271 0.381303 0.370782 0.467558 0.299074 0.294339 0.51808 0.761797 0.670256 0.492443 0.727707 0.479011 0.395768 0.334715 0.569984 0.590566 0.560906 0.331629 0.364842 0.431351
threshold=0.48333334922790533 -0.056666672229766839 -0.43000000715255732 -0.069999992847442613 0.23666667938232425 0.13666665554046634 -0.016443252563476559 0.056666672229766853 0.19666665792465213 0.41000002622604376 0.09092187881469728 -0.22999998927116391 0.24333333969116214 0.017468849197030071 -0.4433333277702331 0.25666666030883795 0.029931325465440754 0.01666665077209473 -0.10333332419395445 -0.31000000238418574 0.030000001192092899 -0.12333333492279051 0.46333330869674688 -0.0177617073059082 0.014905929565429689 -0.24999999999999997 0.18333333730697635 0.41666668653488165 0.2833333313465119 0.11000001430511476
decision_type=2 2 2 2 2 2 2 2 2 2 2 2 2 2 2 2 2 2 2 2 2 2 2 2 2 2 2 2 2 2
left_child=2 -2 3 11 7 -6 -7 -5 15 10 -10 -1 13 -13 -15 16 17 23 21 27 22 -18 -21 -4 26 -26 -25 28 29 -17
right_child=1 -3 8 4 5 6 -8 -9 9 -11 -12 12 -14 14 -16 19 18 -19 -20 20 -22 -23 -24 24 25 -27 -28 -29 -30 -31
leaf_value=0.004769767286375997 0.011851066901043646 -0.002446602258589932 -0.0048868853627552509 0 0.0075477956218423098 0.0031216923216323376 -0.013642147976220896 0.016293445348080214 -0.007347204944952195 0.001375992273022679 0.0014245152366712728 0 0.0022733596285132618 0 -0.015064353852481652 -0.00061687662758193426 0.01616398044543569 0.004847143335195099 -0.0011337305245943802 -0.012275202365464647 0.00074235773206253995 0.00021706585087531138 0.00029398278501412199 0.0083262286773223386 0.0019746789238427897 -0.0075340688470912163 -0.0032578044429379047 -0.0045377419984162261 -0.0028661965440757941 0.011975166316194486
leaf_weight=6.4023737781681112 12.282057128148155 6.4337866576388469 52.147975995205343 7.9708424580749151 7.3989654674660441 5.0994336358271548 7.4905058641452316 17.386907159117982 67.420909484033473 30.349588400684297 17.752811723155901 9.0057847581338191 5.5486840857192865 3.8181552425958243 10.060014010639856 4.3618982478510686 10.968757921131328 51.570676150498912 13.089406446320934 22.662305674515668 19.849414138589054 11.406885369215161 2.9026143732480696 24.492615896742791 21.586530314525589 28.027788068633527 8.1940031468402577 4.4452438028529278 3.0126040412578723 12.723883344558997
leaf_count=178 313 327 3467 237 167 144 189 396 4972 1907 1187 232 135 70 330 246 492 3558 874 1742 2091 618 248 1748 932 2708 610 294 220 535
internal_value=0.000143803 0.00652381 -0.000127008 0.00285811 0.00699782 0 -0.00669128 0.0122003 -0.000808664 -0.00333751 -0.00527128 -0.00215496 -0.00499974 -0.00773469 -0.012072 0.000156786 0.00113003 0 0.00618398 -0.00244121 -0.00544651 0.0106803 -0.0102715 -0.00198228 0 -0.00318071 0.0047212 0.0022787 0.00544086 0.00835274
internal_weight=505.863 18.7158 487.148 80.1817 45.3467 19.9889 12.5899 25.3577 406.966 115.523 85.1737 34.835 28.4326 22.884 13.8782 291.443 221.485 186.02 35.465 69.958 45.4143 22.3756 25.5649 134.449 82.3009 49.6143 32.6866 24.5436 20.0984 17.0858
internal_count=31167 640 30527 2078 1133 500 333 633 28449 8066 6159 945 767 632 400 20383 15007 13023 1984 5376 4081 1110 1990 9465 5998 3640 2358 1295 1001 781
is_linear=0
shrinkage=0.05


Tree=108
num_leaves=31
num_cat=0
split_feature=10 33 31 31 1 39 10 10 27 28 40 4 13 21 21 39 0 41 10 41 23 39 0 36 29 20 23 15 3 10
split_gain=0.754931 0.311452 0.477935 0.401865 0.475133 0.522677 0.396432 0.385295 0.349868 0.282387 0.262355 0.26102 0.256873 0.245073 0.405855 1.02656 0.439806 0.386221 0.497079 0.590326 0.383593 0.360275 0.5752 0.563319 0.464609 0.354835 0.347843 0.354575 0.322795 0.319118
threshold=0.46999999880790716 0.44333332777023321 -0.46999999880790705 0.47666668891906744 0.35000002384185797 0.017120812088251117 0.043333351612091071 -0.31000000238418574 0.13666665554046634 0.32333332300186163 0.81666666269302379 -0.31666666269302363 0.12333333492279054 0.40333333611488348 0.13666665554046634 0.026239424012601379 0.18333333730697635 0.036240529268980033 -0.10333332419395445 0.03232953883707524 0.01666665077209473 0.023282317444682125 0.056666672229766853 0.12333333492279054 0.17666667699813846 -0.1766666769981384 0.26999998092651373 -0.33666665852069849 0.069999992847442641 0.1566666662693024
decision_type=2 2 2 2 2 2 2 2 2 2 2 2 2 2 2 2 2 2 2 2 2 2 2 2 2 2 2 2 2 2
left_child=1 2 6 4 13 9 -1 -5 -3 -6 -2 -7 -9 14 17 16 26 18 19 -4 -17 22 23 -19 -25 -20 27 29 -24 -16
right_child=10 8 3 7 5 11 -8 12 -10 -11 -12 -13 -14 -15 15 20 -18 21 25 -21 -22 -23 28 24 -26 -27 -28 -29 -30 -31
leaf_value=-0.0020126562993531077 0.011999904413476941 -0.010537319825256746 0 0.009819422582888657 -0.004002520789448182 8.6062415643634396e-05 0.0094468205544367967 0.0050907031282071014 0.00064389422652631257 0.0060444658268860273 0 -0.0099464102488995426 -0.0056924027092238837 -0.0043211132188101919 -0.0096486346662906786 0 -0.0055146685902704275 -0.0068058996475202143 -0.0063616018073687115 0.011155942503257903 0.013161392595349012 -0.0057938261711866024 0.0069304556710323931 0.007985827346789225 -0.0038240164877049137 0.0010043761677531271 0.0068308549789619401 0.00221658612382352 -0.0011037617509434793 0.00060545851986456157
leaf_weight=4.1270616305992034 10.326904476154594 10.325590976630336 25.267737984191626 11.008845967939125 5.7356370060006148 1.9643332597333927 15.693023913539944 2.3987027979455871 4.5431962253060183 8.5119664759840798 3.8784245334099969 30.770342471194454 7.2109213543590158 31.481982213910669 9.9742294193711114 7.1673367703333524 23.249719807761721 39.979786663781852 19.566328094806522 15.341097193537278 18.062836183700711 56.269700481090695 23.341527896467596 10.777403567219155 8.3007025013212097 30.182161221746355 17.13865278637968 33.580990775022656 11.325680389069019 5.5365395117551079
leaf_count=168 745 763 1747 243 570 122 423 74 461 506 286 2489 344 1670 331 353 1432 2607 1405 955 869 3522 1494 900 527 1987 921 2281 735 144
internal_value=-0.000236419 -0.000667733 -0.000344145 -0.000760033 -0.00115874 -0.00564911 0.00617921 0.00505553 -0.00672005 0.000777621 0.00915948 -0.00877889 -0.000477051 -0.000471268 0 0.00231072 -0.000132548 -0.00122571 0.00112326 0.00503202 0.0101371 -0.00278978 -0.00049548 -0.00359124 0.00216505 -0.00181713 0.00171184 -0.000170805 0.00391536 -0.0056783
internal_weight=503.039 488.834 473.965 454.145 433.527 46.9823 19.8201 20.6185 14.8688 14.2476 14.2053 32.7347 9.60962 386.544 355.062 114.71 89.4801 240.352 90.3573 40.6088 25.2302 149.995 93.7251 59.0579 19.0781 49.7485 66.2304 49.0918 34.6672 15.5108
internal_count=31074 30043 28819 28228 27567 3687 591 661 1224 1076 1031 2611 418 23880 22210 6331 5109 15879 6094 2702 1222 9785 6263 4034 1427 3392 3677 2756 2229 475
is_linear=0
shrinkage=0.05


Tree=109
num_leaves=31
num_cat=0
split_feature=25 30 7 33 3 17 27 38 38 10 30 6 6 32 37 24 30 14 7 40 10 33 11 20 23 18 38 25 1 28
split_gain=0.380958 0.539863 0.545865 0.627624 0.527057 0.351563 0.509422 0.308156 0.462637 0.277273 0.275184 0.366456 0.316277 0.470533 0.65716 0.479016 0.508979 0.486206 0.478755 0.446458 0.373935 0.318557 0.310952 0.381591 0.410857 0.403933 0.299711 0.293022 0.355929 0.292213
threshold=0.32999998331069952 0.44333332777023321 0.23666667938232425 0.44333332777023321 0.043333351612091071 -0.45666666328907007 -0.26999998092651362 -0.14892625808715818 -0.019491672515869137 0.17000001668930056 0.27666664123535162 -0.1766666769981384 0.14999997615814212 -0.063333332538604722 0.010866641998291017 -0.15666666626930234 -0.096666663885116563 0.14999997615814212 -0.3899999856948852 0.62999999523162853 -0.1766666769981384 -0.094999998807907091 -0.16333332657814023 -0.37666666507720942 0.32999998331069952 -0.2766666561365127 0.10234832763671876 -0.35000000894069666 -0.10333332419395445 0.030000001192092899
decision_type=2 2 2 2 2 2 2 2 2 2 2 2 2 2 2 2 2 2 2 2 2 2 2 2 2 2 2 2 2 2
left_child=1 5 4 -4 -3 6 -1 -2 -9 -8 12 -12 13 15 22 17 18 -7 -17 26 -20 -18 -15 -24 25 -25 -14 28 -19 -16
right_child=7 2 3 -5 -6 10 9 8 -10 -11 11 -13 19 14 29 16 21 27 20 -21 -22 -23 23 24 -26 -27 -28 -29 -30 -31
leaf_value=-0.0096035812815442618 0.0034416395075302104 0.0054829280593550285 0.012372807488874864 -0.0024476024144817064 -0.0079924257057401287 0.0056382824672552029 0.0072565303510410822 -0.010332664853723741 0 -0.0034654749563390423 0.0087621275668396253 0.00015999911323942903 -0.009385104729966634 0 -0.0068637984062649929 -0.0054108815301530501 -0.0011276426398219015 -0.0032150243061456227 -6.8720598108831227e-05 0.00074577279945453557 0.0082074261048817772 -0.011261026577444128 -0.0014242008664903467 0 -0.00011589985447542437 0.013627754100684154 0.0005458845650467731 -0.0059363338985952592 0.0080715391458697321 0.00079185111730315123
leaf_weight=17.477199922781441 3.7682252384256563 7.6837833279278156 21.270494522992525 3.8951762886717907 8.3383185726124776 33.525327633600682 5.6411267099902016 20.09881673916243 26.891091143479571 3.9797057199757546 13.590353222796692 52.40672605112195 25.075760223204274 19.653665758669376 11.421076196711509 24.077430112287402 21.95131648867391 6.71866689552553 30.593278493033722 19.062818605918437 12.602748667821286 20.532135544810444 2.6431071644183239 2.6968077034689513 3.6731260532978913 26.952128888340667 3.2956373775377861 17.477251848671585 6.700172609882431 26.022636219742708
leaf_count=420 358 126 565 209 186 2156 175 2038 3008 125 510 2974 2209 1065 730 1305 1205 366 2184 1724 852 1353 150 126 236 1366 301 1222 371 1452
internal_value=-0.000265002 0.000167582 0.00526879 0.00924713 -0.000661642 -0.000356187 -0.00530471 -0.00414494 -0.00554591 0.00159337 8.26539e-06 0.0028612 -0.000554462 5.51951e-05 0.00290578 -0.00137515 -0.00339399 0.00170552 -0.000171678 -0.00407761 0.00254423 -0.00732824 0.00620056 0.00865895 0.0101898 0.0119724 -0.00761025 -0.00210726 0.00188575 -0.00159327
internal_weight=499.716 448.958 41.1878 25.1657 16.0221 407.77 27.098 50.7581 46.9899 9.62083 380.672 65.9971 314.675 267.241 93.0625 174.178 109.757 64.4214 67.2735 47.4342 43.196 42.4835 55.6188 35.9652 33.3221 29.6489 28.3714 30.8961 13.4188 37.4437
internal_count=31067 25663 1086 774 312 24577 720 5404 5046 300 23857 3484 20373 16139 5125 11014 6899 4115 4341 4234 3036 2558 2943 1878 1728 1492 2510 1959 737 2182
is_linear=0
shrinkage=0.05


Tree=110
num_leaves=31
num_cat=0
split_feature=33 9 39 30 38 8 30 29 23 24 38 17 39 39 1 33 7 40 40 9 34 4 38 39 26 40 39 41 4 27
split_gain=0.341861 0.6542 0.802592 0.620583 0.64323 0.564255 0.546371 0.545491 0.526414 0.520053 0.48332 0.433567 0.575405 0.624097 0.746022 0.592061 0.561323 0.526981 0.479091 0.453052 0.442772 0.42629 0.436267 0.420809 0.419306 0.430016 0.404644 0.424673 0.38389 0.382738
threshold=-0.25666666030883784 -0.19666665792465207 0.029510702937841419 -0.4433333277702331 1.0000000180025095e-35 -0.016666665673255917 0.48166668415069586 -0.48333333432674402 0.18999999761581424 -0.32333332300186152 0.11386013031005861 -0.16333332657814023 0.021435073576867584 0.017886037938296798 0.21666666865348819 0.32999998331069952 0.19666665792465213 0.063333334401249899 0.79666668176651012 0.17000001668930056 -0.33666665852069849 -0.33666665852069849 -0.14892625808715818 0.019723630510270599 -1.0000000180025095e-35 0.73000001907348644 0.029931325465440754 0.040138021111488349 0.36333334445953375 -0.18333333730697629
decision_type=2 2 2 2 2 2 2 2 2 2 2 2 2 2 2 2 2 2 2 2 2 2 2 2 2 2 2 2 2 2
left_child=3 9 11 4 7 -4 -7 -1 -9 -2 26 12 13 16 15 24 18 -14 -3 -13 -18 -19 -23 -11 -15 -26 27 -5 -25 -29
right_child=1 2 5 10 -6 6 -8 8 -10 23 -12 19 17 14 -16 -17 20 21 -20 -21 -22 22 -24 28 25 -27 -28 29 -30 -31
leaf_value=-0.0026032113242819583 -0.0040967175902397726 0.0012038195322330726 0.0002065112555794216 -0.011397205411062494 -0.0064973914138624789 -0.012316520785870606 0.0019877220025690894 0.014397927201348982 -0.00047521251754756581 9.7553168821990315e-05 0.0034489989588749994 -0.0049037563403575178 -0.003546428683658938 0.0029356230884640512 -0.013902938877180585 0.010637550754573719 0.0041930049371271495 -0.001829198561718435 0.013211602341966467 0.00070035876620009327 -0.0076736525002366251 -0.00057735517339694783 0.011218654067991492 0.010567715211881672 -0.011510914053308379 0.0010255677651039789 0.00034612305673667248 0.0030225012832627782 -0.00083991788634244782 -0.0059205957219084903
leaf_weight=4.6437957459129455 8.4059905405156297 32.147819188190624 13.582500568591056 34.463412403827533 5.8368197665549806 26.760461590951312 2.9796237240079781 13.117299012374135 3.6625602324493221 27.724646036978811 7.6601169914938501 59.234699774999171 5.3055792485829434 7.5090543965343413 9.1508975964970869 3.7445615599863222 5.3604527274146703 3.6920320240315041 10.092487996676935 63.613827047520317 13.37862852506805 4.1592419384978703 36.529448909685016 34.071211643284187 11.913168371189391 4.3189791089389464 11.993525712983681 12.177370476070786 3.2668091512750825 21.494565713219348
leaf_count=170 583 1246 658 2389 627 2039 82 474 146 1520 642 4946 288 451 374 149 166 190 378 5858 594 295 1486 1530 445 137 601 614 186 1821
internal_value=-0.000559984 0.00010221 -0.000844477 -0.00288832 0.00273722 -0.00672312 -0.0100908 0.00703588 0.010784 0.00421488 -0.00496509 0.000133311 0.0020088 -5.28891e-05 -0.0049943 0 0.00272412 0.00607752 0.00587746 -0.00191031 -0.00307491 0.00800959 0.00955815 0.00589575 -0.00356262 -0.00767421 -0.00624396 -0.00767533 0.00901467 -0.0020882
internal_weight=501.992 386.942 313.473 115.049 27.2605 43.3226 29.7401 21.4237 16.7799 73.4687 87.789 270.151 147.302 97.616 36.6367 27.4858 60.9794 49.6863 42.2403 122.849 18.7391 44.3807 40.6887 65.0627 23.7412 16.2321 80.1289 68.1353 37.338 33.6719
internal_count=31085 23601 19782 7484 1417 2779 2121 790 620 3819 6067 17003 6199 3940 1556 1182 2384 2259 1624 10804 760 1971 1781 3236 1033 582 5425 4824 1716 2435
is_linear=0
shrinkage=0.05


Tree=111
num_leaves=31
num_cat=0
split_feature=24 31 22 39 36 9 32 23 38 37 5 1 38 14 37 39 39 39 38 20 16 38 14 9 8 37 6 30 30 32
split_gain=0.453086 0.591957 0.551514 0.578144 0.543726 0.581403 1.10258 0.558464 0.506371 0.448592 0.429266 0.42242 0.421414 0.4496 0.643221 0.834537 0.638776 0.754933 0.602866 0.560668 0.499957 0.496416 0.449261 0.356165 0.59863 0.590339 0.419356 0.347066 0.346734 0.323662
threshold=0.3966666460037232 -0.236666664481163 -0.35000000894069666 0.038492189720273025 0.25666666030883795 0.26333332061767584 -0.12999999523162839 -0.36333334445953364 -0.042340755462646477 -0.051397800445556634 0.29666668176651007 0.42333334684371954 0.077169895172119155 -0.049999997019767754 0.01410198211669922 0.022679586894810203 0.024719144217669967 0.013434986118227245 -0.099806308746337877 0.21666666865348819 0.16333335638046267 -0.007102489471435546 0.043333351612091071 -0.31666666269302363 0.043333351612091071 -0.0177617073059082 -0.030000001192092892 -0.25666666030883784 -0.15666666626930234 -0.12999999523162839
decision_type=2 2 2 2 2 2 2 2 2 2 2 2 2 2 2 2 2 2 2 2 2 2 2 2 2 2 2 2 2 2
left_child=1 2 10 4 5 8 -7 -6 -4 -9 -1 29 13 23 16 -16 17 -15 -18 -19 -20 -22 -14 -3 25 -25 -27 -17 -29 -10
right_child=-2 12 3 -5 7 6 -8 9 11 -11 -12 -13 22 14 15 27 18 19 20 -21 21 -23 -24 24 -26 26 -28 28 -30 -31
leaf_value=-0.0069536241241416235 -0.0051604428620948585 -0.0089250809045393325 -0.0034885775574395026 -0.0066820922543015917 -0.00087098863513896708 0.0080355660349992614 -0.013490540466395314 0 0 0.013775395541373029 0.0041595153130760155 -0.0036988883134728037 -0.0003032263630071413 -0.0062771640827557797 -0.010003039227674697 0.0070783516255726502 0.0035168697721015794 0.0097331528766812381 0.0010138206527348533 0 -0.016418223314685215 0.00065546543879326348 -0.010208205767985673 -0.0034849339433315873 -0.0061516890536433312 0.0088473614466529592 0 -0.010172388511584737 0.0017674650135723329 0.0089816162202733703
leaf_weight=17.946692161029208 34.93706710357219 12.775391504168509 10.671150184469296 4.6195155957248053 5.5245472739916286 3.324740973301231 8.9513490532990527 4.4570215367712072 16.503620295319699 29.682817770168185 5.7686411521863183 3.6531351925805202 34.612334913341329 4.7190844020806244 17.697218346758746 12.614866784773769 17.39847823465243 57.316124584758654 4.90436983318068 17.969900261145085 8.0183507194742525 1.7366519202478237 17.26019211858511 23.843009076779708 30.322605594294146 24.059359028353356 15.70655408198945 2.7997539937496176 8.3994313812581805 45.024389365920804
leaf_count=927 3313 1083 738 280 337 131 369 276 742 1327 274 131 2252 425 1722 519 687 3195 358 1100 412 200 2081 1770 1869 1383 1009 155 690 1408
internal_value=-7.70416e-05 0.00030999 0.0028038 0.00413358 0.00499353 0.00214518 -0.0055686 0.00966128 0.0040157 0.0118639 -0.00311504 0.00578599 -0.000888097 0 0.00167874 -0.00303814 0.00370336 0.00603419 -0.00149091 0.00751982 -0.00793975 -0.0126998 -0.00474767 -0.00244596 -0.000831611 0.00165699 0.00533895 0.00227069 -0.00227127 0.00699797
internal_weight=503.218 468.281 156.128 132.412 127.793 88.1284 12.2761 39.6644 75.8523 34.1398 23.7153 65.1811 312.154 260.281 153.574 41.5113 112.063 80.0051 32.0579 75.286 14.6594 9.755 51.8725 106.707 93.9315 63.6089 39.7659 23.8141 11.1992 61.528
internal_count=31163 27850 6940 5739 5459 3519 500 1940 3019 1603 1201 2281 20910 16577 9463 3086 6377 4720 1657 4295 970 612 4333 7114 6031 4162 2392 1364 845 2150
is_linear=0
shrinkage=0.05


Tree=112
num_leaves=31
num_cat=0
split_feature=30 25 4 37 31 18 12 37 39 37 10 2 22 2 17 5 27 12 9 39 39 30 38 37 41 41 41 27 38 23
split_gain=0.337234 0.434447 0.399041 0.510445 0.506334 0.43933 0.480269 0.478501 0.398807 0.390299 0.44856 0.437628 0.367147 0.351635 0.342824 0.460123 0.438033 0.338725 0.328845 0.883652 0.669734 0.599471 0.539856 0.522637 0.476414 0.463899 0.376348 0.352957 0.326117 0.319643
threshold=0.46333330869674688 0.22333335876464847 0.33666664361953741 0.012290954589843752 0.46999999880790716 -0.36333334445953364 -0.29000000655651087 0.055775165557861335 0.015890218317508701 0.0086016654968261736 -0.063333332538604722 0.18999999761581424 0.12333333492279054 0.44333332777023321 -0.31666666269302363 0.19666665792465213 -0.19666665792465207 -0.35000000894069666 -0.1766666769981384 0.029931325465440754 0.025036369450390342 -0.15666666626930234 -0.033781528472900384 0.065215587615966811 0.033619904890656478 0.040138021111488349 0.03232953883707524 -0.33666665852069849 -0.032514572143554681 -0.11666667461395262
decision_type=2 2 2 2 2 2 2 2 2 2 2 2 2 2 2 2 2 2 2 2 2 2 2 2 2 2 2 2 2 2
left_child=2 -2 4 8 5 9 7 -7 -4 14 17 12 -12 -10 15 16 -1 -11 19 20 24 -22 -21 26 28 -26 -20 -27 -8 -6
right_child=1 -3 3 -5 29 6 18 -9 13 10 11 -13 -14 -15 -16 -17 -18 -19 23 22 21 -23 -24 -25 25 27 -28 -29 -30 -31
leaf_value=-0.010703979249729828 0.0080782095706824139 -0.00086597121998861618 0.00022775933393020037 0.00059847338111919065 0 -0.0084579916744121405 0.010203352970953487 0.0018958115405513097 -0.013189091412704638 0.013543811227573942 0.0015871546399162982 0.0084303858300278575 -0.0075075485842358057 0 0.0046900363380443007 0.0027834790442429944 0 0 -0.0051613907164013541 0 -0.013686117304005867 0.0028964515539389463 0.015613648212525364 -0.0092421696769714526 -0.0081632363190813056 0.0090932474110311176 0.00088741292383604723 -0.00081001618911049559 0 0.010614250156629271
leaf_weight=16.582000774331391 22.116008182056248 15.785564708057789 5.3578341373940956 20.542718311888166 11.354883330408486 34.462033908581361 12.927855493500831 7.9195541748777023 18.237309701507915 12.837114364607261 20.065448462730277 8.4219619324430806 10.862650086404754 4.8296453885268411 12.164918363094328 11.471706337295471 8.940385700901972 4.5780848579015574 27.677691674092785 13.010676442412661 10.366418074117972 2.321317814057692 9.4309028405696136 16.038850264740176 12.522460673237218 4.9534989073872522 90.426904537132941 30.967324607074264 12.123693981207905 11.921186875784768
leaf_count=526 478 732 445 1943 414 2284 514 452 1470 331 600 225 303 507 505 343 391 191 2581 579 711 161 403 1468 995 175 7323 2469 1242 358
internal_value=0 0.00417437 -0.000407897 -0.0044203 6.31374e-05 -0.000346143 -0.00141812 -0.00601135 -0.00824574 0.00223759 0.00491513 0.000801662 -0.00163093 -0.0107147 -0.000599347 -0.00333193 -0.00688037 0.0105549 -0.000390106 0.00148219 -0.000727193 -0.00935857 0.00920937 -0.00208315 0.00104228 -0.00149779 -0.000509677 0.00106531 0.00609955 0.00645524
internal_weight=501.219 37.9016 463.317 48.9675 414.35 391.073 285.149 42.3816 28.4248 105.924 56.7653 39.3501 30.9281 23.067 49.159 36.9941 25.5224 17.4152 242.768 108.624 86.1826 12.6877 22.4416 134.143 73.4948 48.4433 118.105 35.9208 25.0515 23.2761
internal_count=31119 1210 29909 4365 25544 24772 21357 2736 2422 3415 1650 1128 903 1977 1765 1260 917 522 18621 7249 6267 872 982 11372 5395 3639 9904 2644 1756 772
is_linear=0
shrinkage=0.05


Tree=113
num_leaves=31
num_cat=0
split_feature=19 38 38 37 8 12 24 38 31 27 37 40 29 38 41 37 38 37 34 31 25 38 35 20 18 38 26 35 41 3
split_gain=0.300492 0.512793 0.568302 0.502612 0.879397 0.441659 0.476223 0.609615 0.56312 0.534817 0.522152 0.515846 0.391291 0.866327 0.706037 0.474605 0.867286 0.608395 0.564896 0.488624 0.587928 0.45633 0.434033 0.401085 0.396502 0.379679 0.373172 0.349032 0.343381 0.593365
threshold=-0.236666664481163 0.15270900726318362 0.12359237670898439 0.067932605743408217 0.11000001430511476 -0.22999998927116391 0.17000001668930056 0.025660514831542972 -0.41666667163372034 -0.29666668176650995 0.01410198211669922 0.12333333119750024 0.056666672229766853 0.031355857849121101 0.064443118870258345 -0.017433166503906247 -0.032514572143554681 -0.00088310241699218739 0.37000000476837164 0.24333333969116214 -0.29666668176650995 -0.019491672515869137 0.18999999761581424 -0.20333333313465116 0.37666666507720953 -0.032514572143554681 0.30333334207534796 -0.24333333969116208 0.039133043959736831 -0.19666665792465207
decision_type=2 2 2 2 2 2 2 2 2 2 2 2 2 2 2 2 2 2 2 2 2 2 2 2 2 2 2 2 2 2
left_child=3 2 12 5 -5 6 8 9 -1 10 -8 26 13 15 -15 16 18 22 19 -2 -21 -14 -17 -22 28 -7 -10 -25 -19 -30
right_child=1 -3 -4 4 -6 25 7 -9 11 -11 -12 -13 21 14 -16 17 -18 24 -20 20 23 -23 -24 27 -26 -27 -28 -29 29 -31
leaf_value=0.0062622703747724842 -0.0065986721522135446 -0.010120541183904957 0.0096885491079486321 0.011062366688769761 -0.0035685788636180462 -0.0015468108300669102 -0.016723234374209882 0.001294330899646816 -0.00038895283266434971 0 0 -0.0037683402356058662 -0.007928565038091499 -0.010258102021415357 0.0032739912064957224 0.013325963614972786 -0.0085419235939477294 0.006815489923981244 0.0092037076944512831 -0.0044414072445660051 -0.00074290476034161905 0 -0.00088734921320828561 0.01473392861632062 -0.0067440034789830478 0.0066845319654641414 0.01047466566010832 0 -0.0092556837003042181 0.0040042785477506695
leaf_weight=24.864654902135953 16.241234089480713 10.46857587166596 5.9682068689726284 22.530429612146694 9.1411018804647011 12.435766017995773 14.015464098658414 14.646006646566091 9.2817788212560135 10.404430412803778 4.5120895453728727 64.26004337077029 34.946916874847375 26.326147925341502 6.969372418941929 17.085342340404171 20.687876491807401 21.979525805218145 13.761457973392679 10.871306507848201 5.9593444180209216 37.22724608622957 2.0406700470484784 9.0431492920033651 6.564828348811715 32.572947528678924 7.03679290623404 8.2114701808895898 7.4570005813147899 15.109961766749619
leaf_count=511 1340 1213 748 707 265 842 372 362 530 488 89 2398 3697 3284 735 1172 1904 1292 507 281 195 4168 222 212 430 1316 203 273 515 905
internal_value=-0.00028203 -0.00140998 -0.000760646 0.000994657 0.00628012 0 -0.00135752 -0.00543739 0.000306265 -0.00919781 -0.0132287 -0.00154948 -0.00130663 0 -0.00672197 0.00155683 -0.000724444 0.00447855 0.00195759 -0.0003493 0.00254676 -0.00428173 0.0109647 0.00691519 0.000716729 0.0040057 0.00473203 0.0101444 0.00298083 -0.000525907
internal_weight=502.621 276.92 266.451 225.702 31.6715 194.03 149.021 43.578 105.443 28.932 18.5276 80.5786 260.483 188.309 33.2955 155.013 84.7758 70.2373 64.088 50.3265 34.0853 72.1742 19.126 23.214 51.1113 45.0087 16.3186 17.2546 44.5465 22.567
internal_count=31176 23093 21880 8083 972 7111 4953 1311 3642 949 461 3131 21132 13267 4019 9248 4712 4536 2808 2301 961 7865 1394 680 3142 2158 733 485 2712 1420
is_linear=0
shrinkage=0.05


Tree=114
num_leaves=31
num_cat=0
split_feature=10 7 30 40 41 0 19 35 7 7 10 38 12 41 41 41 39 41 38 9 41 37 9 6 22 4 14 16 1 39
split_gain=0.398775 0.838127 0.304197 0.824668 0.657213 0.280508 0.404111 0.661044 0.5507 0.450949 0.420072 0.439487 0.419699 0.599146 0.458853 0.62933 0.738014 0.584756 0.568123 0.520002 0.508085 0.489013 0.469381 0.388212 0.351644 0.341444 0.492678 0.373967 0.373699 0.313393
threshold=0.38333332538604742 -0.13666665554046628 0.45666664838790899 0.87666666507720958 0.033619904890656478 0.35000002384185797 -0.33666665852069849 0.29666668176651007 0.20999997854232791 -0.13666665554046628 0.13666665554046634 -0.037441253662109368 -0.076666668057441698 0.054682714864611633 0.036879267543554313 0.039897613227367408 0.038492189720273025 0.046513013541698463 -0.032514572143554681 -0.18999999761581418 0.03232953883707524 0.034846782684326179 -0.10999999940395354 0.17000001668930056 -0.056666672229766839 -0.1766666769981384 -0.40333333611488337 -0.28333333134651179 -0.22999998927116391 0.018027682788670066
decision_type=2 2 2 2 2 2 2 2 2 2 2 2 2 2 2 2 2 2 2 2 2 2 2 2 2 2 2 2 2 2
left_child=5 -2 -3 4 -4 6 7 8 9 25 11 -11 -8 14 18 16 22 -17 19 21 -20 -14 -16 29 -19 28 -27 -28 -1 -15
right_child=1 2 3 -5 -6 -7 12 -9 -10 10 -12 -13 13 23 15 17 -18 24 20 -21 -22 -23 -24 -25 -26 26 27 -29 -30 -31
leaf_value=-0.0026062768539103511 0.011702548333383396 -0.0033559721287489061 -0.0012397453566335411 -0.0081449643226134943 0.01420351406894451 -0.0037257484662349297 -0.0038806769320912544 0.011077934723721124 -0.0071170166560120714 -0.00095580597448590105 -7.6679624432693719e-05 0.009637196015983918 0.01230166243794863 0 -0.02013336138038449 0.0053408152132292915 0.0015891536777397791 -0.0095269313208762273 -0.0073988901753606869 -0.0011538476154534486 0.003105901393373264 -0.0013236866975931136 0 -0.0013974182101015203 0 -0.0099357388456948435 0.0069028083103422917 -0.0046770065791473968 0.0081951619250652009 0.010246762549413028
leaf_weight=7.1760767679661539 15.844207236543296 26.55542122956831 5.5943529161159011 3.4719788247020906 11.112852292833848 51.795436335261911 85.915263952803798 12.582078776555134 12.671443232335148 6.3247799524106076 19.862431553425267 33.405454256571829 18.520702168578286 8.6440941791515815 8.4312151160556823 18.047244885703549 4.7629044156055889 12.235179793322461 19.475473543861884 11.294325588620266 12.30495299422182 3.3602714377921066 6.6150176530936742 8.7091845748946053 10.576998082222415 13.67398563376628 8.0600378022063506 6.5185416168533257 9.715059951413421 22.420403610682115
leaf_count=194 765 2113 210 144 470 3694 7009 306 377 478 595 869 589 703 558 1411 228 1066 2211 884 1306 114 600 957 770 357 265 260 266 1202
internal_value=2.45694e-05 0.00361507 0 0.00387864 0.00897022 -0.0004796 0 0.00221661 0.000571971 0.00206319 0.00481753 0.00750003 -0.00115306 0.000204182 -0.00136783 -0.00439043 -0.0105239 0 0.00123547 0.00559792 -0.00282254 0.00947798 -0.0149061 0.00524398 -0.00518957 -0.00122252 -0.00458276 0.000656238 0.00303379 0.00770525
internal_weight=495.677 62.5788 46.7346 20.1792 16.7072 433.099 381.303 129.99 117.408 104.736 59.5927 39.7302 251.313 165.398 125.624 60.6686 19.8091 40.8594 64.9557 33.1753 31.7804 21.881 15.0462 39.7737 22.8122 45.1437 28.2526 14.5786 16.8911 31.0645
internal_count=30971 3702 2937 824 680 27269 23575 3967 3661 3284 1942 1347 19608 12599 9737 4633 1386 3247 5104 1587 3517 703 1158 2862 1836 1342 882 525 460 1905
is_linear=0
shrinkage=0.05


Tree=115
num_leaves=31
num_cat=0
split_feature=3 26 17 25 29 11 21 10 37 27 37 39 30 17 33 25 1 14 34 36 26 14 40 21 8 10 7 21 25 1
split_gain=0.302138 0.370682 0.621729 1.47726 0.755672 0.489305 0.565115 0.54091 0.483524 0.386713 0.363584 0.364572 0.362836 0.327802 0.510941 0.410657 0.298629 0.310201 0.359933 0.291686 0.267621 0.267447 0.302048 0.267143 0.263758 0.257499 0.253325 0.247573 0.350707 0.246338
threshold=0.34333333373069769 0.44333332777023321 -0.4433333277702331 -0.18333333730697629 0.030000001192092899 -0.19666665792465207 -0.016666665673255917 0.083333313465118422 0.073574066162109389 -0.37666666507720942 0.0195307731628418 0.013434986118227245 0.12333333492279054 -0.4433333277702331 0.069999992847442641 -0.10999999940395354 -0.069999992847442613 0.32333332300186163 0.069999992847442641 0.38999998569488531 0.26999998092651373 1.0000000180025095e-35 0.67000001668930065 -0.069999992847442613 0.37000000476837164 -0.236666664481163 -0.22333332896232602 0.33666664361953741 -0.41666667163372034 -0.3899999856948852
decision_type=2 2 2 2 2 2 2 2 2 2 2 2 2 2 2 2 2 2 2 2 2 2 2 2 2 2 2 2 2 2
left_child=1 2 3 -1 5 12 7 25 24 -5 11 -2 -4 14 -3 -15 21 18 27 29 -9 -8 -23 -10 -6 -7 -27 28 -18 -13
right_child=10 13 4 9 8 6 16 20 23 -11 -12 19 -14 15 -16 -17 17 -19 -20 -21 -22 22 -24 -25 -26 26 -28 -29 -30 -31
leaf_value=-0.005690627671136525 0.0027305971996749324 0.0056916288954487601 -0.0052273995167099749 9.4688084647799877e-05 -0.0059134177244595191 -2.8490604141911716e-05 0 0.0076646136708120108 -0.0025768414275525314 0.01452971779864343 0.0012007717786781617 0 0.0037620450025079737 0 -0.0087799575847108697 0.0092634596112352308 -0.0016011635819179904 -0.0051050072178564455 -0.0033034029110452071 0 -0.00071193992036016316 0.012934536765815872 0 0.006792870206758817 0.00032896020408429124 -0.011230826673316277 0 0 0.01034202399797006 -0.010222903401891997
leaf_weight=14.257268166169522 3.9573204159969455 4.7772220876067859 41.286563006928191 10.259497127961366 102.80939502164256 44.979842877015471 9.5101319868117553 18.209797538816932 4.9292225029785195 18.814019271172587 20.415279060718603 2.3772139460779718 6.6723215540405354 12.215515981661154 6.4340653480030596 26.336915020598099 1.8270111475139881 6.3982197362929574 6.1490634358488014 7.3800848701503119 6.172957330942153 19.640543795656416 4.9605164590757331 10.253612624015656 10.57766333397012 8.9007082830648887 11.266543009085579 6.751371170859783 19.852621711092073 30.09168417355977
leaf_count=389 221 96 2942 186 7236 2697 700 1570 426 520 1805 196 380 378 137 923 137 404 444 590 446 888 359 553 970 664 987 476 1265 2176
internal_value=-0.00012022 0.000315761 -0.000172206 0.00500304 -0.000976663 0.000762609 0.00214631 -0.00031547 -0.00394394 0.0110363 -0.00319927 -0.00564942 -0.00323416 0.00414704 -0.00132649 0.00626419 0.00519597 0.00121937 0.00358739 -0.00727532 0.00499929 0.00845287 0.0107474 0.00270246 -0.00513441 -0.00290987 -0.00690087 0.00611977 0.00830344 -0.00905763
internal_weight=498.464 434.243 384.479 43.3308 341.148 212.578 164.619 89.5298 128.57 29.0735 64.2216 43.8063 47.9589 49.7637 11.2113 38.5524 75.0895 40.9783 34.5801 39.849 24.3828 34.1112 24.6011 15.1828 113.387 65.1471 20.1673 28.431 21.6796 32.4689
internal_count=31161 26173 24639 1095 23544 14359 11037 6364 9185 706 4988 3183 3322 1534 233 1301 4673 2726 2322 2962 2016 1947 1247 979 8206 4348 1651 1878 1402 2372
is_linear=0
shrinkage=0.05


Tree=116
num_leaves=31
num_cat=0
split_feature=31 30 25 33 25 26 39 17 38 30 39 39 39 31 38 29 29 5 29 38 38 32 38 11 18 29 41 38 16 17
split_gain=0.322973 0.565167 0.451686 0.705551 0.611355 0.543294 0.440455 0.38647 0.379207 0.372143 0.682448 0.832994 0.684942 0.684467 0.715085 0.554681 0.509811 0.525927 0.323619 0.315427 0.383111 0.306358 0.304372 0.29126 0.28081 0.296476 0.284386 0.393378 0.269946 0.266634
threshold=-0.24333333969116208 -0.24333333969116208 0.20333331823349002 0.26333332061767584 -0.083333343267440782 -0.22999998927116391 0.026617088355124 -0.4433333277702331 1.0000000180025095e-35 -0.25666666030883784 0.029510702937841419 0.025036369450390342 0.013129511848092081 0.22333335876464847 0.026465415954589847 -0.20333333313465116 -0.48333333432674402 -0.063333332538604722 0.056666672229766853 0.098131179809570326 -0.14522457122802732 0.29000002145767217 -0.08739995956420897 -0.26999998092651362 -0.4433333277702331 0.18333333730697635 0.040605081245303161 0.092322826385498061 0.19666665792465213 -0.48333333432674402
decision_type=2 2 2 2 2 2 2 2 2 2 2 2 2 2 2 2 2 2 2 2 2 2 2 2 2 2 2 2 2 2
left_child=1 -1 4 23 7 -6 -7 29 -5 10 11 12 -2 -14 16 -11 -15 28 -17 20 -12 24 -13 -4 -20 -26 -27 -28 -18 -3
right_child=9 2 3 8 5 6 -8 -9 -10 15 19 22 13 14 -16 18 17 -19 21 -21 -22 -23 -24 -25 25 26 27 -29 -30 -31
leaf_value=-0.0055045876301020279 -0.010392895900129265 0.00084030696084701976 0.0092214407208864452 -0.010126774317383376 -0.00080531527558559213 0.01203276829601805 0 0.0036856523043735118 0 -0.00711032359283904 0 0 -0.002757990339048005 -0.0022096278838800664 -0.0038875067107828087 0.0015301247928381913 0 0 0.0025268064493883875 -0.0005785119993714404 0.013289765807090787 0.0014140214080924055 -0.013748766295552937 -0.00027788465022902503 -0.00048009443112567306 -0.00096544903838600721 -0.013421314034871108 0 0.015596430898471762 -0.0074817203657211789
leaf_weight=15.438098129816352 3.8579482391942284 8.0092112971469778 10.091289727250116 14.623697669827381 8.5906736289616656 38.291504871333018 8.9194839287083578 34.029371868120506 10.592212948948143 37.646413127193227 3.5966577744111463 3.0468651363626114 21.335266022244468 2.9873487218283108 6.5097051935736081 81.055142625235021 4.5040194715838835 7.8486978770233753 6.5800150353461495 2.4168419556226572 14.843728519976139 26.774050927837379 8.1707340714056027 6.3514253934845319 35.479438916780055 19.922685706289485 18.479261928820055 5.0218036109581581 23.40082690003328 13.340106979710979
leaf_count=1286 354 143 408 1047 483 998 235 1736 660 2754 148 106 2084 79 789 5629 210 379 200 231 570 2899 585 611 2436 1495 1263 343 707 339
internal_value=4.54237e-05 0.0018395 0.00291862 -0.000963289 0.00456134 0.00800772 0.00999118 0.000238016 -0.00611424 -0.000802759 0.00151444 -0.000442488 0.0015426 0.00338047 0.00674656 -0.00194913 0.0093739 0.0111189 -0.000634801 0.00849433 0.0105564 -0.00240771 -0.0105538 0.00534483 -0.00389221 -0.00486271 -0.00744471 -0.0107765 0.0138214 -0.00394618
internal_weight=501.755 168.277 152.839 41.6586 111.18 55.8017 47.211 55.3787 25.2159 333.477 102.519 81.6614 70.4438 66.5859 45.2506 230.959 38.7409 35.7535 193.312 20.8572 18.4404 112.257 11.2176 16.4427 85.4832 78.9032 43.4238 23.5011 27.9048 21.3493
internal_count=31207 7946 6660 2726 3934 1716 1233 2218 1707 23261 6242 5293 4602 4248 2164 17019 1375 1296 14265 949 718 8636 691 1019 5737 5537 3101 1606 917 482
is_linear=0
shrinkage=0.05


Tree=117
num_leaves=31
num_cat=0
split_feature=0 19 13 39 37 40 14 13 11 24 41 37 11 21 32 21 20 41 39 40 13 24 7 39 39 32 13 37 31 23
split_gain=0.353245 0.421871 0.6189 0.630655 0.522266 0.958682 0.738699 0.488205 0.443847 0.491309 0.396332 0.395776 0.583184 0.427602 0.370342 0.362297 0.356391 0.354799 0.353667 0.348212 0.343461 0.325247 0.320574 0.355682 0.345826 0.468027 0.599006 0.433235 0.254431 0.248702
threshold=0.12333333492279054 -0.35000000894069666 -0.083333343267440782 0.013434986118227245 0.0086016654968261736 0.64333331584930431 -0.016666665673255917 0.043333351612091071 -0.076666668057441698 0.38333332538604742 0.041826598346233375 0.018483638763427738 -0.11666667461395262 0.043333351612091071 -0.46999999880790705 0.36333334445953375 0.21666666865348819 0.064443118870258345 0.023797256872057918 0.25000000000000006 0.14999997615814212 -0.43000000715255732 0.37000000476837164 0.013434986118227245 0.025453434325754646 -0.236666664481163 -0.30333334207534784 0.0086016654968261736 0.18999999761581424 -0.20333333313465116
decision_type=2 2 2 2 2 2 2 2 2 2 2 2 2 2 2 2 2 2 2 2 2 2 2 2 2 2 2 2 2 2
left_child=1 15 -3 28 5 6 -5 -6 -8 14 16 12 22 18 -10 17 -7 29 -13 -9 -15 -16 23 -2 25 -25 27 -27 -4 -1
right_child=11 2 3 4 7 10 8 19 9 -11 -12 13 -14 20 21 -17 -18 -19 -20 -21 -22 -23 -24 24 -26 26 -28 -29 -30 -31
leaf_value=0.00070477390470255355 0 -0.0036245925128386941 0 -0.0019316616052723837 0.0059002954306232591 -0.011432541949577461 0 -0.00860073226790759 0 0 0.00230507123406369 0.0006876107189245622 0 0.0066143503005647282 0 -0.001141787497937008 0.0015145725333152165 -0.00078177556228809647 -0.0085650485661093526 0 -0.0020015651106690285 0.015368814552129812 0.00046827823193601182 0 0 -0.019883799633705471 0 0 -0.012129126659886517 0.0086670096796662485
leaf_weight=22.44932943279855 5.9016598544549188 70.677071850514039 3.8940417985431832 9.2349345781840366 11.422912642243316 8.9858491239137965 6.8392634356860063 14.432429008418692 2.9174762633629063 4.3136189002543679 10.758553732186554 17.229076353833083 62.302048022742383 34.025343431043439 2.299859493970863 18.495136854238808 1.715608512982725 11.537691499572245 9.3055231792386603 22.624283071025275 7.6337816959712645 38.909602903062492 6.4115567386616013 5.537272257963191 7.8639187344815573 16.753033751854677 8.5957643287256413 3.2417471096850923 4.2197642710525542 46.619967476464808
leaf_count=645 217 5244 481 876 1014 769 498 1208 134 435 969 1336 4710 1747 171 466 120 343 602 2376 737 1769 311 313 447 667 689 93 414 1237
internal_value=0.000244425 0.00130273 0 0.0019063 0.00298218 0.00524252 0.00819956 -0.000703357 0.0103234 0.0118467 -0.00258597 -0.001398 -0.00317333 0.00131187 0.0133013 0.00389554 -0.0080616 0.00533903 -0.00276997 -0.00385814 0.00445776 0.0144038 -0.00668206 -0.00804873 -0.00955389 -0.0114328 -0.0136184 -0.0174469 -0.00783953 0.00667527
internal_weight=497.148 312.347 213.245 142.568 134.454 85.9748 64.5148 48.4796 55.2798 48.4406 21.46 184.801 116.607 68.1937 44.1269 99.1021 10.7015 80.607 26.5346 37.0567 41.6591 41.2095 54.305 47.8934 41.9917 34.1278 28.5905 19.9948 8.11381 69.0693
internal_count=31038 19169 16478 11234 10339 5741 3883 4598 3007 2509 1858 11869 7447 4422 2074 2691 889 2225 1938 3584 2484 1940 2737 2426 2209 1762 1449 760 895 1882
is_linear=0
shrinkage=0.05


Tree=118
num_leaves=31
num_cat=0
split_feature=26 24 17 9 39 6 29 11 12 38 28 19 33 10 16 38 23 1 35 17 24 40 1 15 11 36 40 4 1 26
split_gain=0.398829 0.325707 0.307381 0.746162 0.865845 0.518281 0.358181 0.307136 0.474891 0.45204 0.36489 0.73375 0.646391 0.444005 0.419163 0.455881 0.355262 0.34374 0.339227 0.334981 0.344281 0.337282 0.397225 0.486608 0.464412 0.336454 0.344127 0.328758 0.320207 0.282652
threshold=0.48333334922790533 -0.076666668057441698 -0.4433333277702331 0.23666667938232425 0.022874211892485622 -0.090000003576278673 0.42833334207534796 0.16333335638046267 0.42333334684371954 -0.16125297546386716 -0.33666665852069849 -0.0099999904632568342 -0.48333333432674402 0.13666665554046634 0.069999992847442641 0.077169895172119155 -0.1766666769981384 -0.3899999856948852 0.14999997615814212 -0.17000000178813932 -0.15666666626930234 0.82999998331069957 0.069999992847442641 -0.33666665852069849 -0.30333334207534784 0.35000002384185797 0.063333334401249899 0.37666666507720953 -0.3899999856948852 0.24333333969116214
decision_type=2 2 2 2 2 2 2 2 2 2 2 2 2 2 2 2 2 2 2 2 2 2 2 2 2 2 2 2 2 2
left_child=2 -2 3 5 -5 -1 -6 17 9 29 12 28 -11 -13 -14 -16 -10 18 -4 20 25 22 23 -22 -24 26 -19 -21 -12 -9
right_child=1 -3 7 4 6 -7 -8 8 16 10 11 13 14 -15 15 -17 -18 19 -20 27 21 -23 24 -25 -26 -27 -28 -29 -30 -31
leaf_value=0 -0.00097336049631925776 0.008272323569224865 0.0086803636670130697 -0.010850120718546843 -0.002319304695972922 0.011368660368392219 0.0091298738236704723 -0.0089401810661832969 -0.010194254234987493 -0.0041390512020231009 -0.001491286981595757 -0.0050626381580625886 -0.00085891577626152514 0.0030927149768825565 0.014780180132265539 -0.00022016022115746732 0 -0.0032758239363248269 -0.0019504409365127314 -0.0045232810153194867 -0.012718718937573198 0.002497605734066198 0.0058350087894877773 -0.00017440834526261405 -0.004586564601223149 -0.0042260256590397087 0.0068253418166547954 0.0029436473778754598 0.0096834984012043115 0.0017366774648275654
leaf_weight=11.325275971321387 6.2907959544099894 20.796697255689651 9.8073891852982324 10.967785296030344 4.3828756301663807 21.758681896375492 8.4305323194712383 7.1633131457492691 7.8165650097653296 2.9402638406027135 1.8378881965763891 33.641894371947274 2.0029048027936396 19.887063600239344 21.51015337230638 2.1102515044622114 13.940072241821325 3.1188843571580938 5.280631488421931 126.68666386476252 14.165113940136505 19.849677560618147 14.074435019865634 19.800486949505284 16.700841645943001 4.6055028974078587 34.865865491447039 8.2746505752438662 21.908478881465271 2.8756974732968956
leaf_count=301 150 467 592 280 135 565 167 358 794 128 121 2740 152 2050 1080 268 1355 250 515 9742 516 926 583 1184 956 328 2260 710 1377 129
internal_value=0.000264985 0.0055824 -5.42956e-05 0.00314746 -0.00256654 0.00765788 0.00439409 -0.000591174 0.00120658 0.00263875 0.00379004 0.00135613 0.00827291 -0.00160647 0.0110028 0.0128229 -0.00444211 -0.00157862 0.00427786 -0.00209711 -3.12642e-05 -0.00202445 -0.00385857 -0.00715551 0 0.00317415 0.00509385 -0.00378231 0.00785182 -0.00481752
internal_weight=498.817 27.0875 471.73 56.8652 23.7812 33.084 12.8134 414.865 137.635 115.878 105.839 77.2753 28.5636 53.529 25.6233 23.6204 21.7566 277.23 15.088 262.142 127.181 84.5906 64.7409 33.9656 30.7753 42.5903 37.9847 134.961 23.7464 10.039
internal_count=31179 617 30562 1448 582 866 302 29114 10552 8403 7916 6288 1628 4790 1500 1348 2149 18562 1107 17455 7003 4165 3239 1700 1539 2838 2510 10452 1498 487
is_linear=0
shrinkage=0.05


Tree=119
num_leaves=31
num_cat=0
split_feature=9 33 1 1 4 33 26 31 26 33 37 39 7 37 37 29 11 29 39 39 39 32 37 30 1 17 16 32 26 1
split_gain=0.323422 0.360544 0.307822 0.558539 0.500092 0.453212 0.495742 0.478926 0.424771 0.425351 0.415556 0.624541 0.482316 0.414623 0.378508 0.362892 0.344973 0.337307 0.454327 0.426244 0.895368 0.741989 0.535506 0.533516 0.496319 0.609055 0.44654 0.570332 0.447635 0.438138
threshold=0.4499999880790711 0.43666666746139532 -0.3899999856948852 -0.28333333134651179 -0.35000000894069666 -0.40333333611488337 -0.13666665554046628 0.46333330869674688 -0.35000000894069666 -0.48333333432674402 -0.079238414764404283 0.018408516421914104 0.22333335876464847 0.0035305023193359379 0.050632953643798835 -0.40333333611488337 0.45666664838790899 0.043333351612091071 0.018027682788670066 0.017052403651177887 0.021435073576867584 0.22333335876464847 -0.058026790618896477 0.21666666865348819 0.27499997615814215 -0.17000000178813932 -0.26999998092651362 0.19666665792465213 0.083333313465118422 -0.17166666686534879
decision_type=2 2 2 2 2 2 2 2 2 2 2 2 2 2 2 2 2 2 2 2 2 2 2 2 2 2 2 2 2 2
left_child=1 2 8 10 13 6 -6 15 -1 -10 -4 -12 -13 -5 16 -7 -11 18 -17 24 21 22 -21 -24 -19 -26 27 28 -22 -30
right_child=-2 -3 3 4 5 7 -8 -9 9 14 11 12 -14 -15 -16 17 -18 19 -20 20 26 -23 23 -25 25 -27 -28 -29 29 -31
leaf_value=-0.0046278479874295106 0.0050956185279483869 -0.0075239724265569879 0.0031912152547149881 0 3.8914597777069869e-05 -0.0092601079294407987 -0.011971619270293506 0.0081854496577625675 -0.0043720062804291073 0.010968875348850533 0 -0.013508292105456838 0 0.010387755539509796 -0.00049915843603293446 -0.0019849562169807745 -0.00073242651699816975 -0.0010180982918907891 0.0040892594198509574 0 -0.00020165615176625601 0 -0.00294241771544391 -0.019563985981702645 0.012882751508531505 -0.00099605194496539865 -0.0044201864122182894 -0.0025520973288600327 -0.00063550371456796745 0.012592306176287619
leaf_weight=5.1120904923882327 23.282194826053455 10.774195277946999 5.2698325305245808 19.384913701564074 9.4727349071763474 4.9925684728659681 10.949865591479464 11.348589458153581 2.2691349855158469 28.886841858271513 17.245401055319235 22.401623484212909 4.9691380381118497 14.733297444414346 5.8990581496618679 36.572308001574129 2.1532181364018461 39.903883951948956 81.922808672534302 4.6888320685829958 9.0209832270629722 16.1242920528166 15.137133956188338 14.323537807911633 11.519868826027961 7.5425356822088352 23.200482647051103 18.029905238188803 3.0636755581945208 19.420718648470938
leaf_count=427 1677 905 228 1074 734 371 801 425 112 1639 1145 1334 367 969 384 2855 216 1897 5328 279 481 1090 935 576 320 657 2368 754 86 665
internal_value=0 -0.000316228 -2.7968e-06 -0.000490356 0.00014361 -0.000408708 -0.00671074 3.7274e-05 0.00364029 0.00574244 -0.00516571 -0.00690798 -0.0109165 0.00547069 0.00747007 -0.000337033 0.00949507 0 0.00200839 -0.00134707 -0.00305168 -0.00781207 -0.0114778 -0.0136716 0.00177754 0.00746996 0.000265676 0.00315097 0.00696744 0.010158
internal_weight=499.616 476.333 465.559 421.239 371.353 337.235 20.4226 316.812 44.3203 39.2083 49.886 44.6162 27.3708 34.1182 36.9391 305.464 31.0401 300.471 118.495 181.976 123.01 50.2738 34.1495 29.4607 58.9663 19.0624 72.7358 49.5353 31.5054 22.4844
internal_count=31099 29422 28517 25739 22665 20622 1535 19087 2778 2351 3074 2846 1701 2043 2239 18662 1855 18291 8183 10108 7234 2880 1790 1511 2874 977 4354 1986 1232 751
is_linear=0
shrinkage=0.05


Tree=120
num_leaves=31
num_cat=0
split_feature=21 37 14 27 16 7 3 23 9 4 29 11 4 16 11 26 38 36 36 12 31 20 25 26 12 39 7 2 12 26
split_gain=0.432276 0.432244 0.399931 0.866208 0.454809 0.450948 0.353875 0.578685 0.479613 0.557656 0.520709 0.483451 0.506124 0.377842 0.374943 0.438218 0.466152 0.397796 0.502659 0.363661 0.340147 0.339594 0.318596 0.303144 0.297425 0.293345 0.404394 0.283939 0.275016 0.273137
threshold=0.3966666460037232 -0.001793861389160156 0.32333332300186163 0.36333334445953375 0.4499999880790711 -0.049999997019767754 0.083333313465118422 0.27666664123535162 0.40333333611488348 0.1566666662693024 0.01666665077209473 -0.21000000834465024 -0.3899999856948852 -0.25666666030883784 -0.32999998331069941 0.43000000715255743 0.11386013031005861 0.35000002384185797 0.043333351612091071 -0.36333334445953364 0.25000000000000006 -0.36333334445953364 -0.32999998331069941 -0.1766666769981384 0.42333334684371954 0.016468127258121971 -0.15666666626930234 -0.40333333611488337 0.21666666865348819 -0.036666661500930779
decision_type=2 2 2 2 2 2 2 2 2 2 2 2 2 2 2 2 2 2 2 2 2 2 2 2 2 2 2 2 2 2
left_child=2 29 6 4 5 20 8 -8 9 10 11 22 28 -10 17 16 -16 18 -12 -20 -4 -14 -1 -9 -5 -3 -27 -11 -13 -2
right_child=1 25 3 24 -6 -7 7 23 13 27 14 12 21 -15 15 -17 -18 -19 19 -21 -22 -23 -24 -25 -26 26 -28 -29 -30 -31
leaf_value=0.0037163374945185681 0 -0.0061962158426771847 0 0.0097871460791971419 0 -0.00088336695980971002 -0.0033105503487848298 -0.0021349538921889514 0.01408411933580035 -0.00061884112985661284 -0.0020234244977371139 -0.0070581903253440969 -0.00078893370098142776 0 -0.0091367769140298458 0.0026624553503289193 0.0020209037364679193 -0.0072193567060889049 0.011257796275508334 -0.00012407830649455246 -0.017932375714414653 0.0074814448010492307 -0.0048314236396393958 0.0051827082692300491 -0.00052356178165316523 -0.0038634614381187968 0.0066194127524577852 0.010341219561584977 0.002269271212706093 -0.010758550817629666
leaf_weight=8.5663816325832141 8.7205386445857602 6.7448896542191532 5.444191094255074 8.9230261687189323 19.151451883371919 16.657546690665185 84.235986624029465 10.965491902315987 8.797288451343773 1.6522991806268716 13.517148336162789 7.9273155869450411 7.3749979499261817 3.5930163909215471 35.609577463706955 7.4850783115252844 5.3021512588020405 4.0691450657322994 14.496266303583978 4.261676823487508 10.034501524642108 65.702328126179054 24.765246290480718 39.096715498599224 4.4697930945549151 6.6847220156341853 18.321717730490487 18.205003066221252 8.0160150858573598 17.644311159849167
leaf_count=457 696 395 562 630 1102 1741 5219 1009 237 125 469 542 491 303 2817 260 329 147 404 283 525 4210 1559 2212 504 332 1038 1180 454 861
internal_value=-1.24988e-05 -0.00389617 0.000491825 -0.00287046 -0.00599531 -0.00915472 0.00117589 -0.000721522 0.00233406 0.00152955 0.000519655 0.00264805 0.00457153 0.010404 -0.00224979 -0.00498988 -0.0070843 0.000998608 0.00365716 0.00825874 -0.0141588 0.00633412 -0.00176719 0.00307699 0.00595954 0 0.0028055 0.00853042 -0.00189103 -0.00796623
internal_weight=496.436 58.1162 438.32 64.6805 51.2877 32.1362 373.639 134.298 239.341 226.951 207.093 122.352 89.0207 12.3903 84.741 48.3968 40.9117 36.3442 32.2751 18.7579 15.4787 73.0773 33.3316 50.0622 13.3928 31.7513 25.0064 19.8573 15.9433 26.3648
internal_count=31093 3322 27771 5064 3930 2828 22707 8440 14267 13727 12422 7713 5697 540 4709 3406 3146 1303 1156 687 1087 4701 2016 3221 1134 1765 1370 1305 996 1557
is_linear=0
shrinkage=0.05


Tree=121
num_leaves=31
num_cat=0
split_feature=4 4 8 13 38 30 23 31 40 40 8 38 31 27 1 40 1 23 26 39 0 14 38 9 30 7 16 37 39 32
split_gain=0.289664 0.370922 0.374053 0.651086 1.02119 0.689521 0.366977 0.410758 0.668821 0.598291 0.599733 0.688851 0.460335 0.484098 0.472747 0.554574 0.44519 0.489688 0.471179 0.418651 0.407792 0.398404 0.366486 0.355454 0.351335 0.411336 0.3467 0.334032 0.628009 0.313695
threshold=-0.46999999880790705 -0.33666665852069849 0.37666666507720953 -0.24333333969116208 -0.024023532867431637 -0.36333334445953364 -0.19666665792465207 -0.063333332538604722 0.25666666030883795 0.043333332985639579 -0.19666665792465207 -0.056524276733398431 0.3966666460037232 -0.069999992847442613 -0.098333328962326036 0.62333333492279064 0.083333313465118422 0.34333333373069769 -0.036666661500930779 0.02167985308915377 -0.32333332300186152 0.29666668176651007 0.028800964355468753 0.11000001430511476 -0.45666666328907007 -0.37666666507720942 -0.3899999856948852 0.034846782684326179 0.015167558100074531 0.29666668176651007
decision_type=2 2 2 2 2 2 2 2 2 2 2 2 2 2 2 2 2 2 2 2 2 2 2 2 2 2 2 2 2 2
left_child=-1 2 3 -2 5 -5 23 8 9 27 -11 -12 14 21 -9 26 17 20 -18 29 -10 -14 24 -3 -15 -26 -16 28 -8 -20
right_child=1 6 -4 4 -6 -7 7 12 16 10 11 -13 13 22 15 -17 18 -19 19 -21 -22 -23 -24 -25 25 -27 -28 -29 -30 -31
leaf_value=-0.0065495385071580262 0.012028999929972617 -0.005725741536882145 -0.004066344011064176 0.011859737517659187 -0.0071916402918543263 -0.00029903890062656086 0.0032375174191266324 0.0011947630177873143 -0.0078750064800400463 -0.00093196924354482747 0 0.01310934245154499 0.002362007845112063 0 0.00088951676936413916 0 0.0016035218436481855 0.0091496952530412453 -0.013111973697809831 0 0.0019501071865998386 -0.0088955313542979277 -0.0016199658765199349 0.00027696653346610562 0 0.014764852774625546 -0.0091861564097263631 0.0047565433828624017 -0.013635885987875476 0
leaf_weight=10.28470043488778 16.304633625084534 48.81933148112148 6.447874533943831 16.450281496159732 16.426743122050539 15.913224009796975 3.536871957825495 36.214970888569951 7.6444942883681497 9.1958311477210355 9.0538173818495107 35.170605754479766 10.146130647975953 3.1032750189770075 3.8238744887057683 34.113352731685154 16.687441206304356 12.949530708370729 15.550589053193113 10.248850372619925 39.571991125820205 6.9168319401796898 3.2593036642065263 30.459468688815832 2.7023945930413964 13.45615767105482 46.932649498339742 2.9320398615673176 5.6972559737041593 4.7982752744574091
leaf_count=815 504 3517 543 432 1749 911 162 2643 416 512 844 1485 466 71 116 3011 1276 507 578 521 1776 404 394 2202 87 500 3854 137 395 247
internal_value=0 0.000228469 0.00343168 0.00480652 0.000883669 0.00611783 -0.000307961 0.000367235 0.00208057 0.00584213 0.00806725 0.0103241 -0.00133647 0.00276621 -0.00294168 -0.00494421 -0.000182609 0.0023396 -0.00376314 -0.00715616 0 -0.0022445 0.00711262 -0.00326908 0.0096137 0.0120418 -0.00797281 -0.00198947 -0.00680227 -0.0105286
internal_weight=494.813 484.528 71.5428 65.0949 48.7902 32.3635 412.985 333.707 173.038 65.5864 53.4203 44.2244 160.669 39.5841 121.085 84.8699 107.451 60.166 47.2852 30.5977 47.2165 17.063 22.5211 79.2788 19.2618 16.1586 50.7565 12.1662 9.23413 20.3489
internal_count=31075 30260 4139 3596 3092 1343 26121 20402 8856 3535 2841 2329 11546 1922 9624 6981 5321 2699 2622 1346 2192 870 1052 5719 658 587 3970 694 557 825
is_linear=0
shrinkage=0.05


Tree=122
num_leaves=31
num_cat=0
split_feature=9 14 27 40 16 10 41 18 41 40 39 41 33 4 26 41 26 38 25 32 3 10 11 27 33 5 20 38 41 35
split_gain=0.263709 0.447413 0.763779 0.647186 0.553325 0.42754 1.08059 0.735368 0.712932 0.689155 0.799354 0.652063 0.459619 0.447183 0.411194 0.379615 0.424433 0.473198 0.550826 0.406901 0.37601 0.37272 0.401271 0.362714 0.359407 0.324638 0.293149 0.372921 0.280678 0.268681
threshold=-0.48333333432674402 0.32333332300186163 0.36333334445953375 0.27666667103767401 0.44333332777023321 0.26999998092651373 0.036879267543554313 -0.26999998092651362 0.031382504850625999 0.62999999523162853 0.032207898795604713 0.0954544171690941 0.44333332777023321 0.17000001668930056 -0.18999999761581418 0.03304651007056237 0.18333333730697635 -0.066086292266845689 -0.0099999904632568342 -0.063333332538604722 0.17666667699813846 0.49000000953674322 -0.36333334445953364 -0.18999999761581418 -0.11666667461395262 0.24333333969116214 0.23666667938232425 0.12359237670898439 0.081054996699094786 -0.096666663885116563
decision_type=2 2 2 2 2 2 2 2 2 2 2 2 2 2 2 2 2 2 2 2 2 2 2 2 2 2 2 2 2 2
left_child=-1 5 3 4 -3 14 7 8 20 10 11 12 -8 -11 26 23 19 28 24 -17 -7 22 -5 -16 -19 -26 27 -2 -18 -21
right_child=1 2 -4 21 -6 6 9 -9 -10 13 -12 -13 -14 -15 15 16 17 18 -20 29 -22 -23 -24 -25 25 -27 -28 -29 -30 -31
leaf_value=0.0063511967340656485 -0.0062946840341189057 -0.0057727256117309327 0.004009787645730436 6.4547640509480866e-05 0.0066923509576570688 0.0064985104190467442 0.018244108321818133 0.003577278573026952 -0.015228004038249504 0.0052918519290040024 -0.0032229288548596318 -0.00088844869585190823 0 -0.0057271119356184222 0.006758821681767219 -0.0014484785890969646 0.0056165130143225016 -0.00067279573566878578 0 0.011527370766960978 -0.0059925537137359777 0.00010183559941300159 -0.014574074721356257 -2.8214719812504938e-05 -0.01388368668779854 0 0.00034456247009219588 0.0028352411029657202 -0.0038353658538524925 0.0015624233514330184
leaf_weight=8.9618403739295882 61.320273912977427 14.725891289184803 14.567264157813041 1.5800035148859048 9.4649047758430225 6.4869437797460723 23.307697869837295 17.139141724794172 9.7002215806860459 15.463975161546843 2.9868463701568535 2.6017770392354569 2.1521939337253562 9.7588156686397252 34.070189003832638 37.943164344178513 17.3331064414233 17.380208061775193 35.023121062200516 7.3345744330435982 5.4922035757917911 2.0109870224259785 23.630392479477454 24.888590802904218 19.607033005217094 3.8800061971414825 25.704948651837185 5.7193185733631244 3.6583593850955358 36.649030848871917
leaf_count=416 4870 1190 1254 132 484 162 1121 1291 268 645 151 165 138 519 1554 2581 870 815 1701 299 140 190 2141 2103 833 156 1878 435 196 2587
internal_value=-0.000109196 -0.000352381 -0.00401793 -0.00690931 0 0.000205908 0.00309651 -0.0026558 -0.00819398 0.00733973 0.0117069 0.0143178 0.0165394 0 -0.000591821 0.000432599 -0.000619572 -0.00287903 -0.004765 0.00178214 0 -0.0114544 -0.0130196 0.00377094 -0.00830991 -0.0118266 -0.00333799 -0.00500458 0.00255664 0.00490858
internal_weight=500.543 491.581 65.9794 51.4122 24.1908 425.602 95.0898 38.8185 21.6794 56.2713 31.0485 28.0617 25.4599 25.2228 330.512 237.767 178.809 96.8818 75.8904 81.9268 11.9791 27.2214 25.2104 58.9588 40.8672 23.487 92.7445 67.0396 20.9915 43.9836
internal_count=31285 30869 5391 4137 1674 25478 4600 1861 570 2739 1575 1424 1259 1164 20878 13695 10038 4571 3505 5467 302 2463 2273 3657 1804 989 7183 5305 1066 2886
is_linear=0
shrinkage=0.05


Tree=123
num_leaves=31
num_cat=0
split_feature=16 29 38 11 18 34 34 25 8 8 15 32 12 25 9 12 7 27 28 31 16 36 32 27 22 25 31 5 11 27
split_gain=0.424583 0.563701 0.538569 0.734421 0.532181 0.530418 0.839046 0.516643 0.99001 0.582702 0.509301 0.495928 0.493239 0.484269 0.467916 0.438155 0.803817 0.411253 0.377268 0.359709 0.356846 0.387954 0.315324 0.294859 0.275107 0.273508 0.367982 0.283945 0.261498 0.253233
threshold=-0.28333333134651179 0.056666672229766853 0.031355857849121101 0.36333334445953375 0.27666664123535162 1.0000000180025095e-35 0.46999999880790716 -0.016666665673255917 -0.056666672229766839 0.29666668176651007 -0.090000003576278673 -0.22999998927116391 0.27666664123535162 0.20333331823349002 0.46333330869674688 0.01666665077209473 -0.36333334445953364 0.23000001907348636 -0.11666667461395262 -0.036666661500930779 -0.31666666269302363 -0.096666663885116563 -0.22999998927116391 0.23000001907348636 -0.096666663885116563 0.3966666460037232 -0.30333334207534784 0.32999998331069952 -0.15000000596046445 -0.2766666561365127
decision_type=2 2 2 2 2 2 2 2 2 2 2 2 2 2 2 2 2 2 2 2 2 2 2 2 2 2 2 2 2 2
left_child=7 2 3 4 15 -5 -7 8 29 20 -4 -12 18 17 23 16 -2 19 -6 -9 21 -10 -23 -3 -18 26 27 -15 -17 -1
right_child=1 14 10 5 12 6 -8 13 9 -11 11 -13 -14 25 -16 28 24 -19 -20 -21 -22 22 -24 -25 -26 -27 -28 -29 -30 -31
leaf_value=0 -0.010602693820956691 -0.0073876403840249169 0.0022327995113714024 0 -0.014725496273419804 0.017810740076634787 -0.0016218649597642084 0.0096731710186941759 0.0010132537917214672 0.0027794239728003069 -0.011130418880762055 0 0.0001442320951691106 -0.0094845506330733173 0.0045119721785215989 -0.0015480074871596452 -0.0020190028234918968 -0.0026530619624981736 0 0 0.00096526368003079844 0 -0.012313222479338299 0 0.0044690395259060081 0.0064991318232466124 0.0031651531938787295 0 0.0057583507512475977 0.0080028537076141382
leaf_weight=19.156341755064204 11.045951695647089 52.876527001382783 17.221160242450424 10.045146431308241 8.4258584445342404 12.508165321080016 3.5120774810202411 50.538168966304511 2.8641086691059163 11.150271275080739 19.361928233643994 19.332126955501735 11.801134309265761 12.091040146769958 5.9430007369955993 6.3835903417784712 18.220209232065827 3.4340304925572118 2.7335689002648023 8.8546362197957915 4.2179366699419907 4.2488698074594096 29.174274766584862 19.215498416335322 31.193165146745741 6.2682323427870861 10.767826493363829 8.7777790254913253 55.632278732722625 21.175027712248266
leaf_count=504 763 5364 1171 643 412 503 233 1380 82 330 2171 2446 589 379 620 444 1377 180 190 348 231 145 1071 2368 2141 439 562 280 2904 734
internal_value=0.000334428 -0.000763365 0.000420279 0.00190324 0.000206377 0.00878124 0.0131341 0.00217071 -0.000308802 -0.00488706 -0.00346808 -0.0065238 -0.00573406 0.00455926 -0.00429406 0.00173041 -0.000954207 0.00705868 -0.0112841 0.00819441 -0.00762138 -0.00920601 -0.0107368 -0.00563102 0.00166597 0 -0.00209746 -0.00584373 0.0045685 0.00488885
internal_weight=498.17 305.451 227.416 171.501 145.436 26.0654 16.0202 192.719 91.9868 51.6555 55.9152 38.6941 22.9606 100.732 78.035 122.475 60.4593 62.8268 11.1594 59.3928 40.5052 36.2873 33.4231 72.092 49.4134 37.9049 31.6366 20.8688 62.0159 40.3314
internal_count=31004 24339 15987 10199 8820 1379 736 6665 3097 1859 5788 4617 1191 3568 8352 7629 4281 1908 602 1728 1529 1298 1216 7732 3518 1660 1221 659 3348 1238
is_linear=0
shrinkage=0.05


Tree=124
num_leaves=31
num_cat=0
split_feature=25 10 7 39 29 35 13 26 36 20 41 18 22 3 39 10 39 38 22 39 41 29 29 36 41 32 20 4 32 39
split_gain=0.38477 0.519305 0.418419 0.576197 0.497028 0.442729 0.606075 0.502092 0.44232 0.387521 0.553889 0.43734 0.846655 0.664939 0.436885 0.609475 0.639245 0.433318 0.525354 0.776727 0.656705 0.446308 0.414943 0.405775 0.34763 0.346762 0.416525 0.331896 0.321002 0.428303
threshold=0.29666668176651007 0.46999999880790716 0.32999998331069952 0.029931325465440754 0.37000000476837164 -0.18999999761581418 -0.28333333134651179 0.14999997615814212 -0.096666663885116563 -0.19166666269302365 0.033839162439107902 -0.36333334445953364 0.11000001430511476 -0.023333340883255001 0.029931325465440754 -0.030000001192092892 0.041682511568069465 0.074775695800781264 -0.13833332061767575 0.022834103554487232 0.040138021111488349 0.19666665792465213 -0.13666665554046628 -0.43000000715255732 0.050603233277797706 -0.12999999523162839 -0.096666663885116563 -1.0000000180025095e-35 -0.36333334445953364 0.014639338012784721
decision_type=2 2 2 2 2 2 2 2 2 2 2 2 2 2 2 2 2 2 2 2 2 2 2 2 2 2 2 2 2 2
left_child=1 2 4 8 9 -6 7 -7 -4 10 -1 12 -11 24 17 16 -16 18 25 20 27 -22 23 -21 -14 26 -13 -20 -12 -30
right_child=-2 -3 3 -5 5 6 -8 -9 -10 11 28 14 13 -15 15 -17 -18 -19 19 22 21 -23 -24 -25 -26 -27 -28 -29 29 -31
leaf_value=0.0025505480088688979 -0.0034789691062240414 0.0095710063935638308 -0.0017195295855341741 -0.0050642787184034281 0.0026411648885669679 0 0.0024602158265354594 -0.013959889189992339 0.010637926715089835 0.0093888739684481332 0.00033193436463422265 0 -0.012770385828498069 0.0038225919883433193 0.012553994420587947 -0.0027819280069608827 -0.0019860459464132014 -0.006368346817647412 -0.0043396723510126783 0.0013846273510907774 0.011000430253042009 -0.00078686240655945292 0.0011634492671331448 -0.01049579262938713 0 0 -0.01318608623384254 0.0042457628106448387 0.0015040838518398474 -0.0084896268199144281
leaf_weight=28.866202922305092 63.056549661443569 9.4503548138309252 3.4151271737646374 3.8727835069876155 6.7384558625053605 7.7977256793528822 5.7773289864417157 19.430340801831335 23.092368129873648 35.595155615592375 13.166080432943998 5.2705648571718475 7.3700026292353886 19.499431818490848 18.560345481615517 10.286437702714464 4.9742193245328954 24.998709764098749 17.546122839907184 3.838008911348882 32.100550499744713 4.4353463109582654 18.135823034448549 16.325768376234919 3.9417529117781669 13.106695406371726 10.361388038843872 15.429687426658345 6.6072386443847781 42.880778331542388
leaf_count=1809 6468 524 255 252 162 204 481 456 1160 1178 836 327 245 647 824 672 221 2184 1235 192 2072 361 1280 952 117 920 676 1212 429 2751
internal_value=0 0.00053607 0.000145289 0.00531316 -0.000265398 -0.00520382 -0.00760631 -0.0105532 0.00825326 0.000298189 -0.00231467 0.00133644 0.00465891 -0.000765983 0 0.00480218 0.00885522 -0.00101879 1.20221e-05 0.00181959 0.00496233 0.0090726 -0.00321953 -0.00747998 -0.00870337 -0.00519239 -0.0091308 0 -0.00494734 -0.00668644
internal_weight=495.927 432.871 423.42 30.3803 393.04 39.7439 33.0054 27.2281 26.5075 353.296 91.5203 261.776 66.4063 30.8112 195.37 33.821 23.5346 161.549 136.55 107.811 69.5117 36.5359 38.2996 20.1638 11.3118 28.7386 15.632 32.9758 62.6541 49.488
internal_count=31102 24634 24110 1667 22443 1303 1141 660 1415 21140 5825 15315 2187 1009 13128 1717 1045 11411 9227 7304 4880 2433 2424 1144 362 1923 1003 2447 4016 3180
is_linear=0
shrinkage=0.05


Tree=125
num_leaves=31
num_cat=0
split_feature=6 38 40 10 38 41 31 40 16 12 21 31 29 38 41 37 26 4 20 14 38 41 40 31 40 11 41 39 28 38
split_gain=0.474186 0.524084 0.575351 0.331462 0.481483 0.455563 0.431625 0.397855 0.390135 0.335912 0.366475 0.359749 0.560513 0.603493 0.592167 0.522366 0.50135 0.490437 0.661699 0.636765 0.650083 0.881922 0.356956 0.377994 0.358754 0.354141 0.330222 0.3224 0.526431 0.51355
threshold=-0.40333333611488337 1.0000000180025095e-35 0.53666669130325328 -0.32999998331069941 -0.12019395828247069 0.036879267543554313 0.48333334922790533 0.90333333611488353 0.29666668176651007 0.42333334684371954 0.42333334684371954 -0.236666664481163 0.18333333730697635 0.0096426010131835955 0.033155586570501334 -0.017178058624267575 -0.1766666769981384 -0.1766666769981384 -0.17166666686534879 -0.3899999856948852 -0.033781528472900384 0.031524809077382095 0.19999999552965167 -0.21666666865348813 0.056666666641831405 -0.1766666769981384 0.068303089588880553 0.02167985308915377 0.030000001192092899 -0.0029735565185546871
decision_type=2 2 2 2 2 2 2 2 2 2 2 2 2 2 2 2 2 2 2 2 2 2 2 2 2 2 2 2 2 2
left_child=1 2 -1 4 8 -6 7 -7 -2 10 11 15 27 14 -14 16 -5 18 -17 20 -19 -22 24 -24 -12 -20 -18 29 -29 -13
right_child=3 -3 -4 9 5 6 -8 -9 -10 -11 22 12 13 -15 -16 17 26 19 25 -21 21 -23 23 -25 -26 -27 -28 28 -30 -31
leaf_value=0.010975908317691263 -0.0032245347043268788 -0.0016491756640594432 -0.00021792699699680601 -0.00033141093867582292 0 -0.013390716201940751 0.001581171962596363 0 0.0092407763915129029 -0.0060960429675201121 -0.0054182205130126615 0.0070669267104697571 0.0006062649866528057 0.00013302290881581029 -0.012492808064890061 -0.0027845171128722487 0.011878782651800609 0.0036438717592284435 0.013155572117468992 0.0041090846637087839 0.0013567596160144321 -0.013819731211660436 -0.010664104029898366 0 0.0068366828638835577 0 0 -0.0041509662287906122 0.0036583704751355613 -0.00014032149251229145
leaf_weight=25.023874979699031 4.2853987889830005 16.783339224988595 11.23601535335183 9.3048710876610112 23.0709846210666 22.81228030263447 2.4654385135509065 3.8318055924028149 6.4091322417370975 15.160804436425677 2.9260954598430535 40.163719814037904 6.941580863203856 29.394948123022914 20.429721952299587 8.4950195674318838 26.523127303458754 7.182285194983705 13.761423028772699 18.309971557930112 9.1615833146497625 20.454955274239182 15.529042094713075 8.8243606358300912 8.3347807996906322 3.5451245692092916 2.9961080362554631 46.116685363464057 28.951096104225144 38.908759742625989
leaf_count=951 269 1312 609 688 1582 1771 62 322 163 1898 185 2555 625 2159 1675 440 1011 228 431 1281 197 446 585 689 440 267 185 2864 1821 3501
internal_value=0 0.00422039 0.00737718 -0.000545122 -0.00373819 -0.00582621 -0.00941749 -0.0113046 0.0033846 0 0.000378775 0.000980212 -0.000166725 -0.00426387 -0.00890991 0.00311087 0.00748599 0.000351977 0.00558758 -0.00199813 -0.00577107 -0.00898543 -0.00394043 -0.00703767 0.00142744 0.0104286 0.0102937 0.00128927 -0.000782932 0.00346686
internal_weight=497.334 53.0432 36.2599 444.291 62.875 52.1805 29.1095 26.6441 10.6945 381.416 366.255 330.641 210.907 56.7663 27.3713 119.734 38.8241 80.9104 25.8016 55.1088 36.7988 29.6165 35.6143 24.3534 11.2609 17.3065 29.5192 154.14 75.0678 79.0725
internal_count=31212 2872 1560 28340 4169 3737 2155 2093 432 24171 22273 20374 15200 4459 2300 5174 1884 3290 1138 2152 871 643 1899 1274 625 698 1196 10741 4685 6056
is_linear=0
shrinkage=0.05


Tree=126
num_leaves=31
num_cat=0
split_feature=10 33 10 41 8 26 39 10 41 12 36 39 22 8 12 25 41 37 40 41 16 39 16 25 11 16 25 17 39 0
split_gain=0.376641 0.444568 0.548467 0.631497 0.435018 0.363953 0.328225 0.79233 0.421776 0.459573 0.410733 0.726572 0.673459 0.726299 0.679982 0.584034 0.396634 0.347686 0.327766 0.316932 0.471329 0.519538 0.482745 0.499028 0.358244 0.315166 0.313886 0.290938 0.283578 0.265603
threshold=0.46999999880790716 0.23666667938232425 0.36333334445953375 0.036879267543554313 -0.030000001192092892 0.42333334684371954 0.029931325465440754 -0.030000001192092892 0.033155586570501334 -0.056666672229766839 -0.1766666769981384 0.024719144217669967 -0.13833332061767575 -0.28333333134651179 0.12333333492279054 0.069999992847442641 0.029189252294600013 -0.11797189712524413 0.8100000023841859 0.05411899462342263 -0.48333333432674402 0.027195124886929992 -0.29000000655651087 -0.18999999761581418 -0.46999999880790705 -0.22333332896232602 0.32999998331069952 -0.33666665852069849 0.046954089775681503 -0.26999998092651362
decision_type=2 2 2 2 2 2 2 2 2 2 2 2 2 2 2 2 2 2 2 2 2 2 2 2 2 2 2 2 2 2
left_child=1 2 5 -4 -3 6 10 8 -8 -10 11 12 16 14 25 -16 -1 -13 -15 20 -6 22 23 -22 -21 -14 -25 -7 -11 -26
right_child=-2 4 3 -5 19 27 7 -9 9 28 -12 17 13 18 15 -17 -18 -19 -20 24 21 -23 -24 26 29 -27 -28 -29 -30 -31
leaf_value=0.00081626728877875511 0.0065740733609750248 0.0069362070448494538 -0.00055880955442267613 0.013041881599118435 -0.009341301996982531 0 -0.0012488173704745665 -0.0054394818651631507 0 0.015259006586005777 0.00027652589996911498 0 0.0056834326728717379 -0.0075467057828773627 0.015621150222612304 0 -0.0088408180452954153 -0.014257548237477361 0.0018770656225316617 0.00085593512612851155 -0.0034673082387549382 -0.00721626394496689 -0.0014788738144297614 0.01148047578656399 0 -0.0037842563845352029 0 0.0071059085454175238 0 -0.013214419172022318
leaf_weight=7.5933427645359179 15.108588751521891 3.1285470125731072 9.2594369736034441 11.930986910592763 10.358309960924087 16.289495008997619 6.2878952021710566 12.327839516103266 9.7720009437762183 14.455751109868293 144.08436044643167 1.6848253139760334 8.0019029721152055 18.056040816474709 12.493031795369463 4.542982250917702 29.166778670623899 13.656742451246826 6.1166238173609591 2.8736164034344283 3.483545990195128 12.800797506584784 29.686391017981808 19.545200033346191 5.8002010877244237 17.437208688119426 4.3030699996743342 24.086128448601812 4.2070045713335267 15.650885543203907
leaf_count=416 1038 54 440 620 181 421 321 944 541 692 9816 69 270 1171 630 341 1950 1008 403 63 133 1015 3301 594 508 1458 320 874 164 1220
internal_value=0 -0.000245863 0.000526799 0.00736755 -0.00301947 0 -0.000611344 0.00285086 0.00677592 0.00918487 -0.00137391 -0.00349385 -0.00139426 0.00133885 0.0052824 0.0115115 -0.00642672 -0.0121038 -0.00443448 -0.0039042 -0.00170017 0 0.00225273 0.00659246 -0.00857074 0 0.00930108 0.00413208 0.0128208 -0.0106553
internal_weight=494.19 479.081 371.45 21.1904 107.631 350.26 309.884 47.0505 34.7227 28.4348 262.834 118.749 103.408 66.6478 42.4751 17.036 36.7601 15.3416 24.1727 104.502 80.1773 69.819 57.0182 27.3318 24.3247 25.4391 23.8483 40.3756 18.6628 21.4511
internal_count=30976 29938 22549 1060 7389 21489 20194 2662 1718 1397 17532 7716 6639 4273 2699 971 2366 1077 1574 7335 5544 5363 4348 1047 1791 1728 914 1295 856 1728
is_linear=0
shrinkage=0.05


Tree=127
num_leaves=31
num_cat=0
split_feature=9 9 39 11 39 31 32 4 6 24 32 2 1 21 39 30 26 29 16 32 17 4 39 6 27 33 20 39 39 38
split_gain=0.326552 0.403141 0.690791 0.703089 0.736902 0.461091 0.490346 0.40958 0.458788 0.675008 0.721282 0.58243 0.447428 0.404785 0.385729 0.368037 0.344622 0.324262 0.308396 0.444402 0.355599 0.300978 0.317024 0.31814 0.285582 0.282177 0.260916 0.259759 0.260948 0.255202
threshold=0.43000000715255743 0.19666665792465213 0.029095132835209373 -0.45666666328907007 0.022874211892485622 0.48333334922790533 0.23666667938232425 -0.43000000715255732 0.056666672229766853 -0.15666666626930234 -0.056666672229766839 0.1566666662693024 -0.40333333611488337 0.16333335638046267 0.029095132835209373 0.32999998331069952 -0.37666666507720942 0.33499997854232794 0.16333335638046267 -0.29000000655651087 0.043333351612091071 0.38333332538604742 0.016067933291196827 0.40333333611488348 -0.18333333730697629 0.43666666746139532 0.17666667699813846 0.018712303601205352 0.029931325465440754 -0.042340755462646477
decision_type=2 2 2 2 2 2 2 2 2 2 2 2 2 2 2 2 2 2 2 2 2 2 2 2 2 2 2 2 2 2
left_child=1 5 3 4 -3 6 7 -1 9 18 12 -10 -11 -4 24 -14 -8 -2 -9 20 -20 22 -18 -24 26 -5 -12 -19 -29 -7
right_child=17 2 13 25 -6 29 16 8 11 10 14 -13 15 -15 -16 -17 21 27 19 -21 -22 -23 23 -25 -26 -27 -28 28 -30 -31
leaf_value=-0.0073370622740194392 0 -0.014276442995408709 -0.015549987074147956 0.0023933000453243217 0.0026121322693616906 0.011336679502357883 -0.0033305364376284815 0.0072538080740731023 -0.007798833529367207 0.00478514015118108 0.0078841561383491948 0.0011660991909909204 -0.0053919545763649705 0 0.01073231674434599 0.0043329344484154151 0 0 -0.0016744855821923248 -0.0055196303003876082 0.0092673289601283501 0 0.01149187401586751 0 -0.0028495655221310381 -0.0056467052885320959 -0.0007143488651192003 0.013520576869117682 0 0
leaf_weight=15.684348070761187 15.674601930542847 11.007899924879892 8.9539879816584271 72.016611466999166 4.4194682561792424 8.7506258408538979 4.6528160846792153 41.771643046988174 33.238833120791242 7.316791388904675 12.583271761890503 23.453897651750594 89.08736724499613 5.2605813259724519 8.5601069955155236 3.4978504516184321 8.5078008407726866 4.2422485377173897 4.8940186914987889 11.540517183719201 10.70942313200794 9.5277360309846681 25.538647775421854 2.3664594939909867 19.779529705643654 5.5873623494990161 6.3567762044258407 9.9209475980605912 4.3643239517696193 4.0899365697987369
leaf_count=978 1288 267 701 5282 105 123 445 2591 2419 382 445 1586 5723 382 325 85 502 308 403 723 565 811 1548 250 1119 491 225 547 182 219
internal_value=9.99357e-05 -0.000224036 -0.00285871 -0.000699865 -0.00889495 0.000543508 4.51761e-05 -0.000702242 -8.13977e-05 0.000895905 -0.000896588 -0.0039346 -0.00337888 -0.0113497 0.00366912 -0.00452962 0.0043712 0.00445536 0.00482301 0 0.0051663 0.00592716 0.00779514 0.00996933 0.000318114 0.0011517 0.00451829 0.00809855 0.0105506 0.00817053
internal_weight=493.356 459.154 107.246 93.0313 15.4274 351.908 339.068 288.474 272.79 216.097 147.182 56.6927 99.902 14.2146 47.2797 92.5852 50.5935 34.2021 68.9156 27.144 15.6034 45.9406 36.4129 27.9051 38.7196 77.604 18.94 18.5275 14.2853 12.8406
internal_count=31020 28695 7228 6145 372 21467 21125 17569 16591 12586 8304 4005 6190 1083 2114 5808 3556 2325 4282 1691 968 3111 2300 1798 1789 5773 670 1037 729 342
is_linear=0
shrinkage=0.05


Tree=128
num_leaves=31
num_cat=0
split_feature=24 28 11 2 38 9 19 12 8 29 9 14 36 33 8 5 41 21 29 35 8 33 7 32 35 41 39 25 21 3
split_gain=0.322168 0.642792 0.568534 0.498503 0.868302 0.423531 0.649103 0.38304 0.359698 0.33399 0.634445 0.553467 0.55596 0.533778 0.512286 0.858151 0.498337 0.407546 0.466881 0.455919 0.363386 0.381369 0.338783 0.336375 0.333124 0.333963 0.326575 0.440843 0.309199 0.30557
threshold=0.40333333611488348 0.40333333611488348 0.36333334445953375 0.18999999761581424 0.028800964355468753 0.23000001907348636 -0.32333332300186152 0.42333334684371954 0.25666666030883795 0.18333333730697635 0.42333334684371954 0.25666666030883795 -0.31000000238418574 0.030000001192092899 0.11000001430511476 0.17000001668930056 0.040138021111488349 0.33666664361953741 0.1566666662693024 0.25666666030883795 0.056666672229766853 0.41666668653488165 0.26999998092651373 0.083333313465118422 -0.29666668176650995 0.031524809077382095 0.027195124886929992 -0.21000000834465024 0.38333332538604742 -0.18333333730697629
decision_type=2 2 2 2 2 2 2 2 2 2 2 2 2 2 2 2 2 2 2 2 2 2 2 2 2 2 2 2 2 2
left_child=1 2 9 4 7 6 -3 -4 -7 11 14 13 -13 23 15 29 -15 18 19 -18 -14 -22 -12 26 -16 -26 -1 -28 -10 -11
right_child=-2 5 3 -5 -6 8 -8 -9 28 10 22 12 20 16 24 -17 17 -19 -20 -21 21 -23 -24 -25 25 -27 27 -29 -30 -31
leaf_value=-0.00036596086843298202 -0.0045605192992677589 0.012843929668242006 0.016340630469197984 -0.0014469629407769073 -0.0041106930270968537 -0.0067618419086180777 -0.0016468342599592915 0 0.0075978200816980692 0.001400103896965063 -0.0012564044373935082 0.0015009506555404067 -0.01277665032739295 0 0.00062908993109468334 0.0073527691207550044 0.015919801924660502 -0.00073560862259269106 -0.00034988349636735141 0 0.0016783560091791626 -0.0089697947408023358 0.01057281651242584 -0.0051140235750115831 0 -0.010804912919651006 0.010605428018769538 0 -0.0015869910494845218 -0.0074210532352945993
leaf_weight=113.26367804582696 30.877067244262435 19.747455264907334 13.706581508275127 11.019536188105119 4.3524740806315085 5.9464658095967051 5.2940734899602822 5.2126821991987518 12.908299280446956 5.7564731421880451 3.6875976144801808 19.115408347919583 14.03132154047489 20.660799884237349 4.357576460344716 15.572810393525286 18.439259841805335 3.2499390195589504 2.873979839263483 2.1288358876481643 17.191335711861033 5.7879078743280834 6.1357725164853036 23.159385018283501 10.021287002833558 38.644390848232433 11.623693876899781 18.226842102827504 7.7002204277086994 25.247095116879791
leaf_count=7437 3066 418 600 1010 508 226 486 275 546 263 130 901 850 1522 196 750 935 199 162 206 1642 517 334 1765 634 2538 562 970 342 1166
internal_value=-1.66784e-05 0.000286176 -0.000341938 0.00522014 0.00888068 0.00526488 0.00924887 0.0131428 0 -0.000983339 -0.00323432 0 -0.00418582 0.00115927 -0.00463499 -0.000129453 0.00552439 0.00937629 0.0114915 0.0137924 -0.00750385 -0.00144282 0.00575969 -8.78638e-05 -0.00775367 -0.00894826 0.000730884 0.00495477 0.00364243 -0.00514615
internal_weight=495.94 465.063 413.467 34.2913 23.2717 51.5965 25.0415 18.9193 26.555 379.175 109.423 269.752 56.126 213.626 99.5996 46.5764 47.3528 26.692 23.4421 20.5681 37.0106 22.9792 9.82337 166.274 53.0233 48.6657 143.114 29.8505 20.6085 31.0036
internal_count=31156 28090 26072 2393 1383 2018 904 875 1114 23679 6011 17668 3910 13758 5547 2179 3024 1502 1303 1141 3009 2159 464 10734 3368 3172 8969 1532 888 1429
is_linear=0
shrinkage=0.05


Tree=129
num_leaves=31
num_cat=0
split_feature=13 13 19 38 9 12 31 36 14 38 8 0 4 23 31 9 8 25 4 16 12 24 27 3 38 17 40 1 21 5
split_gain=0.385388 0.526649 0.762297 0.442792 0.644722 0.454934 0.406268 0.344249 0.32954 0.57311 0.522182 0.444531 0.333768 0.398169 0.466955 0.551835 0.362937 0.67694 0.328548 0.323913 0.317917 0.365032 0.316533 0.315861 0.300909 0.3083 0.293599 0.407866 0.291804 0.261499
threshold=0.13666665554046634 -0.090000003576278673 -0.22999998927116391 -0.13554382324218747 0.14999997615814212 0.27666664123535162 -0.0099999904632568342 0.38999998569488531 -0.37666666507720942 -0.032514572143554681 -0.21000000834465024 -0.30333334207534784 -0.10333332419395445 0.29666668176651007 -0.30333334207534784 0.34333333373069769 0.35000002384185797 -0.069999992847442613 0.23000001907348636 0.41666668653488165 -0.1766666769981384 -0.076666668057441698 0.13666665554046634 0.1449999809265137 -0.026888847351074215 0.42333334684371954 0.33333332836627966 -0.023333340883255001 0.33666664361953741 -0.04333332180976867
decision_type=2 2 2 2 2 2 2 2 2 2 2 2 2 2 2 2 2 2 2 2 2 2 2 2 2 2 2 2 2 2
left_child=1 2 6 4 5 -2 8 19 12 -10 -11 -12 16 23 15 -15 17 -1 20 24 -3 -22 -9 29 25 28 27 -21 -5 -14
right_child=3 18 -4 7 -6 -7 -8 22 9 10 11 -13 13 14 -16 -17 -18 -19 -20 26 21 -23 -24 -25 -26 -27 -28 -29 -30 -31
leaf_value=0 0 -0.00052581472097781672 -0.0052504837414430183 -0.012563517489179457 -0.0054606911554832731 0.013743249785270546 -0.0030737505219709384 -0.0019511356258896705 -0.0024884491249453152 -3.7546253524143738e-05 -0.0010927549845579435 0.01184955664878877 -0.0056658783720889951 0.010015601112976422 -0.0048709110268019534 -0.0018496451103068978 -0.0035558188127464822 0.011984273915720732 -0.0005866695766680788 -0.00063091304131707095 0.010695939642877855 0.0017703380631346245 0.0077002499028813662 -0.0074559473820821291 -0.0017224847815863955 0 -0.0046889907146645165 0.011310396536187919 0 0.0028009296646253775
leaf_weight=17.120153297670186 5.3437250887509462 9.5185926863923651 51.340782439918257 26.324251745478254 5.2949083165731272 8.5786733198910934 35.58269575657323 13.432169988052921 11.311111981631255 10.84853441081941 2.7791223241947582 32.971101354109123 7.7643518703989711 18.258140887366611 7.318800287321209 8.7022736610379052 4.6225520102307192 16.513965101912618 18.006704379222356 10.079978190595282 29.760840308619663 33.067519725998864 6.971209901967085 23.326099246041849 35.99043322657235 3.5443361119832835 11.285365218762307 4.6876253825612393 3.2164491254370651 21.007747487630695
leaf_count=452 257 810 4677 1687 466 284 1807 1439 989 517 119 1247 251 421 229 201 92 375 1774 405 2139 2311 823 647 4478 286 780 234 250 603
internal_value=0.000120216 0.00102043 -2.22193e-05 -0.00204703 0.00367858 0.00900704 0.00120444 -0.00333971 0.00224224 0.00521807 0.00763448 0.0102322 0.00049202 -0.00102951 0.0025048 0.00578773 0.0041661 0.00623578 0.00419719 -0.00462627 0.0056607 0.00692532 0.00140008 -0.0038038 -0.00629411 -0.00959971 0 0.00412836 -0.0110919 0
internal_weight=494.57 359.821 269.467 134.749 19.2173 13.9224 218.127 115.532 182.544 57.9099 46.5988 35.7502 124.634 86.3774 34.2792 26.9604 38.2567 33.6341 90.3537 95.1284 72.347 62.8284 20.4034 52.0982 69.0755 33.085 26.053 14.7676 29.5407 28.7721
internal_count=31050 19661 12627 11389 1007 541 7950 10382 6143 2872 1883 1366 3271 2352 851 622 919 827 7034 8120 5260 4450 2262 1501 6701 2223 1419 639 1937 854
is_linear=0
shrinkage=0.05


Tree=130
num_leaves=31
num_cat=0
split_feature=24 11 38 2 28 17 39 38 1 18 28 23 4 8 37 8 9 11 41 4 18 21 10 26 5 11 17 13 0 5
split_gain=0.388955 0.482182 0.599652 0.597325 0.55264 0.432399 0.404408 0.401949 0.340518 0.32106 0.580432 0.353855 0.33958 0.324983 0.313145 0.293429 0.488983 0.278511 0.650411 0.32086 0.310305 0.399633 0.429764 0.376413 0.441669 0.376715 0.333462 0.299106 0.262724 0.261841
threshold=0.40333333611488348 0.36333334445953375 0.031355857849121101 0.18999999761581424 0.40333333611488348 0.096666663885116591 0.029931325465440754 0.0096426010131835955 0.12333333492279054 0.14999997615814212 0.35000002384185797 -0.40333333611488337 -0.33666665852069849 0.27666664123535162 0.0021500587463378911 0.35666668415069586 0.23000001907348636 -0.076666668057441698 0.039897613227367408 0.17666667699813846 -0.36333334445953364 -0.24333333969116208 -0.24999999999999997 0.26333332061767584 0.16333335638046267 -0.28333333134651179 -0.29000000655651087 -0.083333343267440782 0.056666672229766853 0.11000001430511476
decision_type=2 2 2 2 2 2 2 2 2 2 2 2 2 2 2 2 2 2 2 2 2 2 2 2 2 2 2 2 2 2
left_child=1 4 3 5 9 -3 8 29 -6 10 11 -1 13 14 -13 16 -10 20 19 -19 23 -22 -23 25 26 -14 28 -24 -25 -2
right_child=7 2 -4 -5 6 -7 -8 -9 15 -11 -12 12 17 -15 -16 -17 -18 18 -20 -21 21 22 27 24 -26 -27 -28 -29 -30 -31
leaf_value=-0.0047464629222115631 0 0 -0.0030240186098337823 0 0.01185667370796 0.015106751082163434 -0.0039848170594157231 0.00014057084505168514 0.0031656174676846557 -0.0038404640409543016 -0.0066674350287229045 0 0.0068301498281998418 -0.0019471149467759849 0.011414965797539089 0.007295074433828529 -0.0089119598367443913 -0.0042648838331721551 0.0062796053433101101 0.0041495750482853705 0.0034953825616268483 0.0010441542213443086 -0.0086353676480913008 -0.012450397345034843 0.0050743441294812345 -0.0020541018702231388 0.0013035508522279394 0 0 -0.011585880503986356
leaf_weight=21.497966565191746 4.6933425306342604 2.6757670866791221 8.7370094738434982 9.4062663114164007 12.949698405107481 16.555445555364713 4.6386545465793452 13.588933370658195 14.601070113247266 71.218263777671382 25.150728701730259 10.510369955794891 31.150629992596805 3.8525808956474057 14.890806967858223 9.0149999245768395 7.11553234537132 31.275898576714098 47.090622222982347 8.303948113229124 10.655855218647046 15.840711640776133 39.2945853730198 10.083044097060347 5.3223158065229645 8.8584774013143015 4.0437300787307313 11.518197195604442 5.9593709865584961 13.467399899498558
leaf_count=1449 344 173 998 779 341 726 218 1341 556 5373 1025 607 1179 253 802 359 287 2318 2973 652 871 1294 2586 289 143 367 137 1032 187 1460
internal_value=-0.000113992 0.000230209 0.00527909 0.00861906 -0.000223264 0.0126952 0.00442108 -0.00502729 0.00619038 -0.000944644 -0.000127818 0.00049941 0.00112761 0.00574645 0.00785856 0.00157536 -0.000962239 0.000300938 0.00252255 -0.00163717 -0.000927378 -0.003067 -0.00466224 0.00129637 -0.00256745 0.00430835 -0.0062521 -0.00680363 -0.0091272 -0.00900353
internal_weight=493.962 462.213 37.3745 28.6375 424.838 19.2312 48.32 31.7497 43.6813 376.518 305.3 280.149 258.651 29.2538 25.4012 30.7316 21.7166 229.397 86.6705 39.5798 142.727 77.3093 66.6535 65.4176 25.4085 40.0091 20.0861 50.8128 16.0424 18.1607
internal_count=31119 27974 2676 1678 25298 899 1761 3145 1543 23537 18164 17139 15690 1662 1409 1202 843 14028 5943 2970 8085 5783 4912 2302 756 1546 613 3618 476 1804
is_linear=0
shrinkage=0.05


Tree=131
num_leaves=31
num_cat=0
split_feature=13 24 24 37 32 25 38 26 12 25 36 41 19 0 5 9 31 29 41 28 40 11 39 9 16 39 26 32 7 39
split_gain=0.456131 0.579819 0.501405 0.476811 0.513029 0.446107 0.350921 0.428389 0.468155 0.37091 0.36991 0.377096 0.320309 0.312422 0.288834 0.701027 0.503192 0.548743 0.477552 0.403912 0.401943 0.435517 0.434097 0.36644 0.294227 0.381598 0.284201 0.277957 0.275538 0.245654
threshold=0.083333313465118422 -0.1766666769981384 -0.35000000894069666 -0.079238414764404283 -0.069999992847442613 -0.4433333277702331 -0.056524276733398431 0.25666666030883795 -0.30333334207534784 0.14333331584930423 0.35666668415069586 0.10085978358983995 -0.030000001192092892 -0.18999999761581418 0.17000001668930056 0.38333332538604742 -0.18999999761581418 0.47500002384185797 0.055297430604696281 0.17000001668930056 0.93999999761581432 0.096666663885116591 0.014736918266862633 0.43000000715255743 -0.18333333730697629 0.02167985308915377 -0.40333333611488337 0.056666672229766853 -0.29666668176650995 0.02565096598118544
decision_type=2 2 2 2 2 2 2 2 2 2 2 2 2 2 2 2 2 2 2 2 2 2 2 2 2 2 2 2 2 2
left_child=1 2 -1 27 5 -5 7 10 29 13 11 12 -3 -10 19 16 17 18 -16 26 21 22 -21 -17 25 -24 -8 -2 -28 -9
right_child=3 6 -4 4 -6 -7 14 8 9 -11 -12 -13 -14 -15 15 23 -18 -19 -20 20 -22 -23 24 -25 -26 -27 28 -29 -30 -31
leaf_value=-0.00050456914733881288 0.0078569115861471389 -0.013032886828969093 0.0066965412175094309 0.0020837701423212954 -0.00020524293793992306 -0.0080670485853668872 0.0083958601090046176 -0.0091786908699792499 0 -0.0019237976434279347 0.0019646811075784004 0.0020555455010896197 0 0.013216707358544161 0.013059447897515043 -0.0126935573724871 0 -0.0021422071814063098 0 0 0.004411026415612594 0.0037104359531154717 -0.014026655852963791 0.00026856955064800795 0 0 -0.0041033095408968849 -0.0010436123139725597 0.002187487397354465 0.001004321256710199
leaf_weight=27.352567090652883 10.911907351342963 20.222526926547292 60.085796014871448 6.1127454494126132 74.747118603438139 55.904601691872813 6.842390237376093 5.917401590850206 2.3659841101616612 3.0349935619160524 3.484529524575918 1.555140759795903 8.2305561713874358 8.120120558422057 27.439111236948523 3.3735746876336625 21.962610017391853 4.273549282224848 4.532696316484361 10.58951821667142 5.0945001381915054 4.1170423831790677 21.299430403625593 4.5872515337541699 4.0052444715984192 9.0208964792545867 19.149313313653693 7.354692888678982 49.464543140027672 2.5148224299773574
leaf_count=1774 405 1740 3312 356 7584 4142 448 266 104 165 142 105 516 370 821 139 1531 101 151 385 150 251 628 134 307 287 1229 543 2910 82
internal_value=-6.76195e-05 0.000908188 0.00428858 -0.00230876 -0.00343727 -0.00660342 -0.000243871 -0.00361513 0.000839888 0.00636809 -0.00685223 -0.0087271 -0.0102974 0.0101112 0.000666227 0.00326401 0.00547751 0.00868212 0.0108972 -0.000561626 -0.00377707 -0.00547027 -0.00714089 -0.00652831 -0.00955484 -0.0110279 0.0015463 0.00387109 0 -0.00525453
internal_weight=493.667 338.636 87.4384 155.031 136.764 62.0173 251.198 55.4461 21.9533 13.5211 33.4928 30.0082 28.4531 10.4861 195.752 66.1688 58.208 36.2454 31.9718 129.583 54.1266 49.0321 44.9151 7.96083 34.3256 30.3203 75.4562 18.2666 68.6139 8.43222
internal_count=31078 18048 5086 13030 12082 4498 12962 3490 987 639 2503 2361 2256 474 9472 2877 2604 1073 972 6595 2008 1858 1607 273 1222 915 4587 948 4139 348
is_linear=0
shrinkage=0.05


Tree=132
num_leaves=31
num_cat=0
split_feature=27 2 38 28 23 14 38 2 3 20 35 8 38 40 4 20 18 9 1 21 3 35 38 14 10 17 5 39 7 25
split_gain=0.540793 0.696788 0.367636 0.395014 0.373446 0.407555 0.361003 0.35426 0.604907 0.502917 0.499876 0.39107 0.381139 0.405451 0.347752 0.342321 0.356892 0.339112 0.331669 0.347489 0.315906 0.314452 0.302679 0.352963 0.392556 0.395665 0.331182 0.302102 0.283907 0.326893
threshold=-0.16333332657814023 -0.36333334445953364 0.22565650939941409 -0.063333332538604722 -0.10999999940395354 -0.036666661500930779 -0.032514572143554681 0.38333332538604742 0.44333332777023321 0.21666666865348819 -0.049999997019767754 0.14999997615814212 0.052800178527832038 0.82999998331069957 -0.45666666328907007 0.20333331823349002 -0.43000000715255732 0.31666666269302374 0.33666664361953741 -0.0099999904632568342 -0.31000000238418574 -0.023333340883255001 -0.13554382324218747 0.17666667699813846 0.36333334445953375 0.44333332777023321 -0.076666668057441698 0.017886037938296798 -0.090000003576278673 0.13666665554046634
decision_type=2 2 2 2 2 2 2 2 2 2 2 2 2 2 2 2 2 2 2 2 2 2 2 2 2 2 2 2 2 2
left_child=1 14 3 4 22 -6 20 9 -9 18 11 -11 13 -12 -1 16 -5 -16 19 27 -7 -17 -2 -24 25 26 -25 -3 -21 -30
right_child=2 7 -4 15 5 6 -8 8 -10 10 12 -13 -14 -15 17 21 -18 -19 -20 28 -22 -23 23 24 -26 -27 -28 -29 29 -31
leaf_value=-0.00051263996036195008 0.0029276456219907224 0.0033223546718613908 0.0051776514736166816 0.0007391278137961043 -0.003809508626078829 -0.0011428703771667529 0 0.009624876657745602 -0.0041519240565587234 -0.0025334915188575322 -0.013252383610261029 0.0081676887458834221 0 0 0.013260376741007669 0.0035945607183775785 -0.0074814519868461674 0 -0.0059358776100259716 0 0.0091809753014012573 -0.0038650250363509576 0 -0.014359640561801274 0.00062478055893694015 0.00077296463070806098 0 -0.0033555417714359395 0.0089632189649833955 0
leaf_weight=3.4295154968276647 9.7255833004601282 20.772068632300943 9.6653978398535383 8.3520613627042604 11.818215786945073 2.8147131137084243 18.515662979567423 17.479142437223349 4.9414242276689029 20.214827873278413 18.673597923247147 6.1621450404636553 6.9830990955233565 7.1177520535420618 16.113629198167477 18.494701095158234 68.6759670865722 5.3482066844589999 7.4446622328832737 23.16198019660078 27.201532914070413 25.543433224549517 28.226537287002429 17.645914371591068 5.5243927538394919 2.497355332132428 4.9404134562937569 35.818329172441736 30.348178710788488 10.052319404436274
leaf_count=179 457 986 581 241 1006 103 2065 754 329 817 774 233 330 272 618 1285 6455 278 374 1018 1113 2299 2433 1340 555 157 572 1819 1171 465
internal_value=-0.000311044 0.00135297 -0.0019019 -0.00238825 -0.000217849 0.00232124 0.0045275 0.000188984 0.00547336 -0.00046637 -0.00414448 0.000244667 -0.00781289 -0.0102187 0.00838849 -0.00438311 -0.0063 0.0105224 0.00116115 0.00206046 0.00748963 -0.000177234 -0.00279512 -0.00431009 -0.00755015 -0.00992793 -0.0118996 -0.00042142 0.00447525 0.00673215
internal_weight=493.703 234.061 259.642 249.976 128.91 60.3501 48.5319 209.17 22.4206 186.749 59.1514 26.377 32.7744 25.7913 24.8914 121.066 77.028 21.4618 127.598 120.153 30.0162 44.0381 68.5602 58.8346 30.6081 25.0837 22.5863 56.5904 63.5625 40.4005
internal_count=31079 10417 20662 20081 9801 4287 3281 9342 1083 8259 2426 1050 1376 1046 1075 10280 6696 896 5833 5459 1216 3584 5514 5057 2624 2069 1912 2805 2654 1636
is_linear=0
shrinkage=0.05


Tree=133
num_leaves=31
num_cat=0
split_feature=10 25 4 22 22 25 19 26 38 38 16 39 21 3 39 36 25 19 0 38 10 5 38 38 11 38 31 37 19 37
split_gain=0.366741 0.496771 0.432346 0.372172 0.339443 0.39042 0.310969 0.242425 0.61423 0.453163 0.420798 0.41106 0.333546 0.60914 0.464052 0.414208 0.481723 0.320359 0.304071 0.327142 0.29666 0.292103 0.285769 0.399307 0.352115 0.34885 1.03727 0.466895 0.675483 0.634408
threshold=0.38333332538604742 0.19666665792465213 0.13666665554046634 0.23000001907348636 0.31666666269302374 0.069999992847442641 -0.069999992847442613 0.25000000000000006 0.12359237670898439 0.069547176361083998 -0.28333333134651179 0.019113463349640373 -0.016666665673255917 -0.023333340883255001 0.014045588206499817 -0.25666666030883784 -0.12333333492279051 -0.10333332419395445 0.32333332300186163 0.028800964355468753 0.24333333969116214 -0.030000001192092892 0.22565650939941409 0.069547176361083998 -0.049999997019767754 -0.029808998107910153 0.37666666507720953 -0.017178058624267575 -0.076666668057441698 0.0086016654968261736
decision_type=2 2 2 2 2 2 2 2 2 2 2 2 2 2 2 2 2 2 2 2 2 2 2 2 2 2 2 2 2 2
left_child=7 2 3 -2 5 -4 -6 22 9 12 -11 -10 13 21 -14 -16 20 18 19 -18 -17 -9 23 25 -24 26 -1 28 -27 -29
right_child=1 -3 4 -5 6 -7 -8 8 11 10 -12 -13 14 -15 15 16 17 -19 -20 -21 -22 -23 24 -25 -26 27 -28 29 -30 -31
leaf_value=-0.0052678115098396443 0.013433804476103895 -0.0013068222947192078 -0.0090028517671164598 0 0.010549078758027266 0.0037183291767593726 -0.0014417159097164069 -0.0013031189505897794 0.0013773819168506393 0.012697726491421436 0 -0.012452001215206079 -0.0051147926436921134 -0.0089885142901998168 0.011903256251654736 -0.0076034851730783079 0.011982446198596917 -0.0011723798952404014 0 0 0.0023828595779812533 0.0067406574760952341 -0.0013637858034935906 -0.0051254938716388046 0.01040168587001411 0.0023788098420214395 0.0039828185857734106 0.009600465852059788 -0.0089507768436148782 0
leaf_weight=85.238933411310427 17.105251649394635 22.082621397683397 8.3390944153070468 5.9218547150958321 5.7141394342761487 2.6308852913789442 2.1605229491833589 19.559760377276689 2.6990398298948985 12.657551137031989 7.0551160583272567 6.4771111640147865 6.7680896185338488 14.206994565436615 11.23294375836849 11.581963737728072 17.586268556071445 7.2396339573897484 4.7713684653863302 4.1302987774834028 4.0512465056963256 11.040069536771627 4.6752108007203788 53.413795134751126 5.9302439833991212 23.73932547448203 37.255256210686639 24.594195376615971 15.599418756784869 41.431475782301277
leaf_count=7060 757 1784 465 245 142 109 216 937 151 303 637 377 299 751 485 509 579 504 164 118 129 533 249 4344 349 1246 916 1875 1715 3246
internal_value=0.000337443 0.00371311 0.00671476 0.0105639 0 -0.0042428 0.0062566 -0.000148203 0.00144686 0.00258305 0.00872235 -0.0078006 0.00090447 -0.00196975 0.00316182 0.00483924 0.00166426 0.00508132 0.00746093 0.00962679 -0.00391682 0.00154519 -0.0010166 -0.00143543 0.00509085 -0.000354207 -0.00220517 0.00157606 -0.00215241 0.00413887
internal_weight=496.89 63.9544 41.8717 23.0271 18.8446 10.97 7.87466 432.935 141.057 131.881 19.7127 9.17615 112.169 44.8068 67.3618 60.5937 49.3608 33.7276 26.4879 21.7166 15.6332 30.5998 291.878 281.272 10.6055 227.859 122.494 105.364 39.3387 66.0257
internal_count=31194 3718 1934 1002 932 574 358 27476 6476 5948 940 528 5008 2221 2787 2488 2003 1365 861 697 638 1470 21000 20402 598 16058 7976 8082 2961 5121
is_linear=0
shrinkage=0.05


Tree=134
num_leaves=31
num_cat=0
split_feature=21 30 12 7 23 3 11 2 32 19 38 11 21 39 11 31 17 38 17 8 39 36 23 2 16 39 12 36 23 13
split_gain=0.343571 0.483773 0.402444 0.335364 0.266436 0.552117 0.439022 0.458683 0.428276 0.395417 0.394538 0.355455 0.352257 0.58024 0.527775 0.594187 0.419396 0.402244 0.388656 0.362329 0.330586 0.35459 0.314388 0.301515 0.293484 0.268686 0.301024 0.259539 0.251196 0.245696
threshold=0.41000002622604376 0.46333330869674688 0.43000000715255743 -0.30333334207534784 -0.36333334445953364 -0.14333333075046537 0.35666668415069586 -0.2766666561365127 0.1566666662693024 -0.29666668176650995 -0.10676574707031249 0.16333335638046267 0.14999997615814212 0.024719144217669967 -0.25666666030883784 -0.063333332538604722 -0.4433333277702331 -0.032514572143554681 0.31000000238418585 -0.16333332657814023 0.013129511848092081 0.20333331823349002 -0.17000000178813932 0.25666666030883795 -0.10333332419395445 0.022874211892485622 0.37666666507720953 0.43000000715255743 -0.030000001192092892 0.043333351612091071
decision_type=2 2 2 2 2 2 2 2 2 2 2 2 2 2 2 2 2 2 2 2 2 2 2 2 2 2 2 2 2 2
left_child=1 2 4 -2 10 6 7 22 9 -9 -1 -11 14 16 20 17 -14 -16 -15 -19 -7 -22 29 -18 -21 -17 -27 -3 -4 -6
right_child=3 27 28 -5 5 12 -8 8 -10 11 -12 -13 13 18 15 25 23 19 -20 24 21 -23 -24 -25 -26 26 -28 -29 -30 -31
leaf_value=0.004490831595513169 0.0034805495120817428 0.0092440699488854014 -0.0093201365358042357 -0.0052348629653572567 -0.0018848424804560602 0.0020755394746993687 0.01217457191461031 0.01173808105771589 -0.0023425867327184521 -0.00083827445748128632 -0.0046397395990786135 0.0078910749751835863 0.007142754754035383 0.0092326002027008584 -0.0015081436837539965 0 0 0 -0.0024411412835035891 0.013507074169575499 -0.0098134569080004681 0 -0.0065692812154495399 -0.0063932834274741251 0 -0.0074934060294473666 0.0023255376007620589 0 0 0.0062788368372123128
leaf_weight=7.8056738141458473 6.0376153921242794 17.884446839103479 11.294352567871103 43.96173185412772 12.044476038892755 3.4973605228587976 10.183493392542003 18.698810246773064 9.4835825175978226 25.107933209394105 42.965988564654253 10.217926615150644 8.8081780618522298 26.439697951311249 8.0266276771435532 34.642024533124641 48.638094834750518 6.325138442451137 2.4862392456270745 14.137312811100861 30.111442087683827 7.7672834368422619 13.7262339531444 19.702783804852515 3.497138327453281 26.097000618698079 2.6868938470724961 5.2691882303915909 7.6221722945338106 9.1835246388800424
leaf_count=415 308 500 1164 2595 690 130 514 635 765 2050 3098 579 223 1387 814 3099 2907 409 214 656 1485 454 676 1460 411 1682 145 243 761 660
internal_value=0.000151553 0.000656099 0.000161553 -0.00347585 0.000591772 0.00113787 0.00400632 0.00227145 0.00475548 0.00652759 -0.00246937 0.00186082 -0.000110538 0.00188284 -0.00184559 3.89644e-05 -0.000213678 0.00528408 0.00726642 0.00824032 -0.00617358 -0.00768464 -0.00166682 -0.00199807 0.0111535 -0.00247416 -0.00561507 0.00691028 -0.00592355 0.00133406
internal_weight=494.35 444.351 421.197 49.9993 402.281 351.509 108.646 98.4625 63.5083 54.0247 50.7717 35.3259 242.863 106.075 136.788 95.4121 77.1491 31.9862 28.9259 23.9596 41.3761 37.8787 34.9542 68.3409 17.6345 63.4259 28.7839 23.1536 18.9165 21.228
internal_count=31129 28226 27483 2903 25558 22045 6569 6055 4029 3264 3513 2629 15476 6191 9285 7216 4590 2290 1601 1476 2069 1939 2026 4367 1067 4926 1827 743 1925 1350
is_linear=0
shrinkage=0.05


Tree=135
num_leaves=31
num_cat=0
split_feature=27 10 16 14 16 33 41 19 35 17 0 36 10 25 39 11 16 28 39 11 41 11 0 41 41 10 18 37 6 32
split_gain=0.309751 0.444772 0.574994 0.590823 0.581782 0.635643 0.561543 0.452165 0.431861 0.53966 0.415331 0.356051 0.311953 0.310813 0.411859 0.484126 0.39308 0.388737 0.389944 0.369964 0.315125 0.337623 0.30381 0.293099 0.564111 0.466655 0.37884 0.33959 0.293067 0.592021
threshold=-0.14333333075046537 -0.21666666865348813 0.31000000238418585 -1.0000000180025095e-35 -0.24333333969116208 0.41666668653488165 0.062716234475374236 0.25000000000000006 -0.3899999856948852 -0.22333332896232602 -0.28333333134651179 0.12333333492279054 0.083333313465118422 -0.30333334207534784 0.03248978219926358 0.21666666865348819 -0.036666661500930779 0.20166665315628055 0.015429661609232427 -0.056666672229766839 0.041539816185832031 -0.40333333611488337 0.38999998569488531 0.033619904890656478 0.03232953883707524 0.33666664361953741 -0.48333333432674402 -0.026899814605712887 -0.15000000596046445 -0.21666666865348813
decision_type=2 2 2 2 2 2 2 2 2 2 2 2 2 2 2 2 2 2 2 2 2 2 2 2 2 2 2 2 2 2
left_child=1 8 3 4 5 6 10 12 -1 -10 -3 -8 -5 14 15 16 -2 18 -17 -16 21 -15 -11 24 -12 26 -25 -28 29 -22
right_child=13 2 -4 7 -6 -7 11 -9 9 22 23 -13 -14 20 19 17 -18 -19 -20 -21 28 -23 -24 25 -26 -27 27 -29 -30 -31
leaf_value=-0.0020344731367898865 0.0053431514824613885 -0.0025668898675969406 -0.0086565118389485881 0 -0.0064781137703524118 -0.0090358157088365372 -0.0086488229422763217 -0.0012148402566814576 0 0.013460359256306341 0.004013399870091596 0.0014624072480784443 0.012552061889587485 0.0021390167214361184 0.0017919164533030255 0 -0.0034767512089521296 -0.0012262913095383609 0.01411012265091172 -0.011264576037362179 -0.00091986490053344951 -0.0053556837310721802 0 -0.0051423724563824953 -0.0086126991395685214 0.014097527016900945 -0.00082433186285623219 0.0071085385153596206 -0.002383223942607158 0.01051690216239219
leaf_weight=7.0228899973444632 14.52745589497499 14.105941253947092 10.973899391712619 8.6365657264832425 25.738904793281108 7.6611229197587809 11.888377075316386 7.3901529730064786 11.227627909043802 19.30837623146363 27.198790163733065 7.4854558447841546 16.359820998739451 9.3640358087141049 2.7862776413094252 2.0667816645000157 26.814621925819665 2.3317880044924086 13.016221936326472 5.0957190033514044 22.526565139181912 86.413911942392588 1.7182019348256279 4.1913576838560322 5.8174468469806007 13.164524694671853 10.808755698613814 34.462774338433533 52.940739562385716 10.760633918456731
leaf_count=296 914 393 828 535 1790 254 425 779 455 1096 770 225 953 524 178 171 2052 261 664 213 1814 7748 114 74 201 318 452 1062 4978 508
internal_value=-3.17818e-05 0.00116279 5.06688e-05 0.000909216 -0.000253079 0.0009662 0.00211953 0.00652105 0.00566097 0.00804636 0.00364053 -0.00433487 0.00940714 -0.00130744 0.00130209 0.00314757 0 0.00889325 0.0115472 -0.0060686 -0.00240692 -0.00429441 0.0118979 0.00489947 0.00016557 0.00679816 0.00308977 0.00485211 0 0.00318245
internal_weight=493.806 245.161 205.884 194.91 162.523 136.785 129.123 32.3865 39.2771 32.2542 109.75 19.3738 24.9964 248.645 66.6389 58.7569 41.3421 17.4148 15.083 7.882 182.006 95.7779 21.0266 95.6436 33.0162 62.6274 49.4629 45.2715 86.2279 33.2872
internal_count=31045 11020 9059 8231 5964 4174 3920 2267 1961 1665 3270 650 1488 20025 4453 4062 2966 1096 835 391 15572 8272 1210 2877 971 1906 1588 1514 7300 2322
is_linear=0
shrinkage=0.05


Tree=136
num_leaves=31
num_cat=0
split_feature=24 10 4 37 0 37 39 11 9 18 23 39 9 27 41 5 20 0 37 5 6 0 37 5 32 37 39 13 5 39
split_gain=0.319487 0.383945 0.648295 0.772493 0.332272 0.385877 0.329779 0.328576 0.522547 0.721807 0.481138 0.441197 0.858052 0.504809 0.360769 0.403174 0.379313 0.384503 0.356096 0.499281 0.513089 0.34607 0.344974 0.486846 0.463831 0.432811 0.330419 0.419849 0.325258 0.317348
threshold=0.40333333611488348 0.38333332538604742 0.12333333492279054 0.053565502166748054 0.35000002384185797 0.012290954589843752 0.014174534473568203 -0.15000000596046445 0.24333333969116214 -0.37666666507720942 -0.20333333313465116 0.029931325465440754 -0.016666665673255917 -0.33666665852069849 0.052593860775232322 0.20999997854232791 -0.22333332896232602 0.25000000000000006 0.0086016654968261736 -0.36333334445953364 -0.26333332061767573 -0.10999999940395354 0.026220321655273441 -0.40333333611488337 -0.31666666269302363 0.061923027038574226 0.024719144217669967 0.31000000238418585 -0.32999998331069941 0.023863454349339012
decision_type=2 2 2 2 2 2 2 2 2 2 2 2 2 2 2 2 2 2 2 2 2 2 2 2 2 2 2 2 2 2
left_child=1 7 3 6 5 -4 -3 8 9 10 28 13 -13 29 15 16 -12 -18 19 -15 26 -22 23 -20 -24 -26 27 -21 -1 -9
right_child=-2 2 4 -5 -6 -7 -8 11 -10 -11 14 12 -14 18 -16 -17 17 -19 22 20 21 -23 24 -25 25 -27 -28 -29 -30 -31
leaf_value=0.0038797409655949282 -0.0041579903594180121 0 -0.009790833771149381 -0.0021962759317468755 0.003993218745176704 0.0016831558041736961 0.01410477549786255 0.0076436773750107531 -0.0068411817295540292 -0.0035770158160970972 -0.0055226832114425133 0.0098139021634744694 -0.0040765515117713565 -0.0049205341384360854 0 0.013517511136361349 0.007793805709311207 -0.0024240709166433905 0.0025406130629923845 0.013270237782240894 0.0043175181506073705 -0.0031425441926119925 -0.0085360152126410915 -0.01175907460140794 0.0067303879973612465 -0.0034149945753199867 -0.00045827326625047624 -0.00017245424822607907 -0.0069230137971333251 -0.00062968372063240468
leaf_weight=3.1631785586941978 31.233684753649868 2.6967653359752211 10.131682217121126 6.9908700319938353 9.271214346168561 5.135134110460057 21.276346116093919 26.103076538303867 30.808798357727937 73.683262133155949 4.1716933120042041 29.273732914822176 9.2611604358535242 21.873413645429537 16.960766127565876 13.076416181866078 22.563517794245861 5.5817606325726947 2.1496323023457107 15.36611382104457 20.110862141242251 32.321042824070901 7.3644399403128764 16.117290386930108 17.848607961554084 10.249652676051481 3.1296054215636095 2.974754429422318 12.432898947037755 8.8295062670949829
leaf_count=109 3126 186 509 340 551 339 1071 1186 1532 5529 136 1251 842 1197 513 327 664 188 177 858 1609 2765 710 1595 1692 1071 189 133 470 337
internal_value=0.000219282 0.000619067 0.00430309 0.00859939 -0.000924066 -0.00536989 0.0123911 0 -0.00148654 -2.10029e-05 0.00305797 0.00132999 0.00581477 0.000108019 0.00510251 0.00722338 0.00230625 0.00496536 -0.00106412 0.00056947 0.00275474 0 -0.00415933 -0.00883399 -0.000218537 0.00234669 0.00829261 0.0105578 -0.00310521 0.00515598
internal_weight=492.151 460.917 55.502 30.964 24.538 15.2668 23.9731 405.415 182.442 151.633 77.9502 222.973 38.5349 184.438 62.3542 45.3934 32.317 28.1453 149.505 95.7758 73.9024 52.4319 53.7296 18.2669 35.4627 28.0983 21.4705 18.3409 15.5961 34.9326
internal_count=31202 28076 2996 1597 1399 848 1257 25080 9468 7936 2407 15612 2093 13519 1828 1315 988 852 11996 6751 5554 4374 5245 1772 3473 2763 1180 991 579 1523
is_linear=0
shrinkage=0.05


Tree=137
num_leaves=31
num_cat=0
split_feature=2 21 17 9 11 17 37 9 24 19 25 25 13 19 17 26 19 37 19 28 31 38 17 16 1 4 5 30 39 41
split_gain=0.279532 0.355354 0.38647 0.531536 0.470036 0.565863 0.525757 0.484554 0.540399 0.412919 0.399562 0.377563 0.343641 0.311183 0.343947 0.336935 0.359465 0.310836 0.420832 0.301624 0.288116 0.369543 0.281905 0.266296 0.261963 0.485365 0.311493 0.276388 0.375986 0.375081
threshold=-0.10333332419395445 -0.0099999904632568342 -0.43000000715255732 0.23666667938232425 -0.090000003576278673 0.21666666865348819 -0.0089769363403320295 -0.16333332657814023 -0.33666665852069849 -0.20333333313465116 -0.090000003576278673 1.0000000180025095e-35 -0.22333332896232602 0.38999998569488531 0.38333332538604742 0.35000002384185797 0.19666665792465213 0.067932605743408217 -0.45666666328907007 0.41000002622604376 -1.0000000180025095e-35 -0.020665168762207028 -0.45666666328907007 0.45666664838790899 -0.22333332896232602 -0.096666663885116563 0.056666672229766853 -0.10999999940395354 0.014639338012784721 0.02761690225452185
decision_type=2 2 2 2 2 2 2 2 2 2 2 2 2 2 2 2 2 2 2 2 2 2 2 2 2 2 2 2 2 2
left_child=13 11 3 10 6 7 -4 8 -6 -7 -3 -2 17 14 15 24 22 18 -8 -5 21 -13 -17 -11 26 -26 27 -1 -29 -30
right_child=1 2 4 19 5 9 12 -9 -10 23 -12 20 -14 -15 -16 16 -18 -19 -20 -21 -22 -23 -24 -25 25 -27 -28 28 29 -31
leaf_value=0 -0.005947903152060883 0 0.0011667019339674585 0.0041404398844600799 -0.0028397774157186079 0.0053490552894847141 0.00066346831588523709 0 0.012106957274477997 -0.0074219579976386105 0.013573002599825188 -0.0018419443287203277 0 -0.0031264951273726675 0.0096671155849739829 0 -0.0029683132717934677 0 -0.012460586057150884 -0.0063264655113417128 -0.0038319803003671218 0.0076126092594912976 0.009089106441189241 0.0013112577399036303 0.0056080055449514799 -0.0023247544948485697 0.0025234186565958874 0.0015607607496893829 0.0007532721650971195 -0.012324160838888527
leaf_weight=27.465123225469142 50.970119363977574 9.1376253592316043 28.170783411595039 4.8139345042873165 2.132277614669877 4.4212712207809082 2.5610947627574197 31.532468962250277 20.367665068246424 24.554414574522529 11.430127034895124 10.36069067718927 13.033705032314172 21.21530951873865 10.233867127448319 6.1523579703643909 3.7151448051445177 7.1677048301789901 25.829420322552327 9.0064397163223457 19.070252554141916 15.060711828758938 26.901755954138935 3.9020848569925866 39.597087041474879 23.517419753130525 16.933320772834122 2.955664926441389 1.9155800864100481 16.713301940122619
leaf_count=1830 3361 263 1830 153 160 193 50 2386 1184 2410 279 815 1179 1786 550 123 276 301 1111 228 1824 951 926 256 2549 1612 1237 185 124 1017
internal_value=0.000100135 -0.000818347 0.00029215 0.0047605 -0.000634463 0.00165258 -0.00345799 0.00477387 0.00951364 -0.00277911 0.00912501 -0.0032498 -0.00643062 0.00157324 0.00236107 0.00144308 0.00529749 -0.00865993 -0.0106405 -0.00126957 0 0.00334777 0.00717996 -0.00547906 0 0.00234521 -0.00195378 -0.00406014 -0.00761231 -0.0101084
internal_weight=490.839 293.523 198.061 34.3881 163.673 86.9102 76.7627 54.0324 22.4999 32.8778 20.5678 95.4618 48.5919 197.316 176.101 165.867 36.7693 35.5582 28.3905 13.8204 44.4917 25.4214 33.0541 28.4565 129.097 63.1145 65.983 49.0497 21.5845 18.6289
internal_count=31149 18934 11983 923 11060 6589 4471 3730 1344 2859 542 6951 2641 12215 10429 9879 1325 1462 1161 381 3590 1766 1049 2666 8554 4161 4393 3156 1326 1141
is_linear=0
shrinkage=0.05


Tree=138
num_leaves=31
num_cat=0
split_feature=33 30 7 15 37 38 39 29 8 39 3 40 30 37 24 16 21 29 2 30 25 8 8 7 23 40 28 23 38 28
split_gain=0.274607 0.885314 0.634603 0.680818 0.550994 0.529939 0.52355 0.44664 0.379616 0.431761 0.541908 0.540345 0.819534 0.532857 0.49681 0.452694 0.517435 0.450181 0.481217 0.449215 0.430757 0.418192 0.661883 0.459025 0.327222 0.410317 0.500129 0.320786 0.314239 0.306679
threshold=-0.25666666030883784 -0.4433333277702331 -0.24999999999999997 0.48333334922790533 0.0035305023193359379 0.031355857849121101 0.021435073576867584 -0.48333333432674402 -0.12333333492279051 0.014045588206499817 0.18333333730697635 0.76333332061767589 0.31000000238418585 -0.032941818237304681 0.043333351612091071 -0.24999999999999997 0.32999998331069952 0.01666665077209473 0.12333333492279054 0.23666667938232425 -0.29000000655651087 0.11000001430511476 0.31000000238418585 0.36333334445953375 0.21666666865348819 0.81666666269302379 0.12999999523162845 -0.12333333492279051 0.0084095001220703142 0.38333332538604742
decision_type=2 2 2 2 2 2 2 2 2 2 2 2 2 2 2 2 2 2 2 2 2 2 2 2 2 2 2 2 2 2
left_child=1 2 3 5 -3 7 -6 -1 24 19 11 12 17 -13 20 16 -14 -11 28 -10 -15 -12 23 27 25 26 -2 -23 -19 -16
right_child=8 4 -4 -5 6 -7 -8 -9 9 10 21 13 15 14 29 -17 -18 18 -20 -21 -22 22 -24 -25 -26 -27 -28 -29 -30 -31
leaf_value=0 0.001604562203509652 -0.0081238936426161132 -0.0057752497809440886 -0.0044177951003144117 0.0048875511848489568 -0.001118540911750996 -0.0053588471468416464 0.016808802134456007 -0.00055623427370912542 0.0033366629450815328 0.0001267724162476749 0.003609840955645139 0.013511157829110658 0 0.0044105889780675402 0 -0.00033322343605401929 -0.0099965823220499392 0.0029571642947184727 0.0089979874223530248 -0.012660495016253867 0 -0.00030589928831701235 0 0.0078854176907835281 0.0064353848585114786 -0.007723208026939145 -0.014554576155742139 0 -0.0070472129666852793
leaf_weight=3.0511438222602107 35.357428274350241 47.146028026472777 4.5431479695253065 2.9649993428029111 19.233482990181074 2.6678194703999898 18.587817108258605 14.751021534437315 15.288971643778494 36.861892557470128 28.892849986092187 11.655356099130584 22.58596280566417 4.8448544223792842 12.11904176394455 7.5514588041696689 4.0384382279589763 18.900703557650562 11.132925069425253 17.491381906787865 19.36939028068446 1.6346344121266216 33.122163632884622 4.1223531822906798 22.759002363076434 18.110729113453999 14.531565511948427 23.650013886042871 13.059124110732226 2.340646030381321
leaf_count=112 1828 3142 349 163 1674 300 1234 513 1248 2707 1864 789 708 305 774 711 103 1505 756 826 1376 114 2627 350 1030 854 653 1629 886 66
internal_value=-8.09363e-05 -0.0022217 0.00444178 0.00804528 -0.00483894 0.0113872 0 0.0141211 0.000516126 -0.000308163 -0.00110866 0.000491736 0.00249307 -0.00338496 -0.00625433 0.00833962 0.0109698 -0.000122825 -0.00363746 0.00450057 -0.00994706 -0.00409721 -0.00625401 -0.0110604 0.00325273 0.000850717 -0.00120254 -0.0132338 -0.00669755 0
internal_weight=492.366 112.945 27.9781 23.435 84.9673 20.47 37.8213 17.8022 379.421 288.662 255.882 164.46 114.131 50.3293 38.6739 34.1759 26.6244 79.9546 43.0928 32.7804 24.2142 91.422 62.5292 29.407 90.7587 67.9997 49.889 25.2846 31.9598 14.4597
internal_count=31196 7487 1437 1088 6050 925 2908 625 23709 19344 17270 10686 7376 3310 2521 1522 811 5854 3147 2074 1681 6584 4720 2093 4365 3335 2481 1743 2391 840
is_linear=0
shrinkage=0.05


Tree=139
num_leaves=31
num_cat=0
split_feature=27 34 20 25 37 38 23 25 38 33 33 20 40 18 20 38 25 30 28 40 38 38 12 41 37 35 38 24 10 16
split_gain=0.349868 0.874165 0.428326 0.412624 0.467859 0.489894 0.423693 0.427188 0.418772 0.48695 0.384961 0.43378 0.341449 0.304461 0.396536 0.301814 0.389905 0.480211 0.63203 0.429738 0.422186 0.684335 0.600689 0.396969 0.377027 0.322878 0.300579 0.329496 0.292816 0.353719
threshold=-0.15000000596046445 0.26333332061767584 -0.15666666626930234 0.16333335638046267 0.028093814849853519 -0.083765983581542955 -0.19666665792465207 -0.26999998092651362 0.026465415954589847 0.23666667938232425 -0.069999992847442613 -0.21666666865348813 0.036666667088866241 0.17666667699813846 0.37666666507720953 0.12359237670898439 -0.055000007152557366 0.35666668415069586 -0.37666666507720942 0.9166666865348817 0.031355857849121101 -0.057752609252929681 0.27666664123535162 0.062716234475374236 0.039559364318847663 -0.3899999856948852 0.011437416076660158 0.29000002145767217 0.38333332538604742 -0.076666668057441698
decision_type=2 2 2 2 2 2 2 2 2 2 2 2 2 2 2 2 2 2 2 2 2 2 2 2 2 2 2 2 2 2
left_child=1 3 26 4 6 -6 -1 -8 9 -5 -7 -12 -9 14 -14 16 20 18 -18 23 21 22 24 25 -2 -20 -3 -28 29 -22
right_child=15 2 -4 8 5 10 7 12 -10 -11 11 -13 13 -15 -16 -17 17 -19 19 -21 28 -23 -24 -25 -26 -27 27 -29 -30 -31
leaf_value=-0.0029713707685739485 -0.0083253017775673475 0.0048079834558067153 0.010435634516489552 0 0.0053531541390331753 0 -0.00098895788747756642 -0.0020929018701064507 0.00064247270929199466 -0.012383222229282625 0.00042930377180289137 -0.011944995999253798 0.0098994952328093095 -0.00059892743626744304 0 0.0034067838064391794 0.0012493627602717574 0.0022668909497896065 0 0.00089342842438645549 0 0.0058562017676050335 0.0052924723708336592 0 0.001235864165651783 -0.011264358787124115 -0.0085949837224979699 0.0034361470178274466 0.0027128460055471856 -0.010896681678567952
leaf_weight=16.472170107997954 25.605349789140746 15.168672980507838 27.565310779027641 11.018301273928957 6.3126833927817634 14.774777842918409 19.346694958396256 4.2192206869367501 16.305988190928474 14.651586737250907 4.3187884890940031 17.406318932538856 48.470869101816788 4.6019421459641299 9.8008740963414294 21.071410336531699 19.889149692724459 16.783043935429305 4.0299783307127646 7.2595995126757762 12.765217798296367 45.942559440503828 10.75937772693578 11.763195973588152 7.1934811708051702 52.020570796099491 7.5126282097771746 1.8645072954241184 3.280149588128551 13.34586997469887
leaf_count=806 1619 644 1055 553 265 715 902 182 902 810 205 730 1874 322 340 1742 1792 1607 311 701 738 3223 351 1008 406 5031 399 100 263 1546
internal_value=-6.75989e-07 0.00129821 0.00667577 -0.000226234 0.000924829 -0.00294318 0.00283701 0.00433534 -0.00435929 -0.00784567 -0.00551945 -0.00902281 0.00616781 0.00721918 0.00822385 -0.00133659 -0.00195099 -0.00399103 -0.00541363 -0.00744903 0 0.00179125 -0.00218168 -0.00868083 -0.00571715 -0.010278 0.000414506 -0.00416965 -0.0046005 -0.00663301
internal_weight=491.52 239.811 52.1111 187.7 145.724 42.8126 102.912 86.4396 41.9759 25.6699 36.4999 21.7251 67.0929 62.8737 58.2717 251.709 230.638 111.746 94.9625 75.0733 118.892 89.5008 43.5582 67.8137 32.7988 56.0505 24.5458 9.37714 29.3912 26.1111
internal_count=31142 10804 2198 8606 6341 1915 4426 3620 2265 1363 1650 935 2718 2536 2214 20338 18596 10450 8843 7051 8146 5599 2376 6350 2025 5342 1143 499 2547 2284
is_linear=0
shrinkage=0.05


Tree=140
num_leaves=31
num_cat=0
split_feature=10 8 38 18 19 0 38 21 27 15 2 23 21 21 3 31 35 27 21 27 28 15 33 10 39 27 22 33 25 38
split_gain=0.292824 0.825542 0.336391 0.907207 0.513829 0.288774 0.548436 0.402587 0.347734 0.442622 0.494871 0.425374 0.398051 0.322459 0.322349 0.316194 0.320416 0.306286 0.27965 0.265778 0.490715 0.580806 0.426109 0.292306 0.257274 0.243002 0.237551 0.237179 0.247243 0.248285
threshold=0.38333332538604742 0.36333334445953375 -0.037441253662109368 0.096666663885116591 -0.31000000238418574 0.35666668415069586 -0.063411235809326158 -0.016666665673255917 -0.48333333432674402 0.069999992847442641 0.23000001907348636 0.31000000238418585 0.40333333611488348 -0.28333333134651179 -0.023333340883255001 -0.36333334445953364 0.056666672229766853 -0.12999999523162839 -0.04333332180976867 -0.016666665673255917 -0.25666666030883784 -0.24999999999999997 -0.030000001192092892 0.11000001430511476 0.013303889892995359 -0.41666667163372034 -0.3899999856948852 -0.40333333611488337 0.2833333313465119 -0.0029735565185546871
decision_type=2 2 2 2 2 2 2 2 2 2 2 2 2 2 2 2 2 2 2 2 2 2 2 2 2 2 2 2 2 2
left_child=5 -2 4 -4 -3 7 13 15 -9 11 24 14 17 -7 -10 16 -1 -13 19 20 27 22 -22 -21 -11 -26 -27 -17 29 -29
right_child=1 2 3 -5 -6 6 -8 8 9 10 -12 12 -14 -15 -16 18 -18 -19 -20 23 21 -23 -24 -25 25 26 -28 28 -30 -31
leaf_value=-0.011349681797905561 0.0080882691447850662 0.01055390192481769 -0.013926323037892424 0.0023308725946689121 -0.0034457166521333661 0 -4.3353950315695524e-05 0.0084125741855794259 -0.0058238205453640755 -0.0015430459119918135 -0.0028388831674875594 0.010307103024804422 -0.0018507845682172283 -0.014131968651797947 0 0 0 0 -0.007178533744239793 -0.0042440181034122306 0.0093999681105916832 -0.0050294042002021902 -0.00067740130032167487 0.002574763732647221 -0.00095483318068982376 0 0.009312340139709786 0.014471804465735323 0 0
leaf_weight=11.005370527273046 30.774048431776464 5.2170585989952087 9.8039439215790498 11.187672314816153 7.2829914218746108 1.6937790007796127 37.134811154566705 10.012722338549791 40.748322676634416 2.2787704600486896 12.087603963911532 13.787713036523199 14.023249549092723 9.661824689130297 62.076425462262705 4.4032629993744221 11.534614904434418 8.1396877341903764 9.6883892572950554 49.966258406522684 12.146105160005392 30.159378863521852 13.78070262307301 12.386597767472265 1.5915499660186458 3.6038850332843131 39.400211920728907 9.8237291388213617 2.4806787562556556 3.6200476081576189
leaf_count=541 1448 123 340 1199 642 111 2701 222 2334 217 1029 541 762 701 3514 240 616 630 636 4157 464 2316 608 1286 65 257 2429 371 282 330
internal_value=-0.000218531 0.00270437 -0.00208688 -0.00574358 0.00257374 -0.000747269 -0.00417698 -0.000184896 0.00120675 0.000482167 0.00397754 -0.000933538 0.00312594 -0.011566 -0.00267667 -0.00200052 -0.00697757 0.00691772 -0.000841292 0 0.0017941 -0.000397621 0.00413989 -0.00241659 0.0063308 0.00736253 0.00825973 0.00750332 0.00972892 0.0117693
internal_weight=491.501 64.2657 33.4917 20.9916 12.5001 427.236 48.4904 378.745 207.75 197.737 58.962 138.775 35.9507 11.3556 102.825 170.995 22.54 21.9274 148.455 138.767 76.4139 56.0862 25.9268 62.3529 46.8744 44.5956 43.0041 20.3277 15.9245 13.4438
internal_count=31112 3752 2304 1539 765 27360 3513 23847 12000 11778 3997 7781 1933 812 5848 11847 1157 1171 10690 10054 4611 3388 1072 5443 2968 2751 2686 1223 983 701
is_linear=0
shrinkage=0.05


Tree=141
num_leaves=31
num_cat=0
split_feature=24 38 5 9 39 39 29 24 9 33 38 36 14 39 2 37 24 15 12 7 14 31 38 25 9 26 10 36 37 33
split_gain=0.236358 0.336855 0.298196 0.269996 0.402016 0.565045 0.45366 0.309526 0.400853 0.661571 0.633104 0.643674 0.651709 0.538126 0.48643 0.485408 0.381028 0.346957 0.321248 0.4255 0.583156 0.34355 0.284266 0.284231 0.336642 0.262389 0.391265 0.382168 0.367999 0.397048
threshold=0.40333333611488348 0.0096426010131835955 0.19666665792465213 0.42333334684371954 0.029931325465440754 0.017618047073483471 0.069999992847442641 -0.33666665852069849 -0.17000000178813932 -0.2766666561365127 0.031355857849121101 -0.29666668176650995 -0.030000001192092892 0.025068226270377639 -0.36333334445953364 0.028093814849853519 -0.1766666769981384 0.24333333969116214 -0.21666666865348813 0.24333333969116214 0.35000002384185797 -0.15666666626930234 0.11386013031005861 0.27666664123535162 -0.049999997019767754 0.30333334207534796 0.35000002384185797 0.19666665792465213 0.074579238891601576 -0.22999998927116391
decision_type=2 2 2 2 2 2 2 2 2 2 2 2 2 2 2 2 2 2 2 2 2 2 2 2 2 2 2 2 2 2
left_child=3 2 -2 7 5 -5 -7 -1 9 10 11 12 -9 15 23 -14 17 -16 21 20 -20 -11 -12 24 -10 26 27 28 29 -18
right_child=1 -3 -4 4 -6 6 -8 8 14 18 22 -13 13 -15 16 -17 25 -19 19 -21 -22 -23 -24 -25 -26 -27 -28 -29 -30 -31
leaf_value=-0.0031279256556824594 0 0.00096226844207672718 -0.010581317799888204 -0.00089149774592428262 -0.0029535347779525004 0 0.015103267904551299 -0.0036965984732430361 -0.00063658726829086466 0.0047894423161806091 -0.011276307261168019 -0.0071045753494159902 0.014101235630270704 0 0.0045215650328225641 -0.00022084833636674159 0 -0.0050492564040207598 0.011282160937239216 -0.0018871570581507177 -0.0027932272305279306 -0.0044106906208507997 0 -0.0011450716975931593 0.010957528565998478 0 0.0025222090598987085 0 0.00064997932692324549 -0.0096538680015570543
leaf_weight=54.667116260970943 5.9631590540520909 13.419304126058703 12.261046664440071 8.043379589216789 5.5427661931607863 4.5464167229365584 12.591097099706529 9.7440233679953945 2.7446581625845345 17.484279619297016 10.716307904338462 8.2250923118554038 19.422023787163202 10.934553121216593 36.700330206425861 3.1735084198880932 8.9492027079686505 4.628142046974971 40.939672094769776 3.4611601098440579 3.1024081478826693 10.737830645171924 3.9656312579754731 3.9635388019960365 14.045932686422018 69.322344860527664 11.130680864909662 19.998152486979961 7.2894486319273701 52.660442613530904
leaf_count=4471 425 1332 1385 608 252 379 657 837 170 542 1078 525 775 402 2179 152 693 425 2322 278 125 604 370 383 688 2745 594 1624 453 3666
internal_value=0.000178958 -0.00355201 -0.00732311 0.000532653 0.00466982 0.00739506 0.0115874 0.000117619 0.000700717 0.00276377 -0.000570402 0.00182423 0.00468714 0.00794722 -0.000496858 0.0115912 -0.00136446 0.00241732 0.00581157 0.00815467 0.00957506 0.0003989 -0.00827117 0.00570671 0.00829672 -0.00248107 -0.00404564 -0.00523891 -0.00689423 -0.00813507
internal_weight=490.374 31.6435 18.2242 458.73 30.7237 25.1809 17.1375 428.006 373.339 141.906 66.1811 51.4992 43.2741 33.5301 231.433 22.5955 210.679 41.3285 75.7254 47.5032 44.0421 28.2221 14.6819 20.7541 16.7906 169.35 100.028 88.8972 68.8991 61.6096
internal_count=31139 3142 1810 27997 1896 1644 1036 26101 21630 8010 4139 2691 2166 1329 13620 927 12379 2604 3871 2725 2447 1146 1448 1241 858 9775 7030 6436 4812 4359
is_linear=0
shrinkage=0.05


Tree=142
num_leaves=31
num_cat=0
split_feature=9 33 14 35 7 25 38 39 7 9 37 4 33 39 9 38 21 10 31 15 38 25 37 39 37 39 4 39 22 22
split_gain=0.32245 0.493381 0.472295 0.451131 0.453083 0.781289 0.459971 0.498034 0.47121 0.381405 0.372448 0.542311 0.290741 0.418503 0.588383 0.467102 0.491839 0.261982 0.370553 0.496359 0.452865 0.417446 0.326517 0.825944 0.628613 0.427815 0.326073 0.318455 0.302182 0.423928
threshold=0.43000000715255743 0.23666667938232425 0.46333330869674688 -0.29666668176650995 0.32999998331069952 0.2883333563804627 -0.090869903564453111 0.014639338012784721 -0.2766666561365127 0.35000002384185797 0.061923027038574226 0.25000000000000006 0.12333333492279054 0.029095132835209373 0.01666665077209473 -0.033781528472900384 -0.16333332657814023 0.1566666662693024 0.31666666269302374 -0.29666668176650995 0.025660514831542972 -0.030000001192092892 -0.069252967834472642 0.021573347039520744 0.012290954589843752 0.022312714718282226 0.22166669368743899 0.017359882593154911 0.23000001907348636 0.028333306312561039
decision_type=2 2 2 2 2 2 2 2 2 2 2 2 2 2 2 2 2 2 2 2 2 2 2 2 2 2 2 2 2 2
left_child=1 12 10 -3 6 9 -5 -8 -9 -6 11 -2 13 17 15 -15 -17 18 19 21 22 -1 25 24 -24 -20 -19 -28 29 -21
right_child=2 3 -4 4 5 -7 7 8 -10 -11 -12 -13 -14 14 -16 16 -18 26 20 28 -22 -23 23 -25 -26 -27 27 -29 -30 -31
leaf_value=-0.0026056881968009636 0.01454864679834097 0.0025372886667757934 -0.0043482053401489923 0.00094615315333028318 0.010471421867347643 -0.0070481852858437196 0 0.00020654814583212657 -0.014295933103690109 -0.00094356499888761925 -0.0014500599295732188 0 0.0033192151906682125 0 -0.0044902636317940706 -2.5324925053220876e-05 0.013903646046103672 0.0039778619148075779 -0.0097721267760459557 -0.0052555199260060819 -0.0062412074525401134 0.0055400423949281052 0.015245412240449214 -0.0016718403407702366 -0.001274420707368704 0.0036189650041456353 0.0025492617652570436 -0.0087676470960158983 -0.01028335954173102 0.0016137997549098002
leaf_weight=33.484682286856696 12.438123171450576 14.276870825327931 5.3120420903433105 5.3034618382807812 10.216058712801894 16.516379738692194 6.0724923859816036 2.5439802370965507 28.52746905060485 5.3324696966446927 4.2411118429154149 11.74417812284082 57.786192162777297 21.799236936261877 10.169099705293773 4.0687274378724423 15.760784995276479 38.632567304186523 4.0598727560136449 57.020506059518084 8.0202985110227001 19.355781571590342 15.502019713399934 13.497823366895316 3.136124428594484 6.2469226876273751 3.3274030985776317 6.8506151377223432 22.499594860477373 24.225992251187563
leaf_count=1359 690 885 522 363 590 1899 336 184 1797 284 264 805 3441 1085 717 287 698 1967 125 5093 913 725 556 462 182 181 230 401 2053 2072
internal_value=-0.000143454 -0.000562934 0.00410764 -0.00379333 -0.00541551 0 -0.00849226 -0.0103635 -0.0125929 0.00622373 0.00689665 0.00918606 0.000203223 -0.000354635 0.00339024 0.00616334 0.0107358 -0.00126855 -0.00209263 -0.00330846 0.001188 0.000213923 0.00370709 0.00612458 0.0118176 -0.00177749 0.0016174 -0.00394929 -0.00524391 -0.00295057
internal_weight=487.969 454.233 33.7355 88.7892 74.5123 32.0649 42.4474 37.1439 31.0714 15.5485 28.4234 24.1823 365.444 307.658 51.7978 41.6287 19.8295 255.86 207.05 156.587 50.4631 52.8405 42.4428 32.136 18.6381 10.3068 48.8106 10.178 103.746 81.2465
internal_count=31166 28885 2281 6338 5453 2773 2680 2317 1981 874 1759 1495 22547 19106 2787 2070 985 16319 13721 11302 2419 2084 1506 1200 738 306 2598 631 9218 7165
is_linear=0
shrinkage=0.05


Tree=143
num_leaves=31
num_cat=0
split_feature=26 37 21 14 25 25 24 27 33 9 10 39 27 25 37 21 24 12 33 10 21 8 30 17 37 26 39 29 10 38
split_gain=0.345316 0.394459 0.3489 0.368673 0.440059 0.421168 0.454009 0.286668 0.281722 0.493754 0.477879 0.386112 0.338496 0.494759 0.316051 0.326971 0.348813 0.306482 0.38385 0.49297 0.29579 0.268569 0.251699 0.249404 0.245976 0.244196 0.244822 0.241573 0.240835 0.2388
threshold=0.48333334922790533 0.0086016654968261736 0.3966666460037232 -0.45666666328907007 -0.25666666030883784 -0.36333334445953364 -0.2766666561365127 -0.28333333134651179 -0.25666666030883784 -0.1766666769981384 -0.43000000715255732 0.017720499075949196 0.25000000000000006 -0.24999999999999997 -0.0089769363403320295 0.096666663885116591 0.30333334207534796 -0.076666668057441698 -0.056666672229766839 -0.069999992847442613 0.34333333373069769 -0.0099999904632568342 0.40333333611488348 -0.45666666328907007 0.0051107406616210946 -0.036666661500930779 0.019060155376791958 0.18333333730697635 0.37000000476837164 -0.13554382324218747
decision_type=2 2 2 2 2 2 2 2 2 2 2 2 2 2 2 2 2 2 2 2 2 2 2 2 2 2 2 2 2 2
left_child=2 23 3 4 -1 6 -5 -6 10 11 -7 -10 13 -13 15 16 21 18 -16 -20 -21 -11 -19 -2 29 26 -4 -23 -8 -12
right_child=1 -3 25 5 7 8 28 -9 9 14 24 12 -14 -15 17 -17 -18 22 19 20 -22 27 -24 -25 -26 -27 -28 -29 -30 -31
leaf_value=-0.0031293226211953893 -0.0067073203824978044 0.0096083258929463757 0.0049984185527219699 0.0087866556285680752 0.00082437724993909736 0.0013943112350855375 -0.0018943611827005229 0.012374786792752564 -0.0013907384298812537 0 0 -0.0014147038846218894 0 0.010842416165654761 0 -0.0031434898081108063 -0.0032486623760310052 -0.0021040257411184776 0.00046059483132120766 -0.012253555116394329 0 0.010278735823352453 0.0057583420450730465 0.003066865401487681 -0.00088659356227268151 -0.0065281897933592396 -0.0038261803977854797 0 0.0055955727974831464 -0.010593326197539213
leaf_weight=6.5726399342529467 4.6402984079904845 12.642931121867148 8.4835828242357838 16.479341734899208 17.398166691418737 21.449358976213261 35.532538971165195 10.317754724528642 18.956540930084884 10.765007261419667 5.4956660906318602 4.9394701221026507 10.440897028543985 25.38939125475008 16.091396363219246 27.629607638576999 8.4383873414481041 40.105657301144674 6.8785039584618053 27.406074516475204 2.5989902534056446 17.608658088371161 6.8215156792430198 9.397434498183431 25.14177084248513 32.072897464502603 11.090115179307757 11.605491846101357 8.4694257241208089 25.757338237948716
leaf_count=142 95 283 631 994 350 1307 2263 201 1237 733 329 250 676 1263 807 2002 845 4403 429 1717 137 1306 646 235 1954 1684 890 986 417 1893
internal_value=-0.000152775 0.00474229 -0.000547802 0 0.00451428 -0.000514664 0.00300544 0.00730271 -0.00131566 -0.000304517 -0.00383788 0.00329091 0.0059014 0.00825406 -0.00173067 0.000415881 0.0030291 -0.00353171 -0.00594894 -0.00842893 -0.0108983 0.00514889 0 0 -0.0061713 -0.00419005 0 0.00732683 0 -0.00892402
internal_weight=486.617 26.6807 459.936 408.29 34.2886 374.001 60.4813 27.7159 313.52 235.676 77.8441 59.7263 40.7698 30.3289 175.949 76.0472 48.4175 99.9021 52.975 36.8836 30.0051 39.9792 46.9272 14.0377 56.3948 51.6466 19.5737 29.2141 44.002 31.253
internal_count=31105 613 30492 27287 693 26594 3674 551 22920 17437 5483 3426 2189 1513 14011 5872 3870 8139 3090 2283 1854 3025 5049 330 4176 3205 1521 2292 2680 2222
is_linear=0
shrinkage=0.05


Tree=144
num_leaves=31
num_cat=0
split_feature=4 34 27 1 38 17 9 4 14 6 21 41 17 25 11 41 38 38 17 24 27 12 25 39 2 16 22 14 36 36
split_gain=0.288963 0.503152 0.590521 0.317653 0.472901 0.512054 0.557101 0.344428 0.408997 0.366458 0.390301 0.338008 0.337983 0.318024 0.306095 0.799638 0.581601 0.606492 0.522643 0.399693 0.456348 0.412262 0.39557 0.374133 0.347301 0.33779 0.305762 0.393358 0.300954 0.299805
threshold=-0.46999999880790705 0.37500000000000006 -0.17000000178813932 -0.28333333134651179 0.079587936401367201 0.36166667938232427 0.43000000715255743 -0.35000000894069666 0.32333332300186163 0.27666664123535162 -0.41666667163372034 0.025843261741101745 -0.22333332896232602 0.2833333313465119 -0.076666668057441698 0.039897613227367408 0.08272790908813478 0.028800964355468753 -0.37666666507720942 0.17000001668930056 -0.3899999856948852 -0.29000000655651087 -0.41666667163372034 0.012703213375061752 -0.12333333492279051 -0.41666667163372034 0.14999997615814212 -0.48333333432674402 0.32333332300186163 -0.21666666865348813
decision_type=2 2 2 2 2 2 2 2 2 2 2 2 2 2 2 2 2 2 2 2 2 2 2 2 2 2 2 2 2 2
left_child=-1 3 28 4 5 6 11 -5 14 10 -10 -2 -12 -13 16 25 17 19 29 20 -9 -21 -22 -17 -18 -16 -24 -28 -3 -19
right_child=1 2 -4 7 -6 -7 -8 8 9 -11 12 13 -14 -15 15 23 24 18 -20 21 22 -23 26 -25 -26 -27 27 -29 -30 -31
leaf_value=-0.0063308280818561982 0.00021747108514778054 0.012715172634414068 0 0.0051715089666769364 0.0036669237424363336 0.0027763301748298681 0.0037605676266560619 0.0055583612338421726 0.0025099460658122661 0.0007472648630497304 0 -0.013137256692737333 -0.012391229870876701 0 0.0064848972437410298 -0.0037923778231391606 0.00042047538488969608 0 0 -0.0090514014059608575 0.0064421151142411842 0.00076369687057985334 0 0.0069891871249655475 -0.0084849163106825564 -0.0031229687782928406 0.0026318331656226008 -0.010148063670756663 0 0.013210538893153455
leaf_weight=10.089806878240777 2.2707277634181073 16.100546972826127 32.306855533388443 28.05920278117992 9.5486528265755606 6.7944459726568303 2.5998713062144807 24.775450920918956 1.4048674961086423 10.047947525163179 2.3907676453236553 27.691077657276765 17.660564322257411 4.4475480660330495 3.8239129967987529 2.1654038182459763 8.1089068776927871 3.9612453491427031 25.318217129912227 20.756251947954301 4.7776331377681336 9.3202996606705693 32.150316992308944 63.848700003698468 26.834578977432102 53.485319624654949 1.6083523756824458 17.691349132684991 5.6364596500061444 13.693118339637293
leaf_count=832 127 572 2507 1697 706 416 129 745 98 1132 178 1673 1287 450 127 208 383 106 1417 743 292 719 2253 4580 1242 4559 28 1249 302 339
internal_value=0.000170179 0.000435138 0.00473189 -0.000111211 -0.00355273 -0.00588066 -0.00821685 0.000364941 -3.78265e-05 -0.00503734 -0.00822813 -0.0101645 -0.0103449 -0.0114723 0.000473388 0.0023983 -0.00068959 0.000551064 0.00530972 -0.00125412 0.000386767 -0.00569571 -0.00180645 0.00600187 -0.00604898 -0.00153317 -0.00360038 -0.00772331 0.0100844 0.0106587
internal_weight=489.368 479.279 54.0439 425.235 53.3523 43.8037 37.0092 371.882 343.823 31.5041 21.4562 34.4094 20.0513 32.1386 312.319 123.323 188.996 154.052 42.9726 111.08 81.0031 30.0766 56.2277 66.0141 34.9435 57.3092 51.45 19.2997 21.737 17.6544
internal_count=31096 30264 3381 26883 3501 2795 2379 23382 21685 2695 1563 2250 1465 2123 18990 9474 9516 7891 1862 6029 4567 1462 3822 4788 1625 4686 3530 1277 874 445
is_linear=0
shrinkage=0.05


Tree=145
num_leaves=31
num_cat=0
split_feature=31 40 3 40 16 17 37 31 28 40 25 23 9 40 40 41 41 3 4 8 31 9 9 7 41 4 34 12 4 9
split_gain=0.260521 0.843127 0.618746 0.556884 0.545639 0.535534 0.402546 0.29493 0.391458 0.477032 0.538248 0.365337 0.471988 0.421045 0.47104 0.615231 0.494662 0.450674 0.561959 0.423898 0.362403 0.355927 0.35358 0.455766 0.60911 0.595343 0.444928 0.412456 0.482601 0.314126
threshold=0.38333332538604742 0.18666666746139529 0.20333331823349002 0.91000002622604381 0.3966666460037232 -0.236666664481163 -0.10866308212280272 -0.049999997019767754 -0.069999992847442613 0.13000000268220904 -0.21666666865348813 -0.19666665792465207 0.11000001430511476 0.41666665673255926 0.043333332985639579 0.041826598346233375 0.036879267543554313 0.069999992847442641 -0.236666664481163 -0.33666665852069849 -0.17000000178813932 -0.40333333611488337 0.32333332300186163 -0.083333343267440782 0.052593860775232322 -0.096666663885116563 -0.26333332061767573 -0.13666665554046628 -0.016666665673255917 -0.24333333969116208
decision_type=2 2 2 2 2 2 2 2 2 2 2 2 2 2 2 2 2 2 2 2 2 2 2 2 2 2 2 2 2 2
left_child=7 4 3 5 -2 -3 -7 11 9 10 -9 12 20 14 15 -13 17 18 -16 -18 -1 -11 23 25 27 -15 -27 28 -25 -23
right_child=1 2 -4 -5 -6 6 -8 8 -10 21 -12 13 -14 22 16 -17 19 -19 -20 -21 -22 29 -24 24 -26 26 -28 -29 -30 -31
leaf_value=-0.0092084828029845925 -0.0086888538302134725 -0.0015012315427551282 -0.00080875945432164827 -0.0015607157274515158 0.0024806307664878399 0 0.015392686014381058 0.011010266354192331 -0.0045787069986931881 -0.0090790867096560805 -0.00018865382321014293 0.0024699011417002158 0.0010376619898799344 0.0028994395915653017 -0.0040687405550023318 -0.013626666024279546 -0.001558434381858995 -0.0032658655273895068 0.0118342587545984 0.010367664304214567 6.4917128803496598e-05 0.0047377862219454012 -0.0057288133854859254 0 -0.0038943108054231507 0.0015168002365494176 -0.011813110267636403 -0.00063388556429300007 0.012669304524391595 -0.0031099203826800911
leaf_weight=24.038341437233612 16.237787936348472 2.2131749349646261 14.606297463295048 4.2767251479672259 12.560364952310918 2.3773582032881704 25.042618259554732 11.779287468176337 85.107966924202628 9.4301807912997884 16.434207886457443 9.6543281087651831 31.371807340532541 13.633045489201324 2.1535972666461012 2.6229600738733998 3.0961961334105572 22.069697242579423 8.9758176265750063 38.173308934667148 8.2519755940884334 14.425366151845081 20.143435653531924 7.1232582866214207 10.089196550427003 2.9994323269929763 13.857400863897054 6.8313930097501752 21.111622950993478 27.79319067648612
leaf_count=1566 788 109 930 227 422 51 1198 566 7300 824 1195 539 1946 613 149 193 244 1119 473 2121 695 1127 1075 311 589 180 667 623 744 2506
internal_value=-0.000165071 0.00232144 0.00624748 0.00957794 -0.00351109 0.0118792 0.0137829 -0.000719217 -0.00233403 0 0.00486716 0.000293484 -0.00268299 0.00151653 0.00396073 -0.0029456 0.00554476 6.07405e-05 0.0069502 0.0088598 -0.00654689 -0.00257447 -0.000554313 0.000837133 0.00405334 -0.00312422 -0.00857194 0.00718368 0.00958498 0
internal_weight=488.481 77.3143 48.5162 33.9099 28.7982 29.6332 27.42 411.167 164.97 79.8622 28.2135 246.197 63.6621 182.535 86.7459 12.2773 74.4686 33.1991 11.1294 41.2695 32.2903 51.6487 95.7888 75.6453 45.1555 30.4899 16.8568 35.0663 28.2349 42.2186
internal_count=31090 3725 2515 1585 1210 1358 1249 27365 13518 6218 1761 13847 4207 9640 4838 732 4106 1741 622 2365 2261 4457 4802 3727 2267 1460 847 1678 1055 3633
is_linear=0
shrinkage=0.05


Tree=146
num_leaves=31
num_cat=0
split_feature=27 34 25 25 41 27 22 38 5 24 41 29 40 10 0 25 22 38 39 20 23 5 5 35 9 23 10 11 28 10
split_gain=0.373855 0.543541 0.490384 0.671815 0.449332 0.443921 0.42899 0.495406 0.844262 0.490424 0.420347 0.415437 0.415097 0.41475 0.371264 0.339594 0.329146 0.324372 0.321062 0.317516 0.415099 0.427155 0.325558 0.33399 0.314497 0.528126 0.314076 0.397579 0.308808 0.294197
threshold=-0.16333332657814023 0.19666665792465213 -0.036666661500930779 -0.21666666865348813 0.062716234475374236 0.46333330869674688 -0.16333332657814023 -0.068066596984863267 -0.22999998927116391 0.11000001430511476 0.040138021111488349 0.20999997854232791 0.82333332300186168 -0.32333332300186152 0.23000001907348636 0.29666668176651007 -0.063333332538604722 0.11001014709472658 0.020300621166825298 0.17666667699813846 -0.21000000834465024 0.3966666460037232 0.31666666269302374 -0.049999997019767754 0.083333313465118422 0.37000000476837164 -0.17000000178813932 1.0000000180025095e-35 0.043333351612091071 0.25000000000000006
decision_type=2 2 2 2 2 2 2 2 2 2 2 2 2 2 2 2 2 2 2 2 2 2 2 2 2 2 2 2 2 2
left_child=1 4 3 -3 17 6 9 8 -8 -2 26 -6 14 -12 15 -4 -10 19 -7 20 -1 28 23 -21 -25 -26 -9 -28 -22 -14
right_child=5 2 12 -5 11 18 7 10 16 -11 13 -13 29 -15 -16 -17 -18 -19 -20 22 21 -23 -24 24 25 -27 27 -29 -30 -31
leaf_value=-0.0020991962664318746 -0.00069028869689190199 0.005940290325306713 0.016502898172489882 -0.0067259249822231391 0 -0.00020437589975208547 0.0030270722514218404 0.0025454021830651932 0 -0.0091232925289446206 -0.0018960775208578613 -0.01050492058068693 0.0055805750646590489 0.0067308661259054998 0 0 -0.011394660454563598 -0.004036566667232685 0.010641447590067287 0.00086464881252834797 0 -0.0032634293965148361 0.0050119054297529976 0 -0.015269377450399017 0.0005743863741899945 -0.0072254374351526183 0.0012177759756713535 0.009481713808129703 -0.0055325042975365238
leaf_weight=11.371195047860963 52.615570793393999 18.16242698580027 16.785976318409674 12.279206633567808 15.030560720479118 5.025869880220851 15.909351429669185 27.91738560074009 3.6519609921379041 27.885574086918496 10.609551592264323 10.927452642936258 7.0567816027905774 45.359886909951456 2.0603696804027996 4.2536210557445875 21.971419747569598 14.919709479436277 7.7605116940103471 20.511091177351773 15.826294034020973 3.9820542021188876 12.863553277682511 8.9662949237972516 7.9798300825059396 3.2872615067753941 24.040822296519764 15.411418866366146 41.321865248028189 4.744274917524308
leaf_count=598 4093 662 666 524 690 582 718 2159 280 2594 919 517 269 3711 122 311 1775 766 666 895 888 260 544 399 364 100 1680 1663 1628 179
internal_value=0.000375376 0.00184184 0.00550853 0 0.000121235 -0.000861583 -0.00147897 0 -0.00434894 -0.00433069 0.00162018 -0.00509442 0.00910505 0.00466687 0.0123362 0.014075 -0.00942462 0.00141999 0.00634387 0.00240879 0.00445722 0.00612785 -0.000111979 -0.00270015 -0.0066381 -0.0106057 -0.000744864 -0.00365183 0.00742602 0
internal_weight=490.489 232.33 65.3427 30.4416 166.987 258.159 245.373 164.872 41.5327 80.5011 123.339 25.958 34.901 55.9694 23.1 21.0396 25.6234 141.029 12.7864 126.109 72.5014 61.1302 53.608 40.7445 20.2334 11.2671 67.3696 39.4522 57.1482 11.8011
internal_count=31222 10382 2733 1186 7649 20840 19592 12905 2773 6687 10132 1207 1547 4630 1099 977 2055 6442 1248 5676 3374 2776 2302 1758 863 464 5502 3343 2516 448
is_linear=0
shrinkage=0.05


Tree=147
num_leaves=31
num_cat=0
split_feature=11 13 12 1 38 37 25 12 13 26 40 25 20 21 35 9 23 14 4 39 7 36 33 28 25 17 7 26 24 38
split_gain=0.327471 0.593433 0.506582 0.632283 0.457458 0.38756 0.498673 0.363394 0.337701 0.427968 0.398459 0.38198 0.476098 0.330305 0.321792 0.430359 0.455789 0.356408 0.348716 0.314151 0.608302 0.294145 0.54948 0.509704 0.461583 0.278559 0.274601 0.263481 0.269428 0.260332
threshold=0.36333334445953375 0.13666665554046634 0.42333334684371954 0.26333332061767584 0.041468143463134773 -0.079238414764404283 -0.22999998927116391 0.23000001907348636 -0.076666668057441698 -0.29000000655651087 0.8633333444595338 -0.016666665673255917 -0.26999998092651362 -0.20333333313465116 0.030000001192092899 0.12333333492279054 0.11000001430511476 -0.21000000834465024 0.19666665792465213 0.019113463349640373 0.21666666865348819 0.069999992847442641 -0.36333334445953364 0.1566666662693024 0.2833333313465119 -0.48333333432674402 -0.16333332657814023 0.13666665554046634 -0.016666665673255917 0.031355857849121101
decision_type=2 2 2 2 2 2 2 2 2 2 2 2 2 2 2 2 2 2 2 2 2 2 2 2 2 2 2 2 2 2
left_child=1 5 3 4 7 6 -1 -2 11 -10 -11 12 25 -8 15 16 -14 -18 -17 -16 26 22 -3 24 -24 -7 -21 -23 -29 -13
right_child=2 21 -4 -5 -6 8 13 -9 9 10 -12 29 14 -15 19 18 17 -19 -20 20 -22 27 23 -25 -26 -27 -28 28 -30 -31
leaf_value=0.0022712963230394818 0 0 -0.001625475220630985 -0.00074753344418540448 0 0.00086527678903754201 0 0.016135524590376843 -0.0020332604903487701 0.0078419097072050716 -0.00055676799943762294 0 -0.0038617581766358135 -0.01263264885865331 0.00026799790274991916 0.0097208733481871767 0.0073942032945366401 -0.0022767055098130585 -0.00046043992053815827 0 0.0025443415604327062 0.0031463360340552855 -0.0147423796353362 0.00080207540847726023 0 -0.0091940123212071716 -0.013611611007427769 -0.0080633459431429331 0.00096722239387000584 0.0052776545431785001
leaf_weight=8.0967913828790206 1.7688908313866765 21.983160788891837 17.823024951154366 10.673511158442123 4.6632576896809033 2.4134489763528135 3.6443210283759973 15.758821700001134 13.475326983490957 48.124848260660656 10.945902120438403 63.182086014654487 36.581257933750749 10.507388278841971 19.350994391832501 17.53060247562826 18.354658748605292 6.8555216880049548 5.5433723200112572 2.6757115011569121 5.5974264692049465 20.812476941733621 20.868386053247384 4.3681331863626829 4.0379281208151943 19.192242861026898 12.562505086418241 10.23228783439845 6.2524983838666222 43.290076079545543
leaf_count=463 126 1322 1819 1030 503 47 234 868 1307 3622 930 2840 2118 717 837 749 732 555 239 117 236 2435 1246 452 437 1058 720 1010 582 1758
internal_value=0.000248653 -0.000158936 0.00384482 0.00724767 0.0113207 0.000724658 -0.00473968 0.0142186 0.00125232 0.0041429 0.00599359 0.000250663 -0.00127754 -0.00947348 0 0.00175864 -0.000200961 0.00403122 0.00682476 -0.0033665 -0.00697884 -0.00372059 -0.0059752 -0.00984359 -0.0123128 -0.0072209 -0.0113846 0 -0.00418219 0.00253378
internal_weight=487.167 436.479 50.6875 32.8645 22.191 347.924 22.2485 17.5277 325.676 72.5461 59.0708 253.13 146.658 14.1517 125.052 84.8654 61.7914 25.2102 23.074 40.1866 20.8356 88.5549 51.2576 29.2744 24.9063 21.6057 15.2382 37.2973 16.4848 106.472
internal_count=31109 26763 4346 2527 1497 19279 1414 994 17865 5859 4552 12006 7408 951 6303 4393 3405 1287 988 1910 1073 7484 3457 2135 1683 1105 837 4027 1592 4598
is_linear=0
shrinkage=0.05


Tree=148
num_leaves=31
num_cat=0
split_feature=19 12 33 32 15 0 11 38 40 14 37 33 38 29 14 31 40 37 8 40 40 25 28 37 14 40 4 15 25 0
split_gain=0.321544 0.630904 0.685896 0.675572 0.503208 0.469252 0.45182 0.434776 0.526976 0.396982 0.483959 0.354619 0.34008 0.333359 0.330676 0.323702 0.639164 0.667583 1.12129 0.925345 0.381762 0.401648 0.375609 0.340493 0.312142 0.287648 0.296391 0.278735 0.273601 0.271891
threshold=0.096666663885116591 0.21666666865348819 -0.36333334445953364 0.01666665077209473 0.096666663885116591 -0.35000000894069666 0.44333332777023321 -0.045151710510253899 0.51999998092651378 -0.0099999904632568342 0.034846782684326179 -0.32333332300186152 0.031355857849121101 -0.1766666769981384 -0.41666667163372034 0.069999992847442641 0.50999999046325695 -0.018912792205810543 -0.030000001192092892 0.80333334207534801 0.043333332985639579 -0.17000000178813932 0.41500002145767217 -0.036474227905273431 -0.15000000596046445 0.57666665315628063 -0.083333343267440782 -0.24333333969116208 -0.4433333277702331 0.11000001430511476
decision_type=2 2 2 2 2 2 2 2 2 2 2 2 2 2 2 2 2 2 2 2 2 2 2 2 2 2 2 2 2 2
left_child=4 3 6 5 7 -2 12 8 9 10 13 -6 -3 -1 -10 16 20 23 19 -19 -9 29 24 -18 -20 -17 -27 -23 -13 -22
right_child=1 2 -4 -5 11 -7 -8 15 14 -11 -12 28 -14 -15 -16 25 17 18 22 -21 21 27 -24 -25 -26 26 -28 -29 -30 -31
leaf_value=0 0 0.011513484091081648 -0.0022126619388506299 0 0 -0.012697884493936586 -0.0026018402960959674 -0.0015823167961398002 0.0072605132158511405 0 0 -0.00066317379390345738 -2.8258500017397115e-05 -0.013709076698324064 -0.0017985923709184196 -0.0058306771851636529 0 -0.0055176321102746147 -0.012580039268137378 0.008448153801957058 0.005291783209867857 0.010472007471406959 0 0.0099721303827085203 0 -0.0042487298295122381 0.0054958679812412946 0 0.0093051968467812302 -0.0029551879475927982
leaf_weight=3.5518988396506748 6.0118545400910106 18.761904864804826 65.626439642510377 23.092700300388969 13.252122203703037 25.621863505337387 4.0315126347122705 11.016006744699551 9.0628491227980721 10.712092521367593 7.1598777647595844 2.1240922713186619 2.997378322063013 21.574956110329371 18.699244677671231 23.440587078803219 12.646824376657607 13.506214263150467 26.380058628041297 21.47748597280588 11.626113003119828 38.45512259262614 6.4032559152692547 11.331268372479824 3.619365410879257 5.8477856020908829 12.337164886062963 11.286693264730273 28.321092159720138 15.402151859365402
leaf_count=273 443 724 6213 2535 942 2062 261 525 261 563 392 154 389 1748 1413 1748 520 609 912 890 601 1116 180 470 308 495 1004 815 1809 587
internal_value=-0.000137808 -0.00209195 0.000259257 -0.00606874 0.000653356 -0.0102131 0.00656609 -4.53057e-05 -0.00337906 -0.00661893 -0.0090548 0.00531663 0.00936053 -0.0118203 0.00118299 0.000956418 0.00193992 -0.000678395 -0.00330122 0.00242794 0.00491226 0.00619338 -0.00896112 0.00539408 -0.010985 -0.00254523 0.00105192 0.00865777 0.00792908 0.000152178
internal_weight=485.378 146.144 91.4172 54.7264 339.234 31.6337 25.7908 295.537 70.7609 42.9988 32.2867 43.6973 21.7593 25.1269 27.7621 224.776 183.151 95.3645 71.3864 34.9837 87.7861 76.7701 36.4027 23.9781 29.9994 41.6255 18.185 49.7418 30.4452 27.0283
internal_count=30962 12627 7587 5040 18335 2505 1374 15430 4650 2976 2413 2905 1113 2021 1674 10780 7533 3889 2899 1499 3644 3119 1400 990 1220 3247 1499 1931 1963 1188
is_linear=0
shrinkage=0.05


Tree=149
num_leaves=31
num_cat=0
split_feature=4 4 31 20 27 31 18 40 38 11 29 37 7 39 25 0 38 0 10 4 7 25 4 25 20 28 5 17 21 30
split_gain=0.242919 0.544465 0.504007 0.346737 0.348485 0.337251 0.486637 0.47143 0.403106 0.315646 0.34659 0.411029 0.335117 0.29131 0.346217 0.264361 0.476357 0.324395 0.406443 0.436901 0.417603 0.306475 0.305245 0.264339 0.262227 0.243622 0.420418 0.248056 0.237805 0.225476
threshold=-0.37666666507720942 -0.46999999880790705 -0.46999999880790705 -0.31000000238418574 0.22333335876464847 0.37666666507720953 0.19666665792465213 0.096666667610406889 0.028800964355468753 0.22333335876464847 -0.20333333313465116 0.076024055480957045 0.01666665077209473 0.01583376340568066 0.20999997854232791 0.20333331823349002 0.0096426010131835955 -0.15000000596046445 0.030000001192092899 -0.049999997019767754 0.32333332300186163 -0.036666661500930779 0.29000002145767217 0.22333335876464847 -1.0000000180025095e-35 -0.12333333492279051 -0.43000000715255732 0.33666664361953741 -0.083333343267440782 0.30333334207534796
decision_type=2 2 2 2 2 2 2 2 2 2 2 2 2 2 2 2 2 2 2 2 2 2 2 2 2 2 2 2 2 2
left_child=1 -1 23 4 -4 9 7 -7 -9 10 -5 15 -11 -3 -15 17 21 18 -12 -20 -21 -17 -18 -2 -23 26 -8 -28 -13 -14
right_child=2 13 3 5 -6 6 25 8 -10 12 11 28 29 14 -16 16 22 -19 19 20 -22 24 -24 -25 -26 -27 27 -29 -30 -31
leaf_value=-0.0047460353997662574 0.0099384209829767485 -0.00078939609337671081 -0.0061643625631058272 -0.0055197052963817782 0.0011893803218607365 -0.0022248577843160811 0.0042461328242732041 0.012990804984680991 0 0.0068610781146868005 0.0008543560288996829 -0.0007107012398832927 -0.0048805256312692731 0.0091826131989527614 0 -0.00015780692827035772 -0.002260600242236779 0.0014335199527595452 0 -0.015394758384146646 0 0 0.0067698664197264335 0 -0.012825267483481699 0.0030881921108708472 -0.011938426479194094 0 0.0078578325080298893 0.0030055236786041845
leaf_weight=10.189189372351391 11.416046485537665 7.7284574655350289 45.373037166078575 40.252110767411068 13.594435888691804 3.431663993047553 2.5617987078148863 17.686116462806243 3.0482195208314797 19.530358476098627 17.463068048818968 3.9679733952507403 12.203942174557598 31.334847484016791 10.605282966978846 15.804292017477563 20.505823753308508 98.901296956115402 8.7574155207257736 9.7412640210241062 2.6368842973606652 2.5538773150183287 7.7366164422128341 5.9065335534978649 16.201911396929063 11.800631011370568 7.7951794953551161 5.1352094791363925 15.085470221238209 9.5623712632805091
leaf_count=831 340 561 3108 3349 1382 154 92 615 323 1504 1138 257 1445 1426 955 1045 1046 5447 470 477 113 187 417 279 1084 798 348 246 743 998
internal_value=6.36052e-05 0.00293244 -0.000314435 -0.000764036 -0.00413094 -7.10986e-05 0.00336626 0.00784733 0.0105747 -0.000794711 -0.00151349 -0.00054002 0.00281403 0.00529847 0.00690018 -0.00135868 -0.00389114 0 -0.00365384 -0.0076653 -0.0120908 -0.00741607 0.000235847 0.00673964 -0.0110017 -0.0005497 -0.00457249 -0.00843233 0.00533267 -0.000614836
internal_weight=488.511 59.8578 428.654 411.331 58.9675 352.363 51.4588 24.166 20.7343 300.905 259.608 219.356 41.2967 49.6686 41.9401 200.302 62.8025 137.5 38.5986 21.1356 12.3781 34.5601 28.2424 17.3226 18.7558 27.2928 15.4922 12.9304 19.0534 21.7663
internal_count=31178 3773 27405 26786 4490 22296 2576 1092 938 19720 15773 12424 3947 2942 2381 11424 3779 7645 2198 1060 590 2316 1463 619 1271 1484 686 594 1000 2443
is_linear=0
shrinkage=0.05


Tree=150
num_leaves=31
num_cat=0
split_feature=30 32 26 22 21 37 21 39 10 7 8 32 10 31 26 27 30 7 40 39 17 39 19 20 17 39 8 36 39 28
split_gain=0.536114 0.529326 0.29277 0.379803 0.592487 0.765485 0.447541 0.576644 0.334781 0.328101 0.325791 0.324234 0.561423 0.351086 0.310119 0.299665 0.487191 0.362773 0.296792 0.289398 0.27758 0.38266 0.389748 0.275311 0.274599 0.349044 0.318597 0.328123 0.273759 0.330349
threshold=0.46333330869674688 0.40333333611488348 0.42333334684371954 0.23000001907348636 0.14999997615814212 -0.016443252563476559 0.096666663885116591 0.023282317444682125 0.38333332538604742 -0.12333333492279051 0.11000001430511476 -0.056666672229766839 0.11000001430511476 -0.18333333730697629 0.32333332300186163 -0.15000000596046445 -0.04333332180976867 -0.3899999856948852 0.043333332985639579 0.031014758162200454 -0.33666665852069849 0.015890218317508701 0.1566666662693024 0.46999999880790716 -0.35000000894069666 0.014174534473568203 -0.45666666328907007 0.37000000476837164 0.023797256872057918 -0.0099999904632568342
decision_type=2 2 2 2 2 2 2 2 2 2 2 2 2 2 2 2 2 2 2 2 2 2 2 2 2 2 2 2 2 2
left_child=2 -2 3 4 8 -6 -5 14 11 -10 -7 15 28 -14 23 16 17 -1 -17 20 -4 -22 -23 -8 -20 -26 -27 -28 -13 -30
right_child=1 -3 19 6 5 10 7 -9 9 -11 -12 12 13 -15 -16 18 -18 -19 24 -21 21 22 -24 -25 25 26 27 -29 29 -31
leaf_value=-0.0018588595458992924 0.0089451453303896148 -0.0020167626556400571 0 0 -0.0020126535289212632 0.0083710735109280843 -0.012971139436236108 0 0.00920165703881177 -0.00058544935612190371 0 0.0054052684893960362 -0.010004632773665166 0 0 0.0007410734192284951 -0.0052850454461520861 0.0089306534587181505 0 -0.0039211311844721854 -0.00072675646628244609 0.011683492002162281 0 0 0.0003994478883413879 0 -0.012149851333810371 0 0.0039400469357223937 -0.0060842846945746744
leaf_weight=5.1912707167211947 26.670673229265958 8.9323994445148838 21.043184355599806 44.841530160978436 33.361762501532212 46.235833345679566 24.943790129502307 19.614678580779582 7.8972515715286162 10.198867111233993 13.87152896937914 35.672996366978623 11.335915327537807 13.049907041830009 5.4003968928009263 7.0991135686635962 16.857548910193145 12.152632729266768 6.3911753220017991 5.5958955471869549 7.3341101270634672 20.950063674012203 7.7023614139761767 4.1076713465154162 4.670430632075294 8.3646970114205015 36.914460905478336 2.0904519306495777 8.6100664297118801 10.531723487423731
leaf_count=238 607 620 550 3310 2161 2652 1932 1360 419 911 1143 2893 858 1304 272 388 836 732 406 270 316 679 442 314 450 454 3104 236 523 777
internal_value=0.000244597 0.00569979 -0.000199522 -0.000770102 7.64789e-05 0.00331286 -0.00335702 -0.00618947 -0.00138823 0.0038759 0.00656127 -0.00216428 0 -0.00531224 -0.0096189 -0.00398237 0 0.00498254 -0.00582371 0.00274119 0.00410258 0.00646488 0.00883426 -0.0113533 -0.00700404 -0.00814166 -0.00940244 -0.0110696 0.00299655 -0.00071671
internal_weight=487.634 35.6031 452.031 389.406 290.498 93.4691 98.9081 54.0665 197.029 18.0961 60.1074 178.932 79.2006 24.3858 34.4519 99.7318 34.2015 17.3439 65.5303 62.6256 57.0297 35.9865 28.6524 29.0515 58.4312 52.04 47.3696 39.0049 54.8148 19.1418
internal_count=31157 1227 29930 27673 20485 5956 7188 3878 14529 1330 3795 13199 6355 2162 2518 6844 1806 970 5038 2257 1987 1437 1121 2246 4650 4244 3794 3340 4193 1300
is_linear=0
shrinkage=0.05


Tree=151
num_leaves=31
num_cat=0
split_feature=10 8 4 36 33 37 13 32 4 26 29 7 10 37 3 17 35 1 37 11 40 39 18 41 37 24 40 3 38 18
split_gain=0.267394 0.800721 0.716677 0.442633 0.642401 0.300666 0.285404 0.490013 0.362829 0.404249 0.346908 0.576281 0.494533 0.337891 0.337461 0.326959 0.287337 0.286381 0.306652 0.269747 0.311302 0.268753 0.26668 0.455015 0.613356 0.301725 0.289546 0.265678 0.262969 0.254493
threshold=0.35666668415069586 0.36333334445953375 0.13666665554046634 0.41666668653488165 0.31666666269302374 0.012290954589843752 -0.48333333432674402 0.23666667938232425 0.069999992847442641 0.48333334922790533 1.0000000180025095e-35 -0.36333334445953364 -0.45666666328907007 0.014905929565429689 0.17000001668930056 -0.43000000715255732 -0.14333333075046537 -0.28333333134651179 0.028093814849853519 0.33666664361953741 0.083333332091569914 0.017120812088251117 -0.0099999904632568342 0.04616434499621392 -0.10866308212280272 -0.3899999856948852 0.11666666716337205 -0.15000000596046445 0.10449695587158205 -0.40333333611488337
decision_type=2 2 2 2 2 2 2 2 2 2 2 2 2 2 2 2 2 2 2 2 2 2 2 2 2 2 2 2 2 2
left_child=6 2 19 4 -3 21 7 -1 10 14 11 12 -8 22 29 27 -17 -15 -19 20 -2 -4 -13 24 -24 -26 -25 -12 -18 -10
right_child=1 3 5 -5 -6 -7 8 -9 9 -11 15 13 -14 17 -16 16 28 18 -20 -21 -22 -23 23 26 25 -27 -28 -29 -30 -31
leaf_value=-0.012644682712160946 0 0.0033847615939766348 0.0010273187966654822 0.00098798998839038699 -0.013281384570325867 0.0047816135941838103 0.0024236500211820299 0.0010112230970521381 -0.0016652570554584367 0.0086802522378752588 -0.0033252998703326322 0 -0.0069622805084801204 -0.0074227490740157807 -0.0013711607244540295 0 -0.0085423500941947568 -0.0052333860235360746 0.00396720953118203 0 0.014532634854201476 -0.0092582455222551679 -0.0025224496341991892 -0.0073559006260612674 0 0.014574269725928839 0.0035648384751438855 0.0060790766534579155 0 0.0049460187076677889
leaf_weight=7.0346822584979218 4.1124751369934591 2.8318413477390996 3.1697930153459328 23.970747182844207 10.064978101174345 6.0387942548841229 12.095478800358249 5.7545351609587669 10.026041202712802 11.501395785715429 6.7605454111471763 31.674092856468633 38.352662412682548 8.0812882432946918 87.889123522210866 19.516508734086528 44.23813695483841 6.2886040483135757 22.290943369152956 2.5517645350191733 19.872015848755836 7.3035380009096116 2.8969267252832642 3.6398868032265446 1.8416686821728969 18.602454586885873 9.9157457121182215 8.788786428049205 6.7676823167130342 46.223333231988363
leaf_count=146 162 86 158 1798 725 351 521 105 310 261 227 2230 2360 691 6828 1074 3510 538 1512 158 804 349 132 167 171 1131 652 257 466 3363
internal_value=-0.000134369 0.00234218 0.00672991 -0.00242283 -0.00838615 -0.000274619 -0.000703758 -0.00680885 -0.000346952 0.00142161 -0.00159332 0 -0.0042506 0.00194506 0.000352162 -0.00403122 -0.00547069 -0.00132667 0.000662967 0.0111037 0.012501 -0.00538732 0.00399552 0.0065798 0.0101027 0.0130035 0 0.0010427 -0.00726471 0.00331907
internal_weight=490.096 79.9159 43.0484 36.8676 12.8968 16.5121 410.181 12.7892 397.391 155.64 241.751 155.68 50.4481 105.232 144.138 86.0717 70.5223 36.6608 28.5795 26.5363 23.9845 10.4733 68.5708 36.8967 23.341 20.4441 13.5556 15.5493 51.0058 56.2494
internal_count=31243 4591 1982 2609 811 858 26652 251 26401 10762 15639 10105 2881 7224 10501 5534 5050 2741 2050 1124 966 507 4483 2253 1434 1302 819 484 3976 3673
is_linear=0
shrinkage=0.05


Tree=152
num_leaves=31
num_cat=0
split_feature=30 41 41 33 24 0 11 38 41 24 19 30 29 41 22 14 14 5 12 18 24 38 17 34 34 11 38 41 38 0
split_gain=0.375806 0.321408 0.297839 0.305475 0.294114 0.26971 0.384115 0.293473 0.366063 0.438447 0.269532 0.453054 0.628881 0.549475 0.525339 0.413385 0.505176 0.841956 0.647446 0.925663 0.410821 0.34879 0.44529 0.363612 0.435079 0.344795 0.331295 0.330838 0.329264 0.30102
threshold=0.46333330869674688 0.02761690225452185 0.064443118870258345 0.4499999880790711 0.27666664123535162 0.20333331823349002 -0.04333332180976867 -0.035435676574707024 0.030305638909339908 0.32333332300186163 -0.33666665852069849 0.29666668176651007 0.31666666269302374 0.062716234475374236 -0.32999998331069941 -0.069999992847442613 0.096666663885116591 -0.19666665792465207 0.20999997854232791 0.11000001430511476 -0.069999992847442613 -0.032514572143554681 -0.11666667461395262 0.46333330869674688 -0.21000000834465024 -0.24333333969116208 -0.026888847351074215 0.04900972172617913 -0.035435676574707024 0.069999992847442641
decision_type=2 2 2 2 2 2 2 2 2 2 2 2 2 2 2 2 2 2 2 2 2 2 2 2 2 2 2 2 2 2
left_child=5 -2 3 4 -3 10 7 -7 -9 -10 11 13 27 14 -1 29 17 25 19 26 -14 22 -20 24 -24 -17 -18 -13 -16 -12
right_child=1 2 -4 -5 -6 6 -8 8 9 -11 15 12 20 -15 28 16 18 -19 21 -21 -22 -23 23 -25 -26 -27 -28 -29 -30 -31
leaf_value=-0.0021490262511814984 -0.0031668610132279404 0.013155070004962788 -0.001028480959987453 0 0 0 9.6612704752704711e-06 0 -0.011726303517286778 0.00063907475472638154 -0.0052966032422003774 -0.012349820805608459 -0.0042009923053424221 -0.0027081686269310374 0 0 0.0050346855298174812 -0.00037188997821372023 -0.0047702852113106287 -0.011552022233449592 0.0067728149563932071 -0.00147582000696039 0 -0.00095191262274545987 0.011615026003380911 0.013687028206722608 -0.0038602496384017269 0 0.010457091353825269 0.0008791123055915482
leaf_weight=6.5737606859765938 3.4773440631106487 16.065025997813798 4.0692052063532165 4.1196756639983496 8.053854499710722 15.228945339564232 63.022226561792195 11.817029729019849 26.041931095882322 3.7695320348720989 56.039835839997977 8.6632091039791685 5.5867537169251618 11.157319590216501 5.9990435268264255 2.6316103714052614 16.181858702911999 25.820877916994505 2.7338458378799251 21.605901982518844 17.219355590641499 25.255622250610031 5.636350906337614 5.0042876437073565 23.911284241476096 16.611299405805767 12.339125561295075 5.0771175166591993 39.846236178884283 17.520807934459299
leaf_count=265 120 346 168 305 283 1175 5281 560 1407 181 4771 254 156 405 451 219 861 2332 157 1609 399 2883 343 269 864 1022 1408 143 1092 1376
internal_value=0 0.00458154 0.00643352 0.00823077 0.0101177 -0.000369469 -0.00236608 -0.00514669 -0.00709664 -0.00961954 0.000307883 0.00244429 -0.00136814 0.00492414 0.00708791 -0.000549996 0.000778179 0.00499375 -0.000864485 -0.0049534 0.00290163 0.00219476 0.00511853 0.00710749 0.00910603 0.011561 0.000460157 -0.0084494 0.00899002 -0.00355607
internal_weight=487.08 35.7851 32.3078 28.2386 24.1189 451.295 119.88 56.8574 41.6285 29.8115 331.416 100.123 36.5464 63.5764 52.419 231.293 157.732 45.0638 112.668 50.1269 22.8061 62.5414 37.2858 34.5519 29.5476 19.2429 28.521 13.7403 45.8453 73.5606
internal_count=31105 1222 1102 934 629 29883 8604 3323 2148 1588 21279 3165 952 2213 1808 18114 11967 3573 8394 3878 555 4516 1633 1476 1207 1241 2269 397 1543 6147
is_linear=0
shrinkage=0.05


Tree=153
num_leaves=31
num_cat=0
split_feature=31 41 8 21 27 10 37 37 32 4 28 36 28 30 9 30 37 36 14 14 41 13 12 16 35 4 37 38 13 38
split_gain=0.348042 0.499852 0.612414 0.261934 0.34876 0.308542 0.507716 0.442985 0.396041 0.371274 0.277061 0.241845 0.233773 0.301843 0.329743 0.280541 0.342331 0.682899 0.52946 0.400268 0.435711 0.360328 0.282271 0.461577 0.433965 0.273714 0.235465 0.235279 0.244208 0.232491
threshold=0.43666666746139532 0.049728004261851318 0.27666664123535162 0.43000000715255743 -0.4433333277702331 0.35666668415069586 -0.012894630432128905 0.012290954589843752 0.43000000715255743 -0.016666665673255917 -0.12333333492279051 -0.1766666769981384 0.35000002384185797 0.44333332777023321 -0.083333343267440782 0.17666667699813846 -0.018912792205810543 0.043333351612091071 1.0000000180025095e-35 0.043333351612091071 0.037611998617649085 0.096666663885116591 -0.076666668057441698 -0.15666666626930234 -0.18999999761581418 0.29666668176651007 -0.067180633544921861 -0.041422843933105462 -0.083333343267440782 -0.063411235809326158
decision_type=2 2 2 2 2 2 2 2 2 2 2 2 2 2 2 2 2 2 2 2 2 2 2 2 2 2 2 2 2 2
left_child=3 29 -3 5 -5 12 8 9 11 -8 -9 -7 15 14 -14 16 18 19 -1 22 -21 27 23 24 -18 -24 -23 28 -20 -2
right_child=1 2 -4 4 -6 6 7 10 -10 -11 -12 -13 13 -15 -16 -17 17 -19 21 20 -22 26 25 -25 -26 -27 -28 -29 -30 -31
leaf_value=-0.007472645475073667 -0.0039337278620424831 0.013746165632655603 -0.001966164930075899 0.0028617095940342389 -0.0063507183624655107 0 0.00036988610711549891 -0.0020255736642334089 -0.0015099629786500721 -0.012181083487786805 0.0061712307405141151 0.012339638691474199 2.5822551595155352e-05 0.0013841448839689006 -0.0084733456629322076 0.0025110543929068516 -0.0013062771164705043 -0.0052707622826367534 0 0.0032091264115017624 -0.0062254952819987969 0.00077828844970896421 0.010220782906586158 -0.0045347086404808595 0.0078095506021829799 0 -0.0065871107020330864 0 0.011719810701435421 0.0031931064364280146
leaf_weight=35.787834472255781 14.641453170217572 12.901966953650119 3.5612227781675747 6.0201123235747209 30.573941675247625 2.8213856397196713 4.151687802746892 8.3681019642390329 2.8436915593920267 5.99357046256773 17.330271889339201 17.126113424776122 9.1830942693632078 11.691123184980823 24.965480251354165 76.749037696863525 12.938022122485561 31.479942489764653 2.7034320090897381 15.907946136547251 18.291079530841671 10.850740286987273 21.692457818426195 13.756441472563891 25.347970131319016 2.8218468062113962 13.593327529611999 5.4055971277412018 7.3074967209249717 19.678529639029875
leaf_count=2892 308 394 229 150 1997 131 233 658 311 351 887 906 510 341 1514 4704 541 3148 166 1205 1586 609 1742 1292 1054 301 1110 474 268 1129
internal_value=9.74757e-05 0.00381851 0.00961709 -0.000325608 -0.00405861 9.99977e-06 0.00323792 -5.89546e-05 0.00822298 -0.00726775 0.00283525 0.0106023 -0.000520189 -0.00361696 -0.0059028 0 -0.000895627 0.000415702 -0.00351677 0.00243388 -0.00139104 2.76965e-06 0.00442227 0.00138667 0.0044049 0.00850758 -0.0029874 0.00541991 0.00871955 0
internal_weight=486.485 50.7832 16.4632 435.702 36.5941 399.108 58.6348 35.8436 22.7912 10.1453 25.6984 19.9475 340.473 45.8397 34.1486 294.633 217.884 142.236 75.6484 110.756 34.199 39.8606 76.5567 52.0424 38.286 24.5143 24.4441 15.4165 10.0109 34.32
internal_count=31141 2060 623 29081 2147 26934 3477 2129 1348 584 1545 1037 23457 2365 2024 21092 16388 10869 5519 7721 2791 2627 4930 2887 1595 2043 1719 908 434 1437
is_linear=0
shrinkage=0.05


Tree=154
num_leaves=31
num_cat=0
split_feature=2 27 27 5 39 15 33 8 22 40 22 38 32 3 14 39 41 31 21 40 28 14 39 5 7 38 20 39 39 37
split_gain=0.26658 0.489791 0.495186 0.346775 0.332671 0.431579 0.321128 0.690215 0.395102 0.412432 0.316748 0.308695 0.302006 0.293898 0.391259 0.721549 0.73531 0.437839 0.388107 0.385764 0.346944 0.358223 0.292636 0.291929 0.381684 0.284502 0.25802 0.254321 0.479439 0.337245
threshold=-0.24999999999999997 -0.15666666626930234 0.19666665792465213 -0.236666664481163 0.01583376340568066 0.056666672229766853 -0.2766666561365127 -0.24333333969116208 -0.20500001311302182 0.25666666030883795 -0.43000000715255732 0.022591114044189457 0.2833333313465119 -0.14333333075046537 -0.40333333611488337 0.013434986118227245 0.03232953883707524 -0.11666667461395262 0.2833333313465119 0.89666664600372326 0.18333333730697635 -0.33666665852069849 0.026617088355124 -0.45666666328907007 0.17666667699813846 -0.032004356384277337 -0.40333333611488337 0.029931325465440754 0.021435073576867584 -0.062580585479736314
decision_type=2 2 2 2 2 2 2 2 2 2 2 2 2 2 2 2 2 2 2 2 2 2 2 2 2 2 2 2 2 2
left_child=1 10 3 -3 -4 -6 27 8 -8 -10 -1 12 -12 -9 15 -15 -17 20 19 -19 21 -16 -13 -7 26 -22 -25 28 -2 -30
right_child=6 2 4 -5 5 23 7 13 9 -11 11 22 -14 14 17 16 -18 18 -20 -21 25 -23 -24 24 -26 -27 -28 -29 29 -31
leaf_value=-0.0012304289104278371 -0.0002425624333132637 -0.0081914843523731989 -0.0037294360544092419 0 -0.00210781018439637 0 -0.0011148512737602168 0.0023690386697817539 0 0.013331955005417976 0.0114114398613217 0.0041510398880781523 0 0.0058015559355515042 -8.857374640732361e-05 0.0015803564019152734 -0.0098998735283704013 -0.0056450588001357316 0.001990684659778974 0.0024696483595614462 -0.005974182613905657 0.010083322432336591 -0.0066889706057351147 0 0 0.0024355389496528066 0.015239293175453522 0.0012338005220310225 0 -0.012787660738367422
leaf_weight=6.7921035347972056 33.744727947516367 19.086631323676556 4.7307264264672986 16.800287083722651 5.9377743401564684 2.9846228002570596 4.8751803638879236 53.354389195446856 6.3792041889391866 14.394112417707218 25.246812561759729 13.10706654074602 4.2742485683411351 6.8066514120437196 6.2672906399238881 12.796170801855622 41.469361287541687 61.970123385079205 28.999285448924638 10.173315284773706 8.6676295753568393 17.494593798881397 2.9926778820808968 1.5775249443249837 4.1148656235309309 25.65214876877144 13.253994708880777 11.58224857971072 4.6199931888841119 15.77279818500392
leaf_count=313 2620 1329 532 1461 557 192 212 3524 303 580 896 642 210 146 280 349 1251 4886 2293 876 1001 1593 145 123 520 1443 758 633 279 1175
internal_value=7.63623e-05 0.00209644 -0.000409245 -0.00441478 0.00335336 0.0057415 -0.000548416 8.93343e-05 0.00715354 0.00984275 0.00550426 0.00701771 0.00965899 -0.000622652 -0.0015013 -0.00471041 -0.00689011 0 -0.00209142 -0.00407907 0.00312539 0.00708346 0 0.00875802 0.0107301 0 0.013553 -0.00356591 -0.00502913 -0.0101467
internal_weight=485.919 120.899 68.4864 35.8869 32.5995 27.8688 365.019 299.299 25.6485 20.7733 52.4129 45.6208 29.5211 273.651 220.297 61.0722 54.2655 159.224 101.143 72.1434 58.0817 23.7619 16.0997 21.931 18.9464 34.3198 14.8315 65.7198 54.1375 20.3928
internal_count=31122 7678 5472 2790 2682 2150 23444 18737 1095 883 2206 1893 1106 17642 14118 1746 1600 12372 8055 5762 4317 1873 787 1593 1401 2444 881 4707 4074 1454
is_linear=0
shrinkage=0.05


Tree=155
num_leaves=31
num_cat=0
split_feature=13 37 12 15 38 39 11 30 27 29 10 35 38 24 39 39 29 25 37 12 30 4 34 32 25 26 38 38 37 14
split_gain=0.240543 0.483016 0.536286 0.513249 0.457307 0.412343 0.392569 0.364125 0.489031 0.432704 0.336213 0.655441 0.57409 0.498776 0.476447 0.430129 0.493234 0.479626 0.347943 0.319616 0.466105 0.535147 0.764776 0.429641 0.437818 0.425172 0.398051 0.393689 0.386114 0.316299
threshold=0.14999997615814212 0.065215587615966811 0.27666664123535162 0.26999998092651373 -0.005301952362060546 0.013664125464856626 -0.19666665792465207 -0.24999999999999997 0.13666665554046634 -0.48333333432674402 0.083333313465118422 -0.14333333075046537 -0.12991857528686521 0.32333332300186163 0.029931325465440754 0.022834103554487232 0.16833335161209109 -0.25666666030883784 0.061923027038574226 -0.37666666507720942 0.29666668176651007 0.056666672229766853 -0.37666666507720942 0.23666667938232425 -0.26333332061767573 0.44333332777023321 0.026465415954589847 0.12359237670898439 -0.017178058624267575 0.34333333373069769
decision_type=2 2 2 2 2 2 2 2 2 2 2 2 2 2 2 2 2 2 2 2 2 2 2 2 2 2 2 2 2 2
left_child=6 2 4 -4 -2 -5 19 9 -9 -7 12 13 -8 29 15 16 17 -14 -19 20 26 23 -23 24 -22 -21 -1 -28 -24 -12
right_child=1 -3 3 5 -6 7 10 8 -10 -11 11 -13 14 -15 -16 -17 -18 18 -20 25 21 22 28 -25 -26 -27 27 -29 -30 -31
leaf_value=0 -0.0073962476541978243 -0.009077719977829992 -0.0037323043383888244 -0.0044472139121862634 0.0015511317737273273 -0.00082096074495036629 -0.0073096518669496686 -0.0053383341770258386 0.0072995469864958256 0.011335339379923613 0.014574234496573527 0.00040355533526475475 -0.0011605203479063215 -0.0019373407305854368 0.0086423000117186507 -0.0048896508119947212 -0.0042478861835175529 0.0095749122873436936 -0.0010272384056123638 -0.0048306003178285959 -0.0013103486027728956 0.0037062561817123941 0 -0.0043498983112101267 0.01054172901449835 0.0036590129057330468 0.011336723916927575 0 -0.013783087632242539 0
leaf_weight=20.773566342890263 31.091408751322888 12.779644888942128 16.493757046991959 3.3241739529184988 13.968898838036692 3.7621254222467568 12.723800445673985 10.789915507775737 7.9649820250924668 26.775195296853777 20.444020843831829 41.873139637988061 14.146160723175852 1.9354281965643156 16.150735147763044 21.865340068470687 12.130905875121242 30.508302584523335 3.3719142070040098 63.915803939220496 5.464219175744808 9.1991265993565303 11.483164056669921 5.7254850254394105 13.871281781001015 10.554615898756309 17.868766012834389 5.3295092631597063 14.50867125322111 2.9368891764897844
leaf_count=1035 2122 1379 1857 334 1756 176 784 972 929 1334 1001 2731 1121 122 788 1620 942 2371 304 4480 133 215 352 152 316 307 558 175 347 229
internal_value=0.00015219 -0.00160547 -0.00014955 0.00233512 -0.00427657 0.00485095 0.000862725 0.00634468 0 0.0092646 0.00251709 0.00519892 0.000494927 0.0107352 0.00210918 3.734e-05 0.00248708 0.00493382 0.00789706 -0.00067886 0.000923397 -0.00160635 -0.00545932 0.00300863 0.00668846 -0.0031336 0.00466671 0.00844715 -0.00957139 0.0128165
internal_weight=483.731 126.95 114.17 69.1101 45.0603 52.6164 356.781 49.2922 18.7549 30.5373 178.087 67.1895 110.897 25.3163 98.1734 82.0226 60.1573 48.0264 33.8802 178.694 104.224 60.2519 35.191 25.061 19.3355 74.4704 43.9718 23.1983 25.9918 23.3809
internal_count=30942 10859 9480 5602 3878 3745 20083 3411 1901 1510 12013 4083 7930 1352 7146 6358 4738 3796 2675 8070 3283 1515 914 601 449 4787 1768 733 699 1230
is_linear=0
shrinkage=0.05


Tree=156
num_leaves=31
num_cat=0
split_feature=30 39 38 20 24 3 31 24 19 2 23 21 15 37 36 2 36 37 39 24 25 1 21 11 7 26 38 38 25 24
split_gain=0.289525 0.286928 0.315244 0.269751 0.316399 0.261923 0.383699 0.569351 0.381908 0.390206 0.394697 0.377033 0.404292 0.341397 0.336264 0.398591 0.369211 0.336186 0.333751 0.322074 0.403883 0.284178 0.276339 0.271882 0.269946 0.266536 0.255809 0.24997 0.251365 0.282099
threshold=0.46333330869674688 0.029931325465440754 -0.045151710510253899 -0.18333333730697629 0.31666666269302374 0.34333333373069769 0.47666668891906744 -0.26999998092651362 0.083333313465118422 0.1566666662693024 -0.19666665792465207 -0.24333333969116208 0.056666672229766853 0.030964851379394535 -0.29666668176650995 -0.29000000655651087 -0.023333340883255001 -0.042665481567382806 0.014639338012784721 0.29000002145767217 -0.40333333611488337 0.4499999880790711 0.030000001192092899 0.083333313465118422 0.33666664361953741 0.18999999761581424 -0.007102489471435546 0.19519615173339847 -0.31666666269302363 0.26333332061767584
decision_type=2 2 2 2 2 2 2 2 2 2 2 2 2 2 2 2 2 2 2 2 2 2 2 2 2 2 2 2 2 2
left_child=5 2 -2 -4 -5 6 8 -8 9 11 -11 27 24 17 15 -10 19 -7 -12 20 -16 -15 23 -17 -13 -18 -22 28 -1 -30
right_child=1 -3 3 4 -6 13 7 -9 14 10 18 12 -14 21 16 22 25 -19 -20 -21 26 -23 -24 -25 -26 -27 -28 -29 29 -31
leaf_value=-0.00032762880855459345 -0.00061318560234695208 -0.0026359229989951307 0 0.013553301186797002 0 0 -0.0029822447605001826 0.010815641508391503 0.0062228010016446783 -0.0038907538059622954 -0.0011940561260375862 -0.0034355075583314501 0.0029936975988448765 0.0058631472468844079 0 0 0.00086780552500288809 -0.008854942711067201 0.0065491240024315531 0 -0.017579513983170737 -0.0046912618356682078 0.0015338182246751617 -0.010291200443566281 0.0042838766466696257 -0.0055464570215152335 0 -0.0041348515024351856 0.0085660408126589944 0
leaf_weight=9.3939297881443036 6.2780376281589296 4.430308857234194 6.3712275954894748 13.615416530286895 4.8264597426168612 9.381930298288351 5.0051587263587889 13.536295005585997 14.691005983157082 6.7665658683981738 9.1961288806050998 126.41448685061187 29.377021671505645 10.244674289249813 2.5387443988584026 3.6836602627299753 32.57902890862897 23.523373371106572 57.572283833986148 3.5248811927158377 9.8806216104421782 2.8619802216999224 9.6018853974528593 8.5976699774619174 4.5306124179624012 17.856318301521242 4.5451498513575617 1.8366051076445717 26.634270343929529 6.5028665647841981
leaf_count=550 288 146 201 317 273 806 206 408 768 399 505 6892 1908 934 115 284 3822 2154 3222 331 602 334 572 545 178 1709 557 92 1636 407
internal_value=0.000105063 0.00413364 0.00604264 0.00832948 0.0107264 -0.00020813 0.000160561 0.00625381 -0.000159819 0.000754051 0.00375339 -0.000281011 -0.0015265 -0.00357298 -0.00266016 0.000630419 -0.00459884 -0.0061562 0.00512857 -0.00962368 -0.0119119 0.00150058 -0.00275852 -0.0068839 -0.00280988 -0.00130838 -0.0144555 0.00336893 0.00467923 0.00657002
internal_weight=485.799 35.5215 31.0911 24.8131 18.4419 450.277 404.265 18.5415 385.724 278.225 73.535 204.69 160.322 46.012 107.499 36.5742 70.9247 32.9053 66.7684 20.4894 16.9645 13.1067 21.8832 12.2813 130.945 50.4353 14.4258 44.3677 42.5311 33.1371
internal_count=31161 1225 1079 791 590 29936 25708 614 25094 15789 4126 11663 8978 4228 9305 2169 7136 2960 3727 1605 1274 1268 1401 829 7070 5531 1159 2685 2593 2043
is_linear=0
shrinkage=0.05


Tree=157
num_leaves=31
num_cat=0
split_feature=30 8 10 10 35 9 32 39 37 12 11 39 21 18 38 27 12 2 27 30 16 2 37 9 40 29 22 39 22 10
split_gain=0.328358 0.414449 0.297242 0.241596 0.603787 0.411168 0.51625 0.453501 0.354171 0.381522 0.368898 0.33846 0.445619 0.317036 0.300899 0.299286 0.298265 0.297215 0.306491 0.287285 0.382452 0.283229 0.415285 0.29355 0.261755 0.251247 0.59117 0.495494 0.504878 0.344587
threshold=-0.48333333432674402 -0.48333333432674402 0.46999999880790716 -0.46999999880790705 -0.24999999999999997 -0.14333333075046537 -0.069999992847442613 0.029510702937841419 -0.012894630432128905 0.29000002145767217 0.32333332300186163 0.029931325465440754 0.043333351612091071 -0.21666666865348813 -0.24362182617187497 -0.090000003576278673 -0.37666666507720942 -0.030000001192092892 0.32333332300186163 -1.0000000180025095e-35 0.26999998092651373 -0.36333334445953364 0.023048877716064457 -0.063333332538604722 0.089999999850988402 0.18999999761581424 0.31666666269302374 0.024719144217669967 -0.28333333134651179 0.35000002384185797
decision_type=2 2 2 2 2 2 2 2 2 2 2 2 2 2 2 2 2 2 2 2 2 2 2 2 2 2 2 2 2 2
left_child=1 -1 3 4 -2 6 8 19 10 13 17 21 14 16 -13 -15 -10 18 -5 20 -8 22 23 -7 -16 -23 27 28 -27 -28
right_child=2 -3 -4 5 -6 11 7 -9 9 -11 -12 12 -14 15 24 -17 -18 -19 -20 -21 -22 25 -24 -25 -26 26 29 -29 -30 -31
leaf_value=-0.0010183772685196958 0.0010695978485197716 0.012717559171922405 0.0052682322316161814 -0.011600664652064751 -0.015413138317564879 -0.0014110840210880746 -0.0038400345945950633 0.011603847537027617 0.004313579153132731 -0.0059326470856917298 0.0024781449439945503 0 0 0.01155871291402754 0 0.00054790469292070106 -0.0053207357221511037 0 0 0.0062922970809540573 0.0051011667786388156 4.8254261671702639e-06 -0.0029594973647628542 0.0091871724369816006 -0.014270233302401545 0 -0.0011300826686713066 0.0015319984783464262 -0.0092569305004965279 0.0074004440942563761
leaf_weight=3.6937794319819659 5.9853841420263052 4.9227514907252026 14.827477569459004 17.419526554411281 3.5082651698030514 1.9930923817446515 27.990280349738896 12.969221309991552 7.2758470007684108 6.3448158926330498 7.721134895225986 2.0108789233490851 17.700814865762368 10.347955399192871 1.5643883969169099 19.66908459784463 11.83829542994499 11.329401598079128 4.0636052771005771 15.911900821374727 11.679876588168552 110.25633563566953 8.8243021594826114 17.506542363436893 13.545822491985744 15.275923135690389 23.780846987734549 13.313908330746925 52.042318687424995 11.090227378648704
leaf_count=190 299 217 1022 1074 241 137 2122 523 236 435 322 160 1193 637 87 1591 664 779 258 729 698 8040 690 1258 1085 886 1413 681 2905 567
internal_value=-0.000173889 0.00711789 -0.000443712 -0.000745024 -0.00701789 -0.000469357 0.00141486 0.00459625 -0.000748328 0.00149882 -0.00415781 -0.00163433 -0.00597962 0.0034532 -0.0105505 0.00633105 -0.000503558 -0.00650515 -0.00931652 0.00158391 -0.000335796 -0.000818483 0.00322828 0.00704636 -0.0125519 -0.0015045 -0.0030801 -0.00539133 -0.00711489 0.00165938
internal_weight=486.404 8.61653 477.787 462.96 9.49365 453.466 164.561 68.5513 96.0097 55.476 40.5337 288.905 34.8219 49.1312 17.1211 30.017 19.1141 32.8125 21.4831 55.5821 39.6702 254.083 28.3239 19.4996 15.1102 225.76 115.503 80.6322 67.3182 34.8711
internal_count=31139 407 30732 29710 540 29170 10068 4072 5996 3563 2433 19102 2525 3128 1332 2228 900 2111 1332 3549 2820 16577 2085 1395 1172 14492 6452 4472 3791 1980
is_linear=0
shrinkage=0.05


Tree=158
num_leaves=31
num_cat=0
split_feature=31 39 37 37 12 40 9 36 31 39 24 23 10 39 31 10 37 39 30 29 28 16 14 10 36 28 40 17 37 10
split_gain=0.345025 0.514794 0.506766 0.805845 0.720125 0.396339 0.34794 0.391096 0.345528 0.497787 0.392937 0.415047 0.345265 0.382036 0.451964 0.475852 0.38499 0.545645 0.536724 0.432581 0.380498 0.377383 0.530202 0.326545 0.477119 0.318683 0.310525 0.301859 0.298689 0.288781
threshold=0.38333332538604742 0.013434986118227245 0.0016446113586425783 -0.073779106140136705 0.32999998331069952 0.39666667580604559 0.46333330869674688 0.35000002384185797 -0.25666666030883784 0.017886037938296798 -0.04333332180976867 0.44333332777023321 0.1566666662693024 0.029931325465440754 0.24333333969116214 0.01666665077209473 -0.062580585479736314 0.022834103554487232 0.083333313465118422 0.16833335161209109 -0.21666666865348813 -0.25666666030883784 -0.41666667163372034 0.17666667699813846 0.2833333313465119 0.24166667461395266 0.75000000000000011 0.17666667699813846 0.081908226013183608 -0.3899999856948852
decision_type=2 2 2 2 2 2 2 2 2 2 2 2 2 2 2 2 2 2 2 2 2 2 2 2 2 2 2 2 2 2
left_child=6 -2 3 4 27 29 7 8 9 10 -1 -12 13 16 15 25 -10 19 -19 -18 -14 22 -22 -11 28 -15 -26 -3 -25 -4
right_child=1 2 5 -5 -6 -7 -8 -9 12 23 11 -13 20 14 -16 -17 17 18 -20 -21 21 -23 -24 24 26 -27 -28 -29 -30 -31
leaf_value=0 -0.0079710662756044808 0 0.00055311100721128757 0.01051117692082254 0.0064244166445984576 0.0032290685613557686 0.0056152179257849179 -0.0054324459190623056 0.001366105650258867 0.0019482701119491763 0.010896736619163041 -0.00085375169037054657 0.0082359915631736221 0.01085885040213555 -0.0052618410665890205 -0.003856361572982163 0 -0.013029637710212073 0 -0.0071483953411130485 -0.0052943948075407608 -0.004646968693870184 0.0081555842794548954 -0.0094016850300919427 0.0087906392695545309 -0.00063034131992251771 -0.0031140098142149629 -0.014625691124480193 0.00075585964500409527 -0.010408345250995328
leaf_weight=17.384992330800742 3.0417198867071411 3.6359263001941127 2.8516011738684028 35.711458343081176 6.2284252778626978 15.09678665990941 13.872653641039504 39.831161645473912 22.503454107907601 37.702201003208756 24.092096177046191 3.9883324867114416 10.361796713666989 17.119141668081294 7.1551483471412203 3.4786468781530848 72.845541552174836 24.952522656414658 10.340761252446098 24.248738535563461 3.9977424717508283 22.061578309629112 14.845886448398231 21.979681506985802 4.8869422276038668 2.1345433432143173 2.4698820312041789 3.8111677970737219 2.9209297951310864 7.8895359523594397
leaf_count=872 284 107 109 1385 161 970 991 3081 1656 2036 879 141 678 990 395 322 6140 2181 660 1778 120 2113 746 951 210 173 116 106 101 611
internal_value=-2.47848e-05 0.0028355 0.00413679 0.00690701 -0.00156938 -0.000676809 -0.000671415 -0.00103865 -0.000387955 0.001701 0.00550634 0.00863775 -0.00152958 -0.00257712 0.0018153 0.0055466 -0.00361615 -0.00466621 -0.00973459 -0.00212205 0.00168391 -0.000284039 0.00370632 -0.000682489 -0.00423409 0.00874802 0.00331874 -0.00999761 -0.00748572 -0.00684966
internal_weight=483.441 78.2666 75.2249 49.387 13.6755 25.8379 405.174 391.302 351.471 115.425 45.4654 28.0804 236.046 184.778 29.8875 22.7323 154.891 132.388 35.2933 97.0943 51.267 40.9052 18.8436 69.9596 32.2574 19.2537 7.35682 7.44709 24.9006 10.7411
internal_count=31063 3733 3449 1759 374 1690 27330 26339 23258 5306 1892 1020 17952 14295 1880 1485 12415 10759 2841 7918 3657 2979 866 3414 1378 1163 326 213 1052 720
is_linear=0
shrinkage=0.05


Tree=159
num_leaves=31
num_cat=0
split_feature=9 29 33 8 5 10 13 39 17 10 41 4 34 14 12 39 39 37 36 12 20 23 31 40 14 8 25 39 29 35
split_gain=0.316681 0.426503 0.302939 0.473338 0.45163 0.58607 0.568441 0.764129 0.403211 0.413549 0.552697 0.349672 0.370317 0.342037 0.273957 0.264959 0.232054 0.229263 0.546602 0.320018 0.310508 0.375292 0.336486 0.333508 0.294147 0.583816 0.4779 0.389899 0.375531 0.355933
threshold=0.42333334684371954 0.31666666269302374 0.24333333969116214 0.01666665077209473 0.32999998331069952 0.01666665077209473 -0.236666664481163 0.014639338012784721 0.41666668653488165 0.35666668415069586 0.038518039509654052 0.31000000238418585 0.46333330869674688 -0.11666667461395262 0.21666666865348819 0.018712303601205352 0.017468849197030071 -0.0072340965270996085 0.096666663885116591 0.41000002622604376 -0.030000001192092892 -0.13666665554046628 0.14999997615814212 0.82999998331069957 0.056666672229766853 0.11000001430511476 -0.090000003576278673 0.027195124886929992 -0.37666666507720942 -0.04333332180976867
decision_type=2 2 2 2 2 2 2 2 2 2 2 2 2 2 2 2 2 2 2 2 2 2 2 2 2 2 2 2 2 2
left_child=2 -2 8 -4 5 -5 7 -7 9 17 16 12 14 -9 -10 -3 -11 18 19 20 21 -1 23 -22 25 26 27 -19 -26 -28
right_child=1 15 3 4 -6 6 -8 13 11 10 -12 -13 -14 -15 -16 -17 -18 24 -20 -21 22 -23 -24 -25 28 -27 29 -29 -30 -31
leaf_value=-0.012116403740814199 -0.00068644694843725772 0 0.0072190044148480433 0.0026425537791380633 0.00042599797158110941 0.0015054132273302615 -0.0015986096835383361 -0.019480533619525446 0 0.004018102085368516 0.011489066616022836 -0.00090234715729118123 -8.7222641308323967e-06 0 0.016015198289047204 0.010596654999979457 -0.006021903023731053 -0.0021618694006572941 0.0030462688705526647 0.0039824501186048484 -0.0072115583426015598 -0.0017041500706659171 0.0019904482128583092 0.0011107205753182095 -0.007913777996758211 -0.004770409156105819 0.0095968195614104385 0.0066589718797353536 6.2007745449487841e-05 0.00081126060654765743
leaf_weight=20.027866514166817 16.349645956419408 4.8920439926441786 3.3123017908073953 7.5513531060423693 25.740093801054172 2.874477379955354 24.754574317252263 15.231622445397083 2.5720575780142116 2.5207626731134969 11.132819148479028 4.3784901028266168 2.6017429863568386 3.0362881601322416 7.6675479137338698 15.957083240151404 6.7651659320108593 47.285307459067553 29.885565203730948 4.5449129547923794 26.063769655884244 26.628919815178961 26.765855635516346 9.7094372524879855 14.759687831625341 20.589572251774371 30.085674699861556 10.366215134738011 31.154758010525256 28.928918680525385
leaf_count=1354 1319 346 64 605 2209 92 2286 465 186 142 497 480 153 223 354 822 281 2607 1913 227 1922 1655 1339 549 1062 1221 1590 528 2779 1779
internal_value=2.55993e-05 0.00415955 -0.00031382 -0.00296399 -0.00416184 -0.00661183 -0.00874564 -0.0139895 0.000256928 -9.7416e-05 0.00583702 0.00665741 0.0100284 -0.0172272 0.0131791 0.00819502 -0.00115356 -0.000641881 -0.00212676 -0.0037793 -0.00450998 -0.0075198 -0.00143804 -0.00451919 0.000420804 0.00168641 0.00320733 0 -0.00263864 0.00614699
internal_weight=484.135 37.1988 446.936 82.5007 79.1884 53.4483 45.897 21.1424 364.435 347.215 20.4187 17.2198 12.8413 18.2679 10.2396 20.8491 9.28593 326.796 143.626 113.741 109.196 46.6568 62.5391 35.7732 183.17 137.256 116.666 57.6515 45.9144 59.0146
internal_count=31049 2487 28562 5944 5880 3671 3066 780 22618 21445 920 1173 693 688 540 1168 423 20525 8959 7046 6819 3009 3810 2471 11566 7725 6504 3135 3841 3369
is_linear=0
shrinkage=0.05


end of trees

feature_importances:
Column_38=392
Column_39=288
Column_41=248
Column_37=237
Column_31=208
Column_25=196
Column_40=178
Column_9=163
Column_14=144
Column_10=137
Column_24=131
Column_27=124
Column_19=123
Column_26=115
Column_30=115
Column_33=107
Column_5=106
Column_4=101
Column_32=100
Column_12=96
Column_16=90
Column_11=88
Column_29=87
Column_23=84
Column_17=83
Column_21=83
Column_36=81
Column_8=79
Column_7=77
Column_1=65
Column_6=65
Column_18=65
Column_13=64
Column_2=63
Column_28=62
Column_35=62
Column_3=61
Column_20=60
Column_0=56
Column_22=44
Column_15=41
Column_34=31

parameters:
[boosting: gbdt]
[objective: lambdarank]
[metric: ndcg]
[tree_learner: serial]
[device_type: cpu]
[data_sample_strategy: bagging]
[data: ]
[valid: ]
[num_iterations: 160]
[learning_rate: 0.05]
[num_leaves: 31]
[num_threads: 4]
[seed: 11]
[deterministic: 0]
[force_col_wise: 1]
[force_row_wise: 0]
[histogram_pool_size: -1]
[max_depth: -1]
[min_data_in_leaf: 100]
[min_sum_hessian_in_leaf: 0.001]
[bagging_fraction: 0.85]
[pos_bagging_fraction: 1]
[neg_bagging_fraction: 1]
[bagging_freq: 1]
[bagging_seed: 11]
[bagging_by_query: 0]
[feature_fraction: 0.8]
[feature_fraction_bynode: 1]
[feature_fraction_seed: 11]
[extra_trees: 0]
[extra_seed: 22223]
[early_stopping_round: 0]
[early_stopping_min_delta: 0]
[first_metric_only: 0]
[max_delta_step: 0]
[lambda_l1: 0.5]
[lambda_l2: 6]
[linear_lambda: 0]
[min_gain_to_split: 0]
[drop_rate: 0.1]
[max_drop: 50]
[skip_drop: 0.5]
[xgboost_dart_mode: 0]
[uniform_drop: 0]
[drop_seed: 21136]
[top_rate: 0.2]
[other_rate: 0.1]
[min_data_per_group: 100]
[max_cat_threshold: 32]
[cat_l2: 10]
[cat_smooth: 10]
[max_cat_to_onehot: 4]
[top_k: 20]
[monotone_constraints: ]
[monotone_constraints_method: basic]
[monotone_penalty: 0]
[feature_contri: ]
[forcedsplits_filename: ]
[refit_decay_rate: 0.9]
[cegb_tradeoff: 1]
[cegb_penalty_split: 0]
[cegb_penalty_feature_lazy: ]
[cegb_penalty_feature_coupled: ]
[path_smooth: 0]
[interaction_constraints: ]
[verbosity: -1]
[saved_feature_importance_type: 0]
[use_quantized_grad: 0]
[num_grad_quant_bins: 4]
[quant_train_renew_leaf: 0]
[stochastic_rounding: 1]
[linear_tree: 0]
[max_bin: 127]
[max_bin_by_feature: ]
[min_data_in_bin: 3]
[bin_construct_sample_cnt: 200000]
[data_random_seed: 11]
[is_enable_sparse: 1]
[enable_bundle: 1]
[use_missing: 1]
[zero_as_missing: 0]
[feature_pre_filter: 1]
[pre_partition: 0]
[two_round: 0]
[header: 0]
[label_column: ]
[weight_column: ]
[group_column: ]
[ignore_column: ]
[categorical_feature: ]
[forcedbins_filename: ]
[precise_float_parser: 0]
[parser_config_file: ]
[objective_seed: 24011]
[num_class: 1]
[is_unbalance: 0]
[scale_pos_weight: 1]
[sigmoid: 1]
[boost_from_average: 1]
[reg_sqrt: 0]
[alpha: 0.9]
[fair_c: 1]
[poisson_max_delta_step: 0.7]
[tweedie_variance_power: 1.5]
[lambdarank_truncation_level: 30]
[lambdarank_norm: 1]
[label_gain: 0,1,2,3,4,5,6,7,8,9]
[lambdarank_position_bias_regularization: 0]
[eval_at: 1,2,3,4,5]
[multi_error_top_k: 1]
[auc_mu_weights: ]
[num_machines: 1]
[local_listen_port: 12400]
[time_out: 120]
[machine_list_filename: ]
[machines: ]
[gpu_platform_id: -1]
[gpu_device_id: -1]
[gpu_use_dp: 0]
[num_gpu: 1]

end of parameters

pandas_categorical:null
