tree
version=v4
num_class=1
num_tree_per_iteration=1
label_index=0
max_feature_idx=41
objective=lambdarank
feature_names=Column_0 Column_1 Column_2 Column_3 Column_4 Column_5 Column_6 Column_7 Column_8 Column_9 Column_10 Column_11 Column_12 Column_13 Column_14 Column_15 Column_16 Column_17 Column_18 Column_19 Column_20 Column_21 Column_22 Column_23 Column_24 Column_25 Column_26 Column_27 Column_28 Column_29 Column_30 Column_31 Column_32 Column_33 Column_34 Column_35 Column_36 Column_37 Column_38 Column_39 Column_40 Column_41
feature_infos=[-0.49333333969116211:0.5] [-0.49333333969116211:0.5] [-0.49333333969116211:0.5] [-0.49333333969116211:0.5] [-0.49333333969116211:0.5] [-0.49333333969116211:0.5] [-0.49333333969116211:0.5] [-0.49333333969116211:0.5] [-0.49333333969116211:0.5] [-0.49333333969116211:0.5] [-0.49333333969116211:0.5] [-0.49333333969116211:0.5] [-0.49333333969116211:0.5] [-0.49333333969116211:0.5] [-0.49333333969116211:0.5] [-0.49333333969116211:0.5] [-0.49333333969116211:0.5] [-0.49333333969116211:0.5] [-0.49333333969116211:0.5] [-0.49333333969116211:0.5] [-0.49333333969116211:0.5] [-0.49333333969116211:0.5] [-0.49333333969116211:0.5] [-0.49333333969116211:0.5] [-0.49333333969116211:0.5] [-0.49333333969116211:0.5] [-0.49333333969116211:0.5] [-0.49333333969116211:0.5] [-0.49333333969116211:0.5] [-0.49333333969116211:0.5] [-0.49333333969116211:0.5] [-0.49333333969116211:0.5] [-0.49333333969116211:0.5] [-0.49333333969116211:0.5] [-0.49333333969116211:0.5] [-0.49333333969116211:0.5] [-0.49333333969116211:0.5] [-0.29681968688964844:0.2378692626953125] [-0.41864109039306641:0.35486698150634766] [0.0086885262280702591:0.049389328807592392] [0:1] [0.019018201157450676:0.10535567253828049]
tree_sizes=3450 3519 3465 3423 3413 3443 3417 3442 3439 3406 3455 3408 3409 3432 3482 3469 3442 3518 3506 3416 3461 3456 3438 3396 3437 3399 3486 3490 3477 3467 3383 3541 3417 3454 3485 3429 3541 3516 3444 3493 3464 3503 3524 3440 3427 3490 3452 3505 3480 3402 3452 3477 3392 3435 3459 3417 3459 3431 3416 3413 3499 3392 3448 3513 3448 3414 3499 3465 3470 3438 3460 3506 3440 3466 3477 3456 3488 3451 3466 3388 3403 3413 3515 3460 3447 3504 3405 3501 3425 3462 3435 3407 3477 3465 3478 3430 3534 3437 3503 3517 3488 3471 3495 3448 3456 3410 3418 3429 3470 3486 3465 3507 3512 3428 3464 3452 3443 3414 3520 3448 3465 3475 3444 3506 3462 3485 3462 3462 3484 3456 3406 3497 3501 3463 3448 3356 3451 3503 3452 3492 3420 3403 3428 3468 3466 3403 3436 3395 3419 3416 3444 3456 3483 3440 3445 3414 3396 3449 3410 3442

Tree=0
num_leaves=31
num_cat=0
split_feature=19 10 38 27 10 9 1 14 5 31 14 15 24 37 13 37 14 17 4 36 14 27 12 2 19 25 13 24 31 14
split_gain=20.676 7.01763 3.8917 3.42869 2.65049 3.2056 2.90768 2.50648 2.21427 2.12606 1.86507 1.69339 1.74711 1.54339 1.43549 1.40943 1.4619 1.27906 1.13959 1.07906 0.891804 1.23813 0.801105 0.782866 0.777553 0.769881 0.796413 0.737647 0.621257 0.60298
threshold=0.030000001192092899 -0.41666667163372034 -0.037744045257568352 -0.20333333313465116 0.096666663885116591 0.38999998569488531 0.11000001430511476 0.11000001430511476 -0.40333333611488337 0.43000000715255743 -0.25666666030883784 0.44333332777023321 -0.31666666269302363 -0.056897163391113274 0.41000002622604376 0.0071382522583007821 0.48333334922790533 0.1566666662693024 0.38333332538604742 -0.45666666328907007 0.19666665792465213 0.01666665077209473 0.13666665554046634 0.4499999880790711 0.1566666662693024 -0.2766666561365127 -0.076666668057441698 -0.19666665792465207 0.11000001430511476 0.41666668653488165
decision_type=2 2 2 2 2 2 2 2 2 2 2 2 2 2 2 2 2 2 2 2 2 2 2 2 2 2 2 2 2 2
left_child=2 9 18 4 28 -6 17 22 11 -2 13 12 -9 -4 -8 24 -17 -7 20 -11 21 -1 -5 25 -10 26 -12 -23 -3 -13
right_child=1 3 10 7 5 6 14 8 15 19 23 29 -14 -15 -16 16 -18 -19 -20 -21 -22 27 -24 -25 -26 -27 -28 -29 -30 -31
leaf_value=0.0069812597986116916 -0.00059449595836587679 -0.00065404969808312589 0 0.0021219413672992349 -0.018662251006166895 -0.0026278708476605846 0.0037322882795968095 -0.0069622317793293243 0 0 0.0084145095807325546 -0.022291408862429776 0.018549163930504462 0.026376905845345074 -0.020883696630948467 -0.030270527547925186 0.00026755514915758141 0.023368524287211423 -0.012463576051568658 0.025503527566373418 0.016975480927710593 0.0034055837883713324 -0.0097391110707256076 -0.0055845340197685726 -0.01525739637485498 0.014673239802549391 -0.0058448585476523797 -0.010915331009473409 0.015115746141123709 0
leaf_weight=37.287248828914016 22.817126135108992 4.1597383292391923 4.1381759615615001 21.429304275428876 26.555542660877109 2.8908644183538881 5.8006456554867309 7.1808983760420233 8.5599993600044382 5.6102570293005583 17.004362210864205 4.3438604371622187 7.1470780014060455 50.435178650543094 6.3816664742771536 50.730822282843292 2.3690202217549077 10.228519755881278 5.2871186418924472 12.30792144499719 6.2004207584541282 7.4848784527275738 20.603612692561001 2.0851754527539006 45.989784434204921 48.325153384357691 9.7935646437108499 17.475650646956638 14.774703241651876 3.7542304075323045
leaf_count=2721 1462 342 368 1535 1169 166 284 412 569 122 1390 161 281 4420 135 2519 145 294 382 178 307 627 1397 131 2598 3880 654 1486 765 188
internal_value=-1.01444e-05 -0.00873866 0.0118241 -0.0119857 -0.00206843 -0.00805809 0.00371676 -0.0157175 -0.0190961 0.00914137 0.0168215 -0.00261028 0.00625241 0.0241767 -0.010424 -0.0219915 -0.0285962 0.0173056 0.00198543 0.0196234 0.00435184 0.00134626 -0.00366191 0.00995374 -0.0129528 0.0110743 0.00232512 -0.00598571 0.0113249 -0.0160517
internal_weight=489.153 283.636 205.517 242.9 70.7917 51.8572 25.3017 172.109 130.076 40.7353 131.782 22.4261 14.328 54.5734 12.1823 107.65 53.0998 13.1194 73.7353 17.9182 68.4482 62.2478 42.0329 77.2083 54.5498 75.1231 26.7979 24.9605 18.9344 8.09809
internal_count=31088 14722 16366 12960 3155 2048 879 9805 6873 1762 10843 1042 693 4788 419 5831 2664 460 5523 300 5141 4834 2932 6055 3167 5924 2044 2113 1107 349
is_linear=0
shrinkage=0.05


Tree=1
num_leaves=31
num_cat=0
split_feature=19 31 14 5 19 39 19 39 38 33 35 38 24 24 31 35 2 38 12 40 27 38 39 8 13 38 38 16 40 14
split_gain=47.9347 11.1613 15.1523 10.7326 9.65224 7.11444 6.79 6.54962 6.43569 6.07197 5.40746 5.10436 3.71179 3.55011 2.86287 2.81381 2.79071 3.11226 3.98795 2.82316 2.81638 3.02139 2.74906 4.14482 2.56065 3.21415 2.4651 2.43026 2.29839 2.12831
threshold=-0.32999998331069941 0.42333334684371954 -0.2766666561365127 -0.22999998927116391 -0.43000000715255732 0.028243753127753738 -0.10333332419395445 0.01726569049060345 1.0000000180025095e-35 -0.023333340883255001 -0.21000000834465024 -0.047021865844726556 -0.25666666030883784 0.36333334445953375 -0.090000003576278673 -0.1766666769981384 0.26333332061767584 -0.033671855926513665 0.043333351612091071 0.95666664838790905 -0.11666667461395262 -0.1240100860595703 0.019636689685285095 -0.16333332657814023 -0.13666665554046628 0.084172248840332045 -0.025616168975830075 -0.32333332300186152 0.089999999850988402 0.17000001668930056
decision_type=2 2 2 2 2 2 2 2 2 2 2 2 2 2 2 2 2 2 2 2 2 2 2 2 2 2 2 2 2 2
left_child=4 2 9 8 5 11 26 -8 12 14 -6 -1 -3 24 15 -2 17 18 -9 -19 21 -20 27 -24 25 -11 29 -12 -13 -4
right_child=1 3 6 -5 10 -7 7 16 -10 13 22 28 -14 -15 -16 -17 -18 19 20 -21 -22 -23 23 -25 -26 -27 -28 -29 -30 -31
leaf_value=0.0024056619356766992 -0.011540385117815119 0.0046582007429204078 -0.0018841067285963816 -0.0079122967005601907 -0.005619907962042479 0.0035226644219546622 -0.030993805267396059 -0.015032675317576292 -0.0092090690461917608 0.016715764598685134 0.028313175312945322 0.011799650441898827 0.04051198688251563 -0.0085418012499935241 -0.016496673362623095 0.0099481632455977465 -0.023138526139240629 -0.019376059929769082 -0.0048984946212620433 0.0046414007416703661 -0.0046627668363124078 0.023778999674015006 0.02295455300721936 -0.00046213817464386118 0.030640308996882543 -0.0060144956035173697 -0.010303997344947906 0.0041156160585079753 0.043721097520963426 0.017575003452248716
leaf_weight=13.307023948989807 19.087392118759453 13.595882394351063 48.912360644899309 47.009983472293243 43.11031458619982 27.435822853818536 75.08637425256893 36.97691254131496 8.4336356068961305 34.850400272756815 38.65667753200978 14.728702160529791 27.160891723353416 12.015251736156641 31.917429573833942 32.042699943296611 56.764676811406389 78.366538250353187 9.6010083155706543 10.050709626637397 34.911680996883661 19.776391251944005 20.226581665687263 59.844643484335393 18.917282389476895 19.094285432249308 65.749418821651489 19.980993580073118 60.711634101346135 12.431928674224762
leaf_count=424 292 213 1863 1553 723 471 4068 1307 385 527 549 233 318 212 489 600 3096 4776 235 472 1512 422 342 1158 269 197 2905 320 960 149
internal_value=8.35179e-05 -0.00693215 -0.00942064 0.00838885 0.0167513 0.0278314 -0.0141759 -0.0180163 0.023587 0.00319065 0.008875 0.0343835 0.0312189 0.0122859 -0.00602571 0.00111914 -0.0133207 -0.00963546 -0.00303269 -0.0162597 0.00420768 0.0144588 0.013599 0.00635044 0.016426 0.0084564 -0.0038982 0.021602 0.0391243 0.0029027
internal_weight=1010.76 712.753 616.553 96.2004 298.002 116.183 448.628 321.534 49.1904 167.925 181.819 88.7474 40.7568 84.8772 83.0475 51.1301 246.448 189.683 101.266 88.4172 64.2891 29.3774 138.709 80.0712 72.862 53.9447 127.094 58.6377 75.4403 61.3443
internal_count=31040 25860 23391 2469 5180 2088 20805 15888 916 2586 3092 1617 531 1205 1381 892 11820 8724 3476 5248 2169 657 2369 1500 993 724 4917 869 1193 2012
is_linear=0
shrinkage=0.05


Tree=2
num_leaves=31
num_cat=0
split_feature=19 38 14 31 19 39 27 37 41 10 38 15 24 26 26 26 39 25 4 31 38 31 35 38 3 39 25 38 15 37
split_gain=117.939 21.2551 26.4943 19.0726 14.6428 9.26811 8.1105 7.27516 6.13859 6.05422 4.4222 3.84191 3.75215 3.14453 3.02708 2.93178 2.81467 2.31375 2.2365 2.17501 2.08685 2.11613 2.08157 2.07831 1.75661 1.55258 1.45206 1.40773 1.30627 1.2953
threshold=-0.32999998331069941 -0.035460472106933587 -0.2766666561365127 0.42333334684371954 -0.45666666328907007 0.028243753127753738 -0.11666667461395262 -0.056897163391113274 0.06874531134963037 -0.18333333730697629 -0.041293144226074212 -0.36333334445953364 -0.31666666269302363 0.25666666030883795 -0.43000000715255732 -0.29666668176650995 0.040507268160581596 -0.12333333492279051 0.22500002384185794 0.33666664361953741 -0.048531532287597649 -0.1766666769981384 0.069999992847442641 0.3313207626342774 0.18999999761581424 0.032452378422021873 -0.46999999880790705 -0.13504028320312497 -0.25666666030883784 -0.0022430419921874996
decision_type=2 2 2 2 2 2 2 2 2 2 2 2 2 2 2 2 2 2 2 2 2 2 2 2 2 2 2 2 2 2
left_child=4 3 13 6 5 10 12 19 16 -5 -1 14 -2 15 -6 -3 23 -13 -15 -4 -16 -22 -17 -9 27 -7 -8 -14 -19 -30
right_child=1 2 7 9 11 25 26 8 -10 -11 -12 17 24 18 20 22 -18 28 -20 -21 21 -23 -24 -25 -26 -27 -28 -29 29 -31
leaf_value=0.0077026179957940229 -0.019016712030360539 0.007682049541624607 -0.012052201742565263 0.033115956612870881 -0.0045980650844378553 -0.012091075901748653 0.0013663493997372409 -0.036223044857329613 0.002498989701822957 0.00030562679245534487 0.046115914744713882 -0.00040912255832362284 -0.0026016035201071905 0.024673728720811885 0.0045804577087153612 -0.021794538526857695 0.0017070648430485226 0.01981259708067605 -0.0042978928784288819 0.013224498380773927 0.029523193224965973 0.0052271066010654609 0 0 -0.0045270447764383338 0.011353053334624243 -0.020220200644416569 0.014592818785239129 -0.0089285895572572879 0.010884793596281183
leaf_weight=12.758481627330182 12.140558012761174 26.842947257682681 15.94217517739162 34.61290880292654 7.2697342215105882 6.2430151794105795 5.307364158332347 196.33300222083926 9.4863692088983935 24.067051691003144 93.83925711363554 51.042742583435029 10.643315067514775 14.939227057155223 19.369168430566788 18.056205904111266 3.3240660564042619 29.346893093548715 5.563034050166606 7.5659171114675692 76.307692901231349 16.305805928073823 19.180255306884646 2.8583591766655436 20.808360882569104 10.275016028434036 99.6839407493826 41.96477178693749 8.2355362237431127 12.528525132685898
leaf_count=301 367 531 833 363 150 90 179 13184 646 493 669 1159 378 261 487 500 194 580 98 237 885 269 347 179 696 189 5302 1163 190 248
internal_value=0.000569904 -0.0133232 -0.0217362 -0.00216305 0.0234999 0.0372565 -0.00995274 -0.0301791 -0.0330433 0.0213223 0.0423958 0.0149215 0.00125938 0.00193803 0.0209718 -0.00344469 -0.0348521 0.00678047 0.016676 -0.002035 0.0229931 0.0260774 -0.0119969 -0.0356161 0.00611056 0.000521355 -0.0188889 0.0107774 0.01381 0.00185233
internal_weight=912.842 569.32 320.092 249.228 343.522 123.116 190.548 235.51 212.002 58.68 106.598 220.406 85.557 84.5817 119.252 64.0794 202.515 101.154 20.5023 23.5081 111.983 92.6135 37.2365 199.191 73.4164 16.518 104.991 52.6081 50.111 20.7641
internal_count=31168 25951 17010 8941 5217 1249 8085 15273 14203 856 970 3968 2604 1737 1791 1378 13557 2177 359 1070 1641 1154 847 13363 2237 279 5481 1541 1018 438
is_linear=0
shrinkage=0.05


Tree=3
num_leaves=31
num_cat=0
split_feature=14 38 14 16 37 37 7 26 30 38 15 5 27 24 25 4 39 8 33 24 32 38 5 24 26 39 40 30 2 37
split_gain=108.812 20.4647 22.8357 10.9399 9.91394 8.52652 8.46599 7.45546 6.91697 4.85769 4.2838 3.25441 3.06391 2.90397 2.69094 2.6211 2.46661 2.12409 2.10593 2.0249 2.20426 1.87552 1.49929 1.47044 1.19913 1.1951 1.18983 1.1141 1.08985 1.0852
threshold=-0.36333334445953364 -0.037744045257568352 -0.25666666030883784 -0.45666666328907007 -0.056897163391113274 -0.0028367042541503902 0.23000001907348636 0.24333333969116214 -0.4433333277702331 0.0048093795776367196 -0.36333334445953364 0.16333335638046267 -0.31000000238418574 0.22333335876464847 0.13666665554046634 -0.14333333075046537 0.040507268160581596 -0.48333333432674402 0.38333332538604742 -0.32999998331069941 -0.10999999940395354 0.3313207626342774 -0.41666667163372034 0.35666668415069586 -0.26333332061767573 0.024197591468691829 0.99000000953674328 -0.37666666507720942 0.094999998807907118 0.00051307678222656261
decision_type=2 2 2 2 2 2 2 2 2 2 2 2 2 2 2 2 2 2 2 2 2 2 2 2 2 2 2 2 2 2
left_child=3 6 12 5 27 9 7 8 17 11 -6 -1 -3 -13 -8 29 21 -2 -7 -5 28 26 -10 -22 -14 -17 -12 -4 -21 -9
right_child=1 2 4 19 10 18 14 15 22 -11 16 13 24 -15 -16 25 -18 -19 -20 20 23 -23 -24 -25 -26 -27 -28 -29 -30 -31
leaf_value=-0.018424972399892738 -0.0042856316038804602 0.014416045237158346 0.013601012642210909 -0.0034680860871476255 -0.001457439149572291 0.049104307673985874 0 0.029425995766491398 0.0036825058643668663 0.031364571639982679 -0.036631792697106584 0.022786185113112631 0.0018420067432960735 -0.0057433614089886023 -0.024512923898907329 0.011727803439457708 0.0014003461264853953 0.025004567012062558 0.015284869751298663 0.0087847405127712275 0.020956521388182176 0 -0.012050292696564499 0 -0.010977862418616121 -0.003942897890036697 0 -0.005275119746664822 -0.0067457069862587706 0.0027981162312417001
leaf_weight=7.5891701299697152 4.5507171582430628 23.693707652855664 5.2842301628552404 10.461199590936301 12.443209169432519 67.997780982870609 14.203219775576143 24.821106530260295 12.422009630128739 21.303216165862978 179.87689866102301 13.869271725416185 27.703125694300979 10.68099896982312 38.883148290682584 17.950041225645691 2.8750101015903047 16.748182046227157 14.86482988251373 27.825477394741029 104.33923636190593 4.6906919772736719 89.928347158711404 10.727491868659852 30.950891527812928 17.038708095438778 2.5438921852037302 19.077141512650996 10.013860594946889 8.4266680264845473
leaf_count=75 103 463 181 214 555 490 555 484 400 144 13312 170 696 172 1740 442 183 340 144 554 1766 278 4474 211 1047 423 182 984 230 127
internal_value=0.000190216 -0.0128767 -0.021313 0.0242119 -0.0293227 0.0347172 -0.00187597 0.00302102 -0.00416149 0.0157785 -0.0328516 0.00148297 0.000956509 0.0108654 -0.0185091 0.0156574 -0.0346726 0.0182642 0.0447604 0.0143798 0.0158431 -0.0353827 -0.00981192 0.0192327 -0.00492716 0.00402652 -0.0361661 0 0.00374374 0.0247736
internal_weight=853.783 554.111 309.139 299.673 226.791 136.305 244.972 191.886 123.649 53.4427 202.43 32.1394 82.3477 24.5503 53.0864 68.2365 189.986 21.2989 82.8626 163.367 152.906 187.111 102.35 115.067 58.654 34.9887 182.421 24.3614 37.8393 33.2478
internal_count=31139 26969 17881 4170 15675 1195 9088 6793 5317 561 14510 417 2206 342 2295 1476 13955 443 634 2975 2761 13772 4874 1977 1743 865 13494 1165 784 611
is_linear=0
shrinkage=0.05


Tree=4
num_leaves=31
num_cat=0
split_feature=14 38 14 16 31 27 26 37 41 9 3 10 15 1 39 39 38 38 38 38 6 16 30 38 27 9 27 37 3 31
split_gain=100.628 19.1951 14.4748 12.8744 11.3273 10.9631 7.46495 7.14213 7.42003 4.76182 3.96373 3.96308 3.51585 2.54688 2.30784 2.23687 2.78062 1.79998 1.91309 1.78439 1.76884 1.73267 1.69932 1.6643 1.55203 2.58163 1.48567 1.53946 1.36319 1.16546
threshold=-0.36333334445953364 -0.033671855926513665 -0.24999999999999997 -0.45666666328907007 0.42333334684371954 -0.15666666626930234 -0.21666666865348813 -0.058910369873046868 0.071692150086164488 0.23666667938232425 0.25000000000000006 -0.13666665554046628 -0.3899999856948852 0.31000000238418585 0.040507268160581596 0.01726569049060345 0.086912155151367201 -0.023827552795410153 -0.076637268066406236 0.33358764648437506 -0.15666666626930234 -0.36333334445953364 0.35000002384185797 -0.042058467864990227 -0.32333332300186152 0.29666668176651007 -0.29000000655651087 -0.06939458847045897 -0.18999999761581418 0.26333332061767584
decision_type=2 2 2 2 2 2 2 2 2 2 2 2 2 2 2 2 2 2 2 2 2 2 2 2 2 2 2 2 2 2
left_child=3 4 24 6 5 13 -1 29 12 -8 11 -6 -9 22 19 21 26 18 -11 -14 -18 -5 28 -7 25 -3 27 -17 -2 -4
right_child=1 2 7 15 10 23 9 8 -10 17 -12 -13 14 -15 -16 16 20 -19 -20 -21 -22 -23 -24 -25 -26 -27 -28 -29 -30 -31
leaf_value=0 0.018113650415227455 0.01606105048651563 -0.0074372643923018567 0.025118463894021559 0.028258012842734295 -0.023679610813968723 0.04659839262745788 0 0.0049683903180344213 0.020426220919272708 -0.0093264269429503537 -0.00099224797766647548 -0.037453303316442949 -0.01452239169350354 0.00054427833854575809 -0.0065736577846637447 0 0.028675736158082339 -0.0024292114997607429 0.00096739204605707772 0.025230742332145381 0 -0.0083597336656223136 0 -0.0078878951957758753 -0.012831135973038719 -0.0030523146840606254 0.013946072254792522 0.0021262288009791623 0.0132568193892492
leaf_weight=15.247258375398813 26.208490082528442 15.899788232520224 8.2613269202411157 34.831140514928848 34.814526672940701 77.582010624464601 64.835095696151257 7.4473915754351756 9.9095237418077868 9.6200245460495335 9.020856077782808 13.370925729628651 164.0124824908562 9.7496676100417954 2.6865696939639738 6.535548740066587 9.8680609618313628 41.772737128660083 15.673404190689327 1.4855838869698335 20.639760624151677 10.008178025949745 8.2310177930630726 8.1204339643008989 50.665722478646785 5.7235750085674217 55.578029677737504 28.532971003558487 32.908606516662985 6.3951303763315073
leaf_count=169 608 354 533 518 273 5560 418 358 678 172 234 347 13112 454 180 112 187 283 165 94 302 222 281 584 1832 81 1129 455 1118 238
internal_value=-0.000257016 -0.0143203 -0.0230608 0.0216361 -0.00305949 -0.00983702 0.0323114 -0.0298328 -0.0324197 0.0359832 0.0149356 0.0204689 -0.0347613 0.0035314 -0.0362004 0.0112304 0.00678514 0.0223951 0.00771436 -0.0369409 0.0185308 0.0205312 0.00745997 -0.02158 -0.00313794 0.00638253 0.00166834 0.00911148 0.0106138 0.0016099
internal_weight=805.636 492.494 272.487 313.142 220.007 162.8 147.149 200.198 185.542 131.901 57.2063 48.1855 175.632 77.0978 168.185 165.994 121.154 67.0662 25.2934 165.498 30.5078 44.8393 67.3481 85.7024 72.2891 21.6234 90.6465 35.0685 59.1171 14.6565
internal_count=31051 26919 17460 4132 9459 8605 1207 15193 14422 1038 854 620 13744 2461 13386 2925 2185 620 337 13206 489 740 2007 6144 2267 435 1696 567 1726 771
is_linear=0
shrinkage=0.05


Tree=5
num_leaves=31
num_cat=0
split_feature=14 27 31 16 9 3 39 6 30 14 14 39 41 18 39 3 39 39 27 15 25 13 20 40 16 10 26 17 9 40
split_gain=85.6753 18.4523 12.5496 12.2433 7.66732 7.13419 5.31895 4.73056 4.6298 3.85483 3.64754 3.27493 3.22476 2.85784 2.52062 2.3723 2.13516 2.10202 1.78019 1.53121 1.53922 1.42194 1.77071 1.24074 1.21308 1.15623 0.910595 0.907031 1.01467 0.901399
threshold=-0.36333334445953364 -0.18999999761581418 0.42333334684371954 -0.45666666328907007 -0.13666665554046628 -0.13166666030883786 0.030262772925198082 -0.22999998927116391 -0.20333333313465116 -0.25666666030883784 -0.2766666561365127 0.030262772925198082 0.062321202829480178 0.21666666865348819 0.01726569049060345 0.40333333611488348 0.032452378422021873 0.034798877313733108 -0.17000000178813932 -0.36333334445953364 0.19666665792465213 -0.21000000834465024 -0.32999998331069941 0.089999999850988402 -0.36333334445953364 -0.46999999880790705 0.38333332538604742 -0.36333334445953364 -0.076666668057441698 0.11000000312924386
decision_type=2 2 2 2 2 2 2 2 2 2 2 2 2 2 2 2 2 2 2 2 2 2 2 2 2 2 2 2 2 2
left_child=3 5 6 11 7 8 10 -4 13 -7 -3 15 23 26 24 18 -8 -13 -1 20 27 -10 -23 -12 -5 -11 -2 -16 -29 -18
right_child=1 2 4 14 -6 9 16 -9 21 25 12 17 -14 -15 19 -17 29 -19 -20 -21 -22 22 -24 -25 -26 -27 -28 28 -30 -31
leaf_value=0.040094975616128826 0.0099885643815104449 -0.009998053868637391 0.024662117718126202 0.022593466662595964 -0.021685793689337141 0.0045702193192537818 0.0067490395589268233 -0.010253044348893667 0.011568743064459718 0.0053371268378702213 -0.015831462128565694 -0.00307666570421047 0 0.035518474220916689 0.019357653340774786 0.010002279862152687 0 0.020177359906137161 0.010885577655293098 -0.0009498129074071032 -0.0049287222361621332 0.0089919122419673692 -0.011584066784192619 -0.036298668709266728 0 -0.01689264371964655 -0.0089933678960315688 0.01406201493533612 -0.0027003292479908896 -0.017408035074792796
leaf_weight=91.788145174272358 12.177942212205382 33.045038697542623 25.331224518828094 37.893942129332572 16.330646070418879 30.004049431998283 11.75120387971401 8.9020186110865307 12.724590773694215 1.8806069055572141 27.508218479109928 12.125320122577252 8.3113982188515347 16.123810846358538 26.139786040876057 17.245684590190649 8.1031383555382472 15.900602896697817 13.921208613552151 50.821725070476532 8.7602020120248181 9.078335971105842 25.719336569774896 128.10356225352734 7.9238884318619958 63.832694889046252 3.0318380440585306 8.1131925564259308 16.421219780109826 28.403176371240988
leaf_count=632 409 1392 339 530 877 852 863 324 378 45 2278 94 628 285 440 181 610 153 152 1123 167 335 1062 10297 209 3779 117 132 298 2052
internal_value=0.000228177 -0.0130947 -0.0205796 0.0205766 0.00151414 -1.18488e-05 -0.025162 0.0147864 0.0105581 -0.00907468 -0.028831 0.0306171 -0.0319933 0.023736 0.00993555 0.0342769 -0.00819373 0.0106134 0.0372634 0.00501778 0.0101218 0 -0.00507029 -0.0335574 0.019336 -0.0155145 0.00355237 0.0134111 0.00369797 -0.0138656
internal_weight=777.418 470.363 295.79 307.055 50.5639 174.573 245.226 34.2332 78.8559 95.7174 196.968 150.981 163.923 31.3336 156.074 122.955 48.2575 28.0259 105.709 110.256 59.4344 47.5223 34.7977 155.612 45.8178 65.7133 15.2098 50.6742 24.5344 36.5063
internal_count=31033 26922 19660 4111 1540 7262 18120 663 2586 4676 14595 1212 13203 811 2899 965 3525 247 784 2160 1037 1775 1397 12575 739 3824 526 870 430 2662
is_linear=0
shrinkage=0.05


Tree=6
num_leaves=31
num_cat=0
split_feature=14 31 27 10 16 38 5 38 14 38 14 3 3 38 40 19 25 26 7 37 27 37 41 37 30 38 26 22 41 19
split_gain=79.1278 15.5468 13.5956 11.4957 9.40641 7.44339 5.2745 4.54825 4.15077 3.96708 5.4794 3.87517 3.77946 2.97143 2.23241 2.1233 2.02386 1.94342 1.44709 1.34433 1.30887 1.25013 1.21861 1.23326 1.2077 1.20748 1.15918 1.06813 1.05092 0.993911
threshold=-0.36333334445953364 0.43000000715255743 -0.18999999761581418 -0.20333333313465116 -0.45666666328907007 0.012786865234375002 -0.21000000834465024 0.15267610549926761 -0.2766666561365127 -0.047021865844726556 -0.20333333313465116 0.35666668415069586 -0.11666667461395262 0.33358764648437506 0.99000000953674328 -0.35000000894069666 -0.063333332538604722 -0.016666665673255917 0.18999999761581424 -0.056897163391113274 -0.32333332300186152 -0.050820350646972649 0.091227591037750258 -0.1838574409484863 -0.41666667163372034 -0.042906284332275384 0.26999998092651373 0.23666667938232425 0.021402490325272087 -0.3899999856948852
decision_type=2 2 2 2 2 2 2 2 2 2 2 2 2 2 2 2 2 2 2 2 2 2 2 2 2 2 2 2 2 2
left_child=4 2 9 6 5 11 24 -7 -4 12 20 -1 18 14 22 16 17 -6 26 -12 -11 -5 23 -10 -3 -18 -2 -13 -25 -21
right_child=1 3 8 21 15 7 -8 -9 13 10 19 27 -14 -15 -16 -17 25 -19 -20 29 -22 -23 -24 28 -26 -27 -28 -29 -30 -31
leaf_value=0.020408566540078794 0 0.0365447684839319 -0.0071328435391698006 8.1567760778119809e-05 -0.005820710999042869 0.044114628428402046 -0.004561282113068334 0.0079500578870330442 0.00039175448309414196 0.0097479110480665852 0 0.0051431451664774724 -0.0083042403923363813 0.0084119510028593265 0.0014385504088808782 0 0.0040791761965140085 0.011279138518443969 -0.0032608872390518353 0.0010287747917118427 -0.0072835140849873267 -0.020848252195234937 0 0 0.0077060659265390397 0.02403984164688186 0.023347893784851498 -0.013402917970908824 -0.030045739387679338 -0.025570001006653048
leaf_weight=52.839882533997297 5.9206877127289799 23.359133570920676 38.970528446836397 6.5054152219090637 19.234928814694285 66.298098690807819 11.361074219690634 15.334197718650101 1.6444156956858922 22.832385595887899 4.2717616334557524 9.0455088689923304 23.28854350047186 2.1600638991221777 4.0781433107331386 38.041754628997296 16.284962266683578 39.910194141790271 4.8473447654396287 1.3897980200126756 11.629056764766572 20.684734087903053 2.0415846016257992 1.6204982898198057 11.430870921816675 41.493168892338872 22.637911952566355 8.8005262091755849 186.00256410147995 39.501513690920547
leaf_count=440 142 190 1744 231 396 443 385 105 130 628 235 110 1128 141 273 888 313 701 183 38 443 1303 137 126 156 619 365 112 15698 3231
internal_value=0.000229898 -0.0131198 -0.0172376 0.00721879 0.0195736 0.0283534 0.0216306 0.038616 -0.0243736 -0.00417502 -0.011135 0.0140814 0.00533134 -0.0273414 -0.0280997 0.0100532 0.0132487 0.00531033 0.0152887 -0.0216188 0.00315496 -0.0159779 -0.0288806 -0.0292987 0.0302095 0.0197189 0.0191801 -0.00402537 -0.0296921 -0.0241169
internal_weight=753.461 446.178 372.837 73.3412 307.283 152.318 46.1511 81.6323 236.518 136.319 79.6245 70.6859 56.6945 197.547 195.387 154.965 116.923 59.1451 33.4059 45.1631 34.4614 27.1901 191.309 189.267 34.79 57.7781 28.5586 17.846 187.623 40.8913
internal_count=31034 26907 24642 2265 4127 1210 731 548 18249 6393 4575 662 1818 16505 16364 2917 2029 1097 690 3504 1071 1534 16091 15954 346 932 507 222 15824 3269
is_linear=0
shrinkage=0.05


Tree=7
num_leaves=31
num_cat=0
split_feature=19 30 38 14 14 39 38 38 41 5 25 27 12 29 26 38 26 39 6 9 38 41 19 36 9 26 38 12 26 32
split_gain=67.4269 12.6613 11.8889 8.86942 8.77645 5.24263 5.60425 4.519 4.76537 4.17242 4.04689 3.44629 3.34027 4.77257 2.93387 2.5754 2.28454 2.19394 2.09548 2.00913 1.88041 1.55511 1.40527 1.32225 1.11127 1.20666 1.07777 0.899011 0.7408 0.693447
threshold=-0.32999998331069941 -0.3899999856948852 0.012786865234375002 -0.45666666328907007 -0.25666666030883784 0.028243753127753738 -0.037744045257568352 -0.035460472106933587 0.071692150086164488 -0.11666667461395262 -0.063333332538604722 -0.29000000655651087 0.12333333492279054 -0.48333333432674402 -0.0099999904632568342 -0.042906284332275384 0.25666666030883795 0.040507268160581596 -0.236666664481163 0.16333335638046267 -0.076637268066406236 0.021402490325272087 0.18999999761581424 -0.090000003576278673 0.30333334207534796 -0.32999998331069941 0.3313207626342774 -0.15666666626930234 0.46999999880790716 -0.10333332419395445
decision_type=2 2 2 2 2 2 2 2 2 2 2 2 2 2 2 2 2 2 2 2 2 2 2 2 2 2 2 2 2 2
left_child=3 2 9 5 16 6 20 11 17 12 14 18 -2 -14 23 -12 24 21 -6 -7 -1 -9 -15 -5 25 -3 28 29 -23 -16
right_child=1 4 -4 10 7 19 -8 8 -10 -11 15 -13 13 22 27 -17 -18 -19 -20 -21 -22 26 -24 -25 -26 -27 -28 -29 -30 -31
leaf_value=0.020342669458819428 -0.00097028260213970631 0 -0.023148722215624085 0.00041806213013911484 0.01409454984753093 -0.0076808967509839586 0.038116601134294707 0.00078530553950943542 0.0062375993925365188 -0.0083047404550005074 0 -0.017539287062962657 -0.0036640693132297579 0.002206104498911629 0.00040214748411197322 0.021575050645262248 0.0075822718186281755 0.001225108579010499 -0.0077229989121819628 0.015253576997018537 -0.0012592077549528696 -0.031806082445819582 0.0401225227955153 -0.017483050703160311 0.0061896087057810084 -0.015785293604204609 0 -0.0052255165972712701 0 0.013923769990393284
leaf_weight=12.203142147511246 9.6306410981342179 17.970166643615812 20.021647796966136 14.05591582041234 12.380949734710155 11.922660307027401 83.89575963281095 2.1172682633623472 6.9188590580597511 8.9553100173361582 19.994130855891854 77.951722592115402 6.8709966149181083 4.9899076041765573 18.076656645629555 63.535867376485839 29.934079384431243 3.7334898100234559 20.905844632070512 13.554173264652489 16.756945932283998 130.52857696614228 25.67910019424744 15.988647890510036 5.6568224322982124 31.943519654683769 2.0889436737634233 5.1540883509442201 1.847485931823029 34.136374918278307
leaf_count=146 483 655 1489 510 275 126 611 155 545 535 524 5640 132 198 450 1067 684 247 860 134 184 11532 434 625 189 1480 156 149 185 666
internal_value=0.000317993 -0.0126201 0.00525147 0.0178784 -0.0166701 0.0272203 0.0317037 -0.0211885 -0.0271323 0.0170422 0.00951066 -0.0121221 0.0227186 0.0286663 0.00143667 0.0170181 -0.00224427 -0.029137 0.000668861 0.00430822 0.00905732 -0.0301589 0.0360056 -0.00973917 -0.00816662 -0.0107304 -0.0308368 0.00805222 -0.0313805 0.0101959
internal_weight=729.4 420.125 76.1476 309.274 343.978 138.333 112.856 258.473 147.235 56.126 170.942 111.239 47.1706 37.54 87.4117 83.53 85.5046 140.316 33.2868 25.4768 28.9601 136.582 30.669 30.0446 55.5705 49.9137 134.465 57.3671 132.376 52.213
internal_count=31066 25874 3271 5192 22603 1201 941 19595 12820 1782 3991 6775 1247 764 2400 1591 3008 12275 1135 260 330 12028 632 1135 2324 2135 11873 1265 11717 1116
is_linear=0
shrinkage=0.05


Tree=8
num_leaves=31
num_cat=0
split_feature=14 27 31 16 3 9 7 11 5 14 14 25 37 25 41 15 39 18 37 27 12 41 20 15 27 37 17 39 10 15
split_gain=58.4775 11.0694 9.23975 6.8321 6.08082 5.91355 4.44273 4.07061 3.71428 3.41345 2.80263 2.64826 2.69912 2.76489 2.40908 2.09367 2.07343 1.88832 1.69414 1.63352 1.59034 1.49009 1.46939 1.33059 1.25722 0.975737 0.961561 0.916515 0.89844 0.792608
threshold=-0.36333334445953364 -0.18999999761581418 0.42333334684371954 -0.46999999880790705 -0.13166666030883786 -0.3899999856948852 0.069999992847442641 0.16333335638046267 0.38999998569488531 -0.24999999999999997 -0.28333333134651179 -0.063333332538604722 -0.06939458847045897 0.32333332300186163 0.06874531134963037 -0.29000000655651087 0.028243753127753738 0.38999998569488531 1.0000000180025095e-35 -0.090000003576278673 -0.36333334445953364 0.045919001102447517 0.26833331584930425 0.12333333492279054 0.20999997854232791 -0.06400823593139647 -0.051666676998138421 0.030262772925198082 -0.46999999880790705 -0.32333332300186152
decision_type=2 2 2 2 2 2 2 2 2 2 2 2 2 2 2 2 2 2 2 2 2 2 2 2 2 2 2 2 2 2
left_child=3 4 10 8 6 17 7 23 27 26 -3 19 -13 15 16 24 -12 -4 -9 20 22 -18 -5 -2 -14 -7 -6 -1 -11 -30
right_child=1 2 5 11 9 25 -8 18 -10 28 14 12 13 -15 -16 -17 21 -19 -20 -21 -22 -23 -24 -25 -26 -27 -28 -29 29 -31
leaf_value=0.034032645624015333 0.0095702490369130415 -0.0063650456965641707 0.025894434637048876 0.017887174075861361 0.0075893288344297235 0.0013492314238207524 -0.0095225756899979409 0.035509951937129719 0.0012128173608433896 0.0026845275830190613 -0.028829779531014933 -0.0056970389911864929 0.026232067089606931 -0.0025370399998949546 0 0.0018530670807123265 -0.00032759793420792933 0 0 -0.0067102303239900676 -0.0027296796204328315 -0.02025209738782948 -0.0010974838358364591 -0.0078864948703469741 0.0019341578604359364 -0.01847743853019709 -0.0081602987801000695 0.0094708692856753287 0 -0.020947962648169553
leaf_weight=72.269861560314894 20.74477195343934 34.169578036759049 14.586254699621351 28.68469053786248 23.021786202210937 4.3240318647585836 18.057205192744732 17.464071083348248 14.004284812137483 1.6642368570901442 139.09362712898292 9.0713934586383385 67.286487529519945 11.225147029384969 8.974397322162984 16.436895996332169 20.888845271896571 9.6172029059380275 5.2134829259011886 22.216265882365406 19.213527255691588 16.699500568211079 10.149993900209664 11.635232741711659 9.268288516905157 18.236564331222326 7.7893668115138999 13.203280646353958 6.4334343294613054 42.710111823165789
leaf_count=535 705 1638 205 408 635 122 922 289 162 42 12626 180 889 211 691 355 1832 124 225 592 375 1468 142 420 178 1092 249 121 420 3280
internal_value=7.34909e-05 -0.0117603 -0.0178293 0.0170665 -0.00087333 0.00170315 0.00904315 0.015879 0.0276824 -0.0100529 -0.02203 0.0108168 0.015626 0.017918 -0.0244931 0.0206438 -0.0257362 0.0173412 0.0297326 0.00312439 0.00755465 -0.0113223 0.0128848 0.0023938 0.0239476 -0.0143169 0.00224743 0.0313819 -0.0174017 -0.0187533
internal_weight=714.354 421.324 266.59 293.03 154.734 46.7641 73.1148 55.0576 99.4774 81.6189 219.826 193.553 113.288 104.217 185.656 92.9917 176.682 24.2035 22.6776 80.2645 58.0482 37.5883 38.8347 32.38 76.5548 22.5606 30.8112 85.4731 50.8078 49.1435
internal_count=31133 26985 19798 4148 7187 1543 2561 1639 818 4626 18255 3330 1813 1633 16617 1422 15926 329 514 1517 925 3300 550 1125 1067 1214 884 656 3742 3700
is_linear=0
shrinkage=0.05


Tree=9
num_leaves=31
num_cat=0
split_feature=14 30 38 16 14 38 12 5 4 29 38 27 27 38 30 38 15 18 38 25 38 38 31 15 38 17 32 38 27 40
split_gain=50.8549 12.2318 11.456 7.38201 7.34938 4.98591 4.80706 3.4265 3.21754 3.06255 2.8117 2.69132 2.3506 1.84154 1.64036 1.76528 1.63507 1.56333 1.28608 1.2338 1.08519 0.918106 0.892175 0.871909 0.810259 0.813298 0.792174 0.775653 0.770377 0.728805
threshold=-0.36333334445953364 -0.3899999856948852 0.012786865234375002 -0.45666666328907007 -0.19666665792465207 -0.023827552795410153 0.12333333492279054 -0.11666667461395262 0.22500002384185794 -0.48333333432674402 -0.04909467697143554 -0.41666667163372034 -0.31666666269302363 0.12630462646484378 -0.20333333313465116 -0.042906284332275384 -0.36333334445953364 -0.21000000834465024 0.33358764648437506 0.18333333730697635 -0.059002399444580071 -0.11537122726440428 0.11000001430511476 0.32999998331069952 0.12956762313842776 -0.33666665852069849 0.31000000238418585 -0.27045822143554682 -0.17000000178813932 0.99000000953674328
decision_type=2 2 2 2 2 2 2 2 2 2 2 2 2 2 2 2 2 2 2 2 2 2 2 2 2 2 2 2 2 2
left_child=3 2 6 5 12 8 -2 9 20 -8 21 -6 -3 -7 15 22 17 19 27 -12 -1 -5 -13 -11 25 -14 -10 -16 -24 -29
right_child=1 4 -4 10 11 13 7 -9 26 23 16 14 24 -15 18 -17 -18 -19 -20 -21 -22 -23 28 -25 -26 -27 -28 29 -30 -31
leaf_value=0.026272942583564232 -0.0067492873951073276 0.0057063251840775769 -0.022486229470914054 0.0035443445031662565 0 0.033930296326673888 0 -0.0041892913071906726 0.0024123226531151168 0.0049971674562007337 0.02059848616581577 -0.010529762201715767 0 0.0083438798555070266 0 -0.018118924077117373 0.0028164983928984657 -0.0018877017896485094 0.0024039023402381773 0 0.002490570315718582 -0.011017020506981084 0.013688850213597082 0.038271017741281166 0.0022147850528913909 -0.013962050961113604 -0.012640704091039724 -0.026278923043460925 -0.0023566737930101039 0
leaf_weight=14.104669697582723 12.014820869080721 35.705807826947421 19.106545913498849 11.986267337575557 15.649058352224527 77.389003586024046 6.0592444231733671 6.0500494693405917 12.155096590518953 6.1536282808519891 52.820132141001523 8.6086894157342631 13.885843280469997 15.858234062790869 2.5977427782490841 37.959949926938862 49.620694051496685 7.4260698491707435 1.5912175951525558 6.2999422308057538 11.485624034889041 18.369266025722027 7.0987887550145414 26.889830167870969 8.2277361245360208 45.12525705434382 9.2327398266643268 146.35588204534724 9.4856735549401474 2.9285267656669012
leaf_count=125 691 1014 1521 320 996 579 130 323 131 190 811 611 737 130 214 3312 1079 147 105 108 97 454 174 432 429 2859 131 12315 703 205
internal_value=-4.20466e-05 -0.0112803 0.00618082 0.0159005 -0.0153654 0.0240027 0.0173835 0.0243322 0.00845635 0.0292697 0.0073435 -0.0202259 -0.0036592 0.0305983 -0.0216348 -0.0120388 0.010844 0.0157571 -0.0248252 0.0183271 0.0188905 -0.0049436 -0.000353069 0.034435 -0.00903396 -0.0110465 -0.00451867 -0.0253493 0.00521654 -0.0258036
internal_weight=698.242 411.494 76.2741 286.748 335.22 140.225 57.1676 45.1528 46.9781 39.1027 146.522 232.276 102.945 93.2472 216.626 63.1531 116.167 66.5461 153.473 59.1201 25.5903 30.3555 25.1932 33.0435 67.2388 59.0111 21.3878 151.882 16.5845 149.284
internal_count=31073 26961 3287 4112 23674 1193 1766 1075 484 752 2919 18635 5039 709 17639 4800 2145 1066 12839 919 222 774 1488 622 4025 3596 262 12734 877 12520
is_linear=0
shrinkage=0.05


Tree=10
num_leaves=31
num_cat=0
split_feature=19 31 30 14 27 38 5 38 38 14 4 38 38 41 16 27 6 30 27 14 37 41 38 7 31 37 37 37 38 37
split_gain=43.8128 13.9456 10.1511 6.95717 5.43781 4.73993 3.56586 3.99189 3.90746 3.24152 3.12282 2.50278 2.48445 2.46836 1.96693 1.91494 1.78276 1.43988 1.42241 1.21737 1.19856 1.06509 1.02126 1.39466 0.926072 0.925253 0.865218 2.12038 0.807562 0.803023
threshold=-0.32999998331069941 0.42333334684371954 -0.36333334445953364 -0.45666666328907007 -0.18333333730697629 -0.037744045257568352 0.38999998569488531 0.12956762313842776 0.0048093795776367196 -0.28333333134651179 0.096666663885116591 0.088602066040039076 -0.045044422149658196 0.071692150086164488 -0.24999999999999997 -0.15666666626930234 -0.12999999523162839 -0.20333333313465116 -0.36333334445953364 -0.3899999856948852 -0.056897163391113274 0.021402490325272087 -0.042906284332275384 -0.16333332657814023 -0.41666667163372034 -0.1838574409484863 0.00051307678222656261 -0.027381420135498043 0.3313207626342774 -0.05798292160034179
decision_type=2 2 2 2 2 2 2 2 2 2 2 2 2 2 2 2 2 2 2 2 2 2 2 2 2 2 2 2 2 2
left_child=3 4 5 6 10 -3 7 8 26 -6 12 15 17 21 -14 22 -13 -2 -4 -12 -16 -11 -5 -24 -17 -23 27 -1 -27 -7
right_child=1 2 18 11 9 29 -8 -9 -10 13 19 16 14 -15 20 24 -18 -19 -20 -21 -22 25 23 -25 -26 28 -28 -29 -30 -31
leaf_value=0.016675424973574129 0.018416984965217566 0.033913832347951041 0.003459205710140076 0 -0.005260845111728329 0.0083659162769622215 -0.00022690301388358661 0 0.037754150552963606 0.0016493138978828075 0.0032595610043859831 0.0017481638781588528 0.0052860763187657107 0.0021235851609158031 0.0039777882754896722 0.0077315089126355971 0.025027259953672831 0 -0.017019578654717104 -0.018523660491137486 -0.018981226268949377 0.00030472280095993065 -0.0018429817868518311 0.014721850350044925 -0.0080482755100011651 -0.025226930176937609 0.022892663535390576 -0.005189434958891982 0 -0.010919436277862456
leaf_weight=16.620319959707558 15.396595359779893 27.895554883871228 7.1898258186411139 26.999631079379469 40.609531610738486 2.6981086842715722 12.889507832936941 13.756908085197209 56.787160724401474 1.4235686096362759 3.474934469908475 16.42160041234456 12.905968827428294 6.7090938580222419 2.7904704732354757 5.1797720156610003 22.38318788446486 21.490632658824325 21.028211638098583 35.723947352264076 21.251991960918531 1.5882125231437374 12.049767680466173 43.534736508503556 37.428913964889944 157.99152995389886 17.975459348410368 15.132313473150136 1.650971755851059 6.6010904894210398
leaf_count=178 294 266 370 608 1685 33 175 124 436 120 70 455 444 528 159 129 351 777 1400 2379 1849 137 286 775 1375 14898 153 151 121 394
internal_value=0.000165411 -0.0107855 0.00938651 0.0144921 -0.0150432 0.0251118 0.022871 0.0254376 0.0285461 -0.0197757 -0.00548832 0.00697439 0.000484698 -0.0228144 -0.00773884 0.00294284 0.0172872 0.00923509 -0.0113795 -0.0158631 -0.0152221 -0.0240303 0.0073283 0.0108952 -0.00489812 -0.0244575 0.0146497 0.00642442 -0.0248569 -0.00260335
internal_weight=685.58 388.42 65.4128 297.159 323.007 37.1948 133.162 120.272 106.515 209.973 113.035 163.998 73.8357 169.363 36.9484 125.193 38.8048 36.8872 28.218 39.1989 24.0425 162.654 82.5841 55.5845 42.6087 161.231 49.7281 31.7526 159.643 9.2992
internal_count=31120 25924 2463 5196 23461 693 1217 1042 918 17489 5972 3979 3523 15804 2452 3173 806 1071 1770 2449 2008 15276 1669 1061 1504 15156 482 329 15019 427
is_linear=0
shrinkage=0.05


Tree=11
num_leaves=31
num_cat=0
split_feature=19 31 10 38 16 26 4 41 38 14 4 31 14 9 38 11 14 39 38 37 36 26 38 5 7 41 40 25 41 39
split_gain=36.9889 8.52664 6.31152 5.53299 5.17249 4.66541 3.49451 3.34721 2.93213 3.05032 2.93339 2.63421 2.48797 2.19172 2.47135 2.81278 2.04401 1.82898 1.82503 1.47238 1.37091 2.65966 1.34686 1.32953 1.32931 1.25658 1.20568 1.17582 1.17261 1.16978
threshold=-0.32999998331069941 0.43000000715255743 -0.20333333313465116 0.0048093795776367196 -0.41666667163372034 0.24333333969116214 -0.22999998927116391 0.071692150086164488 -0.047021865844726556 -0.25666666030883784 -0.10999999940395354 -0.25666666030883784 -0.37666666507720942 0.14999997615814212 -0.076637268066406236 -0.33666665852069849 -0.43000000715255732 0.028243753127753738 -0.037744045257568352 0.10893487930297853 0.37666666507720953 -0.15000000596046445 -0.042906284332275384 -0.023333340883255001 0.12333333492279054 0.045919001102447517 0.17000000178813937 -0.37666666507720942 0.062321202829480178 0.027028502896428112
decision_type=2 2 2 2 2 2 2 2 2 2 2 2 2 2 2 2 2 2 2 2 2 2 2 2 2 2 2 2 2 2
left_child=3 5 18 6 11 7 16 12 10 -10 24 20 -2 22 29 -16 -1 19 -3 26 21 -5 -8 -6 -7 -19 -14 -4 -28 -15
right_child=1 2 27 4 23 8 13 -9 9 -11 -12 -13 17 14 15 -17 -18 25 -20 -21 -22 -23 -24 -25 -26 -27 28 -29 -30 -31
leaf_value=0.029727017320966467 0 0.02199369451725687 0.0025201387450017013 0.0040768849622665106 -0.00062064320567334526 0.018203611355153151 0 0.0068628140162116233 0.0032469902645259432 -0.019144945419871696 -0.0091875662509867274 0 -0.013561166751444937 0.013311681187003464 -0.019659980552272749 0.004426138266652258 0 0 -0.00072858821256392139 0.00042278816774950857 0.0065455969002745059 0.035287574133845805 0.01552076639513437 0.01294773742104535 -0.003643333326786174 -0.01674239755673269 -0.029121416495617076 -0.017974992564600827 0 -0.0044934908245994618
leaf_weight=13.273888057097794 15.424416251946239 30.701044683810323 5.3135264900047359 11.545521123334764 31.20349465822801 23.016677008010451 23.082129530608654 8.6020144028589112 18.600973881781101 36.692517670337111 16.954231010284275 10.495292260777203 46.817196277435869 15.551177279558035 28.285330353304744 13.596113563515244 7.4090214995667329 24.303817495703697 8.4187037539668363 3.9295451650395981 12.779713567811994 62.566957462579012 24.221543964464217 27.338745792396367 4.5606277347542337 19.800650822464377 96.81357950065285 17.421310940058902 2.3763257320970288 9.3491197116672975
leaf_count=139 424 316 279 172 910 403 665 617 448 3366 888 133 4295 282 384 251 222 2015 416 361 126 575 513 631 207 1715 8699 1228 227 177
internal_value=-0.000442689 -0.0106831 0.00558842 0.0127959 0.0191145 -0.0139712 0.00480452 -0.0180372 -0.00433383 -0.0116239 0.00452864 0.025986 -0.0193384 0.000727008 -0.00473199 -0.0117439 0.0211379 -0.0208303 0.0171031 -0.0236583 0.0286786 0.031407 0.00856799 0.00594295 0.0138407 -0.00903564 -0.024462 -0.0127889 -0.0283025 0.00624302
internal_weight=670.445 379.747 61.8546 290.698 155.93 317.893 134.768 218.068 99.825 55.2935 44.5315 97.3875 209.466 114.085 66.7817 41.8814 20.6829 194.041 39.1197 149.937 86.8922 74.1125 47.3037 58.5422 27.5773 44.1045 146.007 22.7348 99.1899 24.9003
internal_count=31084 25904 2239 5180 2547 23665 2633 18353 5312 3814 1498 1006 17736 2272 1094 635 361 17312 732 13582 873 747 1178 1541 610 3730 13221 1507 8926 459
is_linear=0
shrinkage=0.05


Tree=12
num_leaves=31
num_cat=0
split_feature=19 30 38 14 27 4 38 9 41 25 4 14 38 40 27 19 30 38 38 12 19 33 40 25 40 24 23 41 38 18
split_gain=35.6246 8.54965 8.0839 6.16211 4.45679 3.93068 3.67055 4.34368 3.12375 2.73018 2.5645 2.30709 1.67073 1.58914 1.54892 1.48004 1.69628 1.28496 2.41696 1.07156 1.59832 0.932215 0.896022 0.867144 0.846281 0.808127 0.928556 0.79548 0.746461 0.721909
threshold=-0.32999998331069941 -0.3899999856948852 0.012786865234375002 -0.45666666328907007 -0.32999998331069941 -0.21666666865348813 0.12956762313842776 0.24333333969116214 0.06874531134963037 -0.063333332538604722 -0.083333343267440782 -0.30333334207534784 -0.042906284332275384 0.86666667461395275 -0.15000000596046445 0.043333351612091071 -0.22333332896232602 0.0048093795776367196 -0.076637268066406236 0.32333332300186163 0.41000002622604376 0.2833333313465119 0.11000000312924386 -0.20333333313465116 0.99000000953674328 -0.26333332061767573 0.36333334445953375 0.021402490325272087 -0.27045822143554682 -0.37666666507720942
decision_type=2 2 2 2 2 2 2 2 2 2 2 2 2 2 2 2 2 2 2 2 2 2 2 2 2 2 2 2 2 2
left_child=3 2 5 6 15 13 7 23 11 14 -9 21 -11 -2 22 -3 -17 18 -12 -7 -21 -6 -5 -1 27 -14 -27 -13 -29 -24
right_child=1 4 -4 9 8 19 -8 10 -10 12 17 24 25 -15 -16 16 -18 -19 -20 20 -22 -23 29 -25 -26 26 -28 28 -30 -31
leaf_value=0.010065187051293743 0.02816760331492775 0.0047303691883378088 -0.020082982391285455 -0.0045828077588031995 -0.0083657001173617317 -0.0096722759837021624 -0.001714568988031023 0.024851882519996468 0.0049117927557338209 0 0.0096603307426080566 0.00070745065941911901 0 0 -0.008483475933590395 0.0060920580105369273 -0.016198260253144397 0.012188424182398412 -0.015861294408815473 0.018548435136518621 -0.007451454293547626 0.0075281037170923052 0.012644995073792908 0.036609367820856789 0 0.020215466850704241 0.00022414874139401386 0 -0.021314023358400293 0
leaf_weight=12.330063307657836 26.99219622509554 36.134381217416376 17.786752334795892 11.952721319627015 31.904299815651029 12.355092378333213 12.920507371425627 16.115766555070877 11.684897128026931 20.078678506426513 11.099513819441198 1.6615699562244106 6.1997596598230293 5.7423551655374458 30.495984174543992 7.0737180183641639 19.166912473505363 13.94559198617935 13.531056497246029 6.7191122821532172 4.7615869296714664 5.4949615590739986 24.752806295640763 48.511465376242995 2.8321738536469629 47.023827043827623 9.5579192587174457 2.0305105233564964 184.85626980825327 14.129014516249301
leaf_count=125 693 1596 1477 257 1313 678 128 136 805 528 139 144 130 163 1291 254 1311 119 176 147 102 144 503 411 216 767 163 164 16734 373
internal_value=0.00010683 -0.0099466 0.00470242 0.0130881 -0.0136458 0.0140735 0.0211657 0.0238885 -0.0166786 0.00609844 0.0110908 -0.0179851 0.0121655 0.0239421 -0.00020761 -0.00115105 -0.00939852 0.0022098 -0.00390462 -0.000730846 0.00747854 -0.0047365 0.00468874 0.0329904 -0.0202248 0.0158723 0.0175832 -0.0206367 -0.0209721 0.00832756
internal_weight=669.841 377.197 74.3571 292.645 302.84 56.5703 128.454 115.533 240.465 164.191 54.6919 228.78 82.8602 32.7346 81.3305 62.375 26.2406 38.5762 24.6306 23.8358 11.4807 37.3993 50.8345 60.8415 191.381 62.7815 56.5817 188.548 186.887 38.8818
internal_count=31187 25941 3260 5246 22681 1783 1234 1106 19520 4012 570 18715 1588 856 2424 3161 1565 434 315 927 249 1457 1133 536 17258 1060 930 17042 16898 876
is_linear=0
shrinkage=0.05


Tree=13
num_leaves=31
num_cat=0
split_feature=16 27 31 14 4 16 6 38 7 38 38 4 41 25 9 39 41 25 26 1 16 15 4 39 37 7 37 41 17 41
split_gain=35.1111 6.71223 5.82312 4.83539 4.17184 4.63168 4.10049 3.82862 3.82831 3.26561 2.7193 2.49747 2.43001 2.35246 2.21134 2.1453 1.67339 1.33681 1.07836 1.16352 1.05105 1.01354 0.97215 0.961812 0.938869 0.906477 0.848095 0.741438 0.743386 0.735951
threshold=-0.41666667163372034 -0.18333333730697629 0.43000000715255743 -0.28333333134651179 -0.18333333730697629 -0.2766666561365127 -0.22333332896232602 0.012786865234375002 0.17666667699813846 0.22018671035766604 -0.042906284332275384 0.40333333611488348 0.071692150086164488 -0.030000001192092892 -0.26999998092651362 0.028243753127753738 0.045919001102447517 0.33666664361953741 0.14999997615814212 0.069999992847442641 -0.4433333277702331 -0.37666666507720942 0.26333332061767584 0.024197591468691829 0.11020278930664064 -0.056666672229766839 0.035737037658691413 0.055947098881006248 -0.12333333492279051 0.062321202829480178
decision_type=2 2 2 2 2 2 2 2 2 2 2 2 2 2 2 2 2 2 2 2 2 2 2 2 2 2 2 2 2 2
left_child=7 4 3 26 8 22 14 11 10 21 -2 13 15 18 -4 24 -17 20 -1 -20 -15 -9 25 -13 29 -6 -3 28 -27 -5
right_child=1 2 6 12 5 -7 -8 9 -10 -11 -12 23 -14 17 -16 16 -18 -19 19 -21 -22 -23 -24 -25 -26 27 -28 -29 -30 -31
leaf_value=-0.0097637302011582827 0.02370962385416393 -0.0066100646587160085 0.021394386335681789 -0.024520325479667475 -6.507509156601582e-05 -0.014308854107422464 -0.013165247707216813 0.030601421719401351 -0.012208199788748292 0 0.00063811045329332443 0.0026969653210677869 0.003714530763624586 0.02460766624164545 -0.0057982943953304939 0.0021710751067743192 -0.016473385478091653 0 0.016340630858558414 -0.0035533139312111175 0.001841517279464431 0.0050963431856059132 -0.004506188442371566 -0.017872594890281049 0.00027212914770160249 0.019893091793570846 0.0036491909803652526 -0.0012234189460434781 0 0
leaf_weight=9.8500458220951277 32.302469493821263 49.14531670906581 22.325612350367013 122.22959012771025 16.140442365314811 58.375920482445508 14.094582917867227 75.336511793080717 9.8613441642373783 10.10518933366984 23.126086061354727 5.5619222847744805 7.5757653866894534 37.836306489538401 5.4933352796360841 19.497222213540226 16.109710366232321 9.5669759372249228 8.6627550395205635 8.1372337061911804 9.6778820394538325 9.4700411106459779 14.216356688411905 4.9682681849226356 1.8893187297508109 17.585229374701161 23.534845228306949 3.8255230877548447 6.4836761185433742 2.8220746479928485
leaf_count=174 565 1952 274 12105 406 4006 854 811 603 134 1211 123 553 396 287 1791 1545 158 102 104 170 195 489 94 204 418 712 118 205 282
internal_value=0.000515968 -0.00681758 -0.0115359 -0.0144833 0.000566599 -0.00490602 0.00469214 0.0183872 0.0102831 0.0255492 0.0154932 0.0098291 -0.0190024 0.0128197 0.0152094 -0.020304 -0.00682255 0.0180834 0 0.00720898 0.0211641 0.0285536 0.00458411 -0.00846024 -0.0234189 0.00820695 -0.00294529 0.0128952 0.015767 -0.0239637
internal_weight=655.808 466.634 284.717 242.804 181.917 116.627 41.9135 189.173 65.2899 94.9117 55.4286 94.2614 170.124 83.7312 27.8189 162.548 35.6069 57.0812 26.65 16.8 47.5142 84.8066 58.2512 10.5302 126.941 44.0349 72.6802 27.8944 24.0689 125.052
internal_count=31041 28580 20559 19144 8021 5642 1415 2461 2379 1140 1776 1321 16480 1104 561 15927 3336 724 380 206 566 1006 1636 217 12591 1147 2664 741 623 12387
is_linear=0
shrinkage=0.05


Tree=14
num_leaves=31
num_cat=0
split_feature=19 10 14 31 41 38 6 4 40 39 38 41 38 39 41 27 41 30 4 39 25 30 27 39 38 39 31 6 39 40
split_gain=27.7563 5.66278 7.4668 4.58457 4.22338 3.07395 3.35104 2.95243 2.8573 2.4379 2.26464 2.21579 1.83565 1.76812 1.60949 1.57171 1.51647 1.48927 1.34171 1.28717 1.24269 1.18466 1.16808 1.04663 1.01998 1.15563 1.03871 1.10269 0.92704 0.819893
threshold=-0.43000000715255732 -0.3899999856948852 -0.24999999999999997 0.42333334684371954 0.063821967691183104 0.012786865234375002 0.11000001430511476 -0.06833332777023314 0.17000000178813937 0.028243753127753738 -0.047021865844726556 0.038556762039661414 -0.079872131347656236 0.028243753127753738 0.071692150086164488 -0.4433333277702331 0.028632688336074356 -0.20333333313465116 0.043333351612091071 0.024384094402194027 -0.28333333134651179 0.41666668653488165 -0.16333332657814023 0.043142672628164298 0.086912155151367201 0.01669745892286301 -0.10999999940395354 -0.10999999940395354 0.041484411805868156 0.076666664332151427
decision_type=2 2 2 2 2 2 2 2 2 2 2 2 2 2 2 2 2 2 2 2 2 2 2 2 2 2 2 2 2 2
left_child=4 3 15 13 8 6 17 -5 11 10 12 16 -10 22 21 -3 -1 19 -11 -4 -12 23 -2 -7 25 -17 27 -26 -21 -18
right_child=1 2 5 7 -6 14 -8 -9 9 18 20 -13 -14 -15 -16 24 29 -19 -20 28 -22 -23 -24 -25 26 -27 -28 -29 -30 -31
leaf_value=0.0087874145053772144 0.002112441283894091 0.011152946909156062 -0.0024392593179317587 0.028391742711469482 -0.0084518113615449746 -0.024715227834390719 -0.018274877310331474 -0.0020034917592708832 0.017973607785926504 0.014029561481559448 0.0076965895905547199 0.01928105775666638 -0.0066020906534217999 0.0090181099856724862 0.00058279134809257 0.003459281527783339 0 -0.0076613294583399317 -0.0054871682397152942 0.016930698644523633 0.034658306626771718 0 -0.015171552225932245 0.00043621609868981686 -0.0017454753983567951 -0.0072525804024150126 -0.0068188850563328648 0.015125682977184175 -0.0036586512978862649 -0.017204440958339087
leaf_weight=13.24678736086935 9.5296020139940101 19.971955368760973 24.831193653633818 20.466152085922662 10.180874335579572 82.921842399286106 47.540373317431659 8.2878269285429251 9.6192715894430894 13.495628172997387 11.625319293700157 15.099969398695974 8.3453652160242182 12.239777249516917 5.732369950041174 26.748985196463764 7.8296148120425668 49.707983744796365 9.2741961879655701 15.25165409804322 59.031420635990798 7.1633158763870588 21.822473618201911 2.088011401705443 10.435279339086266 87.830513464054093 8.1502076694741827 17.853728353977203 2.4833482825197271 8.8357081320136768
leaf_count=150 350 421 1521 239 132 8204 4269 168 138 166 189 198 136 623 432 893 95 4169 129 821 595 646 1867 154 335 3087 292 426 143 119
internal_value=0.000111418 -0.00595673 -0.00825694 0.00635615 0.0173776 -0.0138778 -0.00824114 0.0200781 0.019463 0.0237689 0.0274838 0.0067746 0.00671929 -0.0035251 -0.0207461 -9.56753e-05 -0.00100922 -0.00201716 0.00572485 0.00419144 0.031498 -0.0222817 -0.00975327 -0.0238347 -0.00211183 -0.00449683 0.00437397 0.00895671 0.0127983 -0.0101641
internal_weight=647.641 481.057 408.711 72.3458 166.584 237.72 139.815 28.754 156.403 111.391 88.6214 45.0121 17.9646 43.5919 97.9055 170.991 29.9121 92.2742 22.7698 42.5662 70.6567 92.1732 31.3521 85.0099 151.019 114.579 36.4392 28.289 17.735 16.6653
internal_count=31107 29060 25813 3247 2047 20359 10923 407 1915 1353 1058 562 274 2840 9436 5454 364 6654 295 2485 784 9004 2217 8358 5033 3980 1053 761 964 214
is_linear=0
shrinkage=0.05


Tree=15
num_leaves=31
num_cat=0
split_feature=19 27 37 10 39 41 40 18 18 39 41 41 41 38 30 16 16 37 38 38 29 2 18 16 41 41 25 30 23 39
split_gain=26.5078 4.76768 3.6861 3.47936 3.87511 3.2831 2.73405 2.33765 2.27103 2.07688 1.93254 1.87338 1.80879 1.70602 2.52039 3.70662 2.51102 2.05074 1.48832 2.48338 1.45809 1.30845 1.51793 1.28094 1.16625 1.12038 1.11287 1.05378 0.981155 0.964837
threshold=-0.41666667163372034 -0.31666666269302363 -0.073925971984863267 -0.036666661500930779 0.028243753127753738 0.062321202829480178 0.17000000178813937 -0.24999999999999997 -0.33666665852069849 0.026601472869515422 0.063821967691183104 0.039547588676214225 0.028632688336074356 -0.041293144226074212 -0.36333334445953364 0.48333334922790533 -0.236666664481163 -0.058910369873046868 -0.047021865844726556 -0.079872131347656236 0.31666666269302374 -0.17000000178813932 -0.10999999940395354 -0.43000000715255732 0.045919001102447517 0.053763128817081458 0.043333351612091071 0.30333334207534796 -0.22999998927116391 0.025011822581291202
decision_type=2 2 2 2 2 2 2 2 2 2 2 2 2 2 2 2 2 2 2 2 2 2 2 2 2 2 2 2 2 2
left_child=2 9 29 4 10 6 11 -5 18 21 13 12 -4 14 15 26 -15 -18 19 -8 27 -2 -23 -9 -6 -26 -3 -20 -11 -1
right_child=1 3 5 7 24 -7 8 23 -10 28 -12 -13 -14 16 -16 -17 17 -19 20 -21 -22 22 -24 -25 25 -27 -28 -29 -30 -31
leaf_value=0.0043765845250688098 0.0149675974972939 0.022197902340728361 0.0098288182290272533 -0.0031195018722142889 0.013218949324658011 -0.0050336231335039614 0.019916283694179922 0.0011268237049882753 0 0.0022223431394244372 0.010446863431825501 0.018559300686502987 -0.010792853946797295 0 -0.011882431799326399 -0.019282293978903652 0.0052817241996102483 -0.021910255982521092 0.017526320542752164 -0.0074409157472380407 0.033503517016418224 0.0079146702413293284 -0.0077420016223435518 -0.019555809121528316 -0.010790802333269369 0.006621088310964438 0 -0.00066125837049085779 -0.013348941591432545 -0.0147276461605724
leaf_weight=5.9704919173382205 24.379401207435876 15.315588793251669 14.107139978092166 39.38110748399049 24.24205065658316 11.23935211310163 11.911354354582729 4.8928618617355815 8.2883565765805525 10.454540200065823 6.1630607815459362 13.576665623579173 16.21363550866954 22.905969656538218 26.386852814117447 3.4704065932892254 3.8798593766987315 56.968238552333787 23.524444691371176 9.3051633224822563 56.678316260688007 30.501468158559874 20.2470228059683 114.91923370934092 10.249539408367129 14.842979875626041 4.8744770479388526 6.8436056510545304 19.183902758639306 7.6673328713513911
leaf_count=110 903 462 180 2035 1381 163 161 138 157 355 357 171 230 856 2258 46 279 5178 387 171 521 992 1182 9708 559 750 229 112 876 136
internal_value=-0.000344553 -0.00689318 0.0152549 -0.00968016 -0.00467271 0.0172637 0.019101 -0.0150973 0.0231179 0.00217384 -0.00890629 0.00643741 -0.000471331 -0.0103866 -0.00210114 0.00816141 -0.0145877 -0.019484 0.0249578 0.00800408 0.0280388 0.00666108 0.0010695 -0.018499 0.00654972 -0.000396956 0.01717 0.0133073 -0.00770547 -0.00630914
internal_weight=638.584 453.259 185.326 348.492 189.299 171.688 160.449 159.193 116.551 104.766 139.964 43.8974 30.3208 133.801 50.0473 23.6605 83.7541 60.8481 108.263 21.2165 87.0464 75.1279 50.7485 119.812 49.3346 25.0925 20.1901 30.3681 29.6384 13.6378
internal_count=31043 28544 2499 24236 12355 2253 2090 11881 1509 4308 9665 581 410 9308 2995 737 6313 5457 1352 332 1020 3077 2174 9846 2690 1309 691 499 1231 246
is_linear=0
shrinkage=0.05


Tree=16
num_leaves=31
num_cat=0
split_feature=16 7 38 27 39 38 3 31 4 16 38 8 37 30 27 39 16 12 5 32 24 38 16 41 12 3 39 39 37 41
split_gain=24.5451 5.21442 4.40048 4.19096 3.51319 3.37134 3.16448 2.77954 2.69805 2.78269 2.46776 2.13102 1.9632 1.87846 1.52238 1.37389 1.28759 1.28606 1.28052 2.0273 1.5503 1.24226 1.21863 1.53094 1.13395 1.09351 0.945685 0.897008 0.739907 0.738796
threshold=-0.41666667163372034 0.31000000238418585 0.012786865234375002 -0.18333333730697629 0.028243753127753738 0.22018671035766604 0.23500001430511477 0.43000000715255743 -0.18333333730697629 -0.2766666561365127 -0.014165878295898436 -0.063333332538604722 1.0000000180025095e-35 -0.21000000834465024 -0.29000000655651087 0.034798877313733108 -0.36333334445953364 -0.3899999856948852 0.18333333730697635 0.34333333373069769 0.25666666030883795 -0.0085129737854003889 -0.12333333492279051 0.071692150086164488 0.12333333492279054 0.22333335876464847 0.021990424022078518 0.030262772925198082 0.10893487930297853 0.024181824177503589
decision_type=2 2 2 2 2 2 2 2 2 2 2 2 2 2 2 2 2 2 2 2 2 2 2 2 2 2 2 2 2 2
left_child=2 3 6 8 7 14 21 22 12 25 -9 15 13 24 -4 -6 -3 -16 -8 20 -20 27 -5 28 -2 -10 -21 -1 29 -24
right_child=1 16 5 4 11 -7 18 10 9 -11 -12 -13 -14 -15 17 -17 -18 -19 19 26 -22 -23 23 -25 -26 -27 -28 -29 -30 -31
leaf_value=0.020128208018917071 0.0012978722943691162 0 0.031086833277794396 -0.0069478924805126798 0.018044071214991037 -0.00096430218258885311 -0.01701999436414425 0.011250173926145109 0.0092536674241616591 -0.011349834386726022 -0.015409898111019827 -0.0083610900279827271 -0.00070989927109632025 0.0015921758344578573 0.016963984497634796 0 -0.021543241429880663 -0.0020001203974259517 0.016599238154953625 0.00030221460877062232 -0.0046387082799687141 -0.00090917455469059565 0 0.0047572842726945211 0.03100876763725249 -0.0044608207321316677 -0.021024018756071957 0 0.00024885628081386363 -0.021109886789530782
leaf_weight=35.412958987057209 6.6528869066387442 8.0108059542253596 55.096658478025347 61.26081072492525 15.657329200068487 11.048640170600263 6.7018101010471574 20.047773913946006 36.134463012684137 43.35824188683182 6.7535676294937721 22.376801849575713 22.032011683331802 17.781782035483047 20.180785228498284 21.754899767460302 54.037659954978153 8.5658679064363223 15.820047531276943 5.2988865734077972 8.2553024212829751 8.0018737693317217 2.4211973873898378 3.0056578866206101 14.139922898495568 14.945805552415548 5.3563520330935717 8.4882761621847731 1.9536255528219033 78.065075039165094
leaf_count=491 179 388 569 3643 924 137 98 409 918 3102 444 1693 952 640 263 1163 4786 189 190 104 124 100 261 228 202 429 118 126 221 7988
internal_value=0.000169765 -0.00612834 0.0150923 -0.00374522 -0.00792762 0.0225276 0.00637726 -0.0114537 0.0024537 -0.00262594 0.00218012 0.0020365 0.0102678 0.0163501 0.0257593 0.0091274 -0.0190308 0.011224 -0.00327743 0.000877191 0.00901303 0.014057 -0.014096 -0.0181553 0.024855 0.00475581 -0.0126291 0.0170672 -0.0195394 -0.0202928
internal_weight=638.618 450.39 188.227 388.342 233.297 94.892 93.3355 173.508 155.045 94.4385 26.8013 59.789 60.6066 38.5746 83.8433 37.4122 62.0485 28.7467 41.4324 34.7306 24.0753 51.9031 146.706 85.4456 20.7928 51.0803 10.6552 43.9012 82.4399 80.4863
internal_count=31079 28570 2509 23396 16974 1158 1351 13194 6422 4449 853 3780 1973 1021 1021 2087 5174 452 634 536 314 717 12341 8698 381 1347 222 617 8470 8249
is_linear=0
shrinkage=0.05


Tree=17
num_leaves=31
num_cat=0
split_feature=19 27 10 41 25 39 38 2 18 14 40 27 37 39 40 4 4 9 40 39 29 40 40 37 41 39 29 16 39 12
split_gain=23.7669 4.27931 4.7946 3.60531 2.86798 2.78514 3.22146 2.62519 2.51677 2.44355 2.31419 1.76431 1.63077 1.58447 1.398 1.44814 1.33869 1.20547 1.1656 1.10001 1.22724 0.998936 0.943352 0.862887 0.849994 0.790831 0.750826 0.717593 0.71269 0.706455
threshold=-0.43000000715255732 -0.4433333277702331 -0.030000001192092892 0.063821967691183104 -0.20333333313465116 0.030262772925198082 0.014066219329833986 -0.24999999999999997 -0.2766666561365127 -0.25666666030883784 0.17000000178813937 -1.0000000180025095e-35 0.00099897384643554709 0.028243753127753738 0.10333333536982538 0.31666666269302374 0.29666668176651007 -0.46999999880790705 0.089999999850988402 0.034798877313733108 -0.32333332300186152 0.19666666537523272 0.96333330869674694 -0.026075839996337887 0.039426222443580634 0.030629945918917659 -0.46999999880790705 -0.3899999856948852 0.021990424022078518 0.11000001430511476
decision_type=2 2 2 2 2 2 2 2 2 2 2 2 2 2 2 2 2 2 2 2 2 2 2 2 2 2 2 2 2 2
left_child=3 25 5 4 16 6 7 11 -8 -4 14 12 29 -12 15 -6 -1 -9 23 27 -21 28 -10 -11 -23 -2 -13 -7 -19 -3
right_child=1 2 9 -5 10 19 8 17 22 18 13 26 -14 -15 -16 -17 -18 21 -20 20 -22 24 -24 -25 -26 -27 -28 -29 -30 -31
leaf_value=0.0095121582048663823 0.014135987148470709 0.00027021935139887596 -0.0043025118955155265 -0.0083147896043869185 0.021286637547420072 -0.0012120715159876572 0.0020109610800512147 0.0090029565998410409 -0.019909770508278378 0.00521605600161738 0.029807554880163723 -0.013576097234439234 -0.0029762665244575898 0.0080305911022495024 -0.0051029322575742928 -0.00017385520209123586 -0.0084430902797609456 0.0083290514383555919 -0.01867824574571491 0.01128045356999624 -0.0050467768327905017 -0.015025103072160173 0.00021642671861474684 -0.010740452596226796 0 -0.0016839681242145509 0.0038551642235198492 0.018411297063129359 -0.0060798947475621968 0.028836086785825707
leaf_weight=25.523411789443344 25.239428706234325 4.6634328360669377 75.155245802132413 9.1922660805284959 13.290523038245739 2.106719104107472 16.946236029500142 6.7412338294088832 46.731549020623788 9.3470146115869301 68.06137561192736 2.6308977743610766 3.75274146022275 19.530146082863212 9.5610178187489492 9.3481112611480039 8.777351663913576 10.5626791077666 106.56162718776613 12.484769856091587 23.302418160252273 31.579504870576784 3.6765083698555818 11.111948589095844 10.487104081083087 5.4807809963822356 13.955662261927499 17.164003771031275 11.186430748319252 11.863000960322095
leaf_count=464 845 200 2423 131 151 38 757 199 3916 781 744 79 125 226 121 118 122 803 9725 398 1287 2146 276 1089 712 220 914 984 755 252
internal_value=0.000239742 -0.00552217 -0.00687353 0.0163331 0.0182161 -0.00171864 -0.00488228 0.000388205 -0.0129731 -0.0123951 0.0217914 0.0104679 0.0186061 0.0260452 0.00729209 0.0133722 0.00372423 -0.00495946 -0.0165853 0.00740751 0.000852745 -0.00743944 -0.0181318 -0.0029759 -0.0115017 0.0108188 -0.000674806 0.0154983 0.000304864 0.0241041
internal_weight=626.015 462.731 432.011 163.284 154.092 229.835 174.777 107.423 67.3543 202.176 119.791 36.8657 20.2792 87.5915 32.1997 22.6386 34.3008 70.557 127.021 55.0579 35.7872 63.8157 50.4081 20.459 42.0666 30.7202 16.5866 19.2707 21.7491 16.5264
internal_count=31001 28924 27859 2077 1946 13841 11134 6185 4949 14018 1360 1570 577 970 390 269 586 4615 11595 2707 1685 4416 4192 1870 2858 1065 993 1022 1558 452
is_linear=0
shrinkage=0.05


Tree=18
num_leaves=31
num_cat=0
split_feature=19 30 5 25 16 41 31 19 40 24 26 26 9 23 18 26 6 41 39 40 26 9 16 2 30 21 40 40 31 5
split_gain=17.2693 6.06851 4.5835 3.25293 2.85345 2.48232 2.40067 2.25676 1.91286 1.90417 1.76964 1.76034 1.83117 2.98795 1.3701 1.32946 1.27138 1.20581 1.04574 1.02391 0.943925 0.889655 0.870692 0.754804 0.785152 0.659732 0.651372 0.647483 0.729433 0.561096
threshold=-0.32999998331069941 -0.3899999856948852 -0.11666667461395262 -0.063333332538604722 -0.46999999880790705 0.06874531134963037 0.33666664361953741 -0.049999997019767754 0.87666666507720958 0.17000001668930056 0.46333330869674688 -0.22333332896232602 0.23666667938232425 0.30333334207534796 -0.4433333277702331 0.25666666030883795 0.32333332300186163 0.06874531134963037 0.023076260462403301 0.96999999880790722 -0.0099999904632568342 0.35666668415069586 -0.4433333277702331 -0.17000000178813932 0.23666667938232425 -0.36333334445953364 0.99000000953674328 0.089999999850988402 0.46999999880790716 0.25000000000000006
decision_type=2 2 2 2 2 2 2 2 2 2 2 2 2 2 2 2 2 2 2 2 2 2 2 2 2 2 2 2 2 2
left_child=3 2 6 4 9 11 18 15 25 -1 17 -5 14 21 -13 19 -15 26 -2 22 -6 -14 -3 -22 -25 -8 27 -9 -29 -26
right_child=1 7 -4 5 20 -7 8 10 -10 -11 -12 12 13 16 -16 -17 -18 -19 -20 -21 23 -23 -24 24 29 -27 -28 28 -30 -31
leaf_value=0.022867102632625827 -0.010467183540554611 0.0055311874274682187 -0.014716783695190905 0.00037798640837427317 -0.0091032572348730498 -0.008324767733980748 0.0012468883510954422 -0.0064607572315211722 -0.00078308466181286295 -0.00071330346150076359 0.0050803947969706546 0.030458724633442402 0.0024869735862992261 -0.015704082103515721 0.012257398167493577 0.0018723286046349388 0.0040093200936075568 0.00050034370571994016 0.0070312965445086407 0.006420053434151903 0.0094343361545191923 0.022510911133917077 -0.011593712426339879 0.0037302954355846866 -0.011592102742901117 0.02767315112847539 0.00067164317366100038 -0.019866066491210432 0 0.0015675906091619789
leaf_weight=16.667326266877357 9.7392267168033886 2.6616513626649967 16.222914845217019 21.614127246197313 27.850005920277908 7.220172591507434 5.476204022299501 27.306472346419469 7.0496897969860575 10.037576153874396 6.17284499737434 33.142540540546179 13.464312836527826 9.226559051312508 42.785240950994194 39.072479907423258 10.595675784163175 7.414053655229508 12.112167072482405 4.4247329160571089 13.866451111622153 17.839026286732405 70.162030478706583 21.982456413563341 17.303000405896459 21.109258651267737 2.0432577668689182 117.05573622160591 6.6504310595337293 5.8826995152048758
leaf_count=154 795 69 1155 490 1171 110 97 2389 159 109 351 310 187 111 817 1858 166 606 677 311 290 193 6005 593 372 406 169 10556 490 111
internal_value=-0.000524148 -0.00775607 0.004695 0.00886504 0.00199898 0.0134541 0.0116594 -0.0110299 0.0190308 0.0147347 -0.0147905 0.0149554 0.0171185 0.00765793 0.0221562 -0.00497686 -0.0057153 -0.0158607 -0.000444982 -0.00862676 -0.00234527 0.0163536 -0.0102773 0.00100417 -0.00189807 0.0242288 -0.0167993 -0.0172116 -0.0189833 -0.00776077
internal_weight=624.15 354.673 71.7095 269.477 113.59 155.888 55.4865 282.964 33.6352 26.7049 166.643 148.667 127.053 51.1256 75.9278 116.321 19.8222 160.47 21.8514 77.2484 86.8846 31.3033 72.8237 59.0346 45.1682 26.5855 153.056 151.013 123.706 23.1857
internal_count=31277 26093 3289 5184 2800 2384 2134 22804 662 263 14561 2274 1784 657 1127 8243 277 14210 1472 6385 2537 380 6074 1366 1076 503 13604 13435 11046 483
is_linear=0
shrinkage=0.05


Tree=19
num_leaves=31
num_cat=0
split_feature=19 6 38 38 2 29 19 2 30 38 41 37 27 9 38 39 7 41 5 7 33 41 0 24 5 25 13 7 38 29
split_gain=18.964 4.37909 6.21185 3.29861 2.72578 2.41637 2.17888 2.11599 1.73768 1.57034 1.44698 1.3129 1.19695 1.55898 2.35694 2.08611 1.1823 1.0834 1.51216 1.03481 1.01405 1.01401 0.909643 0.908809 0.879388 0.86067 0.692751 0.984903 0.669151 0.90496
threshold=-0.32999998331069941 -0.21666666865348813 -0.014165878295898436 0.0048093795776367196 -0.24999999999999997 0.37666666507720953 -0.090000003576278673 -0.31000000238418574 -0.24333333969116208 -0.0054640769958496085 0.06874531134963037 -0.056897163391113274 -0.15666666626930234 0.21666666865348819 -0.11537122726440428 0.025245379656553272 -0.0099999904632568342 0.039426222443580634 -0.24999999999999997 0.11000001430511476 0.14999997615814212 0.071692150086164488 -0.4433333277702331 -0.28333333134651179 0.34333333373069769 0.23666667938232425 0.19666665792465213 -0.31000000238418574 0.0249934196472168 0.081666648387908949
decision_type=2 2 2 2 2 2 2 2 2 2 2 2 2 2 2 2 2 2 2 2 2 2 2 2 2 2 2 2 2 2
left_child=3 2 4 7 8 17 -3 -1 22 12 -8 -4 13 16 -15 24 -9 20 -19 -20 28 -13 -2 -6 -16 -14 27 -25 -5 -30
right_child=1 6 11 5 23 -7 10 9 -10 -11 -12 21 25 14 15 -17 -18 18 19 -21 -22 -23 -24 26 -26 -27 -28 -29 29 -31
leaf_value=0.017859439887221332 0 -0.0040573417587249109 0.0055965325971630321 0.0069469198326751608 -0.011479058728256695 0.023918058699797407 -0.016342936502711899 0 0 -0.014737252895260925 0.0021823855203097478 -0.018038068918738645 -0.0096230076184809499 0.014280661019035627 -0.021460600463858184 0.0079526822806699881 0.017529721632278648 -0.00040590137865568072 0.021582465607140156 0 0.012359897091077016 0.0032417264231930538 0.025604788433272119 -0.011344447910531998 0 0.0067600791602207017 0.0097879375969372497 0.0064240393709614017 0.0021190573289708763 -0.013059948749378698
leaf_weight=16.149248687550426 4.0114459609612814 79.799320278689265 3.2529214448295525 6.9602682867553076 8.0307014465797675 50.572559041902423 138.43038548436016 13.371913169510661 9.5126795067917538 8.2740661655552667 7.4207207849249235 40.064513105666265 21.422881322214383 10.700299931224434 13.656481985934084 7.7194176400080314 25.976743319537491 10.911705080419777 29.097945708781481 6.1886392659507683 10.75343199027702 2.3192608407698563 23.611281634774063 9.3216411438770574 7.0565122235566369 4.6083359639160326 15.252513847080989 8.791585198137911 11.971787355141716 13.959578828420488
leaf_count=254 103 5300 214 185 559 523 12458 277 584 152 598 3710 855 172 235 111 441 247 577 117 212 160 667 585 104 96 503 623 369 307
internal_value=8.01507e-05 -0.00750474 0 0.00997065 0.00841194 0.0151932 -0.0115659 0.00367512 0.0172228 0.000634188 -0.0151868 -0.0135981 0.00281139 0.00595245 -0.000671537 -0.00853265 0.0123086 0.00883134 0.0138301 0.0182571 0.00200457 -0.0160993 0.0225777 -0.000144205 -0.0160186 -0.0052192 0.00328266 -0.00223088 -0.00212266 -0.00618789
internal_weight=619.171 349.819 124.169 269.352 78.5318 140.416 225.65 128.936 37.1354 112.787 145.851 45.6367 104.513 78.4814 39.1327 28.4324 39.3487 89.8434 46.1983 35.2866 43.6451 42.3838 27.6227 41.3964 20.713 26.0312 33.3657 18.1132 32.8916 25.9314
internal_count=31298 26064 7708 5234 3624 2537 18356 2697 1354 2443 13056 4084 2291 1340 622 450 718 2014 941 694 1073 3870 770 2270 339 951 1711 1208 861 676
is_linear=0
shrinkage=0.05


Tree=20
num_leaves=31
num_cat=0
split_feature=19 27 10 38 3 39 25 9 19 3 30 18 16 38 38 40 3 27 40 41 7 16 36 25 33 15 10 17 17 41
split_gain=17.9848 4.55023 2.93817 2.79825 2.56117 2.55439 2.3788 2.19921 2.17437 1.96426 1.81675 1.82622 1.51393 1.65294 1.44337 1.25709 1.24755 1.20918 0.990254 0.890618 0.878108 0.835702 0.821726 0.987957 0.784766 0.767402 0.755756 0.633546 0.617376 0.592847
threshold=-0.41666667163372034 -0.18999999761581418 -0.29666668176650995 0.012786865234375002 -0.15666666626930234 0.028243753127753738 -0.030000001192092892 -0.076666668057441698 0.030000001192092899 0.37000000476837164 -0.4433333277702331 -0.24999999999999997 -0.41666667163372034 0.15974140167236331 -0.037744045257568352 0.2100000008940697 0.19666665792465213 -0.32999998331069941 0.40666666626930242 0.062321202829480178 -0.31666666269302363 -0.4433333277702331 -0.056666672229766839 0.32333332300186163 0.48333334922790533 -0.40333333611488337 -0.48333333432674402 -0.26333332061767573 -0.35000000894069666 0.061075946316123016
decision_type=2 2 2 2 2 2 2 2 2 2 2 2 2 2 2 2 2 2 2 2 2 2 2 2 2 2 2 2 2 2
left_child=3 2 4 6 20 10 16 15 17 21 14 -12 13 -5 26 -7 -1 22 -18 25 -2 -8 -4 29 -10 -13 -3 -17 -19 -24
right_child=1 5 8 12 -6 7 9 -9 24 -11 11 19 -14 -15 -16 27 18 28 -20 -21 -22 -23 23 -25 -26 -27 -28 -29 -30 -31
leaf_value=0.0039696277705022062 0.028314402748694751 -0.0019920896288531825 -0.0021652567671249959 0.025636360614269826 -0.0031970821139916013 -0.003966228820049148 0.018906714334659958 -0.010242561947658992 -0.013475056961029623 -0.0040823529476445254 -0.0036692711746129252 0 0.002443399522865132 0.0012454586141993 -0.0096080434550133362 0 -0.019895644081208048 0.0033870848968223831 0 0 0.00098392209602522914 0.00040445729664889609 0.013659576582060226 -0.0050160249496665503 0.0033548793229519892 -0.018643799982674455 0.016908701591098994 0.015638814518221741 -0.008402156565939168 -0.0011544527603445825
leaf_weight=18.042019022163004 12.739284139359372 3.3989086458459496 16.065282319206744 58.349003750830889 10.985722591634838 12.471688553225247 37.960372528061271 28.957608001306653 37.313544186297804 10.988896129652856 43.173552733147517 4.808141868794336 15.846017441246657 10.960226595401762 10.671710985479875 5.4209120466839549 8.5353949633426947 9.0376504608429951 7.1534167155623427 7.7486756001599124 6.3656655952800092 10.676912568043916 36.339183116797358 4.8640231771860263 3.1187378643080583 120.79879638622515 7.7172400122508424 19.752307696267962 27.429007079685107 3.4225989473052314
leaf_count=342 219 81 599 654 568 691 373 2395 2798 175 2683 252 375 117 786 270 153 290 123 620 211 186 1227 155 227 11453 256 1159 1511 103
internal_value=-6.82081e-05 -0.00561697 0.000694595 0.0129884 0.0135341 -0.00963106 0.00601202 -0.000660571 -0.00238746 0.0117108 -0.0124135 -0.0140488 0.0194632 0.0225178 0.00010921 0.00653218 -0.00367978 0.00155339 -0.0122938 -0.0169271 0.0226154 0.0157931 0.00585065 0.00914481 -0.0113727 -0.0178973 0.0109965 0.0122977 -0.00482595 0.0118539
internal_weight=611.113 432.6 167.681 178.512 30.0907 264.92 93.357 66.6025 137.59 59.6262 198.317 176.529 85.1552 69.3092 21.7879 37.6449 33.7308 97.1577 15.6888 133.356 19.1049 48.6373 60.6911 44.6258 40.4323 125.607 11.1161 25.1732 36.4667 39.7618
internal_count=31052 28554 7908 2498 998 20646 1352 4515 6910 734 16131 15008 1146 771 1123 2120 618 3885 276 12325 430 559 2084 1485 3025 11705 337 1429 1801 1330
is_linear=0
shrinkage=0.05


Tree=21
num_leaves=31
num_cat=0
split_feature=18 30 39 38 27 38 5 29 3 39 9 41 29 39 12 16 39 41 41 38 41 1 15 24 17 17 0 15 6 37
split_gain=12.9855 4.6617 4.41101 4.28792 3.60179 3.19602 2.56929 2.75318 2.34707 2.26061 2.23379 1.83787 1.97763 1.71994 1.57772 1.48388 1.47111 1.08022 2.05671 1.04517 1.04396 0.865693 0.697756 0.668037 0.662759 0.594494 0.542774 0.530515 0.637621 0.52189
threshold=-0.36333334445953364 -0.3899999856948852 0.028243753127753738 0.012786865234375002 -0.32999998331069941 -0.047021865844726556 -0.11666667461395262 -0.48333333432674402 0.16333335638046267 0.028243753127753738 -0.11666667461395262 0.062321202829480178 0.32999998331069952 0.021990424022078518 0.12333333492279054 -0.43000000715255732 0.032452378422021873 0.045919001102447517 0.064606677740812316 -0.076637268066406236 0.062321202829480178 0.31000000238418585 -0.43000000715255732 -0.090000003576278673 -0.1766666769981384 -0.32833331823348993 0.36333334445953375 -0.2766666561365127 -0.049999997019767754 -0.0096092224121093733
decision_type=2 2 2 2 2 2 2 2 2 2 2 2 2 2 2 2 2 2 2 2 2 2 2 2 2 2 2 2 2 2
left_child=2 3 5 6 21 8 7 -2 19 15 24 12 29 -10 -9 -6 -4 -18 -19 -1 25 23 26 -3 -11 -17 -14 -25 -29 -7
right_child=1 4 16 -5 9 11 -8 14 13 10 -12 -13 22 -15 -16 20 17 18 -20 -21 -22 -23 -24 27 -26 -27 -28 28 -30 -31
leaf_value=0.018398628370167095 -0.0064223332172379166 -0.0024808086381811422 -0.013004557161074307 -0.013058037226648082 0.0032997794142138001 0 -0.007196735390772039 0 -0.021643448253628548 -0.001494028048072131 -0.0096003874730651272 -0.0023662070119501335 0.029715623856844398 0.0024883544734010925 0.025724057496292529 -0.0029950240185764002 -0.0051371252492219263 0.020780334433709257 -0.0074682479682232272 0 0 -0.0072050201374704546 0.0046691620217653327 0.012321325367191901 0.012004690342677852 -0.01627456430399464 0.00887462369946866 0.0077167171395744472 -0.0053973509189686629 0.011875793151587726
leaf_weight=11.230889382306488 6.4838411137461653 17.618018702603877 16.555882821790874 16.213284307159483 8.2387069733813387 16.257135254098102 8.7205378818325681 8.5472326036542636 8.6396498093381542 7.7321732263080802 34.701321923173964 7.567323120776563 47.192481809761375 9.5216931817121786 32.681459337007254 17.186584618408233 13.112516797147693 10.389094685669987 4.9952511424198738 9.8044268880039436 9.3626978038810176 14.871850751340387 10.079757593106477 20.891841737553477 19.213994281133637 148.64861671370454 14.427174322307108 12.243905201787129 11.856355814263225 34.648101494647563
leaf_count=244 158 985 313 1456 198 448 545 442 195 449 2813 146 448 196 642 1281 268 213 118 254 719 799 212 532 1223 13519 154 492 726 967
internal_value=0.000266533 -0.00505107 0.0100518 0.00584978 -0.00764418 0.013678 0.0124153 0.0168688 0.000372033 -0.0105677 -0.00160506 0.0173081 0.0187706 -0.0104808 0.0214116 -0.0133016 -0.00309596 0.00319659 0.0109171 0.0109133 -0.0143037 0.00139881 0.024286 0.00425823 0.00780576 -0.0151964 0.0264262 0.00736877 0.000644713 0.00882126
internal_weight=609.634 395.212 214.421 72.6464 322.566 169.369 56.4331 47.7125 39.1967 245.084 61.6475 130.172 122.605 18.1613 41.2287 183.437 45.0527 28.4969 15.3843 21.0353 175.198 77.482 71.6994 62.6101 26.9462 165.835 61.6197 44.9921 24.1003 50.9052
internal_count=31155 26979 4176 3243 23736 3264 1787 1242 889 20202 4485 2375 2229 391 1084 15717 912 599 331 498 15519 3534 814 2735 1672 14800 602 1750 1218 1415
is_linear=0
shrinkage=0.05


Tree=22
num_leaves=31
num_cat=0
split_feature=16 7 41 3 30 38 19 27 29 5 41 38 27 18 33 16 37 19 38 9 0 7 22 26 9 6 23 40 26 38
split_gain=13.246 4.1335 3.27506 3.08625 2.58372 4.01941 2.93811 2.10813 1.87606 2.2995 1.72237 1.58213 1.57616 1.35903 1.34145 1.7956 1.76911 1.32921 1.2429 1.2131 1.11831 1.02382 0.87888 0.661054 0.770884 0.626821 0.600076 0.566295 0.491639 0.48505
threshold=-0.43000000715255732 0.2833333313465119 0.063821967691183104 0.40333333611488348 -0.3899999856948852 0.012786865234375002 -0.30333334207534784 0.096666663885116591 -0.48333333432674402 -0.11666667461395262 0.06874531134963037 0.0048093795776367196 -0.32999998331069941 0.17000001668930056 0.38333332538604742 -0.4433333277702331 -0.013422966003417967 -0.32333332300186152 0.098306179046630873 -0.12333333492279051 0.36333334445953375 -0.0099999904632568342 -0.12499999999999999 0.056666672229766853 0.20333331823349002 -0.14333333075046537 -0.10333332419395445 0.96999999880790722 0.46333330869674688 0.0061140060424804696
decision_type=2 2 2 2 2 2 2 2 2 2 2 2 2 2 2 2 2 2 2 2 2 2 2 2 2 2 2 2 2 2
left_child=2 4 3 7 5 8 18 14 -2 13 12 -5 22 -10 15 20 -16 -3 21 25 -1 26 -8 -23 29 -20 -6 -14 -19 -25
right_child=1 17 -4 11 6 -7 10 -9 9 -11 -12 -13 27 -15 16 -17 -18 28 19 -21 -22 23 -24 24 -26 -27 -28 -29 -30 -31
leaf_value=0.026253349397543542 -0.0063538445819463704 0.001463214896244818 -0.010424184519139006 -0.014690605707301661 0.00010073839630024616 -0.012799096369732503 0.0076001991979672782 -0.0031623784746633125 0.0013729353880297588 -0.0043059678185359577 0.0078131102850505004 0.0085438165713831848 -0.012286195577280411 0.025046402095865224 0.017433104623961901 0.0011903598327551862 -0.0056018581942307707 -0.018326171559589221 0 -0.00064112551397752784 0.0042257405381083864 -0.0031697561669133839 -0.005918815473109673 0.015622465293662013 -0.002128630793833344 0.02342008141501906 -0.0093969691624705889 0 0 0
leaf_weight=71.106823943555355 6.4445635918527833 7.0647404687479129 9.1510228523984534 9.1042055622674543 21.045449690660462 15.17750208545476 15.338427685433997 8.2256968482397479 10.977750236634163 7.7495627170428625 9.9733880986459535 7.5296585471369317 134.30188028770499 29.675014366861433 8.1836087880656141 13.04498125053942 13.098064539488403 59.247113353339955 5.6945093236863604 10.802176553523166 12.061892844736574 12.678917550016193 21.535291726468131 16.230730871204294 7.8535678475163868 8.5847721197642404 30.764735485659912 7.0694316904991856 3.3387114896904668 6.3539143083617082
leaf_count=746 197 210 137 202 727 1375 685 188 502 482 656 125 12981 554 110 242 194 5539 168 345 130 621 1245 367 191 156 1099 573 224 170
internal_value=-4.4072e-05 -0.00441956 0.0124082 0.0144067 -0.00217072 0.00601795 -0.00419001 0.017033 0.0123846 0.0157647 -0.00801983 -0.00359174 -0.00926701 0.0201883 0.0187342 0.0212624 0.00422554 -0.0151611 0.00171405 0.0104695 0.0238384 -0.00083646 0 0.00424151 0.00802834 0.0178103 -0.00549648 -0.0115803 -0.017366 0.0121404
internal_weight=599.408 447.902 151.506 142.355 378.252 70.0244 308.227 125.721 54.8469 48.4023 188.218 16.6339 178.245 40.6528 117.495 96.2137 21.2817 69.6506 120.009 25.0815 83.1687 94.9273 36.8737 43.1171 30.4382 14.2793 51.8102 141.371 62.5858 22.5846
internal_count=31141 29067 2074 1937 23094 3110 19984 1610 1735 1538 16140 327 15484 1056 1422 1118 304 5973 3844 669 876 3175 1930 1349 728 324 1826 13554 5763 537
is_linear=0
shrinkage=0.05


Tree=23
num_leaves=31
num_cat=0
split_feature=18 10 19 37 27 37 6 38 35 41 25 39 37 36 29 38 9 38 24 31 27 41 38 39 14 36 40 12 40 21
split_gain=11.4817 3.2992 3.23252 2.44926 1.99398 1.94751 1.90198 2.75907 1.81954 1.62167 1.80051 1.57326 1.53168 1.5271 1.20787 1.1907 1.16463 1.10056 0.830912 0.824956 0.725253 0.777982 0.711427 0.709641 0.714305 0.697351 0.686965 0.648969 0.714207 0.592535
threshold=-0.3899999856948852 -0.4433333277702331 -0.17000000178813932 -0.073925971984863267 -0.0099999904632568342 0.0033550262451171879 -0.11666667461395262 -0.042906284332275384 -0.1766666769981384 0.063821967691183104 -0.063333332538604722 0.023547814227640632 -0.058910369873046868 0.38333332538604742 -0.29666668176650995 -0.095863342285156236 0.41666668653488165 0.088602066040039076 0.18333333730697635 0.1566666662693024 -0.45666666328907007 0.06874531134963037 0.035072326660156257 0.028422865085303787 0.4499999880790711 0.23666667938232425 0.99000000953674328 0.12333333492279054 0.11666666716337205 0.36333334445953375
decision_type=2 2 2 2 2 2 2 2 2 2 2 2 2 2 2 2 2 2 2 2 2 2 2 2 2 2 2 2 2 2
left_child=3 5 8 11 9 14 7 15 25 10 18 -1 -9 -12 19 -4 -15 29 -5 -2 -8 26 -6 24 -14 -3 -22 -17 -29 -10
right_child=1 2 6 4 22 -7 20 12 17 -11 13 -13 23 16 -16 27 -18 -19 -20 -21 21 -23 -24 -25 -26 -27 -28 28 -30 -31
leaf_value=0.0084064158356316181 0 -0.011071994263571215 -0.0024550209655365245 0.0099218945333711638 -0.0068712523654940244 -0.0050145525016437979 0.0010799791888890596 0.0085736248746672277 0.0022556730902862573 -0.0030023077418881161 0.023833433838766932 -0.016409314704607818 -0.018820155738887248 -0.0056101545284159143 -0.0033360994260520369 0 0.013795017151008303 0.011471256003865511 -0.0024866985370165197 0.022302601291080176 -0.015569643869767908 0 0.006923411936047486 0 0 0.0040375570249341413 0.0019553138374454209 0 0.021069435195387981 -0.0072693806367063593
leaf_weight=4.8092377302236846 4.1701176255010095 34.234463452361524 21.845546485856175 41.114093482028693 14.028333746362479 12.543249443639068 4.2956909209024152 3.311161230551078 74.242721105925739 8.2202437138184887 65.985768364742398 8.8666490884497744 32.144281132845208 9.1259596920572239 3.4317975686863091 9.4852907680906373 8.7051879460923356 24.064920478966087 12.040939784143118 19.369108413811773 115.85759057104588 6.7433505090884855 11.377125329105182 9.9222563358489406 3.2434910021256647 3.4686170944478354 1.9235037872567762 2.9346121242269865 10.75206267624162 14.319936753017826
leaf_count=113 210 1970 1213 748 503 777 251 213 3311 129 842 209 3143 117 206 673 107 835 175 398 11312 550 375 847 295 217 162 125 452 672
internal_value=0.000390006 -0.00420309 -0.0057212 0.0106067 0.012295 0.0084361 -0.00946803 -0.00336474 0 0.0144754 0.0157812 -0.00650972 -0.0111626 0.0204156 0.0152239 0.00488961 0.00390243 0.00318788 0.0067213 0.0189042 -0.0133719 -0.0140887 0 -0.013926 -0.0168313 -0.00874642 -0.0150006 0.0117516 0.0169426 8.76455e-05
internal_weight=596.577 412.304 372.789 184.274 170.598 39.5143 222.459 93.6387 150.331 145.192 136.972 13.6759 48.6212 83.8169 26.971 45.0175 17.8311 112.628 53.155 23.5392 128.82 124.524 25.4055 45.31 35.3878 37.7031 117.781 23.172 13.6867 88.5627
internal_count=31150 27832 26241 3318 2996 1591 19236 6961 7005 2118 1989 322 4498 1066 814 2463 224 4818 923 608 12275 12024 878 4285 3438 2187 11474 1250 577 3983
is_linear=0
shrinkage=0.05


Tree=24
num_leaves=31
num_cat=0
split_feature=16 10 19 41 26 31 37 26 4 4 31 16 4 21 26 41 41 40 37 41 40 26 41 8 40 31 40 22 32 33
split_gain=9.82378 3.32972 3.32744 1.94849 2.07138 1.92412 2.23017 2.53213 1.70795 1.38043 1.28338 1.17567 1.08638 0.95185 0.883887 0.858216 0.837479 0.665769 0.657993 0.629307 0.794008 0.620727 0.762473 0.775815 0.699669 0.579387 0.571267 0.557295 0.539327 0.508762
threshold=-0.4433333277702331 -0.036666661500930779 -0.30333334207534784 0.062321202829480178 -0.22333332896232602 0.42333334684371954 0.064506053924560561 0.25000000000000006 -0.06833332777023314 0.40333333611488348 -0.4433333277702331 -0.25666666030883784 0.17666667699813846 -0.36333334445953364 0.44333332777023321 0.038000477477908141 0.062321202829480178 0.089999999850988402 -0.0039434432983398429 0.039961723610758788 0.52666667103767406 0.069999992847442641 0.038000477477908141 0.043333351612091071 0.23333333432674411 -0.18333333730697629 0.29666666686534887 0.21666666865348819 -0.12999999523162839 0.37000000476837164
decision_type=2 2 2 2 2 2 2 2 2 2 2 2 2 2 2 2 2 2 2 2 2 2 2 2 2 2 2 2 2 2
left_child=3 5 21 4 -1 6 7 11 13 10 29 28 -9 -7 17 -10 -13 18 -4 26 -21 -3 24 -24 25 -23 -8 -12 -2 -6
right_child=1 2 14 -5 9 8 19 12 15 -11 27 16 -14 -15 -16 -17 -18 -19 -20 20 -22 22 23 -25 -26 -27 -28 -29 -30 -31
leaf_value=-0.0034038073802818607 -0.0070462912169804662 -0.0057791729681733132 0.0026302144410374566 -0.0063715724516890592 0.028375802481747377 0 0.0087942777753487866 0.0099577840600039054 -0.012845867949341375 0 0.013235451550872962 -0.011887345776437047 -0.0061421274186320429 0.020048864894514639 0 0.0057214349967764791 0.0029323589215798653 -0.015143647695981831 -0.011067461205481381 0 0.017496184589235277 0.0057048730718542648 0.0052407320627021435 -0.00875453074610252 0.012614763045956216 -0.0090232364074236474 -0.0081736261973974662 0.0010499598841082192 0.0044815008884722899 0.0062112979196779355
leaf_weight=11.798927867785094 9.6442415674682689 24.928020449355245 13.61024312535301 8.4366834182292205 29.692089780233793 6.1119737904518834 1.9682330440264175 32.147745130350813 5.8771459050476533 10.244074637535958 37.718890424352146 81.954887523548678 7.803605734370648 21.098838170990351 14.003861648030577 5.8410093949642032 5.4248736235313109 108.67680541030131 8.2518283231183869 8.4970116289332527 16.264813928864896 9.4255339084193093 10.305935149081053 16.378635360859334 18.826917313970625 5.6242921338416627 6.1736153757665306 19.412192163988948 22.459513623500243 10.632137414999304
leaf_count=239 367 1093 1188 124 273 126 160 1245 269 188 437 7814 422 423 863 215 433 10006 796 386 935 188 276 387 458 157 431 232 806 134
internal_value=-0.00014811 -0.0036093 -0.00779519 0.011748 0.0134699 0.0005407 -0.0014803 -0.00407808 0.00994662 0.0156204 0.0173642 -0.00772803 0.0058776 0.0160103 -0.012269 -0.00337646 -0.0105703 -0.0134964 -0.00291265 0.00915226 0.0125313 0 0.00279199 -0.00261467 0.00743034 0 -0.000313094 0.00998432 0 0.0246329
internal_weight=589.235 461.3 230.032 127.935 119.498 231.268 192.339 159.435 38.929 107.699 97.4553 119.484 39.9514 27.2108 144.543 11.7182 87.3798 130.539 21.8621 32.9037 24.7618 85.4893 60.5613 26.6846 33.8767 15.0498 8.14185 57.1311 32.1038 40.3242
internal_count=31071 29444 15412 1627 1503 14032 12999 11087 1033 1264 1076 9420 1667 549 12853 484 8247 11990 1984 1912 1321 2559 1466 663 803 345 591 669 1173 407
is_linear=0
shrinkage=0.05


Tree=25
num_leaves=31
num_cat=0
split_feature=16 7 31 19 37 38 38 38 39 19 4 26 25 38 39 3 30 10 10 32 7 31 41 40 1 39 4 17 23 6
split_gain=10.1837 3.62793 2.8481 3.04247 2.37913 2.32936 2.144 3.36672 2.15658 1.73268 1.59159 1.79922 1.53589 1.5251 1.42202 1.29392 1.26256 1.21001 1.11175 0.973728 0.748149 0.70846 0.70781 0.574205 0.565669 0.525634 0.496227 0.491039 0.488535 0.459771
threshold=-0.4433333277702331 0.31000000238418585 0.42333334684371954 -0.17000000178813932 -0.06400823593139647 0.012786865234375002 -0.048531532287597649 -0.1008472442626953 0.030262772925198082 0.4499999880790711 -0.22333332896232602 0.25000000000000006 -0.063333332538604722 -0.042906284332275384 0.021990424022078518 0.26333332061767584 0.45499998331069952 -0.036666661500930779 -0.2766666561365127 -0.04333332180976867 -0.0099999904632568342 -0.04333332180976867 0.039836786687374122 0.96999999880790722 0.25000000000000006 0.026318108662962917 -0.37666666507720942 -0.4433333277702331 -0.36333334445953364 0.1566666662693024
decision_type=2 2 2 2 2 2 2 2 2 2 2 2 2 2 2 2 2 2 2 2 2 2 2 2 2 2 2 2 2 2
left_child=4 2 3 12 -1 9 7 -6 -8 15 11 25 20 28 -9 18 27 19 -4 -14 26 24 29 -12 -21 -5 -2 -3 -13 -19
right_child=1 16 5 10 6 -7 8 14 -10 -11 23 13 17 -15 -16 -17 -18 22 -20 21 -22 -23 -24 -25 -26 -27 -28 -29 -30 -31
leaf_value=-0.0056302456109937025 0.0041177502770962443 0 0.026646689020661869 -0.010364814447116752 0.017641084816368696 -0.009057044451327826 0.021286307303753804 -0.022966734075102295 0 -0.0046710616831471775 -0.012550309054666498 0 0.00052030766519834944 -0.0054283737080349798 0.0013915547871645776 -0.0012452805777788791 0.00095970125327924879 -0.00027001128412024438 0.0020000409026473195 0.021936820655870014 0.002481977503480007 0 -0.0070107535319958699 0.00050670433585684436 0 0 -0.0072571489371493023 -0.017476558991743885 0.021462530627430795 0.010092912068962514
leaf_weight=11.096102013252674 4.292575877858325 2.2637786031700662 21.385851257946342 27.851212726905942 10.389110373333098 8.163901270600034 76.262634253129363 6.9851268008351308 14.66351548861712 5.8301947889849535 92.558889237232506 4.9676149529404929 18.98195883166045 6.5645848368294528 6.6940818633884192 4.475595769006758 8.5679664027411473 15.430542464833708 9.5270498415920901 18.992202745052062 34.168368277838454 3.2573212399147442 16.363555927760899 4.7422657788265488 4.4706559223122886 12.25715067447163 60.045687592122704 50.667589107062668 8.9620361877605337 11.848858587909488
leaf_count=187 194 100 268 2856 136 657 925 119 191 105 9109 112 854 546 92 193 644 567 488 533 1484 203 552 432 142 974 3173 4591 183 351
internal_value=0.000365829 -0.00309062 -0.00117254 -0.00287006 0.0126444 0.00928467 0.0148062 0.000284693 0.0181365 0.0141362 -0.00787517 -0.000889888 0.00132169 0.00917083 -0.0129864 0.0180667 -0.0138444 0.00596188 0.0212879 0.0111381 -0.00274838 0.0164383 0 -0.0116795 0.0189791 -0.00709726 -0.00585629 -0.0165187 0.0168683 0.00448808
internal_weight=582.728 456.637 395.138 345.755 126.091 49.3826 114.994 24.0683 90.9261 41.2187 157.904 60.6026 187.852 20.4942 13.6792 35.3885 61.4993 89.3451 30.9129 45.7021 98.5066 26.7202 43.643 97.3012 23.4629 40.1084 64.3383 52.9314 13.9297 27.2794
internal_count=30961 29311 23976 22265 1650 1711 1463 347 1116 1054 14212 4671 8053 841 211 949 5335 3202 756 1732 4851 878 1470 9541 675 3830 3367 4691 295 918
is_linear=0
shrinkage=0.05


Tree=26
num_leaves=31
num_cat=0
split_feature=16 8 41 38 19 3 24 17 5 11 15 38 29 5 16 26 41 17 37 19 37 10 35 3 26 15 40 7 38 26
split_gain=8.64566 3.24152 3.08922 3.34317 3.00582 2.28425 1.40328 1.36037 1.35767 1.46311 1.42369 1.41965 1.25915 1.32962 1.01941 0.881757 0.854908 1.12364 0.833908 1.04054 0.832269 0.746845 0.715197 0.706571 0.653481 0.653371 0.586627 0.584811 0.547337 0.519345
threshold=-0.41666667163372034 -0.10999999940395354 0.063821967691183104 -0.023827552795410153 -0.036666661500930779 0.23500001430511477 0.38999998569488531 -0.40333333611488337 0.21666666865348819 0.14999997615814212 -0.22333332896232602 -0.033671855926513665 -0.48333333432674402 -0.076666668057441698 -0.32333332300186152 0.27666664123535162 0.026418660767376426 -0.46999999880790705 -0.056897163391113274 -0.10333332419395445 -0.027381420135498043 0.14999997615814212 -0.22999998927116391 0.22333335876464847 0.20999997854232791 0.20999997854232791 0.089999999850988402 0.056666672229766853 -0.053362846374511712 0.46333330869674688
decision_type=2 2 2 2 2 2 2 2 2 2 2 2 2 2 2 2 2 2 2 2 2 2 2 2 2 2 2 2 2 2
left_child=2 8 3 5 15 7 16 24 9 10 22 12 -11 25 -10 27 -5 -18 -13 -20 -12 -7 -2 -17 -1 -14 -6 -3 -22 -28
right_child=1 4 -4 6 26 21 -8 -9 14 11 20 18 13 -15 -16 23 17 -19 19 -21 28 -23 -24 -25 -26 -27 29 -29 -30 -31
leaf_value=0.00059889358306636242 -0.0039967108143715907 -0.0093456555207562103 -0.012204200602210028 0.00063743667427514355 -0.0025667353776038307 0.0018422546786284228 -0.00083355704573194456 -0.0019075132407754625 0.0057922867457811719 -0.0042150247179777714 -0.011809483032321023 0.011654420900655202 0 -0.002260280889087851 -0.014945167908532626 0.0066299122862876541 0.028072082722620614 0.011696857332169826 0.0080067529492547328 -0.010436233963214612 0.0060807665131807995 -0.013133656942265674 0.0089898318646317778 -0.0050337256575846874 0.0212577198438255 0.022664358424638223 -0.016234957378902713 0 -0.0040052039661412839 0
leaf_weight=8.5622241287492233 7.5861492489930233 36.078429382061586 9.3195801251567882 9.3541823374107462 18.055974089307711 6.7175208372063961 7.1574043603613964 12.297921557910739 2.5264462237246361 4.0195165956392875 23.784035152522847 4.0419659435283419 3.8551617050543454 4.3502940358594051 15.41524437908083 34.221998232416809 32.334976295940571 47.840679124463357 4.5407349315937671 18.299259733408686 12.952779602957888 18.054134858772159 32.909922683611512 11.672901350539176 12.686305528506635 25.095936520257965 84.390308774774894 36.196593153290451 36.665535057662055 3.6751586177851996
leaf_count=128 300 2649 164 127 1684 111 140 253 72 83 1680 161 276 338 1306 1194 325 785 278 1534 746 341 1167 507 139 633 8420 2262 3026 261
internal_value=0 -0.00380756 0.00951899 0.0113865 -0.00784184 0.00122137 0.0168446 0.00938253 0.0007801 0.00232633 -0.000933099 0.00805035 0.0136728 0.0167819 -0.010261 -0.00192081 0.0184832 0.0200858 -6.57625e-05 -0.00499985 -0.00513046 -0.00869273 0.00581756 0.00294264 0.0158155 0.0202554 -0.0137565 -0.00531734 -0.000550839 -0.0154749
internal_weight=584.659 420.334 164.325 155.005 224.291 58.3181 96.6872 33.5465 196.043 178.101 113.898 64.2029 37.3209 33.3014 17.9417 118.17 89.5298 80.1757 26.882 22.84 73.4023 24.7717 40.4961 45.8949 21.2485 28.9511 106.121 72.275 49.6183 88.0655
internal_count=31090 28577 2513 2349 16977 972 1377 520 11600 10222 6919 3303 1330 1247 1378 6612 1237 1110 1973 1812 5452 452 1467 1701 267 909 10365 4911 3772 8681
is_linear=0
shrinkage=0.05


Tree=27
num_leaves=31
num_cat=0
split_feature=18 3 30 27 38 24 41 26 39 12 40 24 8 14 36 17 15 30 41 38 6 41 1 6 40 40 41 38 36 41
split_gain=6.94042 2.28206 2.24004 2.30045 2.08909 1.97128 1.89325 1.51674 1.44015 1.35731 1.26739 1.21008 1.18608 1.05091 1.02784 1.27198 0.905217 0.773671 0.679031 0.637795 0.602044 0.702327 0.537347 0.522897 0.519692 0.651911 0.486703 0.508814 0.503727 0.4759
threshold=-0.41666667163372034 0.2833333313465119 -0.4433333277702331 -0.32999998331069941 0.012786865234375002 0.37666666507720953 0.063821967691183104 -0.22333332896232602 0.030262772925198082 0.23000001907348636 0.17000000178813937 -0.016666665673255917 -0.083333343267440782 -0.4433333277702331 0.42333334684371954 -0.4433333277702331 -0.32999998331069941 -0.076666668057441698 0.062321202829480178 0.0085520744323730486 -0.096666663885116563 0.045919001102447517 0.37000000476837164 0.069999992847442641 0.2100000008940697 0.91000002622604381 0.062321202829480178 -0.066113471984863267 -0.090000003576278673 0.064969118684530272
decision_type=2 2 2 2 2 2 2 2 2 2 2 2 2 2 2 2 2 2 2 2 2 2 2 2 2 2 2 2 2 2
left_child=5 2 4 11 9 6 7 -1 10 -2 17 23 20 -12 15 22 -3 19 -15 -5 21 -10 -9 -4 -17 -26 27 -13 -29 -23
right_child=1 16 3 8 -6 -7 -8 14 12 -11 13 26 -14 18 -16 24 -18 -19 -20 -21 -22 29 -24 -25 25 -27 -28 28 -30 -31
leaf_value=-0.0006285748774036053 0 -0.0011905736156611532 0.001457692355796401 0.010255954665315177 -0.0087109137059533104 -0.0092837635640748133 -0.0076632545207738134 0.021719125348377569 0.0082848711265839127 0.020343077667515155 0.006121601008077307 0 -0.0059063232126412776 -0.01225469429985885 -0.00023192581977644805 -6.1650450342490019e-05 -0.013924899364488125 -0.006002510828954262 0.00014935341154598324 -0.0024691253563298861 0.014354177419142003 -0.012057583722861722 0.0042478434104358401 -0.0092986094209251014 0.013085924647041232 -0.0011804375762502551 -0.0020845489895280982 0 0.016843514277918744 0.0024009370266295268
leaf_weight=16.934493395499885 8.5255740571301448 25.231323512271047 20.862018010113388 14.78174864058383 6.937238219426944 8.0757147185504419 7.9852254339493802 54.523767466191202 9.6314325449056977 21.063805130543187 3.7269271793775252 12.811340000480412 23.699885737383738 112.705953623401 8.4285474116913957 15.143169193761421 57.543509535957128 29.156087431823835 7.6589909857138982 10.548320380738003 11.066837499849496 6.5144560646731389 12.494196317158638 11.287190458271651 21.420514702331278 5.7845275239087632 3.2333675073459736 7.2204626526217899 21.75427202903666 3.2371891508810222
leaf_count=516 398 1031 916 1143 619 124 162 647 541 363 86 362 1861 9461 129 276 5169 2272 561 1027 531 399 164 576 385 123 105 293 749 138
internal_value=-0.000168274 -0.00345748 -0.00151145 -0.00299807 0.00915687 0.00880847 0.0103336 0.0118592 -0.00549378 0.0148108 -0.00762208 0.00408133 0.0011696 -0.0103244 0.0137998 0.0150537 -0.0106677 -0.000640609 -0.011298 0.00470081 0.00742851 3.10527e-05 0.019421 -0.00253191 0.00607279 0.00963444 0.00903633 0.0105737 0.0137524 -0.00658447
internal_weight=579.988 429.198 346.423 309.896 36.5266 150.79 142.714 134.729 232.728 29.5894 178.578 77.1687 54.1498 124.092 117.795 109.366 82.7748 54.4862 120.365 25.3301 30.4499 19.3831 67.018 32.1492 42.3482 27.205 45.0194 41.7861 28.9747 9.75165
internal_count=31127 28601 22401 21021 1380 2526 2402 2240 18020 761 14550 3001 3470 10108 1724 1595 6200 4442 10022 2170 1609 1078 811 1492 784 508 1509 1404 1042 537
is_linear=0
shrinkage=0.05


Tree=28
num_leaves=31
num_cat=0
split_feature=16 33 40 4 24 31 16 38 39 38 26 19 39 4 41 41 41 10 38 38 37 39 25 20 40 30 37 38 0 33
split_gain=7.33098 2.75611 2.61129 2.60625 2.34499 2.47146 2.96794 2.2111 1.64695 1.75414 1.58873 1.37269 1.2648 1.25005 1.03041 0.956571 1.26 0.935628 0.887211 1.33169 1.02405 0.782766 0.757022 0.752752 0.735404 0.70066 0.642655 0.608617 0.595736 0.575045
threshold=-0.46999999880790705 0.38333332538604742 0.17000000178813937 0.40333333611488348 -0.32999998331069941 0.42333334684371954 -0.24333333969116208 0.028881549835205082 0.016595917753875259 0.088602066040039076 0.26333332061767584 0.4499999880790711 0.028243753127753738 0.21666666865348819 0.045919001102447517 0.064969118684530272 0.03504293970763684 0.030000001192092899 0.0048093795776367196 -0.11537122726440428 0.066391468048095717 0.032452378422021873 -0.40333333611488337 -0.36333334445953364 0.89666664600372326 -0.43000000715255732 -0.015175819396972655 0.022661209106445316 0.42333334684371954 -0.31000000238418574
decision_type=2 2 2 2 2 2 2 2 2 2 2 2 2 2 2 2 2 2 2 2 2 2 2 2 2 2 2 2 2 2
left_child=1 2 -1 4 22 6 8 11 26 10 23 25 18 -12 17 16 -11 -14 19 -8 -20 -16 -2 -10 -4 -7 -6 -5 -25 -27
right_child=3 -3 24 27 5 7 12 -9 9 15 13 -13 14 -15 21 -17 -18 -19 20 -21 -22 -23 -24 28 -26 29 -28 -29 -30 -31
leaf_value=0 0.0017723909967880033 -0.0040187069734296732 0.027458568818317992 -0.019031148569674635 0.018609716054579523 0.025770312442801376 -0.015535706061161121 -0.0086623734078705369 0.0029397458335818348 -0.00057783816057052151 0.0081523213707982347 -0.0033569252860990739 0.013050007045789097 -0.006369641295006937 0.0050269208904849668 -0.0036379388244180133 0.017682458723829651 -0.0036741972231170749 -0.016142482926588455 0 0 -0.010911533620406175 -0.011660199694965659 -0.01154339827983181 0.0052298240556935896 -0.0032905231535309194 0.0037152124419937735 -0.0026926788864568571 0.0029527818638791642 0.010867080860082437
leaf_weight=16.110373492352664 7.182374565396457 13.139456348493693 33.720469752326608 21.771004582289606 14.147529815090818 15.861570447683329 11.874120491789652 6.567008356563746 7.2772020804695776 9.8297652592882496 36.140691266860813 4.3835572535172096 16.40542985661887 15.769028890412299 5.0268642050214138 6.7433219808153799 22.228243730729446 6.9055755278095594 44.475806772243232 55.92162754572928 10.316031722119076 16.06619120342657 55.736803927458823 50.501418613363057 11.096816174685953 4.7174018335063002 26.364276927197352 15.094255981268359 2.6804643543437114 12.091646449407568
leaf_count=172 587 192 338 1763 400 187 919 570 260 304 882 99 1121 388 362 157 584 629 4582 5086 1077 1223 4424 1908 116 151 753 1261 101 603
internal_value=-0.000118927 0.0138991 0.0181506 -0.0023758 -0.00121342 0.000182996 -0.00118266 0.0107011 0.00293981 0.000228838 -0.00281047 0.0154424 -0.005997 0.00310628 0.00068702 0.00878631 0.0122181 0.00750481 -0.00853161 -0.00365317 -0.0132003 -0.0059183 -0.00974328 -0.00808851 0.023714 0.0187408 0.0111838 -0.014238 -0.0101651 0.00597734
internal_weight=576.146 74.0671 60.9277 502.079 465.214 402.295 358.674 43.6212 191.682 151.17 112.369 37.0542 166.992 51.9097 44.4041 38.8013 32.058 23.311 122.588 67.7957 54.7918 21.0931 62.9192 60.4591 44.8173 32.6706 40.5118 36.8653 53.1819 16.809
internal_count=31199 818 626 30381 27357 22346 20736 1610 5737 4584 3539 1040 14999 1270 3335 1045 888 1750 11664 6005 5659 1585 5011 2269 454 941 1153 3024 2009 754
is_linear=0
shrinkage=0.05


Tree=29
num_leaves=31
num_cat=0
split_feature=16 10 38 4 5 38 31 19 19 6 31 3 38 40 40 27 38 40 20 31 38 2 34 19 26 40 29 9 38 38
split_gain=6.09589 2.75115 2.17098 1.99819 2.19141 1.97871 1.65514 1.60794 1.47122 1.46343 1.44166 1.30941 1.23935 1.00254 1.06785 0.822387 0.727927 0.713432 0.679217 0.666484 0.633145 0.638712 0.604155 0.559806 0.509215 0.52591 0.47794 0.527163 0.471657 0.756702
threshold=-0.41666667163372034 -0.030000001192092892 0.012786865234375002 -0.20333333313465116 0.17000001668930056 0.15974140167236331 0.42333334684371954 -0.236666664481163 -0.049999997019767754 0.38333332538604742 -0.37666666507720942 0.18999999761581424 -0.0027670860290527339 0.23333333432674411 0.10333333536982538 -0.12333333492279051 0.24334907531738284 0.95666664838790905 0.01666665077209473 -0.40333333611488337 -0.060666084289550774 -0.24333333969116208 0.35000002384185797 0.26999998092651373 0.46333330869674688 0.089999999850988402 -0.46999999880790705 -0.3899999856948852 0.0249934196472168 -0.076637268066406236
decision_type=2 2 2 2 2 2 2 2 2 2 2 2 2 2 2 2 2 2 2 2 2 2 2 2 2 2 2 2 2 2
left_child=2 6 3 -1 10 13 8 -3 16 19 -5 12 26 14 -4 20 22 -17 -11 -6 21 -10 28 -22 25 -9 -8 -28 29 -2
right_child=1 7 5 4 9 -7 11 24 15 18 -12 -13 -14 -15 -16 17 -18 -19 -20 -21 23 -23 -24 -25 -26 -27 27 -29 -30 -31
leaf_value=0.015371841012879401 -0.0062969368335305921 -0.0013714890194928475 0.011597158678525694 -0.024320056404146796 0.013730493643287418 -0.0019368457868265715 0.0011893675641733202 -0.0019056258105940582 0.01474244883035874 -0.016228471035591541 0 -0.0052527528451696646 -0.0030912047010268318 0.021612346631429732 -0.0061101164026291345 -0.011694455004267612 0.011432941029803417 0.0032686096732438895 0.00034537618459025865 0 0.00055255115827177435 -0.0017813441796904997 0.0098773380397143042 -0.014252349512307442 0 -0.013572160127057118 0.025780584960113314 0.0018974597274512485 -0.0053318159387206465 0.0052746158434644778
leaf_weight=14.563551813364027 13.804517468670381 72.650111506693065 15.835922084748747 8.8841742468066531 19.27678402792662 12.944649648852645 7.6862099114805487 18.842203050618991 5.8406734052114189 4.9258261672221106 10.54838069854304 7.128035116242244 5.246090009808543 40.945563076063991 7.1214479436166576 49.646963262464851 10.881353871198369 3.7912842279765746 7.5296928496100008 15.142997246701272 9.4083746164105815 4.9054399668239075 7.8976244837976983 3.6805923487991086 6.1339125442318609 94.157501637237146 11.920741141773766 6.6200293619185642 36.792203738586977 37.981018121587113
leaf_count=211 984 2914 215 140 256 196 80 1807 127 125 194 324 293 627 112 4922 323 332 158 263 878 259 416 249 386 9455 129 209 2083 2416
internal_value=-0.000295742 -0.00351741 0.00784715 0.0015397 -0.00217603 0.0135909 0.000173706 -0.00781512 -0.00175046 0.00342869 -0.0142981 0.00893495 0.0131419 0.0169902 0.00511307 -0.00682187 0.00184718 -0.00998948 -0.00799959 0.00875635 2.26884e-05 0.00777101 0 -0.00547213 -0.0112906 -0.0120311 0.0171357 0.0208206 -0.00127815 0.0014238
internal_weight=572.734 415.015 157.719 80.8714 66.3079 76.8476 223.231 191.784 184.63 46.8753 19.4326 38.6011 31.4731 63.9029 22.9574 77.2733 107.357 53.4382 12.4555 34.4198 23.8351 10.7461 96.4754 13.089 119.134 113 26.227 18.5408 88.5777 51.7855
internal_count=31083 28586 2497 1347 1136 1150 14024 14562 12989 802 334 1035 711 954 327 6767 6222 5254 283 519 1513 386 5899 1127 11648 11262 418 338 5483 3400
is_linear=0
shrinkage=0.05


Tree=30
num_leaves=31
num_cat=0
split_feature=16 3 27 9 33 40 31 18 15 39 19 40 5 2 39 39 22 9 19 10 0 39 24 21 40 16 12 37 41 39
split_gain=6.27088 2.48171 1.97637 2.54964 1.83181 1.68892 1.39523 1.40398 1.21095 1.16346 0.88626 1.0547 1.47626 0.877401 0.728368 0.725436 0.606865 0.78072 0.567613 0.556772 0.585258 0.553893 0.523515 0.593975 0.606518 0.454256 0.450294 0.427368 0.410484 0.403164
threshold=-0.46999999880790705 0.27666664123535162 -0.31666666269302363 -0.3899999856948852 0.38333332538604742 0.17000000178813937 0.41000002622604376 0.38999998569488531 -0.4433333277702331 0.030262772925198082 -0.0099999904632568342 0.70999997854232799 -0.030000001192092892 -0.236666664481163 0.028243753127753738 0.020547864027321342 -0.16333332657814023 0.27666664123535162 0.3966666460037232 -0.29000000655651087 0.32999998331069952 0.01669745892286301 -0.32999998331069941 0.16333335638046267 0.55000001192092907 -0.45666666328907007 -0.10333332419395445 -0.017339229583740231 0.062321202829480178 0.039099797606468208
decision_type=2 2 2 2 2 2 2 2 2 2 2 2 2 2 2 2 2 2 2 2 2 2 2 2 2 2 2 2 2 2
left_child=4 2 9 6 5 -1 -4 -8 -3 13 11 15 26 18 28 -5 29 -18 21 -17 -21 -2 -15 27 -25 -10 -13 -24 -12 -11
right_child=1 8 3 10 -6 -7 7 -9 25 16 14 12 -14 22 -16 19 17 -19 -20 20 -22 -23 23 24 -26 -27 -28 -29 -30 -31
leaf_value=0.00026991390881624469 0 0.0019722696788788039 0 0 -0.0017586759953541293 0.021038172306770436 0.021420904473357191 -0.001242212343513972 0.00051500685286324285 -0.015853337931263641 -0.012455774208307404 -0.0080733501350854827 0.0099099248445025448 -0.006874906095553213 0 3.9376865892486399e-05 0.008397183873440163 -0.0089805041472378246 0 -0.012528179154835195 0.0010813614706348996 0.020221107493629362 0.0059015129156484904 0.016146870776939794 0 -0.012185582509154707 0.0029259146544725698 -0.003366952864714601 0 0
leaf_weight=15.492150661535559 4.9895438794046703 15.107328399084507 33.523805721662939 34.210110928164795 13.04648246988654 43.498968402855098 14.631081477273257 6.3565283911302677 3.1040161298587909 5.2083978562150168 59.737645073793828 20.672733525047082 28.770979879191145 4.1337559144012621 20.421142344595864 9.4352701366879028 11.617296147858722 3.5902626640163353 4.0554244932718566 42.664646167773753 4.4673874771688125 18.009440728928894 15.528583511710165 11.344046451151373 8.5943635327275825 79.865114926360548 6.3773232600651673 22.207462474703789 3.2175208940170696 3.9918180308304727
leaf_count=176 185 361 2242 2179 196 446 261 101 51 186 6223 1207 1427 213 1741 586 352 131 137 2676 230 537 493 338 270 6238 600 827 319 121
internal_value=-0.000150866 -0.00224228 -0.000372133 -0.00264848 0.0129895 0.0164972 0.00641181 0.0148804 -0.00912789 0.00498108 -0.00501043 -0.00227218 0.00267635 0.00762273 -0.00906956 -0.00555073 -0.00342071 0.00173572 0.0145664 -0.00875461 -0.0107912 0.0170525 0.0031947 0.00488886 0.0107646 -0.0114267 -0.00466333 0.000161835 -0.0115336 -0.0109095
internal_weight=567.871 495.833 397.757 284.486 72.0376 58.9911 54.5114 20.9876 98.0765 113.27 229.975 146.598 55.821 88.8626 83.3763 90.7774 24.4078 15.2076 27.0544 56.5673 47.132 22.999 61.8082 57.6745 19.9384 82.9691 27.0501 37.736 62.9552 9.20022
internal_count=31050 30232 23582 19792 818 622 2604 362 6650 3790 17188 8905 3234 3000 8283 5671 790 483 859 3492 2906 722 2141 1928 608 6289 1807 1320 6542 307
is_linear=0
shrinkage=0.05


Tree=31
num_leaves=31
num_cat=0
split_feature=16 3 38 38 27 2 41 38 7 9 14 39 8 10 41 29 39 25 38 12 19 16 31 41 26 3 38 31 7 39
split_gain=5.91126 2.26662 2.04907 2.4522 1.9729 1.94846 1.89031 1.40023 1.28354 1.24726 1.16563 1.35618 1.04742 0.905582 0.863251 1.0028 0.841984 0.836404 0.743521 0.683083 0.590855 0.550216 0.805586 0.769967 0.951724 0.591257 0.510421 0.906053 1.06115 1.01674
threshold=-0.46999999880790705 0.23500001430511477 0.10286664962768556 -0.0010662078857421873 -0.18333333730697629 -0.236666664481163 0.062321202829480178 -0.1008472442626953 0.41666668653488165 0.17000001668930056 -0.37666666507720942 0.026088931597769264 -0.12833333015441892 -0.090000003576278673 0.045919001102447517 0.043333351612091071 0.0336068943142891 0.043333351612091071 0.014066219329833986 -0.41666667163372034 -0.33666665852069849 -0.28333333134651179 0.11000001430511476 0.062321202829480178 0.31666666269302374 -0.13166666030883786 -0.042906284332275384 -0.016666665673255917 0.01666665077209473 0.025011822581291202
decision_type=2 2 2 2 2 2 2 2 2 2 2 2 2 2 2 2 2 2 2 2 2 2 2 2 2 2 2 2 2 2
left_child=2 4 3 7 5 8 10 -1 18 -9 12 19 -6 -8 15 -13 -16 -14 -2 -12 -20 23 -23 24 -7 -24 -3 28 -28 -30
right_child=1 26 -4 -5 6 21 13 9 -10 -11 11 14 17 -15 16 -17 -18 -19 20 -21 -22 22 25 -25 -26 -27 27 -29 29 -31
leaf_value=0.016752836930041506 0.017129460560309683 -0.012788924413920787 -0.0031198506932951331 0.025976740214683519 0.011153625667100707 -0.0015466874008804319 0.015413685349316151 0.0095771239607610574 -0.0073554966625494714 -0.0091117045959397732 0.0037317034197726986 0.010399861279876589 -0.010925713052582128 -0.0018790679885268347 0.0037976689742273946 -0.0052312155753849454 -0.014649786744359303 0.004656180303815957 0.0094224836429189877 -0.010381516428919085 -0.0046250074570827549 -0.0099002366599608982 0.0084918740168007517 -0.0087172926192710058 0.0098367806401192161 -0.0040262245424207343 -0.010095653207515569 -0.010387505519220899 0.0091187875520872697 -0.0055320853384322535
leaf_weight=9.6979859312996215 36.38250395632349 34.763805739348754 12.263334352523087 28.855995263904333 14.654751364141701 24.41414404171519 13.255032298620792 8.3662922419607693 3.0092293603811404 16.346361017785966 3.646210948470979 22.182339109946046 11.571886491496118 6.797622922807931 4.3286870443262151 9.1452289768494648 8.7310790196061117 9.3426385987550002 7.9739223425276604 103.87576706241816 8.4053639164194447 20.995386792114004 11.605073270155119 5.1593776992522171 35.749761265004054 12.248750156024469 12.620066731469704 30.683849082095549 27.306989792035893 11.232619974296538
leaf_count=119 1018 2369 130 297 406 630 561 81 215 218 270 1614 345 571 340 826 720 252 158 9880 645 1327 613 119 784 1013 673 2934 1271 612
internal_value=0.000312311 -0.00169711 0.0128226 0.0162763 0.000171468 0.00421589 -0.00297299 0.00487397 0.0113284 -0.00133579 -0.0046908 -0.00660124 0.00264205 0.00950933 0.000243756 0.00505965 -0.007953 -0.00355003 0.0134617 -0.00951076 0.00178934 1.1043e-06 -0.00376081 0.00303355 0.00511823 0.00170921 -0.00760129 -0.00439017 0 0.00411739
internal_weight=565.612 490.082 75.53 63.2666 373.475 165.944 207.531 34.4106 55.771 24.7127 187.479 151.909 35.5693 20.0527 44.3873 31.3276 13.0598 20.9145 52.7618 107.522 16.3793 110.172 44.8492 65.3233 60.1639 23.8538 116.607 81.8435 51.1597 38.5396
internal_count=31011 30166 845 715 22307 6522 15785 418 2036 299 14653 13650 1003 1132 3500 2440 1060 597 1821 10150 803 4486 2953 1533 1414 1626 7859 5490 2556 1883
is_linear=0
shrinkage=0.05


Tree=32
num_leaves=31
num_cat=0
split_feature=17 10 27 24 39 39 31 19 38 19 32 38 39 39 37 25 17 39 24 3 9 38 37 37 24 29 33 9 1 37
split_gain=5.64274 2.20953 2.46731 1.91823 2.16532 2.24319 1.69611 1.92879 1.89563 1.57382 1.85095 1.37619 1.19799 1.14121 1.12196 0.912032 0.800206 0.734025 0.72619 0.69102 0.632447 0.624941 1.21675 0.751986 0.648762 0.585007 0.58676 0.661613 0.516672 0.480856
threshold=-0.4433333277702331 -0.030000001192092892 -0.4433333277702331 0.35666668415069586 0.028243753127753738 0.032452378422021873 0.42333334684371954 0.4499999880790711 0.011566162109375002 -0.31666666269302363 -0.049999997019767754 -0.0027670860290527339 0.023547814227640632 0.028243753127753738 0.064506053924560561 -0.090000003576278673 -0.36333334445953364 0.032452378422021873 -0.236666664481163 0.14333331584930423 0.24333333969116214 -0.037744045257568352 -0.023729801177978512 0.066391468048095717 -0.20333333313465116 0.41666668653488165 0.20999997854232791 0.2833333313465119 0.25000000000000006 -0.0028367042541503902
decision_type=2 2 2 2 2 2 2 2 2 2 2 2 2 2 2 2 2 2 2 2 2 2 2 2 2 2 2 2 2 2
left_child=3 6 25 4 11 -6 9 8 19 10 12 18 -2 21 -13 -12 -4 -15 -1 -8 -20 22 -11 29 -24 26 -3 -28 -17 -23
right_child=1 2 16 -5 5 -7 7 -9 -10 13 15 14 -14 17 -16 28 -18 -19 20 -21 -22 23 24 -25 -26 -27 27 -29 -30 -31
leaf_value=-0.0042381206342884106 0.0056602232157405849 0.005840103244715112 0 -0.0067804574472498996 -0.017845300231316485 0.0097693614593439004 0.022970211159003627 -0.0076189027975081362 -0.0065118385265564909 -0.0087141003289005082 0 0.026104560307911414 -0.011311488273796608 0.011523337735593749 0 0.021032071268821388 -0.0090749185072147142 -0.0010886524454917664 0.015997358912090968 0 0 -0.0029321764961013196 -0.0032983303949124161 0.0013276457682853578 0.011601944345144451 0.012771302915248528 -0.01488715373845388 0.0014504014561344768 0 -0.015470437186561116
leaf_weight=6.2616090197116163 13.774981822818519 17.057758463546637 31.488534454489127 8.3252187846228463 6.3249525278806713 11.822664709296076 22.068083951948218 6.4844292663037768 3.9101575338281682 18.594717728672549 10.20967745920643 33.272314795292914 14.520659824600441 10.790831200079991 6.5621222318150094 16.866421789862219 161.92399635119364 25.168637183262035 11.832176434807481 5.4751876378431907 13.304648060351608 21.307090473826975 4.781134364660832 8.5686717978678626 13.959347686031832 10.271538836648686 4.4054492095019651 7.4878872076515108 5.3891816786490372 29.917329077143222
leaf_count=157 459 490 1256 150 115 227 359 169 320 1440 356 491 477 774 114 318 13023 1628 202 177 197 2148 405 832 1103 241 117 254 123 2952
internal_value=0.000331107 -0.00195481 -0.00535844 0.0109222 0.013156 -0.000862463 0.00140517 0.010305 0.0152963 -0.000468602 0.00571432 0.0168407 -0.00277552 -0.00359588 0.0228624 0.0130425 -0.00770181 0.00320678 0.00609031 0.0197485 0.00978694 -0.00639686 -0.000422597 -0.00936852 0.00691205 0.00513291 0 -0.0061668 0.017671 -0.0115462
internal_weight=562.127 464.422 232.635 97.7057 89.3805 18.1476 231.787 37.9379 31.4534 193.849 60.7609 71.2329 28.2956 133.088 39.8344 32.4653 193.413 35.9595 31.3984 27.5433 25.1368 97.1283 37.3352 59.7931 18.7405 39.2226 28.9511 11.8933 22.2556 51.2244
internal_count=31074 29421 15381 1653 1503 342 14040 1025 856 13015 1733 1161 936 11282 605 797 14279 2402 556 536 399 8880 2948 5932 1508 1102 861 371 441 5100
is_linear=0
shrinkage=0.05


Tree=33
num_leaves=31
num_cat=0
split_feature=16 9 27 9 3 38 10 29 7 38 40 7 34 29 39 9 12 7 18 7 40 10 36 4 38 41 10 31 41 26
split_gain=5.49585 2.06609 1.50062 1.60835 1.44914 1.35666 1.40006 2.79779 1.31878 1.29269 1.06286 1.06171 0.894332 0.858569 0.818893 1.35414 0.984063 0.763054 0.736819 0.72792 0.717711 0.685903 0.66856 0.924807 0.633376 0.517305 0.501288 0.497737 0.488496 0.483167
threshold=-0.43000000715255732 -0.41666667163372034 -0.15666666626930234 0.25666666030883795 0.32999998331069952 0.15974140167236331 0.17666667699813846 0.42333334684371954 -0.24999999999999997 -0.014165878295898436 0.10333333536982538 -0.12333333492279051 0.23666667938232425 -0.46999999880790705 0.028243753127753738 -0.049999997019767754 -0.3899999856948852 0.38333332538604742 -0.18999999761581418 -0.016666665673255917 0.2100000008940697 0.33666664361953741 -0.31666666269302363 -0.13666665554046628 -0.0010662078857421873 0.037754345685243614 0.37000000476837164 0.19666665792465213 0.028490886092185978 0.31666666269302374
decision_type=2 2 2 2 2 2 2 2 2 2 2 2 2 2 2 2 2 2 2 2 2 2 2 2 2 2 2 2 2 2
left_child=4 8 3 12 5 6 -1 26 13 17 -11 -5 18 25 16 20 -4 -6 19 29 -16 -9 23 -15 -14 -2 -8 -20 -17 -3
right_child=1 2 14 11 9 -7 7 21 -10 10 -12 -13 24 22 15 28 -18 -19 27 -21 -22 -23 -24 -25 -26 -27 -28 -29 -30 -31
leaf_value=0.020613325562959389 -0.0075903321577245712 -0.0072698429389135419 0.0012996352393712849 0.0031345959546987597 -0.015230118592013146 -0.0028098689347605841 -0.0090772836803763423 0.00092092708724214687 -0.0052101100456589033 -0.0042777829573122641 0.014075026384784079 -0.012486835593980122 0.013061803334637842 0.021908785170323974 -0.003456481800886672 0.0021991723073116884 -0.010288149254181308 0.0016622214587008303 -0.0094487417861741241 0.0079091191850019817 0.0099087856463179295 0.020041833226547914 0 0 0 0.0071651372403982718 0.0024351489875400899 0.00048146993605424821 -0.011637206134170195 0.0034460287059085988
leaf_weight=36.862111282534897 7.1026201476342923 15.447716309223326 15.343793713720514 9.2042796195019019 10.030820542015134 10.169717781245707 16.894991691224281 9.975089573767038 13.946867614984511 6.8998271031305221 13.231327455956487 32.042728822678328 20.120549150509763 16.471378608606756 8.8222310661803949 2.5361040174029794 134.1943186041899 5.6331311194226137 22.054633493069559 30.102630774956197 20.427702379412949 19.985350357368588 5.5157485378440532 8.1045722153503466 11.31249043648131 4.4867244695778936 7.9949558870866886 13.939797851024194 20.929899319075048 12.084073904668911
leaf_count=522 217 594 817 540 189 140 289 131 821 98 209 2195 639 547 549 239 13209 130 1486 913 1217 252 265 443 651 153 131 1201 1954 364
internal_value=0 -0.00283432 -0.00423576 -0.000510577 0.00846022 0.0113537 0.0132562 0.00635594 0.00555369 0 0.0072901 -0.00851639 0.0022081 0.00988207 -0.00707589 -0.00100454 -0.00893415 -0.00922336 -0.000135943 0.00301624 0.00526621 0.0155867 0.013729 0.0166478 0.00876074 0 -0.00481531 -0.00548836 -0.00915008 -0.00204592
internal_weight=561.868 424.191 368.563 166.309 137.677 101.882 91.7125 54.8504 55.6279 35.7951 20.1312 41.247 125.062 41.681 202.254 52.7159 149.538 15.664 93.6289 57.6344 29.2499 29.9604 30.0917 24.576 31.433 11.5893 24.8899 35.9944 23.466 27.5318
internal_count=31105 29014 26568 8583 2091 1465 1325 803 2446 626 307 2735 5848 1625 17985 3959 14026 319 4558 1871 1766 383 1255 990 1290 370 420 2687 2193 958
is_linear=0
shrinkage=0.05


Tree=34
num_leaves=31
num_cat=0
split_feature=16 24 3 27 2 10 41 41 12 30 5 5 16 24 6 30 3 41 0 26 41 8 27 12 3 40 18 37 18 30
split_gain=5.32764 2.17427 1.94013 1.35874 1.43179 1.42837 1.19594 0.987428 0.839232 0.798805 0.78986 0.671828 0.670144 0.743115 0.640272 0.584966 0.57545 0.552085 0.666095 0.552709 0.551248 0.520794 0.499871 0.481176 0.703717 0.479369 0.470532 0.468462 0.460388 0.573993
threshold=-0.46999999880790705 0.35666668415069586 0.29666668176651007 -0.18333333730697629 -0.22333332896232602 -0.090000003576278673 0.063821967691183104 0.045919001102447517 0.37666666507720953 0.38333332538604742 0.11000001430511476 0.22333335876464847 -0.22333332896232602 -0.056666672229766839 0.37000000476837164 0.48166668415069586 0.11000001430511476 0.039961723610758788 -0.069999992847442613 -0.32333332300186152 0.037718985229730613 0.21666666865348819 0.11000001430511476 -0.43000000715255732 -0.41666667163372034 0.14999999850988391 -0.10999999940395354 -0.048280715942382806 -0.31000000238418574 -0.40333333611488337
decision_type=2 2 2 2 2 2 2 2 2 2 2 2 2 2 2 2 2 2 2 2 2 2 2 2 2 2 2 2 2 2
left_child=1 10 3 4 8 6 7 17 23 -7 21 16 13 -13 -12 -4 28 18 22 -20 -10 -1 -5 -2 -25 -19 -8 -27 -6 -30
right_child=2 -3 15 5 11 9 26 -9 20 -11 14 12 -14 -15 -16 -17 -18 25 19 -21 -22 -23 -24 24 -26 27 -28 -29 29 -31
leaf_value=0.010375052104073457 0 -0.0062540289560707243 -0.0097086746772225389 0.0095372538129731513 0.0042599752661084183 -0.0089928231640814607 0 -0.0092234192510639839 -0.011071288590515847 0.0033263407740259788 0.02358038982898147 -0.0020649640407647647 -0.0044661880427282544 0.014529940252832996 0.0026315037574029931 0.0024651354597727579 -0.0076049084050090563 -0.002073895791984299 0.0018538552457358231 -0.0087598206863683994 0.0051102557899883605 -0.0010912366143198725 -0.00059073815956896269 0 0.015146920892763384 -0.00018397868971399835 0.017054816653221491 0.015780540385881014 0.0064658027059801091 -0.0064110163147745453
leaf_weight=13.533669844269754 7.5008711682166895 8.6511565772816521 79.906488470267504 13.697987723164259 31.13693257747218 86.784961910452694 6.1600585107225925 24.659389587119222 4.2849320813547811 8.9548373571597022 28.012444548308849 4.5508874116931173 4.7960392294917247 14.564685756340621 9.1327927652746421 5.1945214138831934 29.763275258708745 2.6222098120488218 11.613136925036082 26.189034941140566 3.3061156091280282 11.208858348429201 19.837577334837988 9.3762824067380262 36.900640674168244 2.2158752765972158 7.5691329801920784 9.1488192349206638 4.3577435654588035 29.984220193699002
leaf_count=145 147 136 5787 979 812 7792 219 1704 186 592 283 138 468 344 125 315 1255 227 854 2066 111 125 1549 349 1373 107 307 585 108 1864
internal_value=-2.08717e-05 0.0122043 -0.00197693 -0.00040491 0.00268769 -0.0030636 0.00033887 -0.00142121 0.0085353 -0.00746663 0.0154775 -0.000389113 0.00597759 0.0100343 0.0200914 -0.00857775 -0.002494 0.00101776 -0.00066871 -0.00512116 -0.00303956 0.00516821 0.00373338 0.0107285 0.0124349 0.00848873 0.0118501 0.0122401 0 -0.00343871
internal_weight=555.616 70.5389 485.077 399.976 180.523 219.453 123.713 109.984 61.3688 95.7398 61.8878 119.154 23.9116 19.1156 37.1452 85.101 95.2422 85.3246 71.3377 37.8022 7.59105 24.7425 33.5356 53.7778 46.2769 13.9869 13.7292 11.3647 65.4789 34.342
internal_count=31052 814 30238 24136 7155 16981 8597 8071 2166 8384 678 4989 950 482 408 6102 4039 6367 5448 2920 297 270 2528 1869 1722 919 526 692 2784 1972
is_linear=0
shrinkage=0.05


Tree=35
num_leaves=31
num_cat=0
split_feature=16 41 24 3 29 38 19 24 31 37 24 31 25 38 26 29 15 6 13 14 26 29 38 41 31 37 41 39 26 15
split_gain=4.38442 1.8985 1.85358 1.6292 1.43195 1.98593 1.29652 1.14795 1.12346 1.92213 1.02804 0.877866 0.932815 0.826162 1.15553 0.751054 0.750096 0.692585 0.676478 0.602855 0.599377 0.568915 0.507368 0.568801 0.506774 0.50062 0.484878 0.586725 0.484422 0.402666
threshold=-0.41666667163372034 0.063821967691183104 0.34333333373069769 0.29000002145767217 -0.37666666507720942 0.011566162109375002 0.22333335876464847 0.1566666662693024 -0.35000000894069666 0.068413257598876967 -0.29666668176650995 -0.3899999856948852 -0.28333333134651179 0.22018671035766604 0.25000000000000006 -0.4433333277702331 0.23000001907348636 -0.10333332419395445 0.20999997854232791 -0.46999999880790705 0.31666666269302374 -0.31000000238418574 -0.01221942901611328 0.037754345685243614 1.0000000180025095e-35 0.010091304779052736 0.042012371122837074 0.030629945918917659 -0.30333334207534784 -0.45666666328907007
decision_type=2 2 2 2 2 2 2 2 2 2 2 2 2 2 2 2 2 2 2 2 2 2 2 2 2 2 2 2 2 2
left_child=1 2 8 4 5 7 13 10 9 11 -2 12 -1 14 26 -9 -7 -15 -12 -10 -21 -8 23 -16 -19 -4 27 -6 -28 -5
right_child=3 -3 25 29 6 16 21 15 19 -11 18 -13 -14 17 22 -17 -18 24 -20 20 -22 -23 -24 -25 -26 -27 28 -29 -30 -31
leaf_value=0 0 -0.0099600022371781113 -0.0086421385374567793 0.0022465574043577263 -0.0036130248368541535 0.0032972143678285399 0 -0.010505274324975847 -0.0067586173806879618 -0.0032929118499360694 0.0019346062078675601 0.0016296527953928723 0.021088780376634267 -0.001434316863137958 0.01037155554145113 0.0068503221862492225 -0.013038679910626761 0.017923847801347943 0.023504571178152633 -0.001114581760117151 0.010877686364003386 -0.011528490575195095 -0.00098470826289244018 0 0 0.0035836634877977475 0 0.0059511045773537963 -0.011835918254180547 -0.0099701646979181505
leaf_weight=7.9497477235272447 10.138797637773676 8.1819352786988002 12.442987267393621 1.7333000544458617 84.296757859643549 5.3676972098182913 8.5300094941630942 5.8948308776598424 6.2525923158973447 9.4818743239156884 8.8621505324263143 12.968559267465023 57.731595829594887 6.6064473404549089 25.435202474938706 6.321176811354233 10.838110716314985 8.1411905013956112 17.696730052586645 11.556216743309053 16.143219405319542 40.454901141114533 33.606694070622325 17.334354633465409 2.7324767739046356 7.2064347458071998 12.220766610233111 12.30908534186892 28.249073393642902 64.013269907096401
leaf_count=140 515 165 262 77 7108 534 575 182 78 141 455 250 757 400 883 245 1004 221 400 273 272 3841 1687 648 186 138 904 847 2239 5680
internal_value=0.000385967 0.00757204 0.00911676 -0.00224786 -0.000729835 0.00553073 -0.00235922 0.0104784 0.0113903 0.0142929 0.0144261 0.0167915 0.0190494 -0.000584072 -0.00161959 -0.000853888 -0.00707315 0.00817866 0.0187578 0.00221487 0.005825 -0.00929629 0.00297573 0.0063386 0.013934 -0.00339421 -0.00437217 -0.00187402 -0.00878561 -0.0091387
internal_weight=560.698 149.915 141.733 410.783 345.036 65.1195 279.917 48.9137 122.084 88.1318 36.6977 78.6499 65.6813 230.932 213.452 12.216 16.2058 17.4801 26.5589 33.952 27.6994 48.9849 76.3763 42.7696 10.8737 19.6494 137.076 96.6058 40.4698 65.7466
internal_count=31107 2476 2311 28631 22874 3335 19539 1797 1911 1288 1370 1147 897 15123 14316 427 1538 807 855 623 545 4416 3218 1531 407 400 11098 7955 3143 5757
is_linear=0
shrinkage=0.05


Tree=36
num_leaves=31
num_cat=0
split_feature=17 27 8 39 3 31 39 38 16 4 38 0 41 9 3 9 24 41 39 9 41 18 10 39 5 15 25 41 10 9
split_gain=3.93131 2.12694 3.05095 2.16662 1.45097 1.14334 1.08663 0.980865 1.41423 1.0428 0.92576 1.35896 0.899479 0.856557 0.806259 0.761645 0.7438 0.740202 0.676535 0.954123 0.661649 0.692695 0.590358 0.618405 0.573877 0.543991 0.553004 0.474698 0.429223 0.480562
threshold=-0.4433333277702331 -0.33666665852069849 -0.083333343267440782 0.028243753127753738 0.32999998331069952 -0.31000000238418574 0.026601472869515422 -0.037744045257568352 -0.12333333492279051 -0.24333333969116208 -0.032394886016845696 0.30333334207534796 0.040580337867140777 0.23666667938232425 0.23500001430511477 -0.35000000894069666 0.069999992847442641 0.071692150086164488 0.034798877313733108 -0.13666665554046628 0.046263152733445174 -0.29666668176650995 0.069999992847442641 0.019841013476252559 0.2833333313465119 -0.46999999880790705 -0.4433333277702331 0.022534978576004509 -0.063333332538604722 0.23666667938232425
decision_type=2 2 2 2 2 2 2 2 2 2 2 2 2 2 2 2 2 2 2 2 2 2 2 2 2 2 2 2 2 2
left_child=4 6 3 7 5 12 14 9 -9 15 -6 -12 -1 -7 16 -3 22 27 19 -5 21 -20 -2 -24 -16 -4 -27 -10 -8 -30
right_child=1 2 25 18 10 13 28 8 17 -11 11 -13 -14 -15 24 -17 -18 -19 20 -21 -22 -23 23 -25 -26 26 -28 -29 29 -31
leaf_value=0.018893769621611808 0.0088559972719382454 0.015297864307171883 0.0023607581856304777 0.019369456691020508 -0.011378262117865297 0.0069828529594025829 -0.0097210621580240287 0.00073695779549288023 0.0012610790218561679 -0.0033705346328195083 0.015255884636889268 -0.0066523495171576102 0.0024262932794844204 -0.01126535363047553 -0.007600190722716782 -0.00073633553125887279 0.014584336564004655 0.0032193368951211592 -0.0049499318834898415 -0.0005681509798998581 -0.0045460123032930021 0.012258927912658875 -0.0092044718540600038 0.0041891398023593228 0.0051326819366505471 0.00045071778087156533 -0.0099908023975044721 -0.014464471603967945 0.0068092241311277406 -0.0051540149713742364
leaf_weight=40.312827464658767 15.051220533903686 13.002877082675697 4.771785808261483 16.184341579210017 7.9482498411089209 10.446983532980083 10.208055110182615 35.512172818882391 1.1723964808043081 25.638708189828321 8.3874156656675023 7.1399310776032499 17.067761039361358 4.5543614700436583 11.382835721597077 6.7598953766282639 28.76586842443794 2.7699163244105867 2.1185734476894149 4.5708170558791599 12.34508988028392 13.53298313729465 10.054773892275991 10.621671909699215 10.901741683948783 8.3092124827671778 153.23612131341361 40.266111893346533 10.456774166552352 10.508242846233768
leaf_count=576 475 392 104 749 184 278 307 1595 76 2033 113 113 281 114 446 506 841 164 79 350 612 647 442 376 479 769 13021 4101 378 494
internal_value=-1.14997e-05 -0.00200748 -0.00403283 0.000488606 0.00883897 0.0121449 0.00354474 -0.00287271 -0.00614023 0.00242539 -0.000903307 0.0049742 0.0150834 0 0.00641272 0.00994877 0.00908341 -0.0115904 0.00894149 0.0149015 0.00193755 0.00804871 0.00259503 -0.00199221 -0.000719884 -0.00875721 -0.00930761 -0.0133893 -0.0035129 7.32109e-05
internal_weight=554 458.142 340.191 173.874 95.8575 72.3819 117.951 125.122 79.7206 45.4015 23.4756 15.5273 57.3806 15.0013 86.7781 19.7628 64.4935 44.2084 48.7518 20.7552 27.9966 15.6516 35.7277 20.6764 22.2846 166.317 161.545 41.4385 31.1731 20.965
internal_count=31095 29436 25198 11304 1659 1249 4238 8867 5936 2931 410 226 857 392 3059 898 2134 4341 2437 1099 1338 726 1293 818 925 13894 13790 4177 1179 872
is_linear=0
shrinkage=0.05


Tree=37
num_leaves=31
num_cat=0
split_feature=16 30 26 38 36 2 38 2 38 41 18 19 18 16 20 29 25 21 12 10 12 33 39 39 25 11 41 25 29 25
split_gain=3.97761 2.61218 2.21142 1.80131 1.34064 1.72432 1.32275 1.54999 1.51097 2.16603 1.39525 1.06052 0.953679 0.874668 0.829209 0.765542 0.871293 0.704739 0.674851 0.640163 0.619463 0.615274 0.608815 0.661865 0.593694 0.516481 0.48581 0.560371 0.557479 0.483825
threshold=-0.28333333134651179 -0.31666666269302363 -0.16333332657814023 0.011566162109375002 -0.48333333432674402 -0.24999999999999997 0.0048093795776367196 -0.29000000655651087 -0.11537122726440428 0.038000477477908141 -0.35000000894069666 -0.030000001192092892 -0.46999999880790705 0.31000000238418585 -0.31000000238418574 0.31000000238418585 0.29000002145767217 0.38333332538604742 -0.016666665673255917 -0.023333340883255001 0.01666665077209473 -0.023333340883255001 0.028422865085303787 0.032452378422021873 -0.29000000655651087 -0.12333333492279051 0.03406162932515145 -0.04333332180976867 -0.37666666507720942 -0.10999999940395354
decision_type=2 2 2 2 2 2 2 2 2 2 2 2 2 2 2 2 2 2 2 2 2 2 2 2 2 2 2 2 2 2
left_child=2 3 17 4 -2 20 7 -4 -9 12 22 18 -10 -5 -11 19 -17 -1 -3 -14 -6 -16 24 -24 -8 -12 27 -7 -28 -27
right_child=1 11 6 13 5 26 10 8 9 14 25 -13 15 -15 21 16 -18 -19 -20 -21 -22 -23 23 -25 -26 29 28 -29 -30 -31
leaf_value=-0.0070681927367950053 -0.0089399973494661798 -0.0048605288279726169 0.014330636919629531 0.001153551012134154 0 -0.010345295518351217 0.00094765068989676707 0.010217933646229053 -0.0072157036267818803 0.00016390301016968879 -0.0037338689343764647 -0.010173303271025478 0.0065319372411343571 -0.013739625898078589 0 0.016669940932299499 -0.0019584537122110108 0.0045416918375433407 0.003932735911879915 -0.008016219152590702 0.0194435992811215 -0.023007618207117185 -0.0051324525426701163 0.010192958246334986 0.019263381825024888 -0.0028833909762270966 0.011728286630747167 0.0035164384952113791 -0.0017746864088938445 0.010570460592722278
leaf_weight=40.024130781879649 5.1951934024691573 67.945588507922366 16.492669265717268 12.856547788949685 4.4701316747814444 9.8128679399378562 8.7472553388215584 19.383081061532721 12.788041808642445 3.9461650336161282 15.795827846974133 108.04202538682148 7.9771081916987905 13.337538566207511 4.2887587812729242 14.252358124591412 4.2684488513041279 10.786660825135185 22.807300261920318 9.6834054980427027 26.196922508999705 12.855404081754381 7.0255523561499995 7.6736757205799222 46.632625760510564 3.2747983641456822 9.5036326902918535 5.7818699914496401 7.2588796860072753 13.507907087448984
leaf_count=1486 198 5383 335 1275 245 599 165 515 161 80 534 11407 219 1262 98 320 151 349 2129 302 722 334 98 113 773 111 350 343 516 525
internal_value=0.000265147 -0.00364316 0.00475945 0.00290044 0.00721081 0.00956573 0.00704704 0.00257991 -8.95903e-05 -0.0038511 0.0110297 -0.00686691 0.00177376 -0.00680058 -0.0153345 0.00611814 0.0119285 -0.0039441 -0.00228544 -0.000398302 0.0170214 -0.0190997 0.0147922 0.00229584 0.0171531 0.00124634 0.000290483 -0.00449918 0.00585615 0.00677991
internal_weight=552.612 293.208 259.404 94.4136 68.2195 63.0243 208.593 105.935 89.4428 70.0597 102.658 198.795 48.9694 26.1941 21.0903 36.1813 18.5208 50.8108 90.7529 17.6605 30.6671 17.1442 70.0791 14.6992 55.3799 32.5785 32.3573 15.5947 16.7625 16.7827
internal_count=31098 24429 6669 5510 2973 2775 4834 2515 2180 1665 2319 18919 1153 2537 512 992 471 1835 7512 521 967 432 1149 211 938 1170 1808 942 866 636
is_linear=0
shrinkage=0.05


Tree=38
num_leaves=31
num_cat=0
split_feature=16 38 4 10 37 31 41 37 9 37 4 19 25 26 37 37 37 24 8 26 1 30 41 38 37 20 37 5 35 29
split_gain=3.79697 1.89974 1.78783 1.49435 1.35575 1.53901 1.27748 1.2278 1.53535 1.26065 1.31468 1.15901 1.10242 0.906105 1.3933 1.13286 0.849479 0.836585 0.781726 0.748064 0.726072 0.583397 0.549927 0.717608 1.25256 0.597189 0.552061 0.549169 0.538415 0.527731
threshold=-0.41666667163372034 0.0048093795776367196 -0.22999998927116391 -0.036666661500930779 0.066391468048095717 -0.36333334445953364 0.062321202829480178 -0.036983489990234368 0.23666667938232425 -0.054354667663574212 0.25000000000000006 -0.29000000655651087 -0.016666665673255917 0.26999998092651373 1.0000000180025095e-35 0.064506053924560561 0.0079760551452636736 0.069999992847442641 -0.22333332896232602 0.096666663885116591 0.23666667938232425 0.20999997854232791 0.045919001102447517 -0.048531532287597649 -0.048280715942382806 0.14999997615814212 -0.058910369873046868 0.36333334445953375 0.11000001430511476 0.20166665315628055
decision_type=2 2 2 2 2 2 2 2 2 2 2 2 2 2 2 2 2 2 2 2 2 2 2 2 2 2 2 2 2 2
left_child=1 2 -1 6 5 -3 13 9 12 10 -4 29 -9 15 20 22 -7 -6 -16 21 28 -8 23 24 -2 -24 -25 -10 -15 -5
right_child=3 4 7 11 17 16 19 8 27 -11 -12 -13 -14 14 18 -17 -18 -19 -20 -21 -22 -23 25 26 -26 -27 -28 -29 -30 -31
leaf_value=0.01436166678043775 -0.0067700723243911522 0.0209918159589206 0.0083722275876668851 -0.003907862394588243 -0.0078769858562029189 -0.0066403507495581054 0.01857136421202276 -0.0086765318052173263 -0.020318544130553839 0.015936840315924967 -0.013464176841983443 -0.0080930123132664424 0.010871599791108973 0.017383547502371213 -0.013117260762540434 0.0066882758536414445 0.0097778607599894735 0.0087951403537327982 0.0028045813425567755 -0.0005622385947093697 -0.0018357726081328421 0 -0.015070854559749262 0.0049065442274718336 0.0093721141108445601 0 -0.0068149155310060694 0 0 0.0046545206596417905
leaf_weight=13.040714482776819 13.663730875588952 37.935369399841875 6.4991530682891634 30.855416873469949 9.6186115578748304 8.2819548519328254 12.655436429195108 6.5952069191262153 13.73747101519257 8.186471186578272 8.3771634562872332 125.77142588282004 9.837802383117376 18.272462838329382 7.3112822754774269 19.492981581715867 10.287494942545889 8.5095074200071377 10.163527545752002 6.6027562166564158 4.16262163221836 3.1112146342638871 16.672717549139637 4.7830234086140981 22.684557031840086 9.6313329574186337 63.927505446830764 6.2734489873982957 5.0303775244392446 28.918506304267794
leaf_count=193 893 537 122 1307 159 162 577 122 240 121 198 12495 133 486 321 1371 204 149 568 302 213 108 1150 301 1554 640 5183 134 216 938
internal_value=0.00023153 0.00698519 0.000683725 -0.00223586 0.0122938 0.015786 0.00047674 -0.002973 -0.00840893 0.00471932 -0.00306237 -0.0054709 0.00168945 -0.000818357 0.00482883 -0.00278041 0.00160442 0 -0.00444202 0.0104694 0.0112133 0.0151193 -0.00459824 -0.00236751 0.00261427 -0.0106394 -0.00533583 -0.0161397 0.014296 0
internal_weight=550.891 147.18 72.5474 403.711 74.6329 56.5048 218.166 59.5067 36.4439 23.0628 14.8763 185.545 16.433 195.796 44.9403 150.856 18.5694 18.1281 17.4748 22.3694 27.4655 15.7667 131.363 105.059 36.3483 26.3041 68.7105 20.0109 23.3028 59.7739
internal_count=31097 2474 1263 28623 1211 903 13883 1070 629 441 320 14740 255 12896 1804 11092 366 308 889 987 915 685 9721 7931 2447 1790 5484 374 702 2245
is_linear=0
shrinkage=0.05


Tree=39
num_leaves=31
num_cat=0
split_feature=16 4 24 10 27 38 38 27 2 22 37 33 25 6 38 14 39 40 41 41 38 35 27 39 14 39 18 24 38 6
split_gain=2.90993 1.54074 1.27543 1.12268 1.08715 1.04848 1.40263 1.3251 1.62821 0.904057 0.888464 0.880222 1.08855 0.822294 0.81968 0.812195 0.747792 0.734017 0.723868 0.716751 1.21934 0.552316 0.51888 0.606587 0.515042 1.13416 0.67392 0.613587 0.452268 0.42448
threshold=-0.46999999880790705 0.40333333611488348 0.35666668415069586 0.069999992847442641 -0.4433333277702331 0.0048093795776367196 0.10286664962768556 0.01666665077209473 -0.22333332896232602 -0.41666667163372034 -0.028179645538330075 0.32999998331069952 0.23666667938232425 -0.15000000596046445 -0.060666084289550774 -0.18333333730697629 0.020716427825391296 0.023333333432674411 0.039547588676214225 0.038000477477908141 -0.13281488418579099 -0.030000001192092892 0.4499999880790711 0.038431016728281982 -0.3899999856948852 0.023912034928798679 -0.28333333134651179 0.069999992847442641 0.0249934196472168 -0.049999997019767754
decision_type=2 2 2 2 2 2 2 2 2 2 2 2 2 2 2 2 2 2 2 2 2 2 2 2 2 2 2 2 2 2
left_child=2 3 11 5 14 7 24 8 9 -2 22 -1 -13 -8 -5 -15 -10 -6 21 -12 -21 -16 23 -9 27 26 -26 -7 -3 -11
right_child=1 28 -4 4 17 6 13 10 16 29 19 12 -14 15 18 -17 -18 -19 -20 20 -22 -23 -24 -25 25 -27 -28 -29 -30 -31
leaf_value=0.016022852782936244 0 -0.015223760349280619 -0.0048000556500994111 -0.0062677305215440467 0.0047399924863553468 -0.0053345606138958546 -0.0027340698808662224 -0.012367650785992418 0.008230120792128379 0.022109234707641763 -0.0010087734112125756 0.0097275106750433077 -0.008145679160273497 0.014665716676317837 0 -0.00027600323859334222 -0.002598820025673158 -0.0067443890476789649 -0.0013276457872065401 -0.0069245646398993013 0.017089273221725664 0.016498334088587922 0.0038303317629328573 0.002046083162490467 0 0.00070520530940867889 -0.015212270829902253 0.0087322452828180117 -0.0011074869379227145 0.0010090594823592746
leaf_weight=37.274299432523549 4.6172573859803405 19.563674541423097 8.3631227016448957 8.3581323069520277 8.6271476293914002 10.453111032489689 15.33054424356669 22.27726491144859 20.030636066803709 20.824450327781967 23.26310272119008 13.485362329520287 8.4223273331299406 17.370389082003385 4.8367107049562064 9.4177700811997074 31.468416586518288 132.18494096817449 9.0007205184083414 2.0554000772535792 11.160330043639986 12.750134362373503 3.0206075063906601 4.1333913588896385 11.12738886172883 21.06243240670301 31.469396410277113 8.0272907172329706 13.933120471891014 6.1063817890826568
leaf_count=401 140 1754 144 222 589 251 931 1635 1036 586 1849 164 111 534 141 1003 1671 9261 283 145 664 302 184 213 553 1572 3158 187 1209 259
internal_value=-9.45618e-05 -0.00153351 0.00913043 -0.00063262 -0.00372044 0.00130148 -0.00190925 0.00411139 0.00812569 0.0161581 -0.000854957 0.0117432 0.00168643 0.00478336 0.00333177 0.00956102 0.00159762 -0.00570553 0.00771504 0.0037185 0.0110575 0.0125634 -0.00689893 -0.00937931 -0.00571666 -0.0077317 -0.0119899 0.000397037 -0.0110452 0.0191396
internal_weight=550.015 482.47 67.5451 448.973 175.758 273.216 124.258 148.957 83.0471 31.5481 65.9101 59.182 21.9077 42.1187 34.9457 26.7882 51.4991 140.812 26.5876 36.4788 13.2157 17.5868 29.4313 26.4107 82.1396 63.6592 42.5968 18.4804 33.4968 26.9308
internal_count=31152 30332 820 27369 10798 16571 8189 8382 3692 985 4690 676 275 2468 948 1537 2707 9850 726 2658 809 443 2032 1848 5721 5283 3711 438 2963 845
is_linear=0
shrinkage=0.05


Tree=40
num_leaves=31
num_cat=0
split_feature=19 26 10 39 40 41 39 39 38 31 41 31 27 39 10 38 9 41 1 18 28 33 39 25 39 19 38 7 41 19
split_gain=2.70002 1.48192 2.01656 1.47132 2.25986 1.67769 0.936915 1.38815 1.18795 1.36846 1.12951 1.0856 1.22569 0.891017 0.890571 0.807358 0.799661 0.729133 0.673636 0.627851 0.701496 0.640788 0.616401 0.560709 0.557018 0.51359 0.498289 0.496193 0.490312 0.494124
threshold=-0.45666666328907007 0.46333330869674688 -0.036666661500930779 0.028243753127753738 0.2100000008940697 0.036677863448858268 0.030262772925198082 0.034243037924170501 0.011566162109375002 -0.2766666561365127 0.046263152733445174 0.35000002384185797 -0.10999999940395354 0.034798877313733108 -0.41666667163372034 -0.060666084289550774 -0.063333332538604722 0.045519441366195686 0.17500001192092898 0.030000001192092899 0.31000000238418585 0.14999997615814212 0.016595917753875259 -0.41666667163372034 0.015807935036718849 -0.24999999999999997 -0.01150083541870117 0.35000002384185797 0.06874531134963037 -0.31666666269302363
decision_type=2 2 2 2 2 2 2 2 2 2 2 2 2 2 2 2 2 2 2 2 2 2 2 2 2 2 2 2 2 2
left_child=3 2 6 4 5 -1 8 16 11 -10 25 12 18 -5 -13 -3 -8 -6 -2 20 22 -22 -4 -21 -17 -9 -14 -23 29 -12
right_child=1 15 19 13 17 -7 7 10 9 -11 28 14 26 -15 -16 24 -18 -19 -20 23 21 27 -24 -25 -26 -27 -28 -29 -30 -31
leaf_value=-0.0099137358054068522 0.0092451932633485553 -0.0028777428275503026 0.001443484358885851 -0.012442754239706933 0.019565968340704357 0.011537990738246426 0.018432418880093251 -0.0027519336800054511 0.0047574432715020761 -0.010010034263290809 0 0.015020638303255757 -0.0097403118940209872 0.0043199963397154212 0 0 -0.0010673627790816836 0.0011477922980367727 -0.0036925711737864951 0 -0.0046437467576419525 0.011800290839363075 -0.0076620486555272708 -0.011235401395477825 0.014225124618362667 0.010682522002160867 0.0014088431340151127 -0.00064030439521319405 0.00074599917089515091 -0.016211333429078691
leaf_weight=16.226880591362718 22.568632253445688 8.2577260355465096 16.641958157997578 8.3327781939879078 36.040934617631137 9.1926717637106758 16.166440928820524 3.714216849301013 14.77518612355925 52.423830339917913 4.6009031501598665 17.00300512555987 30.591786308214068 10.023304094560443 13.200123951304702 5.0144703318364945 3.0594628958497188 10.488346933387218 8.1544626832474005 8.5303707171697152 11.852785303490238 12.883258232614027 70.780399324838072 70.086752776289359 20.763087106635794 16.502628759946674 6.9618969592265776 6.8926759874448171 6.3421176387928417 8.9177033514715731
leaf_count=239 978 229 1083 121 481 125 727 150 659 4542 122 310 3039 153 629 138 190 143 435 802 497 506 4619 7148 581 760 645 295 233 568
internal_value=-0.00017204 -0.00179918 -0.00268045 0.0073965 0.0105382 -0.000638409 0.000467998 0.00563272 -0.0013673 -0.00629773 0 0.00192621 -0.00136379 -0.0034537 0.00904752 0.00728163 0.0148225 0.0164955 0.00508825 -0.00629493 -0.00339016 0.00217039 -0.00567971 -0.00984593 0.0112517 0.00719583 -0.00719007 0.00735464 -0.00752983 -0.011729
internal_weight=546.991 456.686 422.651 90.3049 71.9488 25.4196 224.982 59.3035 165.679 67.199 40.0776 98.4799 68.2768 18.3561 30.2031 34.0353 19.2259 46.5293 30.7231 197.668 119.051 31.6287 87.4224 78.6171 25.7776 20.2168 37.5537 19.7759 19.8607 13.5186
internal_count=31147 29885 28937 1262 988 364 13987 2750 11237 5201 1833 6036 5097 274 939 948 917 624 1413 14950 7000 1298 5702 7950 719 910 3684 801 923 690
is_linear=0
shrinkage=0.05


Tree=41
num_leaves=31
num_cat=0
split_feature=19 26 37 33 37 10 39 11 39 37 31 37 38 39 31 19 40 37 36 40 41 40 41 37 31 22 38 39 25 38
split_gain=3.06314 2.06269 1.45655 1.52785 1.2118 1.19062 0.973467 1.18297 1.01223 1.2381 1.09563 0.987406 1.33508 0.937989 0.904994 0.901906 1.00489 0.853141 0.829983 0.821821 0.72045 0.802571 0.743486 0.716375 0.712771 0.590968 0.57383 0.746313 0.572167 0.568005
threshold=-0.45666666328907007 0.46333330869674688 -0.0028367042541503902 0.37666666507720953 -0.023729801177978512 -0.030000001192092892 0.030262772925198082 -0.29666668176650995 0.021990424022078518 -0.10021543502807616 -0.24333333969116208 -0.035023689270019524 0.027276515960693363 0.028422865085303787 0.31000000238418585 -0.25666666030883784 0.97666668891906749 -0.06939458847045897 0.069999992847442641 0.2100000008940697 0.034397752955555923 0.48333333432674414 0.049879107624292381 0.025244712829589847 0.056666672229766853 0.3966666460037232 -0.068847179412841783 0.01669745892286301 0.043333351612091071 -0.0027670860290527339
decision_type=2 2 2 2 2 2 2 2 2 2 2 2 2 2 2 2 2 2 2 2 2 2 2 2 2 2 2 2 2 2
left_child=2 5 4 13 17 6 8 28 11 14 -11 15 23 -4 -10 -2 -17 -1 -12 -9 21 -14 -22 24 -13 -21 -3 -28 -8 -26
right_child=1 26 3 -5 -6 -7 7 19 9 10 18 12 20 -15 -16 16 -18 -19 -20 25 22 -23 -24 -25 29 -27 27 -29 -30 -31
leaf_value=-0.0038445626028393472 0.0051109725873274819 -0.00030682400952872875 0.020691520707656254 -0.0021543557592865795 -0.0097468744527513477 -0.0057345810335093826 -0.013411438120856978 -9.3347380206610579e-05 -0.0047475391029619344 0.00064441170360392914 -0.015417137374806676 0.0016658893115302294 0.010951910797079812 0 0.015513156955826939 -0.016055656167829321 0.0039873285687032183 0.011266955093498503 0.00053876075043303646 0.013801130601390963 -0.013875199718937371 -0.0057274586578508141 0.0034372164765251035 -0.0020239016021172027 0.019807819363173364 -0.0013165034997101943 0 0.01595953570790206 0.0022961554384718537 0
leaf_weight=7.8984246593900016 5.6076049490366158 7.4919343786314121 30.871821858920157 8.7082957010716182 12.285073599778114 193.24356376961805 6.1247233476024103 16.049994515022263 4.3909939166624081 15.01137204444967 39.401704377029091 17.623742781812325 8.9674882639665139 8.3200494367629272 4.812582751037553 16.100886288098994 3.473159435670822 19.367054609581832 5.8593161054886869 31.506505022523925 13.329384372802453 6.6574692220892748 3.2955257727298877 6.4751657240558407 16.861376168904826 3.1412628162652245 6.1010105239693102 19.436711364425719 4.1370453690178692 2.0810092985630062
leaf_count=138 236 209 406 131 185 14692 255 758 354 651 2909 1178 810 112 126 1092 201 261 482 1440 1065 529 238 473 932 161 175 549 173 247
internal_value=-0.000164142 -0.00187234 0.00804541 0.013408 9.11907e-05 -0.00289321 -0.000324774 0.00469247 -0.00236516 -0.00677871 -0.00950675 0.000661973 0.00373014 0.0172461 0.00614366 -0.00666243 -0.0114206 0.00623397 -0.0130426 0.00799925 -0.00313258 0.0030718 -0.00933698 0.00913615 0.0117064 0.0118235 0.00902617 0.0120943 -0.00703083 0.0173978
internal_weight=544.632 457.182 87.4507 47.9002 39.5506 424.152 230.908 60.9595 169.949 69.476 60.2724 100.473 75.2912 39.1919 9.20358 25.1817 19.574 27.2655 45.261 50.6978 32.2499 15.625 16.6249 43.0413 36.5661 34.6478 33.0297 25.5377 10.2618 18.9424
internal_count=31168 29935 1233 649 584 29002 14310 2787 11523 4522 4042 7001 5472 518 480 1529 1293 399 3391 2359 2642 1339 1303 2830 2357 1601 933 724 428 1179
is_linear=0
shrinkage=0.05


Tree=42
num_leaves=31
num_cat=0
split_feature=17 27 8 39 0 9 24 36 17 5 26 35 24 29 37 39 8 0 33 30 39 9 41 11 3 36 28 17 14 41
split_gain=2.16551 1.41399 1.65407 1.04817 1.06402 1.02362 0.940695 0.864547 0.822945 0.817039 0.799931 0.79302 0.740479 1.156 0.736319 0.731916 0.707671 0.944369 0.706996 0.623661 0.617531 0.59883 0.59727 0.514368 0.495653 0.566642 0.477043 0.461801 0.423967 0.404633
threshold=-0.48333333432674402 -0.33666665852069849 -0.083333343267440782 0.028243753127753738 -0.15000000596046445 0.23666667938232425 0.22333335876464847 0.33666664361953741 -0.26999998092651362 0.26999998092651373 0.4499999880790711 -0.19666665792465207 0.34333333373069769 0.42333334684371954 -0.0096092224121093733 0.034798877313733108 -0.22333332896232602 0.35000002384185797 -0.016666665673255917 -0.43000000715255732 0.021112410351634029 -0.069999992847442613 0.039836786687374122 0.30333334207534796 0.083333313465118422 -0.076666668057441698 0.44166666269302374 -0.2766666561365127 -0.32999998331069941 0.025633870624005798
decision_type=2 2 2 2 2 2 2 2 2 2 2 2 2 2 2 2 2 2 2 2 2 2 2 2 2 2 2 2 2 2
left_child=6 5 3 4 23 8 -1 9 16 11 -9 -7 13 14 -4 21 -2 -18 19 -6 -21 27 29 24 25 -3 -11 -5 -15 -10
right_child=1 2 12 15 18 7 -8 10 22 26 -12 -13 -14 28 -16 -17 17 -19 -20 20 -22 -23 -24 -25 -26 -27 -28 -29 -30 -31
leaf_value=0.016090793086773886 -0.0013853066382493735 0.011368500423544446 -0.00044817775291916117 0 0.0011260356029380177 0.00089310393471816118 -0.00047532006946961072 -0.0034509189689693439 0.0052551055739739529 0.0081684702749964914 0.010457898805124596 -0.017005202565658788 -0.012765504042534143 0.010912572977743007 -0.0086261462605645937 0 0.01530474848058234 -0.0019620135395979252 0.006256538977632297 -0.0027117893953461833 -0.014086419290946603 -0.001316486164559414 0.0071101596615906447 -0.0033875075218336229 -0.0027234628974172732 -0.0018350531658711514 -0.0060026181430068905 0.017786908134163427 -0.0013563761167383556 -0.0057039611911697437
leaf_weight=22.244880731683228 6.0072482025716445 27.339874000521373 52.597722012782469 4.7676217849366429 13.601152615854515 4.471640223404397 7.7858644416555753 13.107906163204463 3.9525861684232977 7.1997203493956459 14.149138998938723 14.5404180532787 31.971744418609887 10.649360077455638 76.331402909709141 29.590968459378928 35.863685365766287 5.2105764099396756 5.2505997163243583 35.427651411388069 26.667784737655893 2.9132247278466812 17.671200717333704 11.343861505156381 5.4364028854761264 4.7984196289908168 3.6670645044650882 15.286155648296697 4.7679401214700183 26.469342378666624
leaf_count=297 146 1762 4391 144 717 172 122 584 142 242 455 422 3006 181 6357 1363 709 94 177 2823 2075 258 682 708 410 337 100 736 462 1008
internal_value=-6.45963e-05 -0.000934662 -0.00267419 0.000550482 -0.00173513 0.00295064 0.011738 -0.00190652 0.00605377 -0.00739009 0.00360158 -0.0125916 -0.00605596 -0.00395342 -0.00564344 0.00622405 0.0104007 0.0126124 -0.00523368 -0.00673766 -0.00877467 0.0118945 0.000654502 0.00353814 0.00638127 0.00876307 0.00146998 0.0146345 0.00663398 -0.00296256
internal_weight=541.083 511.052 358.742 182.424 129.866 152.311 30.0307 57.1359 95.1746 29.8788 27.257 19.0121 176.318 144.346 128.929 52.558 47.0815 41.0743 80.9472 75.6966 62.0954 22.967 48.0931 48.9186 37.5747 32.1383 10.8668 20.0538 15.4173 30.4219
internal_count=31082 30663 25907 11510 9009 4756 419 1975 2781 936 1039 594 14397 11391 10748 2501 949 803 5792 5615 4898 1138 1832 3217 2509 2099 342 880 643 1150
is_linear=0
shrinkage=0.05


Tree=43
num_leaves=31
num_cat=0
split_feature=14 27 10 39 40 12 36 37 31 14 17 3 39 22 41 41 5 41 3 40 34 37 17 9 22 33 6 21 9 37
split_gain=2.09606 1.43421 2.20667 1.04428 1.07462 0.970758 0.947207 1.81287 0.911025 0.957622 0.901214 0.843355 0.899872 1.16688 0.788197 0.993162 0.749585 0.883871 0.711845 0.637624 0.616693 0.60684 0.597044 0.550836 0.626412 0.505992 0.476414 0.44772 0.432674 0.430373
threshold=-0.48333333432674402 -0.32999998331069941 -0.036666661500930779 0.030262772925198082 0.2100000008940697 -0.15666666626930234 0.37666666507720953 -0.0028367042541503902 0.42333334684371954 -0.4433333277702331 -0.36333334445953364 0.23500001430511477 0.030262772925198082 0.20333331823349002 0.062321202829480178 0.035905381664633758 0.29000002145767217 0.042987337335944183 0.056666672229766853 0.86666667461395275 -0.35000000894069666 -0.015175819396972655 0.31666666269302374 0.25666666030883795 -0.15666666626930234 -0.023333340883255001 0.35666668415069586 0.14999997615814212 -0.063333332538604722 -0.050820350646972649
decision_type=2 2 2 2 2 2 2 2 2 2 2 2 2 2 2 2 2 2 2 2 2 2 2 2 2 2 2 2 2 2
left_child=6 11 3 8 27 -6 7 -1 9 -3 -4 12 13 25 15 -11 17 -13 21 -17 -7 -15 -10 24 -14 -2 -18 -5 -22 -24
right_child=1 2 10 4 5 20 -8 -9 22 14 -12 16 23 18 -16 19 26 -19 -20 -21 28 -23 29 -25 -26 -27 -28 -29 -30 -31
leaf_value=0 0.0026670308638188818 0.0091157073348949978 0 -0.0081494100382281508 0 0 -0.0001597917025171567 0.024811275991764869 0.012085754518106707 -0.00097498786585284371 -0.0087089066619476709 -0.013175897058943096 -0.0060057393350675089 0.0018166496777882108 0.0070879386860338567 -0.014467909587715178 0.0089486549123071728 0.0035189315165515831 0.0060816038399185181 0 0.019940265873142935 -0.014087150037599326 0.0061394276250333179 -0.0105844521126022 0.0086725790337860691 0.013881848012764573 -0.0025628524305783967 0.0040467029068283053 0 -0.0080507046081245079
leaf_weight=11.405585059896111 24.562958912691101 8.024530472699551 37.857217648997903 9.5675860592164117 12.53203777852468 2.4439912033267346 9.1804965985938889 13.647167449817061 13.388128024525942 61.695503380615264 117.35301882144995 15.794669250026347 5.7721386891789779 4.2861222927458584 6.6429370068944982 30.518377795815468 11.935952548170464 6.1367338325362644 9.1984570359345508 11.944388391682876 20.041837514378134 7.8160892715677637 2.8420766503550112 6.4784131459891787 10.529519343283027 44.883104786975309 9.1579123204573971 6.4972854773513964 2.3465175533201537 5.6921830421779287
leaf_count=137 764 169 1535 492 512 165 136 151 391 5423 11242 558 180 134 422 2625 335 206 280 1064 856 261 47 250 282 1299 433 294 205 246
internal_value=0.000351543 -0.000469145 -0.00228568 0.00116276 0.00678634 0.0110598 0.0113632 0.0156058 -0.000991833 -0.00292428 -0.00663766 0.00336586 0.00560483 0.00779718 -0.00443376 -0.00574156 -0.00199491 -0.00785696 -0.00122752 -0.0111731 0.0158351 -0.00833838 0.00696485 -0.00206476 0.00213675 0.0107741 0.00356742 -0.00232468 0.0180733 -0.00102138
internal_weight=540.173 505.94 349.388 194.177 53.4293 37.3644 34.2332 25.0528 140.748 118.826 155.21 156.552 113.527 90.7467 110.801 104.158 43.0253 21.9314 21.3007 42.4628 24.8323 12.1022 21.9224 22.7801 16.3017 69.4461 21.0939 16.0649 22.3884 8.53426
internal_count=31094 30670 25688 12911 2524 1738 424 288 10387 9703 12777 4982 3450 2738 9534 9112 1532 764 675 3689 1226 395 684 712 462 2063 768 786 1061 293
is_linear=0
shrinkage=0.05


Tree=44
num_leaves=31
num_cat=0
split_feature=16 6 40 38 41 27 5 25 25 5 4 38 37 41 20 11 22 39 37 37 39 41 9 3 25 5 38 38 8 20
split_gain=2.35617 1.63847 1.78589 1.19188 1.17514 1.24507 0.912666 0.851869 1.11812 0.956857 0.985964 0.865389 0.873353 0.82894 0.804476 0.694116 0.641295 0.631109 0.623617 0.600315 0.56187 0.502588 0.452157 0.450312 0.43202 0.412041 0.403761 0.399215 0.395351 0.394504
threshold=-0.28333333134651179 -0.22999998927116391 0.756666660308838 0.035072326660156257 0.06874531134963037 0.18999999761581424 -0.33666665852069849 -0.063333332538604722 0.18999999761581424 0.32999998331069952 0.38999998569488531 -0.11537122726440428 0.0044207572937011727 0.062321202829480178 0.23666667938232425 0.13666665554046634 -0.24999999999999997 0.021725325845181945 0.026471138000488285 -0.06400823593139647 0.027028502896428112 0.027052928693592552 0.26333332061767584 -0.023333340883255001 -0.25666666030883784 -0.41666667163372034 -0.022348880767822262 -0.2015423774719238 -0.083333343267440782 0.32999998331069952
decision_type=2 2 2 2 2 2 2 2 2 2 2 2 2 2 2 2 2 2 2 2 2 2 2 2 2 2 2 2 2 2
left_child=4 2 3 15 5 7 14 16 19 11 -11 -10 -13 -3 21 24 -1 -14 27 -9 -5 -4 -23 -19 -2 -26 -8 -17 -7 -29
right_child=1 13 6 20 -6 28 26 8 9 10 -12 12 17 -15 -16 18 -18 23 -20 -21 -22 22 -24 -25 25 -27 -28 29 -30 -31
leaf_value=0.0080692146378204144 0.0076890284983077723 -0.007075766638235538 0 -0.0096555928537312378 -0.0098664712733577044 0.0006536457760981146 0.0065335923828065794 0 0.0098227796856656321 0.015416370386810294 -0.0023573123397925312 -0.01373611538436203 0.0093343860425886237 0.0029581044546508938 0.0015504710517265754 0 -0.0012603161375163603 -0.010508356500362574 -0.0003114413269717758 0.01310927386910115 0.0042972499423251992 -0.023192874367342062 0 0.0025673769727620282 -0.009818874573724809 0.0017582222788305247 -0.0047964247165753213 0.018833723878577659 -0.0092193763152096583 0
leaf_weight=18.433819489553571 11.840438706101851 160.85872807796113 1.6695910780690635 11.353029621532189 8.7701092292554659 10.59264131030068 9.2425839719362575 7.0118668689392498 4.4382514315657309 14.03175048180856 7.0216323868371537 13.074091342976315 6.8973624028731164 16.378111904719844 3.0829948091413817 2.6634900495409992 60.231272889766842 7.6756237843073887 3.6461294856853774 70.971326130442321 4.862728899344801 10.00350780203007 1.7912908501457412 4.6668892637826502 5.3427917971275773 12.559477942530064 9.5931343666743469 23.666215801611546 14.136694716522468 3.340018223039805
leaf_count=421 742 15772 90 1181 266 355 556 184 85 347 302 361 173 1258 202 81 1586 165 161 1496 379 608 153 114 280 906 874 1066 810 174
internal_value=0 -0.00297802 0.00146962 0.00570434 0.00357656 0.00440083 -0.00686542 0.00568741 0.00804098 0.00192328 0.00935635 -0.00246548 -0.0060797 -0.00594562 -0.0137005 0.00879409 0.00104753 0.000161116 0.0133247 0.0118167 -0.00431558 -0.0178784 -0.0204997 -0.00497873 0.00163485 -0.0022484 0 0.0154719 -0.00487489 0.0169981
internal_weight=539.848 291.894 114.657 79.2743 247.953 239.183 35.3831 214.454 135.789 57.8056 21.0534 36.7522 32.314 177.237 16.5474 63.0586 78.6651 19.2399 33.3159 77.9832 16.2158 13.4644 11.7948 12.3425 29.7427 17.9023 18.8357 29.6697 24.7293 27.0062
internal_count=31148 24483 7453 4970 6665 6399 2483 5234 3227 1547 649 898 813 17030 1053 3410 2007 452 1482 1680 1560 851 761 279 1928 1186 1430 1321 1165 1240
is_linear=0
shrinkage=0.05


Tree=45
num_leaves=31
num_cat=0
split_feature=4 29 10 38 38 38 25 19 24 31 27 34 18 38 41 27 1 24 10 30 20 10 23 25 38 13 40 41 41 0
split_gain=2.04445 1.94664 1.69516 1.00348 1.75016 0.934097 1.0096 1.81359 0.942171 0.825016 0.758818 1.03112 0.766123 0.749844 0.946415 0.665881 0.730534 0.594363 0.597874 0.499181 0.498435 0.462071 0.453679 0.434144 0.42784 0.419803 0.392593 0.420464 0.387198 0.385956
threshold=0.42333334684371954 0.42333334684371954 -0.030000001192092892 0.10286664962768556 0.0048093795776367196 -0.0027670860290527339 -0.11666667461395262 -0.24999999999999997 -0.063333332538604722 0.31000000238418585 -0.30333334207534784 -0.12333333492279051 -0.083333343267440782 -0.076637268066406236 0.031045022420585159 -0.15666666626930234 0.27666664123535162 -0.36500000953674311 -0.3899999856948852 -0.32999998331069941 0.35666668415069586 0.4499999880790711 -0.29000000655651087 0.16333335638046267 -0.13281488418579099 0.41000002622604376 0.96333330869674694 0.03504293970763684 0.06874531134963037 -0.36333334445953364
decision_type=2 2 2 2 2 2 2 2 2 2 2 2 2 2 2 2 2 2 2 2 2 2 2 2 2 2 2 2 2 2
left_child=1 2 5 4 13 9 -7 8 -8 15 11 24 20 -3 -15 16 22 -11 -19 -12 23 -2 -1 -13 -4 -20 27 -9 -29 -14
right_child=21 3 10 -5 -6 6 7 26 -10 17 19 12 29 14 -16 -17 -18 18 25 -21 -22 -23 -24 -25 -26 -27 -28 28 -30 -31
leaf_value=0 -0.014279120938154744 0.0093924097269020897 0.0028559113194212833 -0.0051196980532975511 0.019726110377322765 -0.0070908962133237417 -0.00028745079500155945 0 0.014443098594518297 -0.0014069568646203432 0.0012296726774659369 0.011173491944243934 0.0029966040175080587 0.0051569211493049747 -0.011419461099109178 -0.0021854011481530727 -0.0060322809830389542 0.016894380380797148 0.0061202084932259863 -0.0077144053212671168 -0.0030533890698625568 0 0.011833905939190453 0 -0.0090074499677326447 -0.0066404119570495565 0.0040707280824152465 -0.013012272416147858 8.5515411626647749e-05 -0.0087147944448287534
leaf_weight=8.4421912687830609 24.884300168603662 13.258769138017668 2.9679768891073754 6.3481391696259371 22.495426879497245 40.005183242727071 11.693094664951785 13.154787350213153 23.791253903415054 4.7309580757282665 10.973613390699027 29.683454963378608 3.9920659922063342 9.9143905204255152 11.113419287139548 46.039706764509901 3.7844920593779525 21.749582306481898 14.779041438596325 106.0168089591898 4.5917022298090151 5.392115010181441 23.854777719825506 9.2284911766182613 29.351996389683336 2.3151843459345391 2.9201907548122099 16.97301765205339 2.5715636843815437 10.887022674083708
leaf_count=236 2008 272 103 169 492 2851 333 1357 588 165 1002 791 216 206 271 4144 193 429 698 9073 112 462 868 257 1115 86 236 1604 121 722
internal_value=-0.000416225 0.000351431 -0.000801134 0.00819345 0.0104271 0.00200048 -0.00114232 0.00217164 0.00964682 0.00489387 -0.00407892 -0.000293332 0.00333092 0.00167623 -0.00326911 0.00134852 0.00612054 0.0100993 0.0120589 -0.00665313 0.00670008 -0.0119056 0.00891935 0.00866181 -0.00698903 0.00203323 -0.00499164 -0.00695261 -0.010695 -0.00441708
internal_weight=537.905 507.628 444.498 63.1301 56.782 236.805 111.109 71.1039 35.4843 125.696 207.693 90.7027 58.3827 34.2866 21.0278 82.1212 36.0815 43.5748 38.8438 116.99 43.5036 30.2764 32.297 38.9119 32.32 17.0942 35.6196 32.6994 19.5446 14.8791
internal_count=31180 28710 27300 1410 1241 13909 7090 4239 921 6819 13391 3316 2098 749 477 5441 1297 1378 1213 10075 1160 2470 1104 1048 1218 784 3318 3082 1725 938
is_linear=0
shrinkage=0.05


Tree=46
num_leaves=31
num_cat=0
split_feature=16 31 19 37 37 37 35 31 32 38 6 19 40 28 40 38 28 10 40 40 32 10 31 2 26 15 5 26 4 11
split_gain=2.07003 1.27712 1.656 1.31917 1.14922 1.58999 1.1289 1.12143 0.969412 0.777761 1.09616 0.774059 0.765348 0.682418 0.596452 0.600145 0.586669 0.739404 0.569148 0.562619 0.878245 0.901531 0.468141 0.458088 0.440445 0.435909 0.427947 0.390989 0.486983 0.416639
threshold=-0.41666667163372034 0.42333334684371954 -1.0000000180025095e-35 0.0044207572937011727 -0.0028367042541503902 -0.022203922271728512 -0.096666663885116563 -0.40333333611488337 0.18999999761581424 0.15974140167236331 0.29000002145767217 0.18333333730697635 0.2100000008940697 0.37666666507720953 0.089999999850988402 0.058087348937988288 0.32999998331069952 0.29000002145767217 0.17000000178813937 0.89666664600372326 1.0000000180025095e-35 0.13666665554046634 -0.030000001192092892 0.27666664123535162 -0.12333333492279051 0.25000000000000006 -0.29000000655651087 0.27666664123535162 0.17666667699813846 0.19666665792465213
decision_type=2 2 2 2 2 2 2 2 2 2 2 2 2 2 2 2 2 2 2 2 2 2 2 2 2 2 2 2 2 2
left_child=4 2 19 6 5 7 11 18 -7 10 12 -3 13 -6 15 -4 -9 -18 -1 26 -21 22 -22 -12 -14 -5 -2 29 -29 -28
right_child=1 3 14 25 9 8 -8 16 -10 -11 23 -13 24 -15 -16 -17 17 -19 -20 20 21 -23 -24 -25 -26 -27 27 28 -30 -31
leaf_value=0 0.0036708346756539412 0 0.0043935847338945093 0.0028127413548469792 -0.0058733904257194415 -0.017900059137816938 -0.0013255491145324845 0.0045818270750088604 0.00043934956064276269 -0.0010942633048435443 0.0061603154920384946 0.018102579452782454 0.0006285921083529337 0.009954909163330812 -0.0085557134221306338 -0.0093716423492325712 -0.015631243938173292 0.0018868431077860241 0.015747502097313907 -0.0016677692944925089 0.019440527982751886 -0.0018424518130476975 0 -0.0060119473000867759 0.021550919628626319 -0.0094384548304296111 -0.0054101791780820025 0.0042148798612763284 -0.0051886187381043787 0.0032151936448905484
leaf_weight=9.4077424700371939 27.179899052483961 4.2876693389844176 18.953555714571852 4.7442127293907097 6.3126116688363236 9.5650991555303353 10.724727361695839 8.4045166675932723 8.2729650586843473 9.9123928234912437 10.706824330613019 21.628584482939914 5.8872693376615635 7.6981853945180774 107.64757110690698 5.5985124828293911 6.7751939133740944 5.191144603304565 16.124220258090645 18.516964469570667 11.590298787225038 5.2193862637504926 2.9948440245352694 8.1437617209739965 25.516362540889535 10.981989617925136 87.312748561613262 34.250779988709837 13.852076426846905 8.5681742294691485
leaf_count=160 1642 149 1621 378 130 169 627 180 152 173 194 508 134 101 10936 606 136 109 253 1315 435 295 227 169 405 793 6287 1237 606 820
internal_value=0.000198798 -0.00160551 -0.00278044 0.0051301 0.00537969 0 0.0100723 0.00520933 -0.0103761 0.00936924 0.0112946 0.0149348 0.0150877 0.00195132 -0.00702894 0 -0.00237297 -0.008548 0.0113522 0 0.00505927 0.0112431 0.0163124 0 0.019027 -0.00483578 -0.00123927 -0.00244261 0.000769781 -0.00425005
internal_weight=531.97 394.052 341.685 52.3672 137.918 63.7409 36.641 45.9028 17.8381 74.1774 64.265 25.9163 45.4144 14.0108 132.2 24.5521 20.3709 11.9663 25.532 209.485 38.3215 19.8045 14.5851 18.8506 31.4036 15.7262 171.164 143.984 48.1029 95.8809
internal_count=30947 28482 26027 2455 2465 1159 1284 838 321 1306 1133 657 770 231 13163 2227 425 245 413 12864 2272 957 662 363 539 1171 10592 8950 1843 7107
is_linear=0
shrinkage=0.05


Tree=47
num_leaves=31
num_cat=0
split_feature=4 29 8 27 39 8 41 4 33 39 8 6 38 25 27 41 41 6 36 24 27 25 9 3 23 3 20 11 10 8
split_gain=1.46402 1.54158 1.46107 1.86136 1.46247 1.13179 1.14244 0.976662 0.917522 1.08216 0.914832 0.866677 0.607683 0.58859 0.993368 0.554263 0.672187 0.707847 0.584272 0.53002 0.516679 0.971936 1.1151 0.502137 0.501197 0.495839 0.463518 0.51289 0.458299 0.473376
threshold=0.42333334684371954 0.42333334684371954 -0.11666667461395262 -0.31666666269302363 0.013734275940805675 0.11000001430511476 0.040580337867140777 -0.21000000834465024 -0.12333333492279051 0.030262772925198082 -0.016666665673255917 -0.063333332538604722 -0.032394886016845696 0.32999998331069952 -0.48333333432674402 0.039547588676214225 0.029897365719079975 0.21666666865348819 0.13666665554046634 0.25666666030883795 -0.036666661500930779 -0.236666664481163 -0.3899999856948852 0.23500001430511477 -0.04333332180976867 0.096666663885116591 0.35000002384185797 -0.22333332896232602 -0.090000003576278673 -0.069999992847442613
decision_type=2 2 2 2 2 2 2 2 2 2 2 2 2 2 2 2 2 2 2 2 2 2 2 2 2 2 2 2 2 2
left_child=1 2 4 5 12 10 23 20 9 25 -4 -10 -1 14 -3 16 17 -5 -18 -8 -6 22 -22 26 -11 -9 27 -7 -17 -30
right_child=-2 13 3 15 7 6 19 8 11 24 -12 -13 -14 -15 -16 28 18 -19 -20 -21 21 -23 -24 -25 -26 -27 -28 -29 29 -31
leaf_value=0.0021863783023308549 -0.0094970055041665169 -0.0004385828323114399 -0.00018986091475468205 -0.011466754730910449 0.012137733455400618 0.013018767245878068 -0.014180718402352084 -7.6103777303716997e-05 -0.0012785533061183756 -0.00051020991761736563 0.013882385459541244 0.016034270971324521 -0.01433508445965332 0 0.014024563687947758 -0.0011228826737439462 -0.0042790411705251157 0.00089169666314938435 0.0052621287645607685 0.0010765885564160541 0.018672187047025002 -0.0028683432917430171 -0.0016124260786283498 -0.0048673569731869041 0.010942961410668577 -0.0090841619363516771 -0.0038719176143563248 0 0 -0.01423053401383474
leaf_weight=2.8156675486825398 29.548513105139136 11.522802470251916 13.297351556830106 26.31357050454244 40.842605496989563 15.122891097562389 13.815599135356026 38.782526410650462 6.9551917684730169 9.5493596198502946 23.123672117013484 11.067406781949101 10.498473856598137 13.097744689555837 36.161373300710693 17.926390175474808 23.549890694441274 11.378226452041416 27.620985762216151 2.9217526805587104 9.1484386271331477 23.931510677095503 7.0408686199225476 7.6983179871458551 15.144310815259812 27.822455604793504 3.1637804594356558 11.844904882134871 2.7913619945757082 36.783317379187793
leaf_count=151 2477 153 481 2317 1457 345 558 2779 292 423 667 396 821 473 727 1338 1939 991 2437 106 304 1543 541 348 813 2038 105 574 188 3290
internal_value=0.00025133 0.000980121 -3.53335e-05 -0.00272439 0.0029685 0.00260164 -0.00162321 0.00427658 0.000822838 -0.00115324 0.0088551 0.00966172 -0.00995295 0.00806254 0.0104055 -0.00617152 -0.00294703 -0.00755372 0.000445555 -0.0108365 0.00827401 0.00273137 0.010673 0.00280815 0.00646544 -0.00462305 0.00594371 0.00834866 -0.0100117 -0.0128116
internal_weight=531.281 501.733 440.951 237.352 203.599 90.9883 54.5672 190.285 109.321 91.2987 36.421 18.0226 13.3141 60.7819 47.6842 146.364 88.8627 37.6918 51.1709 16.7374 80.9634 40.1208 16.1893 37.8299 24.6937 66.605 30.1316 26.9678 57.5011 39.5747
internal_count=31072 28595 27242 15684 11558 3184 2036 10586 6741 6053 1148 688 972 1353 880 12500 7684 3308 4376 664 3845 2388 845 1372 1236 4817 1024 919 4816 3478
is_linear=0
shrinkage=0.05


Tree=48
num_leaves=31
num_cat=0
split_feature=14 31 19 19 25 11 37 39 36 37 39 37 30 8 38 27 4 26 37 10 41 15 18 13 19 11 34 33 27 36
split_gain=1.52533 0.988501 1.49405 0.952371 0.848026 0.883967 0.655308 0.639879 0.636834 1.04272 0.624496 0.971068 0.598689 0.596752 0.662516 0.596444 0.519428 0.508972 0.495834 0.546055 0.47963 0.475216 0.798557 0.442903 0.516926 1.04043 0.435255 0.42105 0.420067 0.413545
threshold=-0.48333333432674402 0.48333334922790533 0.056666672229766853 0.44333332777023321 -0.049999997019767754 -0.24999999999999997 0.0071382522583007821 0.021725325845181945 0.37666666507720953 -0.0028367042541503902 0.019721276126801971 -0.022203922271728512 0.12333333492279054 -0.41666667163372034 -0.053362846374511712 0.01666665077209473 -0.12999999523162839 0.46333330869674688 -0.0076293945312499991 0.069999992847442641 0.040086608380079276 0.043333351612091071 -0.31000000238418574 -0.45666666328907007 -0.24999999999999997 -0.30333334207534784 0.37666666507720953 0.21666666865348819 -0.0099999904632568342 -0.096666663885116563
decision_type=2 2 2 2 2 2 2 2 2 2 2 2 2 2 2 2 2 2 2 2 2 2 2 2 2 2 2 2 2 2
left_child=8 2 4 -3 5 7 10 27 9 -1 11 12 -6 14 15 -4 -9 -15 19 -13 -16 22 28 -8 25 -25 -12 -2 29 -7
right_child=1 3 13 -5 6 21 23 16 -10 -11 26 18 -14 17 20 -17 -18 -19 -20 -21 -22 -23 -24 24 -26 -27 -28 -29 -30 -31
leaf_value=0 0.0017383691377971099 0.016094500384976718 0.013837008727039912 -0.0030179428151871773 0 0 -0.0011244177917144921 -4.0671903950384039e-05 0 0.019984186589235196 -0.0051528509887135022 0.00083289759865735977 0.015224761762429616 -0.0077766947635609573 -0.010978805746641257 -0.00059633219720029861 -0.014340000544069113 0.0035359401034981727 0.0025439823640196336 -0.016534997340476199 0.0019414200160230155 0.0068037546080358755 -0.0046152890958822152 0 0.00033884992741604458 0.015684617425370608 0.0053833639440446154 -0.0080237121730689087 -0.0017179180173827167 0.013825162912571444
leaf_weight=11.742984051816165 31.305593223776668 10.161687354324384 6.8889601046685156 5.1336185361724338 5.2931939789559719 4.9294783594086775 11.079773842822759 12.978171990020199 9.0043586948886496 12.957248065620661 49.342509332345799 2.9221772041637477 13.904346891678868 115.41803603922017 9.1767637312877905 8.4464152315631491 21.756129867630079 4.2989484695717683 9.8339065285399538 3.8008041991852224 5.7502770966384551 21.159111071377993 45.603886441560462 17.547589455731213 24.795988385565579 26.716941153397784 4.5961294728331259 8.894908134127034 5.3478336995467535 9.6584093680139631
leaf_count=148 1251 360 137 243 425 152 171 564 136 146 2249 158 415 11554 654 297 1008 267 450 122 343 1878 3675 453 1998 761 182 279 329 264
internal_value=-0.000163484 -0.000951988 -0.00144655 0.00946282 0.000375675 -0.00209091 0.00285659 -0.00591163 0.00921565 0.012716 0 0.00457212 0.0111221 -0.00549364 2.53506e-05 0.00678356 -0.0104039 -0.00702224 -0.00285251 -0.0101883 -0.00567737 0.00111059 -0.000794434 0.00597289 0.00744348 0.0104104 -0.00338895 -0.000642018 0.00602772 0.00975467
internal_weight=530.446 496.742 481.446 15.2953 331.467 161.634 169.833 74.9348 33.7046 24.7002 89.6931 35.7544 19.1975 149.979 30.2624 15.3354 34.7343 119.717 16.5569 6.72298 14.927 86.6987 65.5396 80.1403 69.0605 44.2645 53.9386 40.2005 19.9357 14.5879
internal_count=31069 30639 30036 603 16784 9400 7384 3102 430 294 4001 1570 840 13252 1431 434 1572 11821 730 280 997 6298 4420 3383 3212 1214 2431 1530 745 416
is_linear=0
shrinkage=0.05


Tree=49
num_leaves=31
num_cat=0
split_feature=16 26 7 31 31 32 39 9 33 39 40 8 41 17 37 31 31 23 38 1 38 11 13 20 36 38 9 13 37 30
split_gain=1.70127 1.26724 1.07607 1.00407 0.936462 0.764623 0.650727 2.08432 1.18955 0.92788 0.78292 0.664406 0.593193 0.580098 0.572304 0.621561 0.534206 0.638587 0.622242 0.525963 0.503479 0.588183 0.461732 0.454294 0.446698 0.424378 0.608161 0.531743 0.505731 0.41335
threshold=-0.43000000715255732 -0.16333332657814023 0.31000000238418585 -0.30333334207534784 0.48333334922790533 0.37666666507720953 0.028243753127753738 -0.15000000596046445 -0.023333340883255001 0.040006248280406005 0.17000000178813937 -0.063333332538604722 0.039836786687374122 0.3966666460037232 -0.015175819396972655 -0.24999999999999997 -0.4433333277702331 0.29000002145767217 -0.0027670860290527339 -0.12999999523162839 -0.0027670860290527339 -0.12333333492279051 0.3966666460037232 0.26833331584930425 0.18999999761581424 0.10286664962768556 0.030000001192092899 0.37000000476837164 0.10893487930297853 0.45499998331069952
decision_type=2 2 2 2 2 2 2 2 2 2 2 2 2 2 2 2 2 2 2 2 2 2 2 2 2 2 2 2 2 2
left_child=1 -1 4 5 6 16 8 9 10 11 19 22 14 -6 -10 -16 -3 18 -18 20 21 -2 -8 25 -5 26 27 28 -12 -4
right_child=2 3 29 24 13 -7 7 -9 12 -11 23 -13 -14 -15 15 -17 17 -19 -20 -21 -22 -23 -24 -25 -26 -27 -28 -29 -30 -31
leaf_value=-0.0052727000542981822 -0.0020468603527582121 0.016118395914509146 -0.0094725373496237775 0.0032300205540495711 0.015205566713780625 0 0.016217123103191882 -0.005171548477451441 0.0090461770769767764 -0.0010597710749481672 -0.01441889734401644 -0.0007608867379351892 -0.0034084033019572443 -0.00025050559657590271 0.007353080103800147 -0.0036316939211276538 0 -0.0027592856867824445 0.014593962487513549 -0.0040455881957326681 -0.0018311624374156982 0.014424167774737779 0 0 -0.0086468530043643001 0 0 0 0.00047811248511857004 0.00033918696369768182
leaf_weight=17.41932019777596 2.6087079013232151 34.260118961334229 44.23106572846882 9.3322039917111415 9.124005083460359 14.470077658072112 30.685835747281089 40.583617800381035 27.948526511900127 11.840878925751893 53.332091338932514 4.1238389085046938 30.197402818361297 4.8564163653645656 13.988500850042326 29.875522683607414 14.453620239626614 10.76527206879109 13.648652576375754 26.947625055443496 7.8098318497650316 10.449582892935723 2.5067372117191544 21.348353157751262 8.0641743992455286 8.4027823486831021 10.748059322126208 6.302778066135942 2.3596885250881305 7.1012649422045788
leaf_count=404 148 422 4647 153 267 284 1267 3028 1922 568 3813 271 2181 124 783 2513 241 192 215 1935 699 527 85 1617 166 685 829 302 174 629
internal_value=0.000108078 0.00517622 -0.00140742 0.00732633 -0.000304986 0.0094582 -0.000970138 0.00244882 -0.00231155 0.00907154 -0.00510229 0.012565 0.00162408 0.0101224 0.00416119 0 0.0114006 0.00508558 0.00878058 0 0.00537301 0.0102134 0.0147215 -0.00745302 -0.0020126 -0.00906575 -0.0102192 -0.0119708 -0.0133974 -0.00778569
internal_weight=529.787 122.413 407.373 104.994 356.041 87.5977 342.06 89.7409 252.319 49.1573 150.31 37.3164 102.01 13.9804 71.8126 43.864 73.1277 38.8675 28.1023 47.8157 20.8681 13.0583 33.1926 102.494 17.3964 81.1454 72.7426 61.9946 55.6918 51.3323
internal_count=31091 2077 29014 1673 23738 1354 23347 5219 18128 2191 10729 1623 7399 391 5218 3296 1070 648 456 3309 1374 675 1352 7420 319 5803 5118 4289 3987 5276
is_linear=0
shrinkage=0.05


Tree=50
num_leaves=31
num_cat=0
split_feature=27 10 4 36 9 37 16 41 40 38 38 40 41 40 41 27 40 5 14 3 16 6 36 19 9 8 38 31 38 40
split_gain=1.23611 1.02286 0.995434 1.1773 1.81649 0.855053 0.765759 1.19402 1.30206 1.11697 1.30878 1.02223 0.85003 1.18816 0.682566 0.787947 0.564467 0.457103 0.443677 0.425131 0.420997 0.400666 0.70906 0.696083 0.698758 0.380557 0.374116 0.379886 0.356278 0.396978
threshold=-0.13666665554046628 -0.15000000596046445 -0.22333332896232602 0.35666668415069586 0.38999998569488531 0.064506053924560561 -0.28333333134651179 0.062321202829480178 0.17000000178813937 -0.042906284332275384 -0.11537122726440428 0.96999999880790722 0.038556762039661414 0.10333333536982538 0.062321202829480178 0.01666665077209473 0.93666666746139537 0.13666665554046634 0.096666663885116591 0.22333335876464847 -0.45666666328907007 -0.13666665554046628 0.29666668176651007 -0.30333334207534784 0.24333333969116214 -0.083333343267440782 -0.076637268066406236 0.41666668653488165 0.12630462646484378 0.096666667610406889
decision_type=2 2 2 2 2 2 2 2 2 2 2 2 2 2 2 2 2 2 2 2 2 2 2 2 2 2 2 2 2 2
left_child=2 5 3 16 -5 14 7 8 12 10 -10 21 13 19 15 -2 -1 -12 -6 -4 -14 -11 23 24 -23 -7 27 -8 29 -3
right_child=1 28 6 4 18 25 26 -9 9 11 17 -13 20 -15 -16 -17 -18 -19 -20 -21 -22 22 -24 -25 -26 -27 -28 -29 -30 -31
leaf_value=0.011280672703335203 0.004026436183820134 0 0.005616436745204189 -0.015651641607902129 0.014301265794068527 0.011114747362232471 -0.013577132582308438 -0.010712922916244264 0.0095844441055203417 0.00041173252908518896 0 -0.0049485753731965338 0.011140852185083738 -0.020147755335946198 0.0086212612535833816 -0.0057390167610505182 -0.00077333576901891527 -0.013693589244454549 -0.00042389685182519235 -0.0057741395795331135 -0.00078683142375311408 0.022373670502935289 0.00041598337491385482 0 0.00017137768297042775 -0.00035798259345118345 -0.0013174755642747804 0.00030193734378252627 0 -0.0082683335127741384
leaf_weight=54.23743634717539 20.445391089422628 23.293188376352191 9.4921941396314704 8.7084252578206378 5.1680251043289882 16.991493957582865 10.557194652967153 9.7335333428345603 9.2139428844675439 10.964851124910636 5.4691612911410621 4.6427543663885436 5.9866127092391244 6.4933182520326218 7.4633356272242954 70.076808009995148 6.2180256426800034 10.277265174780039 3.3608247949741781 11.220274448394774 9.046998509205876 25.898380369413637 11.8809782336466 5.5223444404546234 6.6970337769016615 4.2400642861612132 51.703036645427346 1.9693788688164193 15.343208891339598 88.884989741491154
leaf_count=1789 1446 2128 214 431 103 859 747 253 221 257 137 115 81 155 357 5150 202 251 261 256 271 475 278 214 129 344 4321 116 1298 8412
internal_value=-0.000259017 -0.00285354 0.00191782 0.00651918 -0.00320443 0.000302071 0 0.00208606 0.00362674 0.00694697 -0.0010645 0.0101779 -0.00295261 -0.00795445 -0.00157767 -0.00316119 0.0097068 -0.00937048 0.00899926 0 0.00459748 0.0120434 0.0138304 0.0168197 0.0191955 0.00833147 -0.00424914 -0.0106546 -0.0058719 -0.00681854
internal_weight=531.2 246.738 284.462 77.6927 17.2373 119.217 206.769 142.54 132.806 90.5667 24.9604 65.6063 42.2394 27.2058 97.9855 90.5222 60.4555 15.7464 8.52885 20.7125 15.0336 60.9636 49.9987 38.1178 32.5954 21.2316 64.2296 12.5266 127.521 112.178
internal_count=31271 19994 11277 2786 795 8156 8491 3307 3054 2077 609 1468 977 625 6953 6596 1991 388 364 470 352 1353 1096 818 604 1203 5184 863 11838 10540
is_linear=0
shrinkage=0.05


Tree=51
num_leaves=31
num_cat=0
split_feature=16 32 27 3 31 19 37 9 32 8 15 2 23 37 31 25 29 2 39 40 7 2 24 16 1 20 15 5 39 30
split_gain=2.07587 1.01894 1.02262 0.972621 0.890592 1.21783 0.831326 0.726272 0.613463 0.594719 0.550223 0.528745 0.622942 0.467891 0.509204 0.459787 0.424623 0.433409 0.416722 0.389611 0.382886 0.474125 0.514937 0.360547 0.352272 0.467261 0.343215 0.32204 0.291183 0.280453
threshold=-0.46999999880790705 0.35000002384185797 -0.48333333432674402 0.2833333313465119 0.42333334684371954 0.22333335876464847 -0.073925971984863267 -0.3899999856948852 -0.030000001192092892 0.2833333313465119 -0.46999999880790705 -0.35000000894069666 0.043333351612091071 0.0063323974609375009 -0.016666665673255917 -0.24999999999999997 -0.069999992847442613 0.18999999761581424 0.01057976530864835 0.10333333536982538 -0.12333333492279051 0.10833334922790529 -1.0000000180025095e-35 -0.056666672229766839 -0.37666666507720942 -0.32333332300186152 -0.22333332896232602 0.2833333313465119 0.022827813401818279 0.29000002145767217
decision_type=2 2 2 2 2 2 2 2 2 2 2 2 2 2 2 2 2 2 2 2 2 2 2 2 2 2 2 2 2 2
left_child=1 2 -1 4 5 11 -7 15 -4 -3 -5 24 16 18 29 -6 26 27 -12 -9 -14 22 -22 -24 25 -2 -13 -18 -23 -15
right_child=3 9 8 10 7 6 -8 19 -10 -11 13 12 20 14 -16 -17 17 -19 -20 -21 21 28 23 -25 -26 -27 -28 -29 -30 -31
leaf_value=0 0.0065367514553334094 0.0053967415664428718 6.2558480081998942e-05 0.0050215443705168492 0.017689460930069106 0.0038040271990653048 -0.010463341955520129 -0.0079194998468260485 0.018140486241047939 -0.0091945855276145596 0.0016696301195986392 0.0066902064641142832 -0.0014927659838998798 -0.0014586773486978065 -0.0069684263568673402 0.0012153694109033645 -0.0074584216111323355 0.0013295654405364062 -0.011534043377082593 0.0032659239826315122 0 0.0037899383915717872 0.01422618279862238 0 0.0090538845487966244 -0.0062489106075004327 -0.0014993876383709566 0.00058223394668614661 -0.0041558878764415665 0.0075297041765669398
leaf_weight=14.348841165192423 7.567463016370314 6.250932363793253 8.8310403786599583 3.6298674829304209 9.0037661122623849 6.6436545907054088 43.588919039815664 5.5765505889430669 26.920788985677067 8.3068013153970224 1.6019354574382294 10.749716904014347 37.431837896816432 8.0818145174998808 17.693995306966826 12.372649833094327 68.768480015918612 14.573856899281962 43.292152502108365 17.247577681671828 15.733675669878719 17.246019520564005 17.099978435784582 2.1340321835596106 19.215382269350812 9.0689504190813732 43.428634352283552 7.273411610396578 16.815719263628125 9.8572250837460142
leaf_count=183 395 82 114 96 144 476 4196 322 320 149 94 488 2615 650 1877 214 3621 741 3259 1105 1006 978 658 259 1035 519 3694 372 904 548
internal_value=-0.000162378 0.00777878 0.0109636 -0.00140287 -0.000227045 -0.00119407 -0.00792724 0.00591592 0.0149245 -0.00196666 -0.00608648 3.68384e-05 -0.00072699 -0.00718961 -0.0015913 0.0114236 -0.00288225 -0.00489126 -0.0104304 0 0.00197938 0.0041642 0.00779043 0.012229 0.00532402 0 0.000215134 -0.00639828 0 0.00308531
internal_weight=530.356 64.6584 50.1007 465.697 381.54 337.34 50.2326 44.2005 35.7518 14.5577 84.157 287.107 251.255 80.5271 35.633 21.3764 144.794 90.6157 44.8941 22.8241 106.461 69.0294 34.9677 19.234 35.8518 16.6364 54.1784 76.0419 34.0617 17.939
internal_count=31114 848 617 30266 23742 21957 4672 1785 434 231 6524 17285 15336 6428 3075 358 8916 4734 3353 1427 6420 3805 1923 917 1949 914 4182 3993 1882 1198
is_linear=0
shrinkage=0.05


Tree=52
num_leaves=31
num_cat=0
split_feature=30 34 38 36 17 36 10 25 19 23 39 25 32 33 38 34 19 40 24 8 8 41 41 40 5 27 37 35 29 40
split_gain=1.40836 1.26561 1.54398 1.24857 1.09752 1.24832 0.84456 1.10605 1.92932 0.732539 0.914554 0.847815 0.699045 0.63033 0.79913 0.66566 0.582942 0.554685 0.725733 0.596566 0.625079 0.551623 0.513661 0.604799 0.859032 0.513012 0.466026 0.459738 0.457466 0.455388
threshold=0.46166664361953741 0.24333333969116214 -0.033671855926513665 0.12333333492279054 -0.37666666507720942 0.31000000238418585 0.083333313465118422 0.083333313465118422 -0.17000000178813932 -0.45666666328907007 0.034798877313733108 0.36333334445953375 -0.049999997019767754 0.32999998331069952 0.014066219329833986 -0.036666661500930779 -0.29666668176650995 0.10333333536982538 0.1566666662693024 0.11000001430511476 0.3966666460037232 0.03406162932515145 0.040580337867140777 0.26333333551883703 0.056666672229766853 0.01666665077209473 -0.073925971984863267 -0.4433333277702331 -0.37666666507720942 0.55000001192092907
decision_type=2 2 2 2 2 2 2 2 2 2 2 2 2 2 2 2 2 2 2 2 2 2 2 2 2 2 2 2 2 2
left_child=1 6 9 -2 5 25 7 22 12 -3 11 -11 -9 -5 -15 -16 -14 18 21 -19 -21 -8 23 -1 27 -4 -6 -25 -24 -10
right_child=3 2 4 13 26 -7 17 8 29 10 -12 -13 16 14 15 -17 -18 19 -20 20 -22 -23 28 24 -26 -27 -28 -29 -30 -31
leaf_value=0 -0.0050476346925823297 -0.0026974194378016157 0.016687146319348489 0.020131488904094101 0.0051566340488222841 -0.008514235355812522 -0.0015504611888426485 0 -0.0072797636266862106 0.016192617818453499 0 -0.00069318961414274402 0.019519511522619687 -0.0023757257580212902 0.017686326039147375 -4.7445128896737946e-05 0 -0.0012249976149666065 -0.0080168538481568685 -0.01234264873378557 0 0.010850080129242705 0.0084777049667232613 0 0 0 -0.0065696727922421906 -0.014553009738025247 -0.0015181303964595209 0.0019874669528163152
leaf_weight=33.215930448612198 8.8372199423611146 6.8775910020340225 11.818815145874398 10.897843424230812 2.8854721551761022 3.4290685837622723 9.796323823276909 8.6736895998474193 20.838483366649598 36.097776207374409 13.942761686397715 5.0986515020485959 17.837028948590159 14.263824496185409 7.1434279321692884 4.3603253860492242 6.9157884505111751 38.292800665134564 10.877163055585696 51.789950667181984 13.930977707495911 11.589601341402156 8.4388500957284105 3.7364185976330182 18.421891721896827 3.6770380632951847 54.946391127537936 29.228015806060284 43.608942984137684 16.152774742804468
leaf_count=2264 219 340 244 162 163 115 545 408 2035 1499 568 372 358 501 247 83 359 2425 656 3144 1246 635 351 151 1231 191 4462 2080 2621 1573
internal_value=-6.39827e-05 -0.000938819 0.0029264 0.00774935 -0.00155432 0.00705912 -0.00259606 -0.000413325 0.00431864 0.00848756 0.0104194 0.0137506 0.0122093 0.0116958 0.00421266 0.0118242 0.0157461 -0.00557964 0 -0.00727099 -0.010048 0.00516167 -0.00310611 -0.00541027 -0.00851828 0.013083 -0.00516323 -0.0127273 0.000380643 -0.00293897
internal_weight=527.621 482.118 138.774 45.5026 76.7568 18.9249 343.345 207.068 70.4178 62.0168 55.1392 41.1964 33.4265 36.6654 25.7676 11.5038 24.7528 136.277 32.2631 104.014 65.7209 21.3859 136.65 84.6023 51.3863 15.4959 57.8319 32.9644 52.0478 36.9913
internal_count=31248 30036 7954 1212 5175 550 22082 13431 4733 2779 2439 1871 1125 993 831 330 717 8651 1836 6815 4390 1180 8698 5726 3462 435 4625 2231 2972 3608
is_linear=0
shrinkage=0.05


Tree=53
num_leaves=31
num_cat=0
split_feature=13 31 31 25 36 14 10 18 32 11 17 41 8 31 37 36 8 39 33 39 26 27 29 0 38 33 10 0 32 41
split_gain=1.06921 1.01136 0.895326 1.47826 0.974034 0.929189 0.804679 0.71152 0.693942 0.590967 1.25239 0.597139 0.535423 0.643462 0.510194 1.4061 0.524674 0.710622 0.59088 0.577831 0.481587 0.470792 0.438905 0.426499 0.719671 0.738624 0.414589 0.476487 0.399287 0.39305
threshold=0.41000002622604376 0.48333334922790533 -0.4433333277702331 -0.29000000655651087 0.42333334684371954 -0.46999999880790705 -0.46999999880790705 0.29000002145767217 0.31666666269302374 -0.36333334445953364 -0.4433333277702331 0.037718985229730613 -0.43000000715255732 0.40333333611488348 -0.023729801177978512 0.12333333492279054 0.11000001430511476 0.030262772925198082 -0.10333332419395445 0.021990424022078518 -0.15000000596046445 -0.19666665792465207 0.29000002145767217 -0.083333343267440782 0.11419248580932619 0.31000000238418585 0.030000001192092899 0.17666667699813846 -0.236666664481163 0.026561230421066288
decision_type=2 2 2 2 2 2 2 2 2 2 2 2 2 2 2 2 2 2 2 2 2 2 2 2 2 2 2 2 2 2
left_child=1 2 3 22 5 8 -2 -8 -5 11 -11 23 13 20 15 -14 17 18 19 -16 -12 -19 -1 29 25 -25 -13 28 -28 -4
right_child=6 -3 9 4 -6 -7 7 -9 -10 10 12 26 14 -15 16 -17 -18 21 -20 -21 -22 -23 -24 24 -26 -27 27 -29 -30 -31
leaf_value=0.0001222501133693191 0.0040693895570887706 0.013465642810917134 -0.0030064466960771775 0.020039617476415708 -0.0026826441425408716 0 0.00029481700182801729 -0.014306306465451949 0.0012503681694863013 0.011914182446606242 0.0069739501038219472 0 -0.0083084932733870475 0.013736371619568911 0.00011815605887801687 0.0035196965634576695 -0.0033240444729336518 0 0.0039884976737604499 -0.0089484561328299472 -0.0049663950776193209 0.010464971244016102 -0.013886500903179416 -0.011051563862755728 0.0073554303658530289 0.0038882257586365918 0 0 -0.018588424428381389 0.0086133509105710184
leaf_weight=4.6109480760060233 5.7133163451217106 8.9977880471851659 3.7308301865123239 21.711117455270141 9.0562779493629915 11.951306964037938 6.7933717856649336 23.600531902397051 10.652796769514678 15.874271655688061 8.4909400844480896 14.621511908946557 62.509882073383778 7.7194984068628392 34.321932394756004 31.852609568508342 60.621056966250762 10.728012059349565 39.457154366420582 21.461801167344674 14.238611453212796 26.28028144640848 5.0073491861112416 21.79040552047082 4.5510964191053054 5.2676664502359918 2.6315923654474309 7.6734312928747377 12.301681545795875 13.83063513599336
leaf_count=251 132 315 149 236 249 454 707 2089 149 424 593 634 4491 186 2934 2361 5135 482 2736 1632 782 1501 112 822 128 154 119 268 444 518
internal_value=0 0.000649551 0.000197332 0.00551682 0.00896324 0.0118762 -0.00764801 -0.0108453 0.0156695 -0.000608327 0.000297387 -0.0041678 -0.000415947 0.00518538 -0.00118894 -0.004095 0.000187798 0.00205281 -9.55216e-05 -0.00349568 0 0.00740484 -0.00810308 0 -0.00360838 -0.00720902 -0.0084654 -0.0120218 -0.0159501 0.00494676
internal_weight=528.05 491.942 482.945 62.9898 53.3715 44.3152 36.1072 30.3939 32.3639 419.955 333.556 86.3989 317.682 30.449 287.233 94.3625 192.87 132.249 95.2409 55.7837 22.7296 37.0083 9.6183 49.1706 31.6092 27.0581 37.2282 22.6067 14.9333 17.5615
internal_count=31187 28259 27944 1451 1088 839 2928 2796 385 26493 23257 3236 22833 1561 21272 6852 14420 9285 7302 4566 1375 1983 363 1771 1104 976 1465 831 563 667
is_linear=0
shrinkage=0.05


Tree=54
num_leaves=31
num_cat=0
split_feature=19 29 37 25 38 4 29 24 16 15 4 24 25 15 14 29 28 20 31 39 12 27 32 15 41 41 32 9 19 40
split_gain=1.26282 1.17927 1.44888 1.14184 0.898209 0.753754 1.14437 0.674525 0.687699 0.673296 0.651409 0.640322 0.786429 0.670466 0.640235 0.636108 0.942731 0.646218 0.74661 0.551324 0.53591 0.53037 0.514067 0.460887 0.410655 0.397044 0.3959 0.3844 0.383072 0.369915
threshold=-1.0000000180025095e-35 -0.32999998331069941 -0.061809539794921868 -0.049999997019767754 -0.033671855926513665 -0.236666664481163 -0.46999999880790705 0.17000001668930056 -0.46999999880790705 0.25666666030883795 0.17666667699813846 -1.0000000180025095e-35 0.32999998331069952 -0.22999998927116391 -0.32333332300186152 0.056666672229766853 0.46166664361953741 -0.21666666865348813 -0.3899999856948852 0.023547814227640632 -0.069999992847442613 -0.45666666328907007 0.30333334207534796 -0.20333333313465116 0.027626001276075843 0.034736000001430518 -0.14333333075046537 0.4499999880790711 -0.12999999523162839 0.95666664838790905
decision_type=2 2 2 2 2 2 2 2 2 2 2 2 2 2 2 2 2 2 2 2 2 2 2 2 2 2 2 2 2 2
left_child=3 2 19 7 5 6 -4 8 -1 -6 26 15 13 -13 -12 -5 17 18 -17 -2 21 -10 23 24 -19 -7 28 29 -9 -3
right_child=1 27 4 11 9 25 -8 10 20 -11 14 12 -14 -15 -16 16 -18 22 -20 -21 -22 -23 -24 -25 -26 -27 -28 -29 -30 -31
leaf_value=0.0097244290769529992 0 -0.0081590769043628567 -0.0044656204006390532 0.0075122806349905563 0.0022243073041818637 -0.0099463428375382249 0.016111331931520929 -0.0098129370227506216 0.0062357116081361054 -0.011984710516864221 -0.016973294038712911 0.010666699947441575 -0.0028577912056706022 0 0 0.011915929443573251 0.011544443029600292 0 -0.0048872956511285849 0.016800877962620062 0.005833356149877531 -0.0040211913781829506 0.00090995386493249305 0 -0.014913409585360256 0.0020245224025303896 0.0041682385370177362 0.00052499617727127948 0.0029396349353689542 0.00051982283609003084
leaf_weight=12.682138158008454 4.0835989397019139 93.183533282950521 5.0851428974419859 18.960357571719214 5.9143011302221593 6.5436715679243189 11.556693369988354 9.6503767068497819 7.7071270365267983 20.670248990412802 11.469174095895143 72.628788203001022 11.515757624292744 23.717930087586865 6.7171990706119677 6.2956860507838428 4.5566564910113803 4.9345154268667057 6.7523299593012762 11.268849090440197 18.070078314049169 77.192293895874172 8.1213020153809321 6.137237170012674 21.1669874379877 6.2630001918878406 15.325383476447312 10.666176405269651 2.087061541387814 7.1862687177490434
leaf_count=164 166 9988 124 1185 636 323 369 539 176 1721 325 1791 382 1534 573 108 64 137 293 338 1645 4306 228 434 630 263 700 1145 156 714
internal_value=4.39368e-05 -0.00321157 0.00146685 0.00185845 -0.00217161 0.0030586 0.00920242 -0.00108452 0.000805776 -0.00822887 -0.0059324 0.00450555 0.00691658 0.00842817 -0.0119124 0.000567545 -0.00180483 -0.0044155 0.00310742 0.0127959 -0.000538216 -0.00246491 -0.00747425 -0.0100515 -0.0124996 -0.00398459 0 -0.00635396 -0.00590858 -0.00730839
internal_weight=528.11 182.421 71.3855 345.688 56.0331 29.4485 16.6418 160.901 115.652 26.5846 45.2492 184.788 107.862 96.3467 18.1864 76.9251 57.9647 53.4081 13.048 15.3524 102.969 84.8994 40.36 32.2387 26.1015 12.8067 27.0628 111.036 11.7374 100.37
internal_count=31157 15787 3940 15370 3436 1079 493 8584 6291 2357 2293 6786 3707 3325 898 3079 1894 1830 401 504 6127 4482 1429 1201 767 586 1395 11847 695 10702
is_linear=0
shrinkage=0.05


Tree=55
num_leaves=31
num_cat=0
split_feature=24 31 37 32 37 2 8 39 7 39 6 27 26 24 32 9 33 31 27 11 24 12 16 25 37 25 12 12 39 26
split_gain=0.988735 1.28767 1.59691 0.825697 0.961699 0.653482 0.630995 0.945325 0.914592 0.890574 0.76693 0.702803 0.6751 0.671851 0.598593 0.51429 0.512796 0.64431 0.592123 0.59593 0.557794 0.496589 0.483869 0.472645 0.457206 0.579427 0.380232 0.575835 0.445761 0.48573
threshold=0.35666668415069586 -0.4433333277702331 0.064506053924560561 -0.30333334207534784 0.068413257598876967 0.43000000715255743 -0.16333332657814023 0.028243753127753738 -1.0000000180025095e-35 0.034243037924170501 -0.26999998092651362 -0.32333332300186152 0.17666667699813846 -0.056666672229766839 -0.3899999856948852 0.4499999880790711 0.32999998331069952 -0.19666665792465207 0.18333333730697635 -0.40333333611488337 0.11000001430511476 -0.12999999523162839 -0.29666668176650995 -0.35000000894069666 -0.059786796569824212 -0.030000001192092892 -0.3899999856948852 0.32999998331069952 0.021990424022078518 0.25666666030883795
decision_type=2 2 2 2 2 2 2 2 2 2 2 2 2 2 2 2 2 2 2 2 2 2 2 2 2 2 2 2 2 2
left_child=1 2 5 -2 15 22 7 14 10 12 11 -8 -9 -10 23 -5 17 18 19 -15 -21 -11 -1 -3 -25 -26 -16 28 -28 -30
right_child=3 6 -4 4 -6 -7 8 9 13 21 -12 -13 -14 16 26 -17 -18 -19 -20 20 -22 -23 -24 24 25 -27 27 -29 29 -31
leaf_value=0.014010336653407182 0.0047215646226025313 0.001249364848807057 -0.0087474998585246495 -0.012751349642066076 0.0041328705657597267 -0.0017661154682158291 0.0098644754414376097 0.018573479625575182 -0.0036232689737407497 -0.0058232401245887008 -0.0089612692970452816 -0.004259663914622399 -0.00012103261974131299 0 0.0075238089153021621 0 -0.0032832532119441218 0 -0.0022584766706578614 0 0.019182743895547777 0.0051509258338013064 0 0 -0.019609284409999803 0 0.00048267926291294268 0.0080881579674903364 -0.010493446518327872 0.00097814005574684698
leaf_weight=38.480145552894101 7.7818679821211836 6.1272307534236488 7.2913041987922034 42.666485261172056 6.8098842159379265 4.6965819548349819 7.584202841389927 13.000562149332834 68.956167398951948 9.7908679069951194 64.778109498787671 18.05684094899334 2.9455997394397846 9.7214877856895345 12.099089576397089 4.8886980775278053 18.631696161581203 35.580491259694099 4.4856099421158424 7.1687643162440535 14.745747814420609 21.142442035023123 5.2342995367944232 3.8187312043737665 7.6674956046044862 6.4953011001925844 39.641490066889673 9.5909627319779229 18.810912995366383 7.4473414395470163
leaf_count=572 419 320 201 3256 492 138 281 611 5280 393 4180 1551 194 205 406 411 1104 2618 274 227 398 813 414 122 424 389 3065 506 1570 293
internal_value=-0.000643983 0.000127782 0.00690948 -0.00627678 -0.00857806 0.0104317 -0.000823764 0.00151408 -0.00240687 0.00708552 -0.00625119 0.000206282 0.0148921 0 -0.000853828 -0.0111242 0.00268713 0.004694 0.00888182 0.0112339 0.0149506 0.00061881 0.0123 -0.00706114 -0.0105395 -0.0137408 0.000930741 -0.000295325 -0.00243629 -0.00688812
internal_weight=526.136 463.989 55.7023 62.1469 54.3651 48.411 408.287 158.578 249.709 46.8795 90.4192 25.641 15.9462 159.29 111.699 47.5552 90.3338 71.7021 36.1216 31.636 21.9145 30.9333 43.7144 24.1088 17.9815 14.1628 87.5898 75.4907 65.8997 26.2583
internal_count=31127 26549 1325 4578 4159 1124 25224 9106 16118 2011 6012 1832 805 10106 7095 3667 4826 3722 1104 830 625 1206 986 1255 935 813 5840 5434 4928 1863
is_linear=0
shrinkage=0.05


Tree=56
num_leaves=31
num_cat=0
split_feature=30 8 4 38 21 2 32 19 38 17 41 41 41 38 19 4 37 32 5 40 33 20 6 37 25 38 41 41 38 3
split_gain=0.848157 1.2936 1.03512 1.0779 1.13098 1.11902 0.850913 0.931475 0.996252 0.83996 0.835876 0.753911 0.806271 0.706739 0.624994 0.608462 0.607723 0.969165 0.742532 0.599962 0.574205 0.579336 0.514354 0.440857 0.742285 0.436913 0.427841 0.503678 0.417537 0.405945
threshold=0.46166664361953741 0.26999998092651373 -0.21000000834465024 -0.0027670860290527339 -0.36333334445953364 -0.14333333075046537 -0.049999997019767754 -0.46999999880790705 0.10015916824340822 -0.41666667163372034 0.046498663723468787 0.040580337867140777 0.056480605155229575 0.0048093795776367196 -0.22333332896232602 0.096666663885116591 -0.021015167236328122 0.32333332300186163 0.32999998331069952 0.86666667461395275 0.46333330869674688 0.46333330869674688 -0.04333332180976867 -0.056897163391113274 -0.063333332538604722 -0.047021865844726556 0.056480605155229575 0.026418660767376426 0.10015916824340822 0.096666663885116591
decision_type=2 2 2 2 2 2 2 2 2 2 2 2 2 2 2 2 2 2 2 2 2 2 2 2 2 2 2 2 2 2
left_child=1 2 3 4 26 10 11 -8 19 -5 -6 29 -13 15 -10 -2 17 25 20 22 21 -18 -9 -11 -25 -3 27 -1 -15 -4
right_child=13 16 6 9 5 -7 7 8 14 23 -12 12 -14 28 -16 -17 18 -19 -20 -21 -22 -23 -24 24 -26 -27 -28 -29 -30 -31
leaf_value=0.0039749967729698589 0.0081954515977565503 0.01040160691807222 -0.0031047746279954762 0.0082005766207883558 0.018745546702138991 0 0.012423109204495252 0.0042635027821565303 0.012105351750695131 0.0045373243016079406 0 0.0062626542549033687 -0.0064144467316635534 0.014535924269715001 -0.00067632058795415043 -0.0055655191786568668 -0.016192023048572 -0.0098909203463211377 0 0.0032353713216954636 0.00056732905675843811 0.0010403357000244213 -0.0056429909482927018 -0.012461850688026759 0 -0.00049671672806893405 0.0068738973523553562 -0.0098956118807228786 0 -0.012548359054630252
leaf_weight=2.9543487918563214 6.7843248231802162 11.236724703572689 42.591167151927948 11.01911079441197 29.509205256821588 18.966315174708143 9.9220073055475932 7.8963695522397748 16.948606556514282 4.0146045370493075 9.3510637602303159 22.694866170873865 15.761541246902196 16.038142421981323 9.5314924379345012 15.387924365466459 30.950825824169442 10.827875602524726 16.614708060165867 27.021992658032104 3.2578449600841841 1.7820652159862209 84.290791122475639 18.237116583855819 20.91514140623622 10.28526914981194 2.7324966185260555 12.806737903738393 6.1627637953497461 25.037351455539465
leaf_count=125 124 607 2944 285 1160 988 137 474 461 228 372 1493 940 419 1009 509 2172 893 1545 1780 312 101 5591 1474 1641 618 93 591 137 1845
internal_value=-6.8099e-05 -0.000757206 0.00042313 0.00400739 0.00765986 0.0109053 -0.00132068 0.000907567 -0.000172246 -0.000972448 0.0152173 -0.00468586 0.000340058 0.00605333 0.00745985 0 -0.00614962 0 -0.00919878 -0.00234347 -0.01274 -0.0145926 -0.00433115 -0.00453749 -0.00650098 0.00531213 -0.00165286 -0.00576767 0.0113183 -0.00767817
internal_weight=521.531 477.158 392.202 130.506 76.3202 57.8266 261.696 155.611 145.689 54.186 38.8603 106.085 38.4564 44.3732 26.4801 22.1722 84.9553 32.3499 52.6054 119.209 35.9907 32.7329 92.1872 43.1669 39.1523 21.522 18.4936 15.7611 22.2009 67.6285
internal_count=31068 29879 23631 6957 3329 2520 16674 9452 9315 3628 1532 7222 2433 1189 1470 633 6248 2118 4130 7845 2585 2273 6065 3343 3115 1225 809 716 556 4789
is_linear=0
shrinkage=0.05


Tree=57
num_leaves=31
num_cat=0
split_feature=13 31 10 29 4 38 34 36 26 27 41 33 35 18 10 37 19 32 39 38 26 40 26 37 22 13 29 26 7 4
split_gain=0.929747 1.26247 0.912085 0.866151 0.765916 0.865103 0.713361 0.61747 0.70984 0.778307 0.598295 0.537946 1.02981 0.471446 0.426785 0.793018 0.756098 0.88255 0.708917 0.607094 0.549106 0.541489 0.591028 0.529084 0.698982 0.512729 0.49434 0.468482 0.467933 0.469031
threshold=0.41000002622604376 0.48333334922790533 -0.46999999880790705 0.42333334684371954 0.43000000715255743 0.10286664962768556 0.35000002384185797 -0.036666661500930779 0.35000002384185797 1.0000000180025095e-35 0.039836786687374122 0.18333333730697635 0.38333332538604742 0.29000002145767217 0.069999992847442641 0.050316810607910163 -0.29666668176650995 0.043333351612091071 0.026088931597769264 0.0249934196472168 0.25000000000000006 0.49333333969116216 0.12333333492279054 -0.035023689270019524 -0.25666666030883784 -0.14333333075046537 -0.18999999761581418 -0.24999999999999997 0.17666667699813846 0.29666668176651007
decision_type=2 2 2 2 2 2 2 2 2 2 2 2 2 2 2 2 2 2 2 2 2 2 2 2 2 2 2 2 2 2
left_child=1 3 -2 6 5 11 14 8 9 -8 -9 -5 -13 -4 15 16 17 19 20 -1 -18 22 -16 -23 -25 27 -21 -26 29 -24
right_child=2 -3 13 4 -6 -7 7 10 -10 -11 -12 12 -14 -15 21 -17 18 -19 -20 26 -22 23 28 24 25 -27 -28 -29 -30 -31
leaf_value=0.0023297377074797672 0.0050781491436204633 0.014643717559323911 0 0 -0.0046007522064134936 -0.0055814847163610576 0.017456749134680389 0.0035307421325278554 -0.0038493524115574456 0.00039654176266408318 -0.0081375800236620482 0.015536053364294861 0 -0.013855425461450622 -0.0063623332925997547 0.0048039119963118812 -0.0095035768335686392 0.0084855210975543199 0.0010816945228321136 0.0023081017752292327 0 0 0.008245841168076069 0 0 -0.0014097640229849436 -0.011639724931012918 -0.019508558205698193 -0.0030966412911709799 -0.0044100939063098053
leaf_weight=21.374857930466533 5.3615243351086965 8.9055728502571565 6.6272631110623506 8.2591159143485111 10.491814132081343 5.3515352145768693 13.35766855068505 19.04765109275468 4.8069321056827894 15.514813386835156 12.404199767392127 31.364395868964493 13.367529158713294 22.543355280533433 24.947705354774371 46.219804650871083 56.016093495534733 24.146438775584102 29.204394741216674 2.9092796081677106 20.992917305324227 14.229549684794618 26.863555089104924 9.68613174674101 3.2281771476846215 12.46313925785944 14.766004526056348 18.20415580575354 15.648775166599078 2.5193713465705505
leaf_count=910 133 311 688 151 634 156 513 1220 157 931 755 588 394 2045 2286 2641 5998 738 2095 129 1166 944 1096 642 187 1443 467 724 800 132
internal_value=-0.000253136 0.000300384 -0.00755535 -9.39136e-05 0.0048003 0.00715082 -0.00103636 0.0034236 0.00768292 0.0106518 -0.000970015 0.00929735 0.0112704 -0.0110584 -0.00199802 -0.000474086 -0.00217166 0.00178387 -0.00471751 -0.00238336 -0.00713716 -0.00424602 -0.000730746 -0.0076406 -0.0100901 -0.013051 -0.00828489 -0.0171203 0.0022805 0.00589031
internal_weight=520.824 486.292 34.5321 477.386 68.8344 58.3426 408.552 65.1313 33.6794 28.8725 31.4519 52.991 44.7319 29.1706 343.42 215.63 169.41 63.1966 106.213 39.0501 77.009 127.791 69.9794 57.8112 43.5816 33.8955 17.6753 21.4323 45.0317 29.3829
internal_count=31074 28208 2866 27897 1923 1289 25974 3576 1601 1444 1975 1133 982 2733 22398 14144 11503 2244 9259 1506 7164 8254 4314 3940 2996 2354 596 911 2028 1228
is_linear=0
shrinkage=0.05


Tree=58
num_leaves=31
num_cat=0
split_feature=16 30 39 38 38 38 38 10 10 2 4 38 36 29 8 35 39 38 8 37 16 31 24 38 36 40 40 38 31 38
split_gain=0.792681 1.49071 1.03276 0.878888 1.10046 0.818847 0.819854 1.1435 1.16857 0.882078 0.728098 0.706553 0.6728 0.666621 1.1715 0.872992 0.66462 0.658861 0.674957 0.56963 0.566296 0.559976 0.550882 0.533979 0.604098 0.528487 0.501057 0.421335 0.409447 0.398979
threshold=-0.28333333134651179 -0.049999997019767754 0.013734275940805675 0.012786865234375002 -0.027582168579101559 0.0048093795776367196 -0.11537122726440428 0.083333313465118422 0.35000002384185797 0.29666668176651007 -0.22333332896232602 -0.032394886016845696 -0.04333332180976867 0.41666668653488165 -0.11666667461395262 -1.0000000180025095e-35 0.036715434864163406 -0.042906284332275384 -0.48333333432674402 0.025244712829589847 0.27666664123535162 0.14999997615814212 0.043333351612091071 0.10286664962768556 0.11000001430511476 0.92000001668930065 0.36333334445953375 -0.1414227485656738 -0.1766666769981384 -0.079872131347656236
decision_type=2 2 2 2 2 2 2 2 2 2 2 2 2 2 2 2 2 2 2 2 2 2 2 2 2 2 2 2 2 2
left_child=5 2 11 4 10 6 16 12 9 19 17 -2 22 14 15 -7 27 18 -4 -9 -5 -20 -8 24 -15 28 -10 -1 -6 -12
right_child=1 -3 3 20 25 13 7 8 26 -11 29 -13 -14 23 -16 -17 -18 -19 21 -21 -22 -23 -24 -25 -26 -27 -28 -29 -30 -31
leaf_value=0 0.002606721422270997 -0.0063396169887146294 -0.0044769860113567017 0.00078767040933229817 0 0.00097164537246028151 0.0038762009904788012 -0.01873714381655165 -0.0051707542857504125 0 -0.0070789172616604118 -0.015669136829713087 0.0091269038942337465 0 -0.0020189594933661065 0.017902539789907836 -0.0017987925153043313 -0.0039415904416598624 0 0 -0.0083476451193946685 0.014301912866754529 -0.0092749212395850586 0 0.016870972728340181 -0.00065992633482999578 0.007470238616271648 0.016473229868854803 0.018227546740574693 0.0010973338084006941
leaf_weight=6.1044066473841667 2.7690031621605149 110.03859928855672 2.9067793944850555 36.008120987331495 2.5403932665940436 22.516463383566588 8.4682100727222878 22.623060084413741 7.2216459221672293 9.5075208581984025 19.569423191947859 8.838779754471032 16.725891502806917 6.2303462522104445 58.441550721880049 10.16799601796083 9.4456337434239668 7.0391934672370544 11.319683330599217 4.0633329683914772 19.565599221503362 23.777383274631575 9.2846478684805316 6.4700189228169611 18.656506120925769 1.8851728904992331 10.923209170345215 7.8816009867005068 16.383496673312038 22.904344663256783
leaf_count=216 157 11268 81 3394 223 577 243 650 221 269 1500 913 532 123 1830 225 324 356 610 117 2044 692 278 132 380 107 297 224 1236 1863
internal_value=-0.000116292 -0.00191225 0.000843669 0.00213529 0.00475053 0.0019578 -0.000935009 -0.00332919 -0.00766341 -0.0123348 0.00158807 -0.010487 0.00300738 0.00472335 0.00192586 0.00884479 0.00611932 0.00583424 0.00850364 -0.016244 -0.00252257 0.0106837 -0.00255473 0.0105688 0.0133536 0.0137863 0.00136901 0.0116524 0.0160409 -0.00256399
internal_weight=520.278 285.546 175.507 163.9 108.326 234.732 112.249 88.8175 54.3388 36.1939 87.5168 11.6078 34.4787 122.483 91.126 32.6845 23.4316 45.043 38.0038 26.6864 55.5737 35.0971 17.7529 31.3569 24.8869 20.8091 18.1449 13.986 18.9239 42.4738
internal_count=31082 24444 13176 12106 6668 6638 3371 2607 1554 1036 5102 1070 1053 3267 2632 802 764 1739 1383 767 5438 1302 521 635 503 1566 518 440 1459 3363
is_linear=0
shrinkage=0.05


Tree=59
num_leaves=31
num_cat=0
split_feature=13 31 10 27 33 7 2 24 18 6 32 29 24 19 16 9 7 9 12 0 9 22 14 1 38 33 26 38 34 23
split_gain=0.874173 1.11253 0.72797 0.651027 0.849199 0.683263 0.557399 0.495683 0.481858 0.479762 0.663741 0.853031 0.467866 0.460901 0.583636 0.543534 0.700204 0.892545 0.841839 0.841331 0.999959 1.27749 0.817492 1.08595 0.661537 0.629749 0.606913 0.69991 0.591641 0.497364
threshold=0.42333334684371954 0.48333334922790533 -0.46999999880790705 -0.4433333277702331 0.096666663885116591 0.35000002384185797 -0.32333332300186152 0.26333332061767584 0.29000002145767217 -0.069999992847442613 0.20999997854232791 0.35000002384185797 0.069999992847442641 0.22333335876464847 0.37666666507720953 -0.40333333611488337 -0.12333333492279051 0.25000000000000006 -0.04333332180976867 -0.21000000834465024 -0.030000001192092892 0.37666666507720953 -0.4433333277702331 0.030000001192092899 0.10015916824340822 0.01666665077209473 -0.14333333075046537 0.063533306121826186 0.23666667938232425 0.13666665554046634
decision_type=2 2 2 2 2 2 2 2 2 2 2 2 2 2 2 2 2 2 2 2 2 2 2 2 2 2 2 2 2 2
left_child=1 3 -2 4 7 6 -6 -1 -4 -8 11 -11 -7 15 -15 28 17 18 -17 26 24 22 23 -22 25 -21 -18 -28 -5 -24
right_child=2 -3 8 13 5 12 9 -9 -10 10 -12 -13 -14 14 -16 16 19 -19 -20 20 21 -23 29 -25 -26 -27 27 -29 -30 -31
leaf_value=0.014701214963789106 0.0039272222572402293 0.013269474135948945 0 0 0.0057896438763031105 -0.00013375486831315665 0.0019645541741450646 0 -0.014137503662790849 0 0 -0.023383770509316119 0.01298556058497527 -0.0076531248597043675 0.00078533853310706599 -0.0085051087152241411 -0.0011390500545614458 0.0060584377212407614 0.00051245487430048636 -0.0032951061948563697 0 0.0051368726930669968 -0.0065097365658662769 -0.021021179701398898 0.01170217868713757 0.0076105885651166902 0.012620466677304723 -0.00099354822708497162 0.011901123696696042 0.0019212705485030703
leaf_weight=16.053348718443889 4.6819478422403362 10.414051067549734 5.7287050799932357 18.166068334830928 4.7997987107373765 6.1991443405859163 5.5132413944229475 4.3769089162815353 18.699712202651426 5.2556633651256615 11.00482895108871 5.8714202814735472 8.0233840891160053 42.068541651125997 25.500280489446595 67.265165972290561 12.520765356486661 12.65617159870453 31.333597334334627 31.486633086577058 6.2518317522481111 21.793261445127428 31.225227707298473 12.840300374198703 13.594809501897542 14.162332823267205 28.383931024698541 7.454645393183454 13.135569639969615 22.650526152225211
leaf_count=391 109 352 578 1147 96 152 132 98 1775 159 257 108 197 4304 1548 3892 996 893 2625 2272 106 1087 2229 230 618 818 1213 434 578 1651
internal_value=-2.41418e-05 0.000468467 -0.0076911 0 0.00438274 0 -0.0036526 0.011552 -0.0110748 -0.00677515 -0.00979561 -0.0159528 0.00768795 -0.000730756 -0.00432433 0 -0.000631941 -0.00376077 -0.0055354 0.00102699 -0.000690533 -0.00391734 -0.00712297 -0.0149531 0.0039732 9.5351e-05 0.00642902 0.00945475 0.00574513 -0.0027103
internal_weight=519.112 490.001 29.1104 479.587 67.0977 46.6675 32.445 20.4303 24.4284 27.6452 22.1319 11.1271 14.2225 412.49 67.5688 344.921 313.619 111.255 98.5988 202.364 154.005 94.7611 72.9679 19.0921 59.2438 45.649 48.3593 35.8386 31.3016 53.8758
internal_count=31045 28583 2462 28231 1590 1101 752 489 2353 656 524 267 349 26641 5852 20789 19064 7410 6517 11654 9011 5303 4216 336 3708 3090 2643 1647 1725 3880
is_linear=0
shrinkage=0.05


Tree=60
num_leaves=31
num_cat=0
split_feature=14 26 5 38 10 31 18 25 40 12 39 24 0 25 39 38 18 38 38 8 40 40 41 0 25 18 38 30 20 31
split_gain=1.38851 0.925708 0.904428 1.20195 0.832248 0.599105 0.742326 0.688478 0.741553 0.69061 0.685269 0.591712 0.530876 0.515406 0.514072 0.681328 0.618673 0.561878 0.765564 0.535622 0.534553 0.490727 0.490507 0.455861 0.529343 0.401674 0.388771 0.660049 0.579396 0.395113
threshold=-0.46999999880790705 0.46999999880790716 0.38999998569488531 0.10286664962768556 -0.036666661500930779 0.48333334922790533 0.38999998569488531 0.12333333492279054 0.85666668415069591 -0.20333333313465116 0.020716427825391296 0.30500000715255743 -0.2766666561365127 -0.30333334207534784 0.025967382825911049 -0.071167945861816392 -0.28333333134651179 -0.048531532287597649 -0.079872131347656236 -0.069999992847442613 0.43333333730697637 0.78333333134651195 0.029897365719079975 -0.25666666030883784 -0.063333332538604722 -0.3899999856948852 0.039235115051269538 0.32999998331069952 -0.40333333611488337 -0.0099999904632568342
decision_type=2 2 2 2 2 2 2 2 2 2 2 2 2 2 2 2 2 2 2 2 2 2 2 2 2 2 2 2 2 2
left_child=2 4 3 11 5 6 7 9 25 10 -2 22 -12 -6 17 -16 -17 18 20 21 -11 -18 -1 -3 -25 -9 28 -28 -15 -29
right_child=1 23 -4 -5 13 -7 -8 8 -10 14 12 -13 -14 26 15 16 19 -19 -20 -21 -22 -23 -24 24 -26 -27 27 29 -30 -31
leaf_value=0.00036455330245163198 0.00054623868474465529 -0.0016507968596334794 -0.0049245910674954839 -0.0040758428763613868 0.00029130862778710181 0.0092509722685797519 -0.0093653310218479516 0.0093779738824591868 0.012372234534180876 0.0036182348033742678 0.00069089182309843827 0 -0.01203259999744531 0.0010943918027225446 -0.0018242344374136564 -0.0026574915076451023 0.02027772647302431 -0.0052102393312575199 0.011606268251333448 0 -0.011489663286144369 0 0.017704329234175524 0 0.013331403010494947 -0.0014122322493519102 -0.0051886085703768403 0.0088269410065772644 -0.008477150731530261 -0.0025545686452907099
leaf_weight=8.4139038212597352 20.714891211129725 6.2897922438569394 7.7319542802870265 8.4778396971523744 41.460194517858326 11.15151308570057 15.215137186693026 4.4762464459054163 15.807877642335368 5.0793670630082506 5.3326659393496803 8.2316420595161599 27.810246747685596 12.014587491750715 12.600042364094405 2.7192416405305293 10.929875773377718 36.063068655086681 9.7074270555749518 3.7041956859175107 4.5527668630238622 4.8398914767894885 26.831329533830285 7.2583197734784397 16.143964743474495 37.135250530438498 35.432111501228064 13.663268178235741 92.37593392492272 4.5102380004245779
leaf_count=107 1060 169 138 117 3329 255 971 131 959 280 209 120 1368 970 579 122 542 3360 588 324 345 285 332 195 431 2791 3127 640 6787 482
internal_value=-0.000111998 -0.00112226 0.00663841 0.00912228 -0.00179194 0.000180561 -0.000410645 0.000396393 0.00484302 -0.00133219 -0.00558662 0.0123833 -0.00955462 -0.0041063 0.00113833 0.00557731 0.0101602 -0.00151482 0.00399157 0.0131357 -0.0035926 0.0162301 0.0148262 0.00649581 0.00942569 0.00025895 -0.00538116 -0.00114515 -0.00714946 0.00503516
internal_weight=516.675 456.988 59.6867 51.9547 427.296 227.84 216.688 201.473 57.4194 144.054 53.8578 43.4769 33.1429 199.456 90.1959 34.7932 22.1932 55.4026 19.3396 19.474 9.63213 15.7698 35.2452 29.6921 23.4023 41.6115 157.996 53.6056 104.391 18.1735
internal_count=31113 30299 814 676 29504 14169 13914 12943 3881 9062 2637 559 1577 15335 6425 1852 1273 4573 1213 1151 625 827 439 795 626 2922 12006 4249 7757 1122
is_linear=0
shrinkage=0.05


Tree=61
num_leaves=31
num_cat=0
split_feature=34 25 34 27 18 9 37 38 37 39 38 38 18 40 25 31 39 9 9 39 19 39 41 9 10 23 21 25 21 41
split_gain=0.864814 0.886868 0.75241 0.70655 0.682838 0.884145 0.947735 0.931728 0.890041 1.67127 0.865587 0.809051 0.970031 0.712087 0.640287 0.587187 0.447342 1.0978 0.811532 0.648161 0.509169 0.608971 0.477244 0.407909 0.401115 0.388631 0.428675 0.408331 0.357867 0.34782
threshold=0.35000002384185797 0.32999998331069952 0.48333334922790533 0.096666663885116591 -0.41666667163372034 0.23666667938232425 -0.056897163391113274 0.15974140167236331 -0.041317939758300774 0.022302288562059406 0.028881549835205082 -0.042906284332275384 -0.4433333277702331 0.49333333969116216 -0.24333333969116208 0.48333334922790533 0.030629945918917659 -0.076666668057441698 0.30333334207534796 0.034798877313733108 0.01666665077209473 0.020642076618969444 0.046263152733445174 0.37666666507720953 0.13666665554046634 0.17000001668930056 -0.32999998331069941 -0.24333333969116208 0.20999997854232791 0.062321202829480178
decision_type=2 2 2 2 2 2 2 2 2 2 2 2 2 2 2 2 2 2 2 2 2 2 2 2 2 2 2 2 2 2
left_child=4 2 3 25 5 6 -1 11 23 10 -10 -8 14 -11 -13 16 18 19 20 -18 21 -6 -21 -7 -3 26 27 -2 29 -22
right_child=1 24 -4 -5 15 8 7 -9 9 13 -12 12 -14 -15 -16 -17 17 -19 -20 22 28 -23 -24 -25 -26 -27 -28 -29 -30 -31
leaf_value=-0.0068258415485671787 -0.0047263354019871778 0.0014554211984122512 -0.0051616621695003391 0 0.00050933008071002287 -0.0011520188766229434 0 -0.0044603926159112557 -0.023535431146820662 0.010410146994283017 0 0 0 -0.0052387089780088361 0.021107370811700825 0.0069829000926315806 0.012246408333226308 -0.0056173305986528489 0.0023528031276068831 0.0053970780332363768 -0.011225969882279063 -0.0056645061561702804 -0.0062474322130904635 0.011300516663529778 -0.0096979535711279249 0 0.016565212631086186 0.0073042386380368501 0 0
leaf_weight=5.7513340315781525 3.9438820541836312 8.6222282862290758 5.1723271599039427 19.727909671375528 67.359911810606718 5.0093630426563305 9.8265698426403087 6.2735383363906285 8.4241812559776026 8.9762098649516684 6.4301750618033102 6.8862763876095405 11.630930018611254 6.6979417712427667 22.131251758430153 10.202070177067069 15.966437350027261 29.14660146436654 39.860778109636158 13.686792897991838 49.147342131705955 71.068016695789993 9.8764624530449492 7.2764162169769406 8.2799208567012084 4.0476567456498733 26.534661326790232 11.980044980999077 15.738463997375218 2.9636236741207531
leaf_count=165 195 621 304 1296 4560 125 238 132 180 157 110 153 325 128 363 435 675 2551 3350 672 4764 4637 576 140 762 155 955 495 1695 230
internal_value=4.31916e-05 0.00442824 0.00690931 0.0085485 -0.000847892 0.00245589 0.00613437 0.00837337 -0.00249576 -0.00709517 -0.016714 0.0107156 0.0135044 0.00297053 0.0176691 -0.00201904 -0.00251383 0.000718353 -0.00351045 0.0060636 -0.0047957 -0.00259083 0 0.00614397 -0.00402602 0.0115834 0.012862 0.00270629 -0.00837964 -0.010229
internal_weight=518.639 88.3086 71.4065 66.2342 430.331 105.314 62.4999 56.7486 42.8143 30.5285 14.8544 50.475 40.6485 15.6742 29.0175 325.017 314.814 68.6763 246.138 39.5297 206.277 138.428 23.5633 12.2858 16.9021 46.5062 42.4586 15.9239 67.8494 52.111
internal_count=31144 4783 3400 3096 26361 2216 1376 1211 840 575 290 1079 841 285 516 24145 23710 4474 19236 1923 15886 9197 1248 265 1383 1800 1645 690 6689 4994
is_linear=0
shrinkage=0.05


Tree=62
num_leaves=31
num_cat=0
split_feature=27 2 38 9 19 29 38 38 38 8 10 13 6 24 32 39 3 21 37 3 3 9 9 8 13 11 10 10 19 7
split_gain=0.850994 1.31588 1.03064 0.872183 0.957901 0.55712 1.03243 1.20167 0.967347 0.611219 0.719963 0.586134 0.574402 0.547614 0.663555 0.541801 0.525635 0.485873 0.460572 0.437585 0.417801 0.41176 0.401828 0.457838 1.01314 0.524387 0.441922 0.668203 0.393359 0.570103
threshold=-0.12999999523162839 -0.29000000655651087 -0.0010662078857421873 -0.3899999856948852 0.4499999880790711 0.41666668653488165 -0.035460472106933587 -0.1008472442626953 0.10373830795288087 0.11000001430511476 -0.030000001192092892 -0.41666667163372034 -0.37666666507720942 0.38333332538604742 0.30333334207534796 0.025483747944235805 0.21499997377395633 -0.45666666328907007 -0.06939458847045897 -0.45666666328907007 0.43000000715255743 0.12333333492279054 0.43666666746139532 -0.083333343267440782 1.0000000180025095e-35 0.056666672229766853 -0.10333332419395445 -0.37666666507720942 -0.31666666269302363 -0.0099999904632568342
decision_type=2 2 2 2 2 2 2 2 2 2 2 2 2 2 2 2 2 2 2 2 2 2 2 2 2 2 2 2 2 2
left_child=1 2 17 4 16 9 7 -7 20 12 -11 -12 -3 14 22 -16 19 -1 -14 -2 -8 -13 23 24 26 -25 27 -5 29 -20
right_child=3 5 -4 13 -6 6 8 -9 -10 10 11 21 18 -15 15 -17 -18 -19 28 -21 -22 -23 -24 25 -26 -27 -28 -29 -30 -31
leaf_value=0 -0.0016215709525856622 -0.0074016342204193415 0 -0.0044519902898629213 -0.011554597274450462 0.0068047464424758793 0.014893666199573283 -0.012829885461957924 -0.0047917084096263107 0.0049152671086299098 -0.014406306280919877 -0.010090510774072425 -0.0051640934402618285 -0.010114023047457114 0.0093042425246648141 -0.0029763016386983856 -0.0030058884477025937 0.014519815410674217 0.00059675831575921312 0.0099993071358537369 0 0 0.0050803889731719336 -0.0098173958271904806 -0.0083718269955080967 0 -0.0023904976077651924 0.0091131272243344264 0 0.012119029252337252
leaf_weight=3.6805424764752379 3.8581937202252439 10.40617271629162 24.510955024743453 5.4814056735485783 2.5528460415080181 8.180947551038118 24.01879902952351 10.046941793989388 4.371513463323935 8.1752627894747985 14.996418020687996 6.4793470336589953 8.9912401849869621 22.892038039164618 15.411663267994301 7.5476633375510565 6.2391929016448548 33.753092370694503 28.171438192483038 36.221539772115648 4.4517440099734804 31.740647826809436 5.4692215486429623 44.630102452356368 25.055535049643368 19.618892695056275 16.971557399258018 28.293547733919695 36.14211573312059 19.777380644110963
leaf_count=132 155 460 1114 376 109 175 463 257 147 389 346 379 455 2453 1506 674 423 955 720 1842 205 1995 385 3969 2390 2275 1258 1889 2692 461
internal_value=0.000237472 0.00214212 0.00821888 -0.00186266 0.00356442 0.000111321 0.00448289 -0.00348287 0.00940272 -0.00120629 -0.00498707 -0.00727437 0.000958606 -0.0034415 -0.00207497 0.00462364 0.00610507 0.012845 0.00253717 0.00827263 0.0127622 -0.00233563 -0.00343806 -0.00413694 -0.000959617 -0.00712759 0.00275775 0.0059436 0.0039272 0.00663201
internal_weight=518.138 277.895 61.9446 240.243 48.8718 215.95 51.0699 18.2279 32.8421 164.88 61.3917 53.2164 103.488 191.372 168.48 22.9593 46.3189 37.4336 93.0822 40.0797 28.4705 38.22 145.52 140.051 75.802 64.249 50.7465 33.775 84.0909 47.9488
internal_count=31049 11345 2201 19704 2529 9144 1247 432 815 7897 3109 2720 4788 17175 14722 2180 2420 1087 4328 1997 668 2374 12542 12157 5913 6244 3523 2265 3873 1181
is_linear=0
shrinkage=0.05


Tree=63
num_leaves=31
num_cat=0
split_feature=24 14 3 10 9 41 33 27 23 4 16 2 11 7 36 41 41 38 39 2 38 34 26 10 4 22 22 4 41 35
split_gain=0.699217 0.619051 0.850534 0.494996 0.697345 0.696747 0.665123 0.572041 0.767687 0.626875 0.570784 0.538964 0.507885 0.657647 1.23829 0.742076 0.785041 0.740444 0.593434 0.582801 0.579436 0.526749 0.509576 0.477858 0.467526 0.466917 0.974925 0.431352 0.489383 0.409483
threshold=0.43000000715255743 -0.48333333432674402 -0.15666666626930234 0.069999992847442641 0.16333335638046267 0.039836786687374122 0.096666663885116591 -0.43000000715255732 0.12333333492279054 -0.16333332657814023 -0.32999998331069941 0.21666666865348819 0.35000002384185797 -0.10333332419395445 -0.090000003576278673 0.039547588676214225 0.045919001102447517 0.10015916824340822 0.021850904449820522 0.23666667938232425 0.027276515960693363 -0.056666672229766839 0.27666664123535162 0.46999999880790716 -0.33666665852069849 -0.29000000655651087 -0.064999997615814195 -0.36333334445953364 0.029897365719079975 -0.069999992847442613
decision_type=2 2 2 2 2 2 2 2 2 2 2 2 2 2 2 2 2 2 2 2 2 2 2 2 2 2 2 2 2 2
left_child=1 2 -1 4 12 7 10 8 -5 -9 -7 -11 13 14 15 27 -17 18 20 -19 24 -20 -16 -8 -15 -18 -27 28 -3 -14
right_child=-2 3 -4 5 -6 6 23 9 -10 11 -12 -13 29 17 22 16 25 19 21 -21 -22 -23 -24 -25 -26 26 -28 -29 -30 -31
leaf_value=-0.0027721341151368418 -0.0073457730276939998 0.01009742666926193 0.011821385286714992 0.01108894777091533 0.010617381444751668 0.0076330147484189844 -0.010725321093569946 0.0030964885377416495 -0.0012911197920951363 -0.0085293603784395832 -0.0049842405809988428 0 0.009705325007506288 -0.0031496227388034489 -0.014250792646784711 0.012544042660738153 0.0080578729482825486 0.01340232336521178 -0.0086610169967837637 -0.0012451976650065084 -0.0032769270877980455 0.00060989780018589929 0 0.0016821264255424025 0.0095917795042398252 -0.014278322002748624 0.0025254839917751137 -0.0060594272102251663 -0.0036981655738738449 -0.00023281921775005615
leaf_weight=9.3726979605853575 24.977594448952004 5.5780705208890122 19.987654025666416 18.242145092925057 12.909793539205564 10.185833574272694 40.593369513051584 31.012897725217044 17.279159820405766 33.725856616627425 13.482442806009201 25.970170493004844 18.832271045539532 2.6415897172410068 20.419989793794233 13.335277744801713 5.7407690703403231 16.021298954961825 20.137468294473365 4.3076682728715232 10.771003370173274 24.759492991026491 7.6746962987817815 3.57818275457248 28.56380205671303 7.2544565494172302 15.964809590252115 41.119886486791074 6.1820674710907042 9.4472736858297122
leaf_count=117 2283 196 263 470 926 283 2632 2289 479 2414 1257 1804 734 195 1634 642 224 844 1359 287 797 1602 271 254 1813 367 856 2853 276 696
internal_value=-1.27015e-05 0.000390891 0.00677581 -3.96886e-05 0.00127287 -0.00198506 -0.00585288 7.58181e-05 0.00514829 -0.00184821 4.85881e-05 -0.00484578 0.00048217 -0.000252687 -0.00277552 0 0.00472859 0.00242078 0 0.00977256 0.00415524 -0.00358797 -0.0109547 -0.00914098 0.00750726 0 -0.00372287 -0.00362877 0.00263835 0.00619637
internal_weight=520.07 495.092 29.3604 465.732 271.662 194.07 67.8398 126.23 35.5213 90.7089 23.6683 59.696 258.752 230.472 123.27 95.1753 42.2953 107.202 86.8734 20.329 41.9764 44.897 28.0947 44.1716 31.2054 28.96 23.2193 52.88 11.7601 28.2795
internal_count=31117 28834 380 28454 16572 11882 4426 7456 949 6507 1540 4218 15646 14216 7319 5414 2089 6897 5766 1131 2805 2961 1905 2886 2008 1447 1223 3325 472 1430
is_linear=0
shrinkage=0.05


Tree=64
num_leaves=31
num_cat=0
split_feature=13 4 38 40 30 29 6 15 38 2 19 14 10 8 36 38 40 32 13 19 1 5 38 10 17 37 2 32 17 9
split_gain=0.826105 0.850144 1.1161 0.741899 1.13865 0.72943 0.838198 0.681795 0.650077 0.706236 0.64218 0.635383 0.617671 0.595263 0.55051 0.533 0.773433 0.690234 0.850332 0.693228 0.567736 0.510297 0.500989 0.494873 0.493826 0.487456 0.436035 0.408995 0.397325 0.394226
threshold=0.42333334684371954 -0.21000000834465024 -0.014165878295898436 0.76333332061767589 -0.20333333313465116 0.44166666269302374 0.26999998092651373 -0.25666666030883784 0.027276515960693363 0.36333334445953375 -0.12333333492279051 0.096666663885116591 0.069999992847442641 0.069999992847442641 0.41000002622604376 -0.076637268066406236 0.49333333969116216 -0.023333340883255001 -0.29000000655651087 -0.24999999999999997 0.043333351612091071 0.25000000000000006 -0.068847179412841783 -0.46999999880790705 -0.40333333611488337 0.050316810607910163 -0.10833333432674407 0.40333333611488348 -0.12999999523162839 -0.12999999523162839
decision_type=2 2 2 2 2 2 2 2 2 2 2 2 2 2 2 2 2 2 2 2 2 2 2 2 2 2 2 2 2 2
left_child=1 2 3 4 10 12 -7 -6 9 -8 -1 13 15 24 21 20 22 18 -18 -19 -3 29 -17 -2 -4 -15 28 -11 -5 -14
right_child=23 5 11 26 7 6 8 -9 -10 27 -12 -13 14 25 -16 16 17 19 -20 -21 -22 -23 -24 -25 -26 -27 -28 -29 -30 -31
leaf_value=0 0.0018691516509537244 0 0.012530255662571099 0.0096298304691083223 0.0090466832745881038 0.012567258681486559 -0.011055867261204085 -0.0047136985922261627 0.0082431089897461226 0.0082713501795608681 0.017857344561814776 -0.0074285825382991921 0.00037825656331959376 0.0016096221821770918 0.0039082349540402348 0.0078295893732231135 -0.0088222861034160296 0.013812390570014352 0.0050087920802613269 0 -0.011520148185951429 0 -0.0036311253240165885 -0.010464586265988061 7.1872412526180037e-05 -0.011222251367110928 -0.0081758461954334078 -0.0044505485758400262 -0.0018210469348938494 -0.00913193175957412
leaf_weight=3.076494732405993 4.7262597437948015 15.151303296908738 9.9269667114131099 7.547644760692493 9.2815392792690563 13.424766020150853 12.74990178900771 14.775639350526033 8.5841769604012352 7.6434757187962514 28.045127611607313 19.980726449983194 6.4663897287100545 8.4231359364930523 9.2351384989451599 4.1086105802096418 12.287540524266658 21.457377336919308 21.999832515604794 17.334830841049552 13.145654504420234 34.564572022296488 69.661224469542503 23.534887224202976 24.686564005445693 6.763516748789697 5.6987372236326328 3.9472432467155159 7.5938952863216409 67.783773286733776
leaf_count=140 113 1012 243 302 284 239 341 1063 386 178 895 2014 527 399 724 253 486 605 1867 1651 1075 2249 4802 2328 1646 244 336 278 369 4044
internal_value=-0.000171051 0.000305573 0.00345946 0.00745425 0.0102377 -0.0010129 0.00430983 0.0005096 0 -0.00457199 0.0157863 -0.000808186 -0.00200745 0.00191316 -0.00470826 0 0.00117478 0.00474399 0 0.0088463 -0.0057185 -0.0058233 -0.00213852 -0.00770615 0.00558372 -0.00448488 0 0.0024774 0.00381743 -0.00802581
internal_weight=513.607 485.346 145.8 76.0191 55.1788 339.546 46.3496 24.0572 32.9248 24.3406 31.1216 69.7809 293.196 49.8002 118.05 175.146 146.849 73.0796 34.2874 38.7922 28.297 108.815 73.7698 28.2611 34.6135 15.1867 20.8403 11.5907 15.1415 74.2502
internal_count=31093 28652 7935 3389 2382 20717 1422 1347 1183 797 1035 4546 19295 2532 7544 11751 9664 4609 2353 2256 2087 6820 5055 2441 1889 643 1007 456 671 4571
is_linear=0
shrinkage=0.05


Tree=65
num_leaves=31
num_cat=0
split_feature=4 39 37 40 5 33 38 17 29 38 2 18 38 31 11 4 9 41 8 9 27 27 38 38 8 25 36 25 2 4
split_gain=0.825778 0.924832 0.898209 0.737552 0.81663 0.664611 0.656989 0.647719 0.630826 0.616496 1.06385 0.66442 0.603513 1.03153 0.700148 0.728744 0.584711 0.583135 0.581705 1.15165 0.777131 0.557914 0.550867 0.544678 0.531143 0.510507 0.467755 0.461461 0.507963 0.451
threshold=0.043333351612091071 0.02481290698051453 -0.056897163391113274 0.92000001668930065 -0.016666665673255917 -0.15666666626930234 -0.2015423774719238 -0.41666667163372034 -0.45666666328907007 -0.047021865844726556 -0.21666666865348813 -0.32999998331069941 -0.0027670860290527339 -0.22333332896232602 -0.40333333611488337 0.32333332300186163 -0.13666665554046628 0.062321202829480178 0.23666667938232425 0.38999998569488531 -0.030000001192092892 -0.11666667461395262 -0.095863342285156236 -0.10593843460083006 0.11000001430511476 -0.063333332538604722 0.31000000238418585 -0.12333333492279051 0.44333332777023321 -0.4433333277702331
decision_type=2 2 2 2 2 2 2 2 2 2 2 2 2 2 2 2 2 2 2 2 2 2 2 2 2 2 2 2 2 2
left_child=2 5 6 7 8 -2 -1 18 -5 10 23 25 14 27 15 -7 -3 -13 20 -20 -4 -8 -23 -9 -16 -11 -18 -14 -29 -25
right_child=1 16 3 4 -6 12 21 9 -10 11 -12 17 13 -15 24 -17 26 -19 19 -21 -22 22 -24 29 -26 -27 -28 28 -30 -31
leaf_value=-0.0036775980773725752 -0.0061064414246302283 0 0.014939715518859706 0.0027216825993781686 0.0027076733929490312 -0.014913833396670451 0.01412104117827725 0 -0.014163044070288662 -0.0018171462597566001 -0.0022331944641539622 -0.005938028596496679 0 -0.0013792410804389383 0.0076601125761614477 0.00096124141727400099 -0.011709183223330179 0.0041024483772074596 -0.010894925809530043 0.0098679747468594647 -0.0011997404532846387 -0.0046060956881539125 0.0078491160439283763 0 -0.0023509364100236835 0.0086603079565249971 0 0.015657728623211801 0 0.017225155316030107
leaf_weight=5.3579295587260267 27.768223613267764 27.291583955520764 18.320069585461169 2.0332635364029583 10.165144836762918 10.082286420045422 23.468350751558319 6.9815366126131293 18.254008122021336 14.84820474474691 23.744840832194313 75.897168969037011 10.607002805685623 27.664138027234003 16.316651390632614 7.0712633663788429 39.151138152228668 10.062568052904679 7.6908508483320457 6.8780283881351352 5.7080673812888589 9.9682518204208463 11.868486393708736 3.4751522371079817 22.495600008405745 15.98375405767001 15.012843061005695 21.301940907724205 3.1579827656969419 14.428288961062204
leaf_count=278 2167 1543 366 86 552 253 838 307 1200 616 1520 6898 344 2455 1112 179 2879 674 173 108 297 666 841 146 1682 533 910 678 141 596
internal_value=-5.19012e-05 -0.00230905 0.00167688 0.000196037 -0.00625135 0 0.00734261 0.00142853 -0.0112848 0 0.00440639 -0.00197823 0.00179629 0.00505331 -0.0015868 -0.00873663 -0.00637951 -0.00429984 0.00677641 0 0.0107995 0.00941085 0.00149804 0.0107543 0.00176194 0.00346172 -0.00913544 0.0101968 0.0133437 0.0143667
internal_weight=513.055 227.921 285.134 234.471 30.4524 146.465 50.663 204.019 20.2873 165.422 48.6298 116.792 118.697 62.7311 55.9658 17.1535 81.4556 85.9597 38.597 14.5689 24.0281 45.3051 21.8367 24.885 38.8123 30.832 54.164 35.0669 24.4599 17.9034
internal_count=31038 14343 16695 14072 1838 9011 2623 12234 1286 11290 2569 8721 6844 3618 3226 432 5332 7572 944 281 663 2345 1507 1049 2794 1149 3789 1163 819 742
is_linear=0
shrinkage=0.05


Tree=66
num_leaves=31
num_cat=0
split_feature=27 9 39 41 3 41 5 24 38 32 12 24 37 39 18 37 39 39 41 41 37 31 2 41 17 4 24 28 11 7
split_gain=0.791691 0.980297 1.46624 0.752596 0.823185 1.16621 1.27813 1.15691 0.754304 0.680124 0.674184 0.673834 0.646445 0.620749 0.594253 0.814089 0.576233 0.566782 0.550867 0.601722 0.642162 0.538046 0.529048 0.509744 0.495012 0.482819 0.55481 0.47185 0.41345 0.401963
threshold=-0.17000000178813932 -0.13666665554046628 0.026088931597769264 0.062321202829480178 0.23500001430511477 0.045919001102447517 0.13666665554046634 0.056666672229766853 -0.01150083541870117 0.01666665077209473 -0.023333340883255001 0.18333333730697635 0.03406572341918946 0.031085027381777767 -0.32333332300186152 0.028002262115478519 0.015979112125933174 0.034798877313733108 0.063821967691183104 0.026829226873815063 0.019763469696044925 -0.19666665792465207 -0.1766666769981384 0.045919001102447517 -0.40333333611488337 0.056666672229766853 -0.24999999999999997 0.35666668415069586 -0.37666666507720942 0.18333333730697635
decision_type=2 2 2 2 2 2 2 2 2 2 2 2 2 2 2 2 2 2 2 2 2 2 2 2 2 2 2 2 2 2
left_child=3 2 18 4 7 6 16 9 12 13 -5 28 -9 22 15 -10 -6 27 19 -2 29 -7 -1 -19 -13 26 -11 -4 -8 -21
right_child=1 -3 17 10 5 21 11 8 14 25 -12 24 -14 -15 -16 -17 -18 23 -20 20 -22 -23 -24 -25 -26 -27 -28 -29 -30 -31
leaf_value=0.011558942477626309 0.0035042904211349205 -0.0047336682710793646 0.013505959157137142 -0.011186754790102338 0 0.014078408722266409 0.010687970242245281 0.015477045514710082 -0.001020122267169416 0.00050689179847024802 0.0041808364881336735 -0.012004016023006873 -0.00016182075052493166 -0.0038384359290459663 -0.0030961198991478782 0.015893808624122586 -0.019259191820412084 0.0064892873655561208 0.0074581120179195715 -0.01110420357614335 0 -0.001041994123711602 0.00029823989595319938 -0.0056186146634646045 0 0.0024281665357896473 -0.011255287141817895 -0.00099434716991484307 -0.00053215750311366565 0.00074476474207589235
leaf_weight=22.932188117410988 12.419928459450601 127.51343389879912 25.821220797020946 13.040416972478853 2.7838839080650351 8.6930792361963523 11.027113903779538 37.077550908317789 8.3225547135807592 9.9584896394517255 4.511832309421151 7.9272468690760425 4.0011677618604145 10.390052188886328 16.831158294109628 7.7065342776477328 10.464581366395576 12.274141621310266 4.6423106198199084 37.143804900115356 21.494207669980824 3.9455771642969912 24.408238239353523 10.006050410913302 13.113937550690027 13.956760942935942 17.844363501528282 2.1428694319911292 7.4924984220415345 3.1614914555102578
leaf_count=802 908 12302 1272 419 114 216 201 1107 184 478 332 149 118 412 1017 135 543 528 198 2921 1863 314 1171 508 809 530 622 97 435 272
internal_value=0.000207975 -0.00168212 0.00122311 0.00218995 0.00303728 -0.00136658 -0.00500145 0.00482865 0.0093527 0.000888754 -0.00611628 0 0.0135963 0.00440264 0.00212429 0.00809104 -0.0155702 0.00756225 -0.0027702 -0.00423159 -0.00632754 0.00920087 0.00690835 0.000129219 -0.0053339 -0.00338838 -0.00696053 0.0116794 0.00610961 -0.00965882
internal_weight=513.049 256.619 129.106 256.429 238.877 65.4479 52.8093 173.429 73.939 99.4901 17.5522 39.5608 41.0787 57.7305 32.8602 16.0291 13.2485 50.2443 78.8617 74.2194 61.7995 12.6387 47.3404 22.2802 21.0412 41.7596 27.8029 27.9641 18.5196 40.3053
internal_count=30977 20869 8567 10108 9357 2781 2251 6576 2561 4015 751 1594 1225 2385 1336 319 657 2405 6162 5964 5056 530 1973 1036 958 1630 1100 1369 636 3193
is_linear=0
shrinkage=0.05


Tree=67
num_leaves=31
num_cat=0
split_feature=27 9 35 4 38 2 28 27 19 12 36 41 30 4 26 41 22 20 23 35 4 14 29 1 25 41 30 27 30 13
split_gain=0.735985 0.831895 0.785475 0.658668 0.913632 0.642304 0.501154 0.522819 0.491357 1.13802 0.595089 0.557261 0.568057 0.470297 0.451877 0.484127 0.449187 0.434699 0.418875 0.485101 0.640297 0.460244 0.430087 0.448317 0.418546 0.385718 0.366827 0.350878 0.463459 0.645352
threshold=-0.35000000894069666 -0.3899999856948852 0.17000001668930056 0.22500002384185794 -0.042906284332275384 -0.236666664481163 -0.31666666269302363 0.19666665792465213 0.043333351612091071 0.23000001907348636 0.37666666507720953 0.062321202829480178 -0.17000000178813932 0.31666666269302374 -0.15000000596046445 0.028001151047647003 0.37666666507720953 0.36333334445953375 0.01666665077209473 -0.016666665673255917 0.38999998569488531 -0.29000000655651087 0.26333332061767584 -0.35000000894069666 -0.069999992847442613 0.038000477477908141 -0.10999999940395354 -0.1766666769981384 -0.21666666865348813 -0.20333333313465116
decision_type=2 2 2 2 2 2 2 2 2 2 2 2 2 2 2 2 2 2 2 2 2 2 2 2 2 2 2 2 2 2
left_child=3 2 5 8 -5 6 7 -2 10 -10 11 12 -1 -6 25 -16 -15 -14 27 21 22 -20 -21 -24 -25 -7 -11 28 -3 -30
right_child=1 18 -4 4 13 14 -8 -9 9 26 -12 -13 17 16 15 -17 -18 -19 19 20 -22 -23 23 24 -26 -27 -28 -29 29 -31
leaf_value=-0.0016450780791633442 0.0083063921867266906 0.0068679103559394182 -0.0080960161229405147 -0.011042906088442581 -0.0034650581360905599 -0.00068975501078928603 0.017396896509492981 -0.0047154415363966466 -0.011357616221298177 0.011703611384205746 -0.001651257756532286 -0.0016052891100735685 0.012629714801167178 0.010295094274669004 0.0047115081625066805 -0.0085378321589870167 -0.0012216629301986153 0 -0.0077342654518701651 0 -0.0044826719145896901 0 -0.0024148640490241832 0 0.013081929585264086 0.01054699194832265 -0.0007674628355823299 -0.0057507536740578763 0.0012544416348780991 -0.0096637870594426124
leaf_weight=4.4667298139538607 10.082317013992002 9.6752538315486145 5.5203918458428225 11.817663763184099 11.980539036681874 6.8756137944292268 10.177574326284228 7.1150022512301794 8.8630477876868117 7.518075350439176 10.826503996271638 6.3396005239337674 52.743862487841398 15.601625049486758 3.2477912248577949 13.786211759550495 6.4168796504382035 6.7914754997473201 27.355191271752119 35.7016753887292 19.340050723403692 37.832801264943555 2.4087559143081334 5.7647785989102038 21.236579197458919 8.8382055398542416 3.3740414653439057 102.01021856698208 25.716560611268505 15.242697100853546
leaf_count=167 313 467 365 418 386 494 340 303 549 201 244 165 1340 497 158 793 215 174 986 3124 1786 4084 130 305 1089 385 245 9438 760 1287
internal_value=0 -0.00115674 0.0035896 0.00296153 -0.00148294 0.00567792 0.0105823 0.00201502 0.00518302 -0.000690841 0.00684858 0.00851125 0.00992216 0.002373 0 -0.00435705 0.00650361 0.0112426 -0.00231833 -0.00022953 0.00203964 -0.00344459 0.00454328 0.00847451 0.0104659 0.00564698 0.00746005 -0.00412231 -0.000138468 -0.00299192
internal_weight=514.668 367.928 65.6431 146.74 45.8167 60.1227 27.3749 17.1973 100.923 19.7552 81.1682 70.3417 64.0021 33.999 32.7478 17.034 22.0185 59.5353 302.285 149.64 84.4518 65.188 65.1118 29.4101 27.0014 15.7138 10.8921 152.645 50.6345 40.9593
internal_count=31208 26607 3151 4601 1516 2786 956 616 3085 995 2090 1846 1681 1098 1830 951 712 1514 23456 11504 6434 5070 4648 1524 1394 879 446 11952 2514 2047
is_linear=0
shrinkage=0.05


Tree=68
num_leaves=31
num_cat=0
split_feature=17 9 36 29 24 30 37 19 37 37 1 5 32 41 26 8 30 7 24 41 13 24 37 37 9 15 41 36 41 15
split_gain=0.887198 1.47762 1.32228 0.92842 0.883284 0.705562 1.34801 0.734692 0.668558 0.929745 0.64513 0.641209 0.625716 0.58294 0.506626 0.540192 0.696413 0.627953 0.618611 0.495392 0.493591 0.466222 0.548171 0.453577 0.439949 0.435333 0.408753 0.468055 0.397867 0.411885
threshold=-0.41666667163372034 0.22333335876464847 0.29666668176651007 0.41666668653488165 0.32999998331069952 -0.31666666269302363 -0.06400823593139647 -0.016666665673255917 -0.023729801177978512 1.0000000180025095e-35 -0.17000000178813932 -0.45666666328907007 0.26999998092651373 0.064606677740812316 0.32999998331069952 -0.083333343267440782 0.24333333969116214 -0.22999998927116391 -0.049999997019767754 0.039961723610758788 0.14999997615814212 0.23666667938232425 -0.050820350646972649 0.042748451232910163 0.48333334922790533 -0.40333333611488337 0.026561230421066288 0.27666664123535162 0.025929809547960762 0.083333313465118422
decision_type=2 2 2 2 2 2 2 2 2 2 2 2 2 2 2 2 2 2 2 2 2 2 2 2 2 2 2 2 2 2
left_child=1 4 10 -4 13 6 -2 14 28 11 -3 -10 -5 26 15 17 -17 18 -7 -18 -11 25 -23 -19 -9 -16 -1 -28 -8 -30
right_child=5 2 3 12 -6 7 8 24 9 20 -12 -13 -14 -15 21 16 19 23 -20 -21 -22 22 -24 -25 -26 -27 27 -29 29 -31
leaf_value=0 0.012629858628045399 0.00048305945016176885 -0.00736577534926068 0.014079933971865974 -0.0051016812417803521 0.0023652247977708069 0.0020070743723052814 -0.0066916373886716386 -0.0025687883246911878 0.0023576626184110931 -0.016003227531783449 0.013341107852143694 0 -0.0016081362759196444 -0.006901848579164923 -0.0092278339530012642 0.0043148478221177065 0 -0.010267684031068961 -0.0063431149597664134 -0.007207906577681983 -0.0020051712971511453 0.012227668737154002 0.010011504186343285 0.0032375629719752852 0.0026512786617250653 0.015183906867241834 0 0.00045980773909926905 -0.012810246128012107
leaf_weight=6.7616861071437588 17.990602994803339 4.1099095763638642 6.9291258591692921 12.087377211079003 4.4809588175266972 10.144075797870757 2.8078183920588371 99.928437683265656 3.258417206117886 19.121267402777448 12.847287006210534 15.798527670092879 10.226941178087143 3.8745098249055436 10.876100766472517 39.442820264026523 22.095489023486152 31.895521914353594 14.603164331754668 11.780487884767352 19.168063033604994 3.9382613650523153 14.325995644088833 14.039508185349403 5.3558970466256133 34.463734205812216 39.351312370505184 4.1395140129607162 2.8029586800839779 15.123226049821822
leaf_count=179 643 97 218 162 133 691 111 11237 106 1377 306 816 202 98 244 3370 1055 2096 943 596 1405 125 411 611 513 1225 999 102 232 795
internal_value=-0.000221393 0.00369761 -0.00244685 0.00337669 0.00870566 -0.00132495 0.00219438 -0.00250489 -0.000642435 0.00189201 -0.0118365 0.00965934 0.00844941 0.0106595 -0.000593213 -0.00230751 -0.00518029 0.000518574 -0.00482523 0 -0.00219424 0.00279317 0.00839142 0.00410374 -0.00581456 0 0.0121204 0.0136976 -0.00743877 -0.0100955
internal_weight=513.769 104.809 46.2006 29.2434 58.608 408.96 96.0709 312.889 78.0803 57.3463 16.9572 19.0569 22.3143 54.127 207.605 144.001 73.3188 70.6823 24.7472 33.876 38.2893 63.6041 18.2643 45.935 105.284 45.3398 50.2525 43.4908 20.734 17.9262
internal_count=31098 2496 985 582 1511 28602 5485 23117 4842 3704 403 922 364 1378 11367 9362 5021 4341 1634 1651 2782 2005 536 2707 11750 1469 1280 1101 1138 1027
is_linear=0
shrinkage=0.05


Tree=69
num_leaves=31
num_cat=0
split_feature=16 30 41 37 25 39 26 26 38 16 31 37 37 38 31 37 37 38 0 13 37 36 20 30 37 41 11 9 16 31
split_gain=0.883168 1.01076 0.956911 0.930144 0.867606 0.862519 0.817523 0.750593 0.593939 0.636987 0.581585 0.572109 1.10503 0.773901 0.702171 0.566722 0.564769 0.653725 0.550903 0.518883 0.417614 0.403983 0.399079 0.387004 0.376057 0.368055 0.367401 0.354818 0.352486 0.34212
threshold=-0.2766666561365127 -0.30333334207534784 0.06874531134963037 -0.061809539794921868 -0.063333332538604722 0.022228290326893333 0.37666666507720953 -0.22333332896232602 -0.0027670860290527339 0.31666666269302374 -0.48333333432674402 0.0071382522583007821 -0.036983489990234368 -0.048531532287597649 -0.24333333969116208 0.068413257598876967 -0.023729801177978512 -0.16214513778686521 0.37000000476837164 0.11000001430511476 -0.06400823593139647 -0.26333332061767573 0.37000000476837164 0.17666667699813846 0.10350275039672853 0.042110387235879905 -0.13666665554046628 0.46333330869674688 -0.43000000715255732 -0.29000000655651087
decision_type=2 2 2 2 2 2 2 2 2 2 2 2 2 2 2 2 2 2 2 2 2 2 2 2 2 2 2 2 2 2
left_child=2 3 4 5 22 -2 8 -6 16 -10 -9 12 14 25 20 27 -5 -18 21 -7 -12 26 -1 -4 -13 -14 -19 -3 -15 -11
right_child=1 15 23 6 7 19 -8 10 9 29 11 24 13 28 -16 -17 17 18 -20 -21 -22 -23 -24 -25 -26 -27 -28 -29 -30 -31
leaf_value=0.00050084726499281579 -0.0042818571146992926 -0.0058298250180288105 0 -0.0015687263226785411 -0.0017927202947349637 0 -0.011845355529661095 -0.0030137327963989666 0.0022351146855526904 7.3437231189603982e-05 0.0010460854509196243 0.013189376735186964 -0.015049400321153338 0.0073132630009373149 -0.00069991965569766567 0.0021212912205590367 -0.0046159108425469176 0 -0.0013627160956772675 0.017957541571578358 0.019346127557312721 0 -0.007663338730657482 -0.01504436860743176 0 0 0.018436424839116346 0.0020405226656250853 -0.0019620093188885369 -0.012883623966872851
leaf_weight=69.414336336776614 2.9766295191366252 151.55849620630033 3.16385738342069 15.091779524693264 22.923502164660022 4.2279379097744849 7.8063278286717823 7.0409619412384918 14.14789819926955 2.039827937260271 8.6075244324747509 45.048544455552474 6.4264609389938396 12.489692536648361 6.1698337935376903 22.465691024204716 2.4767344342544666 2.5818391637876728 3.2006142516620448 12.497106597525997 10.491592281963676 6.6986536001786616 11.705798624549059 4.7645469482522458 5.9827893988694987 3.6071734926663339 15.3841716137249 7.8661889438517383 12.364915292011576 10.811780357267704
leaf_count=2142 144 15355 94 770 978 236 281 107 1443 241 241 1196 199 209 241 2197 102 143 172 344 220 405 342 180 151 101 588 807 450 1033
internal_value=-3.02276e-05 -0.00193591 0.00218693 0.0018656 0.002999 0.0102036 -0.000459249 0.00531763 0.0012614 -0.00366591 0.0069175 0.00788183 0.00341193 -0.00183641 0.0104196 -0.00415061 0.00476163 0.00833735 0.0108407 0.0143316 0.0143164 0.0131964 -0.000836942 -0.0102693 0.0117994 -0.0108694 0.0162776 -0.00523044 0.00240443 -0.0101321
internal_weight=512.033 281.832 230.202 99.9413 222.273 19.7017 80.2396 141.153 72.4333 26.9995 118.229 111.189 60.1572 34.8882 25.269 181.89 45.4338 30.342 27.8653 16.725 19.0991 24.6647 81.1201 7.9284 51.0313 10.0336 17.966 159.425 24.8546 12.8516
internal_count=31112 24261 6851 5902 6577 724 5178 4093 4897 2717 3115 3008 1661 959 702 18359 2180 1410 1308 580 461 1136 2484 274 1347 300 731 16162 659 1274
is_linear=0
shrinkage=0.05


Tree=70
num_leaves=31
num_cat=0
split_feature=31 19 40 9 5 11 39 37 1 36 5 39 37 12 29 19 28 29 41 41 41 1 18 22 40 9 17 38 27 14
split_gain=0.528724 0.834549 0.663938 0.590097 0.606936 0.900375 0.877473 0.975325 0.809888 0.749673 0.63589 0.538821 0.904374 0.855478 1.07268 0.525556 0.476397 1.27456 1.34818 1.06211 0.815213 0.776565 0.619133 0.547732 0.470029 0.424443 0.533595 0.457075 0.597364 0.405063
threshold=0.48333334922790533 0.056666672229766853 0.11666666716337205 -0.41666667163372034 0.18999999761581424 0.11000001430511476 0.017743043601512912 0.025244712829589847 -0.18999999761581418 0.30333334207534796 0.37000000476837164 0.016595917753875259 0.026471138000488285 0.083333313465118422 -0.10333332419395445 -0.20333333313465116 0.33666664361953741 0.46833333373069769 0.046263152733445174 0.037718985229730613 0.031045022420585159 0.18999999761581424 -0.41666667163372034 0.17000001668930056 0.11666666716337205 0.36333334445953375 -0.083333343267440782 -0.1008472442626953 0.069999992847442641 -0.43000000715255732
decision_type=2 2 2 2 2 2 2 2 2 2 2 2 2 2 2 2 2 2 2 2 2 2 2 2 2 2 2 2 2 2
left_child=1 3 -2 -1 5 16 10 8 29 25 15 -3 13 -13 -15 -6 19 18 24 20 21 22 -5 -21 -18 26 27 -10 -29 -8
right_child=2 11 -4 4 6 -7 7 -9 9 -11 -12 12 -14 14 -16 -17 17 -19 -20 23 -22 -23 -24 -25 -26 -27 -28 28 -30 -31
leaf_value=0.0082719091428250183 -0.0036382499730827481 -0.010029157954838705 0.012065427949660961 0.0097415074220765507 0.015208284489660088 0.0058642491472981582 0.010774239067071364 0.0083397757036123236 0 0.00072918373830976868 -0.00063423380227309659 -0.0068948088933341702 -0.0083922694225842115 0.0079090574801667351 -0.0038869380258878014 0 0 0.0069246861168978033 0.0039100467647553636 -0.007764372649665484 0.0069096513251454342 -0.011165850078753382 -0.0019483795882174035 0.00032563315456981748 -0.023766256979043478 0.00041381460789070525 0 -0.022220473956476625 0 -0.0016039757980098033
leaf_weight=17.607584573095664 4.0054008844308582 24.212440858827904 12.401051481254397 9.5743787062819994 20.674816658487551 28.985299892956391 6.9595737457275391 18.784010371891782 3.6038799264933941 15.596246902598066 7.2038608181755981 20.286903702304699 32.191347437910736 44.511780842440203 23.291325113503262 3.6664892158005378 4.7940144999884131 4.180913370801135 3.9136735287029287 60.741031792247668 40.815462532220408 10.562137886183335 30.34099612431601 21.510077561251819 10.606913187541066 2.7010469594970337 6.2192011652514401 12.453534717904402 3.0051041590049854 5.07573248981498
leaf_count=839 137 2611 476 230 485 2188 104 786 195 418 279 2033 3273 2623 2714 378 126 61 93 3154 2256 634 2110 1178 304 79 495 347 197 295
internal_value=-0.000261946 -0.000641717 0.00716822 0.000627743 8.67148e-06 -0.00137658 0.00310274 0 -0.00340543 -0.00669008 0.00933442 -0.00378164 -0.00190929 0.000578211 0.00353165 0.0126506 -0.00270668 -0.00880744 -0.0140346 -0.00147476 0.00199871 -0.00184177 0.00121772 -0.00548712 -0.0195806 -0.0109595 -0.0128201 -0.0160738 -0.0188417 0.00537082
internal_weight=510.476 494.07 16.4065 349.576 331.968 226.025 105.943 74.3983 55.6143 43.579 31.5452 144.494 120.281 88.09 67.8031 24.3413 197.04 23.4955 19.3146 173.544 91.293 50.4775 39.9154 82.2511 15.4009 27.9828 25.2817 19.0625 15.4586 12.0353
internal_count=31098 30485 613 17231 16392 12334 4058 2916 2130 1731 1142 13254 10643 7370 5337 863 10146 584 523 9562 5230 2974 2340 4332 430 1313 1234 739 544 399
is_linear=0
shrinkage=0.05


Tree=71
num_leaves=31
num_cat=0
split_feature=3 8 41 9 21 18 12 35 5 38 31 35 25 4 0 27 26 24 19 0 40 3 0 38 41 18 41 27 31 13
split_gain=0.853907 0.68373 0.750082 0.654192 0.636729 0.619515 0.639902 0.75309 0.644932 0.614317 0.71362 0.607576 0.499695 0.554504 0.483001 0.435832 0.470959 0.427897 0.886345 0.675129 0.654806 0.425729 0.418818 0.418193 0.457037 0.36503 0.361598 0.508823 0.356372 0.351733
threshold=0.2833333313465119 -0.14333333075046537 0.040580337867140777 0.38999998569488531 0.20999997854232791 -0.41666667163372034 -0.18999999761581418 0.17000001668930056 -0.3899999856948852 0.011566162109375002 -0.016666665673255917 -0.24333333969116208 0.45666664838790899 1.0000000180025095e-35 -0.17000000178813932 -1.0000000180025095e-35 0.40333333611488348 -0.056666672229766839 -0.29666668176650995 -0.21000000834465024 0.2100000008940697 0.056666672229766853 0.26333332061767584 -0.22962236404418943 0.031045022420585159 -0.28333333134651179 0.051157914102077491 0.41000002622604376 -0.083333343267440782 -0.24333333969116208
decision_type=2 2 2 2 2 2 2 2 2 2 2 2 2 2 2 2 2 2 2 2 2 2 2 2 2 2 2 2 2 2
left_child=1 5 3 4 14 -1 11 8 15 -2 29 -7 13 -5 -3 16 -8 20 19 -19 -4 -16 -21 -10 -25 -26 27 -17 -13 -11
right_child=9 2 17 12 -6 6 7 -9 23 10 -12 28 -14 -15 21 26 -18 18 -20 22 -22 -23 -24 24 25 -27 -28 -29 -30 -31
leaf_value=0.010767765751959871 -0.0073636861746616466 0.001686854606278546 0.00017899958741951253 0.014892267564204434 0.0049889295553258691 -0.010078037447300649 0.009502530631546267 -0.0055574230481628519 -0.0027233027013616184 0.0080505062674403657 -0.0068398111168089613 0.004792608187294092 -0.0033840169260166706 0 -0.0075448963669681179 -0.013055157979007248 -0.0041864052521838118 -0.004343293271245551 -0.0079624315113729742 0.01240026224552516 -0.012053923290021066 0 -0.00035877445884901159 0.0008414136652956975 0 0.012239242979065857 0.0024202847022833252 0.0019012414519069282 -0.0046923826953511631 -0.00060154816372199964
leaf_weight=19.552973955869675 55.012239471776411 34.64621184905991 10.69425260229036 13.80596982245334 34.482688154326752 12.732309020357205 10.057099754922094 11.423269192920996 2.738000380806624 18.872607676777992 16.336008430225775 19.307309384457767 2.1422305454034349 7.0864828806370488 42.188899073051289 10.142415526555853 2.923172117676585 6.9151947507634786 18.206995066488162 14.680216182721781 24.880445930641145 20.709422320360318 3.6718687028624108 21.515579927712679 2.9427272360771886 45.372019021771848 3.3584556244313708 2.7740433118306091 8.9637528562452662 11.762714002281426
leaf_count=458 3641 2294 770 639 1867 787 400 914 136 463 1770 844 210 382 2981 507 66 169 1640 436 1903 1267 100 1490 160 2890 114 135 645 999
internal_value=-4.77846e-05 0.000937019 -0.000740926 0.00116234 -0.000141809 0.00328554 0.00181342 0.00380147 0.00533411 -0.00405152 0 -0.00292984 0.00798295 0.0105731 -0.00238099 -0.000175379 0.00475373 -0.00458692 -0.000421854 0.00469742 -0.00828009 -0.0049363 0.00936142 0.00771717 0.00863931 0.011175 -0.00545053 -0.0089372 0.000760769 0.00449162
internal_weight=509.898 407.914 234.111 155.062 132.027 173.803 154.25 113.247 101.824 101.984 46.9713 41.0034 23.0347 20.8925 97.5445 29.2552 12.9803 79.049 43.4743 25.2673 35.5747 62.8983 18.3521 72.5683 69.8303 48.3147 16.2749 12.9165 28.2711 30.6353
internal_count=31077 24204 14658 9640 8409 9546 9088 6812 5898 6873 3232 2276 1231 1021 6542 1222 466 5018 2345 705 2673 4248 536 4676 4540 3050 756 642 1489 1462
is_linear=0
shrinkage=0.05


Tree=72
num_leaves=31
num_cat=0
split_feature=17 9 38 38 30 39 37 13 27 39 28 5 36 37 39 12 41 35 6 10 41 33 37 33 38 30 26 30 31 36
split_gain=0.532834 1.1052 1.35772 1.24697 0.765281 1.18197 1.2141 0.787333 0.781974 0.697762 0.520431 0.643903 0.485743 0.472595 0.452143 0.461029 0.474924 0.442423 0.437684 0.428082 0.419026 0.408256 0.405418 0.39932 0.37622 0.529722 0.457241 0.363834 0.364123 0.357326
threshold=-0.41666667163372034 0.23666667938232425 -0.076637268066406236 -0.0027670860290527339 -0.31666666269302363 0.013899363577365877 1.0000000180025095e-35 0.12333333492279054 -0.33666665852069849 0.028243753127753738 -0.063333332538604722 -0.43000000715255732 -0.36333334445953364 0.064506053924560561 0.026318108662962917 -0.3899999856948852 0.042987337335944183 0.23000001907348636 -0.26999998092651362 -0.076666668057441698 0.053763128817081458 -0.18999999761581418 0.081814765930175795 -0.069999992847442613 0.22018671035766604 0.37666666507720953 -0.37666666507720942 0.17666667699813846 0.17666667699813846 0.29000002145767217
decision_type=2 2 2 2 2 2 2 2 2 2 2 2 2 2 2 2 2 2 2 2 2 2 2 2 2 2 2 2 2 2
left_child=1 9 -3 -4 5 -2 7 12 14 21 11 -9 20 -8 17 -16 -17 18 -6 -20 -7 -1 -15 -11 25 26 -10 28 -26 -23
right_child=4 2 3 -5 8 6 13 10 24 23 -12 -13 -14 22 15 16 -18 -19 19 -21 -22 29 -24 -25 27 -27 -28 -29 -30 -31
leaf_value=0 -0.012067613933686954 0.0082006256735096313 -0.0172765265865748 0 0.0079559406196404309 -0.011710280407526984 -0.0059379853636981426 0.0009323829602850335 0 0.0043287137509947825 -0.00061695208370891267 0.017896460954389792 0.0062119148875202403 0.010833133828604782 0.0044590739054458373 -0.012579111414100515 0 0.0086485310015026375 0.0050596502780329176 -0.0050797273437867725 0.0023552388654566551 0.012518448820717822 -0.001795138311541356 -0.00803562893329853 0.011549116863969731 0.0013384609684159044 -0.0065693013367801971 -0.0033630239319469668 -0.001559798216122831 0
leaf_weight=6.6407355105038723 5.8799715347122392 11.697631503921 13.132991795428099 17.164317894494161 8.2578546425793302 6.1141960355453211 24.658690449083224 11.759753698017446 26.47969580697827 5.4002126418054104 2.9588464789558193 23.908480049110949 8.3785349677782488 4.7327233152464014 4.8286014455370632 9.892322370316835 8.5627157620619965 20.784455157350749 7.1313893543556324 29.877576203551143 2.2670864488463849 37.481699428986758 6.1670552927535027 6.8677456066943687 6.8806302954908478 23.787336569512263 153.84694404609036 7.6376279972027978 2.0613788003101945 4.1017817745450875
leaf_count=227 497 235 319 367 355 379 1774 325 2354 130 220 846 596 267 125 507 406 903 292 1093 84 905 488 206 382 1883 14241 480 202 98
internal_value=-0.000293004 0.00276288 -0.00284774 -0.00845266 -0.00115231 0.00250162 0.00439003 0.00876761 -0.0023984 0.00693938 0.0122412 0.013843 0 -0.00210844 0.00128376 -0.00365 -0.00736743 0.00352905 0 -0.00211138 -0.00677197 0.0095062 0.00410819 -0.00159033 -0.00399372 -0.00461975 -0.00555767 0.00178577 0.00744115 0.0111548
internal_weight=509.341 102.487 41.9949 30.2973 406.854 96.8253 90.9454 55.3869 310.029 60.4922 38.6271 35.6682 16.7598 35.5585 89.3349 23.2836 18.455 66.0513 45.2668 37.009 8.38128 48.2242 10.8998 12.268 220.694 204.114 180.327 16.5796 8.94201 41.5835
internal_count=31186 2487 921 686 28699 5476 4979 2450 23223 1566 1391 1171 1059 2529 3681 1038 913 2643 1740 1385 463 1230 755 336 19542 18478 16595 1064 584 1003
is_linear=0
shrinkage=0.05


Tree=73
num_leaves=31
num_cat=0
split_feature=24 20 38 17 0 0 30 38 19 5 31 38 31 39 38 12 4 37 38 2 16 16 12 27 31 39 16 7 37 27
split_gain=0.801512 0.847942 0.87084 0.869598 0.79812 0.653926 0.675572 0.770343 0.760942 0.749573 0.8488 0.830587 0.68704 0.673725 0.618771 0.581676 0.571195 0.559443 0.532245 0.49122 0.442306 0.441525 0.40938 0.493053 0.431619 0.418343 0.405778 0.395148 0.3517 0.344384
threshold=0.44333332777023321 -0.32333332300186152 0.06216478347778321 -0.48333333432674402 -0.12499999999999999 -0.41666667163372034 -0.30333334207534784 0.0048093795776367196 -0.016666665673255917 0.12333333492279054 -0.37666666507720942 0.071311473846435561 -0.3899999856948852 0.020642076618969444 0.11419248580932619 0.41000002622604376 0.29666668176651007 0.021256923675537113 0.0048093795776367196 -0.22333332896232602 0.44333332777023321 -0.30333334207534784 -0.016666665673255917 -0.32333332300186152 -0.15666666626930234 0.021990424022078518 0.27666664123535162 -0.30333334207534784 -0.013422966003417967 -0.41666667163372034
decision_type=2 2 2 2 2 2 2 2 2 2 2 2 2 2 2 2 2 2 2 2 2 2 2 2 2 2 2 2 2 2
left_child=1 2 4 18 15 20 7 19 9 10 14 12 16 28 27 -1 -11 -2 -3 -7 -5 -13 23 -12 -25 -26 -9 -8 -14 -10
right_child=17 3 -4 5 -6 6 8 26 29 11 22 21 13 -15 -16 -17 -18 -19 -20 -21 -22 -23 -24 24 25 -27 -28 -29 -30 -31
leaf_value=0.012062666567959476 -0.013325202071583428 0 -0.0030576681743859882 -0.014826654697692591 -0.0015126307794365136 0.011365824470408225 0 0.0017923572378352095 0.0011075962989370144 0.012309247637775982 0.0020857924102418079 0.015004857636262034 0.0078853346592866764 -0.0074417423309033727 0.00027279397002131725 -0.0011058747776900733 -0.00019910886835059093 0.00038929064166959391 0.013659709980537164 0.0008577787863024702 0 0 0.0052282770455798688 0 0 -0.012148029202060547 -0.0082468649787402256 -0.016786391439261788 -0.0017831315332248747 -0.0073968754771578746
leaf_weight=44.961310312850401 12.772230075672271 8.5959351742640155 18.517713492037728 8.1321769806090725 12.571389075834302 23.097557490458712 3.4625837302301123 12.558200710453095 6.8297562098596236 11.851116703124719 36.510628846706823 12.209991778479891 10.581524065462874 28.662005394697189 5.9790862954687318 4.8959043573122463 10.821905595716087 6.3022988913580766 10.60335529851727 29.136321197496727 2.9282285752706221 4.9965110295452169 18.012057789368555 32.804955930216238 13.239832718390973 18.140881888801232 11.885122493375091 13.871131490217522 11.025053265038876 61.357534483540803
leaf_count=2255 1232 151 1367 507 740 737 123 1030 490 234 1097 294 436 1413 142 340 256 641 153 1640 116 381 1388 1606 1329 1427 1141 400 559 7434
internal_value=-2.44467e-05 0.000369873 0.00488372 -0.000524604 0.00766621 -0.0011491 -0.000634649 0.00328535 -0.00176172 -0.000233827 -0.00255507 0.00309434 0.000111876 -0.00280001 -0.0102263 0.0103421 0.00667472 -0.00878799 0.0083747 0.00662599 -0.0108298 0.0113625 -0.000428554 -0.00191184 -0.00452591 -0.00820529 -0.00293113 -0.0140581 0.00273098 -0.00618738
internal_weight=507.314 488.24 80.9463 407.293 62.4286 388.094 377.034 76.6772 300.357 232.169 142.021 90.1481 72.9416 50.2686 23.3128 49.8572 22.673 19.0745 19.1993 52.2339 11.0604 17.2065 118.708 100.696 64.1857 31.3807 24.4433 17.3337 21.6066 68.1873
internal_count=31059 29186 4702 24484 3335 24180 23557 4548 19009 11085 7512 3573 2898 2408 665 2595 490 1873 304 2377 623 675 6847 5459 4362 2756 2171 523 995 7924
is_linear=0
shrinkage=0.05


Tree=74
num_leaves=31
num_cat=0
split_feature=19 31 25 39 26 40 40 37 40 37 40 12 40 9 9 3 13 19 8 37 37 24 39 16 27 37 6 6 26 41
split_gain=0.832596 1.87354 1.0868 0.742997 0.80232 0.741978 0.713717 0.701004 0.901142 0.791673 0.716627 0.699583 0.760512 0.681927 0.797229 0.984508 0.863071 0.772934 0.75293 0.673218 0.691725 0.641449 0.629516 0.59806 0.530917 0.46774 0.701604 0.420495 0.398333 0.376924
threshold=-0.016666665673255917 0.42333334684371954 -0.0099999904632568342 0.020881145261228088 0.29000002145767217 0.756666660308838 0.10333333536982538 -0.028179645538330075 0.089999999850988402 0.026471138000488285 0.97666668891906749 -0.063333332538604722 0.87666666507720958 0.17666667699813846 0.38999998569488531 0.21499997377395633 -0.40333333611488337 -0.29666668176650995 0.20333331823349002 0.019763469696044925 0.0079760551452636736 0.30500000715255743 0.02956893760710955 -0.43000000715255732 0.29666668176651007 0.035737037658691413 -0.15000000596046445 0.069999992847442641 -0.19666665792465207 0.033061616122722633
decision_type=2 2 2 2 2 2 2 2 2 2 2 2 2 2 2 2 2 2 2 2 2 2 2 2 2 2 2 2 2 2
left_child=2 7 3 -1 11 6 -3 8 -2 19 -10 12 -5 17 16 -16 18 28 -15 20 29 22 -6 -18 -7 26 -8 -19 -4 -9
right_child=1 5 13 4 21 24 25 9 10 -11 -12 -13 -14 14 15 -17 23 27 -20 -21 -22 -23 -24 -25 -26 -27 -28 -29 -30 -31
leaf_value=0.002591943531826975 0 0 0.00077257553329334379 -0.01242805860161625 0.010068723429964363 -0.0080709275689627262 0.019894330683724291 0.0066529364609685619 -0.017173636555984619 -0.0075456522552792438 5.1438383704396489e-06 0.00096645774760037873 9.6542983118601445e-05 0.0017111543206639217 0.015233524474665822 -0.0021364379975543656 0.011502051219492493 0.0050485636762356498 -0.014490825504143739 0.011417216224906991 -0.0095808606116437895 -0.0080121686031835483 -0.0029700341569111766 -0.0021899015871015516 0.0058756356335176764 0 0 -0.0041542065337037337 0.012829592161778303 -0.0017774637126232217
leaf_weight=72.385952519718558 12.487065224442629 10.982618683949111 14.229215586092321 39.110197797883302 18.830425372114412 10.550221625017 14.174759345594794 17.461916545056738 26.20375170791522 37.429839134216309 3.9724394294898948 15.217418350279329 11.167670678813009 5.3817827417515245 10.391588507685812 9.5479028718546015 6.0417608022689846 21.441510611679405 14.925214320421217 7.0060381600633255 11.580637952545656 4.743791530840098 7.4345372358802697 13.696778781479223 4.3657662176992735 2.8938873626757404 6.2461152477189943 15.251633886713533 43.544545619748533 19.11716201051604
leaf_count=3945 1038 495 446 2347 548 638 350 1805 2571 4138 353 1266 614 101 202 234 149 1605 286 809 1245 127 248 772 163 254 478 1086 951 1905
internal_value=0.000161014 -0.00241835 0.00172575 -0.000922114 -0.00379927 0.00526565 0.00901806 -0.00549603 -0.0105862 -0.0023957 -0.0145954 -0.00683218 -0.00948818 0.00470315 4.70991e-05 0.00738197 -0.00354815 0.00723145 -0.0098357 0.00108722 -0.00105229 0.0020003 0.00573717 0.00273407 -0.00227913 0.01314 0.0153568 0.000591583 0.0106041 0.00203024
internal_weight=507.814 184.472 323.342 168.89 96.504 49.2134 34.2974 135.259 42.6633 92.5956 30.1762 65.4953 50.2779 154.452 59.985 19.9395 40.0455 94.4669 20.307 55.1658 48.1597 31.0088 26.265 19.7385 14.916 23.3148 20.4209 36.6931 57.7738 36.5791
internal_count=31169 16242 14927 9095 5150 2378 1577 13864 3962 9902 2924 4227 2961 5832 1744 436 1308 4088 387 5764 4955 923 796 921 801 1082 828 2691 1397 3710
is_linear=0
shrinkage=0.05


Tree=75
num_leaves=31
num_cat=0
split_feature=13 9 10 0 37 38 19 40 38 11 38 37 36 15 33 15 32 6 38 8 31 12 31 31 40 16 22 2 39 24
split_gain=0.636527 0.959317 0.547035 0.595577 0.614341 0.83631 0.781905 0.667426 0.55264 0.852968 1.5286 0.596712 0.902402 0.784564 0.585599 0.56617 0.86603 0.551437 0.656829 0.636321 0.534229 0.523933 0.485691 0.482368 0.474015 0.432686 0.431892 0.426838 0.425453 0.573351
threshold=0.41000002622604376 0.43000000715255743 0.069999992847442641 -0.41666667163372034 -0.027381420135498043 0.0048093795776367196 -0.37666666507720942 0.17000000178813937 -0.0020518302917480464 -0.33666665852069849 -0.1008472442626953 0.050316810607910163 0.21666666865348819 -0.45666666328907007 0.2833333313465119 -0.29666668176650995 0.2833333313465119 -0.31000000238418574 0.10286664962768556 -0.069999992847442613 -0.35000000894069666 -0.20333333313465116 0.46333330869674688 -0.20333333313465116 0.97666668891906749 -0.24999999999999997 -0.12999999523162839 0.29666668176651007 0.046335373073816306 -0.29666668176650995
decision_type=2 2 2 2 2 2 2 2 2 2 2 2 2 2 2 2 2 2 2 2 2 2 2 2 2 2 2 2 2 2
left_child=1 2 3 -1 6 21 -5 -8 9 10 -4 13 -13 -10 -15 16 23 -7 20 -20 -19 -6 24 -11 25 -9 -2 -12 29 -23
right_child=26 -3 8 4 5 17 7 22 11 15 27 12 -14 14 -16 -17 -18 18 19 -21 -22 28 -24 -25 -26 -27 -28 -29 -30 -31
leaf_value=-0.0066026302362112849 0 0.0083150213877889109 0.0027113457325958811 0.0063345606824737723 0.0003344565381363642 -0.0064524150268702564 0.0010579227020190826 0 0.010648726522608799 0.014702408484278968 -0.020290511417991139 0.0017373540274260265 -0.013714385696181653 -0.0040874051562764489 0.0061764365475663711 -0.0047830355309356008 -0.0059976372152959426 0.0060658876031825636 0.011138573983398152 -0.00060416170317916223 -0.0043284543189874994 0 0.0024315772507199273 0 0 -0.015136642478995314 -0.010828770548341627 -0.00077804425102674071 -0.0014227704117689892 0.013039818203414696
leaf_weight=16.932629543356597 16.033613128587604 27.708092813612893 9.9930476795416308 14.505385810043661 27.70852669281885 18.29003659915179 22.91124068107456 5.1656605990137896 15.923870022408662 10.143536327872425 16.976414469536397 13.650458521908151 10.801518927328287 34.777486043982208 14.615483900299294 32.498636615579017 6.1385537353344253 10.020227677887304 22.202301565092057 12.1985466547776 38.869472322287038 6.5445078073535106 3.0807747661601743 5.390664760256187 5.6140300664119414 22.231432082364339 17.119151534046978 6.9357632023748002 2.4885446787811807 40.289652508217841
leaf_count=917 1324 1421 318 404 1344 1238 1642 285 284 335 579 905 663 2335 1019 3051 340 310 1115 822 3053 510 65 214 347 1858 1570 193 150 2517
internal_value=-0.000310724 0.000141666 -0.000413333 0.000938206 0.00168321 0.00328673 -0.00185259 -0.00464884 -0.00255788 -0.00524135 -0.0108483 0 -0.00562468 0.0027219 -0.000258948 -0.000584724 0.00447938 0 0.00202821 0.00688447 -0.00131242 0.0070142 -0.00849986 0.010298 -0.010378 -0.0127 -0.00645479 -0.016758 0.00987161 0.0110383
internal_weight=507.759 474.606 446.898 269.053 252.12 178.612 73.5085 59.0031 177.845 88.0766 33.9052 89.7688 24.452 65.3168 49.393 54.1714 21.6728 101.581 83.2905 34.4008 48.8897 77.0312 36.0919 15.5342 33.0111 27.3971 33.1528 23.9122 49.3227 46.8342
internal_count=31128 28234 26813 16577 15660 11059 4601 4197 10236 5030 1090 5206 1568 3638 3354 3940 889 6538 5300 1937 3363 4521 2555 549 2490 2143 2894 772 3177 3027
is_linear=0
shrinkage=0.05


Tree=76
num_leaves=31
num_cat=0
split_feature=29 3 38 25 25 4 39 36 36 26 33 33 30 33 24 39 39 13 21 2 38 13 33 17 38 26 1 19 5 6
split_gain=0.513374 0.73986 0.700253 0.87624 1.2002 0.761427 0.701723 0.67451 0.618423 0.603889 0.592233 0.525044 0.594887 0.691647 0.690536 0.49211 0.653597 0.480588 0.475419 0.844137 0.635436 0.487399 0.466243 0.623664 0.42076 0.418065 0.414266 0.402114 0.570183 0.455117
threshold=0.41666668653488165 0.2833333313465119 0.014066219329833986 0.32999998331069952 -1.0000000180025095e-35 0.40333333611488348 0.030262772925198082 -0.21666666865348813 0.11000001430511476 -0.29666668176650995 0.34333333373069769 -0.26333332061767573 -0.056666672229766839 0.056666672229766853 -0.32333332300186152 0.017066688276827339 0.032171895727515228 0.38999998569488531 -0.32999998331069941 -0.32333332300186152 -0.0027670860290527339 -1.0000000180025095e-35 -0.19666665792465207 0.2833333313465119 0.10286664962768556 -0.10999999940395354 0.33666664361953741 -0.17000000178813932 0.20999997854232791 -0.26999998092651362
decision_type=2 2 2 2 2 2 2 2 2 2 2 2 2 2 2 2 2 2 2 2 2 2 2 2 2 2 2 2 2 2
left_child=1 7 3 4 -2 -6 8 9 -4 -1 -5 -9 13 -13 -14 -15 17 -17 21 20 -20 -11 23 -21 -10 -12 -3 28 29 -16
right_child=2 26 6 10 5 -7 -8 11 24 18 25 12 14 15 27 16 -18 -19 19 22 -22 -23 -24 -25 -26 -27 -28 -29 -30 -31
leaf_value=0.0087891753717463106 -0.0077714016389966349 -0.00094918244645822317 0 0.0011444997016318882 0.013910338415527721 -0.0024973051456557726 -0.0036235565531686415 -0.0094167046911028934 0.017485593976061638 0.0023503916240647359 0 -0.00060031019791253342 -0.0094107071715170063 -0.00093234033884836683 0.0056176940652141738 0.018673250962228823 -0.00090855136635177287 0 0.01531785927559713 -0.005184443914570798 -0.00037660039271282812 -0.010254033901626068 0.0075165047200850587 0.0057840735803452161 0 -0.018790289550322317 -0.010000114546402364 -0.0047802303019685603 0.0072174210684697792 -0.0028059301380825787
leaf_weight=27.276691831182688 8.4985641497187334 34.979942767182365 6.7918255969416412 3.5751047402154637 16.864214684348557 4.6052919325884423 4.0781622240319839 14.045458138920365 16.622301568277184 5.8118075772654292 1.5221682460978625 39.943670632317662 23.48675407259725 4.6527683511376408 13.139798933174459 12.385439999634402 3.7392801430542013 3.0705028183292589 12.017510832054542 44.437651845626533 5.0547031045425674 11.570682830410076 8.6748562662396562 10.165814618347211 3.7343420400284222 6.0349837895482779 25.946921936003491 38.732805303065106 20.894775656983256 72.422033317852765
leaf_count=1616 233 2810 244 166 308 245 179 925 511 272 122 3246 2186 487 496 1033 376 293 313 2863 333 575 351 510 144 396 2260 4072 664 2863
internal_value=-0.000178992 -0.000888812 0.0034889 -0.00039426 0.00358346 0.00970401 0.00851124 0 0.0114142 0.00289452 -0.0100664 -0.00152681 -0.000720337 0.00305139 -0.0023457 0.00889648 0.0119258 0.0155818 0.000595135 0.00247993 0.010698 -0.00544886 -0.000110905 -0.00235939 0.014917 -0.0153733 -0.0057282 -0.000709358 0.000725486 -0.000955914
internal_weight=504.777 432.45 72.327 41.1003 29.9681 21.4695 31.2266 371.523 27.1485 125.01 11.1323 246.513 232.468 63.7917 168.676 23.848 19.1952 15.4559 97.733 80.3505 17.0722 17.3825 63.2783 54.6035 20.3566 7.55715 60.9269 145.189 106.457 85.5618
internal_count=31092 28544 2548 1470 786 553 1078 23474 899 6833 684 16641 15716 5435 10281 2189 1702 1326 5217 4370 646 847 3724 3373 655 518 5070 8095 4023 3359
is_linear=0
shrinkage=0.05


Tree=77
num_leaves=31
num_cat=0
split_feature=9 10 24 29 24 31 31 31 37 27 27 8 37 9 12 27 21 40 14 33 41 37 35 11 39 39 39 14 38 33
split_gain=0.747787 0.825823 0.77913 1.23616 1.13918 0.627826 0.610251 0.60036 0.989049 0.70076 0.61705 0.582599 0.552858 0.535811 0.516728 0.512537 0.611612 0.568524 0.514161 0.767446 0.468103 0.4596 0.472129 0.452474 0.446358 0.497595 0.407931 0.578783 0.403245 0.399901
threshold=0.43000000715255743 0.096666663885116591 0.38999998569488531 0.31666666269302374 -0.10999999940395354 0.12333333492279054 -0.10999999940395354 0.38333332538604742 0.064506053924560561 -0.11666667461395262 -0.19666665792465207 -0.16333332657814023 1.0000000180025095e-35 -0.090000003576278673 0.43666666746139532 -0.43000000715255732 -0.22333332896232602 0.043333332985639579 -0.4433333277702331 0.24333333969116214 0.039961723610758788 -0.028179645538330075 0.23666667938232425 -0.45666666328907007 0.030262772925198082 0.017449099570512775 0.035115672275424011 -0.3899999856948852 -0.047021865844726556 0.01666665077209473
decision_type=2 2 2 2 2 2 2 2 2 2 2 2 2 2 2 2 2 2 2 2 2 2 2 2 2 2 2 2 2 2
left_child=1 2 3 7 -5 -4 -6 8 9 28 -10 -3 -9 20 -2 16 -13 -17 19 -18 -12 -20 -23 -19 25 -11 27 -22 -1 -30
right_child=14 11 5 4 6 -7 -8 12 10 24 13 15 -14 -15 -16 17 18 23 21 -21 26 22 -24 -25 -26 -27 -28 -29 29 -31
leaf_value=0.0054061628348742409 0.0094627924502481975 0.0033511263820284395 -0.012142516849519062 -0.0019351154608398806 0.018387822933715794 0.0019761640089558468 0 0.0091360447742399493 -0.0019783845876456697 0 0 0.0092165468938277539 -0.0012512910524933667 -0.00024696513976881434 -0.0024880227939461205 0.0030001733769819848 0.010539235999056472 -0.01451957247041823 0.00051797770662292302 -0.0049976111386278721 0 -0.016735036832444795 0 -0.0044896773801549952 0.00035234785461841838 -0.0094826114932806717 0 0.021076261482500663 -0.0043551811624857701 0.0041044475190749347
leaf_weight=29.155499988468364 29.085323967505246 22.951356447767466 12.395635759457948 8.6645510725211334 19.441128853242844 6.7515003695152691 4.3864956989418742 29.565380479209125 9.4132324864622188 23.904785775812343 4.4039281609002527 8.4335263585671765 12.064810906536875 5.6583894183859256 5.369472262216731 8.9217712290119362 8.5147544275969249 15.745029272977261 5.2527710539288828 10.016507082618771 2.4262914680875882 7.6435624156147277 3.9878719048574567 80.828539607929997 21.116770405555144 46.940090521471575 2.5627757748588911 12.438104759901758 34.138624297222123 13.523118264507501
leaf_count=1214 1651 1563 987 366 475 609 332 883 442 2527 325 232 733 558 616 635 146 382 172 171 46 279 151 6706 1323 4511 124 566 1735 684
internal_value=0.000349562 -0.000156829 0.00137044 0.00215563 0.0105488 -0.00688628 0.0154026 0.000730491 -0.000317839 -0.00208773 0.00635416 -0.00290396 0.00582241 0.00979722 0.00688961 -0.00411849 0 -0.00592664 -0.00270474 0.00195384 0.0127908 -0.00808191 -0.0122382 -0.00712231 -0.00495366 -0.00676458 0.0156305 0.0179778 0.00115166 -0.00129849
internal_weight=505.702 471.247 298.951 279.804 32.4922 19.1471 23.8276 247.312 205.682 168.779 36.9027 172.296 41.6302 27.4895 34.4548 149.344 43.849 105.495 35.4155 18.5313 21.8311 16.8842 11.6314 96.5736 91.9616 70.8449 17.4272 14.8644 76.8172 47.6617
internal_count=31144 28877 18440 16844 1173 1596 807 15671 14055 11994 2061 10437 1616 1619 2267 8874 1151 7723 919 317 1061 602 430 7088 8361 7038 736 612 3633 2419
is_linear=0
shrinkage=0.05


Tree=78
num_leaves=31
num_cat=0
split_feature=13 9 28 7 40 38 37 38 15 29 13 30 4 18 17 11 39 4 27 32 38 3 27 37 37 38 32 9 13 12
split_gain=0.587648 0.772949 0.523124 0.781081 1.03972 0.593395 0.793586 0.717221 1.24927 0.581816 0.576846 0.563294 0.564078 0.553602 0.518537 0.522903 0.52142 0.547487 0.463105 0.499043 0.452044 0.433143 0.511409 0.556028 0.591794 0.552551 0.577345 0.424395 0.422301 0.408603
threshold=0.3966666460037232 0.43000000715255743 0.17000001668930056 -1.0000000180025095e-35 0.756666660308838 -0.076637268066406236 -0.058910369873046868 -0.048531532287597649 -0.22333332896232602 -0.016666665673255917 -0.43000000715255732 0.030000001192092899 -0.40333333611488337 -0.24999999999999997 -0.48333333432674402 -0.030000001192092892 0.016299136914312843 -0.22999998927116391 -0.049999997019767754 -0.090000003576278673 -0.035460472106933587 -0.18999999761581418 0.18999999761581424 -0.06400823593139647 -0.042036056518554681 0.027276515960693363 0.096666663885116591 -0.10999999940395354 0.22333335876464847 0.32999998331069952
decision_type=2 2 2 2 2 2 2 2 2 2 2 2 2 2 2 2 2 2 2 2 2 2 2 2 2 2 2 2 2 2
left_child=1 2 5 14 21 28 9 11 10 -7 -9 12 -8 -6 -4 16 -16 -18 -10 -20 -12 -5 23 -23 -25 26 -26 -28 -1 -2
right_child=29 -3 3 4 13 6 7 8 18 -11 20 -13 -14 -15 15 -17 17 -19 19 -21 -22 22 -24 24 25 -27 27 -29 -30 -31
leaf_value=-0.0056738124458490125 0.0009048772795602763 0.0079111186826889904 0.003343059865541835 -0.011368815474783613 0.0097008650441378578 0.016876142449680925 -0.0010187933662274425 -0.00069408185600085932 -0.0065876054548133847 0 -0.0016408112358104584 -0.0010127147695418442 0.014842582937080285 -7.8225897648769881e-05 0 0 0 -0.015514216494086264 -0.0031886689324580834 0.0054125052277104284 0.010782581417601933 -0.0083651996666876342 -0.0088391243684173438 0.010932707364254252 0.0050931540978092892 0.005299378887550975 0.0022972077784201746 -0.0096560228004681867 0.0026322111028056982 -0.0082864720202276039
leaf_weight=37.382434983039275 10.090097347507252 26.592128517571837 4.7439769431948653 7.8500239949207744 27.597603492671624 9.9233886147849244 2.7952870680019322 15.280313881114123 43.96106122690253 4.0518894393462679 3.1778692468069485 6.4255093154497436 16.747678302461281 16.736654180567712 8.7283588075079006 11.554546637926249 3.6607707638759157 26.816964978352193 40.624771176138893 20.405128627549857 33.995757093187422 8.0324534315150213 11.681246791733427 9.8867178044747472 5.987114323070279 22.175190277164802 3.2605236188974187 23.329584360006272 14.500795152271165 28.513733591069467
leaf_count=2520 913 1359 77 369 705 572 95 362 3630 296 160 453 1012 1450 375 917 124 1141 3786 2321 1476 369 1086 345 205 987 140 910 662 2436
internal_value=0 0.000476374 -1.58359e-05 -0.00199758 0 0.00142405 0.00273222 0.00149219 0 0.0124184 0.00601205 0.00832352 0.0118887 0.00594321 -0.00667814 -0.00830953 -0.0107524 -0.0133796 -0.00301715 0 0.00906105 -0.00289213 -0.001124 0.0003779 0.00243653 0 -0.00391116 -0.00727011 -0.00288825 -0.00552503
internal_weight=506.51 467.906 441.314 192.042 136.537 249.272 197.389 183.413 157.445 13.9753 52.4539 25.9685 19.543 44.3343 55.5046 50.7606 39.2061 30.4777 104.991 61.0299 37.1736 92.2029 84.3528 72.6716 64.6391 54.7524 32.5772 26.5901 51.8832 38.6038
internal_count=31253 27904 26545 9200 6566 17345 14163 13295 11735 868 1998 1560 1107 2155 2634 2557 1640 1265 9737 6107 1636 4411 4042 2956 2587 2242 1255 1050 3182 3349
is_linear=0
shrinkage=0.05


Tree=79
num_leaves=31
num_cat=0
split_feature=31 19 13 25 24 24 25 15 17 14 40 3 21 37 38 35 38 19 7 21 38 21 7 13 38 38 13 2 38 12
split_gain=1.02108 0.626379 0.660952 0.631113 1.12533 0.736946 0.773143 0.630619 0.61962 0.927563 0.6065 0.668182 0.575024 0.51821 0.50525 0.491766 0.74449 0.486409 0.580519 0.617434 0.475703 0.635049 0.404857 0.611989 0.401853 0.385365 0.373885 0.349169 0.336429 0.363243
threshold=0.48333334922790533 0.030000001192092899 -0.11666667461395262 -0.063333332538604722 0.096666663885116591 -0.016666665673255917 0.33666664361953741 -0.32999998331069941 -0.4433333277702331 -0.40333333611488337 0.089999999850988402 -0.19666665792465207 -0.12333333492279051 0.064506053924560561 -0.12848138809204099 -0.31000000238418574 0.0249934196472168 -0.30333334207534784 -0.083333343267440782 0.46999999880790716 -0.033671855926513665 -0.3899999856948852 -0.24999999999999997 0.18999999761581424 0.082450389862060561 0.058087348937988288 0.42333334684371954 0.35666668415069586 0.011566162109375002 0.14999997615814212
decision_type=2 2 2 2 2 2 2 2 2 2 2 2 2 2 2 2 2 2 2 2 2 2 2 2 2 2 2 2 2 2
left_child=1 2 3 4 7 8 17 13 -5 -10 11 28 -6 -1 -4 20 -17 18 -7 -20 21 -12 23 -23 25 -18 -2 -16 29 -3
right_child=26 10 14 5 12 6 -8 -9 9 -11 15 -13 -14 -15 27 16 24 -19 19 -21 -22 22 -24 -25 -26 -27 -28 -29 -30 -31
leaf_value=0.0077310269630736757 0.01463164799005515 0 -0.0036048956045760987 0.0038677544787549031 0 0 -0.0061618512377924449 -0.0033558577983631289 -0.013605524217183695 0 -0.0066365923890292196 -0.0035502922855627367 -0.01134352309503045 -0.00358631221081428 0.0083012099729245399 -0.0097394470987629128 -0.00045044031744926791 0 0.01209967794808503 -0.0011582661876480688 -0.0055532587722038063 0 -0.00093085412428331189 0.016199562569370201 -0.0041430142379696756 0.011623720615304648 0 -0.00097526709183552273 0 0.01517692868899586
leaf_weight=32.472568368772045 10.242060705786573 3.123060148907828 6.4403251509647808 19.849690813804045 12.095529145095496 12.426484771538524 7.4670849319081745 35.361058488022536 14.197962750215082 25.605028389487416 3.1789821942802545 13.857200315920634 34.331371306208894 6.3292557883542022 50.654823789605871 53.592010699678212 6.7096379075665009 18.30064520216547 47.220083768479526 5.3704242599196723 14.610925610410048 6.1284718713723221 3.8640019986778453 10.273374447831882 20.358100249664858 5.1985116666182876 5.792969951638951 5.3356081100646398 3.8254030270036301 8.8773483831901085
leaf_count=1023 337 200 532 364 573 329 234 2624 351 1514 157 1394 1603 182 4240 5308 824 1130 1014 106 1436 274 286 315 2498 659 270 501 426 358
internal_value=0.000185841 -0.000237465 0.000924982 -9.17228e-05 -0.00279728 0.00194133 0.00473982 0.00080354 -0.00198079 -0.00556786 -0.00285767 0.00268629 -0.0084598 0.0050939 0.00532512 -0.00444086 -0.00642459 0.00634504 0.00823147 0.0103391 0 0.00433622 0.00813209 0.0110606 0 0.00555297 0.0107417 0.00700509 0.00876731 0.011829
internal_weight=503.09 487.055 333.458 271.027 120.59 150.437 90.7847 74.1629 59.6527 39.803 153.597 29.683 46.4269 38.8018 62.4308 123.914 85.8583 83.3176 65.017 52.5905 38.0558 23.4448 20.2658 16.4018 32.2662 11.9081 16.035 55.9904 15.8258 12.0004
internal_count=31062 30455 16320 11047 6005 5042 2813 3829 2229 1865 14135 2378 2176 1205 5273 11757 9289 2579 1449 1120 2468 1032 875 589 3981 1483 607 4741 984 558
is_linear=0
shrinkage=0.05


Tree=80
num_leaves=31
num_cat=0
split_feature=31 3 3 17 39 37 25 6 4 27 30 37 37 4 21 38 31 37 37 37 38 3 33 39 18 35 38 38 35 17
split_gain=0.663534 0.800214 0.662342 0.992572 0.833239 0.634033 0.522612 0.628325 0.511878 0.505872 0.68469 0.544892 0.555392 0.494963 0.487371 0.471329 0.541122 0.449879 0.799691 0.582564 0.504023 0.428834 0.480483 0.398637 0.415586 0.391272 0.387924 0.38763 0.387281 0.380027
threshold=0.48333334922790533 -0.41666667163372034 0.32999998331069952 -0.41666667163372034 0.024005748331546787 1.0000000180025095e-35 -0.28333333134651179 -0.19666665792465207 0.23666667938232425 -0.4433333277702331 -0.056666672229766839 -0.023729801177978512 -0.06939458847045897 -0.22999998927116391 0.31000000238418585 -0.047021865844726556 -0.32333332300186152 0.0071382522583007821 0.064506053924560561 0.081814765930175795 -0.050876140594482415 -0.14333333075046537 -0.17000000178813932 0.019554697908461097 0.14999997615814212 0.35000002384185797 -0.068847179412841783 -0.12848138809204099 -0.15666666626930234 0.38333332538604742
decision_type=2 2 2 2 2 2 2 2 2 2 2 2 2 2 2 2 2 2 2 2 2 2 2 2 2 2 2 2 2 2
left_child=1 6 3 13 14 8 -1 27 -6 26 11 12 23 -3 25 -16 -17 -13 20 -20 -19 -15 -23 -11 -25 -4 -5 -8 -28 -2
right_child=29 2 4 9 5 -7 7 -9 -10 10 -12 17 -14 21 15 16 -18 18 19 -21 -22 22 -24 24 -26 -27 28 -29 -30 -31
leaf_value=0.0019214083242980137 0.012709269808612103 0.012616245968385804 -0.0080714849976403335 -0.0011144078642720682 0 0 0 0 -0.017941238544172167 -0.005510912024557532 -0.0031612965197099865 0.0081576955998694019 -0.0064286700162767526 -0.0039319637456646447 -0.0035184111773305634 0.013148160800062758 0 0.0034606870062343061 0.014929079383740629 0 -0.0069302111536022493 -0.00395478217795353 0.0071198226545234229 0 0.012194286875452091 0.0027773332612417165 -0.00068615716296189253 -0.016740014384775185 0.011408086405858928 0
leaf_weight=7.4054093374870709 10.057071169838311 18.607040798058733 15.739282382186504 7.350581597536805 2.3266586596146253 11.535742598003706 2.2278274982236352 14.831047447398303 12.787622661911881 2.2478148222435292 140.67697236989625 33.071582765784115 27.9939906434156 10.404357702936975 5.287168615730482 11.844397953944284 8.0387709171045536 10.1351139487233 7.454623281722891 12.496964873978866 26.100266937632114 5.231202900176867 38.644088170258328 8.2566314807627332 7.6494452804327002 5.2842920480761668 3.2703545633703532 14.551614787895234 17.323274289257821 6.2861719124484798
leaf_count=377 343 457 1150 208 128 1051 90 1185 919 181 10011 2357 2208 262 404 349 706 607 482 939 2548 179 930 637 322 522 112 751 504 275
internal_value=0.000119336 -0.000213504 0.000365476 0.00126931 -0.00373484 -0.00987321 -0.00660222 -0.00925173 -0.015027 0 -0.000720301 0.00166544 -0.00223731 0.00626707 5.53906e-05 0.00471663 0.0081803 0.00395949 0.000537752 0.00770913 -0.00335319 0.00263671 0.00498124 0.00318232 0.006725 -0.0044083 0.00573986 -0.014501 0.00882591 0.00857669
internal_weight=505.117 488.774 449.758 376.914 72.8439 26.65 39.0159 31.6105 15.1143 304.028 276.083 135.406 46.1479 72.8867 46.1939 25.1703 19.8832 89.2586 56.187 19.9516 36.2354 54.2796 43.8753 18.1539 15.9061 21.0236 27.9442 16.7794 20.5936 16.3432
internal_count=31194 30576 28173 22944 5229 2098 2403 2026 1047 21116 20292 10281 3348 1828 3131 1459 1055 6933 4576 1421 3155 1371 1109 1140 959 1672 824 841 616 618
is_linear=0
shrinkage=0.05


Tree=81
num_leaves=31
num_cat=0
split_feature=10 37 37 19 31 37 26 31 38 39 37 39 24 35 41 14 41 37 39 9 8 8 24 41 40 13 40 3 29 40
split_gain=0.726771 0.847346 1.02663 0.963312 0.823767 0.816136 0.919656 0.871916 1.13182 0.879306 1.31117 0.866613 0.810822 0.810307 0.761553 0.733231 0.699651 0.653804 0.74244 0.548048 0.543716 0.504092 0.503601 0.485674 0.483746 0.568315 0.571153 0.46212 0.413001 0.478022
threshold=-0.030000001192092892 0.064506053924560561 0.025244712829589847 -0.18333333730697629 0.37666666507720953 0.064506053924560561 0.44333332777023321 -0.22333332896232602 0.027276515960693363 0.021850904449820522 -0.035023689270019524 0.01669745892286301 0.21666666865348819 -0.069999992847442613 0.033841431140899665 -0.29000000655651087 0.033061616122722633 -0.029016017913818356 0.017839243635535244 0.37666666507720953 -0.11666667461395262 -0.14333333075046537 0.35000002384185797 0.03026800882071257 0.86666667461395275 -0.16333332657814023 0.076666664332151427 0.34333333373069769 0.056666672229766853 0.74333333969116222
decision_type=2 2 2 2 2 2 2 2 2 2 2 2 2 2 2 2 2 2 2 2 2 2 2 2 2 2 2 2 2 2
left_child=1 2 4 -4 17 7 20 8 9 10 11 -2 15 16 23 27 -6 24 -19 28 -7 -12 -22 -10 25 -1 -27 -11 -9 -30
right_child=5 -3 3 -5 13 6 -8 19 14 12 21 -13 -14 -15 -16 -17 -18 18 -20 -21 22 -23 -24 -25 -26 26 -28 -29 29 -31
leaf_value=0 0.013507300523836144 0.0078513209781242675 0.00037185280545257854 -0.013761680247890543 0 0 0.00348838319980025 -0.0008726978892951723 0.0050311587472048509 0.014387651893175576 0.00021039985710964265 -0.0043752819893498563 -0.0046975162519466629 -0.0017952928389723681 0.013686671556887301 -0.0024722635185313335 0.016441305647584597 0.0089566592083500408 -0.00029813857709501331 0.0018149016605018835 -0.018280216922541528 -0.014400722162931229 0 -0.0085840853218761507 0.0022481257713699919 0 -0.015691471618955871 0 -0.011708581984183002 0
leaf_weight=14.845380617771296 6.1484392762649787 39.628591605927795 18.123099718242884 16.799836356891319 9.4151885821484047 6.0046228910796371 6.3469919648487112 36.879041039152071 11.648984669009225 18.303301319945607 3.1092919483780888 7.7496249489486217 13.423926895018665 9.72745593334548 21.259776454186067 7.2877561461646136 17.833581242477521 24.960783545160666 55.505172360222787 21.954524808563292 17.370207161293369 22.971023084130138 3.7112332182005039 4.414999497588723 12.57751053618267 8.6949803575407731 14.166971584549172 4.8032418643124393 32.718202121788636 14.043456974788567
leaf_count=845 208 2068 779 1591 253 436 218 3672 420 464 128 338 619 548 863 687 466 1900 3400 1903 1363 966 352 163 834 613 1222 106 2501 1136
internal_value=-0.000214731 0.00167878 0.000160851 -0.00683709 0.00194763 -0.0020702 -0.00878364 -0.000771825 0.00195015 -0.00110899 -0.00622799 0.00396693 0.0032472 0.00795322 0.00859776 0.00763894 0.0118812 0 0.0027059 -0.00405501 -0.012526 -0.0121659 -0.0155526 0 -0.00421805 -0.0069594 -0.0110712 0.0115391 -0.00589302 -0.00882902
internal_weight=502.427 242.279 202.65 34.9229 167.727 260.149 33.4331 226.716 121.12 83.7966 39.9784 13.8981 43.8182 36.9762 37.3238 30.3943 27.2488 130.751 80.466 105.595 27.0861 26.0803 21.0814 16.064 50.2848 37.7073 22.862 23.1065 83.6407 46.7617
internal_count=31062 14519 12451 2370 10081 16543 2369 14174 4962 3516 1640 546 1876 1267 1446 1257 719 8814 5300 9212 2151 1094 1715 583 3514 2680 1835 570 7309 3637
is_linear=0
shrinkage=0.05


Tree=82
num_leaves=31
num_cat=0
split_feature=17 9 24 9 40 29 3 27 19 23 23 25 0 9 6 32 30 16 20 39 23 0 37 14 29 16 31 31 15 39
split_gain=0.585923 0.758404 0.942277 0.902315 0.724439 0.582601 0.824757 0.669849 0.690607 0.622554 0.739897 0.684368 0.675514 0.5288 0.511702 0.953207 0.507766 0.523213 0.416682 0.411923 0.395686 0.360281 0.358604 0.355404 0.333171 0.673887 0.584082 0.445412 0.388892 0.327502
threshold=-0.4433333277702331 0.22333335876464847 0.30500000715255743 0.38999998569488531 0.11666666716337205 -0.3899999856948852 -0.10333332419395445 -0.4433333277702331 -0.43000000715255732 0.01666665077209473 0.20999997854232791 -0.17000000178813932 -0.17000000178813932 0.056666672229766853 -0.14333333075046537 -0.19666665792465207 -0.3899999856948852 -0.33666665852069849 0.38333332538604742 0.023912034928798679 0.38333332538604742 -0.25666666030883784 0.15337324142456057 -0.15666666626930234 -0.48333333432674402 0.41666668653488165 0.24333333969116214 0.31666666269302374 0.35000002384185797 0.030262772925198082
decision_type=2 2 2 2 2 2 2 2 2 2 2 2 2 2 2 2 2 2 2 2 2 2 2 2 2 2 2 2 2 2
left_child=1 2 14 4 -3 6 24 8 -7 12 11 -11 16 -13 15 -1 -9 -18 -8 -12 -5 -19 -21 -23 -2 26 -26 -27 -28 -10
right_child=5 3 -4 20 -6 7 18 9 29 10 19 13 -14 -15 -16 -17 17 21 -20 22 -22 23 -24 -25 25 27 28 -29 -30 -31
leaf_value=0.010699806720995448 -0.00069350856909870698 0.0029496101960695895 -0.0059734770240387133 0.009513097654825331 -0.012783006279425966 -0.004262437998452797 -0.0078384172776611426 0.0081635463481434089 0.0095467122474040007 -0.0030873596812082539 0 0.009595029144943772 -0.0077591657395160779 -0.00018557782446658786 0.013653010018569637 -0.0095064443194017578 0.0037754619097271238 -0.0077799508954533615 0.0045347615137900877 -0.0083253005463257198 -0.0017576718438796473 -0.005614997907605627 0.0025778989253457912 0.006167598076250877 0.007193336032801631 0 -0.011923771297799184 0.017310038078221467 0.0011215207691027652 -0.00047114149714792955
leaf_weight=5.6077664764598012 5.9638568640220901 4.998005511704835 4.7801931574940673 11.732658428838478 14.837229670491068 11.947407252155243 15.699237824184822 6.3916038277093312 24.060813470277939 20.430071355774999 54.268268662970513 32.249725073808804 92.589277731487527 13.779824428027494 25.860605792375281 5.6638664829079044 14.307105804560704 33.692014946835116 2.5346706700511268 37.579304193262942 5.6039820606820276 4.9284682949073604 2.3339584833011022 8.3045875099487585 11.07129845255986 3.7077714875340488 4.813834024127571 13.262854706030337 4.0478160746861249 4.3139969420153639
leaf_count=141 285 95 112 213 324 228 1088 310 771 1748 4407 2082 7332 1165 534 129 495 3113 150 3021 117 307 99 865 675 299 232 344 175 210
internal_value=-0.000503058 0.003212 0.0074911 -0.0014043 -0.00808673 -0.00129244 0.0028697 -0.00210004 0.00335957 -0.00291172 -0.000495821 0.00319816 -0.00507832 0.00650278 0.0103939 0 -0.000734982 -0.00268133 -0.00438992 -0.00338747 0.00528339 -0.00532716 -0.00688966 9.67927e-05 0.00662908 0.00832665 0.000197692 0.0142406 -0.0062357 0.00747997
internal_weight=501.362 79.0843 41.9124 37.1719 19.8352 422.278 61.1013 361.176 40.3222 320.854 160.641 66.4596 160.213 46.0295 37.1322 11.2716 67.6238 61.2322 18.2339 94.1815 17.3366 46.9251 39.9133 13.2331 42.8674 36.9036 19.9329 16.9706 8.86165 28.3748
internal_count=31066 1665 916 749 419 29401 3248 26153 1209 24944 12522 4995 12422 3247 804 270 5090 4780 1238 7527 330 4285 3120 1172 2010 1725 1082 643 407 981
is_linear=0
shrinkage=0.05


Tree=83
num_leaves=31
num_cat=0
split_feature=14 33 4 25 25 39 37 41 30 38 33 38 10 37 39 39 38 31 23 35 37 37 36 8 39 26 38 38 24 24
split_gain=0.687195 0.956064 0.608013 0.616565 0.759429 0.607708 0.603869 0.481365 0.483555 0.626089 0.423941 0.856772 0.733875 0.631804 0.690967 0.817673 0.677878 0.647187 0.508569 0.507433 0.48284 0.474467 0.415907 0.412993 0.404632 0.371572 0.357053 0.36729 0.352403 0.361867
threshold=-0.48333333432674402 0.32999998331069952 -0.22333332896232602 -0.25666666030883784 -0.04333332180976867 0.0336068943142891 -0.0028367042541503902 0.040086608380079276 -0.049999997019767754 -0.047021865844726556 0.37000000476837164 0.041270732879638679 0.069999992847442641 0.064506053924560561 0.021048448048532013 0.030262772925198082 0.027276515960693363 -0.2766666561365127 -0.21666666865348813 0.32999998331069952 0.035737037658691413 -0.027381420135498043 -0.24999999999999997 -0.083333343267440782 0.038431016728281982 0.2833333313465119 0.012786865234375002 -0.093913078308105455 -0.30333334207534784 0.38999998569488531
decision_type=2 2 2 2 2 2 2 2 2 2 2 2 2 2 2 2 2 2 2 2 2 2 2 2 2 2 2 2 2 2
left_child=1 6 3 5 -5 26 -1 8 9 -6 12 19 13 14 16 -16 28 -18 -17 -12 -13 -14 -23 -15 -7 -9 27 -2 -4 -30
right_child=2 -3 10 4 7 24 -8 25 -10 -11 11 20 21 23 15 18 17 -19 -20 -21 -22 22 -24 -25 -26 -27 -28 -29 29 -31
leaf_value=0 0 -0.0019268606221058149 -0.0024870714718990485 -0.0055634183197738434 0.016359355397221609 -0.010429516916597187 0.019246134663694514 -0.0056755432038509811 0 4.7905985193382993e-05 0.0038117513872183736 0.015725405478434699 0 0.0091410824603847217 -0.0080761004268279386 -0.0071168872088639605 0.0053283032128313805 -0.0089105124091631641 0.0048759136933650181 -0.0075500658060912527 0 0.00030409224463355387 -0.0085921707439984996 -0.00054930154042412958 0.0034379287883214097 0.0041551370804362294 0 0.016470665847113 0.0085410264143605408 -0.0020454143902562147
leaf_weight=7.9409876316785857 4.519088558387014 11.728784422390161 4.5590045212302348 30.766369398450479 11.441024448489772 2.3843565918505183 9.1285742912441492 17.409726475365463 22.894620166858658 13.788303340552373 11.086107325972991 8.7163170746061933 36.478956991340965 21.332229370018471 51.506475567119196 5.5405920296907452 5.2941874323878464 16.033786374377087 25.217325186124071 13.982893432606941 5.5214619399048379 9.1260027603711915 65.884325596038252 9.8562723714858276 5.5562135842628777 8.3614155796822143 10.187182354740797 15.235293530393394 38.055244765942916 3.0955219720490268
leaf_count=109 211 192 442 1600 429 136 122 1284 1557 1101 841 569 2160 1060 3700 269 220 1476 1449 1088 474 763 4140 779 218 372 824 695 2534 299
internal_value=0.000336232 0.00713157 -0.000108684 0.00250079 0.000157305 0.00749892 0.0133218 0.00309098 0.00591501 0.00996729 -0.0013301 0.00300421 -0.00204624 0 -0.00144293 -0.00446781 0.00198881 -0.00406739 0.0012264 -0.00195514 0.0109624 -0.00512203 -0.00725886 0.00581191 -0.00162944 -0.00151676 0.0104832 0.0137123 0.00544214 0.00705551
internal_weight=502.629 28.7983 473.83 142.544 104.661 37.8821 17.0696 73.8951 48.1239 25.2293 331.287 39.3068 291.98 180.491 149.302 82.2644 67.0377 21.328 30.7579 25.069 14.2378 111.489 75.0103 31.1885 7.94057 25.7711 29.9416 19.7544 45.7098 41.1508
internal_count=31113 423 30690 8427 6343 2084 231 4743 3087 1530 22263 2972 19291 12228 10389 5418 4971 1696 1718 1929 1043 7063 4903 1839 354 1656 1730 906 3275 2833
is_linear=0
shrinkage=0.05


Tree=84
num_leaves=31
num_cat=0
split_feature=4 39 37 39 32 25 32 38 25 19 17 15 17 36 41 4 38 13 16 30 25 36 37 3 3 40 19 31 32 39
split_gain=0.423921 1.04541 0.882906 0.78665 1.03492 0.772376 0.76737 0.972388 0.794987 0.96075 0.694213 0.637432 0.57031 0.713668 0.461627 0.801196 0.500401 0.452821 0.451699 0.451638 0.408368 0.511173 0.490565 0.394857 0.387616 0.493704 0.434537 0.40968 0.369969 0.454629
threshold=-0.21000000834465024 0.024005748331546787 -0.013422966003417967 0.024197591468691829 0.31000000238418585 -0.31666666269302363 0.29666668176651007 0.014066219329833986 0.043333351612091071 -0.29666668176650995 -0.12333333492279051 -0.15000000596046445 -0.41666667163372034 0.25000000000000006 0.031935412436723716 -0.11666667461395262 0.0249934196472168 0.17666667699813846 -0.48333333432674402 -0.36333334445953364 -0.04333332180976867 0.043333351612091071 -0.033434391021728509 -0.11666667461395262 0.22333335876464847 0.54333335161209118 -0.3899999856948852 -0.236666664481163 0.12333333492279054 0.017839243635535244
decision_type=2 2 2 2 2 2 2 2 2 2 2 2 2 2 2 2 2 2 2 2 2 2 2 2 2 2 2 2 2 2
left_child=1 5 10 4 14 -1 8 -8 19 -10 -3 18 13 -7 24 -16 28 -4 -6 -5 -14 22 -22 -12 27 26 -26 -2 -17 -30
right_child=3 2 17 6 11 12 7 -9 9 -11 23 -13 20 -15 15 16 -18 -19 -20 -21 21 -23 -24 -25 25 -27 -28 -29 29 -31
leaf_value=0.0062001522407495076 0.0043041941119952897 0 0.0036173110714577297 0.0019474475883508304 0 0.0117755044776451 -0.016797104509815936 0 0.01027123386020997 -0.0028426782446459246 0.016877594037388918 -0.00013247820439929388 -0.011635306393312209 -0.0056828158972964272 -0.0075496196706467929 0.008620332169425305 -0.00088554635604805223 -0.0066465626393812788 0.013104392054494743 -0.0067265495412517353 -0.0045313667496367912 -0.0068057850428382876 0.0082287208225672297 0 -0.019841549819871782 0 0 -0.0045785643227314859 0.0068963012438792957 -0.0055399139919767304
leaf_weight=16.636870651971549 15.410876687150447 7.7800109207164487 32.474556937813759 11.520387757336719 5.0915755126625326 6.2354139934759569 16.282751993159767 11.409872318617998 19.491937645711005 22.181613588239998 22.099756928160787 14.226779206888748 18.707155420677736 4.036648167995736 15.631591241108252 34.317422210471705 36.541387264616787 8.3948066821321827 24.827304437989369 55.96859229169786 5.2357516137417432 19.708485041512176 12.048208310035987 2.6663907987531301 5.4410571865737447 7.4552269231062374 6.5107252048328528 24.450922904768959 7.2077474221587208 10.566166036529465
leaf_count=985 585 412 1416 590 85 151 1249 856 438 1901 888 1700 1208 103 1044 2198 2483 688 1156 3707 287 1823 773 165 133 473 597 2113 344 588
internal_value=-1.38548e-05 0.00205066 0.00622931 -0.0010392 0.000805684 -0.00155118 -0.00393008 -0.0106979 -0.00152821 0.00328741 0.0117056 0.00716084 -0.00420721 0.00381278 -0.000955138 0.000869514 0.00300305 0.000394681 0.0107677 -0.0048676 -0.00631838 -0.00179953 0.00311804 0.0151023 -0.00433291 -0.00927063 -0.0137982 -0.000485479 0.00597093 0
internal_weight=500.558 156.024 73.4155 344.534 207.679 82.6085 136.855 27.6926 109.163 41.6736 32.5462 44.1457 65.9717 10.2721 163.533 104.264 88.6327 40.8694 29.9189 67.489 55.6996 36.9924 17.284 24.7661 59.2688 19.407 11.9518 39.8618 52.0913 17.7739
internal_count=31139 8899 3569 22240 13499 5330 8741 2105 6636 2339 1465 2941 4345 254 10558 6657 5613 2104 1241 4297 4091 2883 1060 1053 3901 1203 730 2698 3130 932
is_linear=0
shrinkage=0.05


Tree=85
num_leaves=31
num_cat=0
split_feature=24 11 6 37 27 15 28 9 40 9 30 19 30 26 39 40 24 36 30 13 41 7 16 37 29 30 11 32 37 37
split_gain=0.631903 0.631078 0.976772 0.688413 0.695227 0.661292 1.16975 0.622697 0.620486 0.507216 0.760144 0.477818 0.543304 0.573203 0.712907 0.658888 0.464996 0.454641 0.444935 0.415309 0.556831 0.409396 0.420678 0.40857 0.408227 0.430985 0.351478 0.346608 0.334672 0.314166
threshold=0.44333332777023321 0.14999997615814212 -0.236666664481163 0.025244712829589847 -0.12333333492279051 -0.46999999880790705 0.2883333563804627 0.32999998331069952 0.85666668415069591 0.43666666746139532 0.44833332300186163 0.096666663885116591 -0.3899999856948852 0.31666666269302374 0.021112410351634029 0.86666667461395275 -0.13666665554046628 0.25000000000000006 0.31666666269302374 -0.43000000715255732 0.031935412436723716 -0.15666666626930234 -0.40333333611488337 -0.01895046234130859 -0.46999999880790705 -0.4433333277702331 -0.36333334445953364 -0.083333343267440782 0.073786735534667983 0.068413257598876967
decision_type=2 2 2 2 2 2 2 2 2 2 2 2 2 2 2 2 2 2 2 2 2 2 2 2 2 2 2 2 2 2
left_child=1 5 3 4 -3 6 -1 -8 -4 10 11 12 -7 14 18 16 -16 28 -14 20 -15 -17 -23 -9 -6 -26 -12 -10 -18 -2
right_child=29 2 8 -5 24 9 7 23 27 -11 26 -13 13 19 15 21 17 -19 -20 -21 -22 22 -24 -25 25 -27 -28 -29 -30 -31
leaf_value=-0.0078363160652331152 -0.010106423555277572 0.017363382153465046 -0.0033000398908234565 -0.0012362034853491267 -0.0047477183844256768 0.0079473905193104526 0.012775386011352717 0.0065561246826299673 -0.0016721368155290539 0.006179114368960641 -0.016975511316454323 -0.0057306438374504481 -0.00079103718340597982 0.0050030654352207354 -0.00071049757019543236 -0.0049853055886826111 -0.014121242625863721 0.00028476637919444125 0.0081942598962214067 0.0045468107472958538 -0.0092515475036547262 -0.0026361103673687727 0.009951565309273231 -0.0057683182465333898 0.012721260373095695 0 0 0.0091840192047101567 0 0.0011417404348940934
leaf_weight=8.0364021002314967 16.23753140214831 17.507918074959889 52.28694171179086 10.025062438100575 4.5383519562892607 12.189380700467153 22.679027282167226 6.8412107680924228 3.7071692843455848 12.939905440900473 6.385287712328136 44.578698180965148 58.858531968900934 4.6386108566075555 23.666373755782836 8.1436245283111948 32.478114455239854 3.7836436075158408 10.680259532527996 55.910911401733756 9.7813099110499007 3.4385219444520763 10.931640652241184 8.1095296503044647 7.4246852616779533 15.01512439758517 5.9801560735795629 14.861500453087499 7.1606801026500753 2.0323682636953881
leaf_count=133 1641 609 5011 730 185 757 372 130 360 684 132 4326 4281 95 1711 542 2218 239 447 1956 222 104 784 136 172 1056 174 1358 344 201
internal_value=0 0.000413067 0.00340893 0.00809451 0.0105894 -0.000608472 0.0045328 0.00846179 -0.000221045 -0.00151221 -0.00204273 -0.00128301 -0.000242659 -0.000975297 -0.00268483 -0.00553074 -0.00789257 -0.0107397 0.000799283 0.00247241 -0.00331911 0.000810312 0.00582299 0 0.00307602 0.0062052 -0.0121033 0.00612002 -0.0122389 -0.00785216
internal_weight=500.848 482.579 125.367 54.5111 44.4861 357.212 45.6662 37.6298 70.8556 311.546 298.606 286.24 241.662 229.472 159.141 89.6026 67.0888 43.4224 69.5388 70.3308 14.4199 22.5138 14.3702 14.9507 26.9782 22.4398 12.3654 18.5687 39.6388 18.2699
internal_count=31110 29268 9481 2752 2022 19787 771 638 6729 19016 18332 18026 13700 12943 10670 5942 4512 2801 4728 2273 317 1430 888 266 1413 1228 306 1718 2562 1842
is_linear=0
shrinkage=0.05


Tree=86
num_leaves=31
num_cat=0
split_feature=9 10 0 6 16 7 38 9 24 29 26 24 30 27 27 3 5 27 31 13 26 29 38 38 13 24 8 22 29 1
split_gain=0.6069 0.772181 0.544422 0.523556 0.808011 0.796238 0.645683 0.636836 0.506603 0.470191 0.620383 0.57976 0.48303 0.73675 1.11191 0.63576 0.52088 0.475208 0.7179 0.442401 0.43079 0.522617 0.39414 0.391119 0.426444 0.805442 0.93039 0.365895 0.506999 0.42467
threshold=0.43000000715255743 0.096666663885116591 -0.33666665852069849 -0.04333332180976867 -0.29000000655651087 0.3966666460037232 0.10286664962768556 0.069999992847442641 0.4499999880790711 0.31666666269302374 -0.40333333611488337 -0.10999999940395354 -0.31000000238418574 -0.3899999856948852 0.096666663885116591 0.17000001668930056 -0.016666665673255917 -0.48333333432674402 -0.12333333492279051 0.38333332538604742 -0.15000000596046445 -0.43000000715255732 -0.079872131347656236 -0.11537122726440428 -0.14333333075046537 -0.21000000834465024 -0.0099999904632568342 0.23666667938232425 -0.023333340883255001 0.29000002145767217
decision_type=2 2 2 2 2 2 2 2 2 2 2 2 2 2 2 2 2 2 2 2 2 2 2 2 2 2 2 2 2 2
left_child=1 8 -3 4 6 7 -4 -5 9 12 -11 -12 13 -1 15 16 -15 -13 -19 -2 21 22 -16 -9 25 -25 -27 28 -14 -29
right_child=19 2 3 5 -6 -7 -8 23 -10 10 11 17 27 14 20 -17 -18 18 -20 -21 -22 -23 -24 24 -26 26 -28 29 -30 -31
leaf_value=-0.0081195560095738018 0.0088930032940107186 0.0024497930445389468 0.010273613053694626 0 -0.0058617498270602626 0.0022503976197256223 -0.0033167420520701925 0 -0.0084082202530248694 -0.0054977874787964951 -0.00045590020867331395 0 0.000850139833571249 0.014790654829214593 -0.00030199397845449388 -0.00092060693609114636 0 0.018188967215153458 0 -0.0011651168037096953 -0.007430143694359086 -0.0014849877191876583 0.013248200933548974 0 -0.0017756732036518436 0 -0.020542983890022116 0.00649475048603965 -0.0049477862472664148 -0.0027521171431848807
leaf_weight=5.1643742411397389 26.418903031153604 27.647100008442067 17.284685245016593 13.094761431450022 24.159219981171191 14.680651331320403 6.7561312774196258 8.5855225704144669 6.6220559286884955 2.5379154777619979 7.0930087433662292 3.5424482636153725 60.624058122280985 30.552956041414291 2.9320037895813584 5.5122242032084605 3.966047814814373 16.796124844811864 4.245616475353013 8.6219053473323566 9.8750538842286897 22.321339539950717 7.8425099228043056 7.3278798062819979 15.336864881799562 4.5047539793886271 26.80962106632068 25.469828940345906 69.129407104570419 11.572219958761705
leaf_count=134 1270 1767 501 853 2489 1065 171 430 632 128 330 54 4772 1243 83 403 283 450 392 982 546 1478 371 295 1725 150 863 1713 4462 974
internal_value=0.00013833 -0.000324115 -0.00303298 -0.00435637 0 -0.00648529 0.00572252 -0.00852728 0.001145 0.00161492 0.00672637 0.00908882 0.000694304 0.00361321 0.00512227 0.010541 0.0128535 0.0122093 0.0145783 0.0060005 -8.82122e-05 0.0022671 0.0092814 -0.0104796 -0.0119098 -0.0145928 -0.0175708 -0.000775811 -0.00213685 0.00304418
internal_weight=497.027 461.986 166.187 138.54 48.2 90.3401 24.0408 75.6594 295.799 289.177 34.2151 31.6772 254.962 88.1665 83.0021 40.0312 34.519 24.5842 21.0417 35.0408 42.9709 33.0959 10.7745 62.5646 53.9791 38.6423 31.3144 166.796 129.753 37.042
internal_count=31009 28757 10309 8542 3161 5381 672 4316 18448 17816 1354 1226 16462 4541 4407 1929 1526 896 842 2252 2478 1932 454 3463 3033 1308 1013 11921 9234 2687
is_linear=0
shrinkage=0.05


Tree=87
num_leaves=31
num_cat=0
split_feature=25 4 40 31 39 40 29 31 0 39 25 37 37 9 29 37 36 29 17 41 32 31 8 9 37 38 37 8 0 13
split_gain=0.537405 0.671791 1.22166 0.906754 0.837376 0.733573 0.570205 0.561159 0.580391 0.528664 0.778444 0.68868 0.685881 0.674764 0.931568 0.690893 0.598261 0.52213 0.531422 0.517179 0.499065 0.459895 0.459827 0.440226 0.589056 0.423553 0.689126 0.527923 0.404161 0.394333
threshold=0.33666664361953741 -0.36333334445953364 0.86666667461395275 -0.24333333969116208 0.027028502896428112 0.10333333536982538 -0.48333333432674402 -0.28333333134651179 0.35666668415069586 0.021494119428098205 -0.2766666561365127 -0.06939458847045897 0.068413257598876967 0.32999998331069952 0.31666666269302374 -0.022203922271728512 -0.030000001192092892 -0.35000000894069666 0.030000001192092899 0.040580337867140777 0.030000001192092899 0.45666664838790899 0.069999992847442641 -0.30333334207534784 0.050316810607910163 0.0249934196472168 0.035737037658691413 0.14999997615814212 -0.22999998927116391 0.38333332538604742
decision_type=2 2 2 2 2 2 2 2 2 2 2 2 2 2 2 2 2 2 2 2 2 2 2 2 2 2 2 2 2 2
left_child=1 2 6 4 9 28 -1 8 -6 13 -11 -12 16 14 -3 -15 -13 -8 -19 -4 -16 22 23 24 -7 27 -27 -2 -5 -23
right_child=25 3 19 5 7 21 17 -9 -10 10 11 12 -14 15 20 -17 -18 18 -20 -21 -22 29 -24 -25 -26 26 -28 -29 -30 -31
leaf_value=-0.0034422647551068789 0 -0.0013645468680563563 0.0011711073165049876 0 -0.010056497942474256 -0.006909798554516712 0.015916964310019099 0.0054657468803773861 0.0032046731718795777 -0.0024380448489229089 -0.00073865379676552587 0.00022680282763795352 0 0.0035340398862607307 -0.00038332866668481928 -0.013007250367641318 0.020426973829930167 0.00834736202068149 -0.0032507521350034598 -0.012519975687592794 0.01262258668851908 0.010541642339773423 -0.0052107254575112366 0.002452665716111746 0.0039711876105653476 0.0077138787385949261 -0.0061486582178377786 -0.010802875364153128 -0.0098484778372936246 -0.0011041393241085454
leaf_weight=2.694558094488456 11.971230037743224 29.677235955139622 7.9983297623693925 13.446712708333505 21.859600194962699 31.666103342548013 20.409791823942211 5.9826491991989306 4.9218078849371514 6.7268407286610445 5.1498850993812075 7.4255319116637137 4.5511519385036072 4.5234420157503328 4.6655590457376119 8.080073193414135 19.973343605408449 14.813420661492279 10.318100037053226 5.7083374714711681 22.754776637535542 10.363166806520892 48.848488917807117 79.278177318396047 10.718637194717301 11.877302420325579 11.460019482299684 24.264027297263965 33.635926332557574 5.2110349268186829
leaf_count=104 926 1375 405 964 874 2211 772 245 190 357 207 284 154 155 100 298 567 696 709 302 508 428 4288 6228 614 1058 1029 2198 2629 280
internal_value=0 0.000650433 0.00523871 -0.00010358 0.0028454 -0.00208329 0.00896318 -0.00334524 -0.00671628 0.00491941 0.00900664 0.0117123 0.0141775 0.00150903 0.00412358 -0.00650161 0.0167252 0.0104975 0.00307377 -0.00533802 0.00999006 -0.000444582 -0.00139092 0.000119741 -0.0034902 -0.00419552 0.000189099 -0.00723705 -0.00730672 0.00626286
internal_weight=500.975 441.403 61.9425 379.46 146.292 233.168 48.2359 32.7641 26.7814 113.528 43.8268 37.0999 31.95 69.7011 57.0976 12.6035 27.3989 45.5413 25.1315 13.7067 27.4203 186.086 170.511 121.663 42.3847 59.5726 23.3373 36.2353 47.0826 15.5742
internal_count=31155 25944 2988 22956 5314 17642 2281 1309 1064 4005 1569 1212 1005 2436 1983 453 851 2177 1405 707 608 14049 13341 9053 2825 5211 2087 3124 3593 708
is_linear=0
shrinkage=0.05


Tree=88
num_leaves=31
num_cat=0
split_feature=31 4 17 4 15 4 22 38 24 26 26 41 21 30 2 29 36 10 30 38 20 38 20 26 10 10 41 31 11 20
split_gain=0.585614 0.512456 0.470819 0.789085 0.712539 0.45968 0.436028 0.422032 0.406256 0.344413 0.41074 0.611718 0.574188 0.680277 0.748794 0.585966 0.491297 0.430828 0.472342 0.403419 0.447168 0.396604 0.359203 0.342639 0.32912 0.297811 0.293216 0.287977 0.340033 0.285743
threshold=0.48333334922790533 0.38333332538604742 -0.41666667163372034 0.23666667938232425 -0.48333333432674402 0.32999998331069952 -0.04333332180976867 0.01506328582763672 0.096666663885116591 0.45666664838790899 -0.30333334207534784 0.040580337867140777 -0.32999998331069941 -0.32333332300186152 -0.30333334207534784 0.31000000238418585 -0.11666667461395262 0.38333332538604742 0.37666666507720953 0.22018671035766604 -0.33666665852069849 -0.071167945861816392 0.10833334922790529 0.01666665077209473 0.056666672229766853 0.37000000476837164 0.025211600586771968 -0.31000000238418574 -0.4433333277702331 -0.29000000655651087
decision_type=2 2 2 2 2 2 2 2 2 2 2 2 2 2 2 2 2 2 2 2 2 2 2 2 2 2 2 2 2 2
left_child=1 2 3 4 -1 -5 23 29 24 10 11 -4 25 14 -14 19 -13 18 -17 20 -15 -11 -16 -6 -2 -12 -22 28 -8 -3
right_child=8 7 9 5 6 -7 27 -9 -10 21 12 16 13 15 22 17 -18 -19 -20 -21 26 -23 -24 -25 -26 -27 -28 -29 -30 -31
leaf_value=-0.0027565894100489347 0.015334691185979516 0 -0.0013312166869557732 -0.0082249875341930262 0 0.0028533637488796539 -0.00012723943821543119 0 -7.4755944921082581e-05 -0.0026078078925325572 -0.0083810765902854138 0.011939341761402718 0.01104007976180308 0.0021370415982236621 -0.0043395183064976438 0 0 -0.00464053328221967 0.011974338113863092 0.0033310814269262067 0.00093347447110620591 0.0075782307344894901 0.0044075781322603603 0.015613560835875229 0 0 -0.0064047254665853927 -0.0025034133977976515 0.010110876278959405 -0.011146902757248736
leaf_weight=10.935836050659416 7.9721434332896042 5.2878868458792594 36.795475178398192 13.806790806353094 7.5725278756581273 9.0305872382596117 7.3390445173718062 18.947345145512372 5.1992457392625502 6.7233151388354626 38.146524069365114 15.323351885424929 16.4721494987607 13.163984961807726 20.537181480554864 13.057598467683425 9.9674044447019678 5.0525326479692003 10.651745073962955 9.9490247196517867 7.341137266252189 20.090941334143281 14.501321042655034 19.579830770613626 3.2622532560490072 6.7397663528099647 106.61875511787366 9.7492961236275715 9.7857364781666565 18.46825178549625
leaf_count=165 171 513 3196 333 333 188 139 1567 257 202 2781 798 661 1058 1313 816 900 323 491 600 627 625 940 420 192 629 8699 340 262 1487
internal_value=0.000102043 -0.000212755 0.000269789 0.00345498 0.00625824 -0.00329513 0.00859261 -0.00510815 0.00803186 -0.000501322 -0.00104015 0.00229272 -0.00195609 -0.000686846 0.00388271 -0.00233772 0.00760841 0.0032523 0.00637327 -0.0037726 -0.00464142 0.00425252 0 0.0127382 0.0119541 -0.00680498 -0.00570056 0.0020832 0.00574753 -0.00884113
internal_weight=498.069 481.635 438.932 87.7996 64.9623 22.8374 54.0264 42.7035 16.4336 351.132 324.318 62.0862 262.232 217.345 51.5107 165.835 25.2908 28.7619 23.7093 137.073 127.124 26.8143 35.0385 27.1524 11.2344 44.8863 113.96 26.8741 17.1248 23.7561
internal_count=31026 30406 26839 2180 1659 521 1494 3567 620 24659 23832 4894 18938 15528 2914 12614 1698 1630 1307 10984 10384 827 2253 753 363 3410 9326 741 401 2000
is_linear=0
shrinkage=0.05


Tree=89
num_leaves=31
num_cat=0
split_feature=25 24 12 22 25 31 21 4 24 40 15 6 18 23 18 16 41 6 26 27 38 21 23 40 26 22 9 33 33 22
split_gain=0.609213 0.756286 1.01286 0.661528 0.520574 0.561336 0.555879 0.519658 0.825934 0.699929 0.489254 0.509838 0.486571 0.432358 0.402976 0.516626 0.380246 0.540129 0.872797 0.440706 0.374429 0.359664 0.351973 0.647691 0.493832 0.425059 0.401957 0.333652 0.317953 0.313311
threshold=-0.049999997019767754 -0.069999992847442613 0.41666668653488165 -0.11666667461395262 0.32999998331069952 -0.35000000894069666 0.47666668891906744 0.17000001668930056 0.17000001668930056 0.56333333253860485 -0.40333333611488337 0.2833333313465119 -0.10999999940395354 0.32999998331069952 -0.40333333611488337 0.37000000476837164 0.027052928693592552 -0.056666672229766839 -0.29666668176650995 -0.12333333492279051 -0.022348880767822262 -0.32999998331069941 -0.12999999523162839 0.31333333253860479 -0.31666666269302363 0.081666648387908949 0.16333335638046267 1.0000000180025095e-35 0.38333332538604742 -0.15000000596046445
decision_type=2 2 2 2 2 2 2 2 2 2 2 2 2 2 2 2 2 2 2 2 2 2 2 2 2 2 2 2 2 2
left_child=7 3 4 14 5 6 27 9 -9 22 11 -5 -12 21 -2 -16 -11 18 -18 -19 -17 -7 23 24 -1 -24 29 -3 -29 -26
right_child=1 2 -4 10 -6 13 -8 8 -10 16 12 -13 -14 -15 15 20 17 19 -20 -21 -22 -23 25 -25 26 -27 -28 28 -30 -31
leaf_value=0.0038569169112351053 0.0087281516816250758 0 -0.0060900188206853712 -0.016930602014349063 -0.0010235002817022562 -0.0010043340630087724 -0.00049276581243769941 0 -0.011413823939844352 0.0029165589446869273 0.0026899690855325979 0 -0.0060250059116830302 -0.0021630411359831892 -0.0041713360454980822 0.012266939026035151 0.0026312244571107075 0.0063540955684380923 -0.011693901129339849 -0.0054027199521726015 -0.0011420053779515121 0.006499093127266104 0.0084874897963868393 0.006776367326108864 -0.015034032008542163 0 0.00037756378074285608 0.017300183296417214 0 -0.00059692541703364871
leaf_weight=6.2071722999680778 11.650223536649717 5.4717187595088026 16.671989906462841 7.9377946215681714 22.067169186891988 11.829799951985477 4.4140610089525572 30.79884763690643 26.34640626818873 8.4764614619780314 24.886646688682958 6.1773624359630048 24.005337431910448 18.729203162132762 24.439548338064924 5.209253266453743 8.3821899886243028 11.175912253791468 34.115157587686554 8.0764905156102014 2.6221809585113069 63.606000907951966 28.318704405799508 12.945096914423628 9.8807393109891581 19.300753466552123 6.2931795248296103 22.604871237417687 5.7373997210524967 10.770461504580455
leaf_count=387 273 184 1808 186 1617 746 98 1979 1932 528 1659 156 2410 1274 2171 219 599 468 2147 727 274 3594 1825 636 532 1287 374 460 140 550
internal_value=0 0.0015226 0.00358155 -0.00156645 0.00496996 0.00615065 0.0111972 -0.00195112 -0.00583389 -0.000292404 -0.00480578 -0.0116298 -0.00132439 0.00330433 0.00259883 0 -0.00401374 -0.00550812 -0.00837695 0.000320209 0.00742198 0.00502812 0.00231919 -0.000358177 -0.00439417 0.00512725 -0.00741009 0.0131954 0.0150382 -0.010272
internal_weight=499.148 278.061 171.132 106.928 154.46 132.393 38.2281 221.088 57.1453 163.942 63.0071 14.1152 48.892 94.165 43.9212 32.271 70.2262 61.7498 42.4973 19.2524 7.83143 75.4358 93.7161 46.0966 33.1516 47.6195 26.9444 33.814 28.3423 20.6512
internal_count=31240 17269 9921 7348 8113 6496 882 13971 3911 10060 4411 342 4069 5614 2937 2664 4469 3941 2746 1195 493 4340 5591 2479 1843 3112 1456 784 600 1082
is_linear=0
shrinkage=0.05


Tree=90
num_leaves=31
num_cat=0
split_feature=19 40 32 8 41 39 36 10 41 7 36 26 13 21 26 39 38 2 7 40 17 26 3 16 3 23 26 9 37 35
split_gain=0.575242 0.595926 0.935724 0.539928 0.783054 0.689648 0.558762 0.435717 0.419078 0.413807 0.741243 0.710895 0.594729 1.07738 0.775674 0.701538 0.932453 0.634397 0.483078 0.468876 0.412985 0.39776 0.361201 0.333642 0.422502 0.332819 0.330898 0.328153 0.322965 0.315561
threshold=-0.46999999880790705 0.85666668415069591 0.35000002384185797 -0.10999999940395354 0.039547588676214225 0.013734275940805675 0.11000001430511476 -0.0099999904632568342 0.035905381664633758 -0.036666661500930779 -0.36333334445953364 -0.29000000655651087 -0.11666667461395262 -0.32999998331069941 -1.0000000180025095e-35 0.019278466701507572 0.098306179046630873 -0.14333333075046537 -0.45666666328907007 0.063333334401249899 -0.48333333432674402 0.45666664838790899 -0.15666666626930234 -0.24333333969116208 0.31000000238418585 0.43666666746139532 0.29666668176651007 -0.17000000178813932 -0.027381420135498043 -0.46999999880790705
decision_type=2 2 2 2 2 2 2 2 2 2 2 2 2 2 2 2 2 2 2 2 2 2 2 2 2 2 2 2 2 2
left_child=1 2 22 5 6 -2 -5 -8 21 11 -11 23 15 19 28 -13 -17 18 -16 -14 -3 26 -1 -7 -25 -6 -9 -20 -15 -21
right_child=3 20 -4 4 25 9 7 8 -10 10 -12 12 13 14 17 16 -18 -19 27 29 -22 -23 -24 24 -26 -27 -28 -29 -30 -31
leaf_value=0 -0.0075734078325608994 0.0036805612089065272 -0.0041240665104754146 -0.003594669804827374 -0.0064432257244433876 0 0.0083703114289672195 0 0.0066896443800112081 -0.0031822274074379746 0.0099597457163166318 0.0026744499635442142 0.0022704720693941713 -0.0075491672982558669 0 -0.013608488602869541 0.0020738459031140522 0 0.01973952669856379 0 -0.0085112977670226669 0.0043204017006976429 0.01452430001945245 0.011016152097135273 -0.0022489272672938146 0.001487876545619687 -0.0082133760883228192 0 0.0020523594736998035 -0.014178927049346316
leaf_weight=9.1008913982659561 12.414946017088367 6.3242782885208726 6.6288051805458954 54.920566989574581 84.385703419335186 10.323043591342865 18.135161448153667 35.394869843032211 15.189231547294183 8.2203920928295684 31.539965114789084 11.879442528588696 2.7662775819189838 7.4821538634132621 3.3929689945653108 22.611108006909493 8.3487602253444475 15.549917206866668 12.19782965676859 2.137978436658158 7.1894842293113452 14.826527298893778 21.524696720764044 23.935121295740831 1.672507514245807 7.478133638855069 16.845115669071674 2.7922604740597246 14.114448563661425 10.019144835416226
leaf_count=139 976 96 142 4141 6499 326 1401 3164 1085 643 1957 612 116 487 103 1216 350 1103 436 80 121 413 338 1617 141 587 1004 166 1011 564
internal_value=0.000150216 0.00492886 0.00801541 -0.000393538 -0.00198071 0.0014348 6.72899e-05 0.00239535 0.000315279 0.00236963 0.00663535 0.000859428 -0.000963089 0.00159431 0.00507249 -0.00536001 -0.00905298 0.00933077 0.0144094 -0.00789634 -0.00214717 -0.00121702 0.0115707 0.00651771 0.00909638 -0.0054905 -0.00350107 0.0172838 -0.00128628 -0.0115724
internal_weight=499.342 50.7682 37.2544 448.574 247.175 201.398 155.311 100.391 82.2557 188.983 39.7604 149.223 113.292 70.453 55.5296 42.8393 30.9599 33.933 18.3831 14.9234 13.5138 67.0665 30.6256 35.9307 25.6076 91.8638 52.24 14.9901 21.5966 12.1571
internal_count=31034 836 619 30198 18294 11904 11208 7067 5666 10928 2600 8328 6244 4066 3306 2178 1566 1808 705 760 217 4581 477 2084 1758 7086 4168 602 1498 644
is_linear=0
shrinkage=0.05


Tree=91
num_leaves=31
num_cat=0
split_feature=30 10 32 5 40 31 39 8 14 27 27 38 2 38 36 40 40 32 6 23 38 32 22 39 23 40 30 11 31 26
split_gain=0.583485 0.715499 0.499454 0.49238 0.62441 0.419994 0.395147 1.18873 1.05751 0.907974 0.792193 0.605372 0.584247 0.559278 0.502783 0.344591 0.501451 0.367019 0.341072 0.429468 0.338515 0.335215 0.330919 0.330285 0.327157 0.326186 0.33859 0.320964 0.298202 0.325843
threshold=0.46166664361953741 0.069999992847442641 0.23000001907348636 -0.18333333730697629 0.65333333611488353 -0.37666666507720942 0.028422865085303787 -0.083333343267440782 -0.4433333277702331 -0.17000000178813932 -0.26999998092651362 -0.16214513778686521 -0.16333332657814023 -0.0010662078857421873 -0.030000001192092892 0.17000000178813937 0.85666668415069591 -0.45666666328907007 -0.063333332538604722 -0.28333333134651179 0.108731746673584 0.083333313465118422 -0.236666664481163 0.022572816349565986 -1.0000000180025095e-35 0.18333333730697635 0.22333335876464847 0.41000002622604376 -0.45666666328907007 0.12333333492279054
decision_type=2 2 2 2 2 2 2 2 2 2 2 2 2 2 2 2 2 2 2 2 2 2 2 2 2 2 2 2 2 2
left_child=1 6 -2 4 -3 22 8 10 14 12 -8 -12 13 18 -1 -11 17 -17 19 -10 27 -9 -4 24 -14 -13 -27 -19 29 -5
right_child=2 3 5 28 -6 -7 7 21 9 15 11 25 23 -15 -16 16 -18 20 -20 -21 -22 -23 -24 -25 -26 26 -28 -29 -30 -31
leaf_value=0 0.01161424366380583 0.0056681007780515404 0.0033432363801134193 -0.0038557107339137284 -0.0045369100535307336 0.0072724879971231343 -0.0022726710655941421 -0.0092424688625601017 0 0 -0.0003750959669737536 0.00011664084488671945 -0.0029426482736350894 -0.00042125645083195901 0.015553083014417615 0.00078325109843682618 0 -0.012207405801868965 0 0.018823064236085991 0 0.00010004505521333048 -0.0069609071889243403 -0.0059691241844369502 0.0058132268910293609 0.016118279557073303 0 0 -0.0052263029995401515 0.0076564794355741279
leaf_weight=9.0835506659932452 13.589424931444226 28.00812007393688 4.3898036584723767 4.7617815020494145 19.310440814355388 8.9083668484818208 9.8817777903750521 10.29837491293438 5.2102817422710368 35.620387946953997 6.4793589268811038 8.4883912280201894 10.081046612700449 8.8468564439099264 8.7462640842422825 3.7514904588460913 28.469607231905684 38.820062377257273 5.192495098803195 9.1504690579604357 4.7029779925942412 11.390448998194186 14.080897484906016 13.857807225314899 18.005847344174981 27.992158801527697 3.8088101446628562 3.1035082102753213 118.31319367059041 5.7287285423371941
leaf_count=200 222 2062 106 244 1461 511 336 735 125 3168 311 332 515 504 146 209 2540 3552 165 192 469 776 364 753 971 1152 119 253 8375 139
internal_value=0.000101467 -0.000388131 0.00544815 -0.00287423 0.000992717 0.000101118 0.00111058 0.00398872 0 -0.00132233 0.0077462 0.0103546 0.00280301 0.00771214 0.00984598 -0.00407836 -0.00581112 -0.00854739 0.0116053 0.0145227 -0.00977687 -0.00447464 -0.00327108 -0.000548614 0.00197233 0.0124452 0.0145337 -0.0110737 -0.00446124 0.00141333
internal_weight=498.073 457.104 40.9685 176.122 47.3186 27.3791 280.982 78.3393 202.643 184.813 56.6505 46.7687 70.3448 28.4001 17.8298 114.468 78.8476 50.378 19.5532 14.3608 46.6265 21.6888 18.4707 41.9447 28.0869 40.2894 31.801 41.9236 128.804 10.4905
internal_count=31007 29804 1203 12281 3523 981 17523 3761 13762 13416 2250 1914 3225 986 346 10191 7023 4483 482 317 4274 1511 470 2239 1486 1603 1271 3805 8758 383
is_linear=0
shrinkage=0.05


Tree=92
num_leaves=31
num_cat=0
split_feature=9 15 1 27 39 1 20 28 37 39 39 12 41 19 41 3 27 37 38 9 37 29 0 39 27 30 9 39 1 20
split_gain=0.456441 0.54177 0.798993 0.588677 0.425803 0.425355 0.682914 0.560204 0.702259 0.582767 0.51453 0.552548 0.429278 1.2499 1.03868 0.529345 0.406081 0.396038 0.394142 0.70025 0.564726 0.5281 0.542644 0.742732 0.734021 0.66955 0.45032 0.380299 0.374442 0.365011
threshold=-0.48333333432674402 0.37666666507720953 -0.31000000238418574 0.44333332777023321 0.021725325845181945 -0.37666666507720942 -0.31666666269302363 -0.17000000178813932 -0.06400823593139647 0.017839243635535244 0.023547814227640632 0.12333333492279054 0.046263152733445174 -0.31666666269302363 0.06874531134963037 -0.24166667461395261 -0.12333333492279051 0.038006782531738288 -0.047021865844726556 -0.15666666626930234 0.048281192779541023 0.32333332300186163 0.32333332300186163 0.030262772925198082 -0.37666666507720942 0.30333334207534796 0.3966666460037232 0.040006248280406005 0.23000001907348636 0.44333332777023321
decision_type=2 2 2 2 2 2 2 2 2 2 2 2 2 2 2 2 2 2 2 2 2 2 2 2 2 2 2 2 2 2
left_child=-1 5 4 -4 -3 6 -2 9 10 -7 -9 -12 18 14 15 -14 27 -6 19 -10 29 -20 23 25 -24 -23 -27 28 -11 -21
right_child=1 2 3 -5 17 7 -8 8 12 16 11 -13 13 -15 -16 -17 -18 -19 21 20 -22 22 24 -25 -26 26 -28 -29 -30 -31
leaf_value=0.0082099421544256975 0.0019529008509057135 -0.0041027063563846269 -0.011931975652770243 0.0022220019241889107 0.01048629583147322 -0.0019112662022029211 -0.0090464955539176131 0.00052374432942401674 0.0044930136559200888 0.014671318952007928 -0.013546192295667184 0.00088857711725055062 0 -0.0021063673744623314 -0.0050046622483572705 0.015379042803910576 0.0016522232155230566 -0.0023142267830067727 -0.0011248087724281791 -0.011232492887031849 0.0026373472422765304 -0.0014784648469788706 -0.009316828970327715 -0.0056024827869636286 0.0053635057456877591 0.015143963825944184 0 0 0 0.00037735169110425873
leaf_weight=10.9035577615723 18.57473784009926 8.9145756941288727 26.554750543786216 3.7959404166322193 10.600652571301906 17.457258961163461 22.763616263051517 11.066276127472522 10.769260058645157 21.743306862888865 16.820196513785053 4.085762718692421 4.8302887408062807 34.252433832734823 4.3306331289932123 27.391880130628124 32.724147072061896 2.4502231021178877 100.10094313451555 29.685096434317529 5.7047983889933667 5.6269209345336995 9.608793137129398 3.1315537421032777 11.568801807123235 24.543278486933563 6.802063289564102 2.8450451306998721 2.7493618964217594 2.9449976724572471
leaf_count=417 1081 666 2072 298 531 1665 1452 704 780 1009 1077 371 104 3017 136 740 2736 227 7066 1829 340 339 240 132 661 686 240 126 200 171
internal_value=0.000106499 -0.000123124 -0.00468725 -0.00939943 0.00154954 0.000429008 -0.00395489 0.00100855 0 0.0046477 -0.00635271 -0.0102269 0.000881438 0.00409862 0.00997776 0.013115 0.00693297 0.00679883 -0.000168903 -0.00392426 -0.00714082 0.000924098 0.00444433 0.00759623 -0.000963812 0.00992209 0.0125468 0.0110693 0.0128507 -0.00964163
internal_weight=495.341 484.438 52.3161 30.3507 21.9655 432.121 41.3384 390.783 313.264 77.5191 31.9722 20.906 281.292 70.8052 36.5528 32.2222 60.0619 13.0509 210.487 49.1042 38.3349 161.382 61.2814 40.1038 21.1776 36.9723 31.3453 27.3377 24.4927 32.6301
internal_count=31113 30696 3794 2370 1424 26902 2533 24369 18633 5736 2152 1448 16481 3997 980 844 4071 758 12484 3120 2340 9364 2298 1397 901 1265 926 1335 1209 2000
is_linear=0
shrinkage=0.05


Tree=93
num_leaves=31
num_cat=0
split_feature=25 12 9 9 8 30 29 41 35 25 31 21 39 29 25 6 28 27 32 27 23 2 41 41 3 39 22 26 28 32
split_gain=0.586445 0.699142 0.679603 0.851848 0.670988 0.722067 0.566539 0.552657 0.515901 0.575163 0.453666 0.558546 0.539163 0.757999 0.68175 0.566131 0.491918 0.466042 0.45583 0.56341 0.491289 0.458605 0.448532 0.530208 0.466694 0.423732 0.415089 0.381075 0.37096 0.364124
threshold=-0.04333332180976867 0.43000000715255743 0.38333332538604742 0.24333333969116214 -0.16333332657814023 -0.32333332300186152 0.43666666746139532 0.039426222443580634 -0.33666665852069849 -0.41666667163372034 0.48333334922790533 -0.33666665852069849 0.030629945918917659 0.31666666269302374 0.028333306312561039 0.34333333373069769 0.1566666662693024 0.030000001192092899 0.01666665077209473 0.069999992847442641 0.26999998092651373 -0.29000000655651087 0.045919001102447517 0.055367076769471175 -0.10999999940395354 0.013734275940805675 0.23000001907348636 -0.36333334445953364 0.32333332300186163 0.34333333373069769
decision_type=2 2 2 2 2 2 2 2 2 2 2 2 2 2 2 2 2 2 2 2 2 2 2 2 2 2 2 2 2 2
left_child=4 2 3 10 7 -6 28 8 9 -1 11 26 13 18 -14 17 -16 -15 21 20 -20 -13 -9 -24 -25 -7 -2 -11 -4 -5
right_child=1 -3 6 29 5 25 -8 22 -10 27 -12 12 14 15 16 -17 -18 -19 19 -21 -22 -23 23 24 -26 -27 -28 -29 -30 -31
leaf_value=0.0027675561388540663 -0.0073717861694510131 -0.0065705761025007499 0.0046203769562144208 -0.0081987550638052461 0.00541795445537581 0.0014784294379131487 0.013073197989788505 0.010129578610372329 0.00062364788646929138 0 0.013911420388605303 0.0086777586287100014 -0.0022959113060409893 0.013215601248645369 0.014821665884219236 -0.0012377659655360283 0 0 -0.013007431301946211 0.00081530821560405723 0 -0.00094275876244535807 -0.0058610677561614366 0.01012570163749086 -0.0017797907264150365 -0.0069582909042767418 0.004061321531484711 -0.014111703438291316 -0.0073741994200988538 0.00011885691976368882
leaf_weight=3.7441913781221983 20.51963138720021 18.204808595823124 12.961260272422807 25.282371327397414 8.9787206572946143 9.7581098827067745 18.278249549912289 15.59306623553857 41.00331636541523 2.116357790539042 2.9965775446034959 10.201477567898108 7.0695824942085883 18.911227996461101 18.892131720087495 8.8897104114294034 10.599886943702584 4.1663945510517797 16.709275562898259 15.395545916398985 6.2043747468851498 35.96400039922446 12.547077871626245 11.687689370941373 7.1356570860370985 97.026611108914949 3.7757143005728713 13.662158414721485 3.6106545939110211 12.778287593158892
leaf_count=224 1389 1917 991 1473 680 572 600 809 2758 109 81 582 312 461 944 434 561 261 1064 1558 435 2624 733 456 469 6539 232 695 199 874
internal_value=-0.000133606 0.00136094 0.00216654 0.000902352 -0.00204766 -0.0046191 0.00817944 0.000599223 -0.00222077 -0.00791658 0.00245144 0.00167234 0.00290769 0.0008533 0.00782049 0.00687238 0.0109281 0.010467 -0.00145285 -0.00524669 -0.00950833 0.00145749 0.00454548 0 0.00526607 -0.00592804 -0.00431732 -0.0116638 0 -0.00520293
internal_weight=494.664 271.411 253.206 218.356 223.253 115.763 34.8502 107.49 60.526 19.5227 180.296 177.299 153.004 116.442 36.5616 31.9673 29.492 23.0776 84.4747 38.3092 22.9137 46.1655 46.9635 31.3704 18.8233 106.785 24.2953 15.7785 16.5719 38.0607
internal_count=31036 16992 15075 13285 14044 7791 1790 6253 3786 1028 10938 10857 9236 7419 1817 1156 1505 722 6263 3057 1499 3206 2467 1658 925 7111 1621 804 1190 2347
is_linear=0
shrinkage=0.05


Tree=94
num_leaves=31
num_cat=0
split_feature=31 19 4 37 41 41 19 7 38 39 37 18 37 21 6 38 7 39 5 28 39 20 19 7 39 8 1 13 37 41
split_gain=0.65683 0.555644 0.477051 0.780914 0.621134 0.622181 0.731427 0.607435 0.825493 0.601383 0.57821 0.442519 0.41909 0.428196 0.461607 0.70234 0.517382 0.509019 0.395524 0.532249 0.677673 0.548137 0.494556 0.423592 0.394371 0.387031 0.382023 0.489418 0.380548 0.367413
threshold=0.48333334922790533 0.056666672229766853 0.043333351612091071 -0.06400823593139647 0.046263152733445174 0.064969118684530272 -0.31666666269302363 0.13666665554046634 -0.047021865844726556 0.015979112125933174 0.0044207572937011727 -0.16333332657814023 -0.10806703567504881 -0.32999998331069941 -0.236666664481163 0.035072326660156257 -0.24999999999999997 0.017743043601512912 0.25000000000000006 0.22166669368743899 0.032452378422021873 1.0000000180025095e-35 -0.40333333611488337 -0.21000000834465024 0.02481290698051453 0.20999997854232791 -0.36333334445953364 -0.43000000715255732 -0.028179645538330075 0.040860006585717208
decision_type=2 2 2 2 2 2 2 2 2 2 2 2 2 2 2 2 2 2 2 2 2 2 2 2 2 2 2 2 2 2
left_child=1 2 18 24 7 6 -6 9 10 -5 -9 -11 -3 25 15 16 17 -15 19 26 21 -21 -20 -23 -4 -14 27 -1 -16 -10
right_child=-2 12 3 4 5 -7 -8 8 29 11 -12 -13 13 14 28 -17 -18 -19 22 20 -22 23 -24 -25 -26 -27 -28 -29 -30 -31
leaf_value=-0.011642551204993867 0.0087246140881810218 0.0053875759268129063 0 0.0024472687255204413 0.014006027097692983 -0.0034390655835350409 -9.7980404187975007e-05 -0.011647383642161339 0.0077258761064189323 -0.010752356811815985 0.0032733166453631328 0 -0.011516705948918342 -0.00089279194919886186 -0.0095199088799187981 -0.0076346165646941529 -0.0024677253256074564 0.011867709583898685 0.014388716925700339 5.5642175478550995e-06 0.0070066363435819347 0 0 -0.015210382053162217 -0.013613866605313009 0 0.0042560259787840574 0.0015136000123931858 -0.00071194193980811068 -0.0024591551770745579
leaf_weight=3.5572259135078665 16.277963760541752 7.4337165753822765 8.1252044190187025 12.547447378281502 17.539386156946421 6.7317677924875161 9.4153677013237047 9.2846495327539724 34.833546122768894 28.25238614575937 4.169489480322226 12.151801464147868 20.493703330517747 5.1366485874168601 16.453005753224716 6.3086522349622092 7.3006477167364201 20.669846365693957 9.3421759633347374 10.092728236224508 4.4605309907346955 3.0913020516745773 5.604976551141589 11.529764322564001 10.32205353467725 12.294334289152173 116.6280876097735 15.061007305514066 46.100884058629163 3.9651864420156917
leaf_count=76 613 433 425 677 434 285 822 413 1268 1297 185 1193 1672 379 1825 692 586 812 151 313 153 97 315 393 592 1530 7143 747 5367 185
internal_value=0.000327505 -1.07845e-05 0.00104388 -0.0008336 0.000428711 0.00590622 0.00919997 -0.00132442 0.00208111 -0.00497886 -0.0061549 -0.00784202 -0.00261805 -0.0034481 -0.00135288 0.00230697 0.00572133 0.00885251 0.00279931 0.00171526 -0.00355943 -0.00727666 0.00962357 -0.0120548 -0.00913293 -0.00810242 0.00313294 -0.00220944 -0.00402375 0.00593698
internal_weight=495.175 478.898 336.706 157.338 138.891 33.6865 26.9548 105.205 52.2529 52.9516 13.4541 40.4042 142.191 134.758 101.97 39.4158 33.1071 25.8065 179.368 164.421 29.1743 24.7138 14.9472 14.6211 18.4473 32.788 135.246 18.6182 62.5539 38.7987
internal_count=31073 30460 17164 7776 6759 1541 1256 5218 2051 3167 598 2490 13296 12863 9661 2469 1777 1191 9388 8922 956 803 466 490 1017 3202 7966 823 7192 1453
is_linear=0
shrinkage=0.05


Tree=95
num_leaves=31
num_cat=0
split_feature=31 19 29 25 25 31 38 22 22 20 27 10 30 21 23 40 37 37 40 6 41 26 33 6 40 38 41 33 23 39
split_gain=0.928327 0.808645 0.706814 0.822706 0.618121 0.87447 0.679385 0.531525 0.586112 0.424098 0.502639 0.403797 0.391653 0.386239 0.687681 0.372027 0.441273 0.585979 0.542734 0.453166 0.367109 0.357762 0.513128 0.332241 0.33078 0.326711 0.321415 0.308458 0.302612 0.299094
threshold=0.48333334922790533 0.056666672229766853 -0.37666666507720942 -0.11666667461395262 0.33666664361953741 -0.4433333277702331 0.088602066040039076 0.20999997854232791 -0.076666668057441698 0.35666668415069586 -0.32999998331069941 0.4499999880790711 -0.12333333492279051 0.26999998092651373 -0.023333340883255001 0.089999999850988402 -0.028179645538330075 0.0071382522583007821 0.97666668891906749 -0.46999999880790705 0.02606179099529982 0.37000000476837164 0.24333333969116214 0.41000002622604376 0.076666664332151427 0.039235115051269538 0.031045022420585159 0.38333332538604742 0.25666666030883795 0.021112410351634029
decision_type=2 2 2 2 2 2 2 2 2 2 2 2 2 2 2 2 2 2 2 2 2 2 2 2 2 2 2 2 2 2
left_child=1 2 26 9 5 27 7 8 13 10 12 -11 -4 14 -7 -3 18 -18 19 -17 -10 22 -6 -19 -2 -16 -1 -5 -22 -12
right_child=24 15 3 4 21 6 -8 -9 20 11 29 -13 -14 -15 25 16 17 23 -20 -21 28 -23 -24 -25 -26 -27 -28 -29 -30 -31
leaf_value=0 0 0.0010459993586518551 -0.0045844685276760595 0.013328254771161986 0 -0.00081259452749982977 0.0071592430780387187 0.0044452914107957139 0.0014379232186413921 -0.01145146526332633 0 0.0017801609495626182 0.0058347588502586957 -0.0057018689064131179 0.013366170763668883 0.00031168586035135528 0.0025295469575846732 -0.007113979218050505 0.0017240278196829978 -0.013428663914226872 -0.010873914706785899 0.0017229275685335334 -0.014007811476744647 0.00123206776614797 0.012541960622759935 0 0.012830237306156768 0 0 -0.0060956729164891449
leaf_weight=3.7440348612144581 2.8615975684952017 27.425738383783028 4.5071985737886271 20.817831531865526 6.3659396874718386 27.331215550191697 35.059229465899989 34.760013171704486 4.5068904992658636 15.808912321226673 29.36895299772732 1.8706896652001876 29.227072821231559 9.1299142120406014 10.900729192653673 2.8339944644831148 32.63351062592119 40.238744344562292 4.1749226460233322 25.987526849959977 24.537365735508505 6.8245015302672973 7.61765938391909 7.641117066028527 14.091894503915681 2.2438173855189225 11.765878406353293 6.5119278174825004 6.7036637340206644 38.710764909163117
leaf_count=319 98 2181 159 345 409 1312 1476 1764 216 963 2314 52 866 429 501 118 2918 4390 332 2369 1370 181 317 978 526 125 666 133 372 2945
internal_value=0.000237576 -0.000179545 0.0010937 0.000419649 0.00239594 0.0034271 0.0015897 -0.000100998 -0.00239648 -0.00269745 -0.000953305 -0.00889934 0.00333142 0.00075523 0.00329772 -0.00332595 -0.00459095 -0.00190039 -0.00921249 -0.0115387 -0.00684878 -0.00445845 -0.00833775 -0.00532917 0.0100828 0.0107262 0.00993002 0.0109452 -0.00875461 -0.00351177
internal_weight=496.203 479.25 338.314 322.804 203.311 182.503 155.173 120.114 85.3536 119.494 101.814 17.6796 33.7343 49.6057 40.4758 140.936 113.51 80.5134 32.9964 28.8215 35.7479 20.8081 13.9836 47.8799 16.9535 13.1445 15.5099 27.3298 31.241 68.0797
internal_count=31144 30520 17234 16249 8950 8043 7565 6089 4325 7299 6284 1015 1025 2367 1938 13286 11105 8286 2819 2487 1958 907 726 5368 624 626 985 478 1742 5259
is_linear=0
shrinkage=0.05


Tree=96
num_leaves=31
num_cat=0
split_feature=9 13 8 12 27 9 4 24 39 0 2 27 25 37 7 7 31 39 0 7 8 4 23 29 12 4 25 1 25 1
split_gain=0.347261 0.651446 0.624573 0.382785 0.359262 0.33719 0.335091 0.473781 0.605186 0.459844 0.439278 0.424866 0.382885 0.643842 0.353442 0.451328 0.41412 0.334402 0.32796 0.313609 0.409862 0.345564 0.33155 0.363827 0.309492 0.298738 0.425552 0.287614 0.422501 0.377556
threshold=-0.48333333432674402 0.41000002622604376 0.44333332777023321 0.32999998331069952 0.45666664838790899 0.41000002622604376 -0.21000000834465024 0.056666672229766853 0.01726569049060345 -0.41666667163372034 0.25666666030883795 -0.0099999904632568342 -0.26333332061767573 0.078898906707763686 0.3966666460037232 0.29000002145767217 -0.41666667163372034 0.022421213798224929 -0.016666665673255917 -0.3899999856948852 0.16333335638046267 -0.35000000894069666 -0.3899999856948852 0.2833333313465119 0.01666665077209473 -0.13666665554046628 -0.090000003576278673 -0.063333332538604722 0.069999992847442641 0.15833336114883426
decision_type=2 2 2 2 2 2 2 2 2 2 2 2 2 2 2 2 2 2 2 2 2 2 2 2 2 2 2 2 2 2
left_child=-1 2 6 -3 -5 -4 7 8 -2 10 -8 -9 13 -10 15 18 -17 24 25 -14 21 -21 -22 -24 -18 -11 -27 28 -20 -29
right_child=1 3 5 4 -6 -7 9 11 12 14 -12 -13 19 -15 -16 16 17 -19 27 20 22 -23 23 -25 -26 26 -28 29 -30 -31
leaf_value=0.0071213016089714219 -0.0072755207870734669 0.00021305927555068097 -0.00053386212631959873 -0.011734550074548399 0.00045356112776848861 0.010915239323424912 -0.012350645626265946 0.0089130374489721532 0.01014597333942978 -0.0029115063136903765 0.00095471598212108907 0 -0.0074168648868106583 -0.0052692292707118603 0.0055933160080771198 -0.011878586458979093 0.008196755565723966 -0.0057967779770761625 -0.0098917819976702768 -0.00054022833840698561 0.0021639027255588982 0.0080114065841797692 0 -0.014141863717533976 -0.0024915583437790496 -0.00013977961560447392 0.0063055489936050205 0.0030287840519629765 0.0010260175475822848 -0.0024615548634500488
leaf_weight=11.009053488960488 17.336233648704365 7.7348643443547216 2.979556588688868 18.988564871018756 2.4816602873615912 14.557273557409642 10.437684575095771 28.844849689630792 19.255496873054657 14.874550628941504 3.6559992467518887 15.206180205335839 7.0581254360731682 2.6844010378699741 15.715344247408209 11.104283266700802 8.2898826650343853 11.585054051480254 15.829090975457804 11.951319527113808 3.6928739801514894 18.692936747800562 3.5555855564307404 4.3044140147976577 3.9625900010578325 35.84319034893997 45.997303717536852 42.158208534121513 7.0120869164820752 78.711807821760885
leaf_count=414 1314 715 229 1806 298 783 649 1035 1033 1001 266 1017 356 175 998 287 388 820 1112 702 201 988 315 194 477 2560 2705 2785 472 5049
internal_value=6.77406e-05 -0.000126715 0.000323658 -0.00671654 -0.00962433 0.00826763 -4.57261e-05 0.00193994 0 -0.0010095 -0.00840051 0.00583824 0.00189669 0.00663859 -0.000405058 -0.000948212 -0.00580832 -0.000322693 -1.6206e-05 -0.000254567 0.00119891 0.00445165 -0.00457721 -0.00911383 0.00368763 0.00205663 0.00338139 -0.00160469 -0.0061571 -0.000296855
internal_weight=495.51 484.501 455.296 29.2051 21.4702 17.5368 437.759 132.582 88.5314 305.177 14.0937 44.051 71.1952 21.9399 291.083 275.368 34.9418 23.8375 240.426 49.2553 42.1971 30.6443 11.5529 7.86 12.2525 96.715 81.8405 143.711 22.8412 120.87
internal_count=31144 30730 27911 2819 2104 1012 26899 7330 5278 19569 915 2052 3964 1208 18654 17656 1972 1685 15684 2756 2400 1690 710 509 865 6266 5265 9418 1584 7834
is_linear=0
shrinkage=0.05


Tree=97
num_leaves=31
num_cat=0
split_feature=4 39 17 32 38 26 25 37 6 15 11 32 24 38 17 10 36 35 30 41 19 15 10 34 24 21 34 7 28 39
split_gain=0.589571 1.14173 0.658335 0.639956 0.596018 0.559625 0.482113 0.478861 0.617039 0.585297 0.555104 0.833385 0.583729 0.615448 0.659745 0.532312 0.453893 0.500147 0.443386 0.408119 0.574686 0.582248 0.433218 0.38026 0.4621 0.375086 0.352767 0.345611 0.759466 0.505812
threshold=-0.31000000238418574 0.023912034928798679 -0.18999999761581418 0.056666672229766853 0.22018671035766604 0.096666663885116591 -0.41666667163372034 -0.06400823593139647 -0.15000000596046445 0.25666666030883795 -0.36333334445953364 0.18999999761581424 0.26999998092651373 -0.033671855926513665 -0.3899999856948852 -0.2766666561365127 0.3966666460037232 -0.25666666030883784 0.01666665077209473 0.040580337867140777 -0.24999999999999997 0.043333351612091071 -0.22999998927116391 -0.36333334445953364 -0.056666672229766839 -0.20333333313465116 0.19666665792465213 0.11000001430511476 0.19666665792465213 0.028422865085303787
decision_type=2 2 2 2 2 2 2 2 2 2 2 2 2 2 2 2 2 2 2 2 2 2 2 2 2 2 2 2 2 2
left_child=1 2 26 4 5 -3 -4 8 -2 10 11 15 13 -13 -15 -9 17 -17 -19 27 23 -22 -23 -21 -25 -10 -1 28 -12 -29
right_child=7 3 6 -5 -6 -7 -8 9 25 -11 19 12 -14 14 -16 16 -18 18 -20 20 21 22 -24 24 -26 -27 -28 29 -30 -31
leaf_value=-0.00163936170423205 0.001512295954131927 0.0027572196303737866 0.0041496097084298194 0 -0.0021613351642533504 0.018262097218435174 -0.0076551253689286086 0.0021183352645093812 0 -0.0050151229509075024 0.0011027261318648793 -0.0022898479613245367 -0.0053533560444959235 0.014471857201338662 -0.00076051299515092182 0 0.0018324737297090322 0 -0.015391093967780109 -0.0014464511903082245 -0.0043739858362097659 0.012063303305526928 0 0 0.012967325567882977 -0.011711134395716853 0.0091425059198340427 0.0053929830121334787 -0.0084197107704951767 -0.0054671848610684508
leaf_weight=5.1839197189547148 13.094894854817538 16.839847528375685 4.0065379042644045 12.94547720486298 2.767392680514603 18.097420809324831 32.87460148986429 7.3763965975958845 6.4360780899878618 50.22076611360535 57.216307051014155 8.5603301387745905 9.3892360667232406 14.799060817342253 5.5214450571220359 8.8134564389474672 3.1915237717330447 5.2723675644956556 24.480368513148278 2.7010553497821084 23.394807895645499 7.5805832378100595 8.0922978611197305 9.9439770833123458 25.964630124159157 23.300304315285757 10.836959515931083 45.186281495960429 23.563755829352885 6.2445045447675502
leaf_count=269 794 851 230 726 200 583 2394 305 473 4473 4693 275 291 260 253 319 68 285 801 90 2247 497 970 478 862 1619 506 3300 1448 497
internal_value=-7.8166e-05 0.0031144 -0.00162081 0.00814929 0.0110765 0.0128989 -0.00538854 -0.0010225 -0.00569171 -0.000289468 0.000509816 -0.00260989 0.00229306 0.0059889 0.0101533 -0.00671614 -0.00887028 -0.0104444 -0.0130748 0.00196119 0.00470262 0 0.00641988 0.00858418 0.0100343 -0.00928495 0.00502239 3.54225e-05 -0.001777 0.00320566
internal_weight=493.897 103.552 52.902 50.6501 37.7047 34.9373 36.8811 390.344 42.8313 347.513 297.292 87.4042 38.2701 28.8808 20.3205 49.1341 41.7577 38.5662 29.7527 209.888 77.6774 39.0677 15.6729 38.6097 35.9086 29.7364 16.0209 132.211 80.7801 51.4308
internal_count=31057 5759 3399 2360 1634 1434 2624 25298 2886 22412 17939 2857 1079 788 513 1778 1473 1405 1086 15082 5144 3714 1467 1430 1340 2092 775 9938 6141 3797
is_linear=0
shrinkage=0.05


Tree=98
num_leaves=31
num_cat=0
split_feature=4 20 25 38 26 41 36 38 21 21 26 23 31 8 37 7 24 15 38 31 29 32 22 37 7 41 39 21 4 11
split_gain=0.410803 0.727673 0.547775 0.546916 0.514781 0.676958 0.795541 0.834042 0.530582 0.452334 0.41634 0.40104 0.38689 0.521909 0.377641 0.470576 0.395884 0.405114 0.551337 0.320082 0.315619 0.378439 0.314995 0.295264 0.294158 0.350947 0.274658 0.271042 0.269441 0.268764
threshold=-0.21000000834465024 -0.32999998331069941 -0.32999998331069941 0.06855106353759767 0.45666664838790899 0.031935412436723716 0.33666664361953741 0.071311473846435561 0.096666663885116591 0.18333333730697635 -0.023333340883255001 -0.45666666328907007 -0.43000000715255732 -0.090000003576278673 0.030748844146728519 -0.18999999761581418 0.20999997854232791 -0.4433333277702331 0.0061140060424804696 0.14999997615814212 -0.43000000715255732 0.29000002145767217 0.068333327770233168 -0.032081604003906243 0.43000000715255743 0.055947098881006248 0.019636689685285095 0.25666666030883795 -0.04333332180976867 -0.24999999999999997
decision_type=2 2 2 2 2 2 2 2 2 2 2 2 2 2 2 2 2 2 2 2 2 2 2 2 2 2 2 2 2 2
left_child=1 3 -3 11 5 8 7 20 29 -2 12 -1 -11 23 16 -16 17 -12 22 -9 -7 -22 -19 -14 25 -18 -15 -20 -25 -4
right_child=9 2 4 -5 -6 6 -8 19 -10 10 14 -13 13 26 15 -17 24 18 27 -21 21 -23 -24 28 -26 -27 -28 -29 -30 -31
leaf_value=0 -0.0030297125810502777 0.0056638459617986033 0.0037470727042053322 -0.0017390878855298737 0.0063640898144704796 0.00038636361808549292 -0.016948695483102752 0.0085598112564008368 0.010130633590634503 0.010730219850012804 0.005743186634690472 0.01260946378242747 -0.0015063030118348452 0.001468690579276127 -0.0056826745517368112 0.0066657615826959914 -0.01214380116554128 0.0069860056813225106 0 -0.0023012253613227634 -0.01030304596626083 0.0016535494031131007 -0.0026350595514048414 0 0.00029317685785316033 0.00020321006187605357 -0.0071636017437396839 -0.012973796562218183 0.010497137244194788 -0.0047826608402508856
leaf_weight=5.7258869591169086 189.9865589926485 23.736803559819236 6.5869229466188726 6.7297902265563598 8.7134902602992934 5.8850297722965399 9.0840199725935218 12.33031268022023 7.3787002391181877 9.936686488799749 12.333943555131553 22.636678326176479 4.0028295745141831 6.5980490942019996 3.7633198022376773 19.641301313531585 17.398935067700229 8.0522112904582226 2.6431911471299818 2.8089254195801905 27.46188641875052 2.2067175221163771 12.16278237220831 5.2350518975872609 2.9671277077868572 2.3552581337280563 14.647474137018433 8.4936760740820301 15.082156924298028 18.495043716859072
leaf_count=301 13375 1301 317 479 226 207 772 564 426 336 236 1110 367 685 228 998 840 448 148 258 1625 155 760 348 250 118 1523 477 959 1209
internal_value=-0.000413721 0.00156321 -0.000137801 0.00735313 -0.00197692 -0.00335993 -0.00639463 -0.00246882 0.00170427 -0.00143995 0.000511036 0.010165 0.00381899 0.000753845 -0.00138344 0.00307561 -0.00342489 0 -0.00330524 0.00528083 -0.00665639 -0.00858428 0.000965433 0.00555013 -0.0080019 -0.00999659 -0.0038321 -0.0101399 0.00791677 -0.00144738
internal_weight=495.081 159.78 124.688 35.0924 100.951 92.2376 59.7769 50.6929 32.4607 335.301 145.314 28.3626 55.5022 45.5656 89.8117 23.4046 66.4071 43.6858 31.3519 15.1392 35.5536 29.6686 20.215 24.32 22.7213 19.7542 21.2455 11.1369 20.3172 25.082
internal_count=31046 8950 7060 1890 5759 5533 3581 2809 1952 22096 8721 1411 4218 3882 4503 1226 3277 2069 1833 822 1987 1780 1208 1674 1208 958 2208 625 1307 1526
is_linear=0
shrinkage=0.05


Tree=99
num_leaves=31
num_cat=0
split_feature=13 34 8 21 13 36 26 35 11 4 27 11 26 20 3 20 29 38 38 31 31 25 4 40 22 40 4 37 40 20
split_gain=0.441286 0.477577 0.528632 0.446316 0.445895 1.12378 0.632165 0.443165 0.433396 0.428731 0.479961 0.46369 0.421778 0.531407 0.42737 0.400526 0.385884 0.385076 0.339789 0.325908 0.398614 0.302688 0.301629 0.299599 0.347539 0.34423 0.323791 0.521986 0.472333 0.327132
threshold=0.41666668653488165 0.34333333373069769 0.44333332777023321 0.14999997615814212 0.01666665077209473 -0.12333333492279051 0.17000001668930056 -0.35000000894069666 -0.04333332180976867 0.030000001192092899 -0.4433333277702331 0.14999997615814212 -0.29000000655651087 -0.21666666865348813 0.083333313465118422 -0.19666665792465207 -0.46999999880790705 0.090439319610595717 -0.076637268066406236 -0.46999999880790705 0.41000002622604376 0.17000001668930056 -0.40333333611488337 0.69666665792465221 0.23000001907348636 0.84333333373069774 0.23666667938232425 -0.028179645538330075 0.12333333119750024 0.096666663885116591
decision_type=2 2 2 2 2 2 2 2 2 2 2 2 2 2 2 2 2 2 2 2 2 2 2 2 2 2 2 2 2 2
left_child=1 2 3 9 5 -3 8 16 -7 10 -1 12 -12 -14 -15 -9 -6 -4 -2 -5 23 -8 -13 26 -25 -26 28 -28 29 -21
right_child=18 4 17 19 7 6 21 15 -10 -11 11 22 13 14 -16 -17 -18 -19 -20 20 -22 -23 -24 24 25 -27 27 -29 -30 -31
leaf_value=0.006598920511426614 0.000854544877197295 0.015923260926437307 0.010424633976140329 0.0079000964358361733 -0.0020842648512781796 -0.011249078451252507 0.0098306757733977457 0.0010109809430616649 0.0023442907134947621 -0.0050693178271591713 0.0018823797192231541 -0.0034026575144284706 0.00039729789619249913 -0.0093642950962168504 0.0014588343867875382 -0.0086440291179088382 0.010597821722744387 -0.0023317435406536645 -0.0082937674353010301 -0.00016138245749713632 0.0082141868664608146 -0.00028227291007709406 0.0059008878348399511 -0.00061861710012027645 0 0.0098530060641436393 -0.012300202749418345 0 -0.0033569914941002812 0.0092100475420700059
leaf_weight=14.31194296502508 7.4031282619107541 14.195061234291641 12.675694750156252 9.840570728061719 2.8760562350507817 8.6781869186088425 9.6693240029271674 13.697368573863058 2.7358229018282172 81.879314069868997 18.825257054762915 4.3394343431573388 20.830257942900062 45.085793771781027 4.7151782773435107 12.878701473586263 8.2871408781502378 1.9241522348020215 21.514530090964399 8.8545487315859663 8.3207647234667075 5.219538257457315 22.083429015357979 33.610829450073652 7.3904684551525888 14.331431937403975 11.431164190638809 21.422075158101507 34.128230400616303 12.226408485090358
leaf_count=366 484 538 713 240 112 416 256 1057 228 5754 1442 254 1278 3075 308 980 357 137 2198 592 467 140 1638 2041 450 863 656 1323 2188 645
internal_value=-2.42901e-05 0.000327151 -0.000349745 -0.000827362 0.00376847 0.00704994 0 0 -0.00687014 -0.00234454 -0.000299491 -0.00163953 -0.00346085 -0.00524709 -0.00784486 -0.00363071 0.00628744 0.00734036 -0.00549136 0.00102764 0.000139779 0.00602585 0.00325498 -0.000472493 0.00205712 0.00633698 -0.00235755 -0.00585578 0 0.005187
internal_weight=495.382 466.464 388.227 373.627 78.2372 40.4979 26.3029 37.7393 11.414 212.071 130.191 115.879 89.4565 70.6312 49.801 26.5761 11.1632 14.5998 28.9177 161.556 151.716 14.8889 26.4229 143.395 55.3327 21.7219 88.0624 32.8532 55.2092 21.081
internal_count=31196 28514 24430 23580 4084 1578 1040 2506 644 14115 8361 7995 6103 4661 3383 2037 469 850 2682 9465 9225 396 1892 8758 3354 1313 5404 1979 3425 1237
is_linear=0
shrinkage=0.05


Tree=100
num_leaves=31
num_cat=0
split_feature=3 23 40 11 7 40 18 12 39 33 29 39 19 10 10 39 27 15 21 31 38 37 24 25 25 7 24 24 25 23
split_gain=0.560064 0.597776 0.54349 0.464538 0.767928 0.65476 0.937242 0.610825 0.614843 0.608847 0.601122 0.777303 0.522354 0.682414 0.70634 0.556385 0.701513 0.425055 0.387165 0.385556 0.38541 0.495735 0.359269 0.331298 0.316242 0.3145 0.311239 0.369951 0.303924 0.313801
threshold=0.29000002145767217 0.35000002384185797 0.55666667222976696 0.14999997615814212 -0.083333343267440782 0.87666666507720958 -0.43000000715255732 0.41666668653488165 0.023912034928798679 -0.28333333134651179 -0.26333332061767573 0.028243753127753738 -0.31000000238418574 0.069999992847442641 0.35000002384185797 0.019018822349607948 -0.31000000238418574 0.24333333969116214 -0.31666666269302363 -0.43000000715255732 -0.014165878295898436 -0.022203922271728512 0.17666667699813846 0.23666667938232425 -0.18333333730697629 0.34333333373069769 0.21666666865348819 -0.056666672229766839 0.01666665077209473 -0.20333333313465116
decision_type=2 2 2 2 2 2 2 2 2 2 2 2 2 2 2 2 2 2 2 2 2 2 2 2 2 2 2 2 2 2
left_child=3 25 -3 4 5 6 -1 8 17 -9 11 -8 13 24 15 16 -15 -5 -10 -4 21 -19 -20 -12 -6 -2 27 -17 -7 -30
right_child=1 2 19 7 12 28 10 9 18 -11 23 -13 -14 14 -16 26 -18 20 22 -21 -22 -23 -24 -25 -26 -27 -28 -29 29 -31
leaf_value=0.0082658384011817694 -0.0093513114722103326 -0.0033473692514776284 0.012639523070747874 0.0059044798521022419 0 -0.01155891384520767 -0.0029308292270996609 0.0040489454232310717 0 -0.010285475680911125 -0.0071758261196295213 0.0099874115146617523 -0.00041919908709560122 -0.014691413239406243 0.007979201803437936 -0.00083034496595313237 0.0018967979920567189 -0.0039534564487883608 0.01503290364877531 0 -0.0083000674279273701 0.0089671861283530819 0.00025857519103512732 0.0021314114749129845 0.011560256984733171 0 -0.0046882210165933884 0.0096901114706540274 0.0062348794810753476 -0.0060230014201703682
leaf_weight=17.870847073383629 29.900481332209893 30.732878257520497 5.9843421967234489 19.91065379884094 6.757765016751363 18.615562036400664 23.668980061775073 7.1979909862857303 9.5279489618260396 8.5437675537541491 50.342513112118468 12.047514337347819 72.819709375617094 9.6919277226552349 16.840444203000516 7.9657027572393444 4.7925582432653746 9.452994577353822 22.380496323574338 15.751991514931431 10.33940389449708 6.8943429975770441 9.2440337850712222 4.0835220173466942 29.784358263714239 10.967366572818717 5.4061048747971645 9.9233537041582185 3.7340451134368777 5.1946971458382887
leaf_count=414 2135 2071 174 1828 335 1305 1805 275 613 877 3408 529 6657 208 327 257 163 424 1234 1342 1089 262 546 295 813 938 158 266 164 289
internal_value=0.000354687 -0.00294621 0.000246736 0.00121226 0.000104673 -0.00253233 -0.000370186 0.00400825 0.0057069 -0.00327258 -0.00275132 0.00163708 0.0024441 0.00487322 0.000600652 -0.00276012 -0.00903441 0.000891755 0.00982169 0.00585459 -0.00248067 0.00132155 0.0121087 -0.00592149 0.00968644 -0.00708576 0.00133907 0.00492706 -0.00868297 0
internal_weight=496.368 93.3371 52.4692 403.031 299.54 135.558 108.013 103.492 87.7499 15.7418 90.1425 35.7165 163.982 91.1622 54.6201 37.7796 14.4845 46.5974 41.1525 21.7363 26.6867 16.3473 31.6245 54.426 36.5421 40.8678 23.2952 17.8891 27.5443 8.92874
internal_count=31201 6660 3587 24541 17393 8209 6451 7148 5996 1152 6037 2334 9184 2527 1379 1052 371 3603 2393 1516 1775 686 1780 3703 1148 3073 681 523 1758 453
is_linear=0
shrinkage=0.05


Tree=101
num_leaves=31
num_cat=0
split_feature=31 40 30 2 41 7 41 17 36 29 16 40 27 30 1 41 25 34 5 41 32 39 41 39 24 37 37 21 22 27
split_gain=0.526987 0.491144 0.478882 0.496559 0.43978 0.61884 0.44907 0.437901 0.673364 0.541156 0.693145 0.618092 0.531106 0.382216 0.33418 0.303419 0.376047 0.291559 0.356438 0.490571 0.443435 0.43056 0.419238 0.41545 0.359197 0.33236 0.325848 0.265585 0.441957 0.288178
threshold=0.48333334922790533 0.10333333536982538 0.46166664361953741 -0.236666664481163 0.035905381664633758 0.38999998569488531 0.040086608380079276 -0.37666666507720942 0.31666666269302374 -0.35000000894069666 0.46999999880790716 0.86666667461395275 0.043333351612091071 0.47500002384185797 -0.063333332538604722 0.042987337335944183 0.24333333969116214 -0.10999999940395354 0.25000000000000006 0.031935412436723716 0.23000001907348636 0.025483747944235805 0.036225898191332824 0.027691929601132873 -0.20333333313465116 -0.032081604003906243 0.052246093750000007 0.14999997615814212 -0.26833331584930414 -0.4433333277702331
decision_type=2 2 2 2 2 2 2 2 2 2 2 2 2 2 2 2 2 2 2 2 2 2 2 2 2 2 2 2 2 2
left_child=2 -2 3 7 5 13 -6 8 12 10 11 -9 -1 -4 15 16 -5 18 19 20 23 25 26 -16 -24 -20 -21 28 -19 -30
right_child=1 -3 4 14 6 -7 -8 9 -10 -11 -12 -13 -14 -15 17 -17 -18 27 21 22 -22 -23 24 -25 -26 -27 -28 -29 29 -31
leaf_value=0.013971650295116182 -0.002371904300422085 0.011143112589171653 0.00039260266170068695 -0.0082428739065150327 0.0157413041780444 0.0072491391002793074 0 0.010729330462772919 -0.0042350486510597052 -0.0025714615408026316 -0.006327695656372573 -0.0031165102968286613 -0.00015164944273433992 -0.011496687518932479 -0.013753385345238995 0 0 0.0067358919661211578 -0.0012504093815743909 0.0077627294296713327 0.00036182463751399234 -0.004821112036325975 0.0022960841951030235 0 -0.0059764723425588693 0.0073781091007982082 -0.0030145882327997494 0.0044280746778132185 0.0034880188453015361 -0.0047975894634603661
leaf_weight=15.567571744089951 3.593922964762899 13.30533182597719 5.6037022424861807 49.179872761014849 6.4406593441963222 8.0639013936743122 12.264824904501436 25.30879508564249 4.3796456723939619 69.432107409462333 4.6384659307077518 4.5030258833430699 4.614763398654758 7.3293821068946272 20.148869563592605 28.036688404390588 11.446739907842128 8.1228766557760519 9.1814717352390307 13.55848653195426 5.0767331649549297 12.605172592448069 10.22775749559514 3.8836303942371151 35.019903690204956 21.352522517787293 2.9069627947174004 32.984197482932359 5.261345657054334 40.630150781013072
leaf_count=363 135 498 120 3417 170 362 391 1134 159 5252 258 274 250 149 1535 1866 996 476 564 933 303 1107 794 285 2135 1576 167 2099 148 3205
internal_value=-4.44594e-05 0.00730878 -0.000443651 -0.000986198 0.00433923 0 0.00890695 0.00147026 0.00673276 0 0.00459509 0.00776809 0.0104928 -0.00653291 -0.00209302 -0.00465417 -0.00649319 -0.000859307 -0.00234601 -0.00409492 -0.00893105 0.000877695 -0.000855338 -0.0114067 -0.00356883 0.00432 0.00445023 0.00116478 -0.000654883 -0.00307242
internal_weight=494.669 16.8993 477.77 438.068 39.7025 20.997 18.7055 128.444 24.562 103.882 34.4503 29.8118 20.1823 12.9331 309.623 88.6633 60.6266 220.96 133.962 90.8223 29.1092 43.1392 61.7131 24.0325 45.2477 30.534 16.4654 86.9986 54.0144 45.8915
internal_count=31121 633 30488 29296 1192 631 561 7690 772 6918 1666 1408 613 269 21606 6279 4413 15327 9399 6152 2123 3247 4029 1820 2929 2140 1100 5928 3829 3353
is_linear=0
shrinkage=0.05


Tree=102
num_leaves=31
num_cat=0
split_feature=19 31 38 37 7 8 37 32 19 37 11 36 22 38 8 0 35 39 9 9 38 18 41 25 39 31 24 39 36 18
split_gain=0.514213 0.519929 0.675126 0.601532 0.516172 0.801198 1.0243 1.00464 0.489791 0.538252 0.46034 0.479343 0.453112 0.435879 0.432273 0.430865 0.577563 0.409436 0.691577 0.567723 0.45423 0.448999 0.49466 0.491039 0.402614 0.572248 0.441475 0.449449 0.534079 0.393642
threshold=-0.45666666328907007 0.38999998569488531 0.028881549835205082 -0.11461448669433592 0.37000000476837164 0.20333331823349002 -0.0076293945312499991 0.26999998092651373 0.21666666865348819 -0.10806703567504881 -0.12333333492279051 0.37000000476837164 0.18333333730697635 0.0249934196472168 0.31000000238418585 0.37000000476837164 0.17000001668930056 0.028243753127753738 -0.10999999940395354 0.1566666662693024 -0.16214513778686521 -0.21000000834465024 0.045519441366195686 -0.063333332538604722 0.026088931597769264 -0.24999999999999997 0.043333351612091071 0.022572816349565986 -0.32333332300186152 -0.2766666561365127
decision_type=2 2 2 2 2 2 2 2 2 2 2 2 2 2 2 2 2 2 2 2 2 2 2 2 2 2 2 2 2 2
left_child=4 8 3 -3 5 6 -1 14 10 -10 11 24 -8 -11 -7 16 -5 19 20 21 -19 23 -23 -12 25 26 27 28 -2 -22
right_child=1 2 -4 15 -6 7 12 -9 9 13 17 -13 -14 -15 -16 -17 -18 18 -20 -21 29 22 -24 -25 -26 -27 -28 -29 -30 -31
leaf_value=-0.0037054551115405648 0.00538673988259308 -0.0057036098926910991 -0.0045836576656612185 0.011940684083899526 0.010947753281772266 -0.0043281415722674034 0.015764843703181607 -0.014562021576225135 0.0057713297815138974 -0.0096471621911214476 -0.0030357005275292535 -0.010489394094500525 0 0 0.0075531995301269432 -0.00047062932832255807 -0.00071255796514244811 -0.0016329224506852924 -0.0017000685011649083 0.0052538715777982825 0 -0.0071027624596228583 0.0017295649934379405 0.0098056516946105482 -0.0050571783423895072 -0.0026315014613577741 0.0085420622757219639 0.0075557081672842146 -0.008233140290663854 0.013628017221421332
leaf_weight=10.307189690880479 3.5040437511634144 3.1330239446833721 12.95610444433987 34.357259865384549 13.892547832336275 6.6480089896358612 13.43675291631371 8.6815629168413562 3.0195914211217305 37.070431086816825 7.2870672708377233 11.01018949667923 5.760684904176741 19.846779796411283 10.169934880919753 7.1034942721016696 6.1844311465974888 2.5305073792114881 14.937516694888471 26.726055391365662 2.6974707376211944 44.916157434461638 14.335424376884474 8.0530986667145026 40.95335153141059 59.408476955257356 22.66828566021286 6.125164147000759 15.993659145198761 21.566230036318299
leaf_count=192 154 92 1345 1241 246 127 238 169 228 3708 505 569 119 2496 172 395 492 161 1347 2184 79 4377 1205 397 2331 4052 709 271 736 913
internal_value=1.71273e-05 -0.0005958 0.00327048 0.00598739 0.00388802 0.000793737 0.00619136 -0.00464772 -0.00138527 -0.00533053 -0.000434711 -0.00230215 0.0121142 -0.00681107 0.00185785 0.00777412 0.00963032 0.00149065 0.00532668 -6.58903e-05 0.00960068 -0.0025314 -0.00462018 0.00339567 -0.00115067 0.000303404 0.00426625 0 -0.00411335 0.0116898
internal_weight=495.28 426.384 63.7343 50.7782 68.8967 55.0041 29.5046 25.4995 362.65 59.9368 302.713 159.663 19.1974 56.9172 16.8179 47.6452 40.5417 143.05 41.7317 101.318 26.7942 74.5917 59.2516 15.3402 148.653 107.7 48.2912 25.6229 19.4977 24.2637
internal_count=31250 29987 3565 2220 1263 1017 549 468 26422 6432 19990 8822 357 6204 299 2128 1733 11168 2500 8668 1153 6484 5582 902 8253 5922 1870 1161 890 992
is_linear=0
shrinkage=0.05


Tree=103
num_leaves=31
num_cat=0
split_feature=10 29 38 38 38 4 31 37 37 27 15 35 14 40 39 10 26 27 26 20 38 38 5 19 40 27 25 13 32 25
split_gain=0.426569 0.469557 0.989371 0.70453 0.660398 0.483755 0.439008 0.443166 0.480526 0.453484 0.448599 0.415942 0.6118 0.696922 0.664686 0.581041 0.5678 0.451162 0.454406 0.413615 0.409167 0.451344 0.461223 0.443473 0.392563 0.488322 0.380911 0.48437 0.347213 0.339356
threshold=-0.29000000655651087 0.41666668653488165 0.014066219329833986 -0.10593843460083006 0.10286664962768556 0.20999997854232791 0.41666668653488165 0.064506053924560561 0.086639404296875014 -0.18999999761581418 -0.36333334445953364 -0.17000000178813932 -0.31666666269302363 0.10333333536982538 0.017001166008412841 0.25666666030883795 0.46999999880790716 -0.37666666507720942 -0.30333334207534784 -0.063333332538604722 0.10015916824340822 -0.0020518302917480464 0.37000000476837164 -0.21000000834465024 0.756666660308838 0.11000001430511476 0.32999998331069952 -0.48333333432674402 -0.036666661500930779 -0.20333333313465116
decision_type=2 2 2 2 2 2 2 2 2 2 2 2 2 2 2 2 2 2 2 2 2 2 2 2 2 2 2 2 2 2
left_child=6 11 3 5 29 -3 7 9 -9 19 -11 12 13 -2 -15 20 -17 -14 -19 -1 21 22 -13 28 25 -8 27 -5 -22 -4
right_child=1 2 4 26 -6 -7 24 8 -10 10 -12 15 17 14 -16 16 -18 18 -20 -21 23 -23 -24 -25 -26 -27 -28 -29 -30 -31
leaf_value=-0.0016673427819354507 0.0010158114159289373 0.013004407057806651 0 -0.0088575812078366938 -0.00099065545234406564 -0.0013408499974113201 0.015956053980863968 0.012710586778890046 0 0.0053912918931879484 -0.005543051994555034 0.0034629855776395499 0.0056849967407303055 0 -0.017211814466455862 -0.0072403282033301338 0.0030976393266364242 0.0036226078501070316 -0.0056000261249380696 0.0087927952308359762 0 -0.0035932175178573136 -0.0068818432358712231 -0.0002117646104786861 0 0 -0.013262093300464853 0.0031808396738232806 0.013001281351961541 0.014704246788995581
leaf_weight=10.197898928774523 6.2300536264665451 4.6660864925943297 3.0244785132817986 6.8612749520689276 7.1555596112739286 5.1880042282864451 9.8838726191315853 7.7482352810911861 9.650387581670655 4.0985257446300229 48.314065071521327 76.101198937976733 11.067512282985261 5.0011831328738507 17.058815146563575 43.168600303819403 10.442262862343339 10.037993216421453 44.617900630924851 11.913770362734793 3.6330364551395204 52.527623024536297 5.4301305119879535 10.615102115436455 7.2019408149644724 9.1550481305457634 6.9582784136291584 15.44781848578714 12.749353067949416 18.310880566947162
leaf_count=353 200 85 90 119 308 263 232 335 514 122 3968 5106 525 166 559 3836 312 1033 4266 452 158 3862 553 1234 201 240 500 501 351 671
internal_value=-2.1512e-05 -0.000896705 0.00258438 -0.00207987 0.00896148 0.00622582 0.00247285 0.000391726 0.00660192 -0.00113155 -0.00379407 -0.00177337 -0.00446708 -0.0100156 -0.013573 -0.000390991 -0.00469821 -0.00109216 -0.00330326 0.00375306 0.00101035 -3.3183e-05 0.00206389 0.00601359 0.0075581 0.0106184 -0.00616864 -0.000731133 0.0101397 0.0126987
internal_weight=494.457 376.293 67.6124 39.1215 28.4909 9.85409 118.164 91.9229 17.3986 74.5243 52.4126 308.681 94.0135 28.2901 22.06 214.667 53.6109 65.7234 54.6559 22.1117 161.056 134.059 81.5313 26.9975 26.2409 19.0389 29.2674 22.3091 16.3824 21.3354
internal_count=31115 24698 2537 1468 1069 348 6417 5744 849 4895 4090 22161 6749 925 725 15412 4148 5824 5299 805 11264 9521 5659 1743 673 472 1120 620 509 761
is_linear=0
shrinkage=0.05


Tree=104
num_leaves=31
num_cat=0
split_feature=17 32 13 20 22 24 15 25 39 13 28 31 34 38 35 8 38 31 31 34 23 0 17 19 1 41 23 37 3 32
split_gain=0.578088 0.601783 0.327556 0.369671 0.702446 0.594769 0.945709 0.616755 0.597425 0.485089 0.436379 0.411294 0.410277 0.386169 0.377439 0.333439 0.30028 0.300263 0.279806 0.265165 0.375925 0.264935 0.29413 0.263293 0.343129 0.25928 0.255843 0.255695 0.3196 0.312301
threshold=-0.48333333432674402 0.26999998092651373 0.41666668653488165 -0.33666665852069849 -0.17000000178813932 0.056666672229766853 -0.41666667163372034 -0.11666667461395262 0.027164159342646602 -0.023333340883255001 0.44166666269302374 -0.31666666269302363 -0.32999998331069941 0.027276515960693363 0.17666667699813846 -0.12833333015441892 0.0085520744323730486 -0.3899999856948852 0.27666664123535162 0.38999998569488531 -0.45666666328907007 -0.011666655540466307 0.14999997615814212 0.3966666460037232 -0.46999999880790705 0.029546572826802734 -0.13666665554046628 0.10002279281616212 -0.18333333730697629 0.16333335638046267
decision_type=2 2 2 2 2 2 2 2 2 2 2 2 2 2 2 2 2 2 2 2 2 2 2 2 2 2 2 2 2 2
left_child=1 -1 3 13 21 6 12 16 9 -8 11 26 -6 19 17 -14 18 -10 -7 -2 -21 22 27 -4 -25 -12 -9 28 29 -5
right_child=2 -3 23 4 5 7 8 10 14 -11 25 -13 15 -15 -16 -17 -18 -19 -20 20 -22 -23 -24 24 -26 -27 -28 -29 -30 -31
leaf_value=0.012126439157422812 0.0015801576585851218 -0.00081853620793436799 0.0013110053766623893 -0.013491433986120982 0 -0.0010162015723796615 0.0010159777186885888 0 -0.0013528341747314117 -0.0056949118347810338 0.0037825023858917292 0.0033644915197954036 0 -0.0011188898607350812 -0.0024215775197635112 -0.014972983573409121 -0.0052287826740732395 0.0091372775907282502 0.0074326300264794427 0 0.014147653727171645 0.0013407614224029323 0 0.0009378306120150367 -0.0094922174794041456 -0.0061959198760383367 0.015135353456787935 0.00042594089226453014 -0.0026155317113948787 0
leaf_weight=13.643528999295087 30.208302182843909 9.2512419051490706 4.7956676771864322 21.939975956571292 5.5607869061641422 17.367341226665307 54.379190909676254 3.835992029868069 1.9437599014490867 37.849413198884577 4.0890169236808998 53.527333376230672 3.7376837271731409 21.002495950553566 4.8840945356059811 14.158256047172467 20.188113260548562 28.106546217110008 7.9844089866382992 2.9577590436674646 10.198850489454342 9.2822690871544165 18.493739956757054 4.1460899438243421 20.182534340652634 7.8813584811287001 15.054497108329086 4.3426640072138971 34.521125792525709 3.8204441990237674
leaf_count=226 1861 183 452 1318 138 1232 3769 141 102 3660 176 3648 98 1568 452 392 1399 1746 412 152 453 422 1250 312 1934 480 430 270 2218 292
internal_value=3.9429e-05 0.00694667 -0.000330607 0 -0.000576202 0.000609435 -0.00139673 0.00307801 0.00027157 -0.00166321 0.00553308 0.00698784 -0.00950272 0.00336833 0.00548531 -0.0124193 -0.00110084 0.00765304 0.00176051 0.00591986 0.0109632 -0.00424778 -0.00520067 -0.00497837 -0.00705653 -0.00127132 0.0129645 -0.00667393 -0.00755483 -0.0116422
internal_weight=489.334 22.8948 466.44 437.315 372.948 280.548 150.62 129.928 127.163 92.2286 84.3882 72.4178 23.4567 64.3674 34.9344 17.8959 45.5399 30.0503 25.3518 43.3649 13.1566 92.4002 83.1179 29.1243 24.3286 11.9704 18.8905 64.6242 60.2815 25.7604
internal_count=31186 409 30777 28079 24045 18275 10357 7918 9729 7429 4875 4219 628 4034 2300 490 3043 1848 1644 2466 605 5770 5348 2698 2246 656 571 4098 3828 1610
is_linear=0
shrinkage=0.05


Tree=105
num_leaves=31
num_cat=0
split_feature=6 1 33 39 39 4 30 8 39 39 16 36 7 12 21 16 40 16 41 9 4 2 39 25 26 40 16 38 36 31
split_gain=0.392836 0.757428 0.587631 0.54066 0.475126 0.442738 0.584846 0.547081 0.955752 0.70274 0.956074 0.427458 0.539769 0.939345 0.539369 0.533266 0.491801 0.477215 0.423522 0.363501 0.360952 0.355121 0.338651 0.312291 0.340138 0.306912 0.373136 0.347142 0.304252 0.482322
threshold=-0.40333333611488337 -0.31666666269302363 0.14999997615814212 0.024005748331546787 0.018158050253987316 0.43000000715255743 0.46166664361953741 -0.096666663885116563 0.025967382825911049 0.013734275940805675 0.37666666507720953 -0.37666666507720942 -0.036666661500930779 -0.12999999523162839 -0.26333332061767573 -0.069999992847442613 0.55666667222976696 -0.33666665852069849 0.03504293970763684 -0.48333333432674402 -0.236666664481163 -0.4433333277702331 0.025245379656553272 -0.4433333277702331 -0.36333334445953364 0.87666666507720958 -0.45666666328907007 -0.18225669860839841 -0.049999997019767754 -0.31000000238418574
decision_type=2 2 2 2 2 2 2 2 2 2 2 2 2 2 2 2 2 2 2 2 2 2 2 2 2 2 2 2 2 2
left_child=1 3 19 4 -1 6 7 9 28 -2 11 15 13 16 -15 -11 -13 -14 22 -3 -12 -5 -8 -21 -25 26 -10 -28 -9 -30
right_child=5 2 -4 21 -6 -7 18 8 25 10 20 12 17 14 -16 -17 -18 -19 -20 23 -22 -23 -24 24 -26 -27 27 -29 29 -31
leaf_value=0.0032276344497794429 -0.0075955076197911009 0 0.00079108539201183474 -0.00010895689456199183 -0.0099548527148324399 -0.0058281765241065056 -0.0046038320069345983 -0.0047534488549255084 0 0.0032710033543211035 0.016900665790351405 0 0.013607405177528703 -0.002755674216028878 0.0084872212176753097 -0.0081212929163041146 -0.0097512524878164333 0.00090359576781224834 0.011270798738414953 0 0.00094190249569732736 0.012665698489582678 0.0067797137740402379 0 -0.017303021350720857 0 0 -0.011773171579937255 0.0052774208142629571 -0.00063903510376901837
leaf_weight=6.1231171707622725 10.341375797288491 3.3649610020220306 7.3403374077752224 3.0196264260448515 6.9093948632944375 23.341731774620712 9.7407057569362241 17.878743149805814 6.6035366998985401 9.5624546711333114 10.162785288179295 22.42435629107058 12.037748645059763 7.7983738887123755 29.242686456767842 18.274432917125523 18.00827012443915 22.357306093676016 14.718494558008386 2.4384155862499055 10.17974465433508 7.1648344493005407 5.160776005126535 2.8505955582950326 16.974239263450723 12.706967920879832 4.6416685194708398 34.428553987294436 44.227613309165463 88.780672529363073
leaf_count=299 888 110 521 131 310 2250 240 1200 127 393 383 1167 288 574 2143 1375 939 1737 323 139 624 251 114 158 963 870 400 2973 1882 7378
internal_value=-0.000434195 -0.00415695 -0.00859357 0.00175846 -0.00338274 4.25439e-05 0.00051693 0 -0.00174708 0.00200719 0.00303025 0.00113082 0.00263854 0 0.0054852 -0.00358292 -0.00476298 0.00732937 0.00664552 -0.0117121 0.0118972 0.00869717 0 -0.0136256 -0.0152781 -0.00686679 -0.00857884 -0.0102507 0.00026132 0.00129132
internal_weight=488.805 56.1855 32.9685 23.217 13.0325 432.619 409.277 379.657 209.268 170.39 160.048 139.706 111.869 77.4737 37.0411 27.8369 40.4326 34.3951 29.62 25.6282 20.3425 10.1845 14.9015 22.2633 19.8248 58.3807 45.6738 39.0702 150.887 133.008
internal_count=31150 2882 1891 991 609 28268 26018 25341 14830 10511 9623 8616 6848 4823 2717 1768 2106 2025 677 1370 1007 382 354 1260 1121 4370 3500 3373 10460 9260
is_linear=0
shrinkage=0.05


Tree=106
num_leaves=31
num_cat=0
split_feature=4 39 9 11 18 41 11 38 10 0 32 36 36 10 41 41 5 40 39 24 25 38 38 30 39 30 0 28 27 32
split_gain=0.601197 0.630232 0.66206 0.51966 0.655348 0.719878 0.627409 0.732482 0.660959 0.656195 0.442942 0.541309 0.441459 0.436101 0.505969 0.421021 1.07612 0.535749 0.395187 0.432186 0.449075 0.428365 0.414096 0.385737 0.369642 0.359748 0.448444 0.353831 0.347306 0.345843
threshold=0.16333335638046267 0.02481290698051453 -0.13666665554046628 0.14999997615814212 -0.35000000894069666 0.031045022420585159 -0.36333334445953364 -0.11537122726440428 -0.18999999761581418 0.12166666984558107 -0.31666666269302363 0.27666664123535162 0.25666666030883795 -0.26333332061767573 0.038556762039661414 0.032537529245018966 0.23666667938232425 0.17000000178813937 0.013734275940805675 -0.29666668176650995 0.36333334445953375 -0.13281488418579099 0.011566162109375002 -0.3899999856948852 0.020642076618969444 0.26999998092651373 -0.15000000596046445 0.11666667461395265 -0.21666666865348813 0.25666666030883795
decision_type=2 2 2 2 2 2 2 2 2 2 2 2 2 2 2 2 2 2 2 2 2 2 2 2 2 2 2 2 2 2
left_child=3 15 -3 4 5 -1 7 -7 -8 12 11 23 -9 -12 28 16 29 -17 -5 -20 21 -21 27 -6 -16 -19 -27 -23 -15 -2
right_child=1 2 -4 18 10 6 8 9 -10 -11 13 -13 -14 14 24 17 -18 25 19 20 -22 22 -24 -25 -26 26 -28 -29 -30 -31
leaf_value=0.0089730302199697888 -0.013995748444681894 0.00024751273462979116 -0.01016952280256401 -0.0038560200129249783 0 0.0080606649150242026 -0.004253821271271256 -0.0022210078958048124 0.0087815640087346367 0.0010559723422229597 0.0042198501065622727 0.0033362207312477724 -0.018446459809972969 0.0050124672453474815 0.00010643485582536302 -0.0029446555367689431 0.0025684045874834246 0 -0.00092711599377816507 0 -0.0018846531170783787 0.013927116524226707 0.0012223209947410524 -0.012340303955289643 -0.0091178582915152455 0 0.01356742065490526 0 -0.0024313153788478713 0
leaf_weight=28.297041240381077 14.573702366556974 16.640400990843773 35.262881380040199 5.7689199782907954 12.48932200623676 3.5107291308231643 7.1879139656666693 15.301298155682163 23.632200946798548 10.968937148572875 30.223625814076513 5.0851449337787917 7.3145282925106576 21.88401735550724 8.5977793680503947 20.509984638541937 23.505551882553846 19.409261652035639 14.128708124859257 9.685178423766045 6.1467435779049984 33.569636307656765 17.705426749656908 20.098699222085997 25.443256577593274 7.8872012563515481 13.083654038142411 2.4128081742674103 26.40249000035692 4.3492242565844199
leaf_count=884 984 1024 2907 465 606 96 268 467 807 303 2130 493 208 1075 718 1296 1353 1761 1170 416 588 1447 1537 1603 2138 350 714 208 2941 197
internal_value=0 -0.00253742 -0.00671845 0.00116624 0 0.00306745 0 -0.00402211 0.00486468 -0.00694706 -0.00208114 -0.00638442 -0.0111098 -0.000179637 -0.00225473 0 -0.00371874 0.00239235 0.00429981 0.00536158 0.00694281 0.00824833 0.0098497 -0.00883203 -0.00649687 0.00567242 0.00941688 0.012718 0.00066291 -0.0112697
internal_weight=491.076 155.222 51.9033 335.854 246.437 96.2126 67.9156 37.0955 30.8201 33.5848 150.224 37.6732 22.6158 112.551 82.3275 103.319 42.4285 60.8901 89.4174 83.6485 69.5198 63.373 53.6879 32.588 34.041 40.3801 20.9709 35.9824 48.2865 18.9229
internal_count=31154 10586 3931 20568 14737 3033 2149 1074 1075 978 11704 2702 675 9002 6872 6655 2534 4121 5831 5366 4196 3608 3192 2209 2856 2825 1064 1655 4016 1181
is_linear=0
shrinkage=0.05


Tree=107
num_leaves=31
num_cat=0
split_feature=18 37 37 36 39 37 39 38 24 36 39 30 39 31 2 11 37 19 6 12 36 26 14 18 3 35 3 36 12 0
split_gain=0.522904 0.886283 0.850979 0.907086 0.796035 0.829688 0.673577 0.630237 0.517917 0.902654 0.630651 0.628413 0.557319 0.456676 0.416822 0.354961 0.613074 0.452461 0.496338 0.351828 0.411026 0.357548 0.351588 0.360909 0.330536 0.319642 0.295774 0.28934 0.287188 0.275927
threshold=-0.36333334445953364 0.025244712829589847 0.064506053924560561 0.22333335876464847 0.016595917753875259 -0.033434391021728509 0.017001166008412841 -0.0027670860290527339 0.19666665792465213 0.2833333313465119 0.021494119428098205 0.20333331823349002 0.028243753127753738 0.48333334922790533 0.30333334207534796 -0.16333332657814023 -0.036983489990234368 -0.016666665673255917 -0.46999999880790705 0.41666668653488165 -0.2766666561365127 0.35000002384185797 0.25000000000000006 0.35666668415069586 -0.10999999940395354 -0.41666667163372034 -0.37666666507720942 0.38333332538604742 -0.20333333313465116 0.35000002384185797
decision_type=2 2 2 2 2 2 2 2 2 2 2 2 2 2 2 2 2 2 2 2 2 2 2 2 2 2 2 2 2 2
left_child=1 4 6 -4 5 -1 -3 -7 10 -10 11 -6 14 15 -12 -2 17 -17 -19 20 21 26 28 -24 25 -15 -18 -20 -22 -28
right_child=13 2 3 -5 8 7 -8 -9 9 -11 12 -13 -14 24 -16 16 19 18 27 -21 22 -23 23 -25 -26 -27 29 -29 -30 -31
leaf_value=0.016843015140651126 -0.0042337842006153273 0 0.0065947366122514105 -0.010146522179265927 0.0027988426479333239 -0.0080101199806488065 0.016555823154094967 0.0070178123151621516 -0.015046995007625092 0.0021853169499994247 0.011403795636339122 -0.011013519447659333 -0.0025140487408358281 0 0 7.0611951031422483e-05 -9.214682182311925e-05 0.0031212351464603751 -0.010941711708774953 -0.0048170730753376561 -0.0028233471095847002 -0.0025910548883967916 -0.0080657359992643302 0.0018179345831192441 -0.00051557970668446274 0.013677772201723568 0.009809902638444834 0 0.0031699415519081103 0
leaf_weight=6.1429738691076663 85.670554601005279 6.0340299787931171 14.830744192702698 7.227278020232915 6.561971596209335 7.5875984430313119 19.390494802268222 8.2901202766224706 12.148959326092156 7.0362277165986589 16.091348160989586 14.483494902262462 14.110636815894393 3.9774765230249614 7.4471649187616995 23.789906864520162 6.1665360836777827 3.3182554726954541 30.727906144456938 15.190064375172367 17.90519111091271 4.932672770228236 17.208296617260206 6.6388520360924295 6.3378350362181655 6.5124564541038144 33.972837111912668 4.7055030830670139 69.339007890317589 6.2659264667890957
leaf_count=155 6500 177 413 188 259 196 507 227 333 155 519 358 444 71 195 1660 307 127 2429 1759 1102 243 1954 662 342 205 2288 491 6368 506
internal_value=0 0.00246606 0.00767208 0 -6.67699e-05 0.00699381 0.0129568 0 -0.00271868 -0.00871937 0 -0.00611697 0.0035967 -0.00103636 0.00787285 -0.00155025 -0.000411548 -0.00450764 -0.00750954 0.000994741 0.00183892 0.00527775 0 -0.00466428 0.00561095 0.00966934 0.00679211 -0.00941629 0.00156929 0.00826285
internal_weight=490.042 147.383 47.4825 22.058 99.9005 22.0207 25.4245 15.8777 77.8798 19.1852 58.6946 21.0455 37.6491 342.659 23.5385 325.832 240.161 62.5416 38.7517 177.619 162.429 51.338 111.091 23.8471 16.8278 10.4899 46.4053 35.4334 87.2442 40.2388
internal_count=31140 4126 1285 601 2841 578 684 423 2263 488 1775 617 1158 27014 714 26396 19896 4707 3047 15189 13430 3344 10086 2616 618 276 3101 2920 7470 2794
is_linear=0
shrinkage=0.05


Tree=108
num_leaves=31
num_cat=0
split_feature=24 3 5 38 24 20 24 25 22 18 15 31 0 28 26 22 35 33 34 34 38 38 17 40 31 26 14 1 25 8
split_gain=0.453091 0.602866 0.484027 0.851658 0.676461 0.47518 0.534019 0.447572 0.682115 0.446544 0.397565 0.38654 0.37965 0.369618 0.428114 0.364168 0.342859 0.338452 0.328618 0.587049 0.61454 0.496036 0.344187 0.322864 0.312021 0.299335 0.337813 0.330486 0.30264 0.289969
threshold=-0.32999998331069941 0.23500001430511477 0.25000000000000006 0.0249934196472168 0.043333351612091071 0.10833334922790529 0.25000000000000006 -0.40333333611488337 -0.11666667461395262 -0.43000000715255732 -0.48333333432674402 0.17000001668930056 -0.30333334207534784 0.17666667699813846 0.18333333730697635 0.45666664838790899 -0.25666666030883784 0.43666666746139532 0.49000000953674322 0.31000000238418585 -0.0095186233520507795 -0.2015423774719238 -0.4433333277702331 0.96333330869674694 -0.43000000715255732 -0.29666668176650995 -0.31666666269302363 0.14333331584930423 0.24333333969116214 -0.236666664481163
decision_type=2 2 2 2 2 2 2 2 2 2 2 2 2 2 2 2 2 2 2 2 2 2 2 2 2 2 2 2 2 2
left_child=7 5 13 4 24 10 9 -1 29 -7 -2 12 -5 -3 -15 -14 -16 23 19 22 21 -21 -12 -10 -4 26 -24 28 -27 -9
right_child=1 2 3 11 -6 6 -8 8 17 -11 18 -13 15 14 16 -17 -18 -19 -20 20 -22 -23 25 -25 -26 27 -28 -29 -30 -31
leaf_value=0.0043547305195248496 -0.008585344418006997 0 0.010367255641790097 -0.00037285596797545181 -0.0074064251337314854 0.0081141828339683902 0.010928405464696474 0.0066664053255334468 -0.012518760662144785 0 0.0060036768924647127 -0.00023476409088469885 0.015094775163575028 -0.00022993437558225385 0 0 -0.015768073170793009 0.00030546317188805252 -0.0077280176457256433 -0.0025935105018423475 -0.00010390218714344349 0.010720906807096277 -0.0025258703457747547 0 -0.00091863019701599654 -0.0055027046300373875 0.0071151428577039951 0.0015575352082844128 0.0015781982016160269 -0.0024622800358605266
leaf_weight=7.3050117061939082 5.2722486797720185 17.976710099028423 4.4464224958792329 2.3661910460796269 29.267735262168571 18.16665828647092 21.660108571639284 7.25286402483471 26.317340597044684 75.815471146139316 12.010047663468866 6.6341674495488396 13.182836248073725 15.04910273384303 2.5380312560591856 2.5079381044488391 12.440596838714551 2.5502158417366436 3.606558136176317 2.609849600121378 23.697639580117539 34.15307531110011 7.4380101331044015 2.0721412131097159 4.8404397163540107 66.200721598230302 13.972971661249174 23.995684926398098 9.873889814829452 16.724817436537705
leaf_count=596 93 1713 92 197 2089 393 1247 412 2242 4821 290 810 711 977 101 162 513 236 231 109 1566 1402 329 171 360 4185 1246 1611 740 1524
internal_value=0.000209311 0.000846694 -0.00214109 0.000433512 -0.00365541 0.00198774 0.00448162 -0.00351348 -0.00529632 0.00217912 0.000358246 0.00709926 0.0102195 -0.00566735 -0.0085903 0.0126307 -0.0133302 -0.00961113 0.000965762 0.0014795 0.00534245 0.00895981 -0.000245416 -0.0111268 0.00479774 -0.00131282 0.00303411 -0.0025976 -0.00423087 0.000246653
internal_weight=491.945 429.723 111.25 63.2457 38.5546 318.473 115.642 62.2224 54.9174 93.9821 202.831 24.6911 18.057 48.0044 30.0277 15.6908 14.9786 30.9397 197.558 193.952 60.4606 36.7629 133.491 28.3895 9.28686 121.481 21.411 100.07 76.0746 23.9777
internal_count=31169 25988 7725 4421 2541 18263 6461 5181 4585 5214 11802 1880 1070 3304 1591 873 614 2649 11709 11478 3077 1511 8401 2413 452 8111 1575 6536 4925 1936
is_linear=0
shrinkage=0.05


Tree=109
num_leaves=31
num_cat=0
split_feature=29 4 25 25 10 8 27 37 33 39 39 37 0 4 32 12 39 28 31 33 27 13 18 40 32 25 30 18 26 32
split_gain=0.379415 0.603314 0.504683 0.733939 0.389396 0.376232 0.529652 0.509918 0.508802 0.670372 0.572583 0.812021 0.608269 0.560684 0.506524 0.366437 0.366117 0.480714 0.450724 0.535989 0.51053 0.36137 0.449433 0.411972 0.355425 0.351414 0.345652 0.345109 0.340618 0.328124
threshold=0.42333334684371954 0.43000000715255743 -0.069999992847442613 0.32999998331069952 0.31666666269302374 -0.10999999940395354 -0.31666666269302363 -0.035023689270019524 0.043333351612091071 0.028243753127753738 0.021990424022078518 -0.015175819396972655 -0.30333334207534784 -0.236666664481163 0.25666666030883795 0.096666663885116591 0.030262772925198082 0.20333331823349002 -0.11666667461395262 0.19666665792465213 -0.41666667163372034 0.14999997615814212 -0.31666666269302363 0.2100000008940697 -0.32999998331069941 0.23666667938232425 -0.30333334207534784 -0.48333333432674402 -0.33666665852069849 -0.056666672229766839
decision_type=2 2 2 2 2 2 2 2 2 2 2 2 2 2 2 2 2 2 2 2 2 2 2 2 2 2 2 2 2 2
left_child=5 2 4 27 -2 8 16 -8 9 10 11 25 -12 -13 15 -9 17 -7 19 -19 -21 22 29 -23 -24 28 -25 -4 -1 -11
right_child=1 -3 3 -5 -6 6 7 14 -10 21 12 13 -14 -15 -16 -17 -18 18 -20 20 -22 23 24 26 -26 -27 -28 -29 -30 -31
leaf_value=0.00043664446774269806 -0.009373164304384481 -0.0045334082737173743 0 -0.00067944611698039401 0.0031918154135178213 0.0060234071646912144 0.00038584770295338011 -0.0098395588976513647 0.010083078496955859 -0.0060805149903212161 0.0015289313930018419 0.0099678003701753927 -0.0086226159145370799 0 0 -0.00028928540473343662 -0.0052666307695345329 0.0084177202285199704 -0.0082106928556117415 -0.010217426475730484 0.0042831241906636907 -0.0080728787174372957 0 0.0081101188678264959 0.012249186471460597 0.0026233032240948473 -0.0035571842309965757 0.01418286429441803 -0.0098265122989663872 0.0055113665384273272
leaf_weight=4.5505331829190316 4.1776470579206926 12.430193288251756 7.3947499701753214 11.943909597932359 6.8132259000558406 36.34608170716092 34.318530210759491 55.754421676625498 7.0911940212827167 7.5844510972965509 13.743953843833877 18.529888178687543 40.711246475111693 35.342329017352313 27.250829683267511 19.089474329492077 13.107723005581645 10.975402253679936 10.311650989810003 6.8209301226306724 3.8713036195840651 6.5666328375227776 8.8837960797827673 8.7324108413886279 20.68601513677277 3.9420410168822846 3.0258433390408728 22.194419524632401 21.615205635782331 4.47095859935507
leaf_count=339 111 959 113 525 155 1567 3220 4628 203 249 699 1122 2796 2662 3056 2432 658 268 526 177 128 280 410 287 1018 257 244 571 1359 107
internal_value=-0.00030437 0.00300817 0.00550192 0.00792066 -0.00173619 -0.000905811 -0.0023478 -0.00421469 0.000528007 0 -0.00200273 0.000370315 -0.00574948 0.00415876 -0.005928 -0.00791518 0.000568225 0.00235875 -0.00144165 0.00195815 -0.00381716 0.00407773 0.00646717 -0.00057858 0.00935883 -0.00528067 0.00351245 0.0116239 -0.0075159 0
internal_weight=488.277 64.9541 52.524 41.5331 10.9909 423.323 217.846 136.413 205.476 198.385 138.435 83.98 54.4552 53.8722 102.095 74.8439 81.4331 68.3254 31.9793 21.6676 10.6922 59.9501 41.6252 18.3249 29.5698 30.1078 11.7583 29.5892 26.1657 12.0554
internal_count=31126 2434 1475 1209 266 28692 16660 13336 12032 11829 9234 5739 3495 3784 10116 7060 3324 2666 1099 573 305 2595 1784 811 1428 1955 531 684 1698 356
is_linear=0
shrinkage=0.05


Tree=110
num_leaves=31
num_cat=0
split_feature=8 7 39 9 34 36 33 9 16 39 10 12 40 33 19 32 38 35 38 20 20 8 27 38 20 24 16 39 12 37
split_gain=0.358627 0.749145 0.644094 0.463662 0.455013 0.513073 0.492191 0.499565 0.463074 0.454016 0.447747 0.705499 0.397652 0.603209 0.836901 0.48092 0.675534 0.687052 0.482789 0.440959 0.554112 0.439363 0.376326 0.348102 0.335343 0.332666 0.330823 0.281779 0.276336 0.269634
threshold=-0.16333332657814023 -0.030000001192092892 0.013734275940805675 0.43666666746139532 0.25666666030883795 -0.48333333432674402 -0.19666665792465207 -0.48333333432674402 -0.43000000715255732 0.016939676366746429 -0.4433333277702331 -0.31666666269302363 0.756666660308838 0.38333332538604742 -0.0099999904632568342 0.043333351612091071 0.039235115051269538 0.30333334207534796 0.06576776504516603 -0.3899999856948852 0.4499999880790711 0.23000001907348636 0.11000001430511476 -0.032394886016845696 0.069999992847442641 -0.18999999761581418 -0.45666666328907007 0.026747362688183788 -0.063333332538604722 0.00051307678222656261
decision_type=2 2 2 2 2 2 2 2 2 2 2 2 2 2 2 2 2 2 2 2 2 2 2 2 2 2 2 2 2 2
left_child=2 3 23 9 6 -6 7 -4 -8 -2 -7 -12 15 14 22 18 19 -18 -3 -17 21 29 -14 -1 -9 -10 -15 -19 -13 -21
right_child=1 12 4 -5 5 10 8 24 25 -11 11 28 13 26 -16 16 17 27 -20 20 -22 -23 -24 -25 -26 -27 -28 -29 -30 -31
leaf_value=0.0013144763094954204 0 0.0066318839187975449 0.0082143427655375495 0.0043687207811156335 -0.0048783682195496711 0.013938235942962658 -0.0027714051272024684 -0.0055421182506988553 0 -0.0078096894399530062 0.012419402487660255 -0.006231842231208623 0.010816230029096444 -0.010114638675799094 -0.0028115192164735714 0.002392041488607187 -0.0023650731010148138 0.012368870765063746 -0.0038217628786199466 0 0.0020108867221061955 -0.013136108529206695 0 -0.011287912383080811 0.00018016581528633192 0.011976854162341344 0.00045967688105405025 0 0.0019784830321408144 -0.0075975260006239309
leaf_weight=2.1570612322539091 18.969880504533648 28.103668517433107 5.3646362724248311 5.2905604552943251 3.2270749255549154 15.074825576506553 4.4451823639683452 41.403791297227144 4.5302849828731331 62.963022985844873 8.6384790579322708 8.4308406850323028 37.002573656383902 4.7659537568688384 14.016536433715372 8.2310656392946822 21.947433455963619 10.229589720489455 8.3841624048072827 20.940333612263206 8.4361255698604491 25.765597471734509 7.3502706484869114 7.8705562157556397 37.902751630870625 15.062458055792371 10.257030500797553 3.20169345405884 27.314734852174301 10.147440404165534
leaf_count=119 1350 1782 214 336 124 423 96 2891 280 4537 256 485 1280 102 1870 649 1229 892 640 1288 441 1778 558 724 2576 742 936 328 1401 708
internal_value=0 -0.000994361 0.00177135 -0.00477711 0.00269364 0.00591847 0.00040383 -0.00122922 0.00608489 -0.00590978 0.00727982 0.00313161 0.000489792 0.0034149 0.0057875 -0.000898503 -0.00267382 0.00229107 0.00344095 -0.00536996 -0.00681816 -0.0085929 0.00901269 -0.00753995 -0.0026939 0.00924971 -0.0036351 0.00956701 0 -0.00263743
internal_weight=487.426 306.003 181.423 87.2235 171.395 62.686 108.709 84.6712 24.0379 81.9329 59.4589 44.3841 218.779 73.3924 58.3694 145.387 108.899 35.3787 36.4878 73.5206 65.2895 56.8534 44.3528 10.0276 79.3065 19.5927 15.023 13.4313 35.7456 31.0878
internal_count=31035 20704 10331 6223 9488 2689 6799 5681 1118 5887 2565 2142 14481 4746 3708 9735 7313 2449 2422 4864 4215 3774 1838 843 5467 1022 1038 1220 1886 1996
is_linear=0
shrinkage=0.05


Tree=111
num_leaves=31
num_cat=0
split_feature=9 8 37 38 39 5 32 15 25 28 7 11 39 39 39 38 13 37 39 29 27 4 37 34 27 31 19 10 32 38
split_gain=0.373981 0.47682 0.559706 0.841961 0.865292 0.594323 0.555611 0.55023 0.496686 0.439066 0.450294 0.601131 0.403334 0.591223 0.380471 0.456603 0.915054 0.600345 0.555214 0.551808 0.46543 0.456427 0.373926 0.362908 0.357642 0.437237 0.394113 0.390881 0.339441 0.64331
threshold=0.43000000715255743 0.26999998092651373 0.041171073913574226 -0.0027670860290527339 0.021990424022078518 0.33666664361953741 0.29666668176651007 -0.45666666328907007 -0.016666665673255917 0.17666667699813846 -0.0099999904632568342 -0.049999997019767754 0.030629945918917659 0.020881145261228088 0.013734275940805675 -0.079872131347656236 0.35000002384185797 -0.059786796569824212 0.016939676366746429 -0.016666665673255917 0.01666665077209473 -0.45666666328907007 -0.045586585998535149 0.35000002384185797 0.13666665554046634 -0.19666665792465207 -0.35000000894069666 0.17000001668930056 -0.063333332538604722 -0.04909467697143554
decision_type=2 2 2 2 2 2 2 2 2 2 2 2 2 2 2 2 2 2 2 2 2 2 2 2 2 2 2 2 2 2
left_child=1 7 3 4 23 -4 -6 8 -1 14 11 -11 13 -2 -9 16 -16 19 22 -17 -18 -20 -19 -3 25 27 -27 -12 29 -23
right_child=12 2 5 -5 6 -7 -8 9 -10 10 24 -13 -14 -15 15 17 20 18 21 -21 -22 28 -24 -25 -26 26 -28 -29 -30 -31
leaf_value=0 0 -0.016081454048222383 -0.016168073912901187 0.0044925544800270044 0.006114534491614896 0 -0.0071785174427772217 -0.0054666515100326215 0.011104817128777216 -0.010536527906785666 0.0092558305335591669 0.0010376780129021609 -0.0028632362777334811 0.012250897896571125 -0.0059506352531174802 0.015310683861464969 0.013698332870895025 -0.0021779413134971996 -0.0091930653285776515 -0.00072000597185612055 -0.00066580694948495367 0.006253394900674801 0.0094234996741405733 0 -0.0055410620379599965 -0.009034434930407639 0.0012509316213393229 -0.0010017834410371638 0.0041469105990490449 -0.0032556071317842907
leaf_weight=14.961707362905146 13.197548550786452 11.755245270556768 9.8843345252098498 27.087243006099015 13.386433355743067 4.4362830449827007 6.8903558651218182 15.837456239853053 14.692104540765284 27.056375238578767 18.273565292824063 10.005648646503685 6.7076696539297691 15.083487686002625 41.608180065173656 10.119017478544263 5.146264066686852 2.4357217589858946 6.4235509568825355 3.1479694230947635 4.4774721132125705 16.604869525879622 23.226190397981554 2.8103541992604724 17.874286137288436 7.3418809981085387 17.618934718426317 6.9711907696910194 45.015556359663606 68.226982684922405
leaf_count=306 983 884 746 1787 722 406 544 1335 276 1273 597 813 431 879 2653 502 156 198 441 223 224 828 1877 206 1594 257 1539 271 3401 4774
internal_value=-0.000139989 -0.000594889 -0.0040534 -0.00111318 -0.00610308 -0.0114551 3.82608e-05 9.17636e-05 0.00606147 -0.000441308 -0.00308878 -0.00712207 0.00436814 0.00701348 0.000653844 0.00131956 -0.00240407 0.00258994 0.00136418 0.0111697 0.00772602 0 0.00732869 -0.013385 -0.000156613 0.00170245 -0.00213143 0.00597469 0.000819009 -0.000828968
internal_weight=488.304 453.315 76.2502 61.9296 34.8424 14.3206 20.2768 377.065 29.6538 347.411 105.142 37.062 34.9887 28.281 242.269 226.432 51.2319 175.2 161.933 13.267 9.62374 136.271 25.6619 14.5656 68.0799 50.2056 24.9608 25.2448 129.847 84.8319
internal_count=31126 28833 5295 4143 2356 1152 1266 23538 582 22956 6344 2086 2293 1862 16612 15277 3033 12244 11519 725 380 9444 2075 1090 4258 2664 1796 868 9003 5602
is_linear=0
shrinkage=0.05


Tree=112
num_leaves=31
num_cat=0
split_feature=30 37 27 3 38 37 39 16 41 38 38 41 13 7 8 32 39 38 28 0 26 1 41 24 16 10 30 12 7 39
split_gain=0.473821 0.777148 0.810152 0.733275 0.755365 0.670721 0.578931 0.407005 0.612189 0.694619 0.847827 0.539039 0.578361 0.451939 0.539848 0.879772 0.58986 0.563285 0.657519 0.685574 0.655404 0.542737 0.406275 0.466693 0.403729 0.393728 0.391196 0.386529 0.372766 0.372758
threshold=-0.31000000238418574 -0.06400823593139647 -0.37666666507720942 0.21499997377395633 -0.0027670860290527339 -0.036983489990234368 0.022228290326893333 -0.24999999999999997 0.06874531134963037 -0.11537122726440428 -0.033671855926513665 0.032807279378175742 -0.30333334207534784 0.35000002384185797 -0.17000000178813932 -0.023333340883255001 0.013734275940805675 -0.027582168579101559 0.22166669368743899 0.3966666460037232 0.49666666984558111 -0.36333334445953364 0.039426222443580634 -0.083333343267440782 0.26999998092651373 0.43666666746139532 0.3966666460037232 -0.32999998331069941 -0.32333332300186152 0.040507268160581596
decision_type=2 2 2 2 2 2 2 2 2 2 2 2 2 2 2 2 2 2 2 2 2 2 2 2 2 2 2 2 2 2
left_child=1 6 -3 4 5 -4 -1 8 9 -2 11 -11 -13 14 15 22 27 -18 21 20 -20 -19 23 -12 28 26 -15 -16 -6 -7
right_child=7 2 3 -5 24 29 -8 -9 -10 10 13 12 -14 25 16 -17 17 18 19 -21 -22 -23 -24 -25 -26 -27 -28 -29 -30 -31
leaf_value=-0.0016688086873647727 0.0089956889264828695 -0.012029362661088984 -0.00098031218881348384 -0.0066818218458643986 0.009585075059874229 0.012563510760820018 0.014113335628012667 -0.0025040824528672154 -0.0092729373381206844 0 0.0017378525793037909 -0.014343601359785846 0.00039474966148374973 0 0.011130041285830278 0.013271694633612705 0.0071640545300958765 -0.0092289977875663672 -0.012818095817043035 0.0024999158031541093 0.0020124886164761932 0.0037291504309012388 0.0049924034626006499 -0.012428065673297439 -0.007282970323471083 -0.00019514319328775597 0.014679211272512675 -0.00075472038346219587 -0.0021372470649635793 0
leaf_weight=2.789071865379813 20.663816407788545 4.9939647091086945 9.6798691065050644 11.10566023760475 5.226543182739988 31.544652023352683 15.959642551606519 166.45611612382345 7.9825420640408984 26.505209751194343 3.9251413694582906 14.335425688885154 4.8013577323872587 3.0815791494678733 8.6468918528407794 13.941469372715799 5.3910900712944558 4.1651298999786333 32.990031522233039 6.8144437726587048 4.0007439963519564 29.674467851873491 6.5426705710124216 6.0215012938715544 11.452045106329022 4.4612409078981718 11.430621098261325 5.0388664191123089 7.2299462798982876 2.6593453609384587
leaf_count=137 817 202 442 950 368 1265 545 17768 304 1007 112 487 311 194 214 359 165 134 1013 185 66 1146 181 205 1144 166 328 181 662 105
internal_value=0.000108153 0.00307122 0.000427219 0.00230458 0.0045391 0.00817343 0.01092 -0.000649245 0.000670343 0.00140288 0.000210222 -0.00519175 -0.0104397 0.00220007 0.00073615 0.00604213 -0.000945267 -0.00282795 -0.00428473 -0.00798343 -0.0105756 0.000356969 -0.000868746 -0.00671963 -0.00159724 0.00847569 0.0116374 0.00658797 0.00294377 0.0111455
internal_weight=489.511 102.641 83.892 78.8981 67.7924 43.8839 18.7487 386.87 220.414 212.432 191.768 45.642 19.1368 146.126 127.152 30.4308 96.7217 83.0359 77.6448 43.8052 36.9908 33.8396 16.4893 9.94664 23.9085 18.9734 14.5122 13.6858 12.4565 34.204
internal_count=31163 5820 5138 4936 3986 1812 682 25343 7575 7271 6454 1805 798 4649 3961 857 3104 2709 2544 1264 1079 1280 498 317 2174 688 522 395 1030 1370
is_linear=0
shrinkage=0.05


Tree=113
num_leaves=31
num_cat=0
split_feature=20 32 38 24 19 20 38 31 35 28 40 25 31 27 39 21 38 32 41 18 35 14 41 38 7 40 22 32 32 40
split_gain=0.423332 0.6256 0.403951 0.538518 0.348964 0.333117 0.308135 1.07402 0.741741 0.83835 0.823245 0.552112 0.504157 0.489194 0.506333 0.436573 0.518959 0.429306 0.402996 0.421777 0.500273 0.379505 0.37938 0.353996 0.340007 0.39453 0.37659 0.450173 0.421028 0.548909
threshold=-0.31000000238418574 -0.19666665792465207 0.06216478347778321 0.33666664361953741 0.41666668653488165 -0.45666666328907007 0.06216478347778321 0.1566666662693024 0.083333313465118422 0.17666667699813846 0.096666667610406889 -0.26999998092651362 0.17666667699813846 -0.35000000894069666 0.032171895727515228 0.18333333730697635 -0.13281488418579099 0.25000000000000006 0.061075946316123016 -0.10999999940395354 -0.15666666626930234 -0.25666666030883784 0.03423393331468106 0.022661209106445316 -0.083333343267440782 0.65333333611488353 0.26999998092651373 0.38999998569488531 0.043333351612091071 0.62333333492279064
decision_type=2 2 2 2 2 2 2 2 2 2 2 2 2 2 2 2 2 2 2 2 2 2 2 2 2 2 2 2 2 2
left_child=1 4 3 -3 5 -1 12 8 9 -8 -11 -12 18 -13 21 16 -14 -10 19 24 -21 -15 -9 -22 25 -2 28 -28 -26 -30
right_child=6 2 -4 -5 -6 -7 7 22 17 10 11 13 15 14 -16 -17 -18 -19 -20 20 23 -23 -24 -25 26 -27 27 -29 29 -31
leaf_value=0 0 0.00581020110387033 -0.0056218527817041217 -0.0047329014755634093 -0.00046527468828148129 0.011868398471638026 0.0058149160600070226 0.00064897626305089227 0.00045628729260574946 0.0061201145196445716 0.0013751383034775553 0 -0.0086757332260863334 -0.022694885838536745 0 0.0068057099652998436 0.0015046584446000552 0.014195894885035497 -0.010968843701102557 0 -0.010725622150016691 0 -0.0098377361627822596 0 0.003920281779521439 -0.0087176382896314679 0.0079643909165529794 -0.0042086370429603621 -0.0078057356900399638 0.002011483706612343
leaf_weight=4.6545106582343605 21.049512369558215 32.375090671004727 16.203016567742452 10.024695424130185 4.1522510387003413 24.418124064919539 32.981874156743288 6.1507884301245239 13.433147113421002 6.2814803395886001 4.9624895472079578 5.9573171860538485 9.5921651258831826 7.951939320424577 3.3131854201201341 22.51252461806871 52.093447822495364 16.932677193544805 9.5274436373729241 22.913590817828663 27.745118213235401 2.6892310152761496 17.023478021612391 5.6177159436047068 22.422486170660704 15.82181757641956 26.599062262335796 2.8493387156631789 25.471522186649963 16.656531499931589
leaf_count=261 1327 1908 1164 936 175 1306 1953 756 769 206 275 136 530 265 123 1735 3507 1009 570 1905 2870 239 1766 560 1134 916 994 96 1102 649
internal_value=0.000245091 0.0032253 0 0.00252323 0.00811276 0.00992072 -0.000417417 0.00158528 0.004126 0.000431434 -0.00461348 -0.00879637 -0.00135924 -0.0120276 -0.0157842 0.00162071 -0.000337777 0.00988337 -0.00276856 -0.00189388 -0.00529543 -0.01936 -0.00663644 -0.00872572 -8.04846e-05 -0.00395936 0.00133728 0.00556832 -0.00054799 -0.0036379
internal_weight=490.378 91.8277 58.6028 42.3998 33.2249 29.0726 398.55 117.678 94.5033 64.1375 31.1556 24.8742 280.872 19.9117 13.9544 84.1981 61.6856 30.3658 196.674 187.147 56.2764 10.6412 23.1743 33.3628 130.87 36.8713 93.9989 29.4484 64.5505 42.1281
internal_count=31142 5750 4008 2844 1742 1567 25392 7497 4975 3197 1244 1038 17895 763 627 5772 4037 1778 12123 11553 5335 504 2522 3430 6218 2243 3975 1090 2885 1751
is_linear=0
shrinkage=0.05


Tree=114
num_leaves=31
num_cat=0
split_feature=9 7 20 40 39 35 15 19 39 31 27 0 32 32 36 37 37 30 29 25 10 10 11 6 0 40 41 13 14 14
split_gain=0.314927 0.478743 0.390599 0.544983 0.441339 0.53867 0.541843 0.402644 0.396722 0.392374 0.393701 0.545359 0.441022 0.606709 0.380323 0.595501 0.505516 0.425531 0.522715 0.505089 0.868959 0.44694 0.454762 0.408922 0.462634 0.368412 0.349339 0.341763 0.323819 0.318949
threshold=0.43666666746139532 0.40333333611488348 0.40333333611488348 0.92000001668930065 0.031085027381777767 0.33666664361953741 -0.083333343267440782 0.056666672229766853 0.016595917753875259 0.35000002384185797 0.29000002145767217 0.21666666865348819 -0.35000000894069666 -0.4433333277702331 0.37666666507720953 -0.01895046234130859 -0.088633060455322252 0.45499998331069952 -0.37666666507720942 0.028333306312561039 0.056666672229766853 -0.20333333313465116 -0.35000000894069666 -0.12333333492279051 0.14999997615814212 0.11666666716337205 0.031045022420585159 -0.19666665792465207 -0.32999998331069941 -0.023333340883255001
decision_type=2 2 2 2 2 2 2 2 2 2 2 2 2 2 2 2 2 2 2 2 2 2 2 2 2 2 2 2 2 2
left_child=2 -2 7 4 5 6 8 14 -4 -9 12 25 13 -11 16 -16 -1 18 26 21 -21 29 -23 -22 -25 -12 -18 -17 -10 -20
right_child=1 -3 3 -5 -6 -7 -8 9 28 10 11 -13 -14 -15 15 27 17 -19 19 20 23 22 -24 24 -26 -27 -28 -29 -30 -31
leaf_value=-0.0055797741033139217 0.008610417586474798 -0.0015544784185258429 0 0.0045556780007184041 0.0016370816431161253 0.0013308486803222097 0 -0.0044496066968217141 -0.021880959828957165 0.00126816043915869 0 -0.0035667511271166743 0.0018373799743773842 -0.01358807596048754 0.0037328635239258267 -0.01387472460107194 0 0.0096573927536634657 -0.0072965797120400668 0.0071661352648638658 0.0051067015702825139 -0.0036414145431165612 0.0030861737980698218 -0.009132917414295217 0.0018303271799266409 0.0148334603986441 0.01253895056767315 0 -1.0551547814719259e-05 0.0010724060903432849
leaf_weight=14.726442222483454 18.941292854025964 12.363621248863636 5.3677944750525084 6.2477314851712427 5.9883947581984094 5.1034004304092369 9.3739461156073975 74.618012697668746 10.145988983800633 6.4808042976073912 2.5323467573616645 2.7977002987172446 25.311922384076752 8.0429019855800998 5.2984840827994057 8.1871706843376142 3.2868973577860734 13.887347076088188 31.837074359180406 56.700880838325247 5.910305707948285 30.869627173757181 66.12631886464078 18.03418528218754 7.9066330655477932 8.021182395052163 10.885680255480109 2.3983867418719429 4.5435122316703191 7.5550935193896285
leaf_count=962 1004 1055 213 394 377 316 806 7917 267 255 149 195 1873 359 206 268 256 286 1948 2765 256 1185 4524 775 345 367 558 181 376 657
internal_value=-4.00433e-05 0.00432139 -0.000443896 -0.00449844 -0.00683925 -0.00895058 -0.0113624 1.51786e-05 -0.0150843 -0.00219188 0.00068316 0.00686729 -0.0014717 -0.00730805 0.00112089 -0.00499231 0.00167639 0.00231475 0.00156035 0.00072698 0.0036075 -0.00104087 0.000614944 -0.00219878 -0.00529256 0.0114338 0.00939752 -0.0106374 -0.0182895 -0.00521113
internal_weight=489.491 31.3049 458.186 46.7708 40.523 34.5346 29.4312 411.415 20.0573 127.805 53.1869 13.3512 39.8356 14.5237 283.611 15.884 267.726 253 239.113 224.94 88.552 136.388 96.9959 31.8511 25.9408 10.5535 14.1726 10.5856 14.6895 39.3922
internal_count=31095 2059 29036 2749 2355 1978 1662 26287 856 11115 3198 711 2487 614 15172 655 14517 13555 13269 12455 4141 8314 5709 1376 1120 516 814 449 643 2605
is_linear=0
shrinkage=0.05


Tree=115
num_leaves=31
num_cat=0
split_feature=27 4 39 25 39 27 39 37 13 10 7 37 39 26 23 7 30 41 25 36 17 36 23 36 41 41 3 38 39 21
split_gain=0.283274 0.695446 0.48185 0.563984 0.45037 0.614431 0.540918 0.535096 1.01433 0.758924 0.451863 0.408106 0.390276 0.387133 0.583902 0.52205 0.750765 0.636817 0.415254 0.402905 0.562394 0.416815 0.382416 0.346491 0.473319 0.531326 0.330603 0.324878 0.294567 0.301011
threshold=-0.14333333075046537 -0.22333332896232602 0.017316318117082122 0.26999998092651373 0.023674715310335163 -0.21666666865348813 0.021494119428098205 -0.022203922271728512 -0.24333333969116208 0.083333313465118422 -0.04333332180976867 0.031787872314453132 0.031085027381777767 -0.29000000655651087 0.043333351612091071 1.0000000180025095e-35 -0.236666664481163 0.028248135931789878 -0.40333333611488337 -0.12333333492279051 0.26333332061767584 0.17000001668930056 -0.016666665673255917 -0.030000001192092892 0.03406162932515145 0.042987337335944183 0.29000002145767217 0.10286664962768556 0.038431016728281982 0.33666664361953741
decision_type=2 2 2 2 2 2 2 2 2 2 2 2 2 2 2 2 2 2 2 2 2 2 2 2 2 2 2 2 2 2
left_child=1 2 -1 12 6 23 7 10 9 -9 -3 -11 -4 19 15 17 -17 -15 -19 20 -2 28 -8 -6 26 -26 -25 -20 29 -21
right_child=13 4 3 -5 5 -7 22 8 -10 11 -12 -13 -14 14 -16 16 -18 18 27 21 -22 -23 -24 24 25 -27 -28 -29 -30 -31
leaf_value=-0.00116767377761906 0.0073015766891999069 -0.002600978259551647 0.012340043791767653 -0.00073228961313715705 -0.010343460436528706 0.0049849887817237492 0 0 0.0041206305026310558 -0.015583956545430828 0.0079302647880370239 0 0.00024957622169089226 0.00083692140337950744 0.00053579646627519874 0.0099030518762562234 -0.0044131718709687802 0 -0.013861131647676628 -0.01004303559837246 -0.0035012484365413176 0.003261263068685653 0.010448834034423433 0.0075584111848610528 -0.012115261962423388 0.00017266106130771165 -0.0030761224002209715 0 0.0025370562692287688 0
leaf_weight=14.681771479314191 35.848309327033348 8.0018770170863736 31.173301354981959 11.011323069687931 20.420373110566288 9.6927442062878963 8.289192057913171 14.572799302171914 21.248634872958064 17.299608379602436 21.244321301812306 5.5945975747890762 13.782165253302081 10.398344060173256 65.720753396861255 7.2164344838820424 23.819696729071438 6.8607223695144048 32.02650608913973 17.916576650342911 9.216313857235944 14.476838578004388 17.296818562084809 11.653917187359182 9.8170433533377963 11.137118690647183 4.043932177592068 5.298515015281736 2.0985463613178572 5.4159047948196521
leaf_count=641 2260 392 1025 547 1055 683 350 441 1672 462 802 155 472 792 6073 668 2695 606 2441 1587 629 1362 726 385 433 536 215 429 170 395
internal_value=2.77378e-05 0.00123187 0.00524538 0.00728132 -0.000324761 -0.00352063 0.00142765 -0.000300663 -0.00321231 -0.00794093 0.00438731 -0.0126699 0.00958989 -0.0011467 -0.00268095 -0.00529634 0 -0.00799773 -0.0104265 0.00130768 0.00445088 -0.00181493 0.00708932 -0.00569834 -0.00143322 -0.00607211 0.00357359 -0.0122429 -0.00557093 -0.00752226
internal_weight=487.275 250.962 70.6486 55.9668 180.313 66.7651 113.548 87.9618 58.7156 37.467 29.2462 22.8942 44.9555 236.313 151.341 85.6202 31.0361 54.5841 44.1857 84.9725 45.0646 39.9079 25.586 57.0724 36.652 20.9542 15.6978 37.325 25.431 23.3325
internal_count=31099 10992 2685 2044 8307 3307 5000 3924 2730 1058 1194 617 1497 20107 13704 7631 3363 4268 3476 6403 2889 3514 1076 2624 1569 969 600 2870 2152 1982
is_linear=0
shrinkage=0.05


Tree=116
num_leaves=31
num_cat=0
split_feature=19 37 4 25 25 37 21 29 1 7 36 8 37 37 14 6 11 1 37 37 0 37 25 9 10 12 15 7 16 3
split_gain=0.257594 0.529564 0.53725 0.624637 0.435554 0.684269 0.453255 0.428834 0.54308 0.515296 0.464132 0.458904 0.414199 0.516976 0.441216 0.445556 0.350734 0.534978 0.411368 0.62243 0.544308 0.502547 0.394946 0.612808 0.401237 0.49543 0.355603 0.393493 0.347269 0.347191
threshold=-0.016666665673255917 0.026471138000488285 -0.18999999761581418 -0.41666667163372034 -0.04333332180976867 -0.033434391021728509 -0.4433333277702331 -0.37666666507720942 -0.37666666507720942 0.35000002384185797 -0.10333332419395445 0.41000002622604376 0.012413978576660158 -0.059786796569824212 0.13666665554046634 -0.18999999761581418 -0.32333332300186152 -0.31000000238418574 -0.024637699127197262 0.030748844146728519 0.014999985694885256 0.068413257598876967 0.028333306312561039 0.16333335638046267 -0.083333343267440782 -0.26999998092651362 -0.26333332061767573 -0.29000000655651087 0.18999999761581424 1.0000000180025095e-35
decision_type=2 2 2 2 2 2 2 2 2 2 2 2 2 2 2 2 2 2 2 2 2 2 2 2 2 2 2 2 2 2
left_child=7 2 3 -2 12 -6 -7 -1 10 16 -9 -11 13 -5 -15 -16 17 -10 -19 26 -21 -22 23 -18 25 -24 27 -20 -3 -26
right_child=1 28 -4 4 5 6 -8 8 9 11 -12 -13 -14 14 15 -17 22 18 19 20 21 -23 24 -25 29 -27 -28 -29 -30 -31
leaf_value=0.0083482976468489262 0.01277594976980401 0 -0.0030835803281922753 0.0013528241315699553 -0.0023495135217645046 -0.0011531699235010455 0.012024465334022974 0.0010642392934656325 0.0068493597615751026 0.010447635892917098 -0.010753616622589173 -9.9554852601141776e-06 0.0053378644400361363 0 -0.017745398665504553 0 -0.0026729956435028622 0.00094154133816026016 0 -0.0064188287984796996 0.01100853709320989 -0.0022385626043268216 -0.00022801930210108383 0.0061293826242601601 -0.0051926576585331653 0.011785266751563802 0 -0.012904053347120798 -0.0093271800687127222 0.0040060659012806409
leaf_weight=11.454034907743333 7.5091745699755839 19.096530267037451 66.710254037403502 7.2259857710450932 16.173608409124427 3.2891926888842162 17.226553596905433 6.7600001490209278 6.9884041449986389 18.301693242741752 13.833957075141369 10.453126008855177 2.4818189013749352 4.0539537009317437 9.0110861144494283 2.1795843662694052 72.738722905516624 24.186571402708068 3.2685711234807995 10.714963390259074 9.4330437118187529 5.6063991016708306 6.7034032703377333 19.98867245297879 10.884035660186784 19.882835057098418 5.6247233669273546 28.002542425878346 24.952073998632841 19.717031296109781
leaf_count=726 341 2288 6916 247 1053 289 1410 250 211 562 520 271 171 269 446 165 5200 929 95 384 285 205 260 1246 548 1078 372 853 2553 954
internal_value=-0.00012882 -0.001641 0 0.00294494 0.000350712 0.00389975 0.00918605 0.000698446 0.000154422 0.000882936 -0.00656943 0.00658129 -0.00380438 -0.00660434 -0.0108697 -0.0144975 0 -0.00224548 -0.00364206 -0.0057034 0 0.00565194 0.00154775 -0.000265111 0.00462895 0.0085048 -0.00939864 -0.0112035 -0.00603783 0
internal_weight=484.453 179.91 135.861 69.151 61.6418 36.6894 20.5157 304.543 293.089 272.495 20.594 28.7548 24.9524 22.4706 15.2446 11.1907 243.74 93.8252 86.8368 62.6502 25.7544 15.0394 149.915 92.7274 57.1873 26.5862 36.8958 31.2711 44.0486 30.6011
internal_count=31097 16148 11307 4391 4050 2752 1699 14949 14223 13453 770 833 1298 1127 880 611 12620 3334 3123 2194 874 490 9286 6446 2840 1338 1320 948 4841 1502
is_linear=0
shrinkage=0.05


Tree=117
num_leaves=31
num_cat=0
split_feature=4 29 39 32 40 27 30 30 41 26 7 40 33 41 30 23 30 9 31 39 40 31 20 7 39 39 28 26 8 37
split_gain=0.455935 0.530246 0.520542 0.746839 0.476039 0.562836 0.555749 0.42162 0.413109 0.451383 0.405398 0.604452 0.434643 0.420658 0.413306 0.403457 0.398093 0.409978 0.405132 0.790457 0.589203 0.574621 0.53096 0.577143 0.34983 0.499804 0.36768 0.346599 0.596644 0.333857
threshold=-0.21000000834465024 0.41666668653488165 0.028243753127753738 0.29000002145767217 0.86666667461395275 -0.15000000596046445 -0.18999999761581418 0.13666665554046634 0.041571944952011115 0.056666672229766853 0.32999998331069952 0.17666666954755786 0.29666668176651007 0.027052928693592552 0.48166668415069586 0.11000001430511476 0.41666668653488165 0.19666665792465213 -0.236666664481163 0.026919633150100711 0.86666667461395275 -0.28333333134651179 0.33666664361953741 -0.056666672229766839 0.028422865085303787 0.022572816349565986 0.20333331823349002 -0.32333332300186152 -0.28333333134651179 -0.058910369873046868
decision_type=2 2 2 2 2 2 2 2 2 2 2 2 2 2 2 2 2 2 2 2 2 2 2 2 2 2 2 2 2 2
left_child=4 16 10 -4 5 6 -1 -8 -6 -10 12 14 -3 -13 -12 -9 18 -18 19 22 24 -21 23 -2 25 26 -20 28 -7 -25
right_child=1 2 3 -5 8 27 7 15 9 -11 11 13 -14 -15 -16 -17 17 -19 20 21 -22 -23 -24 29 -26 -27 -28 -29 -30 -31
leaf_value=0.012731627180377975 0 -0.0059682391489432728 0.0053362803123583828 -0.012345045011367852 0.0012765163503324292 0.011703767386686569 -0.0035013998317948896 0.0087035044130355423 0 -0.013354710250355329 0.0049165752399387697 0 0.0057052028596648856 0.015282758628820049 -0.0087045641536945897 -0.0030944955005193894 0.00069335963854425095 -0.01343527767611212 0 -0.01061454693616655 0.0017864500688521219 0.0030905569832756236 -0.0031095455251758919 0 0 -0.010348603684267944 -0.007084366293532797 -0.0019276348873694242 -0.0019580781075148753 0.011389410614814369
leaf_weight=21.507319337921217 19.055773017928004 10.421876556472855 4.2755168126896006 6.5026864670217037 22.201676236232743 9.4147305577062088 12.972265053773297 18.606069285422567 6.5020778382895497 6.972622556029819 7.0760612878948468 3.2716013458557454 9.4123883289284986 15.822334557771681 3.4653180849272758 3.0136244599707416 2.3434025763999662 8.5683810160262492 45.962126877391711 14.117702059214936 42.768991493852809 5.1854732960928223 12.160149630159138 4.485189056955277 33.212190140737221 35.574848259799182 19.869168728590012 45.459123036591336 8.4842427559196931 29.478059404529631
leaf_count=701 970 281 112 400 1315 380 641 701 468 346 321 135 230 775 120 99 68 440 4275 819 3646 251 641 247 2482 3149 1632 3550 698 1266
internal_value=0 -0.00101456 0.00288181 -0.00444107 0.00221542 0.00376944 0.00716675 0.00172046 -0.00218169 -0.00780114 0.00523579 0.00843281 0 0.0126966 0 0.00583882 -0.00200831 -0.00975327 -0.00138103 0.00121531 -0.00275318 -0.00608504 0.00405926 0.00627602 -0.00438792 -0.00577497 -0.0022974 4.11595e-05 0.00531609 0.00970952
internal_weight=488.163 333.029 60.2478 10.7782 155.134 119.457 56.0993 34.592 35.6764 13.4747 49.4696 29.6353 19.8343 19.0939 10.5414 21.6197 272.781 10.9118 261.87 84.4823 177.387 19.3032 65.1792 53.019 134.618 101.406 65.8313 63.3581 17.899 33.9632
internal_count=31159 22260 2374 512 8899 6770 2142 1441 2129 814 1862 1351 511 910 441 800 19886 508 19378 4194 15184 1070 3124 2483 11538 9056 5907 4628 1078 1513
is_linear=0
shrinkage=0.05


Tree=118
num_leaves=31
num_cat=0
split_feature=27 24 29 41 38 24 29 16 37 37 37 4 25 39 13 9 39 32 41 19 10 25 20 8 39 9 39 33 38 23
split_gain=0.55907 0.526689 0.634142 0.518729 0.479606 0.520626 0.473558 0.912292 0.69277 0.731968 0.674812 0.66309 0.558829 0.536508 0.490297 0.677931 0.876602 0.622176 0.588692 0.49373 0.473517 0.463297 0.449414 0.437281 0.411757 0.490692 0.74772 0.483157 0.45123 0.421596
threshold=-0.17000000178813932 -0.32999998331069941 0.43666666746139532 0.062321202829480178 -0.11537122726440428 -0.31666666269302363 -0.04333332180976867 -0.24333333969116208 -0.01895046234130859 -0.06400823593139647 -0.0096092224121093733 1.0000000180025095e-35 -0.10333332419395445 0.023547814227640632 -0.18333333730697629 0.20333331823349002 0.026747362688183788 0.01666665077209473 0.03026800882071257 -0.4433333277702331 -0.090000003576278673 0.2833333313465119 0.32999998331069952 -0.076666668057441698 0.026318108662962917 -0.18333333730697629 0.032452378422021873 -0.13666665554046628 -0.066113471984863267 -0.26999998092651362
decision_type=2 2 2 2 2 2 2 2 2 2 2 2 2 2 2 2 2 2 2 2 2 2 2 2 2 2 2 2 2 2
left_child=1 2 -1 4 5 -2 11 8 9 13 -10 12 -3 -8 15 16 19 -17 -19 -12 -5 23 -7 -11 27 26 -26 28 -6 -29
right_child=3 6 -4 20 24 22 7 -9 10 21 14 -13 -14 -15 -16 17 -18 18 -20 -21 -22 -23 -24 -25 25 -27 -28 29 -30 -31
leaf_value=-0.0090026880864409013 0.001197771803577625 0.0015996454638838903 0.0061041002721805761 0.0082478050637964095 0.0012578365589406724 -0.014156306552463414 0.006041461494459029 -0.0063852630021795477 -0.010874849367622034 0 0.012741873782024316 -0.0017034488205151098 0.014133643436274599 -0.0082182290479756639 0.0089231018987641266 0.0033665537335376416 -0.0074730580442575164 2.1125044041973365e-05 -0.01451075019367141 2.3575281462071044e-05 -0.0030305876381157698 -0.00015916909880589759 0 0.014878907236106463 0.011921758226413703 -0.0022675234850305639 -0.0015026948336190841 -0.0061071845808422596 -0.0078312946453615827 0.0017315311194455382
leaf_weight=17.413020369363952 5.3731912102084634 23.97779050283134 3.0048281564377239 16.989379175007347 10.061877458123488 17.889141357736666 5.3926352313719681 28.772194541641511 6.8319187569431952 6.2084257828537366 13.719791681040073 13.679520760430021 20.279742313898169 8.0619100024923664 11.494093523826448 5.756163785466927 7.161921984050422 5.7341439370065954 13.377826286014168 19.243528563762087 7.455876186490058 4.2233090545050791 4.1621315777301779 24.389627609401945 15.636376672890039 26.602020703721792 12.239795682253314 16.830966173554771 53.068035538773984 61.522712795413099
leaf_count=1034 464 999 63 699 692 1469 155 2561 199 165 258 1062 815 294 469 140 179 141 327 562 843 141 312 592 807 2539 510 1869 4752 5971
internal_value=-0.000150152 0.00150152 -0.00495172 -0.0018375 -0.00268214 -0.00843588 0.00233286 0.000675678 0.0026123 0.00701495 0 0.00603499 0.0088421 -0.00111726 0.00143346 -0.000181126 0.00332795 -0.00619931 -0.0101919 0.00710571 0.00406739 0.0104719 -0.0114286 0.0124079 -0.00152644 0.00176277 0.00606724 -0.00298265 -0.00603756 0
internal_weight=486.554 238.722 20.4178 247.832 223.386 27.4245 218.305 160.367 131.595 48.2759 83.3194 57.9371 44.2575 13.4545 76.4875 64.9934 40.1252 24.8681 19.112 32.9633 24.4453 34.8214 22.0513 30.5981 195.962 54.4782 27.8762 141.484 63.1299 78.3537
internal_count=31083 10156 1097 20927 19385 2245 9059 6183 3622 1347 2275 2876 1814 449 2076 1607 999 608 468 820 1542 898 1781 757 17140 3856 1317 13284 5444 7840
is_linear=0
shrinkage=0.05


Tree=119
num_leaves=31
num_cat=0
split_feature=4 29 29 6 40 10 37 39 2 1 20 21 20 41 20 10 22 22 22 36 25 39 37 19 8 40 25 39 35 39
split_gain=0.309771 0.376308 0.467838 0.550532 0.491896 0.476155 0.449628 0.428607 0.41569 0.350115 0.35958 0.434975 0.325431 0.322963 0.341873 0.420805 0.312702 0.311471 0.528619 0.325301 0.345239 0.309615 0.292947 0.292394 0.286732 0.28508 0.270926 0.261539 0.25798 0.257501
threshold=0.40333333611488348 0.41666668653488165 -0.030000001192092892 -0.076666668057441698 0.74333333969116222 0.13666665554046634 0.023158073425292972 0.01726569049060345 -0.056666672229766839 -0.37666666507720942 -0.19666665792465207 -0.023333340883255001 -0.10333332419395445 0.029370071366429332 -0.0099999904632568342 -0.24333333969116208 -0.41666667163372034 0.36333334445953375 0.23666667938232425 0.41666668653488165 -0.0099999904632568342 0.024005748331546787 -0.035023689270019524 -0.31666666269302363 -0.31666666269302363 0.12333333119750024 -0.37666666507720942 0.013491799123585226 0.4499999880790711 0.030262772925198082
decision_type=2 2 2 2 2 2 2 2 2 2 2 2 2 2 2 2 2 2 2 2 2 2 2 2 2 2 2 2 2 2
left_child=1 2 8 27 6 24 7 -5 9 13 11 16 -12 -1 15 -15 -11 18 19 20 -3 -2 -7 -8 -6 -14 -18 -4 -23 -10
right_child=21 17 3 4 5 22 23 -9 29 10 12 -13 25 14 -16 -17 26 -19 -20 -21 -22 28 -24 -25 -26 -27 -28 -29 -30 -31
leaf_value=0.0052303867144625552 0 0 0.0011084974787734837 0.00032068048452346811 -0.0018890111575708629 0.0039773624219142326 0.0073079284562952776 -0.0070618756783775993 -0.003166592750443906 0 -0.0039580571750324816 0 -0.001085421266718408 -0.011671736813516083 0.0026486786313713625 0 0 0.0091770855711707719 -0.0077611409990127282 -0.001798755050131785 0.010244508270547528 -0.011629396302765169 -0.0056390761757262051 -0.0012069928876311596 0.0079448531554987285 0.0057488401147154288 0.01554510758514745 -0.0067559536928377406 0 0.0025517205013095914
leaf_weight=7.9002967700362197 21.605591186671518 6.1217126687988666 4.6813795955386004 21.128886018879712 2.0117150647565714 4.9597579117398736 10.598448035540061 45.453170615015551 54.595912088057958 4.1580886610318037 10.716430296190081 5.8002918052952728 12.691297749290241 10.575108148157598 6.2572403321974006 8.8911692145047692 2.9687802416738185 14.331873838091267 6.6360701178200534 7.7223720197798675 14.960042468504982 10.067881507566197 14.08341645891778 12.905425703851504 33.173894467297941 37.35917170450557 16.464456653222438 55.594602991361171 2.3540718036238095 19.467332134954631
leaf_count=408 1842 134 246 1223 79 276 319 3222 5019 217 728 409 829 439 334 679 190 393 196 248 408 971 933 1311 1967 2479 970 3100 279 1178
internal_value=-8.82924e-05 0.000229752 -0.000241947 -0.00194229 -3.15272e-05 0.00334451 -0.00240592 -0.00454184 0.00139914 0.00317537 0.00475451 0.00902401 0.00168965 -0.000506774 -0.00371284 -0.00688164 0.011582 0.00410769 0.000422462 0.0040391 0.00702541 -0.00434039 -0.00178336 0.00249057 0.00658231 0.00363917 0.0136679 -0.00572289 -0.00910774 -0.00127271
internal_weight=486.236 452.208 402.436 204.591 144.315 54.2288 90.0859 66.5821 197.846 123.782 90.1585 29.3916 60.7669 33.6238 25.7235 19.4663 23.5913 49.7721 35.4402 28.8041 21.0818 34.0275 19.0432 23.5039 35.1856 50.0505 19.4332 60.276 12.422 74.0632
internal_count=31026 27934 26555 12676 9330 3255 6075 4445 13879 7682 5822 1786 4036 1860 1452 1118 1377 1379 986 790 542 3092 1209 1630 2046 3308 1160 3346 1250 6197
is_linear=0
shrinkage=0.05


Tree=120
num_leaves=31
num_cat=0
split_feature=10 35 33 25 37 31 14 37 19 37 5 32 28 27 41 41 15 41 39 37 4 16 30 41 33 37 19 10 25 27
split_gain=0.325912 0.451114 0.549073 0.6176 0.511714 0.596373 0.512013 0.466224 0.565821 0.407129 0.387285 0.603723 0.997734 0.38637 0.372737 0.462315 1.11352 0.784775 0.939031 0.579862 0.564306 0.526756 0.467699 0.447622 0.752393 0.585032 0.573527 0.459323 0.444361 0.57346
threshold=-0.076666668057441698 0.38999998569488531 0.01666665077209473 -0.31000000238418574 0.064506053924560561 0.48333334922790533 -0.3899999856948852 0.025244712829589847 -0.15000000596046445 0.019763469696044925 -0.14333333075046537 -0.45666666328907007 -0.32333332300186152 -0.45666666328907007 0.062321202829480178 0.045919001102447517 -0.18999999761581418 0.039836786687374122 0.023912034928798679 0.025244712829589847 0.25000000000000006 0.030000001192092899 0.29500001668930059 0.035614177584648139 0.12333333492279054 -0.022203922271728512 -0.24333333969116208 0.17000001668930056 0.22333335876464847 -0.21000000834465024
decision_type=2 2 2 2 2 2 2 2 2 2 2 2 2 2 2 2 2 2 2 2 2 2 2 2 2 2 2 2 2 2
left_child=1 2 4 -4 5 7 -6 9 -9 10 11 -1 -13 -5 15 17 -17 19 20 23 -19 -20 -21 25 -25 28 27 -27 29 -2
right_child=14 -3 3 13 6 -7 -8 8 -10 -11 -12 12 -14 -15 -16 16 -18 18 21 22 -22 -23 -24 24 -26 26 -28 -29 -30 -31
leaf_value=0.0046379942433220208 0.0088914166297653936 -0.0076009457338715742 -0.0037334534901984429 -0.001536133478456552 -0.0033236561552882587 0.009131182250159969 0.0091266923666053872 0 -0.013072425766832938 0.0084165824231745897 0.0019166297705445819 -0.013292415917006499 0 0.011087775027601802 -0.0072597325660528128 0.009110511217327465 -0.0042106853326481959 0.0057164871790009626 -0.019726025907675332 0 -0.0083062154618741071 0 0.0089033925974090506 -0.0047708728072232576 0.0090172729887493374 -0.00033186268756154051 0 -0.013856708576773055 -0.0051200073753372294 -0.0022652629149485866
leaf_weight=9.6429181003477407 18.648638327140361 5.8521886251401147 4.5095215905457726 1.7085906583815802 4.4155141180381206 8.032325607724486 23.886171720921993 11.560016133356841 11.17036879621446 6.5460365163162342 45.831336930859834 19.887586352881041 30.343170693377036 31.537560954573564 16.455325419083238 30.587416817899793 19.746400362229906 11.670452333055442 9.6927554549183679 21.61294337711297 6.0783721446059635 2.943460462614893 21.583103453041986 10.052345525356943 16.539519938407466 13.691072995541615 25.378259576158598 21.411834774073213 13.559052649885414 12.850908571388574
leaf_count=356 669 476 360 37 108 152 1324 603 1000 501 3263 968 1862 2045 1322 1257 2151 752 609 1915 362 376 956 713 995 538 2723 602 974 1178
internal_value=7.30363e-05 0.00155206 0.00212941 0.00720203 0.000664599 -0.000471772 0.00621381 -0.00158483 -0.00727282 0 -0.00107494 -0.0037104 -0.00608154 0.00966634 -0.00101201 -0.000358059 0.00354885 -0.00150557 -0.00819213 0 0 -0.0160311 0.00454731 -0.00176923 0.00311922 -0.0033266 -0.00635315 -0.0100084 0.000515419 0.00403896
internal_weight=487.425 214.923 209.071 37.7557 171.315 143.014 28.3017 134.981 22.7304 112.251 105.705 59.8737 50.2308 33.2462 272.502 256.047 50.3338 205.713 30.385 175.328 17.7488 12.6362 43.196 132.132 26.5919 105.54 60.4812 35.1029 45.0586 31.4995
internal_count=31147 13055 12579 2442 10137 8705 1432 8553 1603 6950 6449 3186 2830 2082 18092 16770 3408 13362 2099 11263 1114 985 2871 8392 1708 6684 3863 1140 2821 1847
is_linear=0
shrinkage=0.05


Tree=121
num_leaves=31
num_cat=0
split_feature=22 30 16 41 36 10 32 38 39 41 41 37 13 16 39 34 14 23 38 41 21 27 37 37 34 4 2 39 26 32
split_gain=0.405435 0.389502 0.957459 0.721614 0.652751 0.850782 0.670004 0.633246 1.06327 0.656052 0.979148 0.92471 1.08202 0.830238 0.533456 0.406993 0.381429 0.379137 0.383938 0.366623 0.361765 0.408065 0.347698 0.820727 0.574885 0.566448 0.488067 0.41109 0.334578 0.334393
threshold=0.44333332777023321 -0.31666666269302363 -0.2766666561365127 0.06874531134963037 -0.36333334445953364 -0.4433333277702331 -0.45666666328907007 0.088602066040039076 0.017183559946715835 0.046263152733445174 0.033726792782545097 -0.075339794158935533 -0.41666667163372034 -0.41666667163372034 0.017066688276827339 0.45666664838790899 -0.25666666030883784 0.27666664123535162 -0.071167945861816392 0.063821967691183104 -0.35000000894069666 0.17666667699813846 0.0079760551452636736 -0.01895046234130859 -0.29000000655651087 0.22500002384185794 -0.30333334207534784 0.027164159342646602 -0.30333334207534784 0.43666666746139532
decision_type=2 2 2 2 2 2 2 2 2 2 2 2 2 2 2 2 2 2 2 2 2 2 2 2 2 2 2 2 2 2
left_child=1 4 3 7 5 -1 -7 9 -9 10 22 -12 -13 -11 -6 16 -16 -2 -19 -8 -10 -22 23 25 -25 -3 -26 -24 -4 -20
right_child=17 2 28 -5 14 6 19 8 20 13 11 12 -14 -15 15 -17 -18 18 29 -21 21 -23 27 24 26 -27 -28 -29 -30 -31
leaf_value=0.0049387141881509162 0.00046604112170797328 0.01063981317372583 0.00088344992938687759 -0.0093926358677705983 -0.0015773545510384631 0.004412279095346334 -0.012267899910155408 -0.0054910935603187487 0 0.013628075355957982 0.0069751329269450288 -0.01598391514614585 0 -0.00082626933036017815 -0.0001933077087361024 -0.00063951117793275127 0.01223610172000535 0.00037298740439507312 -0.014147066536761593 0.00065406715396865362 0.015314800603779266 0 0.0095727724231095199 0.0024461040716210187 0.00012481027109957421 -0.0013051908988446987 -0.014894635583281036 -0.0012954382054486352 -0.0041369425404032094 0
leaf_weight=25.15046211052686 10.549317558179611 14.306736330036076 30.772254140814766 6.4298297918867311 8.2099895838182402 4.1982472112868008 19.057646402390677 5.9202111545018843 3.761598232202231 14.407114513684066 5.1517966617830089 18.853961550630629 23.328326944960281 12.371674793772398 2.5443357687909147 3.8257865828927597 33.237045991700143 3.6006398035679057 12.439101628959174 1.8427094495855261 24.493520432384688 5.6907647219486526 21.197797883301977 5.5694837896153357 3.2273277407512078 10.982942628674207 10.804956497857344 5.5387936248444012 138.75764032884035 2.3622141806408772
leaf_count=957 659 466 3377 262 684 155 1218 179 106 336 184 473 997 585 108 196 1998 259 729 67 645 210 651 162 86 358 398 196 14279 211
internal_value=0 0.000364711 -0.000344164 0.00196865 0.00308769 -0.000505507 -0.00666517 0.0027745 0.00799084 0.000923314 -0.000582778 -0.00593012 -0.00869745 0.00725865 0.00696356 0.00925673 0.0108531 -0.00521804 -0.00881445 -0.0103075 0.0114396 0.0130178 0.00281409 0 -0.00667344 0.00539775 -0.0111895 0.00673285 -0.00308419 -0.0117142
internal_weight=488.584 459.633 361.567 192.037 98.0662 50.2491 25.0986 185.607 39.8661 145.741 118.962 47.3341 42.1823 26.7788 47.8172 39.6072 35.7814 28.9513 18.402 20.9004 33.9459 30.1843 71.628 44.8914 19.6018 25.2897 14.0323 26.7366 169.53 14.8013
internal_count=31191 29333 23950 6294 5383 2397 1440 6032 1140 4892 3971 1654 1470 921 2986 2302 2106 1858 1199 1285 961 855 2317 1470 646 824 484 847 17656 940
is_linear=0
shrinkage=0.05


Tree=122
num_leaves=31
num_cat=0
split_feature=4 39 39 6 18 28 31 38 10 7 38 37 20 1 38 10 22 36 35 2 39 39 34 36 38 39 31 8 6 32
split_gain=0.393791 0.700449 0.446698 0.601302 0.51734 0.481863 0.392672 0.526289 0.431636 0.48226 0.522738 0.52244 0.389897 0.498585 0.467054 0.424199 0.402012 0.374682 0.366667 0.351374 0.435571 0.511826 0.532133 0.330951 0.317454 0.31298 0.405006 0.320578 0.391385 0.314664
threshold=-0.21000000834465024 0.024197591468691829 0.024197591468691829 0.35000002384185797 -0.4433333277702331 0.28166666626930242 -0.2766666561365127 0.069631099700927748 0.1566666662693024 -0.0099999904632568342 0.027276515960693363 -0.022203922271728512 -0.24333333969116208 -0.22333332896232602 -0.050876140594482415 -0.10999999940395354 -0.24999999999999997 0.16333335638046267 0.096666663885116591 -0.056666672229766839 0.031085027381777767 0.038431016728281982 0.36333334445953375 0.45666664838790899 0.0085520744323730486 0.030629945918917659 0.40333333611488348 -0.063333332538604722 -0.29000000655651087 0.16333335638046267
decision_type=2 2 2 2 2 2 2 2 2 2 2 2 2 2 2 2 2 2 2 2 2 2 2 2 2 2 2 2 2 2
left_child=1 12 6 4 -4 -5 8 -8 24 -10 11 -11 14 -14 -1 -15 -16 -13 -9 20 -3 22 -22 -7 -2 26 29 28 -27 -6
right_child=2 19 3 5 25 23 7 18 9 10 -12 17 13 15 16 -17 -18 -19 -20 -21 21 -23 -24 -25 -26 27 -28 -29 -30 -31
leaf_value=-0.0036053231202355859 0 0.010860194077051803 0.0054180648414647106 0 -0.0096567752400879715 -0.016297996249239232 0.00044355654794250762 -0.010232450095902609 -0.0076619378881753733 0.0037206433568704937 0.0096481910176323283 0.00076682757091863364 -0.0082155637875809869 0.005620045695865836 0.010776694516689094 -0.0040745394677694745 -0.00086781443262940556 -0.012570282064135985 0 0 0.0016554183027025979 0.0067842127072069618 -0.012692732585916739 0 0.010671074138900102 -0.0036979688692427718 0.0029357283895822908 -0.0044934404366938612 0.0060866646867748829 0
leaf_weight=8.2485398452263343 16.422194231534377 29.877826311276294 15.376166401430963 5.2331649896223125 30.120997791877016 11.972915891208684 93.373186387820169 17.071977869607512 9.7688793090637756 13.287382098380474 10.680534980958326 2.5613139825873095 23.368794010486454 15.562896071583962 13.809104752028363 16.869050040259026 4.7975819474086157 6.6876345970667899 12.459904558723791 17.925461050472222 8.1449465771438572 14.500347264576702 4.2936969241127363 1.6309608528390516 17.502832914469764 7.4098559445701566 4.483775077154859 18.821444615721703 23.566323166713119 10.57935031573288
leaf_count=418 705 1395 342 611 2501 817 7817 1440 375 477 359 90 1494 1031 925 1148 406 280 1236 956 385 578 233 123 677 329 252 1797 1218 810
internal_value=-2.90302e-06 0.00195795 -0.00103386 -0.003275 -0.00134754 -0.0105072 0.000346954 -0.0012545 0.00311323 0 0.00267172 -0.00109196 -0.000964874 -0.00345105 0.00312692 7.81541e-05 0.00727877 -0.00838891 -0.00649527 0.00533138 0.00710764 0.000966617 -0.00446016 -0.0141888 0.00686697 -0.00294721 -0.00569419 0 0.0028497 -0.00743527
internal_weight=486.409 157.398 329.011 129.195 110.358 18.837 199.816 122.905 76.9108 42.9857 33.2169 22.5363 82.656 55.8007 26.8552 32.4319 18.6067 9.24895 29.5319 74.7423 56.8168 26.939 12.4386 13.6039 33.925 94.9817 45.1841 49.7976 30.9762 40.7003
internal_count=31225 8969 22256 8800 7249 1551 13456 10493 2963 1581 1206 847 5422 3673 1749 2179 1331 370 2676 3547 2591 1196 618 940 1382 6907 3563 3344 1547 3311
is_linear=0
shrinkage=0.05


Tree=123
num_leaves=31
num_cat=0
split_feature=24 37 11 38 19 37 37 39 37 41 41 26 22 1 37 5 3 40 37 40 40 10 10 39 39 37 8 21 17 27
split_gain=0.289189 0.361272 0.312167 0.37073 0.327898 0.776681 0.732238 0.769534 0.630388 0.661672 0.608848 0.510285 0.651407 0.508518 0.498094 0.466239 0.493847 0.428261 0.410498 0.397551 0.417669 0.381058 0.375874 1.05685 0.458059 0.592699 0.367532 0.316056 0.330422 0.31488
threshold=0.44333332777023321 0.011497497558593752 0.38999998569488531 0.082533359527587905 -0.30333334207534784 0.026471138000488285 -0.023729801177978512 0.01669745892286301 -0.0076293945312499991 0.045919001102447517 0.046263152733445174 -0.29666668176650995 0.23000001907348636 -0.40333333611488337 0.019763469696044925 0.13666665554046634 0.20333331823349002 0.83666664361953746 -0.033434391021728509 0.89666664600372326 0.4200000017881394 0.21666666865348819 -0.28333333134651179 0.028422865085303787 0.018158050253987316 -0.024637699127197262 0.16333335638046267 -0.12999999523162839 0.083333313465118422 0.25000000000000006
decision_type=2 2 2 2 2 2 2 2 2 2 2 2 2 2 2 2 2 2 2 2 2 2 2 2 2 2 2 2 2 2
left_child=2 -2 4 -4 5 6 7 18 9 -8 22 -12 26 -7 15 16 -10 -16 -1 20 21 -9 23 24 25 -6 -13 -24 -29 -27
right_child=1 -3 3 -5 10 13 8 19 14 -11 11 12 -14 -15 17 -17 -18 -19 -20 -21 -22 -23 27 -25 -26 29 -28 28 -30 -31
leaf_value=0.01605573489941696 -0.010017462294381168 0.00051725638382803263 0.0069907635270312551 -0.0031095962969130008 -0.00447504605809058 -0.0045097694309767077 -0.014816978605175135 0.0022397845137952202 0.0013497434717606132 0.001024613694965373 0.0013935158155323488 -0.013180133181938515 0.00019182907828003691 0.0070290091280177189 -0.01338945204716435 0.0070841275914810681 -0.010875253511356148 0.00053284443283741921 0 -0.0081676737978795509 0.0072204456701761392 -0.0078819389038024251 0.00097760537919836226 0.012288782180572756 -0.0046465137760203674 0.013565540814786677 0 -0.00022795549485600305 -0.0075515823562932044 0
leaf_weight=7.4564990184735507 10.443466015742162 7.1079377505229777 25.797355268616233 4.8121502560097715 4.9191686499398228 4.2753000794909886 15.115977687295528 13.847500798758121 19.297728671692315 4.536942566279321 13.022220291313714 28.100875805830583 13.27000295021571 57.444869375322014 6.2733567662071419 17.310596835566685 5.1054741493426254 3.6307694369461387 4.3111607711762172 6.875337745063006 14.994543059030546 9.0960873235017043 50.538375001051463 15.310999322682617 28.446643056580797 7.4705736914183927 9.3706694571301323 43.777150756912306 27.246600786689669 3.9675906707998365
leaf_count=220 1103 780 1833 564 368 95 483 549 678 151 1031 2109 1131 1683 209 451 164 121 137 218 502 263 4534 561 1938 604 1028 4348 2837 392
internal_value=-0.000236878 -0.00564474 0 0.0044706 -0.000332415 0.00113546 -0.000952926 0.00287984 -0.0043066 -0.0108011 -0.00156563 -0.00553649 -0.00771488 0.00553181 -0.000532751 0.00164535 -0.00202707 -0.00843818 0.0117251 -6.10845e-05 0.00175378 -0.00171134 0 0.00302083 -0.000731519 0.00437855 -0.01073 -0.00162383 -0.00373146 0.00984946
internal_weight=483.174 17.5514 465.623 30.6095 435.013 189.572 127.852 56.5811 71.2708 19.6529 245.441 63.7638 50.7415 61.7202 51.6179 41.7138 24.4032 9.90413 11.7677 44.8135 37.9381 22.9436 181.677 60.115 44.804 16.3573 37.4715 121.562 71.0238 11.4382
internal_count=31085 1883 29202 2397 26805 5924 4146 1889 2257 634 20881 5299 4268 1778 1623 1293 842 330 357 1532 1314 812 15582 3863 3302 1364 3137 11719 7185 996
is_linear=0
shrinkage=0.05


Tree=124
num_leaves=31
num_cat=0
split_feature=4 28 10 33 9 22 2 39 35 17 39 26 10 12 24 38 26 38 4 7 7 41 12 37 41 39 0 9 15 17
split_gain=0.295722 0.378875 0.482047 0.49594 0.528803 0.483402 0.425095 0.481871 0.426727 0.580853 0.40032 0.404893 0.393745 0.558904 0.367214 0.519283 0.396797 0.34922 0.330637 0.313268 0.377023 0.312011 0.309686 0.302522 0.429729 0.669587 0.592219 0.412077 0.611491 0.494297
threshold=0.40333333611488348 0.3966666460037232 -0.083333343267440782 -0.22333332896232602 -0.46999999880790705 -0.3899999856948852 -0.31666666269302363 0.024197591468691829 -0.30333334207534784 -0.11666667461395262 0.021990424022078518 -0.2766666561365127 -0.4433333277702331 -0.12999999523162839 0.35666668415069586 0.10373830795288087 0.46333330869674688 -0.0010662078857421873 0.14999997615814212 -0.083333343267440782 -0.20333333313465116 0.037754345685243614 -0.12333333492279051 0.064506053924560561 0.039961723610758788 0.032452378422021873 0.13499999046325686 0.35666668415069586 0.31666666269302374 -0.37666666507720942
decision_type=2 2 2 2 2 2 2 2 2 2 2 2 2 2 2 2 2 2 2 2 2 2 2 2 2 2 2 2 2 2
left_child=1 2 3 4 21 -5 7 -6 9 -8 -10 -12 -7 19 15 16 22 -2 -13 20 -14 -1 -3 27 -25 26 -26 29 -29 -4
right_child=17 14 23 5 6 12 8 -9 10 -11 11 18 13 -15 -16 -17 -18 -19 -20 -21 -22 -23 -24 24 25 -27 -28 28 -30 -31
leaf_value=0 -0.0086122175656933309 0.012364793307581896 0.0020088323941660062 -0.0042352731019589069 -0.0029704060063602735 -0.0035155580978592383 0.00040656712265737903 0.0081927807291132266 0.0040358744237209516 -0.01311446849659245 0.0022699197676855306 -0.01128309718919295 0.0020635916853080998 0.010164594652966194 -0.0030146334464689999 -0.0040919552281852819 0 0 0 0.004726855597968386 -0.0086484496230100801 0.010100953998957655 0 9.4585072781139937e-05 -0.018888451806254061 0.00080711871506307159 0 0.0072239597244402017 -0.0045129802993752076 -0.0041037708114049828
leaf_weight=10.439376386813821 15.838917004643006 24.200070231454447 36.908843582030386 8.3566030489746463 13.06563132023439 4.5617884979583314 6.2822299744002548 11.150822728872297 15.806829754961653 17.999388746218756 6.3202233880292651 13.13262753817253 9.732073559425773 39.168557649478316 6.3771518412977448 3.8533877502195528 8.3092587334103865 17.939822730841115 3.7217305300291619 24.263574634213001 7.9702847895678124 8.7006805667188001 3.4296156067866859 9.8448936862405407 9.9321055894251931 5.5888820198597378 3.7191389950457951 25.488572194357403 9.4707709364593011 103.37011610588524
leaf_count=420 1544 606 1354 516 688 211 376 363 1295 1028 381 790 527 3096 284 152 177 1570 254 1254 463 303 280 664 690 472 314 1493 883 8646
internal_value=-0.000177189 0.000132033 -0.000323103 0.00132454 -0.000818094 0.00390674 -0.00269215 0.00194862 -0.00484445 -0.00940325 -0.000573468 -0.00475774 0.00519851 0.00618372 0.00418166 0.00612477 0.00824502 -0.00433273 -0.008391 0.00114028 -0.00267301 0.00535112 0.0106899 -0.0020518 -0.00645747 -0.0100261 -0.0146257 -0.000993059 0.00323865 -0.00230815
internal_weight=484.944 451.165 404.996 200.672 106.62 94.0529 87.4795 24.2165 63.263 24.2816 38.9814 23.1746 85.6963 81.1345 46.1695 39.7923 35.9389 33.7787 16.8544 41.9659 17.7024 19.1401 27.6297 204.323 29.085 19.2401 13.6512 175.238 34.9593 140.279
internal_count=31094 27980 26481 11965 5898 6067 5175 1051 4124 1404 2720 1425 5551 5340 1499 1215 1063 3114 1044 2244 990 723 886 14516 2140 1476 1004 12376 2376 10000
is_linear=0
shrinkage=0.05


Tree=125
num_leaves=31
num_cat=0
split_feature=4 36 29 29 37 24 39 27 25 40 17 21 40 5 28 33 28 27 3 31 2 3 8 2 25 22 27 37 40 31
split_gain=0.366988 0.314657 0.284397 0.414629 0.751763 0.64191 0.604947 0.506081 0.609618 0.552572 0.501928 0.440887 0.42779 0.344514 0.339417 0.464265 0.429751 0.338648 0.334148 0.324873 0.313105 0.31198 0.296783 0.295328 0.283484 0.282387 0.279627 0.279575 0.277435 0.340623
threshold=0.40333333611488348 0.31000000238418585 0.41666668653488165 -0.32333332300186152 -0.06400823593139647 -0.32999998331069941 0.024197591468691829 0.23666667938232425 -1.0000000180025095e-35 0.12333333119750024 -0.4433333277702331 -0.22333332896232602 0.050000000745058067 0.34333333373069769 0.17666667699813846 -0.21666666865348813 -0.22999998927116391 0.043333351612091071 -0.13166666030883786 -0.036666661500930779 -0.030000001192092892 0.2833333313465119 -0.1766666769981384 0.27666664123535162 -0.016666665673255917 -0.15666666626930234 -0.016666665673255917 -0.044412612915039056 0.87666666507720958 0.36333334445953375
decision_type=2 2 2 2 2 2 2 2 2 2 2 2 2 2 2 2 2 2 2 2 2 2 2 2 2 2 2 2 2 2
left_child=2 -2 3 4 6 17 -1 8 19 -9 11 -7 22 -4 15 16 25 -5 -15 -6 27 -11 -12 -22 -25 -14 -13 -16 29 -17
right_child=1 -3 13 5 7 10 -8 9 -10 21 12 26 14 18 20 28 -18 -19 -20 -21 23 -23 -24 24 -26 -27 -28 -29 -30 -31
leaf_value=-1.9943100211460172e-05 -0.007536944385264613 0.00041911654811996958 0 -0.010566822410092082 0 -0.0021393894852393329 0.015356365011839252 -0.0035843058745377099 0.003327112954790018 0.011386529266386204 0 0.010410656335740242 -0.013480682913495369 -0.00053923762477040243 0.00010937741908063671 -0.00020936165878046454 0.00031246565700378053 -0.00012369653060040315 0.010676259701509788 -0.0090697846034006636 0.0021285266417684543 -0.0004661842600492094 -0.0099193184816790611 3.0880603892715025e-05 -0.0085361867777995204 0 0 -0.0088830936385059494 0.0075681998107241886 0.0075118139904952128
leaf_weight=5.1944085599388954 23.110288693220355 11.172384422272442 30.874673948157579 18.824359089019708 8.1187983178533631 7.2472113298717913 11.428641172125934 5.1523254881612983 17.989902578527108 16.490463522262875 6.4092859351076212 19.720297337044038 5.5163808460347354 3.1289030786138055 4.9569065866526243 62.108856813516468 28.194929897668771 18.972132358234376 15.497751649003474 23.617186629446223 38.739091659197584 1.7187590827234078 14.510697292163966 9.9324607055168617 11.07670623064041 5.9935310729779285 4.6118094455450729 20.303081736434251 23.675587960518897 10.711967307608573
leaf_count=227 2238 908 751 1513 625 176 362 348 1101 953 417 421 392 122 281 4833 2142 2133 512 1393 2106 119 1073 744 774 498 181 1161 1817 787
internal_value=-2.91559e-05 -0.00464729 0.000323811 -7.85789e-05 0.00273935 -0.00100528 0.0107155 0 -0.00256163 0.00553502 -1.35129e-05 0.00527826 -0.000915381 0.0036916 -7.38741e-05 0.00134119 -0.00262882 -0.00663075 0.00810475 -0.00656049 -0.00255476 0.00939683 -0.00688515 -7.54414e-07 -0.00445323 -0.00889978 0.00829795 -0.00663642 0.00327688 0.00109461
internal_weight=485 34.2827 450.717 401.216 89.7105 311.505 16.623 73.0874 49.7259 23.3615 273.709 31.5793 242.129 49.5013 221.21 136.201 39.7048 37.7965 18.6267 31.736 85.0082 18.2092 20.92 59.7483 21.0092 11.5099 24.3321 25.26 96.4964 72.8208
internal_count=31108 3146 27962 26577 5128 21449 589 4539 3119 1420 17803 778 17025 1385 15535 10469 3032 3646 634 2018 5066 1072 1490 3624 1518 890 602 1442 7437 5620
is_linear=0
shrinkage=0.05


Tree=126
num_leaves=31
num_cat=0
split_feature=12 25 20 4 36 1 13 11 6 2 27 12 19 7 8 11 37 5 36 39 13 35 30 26 40 13 2 19 40 9
split_gain=0.440811 0.558737 0.428528 0.656057 0.441485 0.368434 0.583832 0.337227 0.307256 0.302825 0.53479 0.433383 0.33613 0.378006 0.564416 0.491137 0.418574 0.515911 0.390177 0.36298 0.407506 0.359198 0.451433 0.34882 0.320885 0.364656 0.286051 0.272692 0.569004 0.310708
threshold=0.41666668653488165 -0.3899999856948852 -0.32333332300186152 -0.21000000834465024 -0.37666666507720942 -0.37666666507720942 0.21666666865348819 -0.12333333492279051 -0.04333332180976867 -0.29000000655651087 0.20999997854232791 0.35666668415069586 -0.049999997019767754 0.35666668415069586 0.41000002622604376 -0.30333334207534784 -0.024637699127197262 -0.29666668176650995 -0.15666666626930234 0.032171895727515228 -0.31666666269302363 0.25666666030883795 0.17666667699813846 -0.25666666030883784 0.096666667610406889 0.19666665792465213 -0.12333333492279051 -0.31000000238418574 0.083333332091569914 -0.28333333134651179
decision_type=2 2 2 2 2 2 2 2 2 2 2 2 2 2 2 2 2 2 2 2 2 2 2 2 2 2 2 2 2 2
left_child=2 -2 3 -1 -5 6 8 -6 -4 10 24 12 13 15 -15 16 21 -18 -19 20 23 22 -11 -20 -7 -26 -14 28 -17 -30
right_child=1 -3 5 4 7 9 -8 -9 -10 11 -12 -13 26 14 -16 27 17 18 19 -21 -22 -23 -24 -25 25 -27 -28 -29 29 -31
leaf_value=0.0084623728663133016 0.0056619099896133137 -0.0082319847864381467 -0.013041503365869093 -0.0096685599889717137 -0.0019946564310581016 -0.00031114576038462579 0.0020137355491838013 0.0057813613697260575 0 -0.0017526065755708753 -0.0037561561067871413 0.007203995618777108 0.00047991353698771877 0.011231168643221306 -0.0021053987701898703 -0.0047460202867757239 0.0027455631744769424 0 0 0 0 -0.0054150243917076794 0.0098814479734713901 -0.015583067731858732 0.010543908072780722 0 -0.0052573659669746566 -0.00070062265229064947 -0.00088857160266972771 0.0076580330509309017
leaf_weight=31.981344628613442 2.5357835986651507 26.14116557140369 12.333875168580564 4.4332951391115776 18.963657866697758 6.9483646629378191 10.380698359687811 20.093237863620743 6.4889890016056624 7.673497432144365 10.436291281133888 10.866561031551099 19.971226491034031 11.653436532476919 6.8464090838097027 8.1715589354280365 7.5546346060000351 12.117933222092686 3.7736505467910311 3.8095614477060726 5.5975366344209787 5.9464863222092381 11.030676764203234 23.070554465521127 25.651195307727907 5.5351636088453224 59.740218259626999 57.002422475372441 5.9078686865977934 40.746672527864575
leaf_count=1681 152 2563 656 300 858 359 692 1666 386 455 773 943 1707 339 186 335 280 510 171 163 352 163 329 641 1093 414 6213 4964 212 1575
internal_value=-3.64148e-05 -0.00551539 0.000322176 0.00364051 0 -0.000319691 -0.00521375 0.0016881 -0.0097301 9.93669e-05 0.00358437 -0.000439776 -0.000949817 6.57935e-06 0.00596828 -0.000603795 -0.00353224 -0.00582061 -0.0077737 -0.0100424 -0.0115952 0.000966797 0.00483009 -0.0137252 0.00639723 0.00837319 -0.00359528 0.00136645 0.00378371 0.00612305
internal_weight=483.404 28.6769 454.727 75.4715 43.4902 379.255 29.2036 39.0569 18.8229 350.052 48.571 301.481 290.614 210.903 18.4998 192.403 80.5745 55.9239 48.3692 36.2513 32.4417 24.6507 18.7042 26.8442 38.1347 31.1864 79.7114 111.829 54.8261 46.6545
internal_count=31131 2715 28416 4505 2824 23911 1734 2524 1042 22177 2639 19538 18595 10675 525 10150 3064 2117 1837 1327 1164 947 784 812 1866 1507 7920 7086 2122 1787
is_linear=0
shrinkage=0.05


Tree=127
num_leaves=31
num_cat=0
split_feature=9 16 22 21 2 36 26 22 4 33 27 8 41 36 31 21 40 26 18 8 6 32 3 37 27 19 41 7 29 10
split_gain=0.285316 0.373932 0.360868 0.358999 0.631252 0.483456 0.502913 0.624309 0.334604 0.334573 0.505006 0.452208 0.440077 0.406414 0.482645 0.458739 0.405752 0.41667 0.451324 0.390719 0.362667 0.353374 0.352227 0.351021 0.344835 0.331574 0.366013 0.323246 0.316883 0.391953
threshold=0.43666666746139532 0.030000001192092899 0.44333332777023321 -0.32999998331069941 -0.32333332300186152 0.31666666269302374 -0.063333332538604722 -0.3899999856948852 0.11000001430511476 -0.28333333134651179 0.19666665792465213 -0.14333333075046537 0.036225898191332824 0.12333333492279054 -0.3899999856948852 0.43000000715255743 0.86666667461395275 0.32999998331069952 -0.036666661500930779 -0.36333334445953364 0.13666665554046634 -0.3899999856948852 -0.17000000178813932 -0.013422966003417967 -0.26333332061767573 0.31000000238418585 0.057364715263247497 0.3966666460037232 -0.28333333134651179 0.35666668415069586
decision_type=2 2 2 2 2 2 2 2 2 2 2 2 2 2 2 2 2 2 2 2 2 2 2 2 2 2 2 2 2 2
left_child=2 8 3 25 5 6 -5 -8 -2 10 12 23 -6 16 15 22 17 18 -13 21 -19 -12 -15 -11 -25 28 -27 -4 -1 -30
right_child=1 -3 27 4 9 -7 7 -9 -10 11 19 13 -14 14 -16 -17 -18 20 -20 -21 -22 -23 -24 24 -26 26 -28 -29 29 -31
leaf_value=0.0045096629705719078 0.012760092182147999 -0.0011219095439632283 -0.0085527911340936204 0 0 -0.0032392913599229448 -0.00091243999199620688 0.013391493943715894 0 -0.00032931281835615769 -0.0019945651759322924 -0.010061188941565475 -0.010984723502576323 0 -0.00074210133776562038 -0.0018434410663914777 0.0015856910460448096 0.0055924886436495274 0 -0.0045631775001626976 -0.0050100331579099253 0.0093673381239470967 0.012172153848952059 0 0.0089527294497538813 -0.010993883049614038 0.0012437268881369974 0.0013845772522931676 -0.0057852270145707938 0.0042166690547009401
leaf_weight=12.479001041036097 8.1133492302615249 12.795265375403686 19.539599344949242 18.745370589196682 20.711608720012009 7.2904759871307752 5.0902913019526776 24.244614539202303 10.448036601999773 19.320096755633131 3.2888902809936562 34.487385248532519 20.537628279183991 4.0212795161642196 68.110748590668663 5.8043619012460104 22.316105653648265 11.269969605840744 13.840592129854484 7.6038468204205847 8.6026985093485546 12.163873773766682 16.359161632601172 8.6656121008563769 28.418996248859912 15.464233731036076 2.3225066831801078 4.2269406353589138 29.867601744248532 5.6641505914740256
leaf_count=736 271 1261 1231 1157 1421 524 234 934 516 1271 204 2417 1343 166 5164 153 1535 440 1665 636 348 748 543 384 1667 1340 192 288 2008 238
internal_value=-0.000273491 0.00383793 -0.000661146 -0.000225357 0.000349143 0.0050188 0.00695372 0.0104684 0.00771368 -0.000497263 -0.00356443 0.00028595 -0.00666981 -0.000821908 0.00126172 0.00641739 -0.00319504 -0.00509801 -0.00739394 0.0013609 0 0.00590226 0.00960193 0.00404652 0.00663486 -0.00349049 -0.00843429 -0.0060227 -0.00046258 -0.00321003
internal_weight=481.814 31.3567 450.458 426.691 360.894 55.3708 48.0803 29.3349 18.5614 305.523 64.3058 241.217 41.2492 184.812 94.2956 26.1848 90.5168 68.2006 48.328 23.0566 19.8727 15.4528 20.3804 56.4047 37.0846 65.7975 17.7867 23.7665 48.0108 35.5318
internal_count=31035 2048 28987 27468 22954 2849 2325 1168 787 20105 4352 15753 2764 12431 6026 862 6405 4870 4082 1588 788 952 709 3322 2051 4514 1532 1519 2982 2246
is_linear=0
shrinkage=0.05


Tree=128
num_leaves=31
num_cat=0
split_feature=31 19 36 32 37 0 37 18 37 40 41 31 16 38 37 13 4 38 38 18 41 41 3 2 40 28 40 10 41 38
split_gain=0.309233 0.561072 0.454898 0.930429 0.691794 0.56643 0.417662 0.479069 0.502041 0.378433 0.355304 0.295772 0.471134 0.551184 0.535322 0.272176 0.270163 0.287741 0.648729 0.441556 0.432559 0.405681 0.258108 0.359283 0.33938 0.337599 0.317156 0.422214 0.309346 0.35119
threshold=0.48333334922790533 0.056666672229766853 0.37666666507720953 0.26999998092651373 -0.036983489990234368 -0.19833332300186154 0.028002262115478519 -0.35000000894069666 0.10350275039672853 0.11666666716337205 0.028726016171276573 0.35000002384185797 0.20999997854232791 0.041270732879638679 -0.11461448669433592 0.3966666460037232 0.17000001668930056 0.022661209106445316 0.0048093795776367196 -0.236666664481163 0.029370071366429332 0.037754345685243614 -0.24166667461395261 -0.35000000894069666 0.17666666954755786 -1.0000000180025095e-35 0.30333334207534796 -0.2766666561365127 0.028726016171276573 -0.13281488418579099
decision_type=2 2 2 2 2 2 2 2 2 2 2 2 2 2 2 2 2 2 2 2 2 2 2 2 2 2 2 2 2 2
left_child=1 2 6 5 -5 -4 16 8 -8 -2 -6 12 13 -3 -14 -11 22 18 20 -19 -18 -22 23 -1 -25 28 -27 -28 -24 -30
right_child=9 11 3 4 10 -7 7 -9 -10 15 -12 -13 14 -15 -16 -17 17 19 -20 -21 21 -23 25 24 -26 26 27 -29 29 -31
leaf_value=0.0031989467939365045 -0.0021524211431493182 -0.0043989854281323969 -0.0049784127886213832 0.0013870334448153549 0 0.0088969866543811751 0.010345721481063802 0.00035397435105183849 -0.00087937955878621295 0.013167300899145227 -0.019985747209537885 0 0.0042229447623890262 0.0058324831846441683 -0.0092107779809263868 0 -0.0087097709522771152 -0.010884723797889094 0.0090461708985396065 0.00051015275162616543 0.0058059749032916075 -0.0041452494496877655 -7.1819567365903416e-05 0.00099517000271462808 -0.0086004874292432698 -0.0031421063482643553 -0.0049574805913527214 0.0058182807495051943 0 0.010715765666612644
leaf_weight=13.220092459116129 3.8762816735543337 28.095032081822865 6.0386122569907483 3.2992494138889006 3.397127627860753 10.020140849635938 32.405447529396042 53.368933416320942 7.0377204981632522 7.30474547552876 7.7032958327326924 48.506723877275363 2.3827844064217052 15.114017661078831 45.434329460491426 5.3356799590401351 13.433820621576158 12.592242565704511 8.9976264645811153 7.7348728936631224 13.91557326866314 14.050232882844282 7.0203051997814319 6.8735528206452754 16.202284008730203 27.591001163003966 4.5623151236213735 31.167325708083808 4.6043338088784393 22.973762744804844
leaf_count=555 148 3431 213 113 86 409 924 3556 204 228 232 3473 127 1911 4354 254 697 360 325 550 711 847 605 402 903 1535 270 1592 354 1732
internal_value=0 -0.000315314 0.000758307 -0.00437542 -0.0118688 0.00261111 0.00144182 0.00411773 0.00794106 0.0056782 -0.0163749 -0.00293962 -0.00453678 -3.73183e-05 -0.00768065 0.00934057 2.87888e-05 -0.00223451 0 -0.00647107 -0.002885 0.000221284 0.00144431 -0.00157592 -0.00526689 0.00283075 0.000120324 0.00332827 0.00642459 0.00854019
internal_weight=484.259 467.743 328.21 30.4584 14.3997 16.0588 297.751 92.8121 39.4432 16.5167 11.1004 139.533 91.0262 43.209 47.8171 12.6404 204.939 70.7244 50.3973 20.3271 41.3996 27.9658 134.215 36.2959 23.0758 97.919 63.3206 35.7296 34.5984 27.5781
internal_count=31101 30471 17175 1053 431 622 16122 4684 1128 630 318 13296 9823 5342 4481 482 11438 3490 2580 910 2255 1558 7948 1860 1305 6088 3397 1862 2691 2086
is_linear=0
shrinkage=0.05


Tree=129
num_leaves=31
num_cat=0
split_feature=29 16 38 37 14 40 25 41 23 21 40 41 41 39 37 38 40 33 3 19 31 16 15 28 41 41 30 39 36 29
split_gain=0.35972 0.626415 0.507259 0.582533 0.605994 0.427478 0.542931 0.422396 0.417602 0.399403 0.369249 0.560918 0.961541 0.769558 0.540319 1.07803 0.665652 0.562714 0.535783 0.510832 0.419289 0.409375 0.384553 0.348565 0.345591 0.33777 0.335214 0.468102 0.365202 0.374243
threshold=-0.030000001192092892 -0.24333333969116208 -0.13281488418579099 0.0079760551452636736 0.11000001430511476 0.57999998331069957 0.028333306312561039 0.06874531134963037 0.19666665792465213 -0.083333343267440782 0.2100000008940697 0.036677863448858268 0.028632688336074356 0.025245379656553272 -0.027381420135498043 -0.037744045257568352 0.97666668891906749 0.20999997854232791 0.29666668176651007 -0.1766666769981384 -0.24999999999999997 -0.33666665852069849 -0.43000000715255732 -0.40333333611488337 0.031935412436723716 0.027052928693592552 0.32333332300186163 0.030262772925198082 -0.12333333492279051 0.20999997854232791
decision_type=2 2 2 2 2 2 2 2 2 2 2 2 2 2 2 2 2 2 2 2 2 2 2 2 2 2 2 2 2 2
left_child=2 7 -1 5 9 8 25 10 -4 24 11 12 22 18 16 17 19 -16 21 -12 -13 -14 -2 -8 -5 -7 28 -28 -17 -30
right_child=1 -3 3 4 -6 6 23 -9 -10 -11 14 20 13 -15 15 26 -18 -19 -20 -21 -22 -23 -24 -25 -26 -27 27 -29 29 -31
leaf_value=-0.0042070262249607046 -0.0033480151820797451 -0.0044919637947540151 0.0095875913440523625 0 -0.0050467169576799637 0.0036198585675011191 -0.000483304063587885 -0.0083278437602710455 0 -0.00030746600139357514 0.012640788018311769 0.0075163355052712518 -0.021553107057233262 0.0014473273064341599 0 0.005561445534952302 -0.0039639428925616477 -0.014349500202842747 0 -0.0012682177426566622 -0.0025375477556386951 0 0.0075619523313741124 0.010688133394080172 0.010752544464158199 -0.006091152235838765 0.0089512541593015187 -0.0024268833957784043 0.0010636065383855804 -0.0088353580745178673
leaf_weight=22.304094586404972 6.7728847928810891 82.078382677631453 48.079773130826652 5.0031869788654175 33.590756120975129 5.1660677737090763 4.455868467455729 6.2420995407737783 9.0774633698165399 25.528653003973886 26.052152208518237 17.047447287943218 10.616163000464441 5.7307447299826881 11.484146138653161 11.683253505732862 4.0309075778350225 9.1928758556023222 6.2434797887690356 3.146549382479864 9.8124355776235443 3.1358179957605925 11.061576415551825 10.904708420392124 14.484424318652598 21.14499298017472 30.54512721975334 5.0400853347964576 11.625458633759992 10.419119898229836
leaf_count=1299 150 9628 3182 358 3221 304 276 262 807 1922 787 511 304 204 447 328 153 352 211 234 471 181 423 702 890 1463 820 172 489 448
internal_value=0.000140307 -0.000946434 0.00177877 0.00278048 -0.000161734 0.00523447 0.000539141 0.00047653 0.00788542 0.0031582 0.00112733 -0.00146288 -0.00494145 -0.0104379 0.0028003 0.000344314 0.00774422 -0.00803325 -0.0143538 0.010471 0.00328996 -0.0184112 0.00257002 0.00705161 0.00768269 -0.00309258 0.00361629 0.0066209 0 -0.0036129
internal_weight=481.701 281.961 199.74 177.436 78.607 98.8289 41.6716 199.882 57.1572 45.0163 193.64 70.4205 43.5607 25.7262 123.22 89.9901 33.2296 20.677 19.9955 29.1987 26.8599 13.752 17.8345 15.3606 19.4876 26.3111 69.313 35.5852 33.7278 22.0446
internal_count=30999 16575 14424 13125 6391 6734 2745 6947 3989 3170 6685 2455 1473 900 4230 3056 1174 799 696 1021 982 485 573 978 1248 1767 2257 992 1265 937
is_linear=0
shrinkage=0.05


Tree=130
num_leaves=31
num_cat=0
split_feature=31 16 41 41 39 24 39 5 15 38 12 29 30 39 5 36 2 0 36 38 23 29 39 25 11 41 31 39 37 39
split_gain=0.443559 0.448976 0.54397 0.48911 0.800947 0.503496 0.446419 0.609385 1.2256 0.74752 0.52684 0.494807 0.414402 0.566093 0.485772 0.404588 0.38984 0.388982 0.391689 0.384908 0.378988 0.37823 0.376473 0.499531 0.56854 0.369903 0.362118 0.347685 0.344589 0.443959
threshold=0.41000002622604376 -0.2766666561365127 0.06874531134963037 0.045919001102447517 0.028243753127753738 -0.21000000834465024 0.025245379656553272 0.19666665792465213 -0.41666667163372034 0.071311473846435561 -0.32333332300186152 0.46833333373069769 -0.31666666269302363 0.026318108662962917 -0.21666666865348813 -0.4433333277702331 -0.11666667461395262 0.35666668415069586 -0.11666667461395262 0.028881549835205082 -0.43000000715255732 0.32999998331069952 0.021112410351634029 0.028333306312561039 0.17000001668930056 0.061075946316123016 0.19666665792465213 0.019721276126801971 0.073786735534667983 0.036715434864163406
decision_type=2 2 2 2 2 2 2 2 2 2 2 2 2 2 2 2 2 2 2 2 2 2 2 2 2 2 2 2 2 2
left_child=1 2 3 4 6 -5 7 8 9 -1 -8 21 13 15 26 -3 -10 18 -6 20 -2 -9 -14 24 -24 -7 -15 -23 29 -25
right_child=19 12 -4 5 17 25 10 11 16 -11 -12 -13 22 14 -16 -17 -18 -19 -20 -21 -22 27 23 28 -26 -27 -28 -29 -30 -31
leaf_value=-0.015888410247426953 -0.0024060406374384539 -0.0088954913098178746 -0.0082847866656270506 -0.0019211854527402287 0 0.01061679753422877 0.012903667758596138 0 0.0074440184393536127 2.0028673703652189e-06 0 -0.0027722313939468664 0 0.014193388045837668 -0.00039772754254325154 0.00040379724447959798 -0.00088238135006403907 0.0017548527800826379 -0.013560441321987799 -0.0019501911123821606 0.0079610245727416012 0.013079924168606046 -0.01129022323773062 -0.0062057532887023889 0 0 0 0 0.0058630644369848176 0.0039838347906441139
leaf_weight=14.382942904718222 3.8199900360777965 9.4402636534068716 6.9683798619080326 8.042542699724434 4.4107003076933387 31.106325642205775 11.983506983146073 10.429444397566838 14.967061254661528 6.8692793315276495 8.1330591512378287 9.8012464335188252 63.380664700875059 10.94201026204974 10.289955327520145 29.152912709861994 27.421656081452966 2.8978295188862822 12.339459729148073 10.517200467875226 39.86739726504311 17.662052136380229 35.607206282904372 27.471129831275903 13.283565301913766 6.954692308092489 5.5937588543165466 10.346817683428524 7.7936961823143056 7.7444557170383623
leaf_count=354 151 717 274 273 118 1001 321 402 522 139 327 279 7502 438 629 2483 1089 100 569 1098 1664 473 3519 3032 1336 228 222 304 689 791
internal_value=0.000264527 -0.000245361 0.00135261 0.00204889 0.000415938 0.0062738 0.00205286 0.000415641 -0.00247323 -0.0109652 0.00801381 0.00453975 -0.00183445 0.00116345 0.00628306 -0.0022011 0.00209943 -0.00751399 -0.0102563 0.00430719 0.00637031 0.00708935 -0.00324876 -0.00519626 -0.00840996 0.00859866 0.0105488 0.00966827 -0.000450621 -0.0031046
internal_weight=479.621 425.417 204.717 197.749 151.645 46.1036 131.997 111.881 63.6409 21.2522 20.1166 48.2396 220.7 65.4189 26.8257 38.5932 42.3887 19.648 16.7502 54.2046 43.6874 38.4383 155.281 91.9001 48.8908 38.061 16.5358 28.0089 43.0093 35.2156
internal_count=31044 28131 6773 6499 4997 1502 4210 3562 2104 493 648 1458 21358 4489 1289 3200 1611 787 687 2913 1815 1179 16869 9367 4855 1229 660 777 4512 3823
is_linear=0
shrinkage=0.05


Tree=131
num_leaves=31
num_cat=0
split_feature=27 14 40 41 29 39 37 37 21 27 6 14 27 39 23 30 39 23 31 34 29 28 24 25 22 14 6 22 7 33
split_gain=0.347005 0.731688 0.484202 0.467345 0.440889 0.553942 0.783517 0.565269 0.419275 0.412262 0.404557 0.579544 0.564797 0.354207 0.343577 0.557044 0.582351 0.399358 0.308941 0.300282 0.291935 0.36514 0.291799 0.331238 0.282763 0.272431 0.276642 0.271945 0.249594 0.310546
threshold=-0.43000000715255732 -0.26333332061767573 0.096666667610406889 0.028726016171276573 -0.32333332300186152 0.020547864027321342 -0.048280715942382806 -0.035023689270019524 0.35000002384185797 0.23000001907348636 -0.36333334445953364 -0.46999999880790705 -0.30333334207534784 0.017001166008412841 0.11000001430511476 -1.0000000180025095e-35 0.016595917753875259 0.1566666662693024 0.23000001907348636 0.38999998569488531 0.26999998092651373 0.17666667699813846 -0.19666665792465207 -0.22333332896232602 0.25000000000000006 0.43000000715255743 -0.28333333134651179 0.15166664123535159 -0.24333333969116208 0.01666665077209473
decision_type=2 2 2 2 2 2 2 2 2 2 2 2 2 2 2 2 2 2 2 2 2 2 2 2 2 2 2 2 2 2
left_child=1 3 -3 -1 5 7 -7 -2 22 18 -6 12 27 -4 15 28 -17 -16 -8 24 21 -19 -5 -24 -18 26 -20 -12 -13 -30
right_child=4 2 13 8 10 6 9 -9 -10 -11 11 14 -14 -15 17 16 19 20 25 -21 -22 -23 23 -25 -26 -27 -28 -29 29 -31
leaf_value=0.006676791902916205 -0.011467844057539235 -0.00024565503276584462 0 0.00060621120960256366 -0.0073173885089254671 0.011645857365619239 0.0007890780416834512 0.00093636035388790836 0.0033985509552778344 0.0062364185026613167 0.0032504160811404081 0.0041430109030586399 0.011225858401330958 0.015563148901231809 0.0067675978524890231 0.0011405494116781903 -0.010250541172021149 2.5267857402533921e-06 -0.01301515370621276 0 0.001838124227988559 -0.0067651376981685656 2.4418751981741713e-05 -0.010256396172635997 0 0.00050180757444192594 0 -0.0070304105980885205 -0.0042110089449945457 0.0032318235279155862
leaf_weight=10.913054269738494 6.5940304382238564 4.4879464185796705 2.5206628080923101 5.9625252555124453 23.882603994687088 20.036326424684376 15.92063202429563 20.791876649484038 9.8361838124692422 13.528258902486412 6.2199895009398478 20.525496950605884 12.293974856846033 12.933567348634822 14.185093796113504 16.911787699675187 50.559706815634854 31.263568111695349 8.1708101262338442 9.4173181070946139 42.315464256214909 28.014992470969446 4.4825951410457519 20.93054201640189 10.456928752479142 2.2490241948980829 2.4584737301338455 5.4210870889946818 36.638650786597282 12.091216370812615
leaf_count=224 406 199 157 126 1655 726 1051 1689 211 730 102 1469 218 582 1077 1266 3719 2886 409 787 3011 2282 109 463 820 122 184 107 3139 1227
internal_value=-8.87282e-05 0.00291067 0.00979814 -3.36774e-05 -0.000710494 0.00217783 0.00479591 -0.00282573 -0.00296287 0 -0.00162188 -0.000944018 0.00550494 0.0131331 -0.00170695 -0.00320154 -0.0057248 0.000167455 -0.00279137 -0.00766044 -0.000847743 -0.00314072 -0.00585147 -0.00798883 -0.00883913 -0.00738592 -0.0101371 -0.000882876 0 -0.00175561
internal_weight=482.014 72.0671 19.9422 52.1249 409.947 89.7494 62.3635 27.3859 41.2118 42.3272 320.198 296.315 23.9351 15.4542 272.38 156.601 87.3457 115.779 28.7989 70.434 101.594 59.2786 31.3757 25.4131 61.0166 12.8783 10.6293 11.6411 69.2554 48.7299
internal_count=31153 2071 938 1133 29082 5317 3222 2095 909 2496 23765 22110 427 739 21683 12427 6592 9256 1766 5326 8179 5168 698 572 4539 715 593 209 5835 4366
is_linear=0
shrinkage=0.05


Tree=132
num_leaves=31
num_cat=0
split_feature=19 29 26 6 34 33 24 22 25 25 23 32 22 35 4 26 0 29 37 37 37 40 25 36 13 29 16 30 0 13
split_gain=0.304869 0.771608 0.427708 0.522552 0.530248 0.46293 0.412948 0.384416 0.397888 0.362873 0.351998 0.546862 0.411254 0.381895 0.366554 0.37882 0.351027 0.345965 0.332761 0.448241 0.576982 0.399135 0.593239 0.491214 0.574724 0.32843 0.327094 0.307978 0.340678 0.296979
threshold=0.056666672229766853 -0.37666666507720942 0.32999998331069952 -0.36333334445953364 0.35000002384185797 0.36333334445953375 0.23000001907348636 0.40333333611488348 -0.063333332538604722 -0.15000000596046445 0.11000001430511476 -0.10333332419395445 -0.31666666269302363 0.12333333492279054 0.40333333611488348 0.23666667938232425 0.12166666984558107 0.37666666507720953 0.026471138000488285 -0.022203922271728512 -0.10021543502807616 0.95666664838790905 -0.41666667163372034 0.37666666507720953 0.43666666746139532 0.13666665554046634 -0.236666664481163 -0.049999997019767754 0.20333331823349002 -0.016666665673255917
decision_type=2 2 2 2 2 2 2 2 2 2 2 2 2 2 2 2 2 2 2 2 2 2 2 2 2 2 2 2 2 2
left_child=1 -1 3 16 10 7 -7 8 9 -4 13 -12 -13 17 15 29 -3 27 19 20 -2 22 -22 24 -24 -11 -10 -5 -29 -14
right_child=18 2 5 4 -6 6 -8 -9 26 25 11 12 14 -15 -16 -17 -18 -19 -20 -21 21 -23 23 -25 -26 -27 -28 28 -30 -31
leaf_value=0.0097183745828395163 0.0040954908462810325 -0.01143408781626307 0.0040342072505991601 0.0010036665219495873 0.0064421128407877674 -0.0089297363727587047 0.0030944413627327239 -0.0034650547698161882 0.0097708981238074973 0.0012729783932455894 -0.0056727328231983669 -0.0050409004444951265 0.0089836834640280427 -0.0079932584717149549 -0.0023047093701154433 -0.0010693741245412149 0 0.0081433721612886433 -0.0057413176747296091 0.0025618652533609659 0.0035309914914379821 0.0022567835752789808 -0.014227109233767066 0 0.00021740313914357353 -0.010296737988395668 0 -0.0075961547842389151 0.0015914380267813269 0
leaf_weight=16.347450138535351 12.152641200926153 12.927388998446988 23.413427763618529 27.54199729510583 19.469271218637004 9.1620108657516521 5.1525604608468702 6.4460229773540041 38.700713303638622 4.0327916042879206 16.90238488256 6.0073645152151576 42.636549749411635 25.651976756285876 8.3733488386496884 8.1235652121249569 5.0381405272055408 2.8986373569350681 36.609597543603741 56.216993196052499 4.2200269794557235 5.6966071669012299 27.68790531845298 6.9031245106598353 4.277345946757122 5.6634067746344954 5.5491551703307769 26.226559286937118 6.334417480044066 4.8312174351885977
leaf_count=998 691 840 778 2314 863 264 150 209 918 154 1318 298 2236 1502 443 403 306 78 4176 5103 252 404 2301 711 280 171 354 1778 401 500
internal_value=-6.98649e-05 0.000738151 1.2429e-05 -0.00116342 -0.000169723 0.00272462 -0.00373534 0.00428225 0.00543064 0.000289861 -0.00122951 0.000795173 0.00301124 -0.00340231 0.00449224 0.00604671 -0.00816309 -0.000638225 -0.00191006 -0.000288454 -0.00328539 -0.00582751 -0.0075508 -0.00962245 -0.0119069 -0.00524481 0.00828578 -0.00214065 -0.00519096 0.00771545
internal_weight=481.195 327.43 311.083 212.963 194.997 98.1201 14.3146 83.8055 77.3595 33.1096 175.528 86.8744 69.972 88.6536 63.9647 55.5913 17.9655 63.0016 153.764 117.155 60.9377 48.785 43.0884 38.8684 31.9653 9.6962 44.2499 60.103 32.561 47.4678
internal_count=31194 17276 16278 13280 12134 2998 414 2584 2375 1103 11271 5198 3880 6073 3582 3139 1146 4571 13918 9742 4639 3948 3544 3292 2581 325 1272 4493 2179 2736
is_linear=0
shrinkage=0.05


Tree=133
num_leaves=31
num_cat=0
split_feature=4 39 25 41 17 20 3 5 31 25 5 37 27 41 32 5 38 13 24 4 32 38 1 24 41 24 20 31 31 9
split_gain=0.306364 0.788525 0.653826 0.475196 0.450336 0.402305 0.470699 0.526688 0.469956 0.371688 0.361291 0.349693 0.554848 0.404643 0.349309 0.345846 0.329647 0.400824 0.441914 0.298683 0.286713 0.286122 0.314568 0.281341 0.263678 0.31741 0.243021 0.229999 0.544782 0.3887
threshold=-0.32333332300186152 0.023912034928798679 0.36333334445953375 0.041571944952011115 -0.31000000238418574 0.056666672229766853 0.32333332300186163 0.12333333492279054 -0.3899999856948852 0.23666667938232425 0.26333332061767584 0.065220355987548842 0.01666665077209473 0.029897365719079975 0.096666663885116591 -0.036666661500930779 0.06216478347778321 0.37666666507720953 0.069999992847442641 -0.35000000894069666 0.45666664838790899 -0.076637268066406236 -0.063333332538604722 0.1566666662693024 0.050638422369956977 -0.29000000655651087 -0.43000000715255732 -0.40333333611488337 -0.236666664481163 -0.22333332896232602
decision_type=2 2 2 2 2 2 2 2 2 2 2 2 2 2 2 2 2 2 2 2 2 2 2 2 2 2 2 2 2 2
left_child=1 4 3 -3 14 9 7 11 -9 26 -11 13 -13 -7 -1 21 17 18 19 -6 -8 -15 -23 -19 -5 -26 -2 -28 -29 -30
right_child=5 2 -4 24 16 6 20 8 -10 10 -12 12 -14 15 -16 -17 -18 23 -20 -21 -22 22 -24 -25 25 -27 27 28 29 -31
leaf_value=0.0092262745750806424 0.0011336460278840055 0.012385965469890351 -0.0040299008372742555 -0.0049868332273874695 -0.016818008724328232 -0.00346203695383144 -0.0050192825306804283 0.012911072737084545 0.0016344689642932492 0.0052699519265959546 -0.0026608398906051442 -0.012583447025175255 0.0012426328874607679 0 -0.0026988153460738174 -0.0009177483173320142 0.0015097459084252335 0.0058965935585926707 0 0 0.003445789026319571 0 0.010739354151841142 -0.0058835836358698927 -0.002278120571982162 0.0091003040180670566 -0.0098592150671174689 0.0017843512495663478 -0.0088703542149279665 -0.0015895254204030024
leaf_weight=7.699385174084453 13.994623346719889 25.940454398747534 5.7451226989505804 5.0856407140381625 10.275138819008133 21.097865128424019 39.820503019727767 12.478976965416221 36.423635620856658 22.523141433601268 19.452472653007135 7.1713988957926613 7.9701839277986437 8.1375931565416959 2.9549510448705405 18.214696417562664 7.7207233401713884 6.1871506914030743 8.4421335675287974 2.3910375470295611 4.5870718228397882 11.213084765477101 21.632368818158287 2.077244532876648 2.7646727862302205 7.6635124529711893 15.274710649158804 33.630490200594068 34.75632258830592 59.546942154760472
leaf_count=299 822 1053 468 218 764 1556 2633 338 2491 1790 1746 393 477 551 137 1234 800 382 432 176 452 699 1373 163 186 269 511 1422 2396 4900
internal_value=-0.000197555 0.0021945 0.00652967 0.00884443 -0.00187628 -0.000870996 0.000674635 0.00216103 0.00606389 -0.00243442 0.00120041 0 -0.00583598 0.00133665 0.00463702 0.00359155 -0.00471238 -0.00703331 -0.0100754 -0.014374 -0.00334286 0.00598905 0.00786109 0 0 0.00483164 -0.00356661 -0.0042206 -0.0029492 -0.00489228
internal_weight=482.873 94.9472 47.1994 41.4543 47.7478 387.926 188.747 144.34 48.9026 199.179 41.9756 95.4372 15.1416 80.2956 10.6543 59.1977 37.0934 29.3727 21.1083 12.6662 44.4076 40.983 32.8455 8.2644 15.5138 10.4282 157.203 143.208 127.934 94.3033
internal_count=31131 5347 2194 1726 3153 25784 12197 9112 2829 13587 3536 6283 870 5413 436 3857 2717 1917 1372 940 3085 2623 2072 545 673 455 10051 9229 8718 7296
is_linear=0
shrinkage=0.05


Tree=134
num_leaves=31
num_cat=0
split_feature=17 29 38 41 3 29 0 8 19 15 27 38 37 29 40 41 26 41 8 25 22 8 20 39 12 0 19 26 3 30
split_gain=0.31473 0.539139 0.43547 0.802974 0.575666 0.573125 0.512386 0.423291 0.513338 0.318851 0.314508 0.73505 0.429188 0.545895 0.449825 0.594063 0.626282 0.594272 0.538071 0.531903 0.431485 0.40982 0.386005 0.375555 0.368649 0.340005 0.318475 0.353811 0.311744 0.294701
threshold=-0.32833331823348993 0.056666672229766853 -0.079872131347656236 0.040580337867140777 0.32999998331069952 0.27666664123535162 -0.076666668057441698 0.11000001430511476 -0.45666666328907007 -0.036666661500930779 -0.4433333277702331 -0.068847179412841783 0.025244712829589847 -0.023333340883255001 0.56999999284744274 0.035905381664633758 0.41666668653488165 0.037754345685243614 -0.12833333015441892 0.18999999761581424 0.22166669368743899 0.043333351612091071 0.01666665077209473 0.012948645744472744 0.12333333492279054 0.11000001430511476 -0.31000000238418574 -0.41666667163372034 -0.036666661500930779 -0.069999992847442613
decision_type=2 2 2 2 2 2 2 2 2 2 2 2 2 2 2 2 2 2 2 2 2 2 2 2 2 2 2 2 2 2
left_child=1 9 -3 4 5 6 -4 8 -5 -1 11 -2 13 14 15 16 23 18 -17 22 -15 -21 -16 -12 -19 -25 -14 -28 -7 -26
right_child=10 2 3 7 -6 28 -8 -9 -10 -11 12 -13 26 20 19 17 -18 24 -20 21 -22 -23 -24 25 29 -27 27 -29 -30 -31
leaf_value=0.0090050534610660298 -0.0062044397919392633 0.0059456274088172806 0.0048638872062769511 0.0072223248671965572 -0.0058049305101655338 0 -0.0079370780224997071 -0.013202183525299518 -0.007216098394657232 0 -0.001567178464247816 0.0081172801955049622 0 -0.0054437072816894963 -0.0085322708327358662 -0.015426899393175706 -0.0046641520668684339 -0.001991392272507839 0.0020068674137254535 0.010262369168127235 0.0010279685104373872 -0.0025432831172685255 0 0.013279857375331751 0.0091852564443435439 0 0.0016914497540076634 -0.0071326872273695489 0.010597897780557832 -0.001496660198894725
leaf_weight=26.150807824684307 6.3902971385978189 18.099904727889225 6.8322083984967348 5.2484482750296593 13.929422456654718 13.211251100525258 11.033189231296999 12.406082388712091 7.3777010221965629 8.2289905465440807 1.477068485226481 20.702652967534959 22.262176943710074 61.068415627232753 19.952244006912224 4.6376474946737289 2.7817482077516607 13.158139234175907 1.8526665233075608 8.1548395251156744 29.975139873218723 3.4293427693191907 19.260979901533574 28.348698766669258 15.714903067797424 8.9447177592664939 6.0769005216425276 61.416167555493303 20.517923197941855 2.0004795736167571
leaf_count=1117 213 663 269 98 367 313 472 408 312 717 151 716 798 5400 1342 359 101 1032 181 441 2722 395 1389 2049 733 796 518 6346 472 174
internal_value=-0.000100867 0.00176098 0 -0.0015658 0.00114797 0.00386836 -0.00200203 -0.00832345 0 0.00669513 -0.000979423 0.00347138 -0.0015052 -0.000168202 0.00176827 0.00409964 0.00782593 0 -0.00987538 -0.00146392 -0.00312354 0.00547542 -0.00452141 0.00978547 0.00269385 0.0109674 -0.00431592 -0.00592479 0.00743976 0.00685137
internal_weight=480.641 143.036 108.656 90.5562 65.524 51.5946 17.8654 25.0322 12.6261 34.3798 337.605 27.093 310.512 220.757 129.713 78.9161 41.5522 37.3638 6.49031 50.7974 91.0436 11.5842 39.2132 38.7705 30.8735 37.2934 89.7552 67.4931 33.7292 17.7154
internal_count=31064 5208 3374 2711 1893 1526 741 818 410 1834 25856 929 24927 17265 9143 5576 3097 2479 540 3567 8122 836 2731 2996 1939 2845 7662 6864 785 907
is_linear=0
shrinkage=0.05


Tree=135
num_leaves=31
num_cat=0
split_feature=30 36 27 10 32 12 36 38 41 39 35 39 16 14 38 38 41 5 17 41 7 26 41 39 26 38 38 17 27 25
split_gain=0.540106 0.494444 0.697388 0.481731 0.562128 0.386139 0.38517 0.353815 0.332891 0.322685 0.338994 0.331533 0.322138 0.455158 0.482305 0.552951 0.549285 0.476258 0.387753 0.481384 0.44701 0.364781 0.333676 0.311107 0.307419 0.30384 0.58247 0.658079 0.612072 0.624362
threshold=-0.31666666269302363 -0.36333334445953364 0.17000001668930056 -0.4433333277702331 -0.45666666328907007 1.0000000180025095e-35 -0.48333333432674402 -0.0027670860290527339 0.048466689884662635 0.038674836978316314 0.27666664123535162 0.01726569049060345 -0.24333333969116208 -0.26999998092651362 -0.11537122726440428 -0.037744045257568352 0.032807279378175742 -0.076666668057441698 -0.48333333432674402 0.028726016171276573 0.20999997854232791 -0.30333334207534784 0.02621184661984444 0.036715434864163406 0.46333330869674688 0.088602066040039076 0.022661209106445316 -0.37666666507720942 0.083333313465118422 0.13666665554046634
decision_type=2 2 2 2 2 2 2 2 2 2 2 2 2 2 2 2 2 2 2 2 2 2 2 2 2 2 2 2 2 2
left_child=1 3 9 5 -5 -1 -7 -8 -6 10 11 -3 13 14 23 16 -16 -18 20 22 -17 -14 -20 -2 -23 26 27 -21 29 -28
right_child=12 2 -4 4 8 6 7 -9 -10 -11 -12 -13 21 -15 15 18 17 -19 19 25 -22 24 -24 -25 -26 -27 28 -29 -30 -31
leaf_value=-0.0036953758085190823 0.0097197350354528492 0 -0.00012216657091906278 0.004959960310330378 -0.010859597594125416 -0.0012567096182769476 0.012897236404067813 0 0 0 0 0.015955686445123501 0.0017548625138656987 0.0059052041743565403 0 0.011407907449422354 0 -0.015857577512962587 -6.0374485808790035e-05 0.0066194168640408618 -0.0010041010768766098 -0.0043439828710463832 0.0091399428592252394 0 0.0031752428387083879 0.00052517616363854187 -0.016037806024080743 -0.0054906109871503874 0.0008205184784895466 0
leaf_weight=4.185304525075483 11.356436149682851 4.769273640355105 18.504252812592313 4.4115334355738041 16.556350132916126 4.1499740404542562 13.137705628294503 3.4560191982891366 4.7210577637888482 3.3047068172600111 2.7363169423770151 19.700412910198793 29.344191632699221 26.09173270012252 21.734807401895523 9.0074164327234012 2.9750890671275565 11.229033702518787 11.52104407688603 15.247212459333236 6.167343887500464 126.09358942403924 11.016258233692495 7.5613633890170595 6.9307283065281799 34.464148194994777 17.421737392200161 17.691248727496717 7.3822946867439887 7.6126236892305306
leaf_count=217 387 368 1256 158 1085 188 332 271 278 167 221 1053 3359 1892 756 147 108 414 348 368 112 13988 296 304 362 978 482 674 286 201
internal_value=0 0.0031985 0.00648936 0 -0.00462784 0.00412254 0.00710989 0.0100869 -0.00818597 0.010545 0.0121061 0.0136943 -0.000834814 0.000324232 -0.00046235 -0.00146697 -0.00649391 -0.0124701 0 -0.000973199 0.00632763 -0.00249886 0.00453686 0.00588148 -0.00365227 -0.00264022 -0.00456361 0 -0.00875146 -0.0119926
internal_weight=480.481 99.6329 49.015 50.6179 25.6889 24.929 20.7437 16.5937 21.2774 30.5107 27.206 24.4697 380.848 218.48 192.388 173.47 35.9389 14.2041 137.531 122.357 15.1748 162.369 22.5373 18.9178 133.024 99.8193 65.3551 32.9385 32.4167 25.0344
internal_count=31056 5594 3065 2529 1521 1008 791 603 1363 1809 1642 1421 25462 7753 5861 5170 1278 522 3892 3633 259 17709 644 691 14350 2989 2011 1042 969 683
is_linear=0
shrinkage=0.05


Tree=136
num_leaves=31
num_cat=0
split_feature=25 10 40 29 37 20 35 29 21 25 38 32 24 9 31 19 37 4 9 5 4 1 13 35 8 10 38 35 0 8
split_gain=0.316915 0.475605 0.672146 0.557174 0.439239 0.426018 0.392474 0.386683 0.383233 0.389863 0.482442 0.476696 0.378648 0.360392 0.505218 0.557175 0.486802 0.451638 0.345879 0.401659 0.337723 0.32879 0.314019 0.290733 0.340486 0.483125 0.272395 0.658832 0.26733 0.451593
threshold=-1.0000000180025095e-35 -0.083333343267440782 0.59333333373069774 0.41666668653488165 -0.027381420135498043 -0.29666668176650995 0.38999998569488531 -0.090000003576278673 0.46999999880790716 0.32999998331069952 0.01506328582763672 0.26333332061767584 0.38999998569488531 0.18333333730697635 0.32999998331069952 0.38333332538604742 0.064506053924560561 0.083333313465118422 -0.3899999856948852 -0.41666667163372034 0.43000000715255743 0.29666668176651007 0.1566666662693024 0.37666666507720953 0.11000001430511476 0.069999992847442641 0.10015916824340822 -0.0099999904632568342 -0.076666668057441698 -0.37666666507720942
decision_type=2 2 2 2 2 2 2 2 2 2 2 2 2 2 2 2 2 2 2 2 2 2 2 2 2 2 2 2 2 2
left_child=13 2 4 7 5 -2 12 -3 9 20 11 -11 21 14 26 18 17 22 19 -16 -5 -4 -15 24 -9 -26 28 -28 29 -1
right_child=1 3 6 8 -6 -7 -8 23 -10 10 -12 -13 -14 16 15 -17 -18 -19 -20 -21 -22 -23 -24 -25 25 -27 27 -29 -30 -31
leaf_value=-0.0082057205508863345 0.0026319178471090727 0.0024129960814734848 0.011864917748841824 0.01098835782310445 0.0027094321758249682 -0.0098094158201851109 -0.0026519308964799613 -0.00024211692597223713 -0.003686745307295073 0.0031862547465201169 0.0066877368401377646 -0.012075331444581535 -0.0011568146914306384 0.010070262540291282 0 -0.0064799278860343361 -0.0068308503910820655 -0.00029418320564216665 0 0.013547947908013617 -8.6201650710468863e-05 0 0 0.00058575948090853764 0 -0.011100181708401612 -0.0047264101861054578 0.0088045254224746738 -0.0070342267678099625 0.0011095472041731138
leaf_weight=11.260663207154719 3.5671823050361153 17.514092141878791 34.877321816398762 20.489814903121445 37.331917106406763 12.48559646354988 2.0314897517673662 26.652689650189131 6.8134742826223365 1.8981756246648709 5.7848087297752491 6.2799004105618224 2.6916124268900594 20.440213967114691 3.3993090498261145 7.048265845514833 6.8614398860372594 26.695139646530151 17.708214558660984 9.6215675792191195 3.3998805596493176 4.9782604130450627 5.9915238488465539 13.356421948643399 8.5434167470084486 30.281497004791163 17.306117772008296 8.5311004149261844 67.902452864451334 37.243471199180931
leaf_count=613 219 1884 1791 521 2316 863 146 1735 289 45 315 528 231 1196 101 233 583 1674 1272 333 233 341 491 1500 637 2108 1070 517 4872 2439
internal_value=-0.000167605 0.00104894 0.00365984 -0.000670161 0 -0.00594723 0.00779453 -0.00290428 0.00342882 0.0056089 0 -0.00692042 0.00907439 -0.00147658 -0.00262749 0.00187192 0.00152325 0.00360871 0.00521383 0.0098971 0.00887494 0.0103715 0.00764652 -0.0044674 -0.00581057 -0.00853141 -0.00401849 0 -0.005012 -0.00125964
internal_weight=478.987 238.978 97.9634 141.014 53.3847 16.0528 44.5787 96.3481 44.6661 37.8526 13.9629 8.17808 42.5472 240.009 180.021 37.7774 59.9883 53.1269 30.7291 13.0209 23.8897 39.8556 26.4317 78.834 65.4776 38.8249 142.244 25.8372 116.407 48.5041
internal_count=31096 15702 5907 9795 3398 1082 2509 7864 1931 1642 888 573 2363 15394 11450 1939 3944 3361 1706 434 754 2132 1687 5980 4480 2745 9511 1587 7924 3052
is_linear=0
shrinkage=0.05


Tree=137
num_leaves=31
num_cat=0
split_feature=31 3 17 29 5 5 31 4 39 31 39 5 36 27 38 16 16 39 37 20 6 38 12 3 24 26 32 37 39 36
split_gain=0.435131 0.355958 0.279005 0.482976 0.482239 0.698325 0.975001 0.556191 0.443045 0.751409 0.453907 0.426981 0.316678 0.298109 0.560784 0.272617 0.319922 0.300236 0.545242 0.449508 0.430413 0.408303 0.394479 0.349349 0.42698 0.332437 0.392175 0.313398 0.313064 0.372404
threshold=0.48333334922790533 -0.10999999940395354 -0.32833331823348993 -0.069999992847442613 0.12333333492279054 0.38333332538604742 -0.3899999856948852 0.25000000000000006 0.013734275940805675 -0.40333333611488337 0.025131768546998504 -0.076666668057441698 0.083333313465118422 -0.4433333277702331 -0.059002399444580071 0.4499999880790711 0.48333334922790533 0.017183559946715835 -0.045586585998535149 -0.14333333075046537 0.069999992847442641 0.12630462646484378 0.01666665077209473 0.25000000000000006 -0.30333334207534784 0.27666664123535162 -0.036666661500930779 0.036592006683349616 0.013734275940805675 0.030000001192092899
decision_type=2 2 2 2 2 2 2 2 2 2 2 2 2 2 2 2 2 2 2 2 2 2 2 2 2 2 2 2 2 2
left_child=2 -2 3 11 8 6 -6 -7 -5 10 -10 -1 -8 14 -4 17 -17 18 -15 -19 22 -22 25 24 -24 26 -21 -26 -20 -30
right_child=1 -3 13 4 5 7 12 -9 9 -11 -12 -13 -14 15 -16 16 -18 19 28 20 21 -23 23 -25 27 -27 -28 -29 29 -31
leaf_value=0.010651943317299108 0.010769853940346805 -0.00012913807831356093 -0.0053022433300397766 0.0049182594326550727 0.011735191705154063 0.0041312143913162193 0.0035841593279159084 -0.010891617152346796 -0.016626620043786549 0 0 -0.00077670698116127652 -0.0054244015524416512 -0.0086156112534777028 0.0073444690540019689 0.0069297593792123236 -0.0028916484408648777 -0.0062529097053032751 -0.0012993541651761568 -0.0070852371668110488 -0.0068504923612184221 0.0023827584707121941 -0.0022634931536229023 -0.0032041355650329118 0.010568893969692995 0.0035504808134652582 0.0017686451549520669 0 0.008797531647265695 0
leaf_weight=15.624386161798613 9.8211917786393297 6.0618581811431786 6.1607623770833042 6.1161544318310908 24.018738033249971 3.3163708825595668 11.325634297449147 8.8919224161654693 10.403459612280132 35.171154910931364 6.895675294334068 5.961049632402136 13.79015058162622 6.8035197954159221 18.782528873067349 12.4849709502887 6.0884783704532301 78.048362971516326 19.238633214728907 29.069412391399961 40.938915310776792 7.9875190269667646 5.2026956691406658 5.1016595317050806 24.097892755875367 10.871046197833492 10.409944708691912 5.811711454531177 21.0237449654378 13.09657853306271
leaf_count=812 276 343 220 199 483 101 456 297 233 1465 160 412 541 661 651 841 443 6290 1813 2498 3912 665 461 534 1472 543 726 400 1828 1418
internal_value=-0.000231258 0.00657286 -0.000599287 0.00112331 -4.24586e-05 0.00272211 0.00556863 -0.00542111 -0.00330815 -0.00510091 -0.0120799 0.00710707 -0.000650856 -0.00144127 0.00299048 -0.00194904 0.00277294 -0.00240494 0.000342734 -0.00326548 -0.00123317 -0.00479233 0.000609026 0.00418405 0.00617657 -0.00194411 -0.0042756 0.00847378 0.00266154 0.00537833
internal_weight=478.616 15.883 462.733 141.515 119.929 61.3428 49.1345 12.2083 58.5864 52.4703 17.2991 21.5854 25.1158 321.218 24.9433 296.275 18.5734 277.702 60.1625 217.539 139.491 48.9264 90.5644 40.214 35.1123 50.3504 39.4794 29.9096 53.359 34.1203
internal_count=31154 619 30535 5159 3935 1878 1480 398 2057 1858 393 1224 997 25376 871 24505 1284 23221 5720 17501 11211 4577 6634 2867 2333 3767 3224 1872 5059 3246
is_linear=0
shrinkage=0.05


Tree=138
num_leaves=31
num_cat=0
split_feature=30 8 20 16 3 27 38 38 13 14 37 40 31 31 4 5 38 23 11 38 14 4 18 24 23 36 36 27 13 23
split_gain=0.521387 0.462533 0.523735 0.467063 0.428192 0.533179 0.46884 0.405619 0.448709 0.419145 0.387676 0.48486 0.685204 0.604406 0.635294 0.579509 1.115 0.598306 0.587252 0.474944 0.431098 0.391934 0.362699 0.34728 0.312323 0.385836 0.337114 0.303917 0.313856 0.301153
threshold=-0.31666666269302363 -0.3899999856948852 -0.43000000715255732 0.13666665554046634 0.18999999761581424 -0.3899999856948852 0.011566162109375002 -0.1008472442626953 0.41666668653488165 -0.076666668057441698 -0.06400823593139647 0.10333333536982538 -0.15000000596046445 -0.236666664481163 0.31666666269302374 0.18333333730697635 -0.025616168975830075 0.069999992847442641 -0.37666666507720942 -0.10593843460083006 -0.35000000894069666 0.043333351612091071 -0.41666667163372034 -0.056666672229766839 -0.26999998092651362 -0.12999999523162839 0.12333333492279054 -0.0099999904632568342 0.26999998092651373 -0.33666665852069849
decision_type=2 2 2 2 2 2 2 2 2 2 2 2 2 2 2 2 2 2 2 2 2 2 2 2 2 2 2 2 2 2
left_child=4 23 27 10 5 -1 7 -7 9 -9 21 13 15 14 29 17 19 24 -19 -17 -18 -4 -20 -2 25 -13 -26 28 -3 -12
right_child=1 2 3 -5 -6 6 -8 8 -10 -11 11 12 -14 -15 -16 16 20 18 22 -21 -22 -23 -24 -25 26 -27 -28 -29 -30 -31
leaf_value=-0.0061165297323708782 0.010766881293632801 0.010752250460450462 0 -0.0061645310190145981 -0.0032587988468985776 0 0 0 -0.00027961101183894495 0.01351162860362011 0 0.0022407571110314209 0.0018476290529855046 -0.0013820359247635151 -0.0013566637174171295 0.0023739077432557167 0.0097887154208515133 -0.017635318734476182 0.0045929556907326743 -0.01049662925749569 -0.00075139609421521168 -0.0099987907263942039 -0.0062427463574453446 0 -0.0022203285883953851 -0.0095440505395842958 0.0068352190031296875 -0.00076819760422555509 -0.00042156316227994427 0.013663198584773146
leaf_weight=4.0049601343926033 8.0869864207925257 13.083199291955681 11.989558917819524 52.988566908752546 14.202820733422412 16.952448030235246 23.060292305191979 5.4107428493443868 4.3630024110898367 32.965439510997385 2.9658516570925775 3.4592556187417385 80.765439862036146 23.458723275456578 7.4813663731329134 3.7290162837598499 19.983993955887858 13.387514025671406 4.1931185685098162 16.694908648147248 7.7919872782658777 16.474735432420857 15.875668265158312 7.7139287081081411 15.449286861578004 12.965569962980224 11.043566532433031 7.704210427007637 2.8008182047633445 18.38222927832976
leaf_count=121 467 509 844 6123 1139 593 2011 292 158 1271 120 127 6788 1892 267 146 470 403 106 724 631 1147 817 520 686 603 453 858 283 605
internal_value=-6.14909e-05 -0.00096921 -0.00142882 -0.00200739 0.00297104 0.00440527 0.00557526 0.00773546 0.0100725 0.0116915 -0.00104102 -0.000265908 -0.00145936 0.00365974 0.0080114 -0.00378124 7.12625e-05 -0.00634415 -0.01094 -0.00719516 0.0064835 -0.00606345 -0.00248373 0.0059231 -0.00134799 -0.00601175 0.00135021 0.00476371 0.00806421 0.0117859
internal_weight=479.429 378.47 362.669 339.08 100.96 86.7569 82.7519 59.6916 42.7392 38.3762 286.092 257.627 205.339 52.2882 28.8294 124.574 48.1999 76.374 33.4563 20.4239 27.776 28.4643 20.0688 15.8009 42.9177 16.4248 26.4929 23.5882 15.884 21.3481
internal_count=31174 25589 24602 22952 5585 4446 4325 2314 1721 1563 16829 14838 11954 2884 992 5166 1971 3195 1326 870 1101 1991 923 987 1869 730 1139 1650 792 725
is_linear=0
shrinkage=0.05


Tree=139
num_leaves=31
num_cat=0
split_feature=27 39 38 33 27 39 7 33 15 8 39 6 38 39 39 37 31 38 19 26 4 16 40 41 21 27 29 26 40 9
split_gain=0.287166 0.456481 0.512207 0.486648 0.475008 0.416516 0.387083 0.558503 0.596354 0.422662 0.671421 0.634632 0.583917 0.437493 0.428132 0.53671 0.841467 0.653988 0.53564 0.479399 0.442722 0.4622 0.405645 0.400252 0.370761 0.360124 0.359202 0.339061 0.312693 0.309741
threshold=-0.43000000715255732 0.030629945918917659 0.012786865234375002 -0.030000001192092892 -0.48333333432674402 0.017449099570512775 0.29666668176651007 0.14999997615814212 -0.3899999856948852 -0.063333332538604722 0.028422865085303787 -0.29666668176650995 0.0048093795776367196 0.031634284183382995 0.021112410351634029 -0.022203922271728512 -0.11666667461395262 0.027276515960693363 -0.056666672229766839 -0.069999992847442613 -0.37666666507720942 -0.33666665852069849 0.97666668891906749 0.028248135931789878 -0.32333332300186152 -0.32333332300186152 -0.43000000715255732 -0.056666672229766839 0.063333334401249899 1.0000000180025095e-35
decision_type=2 2 2 2 2 2 2 2 2 2 2 2 2 2 2 2 2 2 2 2 2 2 2 2 2 2 2 2 2 2
left_child=1 2 4 -3 -1 -4 7 9 -9 10 14 13 25 -12 15 18 19 -18 -2 -17 26 -22 -20 -21 -13 -11 -16 -8 -23 -6
right_child=6 3 5 -5 29 -7 27 8 -10 12 11 24 -14 -15 20 16 17 -19 22 23 21 28 -24 -25 -26 -27 -28 -29 -30 -31
leaf_value=-0.007054405554615029 0.0017236416335604029 0.0040032074099307221 0 -0.0099745297352545684 -0.0028848069278552017 0.01282404796127312 0.00032142861184065265 0.0097326352888207276 0 0.0070250879996084734 0.0064499854060819442 -0.0011027582556042204 -0.0082424791274113458 -0.00545492416633444 0.0086841372314236248 0.0028672453865267612 0.012736757007756823 0 -0.012641791097557854 0.00078500276252877778 0.0022919897622859951 0 0.0014279253479804871 -0.012265592620026348 0.0099316313563599431 -0.00233945836984317 -0.0026934439654563362 -0.0062173690268632759 -0.0095942171086728419 0.0066019999566067442
leaf_weight=8.6024411115795321 12.251258028903978 3.982430278789252 8.9093734389171022 7.2621423834934813 4.3885284448042574 17.499246811959893 21.350431599072181 23.195788988145068 45.620743229053915 8.4891852685250324 4.7927688201889422 3.2759779440239063 32.766274096444249 16.715831473004073 5.6647965882439166 12.121464455965908 21.266892331186682 11.030839954037218 11.736852595466187 3.3029786827974013 6.4556659585796288 7.1620899431873104 1.5925834665540595 8.7042914305347932 33.53017061483115 27.846220385283232 7.6590758496895415 41.86755391547922 39.423208444844931 20.355277403723449
leaf_count=179 806 103 282 291 119 478 2108 611 4330 321 198 178 2741 679 177 769 1382 1291 868 130 215 463 85 376 1616 2596 400 3655 3132 611
internal_value=9.55962e-05 0.00293748 0.00484384 -0.00390395 0 0.00933359 -0.000374162 0.000239535 0.00412761 -0.000709154 0.000338962 0.00471229 -0.00395363 -0.00106512 -0.00133429 0.000838181 0.00369541 0.00853279 -0.0041774 -0.00235972 -0.0042112 -0.00625416 -0.00974596 -0.0082219 0.00834857 0 0.00204456 -0.00381142 -0.00804027 0.00387163
internal_weight=478.822 70.9994 59.7549 11.2446 33.3462 26.4086 407.823 344.605 68.8165 275.788 206.687 58.3147 69.1017 21.5086 148.372 82.0072 56.4265 32.2977 25.5807 24.1287 66.3648 53.041 13.3294 12.0073 36.8061 36.3354 13.3239 63.218 46.5853 24.7438
internal_count=31190 2063 1669 394 909 760 29127 23364 4941 18423 12765 2671 5658 877 10094 5707 3948 2673 1759 1275 4387 3810 953 506 1794 2917 577 5763 3595 730
is_linear=0
shrinkage=0.05


Tree=140
num_leaves=31
num_cat=0
split_feature=31 40 40 19 29 8 35 13 24 19 25 37 19 27 24 5 41 6 0 37 40 8 17 32 40 26 37 14 40 38
split_gain=0.242685 0.417899 0.852735 0.380158 0.634695 0.377403 0.335071 0.423271 0.325369 0.324453 0.310342 0.296044 0.239936 0.237267 0.397114 0.305159 0.523743 0.47867 0.677496 0.657656 0.46543 0.465398 0.5719 0.519741 0.402609 0.373851 0.301589 0.281426 0.357428 0.426167
threshold=0.40333333611488348 0.756666660308838 0.10333333536982538 0.056666672229766853 -0.3899999856948852 0.45666664838790899 0.17000001668930056 0.41666668653488165 0.030000001192092899 0.20333331823349002 0.01666665077209473 -0.061809539794921868 0.41666668653488165 0.056666672229766853 0.01666665077209473 0.25666666030883795 0.031045022420585159 0.29000002145767217 0.43000000715255743 0.025244712829589847 0.12333333119750024 0.11000001430511476 -0.28333333134651179 -0.25666666030883784 0.56999999284744274 0.26999998092651373 0.073786735534667983 1.0000000180025095e-35 0.10333333536982538 -0.1240100860595703
decision_type=2 2 2 2 2 2 2 2 2 2 2 2 2 2 2 2 2 2 2 2 2 2 2 2 2 2 2 2 2 2
left_child=3 2 8 4 10 -5 7 -4 11 -3 -1 -2 -7 15 -15 21 -17 20 19 24 -18 22 25 -23 -19 -6 -16 28 -25 -30
right_child=1 9 6 5 13 12 -8 -9 -10 -11 -12 -13 -14 14 26 16 17 18 -20 -21 -22 23 -24 27 -26 -27 -28 -29 29 -31
leaf_value=0.01193325807365464 1.4878283911269001e-06 0.0041807250150377225 0.014977699595053268 -0.0040712118020524201 0 0.0092295802447812832 0 0 0.0025098087560186028 -0.0064734141010348344 0 -0.012307667216927205 -0.00067340143153474578 0.00053303317603911246 -0.0075217206881637759 0.008936358596257658 -0.0033446127704813617 -0.018351172069003524 0.0066674797803880116 0.0023676305726712701 0.010150006216392976 0.004637728603377125 -0.0015033712824932179 0 0 0.0089630720233877421 0.00076994927384957477 0.0014737792447697131 0.0012627380030062587 -0.010869635358173885
leaf_weight=10.863162642112 2.1879535191692412 3.7752772942185393 17.682183813769377 95.690867207129486 25.283584148390219 3.8867240960244072 6.3251128401607266 3.1874131252989164 5.4722635038197041 12.22411111614201 2.8019525997806332 4.8449835726059955 4.3408345216885209 42.388980428106152 33.325801551807672 20.970195144647732 3.1667263677809379 7.2299828582909011 3.1243217429146162 4.1938043581321827 10.345344654284416 7.1115091934334478 61.024305927450769 8.9221351882442814 6.1974760415032506 24.419715886702761 6.743817788315936 3.7598527360241851 3.1798754399642339 32.874233123613521
leaf_count=681 63 219 711 10254 1053 378 633 117 296 770 140 294 517 3472 2646 623 119 244 102 146 391 383 3834 319 179 658 348 341 96 1090
internal_value=0 0.00291743 0.005626 -0.000436631 0.000363995 -0.00299966 0.0101456 0.0125832 -0.00295436 -0.00236845 0.00909172 -0.00832232 0.00416704 -0.000115651 -0.00237617 0.000655438 0.00371373 0 -0.00463172 -0.00887819 0.00565015 -0.000307535 0.00140653 -0.00391694 -0.0133239 0.00520513 -0.00566503 -0.0059935 -0.00720816 -0.00917763
internal_weight=477.545 55.6993 39.6999 421.845 317.927 103.918 27.1947 20.8696 12.5052 15.9994 13.6651 7.03294 8.22756 304.262 82.4586 221.803 55.2279 34.2577 20.7456 17.6213 13.5121 166.575 110.728 55.8476 13.4275 49.7033 40.0696 48.7361 44.9762 36.0541
internal_count=31117 3103 2114 28014 16865 11149 1461 828 653 989 821 357 895 16044 6466 9578 1804 1181 671 569 510 7774 5545 2229 423 1711 2994 1846 1505 1186
is_linear=0
shrinkage=0.05


Tree=141
num_leaves=31
num_cat=0
split_feature=31 40 40 19 29 35 39 26 37 26 41 13 0 11 36 1 9 16 27 13 27 25 10 29 12 40 21 35 22 21
split_gain=0.484832 0.735279 0.575945 0.412746 0.520384 0.343065 0.291114 0.433152 0.64216 1.17596 0.481659 0.413574 0.381556 0.623741 0.683432 0.420138 0.413051 0.514094 0.479499 0.36081 0.435574 0.349394 0.421705 0.344997 0.330825 0.282027 0.277758 0.279475 0.25978 0.258333
threshold=0.42333334684371954 0.10333333536982538 0.756666660308838 0.056666672229766853 -0.3899999856948852 0.17000001668930056 0.013734275940805675 0.32999998331069952 -0.0076293945312499991 0.3966666460037232 0.028726016171276573 -0.28333333134651179 0.43000000715255743 -0.36333334445953364 -0.096666663885116563 0.44333332777023321 0.42333334684371954 -0.33666665852069849 -0.36333334445953364 -0.43000000715255732 -0.4433333277702331 0.028333306312561039 -0.083333343267440782 0.26999998092651373 -0.31666666269302363 0.089999999850988402 -0.19666665792465207 -0.26333332061767573 -0.22999998927116391 0.096666663885116591
decision_type=2 2 2 2 2 2 2 2 2 2 2 2 2 2 2 2 2 2 2 2 2 2 2 2 2 2 2 2 2 2
left_child=3 -2 5 4 -1 -3 11 12 9 -9 -11 -6 13 14 29 -14 17 18 -16 -10 -21 23 26 -15 -24 -5 -23 -28 -29 -8
right_child=1 2 -4 25 6 -7 7 8 19 10 -12 -13 15 21 16 -17 -18 -19 -20 20 -22 22 24 -25 -26 -27 27 28 -30 -31
leaf_value=0.0081845497387736648 -0.0042781528531415152 0.014010617789208363 0 0.0009640907827216218 0.0084616874882207458 0 0.005679848312853477 0.0074104201154138825 0 0.0017188594846101171 -0.010681885808690839 -0.0016745100923203087 0.010601005797425855 -0.0041484280307334895 0 -0.0027795214102456843 0 0 -0.017828792624495736 0.014025745426520166 0.00078868687915013098 -0.00041251845059229493 0.0035414486285673197 0.0032198005337857579 -0.0059253703613719204 -0.0043785954713054511 0 0 0.012177465789778831 -0.0035177368843631778
leaf_weight=14.06984916818328 10.715217871125786 19.192932068603117 14.698982160538433 21.688485288061202 16.398547195596624 5.5036020274274042 7.769937044009569 13.344683120027183 15.983608473557977 4.4239567196927991 22.322467437013984 9.1920077973045391 6.3816301752813143 68.749333578161895 4.2500493833795217 3.2892507195938379 4.8710373174399129 5.9702759156934944 19.443490850040689 13.328365387627853 16.845336561556909 5.4763404875993755 7.8266026920173344 11.538835499202831 15.271757027367128 86.007862740545534 3.5338961789384546 3.4707952751778128 16.292844626819708 10.292048485716803
leaf_count=832 508 651 826 1998 533 519 321 452 338 108 620 832 279 5952 80 205 115 554 634 371 742 327 348 606 1226 9619 219 180 823 389
internal_value=4.0522e-05 0.00445877 0.00763721 -0.000473619 0.000369571 0.0115396 -5.975e-05 -0.000637472 0.00208462 -0.00198016 -0.0079282 0.00440291 -0.00199598 -0.00264991 -0.00698924 0.00513296 -0.0106192 -0.0125349 -0.0152315 0.00591616 0.00868345 -0.000513476 0.00229261 -0.0026495 -0.00178968 -0.00308867 0.00603198 0.0081744 0.0101541 0
internal_weight=478.144 50.1107 39.3955 428.033 320.337 24.6965 306.267 280.677 86.2484 40.0911 26.7464 25.5906 194.428 184.757 52.5968 9.67088 34.5349 29.6638 23.6935 46.1573 30.1737 132.16 51.8722 80.2882 23.0984 107.696 28.7739 23.2975 19.7636 18.062
internal_count=31207 2504 1996 28703 17086 1170 16254 14889 2631 1180 728 1365 12258 11774 2093 484 1383 1268 714 1451 1113 9681 3123 6558 1574 11617 1549 1222 1003 710
is_linear=0
shrinkage=0.05


Tree=142
num_leaves=31
num_cat=0
split_feature=31 38 24 34 39 15 41 35 38 34 39 41 16 24 38 0 37 39 31 30 26 40 14 9 23 23 24 11 33 8
split_gain=0.302035 0.49658 0.606932 0.444229 0.33223 0.264059 0.487968 0.780966 0.700912 0.6552 0.639378 0.519571 0.623654 0.506619 0.49924 0.496333 0.522089 0.354798 0.334547 0.312329 0.292529 0.266582 0.41728 0.331795 0.319916 0.266093 0.488488 0.295271 0.298479 0.368101
threshold=0.41000002622604376 0.028881549835205082 -0.29000000655651087 0.45666664838790899 0.030629945918917659 -0.22999998927116391 0.045919001102447517 -0.18333333730697629 0.086912155151367201 -0.35000000894069666 0.01726569049060345 0.033677089959383018 -0.37666666507720942 -0.22333332896232602 0.15974140167236331 0.35000002384185797 -0.013422966003417967 0.019721276126801971 1.0000000180025095e-35 0.12333333492279054 0.26999998092651373 0.063333334401249899 -0.4433333277702331 0.35666668415069586 -0.036666661500930779 -0.023333340883255001 -0.0099999904632568342 0.069999992847442641 0.056666672229766853 -0.45666666328907007
decision_type=2 2 2 2 2 2 2 2 2 2 2 2 2 2 2 2 2 2 2 2 2 2 2 2 2 2 2 2 2 2
left_child=5 2 -2 4 -4 6 8 14 10 -10 15 21 17 -9 -8 16 19 -13 -15 -1 -18 -12 -23 24 -24 27 -27 28 29 -7
right_child=1 -3 3 -5 -6 25 7 13 9 -11 11 12 -14 18 -16 -17 20 -19 -20 -21 -22 22 23 -25 -26 26 -28 -29 -30 -31
leaf_value=0 -0.0030908859745769793 -0.0040920945960648426 0.012338085463771411 -0.0014358100640552423 0 0.00062736222501820883 0.001193916447659913 -0.0014994076347548549 -0.0057423181960102997 0.0083742703732183517 -0.0081322542723473012 0 0 0.010989886797512862 -0.013371361336583938 -0.0066146149212430345 0.0034654320531428365 -0.0157813844589085 0 0.013063726305304661 -0.0059117336614466637 0.0059774092089892776 0 0.0040673017564008601 -0.0097533747842940451 0.0036742209483055623 -0.0030850573482012066 -0.00034420889795967703 0 -0.0094394258070758519
leaf_weight=3.371524875983595 8.6533709538634849 10.70499687490519 25.395818340824921 3.9900926684495053 5.027880134060978 4.9221798710059366 7.130875146482138 7.2599150184541932 4.2261050560046014 25.441004054155201 4.6694822139106682 4.1772823957726386 13.152004881529136 32.936220383504406 3.1947473287582397 6.2314868106041095 12.325390437152238 18.754577640676871 4.6742743505164972 11.168127215467392 8.6285661645233613 15.950461735017596 9.8106690433342028 4.5083909095264962 12.063775867223741 42.242002065759152 53.884677197318524 55.138867561588995 17.170074586756527 38.556003641337156
leaf_count=166 413 1103 1034 128 215 252 271 321 163 878 226 102 879 1193 119 231 531 561 271 333 269 335 466 203 690 4364 5580 4759 1859 3211
internal_value=-0.000298473 0.00294875 0.00549474 0.00841058 0.0104121 -0.000806678 0.000351505 0.00422363 -0.000982427 0.00503472 -0.00276911 -0.00525838 -0.00940065 0.00718962 -0.00503926 0.0017018 0.00450973 -0.0135069 0.00941564 0.010229 0 -0.000902503 0.000288243 -0.00284951 -0.0057406 -0.00204547 0 -0.00359842 -0.00588458 -0.00785661
internal_weight=475.361 53.7722 43.0672 34.4138 30.4237 421.589 209.675 55.196 154.479 29.6671 124.812 83.0866 36.0839 44.8704 10.3256 41.7251 35.4936 22.9319 37.6105 14.5397 20.954 47.0028 42.3333 26.3828 21.8744 211.914 96.1267 115.787 60.6483 43.4782
internal_count=31126 2893 1790 1377 1249 28233 8208 2175 6033 1041 4992 3462 1542 1785 390 1530 1299 663 1464 499 800 1920 1694 1359 1156 20025 9944 10081 5322 3463
is_linear=0
shrinkage=0.05


Tree=143
num_leaves=31
num_cat=0
split_feature=20 38 19 21 9 20 9 4 7 20 4 40 33 9 18 39 21 40 21 24 2 22 27 39 30 19 41 31 39 35
split_gain=0.24115 0.665473 0.526146 0.414512 0.378128 0.374781 0.414767 0.36882 0.390598 0.329477 0.514826 0.30079 0.29399 0.327756 0.434541 0.293336 0.397176 0.332923 0.291466 0.321366 0.3003 0.287682 0.2875 0.32101 0.274835 0.414248 0.25764 0.332694 0.250257 0.240339
threshold=-0.32999998331069941 -0.01221942901611328 0.41666668653488165 0.14999997615814212 -0.13666665554046628 -0.10999999940395354 0.31000000238418585 -0.36333334445953364 -0.33666665852069849 -0.19666665792465207 -0.41666667163372034 0.84333333373069774 0.01666665077209473 0.24333333969116214 -0.45666666328907007 0.030629945918917659 -1.0000000180025095e-35 0.92000001668930065 0.2833333313465119 0.25000000000000006 0.35000002384185797 0.20999997854232791 0.40333333611488348 0.015461494214832784 0.29000002145767217 -0.32333332300186152 0.040580337867140777 -0.31666666269302363 0.023912034928798679 0.33666664361953741
decision_type=2 2 2 2 2 2 2 2 2 2 2 2 2 2 2 2 2 2 2 2 2 2 2 2 2 2 2 2 2 2
left_child=1 2 -1 5 18 9 7 8 28 10 -2 -9 -6 24 29 16 17 -8 20 -20 -5 -16 23 -11 -14 -26 -13 -28 -7 -15
right_child=3 -3 -4 4 12 6 15 11 -10 22 -12 26 13 14 21 -17 -18 -19 19 -21 -22 -23 -24 -25 25 -27 27 -29 -30 -31
leaf_value=0.0086623964366480607 -0.010677710572303222 -0.0018761188120321481 -0.0029479702240525645 0.0097089230840353008 -0.0045673252082487625 0 0.012692831877313316 -0.004750195273179509 -0.0019014965793711142 0 0.00073261510845053701 -0.002928591718181597 0 -0.0106857068662624 -0.0028101445761587519 -0.002311480525065746 -0.00079097414077386539 0 -0.0017917785134284213 0.0073188849305489828 -0.0010424204808296398 0.0055739758502788951 0.00033341572429590921 -0.011814200798818441 0.010491489380841316 -0.0012975805947106661 -0.0033542596870511812 0.008016833588365772 0.012056591153825767 0
leaf_weight=36.003894974826835 5.7613840420963234 39.250471855397336 5.7431435124017289 21.688357973471287 27.212677514413372 5.7811155081726628 13.68116681603715 73.701485136407427 11.549676724360323 3.8569855929818067 41.987089902861044 14.498486057156699 19.775187416467816 9.5449991794303042 10.628620841423983 3.7370305665535843 5.3485482519026855 2.0111210548784593 27.519706045510247 7.0390851460397235 1.9987829807214428 15.022641061572356 2.361542247934266 23.86944575572852 16.141744985245172 4.3471308876760295 2.0351732098497441 12.915328239905646 6.3494355056900531 4.7306314031593493
leaf_count=1911 379 2925 414 1335 2027 289 954 5277 792 270 2943 1097 1753 204 778 350 358 134 1596 437 154 1063 194 1598 353 355 96 823 188 110
internal_value=-9.10172e-05 0.00223386 0.00637183 -0.000656253 0.00113215 -0.00204953 -0.000367704 -0.00170666 0.00293945 -0.0047664 -0.00121731 -0.00310526 -0.000454353 0.000872107 -0.00182557 0.00467035 0.00707265 0.0103828 0.00421595 0.00025572 0.00793226 0.00143599 -0.00856711 -0.00999091 0.0039774 0.00731906 0.000413475 0.00475831 0.00803143 -0.00760981
internal_weight=476.092 80.9975 41.747 395.095 165.65 229.445 151.609 126.831 23.6802 77.8364 47.7485 103.15 107.404 80.191 39.9269 24.7779 21.0408 15.6923 58.2459 34.5588 23.6871 25.6513 30.088 27.7264 40.2641 20.4889 29.449 14.9505 12.1306 14.2756
internal_count=31157 5250 2325 25907 10165 15742 10358 8562 1269 5384 3322 7293 6643 4616 2155 1796 1446 1088 3522 2033 1489 1841 2062 1868 2461 708 2016 919 477 314
is_linear=0
shrinkage=0.05


Tree=144
num_leaves=31
num_cat=0
split_feature=9 19 37 32 16 23 29 38 38 1 37 2 3 37 26 3 20 38 38 37 13 0 5 31 34 9 36 40 29 20
split_gain=0.265509 0.285142 0.550271 0.440901 0.423349 0.50624 0.560194 0.491143 0.324793 0.323085 0.468825 0.40075 0.377013 0.349798 0.310436 0.334618 0.291941 0.418565 0.288369 0.288137 0.610036 0.456917 0.331155 0.299578 0.590455 0.38489 0.273315 0.253695 0.249758 0.233107
threshold=0.48333334922790533 0.22333335876464847 -0.0011901855468749998 0.31000000238418585 0.37666666507720953 0.083333313465118422 -0.48333333432674402 -0.035460472106933587 0.043011188507080085 -0.069999992847442613 -0.061809539794921868 0.35666668415069586 -0.36333334445953364 -0.0038170814514160152 -0.096666663885116563 -0.41666667163372034 0.069999992847442641 0.092807769775390639 0.10286664962768556 0.068413257598876967 -0.22333332896232602 0.17666667699813846 -0.063333332538604722 -0.22999998927116391 -0.018333345651626583 0.37666666507720953 0.32999998331069952 0.63666665554046642 -0.24999999999999997 0.056666672229766853
decision_type=2 2 2 2 2 2 2 2 2 2 2 2 2 2 2 2 2 2 2 2 2 2 2 2 2 2 2 2 2 2
left_child=1 9 4 -4 8 6 -6 -8 -3 12 26 19 14 29 28 -16 -15 -18 -13 22 21 -21 -12 24 25 -24 -11 -25 -1 -14
right_child=-2 2 3 -5 5 -7 7 -9 -10 10 11 18 13 16 15 -17 17 -19 -20 20 -22 -23 23 27 -26 -27 -28 -29 -30 -31
leaf_value=0.0024174535465624493 0.0070540961565527145 -0.0058432306261086905 -0.0095932564176202037 0 -0.0029220175876211707 -0.0027671540984556251 0.015801411122193652 0 0.0043666284393741152 -0.0063285460731458444 0.0079024421611677536 0.00033973290777423532 -0.0068350231311935438 0.002473368282682702 0 0.011305264683942252 -0.0086394299835971279 0.0022849420283058593 -0.0086280293824129543 0 0.0064036822469650638 -0.013191882761869 0.010615955484113015 -0.003495432019857097 -0.0020859350206383588 -0.00071471297697627066 0.0027295778301360497 0.0031396632403642047 -0.0070582804753514389 0
leaf_weight=7.6857600267976522 8.4193152473308128 22.228524577221837 26.086617579334415 12.341673407005144 3.0750812164042172 8.264810055959968 11.889590790495282 6.4028666336089364 3.0161612548399708 19.093238418456171 53.410419335705228 28.55536213691812 39.309042037231848 44.681800667196512 10.761532022850586 9.5579478263389337 12.687333864625545 7.675326499156653 4.6825204107444724 7.913985477061944 9.5116699722129834 5.6844475571997464 25.40870974119753 26.330487026018091 12.49096703249961 3.777975743636488 3.8465694757178417 18.511803916073404 5.4787489629816246 17.595071331597865
leaf_count=383 598 2198 2539 1645 105 529 394 353 375 1458 3512 1606 2367 2730 463 393 851 412 311 316 785 217 844 2069 446 109 173 1390 391 1037
internal_value=0.0003436 8.2347e-05 -0.0022437 -0.00645413 0.000639566 0.00461688 0.00836697 0.0115468 -0.00321897 0.000753552 0.0020031 0.00288247 -0.000862865 -0.00227027 0.00319582 0.0066156 0 -0.00399051 -0.00141265 0.00392504 -0.00026865 -0.006743 0.00477153 0.00218141 0.00498922 0.00856702 -0.0036948 -0.000217343 -0.00119677 -0.00493819
internal_weight=476.375 467.956 93.3053 38.4283 54.877 29.6323 21.3675 18.2925 25.2447 374.651 219.218 196.278 155.433 121.949 33.484 20.3195 65.0445 20.3627 33.2379 163.04 23.1101 13.5984 139.93 86.5199 41.6777 29.1867 22.9398 44.8423 13.1645 56.9041
internal_count=30999 30401 8138 4184 3954 1381 852 747 2573 22263 13236 11605 9027 7397 1630 856 3993 1263 1917 9688 1318 533 8370 4858 1399 953 1631 3459 774 3404
is_linear=0
shrinkage=0.05


Tree=145
num_leaves=31
num_cat=0
split_feature=12 5 12 26 26 25 31 27 26 39 27 39 7 21 35 15 17 37 0 5 38 5 25 24 26 39 7 7 24 32
split_gain=0.344788 0.452897 0.565963 0.573156 0.442885 0.463656 0.353035 0.316814 0.326724 0.460324 0.519732 0.755719 0.542541 0.502642 0.584444 0.425888 0.323327 0.313992 0.288367 0.289905 0.275981 0.271163 0.426052 0.281558 0.258691 0.250576 0.241338 0.235142 0.251083 0.233845
threshold=-0.33666665852069849 0.11000001430511476 -0.43000000715255732 -0.04333332180976867 0.45666664838790899 0.31666666269302374 0.48333334922790533 -0.43000000715255732 0.38333332538604742 0.026088931597769264 -0.29666668176650995 0.025245379656553272 0.096666663885116591 -0.32333332300186152 -0.29000000655651087 0.19666665792465213 -0.41666667163372034 -0.0096092224121093733 0.37000000476837164 -0.45666666328907007 -0.1414227485656738 0.096666663885116591 -0.31666666269302363 0.24333333969116214 -0.0099999904632568342 0.017743043601512912 0.11000001430511476 -0.24333333969116208 -0.28333333134651179 -0.069999992847442613
decision_type=2 2 2 2 2 2 2 2 2 2 2 2 2 2 2 2 2 2 2 2 2 2 2 2 2 2 2 2 2 2
left_child=1 2 3 -1 5 20 7 17 9 10 12 16 -9 14 -11 -15 -12 -2 19 -17 -3 22 -10 -24 -8 -6 -18 -5 -29 -22
right_child=6 4 -4 27 25 -7 24 8 21 13 11 -13 -14 15 -16 18 26 -19 -20 -21 29 -23 23 -25 -26 -27 -28 28 -30 -31
leaf_value=0.0021344729344463368 -0.0011743632378771293 0 0.0034635093625520596 0 0.0041615592393432158 -0.0015657031322181001 -9.8343681189926437e-05 0.0083347321677320844 0.0011614211665347135 0.003722113601303203 0.0053020159546083136 -0.013981506380744628 -0.0040016494998791662 0.00033569967409724836 -0.010702755726428613 0 -0.0041418757018579899 0.0069399026978713002 0 0.012078663524342928 0 0 -0.014987160961627822 0 0.0089623842288887607 -0.0051842111993209887 0 0 -0.013408100221824726 0.011187241197547956
leaf_weight=12.204355628695337 12.526494705351071 3.3746280863415441 40.156635912135243 5.594036890659484 5.0676714824512592 6.0785777149721971 5.4231549603864559 15.51008458051365 2.2138930626679203 5.2551502778660497 6.1391805261373511 10.685238457284866 7.3641477008350185 51.342678962624632 9.5537804594496247 2.1847925563342931 92.10950543906074 17.737798689166084 3.1349415951408437 18.660848748870194 3.4674579175189129 9.1843988997861725 10.769648745888846 2.0538307297974816 10.284367239568379 10.550822443328796 41.311848765588365 3.8715089624747661 13.061406909022478 37.617803808767349
leaf_count=431 452 145 1909 151 105 262 184 769 98 235 363 1047 444 3779 871 117 8771 711 288 1227 121 695 610 88 424 218 5004 113 339 1145
internal_value=0.000318928 0.00236942 -3.01244e-05 -0.00459844 0.00520876 0.00735062 -0.000501317 -0.000972987 -0.00156053 -0.000863216 -0.00240684 -0.00356435 0.00349108 0.00180679 -0.00478522 0.00366765 -0.00205159 0.00325337 0.00847267 0.0103452 0.00910632 -0.006636 -0.00977168 -0.0127559 0.0055199 -0.000682017 -0.00278288 -0.00880421 -0.0110479 0.0101746
internal_weight=474.491 141.045 74.8879 34.7313 66.157 50.5385 333.446 317.738 287.474 263.252 173.12 150.246 22.8742 90.1322 14.8089 75.3233 139.561 30.2643 23.9806 20.8456 44.4599 24.2218 15.0374 12.8235 15.7075 15.6185 133.421 22.527 16.9329 41.0853
internal_count=31116 4939 2943 1034 1996 1673 26177 25569 24406 22915 16398 15185 1213 6517 1106 5411 14138 1163 1632 1344 1411 1491 796 698 608 323 13775 603 452 1266
is_linear=0
shrinkage=0.05


Tree=146
num_leaves=31
num_cat=0
split_feature=27 21 37 31 39 9 39 31 38 37 35 40 5 40 41 36 31 39 11 26 36 40 37 12 2 16 9 38 28 3
split_gain=0.284309 0.44125 0.425334 0.513863 0.377691 0.766056 0.904956 0.517819 0.45895 0.358816 0.354766 0.351701 0.360371 0.368946 0.347078 0.355533 0.626549 0.566765 0.341018 0.336691 0.336652 0.315194 0.330483 0.323512 0.311456 0.314558 0.308325 0.304235 0.303437 0.296698
threshold=-0.17000000178813932 0.37000000476837164 0.030748844146728519 -0.46999999880790705 0.030262772925198082 -0.076666668057441698 0.034798877313733108 -0.31666666269302363 0.026104450225830082 0.066391468048095717 -0.31666666269302363 0.17000000178813937 -0.43000000715255732 0.86666667461395275 0.062321202829480178 -0.056666672229766839 -0.32999998331069941 0.028422865085303787 0.41666668653488165 -0.14333333075046537 -0.18333333730697629 0.050000000745058067 0.050316810607910163 0.41000002622604376 -0.31000000238418574 -0.24999999999999997 0.42333334684371954 -0.022348880767822262 0.18333333730697635 0.35000002384185797
decision_type=2 2 2 2 2 2 2 2 2 2 2 2 2 2 2 2 2 2 2 2 2 2 2 2 2 2 2 2 2 2
left_child=1 14 3 -3 7 6 -6 8 19 -4 -10 -9 -13 18 15 16 -1 21 -14 -2 -18 -17 23 24 -23 29 28 -15 -5 -26
right_child=4 2 9 26 5 -7 -8 11 10 -11 -12 12 13 27 -16 17 20 -19 -20 -21 -22 22 -24 -25 25 -27 -28 -29 -30 -31
leaf_value=-0.0083329431007518936 -0.0062349977129914462 0.0030716779076280002 0.0092544413895707511 0 0.012755701326548675 -0.0047515936730083211 0 0 -0.00057500447273744419 -0.003221367985618789 0.0101817584535327 0.0015613131504032152 -0.0096168882814535745 0.0036790737207281704 -0.003645803911319126 -0.00041140921487791478 0.0051231193904260307 -0.0017233727317633261 2.6738577717688132e-05 0.003079935112320215 -0.0021594386391593774 0.015639994737565412 0 -0.0009534575345409561 0.0088608971011906509 0 0 -0.0048185869234123879 -0.013894157906316058 0
leaf_weight=11.262156000128014 14.362741361372175 4.9545228332281104 5.5688994675874692 4.9858047487214305 17.85801694681868 19.363562404876575 25.910258601885289 43.107000035583042 4.8515586792491403 3.1318898550234735 14.57049649977125 8.8984908047132176 53.774665846722201 12.023848761455158 12.964928594068622 8.4880657044704986 36.286280632251874 20.103515314403921 4.8174335395451626 9.5645122672431153 15.335788495140148 15.510316341184071 13.478342410176991 2.955824914854019 38.217304770834737 14.300577409332631 3.1584393621888003 16.643871325533837 14.607373872073365 5.0704094695392987
leaf_count=319 948 102 207 279 728 2196 1232 4206 315 135 792 592 5599 1230 672 359 1670 1017 563 766 832 553 596 272 1098 1221 140 1869 564 158
internal_value=0.000105338 0.00139493 -0.00304308 -0.00613225 -0.00100874 0.00200173 0.00570445 -0.00221261 0.00200976 0.0035812 0.00700982 -0.00372774 -0.00532601 -0.00635169 0.00241923 0.00309036 0 0.00464215 -0.00850812 -0.00180518 0.00252619 0.00621212 0.00708815 0.00828032 0.00901376 0.0055286 -0.00922881 -0.000513457 -0.011216 0.00744238
internal_weight=476.127 230.38 36.4069 27.7061 245.746 63.1318 43.7683 182.615 43.3493 8.70079 19.4221 139.265 96.1583 87.2598 193.974 181.009 62.8842 118.124 58.5921 23.9273 51.6221 98.0208 89.5328 76.0544 73.0986 57.5883 22.7516 28.6677 19.5932 43.2877
internal_count=31230 10194 1427 1085 21036 4156 1960 16880 2821 342 1107 14059 9853 9261 8767 8095 2821 5274 6162 1714 2502 4257 3898 3302 3030 2477 983 3099 843 1256
is_linear=0
shrinkage=0.05


Tree=147
num_leaves=31
num_cat=0
split_feature=12 11 32 40 39 40 0 41 41 35 35 25 10 14 18 20 25 38 29 1 20 27 38 30 2 25 20 30 41 0
split_gain=0.326259 0.3916 0.5244 0.426698 0.377704 0.468827 0.33509 0.362402 0.385429 0.617721 0.537004 0.327549 0.310915 0.308983 0.437665 0.30694 0.360044 0.327799 0.292678 0.292654 0.364432 0.293642 0.352453 0.312602 0.259068 0.262531 0.253995 0.247733 0.230983 0.250319
threshold=0.44333332777023321 0.12333333492279054 -0.26999998092651362 0.76999998092651378 0.023912034928798679 0.86666667461395275 -0.25666666030883784 0.055367076769471175 0.033459322527050979 -0.37666666507720942 -0.35000000894069666 0.17000001668930056 -0.46999999880790705 -0.3899999856948852 0.31666666269302374 -0.43000000715255732 -0.10999999940395354 0.084172248840332045 -0.15666666626930234 0.14333331584930423 -0.091666668653488145 -0.24333333969116208 -0.027582168579101559 0.29000002145767217 -0.35000000894069666 0.37000000476837164 -0.24999999999999997 -0.29666668176650995 0.037718985229730613 0.38999998569488531
decision_type=2 2 2 2 2 2 2 2 2 2 2 2 2 2 2 2 2 2 2 2 2 2 2 2 2 2 2 2 2 2
left_child=1 6 4 13 26 18 15 8 9 -8 -10 -12 -2 -4 -15 -1 -17 -18 -6 20 -11 22 -21 -24 -13 -26 -3 -9 -5 -30
right_child=12 2 3 28 5 -7 7 27 10 19 11 24 -14 14 -16 16 17 -19 -20 21 -22 -23 23 -25 25 -27 -28 -29 29 -31
leaf_value=0.0017846652343852184 0.0020746203264076445 0.0062337328492427469 0.0053097235487713926 0 0.015337827344924252 0 -0.010596456716518271 0.0016131139582304171 0.010465180259931582 -0.0018735364330411328 -0.00037346236722821265 -0.0020320230657539851 -0.0084928646429151839 -0.0069065297946029032 0.0011013818933525851 0 -0.0099747460420756169 0 0 0 0.0053749407932708968 0.0008783113020432474 0 -0.013600741554721541 0.009445523931587629 0 -0.0021176490519475909 -0.0058913552630775294 0.01009066980950914 0
leaf_weight=11.472000468289478 2.6223931747954365 8.0027611819095927 3.6237316168844691 10.181749982060866 15.274152027210224 4.3945898899110025 8.7299841693602485 6.1742789973504832 14.838583518983794 18.306882530916482 74.864410181296989 2.1810882587451514 15.303042137413284 34.181909453356639 19.101589915226214 21.486937607638538 28.290397347300313 7.0821754278149447 2.5619374362286189 9.5369902674574423 37.545927142491564 19.898180643562227 3.6492319884710005 8.4849956764373911 18.729691059328619 4.7728776503354302 16.058565646177158 30.833149448153563 12.838460857165048 3.7252552409190676
leaf_count=568 71 484 108 929 571 271 604 345 908 1131 4477 149 1800 3155 1926 1156 1459 373 191 325 2329 1505 177 227 1019 424 1134 1881 1000 383
internal_value=-3.5629e-05 0.000207222 0.00250605 0 0.00643411 0.0104806 -0.000660233 9.51834e-05 0.000978027 -0.00100364 0.00296655 0.00109828 -0.00576941 -0.00236494 -0.00379315 -0.0036318 -0.00518838 -0.00791556 0.0133891 0.000179126 0.00264365 -0.00252245 -0.00606182 -0.0102304 0.00543559 0.0072483 0.00051818 -0.00400765 0.00467251 0.00756811
internal_weight=474.748 456.822 129.945 83.6527 46.292 22.2307 326.878 258.546 221.539 106.152 115.387 100.548 17.9254 56.9072 53.2835 68.3315 56.8595 35.3726 17.8361 97.4222 55.8528 41.5694 21.6712 12.1342 25.6837 23.5026 24.0613 37.0074 26.7455 16.5637
internal_count=31080 29209 10152 7501 2651 1033 19057 15501 13275 6298 6977 6069 1871 5189 5081 3556 2988 1832 762 5694 3460 2234 729 404 1592 1443 1618 2226 2312 1383
is_linear=0
shrinkage=0.05


Tree=148
num_leaves=31
num_cat=0
split_feature=31 19 11 2 20 24 33 14 13 5 31 33 23 9 5 27 30 39 39 9 9 39 10 31 7 4 29 5 27 6
split_gain=0.505233 0.282302 0.502699 0.380699 0.364283 0.278317 0.270798 0.25917 0.578081 0.422912 0.818835 0.64825 0.525172 0.486125 0.484 0.404324 0.381129 0.374371 0.416306 0.352869 0.351963 0.339697 0.322374 0.287329 0.286549 0.240275 0.302123 0.400865 0.235068 0.225506
threshold=0.48333334922790533 -0.016666665673255917 0.1566666662693024 0.37666666507720953 -0.32999998331069941 0.096666663885116591 0.18999999761581424 -0.3899999856948852 -0.36333334445953364 0.14333331584930423 -0.3899999856948852 0.31666666269302374 0.056666672229766853 0.17000001668930056 0.35666668415069586 -0.31666666269302363 0.26999998092651373 0.014316596556454899 0.025245379656553272 0.35000002384185797 -0.32333332300186152 0.021112410351634029 -0.069999992847442613 -0.030000001192092892 -0.21000000834465024 -0.236666664481163 -0.04333332180976867 -0.45666666328907007 -0.37666666507720942 -0.023333340883255001
decision_type=2 2 2 2 2 2 2 2 2 2 2 2 2 2 2 2 2 2 2 2 2 2 2 2 2 2 2 2 2 2
left_child=1 2 7 -4 25 6 -2 9 23 12 11 14 13 20 -11 -10 -12 -14 22 -18 -1 -17 -19 -9 -23 26 27 -3 -13 -22
right_child=5 4 3 -5 -6 -7 -8 8 15 10 16 28 17 -15 -16 21 19 18 -20 -21 29 24 -24 -25 -26 -27 -28 -29 -30 -31
leaf_value=0.0034028220395909262 0.013706984260293526 -0.0007533136541664437 0.0088481001070883376 -0.0016346490059091859 -0.0029471575171872975 0 0 0.0086325628640499443 0.0038516280437314908 0.014777213603585779 0.0019304611299486036 -0.0066899572458610614 0.00052182452895647091 0.0066972002757876839 0 0.0010083734415341284 -0.011203131679439912 0 0 0.00017398954907194762 -0.0093939681580133272 -0.0092485752840954314 -0.01799255630434209 -0.00014734377891801277 -0.00040362234220773699 -0.00075697104162947173 -0.0014569006669246307 0.012221537506668113 0.0024713287176312054 0
leaf_weight=4.6483414680697015 8.3814052061643469 3.0860690276604155 25.132123822113503 4.7083637302275738 126.93619893712457 5.1417988019529721 2.973967410856857 28.050047382479534 34.023096760269254 13.833932531066241 7.0734698609448996 5.2393640861846498 3.9114574152044979 11.474447968881575 6.04912220314145 31.854043339146301 13.344880555290731 4.7794806952588287 9.6344745475798828 3.9999612136743954 13.852454880718144 16.669139389647171 10.439935720758511 5.2174230392556629 27.47978149424307 18.581535190809518 3.3958353900816283 10.881670376984403 9.159603532869367 6.4663997050374773
leaf_count=104 217 199 1542 325 12334 251 159 1246 1369 266 245 118 95 260 126 3137 357 139 256 91 420 1276 278 283 2513 2089 398 649 196 190
internal_value=0.000370235 0 0.000924915 0.00649979 -0.00162602 0.00768658 0.0108018 8.17413e-05 0.00158373 -0.00145572 0.00126353 0.00611926 -0.00415493 0 0.010981 -5.03795e-05 -0.00459413 -0.0085513 -0.0106133 -0.00813813 -0.00373301 -0.00225601 -0.0145888 0.00680681 -0.00494867 0.00219761 0.00581189 0.00873786 -0.00062388 -0.00671896
internal_weight=476.42 459.923 297.041 29.8405 162.881 16.4972 11.3554 267.201 143.294 123.907 58.7003 34.282 65.207 36.4416 19.8831 110.026 24.4183 28.7653 24.8539 17.3448 24.9672 76.003 15.2194 33.2675 44.1489 35.9451 17.3636 13.9677 14.399 20.3189
internal_count=31128 30501 14832 1867 15669 627 376 12965 9824 3141 1399 706 1742 974 392 8295 693 768 673 448 714 6926 417 1529 3789 3335 1246 848 314 610
is_linear=0
shrinkage=0.05


Tree=149
num_leaves=31
num_cat=0
split_feature=13 31 39 15 26 41 22 10 12 34 37 0 31 13 26 39 39 22 12 36 37 10 28 31 10 0 25 20 41 13
split_gain=0.312139 0.41223 0.470745 0.480145 0.371511 0.339643 0.448585 0.336549 0.365988 0.314908 0.401476 0.40603 0.395631 0.339151 0.271814 0.307121 0.366632 0.400357 0.343306 0.342355 0.529764 0.416292 0.38865 0.312431 0.291667 0.395827 0.418289 0.289379 0.301615 0.261116
threshold=0.3966666460037232 0.40333333611488348 0.017839243635535244 0.31666666269302374 -0.14333333075046537 0.047311987727880485 -0.33666665852069849 -0.46999999880790705 0.35000002384185797 0.35000002384185797 0.052246093750000007 -0.090000003576278673 0.043333351612091071 0.14999997615814212 0.32999998331069952 0.031085027381777767 0.038431016728281982 -0.049999997019767754 -0.15000000596046445 0.14999997615814212 -0.01895046234130859 0.32999998331069952 0.22166669368743899 0.12333333492279054 0.31000000238418585 -0.096666663885116563 0.083333313465118422 0.096666663885116591 0.044381469488143928 -0.063333332538604722
decision_type=2 2 2 2 2 2 2 2 2 2 2 2 2 2 2 2 2 2 2 2 2 2 2 2 2 2 2 2 2 2
left_child=1 9 3 -3 -2 6 -4 -6 -9 14 11 12 13 -11 15 19 17 18 -17 24 -21 -22 -23 -19 25 26 -1 28 -28 -8
right_child=4 2 5 -5 7 -7 29 8 -10 10 -12 -13 -14 -15 -16 16 -18 23 -20 20 21 22 -24 -25 -26 -27 27 -29 -30 -31
leaf_value=0.0028061624960459665 0.0023795684478497415 0.0046681269417024546 -0.00044872570794627048 -0.0095873787201253748 0.0011141354989392929 0 0 0 -0.012278141358955757 0.013160406806059947 -0.0030514432994324971 -0.00091108482007910537 0 0 0.0013497482252708007 -0.0081057613069448285 -0.0023586300971283423 0.011511655544241215 0.0038327102720532302 0.0063597996589552855 0.00034948046153020175 0 -0.013361897111968403 0 0.0021292873320140626 -0.0064880511108022223 -0.012419421167723994 0.001299942320925427 0 0.014973789092103071
leaf_weight=28.840877526206896 7.7278406560653812 4.7568589681759459 3.0456899474374977 5.2228472495917231 4.1213314947672215 9.0980011746287328 2.4730186359956923 7.4070549349999082 15.897715811501255 18.805373494280506 11.394516815897076 11.444835870177483 12.469534005154854 3.6779240644536904 96.394101937068626 4.4532575507182628 23.172250336501747 13.883028212119827 6.3108195360982808 19.138769414857961 24.426733627333306 3.4347633614670467 7.0159126287326217 3.9893359596608198 9.3579042162746173 84.782930435612798 8.4866002921480668 2.5280088249128303 2.6303530018776646 15.570509712444617
leaf_count=2420 714 343 140 313 116 420 103 755 1729 775 592 679 832 336 3640 259 1712 727 417 1432 2028 306 314 326 667 7087 748 189 209 751
internal_value=0 0.00040888 0.00488932 -0.00202653 -0.0041428 0.00782343 0.0106352 -0.00682578 -0.00902364 -4.88551e-05 0.0031098 0.00527618 0.00774923 0.0110029 -0.000704814 -0.00163516 0.00136679 0.00498952 -0.000748494 -0.00259491 0.000355948 -0.00277696 -0.0090664 0.00881215 -0.00390273 -0.00460974 -6.81507e-06 -0.00626622 -0.00929987 0.013191
internal_weight=471.959 436.805 40.1669 9.97971 35.1539 30.1872 21.0892 27.4261 23.3048 396.638 57.7922 46.3977 34.9528 22.4833 338.846 242.452 51.8087 28.6364 10.7641 190.643 54.0162 34.8774 10.4507 17.8724 136.627 127.269 42.4858 13.645 11.117 18.0435
internal_count=31079 27765 2070 656 3314 1414 994 2600 2484 25695 3214 2622 1943 1111 22481 18841 3441 1729 676 15400 4080 2648 620 1053 11320 10653 3566 1146 957 854
is_linear=0
shrinkage=0.05


Tree=150
num_leaves=31
num_cat=0
split_feature=13 9 39 39 37 37 40 40 9 37 2 0 39 39 27 27 10 38 26 38 2 26 11 0 14 32 5 24 0 26
split_gain=0.267801 0.377919 0.599703 0.667582 0.508482 0.68186 0.464167 0.419782 0.38947 0.570614 0.486669 0.371196 0.367731 0.694408 0.75668 0.602274 0.431706 0.491669 0.524469 0.41849 0.385222 0.359004 0.317062 0.307972 0.306408 0.28951 0.305884 0.289064 0.284083 0.264646
threshold=0.41666668653488165 0.31000000238418585 0.030262772925198082 0.021990424022078518 -0.015175819396972655 0.0044207572937011727 0.88999998569488536 0.050000000745058067 -0.37666666507720942 -0.01895046234130859 -0.236666664481163 -0.37666666507720942 0.032452378422021873 0.026601472869515422 -0.20333333313465116 -0.17000000178813932 -0.063333332538604722 -0.037744045257568352 0.26999998092651373 -0.11537122726440428 -0.13666665554046628 0.30333334207534796 0.096666663885116591 0.33666664361953741 -0.32333332300186152 0.2833333313465119 0.37666666507720953 0.29666668176651007 -0.45666666328907007 -0.15000000596046445
decision_type=2 2 2 2 2 2 2 2 2 2 2 2 2 2 2 2 2 2 2 2 2 2 2 2 2 2 2 2 2 2
left_child=1 8 3 4 22 27 7 -5 9 -1 11 -11 13 15 -15 16 21 19 -19 -18 -14 -10 -3 -4 -22 -17 -27 -6 -2 -12
right_child=28 2 23 6 5 -7 -8 -9 12 10 29 -13 20 14 -16 25 17 18 -20 -21 24 -23 -24 -25 -26 26 -28 -29 -30 -31
leaf_value=-0.0021519259487166645 0.002144368976404876 0.010048571471835507 -0.0081412855406353818 0 -0.016210828441422829 0.0011760226999493193 0 0.014650808982313294 0 0 0.0049457269623876011 0.013927073372584257 -0.002248057304448482 -0.015222798472119046 -0.000590348530701132 -0.0046816652488847138 0.0020585399880475217 0.0081707103112468957 -0.0008908953359457474 -0.0089877188694336627 0.010098230510152956 0.0094819801833599029 -0.00071795554637268228 0.0024429798463194386 0 0.0066080478657049198 -0.0036498478908321337 0 -0.0066938576005077695 -0.0034577334489464609
leaf_weight=26.376940384041518 4.5812616826733601 10.108549702912567 10.014806836610658 2.5354638353455874 4.765374569687995 16.022290152264759 6.3835865210276088 21.692305542528629 15.902605259558184 4.1972607201896635 12.065682349842975 14.534022615291176 16.665861212881282 13.789723712950943 23.945604994078167 85.409085675375536 5.4840491379145559 16.919293701648712 37.388330376939848 18.506891856435686 12.820301689440386 19.275131890783086 3.9489692498464128 3.4498980335192746 16.491869159974158 8.755861114128491 6.0090649265330276 1.6602506324416024 23.119150705053471 12.379674022784455
leaf_count=1175 429 419 677 136 311 1068 304 1107 894 179 719 527 1009 682 1831 8559 222 668 1478 772 432 782 376 227 1558 832 616 115 2311 786
internal_value=-2.57214e-05 0.000242233 0.0032489 0.00531465 0 -0.00389773 0.0100993 0.0127249 -0.000392695 0.00272638 0.00611389 0.011114 -0.00124415 -0.00205245 -0.00786397 -0.000725412 0.00158972 -0.000272937 0.0020497 -0.00572242 0.00242102 0.00577841 0.00646765 -0.00422792 0.00571458 -0.00352507 0.00138099 -0.01302 -0.00436877 2.61425e-05
internal_weight=475.199 447.499 80.5815 67.1168 36.5054 22.4479 30.6114 24.2278 366.917 69.5536 43.1766 18.7313 297.364 251.386 37.7353 213.65 113.476 78.2986 54.3076 23.9909 45.978 35.1777 14.0575 13.4647 29.3122 100.174 14.7649 6.42563 27.7004 24.4454
internal_count=31201 28461 4740 3836 2289 1494 1547 1243 23721 3386 2211 706 20335 17336 2513 14823 4816 3140 2146 994 2999 1676 795 904 1990 10007 1448 426 2740 1505
is_linear=0
shrinkage=0.05


Tree=151
num_leaves=31
num_cat=0
split_feature=15 24 28 21 27 28 27 29 22 38 12 31 40 36 28 26 24 35 23 30 8 24 24 17 12 38 38 32 26 21
split_gain=0.232113 0.584041 0.365623 0.522648 0.363297 0.363144 0.360692 0.310368 0.462961 0.318035 0.600296 0.512741 0.459264 0.375529 0.29396 0.288279 0.270672 0.260756 0.490463 0.37092 0.272174 0.262974 0.477577 0.44671 0.268671 0.259504 0.320791 0.244226 0.24067 0.234471
threshold=-0.46999999880790705 0.22333335876464847 0.17000001668930056 0.20999997854232791 -0.32333332300186152 0.30333334207534796 -0.096666663885116563 -0.030000001192092892 0.26333332061767584 -0.035460472106933587 0.22333335876464847 -0.036666661500930779 0.22333333641290667 -0.35000000894069666 -0.18999999761581418 -0.15000000596046445 -0.31000000238418574 -0.056666672229766839 0.20999997854232791 1.0000000180025095e-35 -0.10333332419395445 0.22333335876464847 0.34333333373069769 -0.16333332657814023 0.096666663885116591 0.24334907531738284 -0.042603969573974602 -0.063333332538604722 -0.40333333611488337 0.030000001192092899
decision_type=2 2 2 2 2 2 2 2 2 2 2 2 2 2 2 2 2 2 2 2 2 2 2 2 2 2 2 2 2 2
left_child=1 5 3 7 -3 -1 16 9 -9 10 13 -11 -12 -2 -14 -8 -5 18 -4 -19 -21 23 -23 -22 -25 26 -20 28 -13 -24
right_child=2 4 17 6 -6 -7 15 8 -10 11 12 27 14 -15 -16 -17 -18 19 25 20 21 22 29 24 -26 -27 -28 -29 -30 -31
leaf_value=0 -0.0061709811645672555 -0.0080071102760726678 0 -2.4980732908660991e-05 0.0032277732322647554 0.010243389122478712 0.0040094240841008228 -0.0045185242001806007 0.0045295904717631459 0.0037742784923464217 0 0.00092599938080188812 0.013831943920470269 0.0027495319068389784 0 -0.0039467181139973429 0.01048605677126601 -0.0062424395176039456 0 0.0059198992285385398 0.0002293590617260468 0.007846733135204639 0.0023173008300791421 -0.010789180678313953 0 0 -0.014095574210079202 0.00065421936319340151 -0.0070304993612393023 -0.0058145997778804104
leaf_weight=6.2887460016645518 12.633182908175511 8.7490045921877009 19.452832445502281 1.9673600583337272 5.4323232122696927 21.033490838017315 22.501017529633828 62.241228400496766 10.080474191810934 28.851393427699804 9.7836741895880568 4.0054991329088798 16.714138788753193 24.445571032585576 2.980458131292834 11.507409053854643 22.861650200211443 17.565650229807943 2.4404388987459287 14.167696362594141 34.46553962584585 15.965954998275263 7.5473002466606003 12.978193906717935 4.8046799026196814 1.9794618459418405 13.709926060400903 11.879491782048715 34.947425752528943 11.746728098485617
leaf_count=123 600 186 1047 186 134 394 1734 4949 867 2208 404 270 567 1772 196 1172 1211 1638 221 606 1436 803 770 890 561 110 893 1245 2977 1015
internal_value=0.000304883 0.00362742 -1.01053e-06 0.00102697 -0.00278455 0.00760788 0.00497586 -2.92975e-05 -0.00268778 0.00117533 0.00364282 -0.000704681 0.00833147 -0.000145639 0.0118545 0.00050429 0.00899951 -0.00194373 -0.00533224 -0.000471842 0.000585207 -0.000335563 0.00243733 -0.00269436 -0.00804037 -0.0101079 -0.011857 -0.00381681 -0.00564181 -0.00185012
internal_weight=475.728 41.5036 434.224 277.4 14.1813 27.3222 58.8374 218.563 72.3217 146.241 66.557 79.6838 29.4783 37.0788 19.6946 34.0084 24.829 156.824 37.5827 119.242 101.676 87.5084 35.26 52.2484 17.7829 18.1298 16.1504 50.8324 38.9529 19.294
internal_count=31185 837 30348 20358 320 517 4303 16055 5816 10239 3539 6700 1167 2372 763 2906 1397 9990 2271 7719 6081 5475 2588 2887 1451 1224 1114 4492 3247 1785
is_linear=0
shrinkage=0.05


Tree=152
num_leaves=31
num_cat=0
split_feature=4 39 8 14 35 35 29 37 14 29 39 32 38 15 4 3 23 38 23 39 17 10 21 21 4 29 23 16 23 4
split_gain=0.236072 0.55482 0.330778 0.364211 0.412364 0.527161 0.339918 0.327045 0.438118 0.379068 0.275686 0.476696 0.439338 0.424367 0.406517 0.392102 0.350824 0.334906 0.307882 0.285643 0.436088 0.34849 0.349539 0.282525 0.30296 0.29933 0.298475 0.277229 0.273711 0.252667
threshold=-0.21000000834465024 0.024005748331546787 0.25000000000000006 -0.45666666328907007 -0.36333334445953364 -0.076666668057441698 -0.11666667461395262 -0.0026211738586425777 0.11000001430511476 -0.21666666865348813 0.024197591468691829 0.19666665792465213 0.035072326660156257 -0.48333333432674402 -0.096666663885116563 0.22333335876464847 -1.0000000180025095e-35 0.018894195556640628 0.1566666662693024 0.030629945918917659 -0.2766666561365127 1.0000000180025095e-35 0.35666668415069586 0.41666668653488165 0.45666664838790899 0.21666666865348819 0.44333332777023321 -0.22333332896232602 -0.083333343267440782 -0.096666663885116563
decision_type=2 2 2 2 2 2 2 2 2 2 2 2 2 2 2 2 2 2 2 2 2 2 2 2 2 2 2 2 2 2
left_child=1 2 3 -1 -5 -6 -4 9 28 -3 11 12 13 -2 -15 16 -12 -17 -14 20 -18 22 -21 24 25 -13 -25 -27 -9 -22
right_child=10 7 6 4 5 -7 -8 8 -10 -11 15 23 18 14 -16 17 19 -19 -20 21 29 -23 -24 26 -26 27 -28 -29 -30 -31
leaf_value=0.0090765059835178508 -0.009260029172154273 0.011188657126366217 0.00049088184702202997 -0.006139333628693679 0.0067185186192558512 -0.0028220209758454766 -0.010369487105940142 0.0071199991303049787 -0.0056407289376702854 0 -0.0034206639651412061 0 -3.1126614407336226e-05 -0.0035311872065048526 0.0040760885276518418 -0.0091978956359262242 0.0049329786545753689 0 -0.00901045238920767 0.012123745742626091 0.0006783976292468203 -0.0008567086179825207 0 -0.0071909868189512297 -0.0019746257487024714 0.010273372158438869 0.0029784136758520667 0 -0.0011518505716617614 -0.0093114338618151063
leaf_weight=5.1237135306000701 2.6631019618362179 23.040756325237453 5.0782649349421272 17.769744136137888 21.849013115977865 20.852872344665233 9.8352064467035198 18.652375205536373 10.364867004682308 15.140461480477823 39.66746905061882 13.366556333610786 25.544791597174481 15.190715777454896 62.089635625714436 23.672561314422637 8.726597120054068 15.569619108806362 18.324300883105025 12.909626441309234 2.4462647112086406 6.2060125805437556 4.5183949091006061 6.1546503996942183 4.7367154504172495 31.35471281805075 8.9628446325659734 7.3162864546757254 6.9252298858482417 9.8372626011259836
leaf_count=90 50 835 555 1019 1372 1624 698 765 784 910 2684 1309 1947 1131 4364 2027 363 1332 1251 591 192 510 178 320 539 1027 488 965 308 832
internal_value=0.0002401 0.00183976 -0.000779181 0.000577675 -0.000520608 0.00177251 -0.00639611 0.00484165 0.00043696 0.00779977 -0.000477475 0.00059142 -0.00113752 0.000843466 0.00213389 -0.00231251 0 -0.00608115 -0.00491597 0.00260134 -0.000706835 0.00593354 0.00901875 0.00374823 0.00533331 0.00656464 -0.000844721 0.00852885 0.00429535 -0.00638486
internal_weight=473.891 154.633 80.5088 65.5953 60.4716 42.7019 14.9135 74.1237 35.9425 38.1812 319.258 195.704 123.813 79.9435 77.2804 123.554 84.3116 39.2422 43.8691 44.6442 21.0101 23.634 17.428 71.8918 56.7743 52.0376 15.1175 38.671 25.5776 12.2835
internal_count=31060 8960 5358 4105 4015 2996 1253 3602 1857 1745 22100 13391 8743 5545 5495 8709 5350 3359 3198 2666 1387 1279 769 4648 3840 3301 808 1992 1073 1024
is_linear=0
shrinkage=0.05


Tree=153
num_leaves=31
num_cat=0
split_feature=31 40 0 3 38 21 9 11 41 35 9 31 28 35 34 33 0 28 41 32 36 38 29 34 39 20 1 38 37 1
split_gain=0.359101 0.417883 0.340758 0.248651 0.382028 0.358416 0.678475 0.461779 0.44917 0.461512 0.463143 0.612798 0.445477 0.432232 0.413707 0.39597 0.43842 0.366368 0.385689 0.345037 0.327043 0.66714 0.467836 0.426813 0.315265 0.30773 0.289957 0.275426 0.327951 0.301274
threshold=0.48333334922790533 0.10333333536982538 0.31000000238418585 0.29000002145767217 0.01506328582763672 -0.32999998331069941 -0.030000001192092892 0.14999997615814212 0.037718985229730613 -0.15000000596046445 -0.13666665554046628 -0.17000000178813932 0.27499997615814215 0.01666665077209473 -0.10999999940395354 -0.45666666328907007 0.26333332061767584 -0.31666666269302363 0.037718985229730613 -0.28333333134651179 0.11000001430511476 0.090439319610595717 0.41666668653488165 -0.36333334445953364 0.017839243635535244 -0.21666666865348813 -0.29666668176650995 -0.16214513778686521 0.064506053924560561 0.21666666865348819
decision_type=2 2 2 2 2 2 2 2 2 2 2 2 2 2 2 2 2 2 2 2 2 2 2 2 2 2 2 2 2 2
left_child=3 -2 -3 5 25 6 27 8 -7 15 11 -11 13 -12 -14 -10 -17 26 19 -19 23 22 -22 -6 -15 -5 -9 -1 29 -29
right_child=1 2 -4 4 20 7 -8 17 9 10 12 -13 14 24 -16 16 -18 18 -20 -21 21 -23 -24 -25 -26 -27 -28 28 -30 -31
leaf_value=0.00021949551465882055 -0.0025042514812937712 0.013571276811235362 0 0 -0.0089248740787280893 0.0017288000605126894 0.0012661334163667462 0.0040461912232319323 0.0028720923933261613 0.011335321608857415 0.00016447102405798617 -0.0011782491247954901 -0.0030386032289057511 0 0.0084090445336616314 -0.010382413829095338 0.00080327964195508995 0.0078520791026248787 0.010698794303641991 -0.0023375400161350863 0 -0.0040537676752896564 0.015427048590982297 0.0021502072051912346 -0.012664180009563167 -0.0076273192447060354 -0.0048810159282912007 -0.012905372932369272 0 0
leaf_weight=2.9503253588918623 3.3977663004770866 8.4316046570893359 3.9464357236865899 11.078213799046351 9.2248367763822916 130.5020593367517 33.253608032478951 11.174688407336363 3.0720828506164244 11.407456154469402 9.6372906045289728 13.221998906694351 8.8133099100086856 4.2667655112454694 8.1849615541286749 29.950325186364353 5.3284439994022241 6.0700026452541378 22.49061585846357 17.188055886654183 4.0909997487906384 5.7887392664561039 7.6458935390692204 10.463055715779772 14.594331676256841 35.506677135475911 12.624385944101958 21.354895917465917 3.8293846698943517 2.4036032530711955
leaf_count=121 131 307 177 927 834 7999 2673 586 149 385 676 909 370 301 291 2056 296 387 1576 1658 394 485 307 807 1115 2713 794 1362 228 154
internal_value=-6.96831e-05 0.00613775 0.0099134 -0.000415383 -0.0027888 8.84827e-05 -0.00307858 0.000869034 -0.000104656 -0.00250376 0 0.0048865 -0.00287783 -0.00644867 0.00214234 -0.00649583 -0.00821612 0.00428832 0.00667431 0.000532216 0.000433084 0.00506664 0.010824 -0.00293838 -0.0100575 -0.00559372 0 -0.00792486 -0.00942378 -0.0113043
internal_weight=471.893 15.7758 12.378 456.117 83.7984 372.319 63.7918 308.527 238.979 108.477 70.1261 24.6295 45.4967 28.4984 16.9983 38.3509 35.2788 69.5477 45.7487 23.2581 37.2135 17.5256 11.7369 19.6879 18.8611 46.5849 23.7991 30.5382 27.5879 23.7585
internal_count=31168 615 484 30553 6467 24086 4538 19548 14547 6548 4047 1294 2753 2092 661 2501 2352 5001 3621 2045 2827 1186 701 1641 1416 3640 1380 1865 1744 1516
is_linear=0
shrinkage=0.05


Tree=154
num_leaves=31
num_cat=0
split_feature=30 36 40 39 2 7 40 38 30 22 16 37 4 26 26 4 14 33 31 1 20 40 26 21 39 14 16 23 31 26
split_gain=0.345085 0.492923 0.53633 0.382144 0.240058 0.405472 0.52403 0.383828 0.414235 0.536214 0.407215 0.513502 0.429138 0.41163 0.376595 0.368089 0.362263 0.481883 0.334137 0.401453 0.329837 0.320176 0.311665 0.306201 0.562891 0.392641 0.328756 0.329171 0.302247 0.268498
threshold=0.46166664361953741 0.29000002145767217 0.85666668415069591 0.028243753127753738 -0.236666664481163 -0.32999998331069941 0.22333333641290667 -0.033671855926513665 0.37000000476837164 0.27666664123535162 0.13666665554046634 -0.056897163391113274 0.32333332300186163 -0.15666666626930234 0.25000000000000006 -0.016666665673255917 -0.40333333611488337 0.27666664123535162 -0.030000001192092892 0.32999998331069952 -0.41666667163372034 0.86666667461395275 -0.37666666507720942 -0.29666668176650995 0.030629945918917659 -0.37666666507720942 0.38333332538604742 -0.32999998331069941 0.01666665077209473 -0.049999997019767754
decision_type=2 2 2 2 2 2 2 2 2 2 2 2 2 2 2 2 2 2 2 2 2 2 2 2 2 2 2 2 2 2
left_child=4 -2 3 -3 5 6 29 8 14 -10 11 15 16 -12 21 -9 17 22 19 -14 -8 -6 -13 24 -7 -25 27 -27 -16 -1
right_child=1 2 -4 -5 7 23 20 10 9 -11 13 12 18 -15 28 -17 -18 -19 -20 -21 -22 -23 -24 25 -26 26 -28 -29 -30 -31
leaf_value=-0.0059896716549047617 -0.0018895991635194136 0.014507549220176708 -0.0011013663748783826 0 -0.0056151207183332353 0 0 0.0011183711947636739 -0.014582214400589639 0 0.0015989668808163524 0.0016447918166660335 0.015353016989506122 -0.0067799072846232156 -0.0014430239684142991 -0.011473788327092014 0.0028972448301911521 0.005827735558211985 0 0 0.010892042049708445 0.00147055377744163 -0.0074740668660086204 0.0072768739542064245 -0.01263869191997544 0.0029941398372375005 0.006239840122970599 -0.0057749346675087312 0.006454567455064928 0.003235346593961927
leaf_weight=8.2345841522328573 11.279808313352985 14.636425765696918 5.8527888238895676 3.9168729996308675 47.322039051679894 25.325850695837293 3.9912354156840619 3.4241638635285199 9.970546370605005 5.1211644387803963 15.340829175896941 4.9472159468568888 10.029407323338097 28.648321733227931 14.830641663167627 6.2205142301972938 85.255377421388403 5.6852497402578583 5.3099437362980089 6.4128486769041038 23.345396446529776 12.780383921694009 26.755762910703197 15.556716254912315 6.5235603920882559 7.2172016904223666 5.5396332060918203 26.80601938569453 16.054980404791422 9.697485607583074
leaf_count=425 364 481 190 138 4289 1983 184 229 496 296 1545 136 405 3200 636 434 6416 114 641 406 1018 1155 708 366 451 556 392 2171 866 392
internal_value=0.000260422 0.00462298 0.00823405 0.0117467 -9.77127e-05 0.00157179 0.00513245 -0.000920653 -0.00328079 -0.00987184 0.000280385 0.00161207 0.00257768 -0.00351655 -0.00138673 -0.00669083 0.00101579 -0.00250562 0.00835959 0.0111193 0.00892734 -0.00373348 -0.0053527 -0.000224307 -0.00395901 0.00170146 -0.000611748 -0.00312015 0.00236667 -0.000395857
internal_weight=472.033 35.6859 24.4061 18.5533 436.347 132.238 45.2687 304.109 106.08 15.0917 198.03 154.04 144.396 43.9892 90.988 9.64468 122.644 37.3882 21.7522 16.4423 27.3366 60.1024 31.703 86.969 31.8494 55.1196 39.5629 34.0232 30.8856 17.9321
internal_count=31083 1173 809 619 29910 7938 2019 21972 7738 792 14234 9489 8826 4745 6946 663 7374 958 1452 811 1202 5444 844 5919 2434 3485 3119 2727 1502 817
is_linear=0
shrinkage=0.05


Tree=155
num_leaves=31
num_cat=0
split_feature=9 35 40 25 20 41 27 32 7 9 4 40 25 35 26 38 38 27 7 3 26 3 41 32 41 39 10 41 38 2
split_gain=0.230075 0.289691 0.37035 0.328367 0.25309 0.392812 0.415735 0.299534 0.219848 0.407268 0.384172 0.383729 0.683293 0.556902 0.534817 0.449353 0.621281 0.371493 0.42867 0.367349 0.331848 0.331181 0.37716 0.538812 0.393092 0.329147 0.317328 0.311814 0.310848 0.302803
threshold=0.43000000715255743 0.27666664123535162 0.88333332538604747 0.32333332300186163 0.37000000476837164 0.036040361970663078 -0.236666664481163 -0.0099999904632568342 0.030000001192092899 -0.12333333492279051 0.34333333373069769 0.756666660308838 0.01666665077209473 0.030000001192092899 0.25000000000000006 -0.027582168579101559 0.035072326660156257 0.34333333373069769 -0.10333332419395445 -0.069999992847442613 -0.30333334207534784 0.35000002384185797 0.040086608380079276 0.11000001430511476 0.035614177584648139 0.01726569049060345 0.056666672229766853 0.074494220316410079 -0.0095186233520507795 0.1566666662693024
decision_type=2 2 2 2 2 2 2 2 2 2 2 2 2 2 2 2 2 2 2 2 2 2 2 2 2 2 2 2 2 2
left_child=4 2 3 -2 8 6 7 -6 11 10 -10 13 17 14 15 -1 -17 18 27 -16 -18 22 24 -24 26 -15 -11 -13 -23 -28
right_child=1 -3 -4 -5 5 -7 -8 -9 9 21 -12 12 -14 25 19 16 20 -19 -20 -21 -22 28 23 -25 -26 -27 29 -29 -30 -31
leaf_value=-0.0040293771328329276 0.013135025870926393 0 -0.0016273262351426641 0 0 0.00030724964177807095 0 -0.015037191944156128 0.0083407009466186077 0.0029563387059157596 -0.0020898696804379628 -0.012629064207721724 0.0018972683105007979 0.0015038909124718944 0.0098279240029595788 0.0085133217243281017 0.0036522804365335297 0.00069374357313753301 0 0 -0.0051819819832278451 -0.00017353099787683468 0.0013729512855852129 -0.0094230617562139161 0.0066949104740936585 -0.0075787740005572746 -0.0069472169867619829 0 0.008714147575195277 0.00094525074553125752
leaf_weight=36.518227543332614 11.296174590708686 18.295751039986499 2.4585712754633269 2.0010425194632253 3.3084412612952301 28.111449729069136 16.845151821849868 9.1847101068124175 27.674881052575074 18.406885219039395 4.5796802965924135 28.062070626998324 25.728314956184477 6.6094281761907068 23.429631398525089 20.584202947560698 10.18463331484236 6.2465158752165726 9.3674435738939774 15.241854563355444 19.072138207731768 9.3163575129583496 12.00855511438567 20.423403022694401 15.37732819712255 22.542768824147061 22.790263538132422 2.9303608955815426 13.380274485913104 10.481871136464177
leaf_count=2394 602 1349 183 143 146 1789 1378 346 1912 1267 430 2027 1365 504 786 1554 627 455 619 735 1471 783 909 1560 1006 1557 1510 129 1023 574
internal_value=0 0.00365643 0.00760932 0.0105876 -0.000298952 -0.00324114 -0.00682349 -0.0120487 0.000123511 0.00159913 0.0061107 -0.000790351 -0.00368652 0.000499502 0.00211681 0 0.00278482 -0.00710901 -0.0087894 0.00656308 -0.0012994 0 -0.00112262 -0.00518486 0.000764364 -0.00490314 -0.00107973 -0.0112154 0.0049213 -0.00405969
internal_weight=472.458 34.0515 15.7558 13.2972 438.407 57.4498 29.3383 12.4932 380.957 154.439 32.2546 226.518 72.3347 154.183 125.031 86.3592 49.841 46.6064 40.3599 38.6715 29.2568 122.185 99.4883 32.432 67.0563 29.1522 51.679 30.9924 22.6966 33.2721
internal_count=31133 2277 928 745 28856 3659 1870 492 25197 10974 2342 14223 4595 9628 7567 6046 3652 3230 2775 1521 2098 8632 6826 2469 4357 2061 3351 2156 1806 2084
is_linear=0
shrinkage=0.05


Tree=156
num_leaves=31
num_cat=0
split_feature=31 3 17 17 32 6 40 30 20 36 24 40 24 23 3 39 40 8 40 39 23 5 0 11 23 22 0 39 2 6
split_gain=0.313694 0.289334 0.267594 0.229918 0.393547 0.934712 0.728906 0.302881 0.317785 0.29885 0.424126 0.364206 0.287694 0.269767 0.347239 0.567233 0.312224 0.318971 0.299933 0.298574 0.322559 0.271923 0.565788 0.307213 0.262365 0.256343 0.254664 0.247175 0.246758 0.243352
threshold=0.48333334922790533 -0.10999999940395354 0.38333332538604742 -0.41666667163372034 -0.19666665792465207 -0.1649999916553497 0.39666667580604559 0.37000000476837164 0.27499997615814215 0.26999998092651373 0.22333335876464847 0.11666666716337205 -0.023333340883255001 0.01666665077209473 0.21499997377395633 0.030629945918917659 0.56333333253860485 -0.45666666328907007 0.46999999880790716 0.025808040052652362 0.44333332777023321 -0.12833333015441892 -0.4433333277702331 0.33666664361953741 0.083333313465118422 0.40333333611488348 -0.22499999403953549 0.016396757215261463 -0.069999992847442613 0.18999999761581424
decision_type=2 2 2 2 2 2 2 2 2 2 2 2 2 2 2 2 2 2 2 2 2 2 2 2 2 2 2 2 2 2
left_child=3 2 -2 4 24 6 -6 8 27 10 12 -11 -9 16 15 -15 18 -18 -5 20 -16 22 -19 29 -1 26 -17 -7 -20 -24
right_child=1 -3 -4 13 5 7 -8 9 -10 11 -12 -13 -14 14 19 25 17 21 28 -21 -22 -23 23 -25 -26 -27 -28 -29 -30 -31
leaf_value=0.010546061191851502 0.01305077002721124 -6.1980196069304597e-06 0 -0.0014193300878804441 0.00085270602273218197 0 -0.018044443807034512 -0.0041064237140472038 -0.00030908422455666205 0.0097038921775294273 -0.011469986122963504 -0.00058257305065701707 0.0066121123745397012 0 -0.0020107734574503775 0 0.0022234093546307713 0.0039507322625236757 0.0091335682034472798 -0.0062666768708726332 0.0057743827083948243 -0.0014713392676933678 -0.013060422591454146 0 0 -0.00029095686054471842 0.011705380638865592 0.01082566026938196 -0.00047214558725501262 0
leaf_weight=11.250784701900555 6.3647559103555995 6.3552437613252541 3.5079110825899988 101.14723923860583 4.1816622545011324 3.5716834582854124 5.4447231404483318 6.1986319799907514 6.9040788540150961 6.4179698373191085 5.716467735124751 14.03749131108634 5.754788567777724 74.718367251334712 42.287452570628375 3.5834407461807194 7.2604978922754517 2.1591150425374499 7.8612310530152172 21.084468259941787 12.329237259109503 39.181249922839925 27.857955909566957 3.9627195519860825 3.6268484299071124 1.8360925684683014 17.822639775462449 16.130548613378778 3.5465503251180035 2.1421219613403073
leaf_count=327 178 347 96 7320 98 116 148 134 264 140 130 324 128 5498 3701 229 320 146 560 2025 1030 3113 2186 272 137 98 970 563 306 213
internal_value=-6.8396e-05 0.00566633 0.00951493 -0.000396102 0.00171111 0 -0.0110602 0.00245188 0.00602192 0 -0.00451022 0.0031687 0.000146559 -0.000991931 0.000318714 0.00233979 -0.00225746 -0.00450563 -0.000252897 -0.00197041 0 -0.00557811 -0.00859508 -0.0104917 0.00777698 0.00824363 0.00979132 0.00876737 0.00557769 -0.0119802
internal_weight=474.244 16.2279 9.87267 458.016 89.2357 74.358 9.62639 64.7317 26.6063 38.1253 17.6699 20.4555 11.9534 368.78 173.662 97.9605 195.119 82.5637 112.555 75.7012 54.6167 75.3032 36.1219 33.9628 14.8776 23.2422 21.4061 19.7022 11.4078 30.0001
internal_count=31117 621 274 30496 2509 2045 246 1799 943 856 392 464 262 27987 13551 6795 14436 6250 8186 6756 4731 5930 2817 2671 464 1297 1199 679 866 2399
is_linear=0
shrinkage=0.05


Tree=157
num_leaves=31
num_cat=0
split_feature=33 19 12 40 39 37 39 37 5 16 39 14 4 37 8 32 4 20 24 17 13 27 8 16 4 32 37 25 18 8
split_gain=0.257617 0.326855 0.517732 0.410401 0.390515 0.314945 0.352315 0.521848 0.309874 0.659686 0.497811 0.50087 0.516626 0.445706 0.457907 0.765831 0.439821 0.417376 0.409399 0.374165 0.340778 0.319229 0.308139 0.297205 0.31017 0.362806 0.277361 0.274204 0.270756 0.269649
threshold=0.48333334922790533 0.22333335876464847 0.096666663885116591 0.13000000268220904 0.016595917753875259 0.028002262115478519 0.020642076618969444 -0.022203922271728512 0.38999998569488531 -0.46999999880790705 0.01726569049060345 -0.3899999856948852 -0.10999999940395354 -0.024637699127197262 0.25000000000000006 0.17666667699813846 0.25000000000000006 0.16333335638046267 0.23666667938232425 -0.24999999999999997 -0.36333334445953364 -0.12333333492279051 -0.45666666328907007 0.37000000476837164 -0.15666666626930234 -0.3899999856948852 0.025244712829589847 -0.12333333492279051 -0.31666666269302363 0.29666668176651007
decision_type=2 2 2 2 2 2 2 2 2 2 2 2 2 2 2 2 2 2 2 2 2 2 2 2 2 2 2 2 2 2
left_child=1 2 8 -4 -5 6 7 -3 9 13 18 12 -12 -1 26 -16 -10 19 -11 -13 -21 -19 -22 -8 25 -25 -15 -24 -6 -14
right_child=-2 5 3 4 28 -7 23 -9 16 10 11 17 29 14 15 -17 -18 21 -20 20 22 -23 27 24 -26 -27 -28 -29 -30 -31
leaf_value=0.01190027212824209 0.0062437620715234529 -0.011203289642788326 -0.0013014996416401328 -0.0012545619054820233 -0.0009267846125290063 -0.0082472867108405803 -0.0020513232490764976 0 0.0018841029671474762 0 0 0.00091289298161547369 -0.011040816954746445 0 0.00446750520902966 -0.01244812466382085 -0.010767948059395207 0.0065332218470270167 0.0084387498466967879 0.0021546976818710342 0.001996622537605523 -0.00045058473269681139 -0.011799140192295679 0 -0.00033638225611841557 0.013013446045055721 0.010479518717316961 -0.0022634052543028136 0.0089040916534525016 0
leaf_weight=10.247628405690191 7.3388042186852536 11.489971314673314 18.774528386304155 7.7059114222647613 1.8284693190362293 19.4961381474277 21.522677247063257 15.833515238366088 4.058403600472956 50.712063369341195 19.639624051284045 29.974810775136575 31.621617990080267 6.146812569350006 6.0187649345025402 7.3694797377102077 11.690857702633364 21.080626316135749 12.645622797543181 5.9035112035926423 2.6073566658888003 25.138293694937602 20.62165014678612 6.6513237503822884 9.0863752099685353 8.0945632928051072 7.1388451801612973 27.12052926293109 40.043135694111697 5.1588282911106935
leaf_count=171 622 1001 1457 807 87 2359 2100 1520 133 3296 558 1852 1032 109 95 143 527 1152 660 323 146 2266 1950 249 610 349 128 2182 3213 142
internal_value=-0.000444179 -0.000680791 0 0.00374271 0.00603701 -0.0032479 -0.00106239 -0.00516974 -0.000901771 -0.000368675 -0.00139282 -0.0027195 -0.00647917 0.00526189 0.000229448 -0.00452496 -0.00673785 -0.000725977 0.00209463 -0.002856 -0.00516029 0.00264068 -0.00659974 0.00124012 0.00486535 0.00844597 0.00623406 -0.00770489 0.00789021 -0.00956254
internal_weight=472.761 465.422 373.247 68.352 49.5775 92.1746 72.6784 27.3235 304.895 289.146 252.225 188.867 56.4201 36.9215 26.6739 13.3882 15.7493 132.447 63.3577 86.2279 56.253 46.2189 50.3495 45.3549 23.8323 14.7459 13.2857 47.7422 41.8716 36.7804
internal_count=31239 30617 22429 5564 4107 8188 5829 2521 16865 16205 15559 11603 1732 646 475 238 660 9871 3956 6453 4601 3418 4278 3308 1208 598 237 4132 3300 1174
is_linear=0
shrinkage=0.05


Tree=158
num_leaves=31
num_cat=0
split_feature=12 11 29 15 1 11 5 1 37 30 30 25 15 12 33 31 2 38 6 36 41 29 32 38 24 40 10 5 14 19
split_gain=0.294359 0.353358 0.288289 0.213026 0.329852 0.256786 0.39562 0.294191 0.383207 0.291485 0.284926 0.256295 0.250595 0.39769 0.692508 0.326835 0.294936 0.262444 0.250174 0.248874 0.243614 0.237209 0.205295 0.204678 0.211232 0.198157 0.243699 0.193323 0.191575 0.349064
threshold=0.44333332777023321 0.38999998569488531 -0.45666666328907007 0.36333334445953375 -0.2766666561365127 0.14999997615814212 0.069999992847442641 -0.069999992847442613 -0.061809539794921868 -0.41666667163372034 -0.030000001192092892 -0.41666667163372034 0.043333351612091071 -0.32999998331069941 0.32333332300186163 -0.31666666269302363 -0.236666664481163 -0.042906284332275384 0.26333332061767584 0.32999998331069952 0.041571944952011115 -0.33666665852069849 -0.083333343267440782 0.082533359527587905 0.45666664838790899 0.87666666507720958 0.33666664361953741 0.30333334207534796 -0.3899999856948852 -0.45666666328907007
decision_type=2 2 2 2 2 2 2 2 2 2 2 2 2 2 2 2 2 2 2 2 2 2 2 2 2 2 2 2 2 2
left_child=1 3 -3 5 20 7 9 12 19 -7 -11 -6 13 14 16 -15 22 -17 -13 -9 21 -5 -1 24 -4 26 -8 -19 29 -10
right_child=-2 2 23 4 11 6 25 8 28 10 -12 18 -14 15 -16 17 -18 27 -20 -21 -22 -23 -24 -25 -26 -27 -28 -29 -30 -31
leaf_value=0 -0.0052783687849632388 -0.0014506347810579181 0.011139172944497074 0.0087296000867660914 0.00047095760757789293 -0.00023660437328045967 -0.0061552759306412923 -0.0072357016928619637 0.0033857610604466483 0.010111306935831295 0 -0.011061242154757987 0.0013175744820711521 0 -0.0093205526701495463 0 -0.00043101153388565554 -0.011747795567150969 0 0.0015569666422845839 -0.0040321237070466741 -0.00081665740589810054 0.0097151372377009271 0 0 0.0037770841623208616 0.0020185585885584196 0 0.0032268587842607371 -0.0031443244056453459
leaf_weight=9.6184309837408382 17.330220483592711 3.9841681115794954 15.888049375033011 7.6266716052778056 2.6989008348900851 7.8151374163571736 17.754957110737458 15.275769018800931 32.155061188619584 24.496309472713619 10.93762660527136 14.708926521358082 29.359851636691019 9.8334726146422309 9.3454137402586621 12.280476637417449 20.939508983166888 23.359093899605799 2.5015217957552514 3.7987207644619039 4.6860418549040324 2.9917356951627871 11.415518504334612 3.9667959781363598 1.7544396345037956 6.5225692993262774 5.1806635388638815 2.093358300626277 102.17436551814899 38.02597235282883
leaf_count=313 1850 159 1310 324 163 348 1835 1236 645 1681 1000 1052 2477 472 279 881 801 1810 316 194 319 272 324 487 220 607 439 174 7967 1138
internal_value=0.00012301 0.000450277 0.00555926 1.41284e-05 -0.00334445 0.000424124 0.0029996 -0.000129353 0.00101872 0.00583648 0.0076196 -0.00699988 -0.00199824 -0.00324014 0 -0.00625437 0.00288094 -0.00816066 -0.00906743 -0.00453404 0.000869527 0.00521182 0.00646669 0.00779157 0.00961963 -0.000743148 -0.00340928 -0.0106517 0.00190527 0
internal_weight=470.52 453.19 25.5935 427.596 35.2138 392.382 72.7073 319.675 191.43 43.2491 35.4339 19.9093 128.245 98.8853 51.3189 47.5664 41.9735 37.7329 17.2104 19.0745 15.3044 10.6184 21.0339 21.6093 17.6425 29.4582 22.9356 25.4525 172.355 70.181
internal_count=31093 29243 2176 27067 2446 24621 5910 18711 11180 3029 2681 1531 7531 5054 1717 3337 1438 2865 1368 1430 915 596 637 2017 1530 2881 2274 1984 9750 1783
is_linear=0
shrinkage=0.05


Tree=159
num_leaves=31
num_cat=0
split_feature=33 10 25 7 32 40 8 6 7 41 11 23 17 22 1 6 7 39 22 39 25 10 23 23 39 25 4 38 38 6
split_gain=0.286358 0.261653 0.570012 0.312602 0.290829 0.509174 0.700417 0.473921 0.360487 0.565905 0.373254 0.319379 0.310259 0.357713 0.310089 0.282351 0.420912 0.389725 0.337115 0.294885 0.277279 0.266196 0.264379 0.260668 0.258261 0.249774 0.248748 0.263571 0.325012 0.264985
threshold=0.48333334922790533 0.45666664838790899 -0.37666666507720942 -0.12999999523162839 -0.090000003576278673 0.89666664600372326 0.19666665792465213 -0.22333332896232602 -0.28333333134651179 0.028001151047647003 0.12333333492279054 0.37666666507720953 -0.4433333277702331 -0.35000000894069666 0.30333334207534796 -0.04333332180976867 0.11000001430511476 0.030629945918917659 -0.31000000238418574 0.017449099570512775 0.26333332061767584 0.17666667699813846 -0.25666666030883784 0.32333332300186163 0.017839243635535244 0.19666665792465213 0.42333334684371954 -0.042906284332275384 -0.076637268066406236 0.25000000000000006
decision_type=2 2 2 2 2 2 2 2 2 2 2 2 2 2 2 2 2 2 2 2 2 2 2 2 2 2 2 2 2 2
left_child=1 4 -3 -4 7 15 14 8 9 10 -1 -8 -11 -14 21 18 17 19 -6 -17 -9 -7 -10 -24 -20 -15 27 28 -18 -30
right_child=-2 2 3 -5 5 6 11 20 22 12 -12 -13 13 25 -16 16 26 -19 24 -21 -22 -23 23 -25 -26 -27 -28 -29 29 -31
leaf_value=-0.00066915768032400685 0.0072572289772766078 0.004791659045907914 0 -0.012418046514275173 -0.0031908591087047161 0.012327789739849535 -0.0060860449399138053 -0.0059702154257180867 -0.00035137131782255794 0.0043105911613531642 0.010330951182842624 0.0044577669210280361 0.00072364817160138926 -0.0077863624099868195 0 0 0.0025679531728140946 0.0020919926665825795 0 -0.0081602840281038754 0.0018886765287789899 0 0.0077119025563899607 -0.0013366239962946354 0.0086885756701865925 0 -0.003688257141387321 0.0040559432797943884 0 -0.009539446247143344
leaf_weight=7.114527092780917 7.7618165283929548 3.1682004956528571 2.0316216181963709 11.082986043300474 4.9913394111208609 25.97070163523313 11.609183986787682 53.248838420026004 14.441691977903245 3.4449209622107437 8.601599764544515 4.3408173414645708 14.311808960046617 44.565490301931277 4.9285891298204652 19.548757414100692 18.45076507050544 13.151337047573177 8.6616042878013122 33.609912205021828 5.4098498651292166 4.248303994187153 28.247788914712149 2.6986831745598456 20.459799111820757 6.3789064013399175 13.938967594294807 61.715688685886562 5.9170294792857012 8.6918397902045381
leaf_count=449 638 180 126 723 244 1317 810 3953 968 93 347 258 703 2819 359 1342 1198 855 440 2579 429 264 1925 224 1021 394 1427 4244 373 519
internal_value=0.000137681 -1.90218e-05 -0.00535214 -0.00984543 0.000187601 0.00130537 0.0054985 -0.00121994 0.000330951 -0.00138647 0.00539105 -0.00164343 -0.00358005 -0.00467534 0.00911412 3.99038e-05 -0.000686309 -0.00373719 0.00393449 -0.00566782 -0.00475077 0.0107599 0.00380061 0.00615725 0.00620406 -0.00654754 0.00105477 0.00217848 -0.000770963 -0.00572093
internal_weight=472.743 464.982 16.2828 13.1146 448.699 260.235 51.0976 188.464 129.805 84.4173 15.7161 15.95 68.7011 65.2562 35.1476 209.137 175.024 66.31 34.1127 53.1587 58.6587 30.219 45.3882 30.9465 29.1214 50.9444 108.714 94.7753 33.0596 14.6089
internal_count=31221 30583 1029 849 29554 17250 3008 12304 7922 4805 796 1068 4009 3916 1940 14242 12537 4776 1705 3921 4382 1581 3117 2149 1461 3213 7761 6334 2090 892
is_linear=0
shrinkage=0.05


end of trees

feature_importances:
Column_38=388
Column_39=323
Column_37=283
Column_41=264
Column_40=197
Column_31=184
Column_27=171
Column_25=151
Column_26=141
Column_9=135
Column_19=131
Column_24=127
Column_4=124
Column_10=118
Column_16=112
Column_29=109
Column_30=108
Column_36=99
Column_32=95
Column_3=93
Column_8=91
Column_14=89
Column_7=87
Column_5=83
Column_13=74
Column_33=74
Column_12=73
Column_6=70
Column_17=68
Column_20=67
Column_2=66
Column_0=65
Column_15=65
Column_35=63
Column_18=61
Column_23=61
Column_21=58
Column_22=57
Column_11=55
Column_1=48
Column_28=39
Column_34=33

parameters:
[boosting: gbdt]
[objective: lambdarank]
[metric: ndcg]
[tree_learner: serial]
[device_type: cpu]
[data_sample_strategy: bagging]
[data: ]
[valid: ]
[num_iterations: 160]
[learning_rate: 0.05]
[num_leaves: 31]
[num_threads: 4]
[seed: 53]
[deterministic: 0]
[force_col_wise: 1]
[force_row_wise: 0]
[histogram_pool_size: -1]
[max_depth: -1]
[min_data_in_leaf: 100]
[min_sum_hessian_in_leaf: 0.001]
[bagging_fraction: 0.85]
[pos_bagging_fraction: 1]
[neg_bagging_fraction: 1]
[bagging_freq: 1]
[bagging_seed: 53]
[bagging_by_query: 0]
[feature_fraction: 0.8]
[feature_fraction_bynode: 1]
[feature_fraction_seed: 53]
[extra_trees: 0]
[extra_seed: 23306]
[early_stopping_round: 0]
[early_stopping_min_delta: 0]
[first_metric_only: 0]
[max_delta_step: 0]
[lambda_l1: 0.5]
[lambda_l2: 6]
[linear_lambda: 0]
[min_gain_to_split: 0]
[drop_rate: 0.1]
[max_drop: 50]
[skip_drop: 0.5]
[xgboost_dart_mode: 0]
[uniform_drop: 0]
[drop_seed: 17767]
[top_rate: 0.2]
[other_rate: 0.1]
[min_data_per_group: 100]
[max_cat_threshold: 32]
[cat_l2: 10]
[cat_smooth: 10]
[max_cat_to_onehot: 4]
[top_k: 20]
[monotone_constraints: ]
[monotone_constraints_method: basic]
[monotone_penalty: 0]
[feature_contri: ]
[forcedsplits_filename: ]
[refit_decay_rate: 0.9]
[cegb_tradeoff: 1]
[cegb_penalty_split: 0]
[cegb_penalty_feature_lazy: ]
[cegb_penalty_feature_coupled: ]
[path_smooth: 0]
[interaction_constraints: ]
[verbosity: -1]
[saved_feature_importance_type: 0]
[use_quantized_grad: 0]
[num_grad_quant_bins: 4]
[quant_train_renew_leaf: 0]
[stochastic_rounding: 1]
[linear_tree: 0]
[max_bin: 127]
[max_bin_by_feature: ]
[min_data_in_bin: 3]
[bin_construct_sample_cnt: 200000]
[data_random_seed: 53]
[is_enable_sparse: 1]
[enable_bundle: 1]
[use_missing: 1]
[zero_as_missing: 0]
[feature_pre_filter: 1]
[pre_partition: 0]
[two_round: 0]
[header: 0]
[label_column: ]
[weight_column: ]
[group_column: ]
[ignore_column: ]
[categorical_feature: ]
[forcedbins_filename: ]
[precise_float_parser: 0]
[parser_config_file: ]
[objective_seed: 31239]
[num_class: 1]
[is_unbalance: 0]
[scale_pos_weight: 1]
[sigmoid: 1]
[boost_from_average: 1]
[reg_sqrt: 0]
[alpha: 0.9]
[fair_c: 1]
[poisson_max_delta_step: 0.7]
[tweedie_variance_power: 1.5]
[lambdarank_truncation_level: 30]
[lambdarank_norm: 1]
[label_gain: 0,1,2,3,4,5,6,7,8,9]
[lambdarank_position_bias_regularization: 0]
[eval_at: 1,2,3,4,5]
[multi_error_top_k: 1]
[auc_mu_weights: ]
[num_machines: 1]
[local_listen_port: 12400]
[time_out: 120]
[machine_list_filename: ]
[machines: ]
[gpu_platform_id: -1]
[gpu_device_id: -1]
[gpu_use_dp: 0]
[num_gpu: 1]

end of parameters

pandas_categorical:null
