tree
version=v4
num_class=1
num_tree_per_iteration=1
label_index=0
max_feature_idx=41
objective=lambdarank
feature_names=Column_0 Column_1 Column_2 Column_3 Column_4 Column_5 Column_6 Column_7 Column_8 Column_9 Column_10 Column_11 Column_12 Column_13 Column_14 Column_15 Column_16 Column_17 Column_18 Column_19 Column_20 Column_21 Column_22 Column_23 Column_24 Column_25 Column_26 Column_27 Column_28 Column_29 Column_30 Column_31 Column_32 Column_33 Column_34 Column_35 Column_36 Column_37 Column_38 Column_39 Column_40 Column_41
feature_infos=[-0.49333333969116211:0.5] [-0.49333333969116211:0.5] [-0.49333333969116211:0.5] [-0.49333333969116211:0.5] [-0.49333333969116211:0.5] [-0.49333333969116211:0.5] [-0.49333333969116211:0.5] [-0.49333333969116211:0.5] [-0.49333333969116211:0.5] [-0.49333333969116211:0.5] [-0.49333333969116211:0.5] [-0.49333333969116211:0.5] [-0.49333333969116211:0.5] [-0.49333333969116211:0.5] [-0.49333333969116211:0.5] [-0.49333333969116211:0.5] [-0.49333333969116211:0.5] [-0.49333333969116211:0.5] [-0.49333333969116211:0.5] [-0.49333333969116211:0.5] [-0.49333333969116211:0.5] [-0.49333333969116211:0.5] [-0.49333333969116211:0.5] [-0.49333333969116211:0.5] [-0.49333333969116211:0.5] [-0.49333333969116211:0.5] [-0.49333333969116211:0.5] [-0.49333333969116211:0.5] [-0.49333333969116211:0.5] [-0.49333333969116211:0.5] [-0.49333333969116211:0.5] [-0.49333333969116211:0.5] [-0.49333333969116211:0.5] [-0.49333333969116211:0.5] [-0.49333333969116211:0.5] [-0.49333333969116211:0.5] [-0.49333333969116211:0.5] [-0.29681968688964844:0.2378692626953125] [-0.41864109039306641:0.35486698150634766] [0.0086885262280702591:0.049389328807592392] [0:1] [0.019018201157450676:0.10535567253828049]
tree_sizes=3423 3496 3511 3382 3526 3467 3442 3435 3412 3422 3451 3437 3443 3499 3440 3442 3419 3506 3431 3471 3447 3496 3450 3491 3517 3417 3489 3455 3517 3543 3501 3523 3444 3452 3422 3401 3482 3449 3551 3435 3397 3448 3448 3501 3453 3480 3490 3488 3491 3397 3454 3469 3517 3504 3456 3485 3366 3445 3469 3407 3450 3503 3521 3441 3393 3434 3450 3457 3437 3516 3433 3436 3389 3433 3450 3423 3483 3488 3421 3483 3442 3456 3403 3495 3513 3497 3450 3446 3438 3481 3508 3448 3410 3440 3449 3452 3473 3504 3393 3423 3495 3472 3515 3453 3374 3438 3510 3579 3461 3534 3432 3431 3512 3491 3468 3492 3539 3381 3493 3465 3422 3433 3484 3501 3495 3535 3387 3481 3437 3455 3422 3505 3419 3467 3458 3467 3463 3405 3463 3542 3431 3405 3495 3426 3444 3398 3458 3469 3452 3415 3488 3403 3467 3429 3477 3482 3492 3469 3464 3529

Tree=0
num_leaves=31
num_cat=0
split_feature=19 31 38 38 16 19 9 35 18 31 9 40 24 5 10 14 39 3 14 7 39 19 15 17 40 24 39 22 9 39
split_gain=20.2415 6.30224 4.41765 4.14547 3.05248 4.26646 2.5709 3.37186 2.40533 1.81798 1.6295 1.41199 1.39061 1.28338 1.24565 1.12381 1.08539 1.00486 1.00318 0.913065 0.910408 0.882041 0.839209 0.819289 0.768304 0.765676 0.691205 0.563443 0.619282 0.820471
threshold=0.01666665077209473 0.48333334922790533 0.041270732879638679 -0.035460472106933587 0.46333330869674688 0.22333335876464847 0.44333332777023321 -0.30333334207534784 0.24333333969116214 0.49666666984558111 0.46333330869674688 0.11000000312924386 0.36333334445953375 -0.096666663885116563 -0.4433333277702331 0.030000001192092899 0.020881145261228088 0.31000000238418585 0.13666665554046634 -0.26999998092651362 0.038146022707223899 0.1566666662693024 0.41666668653488165 0.40333333611488348 0.89666664600372326 -0.4433333277702331 0.035115672275424011 -0.37666666507720942 0.13666665554046634 0.027028502896428112
decision_type=2 2 2 2 2 2 2 2 2 2 2 2 2 2 2 2 2 2 2 2 2 2 2 2 2 2 2 2 2 2
left_child=3 4 9 17 5 13 7 -6 11 -3 14 -7 15 21 -10 -5 -9 19 -13 -1 25 27 26 -4 -15 -16 -20 -2 29 -29
right_child=1 2 23 12 6 8 -8 16 10 -11 -12 18 -14 24 20 -17 -18 -19 22 -21 -22 -23 -24 -25 -26 -27 -28 28 -30 -31
leaf_value=-0.0040941679121990213 0.0080530317399696155 0.031524156681623124 0.0016575151994163565 0.022242918894764666 -0.007209899367517706 0.006801485258704847 -0.015615171301714505 0 0 0 -0.0019924451521164837 0.0017064722008498321 0 -0.010728699634821731 0 0.0054113073822593463 0.031669887704232791 -0.0078136311592324134 -0.020863431283344322 0.008568406217078512 -0.00085635786757351756 0.010558093010223535 0.00026032434145067311 -0.018568673281964414 0.0022235471865526611 -0.028081151151678842 0.00021555289171503478 -0.01351209088166962 0.004253753140711131 0.0035917251230217031
leaf_weight=12.180381036829202 3.6205525081604746 13.94654461019673 4.2117372837383282 95.579069905448705 8.691912118578335 10.475049972301347 5.1191588488873085 4.5069536534138015 6.673361391760408 4.8642414947971693 13.353290228638796 7.9182942011393598 11.059923756634815 43.588288639672101 2.1335147353820494 20.787346578668803 8.7599557973444444 11.068223894806577 18.058630697196357 48.777245272649452 5.9007120223250231 15.460190983954815 4.306709707947447 4.3799166060052812 8.7016975614242238 68.248135549481958 1.7722140266560007 16.915799638489268 5.5332193518988779 4.2246091335546216
leaf_count=873 227 267 134 8049 327 591 251 145 342 123 562 547 863 2949 123 1595 197 867 1001 3758 414 876 298 75 610 3289 133 1020 368 305
internal_value=0.000942867 -0.00735383 0.0131682 0.0130454 -0.00982218 -0.0116504 0.00462816 0.0125799 -0.0171609 0.0248144 -0.0214917 -0.00539411 0.0183146 -0.00306726 -0.0240034 0.0198532 0.0250505 0.00271135 -0.0104803 0.00552469 -0.0257048 0.00251566 -0.0148515 -0.0103357 -0.00813738 -0.0272298 -0.0183993 -0.00196677 -0.00532102 -0.00913459
internal_weight=490.817 291.365 27.4024 199.452 263.962 236.884 27.078 21.9588 138.84 18.8108 96.309 42.5309 127.426 98.0444 82.9557 116.366 13.2669 72.0259 32.0558 60.9576 76.2824 45.7544 24.1376 8.59165 52.29 70.3817 19.8308 30.2942 26.6736 21.1404
internal_count=31179 15174 599 16005 14575 13655 920 669 7300 390 4730 2570 10507 6355 4168 9644 342 5498 1979 4631 3826 2796 1432 209 3559 3412 1134 1920 1693 1325
is_linear=0
shrinkage=0.05


Tree=1
num_leaves=31
num_cat=0
split_feature=19 31 18 39 16 7 0 39 26 39 21 35 38 9 26 14 29 25 30 38 21 14 39 14 15 31 39 8 36 39
split_gain=31.3875 12.2015 12.1285 11.7607 11.0691 6.16341 6.26979 4.32375 3.71253 3.57789 4.63255 3.24191 3.18015 3.16375 3.13335 3.01148 3.85256 3.31682 2.82733 2.73411 2.60696 8.42526 5.99655 5.13942 2.40238 2.30302 1.92882 1.85705 1.84866 2.45048
threshold=-0.16333332657814023 0.43000000715255743 0.096666663885116591 0.013734275940805675 -0.43000000715255732 0.46333330869674688 0.46333330869674688 0.028243753127753738 0.46999999880790716 0.0336068943142891 -0.43000000715255732 -0.32999998331069941 0.060690402984619148 0.37000000476837164 0.31666666269302374 -0.1766666769981384 -0.45666666328907007 0.26333332061767584 0.36333334445953375 -0.014165878295898436 -0.37666666507720942 0.46333330869674688 0.023138695396482948 0.25000000000000006 -0.069999992847442613 0.4499999880790711 0.031553804874420173 0.3966666460037232 0.043333351612091071 0.030629945918917659
decision_type=2 2 2 2 2 2 2 2 2 2 2 2 2 2 2 2 2 2 2 2 2 2 2 2 2 2 2 2 2 2
left_child=4 2 15 -3 7 6 9 19 20 10 -5 -6 25 14 28 17 -17 24 -15 -1 -4 23 27 26 -2 -12 -22 -23 29 -13
right_child=1 3 8 5 11 -7 -8 -9 -10 -11 12 13 -14 18 -16 16 -18 -19 -20 -21 21 22 -24 -25 -26 -27 -28 -29 -30 -31
leaf_value=0.011659577635781626 -0.012280330527552025 -0.031352459517155422 -0.031900484733008584 -0.0053049448749266231 -0.0060979607287895447 -0.018666296907930875 -0.017920832908605317 0.00034513276354561985 0.013909671438283804 -0.0021092965178751205 0.0016034066782145029 0.0048581577590845748 0 0.0085159545044841186 0.017895707915445942 0.017519933899449169 -0.0082407163319032761 0.020947867903603781 -0.026078785051858084 0.040237369059349597 -0.01531041263230128 0.0033069872025759035 0.023775073499995976 -0.032368114302308154 0.0090402705090403181 0.036299474873872153 0.00069604145795322959 -0.028547904525401232 -0.00063402671297754809 0.019951967196269849
leaf_weight=21.965599639341235 21.196574354544282 11.422293017618356 44.692537328228354 8.1435181554406864 42.187841704115272 8.1941947005689126 6.4523514690808943 14.744777583517132 3.4324636103119692 11.6822143769823 7.5313350851647547 137.59113573934883 8.276701823808251 5.1167009943164867 70.624451803509146 9.6540561113506538 172.81943859811872 18.223684944212437 7.4017493268474936 38.387230975087732 83.153476762585342 3.8813224625773746 16.671299487818033 56.845877416431904 19.088725732173771 49.845419753808528 19.51094910595566 4.8892445163801312 72.955467503517866 32.737336564809084
leaf_count=643 549 188 1938 149 1042 209 114 411 122 256 279 3288 380 117 1300 272 6489 424 150 851 4235 75 214 2750 469 640 864 164 1805 720
internal_value=-6.57774e-05 -0.00765767 -0.0111561 0.00680792 0.00986683 0.0129232 0.0169653 0.0267487 -0.0191633 0.0208747 0.0247114 0.00598744 0.0289159 0.00770645 0.00880459 -0.00303293 -0.00623081 0.00620472 -0.012411 0.032208 -0.0201053 -0.0162114 0.00829544 -0.0204303 -0.00177538 0.0327227 -0.0121679 -0.0171414 0.00569798 0.00848119
internal_weight=1029.32 585.608 474.06 111.548 443.712 100.126 91.9315 75.0976 233.077 85.4792 73.797 368.615 65.6535 326.427 313.908 240.982 182.473 58.509 12.5185 60.3528 229.645 184.952 25.4419 159.51 40.2853 57.3768 102.664 8.77057 243.284 170.328
internal_count=31107 20780 18565 2215 10327 2027 1818 1905 10362 1704 1448 8422 1299 7380 7113 8203 6761 1442 267 1494 10240 8302 453 7849 1018 919 5099 239 5813 4008
is_linear=0
shrinkage=0.05


Tree=2
num_leaves=31
num_cat=0
split_feature=19 31 19 19 38 19 38 41 27 24 27 40 18 31 40 19 15 8 41 28 35 31 38 25 40 40 9 41 12 15
split_gain=78.8372 25.0364 17.5512 15.7886 9.63079 7.40539 6.49123 6.20123 6.04899 4.73183 4.64526 4.1716 3.4773 3.28256 3.44064 3.14406 2.95323 2.72184 2.45927 2.38279 2.29054 2.12558 1.86453 1.83587 1.68713 1.51608 1.49995 1.3922 1.55684 1.3391
threshold=-0.32999998331069941 0.48333334922790533 -0.45666666328907007 -0.17000000178813932 -0.022348880767822262 0.44333332777023321 0.011566162109375002 0.064969118684530272 -0.32999998331069941 -0.24999999999999997 -0.023333340883255001 0.17000000178813937 -0.15666666626930234 0.4499999880790711 0.083333332091569914 1.0000000180025095e-35 -0.31666666269302363 -0.083333343267440782 0.036507502198219306 -0.40333333611488337 -0.049999997019767754 0.45666664838790899 0.10286664962768556 0.33666664361953741 0.19666666537523272 0.44333332777023321 0.23666667938232425 0.035905381664633758 -0.22999998927116391 -0.24333333969116208
decision_type=2 2 2 2 2 2 2 2 2 2 2 2 2 2 2 2 2 2 2 2 2 2 2 2 2 2 2 2 2 2
left_child=2 3 6 8 13 9 11 12 -2 -3 16 -1 -6 14 -5 -16 24 -12 25 -7 -10 29 -8 -9 26 -15 -4 -22 -29 -14
right_child=1 5 10 4 7 19 22 23 20 -11 17 -13 21 18 15 -17 -18 -19 -20 -21 27 -23 -24 -25 -26 -27 -28 28 -30 -31
leaf_value=-0.006918503894451822 0.012929455566974883 0.00083614695676406843 0.014209482272734509 0.0032652821657784253 -0.010233142422128194 0.010092154165598517 0.054490610024965594 -0.0079083019952294817 -0.012153939138791842 0.037326864162112908 0.0091041665275488886 0.025350886495116139 -0.0094574968438525912 -0.017963458138928148 -0.0041804905364778407 -0.021313838957290734 0.0024580316327398721 -0.011064060938569356 0.017247232421501731 -0.017778412826019382 -0.0066904211830655152 -0.0056139664624219945 0.020281102280627853 0.018513221409100399 0.026210907267048514 0.0055124522200622203 -0.0057838195818971207 -0.0047127239284213496 0.01353551821935324 -0.034716116809004785
leaf_weight=10.04618316143751 49.688372224569321 13.780031959526239 20.315942503511909 24.695770190097392 35.057570579927415 7.4632147233933237 46.187269376590848 8.896915060002355 73.394948507659137 32.419997903518379 28.816996270325035 25.301985204685479 14.044488558080046 7.8765066028572637 49.273716940078884 82.600101955700666 32.868610212113708 26.033391242846847 13.484841322991995 11.205541917122899 31.13731787353754 12.66110043087974 18.330572709441185 5.314156685024499 59.384024671744555 7.202527535147965 8.3307717489078623 13.0281770885922 22.861698389053345 137.34398988867179
leaf_count=203 830 104 379 1193 1350 102 390 576 2323 251 731 458 756 118 1917 4922 799 838 191 154 941 420 191 169 1032 121 140 351 531 8587
internal_value=-0.000254584 -0.00973666 0.0218653 -0.013037 -0.0186273 0.0184231 0.0382057 -0.0258719 -0.000981191 0.0282689 0.0114879 0.015902 -0.0281113 -0.00959895 -0.0124208 -0.0155539 0.0167484 -0.00020443 0.00461661 -0.00587846 -0.00640233 -0.031289 0.0476782 0.00329781 0.0213209 -0.00718684 0.00767892 3.44967e-05 0.00658831 -0.0329816
internal_weight=929.047 653.431 275.616 588.562 398.452 64.8688 99.866 213.318 190.111 46.2 175.75 35.3482 199.107 185.133 156.57 131.874 120.899 54.8504 28.5639 18.6688 140.422 164.05 64.5178 14.2111 88.0307 15.079 28.6467 67.0272 35.8899 151.388
internal_count=31068 25907 5161 25296 20320 611 1242 11858 4976 355 3919 661 11113 8462 8032 6839 2350 1569 430 256 4146 9763 581 745 1551 239 519 1823 882 9343
is_linear=0
shrinkage=0.05


Tree=3
num_leaves=31
num_cat=0
split_feature=19 31 19 19 38 39 38 5 5 39 6 9 40 41 27 41 27 14 38 23 8 40 41 3 14 27 41 26 1 3
split_gain=108.155 23.1365 28.403 11.1441 10.8074 7.17295 6.39355 4.94985 4.74132 4.53668 3.97838 5.39856 3.27559 3.76244 3.20453 2.70186 2.6161 2.46575 2.41233 2.30642 2.08754 1.982 1.92516 1.81488 1.81305 1.81094 1.65135 3.27604 1.70311 1.5613
threshold=-0.35000000894069666 0.4499999880790711 -0.17000000178813932 -0.4433333277702331 0.01506328582763672 0.030629945918917659 -0.037744045257568352 0.33666664361953741 1.0000000180025095e-35 0.030629945918917659 -0.43000000715255732 0.27666664123535162 0.089999999850988402 0.062321202829480178 -0.0099999904632568342 0.043949158862233169 -0.18999999761581418 -0.1766666769981384 -0.059002399444580071 0.17000001668930056 -0.083333343267440782 0.11000000312924386 0.045919001102447517 0.23500001430511477 -0.22333332896232602 -0.35000000894069666 0.035905381664633758 0.31000000238418585 0.33666664361953741 0.23500001430511477
decision_type=2 2 2 2 2 2 2 2 2 2 2 2 2 2 2 2 2 2 2 2 2 2 2 2 2 2 2 2 2 2
left_child=3 2 8 5 7 6 18 10 25 12 -3 -12 -4 17 19 -11 -8 -14 23 -5 -16 -17 -7 -1 -23 -2 27 -10 -28 -29
right_child=1 4 9 14 -6 22 16 -9 26 15 11 -13 13 -15 20 21 -18 -19 -20 -21 -22 24 -24 -25 -26 -27 28 29 -30 -31
leaf_value=0.028645520685376236 0.0017683497821486952 0 -0.01438916405799112 0.021796179169674662 -0.021075474344367642 -0.0090209979426416273 0.046101639699370228 -0.0082912731169872186 -0.013154477007184277 0 0.036045220967151868 0 -0.014310617698634263 0 0.0079046935167918966 0.0012506959149836349 0.014874145987051774 -0.03839662992440504 -0.0052219680283016202 0.0052096367830646089 -0.013565535923061967 0.00098300356695866869 0.015065686212059004 0 -0.03009688818571267 -0.014172598350180064 0.014443955169733087 0.018634317649382979 -0.0065673982420291314 -0.0037919043845386531
leaf_weight=11.288495723158126 18.715966532938182 18.306950848083943 44.001331194769591 73.902278028894216 18.921433926559985 10.121793835423889 91.412221306934953 12.56321024475619 23.204664634075016 24.341577487997711 38.313051546458155 12.033958309795706 25.645946031436324 8.7048391774296743 23.707783902063966 5.8630351675674346 17.908596712164581 148.13200351432897 10.014429584145544 40.957013270817697 12.272575370501725 3.3786096647381845 10.400218544527887 6.4471776867285362 21.577684894669797 64.026578580960631 45.22007620614022 13.948007561266424 6.3982713497243813 7.3326044874265781
leaf_count=151 310 189 2794 1103 740 145 700 180 979 1570 389 158 1354 635 525 316 210 10917 152 651 628 151 180 133 1568 2816 982 185 187 117
internal_value=0 -0.01306 -0.0177759 0.0235065 0.00816973 0.0328136 0.0368099 0.0162509 -0.00191168 -0.0275129 0.0213822 0.0279688 -0.0307838 -0.0340204 0.0127401 -0.0119718 0.0422429 -0.0355773 0.0109612 0.0166408 0 -0.0205312 0.0028899 0.0201625 -0.0257067 -0.0104093 0.00534149 -0.0012481 0.010993 0.0108561
internal_weight=869.062 560.63 460.491 308.433 100.139 157.593 137.071 81.2172 178.846 281.645 68.654 50.347 226.484 182.483 150.84 55.1609 109.321 173.778 27.7501 114.859 35.9804 30.8193 20.522 17.7357 24.9563 82.7425 96.1036 44.4853 51.6183 21.2806
internal_count=31115 26537 24881 4578 1656 1671 1346 916 5576 19305 736 547 15700 12906 2907 3605 910 12271 436 1754 1153 2035 325 284 1719 3126 2450 1281 1169 302
is_linear=0
shrinkage=0.05


Tree=4
num_leaves=31
num_cat=0
split_feature=16 31 14 38 38 41 41 26 31 35 3 6 13 18 0 36 38 16 30 4 41 30 10 40 26 7 5 17 38 12
split_gain=90.8881 24.1745 27.7001 10.6954 9.28872 8.60718 5.59655 5.52037 5.00647 4.9234 3.56214 3.30494 2.52202 2.50195 2.24863 2.23585 2.12178 3.45652 1.9434 1.87677 1.77885 1.73589 2.07767 1.64719 1.59349 1.56849 1.42468 1.4174 1.39429 1.39222
threshold=-0.41666667163372034 0.48333334922790533 -0.19666665792465207 -0.033671855926513665 -0.033671855926513665 0.063821967691183104 0.064969118684530272 -1.0000000180025095e-35 0.4499999880790711 0.25000000000000006 0.23500001430511477 -0.40333333611488337 -0.030000001192092892 -0.18333333730697629 0.33666664361953741 0.043333351612091071 0.24334907531738284 -0.2766666561365127 -0.0099999904632568342 -0.06833332777023314 0.021402490325272087 0.35000002384185797 -0.18999999761581418 0.063333334401249899 0.40333333611488348 0.030000001192092899 0.32999998331069952 0.35000002384185797 -0.042058467864990227 -0.083333343267440782
decision_type=2 2 2 2 2 2 2 2 2 2 2 2 2 2 2 2 2 2 2 2 2 2 2 2 2 2 2 2 2 2
left_child=3 2 7 10 8 14 13 15 12 11 25 -3 24 -6 -5 18 17 21 -2 -11 -15 22 -9 -14 28 -1 -16 -10 -4 -24
right_child=1 9 4 5 6 -7 -8 16 27 19 -12 -13 23 20 26 -17 -18 -19 -20 -21 -22 -23 29 -25 -26 -27 -28 -29 -30 -31
leaf_value=-0.001637905281813409 -0.010588435841840872 0.0048985153778221824 -0.011617191689523028 0.043025731084952973 -0.014336213199752371 -0.0050694325633726372 0.0012626297951336986 -0.0023311596575088375 0.014393273574326541 0.0098575438372065852 -0.010253047041450136 0.037987890028804441 -0.00038940438736873723 0.0002199669425040899 0.025213421760021677 -0.021623763632152807 0.025820235291027106 -0.0073383384827851771 0.0044733155299222296 -0.017515863072093928 -0.034418869278144068 -0.0029319883567288057 0.018627208989807593 -0.023701256052227469 0.013776088684996142 0.02020724010729795 0.00045085657128822844 -0.0059534762442499858 0.0095775936502496307 -5.3142007233453379e-05
leaf_weight=7.1630519321188322 37.228060071356595 14.915350072085852 32.072497197659686 108.55515524465591 38.992633126676083 9.6232861774042231 12.933979707304387 14.988261545542626 18.196338772308085 6.4019928043708205 14.318552244920282 26.350646974518899 11.377770930062978 2.2554046260192981 21.391671655233953 18.775037996470928 8.3536867275834066 37.058725414797664 34.763833537232131 6.1031730920076352 145.17775422567502 17.776285531464964 57.185988045763224 56.098513731732965 4.4288969924673429 26.587328034918755 10.337316638324408 7.04109849827364 3.6232088883407405 8.669827201869337
leaf_count=103 1552 129 1768 1145 1883 124 834 238 238 84 403 249 644 142 202 958 109 1235 1211 157 10660 407 1066 4371 98 381 123 127 180 218
internal_value=0.00028117 -0.00912512 -0.0122356 0.0292987 -0.0213989 0.0357431 -0.0282318 0.000835128 -0.0101875 0.0211915 0.00700241 0.0286969 -0.014833 -0.0303835 0.0388068 -0.00838197 0.00691313 0.00452841 -0.00321018 -0.00349872 -0.0337382 0.00939167 0.0124047 -0.0204635 -0.00339209 0.0153946 0.0191631 0.00786315 -0.00779764 0.016021
internal_weight=818.745 620.769 566.998 197.976 332.198 149.907 199.36 234.8 132.838 53.7712 48.0689 41.266 107.601 186.426 140.284 90.7669 144.033 135.679 71.9919 12.5052 147.433 98.6204 80.8441 67.4763 40.1246 33.7504 31.729 25.2374 35.6957 65.8558
internal_count=31039 28558 27939 2481 20945 1594 13519 6994 7426 619 887 378 7061 12685 1470 3721 3273 3164 2763 241 10802 1929 1522 5015 2046 484 325 365 1948 1284
is_linear=0
shrinkage=0.05


Tree=5
num_leaves=31
num_cat=0
split_feature=14 31 17 14 38 38 27 31 40 38 40 9 27 15 37 38 27 37 38 38 37 27 18 27 7 38 26 38 17 3
split_gain=76.1849 20.1074 10.9229 10.5104 7.06048 5.91797 4.27869 3.94642 3.9414 5.17917 5.99236 3.70442 3.4864 3.21465 3.18187 2.50972 2.2841 2.02948 2.23404 1.97961 1.86837 1.82826 1.63938 1.57587 1.52314 1.47362 1.4499 1.21802 1.09761 0.992402
threshold=-0.35000000894069666 0.48333334922790533 -0.37666666507720942 -0.19666665792465207 0.011566162109375002 -0.033671855926513665 -0.32333332300186152 0.4499999880790711 0.96333330869674694 0.012786865234375002 0.089999999850988402 -0.19666665792465207 -0.41666667163372034 -0.43000000715255732 -0.073925971984863267 0.15974140167236331 0.056666672229766853 -0.1838574409484863 -0.042058467864990227 0.22018671035766604 -0.06939458847045897 -0.4433333277702331 -0.29666668176650995 -0.25666666030883784 -0.083333343267440782 -0.04909467697143554 0.37666666507720953 0.3313207626342774 -0.12999999523162839 0.22833335399627688
decision_type=2 2 2 2 2 2 2 2 2 2 2 2 2 2 2 2 2 2 2 2 2 2 2 2 2 2 2 2 2 2
left_child=2 3 8 6 11 7 26 12 9 10 -1 -3 -5 -7 -15 -11 20 -14 -19 22 -4 -16 -8 -12 28 -26 -2 -23 -22 -9
right_child=1 4 16 5 -6 13 19 29 -10 15 23 -13 17 14 21 -17 -18 18 -20 -21 24 27 -24 -25 25 -27 -28 -29 -30 -31
leaf_value=-0.010506179698232728 0.019035464574605913 0.036337508225575472 -0.0046379324300509827 0.010137190742500199 -0.015180158667965352 0.007178471679717348 -0.00097187108280371139 0.01114841330851613 -0.00068037001755812446 0.041456616489381898 0.02773662525558972 0.0054009212066968692 0.00827060945660835 0.0028357445999260124 0 0.0084586445706206909 -0.0045910523246396667 -0.021957818526484298 0.0010610655236079714 0.008455985842826157 0.008223009634181537 -0.030266850207759995 -0.016861064255452942 0.0063143830957921379 0.0021784201392746807 0.02150425844080912 3.0001144199961867e-05 0 -0.0096640882461268892 -0.0057431556760366136
leaf_weight=11.706267951987682 14.921359240077434 21.614905428141356 11.723606827203183 7.2747352016158393 9.8735620579682273 3.4617249635048202 28.771532733924687 17.229747896082703 9.6728708324953896 76.311049613635987 46.833396311849356 22.089687918312848 2.5413643536157897 5.7795979185029855 5.92431114334613 12.167737321928142 24.748540208209306 82.770262255799025 9.0331152286380512 8.0937001942656916 16.524004772771153 162.88936687167734 50.503826832864434 19.43020894844085 17.740251141600311 45.951387658249587 24.556513994466513 3.1833326444029799 7.4091480723582199 7.0384390889666966
leaf_count=207 320 141 193 275 276 138 1058 234 120 764 501 195 158 442 346 122 875 6055 628 219 304 12537 2618 383 262 730 549 252 143 117
internal_value=4.14511e-05 -0.012083 0.019664 -0.0156891 0.0153446 -0.0206294 -0.00314774 -0.0111379 0.0275658 0.0293188 0.0171487 0.0237436 -0.01536 -0.0265205 -0.0275257 0.0380087 0.00750326 -0.0180638 -0.0195111 -0.00928929 0.0108433 -0.0287476 -0.0118617 0.0228469 0.013346 0.0171311 0.00932683 -0.029689 0.00102321 0.00525611
internal_weight=787.77 487.551 300.218 433.973 53.5782 307.126 126.847 125.888 176.122 166.449 77.9699 43.7046 101.619 181.238 177.777 88.4788 124.097 94.3447 91.8034 87.3691 99.3484 171.997 79.2754 66.2636 87.6248 63.6916 39.4779 166.073 23.9332 24.2682
internal_count=31162 26558 4604 25946 612 21182 4764 7467 2097 1977 1091 336 7116 13715 13577 886 2507 6841 6683 3895 1632 13135 3676 884 1439 992 869 12789 447 351
is_linear=0
shrinkage=0.05


Tree=6
num_leaves=31
num_cat=0
split_feature=19 31 19 16 38 39 38 41 16 27 37 31 38 1 16 0 39 4 32 37 31 39 41 38 39 32 40 27 39 2
split_gain=79.3476 21.4457 10.2055 9.7095 6.36869 5.17667 4.49911 4.18688 4.23199 3.42827 3.41838 3.33038 3.03105 2.91966 2.75782 2.69963 2.54574 2.48331 2.14726 1.92929 1.678 1.52377 1.51566 2.15327 1.78314 1.40542 1.16818 1.16211 1.11379 1.08153
threshold=-0.32999998331069941 0.48333334922790533 -0.17000000178813932 -0.4433333277702331 0.011566162109375002 0.028243753127753738 -0.033671855926513665 0.06874531134963037 -0.33666665852069849 -0.32999998331069941 -0.073925971984863267 0.4499999880790711 -0.037744045257568352 0.083333313465118422 -0.2766666561365127 0.36333334445953375 0.02956893760710955 0.22500002384185794 0.26333332061767584 -0.1838574409484863 -0.29666668176650995 0.026747362688183788 0.06874531134963037 0.088602066040039076 0.01726569049060345 -0.12999999523162839 0.076666664332151427 -0.28333333134651179 0.034798877313733108 0.20999997854232791
decision_type=2 2 2 2 2 2 2 2 2 2 2 2 2 2 2 2 2 2 2 2 2 2 2 2 2 2 2 2 2 2
left_child=3 2 9 5 13 12 11 8 -8 21 -10 19 17 -3 22 -14 20 -1 -7 -4 -11 -2 23 24 -5 -25 -26 29 -18 -28
right_child=1 4 6 14 -6 18 7 -9 10 16 -12 -13 15 -15 -16 -17 28 -19 -20 -21 -22 -23 -24 25 26 -27 27 -29 -30 -31
leaf_value=0.021561366088950155 0.012201213656416717 0.030164404444234821 0.0075568089614457675 0.019280774267208676 -0.015877634421324942 0.014335352145502332 0 0.0013346332010102887 0.0016363224923176653 0 -0.033925119081445673 0.0017561798765093292 0.040575009694723552 0.0015455531962530193 -0.0016593308157610267 0.010763824151761464 0.013016815319711883 -0.004849443554183621 -0.010343566548347822 -0.019423451759925381 -0.019746981387286828 -0.0064308969524833519 -0.0049998293098541223 0.0021269005464915679 -0.0065714120236098506 0.033241507476907635 0.017499781647850557 0 -0.0052482114034679839 -0.00051423828913094518
leaf_weight=15.377683467231693 28.133759883698076 29.218885088339448 2.7047471739351741 30.455365474801511 8.6400300906971079 15.264176500029864 9.9532686446327698 8.9857427747920138 5.1243260488845399 10.863807740621267 139.4733250499703 23.89515622658655 79.386924143880606 15.407196358777581 35.290571842808276 16.872736521996558 8.9018528480082768 9.9472615635022503 8.5622122772037965 84.31608104519546 44.0226766965352 9.7234828663058561 6.1044652443379155 7.438446517102423 12.119519208092241 17.708033850416541 24.890041714534163 31.768067722674459 11.542829756159334 7.3903571404516688
leaf_count=170 657 200 156 604 293 186 498 668 396 478 11591 343 603 123 1155 161 351 209 138 6674 2760 179 98 139 235 285 319 725 541 121
internal_value=-2.17278e-05 -0.0137193 -0.0178316 0.0187618 0.0145613 0.028225 -0.0229843 -0.0285191 -0.0303955 -0.00459994 -0.0324839 -0.013565 0.0322874 0.0221317 0.0099967 0.0365322 -0.0106185 0.0114476 0.00433188 -0.0178828 -0.0158577 0.00662051 0.0130987 0.0142999 0.00979743 0.0270231 0.00457029 0.00741775 0.00290819 0.0132883
internal_weight=759.483 440.907 387.641 318.576 53.2661 145.411 274.453 163.537 154.551 113.188 144.598 110.916 121.585 44.6261 173.165 96.2597 75.3312 25.3249 23.8264 87.0208 54.8865 37.8572 137.874 131.77 106.623 25.1465 76.168 64.0485 20.4447 32.2804
internal_count=31056 25908 25292 5148 616 1467 20326 13153 12485 4966 11987 7173 1143 323 3681 764 4130 379 324 6830 3238 836 2526 2428 2004 424 1400 1165 892 440
is_linear=0
shrinkage=0.05


Tree=7
num_leaves=31
num_cat=0
split_feature=16 31 16 39 6 26 9 38 9 18 38 24 8 25 21 37 31 39 24 37 15 27 27 37 3 35 27 39 33 3
split_gain=69.431 16.6046 14.5834 6.73119 4.68351 4.10446 4.06761 4.00045 3.30845 2.99599 3.36257 2.97082 2.84416 2.45605 2.35186 2.32753 2.17849 2.15366 2.05663 1.90744 1.60157 1.39984 1.37943 1.34844 1.16565 1.12421 1.09706 1.09366 1.04519 0.874637
threshold=-0.2766666561365127 0.48333334922790533 -0.45666666328907007 0.028243753127753738 0.38333332538604742 -1.0000000180025095e-35 -0.069999992847442613 0.12956762313842776 0.043333351612091071 -0.22333332896232602 -0.042906284332275384 -0.32999998331069941 -0.063333332538604722 -0.24333333969116208 0.38999998569488531 -0.052515506744384759 0.4499999880790711 0.023138695396482948 0.043333351612091071 -0.10021543502807616 -0.45666666328907007 -0.31666666269302363 -0.12999999523162839 0.12723302841186526 0.35666668415069586 0.1566666662693024 -0.45666666328907007 0.040006248280406005 0.35666668415069586 0.32999998331069952
decision_type=2 2 2 2 2 2 2 2 2 2 2 2 2 2 2 2 2 2 2 2 2 2 2 2 2 2 2 2 2 2
left_child=2 3 4 9 7 12 18 22 25 21 16 -7 -4 -8 24 -10 -11 -16 -3 -12 -14 -2 -1 26 -13 27 -21 -5 -15 -6
right_child=1 6 5 8 29 11 13 -9 15 10 19 14 20 28 17 -17 -18 -19 -20 23 -22 -23 -24 -25 -26 -27 -28 -29 -30 -31
leaf_value=0.038205001103118114 0.0031858174226475377 0.029498600672340548 0.0079158248523664484 0.010644364416421727 0.010017536895353792 -0.01052607611265895 0.011017165815416199 0.0029996138520784412 0.0038195900245186244 -0.01806385841434938 0.0037680053139809732 0.016586737728327094 0.0075400776518037759 -0.024934472456576276 0.0098145777349371716 -0.023000429544584006 0.0018674658816362538 -0.016081750406778974 0.001035679575075071 0 -0.016057462004507164 -0.013670914071500381 0.009399575743233822 0 0 -0.0093152348086577783 -0.032501938576180854 -0.004668091175904031 0 -0.0076033598850008795
leaf_weight=86.83034825976938 11.028245820663868 18.038034885190431 25.353920825291425 31.108121320372447 8.5313391988165659 8.7479116567410511 8.6315520382486302 13.381485433317719 6.9361875713802901 52.553434591274709 1.4329034937545646 131.61365514365025 3.6320281354710451 6.1273714620619995 11.517580568324776 24.493243617005646 13.694334903266279 8.4872806500643474 11.817033775150774 1.8871810464188445 29.883711311267689 41.682625556131825 11.779296975582836 1.8819622653536487 9.0874805138446373 8.8567802992183697 127.66034989687614 10.270633906126021 7.7355513921938837 6.9829344637691966
leaf_count=700 338 145 766 1809 117 218 90 122 412 4241 87 2418 94 105 248 1778 222 192 116 113 1428 2584 167 147 272 588 10617 666 164 145
internal_value=-4.4567e-05 -0.0146606 0.0157152 -0.018765 0.0289778 0.00764982 0.0102984 0.0323909 -0.00537617 -0.0227838 -0.0257254 0.0115296 -0.00316609 -0.00444414 0.0132158 -0.0167501 -0.0137848 -0.0013864 0.0209884 -0.0306463 -0.012111 -0.00975315 0.0357395 -0.0313515 0.0154342 0.00232318 -0.0319599 0.00620615 -0.0157495 0.0010158
internal_weight=741.665 385.836 355.829 333.486 127.505 228.324 52.3495 111.991 81.665 251.821 199.11 169.454 58.8697 22.4945 160.706 31.4294 66.2478 20.0049 29.8551 132.862 33.5157 52.7109 98.6096 131.429 140.701 50.2355 129.548 41.3788 13.8629 15.5143
internal_count=31109 24222 6887 23602 1251 5636 620 989 5253 18349 15427 3348 2288 359 3130 2190 4463 440 261 10964 1522 2922 867 10877 2690 3063 10730 2475 269 262
is_linear=0
shrinkage=0.05


Tree=8
num_leaves=31
num_cat=0
split_feature=19 31 19 16 38 6 24 16 37 25 26 26 39 25 39 33 33 37 3 41 30 39 26 26 39 41 39 36 39 24
split_gain=62.6077 15.4012 9.97558 9.87241 7.15171 4.99023 2.95904 2.72563 2.65013 2.64218 2.59975 2.34172 2.66665 2.26524 2.23803 2.3931 2.03571 1.80938 1.63663 1.59289 1.36619 1.31386 1.21637 1.26082 1.20614 2.76229 1.19678 1.15651 0.96854 0.946706
threshold=-0.32999998331069941 0.4499999880790711 -0.17000000178813932 -0.46999999880790705 0.012786865234375002 0.043333351612091071 0.35666668415069586 -0.4433333277702331 -0.1838574409484863 -0.049999997019767754 -0.0099999904632568342 0.31000000238418585 0.030629945918917659 0.32999998331069952 0.031553804874420173 -0.45666666328907007 0.38333332538604742 -0.06939458847045897 0.29000002145767217 0.06874531134963037 0.25666666030883795 0.035115672275424011 0.32999998331069952 0.18333333730697635 0.028243753127753738 0.045919001102447517 0.034798877313733108 -0.090000003576278673 0.032452378422021873 0.16333335638046267
decision_type=2 2 2 2 2 2 2 2 2 2 2 2 2 2 2 2 2 2 2 2 2 2 2 2 2 2 2 2 2 2
left_child=3 2 11 6 5 14 16 -4 -9 10 27 12 20 17 15 -3 -1 -11 21 24 -2 29 23 -19 -10 -26 -14 -5 -27 -12
right_child=1 4 7 9 -6 -7 -8 8 19 13 18 -13 26 -15 -16 -17 -18 22 -20 -21 -22 -23 -24 -25 25 28 -28 -29 -30 -31
leaf_value=0.036815916133476588 -0.018744709349366211 0 0.0076912665765573526 0.001612548179739326 -0.020242452342238183 -0.0073695300462394923 0.0025056531493298276 0.0070682498919708075 -0.028283811151175588 -0.00041609615771832871 0.017195398297644302 0.005491508245957363 0.014323410617808566 -0.0066241904225524872 0 0.031269969338830229 0.0091898524735042463 0.017093558615647281 -0.0043583715584986846 -0.0015070008485627135 0 -0.0024425650720832602 0.028918978993817037 0 -0.0016262585935764213 0 -0.0047814705051930006 -0.013874782913956139 -0.030977356429378919 0.0012779776090876885
leaf_weight=67.135492138564587 39.939623243408278 9.0041973432525939 3.1004881602711967 18.778753303922713 14.290349731920285 16.870445016771555 11.955963640473781 3.0289393840357652 166.29751600790769 8.9122540447860938 51.869736413005739 34.117386757861823 9.1931208530440944 5.6086347708478561 10.225929866544901 30.36471812333912 15.536657078191636 32.079640245530754 13.569935481995342 10.035664867609738 9.8176572511438263 9.4763487195596081 31.211308572441339 17.006121141836047 27.229541955050081 4.1586846294812885 10.51259688194841 16.118486857041717 14.039642197312785 16.567251338623464
leaf_count=526 2887 90 83 552 760 311 145 164 14540 174 818 824 297 115 109 378 160 753 215 811 447 136 382 282 2236 388 529 652 1166 293
internal_value=-0.0001543 -0.0129438 -0.017672 0.0163913 0.00605559 0.0132627 0.0296683 -0.0234314 -0.0241578 0.00996792 0.00459967 -0.00418316 -0.00932507 0.0161756 0.0207686 0.0255319 0.0328792 0.0181987 0.0089845 -0.024869 -0.0151076 0.0117518 0.0204398 0.0120318 -0.0257895 -0.013938 0.00442169 -0.00591561 -0.0263556 0.0140916
internal_weight=728.053 412.227 331.471 315.827 80.7556 66.4653 94.6281 227.89 224.79 221.198 126.381 103.58 69.463 94.818 49.5948 39.3689 82.6721 89.2093 91.4833 221.761 49.7573 77.9133 80.2971 49.0858 211.725 45.4279 19.7057 34.8972 18.1983 68.437
internal_count=31223 26020 24372 5203 1648 888 831 19388 19305 4372 2666 4984 4160 1706 577 468 686 1591 1462 19141 3334 1247 1417 1035 18330 3790 826 1204 1554 1111
is_linear=0
shrinkage=0.05


Tree=9
num_leaves=31
num_cat=0
split_feature=19 31 16 19 5 19 25 14 16 38 31 40 39 27 37 26 38 38 3 24 26 39 16 4 27 4 39 29 36 24
split_gain=57.9947 18.0898 11.3744 5.47047 4.41902 4.00708 3.19573 2.71701 2.4715 2.6388 2.68474 2.99692 2.14676 2.1004 2.08552 2.04876 1.90588 1.69872 1.4507 1.22432 1.17553 1.1573 1.23107 1.0881 1.02021 1.00958 0.996524 0.977369 0.889799 0.883596
threshold=-0.30333334207534784 0.48333334922790533 -0.46999999880790705 0.3966666460037232 0.38333332538604742 -0.17000000178813932 -0.063333332538604722 0.47666668891906744 -0.4433333277702331 1.0000000180025095e-35 0.42333334684371954 0.083333332091569914 0.043142672628164298 -0.3899999856948852 -0.06939458847045897 -0.0099999904632568342 0.10286664962768556 -0.0054640769958496085 0.29666668176651007 -0.32999998331069941 0.32999998331069952 0.030629945918917659 -0.28333333134651179 -0.33666665852069849 -0.21000000834465024 0.056666672229766853 0.034798877313733108 0.20166665315628055 -0.083333343267440782 0.14333331584930423
decision_type=2 2 2 2 2 2 2 2 2 2 2 2 2 2 2 2 2 2 2 2 2 2 2 2 2 2 2 2 2 2
left_child=2 5 4 -3 16 13 15 23 -7 10 11 -10 -11 -2 -8 28 -1 -13 -12 -16 24 22 -15 -5 -21 27 -23 -17 -4 -27
right_child=1 3 6 7 -6 8 14 -9 9 12 18 17 -14 21 19 25 -18 -19 -20 20 -22 26 -24 -25 -26 29 -28 -29 -30 -31
leaf_value=0.035844209682518752 0.0069422721459121376 0.028958409617533966 0 0.00077461923249039612 0 0.0081377410575378031 -0.0035531784410724647 0.015250154833600454 0 -0.028442314754489464 0.0054416690027648471 -0.023427843731227988 0.0049317729350447613 -0.00076258259029767189 -0.0014873850434764637 0.0029259761215180702 0.0086938999631340011 0.0033936291619516609 -0.015733687484202421 2.1781854068781809e-05 0.025037439237529897 0.010269267761003452 -0.019472043513350665 -0.019438055300274849 0.014959218888853307 0.0059716656362959865 -0.0082860136102460291 0.019684128702078935 -0.01415382010434154 -0.0071076958274937001
leaf_weight=74.671484893187881 16.045122230891138 22.533786957617849 19.74525839695707 6.6163057335652455 13.406535076908765 3.1740559916943303 10.384780595079063 7.9516808269545427 18.701601828448474 112.69937672372907 22.355088315438483 82.279610876459628 2.0094615910202256 16.060721057932824 5.4453492988832286 26.030184677802026 14.866193369030951 3.104430404957383 5.2588153022807083 20.54481055913493 38.816555279307067 7.6004763441160348 30.514139709994197 10.818705830257386 35.392845482565463 24.874987517949194 9.3956371387466771 15.758692433126269 14.916477354243396 15.936544402968137
leaf_count=531 403 217 674 83 177 84 246 136 1426 9974 704 7479 174 610 143 584 107 294 202 393 492 243 2420 187 910 445 473 230 740 311
internal_value=0 -0.0132826 0.0151591 0.013852 0.0286481 -0.0174844 0.00837897 -0.00173273 -0.0206315 -0.0212857 -0.0147867 -0.0182882 -0.0274345 -0.0065722 0.0142955 0.00217228 0.0324271 -0.0220203 0 0.016477 0.0177846 -0.0106471 -0.0143192 -0.0124664 0.0104102 0.0064952 0 0.0114466 -0.00695292 7.38454e-05
internal_weight=707.91 377.119 330.791 47.9205 102.944 329.199 227.846 25.3867 249.582 246.408 131.7 104.086 114.709 79.6161 110.584 117.262 89.5377 85.384 27.6139 100.2 94.7542 63.571 46.5749 17.435 55.9377 82.6004 16.9961 41.7889 34.6617 40.8115
internal_count=31092 25109 5983 623 815 24486 5168 406 20337 20253 10105 9199 10148 4149 2184 2984 638 7773 906 1938 1795 3746 3030 270 1303 1570 716 814 1414 756
is_linear=0
shrinkage=0.05


Tree=10
num_leaves=31
num_cat=0
split_feature=19 31 16 38 19 32 33 26 37 16 37 3 40 16 41 30 39 8 26 39 17 41 40 38 21 21 10 38 14 38
split_gain=49.6861 13.8966 8.23592 7.93407 5.23281 3.42682 2.94179 2.70005 2.54224 2.32339 2.09987 2.06294 1.92644 1.69846 1.85518 1.57177 1.49604 1.37628 1.1496 1.59752 1.12691 1.01196 0.970993 0.967794 0.953471 0.937207 0.897994 0.868014 0.866166 0.815943
threshold=-0.30333334207534784 0.4499999880790711 -0.46999999880790705 -0.037744045257568352 -0.17000000178813932 0.35000002384185797 0.26999998092651373 -0.14333333075046537 -0.05798292160034179 -0.4433333277702331 -0.1838574409484863 0.2833333313465119 0.99000000953674328 -0.2766666561365127 0.062321202829480178 0.25000000000000006 0.023138695396482948 0.32333332300186163 0.29000002145767217 0.02956893760710955 -0.3899999856948852 0.06874531134963037 0.089999999850988402 0.011566162109375002 0.35666668415069586 -0.33666665852069849 0.056666672229766853 -0.014165878295898436 0.33666664361953741 -0.037744045257568352
decision_type=2 2 2 2 2 2 2 2 2 2 2 2 2 2 2 2 2 2 2 2 2 2 2 2 2 2 2 2 2 2
left_child=2 4 5 6 15 29 -3 26 -5 -6 -11 13 21 14 20 18 27 -7 19 -2 -9 22 23 -12 25 -22 -4 -13 -10 -1
right_child=1 3 7 8 9 17 -8 11 28 10 12 16 -14 -15 -16 -17 -18 -19 -20 -21 24 -23 -24 -25 -26 -27 -28 -29 -30 -31
leaf_value=0.01246869395241107 -0.019558992665876494 0.02456447699501246 0.0026102731927038075 0.011704262428692333 0.0074910584914491124 0.013664471746893815 -0.00076431550362604864 0.023690433493888469 0 0.0054234410502287025 -0.0014829673470736153 -0.0031645255292455906 0.0035479375944169793 0 -0.0029321941722094016 0.0039693287521884698 -0.012118556834527479 -0.0072873878799415114 0.00070264823392928214 0 -0.0012166151896664584 -0.0013714307633891365 -0.026422905489767112 -0.019070306307763022 -0.0026154470607096703 0.014621113917143842 -0.0096816688523621366 0.013784252784330759 -0.022475002067405079 0.0331128430542698
leaf_weight=20.966074909083545 27.127539573470131 34.211783215403557 33.646433848422021 3.2334432615898576 2.7879698718897989 9.3546261992305535 12.934858618304132 47.291150721721351 4.3408550070598748 3.1524867536500087 18.974026354029775 6.8393482938408896 3.5974358534440389 22.403575262986124 8.7377901300787908 23.828652429627255 11.260418753605334 9.1040592398494464 13.951051873154936 11.651843833271412 6.6460679583251467 8.0537357535213214 159.7768476579804 16.451115851057693 6.9068650985136619 55.558044583536685 16.622646817471832 11.116152811329812 19.859220579266548 64.071544211357832
leaf_count=192 2319 347 1182 71 74 83 196 660 215 155 1585 151 316 759 143 772 227 122 451 591 110 718 14986 1508 139 994 662 198 805 415
internal_value=0 -0.0126334 0.0139163 0.00599059 -0.0175426 0.0254003 0.0178433 0.00805456 -0.013178 -0.0215511 -0.0222498 0.0109022 -0.02293 0.0132298 0.0154048 -0.00534165 -0.000393811 0.00305592 -0.00995058 -0.013922 0.0170618 -0.0236064 -0.0243312 -0.011833 0.0106629 0.0126043 -0.001609 0.00710914 -0.0189952 0.0294549
internal_weight=694.458 363.933 330.525 74.5802 289.353 103.496 47.1466 227.028 27.4335 212.794 210.006 176.759 206.853 147.543 125.14 76.5591 29.2159 18.4587 52.7304 38.7794 116.402 203.256 195.202 35.4251 69.111 62.2041 50.2691 17.9555 24.2001 85.0376
internal_count=31146 25109 6037 1634 23475 812 543 5225 1091 19342 19268 3381 19113 2805 2046 4133 576 205 3361 2910 1903 18797 18079 3093 1243 1104 1844 349 1020 607
is_linear=0
shrinkage=0.05


Tree=11
num_leaves=31
num_cat=0
split_feature=19 16 41 27 41 4 16 39 39 41 9 39 40 30 25 40 16 39 26 16 25 41 9 9 37 37 29 40 26 3
split_gain=50.2747 7.30053 6.97061 5.21583 6.29982 3.1737 3.03271 2.72953 2.54968 4.3798 2.67036 2.63851 2.26026 2.4403 1.89635 1.8745 1.78735 1.76647 1.50063 1.48992 1.37892 1.34666 1.29264 1.09015 1.08189 1.07705 1.06175 1.00989 0.992211 0.950632
threshold=-0.32999998331069941 -0.41666667163372034 0.063821967691183104 -0.18999999761581418 0.06874531134963037 0.41666668653488165 0.46999999880790716 0.030262772925198082 0.028243753127753738 0.045919001102447517 -0.049999997019767754 0.032452378422021873 0.2100000008940697 -0.4433333277702331 -0.063333332538604722 0.2100000008940697 -0.24333333969116208 0.0336068943142891 -0.18999999761581418 -0.37666666507720942 -0.19666665792465207 0.062321202829480178 -0.036666661500930779 0.25666666030883795 0.11020278930664064 0.010804653167724611 0.31666666269302374 0.18333333730697635 0.31666666269302374 0.24333333969116214
decision_type=2 2 2 2 2 2 2 2 2 2 2 2 2 2 2 2 2 2 2 2 2 2 2 2 2 2 2 2 2 2
left_child=1 2 5 6 8 7 16 15 12 10 27 -11 -5 -14 -3 26 29 -9 -17 -15 -8 24 25 28 -21 -18 -1 -10 -16 -2
right_child=3 14 -4 4 -6 -7 20 17 9 11 -12 -13 13 19 23 18 22 -19 -20 21 -22 -23 -24 -25 -26 -27 -28 -29 -30 -31
leaf_value=6.8193956347095404e-05 0.0071774195078737934 -7.7196509849043136e-05 -0.011189300757401006 -0.011369047338175666 0.013242301487136491 -0.00093081058696100987 0.024673100732361432 -0.0069720589572169591 0 0.0041192405350948249 -0.0085507698008676965 -0.028107015938971205 -0.0017043725450013219 0 0.006231926194827154 0.0066097439096114517 0.0049123795364976672 0.015139909721929374 0.035740101268503847 -0.030537772457783614 0 0.0010027299089424939 -0.015791176381785284 -0.0037057467412885529 0 -0.011336523954728958 0.01949470900676718 0.021856162591981736 0.023990101274341005 -0.006992722517312611
leaf_weight=11.629495816305278 26.730779533274472 69.864824251271784 10.914094382897018 71.477151653496549 12.374566313344983 9.7596163568086904 7.0067840865813196 8.6616392577998358 4.6734264553524616 5.0858116773888495 13.178526619914917 17.757043196819723 12.959821596741675 4.2136177008505902 32.780590211041272 10.221496769227086 18.942551630549136 16.614542230032384 80.372985988855362 93.805338427424431 6.5879533565603179 1.6748313070274878 40.821010006591678 5.1030773716047397 2.4383492884226134 10.637099202256648 36.422034454531968 12.465385694522409 14.221927657723425 11.599842882715164
leaf_count=178 930 1990 123 5494 793 160 92 91 259 385 1028 1243 672 227 824 188 1292 209 785 7923 196 155 2870 113 201 861 367 859 185 487
internal_value=0.000350284 0.0152398 0.0214256 -0.0118229 -0.0158858 0.0239195 -0.00290361 0.0255268 -0.0177777 -0.00641278 0.00530581 -0.0207009 -0.0205855 -0.0252559 0.00511682 0.0283271 -0.00604531 0.00687937 0.0333269 -0.0277528 0.015105 -0.028936 -0.0105423 0.0118002 -0.0297298 -0.00115458 0.0157851 0.0164954 0.0141843 0.00195918
internal_weight=680.996 306.566 184.596 374.43 252.104 173.682 122.326 163.922 239.729 53.1602 30.3173 22.8429 186.569 115.092 121.97 138.646 108.731 25.2762 90.5945 102.132 13.5947 97.9185 70.4007 52.1056 96.2437 29.5797 48.0515 17.1388 47.0025 38.3306
internal_count=31180 5213 2101 25967 19239 1978 6728 1818 18446 3774 2146 1628 14672 9178 3112 1518 6440 300 973 8506 288 8279 5023 1122 8124 2153 545 1118 1009 1417
is_linear=0
shrinkage=0.05


Tree=12
num_leaves=31
num_cat=0
split_feature=19 31 16 9 37 19 33 40 40 25 25 9 40 16 26 33 38 34 26 41 40 25 29 41 37 7 9 31 23 26
split_gain=39.0801 9.79877 9.32588 4.57212 4.85432 3.71618 3.07515 3.59225 2.56881 2.4779 2.11736 2.94789 2.05637 2.19316 1.76375 1.67492 1.54594 1.22903 1.05759 1.17367 1.00694 1.25561 1.39601 0.984722 0.917325 0.796906 0.777007 0.746712 0.712442 0.700266
threshold=-0.30333334207534784 0.45666664838790899 -0.46999999880790705 -0.069999992847442613 1.0000000180025095e-35 -0.17000000178813932 0.37666666507720953 0.17000000178813937 0.089999999850988402 -0.41666667163372034 -0.063333332538604722 0.23666667938232425 0.99000000953674328 -0.4433333277702331 1.0000000180025095e-35 0.40333333611488348 0.011566162109375002 -0.083333343267440782 0.36333334445953375 0.071692150086164488 0.089999999850988402 -0.13666665554046628 0.20166665315628055 0.06874531134963037 -0.06400823593139647 0.14333331584930423 0.4499999880790711 0.043333351612091071 -0.096666663885116563 0.32999998331069952
decision_type=2 2 2 2 2 2 2 2 2 2 2 2 2 2 2 2 2 2 2 2 2 2 2 2 2 2 2 2 2 2
left_child=2 5 6 4 -3 18 7 -1 16 -5 14 24 13 -10 -4 28 -7 -8 19 25 -16 22 -22 -15 -12 -2 -11 29 -13 -26
right_child=1 3 10 9 -6 8 17 -9 12 26 11 15 -14 23 20 -17 -18 -19 -20 -21 21 -23 -24 -25 27 -27 -28 -29 -30 -31
leaf_value=0.0066830530046835344 -0.013844061159173813 0.026340523749462569 -0.0077524009153454162 0.010823652411605812 -0.010022970821211796 0.0022844787969434166 0.012762995109063965 0.034183700726663942 0.0071787998662369143 -0.021373083857257166 0 0.00023089372241650178 0.0042353878804950234 -0.024335080383351304 -0.0056318920000765381 0.011333066122976318 -0.015000173204087709 -0.007223238134520478 0.0036821892833383387 0.0086424886902822327 0.0011725713349346953 -0.0032401120761894665 0.018616547756661096 -0.0016335349255320744 0.010756633360455171 0 0 0 -0.01509207874760618 0.025595164596570338
leaf_weight=21.542283028364182 38.292174047091976 25.799870899878442 34.140797132160515 5.9974768380634513 8.0310876788571459 22.466154880356044 9.3316811118274945 61.331962049007416 2.2285714838653794 13.773497577058153 7.33122604060918 7.1974241668358507 3.9952702848240724 157.30723419832066 11.264304706826804 7.7904038270935407 16.674412921071053 8.5106581263244134 18.478842647746205 3.0829303548671296 25.377463444136083 14.342798536177723 23.955200558993965 8.2991721676662547 47.899088116362691 12.4907736540772 5.4473337291274211 5.4655417166650286 13.277316816616802 24.752465568482876
leaf_count=176 2859 331 1448 93 232 1741 116 429 63 515 184 118 320 15127 232 122 1533 90 480 120 602 289 394 708 1125 644 239 119 228 272
internal_value=-0.000219581 -0.0119297 0.0120887 0.005826 0.0168711 -0.0157609 0.0243785 0.0282503 -0.0191092 -0.00858519 0.00593014 0.010539 -0.0217682 -0.0226559 0.000609343 -0.00238143 -0.00554024 0.00276249 -0.00496188 -0.0084167 0.00501992 0.00758577 0.0111951 -0.02344 0.0149621 -0.0106964 -0.0167668 0.0164511 -0.00992975 0.0176969
internal_weight=665.875 342.365 323.511 59.0493 33.831 283.316 100.717 82.8742 210.971 25.2183 222.794 113.713 171.83 167.835 109.081 28.2651 39.1406 17.8423 72.3447 53.8659 74.9398 63.6755 49.3327 165.606 85.4483 50.7829 19.2208 78.1171 20.4747 72.6516
internal_count=30949 25005 5944 1410 563 23595 811 605 19492 847 5133 2168 16218 15898 2965 468 3274 206 4103 3623 1517 1285 996 15835 1700 3503 754 1516 346 1397
is_linear=0
shrinkage=0.05


Tree=13
num_leaves=31
num_cat=0
split_feature=16 19 31 38 38 38 19 3 17 40 7 15 40 40 37 38 38 27 9 31 27 39 5 5 38 28 27 26 38 41
split_gain=35.0322 7.69779 11.4554 6.10152 4.89263 4.58241 3.06297 2.25423 2.21669 2.1135 2.07468 1.88185 1.84689 2.0561 1.83116 1.69601 1.6289 1.54104 1.44351 1.73579 1.38638 1.44252 1.30946 1.24738 1.08278 1.06313 1.06009 0.968914 0.906344 0.639472
threshold=-0.41666667163372034 -0.30333334207534784 0.4499999880790711 -0.037744045257568352 0.0048093795776367196 0.22018671035766604 -0.17000000178813932 0.25000000000000006 -0.33666665852069849 0.11666666716337205 -0.056666672229766839 -0.41666667163372034 0.089999999850988402 0.99000000953674328 -0.058910369873046868 -0.042906284332275384 0.011566162109375002 -0.40333333611488337 0.21666666865348819 -0.016666665673255917 -0.37666666507720942 0.028243753127753738 -0.15000000596046445 0.35666668415069586 -0.1008472442626953 0.26333332061767584 0.44333332777023321 -0.2766666561365127 0.33358764648437506 0.039547588676214225
decision_type=2 2 2 2 2 2 2 2 2 2 2 2 2 2 2 2 2 2 2 2 2 2 2 2 2 2 2 2 2 2
left_child=4 10 6 9 7 11 20 8 25 -4 29 23 16 28 -5 24 -8 -17 19 27 -3 -22 -11 -6 -9 -1 -16 -12 -14 -2
right_child=1 2 3 14 5 -7 12 15 -10 22 18 -13 13 -15 26 17 -18 -19 -20 -21 21 -23 -24 -25 -26 -27 -28 -29 -30 -31
leaf_value=0.0022291604993551041 -0.0078290362210468225 0.0052068258764182878 -0.0004093863079367543 0.010336591216000293 0.034307147473416184 -0.003967813515634429 0.0015050264628276482 0.00089166618428437546 -0.0019063957340983316 0.02843268263663172 0 0.008250438262484925 -0.023197881507351355 0.0045581773454318143 -0.020639109225077924 0.017303783388929832 -0.016714455263292613 -0.0052763583067189854 -0.0043360074481870389 -0.0041915048249651738 -0.014746307112466836 0.0014552904517277164 0.0023602857411554514 0.0067508827907631647 -0.019358087372584501 0.023177467862882356 0.0022450869284226724 0.01801969347366093 0.001014597696823713 0.00099988053959120015
leaf_weight=12.330784033983944 36.535288059152663 15.268517054617403 10.42531253909692 2.3819050765596357 65.239983573090285 9.6265689940191788 21.55996383796446 6.8146022139117148 13.810025251470504 21.810412127524614 9.2874568281695229 19.030055151786655 154.69357750704512 3.7057721037417641 18.329400961985815 9.6471542660146969 15.453409318113698 8.1738941897638124 13.218352325726299 9.8768675522878748 33.882781343301758 15.461300991941242 9.9213028806261736 10.466556212864814 9.5492305359803122 29.83482108078897 2.6725813071243456 38.833476813975722 1.4399781082756806 28.935317845083773
leaf_count=160 1154 408 126 54 608 130 1712 143 244 238 390 351 15351 310 940 84 1471 137 383 262 2770 792 186 136 183 300 83 862 149 814
internal_value=-5.48568e-05 -0.00756067 -0.0116774 0.00629784 0.0174032 0.0246886 -0.0163169 0.00769597 0.0134514 0.0170604 0.00218988 0.0279115 -0.0194381 -0.0218643 -0.0117761 -0.00170732 -0.00679099 0.0071772 0.00790697 0.0112328 -0.00561019 -0.00961063 0.022615 0.0315789 -0.0118306 0.0186113 -0.0169494 0.0149743 -0.0227911 -0.00382086
internal_weight=658.217 463.693 327.006 65.5409 194.524 104.363 261.465 90.1605 55.9756 42.157 136.687 94.7366 196.853 159.839 23.3839 34.1849 37.0134 17.821 71.2162 57.9978 64.6126 49.3441 31.7317 75.7065 16.3638 42.1656 21.002 48.1209 156.134 65.4706
internal_count=30931 28455 24590 1627 2476 1225 22963 1251 704 550 3865 1095 18993 15810 1077 547 3183 221 1897 1514 3970 3562 424 744 326 460 1023 1252 15500 1968
is_linear=0
shrinkage=0.05


Tree=14
num_leaves=31
num_cat=0
split_feature=16 16 38 10 14 41 3 39 38 19 19 25 39 39 38 27 3 5 3 15 38 10 32 39 27 39 27 40 41 3
split_gain=29.12 6.86457 6.36698 5.70725 5.07064 4.0283 3.96088 3.53957 3.41234 2.7525 2.72445 1.9004 1.84719 1.81902 1.56918 1.56408 2.38701 1.44259 1.39624 1.22998 1.08212 1.00612 1.9864 0.993375 0.838046 0.830602 0.746098 0.642958 0.624466 0.622375
threshold=-0.28333333134651179 -0.4433333277702331 0.012786865234375002 -0.28333333134651179 0.29000002145767217 0.06874531134963037 0.42333334684371954 0.030262772925198082 -0.048531532287597649 -0.21666666865348813 -0.24999999999999997 -0.36333334445953364 0.034798877313733108 0.043142672628164298 -0.076637268066406236 -0.29000000655651087 0.22833335399627688 0.12333333492279054 0.030000001192092899 0.25000000000000006 -0.0054640769958496085 -0.063333332538604722 -0.023333340883255001 0.030629945918917659 -0.45666666328907007 0.01669745892286301 -0.32333332300186152 0.010000000242143871 0.051157914102077491 0.12333333492279054
decision_type=2 2 2 2 2 2 2 2 2 2 2 2 2 2 2 2 2 2 2 2 2 2 2 2 2 2 2 2 2 2
left_child=1 6 3 4 28 9 7 8 14 23 15 18 -9 24 -1 16 -3 -6 19 -5 -13 22 -17 26 -11 -23 -4 -26 -2 -27
right_child=2 10 5 11 17 -7 -8 12 -10 13 -12 20 -14 -15 -16 21 -18 -19 -20 -21 -22 25 -24 -25 27 29 -28 -29 -30 -31
leaf_value=0.014501844046966091 -0.0077393638101059163 0.015964290157728298 0.0014678384407700326 -0.0011577985996525967 0.026383931278214076 0.0075940560782089585 -0.0066081926031234129 -0.01081200098694745 0.028690321993727043 0 -0.0097192652790458016 -0.014023740577811115 0.01186651706624753 0.0045475122176015185 -0.0062648363728950093 -0.0045343454449892238 -0.0034538295506611073 -0.00011989452214304153 -0.008546499120505582 0.021058417754177296 0 0.0063895567006668668 0.017118509259781634 0.0047654075666194937 0 -0.011860382962914445 -0.014406084647404189 -0.027120759205814499 0.0049527540735043981 0
leaf_weight=12.414047262631358 27.015786824049428 55.091756658162922 5.2075071521103409 7.559827003162356 22.541973993415017 9.6066622533835453 10.331233880016951 9.5394783494994062 88.91597648570314 1.2516393312253047 25.588807080173865 98.438531339401379 14.488237288780509 1.9628361808136094 11.065447159111498 14.076325674075635 16.233006835915148 3.9459504489786914 10.214050160953773 6.3221431088168174 12.281677013495935 8.1319548706524056 15.881597387138752 8.7955233044922334 1.867486982140689 20.612053811084479 20.05405299179256 90.459277456626296 6.4580289495643219 14.203003365080802
leaf_count=154 2324 902 154 592 509 599 195 115 863 102 1707 7280 180 169 126 391 328 174 656 244 1028 243 388 329 168 617 1151 8547 415 431
internal_value=0 0.010748 -0.0102238 -0.00400705 0.00808101 -0.0182251 0.0184969 0.0207719 0.0243531 -0.0205747 0.00350655 -0.00967619 0.00166883 -0.0248817 0.00458371 0.00631391 0.0112965 0.0223731 0.00183453 0.0110042 -0.012361 0.000634163 0.00719027 -0.00595099 -0.0259868 -0.00374913 -0.0106804 -0.0265559 -0.00427675 -0.00732097
internal_weight=650.556 316.573 333.983 194.778 59.9617 139.205 146.754 136.423 112.395 129.598 169.819 134.816 24.0277 95.5412 23.4795 144.23 71.3248 26.4879 24.096 13.882 110.72 72.9049 29.9579 34.0571 93.5784 42.947 25.2616 92.3268 33.4738 34.8151
internal_count=31081 6640 24441 13222 3422 11219 1633 1438 1143 10620 5007 9800 295 8986 280 3300 1230 683 1492 836 8308 2070 779 1634 8817 1291 1305 8715 2739 1048
is_linear=0
shrinkage=0.05


Tree=15
num_leaves=31
num_cat=0
split_feature=19 31 19 41 24 7 41 25 26 37 39 39 39 40 9 6 33 40 30 19 31 31 26 31 14 26 14 29 31 40
split_gain=25.8301 11.1397 5.14001 4.44064 3.46834 3.06164 2.73115 2.32932 2.30343 2.53854 2.32924 2.21417 2.55977 1.77379 1.69909 1.84056 1.58033 1.54842 1.52053 1.10944 1.01986 0.910814 0.836891 0.819267 0.813663 0.792579 0.70351 0.656109 0.565061 0.564367
threshold=-0.30333334207534784 0.48333334922790533 -0.4433333277702331 0.062321202829480178 0.35666668415069586 0.24333333969116214 0.071692150086164488 -0.063333332538604722 0.46333330869674688 0.025244712829589847 0.016595917753875259 0.028243753127753738 0.032452378422021873 0.2100000008940697 0.26333332061767584 -0.10333332419395445 0.3966666460037232 0.98333334922790538 -0.30333334207534784 0.3966666460037232 -0.016666665673255917 0.35666668415069586 -0.15000000596046445 -0.32333332300186152 -0.37666666507720942 0.069999992847442641 -0.32333332300186152 0.096666663885116591 -0.37666666507720942 0.11666666716337205
decision_type=2 2 2 2 2 2 2 2 2 2 2 2 2 2 2 2 2 2 2 2 2 2 2 2 2 2 2 2 2 2
left_child=2 6 3 4 11 19 8 25 9 10 26 13 -13 29 15 27 -16 18 21 -3 22 -12 -17 -15 -11 -4 -2 -9 -27 -1
right_child=1 5 7 -5 -6 -7 -8 14 -10 24 17 12 -14 23 16 20 -18 -19 -20 -21 -22 -23 -24 -25 -26 28 -28 -29 -30 -31
leaf_value=0.015830304321683652 0 0.027928369058468225 -0.0072956757253601311 -0.0095021129638298927 -0.0029716131851098386 -0.0082455588416344306 0.0068686984864767906 0.0062878834158803729 0.0054936036058233322 0 -0.0054072277858516586 -0.010262759886322824 0.016634744623739539 0.033859622401504808 -0.014209288662989358 0.0021758630569167561 0.0098172126578930513 0.010919395625328768 -0.011091639382322382 0.0041432149866720575 0 0.0083084878302379424 0.022430067590864532 0.0086322890048959287 -0.023450163752917148 -0.0073711064450426292 -0.023041181352198282 -0.0080161816601979612 0.0047068575643258127 0.00044486563367343796
leaf_weight=23.998887923080474 2.7008335627615443 17.613879045471553 33.078577664215118 9.60590807860717 12.001073635183273 6.90881080366671 12.073738989885895 11.237911271862687 10.307930656941606 3.1338678100146344 22.84385101730004 9.3615278303623217 14.10534674907103 52.964131171349436 9.2307447828352434 10.618418878875671 5.8558028787374488 5.018971257377415 113.97338042128831 12.779411181341855 5.8047442049719384 14.768876553745939 36.939066367223859 11.761640957091002 74.958897305652499 5.4820894030854097 35.260139232734218 8.9197167819365841 38.810956770088524 12.235552735626696
leaf_count=270 146 176 1462 120 181 259 810 302 491 127 2181 111 175 507 214 318 102 393 9685 182 127 746 594 158 6781 113 3211 198 913 141
internal_value=0.000327634 -0.00925231 0.0105925 0.0173175 0.0197021 0.0145689 -0.0125774 0.00413242 -0.0136191 -0.0145341 -0.0106442 0.0221168 0.0051514 0.0253162 0.00945503 0.0125067 -0.00355806 -0.0071879 -0.00833899 0.0209463 0.0169425 0 0.019125 0.0307501 -0.0224773 -0.00190498 -0.0214073 0 0.00201386 0.0120282
internal_weight=644.355 332.343 312.012 146.034 136.428 37.3021 295.04 165.978 282.967 272.659 194.566 124.427 23.4669 100.96 88.6064 73.5199 15.0865 156.605 151.586 30.3933 53.3622 37.6127 47.5575 64.7258 78.0928 77.3716 37.961 20.1576 44.293 36.2344
internal_count=31194 25188 6006 1663 1543 617 24571 4343 23761 23270 16362 1362 286 1076 1855 1539 316 13005 12612 358 1039 2927 912 665 6908 2488 3357 500 1026 411
is_linear=0
shrinkage=0.05


Tree=16
num_leaves=31
num_cat=0
split_feature=16 16 41 38 30 19 3 14 26 9 39 33 6 10 19 40 39 10 38 6 25 39 18 37 40 40 15 2 2 27
split_gain=24.4924 7.91711 4.32414 3.92784 3.6235 2.62886 2.17035 2.39097 1.73604 2.17491 1.73023 1.71626 1.56474 1.48159 1.2023 1.15063 1.07964 1.07313 0.947928 0.946693 0.944805 0.909009 0.906576 0.866104 0.640329 0.635245 0.628078 0.657725 0.622388 0.612155
threshold=-0.28333333134651179 -0.46999999880790705 0.06874531134963037 0.012786865234375002 -0.30333334207534784 -0.24999999999999997 -0.10999999940395354 0.29000002145767217 0.32999998331069952 0.23666667938232425 0.043142672628164298 0.37000000476837164 0.37666666507720953 0.083333313465118422 0.4499999880790711 0.063333334401249899 0.030262772925198082 -0.030000001192092892 0.0048093795776367196 0.01666665077209473 -0.26999998092651362 0.016595917753875259 -0.18333333730697629 0.036592006683349616 0.043333332985639579 0.4200000017881394 0.23000001907348636 -0.29666668176650995 0.42333334684371954 -0.45666666328907007
decision_type=2 2 2 2 2 2 2 2 2 2 2 2 2 2 2 2 2 2 2 2 2 2 2 2 2 2 2 2 2 2
left_child=1 12 3 4 6 23 7 -2 17 22 -7 20 16 -4 -9 -6 18 19 25 -3 -11 -19 -10 -5 -23 -1 -8 -28 -29 -13
right_child=2 8 13 5 15 10 26 14 9 11 -12 29 -14 -15 -16 -17 -18 21 -20 -21 -22 24 -24 -25 -26 -27 27 28 -30 -31
leaf_value=0.0011306043746263986 -0.0036660178809360868 -0.0001475015954891051 0.019540444294616589 -0.0094172271541372796 0 -0.022871146397233106 0.0017025621277273945 0.024605760945786447 0.01731705727233113 0.0039495549694886899 0.005426478146941598 0.016965354463433401 0.0015056530462420647 -0.0041303107440699748 0 -0.01258240338814935 0.0049507849615115082 0.006014572516087887 0.031824428667641791 0.011896837693883451 -0.014066995944249561 0.0043573100553987157 0 0.0048013566644074281 -0.0076327329448519473 0.018188492043057166 0.0019143593348123933 -0.019910325004389759 0 0
leaf_weight=12.879816673696043 12.670777491992338 27.647911850363016 11.142493282910438 17.287167676026005 20.016682168934494 94.12739104218781 8.3677588475402462 16.999067639000717 46.149179242784157 4.9991493057459602 2.0570336892269543 7.0025257780216634 12.502453287132083 5.5198802002705625 5.0154959138017139 104.44672508235089 13.436105038970707 13.692756355041636 42.571711529046297 23.34099931246601 15.584679441992193 6.5273643115069708 6.7660196200013152 12.242761340690775 59.589517446933314 16.048583518713713 2.6212335405871281 8.8995157182216591 2.7413785592652866 5.2781830155290645
leaf_count=110 1105 808 601 780 1288 9143 718 487 698 92 173 114 189 405 134 8467 108 460 319 670 367 193 187 506 1993 122 87 523 91 198
internal_value=-9.37717e-05 0.00972518 -0.00968522 -0.0111167 -0.00589525 -0.0178645 0.00392571 0.011297 0.00402104 0.00929936 -0.0217382 -0.000234111 0.0211935 0.0115783 0.0197423 -0.010582 0.023526 0.000120643 0.0260405 0.00559937 -0.0088471 -0.00323505 0.0150656 -0.0030034 -0.00583832 0.0128084 -0.00649902 -0.0116241 -0.015704 0.0110002
internal_weight=638.172 314.017 324.155 307.493 181.779 125.714 57.3152 34.6853 216.578 85.7797 96.1844 32.8645 97.4387 16.6624 22.0146 124.463 84.9362 130.799 71.5001 50.9889 20.5838 79.8096 52.9152 29.5299 66.1169 28.9284 22.6299 14.2621 11.6409 12.2807
internal_count=31136 6628 24508 23502 12900 10602 3145 1726 5780 1656 9316 771 848 1006 621 9755 659 4124 551 1478 459 2646 885 1286 2186 232 1419 701 614 312
is_linear=0
shrinkage=0.05


Tree=17
num_leaves=31
num_cat=0
split_feature=16 16 38 9 19 5 5 7 16 27 40 38 38 38 40 37 38 41 33 27 16 26 39 38 10 39 29 26 7 19
split_gain=23.443 6.85244 4.27404 4.93145 3.56868 3.05449 2.7063 2.25443 1.7435 1.64708 1.58931 1.56379 1.53587 2.59515 1.30085 1.2948 1.21749 1.54144 1.25155 1.13561 1.37776 1.0885 1.06912 0.885686 0.87618 0.842112 0.804369 0.689159 0.746964 0.953098
threshold=-0.2766666561365127 -0.46999999880790705 0.012786865234375002 -0.26333332061767573 -0.19666665792465207 0.38333332538604742 -0.11666667461395262 0.30333334207534796 0.22333335876464847 -0.0099999904632568342 0.043333332985639579 0.15974140167236331 0.0048093795776367196 0.10286664962768556 0.99000000953674328 -0.06939458847045897 -0.048531532287597649 0.062321202829480178 0.23666667938232425 -0.12333333492279051 0.37000000476837164 0.33666664361953741 0.022589469328522686 -0.0085129737854003889 -0.030000001192092892 0.021494119428098205 -0.48333333432674402 0.29666668176651007 -0.15666666626930234 -0.31666666269302363
decision_type=2 2 2 2 2 2 2 2 2 2 2 2 2 2 2 2 2 2 2 2 2 2 2 2 2 2 2 2 2 2
left_child=1 5 3 6 11 12 8 19 -2 15 -10 -4 25 -14 -6 22 18 21 -17 20 -5 27 -3 -21 -11 -1 -12 28 -18 -30
right_child=2 9 4 7 14 -7 -8 -9 10 24 26 -13 13 -15 -16 16 17 -19 -20 23 -22 -23 -24 -25 -26 -27 -28 -29 29 -31
leaf_value=0.00055322730299696128 -0.0013654503596732235 0.0085978320266940321 -0.0080932804845086637 -0.0035962333229031898 -0.021957427643752359 -0.00047443154371524826 -0.0063951306016005365 -0.021057009952624609 -0.0042872387108521693 0.0035062825286328392 0 0.0104766321795444 0.037640161870137523 0.0068666635873842257 0.001665767916949949 0.0065610937787144276 -0.00034581580641310418 -0.0040600487727947806 -0.010051728229996327 -0.011511098027118425 0.014684165834022961 0.018301957752808112 -0.010744337745690563 0.0030429247321543569 -0.0082467554504488377 0.01747050232259106 0.024396358303782902 -0.0043986334703878397 0.015311400773101386 -0.0011222789213955944
leaf_weight=15.624930944293736 11.049333993345497 4.7271907236427095 28.817122536012903 29.285493636503816 89.467746081063524 11.956398390233515 19.619175178697333 27.496954878559336 3.0092617212794712 22.538878872524947 3.4628452542237929 10.324861824978141 33.67198533564806 14.718271149322389 3.272879560943692 25.200406357878819 12.57387990830466 9.9248425876721722 11.675243353005497 47.726171437185258 8.1995482535567117 50.80577635881491 13.095947813242672 7.1824373782146713 26.518841033801436 18.7732934653759 26.335431298706684 6.3150207665748885 28.300508656539016 7.2091803667135599
leaf_count=129 1018 118 1559 2139 8952 186 1436 2199 117 803 110 359 249 115 244 498 331 234 298 4104 273 1015 312 663 1368 159 1037 145 542 356
internal_value=0.000525554 0.0101446 -0.00897705 -0.00365606 -0.0157129 0.0210608 0.00697693 -0.0095485 0.01351 0.00487253 0.0186007 -0.00189968 0.0242744 0.0305298 -0.02082 0.00718812 0.00871375 0.0111433 4.76273e-05 -0.00479422 0.00130191 0.012944 -0.00369148 -0.00908466 -0.00259926 0.0116284 0.0219416 0.00620498 0.00839333 0.0116928
internal_weight=628.88 313.631 315.249 183.367 131.883 94.7449 63.476 119.891 43.8569 218.886 32.8075 39.142 82.7885 48.3903 92.7406 169.828 152.005 115.129 36.8756 92.3937 37.485 105.204 17.8231 54.9086 49.0577 34.3982 29.7983 54.3986 48.0836 35.5097
internal_count=31068 6858 24210 13096 11114 838 3718 9378 2282 6020 1264 1918 652 364 9196 3849 3419 2623 796 7179 2412 2389 430 4767 2171 288 1147 1374 1229 898
is_linear=0
shrinkage=0.05


Tree=18
num_leaves=31
num_cat=0
split_feature=19 31 29 8 19 19 4 29 41 32 40 38 41 27 13 16 40 41 28 8 27 38 6 38 31 32 1 39 39 38
split_gain=20.615 8.18085 5.73752 3.93918 2.98518 2.95427 1.86887 2.66698 1.69592 1.30991 1.1307 1.27543 1.25091 1.11301 1.04091 1.0321 1.13023 1.02214 0.994054 0.973237 0.972144 1.34151 0.956953 0.736509 0.926602 0.732103 0.675231 0.67366 0.609297 0.607788
threshold=-0.32999998331069941 0.48333334922790533 0.31666666269302374 0.18333333730697635 0.3966666460037232 -0.17000000178813932 0.40333333611488348 0.41666668653488165 0.039961723610758788 0.043333351612091071 0.089999999850988402 0.058087348937988288 0.06874531134963037 -0.13666665554046628 -0.40333333611488337 -0.37666666507720942 0.99000000953674328 0.030446135438978675 -0.40333333611488337 -0.15000000596046445 -0.32999998331069941 0.22018671035766604 0.37666666507720953 -0.037744045257568352 0.42333334684371954 -0.18999999761581418 0.26333332061767584 0.040507268160581596 0.026601472869515422 -0.048531532287597649
decision_type=2 2 2 2 2 2 2 2 2 2 2 2 2 2 2 2 2 2 2 2 2 2 2 2 2 2 2 2 2 2
left_child=2 5 13 9 -3 20 7 8 29 -4 11 -7 15 14 19 -12 23 -16 -6 -1 28 -22 -9 24 -17 -21 -19 -25 -2 -5
right_child=1 4 3 6 18 10 -8 22 -10 -11 12 -13 -14 -15 17 16 -18 26 -20 25 21 -23 -24 27 -26 -27 -28 -29 -30 -31
leaf_value=0.0079818432328682444 0.0081004988144122436 0.024523607610357528 0.0067861372327566189 -0.00093065305583211956 0.0070192751063148807 0.00037554255022083095 -0.0070964117807803904 0.02130117623556016 -0.012332980045549882 0.032239365507386257 0.00013851036684818979 -0.016319821470905473 0 -0.0027420124361759793 -0.00055009572554103796 -0.013828283180313653 0.0027230529012888167 0.016169494472928057 -0.011379359699450052 0.0041286191110431894 -0.0092224079112849314 0.0080750758618726402 0.00063201500026741639 -0.021896391478514923 0 -0.010539186964199325 0 0 -0.0048145284019515183 0.013158441876468528
leaf_weight=15.273065687157212 22.545786727219824 18.095219342503697 13.041529096662996 6.7614844795316484 8.7378886956721562 32.161642287159339 9.5284782052040082 40.557628742884845 10.997360622975973 39.373305715620518 5.9017009921371928 9.5891165558714402 9.9296924569644016 51.636904507642612 11.940027016215025 47.20274708699435 3.2255499679595223 32.950377586763352 7.8814203939400604 6.138531954027715 49.51396140945144 7.595442700199782 9.6891924836672825 94.41058165137656 14.611530599882824 18.318285678513348 5.1545499293133608 1.6368589969351877 6.1205891417339435 12.267222035210581
leaf_count=267 642 226 164 121 140 2484 193 382 181 429 356 915 835 1708 239 4904 238 639 257 115 3895 250 150 9986 493 331 104 171 169 176
internal_value=0.00026226 -0.00795362 0.0101343 0.0170517 0.0131744 -0.0106513 0.00924115 0.0118289 0 0.0276818 -0.0136972 -0.00450423 -0.0155111 0.00259704 0.00590839 -0.016507 -0.0172496 0.0102999 -0.00130474 0 -0.00222616 -0.00597673 0.0182526 -0.017895 -0.0107639 -0.00594874 0.0138788 -0.0213368 0.00426581 0.00813033
internal_weight=622.788 339.16 283.628 142.216 34.7145 304.445 89.8014 80.2729 30.0261 52.4148 218.669 41.7508 176.919 141.412 89.7748 166.989 161.087 50.045 16.6193 39.7299 85.7758 57.1094 50.2468 157.862 61.8143 24.4568 38.1049 96.0474 28.6664 19.0287
internal_count=31160 25961 5199 1796 623 25338 1203 1010 478 593 20382 3399 16983 3403 1695 16148 15792 982 397 713 4956 4145 532 15554 5397 446 743 10157 811 297
is_linear=0
shrinkage=0.05


Tree=19
num_leaves=31
num_cat=0
split_feature=16 31 17 10 41 3 26 39 41 31 10 10 27 8 38 38 33 18 38 41 39 37 39 24 37 37 37 33 39 39
split_gain=18.7267 6.45302 4.61693 3.09104 2.91379 2.60365 2.57124 2.36763 2.19026 2.06772 1.74178 1.63804 1.53469 1.47682 1.39178 2.49749 1.2963 1.25279 1.12436 1.1109 1.04005 1.00612 0.973818 0.944579 0.909809 0.903251 0.902173 0.867542 0.78269 0.801408
threshold=-0.28333333134651179 0.48333334922790533 -0.37666666507720942 -0.30333334207534784 0.063821967691183104 0.42333334684371954 0.32999998331069952 0.028243753127753738 0.062321202829480178 -0.4433333277702331 0.083333313465118422 -0.030000001192092892 -0.3899999856948852 0.25666666030883795 -0.042906284332275384 -0.11537122726440428 0.37666666507720953 -0.40333333611488337 -0.037744045257568352 0.045919001102447517 0.016595917753875259 -0.06400823593139647 0.034798877313733108 -0.056666672229766839 -0.10021543502807616 -0.1838574409484863 -0.035023689270019524 -0.16333332657814023 0.025245379656553272 0.01669745892286301
decision_type=2 2 2 2 2 2 2 2 2 2 2 2 2 2 2 2 2 2 2 2 2 2 2 2 2 2 2 2 2 2
left_child=2 7 4 -3 5 9 11 8 12 16 19 -4 -2 27 15 25 -1 -16 -5 -9 -13 -8 -21 -23 -19 -14 -12 -11 29 -17
right_child=1 3 6 18 -6 -7 21 10 -10 13 26 20 14 -15 17 28 -18 24 -20 22 -22 23 -24 -25 -26 -27 -28 -29 -30 -31
leaf_value=0.02975282079590081 0 0.023076059218652051 0.0037919377996296962 0.006341064630849518 -0.0076979453157768364 -0.0068888928224129578 -0.0037213392486909755 0.0099266543424480977 0.004487372458217888 0 0.00091443254826835808 0.003310475875314195 0.00077387618308152352 0.00033922662568254232 0.00059758917426574977 -0.0073369494952797007 0.0051179354074456854 0.0021958771614647354 -0.013096806003709459 0.0051997390399367988 -0.012410990675507889 0 -0.011374337209921807 0.015434466641824887 -0.020976289175853174 -0.02383465435175738 -0.016536959053066794 0.017529963659731987 -0.01086233998554083 0.00713904275011707
leaf_weight=42.54915905604139 16.826639775419608 16.420409597456455 35.883491641841829 8.2013108055107313 8.9856918333098275 7.0377785810269406 6.7798783970065406 23.221634400309995 11.077781810890881 10.828862961381672 6.1754213306121555 7.9163524215109637 1.7573746899142886 27.203632686287165 4.7279795836657277 6.4359420966356984 12.156134675256906 1.2684821658767749 8.4952948070131225 9.6095813054125774 39.58560484345071 12.975740046007557 12.598361087264491 38.366566695272923 115.88962412276305 16.091798779089004 17.755620163166896 53.456011046189815 7.2871815278194836 27.807847415562719
leaf_count=400 1064 183 1128 108 132 140 153 1679 876 233 442 339 91 390 230 544 155 91 318 631 1602 293 873 757 11276 1279 1607 915 621 2521
internal_value=4.27071e-05 -0.00844764 0.00883015 0.0106753 0.0144593 0.0161568 0.00188198 -0.0109864 -0.0136122 0.0176583 -0.00228259 -0.00347789 -0.014849 0.0112843 -0.0161491 -0.00787339 0.0257374 -0.0194268 -0.00329523 0.00310512 -0.00924626 0.00956735 -0.00373577 0.0119639 -0.0204277 -0.0207784 -0.0119178 0.0151359 0 0.0031089
internal_weight=615.373 311.648 303.725 33.117 162.217 153.232 141.508 278.531 209.171 146.194 69.3606 83.3854 198.093 91.4885 181.266 59.3801 54.7053 121.886 16.6966 45.4296 47.502 58.1222 22.2079 51.3423 117.158 17.8492 23.931 64.2849 41.531 34.2438
internal_count=31071 24434 6637 609 2365 2233 4272 23825 18593 2093 5232 3069 17717 1538 16653 5056 555 11597 426 3183 1941 1203 1504 1050 11367 1370 2049 1148 3686 3065
is_linear=0
shrinkage=0.05


Tree=20
num_leaves=31
num_cat=0
split_feature=19 31 32 38 19 16 5 16 9 31 19 39 23 33 26 7 41 41 26 26 41 32 41 37 41 32 19 40 9 38
split_gain=15.0546 6.19655 3.2282 2.06905 1.99839 1.95181 3.32602 1.88453 1.73849 1.74656 1.56339 1.61175 1.45875 1.38187 1.23699 1.25472 1.13084 1.0983 1.06885 0.994016 1.04762 0.890057 0.879226 0.895473 0.792733 0.663719 0.990801 0.645364 0.621424 0.635799
threshold=-0.30333334207534784 0.48333334922790533 -0.090000003576278673 0.0085520744323730486 0.38999998569488531 -0.46999999880790705 0.37000000476837164 -0.4433333277702331 0.21666666865348819 -0.016666665673255917 -0.17000000178813932 0.036715434864163406 -0.11666667461395262 0.32999998331069952 0.31666666269302374 -0.083333343267440782 0.021402490325272087 0.032129663974046714 0.43000000715255743 0.29000002145767217 0.071692150086164488 0.18333333730697635 0.045919001102447517 -0.088633060455322252 0.071692150086164488 -0.19666665792465207 -0.3899999856948852 0.23333333432674411 0.40333333611488348 0.0048093795776367196
decision_type=2 2 2 2 2 2 2 2 2 2 2 2 2 2 2 2 2 2 2 2 2 2 2 2 2 2 2 2 2 2
left_child=2 7 12 4 -3 6 13 -2 9 14 19 16 25 -4 15 -7 -12 21 -14 20 -9 -10 -13 -24 -18 26 27 -1 29 -19
right_child=1 3 5 -5 -6 8 -8 10 17 -11 11 22 18 -15 -16 -17 24 28 -20 -21 -22 -23 23 -25 -26 -27 -28 -29 -30 -31
leaf_value=0 0.0089929222241327406 0.025912173993870115 0.02731992748395198 -0.008575553662310758 0 -0.0041537862133145861 -0.0032317345704855126 -0.010472851406624916 -0.0044930721190472832 -0.0051383300909008563 0.0054002830909783469 0.0055168435519197057 -0.01001161343065772 0.0069814679491749746 0.020041354752513511 0.010214528146142578 -0.016164275205021072 -0.017299455165581522 0.0053773490052992194 0.0040975805756765888 0.0084148581538674074 0.013771196809400234 0.0049773707439032082 -0.015483628555843221 0 -0.0017697982486974033 -0.0010334736896282239 0.020694975587499706 0.0019119178190061478 0
leaf_weight=5.3769544931128648 6.2709883665665975 14.356315158307554 39.534506570547819 5.7743103457614771 13.518904625438152 14.797653001267461 12.68378062173724 37.425342165865004 5.1117500690743318 11.638418428134171 2.1050789295695713 15.307045064866545 37.831354540074244 21.363543298095465 30.614835754968226 45.380330902058631 175.57166137895547 11.020869363565003 8.6076868185773474 21.014233987778425 2.6871361136436454 9.3468490536324662 2.4368922673165789 8.9947549458593112 6.784940756391733 11.646906024310736 8.8660718547180313 10.84550965297967 5.7286328957416108 7.4281492675654581
leaf_count=103 149 119 295 279 198 433 196 3282 112 344 168 1140 1116 196 400 1194 17411 266 133 693 106 185 166 826 572 280 303 202 118 158
internal_value=-0.000456649 -0.00809016 0.00746599 0.0104928 0.016 0.0106386 0.0172735 -0.0105964 0.00644432 0.00974457 -0.0113214 -0.0133751 -0.000606226 0.0218248 0.0121109 0.00624735 -0.0150027 -0.00187886 -0.00639356 -0.00329218 -0.00773513 0.00666803 -0.000691293 -0.00947585 -0.0155354 0.00599531 0.0100501 0.0158762 -0.008128 -0.0119722
internal_weight=610.071 312.248 297.824 33.6495 27.8752 214.649 73.5818 278.598 141.067 102.431 272.327 211.2 83.1745 60.898 90.7928 60.178 184.462 38.6363 46.439 61.1267 40.1125 14.4586 26.7387 11.4316 182.357 36.7354 25.0885 16.2225 24.1777 18.449
internal_count=31143 25109 6034 596 317 3897 687 24513 3210 2371 24364 20283 2137 491 2027 1627 18151 839 1249 4081 3388 297 2132 992 17983 888 608 305 542 424
is_linear=0
shrinkage=0.05


Tree=21
num_leaves=31
num_cat=0
split_feature=18 37 31 19 39 37 39 25 10 37 27 39 37 24 37 39 39 25 14 8 27 10 6 17 41 31 30 28 39 38
split_gain=15.4931 3.30793 3.13551 4.98559 2.27376 2.08211 2.14672 2.00447 1.85499 1.84509 1.60259 1.51867 1.82776 1.49155 1.47799 1.40783 1.19625 1.40265 1.1851 1.1691 1.13121 1.06272 1.20656 1.02362 0.992911 0.941397 0.866582 0.759217 0.726731 0.724879
threshold=-0.40333333611488337 1.0000000180025095e-35 0.48333334922790533 -0.17000000178813932 0.028422865085303787 -0.023729801177978512 0.023547814227640632 -0.10999999940395354 0.19666665792465213 0.025244712829589847 0.043333351612091071 0.036715434864163406 0.019763469696044925 0.096666663885116591 -0.06939458847045897 0.032452378422021873 0.021725325845181945 -0.023333340883255001 0.48333334922790533 0.14999997615814212 -0.31666666269302363 0.069999992847442641 -0.096666663885116563 -0.4433333277702331 0.062321202829480178 0.43666666746139532 1.0000000180025095e-35 0.27499997615814215 0.026318108662962917 0.043011188507080085
decision_type=2 2 2 2 2 2 2 2 2 2 2 2 2 2 2 2 2 2 2 2 2 2 2 2 2 2 2 2 2 2
left_child=1 5 3 7 10 6 27 26 13 11 23 12 24 -4 -8 -6 20 -18 -10 -13 -7 22 -9 -3 25 -5 -2 -1 -23 -14
right_child=2 4 8 9 15 16 14 21 18 -11 -12 19 29 -15 -16 -17 17 -19 -20 -21 -22 28 -24 -25 -26 -27 -28 -29 -30 -31
leaf_value=0 -0.012729690942506276 0.028890154948488508 0.021036240823212073 -0.014938304923185892 -0.0096484530051217533 -0.021342702108831581 -0.012855604193654103 -0.0012803566091146015 -0.01605745310326678 -0.019500810834030814 0 0.0095762832421042304 0.014172879928218335 -0.0010188202508879533 0.0079314345056520821 0.011218874884039408 -0.008866521930465528 0.01327281810510988 0.007112891621628651 -0.0086848255783625386 0.0004603807094814903 0.0016294619106191092 0.011822262659688349 0.0095832626006088495 0.0027713405220297577 -8.6455319239132347e-05 -0.0012610975314673995 0.020066149112473161 -0.010446480216835226 -0.003882030483790347
leaf_weight=7.4886389719322315 29.172509751515463 44.48138966364786 16.748538331361491 95.741778344847262 8.6242784056812543 8.8464704658836144 10.304792718961837 20.658271489664912 6.2648763596080226 60.477383300662041 7.7648838374298057 15.993037907872351 5.4603507437277568 7.6757577131502321 11.22940951399505 11.406932254321871 6.9728065729141262 9.027214299887417 3.5569361476227641 7.8856873167678705 5.9792244480922809 32.426267753588036 43.442550136474892 22.905931833665818 5.8672670712694517 15.816722589777781 44.441049854969606 25.218666517641395 11.316524025518445 3.8901796813588589
leaf_count=186 1870 457 202 9862 147 116 209 937 203 6221 285 1162 580 133 186 185 127 116 81 651 137 913 1479 420 574 743 1783 356 320 408
internal_value=-0.000296053 0.0117221 -0.00552116 -0.00683761 0.0179417 0.00376478 0.00945805 -0.000556064 0.00771864 -0.0119566 0.0217026 -0.00813762 -0.0102791 0.0144493 -0.00174162 0.00112114 -0.0054831 0.00270135 -0.00657101 0.00217602 -0.0137498 0.00357603 0.00749479 0.0239882 -0.0120627 -0.0131572 -0.00673687 0.0166047 -0.0018753 0.00645139
internal_weight=607.086 180.251 426.836 392.59 95.1834 85.0672 54.2415 181.457 34.2461 211.132 75.1522 150.655 126.776 24.4243 21.5342 20.0312 30.8257 16 9.82181 23.8787 14.8257 107.844 64.1008 67.3873 117.426 111.559 73.6136 32.7073 43.7428 9.35053
internal_count=31049 2927 28122 27503 1494 1433 937 7302 619 20201 1162 13980 12167 335 395 332 496 243 284 1813 253 3649 2416 877 11179 10605 3653 542 1233 988
is_linear=0
shrinkage=0.05


Tree=22
num_leaves=31
num_cat=0
split_feature=19 27 38 4 38 9 14 30 1 14 38 38 17 10 26 14 32 3 17 38 36 3 37 38 26 37 40 19 0 22
split_gain=13.4383 4.04887 3.06396 3.93203 3.16763 2.83703 2.14308 1.5617 1.49697 1.39394 2.54199 1.99844 1.51773 1.22182 1.67841 1.09995 0.954626 0.982529 0.913918 0.898395 0.766304 0.698956 0.63416 0.629425 0.622025 0.626634 0.626566 0.606695 0.569901 0.566836
threshold=-0.4433333277702331 -0.31666666269302363 0.0048093795776367196 -0.049999997019767754 0.15974140167236331 -0.11666667461395262 -0.19666665792465207 -0.31666666269302363 0.30333334207534796 0.29000002145767217 -0.0029311180114746089 0.22018671035766604 0.3966666460037232 0.069999992847442641 0.46333330869674688 -0.37666666507720942 -0.29000000655651087 0.22833335399627688 -0.16333332657814023 -0.068847179412841783 0.12333333492279054 0.20333331823349002 -0.030368804931640622 -0.0095186233520507795 0.26333332061767584 0.064506053924560561 0.96999999880790722 -0.45666666328907007 -0.24999999999999997 0.18333333730697635
decision_type=2 2 2 2 2 2 2 2 2 2 2 2 2 2 2 2 2 2 2 2 2 2 2 2 2 2 2 2 2 2
left_child=2 13 3 -1 27 9 18 -8 20 11 12 15 21 16 -15 -3 -2 23 -7 -16 -5 29 -22 -18 25 26 -17 -4 -21 -11
right_child=1 5 4 8 -6 6 7 -9 -10 10 -12 -13 -14 14 19 24 17 -19 -20 28 22 -23 -24 -25 -26 -27 -28 -29 -30 -31
leaf_value=0.019829030319006694 -0.0030998819698538332 0.003053725093853665 0.026831169862591681 0.010896656644656064 -0.0022220300377755959 0.0003545297962830476 8.5111795490548225e-07 -0.016722825352101494 -0.014247824045821787 0.02582645237763986 -0.01183021408676352 0.011428835963877282 -0.0025485072115582355 -0.006034208276224794 -0.0027917892319239096 -0.012524536547194223 0.021389187209921445 -0.00015912478059537817 -0.010129487416769474 0 0.0041480895880068609 0 -0.0098662751218672635 0.0036769592371335793 0.0025866747096864331 0 0.0018185993901949579 0.0053189071484539188 0.016644553069699527 0
leaf_weight=20.709053411148489 7.4575418680906287 17.96287926286459 51.305968269705772 10.256710318848492 10.277501992415635 50.46489221486263 12.565910229692234 105.27667925972492 15.02800225233659 13.467437752988198 7.8372853912878773 11.553830558201296 7.0131892478093496 46.693105376325548 7.0687509952113059 69.919358087936416 17.426500303903591 8.99722603545524 24.681925117736682 3.6306805675849381 8.7492621922865528 3.9248710707761338 9.6293544201180321 15.304279567673804 5.3498768403660497 10.386733527993782 3.6159232477657488 10.397829592227934 15.127558129606763 3.3026802623644462
leaf_count=230 374 528 532 136 130 1959 1008 10000 232 382 618 502 185 2107 166 6362 507 372 1423 129 124 125 126 544 475 890 270 177 442 128
internal_value=2.69552e-05 -0.00397089 0.0135421 0.00446387 0.020372 -0.00671698 -0.0106871 -0.014824 -0.00383546 -0.00138242 0.00638215 -0.00410133 0.013464 0.00361753 -0.000297072 -0.0065123 0.00924709 0.0120898 -0.00327522 0.0084719 0.00242878 0.0191801 -0.00279024 0.0156054 -0.00877063 -0.00989694 -0.0114209 0.024368 0.0133741 0.0225394
internal_weight=605.383 469.029 136.354 64.3724 71.9813 347.323 192.989 117.843 43.6633 154.334 35.5455 118.789 27.7082 121.706 72.5201 107.235 49.1855 41.728 75.1468 25.827 28.6353 20.695 18.3786 32.7308 89.2719 83.922 73.5353 61.7038 18.7582 16.7701
internal_count=31183 29496 1687 848 839 24855 14390 11008 618 10465 1438 9027 820 4641 2844 8525 1797 1423 3382 737 386 635 250 1051 7997 7522 6632 709 571 510
is_linear=0
shrinkage=0.05


Tree=23
num_leaves=31
num_cat=0
split_feature=16 38 31 14 38 38 4 14 30 38 32 39 32 39 31 27 3 33 27 18 15 41 5 37 41 39 18 41 10 39
split_gain=12.3604 3.84431 3.81833 3.56207 2.2819 1.99138 1.67165 1.53238 1.43067 1.67306 1.39311 1.7975 1.34914 1.8079 1.70999 1.33325 1.02604 0.933034 1.64271 0.83609 0.814426 0.707307 0.701516 0.688473 0.802724 0.688127 0.667385 0.657082 0.629795 0.620392
threshold=-0.41666667163372034 0.012786865234375002 0.48333334922790533 -0.20333333313465116 -0.037744045257568352 0.22018671035766604 -0.049999997019767754 -0.45666666328907007 -0.069999992847442613 0.0048093795776367196 0.34333333373069769 0.024005748331546787 -0.083333343267440782 0.030629945918917659 -0.29666668176650995 -0.41666667163372034 0.29666668176651007 0.26999998092651373 -0.3899999856948852 -0.22999998927116391 -0.36333334445953364 0.071692150086164488 0.30333334207534796 -0.056897163391113274 0.036225898191332824 0.016768637113273147 -0.3899999856948852 0.03026800882071257 0.056666672229766853 0.024291547015309337
decision_type=2 2 2 2 2 2 2 2 2 2 2 2 2 2 2 2 2 2 2 2 2 2 2 2 2 2 2 2 2 2
left_child=1 6 3 12 -4 20 7 -1 9 16 17 -12 -2 19 -15 -10 29 18 -8 -14 -3 23 -19 -11 27 -6 -26 -25 -16 -5
right_child=2 5 4 8 25 -7 10 -9 15 21 11 -13 13 14 28 -17 -18 22 -20 -21 -22 -23 -24 24 26 -27 -28 -29 -30 -31
leaf_value=0.019770102490687912 -0.0059281501556987769 0.022971183929874652 0.019244343819648142 -0.0011732732354043998 -0.01393307829084149 -0.0012555274463464717 0.017229014486891344 -0.0013664477371979971 0 0.0021792377917430848 0.0023952720381788363 -0.024271945869432886 0.0025127104627739095 -0.0056084494969112645 0.022705001867015281 -0.015751385493625477 -0.011536019544236869 -0.012524548359630117 -0.002447564966659768 -0.0074965667252831327 0.0011916896093667831 0.0029385678321510607 0.0031354099260852068 -0.010519735389501701 6.1678501468339104e-05 0.0025586435425417045 -0.022014055042457636 0.0032974384469994251 0 0.0079989183542577558
leaf_weight=16.71312033105642 58.400043171597645 67.167370350565761 20.407574790995568 31.178758154157549 3.6283186106011263 8.1069404142908734 14.904722286388276 9.3070265259593707 12.137914889026431 2.5037672098260364 7.6650685539934766 6.806915775872767 57.758262130431831 4.815880959620702 15.566654752939941 97.76941281883046 9.0092843747697753 7.8759072017855924 15.172319197095932 24.398199433228001 7.8968140371143809 2.9003638373687854 7.1221384680829942 10.764214768540116 1.3349756675306732 9.5565620935522002 23.000473213382065 9.5311610535718483 5.6052808295935383 26.312867850065231
leaf_count=165 2689 843 212 2827 106 134 172 189 775 262 165 139 1867 158 400 9656 736 103 272 1479 181 222 120 1164 73 310 2415 1064 203 2041
internal_value=0.00021582 0.011476 -0.00427787 -0.00573795 0.0104527 0.0188356 0.00328402 0.0125897 -0.00973782 -0.0051146 -0.00118108 -0.0123641 -5.09781e-06 0.00311793 0.0132416 -0.0139057 0 0.00295058 0.00785395 -0.000484095 0.0212461 -0.0114825 -0.00512649 -0.013072 -0.0145782 -0.00361474 -0.0202062 -0.00380835 0.018741 0.00299011
internal_weight=595.318 168.738 426.58 392.988 33.5925 83.1711 85.5672 26.0201 226.443 116.536 59.5471 14.472 166.544 108.144 25.9878 109.907 66.5009 45.0751 30.077 82.1565 75.0642 50.035 14.998 47.1346 44.6308 13.1849 24.3354 20.2954 21.1719 57.4916
internal_count=31142 2483 28659 28031 628 1158 1325 354 21235 10804 971 304 6796 4107 761 10431 5604 667 444 3346 1024 5200 223 4978 4716 416 2488 2228 603 4868
is_linear=0
shrinkage=0.05


Tree=24
num_leaves=31
num_cat=0
split_feature=19 31 38 25 41 3 26 17 9 37 19 38 1 4 9 25 37 37 15 9 41 27 37 38 19 3 17 39 41 10
split_gain=10.0137 3.95216 2.74854 2.6436 2.86807 2.08451 1.83301 1.61695 1.4636 1.66828 1.4298 1.00508 0.996239 0.909098 0.907311 1.0598 0.858673 0.781139 0.775877 0.766666 0.720256 0.828313 0.701353 0.634923 0.597378 0.538733 0.468925 0.615026 0.642546 0.496767
threshold=-0.30333334207534784 0.43666666746139532 0.011566162109375002 -0.063333332538604722 0.06874531134963037 0.26333332061767584 -0.19666665792465207 -0.41666667163372034 0.23666667938232425 -0.035023689270019524 0.056666672229766853 0.0085520744323730486 0.056666672229766853 -0.22999998927116391 -0.17000000178813932 -0.26999998092651362 -0.1838574409484863 -0.028179645538330075 -0.25666666030883784 0.16333335638046267 0.071692150086164488 -0.29000000655651087 0.0079760551452636736 -0.037744045257568352 -0.2766666561365127 0.40333333611488348 -0.40333333611488337 0.028243753127753738 0.043949158862233169 -0.12999999523162839
decision_type=2 2 2 2 2 2 2 2 2 2 2 2 2 2 2 2 2 2 2 2 2 2 2 2 2 2 2 2 2 2
left_child=3 10 5 7 6 14 -5 11 18 -10 20 12 -1 -11 -3 -16 -12 -9 -8 -14 21 24 -20 -15 -2 -7 -23 -28 29 -29
right_child=1 2 -4 4 -6 25 8 17 9 13 16 -13 19 23 15 -17 -18 -19 22 -21 -22 26 -24 -25 -26 -27 27 28 -30 -31
leaf_value=0.0074553019169264559 -0.0089893061663663138 0.020772582498495479 -0.01199707799054959 0 -0.013290687282320843 -0.013200049507113398 0.020873157994564913 0.0030865159055873332 0.017364900961803112 0.0097722745501070754 0.0046100665298918026 0.011704108940154759 0.0014777493166816379 -0.012267287607742728 0.013744667555035754 -0.006161028523777385 -0.013933297276850391 -0.0069444043954860358 -0.0056163472475461891 -0.01665491769275966 0.0062627435024414039 0.0014532544135756617 0.011209323240666452 0.00033542384881702584 0.0039663168377271647 0.0020067896812064139 -0.011745110606142002 0.011957794985613829 -0.0082703847902588241 -0.0019547629778760636
leaf_weight=11.334374282043429 5.8611731305718413 22.845301706111055 12.309323752298949 24.552899526432157 6.0260908408090463 4.7637458303943259 67.796930094249547 21.002403881400824 14.470703094266353 8.8375721951015276 1.7789672566577781 34.776216612197459 5.2188204387202841 10.218129659071563 5.4909904412925199 8.8417738350108319 114.46228410582989 51.604202629067004 5.6310745202936214 6.3385347779840231 6.6059735221788278 5.3672206669580182 5.8619175520725548 16.180349363945428 28.023643695749342 4.994544527027756 60.766650715377182 5.8511364697478712 10.352173325140027 5.7827586764469761
leaf_count=201 179 368 958 642 116 133 978 697 236 107 102 511 101 150 116 307 11833 1671 173 121 364 416 126 226 1659 164 6687 424 892 527
internal_value=-2.91438e-05 -0.00634803 0.00461355 0.00651013 0.010721 0.0103081 0.0122844 0.000923724 0.0145705 0.00599489 -0.00914692 0.00695112 -0.000335241 0 0.0154173 0.002041 -0.0132326 -0.00371067 0.0188535 -0.00933618 -0.0048432 -0.00590521 0.00243754 -0.00513952 8.33609e-05 -0.00602973 -0.00833213 -0.00930382 -0.000591645 0.00531255
internal_weight=593.948 304.098 59.2457 289.85 159.576 46.9364 153.55 130.275 128.997 49.7068 244.852 57.6679 22.8917 35.2361 37.1781 14.3328 116.241 72.6066 79.2899 11.5574 128.611 122.005 11.493 26.3985 33.8848 9.75829 88.1199 82.7527 21.9861 11.6339
internal_count=31185 25129 2046 6056 2754 1088 2638 3302 1996 719 23083 934 423 483 791 423 11935 2368 1277 222 11148 10784 299 376 1838 297 8946 8530 1843 951
is_linear=0
shrinkage=0.05


Tree=25
num_leaves=31
num_cat=0
split_feature=16 7 38 14 39 38 5 30 27 32 29 3 38 4 14 5 29 40 9 3 16 38 27 20 40 41 37 21 17 35
split_gain=9.18155 2.35263 2.69568 3.19151 2.31431 2.65778 2.21826 2.01911 2.06152 1.98446 1.89055 1.57313 1.56942 1.33946 1.31107 1.85885 1.33096 1.23849 1.09949 0.951968 0.908384 0.880819 0.780246 0.714898 0.665086 0.661087 0.795294 0.727504 0.610469 0.414846
threshold=-0.43000000715255732 0.32333332300186163 0.012786865234375002 -0.1766666769981384 0.028243753127753738 0.0048093795776367196 0.11000001430511476 -0.33666665852069849 -0.15666666626930234 0.26999998092651373 0.37666666507720953 0.35666668415069586 0.10015916824340822 -0.090000003576278673 0.30333334207534796 -0.023333340883255001 -0.48333333432674402 0.81666666269302379 -0.056666672229766839 0.22833335399627688 -0.24333333969116208 -0.0054640769958496085 -0.4433333277702331 0.36333334445953375 0.96333330869674694 0.055367076769471175 0.0063323974609375009 0.36333334445953375 -0.36333334445953364 -0.24999999999999997
decision_type=2 2 2 2 2 2 2 2 2 2 2 2 2 2 2 2 2 2 2 2 2 2 2 2 2 2 2 2 2 2
left_child=4 2 7 12 5 6 13 14 19 10 -6 -8 -4 -1 -2 16 -16 -18 29 25 -3 -10 -5 -7 28 26 27 -9 -24 -14
right_child=1 20 3 22 9 23 11 8 21 -11 -12 -13 18 -15 15 -17 17 -19 -20 -21 -22 -23 24 -25 -26 -27 -28 -29 -30 -31
leaf_value=0.0030863832080023079 0 -0.00034157657588926744 -0.0054543678068117709 0.0023776110295811942 -0.0046254040871512633 0.023676171879575058 0.015052647995059832 0.013364005698107737 -0.0086158672259909787 -0.015824427679318662 0.019804985279084988 -0.003632038489429841 0 -0.019541324958263093 -0.0001975718224238055 -0.004979056011893526 0.029607919082730055 0 -0.0020229087814619289 -0.0043226355172705944 -0.016187185023871464 0.0040979370640746434 0 0.0050765790779974933 0 -0.0026963743307627636 -0.00018341058436641499 -0.002854760708702326 -0.017694242539946191 0.016258685829552501
leaf_weight=7.2855721591040492 21.484164574183524 15.592086544958873 51.18834629910998 2.6683763735927633 11.410371474456047 46.459505376406014 32.976490374654531 42.301848430419341 73.190708736423403 9.2561826487071794 8.1375619382597488 10.355729152914135 4.2805357046890995 7.0077075571753067 4.1933488696813646 4.8747429999057195 16.087361091515053 4.7266993704251936 13.174716885201631 18.997981844469905 41.360956257209182 9.8316326744388771 4.3261295307893297 14.197729742387308 6.1880298133473834 9.1622632048092765 14.063302977243437 3.0736704070586702 60.961947079980746 16.431164443027232
leaf_count=98 1788 952 2226 150 177 593 401 1721 6145 192 75 210 177 108 111 200 374 142 495 837 3934 851 393 181 592 382 592 124 6354 543
internal_value=0 -0.00363841 -0.00204547 -0.00691292 0.0105609 0.0135472 0.00454395 0.00142608 -0.00113484 -0.00120549 0.0068289 0.0101819 0 -0.00927319 0.00959737 0.0154468 0.0204278 0.0246298 0.00746409 0.0039208 -0.0126923 -0.00665473 -0.0140738 0.0205465 -0.0151472 0.00670285 0.00864813 0.0115737 -0.016513 0.0135336
internal_weight=585.247 438.16 381.207 159.219 147.087 118.283 57.6255 221.988 170.621 28.8041 19.5479 43.3322 85.0748 14.2933 51.3663 29.8822 25.0074 20.8141 33.8864 87.5991 56.953 83.0223 74.1445 60.6572 71.4761 68.6011 59.4388 45.3755 65.2881 20.7117
internal_count=31118 29083 24197 10930 2035 1591 817 13267 10652 444 252 611 3441 206 2615 827 627 516 1215 3656 4886 6996 7489 774 7339 2819 2437 1845 6747 720
is_linear=0
shrinkage=0.05


Tree=26
num_leaves=31
num_cat=0
split_feature=16 10 27 26 41 26 39 18 33 39 41 31 41 4 40 14 31 16 25 37 18 41 41 31 37 6 12 41 37 39
split_gain=8.72685 2.43954 2.23592 2.19176 1.76952 1.73914 2.23595 2.17431 1.70541 1.59711 1.58034 1.47642 1.36366 1.3363 1.06448 1.01225 0.999459 0.943579 1.22138 0.936888 0.925605 0.813341 1.11341 0.795059 0.756255 0.720099 0.716855 0.69842 0.693371 0.626202
threshold=-0.45666666328907007 0.069999992847442641 -0.45666666328907007 -0.21666666865348813 0.026829226873815063 0.26333332061767584 0.028422865085303787 -0.40333333611488337 0.38333332538604742 0.034798877313733108 0.045919001102447517 -0.37666666507720942 0.062321202829480178 0.17666667699813846 0.2100000008940697 -0.37666666507720942 -0.28333333134651179 0.44333332777023321 -0.24999999999999997 0.0090765953063964861 -0.35000000894069666 0.036677863448858268 0.028490886092185978 0.45666664838790899 0.016347408294677738 0.17666667699813846 -0.43000000715255732 0.06874531134963037 -0.056897163391113274 0.022572816349565986
decision_type=2 2 2 2 2 2 2 2 2 2 2 2 2 2 2 2 2 2 2 2 2 2 2 2 2 2 2 2 2 2
left_child=3 5 25 -1 -5 6 7 -2 11 24 16 -6 14 -7 21 -16 -11 20 -19 -10 26 22 -9 -17 -8 -3 -4 -12 -23 -15
right_child=1 2 17 4 8 13 9 12 19 10 27 -13 -14 29 15 23 -18 18 -20 -21 -22 28 -24 -25 -26 -27 -28 -29 -30 -31
leaf_value=-0.0052248889605706998 0.0083197070269948933 -0.0018759825604820039 -0.010765005962919572 -0.0014392378072381174 0.024414130079705585 0.010865174964087084 -0.00033305266103720921 -0.0075583766355879342 0.0096455858705736842 -0.0074533240942853312 -0.015514665176506143 0.0043156103257485853 0.0075605010073686281 0.0034707973101253137 0 -0.016446480683426367 0.012691197966407088 0.01233269026934657 -0.0084469884686151579 -0.0090410381703562564 -0.012800772656918447 0.0019119812271181696 0.0087509527074532707 0 0.017625636702610904 0.010812399577855774 0.001094941802337542 0.0023268478028564236 -0.013993812358044894 -0.010531532377482148
leaf_weight=10.629393218550829 18.551378315780312 15.84217493212782 12.263864487875251 10.961151629220693 51.585681756958358 48.36263533635065 3.9048274108208743 10.526778305182235 8.1425906959921104 2.5173624148592362 12.227719491580499 18.282278234139092 7.4904320770874611 9.2995661948807555 10.268701124237849 59.926892219344154 14.656039893161505 7.2870641513727596 8.6221464141271991 6.5572014539502552 114.469385902863 4.7967796053271767 20.303251293487847 8.4809194731060398 19.471042365767062 14.351503689773379 29.63094154605642 2.7425642451271406 13.526320446515454 8.6254600440151972
leaf_count=177 558 370 342 133 500 1953 241 835 133 103 764 209 503 405 339 5975 786 378 689 95 9400 293 1663 213 1071 354 982 124 1094 396
internal_value=-6.65302e-05 -0.00301883 -0.00710075 0.0124581 0.0148644 0 -0.00218679 -0.00533474 0.017209 0.00580071 -0.00101687 0.0202417 -0.00765732 0.00677478 -0.00903483 -0.0125393 0.00749425 -0.00930787 0.000700716 0 -0.0104684 -0.00221822 0.00217928 -0.0145926 0.0143194 0.0042569 -0.0027685 -0.0113234 -0.00935754 -0.00317353
internal_weight=584.304 478.146 202.467 106.158 95.5289 275.679 209.391 153.871 84.5678 55.5196 32.1437 69.868 135.32 66.2877 127.83 78.6765 17.1734 172.273 15.9092 14.6998 156.364 49.1531 30.83 68.4078 23.3759 30.1937 41.8948 14.9703 18.3231 17.925
internal_count=31078 29831 12515 1247 1070 17316 14562 11473 937 3089 1777 709 10915 2754 10412 6527 889 11791 1067 228 10724 3885 2498 6188 1312 724 1324 888 1387 801
is_linear=0
shrinkage=0.05


Tree=27
num_leaves=31
num_cat=0
split_feature=16 31 41 10 38 29 2 38 9 7 41 0 10 5 39 39 41 10 37 37 30 7 26 4 38 13 36 37 36 18
split_gain=7.04205 4.03424 2.86846 2.29562 1.9872 2.5524 2.113 2.30551 1.57795 1.87986 1.51683 1.47669 1.15729 1.05785 0.952359 0.906623 1.06152 1.3103 1.31026 1.01141 0.871709 0.870074 0.852604 0.810302 0.718721 0.68197 0.680221 0.668421 0.684924 0.723613
threshold=-0.28333333134651179 0.45666664838790899 0.06874531134963037 -0.28333333134651179 0.012786865234375002 0.38833332061767584 -0.32999998331069941 -0.1008472442626953 0.21666666865348819 -0.0099999904632568342 0.062321202829480178 -0.33666665852069849 0.42333334684371954 0.31666666269302374 0.024197591468691829 0.028243753127753738 0.045919001102447517 -0.0099999904632568342 -0.06400823593139647 0.10893487930297853 0.17666667699813846 -0.12333333492279051 0.41666668653488165 0.26999998092651373 -0.0029311180114746089 0.42333334684371954 0.38999998569488531 -0.015175819396972655 0.18999999761581424 -0.33666665852069849
decision_type=2 2 2 2 2 2 2 2 2 2 2 2 2 2 2 2 2 2 2 2 2 2 2 2 2 2 2 2 2 2
left_child=2 10 4 25 6 27 -1 23 9 -9 15 -10 24 -11 -5 19 17 -17 -18 22 -4 -16 -2 -8 -13 -3 -7 -6 29 -29
right_child=1 3 20 14 5 26 7 8 11 13 -12 12 -14 -15 21 16 18 -19 -20 -21 -22 -23 -24 -25 -26 -27 -28 28 -30 -31
leaf_value=0.01607592144427859 -0.01317982201012829 0.020466482424962015 0.00021403845107572351 -0.010664415893394411 -0.0037225421474284489 0.022803152095470458 0.013878453083303911 -0.010094154840290902 0.0061477957705320602 0.011094164019451222 0.0025100862639415855 -0.021558476050490147 6.6054714218947034e-05 -0.0052438193363972541 0.013422485185725761 0.009368977762695024 0.0075661265543692877 -0.0076611860527325201 -0.016081893613184278 0.0045642106568262531 -0.021090138592451953 -0.0047647149676052093 0 -0.00071182490252555495 0 0 0.0024489695467058686 0.013209059007263546 -0.0010636623581340074 0
leaf_weight=16.578387988032773 156.6487491754815 16.273607790004466 3.8949894853867573 13.841839191969486 12.990917882882057 35.360346336383373 24.135029889643192 18.26318151364103 5.0226491526700547 30.919664883520454 22.316529705421999 23.840227596694604 7.2050089952535918 7.1473557255230835 6.8307161470875144 20.553848487790674 2.3432752043008831 12.832844803808255 16.293378526112065 4.2866735106799743 7.2214882946573198 6.2411233312450332 12.043537129415197 8.5797798458952439 4.2625918118283179 6.9831168013624838 9.5112595581449551 31.467761966865506 15.76591774728149 19.065321120200682
leaf_count=349 15770 252 95 614 348 582 528 482 115 682 1695 575 184 164 128 1444 181 1218 1418 467 186 292 861 275 106 126 178 657 471 636
internal_value=-0.000535817 -0.00587975 0.00503474 0.00622407 0.00623965 0.0107889 0.0019319 -0.000328041 -0.00440537 0.00073374 -0.00852305 -0.0112883 -0.0149066 0.00716296 -0.00296858 -0.00976235 -0.00285907 0.00201846 -0.0109753 -0.0115334 -0.0147066 0.00466104 -0.0122283 0.00988896 -0.0188146 0.0161438 0.0197779 0.00437532 0.00648508 0.00914538
internal_weight=578.721 297.489 281.232 50.1704 270.115 124.162 145.954 129.375 96.6607 56.3302 247.319 40.3305 35.3078 38.067 26.9137 225.002 52.0233 33.3867 18.6367 172.979 11.1165 13.0718 168.692 32.7148 28.1028 23.2567 44.8716 79.2899 66.299 50.5331
internal_count=31079 24466 6613 1412 6332 2872 3460 3111 2308 1328 23054 980 865 846 1034 21359 4261 2662 1599 17098 281 420 16631 803 681 378 760 2112 1764 1293
is_linear=0
shrinkage=0.05


Tree=28
num_leaves=31
num_cat=0
split_feature=14 27 41 24 39 39 9 39 41 10 34 37 35 19 7 10 14 37 41 10 37 41 41 3 39 19 21 33 28 37
split_gain=8.62515 2.69157 2.24584 1.72701 1.72536 2.23416 1.62247 1.39646 1.10601 1.85241 1.10308 1.55404 1.2178 1.02763 1.30141 0.975383 0.814531 0.932439 0.781319 0.680434 0.654286 0.688586 0.798116 0.646623 0.629417 1.18947 0.628174 0.933845 0.62558 0.601347
threshold=-0.45666666328907007 -0.18333333730697629 0.062321202829480178 0.35000002384185797 0.028243753127753738 0.034798877313733108 0.23000001907348636 0.028243753127753738 0.045919001102447517 -0.036666661500930779 0.24333333969116214 1.0000000180025095e-35 0.41000002622604376 -0.30333334207534784 -0.096666663885116563 0.056666672229766853 -0.37666666507720942 -0.10021543502807616 0.033459322527050979 -0.46999999880790705 0.10893487930297853 0.036677863448858268 0.034298282116651542 0.31000000238418585 0.0336068943142891 -0.31000000238418574 0.083333313465118422 0.01666665077209473 0.043333351612091071 -0.0085616111755371076
decision_type=2 2 2 2 2 2 2 2 2 2 2 2 2 2 2 2 2 2 2 2 2 2 2 2 2 2 2 2 2 2
left_child=3 10 7 4 6 -6 -1 16 9 23 13 12 -12 14 28 -4 -3 -18 -8 -15 21 22 -19 -9 -10 -26 -16 -28 -2 -5
right_child=1 2 15 29 5 -7 18 8 24 -11 11 -13 -14 19 26 -17 17 20 -20 -21 -22 -23 -24 -25 25 -27 27 -29 -30 -31
leaf_value=0.025593549138768292 0.0026798327097334405 -0.00058179013713062706 0.01201952627809437 -0.010015415053172364 -0.013324662513825939 0.013754171255687578 -0.00019278732083159784 0.014802438722370729 0.0012482413042387817 -0.0074069455154759786 0.018549689246230978 -0.0016887111338184759 -0.0039105136922091164 0.0084390063464439922 0 -0.0047110731757467571 0.00058508421204127206 -0.010345962485951959 0.012754505830027971 -0.0064922751945804937 0.0015268775143397197 -0.017964736411685212 0.00082966389697507854 -0.0017857055337072705 0.0036486248078657526 -0.01940150321440785 -0.0006370312509575806 0.014737237809060166 -0.010214294478208312 0.0051151094069345647
leaf_weight=36.575540941208601 8.3067460786551255 27.931145765818655 18.070870187366385 6.5878435550257564 8.5456238668411988 9.8733796160668117 14.39635374303907 20.934252963634211 5.9942968436516848 14.018303063465281 22.489998134318743 19.845470249652863 3.192772091832011 1.9773193970322598 28.057057271711528 6.9978499431163064 11.540565157309173 81.943893190938979 19.674232740886509 66.179149212082848 4.1055753699038169 51.104799513006583 13.581551511306314 2.7825787849724284 3.5324914990924308 10.982644525356587 9.3146213493309897 25.84341062605381 17.091147704981267 6.220980601385234
leaf_count=393 207 908 916 109 112 122 167 1096 428 1153 892 1101 165 62 527 637 829 7519 218 4772 407 4754 1226 156 120 934 204 501 406 93
internal_value=0 -0.00290233 -0.00610135 0.0127384 0.0151233 0 0.0184378 -0.00759884 -0.000311334 0.00422395 0.00135412 0.00774113 0.0147567 -0.000564154 0.00274232 0.00653669 -0.00962521 -0.010957 0.0074501 -0.00507422 -0.0119887 -0.0125761 -0.00855567 0.0120474 -0.00866622 -0.0131468 0.00660231 0.0105576 -0.00549464 -0.00205015
internal_weight=577.692 475.819 273.521 101.874 89.0651 18.419 70.6461 248.452 58.2446 37.7351 202.298 45.5282 25.6828 156.769 88.613 25.0687 190.208 162.276 34.0706 68.1565 150.736 146.63 95.5254 23.7168 20.5094 14.5151 63.2151 35.158 25.3979 12.8088
internal_count=31134 29920 21083 1214 1012 234 778 19530 3887 2405 8837 2158 1057 6679 1845 1553 15643 14735 385 4834 13906 13499 8745 1252 1482 1054 1232 705 613 202
is_linear=0
shrinkage=0.05


Tree=29
num_leaves=31
num_cat=0
split_feature=16 19 31 4 33 32 39 32 29 5 37 37 37 37 37 39 40 41 6 27 37 39 41 32 9 39 29 0 26 13
split_gain=6.81165 2.19825 2.69802 2.16074 1.52208 2.08774 1.35637 1.46693 1.82035 1.29703 2.17572 2.11329 1.37449 0.830211 1.90687 1.81842 1.05923 0.983495 0.800578 0.789772 0.602199 0.674367 0.605294 0.561352 1.04355 0.824874 0.850181 0.551331 0.646527 0.671127
threshold=-0.43000000715255732 -0.30333334207534784 0.48333334922790533 0.41666668653488165 0.17000001668930056 -0.33666665852069849 0.028243753127753738 0.26999998092651373 0.37666666507720953 0.20999997854232791 -0.0028367042541503902 0.066391468048095717 -0.022203922271728512 0.0071382522583007821 -0.022755622863769528 0.01669745892286301 0.98333334922790538 0.071692150086164488 0.13666665554046634 -0.45666666328907007 -0.0096092224121093733 0.025645430199801925 0.027052928693592552 -0.076666668057441698 0.26333332061767584 0.031553804874420173 0.25000000000000006 -0.22999998927116391 0.20999997854232791 -0.32333332300186152
decision_type=2 2 2 2 2 2 2 2 2 2 2 2 2 2 2 2 2 2 2 2 2 2 2 2 2 2 2 2 2 2
left_child=3 23 13 6 5 -4 9 8 -8 10 12 -12 -1 14 15 -3 18 19 -17 -15 21 -16 -22 -2 25 26 27 -25 -29 -30
right_child=1 2 4 -5 -6 -7 7 -9 -10 -11 11 -13 -14 17 20 16 -18 -19 -20 -21 22 -23 -24 24 -26 -27 -28 28 29 -31
leaf_value=0.003827868652375071 -0.0022064361390404541 -0.021907569692337481 -0.0039973173573636007 -0.0084610902718602957 -0.0058851036292534341 0.022602471172073806 -0.0040062868399837652 -0.013045535243513992 0.019991701932600241 0.018975010210526822 0.018437893555501308 -0.0047652146969319291 -0.01747768727417276 0.0028874661973964156 0.013730026672089611 -0.001456491348021702 0.0097509089505233692 0.0023065993193387389 -0.012903757043679263 -0.013268229402853724 0.0087114049706201267 -0.00079587652955769863 -0.0047400919845951772 0.0070880099740653546 -0.007523875019281547 0.014650521021800589 0.0091152512264872313 0.0004793943555921155 -0.016833185746513903 1.5408305050727224e-05
leaf_weight=10.494137786794456 52.413651738548651 16.155106751946732 7.1553825885057476 10.472871377598493 9.609700750326736 13.437872802373024 11.333746376913046 7.2649641851894549 8.2179966960102302 50.371520357206464 28.705072461627424 8.6676601450890285 7.3545573903247705 3.3990555896889409 12.412398697575556 46.946637712419033 5.2188686691224566 7.6944170747883609 24.103988637216389 100.64922521379776 4.4594200840219846 7.795667672995477 28.664380354806781 6.024623171426355 10.051622928818686 16.456586041953415 22.401747649535537 18.70697844773531 8.805848637595771 5.1352647640742353
leaf_count=155 1781 1499 111 248 298 180 183 147 77 669 373 116 110 179 1289 4004 400 504 2113 10370 498 702 2772 164 312 338 519 719 179 115
internal_value=-0.000305845 -0.00351186 -0.00599022 0.00887778 0.00676445 0.0136034 0.0107371 0 0.00742799 0.0131673 0.00612081 0.0125654 -0.00609129 -0.0077011 -0.00459891 -0.00880411 -0.00432939 -0.0110947 -0.00636686 -0.0123846 0.00242074 0.00827314 -0.00123189 0.00144696 0.00390175 0.00611637 0.00233928 -0.00172327 -0.00484406 -0.011236
internal_weight=570.581 427.698 287.702 142.883 30.203 20.5933 132.41 26.8167 19.5517 105.593 55.2214 37.3727 17.8487 257.499 145.756 92.4246 76.2695 111.743 71.0506 104.048 53.3319 20.2081 33.1238 139.996 87.5827 77.531 61.0745 38.6727 32.6481 13.9411
internal_count=31124 29046 24919 2078 589 291 1830 407 260 1423 754 489 265 24330 13277 8016 6517 11053 6117 10549 5261 1991 3270 4127 2346 2034 1696 1177 1013 294
is_linear=0
shrinkage=0.05


Tree=30
num_leaves=31
num_cat=0
split_feature=16 16 31 3 38 38 17 38 10 26 24 35 24 37 10 39 37 37 38 29 32 10 17 37 38 37 37 39 37 1
split_gain=7.7908 2.10385 2.51165 1.97544 1.9432 1.57863 1.50141 1.45682 1.30913 1.66083 1.25008 1.16127 1.32172 1.10593 1.25715 1.04091 1.02457 1.96244 0.99906 0.996146 0.752617 0.720192 0.707591 0.627991 0.762075 1.25397 0.847442 1.19726 0.609386 0.599501
threshold=-0.45666666328907007 -0.2766666561365127 0.43666666746139532 0.32999998331069952 -0.037744045257568352 -0.01602983474731445 0.41666668653488165 0.12630462646484378 -0.030000001192092892 0.33666664361953741 0.22333335876464847 0.1566666662693024 0.01666665077209473 0.064506053924560561 0.030000001192092899 0.016595917753875259 0.025244712829589847 0.019763469696044925 0.043011188507080085 0.18999999761581424 0.22333335876464847 -0.20333333313465116 -0.37666666507720942 -0.1838574409484863 -0.11537122726440428 0.0079760551452636736 -0.028179645538330075 0.01669745892286301 -0.041317939758300774 0.19666665792465213
decision_type=2 2 2 2 2 2 2 2 2 2 2 2 2 2 2 2 2 2 2 2 2 2 2 2 2 2 2 2 2 2
left_child=3 8 13 7 6 -5 20 22 10 15 29 19 -13 16 -15 -10 17 23 -19 -11 -4 -6 -1 -3 -25 26 27 -26 -29 -2
right_child=1 2 4 5 21 -7 -8 -9 9 11 -12 12 -14 14 -16 -17 -18 18 -20 -21 -22 -23 -24 24 25 -27 -28 28 -30 -31
leaf_value=0.021229515074074657 0.0052003375691486173 0.0050741136848493533 0.01967882712978224 -0.010878186500189589 0.0020152600071880202 0.0094061582428746713 -0.0037885142969105502 0 0.0040268320970653897 0.0075004353580568894 0.016786114204203142 -0.0019085746359309127 0.01837425486136534 0.0071183683795945883 -0.009301171448333265 -0.0096493110510460396 -0.016378763493267924 0.018919582329379327 -0.0025920791861527011 -0.0084632799418670485 0 -0.011892459978989044 0.0023982684931891638 -0.016502479393640419 -0.019115010112237735 -0.016193442145682826 0.0010506778820652601 0.0020423000084701802 -0.009296340025067391 -0.0052698771505492814
leaf_weight=53.930883864872158 35.665561223169789 2.7680804622359565 20.280666475882757 10.986466000322254 10.276766235008838 15.887089068070052 8.096358633367343 9.2743682442232949 11.659726731013505 10.002562847919764 17.22473003808409 7.868962004780772 15.828479027142746 22.890552800148726 13.407372228335587 52.026468093972653 37.228659674990922 5.4623599699698371 4.6356897170189768 17.361610329709947 5.4664431409910312 13.348286596592514 10.643612661398945 25.243823134107515 10.094188934890552 19.847077723359689 52.058830465655774 26.557631145697083 11.336625018855559 12.950709157623349
leaf_count=566 985 185 344 201 399 202 182 117 439 231 440 203 381 1837 1380 2114 3634 649 473 395 162 968 155 2285 1014 1955 5280 2560 1092 356
internal_value=0.000286253 -0.00241238 -0.00504096 0.0125304 0.0037419 0 0.0109124 0.0164834 0.00168702 -0.00138206 0.00705252 0.00476542 0.0117725 -0.00736566 3.36426e-06 -0.00665559 -0.00881921 -0.00635156 0.0102059 -0.00157923 0.0161651 -0.00581592 0.0189476 -0.00799823 -0.0086045 -0.00603575 -0.00298277 -0.00745188 -0.00158733 0.00168095
internal_weight=570.311 469.588 288.999 100.722 57.4685 26.8736 33.8435 73.8489 180.589 114.748 65.841 51.0616 23.6974 231.531 36.2979 63.6862 195.233 158.004 10.098 27.3642 25.7471 23.6251 64.5745 147.906 145.138 119.894 100.047 47.9884 37.8943 48.6163
internal_count=31184 29943 24399 1241 2055 403 688 838 5544 3763 1781 1210 584 22344 3217 2553 19127 15493 1122 626 506 1367 721 14371 14186 11901 9946 4666 3652 1341
is_linear=0
shrinkage=0.05


Tree=31
num_leaves=31
num_cat=0
split_feature=16 31 16 7 38 24 25 38 38 38 39 39 10 39 41 41 27 38 38 30 11 3 31 6 24 18 35 18 37 18
split_gain=5.79579 2.16417 3.00969 1.85242 1.46906 1.46235 1.1909 1.09943 1.29193 1.07335 1.37942 0.937628 0.91764 1.51101 1.22943 1.02977 0.953012 0.93456 1.2175 0.889223 0.792807 0.792551 0.781981 0.760449 0.74028 0.705206 0.773474 0.624904 0.620239 0.579404
threshold=-0.46999999880790705 0.45666664838790899 -0.2766666561365127 0.23000001907348636 -0.014165878295898436 0.34333333373069769 -0.063333332538604722 -0.0010662078857421873 0.10015916824340822 0.086912155151367201 0.025967382825911049 0.016939676366746429 -0.030000001192092892 0.028243753127753738 0.045919001102447517 0.062321202829480178 -0.41666667163372034 -0.048531532287597649 -0.079872131347656236 0.23666667938232425 -0.17000000178813932 0.25666666030883795 -0.023333340883255001 -0.023333340883255001 -0.096666663885116563 -0.26333332061767573 -0.21000000834465024 -0.4433333277702331 -0.06939458847045897 -0.35000000894069666
decision_type=2 2 2 2 2 2 2 2 2 2 2 2 2 2 2 2 2 2 2 2 2 2 2 2 2 2 2 2 2 2
left_child=5 2 6 4 -3 7 19 21 -9 10 22 -6 13 15 29 17 -14 18 -4 25 -21 -1 -8 -12 -11 26 -2 -18 -19 -15
right_child=1 3 12 -5 11 -7 9 8 -10 24 23 -13 16 14 -16 -17 27 28 -20 20 -22 -23 -24 -25 -26 -27 -28 -29 -30 -31
leaf_value=0.011190030892390524 -0.0040235960004482915 0.017379310019544278 -0.0083174192450684876 -0.0070929511681078472 -0.014417621179434995 -0.0019482884221394979 0.0074806355565225444 0.026217907434273099 0.0028547658923478046 0 0.0034954883134000522 0.0062688533749309609 0.002096078262363191 -0.0020754699829228051 -0.0036921888237479239 0.0075942269486562646 0.003744093812864556 0.0023288977567907775 0.0098694343374353868 -0.011548441173726325 0.0021366828652606969 -0.0025448079213202181 -0.0056475443534470633 -0.01111152915190617 0.016200516408580397 -0.0071130136781214692 0.0095227374180185381 -0.011969568301172311 -0.012315112104780847 0.014693241410908385
leaf_weight=15.789998985826971 8.6686730727087689 29.994276906363663 13.692856111796575 10.085884513100607 3.0187812712974864 10.073713910765944 62.276530283968896 26.498283997178078 12.358453487977384 6.7129910318180945 6.8023228365927961 6.8847690923139453 9.851285253884269 1.7720355736091757 16.447446425445378 5.5481883166357866 1.588978013023733 3.093583674170076 11.261983251897616 28.514094319194555 8.9113728837110084 12.384169417433439 6.8240057881921521 19.933731883065775 21.672394559020177 8.8205253286287171 25.536323577165604 96.385189139051363 58.369747971417382 17.829296110430732
leaf_count=148 247 443 1300 581 135 160 1886 247 114 210 171 291 669 68 1197 433 76 308 1173 709 287 156 247 601 608 360 694 10111 6125 1286
internal_value=0.000632519 -0.00137435 -0.00256334 0.00780946 0.0125561 0.0128775 0.00175843 0.0154249 0.0207203 0.00480952 0.0016685 -0.00152523 -0.00636791 -0.00299333 0.00478299 -0.00640292 -0.00978575 -0.00800676 0 -0.0026703 -0.00786919 0.0050344 0.00550366 -0.00667194 0.0125457 0.00175159 0.00537971 -0.0112729 -0.0110659 0.0120696
internal_weight=567.602 490.497 440.514 49.9837 39.8978 77.1046 204.673 67.0309 38.8567 124.222 95.8366 9.90355 235.841 128.015 36.0488 91.9664 107.825 86.4182 24.9548 80.451 37.4255 28.1742 69.1005 26.7361 28.3854 43.0255 34.205 97.9742 61.4633 19.6013
internal_count=31041 30216 28766 1450 869 825 6020 665 361 3723 2905 426 22746 11890 2551 9339 10856 8906 2473 2297 996 304 2133 772 818 1301 941 10187 6433 1354
is_linear=0
shrinkage=0.05


Tree=32
num_leaves=31
num_cat=0
split_feature=16 41 25 24 19 31 19 37 41 16 26 41 24 33 40 31 26 38 3 37 37 37 41 41 38 38 40 37 38 40
split_gain=6.4474 2.26915 2.69929 1.93992 1.86987 2.91178 1.69608 1.84439 1.58084 1.44843 0.979079 0.90309 0.890396 0.8668 1.87574 2.03576 0.823819 1.09127 0.963439 0.679695 0.646082 0.581582 0.575087 0.698767 0.610037 0.603777 0.482714 0.463592 0.984114 0.518222
threshold=-0.43000000715255732 0.063821967691183104 -0.083333343267440782 0.18999999761581424 -0.1766666769981384 0.43666666746139532 0.3966666460037232 1.0000000180025095e-35 0.026829226873815063 -0.46999999880790705 -0.22333332896232602 0.055367076769471175 -0.29000000655651087 0.38333332538604742 0.17666666954755786 -0.35000000894069666 0.31666666269302374 0.24334907531738284 0.23500001430511477 0.064506053924560561 0.012413978576660158 -0.1838574409484863 0.042012371122837074 0.040580337867140777 -0.072937965393066392 -0.079872131347656236 0.95666664838790905 0.0079760551452636736 0.0249934196472168 0.083333332091569914
decision_type=2 2 2 2 2 2 2 2 2 2 2 2 2 2 2 2 2 2 2 2 2 2 2 2 2 2 2 2 2 2
left_child=1 2 3 9 16 21 7 12 -8 -1 -4 -10 -7 14 -12 -16 17 -2 19 -18 -15 -6 23 24 25 -23 -24 28 29 -26
right_child=4 -3 10 -5 5 6 8 -9 11 -11 13 -13 -14 20 15 -17 18 -19 -20 -21 -22 22 26 -25 27 -27 -28 -29 -30 -31
leaf_value=0.016061125211874985 -0.003456838679925597 -0.010691500661350717 0 -0.012907074346962869 0.0038331464124358888 0 0.0098428045368664473 -0.0053196495196527983 -0.016976412715340634 -0.002541087164851249 0.0023603348003277285 0.0031861250289872546 0.019375778753017318 0.009726374934085057 0.029704819526625233 0.0011979620791774299 0.010540548824911979 0.0097034149119542782 -0.0044794078308302452 -0.0024841856580488436 -0.0044617421369048636 -0.0044330223018161632 -0.016075638720091073 0.0053606577644733089 0 0.010099771736336305 0 -0.013720415978837018 0.004101368820876224 -0.011811448071892562
leaf_weight=14.18039903603494 122.01378313405439 7.7253176225349298 9.2410419606603664 12.787028819322584 2.4384177997708312 5.0680314595811096 4.8668423993513015 9.7406577370129508 15.410597335081549 14.961485587526115 16.408612690865993 2.7161276175174853 20.841114235110581 13.127601803746076 35.164814617484808 10.210654282243921 41.471239548642188 11.428309251088647 13.452802831539882 6.550391493830829 6.354677884373813 19.170153232524175 48.695800851564854 4.6311550256796172 7.2871969458647063 3.9485659145284435 5.6702924254350355 40.198252228554338 14.920897027710451 26.407742399489507
leaf_count=133 6209 137 200 195 152 153 132 546 606 293 235 119 468 229 385 157 957 312 363 151 118 1885 5311 473 763 476 622 4634 1694 3057
internal_value=-0.000102256 0.00893381 0.010673 0 -0.00320927 -0.0061889 0.00290874 0.0094064 -0.00616496 0.00699607 0.015275 -0.012878 0.0156855 0.016914 0.019844 0.0246657 0.00029191 -0.00178145 0.00492125 0.00822255 0.00415657 -0.00939999 -0.00985366 -0.00681274 -0.0077755 0 -0.0146342 -0.00955433 -0.00452297 -0.0090145
internal_weight=567.09 140.162 132.436 41.9289 426.928 232.012 58.6434 35.6498 22.9936 29.1419 90.5074 18.1267 25.9091 81.2664 61.7841 45.3755 194.917 133.442 61.4744 48.0216 19.4823 173.368 170.93 116.564 111.933 23.1187 54.3661 88.8141 48.6158 33.6949
internal_count=31165 2082 1945 621 29083 21091 2024 1167 857 426 1324 725 621 1124 777 542 7992 6521 1471 1108 347 19067 18915 12982 12509 2361 5933 10148 5514 3820
is_linear=0
shrinkage=0.05


Tree=33
num_leaves=31
num_cat=0
split_feature=16 10 26 41 5 26 39 41 18 31 8 30 4 31 32 18 11 25 1 7 37 4 41 19 17 41 21 32 18 39
split_gain=5.42697 1.75057 1.73057 2.13524 1.46882 1.39682 1.21924 2.14933 1.55885 1.426 1.13611 4.11887 1.08023 0.946183 0.941293 0.929799 0.866088 0.768622 0.758776 0.737561 0.725351 0.697109 0.673247 0.712645 0.661178 0.65279 0.63361 0.635486 0.602789 0.601467
threshold=-0.46999999880790705 0.069999992847442641 0.27666664123535162 0.062321202829480178 0.38333332538604742 0.46999999880790716 0.030262772925198082 0.045919001102447517 -0.40333333611488337 -0.2766666561365127 0.23000001907348636 0.46166664361953741 0.17666667699813846 0.48333334922790533 -1.0000000180025095e-35 -0.35000000894069666 0.42333334684371954 -0.37666666507720942 0.26333332061767584 -0.15666666626930234 0.010804653167724611 -0.090000003576278673 0.035905381664633758 -0.36333334445953364 0.056666672229766853 0.031935412436723716 0.25666666030883795 -0.29000000655651087 -0.25666666030883784 0.023912034928798679
decision_type=2 2 2 2 2 2 2 2 2 2 2 2 2 2 2 2 2 2 2 2 2 2 2 2 2 2 2 2 2 2
left_child=4 2 3 6 10 15 8 9 -2 -8 14 -12 26 22 -1 18 -11 21 -3 -9 -7 24 25 -24 -17 -10 27 -4 -14 -25
right_child=1 5 12 -5 -6 20 7 19 13 16 11 -13 28 -15 -16 17 -18 -19 -20 -21 -22 -23 23 29 -26 -27 -28 -29 -30 -31
leaf_value=0.0028428079806186121 0.0055584669793859306 -0.0045961508245571814 0 0.011350331965634577 -0.0026721089264150413 -0.0016880041768025237 -0.0057485440296669958 -0.016663085424670168 -0.0074843967263425867 0.018993269036011382 -0.011702195584871785 0.01872526652458004 0.0055555788320087321 0.0039876579225175237 0.026381558118547289 -0.003326554800059698 -0.0022103708334025841 -0.0109719695798719 0.0072059534020392198 0 0.011176989657316781 -0.0072387329713688919 0 -0.018421371677685715 0.013789600665150399 0.0016185097276485397 0 0.016086603734239119 -0.0088345373812736099 -0.00096697938015751514
leaf_weight=9.9422540068626422 20.474083464592695 38.223726992961019 8.6923204581253177 21.772782351821661 9.8437736309133452 19.421317351283509 4.6175456154160228 6.5988223331514737 49.932317642262205 20.711377994390208 13.681080011650918 19.040402855724096 6.3442203993909052 9.9823247632011753 21.474304908886552 3.6192316177766788 2.0293595655821255 105.70804526703432 13.095849775243549 8.426136107882483 11.438579875743015 11.793767730239777 7.1787512484006575 33.195047137560323 6.3947142928373069 21.521783733274788 6.8104605940170577 31.503175000660125 9.5484290993772429 10.029948327923192
leaf_count=104 606 1191 448 1081 176 418 194 419 4351 1122 144 196 122 155 203 364 76 8843 381 537 286 952 232 3231 380 2007 274 1155 610 903
internal_value=0 -0.00195453 0.000566212 -0.00149713 0.0120824 -0.00535106 -0.00335479 0.00345278 -0.00546605 0.0113481 0.0147383 0.00551571 0.00754219 -0.0075269 0.0212509 -0.00706682 0.0161648 -0.00929136 -0.000709271 -0.00887024 0.00344547 0 -0.00880854 -0.0133354 0.00711375 -0.00450687 0.0111012 0.013255 -0.00199994 -0.0154906
internal_weight=563.046 489.064 279.369 216.47 73.9818 209.695 194.697 42.3832 152.314 27.3583 64.138 32.7215 62.8986 131.84 31.4166 178.835 22.7407 127.516 51.3196 15.025 30.8599 21.8077 121.858 50.4037 10.0139 71.4541 47.006 40.1955 15.8926 43.225
internal_count=31161 30338 17523 14914 823 12815 13833 2348 11485 1392 647 340 2609 10879 307 12111 1198 10539 1572 956 704 1696 10724 4366 744 6358 1877 1603 732 4134
is_linear=0
shrinkage=0.05


Tree=34
num_leaves=31
num_cat=0
split_feature=16 31 19 37 24 5 38 17 33 38 35 29 37 39 37 0 29 26 40 12 37 41 11 0 16 0 27 39 0 40
split_gain=5.33695 1.96516 2.56772 1.95959 1.54596 1.64613 1.53141 1.48216 1.2753 1.04518 1.61433 0.942193 1.41368 1.18695 1.02618 0.786361 0.746201 0.74022 0.686453 0.656789 0.650173 0.635794 0.808722 0.631424 0.609531 0.606897 0.561377 0.53523 0.443584 0.441354
threshold=-0.45666666328907007 0.48333334922790533 -0.17000000178813932 1.0000000180025095e-35 0.18333333730697635 0.19666665792465213 0.0048093795776367196 0.3966666460037232 0.38333332538604742 0.088602066040039076 -0.056666672229766839 -0.030000001192092892 0.025244712829589847 0.016595917753875259 0.064506053924560561 0.043333351612091071 0.36333334445953375 0.29000002145767217 0.54333335161209118 0.13666665554046634 -0.022203922271728512 0.034397752955555923 -0.33666665852069849 0.41000002622604376 -0.33666665852069849 -0.096666663885116563 0.27666664123535162 0.021850904449820522 0.35666668415069586 0.12333333119750024
decision_type=2 2 2 2 2 2 2 2 2 2 2 2 2 2 2 2 2 2 2 2 2 2 2 2 2 2 2 2 2 2
left_child=3 2 9 4 5 -1 7 -3 -5 15 29 12 13 20 -14 21 17 28 -6 27 -4 24 -23 -21 25 -2 -12 -15 -17 -11
right_child=1 6 11 8 18 -7 -8 -9 -10 10 26 -13 14 19 -16 16 -18 -19 -20 23 -22 22 -24 -25 -26 -27 -28 -29 -30 -31
leaf_value=-0.0041850929400157151 0.01402380369236776 0.020826899766771413 -0.016935797988305537 0.020001024473673509 -0.013777355675272896 0.017238172479908383 -0.0069976487731136369 -0.00076548301164755484 0 0.0062047019143587206 0.01730817079148339 -0.011081375689689289 -0.018496355353930051 0.0051080185378259641 0 -0.0073314977314140641 -0.013292867233595726 0.0040548478890704877 0.00094910166441281572 0.0093371713996309013 0 -0.0092725004043060482 0.0024658202681198788 -0.0046139276314807473 0 0 0 -0.0062560607314052609 0.0028363530794031349 -0.0047881867115825939
leaf_weight=9.2824793886393326 17.992361295968298 16.784657549578704 7.6639673071913421 42.349927241448313 9.8609581463970262 16.06119342520833 5.9352774466387919 8.3098030006512982 9.2290871399454755 6.3675281070172813 19.908891248749573 85.235960439546034 16.045159835135568 9.4072998529300111 13.177702506771309 41.717352627310902 14.472845123615114 25.925117349717766 8.7751097176223976 35.018837315496057 7.5848698674235475 17.2983886487782 29.790378345875069 3.6270327819511285 21.09091636701487 7.4512083441950372 4.2418762668967238 20.807701335288584 6.3231380968354634 23.096300674602389
leaf_count=117 408 185 762 471 163 191 292 132 154 231 531 9193 1760 1122 1516 2057 387 640 121 2808 893 559 1338 282 1244 183 154 1972 318 912
internal_value=0.000162635 -0.00203506 -0.00298501 0.0105974 0.00173745 0.00929489 0.0089134 0.0141048 0.0167496 0.00046241 0.00629473 -0.00709243 -0.00347658 0 -0.0118864 -0.00126822 -0.00458053 -0.00169367 -0.00728602 0.00299985 -0.0103896 0.00169714 -0.00193603 0.00702375 0.00565068 0.0100901 0.0145217 -0.0017675 -0.00536425 -0.00105972
internal_weight=560.833 465.275 434.245 95.5588 43.9797 25.3437 31.0297 25.0945 51.579 235.676 53.6146 198.569 113.333 84.1097 29.2229 182.062 88.4385 73.9656 18.6361 68.8609 15.2488 93.6233 47.0888 38.6459 46.5345 25.4436 24.1508 30.215 48.0405 29.4638
internal_count=31096 29879 29270 1217 592 308 609 317 625 8962 1828 20308 11115 7839 3276 7134 3402 3015 284 6184 1655 3732 1897 3090 1835 591 685 3094 2375 1143
is_linear=0
shrinkage=0.05


Tree=35
num_leaves=31
num_cat=0
split_feature=16 38 30 38 16 38 41 38 39 4 16 9 38 36 3 41 26 36 40 25 13 25 37 39 15 41 15 9 41 1
split_gain=4.31451 1.89067 2.09251 1.80998 1.73189 1.60449 1.42439 1.3293 1.17913 1.15934 1.06848 0.948112 0.931912 0.920191 0.894866 1.31464 0.981782 0.90192 0.827367 0.816313 0.800122 0.956191 0.727539 0.707679 0.693628 0.69078 0.836953 0.663621 0.626434 0.599362
threshold=-0.28333333134651179 0.012786865234375002 -0.30333334207534784 0.012786865234375002 -0.41666667163372034 -0.11537122726440428 0.034298282116651542 0.22018671035766604 0.017839243635535244 -0.21000000834465024 -0.32333332300186152 0.41000002622604376 -0.13281488418579099 -0.48333333432674402 0.24333333969116214 0.026829226873815063 0.27666664123535162 0.29000002145767217 0.86666667461395275 0.31666666269302374 -0.30333334207534784 -0.030000001192092892 0.066391468048095717 0.039532918483018882 -0.30333334207534784 0.038000477477908141 0.29666668176651007 0.46333330869674688 0.025633870624005798 -0.37666666507720942
decision_type=2 2 2 2 2 2 2 2 2 2 2 2 2 2 2 2 2 2 2 2 2 2 2 2 2 2 2 2 2 2
left_child=3 2 9 5 7 20 14 29 -8 13 11 -10 -4 -2 16 28 -7 -18 -15 -14 21 -1 23 24 -3 26 -11 -26 -16 -5
right_child=1 22 12 4 -6 6 8 -9 10 25 -12 -13 19 18 15 -17 17 -19 -20 -21 -22 -23 -24 -25 27 -27 -28 -29 -30 -31
leaf_value=0 -0.0047559398369402183 0 -0.013142304384052422 0 0.001099899310242284 -0.00032294246932803672 0.0032099407019578943 -0.0024853391875353991 -0.019514130768804289 0.0024888817918043743 0.0030537673694525486 0 0.00047848825872808621 0.018600871885855685 0 0.004523010074970346 0.017589193790350049 0 0 -0.009793578933694631 -0.0017053922506537836 0.019866151659270106 -0.0013622504225673879 0.0022497154941665421 -0.015018644038840588 0.0064456247137993491 -0.01458132648358723 0.0010852103754888558 -0.021132254395656927 0.017097717145333674
leaf_weight=8.7178618824109488 1.911373190581801 9.28703655884601 20.139441513456404 7.2226759758777908 53.414813579292968 24.55279394518584 10.134989985730497 7.4086886113509527 24.273405208485201 7.6862276222091195 4.5078470646403757 5.3329302188940337 73.88964412920177 22.547995701665062 5.7916005197912472 12.546382537111638 15.351767957210543 7.2091117575764647 4.9005851084366432 18.343797063454986 6.297796997241675 13.877180573996155 33.084876293549314 4.1626961790025225 67.606688438914716 12.128551192348821 8.0242151110433024 3.0469501742627463 5.4625016087666154 59.659198695560917
leaf_count=227 94 548 1694 111 1921 750 238 139 611 682 163 113 6527 1110 129 331 235 132 280 1842 262 256 2995 300 7035 632 426 329 154 909
internal_value=2.35522e-05 -0.00416769 -0.000563001 0.00453061 0.00873322 0.000438173 -0.00213103 0.0134179 -0.00869968 0.00664365 -0.012812 -0.0160374 -0.00459327 0.0126824 0.00200157 -0.00465435 0.00598058 0.0123427 0.0152795 -0.00178337 0.0100007 0.013811 -0.00889928 -0.0112986 -0.0124028 -0.000105748 -0.00669854 -0.0139674 -0.0143495 0.0155821
internal_weight=558.522 286.76 169.572 271.762 127.705 144.056 115.163 74.2906 44.2492 57.1989 34.1142 29.6063 112.373 29.36 70.9142 23.8005 47.1137 22.5609 27.4486 92.2334 28.8928 22.595 117.188 84.1034 79.9407 27.839 15.7104 70.6536 11.2541 66.8819
internal_count=31175 24494 13287 6681 3080 3601 2856 1159 1125 3224 887 724 10063 1484 1731 614 1117 367 1390 8369 745 483 11207 8212 7912 1740 1108 7364 283 1020
is_linear=0
shrinkage=0.05


Tree=36
num_leaves=31
num_cat=0
split_feature=30 8 14 31 5 24 40 26 39 15 31 41 32 24 9 8 32 34 39 31 38 39 39 37 38 2 6 37 13 38
split_gain=2.76904 2.43201 2.38183 1.95027 1.67344 1.53569 1.41897 1.37278 1.71918 1.33462 1.22733 1.06043 1.12287 0.954719 0.749167 0.73193 0.718827 0.704289 0.639579 0.628086 1.18172 0.748406 1.06978 0.798798 0.771146 0.642462 0.609541 1.40796 0.61646 0.598142
threshold=0.46166664361953741 0.19666665792465213 -0.46999999880790705 0.48333334922790533 0.38333332538604742 0.069999992847442641 0.076666664332151427 0.31666666269302374 0.030262772925198082 -0.2766666561365127 -0.26999998092651362 0.045919001102447517 -0.083333343267440782 -0.090000003576278673 0.48333334922790533 0.40333333611488348 -0.016666665673255917 -0.24333333969116208 0.034798877313733108 -0.2766666561365127 0.0048093795776367196 0.021990424022078518 0.019554697908461097 -0.045586585998535149 -0.068847179412841783 -0.24999999999999997 0.29000002145767217 -0.022203922271728512 -0.236666664481163 0.028881549835205082
decision_type=2 2 2 2 2 2 2 2 2 2 2 2 2 2 2 2 2 2 2 2 2 2 2 2 2 2 2 2 2 2
left_child=1 2 16 7 15 -5 -3 8 19 13 -10 -12 -13 -9 26 -2 -1 -15 -14 -4 21 22 23 -21 -24 -23 27 28 -8 -6
right_child=4 6 3 5 29 -7 14 9 10 -11 11 12 18 17 -16 -17 -18 -19 -20 20 -22 25 24 -25 -26 -27 -28 -29 -30 -31
leaf_value=0 0.020335484222447024 0.0031432030243432676 -2.506919130075181e-05 0.01977878745124215 -0.0073268687251838646 -0.0028851463305170247 0.010447521001392478 -0.0015308913787000541 -0.0076360855929156722 -0.0019893091675079098 0.013354501420578868 -0.0099773136950623148 0.014350845663953244 0 0.0033900921049744431 0.0011932115969930481 0.020250744200605797 0.017257032769736728 -0.0012298507123013416 -0.01332023860700858 -0.01183365885076274 0.0016685327194203283 0.019942291771909072 0.0015716881515744118 0 -0.010681571100770997 -0.014986642050727512 -0.010240455300682905 -0.0029000168165485823 0.007420201444790853
leaf_weight=8.7872493918985146 23.325069268466905 22.971267412649468 48.090381637215614 14.524098105728628 11.791859183227645 6.9459952632896593 10.445231149671601 8.2790183858014625 11.567672884790225 35.651135426247492 25.321056514279917 10.571713648270816 7.2939008725807071 5.7510228389874127 5.5544252558611324 10.488796422258018 13.540199540555475 23.411487029399723 6.3103181931655854 6.2306065994780502 66.269709801767021 8.9225548307877016 5.4248522941488773 22.846979211550209 5.4180569008458388 25.670860381796956 42.607137354556471 44.490545156178996 9.8413127118255925 4.4453967786394051
leaf_count=107 285 1315 2299 182 508 123 303 194 586 2082 1434 774 264 135 353 193 137 426 452 503 5905 675 472 2068 435 2178 2998 2680 828 200
internal_value=-8.75788e-06 -0.00121488 0.000861904 -0.000209094 0.0104933 0.0125078 -0.00679585 -0.00134297 -0.00315786 0.00431571 0.00364464 0.00727201 0 0.0103403 -0.00908419 0.0161003 0.0148136 0.0141076 0.007684 -0.00552996 -0.00716218 -0.00212479 0.00201045 -0.00263918 0.012462 -0.0071045 -0.0100952 -0.00552685 0.00383739 -0.00125248
internal_weight=552.79 502.739 366.829 344.501 50.0511 21.4701 135.91 323.031 249.939 73.0927 61.0647 49.497 24.1759 37.4415 112.939 33.8139 22.3274 29.1625 13.6042 188.874 140.784 74.5139 39.9205 29.0776 10.8429 34.5934 107.384 64.7771 20.2865 16.2373
internal_count=31094 29908 21431 21187 1186 305 8477 20882 18045 2837 3510 2924 1490 755 7162 478 244 561 716 14535 12236 6331 3478 2571 907 2853 6809 3811 1131 708
is_linear=0
shrinkage=0.05


Tree=37
num_leaves=31
num_cat=0
split_feature=27 10 39 4 39 14 38 32 41 9 38 37 40 40 28 36 41 38 41 10 41 19 10 5 14 27 25 23 4 8
split_gain=4.11287 1.98984 1.87231 1.4799 1.44703 1.3873 1.37889 1.37553 1.22579 1.10303 1.09942 1.02822 0.997866 0.958345 1.35711 0.877185 0.864919 0.859849 0.853472 0.835682 1.28692 1.16099 0.813645 0.763553 0.761757 0.755857 0.738386 0.612972 0.580823 0.542526
threshold=-0.18999999761581418 -0.036666661500930779 0.028422865085303787 -0.22999998927116391 0.023636126890778545 -0.3899999856948852 0.22018671035766604 -0.090000003576278673 0.063821967691183104 0.21666666865348819 -0.048531532287597649 -0.017339229583740231 0.096666667610406889 0.2100000008940697 0.23500001430511477 -0.030000001192092892 0.022534978576004509 -0.0027670860290527339 0.039426222443580634 0.096666663885116591 0.038556762039661414 -0.29666668176650995 0.34333333373069769 0.32999998331069952 -0.45666666328907007 -0.43000000715255732 0.41666668653488165 0.083333313465118422 -0.090000003576278673 0.30333334207534796
decision_type=2 2 2 2 2 2 2 2 2 2 2 2 2 2 2 2 2 2 2 2 2 2 2 2 2 2 2 2 2 2
left_child=3 2 5 6 7 -2 26 -5 10 24 11 -7 -3 27 -15 18 -12 22 28 21 25 -17 23 -11 -9 -21 -1 -4 -6 -19
right_child=1 12 13 4 15 8 -8 9 -10 17 16 -13 -14 14 -16 19 -18 29 -20 20 -22 -23 -24 -25 -26 -27 -28 -29 -30 -31
leaf_value=0.015510744665137639 0.0078750999888708428 0 -0.0090308973296314137 -0.0027434511178127262 0 -0.0068108071326013183 -0.0076814268391158097 0.021715479032300995 0.0095571490446932778 -0.018230697725546717 0.005664605179795828 0.0091593989090608379 -0.01047093123705967 0.016141611670672493 -0.0037592429755420177 0.015593191383144772 -0.012366856479403745 0 0 0.010785838701779821 -0.012041128457135349 -0.0049021535243753828 0.00329896644107614 0.0010456195030803164 0.0066473709760495152 -0.0036727965860538733 -0.0010661192507162038 0.0057808127370467238 -0.019367297936339647 0.013864305832254545
leaf_weight=49.106684464495629 15.26055199978873 26.865947055863217 8.0457386451307666 28.486553439637646 2.2780782016925523 15.997897980269046 3.0211681439541271 15.618218787014483 5.261100106406956 6.9773299559019524 1.965196638368069 12.47724754991941 99.939884009771049 27.612100922036916 6.4115006639622143 12.499299107585104 61.600493740988895 9.109711783705281 15.591639277990906 12.340154347242786 15.131950583076103 5.044650256400927 10.240129789803175 3.807273511076346 41.790346342604607 9.9863202804699558 3.6763083515688768 6.7284462600946418 10.433665983611718 9.6817798754200322
leaf_count=1855 399 2013 442 1224 106 1210 159 163 295 191 132 1003 8320 1367 266 171 5818 261 625 252 600 329 339 118 1622 405 225 279 504 399
internal_value=0.000294894 -0.00375422 0 0.00477882 0.00253036 -0.00355438 0.0117328 0.00586514 -0.00594224 0.00864248 -0.00761386 0 -0.00828712 0.00762131 0.0117654 -0.00227796 -0.0110095 0.00120018 -0.00866976 0.00113057 -0.00265433 0.00889063 -0.00454234 -0.011995 0.0128079 0.00402801 0.0139399 -0.00136058 -0.015869 0.00817793
internal_weight=552.987 288.166 161.36 264.821 209.017 112.562 55.8042 125.711 97.3019 97.2248 92.0408 28.4751 126.806 48.7978 34.0236 83.3058 63.5657 39.8162 28.3034 55.0024 37.4584 17.5439 21.0247 10.7846 57.4086 22.3265 52.783 14.7742 12.7117 18.7915
internal_count=31092 21544 11211 9548 7309 8857 2239 4317 8458 3093 8163 2213 10333 2354 1633 2992 5950 1308 1235 1757 1257 500 648 309 1785 657 2080 721 610 660
is_linear=0
shrinkage=0.05


Tree=38
num_leaves=31
num_cat=0
split_feature=16 31 4 19 24 3 28 30 25 10 37 37 15 24 31 7 27 10 3 24 37 12 24 36 40 25 32 15 22 3
split_gain=2.51229 2.03653 1.6658 1.61562 1.47356 1.41462 1.25203 1.20732 1.01136 1.13456 0.809621 0.958362 0.798135 0.793532 0.708562 0.669824 0.667118 0.751143 0.658598 0.589839 0.585157 0.582803 0.562677 0.553291 0.523114 0.817826 0.484463 0.42022 0.553089 0.413656
threshold=-0.45666666328907007 0.48333334922790533 -0.18999999761581418 -0.049999997019767754 0.34333333373069769 0.38333332538604742 0.29666668176651007 0.030000001192092899 -0.023333340883255001 -0.29666668176650995 0.025244712829589847 0.064506053924560561 0.37666666507720953 0.056666672229766853 -0.0099999904632568342 -0.083333343267440782 -0.36333334445953364 -0.049999997019767754 0.22833335399627688 -0.21666666865348813 0.00051307678222656261 -0.049999997019767754 -0.036666661500930779 0.30333334207534796 0.61000001430511486 0.043333351612091071 -0.083333343267440782 -0.37666666507720942 -0.12499999999999999 0.29000002145767217
decision_type=2 2 2 2 2 2 2 2 2 2 2 2 2 2 2 2 2 2 2 2 2 2 2 2 2 2 2 2 2 2
left_child=4 3 -3 8 5 6 23 10 15 -10 24 -12 -4 27 16 21 -15 -18 22 -8 -6 -2 -17 -1 25 29 -26 28 -11 -5
right_child=1 2 12 7 20 -7 19 -9 9 13 11 -13 -14 14 -16 18 17 -19 -20 -21 -22 -23 -24 -25 26 -27 -28 -29 -30 -31
leaf_value=0.0071969784594067016 -0.0082549539707109879 0.018159294546722295 0.0069917098656070743 0.010414949546688423 -0.01197216228379484 -0.0039807745508394117 0.00082631278572052309 -0.0120255337394687 0.013612482759994708 0.00042903094857543842 -0.015905536430733721 6.4925046731014355e-05 -0.009891046905829471 0.014774857397824817 -0.0043166840756339022 -0.0016908038728097867 0.0083218822761952031 -0.0052843219744870091 -0.0060863009447228687 0.018600845116231148 0.0027590873024052722 0.001570881071499588 0.0073405234231718759 -0.0054527476458321768 -0.0095032066184341166 -0.0031320797582751131 0.0011574145153978729 0 -0.013904494587763983 -0.0017393576466129526
leaf_weight=11.602739176712932 60.44033601693809 16.163805963471535 6.5243060940410933 24.626535103423524 7.9006681200116855 11.094149181153623 9.225961893796919 61.230330991558731 15.13503396976739 5.6134033971466115 14.611416070954876 11.679940617876126 8.6390614756382984 14.350609477143733 9.2645985039416683 22.717942813178524 14.125987956300376 13.162921523675324 21.478269173996523 39.241089053452015 5.5442497027106583 12.179344248259438 30.248897443758324 10.092814575880764 15.735590222524481 20.705955953570083 11.711944482289253 34.79282027320005 10.061827343888579 2.8848379522096357
leaf_count=156 3358 241 172 1998 147 173 114 6790 629 148 1616 1352 204 279 549 1097 502 621 1004 451 96 1177 1235 125 1403 2053 1118 1811 286 280
internal_value=-0.000253585 -0.00184691 0.00924929 -0.00283616 0.00685612 0.00945477 0.0120537 -0.00665745 -0.000282008 0.00300876 -0.00271287 -0.00934268 -0.00152288 0.000520564 0.0048504 -0.00306809 0.0077016 0.00123834 3.58575e-06 0.0161401 -0.00563486 -0.00629492 0.00326505 0.000503203 0 0.00313322 -0.00481524 -0.0034553 -0.00892028 0.00831121
internal_weight=552.787 458.086 31.3272 426.759 94.7017 81.2568 70.1626 163.187 263.572 116.507 101.956 26.2914 15.1634 101.372 50.9041 147.065 41.6395 27.2889 74.4451 48.4671 13.4449 72.6197 52.9668 21.6956 75.6649 48.2173 27.4475 50.4681 15.6752 27.5114
internal_count=31185 29923 617 29306 1262 1019 846 16610 12696 4825 9820 2968 376 4196 1951 7871 1402 1123 3336 565 243 4535 2332 281 6852 4331 2521 2245 434 2278
is_linear=0
shrinkage=0.05


Tree=39
num_leaves=31
num_cat=0
split_feature=14 26 0 4 38 5 10 39 38 14 39 40 10 38 26 12 39 3 41 26 39 40 14 10 25 22 14 25 8 38
split_gain=2.94648 1.73616 1.3862 1.16372 1.51988 1.27541 1.1201 1.28489 2.1426 1.4536 1.0579 1.0539 1.03867 0.965181 0.939116 0.822543 0.792037 0.747147 0.770186 0.72943 0.705965 0.712961 0.700962 0.696649 0.69449 0.662351 0.573309 0.814292 0.546175 0.525761
threshold=-0.41666667163372034 -0.15000000596046445 0.41000002622604376 -0.21666666865348813 0.0048093795776367196 0.17000001668930056 -0.036666661500930779 0.030262772925198082 -0.0027670860290527339 0.29000002145767217 0.025967382825911049 0.2100000008940697 0.030000001192092899 0.10373830795288087 0.48333334922790533 -0.0099999904632568342 0.022572816349565986 0.35666668415069586 0.038556762039661414 0.16333335638046267 0.021990424022078518 0.36333334445953375 0.45666664838790899 -0.46999999880790705 -0.20333333313465116 0.17000001668930056 -0.32999998331069941 -0.33666665852069849 -0.12833333015441892 -0.14861774444580075
decision_type=2 2 2 2 2 2 2 2 2 2 2 2 2 2 2 2 2 2 2 2 2 2 2 2 2 2 2 2 2 2
left_child=1 16 6 -3 5 12 7 8 9 20 14 15 -5 24 26 -9 28 18 -7 29 21 -2 -12 -4 -6 -11 -8 -28 -1 -13
right_child=2 3 23 4 13 17 10 11 -10 25 22 19 -14 -15 -16 -17 -18 -19 -20 -21 -22 -23 -24 -25 -26 -27 27 -29 -30 -31
leaf_value=0 0.011825802670467652 0.017687505166514184 0.0037834102847963229 0.0023838810539851042 0 0.013814134348619049 0.0027173812799473583 0.0065107007336332795 -0.0074222174821446567 0.017799259804498816 -0.011353868881317694 0 -0.017008264569581832 0 0.010742644572363905 -0.010277715514058887 0.0023428265238167852 -0.0042559137918615382 -0.0010667703215610405 0 -0.0059465814060398817 -0.0012032162194191469 0.0025904353143816287 -0.013130802198578451 0.018092970178909241 -2.3672996201038036e-05 0.0028795984733207634 -0.0069568160768179099 -0.016679925621730925 0.018085210991698311
leaf_weight=4.2410297349561006 11.937848558882253 24.351237632334232 1.9894085694104422 6.1505896495655206 7.3781583569943896 16.619977110996846 29.138249785872176 8.5884606149047631 62.48255397961475 16.051587276859212 47.906597188906744 2.0632658780086812 10.975888358429073 11.394095950759946 8.5356145249679667 7.8182514277286819 13.959197224583475 9.4468411616981012 8.1901062708348018 8.7261000333819521 22.470274541759863 16.070900352438912 5.1767976311966768 31.851479039993137 26.279791318811476 3.2555903857573858 20.759152515791357 72.697421664604917 7.8331263987347501 22.48379040020518
leaf_count=105 1015 326 70 114 119 212 939 373 5330 504 3659 154 184 172 163 440 335 202 123 415 1940 1361 276 2616 388 133 1667 6517 196 1107
internal_value=3.27554e-05 0.00599383 -0.00214991 0.00852668 0.00506887 -0.000490864 -0.00109113 0.0015739 -0.000902134 0.00473114 -0.00382143 0.00800199 -0.0101513 0.0112121 -0.00104858 -0.000983587 -0.00437334 0.00451096 0.00883924 0.0125426 0 0.00472153 -0.0094459 -0.0110889 0.0149222 0.014513 -0.00252688 -0.00447862 -0.0117214 0.016185
internal_weight=546.823 146.82 400.003 120.787 96.4354 51.3834 366.162 181.949 132.269 69.7862 184.214 49.6799 17.1265 45.052 131.13 16.4067 26.0334 34.2569 24.8101 33.2732 50.479 28.0087 53.0834 33.8409 33.6579 19.3072 122.595 93.4566 12.0742 24.5471
internal_count=31155 2476 28679 1840 1514 835 25993 12772 10283 4953 13221 2489 298 679 9286 813 636 537 335 1676 4316 2376 3935 2686 507 637 9123 8184 301 1261
is_linear=0
shrinkage=0.05


Tree=40
num_leaves=31
num_cat=0
split_feature=17 10 27 24 31 40 5 24 37 2 3 25 25 37 26 26 30 17 31 13 25 24 40 33 40 24 10 14 26 40
split_gain=2.78427 1.18396 1.62916 1.12775 0.977331 0.806529 0.776167 0.862185 0.743477 0.707639 0.651653 0.642122 0.600969 0.654271 0.566627 0.64949 0.627141 0.548614 0.541744 1.0944 1.00439 0.787845 0.688366 0.538736 0.498686 0.469884 0.440574 0.382567 0.38256 0.37775
threshold=-0.4433333277702331 -0.036666661500930779 -0.4433333277702331 0.35666668415069586 -0.30333334207534784 0.030000001192092899 0.25666666030883795 0.11000001430511476 0.064506053924560561 0.14999997615814212 0.25000000000000006 0.32333332300186163 0.31666666269302374 -0.056897163391113274 0.23666667938232425 0.36333334445953375 0.34333333373069769 -0.36333334445953364 0.41000002622604376 -1.0000000180025095e-35 0.043333351612091071 0.18333333730697635 0.11000000312924386 0.1566666662693024 0.89666664600372326 0.26999998092651373 0.096666663885116591 0.4499999880790711 -0.18333333730697629 0.27666667103767401
decision_type=2 2 2 2 2 2 2 2 2 2 2 2 2 2 2 2 2 2 2 2 2 2 2 2 2 2 2 2 2 2
left_child=3 9 6 4 8 23 10 -8 12 18 -3 14 13 -1 16 -16 17 -7 19 20 -2 22 -20 -4 25 29 -6 -19 -13 -11
right_child=1 2 5 -5 26 11 7 -9 -10 24 -12 28 -14 -15 15 -17 -18 27 21 -21 -22 -23 -24 -25 -26 -27 -28 -29 -30 -31
leaf_value=0 0 0.0028193598265824384 -0.0038760688953162837 -0.0067455588211448123 0.0048017736116274497 0 -0.002007321482799963 0.01705977823416769 0 -0.00054156418625068243 -0.011459215371187281 0 0 0.016864591454076216 0.0038834918798770798 -0.0060978646371519394 0 -0.012175242002958112 -0.00017697147978421358 -0.0054124243288981803 0.010422810448829934 -0.0034745871758007883 0.015948926951541698 0.0096115261274796419 0.0031608231742802926 0.00013631116006858576 -0.0074015274818075285 0 -0.015968635624378669 -0.012540183537099035
leaf_weight=7.3639292363077393 55.434440391603857 20.424467586912218 7.4955555701162657 6.8905583145096889 7.9380314215086427 12.92121814121492 4.2501821240875861 10.321304399054496 9.6216881303116661 15.876946725416927 4.9740524920634916 6.5440133409574619 8.6104534040205163 46.186677890364081 28.31668031332083 24.033986966125667 17.16820820257999 57.436007124837488 4.9830951141193571 39.622056304011494 30.639504986815155 5.2466675166506311 16.882207894930616 8.0671070772223157 13.026201189495621 15.413690731162204 8.4178253326099348 5.1345597284380338 26.930937968427315 19.604797012638301
leaf_count=128 3434 548 435 152 199 637 122 277 158 1046 139 710 149 674 1548 1225 1091 5232 141 4077 1506 200 457 501 770 996 212 426 2638 1293
internal_value=-0.000301155 -0.00200231 -0.00443503 0.00716012 0.00887346 -0.00635395 0.00395059 0.0113197 0.0112508 0.000560938 -0.000836152 -0.00733929 0.0131042 0.0148922 -0.00521173 -0.000426296 -0.00747164 -0.00931803 0.00248613 0.000728127 0.0039948 0.0082727 0.0121299 0.00268504 -0.0035022 -0.00580042 -0.000661422 -0.011099 -0.0137294 -0.00862877
internal_weight=545.777 450.748 234.018 95.0292 88.1386 194.048 39.97 14.5715 71.7827 216.73 25.3985 178.486 62.1611 53.5506 145.011 52.3507 92.66 75.4918 152.808 125.696 86.0739 27.112 21.8653 15.5627 63.9216 50.8954 16.3559 62.5706 33.475 35.4817
internal_count=31121 29449 15529 1672 1520 14443 1086 399 1109 13920 687 13507 951 802 10159 2773 7386 6295 9815 9017 4940 798 598 936 4105 3335 411 5658 3348 2339
is_linear=0
shrinkage=0.05


Tree=41
num_leaves=31
num_cat=0
split_feature=16 30 27 37 37 39 37 41 25 37 37 37 10 20 33 29 39 32 16 30 41 39 32 26 7 6 40 40 17 27
split_gain=2.43012 1.67645 1.44292 1.32647 1.05821 2.31637 1.186 1.02566 1.20736 0.845268 1.11398 1.48661 1.38949 0.839496 0.605318 0.844763 0.581147 1.41531 0.525822 0.509025 0.502956 0.484434 0.470131 0.445094 0.435466 0.807539 0.764974 0.63922 0.585746 0.418025
threshold=-0.28333333134651179 -0.30333334207534784 0.18999999761581424 1.0000000180025095e-35 -0.022203922271728512 0.020786932669579986 -0.06939458847045897 0.06874531134963037 -0.063333332538604722 0.0044207572937011727 -0.036983489990234368 -0.06400823593139647 0.083333313465118422 0.35000002384185797 0.38333332538604742 0.31000000238418585 0.021725325845181945 0.32999998331069952 0.30333334207534796 0.17666667699813846 0.045919001102447517 0.017576491460204128 0.030000001192092899 0.46333330869674688 1.0000000180025095e-35 0.17666667699813846 0.72333335876464855 0.69666665792465221 -0.45666666328907007 0.32333332300186163
decision_type=2 2 2 2 2 2 2 2 2 2 2 2 2 2 2 2 2 2 2 2 2 2 2 2 2 2 2 2 2 2
left_child=2 3 7 4 5 -2 -7 8 13 10 11 -10 -12 24 15 -11 17 -14 -5 -4 -6 -21 -9 -3 26 -26 28 -27 -1 -20
right_child=1 23 19 18 20 6 -8 22 9 14 12 -13 16 -15 -16 -17 -18 -19 29 21 -22 -23 -24 -25 25 27 -28 -29 -30 -31
leaf_value=0.012334580067157604 -0.012654599442818611 -0.0062828963179044966 0 0.0012412429996686721 0.019836830197232508 0.01766584743052042 -0.00030020419469480616 -0.014014927541737289 -0.0015624599773965127 0.0039440726003700209 0.0076493696904116103 0.017182766302404066 -0.023624000269776783 -0.0082369429005363492 0 0.019036967387955388 0 0.0016210778851811873 -0.012378147231379694 0.00068006277227201223 0 -0.014494032352243861 0.00062298466134954374 0.0026474753631662378 0.012244902420398888 -0.008266142711243386 -0.0088551697088291321 0.0071024060550554163 -0.00041356001324025713 0
leaf_weight=6.9464206439442924 12.000326581066473 190.90220483462326 13.186057997867467 14.253226852510123 11.327975017949937 13.019640650134532 12.375960234319793 4.4808836476877314 13.024146166862922 23.523469868116081 15.521962978877125 18.70648551825434 7.0702384281903523 14.521596984006463 10.493429819121955 33.5946872131899 11.065877217333762 5.4956375453621149 14.559055378427731 2.5700352713465682 3.1723884253296992 11.898114022100343 4.5108578484505415 7.7227712832391253 19.456751385238022 9.0502447104081494 11.915906945010645 5.5770292477682224 17.677500725723807 4.5826744618825606
leaf_count=101 772 18171 555 1477 706 511 706 103 362 622 338 398 156 324 294 604 271 153 1161 138 192 549 117 417 414 213 306 119 522 348
internal_value=-3.22207e-05 -0.00324353 0.00337089 0.00230507 0.0071739 0.00121428 0.00973007 0.00473614 0.00553272 0.008331 0.00353096 0.00980109 -0.00162392 0.000458012 0.0123258 0.014183 -0.00887411 -0.0142808 -0.00456682 -0.00616788 0.0164703 -0.011168 -0.00769362 -0.00574605 0.00307712 0.00672419 -0.000205732 -0.000833009 0.0040784 -0.00915008
internal_weight=544.204 283.916 260.287 85.2912 51.8963 37.3959 25.3956 232.633 223.641 138.496 70.8843 31.7306 39.1537 85.1455 67.6116 57.1182 23.6318 12.5659 33.395 27.6542 14.5004 14.4681 8.99174 198.625 70.6239 34.084 36.5398 14.6273 24.6239 19.1417
internal_count=31120 24461 6659 5873 2887 1989 1217 5417 5197 3198 1678 760 918 1999 1520 1226 580 309 2986 1242 898 687 220 18588 1675 746 929 332 623 1509
is_linear=0
shrinkage=0.05


Tree=42
num_leaves=31
num_cat=0
split_feature=16 10 10 26 19 31 30 8 1 2 25 7 9 11 19 5 8 28 26 9 31 26 40 26 26 20 8 7 25 8
split_gain=3.18712 1.12168 2.12605 1.13535 0.887314 2.29734 0.880389 1.27792 0.858785 0.736073 0.614906 0.577506 0.923468 0.806823 0.611272 0.529363 0.818162 0.750205 0.502917 0.492241 0.599086 0.60117 0.460688 0.459432 0.456457 0.405131 0.3908 0.389505 0.375384 0.365259
threshold=-0.43000000715255732 0.18333333730697635 0.23666667938232425 -0.16333332657814023 0.3966666460037232 0.48333334922790533 0.46166664361953741 0.41000002622604376 -0.4433333277702331 0.36333334445953375 -0.43000000715255732 -0.016666665673255917 -0.10999999940395354 0.14999997615814212 -0.29666668176650995 0.34333333373069769 0.19666665792465213 0.33666664361953741 0.46333330869674688 0.21666666865348819 -1.0000000180025095e-35 0.030000001192092899 0.70999997854232799 0.46999999880790716 0.48333334922790533 -0.32333332300186152 0.42333334684371954 -0.236666664481163 0.13666665554046634 -0.36333334445953364
decision_type=2 2 2 2 2 2 2 2 2 2 2 2 2 2 2 2 2 2 2 2 2 2 2 2 2 2 2 2 2 2
left_child=1 3 -3 -1 5 9 15 -8 25 11 -10 13 22 29 19 16 -4 -18 -12 20 21 -14 -13 -16 -5 -6 -11 -7 -15 -2
right_child=4 2 6 24 8 27 7 -9 10 26 18 12 14 28 23 -17 17 -19 -20 -21 -22 -23 -24 -25 -26 -27 -28 -29 -30 -31
leaf_value=0 0 -0.014807964001400373 0.0048849809044600144 0.018818117241857238 -0.0035277899942219 0.019409782387198551 0.017162828808143526 -0.00041670012408695495 0.0026729317000840753 -0.010360593359243902 -0.01466323770262027 0.00091454372608630586 0 0.0051658679045909536 -0.0059564471295493844 0.0082785139854008108 0 -0.016433824234218346 0.00054991004866199839 -0.004153469578006031 -0.0045113552763337205 0.012407125333987223 0.012778402946568849 0.005225943762746342 0.0024617541822607473 0.0097579739695078764 0.00090794152170587295 0.00036033038196756561 -0.004121882257487647 -0.0060018594032645659
leaf_weight=11.098743772599844 25.311974512180313 8.608406506944446 9.9138425914570707 30.187540201004595 4.477773651946336 9.1628436413593608 20.991305084200576 11.996919705998151 2.2429342935793093 29.22999406279996 31.757096635643393 23.204210016410798 11.272646226920186 32.80428587179631 55.286280306987464 7.6716374000534406 7.8855004063807455 8.5428770277649146 2.2636670374777159 10.978384981863199 5.1318512372672584 20.528476714156568 15.513645019847898 3.6750575124751768 11.422329388558863 4.3434243174269778 3.7564912224188438 6.9801821438595644 7.1379093902651212 109.83981963200495
leaf_count=251 1977 157 159 436 355 99 277 213 73 2529 2492 1640 461 2821 5664 161 149 153 118 362 167 414 959 159 122 279 353 136 641 7300
internal_value=0.000258155 0.00700061 0.00233809 0.0123407 -0.00183781 -0.000892558 0.00591946 0.0110482 -0.00808647 -0.00190291 -0.0112878 -0.00100487 0.00117905 -0.00293775 -0.00108871 0 -0.00345665 -0.00956531 -0.0130956 0.00262656 0.00552304 0.00826273 0.00730399 -0.0044563 0.0157293 0.00262917 -0.00849385 0.0146315 0.00264038 -0.00480556
internal_weight=543.218 128.319 75.6105 52.7086 414.899 369.814 67.0021 32.9882 45.0849 353.671 36.2637 320.685 145.591 175.094 106.873 34.0139 26.3422 16.4284 34.0208 47.9114 36.933 31.8011 38.7179 58.9613 41.6099 8.8212 32.9865 16.143 39.9422 135.152
internal_count=31077 2078 1269 809 28999 25682 1112 490 3317 25447 2683 22565 9826 12739 7227 622 461 302 2610 1404 1042 875 2599 5823 558 634 2882 235 3462 9277
is_linear=0
shrinkage=0.05


Tree=43
num_leaves=31
num_cat=0
split_feature=19 26 7 24 37 37 32 38 31 31 19 38 9 19 8 37 24 4 37 37 7 26 37 33 13 38 31 38 30 25
split_gain=2.33086 1.31533 1.38344 1.29302 1.28263 1.23704 1.0215 0.891143 1.97583 1.20509 1.16404 0.921981 0.87169 0.692988 0.667051 0.562559 0.496425 0.574672 0.478215 0.457931 0.455579 0.431317 0.705676 0.44243 0.595174 0.4208 0.55215 0.420491 0.452035 0.401157
threshold=-0.45666666328907007 0.46999999880790716 0.32333332300186163 0.22333335876464847 0.00051307678222656261 0.068413257598876967 0.16333335638046267 0.0048093795776367196 0.01666665077209473 0.41000002622604376 0.3966666460037232 0.098306179046630873 -0.056666672229766839 -0.24999999999999997 0.26999998092651373 -0.056897163391113274 -0.30333334207534784 0.29000002145767217 -0.036983489990234368 0.066391468048095717 0.26333332061767584 0.069999992847442641 0.0054216384887695321 -0.036666661500930779 -0.1766666769981384 0.0048093795776367196 -0.43000000715255732 0.0249934196472168 0.41000002622604376 0.25666666030883795
decision_type=2 2 2 2 2 2 2 2 2 2 2 2 2 2 2 2 2 2 2 2 2 2 2 2 2 2 2 2 2 2
left_child=3 2 7 5 20 25 -3 9 11 16 14 29 13 -13 -11 -10 -2 21 -12 -17 -5 -18 23 -23 -25 26 -1 -4 -29 -9
right_child=1 6 27 4 -6 -7 -8 8 15 10 18 12 -14 -15 -16 19 17 -19 -20 -21 -22 22 -24 24 -26 -27 -28 28 -30 -31
leaf_value=0.010398222172895787 -0.0064887563303562372 -0.0009530897509499504 -0.012117920400527657 -0.016074193652831002 0.0080292703239659789 -0.0028564445431025361 0.014539100403657558 -0.0045126120802978682 0.0020216247414990536 0.016403794837726495 -0.0089179980666980116 0.015597461984076487 -0.0013751487133744976 0 -6.7843234590061333e-05 -0.013803011652834965 -0.00064380582614304829 -0.0059053712592232709 0.0041878192059466276 -0.0012455726630207003 0 0.0010381716253719038 -0.002690258985350324 0.016063812499262635 0 0.018634372047357049 -0.0012810103795271193 -0.0061231184512393613 0.0056022660809225654 0.0042389832437062036
leaf_weight=16.72011458966881 22.867278232472017 13.482315392233433 33.777063320158049 6.4268392352387327 12.068750961683689 8.4707833686843497 16.830201654229313 55.029195895185694 3.6949031406547865 23.655794257763777 6.5539268436841667 17.546406107256189 15.871682204306124 6.7594117457047131 3.9811798888258627 42.698732309276238 54.087132258107886 19.841990862740204 7.7017149678431434 15.474513569846748 7.0626054666936398 22.594306079437956 14.650054302066563 16.571222224272791 6.845852283993735 27.055215263739228 10.191107700113209 15.343669936526569 6.1501485400367519 8.7690619253553432
leaf_count=210 2071 326 2869 105 168 115 412 3054 312 710 112 466 985 610 158 4154 4523 1499 184 1424 123 1302 766 457 580 352 173 1619 480 706
internal_value=0.000344517 -0.00108714 -0.00189921 0.00754576 -0.000978165 0.0111801 0.00794112 -0.000647393 -0.0033415 0.00150429 0.00848178 0.000728538 0.00634328 0.0114827 0.0136989 -0.0100097 -0.00044236 0.000640196 -0.00146012 -0.011281 -0.0103106 0.00221627 0.00496984 0.00791847 0.0121414 0.0138656 0.00578854 -0.008889 -0.00136836 -0.00269054
internal_weight=538.773 450.778 420.465 87.9954 25.5582 62.4372 30.3125 365.194 165.844 199.35 41.8926 103.976 40.1775 24.3058 27.637 61.8681 157.458 134.591 14.2556 58.1732 13.4894 114.749 60.6614 46.0114 23.4171 53.9664 26.9112 55.2709 21.4938 63.7983
internal_count=31025 29779 29041 1246 396 850 738 24073 11711 12362 1164 5821 2061 1076 868 5890 11198 9127 296 5578 228 7628 3105 2339 1037 735 383 4968 2099 3760
is_linear=0
shrinkage=0.05


Tree=44
num_leaves=31
num_cat=0
split_feature=17 38 39 26 41 10 4 33 5 3 38 27 26 31 38 38 39 15 30 16 37 39 19 6 33 17 37 31 41 22
split_gain=2.14514 2.1769 2.59342 1.03682 1.27662 1.04197 0.946054 0.947383 0.777611 0.748458 0.807783 0.873604 0.678705 0.619045 0.595377 1.10318 1.27679 1.37265 1.01159 0.958802 0.871138 0.715114 0.657017 0.514882 0.502708 0.548261 0.481994 0.46354 0.687486 0.458071
threshold=-0.4433333277702331 0.012786865234375002 0.030262772925198082 0.26333332061767584 0.062321202829480178 0.056666672229766853 -0.10333332419395445 0.31666666269302374 0.17666667699813846 0.20999997854232791 -0.030695438385009762 -0.4433333277702331 0.43666666746139532 -0.41666667163372034 -0.11537122726440428 -0.048531532287597649 0.028243753127753738 -0.36333334445953364 -1.0000000180025095e-35 -0.30333334207534784 -0.10021543502807616 0.032452378422021873 0.36333334445953375 -0.096666663885116563 0.46333330869674688 -0.2766666561365127 -0.033434391021728509 -0.18999999761581418 0.029677705839276317 -0.3899999856948852
decision_type=2 2 2 2 2 2 2 2 2 2 2 2 2 2 2 2 2 2 2 2 2 2 2 2 2 2 2 2 2 2
left_child=1 6 -3 4 14 -6 -1 8 -8 10 12 23 -5 -10 27 19 17 -17 21 -16 -19 -18 -21 -12 25 -22 -9 -2 -29 -30
right_child=3 2 -4 9 5 -7 7 26 13 -11 11 -13 -14 -15 15 16 18 20 -20 22 24 -23 -24 -25 -26 -27 -28 28 29 -31
leaf_value=0.0089464710478740685 0 0.019331824006493324 -0.0058025789773966819 0.012133118277043945 0.011297534525132486 -0.0057809838136158483 -0.0082696636458126204 0 0.012480087173836862 -0.0030941005701311491 -0.0011967006573243137 -0.004054137329873495 0 -0.0019209359888643321 -0.0066442280780857222 0.0017711404078282246 0.015674219310873608 0.006357594192542896 -0.0045272096562017057 0.010143214382315571 -0.0020241911987743558 0 -0.0025349439407277839 0.012628797108188945 0.0019449482992281869 -0.012632845980359087 -0.019535633942826716 0.0014790031330148038 0 -0.018176740488397507
leaf_weight=10.866152098169549 10.6568256332539 35.873974360991269 8.7160608991980535 31.47973488131538 19.869290698785338 6.9368077309336504 8.1374962879344839 4.8843793803825974 9.918137832079081 46.116852390347049 4.7444862038828441 39.976935823448002 16.817024557152763 6.7898370129987624 11.352966696955262 28.73876477079466 10.49092466151342 2.674050814472138 19.011944259749725 29.620967948809266 23.71897617680952 9.8409905112348479 7.57991092163138 10.930271824588996 2.9653468192555001 89.813208310864866 6.0702121304348093 2.583905061241242 1.9476250864099736 19.428225053939968
leaf_count=208 695 603 160 1342 1007 676 183 112 120 2253 146 2401 432 135 458 1005 757 160 1209 2773 1626 625 484 323 292 9169 110 207 117 1402
internal_value=-8.86612e-05 0.00660145 0.0138191 -0.00157803 -0.00329479 0.00586695 -0.000609053 -0.00497533 0.000232739 0.00165808 0.00404757 0 0.00838853 0.00656559 -0.00440104 -0.00317995 -0.0049444 -0.00705891 0.00233579 0.00296202 -0.00937087 0.00927194 0.00698798 0.00811779 -0.0102297 -0.0108385 -0.0141642 -0.0104051 -0.0136182 -0.0162806
internal_weight=538.552 91.2563 44.59 447.296 297.231 26.8061 46.6662 35.8001 24.8455 150.065 103.948 55.6517 48.2968 16.708 270.425 235.808 187.254 147.91 39.3439 48.5538 119.172 20.3319 37.2009 15.6748 116.498 113.532 10.9546 34.6166 23.9598 21.3759
internal_count=31190 1631 763 29559 22662 1683 868 660 438 6897 4644 2870 1774 255 20979 18558 14843 12252 2591 3715 11247 1382 3257 469 11087 10795 222 2421 1726 1519
is_linear=0
shrinkage=0.05


Tree=45
num_leaves=31
num_cat=0
split_feature=16 38 15 9 39 38 2 40 12 39 13 16 37 41 32 29 39 21 3 37 40 41 30 26 39 37 40 38 39 22
split_gain=1.98805 1.07759 1.09301 0.970666 1.5647 1.42149 1.42797 1.21749 1.49298 0.957132 1.02628 0.869852 1.22924 1.04097 0.705112 0.667898 0.644041 0.63029 0.623293 0.604302 0.603705 0.821541 0.603599 0.698364 0.556346 0.555765 0.555538 0.589051 0.548845 0.553043
threshold=-0.46999999880790705 0.0048093795776367196 -0.48333333432674402 -0.10999999940395354 0.028422865085303787 -0.037744045257568352 -0.24333333969116208 0.18333333730697635 -0.26999998092651362 0.02481290698051453 0.1566666662693024 -0.32999998331069941 -0.058910369873046868 0.062321202829480178 0.31000000238418585 0.37666666507720953 0.023138695396482948 0.2833333313465119 0.23500001430511477 0.050316810607910163 0.43333333730697637 0.039426222443580634 -0.30333334207534784 0.46999999880790716 0.022589469328522686 -0.022203922271728512 0.40666666626930242 -0.0027670860290527339 0.043142672628164298 -0.3899999856948852
decision_type=2 2 2 2 2 2 2 2 2 2 2 2 2 2 2 2 2 2 2 2 2 2 2 2 2 2 2 2 2 2
left_child=1 2 -1 4 5 6 -2 -6 -9 10 14 -7 -13 19 18 -3 25 -10 -5 26 24 -22 -11 28 -8 -12 27 -14 29 -24
right_child=3 15 -4 9 7 11 20 8 17 22 16 12 13 -15 -16 -17 -18 -19 -20 -21 21 -23 23 -25 -26 -27 -28 -29 -30 -31
leaf_value=-0.008394279717196005 0.014547822891848134 0 0.0074356796036358468 0.0018340390856900713 -0.0032292932981493796 0.0028224503008018086 0.010812240724287228 -0.0020306744019882362 0.019796580923045492 0.0033144494677843136 -0.016554287844177451 0.0079961541387525599 0.0028211754024829103 0.0040908298060627199 0.0086120841120025087 0.016501040367452906 0.0036563325932770182 0 -0.0061026946481710781 0 -0.012382407648791633 0.0047297746894217089 0 0.0019678794114649256 -0.0029557912518605074 -0.0023394587197503765 -0.020420181585949403 -0.0099403236900534337 0.00031815723060009507 -0.011714627961332654
leaf_weight=13.120743361301718 16.949245993513614 9.3018154297023994 19.054157582577318 87.227675172733143 11.538994757924227 18.460932302288711 8.8224583845585567 9.7765259675215912 25.264831309905279 7.2466347855515769 12.274963043630121 4.8303719710092983 7.1888247069437048 6.0184930148534468 21.786231839330867 25.963177029974759 5.319273237604647 6.2101968550123265 27.434062510030344 9.5523973996750993 12.989804498851301 4.5277734531555316 8.3420812087133509 10.159749826183541 6.5380440107546738 23.188341557746753 20.711483618244529 17.647802169900391 8.3077218709513527 72.303699308540672
leaf_count=187 827 117 238 4777 568 492 553 356 1265 570 1222 325 580 351 984 295 552 314 1403 938 919 347 609 278 431 2613 1916 1687 537 4789
internal_value=0 0.00768683 2.06895e-05 -0.00115038 0.00153006 -0.00123743 0.00486715 0.00840065 0.0121799 -0.00299954 -0.000535851 -0.00520134 -0.00784293 -0.0100701 0.00144785 0.0130554 -0.00704166 0.0168794 -6.67542e-05 -0.0122759 -0.000955329 -0.00681811 -0.00663452 -0.00774745 0.00459746 -0.00954613 -0.0144198 -0.00560563 -0.0091746 -0.0103953
internal_weight=538.059 67.4399 32.1749 470.619 187.028 134.238 49.8273 52.7905 41.2516 283.59 177.231 84.4103 65.9494 61.119 136.448 35.265 40.7826 31.475 114.662 55.1005 32.8781 17.5176 106.36 99.1133 15.3605 35.4633 45.5481 24.8366 88.9535 80.6458
internal_count=31040 837 425 30203 11869 9366 3077 2503 1935 18334 11551 6289 5797 5472 7164 412 4387 1579 6180 5121 2250 1266 6783 6213 984 3835 4183 2267 5935 5398
is_linear=0
shrinkage=0.05


Tree=46
num_leaves=31
num_cat=0
split_feature=14 5 40 27 8 39 31 41 14 37 32 37 32 31 41 40 26 10 4 18 24 37 37 39 40 18 12 15 31 41
split_gain=1.84118 1.11365 1.24148 0.948535 1.59494 0.857907 0.896908 0.870559 0.882112 0.806249 1.2465 0.583277 0.629916 0.735976 0.896304 0.553134 0.552111 0.549011 0.540732 0.501323 0.486723 0.466504 0.500937 0.415911 0.406884 0.404148 0.370733 0.564364 0.548997 0.484598
threshold=-0.45666666328907007 0.38333332538604742 0.89666664600372326 -0.31666666269302363 -0.090000003576278673 0.028243753127753738 0.48333334922790533 0.045919001102447517 -0.22999998927116391 -0.056897163391113274 0.23000001907348636 0.064506053924560561 0.32999998331069952 -0.37666666507720942 0.029546572826802734 0.19666666537523272 0.21666666865348819 -0.04333332180976867 0.1566666662693024 0.16333335638046267 -0.32999998331069941 -0.032081604003906243 0.010804653167724611 0.024197591468691829 0.90333333611488353 -0.41666667163372034 -0.32333332300186152 -0.2766666561365127 -1.0000000180025095e-35 0.034736000001430518
decision_type=2 2 2 2 2 2 2 2 2 2 2 2 2 2 2 2 2 2 2 2 2 2 2 2 2 2 2 2 2 2
left_child=1 2 11 20 5 6 15 17 -9 10 -6 12 13 14 -1 -5 -3 -7 -11 23 -2 -17 -23 -20 25 -24 29 28 -28 -22
right_child=3 16 -4 4 9 7 -8 8 -10 18 -12 -13 -14 -15 -16 21 -18 -19 19 -21 26 22 24 -25 -26 -27 27 -29 -30 -31
leaf_value=0.00070319355003556176 -0.0052602375134840227 0.0027483104279942975 -0.0022914324607672398 0.0018811208765239344 0.0087860989994721778 0.014648368682546889 0.0098121500988416141 0.0077657757930677017 -0.0087011647212685631 -0.009393126745467717 -0.0089892015830213886 0 0 0.0011045285305712005 0.022798343226436538 -0.011658285711325317 -0.012353755986427144 -0.00043836844508420708 0.0059954564964574764 -0.0064904636601968105 0.0048607589511359519 0.0032035699772701084 0.0016504968904979202 -0.0040372386427073841 0.0016207284869246188 -0.010818588751508179 0.013771322411139559 0.0014428710785163584 0 -0.0050177304713812029
leaf_weight=8.5684805084019811 8.3174705498386157 5.4503949442878348 13.481091454625128 34.122213708236814 18.710496607469398 21.987809956306595 10.623351902700959 9.561427734326573 10.732364685274659 83.804407717660069 9.8428115355782193 9.1848077140748483 7.6862216219305983 11.168769073672598 27.246571097755805 15.689587341155855 4.9730281550437212 3.3147328922059378 18.992786671500657 27.709258537972346 19.153637652983889 19.930880294181406 2.4990029535256353 9.5340922002214921 6.8765828956384203 20.651454900158573 23.642866907641295 46.432962529594079 6.8304458316415539 18.513465648517013
leaf_count=113 484 117 185 2836 1298 979 154 290 830 6881 857 130 102 175 325 1364 88 292 1298 2955 437 1703 80 604 599 1911 563 2676 239 455
internal_value=0.000756513 0.00714774 0.00929078 -0.000519803 -0.00197833 0.00152175 -0.000727196 0.00690258 0 -0.00530093 0.0014382 0.0120807 0.013859 0.0158006 0.0189695 -0.00257873 -0.00481561 0.0121681 -0.00684881 -0.0021155 0.0030513 -0.0052092 -0.00170419 0.00179942 -0.00564671 -0.0085523 0.00409376 0.00596257 0.0107937 0
internal_weight=535.233 87.7594 77.3359 447.474 324.583 155.989 110.393 45.5963 20.2938 168.594 28.5533 63.8549 54.67 46.9838 35.8151 99.7697 10.4234 25.3025 140.041 56.2361 122.891 65.6475 49.9579 28.5269 30.027 23.1505 114.573 76.9063 30.4733 37.6671
internal_count=31020 1235 1030 29785 24931 11038 8647 2391 1120 13893 2155 845 715 613 438 8493 205 1271 11738 4857 4854 5657 4293 1902 2590 1991 4370 3478 802 892
is_linear=0
shrinkage=0.05


Tree=47
num_leaves=31
num_cat=0
split_feature=27 10 41 19 4 36 9 32 9 31 19 38 10 3 39 41 15 20 41 41 36 6 11 37 37 33 31 41 38 31
split_gain=2.14476 1.53554 1.11771 1.0342 0.985331 0.89877 1.51431 0.795899 1.1711 1.71921 1.40764 1.07304 1.01478 0.779334 0.779164 1.42038 0.876101 0.698133 0.675112 0.631338 0.554527 0.493102 0.464844 0.700501 0.447618 0.440778 0.593546 0.428043 0.42295 0.406197
threshold=-0.15000000596046445 -0.036666661500930779 0.062321202829480178 0.38999998569488531 -0.22333332896232602 0.35000002384185797 0.38999998569488531 0.030000001192092899 0.24333333969116214 -0.16333332657814023 -0.31666666269302363 0.0048093795776367196 0.42333334684371954 0.18999999761581424 0.030629945918917659 0.045919001102447517 -0.29666668176650995 -0.21666666865348813 0.056480605155229575 0.042110387235879905 0.069999992847442641 0.12333333492279054 -0.049999997019767754 -0.039820194244384759 0.10350275039672853 0.35000002384185797 0.043333351612091071 0.062321202829480178 -0.0020518302917480464 -0.28333333134651179
decision_type=2 2 2 2 2 2 2 2 2 2 2 2 2 2 2 2 2 2 2 2 2 2 2 2 2 2 2 2 2 2
left_child=4 2 3 14 5 24 -7 13 9 10 -9 12 22 18 17 16 -16 28 20 -15 -6 -11 23 -10 27 -13 -27 -1 -2 -19
right_child=1 -3 -4 -5 7 6 -8 8 11 21 -12 25 -14 19 15 -17 -18 29 -20 -21 -22 -23 -24 -25 -26 26 -28 -29 -30 -31
leaf_value=0.014846093866873109 0.0093460857634757571 -0.0071574330317147779 0.010940227465755606 -0.012274925188399739 -1.9095633414374729e-05 -0.012079949550016877 0.010968859390878577 0.01605766875077436 0 0.0051312741511462126 -0.0036463682835681877 -0.00046425587524729262 0.0038696778329254857 -0.013583831025384189 -0.0024379632208009613 -0.0050770207877908194 0.017166493516708108 0.0016961128377314628 -0.0083844658734360308 0.00016778161038463659 0.0095430764882600636 -0.0055249416556079223 0 -0.020544292752397969 -6.1333246385629635e-05 0.01448986310612236 -0.0020923494391544097 0 -0.0011347650914496903 -0.0062988047476260052
leaf_weight=37.956826916662976 12.48798518907279 108.95065175835043 16.003362428862602 12.278041660087181 29.023731051245704 8.422996026696639 7.9724177510943255 43.056704645510763 6.5031136623583796 11.320602888939904 6.3585770609788588 10.195171542698519 8.7744125314056856 14.871920942328872 3.0338009130209747 10.549214388476683 17.37217132630758 12.524010827066375 8.0991995353251678 7.9949414147995403 17.410940696485341 20.306989383418113 5.5512944995425668 10.833977380301802 2.7410044963471583 10.439205568050964 2.5747956905979654 2.8029670696705571 10.368438787292687 56.070092117646709
leaf_count=1617 917 9700 744 716 1398 421 331 708 155 503 280 386 324 688 92 668 758 657 327 342 675 1177 346 270 104 316 254 124 970 5133
internal_value=0.000377196 -0.00279159 0.000358683 -0.0011339 0.00347336 0.00892783 0 0.00162548 0.00393289 0.00759631 0.0129508 -0.00128251 -0.00705764 -0.00211801 0.000310273 0.00663434 0.0134134 -0.0018505 0.000900807 -0.00887428 0.00377124 -0.000836296 -0.0120458 -0.0151464 0.0123084 0.00557159 0.0102693 0.0135761 0.00447789 -0.00448492
internal_weight=532.85 259.638 150.687 134.684 273.212 59.8962 16.3954 213.316 135.915 81.0429 49.4153 54.872 31.6628 77.4007 122.406 30.9552 20.406 91.4505 54.5339 22.8669 46.4347 31.6276 22.8884 17.3371 43.5008 23.2092 13.014 40.7598 22.8564 68.5941
internal_count=31101 20355 10655 9911 10746 2597 752 8149 4719 2668 988 2051 1095 3430 9195 1518 850 7677 2400 1030 2073 1680 771 425 1845 956 570 1741 1887 5790
is_linear=0
shrinkage=0.05


Tree=48
num_leaves=31
num_cat=0
split_feature=27 10 39 40 14 2 8 30 38 21 21 10 28 40 28 31 30 17 32 1 24 39 12 4 39 4 6 38 2 10
split_gain=1.50177 1.29509 1.03918 1.42984 0.834646 0.825573 1.09371 0.843306 0.774527 0.731621 1.08632 0.729449 0.651838 0.641993 0.626285 0.607445 0.603589 0.598792 0.581921 0.704096 0.544867 0.522715 0.501499 0.469307 0.515096 0.464602 0.4588 0.450691 0.443959 0.399871
threshold=-0.14333333075046537 -0.036666661500930779 0.030262772925198082 0.2100000008940697 -0.41666667163372034 -0.236666664481163 0.26333332061767584 0.46166664361953741 -0.037744045257568352 0.41000002622604376 0.01666665077209473 0.26999998092651373 0.24333333969116214 0.11000000312924386 0.12999999523162845 0.48333334922790533 0.48166668415069586 -0.26333332061767573 -0.030000001192092892 0.29000002145767217 1.0000000180025095e-35 0.038674836978316314 -0.049999997019767754 -0.030000001192092892 0.013491799123585226 -0.056666672229766839 0.31666666269302374 -0.079872131347656236 0.32333332300186163 0.25666666030883795
decision_type=2 2 2 2 2 2 2 2 2 2 2 2 2 2 2 2 2 2 2 2 2 2 2 2 2 2 2 2 2 2
left_child=5 2 4 22 -2 6 21 9 27 10 23 -8 17 28 -11 -6 -15 -5 -12 25 -13 26 -4 -7 -25 -20 29 -9 -3 -1
right_child=1 13 3 12 15 7 11 8 -10 14 18 20 -14 16 -16 -17 -18 -19 19 -21 -22 -23 -24 24 -26 -27 -28 -29 -30 -31
leaf_value=0.016340922882697454 0.0079575892753799681 0.0042566275081189651 0.0018832446242657752 0 -0.0056445631394584092 2.0181695130830815e-05 -0.012277085805021208 0.0049093375544283892 0.012027539018921521 0.002932970832975266 -0.0007170648719374064 -0.0033816449354859752 -0.0011915712835452318 -0.010039325108113341 -0.012306766773033403 0.0049241418715966221 0.0031598913574868988 0.017231648172996623 0 -6.1074126728112398e-05 0.010580864111869917 -0.00048047971092388293 -0.011563102174876995 0.0033418711166873123 -0.009120762396122712 0.012447341103643719 0 -0.0087873797970278861 -0.0072974859468598538 0.0003601983053654282
leaf_weight=30.389521743403748 9.5657119788229448 17.459616391453896 6.9918379881419241 5.3774471494834897 87.041196755133569 34.632144675124437 4.9597267252393094 4.8746409204322845 22.064445183379576 3.6058878607582328 29.918330754386261 6.8758616901468468 3.9703720703255376 76.968118488788605 15.985369181493295 8.6583325909450632 3.8441253602504721 21.349855323322121 7.864233899395912 18.507724339142442 6.9825841169804335 4.307662130566313 6.5015715942718071 3.7901117673609397 35.095777741633356 33.047529449453577 2.8001209408976129 5.6473516558762622 6.8599562570452681 8.3856065166182798
leaf_count=1176 222 1535 288 246 8207 1676 258 112 425 197 1443 338 203 7305 564 135 181 956 281 725 258 153 356 139 1594 1097 118 124 497 329
internal_value=-5.60309e-05 -0.00284481 2.89495e-05 0.00614914 -0.0025087 0.002401 0.00713602 0.00070815 0.00747889 -0.000568112 0.000505378 -0.00164106 0.0116825 -0.00693612 -0.00849489 -0.00420845 -0.00894848 0.0142267 0.00421264 0.00691505 0.0034658 0.0109911 -0.00487807 -0.00366316 -0.00706475 0.010208 0.0126159 -0.00145033 0 0.0139546
internal_weight=534.323 254.588 149.456 44.1911 105.265 279.735 64.7011 215.034 32.5864 182.447 162.856 18.8182 30.6977 105.132 19.5913 95.6995 80.8122 26.7273 89.3378 59.4195 13.8584 45.8829 13.4934 73.518 38.8859 40.9118 41.5752 10.522 24.3196 38.7751
internal_count=31138 20131 10613 2049 8564 11007 2630 8377 661 7716 6955 854 1405 9518 761 8342 7486 1202 3546 2103 596 1776 644 3409 1733 1378 1623 236 2032 1505
is_linear=0
shrinkage=0.05


Tree=49
num_leaves=31
num_cat=0
split_feature=30 25 2 27 39 23 38 25 25 8 29 32 40 9 39 31 29 40 26 1 31 20 1 4 33 25 27 9 40 25
split_gain=2.19281 1.24397 1.3007 1.28344 1.30309 0.871193 0.857736 0.783626 0.808742 0.762847 0.605327 0.576643 1.20062 1.16646 1.36836 2.37653 1.04521 0.864762 0.829286 0.826901 1.40227 0.761063 0.700641 0.661825 0.56772 0.702479 0.551639 0.593231 0.494837 0.494293
threshold=0.46166664361953741 0.33666664361953741 -0.236666664481163 -0.17000000178813932 0.030262772925198082 0.19666665792465213 0.0249934196472168 -0.069999992847442613 0.32333332300186163 0.12333333492279054 -0.049999997019767754 -0.049999997019767754 0.74333333969116222 0.26333332061767584 0.030629945918917659 -0.28333333134651179 0.20166665315628055 0.85666668415069591 0.3966666460037232 0.32166665792465216 -0.29666668176650995 0.37666666507720953 0.20333331823349002 -0.29666668176650995 0.31000000238418585 -0.15000000596046445 0.27666664123535162 0.25000000000000006 0.14000000059604648 -0.11666667461395262
decision_type=2 2 2 2 2 2 2 2 2 2 2 2 2 2 2 2 2 2 2 2 2 2 2 2 2 2 2 2 2 2
left_child=1 2 3 4 5 -1 9 -2 -9 -3 -5 12 23 14 15 16 -13 18 -17 20 -16 -18 26 -4 25 -15 27 -14 -25 -22
right_child=7 6 11 10 -6 -7 -8 8 -10 -11 -12 13 22 24 19 17 21 -19 -20 -21 29 -23 -24 28 -26 -27 -28 -29 -30 -31
leaf_value=0.016517436773526958 0 0 0.00770064916248836 0.0029412840556490979 -0.0020274244125671787 -0.0023087629520865158 0 0.017574863592724567 1.0218862657477627e-05 -0.016621914686363648 -0.0068277350760580684 -0.0034214532819433208 -0.018351652530642675 0 -0.0043929026817361569 -0.011131826336900311 0.014996274616060899 0.0022741064480555485 0.0013480090956081467 -0.0021161902459877883 0.00016313623414142091 -0.00084504349790371323 0 -0.0070212336286336555 0 -0.017479076848407837 0 0 0.00044404412660771438 0.020989294960235216
leaf_weight=34.386816178448498 10.944773503113536 10.734825611347334 14.066080659627913 39.44051277032122 11.652593826409428 3.0314810338895759 20.545883297221735 23.494023724459112 12.186169039923696 21.232603162061423 18.039598086383194 8.7831018352881056 23.122645894065506 8.7660307853948343 4.6247761868871775 47.581409547477961 28.324715205701068 19.170111051993445 11.645118891727178 6.1827182841952881 6.1506821615621474 5.2679777937009922 13.148749612504615 28.353559757117182 17.225669194711372 11.399799208156763 5.4430519968736908 2.992015824886038 45.680606414563954 18.375230446923524
leaf_count=1299 199 828 897 2921 435 129 1927 460 505 1911 1341 419 1510 482 171 3675 609 1328 368 388 310 146 937 1893 1055 598 461 218 2942 658
internal_value=0.000134547 -0.000859133 8.24436e-06 0.00470865 0.0101768 0.0143081 -0.00770369 0.00987242 0.0130407 -0.0121631 -8.63664e-05 -0.00150869 -0.00397633 0.000128302 0.00219211 -0.000282336 0.00836454 -0.00551484 -0.00839648 0.010068 0.0132836 0.012129 -0.0101211 -0.000145951 -0.00702346 -0.0116639 -0.0135992 -0.0161005 -0.00241467 0.0176441
internal_weight=531.993 485.368 432.855 106.551 49.0709 37.4183 52.5133 46.625 35.6802 31.9674 57.4801 326.304 132.807 193.497 156.106 120.772 42.3758 78.3966 59.2265 35.3334 29.1507 33.5927 44.7065 88.1002 37.3915 20.1658 31.5577 26.1147 74.0342 24.5259
internal_count=31020 29856 25190 6125 1863 1428 4666 1164 965 2739 4262 19065 8858 10207 8072 6545 1174 5371 4043 1527 1139 755 3126 5732 2135 1080 2189 1728 4835 968
is_linear=0
shrinkage=0.05


Tree=50
num_leaves=31
num_cat=0
split_feature=4 30 36 10 39 26 1 16 41 37 3 25 30 14 38 7 8 10 19 14 36 10 37 14 36 3 10 5 39 37
split_gain=1.36061 1.61329 0.908064 0.8899 0.774062 0.731778 0.743867 0.826061 0.807044 0.709896 0.667746 0.616668 0.592113 1.12335 0.633862 0.552277 1.06507 0.843409 0.657734 0.603517 0.546762 0.524096 0.521726 0.509803 0.490341 0.480329 0.455057 0.461821 0.443378 0.441336
threshold=0.43000000715255743 0.46166664361953741 0.3966666460037232 -0.29666668176650995 0.013899363577365877 0.25666666030883795 0.35500001907348638 -0.24333333969116208 0.062321202829480178 -0.06939458847045897 0.26333332061767584 -0.3899999856948852 -0.30333334207534784 -0.32333332300186152 0.012786865234375002 -0.090000003576278673 -0.030000001192092892 0.21666666865348819 -0.17000000178813932 -0.48333333432674402 -0.48333333432674402 0.069999992847442641 -0.033434391021728509 1.0000000180025095e-35 0.32333332300186163 0.23500001430511477 0.043333351612091071 -0.2766666561365127 0.025245379656553272 0.011497497558593752
decision_type=2 2 2 2 2 2 2 2 2 2 2 2 2 2 2 2 2 2 2 2 2 2 2 2 2 2 2 2 2 2
left_child=1 3 -3 4 -1 15 7 8 9 -7 12 -9 14 -14 20 17 18 19 -17 -5 -6 -13 -18 -22 -11 -8 -24 -28 -4 -2
right_child=29 2 28 5 10 6 25 11 -10 24 -12 21 13 -15 -16 16 22 -19 -20 -21 23 -23 26 -25 -26 -27 27 -29 -30 -31
leaf_value=-0.0074432334609429943 -0.013321618246088424 0.014373124995031343 -0.0068290641959091935 0.0048550631921786937 -0.00012859414483714138 -0.0032617848847387009 0.0011099326322400376 0.0077072709479337051 -0.0063800264031857942 0.010199169967292254 -0.0033946391369256966 0.00041539688415649742 0.0095450232100055803 -0.0066844808510394607 0 0.0087860513363571379 0.00096562022718352919 0.0015253426571232125 -0.0020138056802274781 -0.0099702571527603562 0 -0.0095579170062938135 0 0.017264977012489774 0 -0.012216601122041773 0 -0.011537410706809437 0.0060346847103883204 0
leaf_weight=6.9209083779714993 18.568502931622792 25.039679513778538 7.368627723772077 1.7036942690610875 3.2144049280323008 8.5092918323352915 4.9881687918677917 4.6682952865958205 6.4459707280620924 61.342796112177894 11.767850985052062 15.776377872098235 13.792864908697085 16.596455177525058 13.911268296884371 28.87885291990824 25.672718518646434 19.251827635103837 15.291025531711055 65.174761390779167 5.3860462103039088 21.713506383122876 25.027348874136806 26.995681036729366 11.548247492639346 9.6780895872507227 6.4798862128518513 33.275937639642507 7.3173925839364529 11.286461449693887
leaf_count=549 1365 381 192 21 123 197 235 216 160 1340 776 1143 341 1416 1287 1147 1825 1529 1657 4958 398 1833 1948 1148 315 451 539 2603 140 951
internal_value=-7.7815e-05 0.000538958 0.0095178 -0.00028825 0.00372317 -0.00148043 0.00113194 0.00257261 0.00531188 0.00689822 0.00522771 -0.00256684 0.00693714 0.000353889 0.0100527 -0.00328732 -0.000972146 -0.00633571 0.00475527 -0.00888093 0.0131511 -0.00530784 -0.00414988 0.0149347 0.00855905 -0.00746806 -0.00644029 -0.00943545 0 -0.0095305
internal_weight=533.593 503.738 39.7257 464.012 98.5855 365.427 144.671 130.004 87.8463 81.4003 91.6646 42.1582 79.8967 30.3893 49.5074 220.756 134.626 86.1303 44.1699 66.8785 35.5961 37.4899 90.4559 32.3817 72.891 14.6663 64.7832 39.7558 14.686 29.855
internal_count=31184 28868 713 28155 6038 22117 5890 5204 2012 1852 5489 3192 4713 1757 2956 16227 9719 6508 2804 4979 1669 2976 6915 1546 1655 686 5090 3142 332 2316
is_linear=0
shrinkage=0.05


Tree=51
num_leaves=31
num_cat=0
split_feature=27 41 31 19 8 39 0 29 41 7 12 39 40 15 39 40 39 39 41 10 21 16 34 0 41 40 41 14 13 5
split_gain=1.43672 1.49375 1.11765 1.4476 0.961372 1.50298 0.997621 0.961483 0.919779 1.10777 0.868784 0.729684 1.08954 0.964238 0.921322 0.814214 0.795206 0.794635 0.893675 0.693058 0.62934 0.616687 0.56855 0.527161 0.521269 0.58652 0.543439 0.583959 0.51547 0.496735
threshold=-0.1766666769981384 0.062321202829480178 0.48333334922790533 -0.0099999904632568342 -0.083333343267440782 0.028422865085303787 -0.076666668057441698 0.43666666746139532 0.045919001102447517 -0.12999999523162839 -0.023333340883255001 0.023547814227640632 0.2100000008940697 -0.43000000715255732 0.025245379656553272 0.10333333536982538 0.025967382825911049 0.032452378422021873 0.045919001102447517 0.32333332300186163 0.096666663885116591 0.44333332777023321 0.25666666030883795 0.22166669368743899 0.061075946316123016 0.19666666537523272 0.026829226873815063 -0.40333333611488337 -0.31666666269302363 0.069999992847442641
decision_type=2 2 2 2 2 2 2 2 2 2 2 2 2 2 2 2 2 2 2 2 2 2 2 2 2 2 2 2 2 2
left_child=1 2 3 11 5 6 -2 21 -7 -10 -3 12 15 -14 -13 20 -16 19 23 28 -1 -6 -5 -19 25 -8 -27 -28 -18 -17
right_child=4 10 -4 22 7 8 24 -9 9 -11 -12 14 13 -15 16 29 17 18 -20 -21 -22 -23 -24 -25 -26 26 27 -29 -30 -31
leaf_value=-0.0010954498228709995 0.0023265205923347822 -0.014192795622574077 0.016253420547019747 -0.0091360768529074217 -0.0078977069171531685 0.013570879836777265 0 0.0042729436909351281 -0.0095562884773296927 0.0097586647850774547 0.0034721588940286514 -0.0073641325234757894 0.017286905577570587 0.0038336817219095931 0.013751115730393086 0.0010010011702389682 -0.014152886935261589 -0.009091570980287976 0.01385516699658391 0.004358650725667274 0.011246459697207908 0.0034293273926728225 0.0014336692355565875 0.0057763781347461894 0.0033098928701786497 0 0 -0.016908291300277451 0 -0.010812742432101452
leaf_weight=11.394251305842774 43.759905404876918 13.394888810580598 12.656921625602989 24.680796923814341 108.2568365407642 23.072283707559109 16.995703527703881 15.877355903619899 9.8717544139362889 7.8606892300304017 4.8400088374037287 18.912978029809892 29.796204329002649 38.235339360311627 9.6495331099722517 9.6627160310745257 11.535207811277362 6.7153959074057656 11.805081653641535 7.0523746558465055 16.316683435114101 6.8279838007874778 13.277209956198929 3.9623794220387936 4.1696383659727863 4.9666258292272714 2.7852009232156005 23.541787359630689 7.472206539707261 11.238825834821908
leaf_count=369 3418 400 255 2486 9875 1040 1267 979 618 330 319 532 442 1497 243 350 227 208 290 151 379 634 1085 105 240 407 88 2210 342 294
internal_value=0.000263451 0.0029002 0.00406056 0.00289592 -0.00223598 0.000540252 -0.00269867 -0.00521965 0.00807874 0 -0.00877369 0.00471114 0.00713119 0.0109871 0.000498731 0.000663009 0.00389315 0.000178045 0.00662279 -0.00480118 0.00613834 -0.00688258 -0.00517915 -0.00198207 -0.00712674 -0.00875462 -0.0122837 -0.0147003 -0.00942983 -0.00541681
internal_weight=530.585 262.599 244.364 231.707 267.986 137.024 96.2189 130.962 40.8047 17.7324 18.2349 193.749 116.644 68.0315 77.1052 48.6125 58.1922 48.5426 22.4829 26.0598 27.7109 115.085 37.958 10.6778 52.459 48.2893 31.2936 26.327 19.0074 20.9015
internal_count=31080 9974 9255 9000 21106 9618 7630 11488 1988 948 719 5429 3331 1939 2098 1392 1566 1323 603 720 748 10509 3571 313 4212 3972 2705 2298 569 644
is_linear=0
shrinkage=0.05


Tree=52
num_leaves=31
num_cat=0
split_feature=4 16 10 25 5 20 19 25 8 31 37 31 4 10 18 10 18 39 24 20 7 4 37 28 19 24 16 8 9 17
split_gain=1.36649 1.14493 1.30214 0.939662 1.03084 0.783555 0.722267 0.757365 0.720931 0.68317 0.71591 0.676465 0.647971 0.600255 0.595942 0.717478 0.569046 0.563964 0.545745 0.519381 0.500844 0.427466 0.444488 0.666935 0.560702 0.384245 0.379719 0.340634 0.317534 0.313163
threshold=0.43000000715255743 -0.4433333277702331 -0.36333334445953364 -0.049999997019767754 0.096666663885116591 -0.083333343267440782 -0.17000000178813932 -0.41666667163372034 -0.14333333075046537 0.38333332538604742 1.0000000180025095e-35 -0.3899999856948852 -0.090000003576278673 0.40333333611488348 -0.04333332180976867 -0.036666661500930779 0.1566666662693024 0.028243753127753738 0.18999999761581424 0.083333313465118422 -0.096666663885116563 0.29000002145767217 -0.028179645538330075 0.19666665792465213 -0.32999998331069941 -0.16166666150093076 -0.24999999999999997 -0.1766666769981384 -0.090000003576278673 -0.35000000894069666
decision_type=2 2 2 2 2 2 2 2 2 2 2 2 2 2 2 2 2 2 2 2 2 2 2 2 2 2 2 2 2 2
left_child=1 3 9 8 5 -5 14 12 -1 17 -11 -6 16 -2 19 -16 -8 26 25 21 27 22 24 29 28 -10 -3 -21 -4 -24
right_child=13 2 6 4 11 -7 7 -9 18 10 -12 -13 -14 -15 15 -17 -18 -19 -20 20 -22 -23 23 -25 -26 -27 -28 -29 -30 -31
leaf_value=0.0086185615504231119 -0.013141801177273977 0.0052817839083375484 -0.00074021001730323387 0.0077804669111734698 0.016094912100032988 -0.0075940635191142055 0 -0.0055029438996149708 -0.0062129416797330507 0.015825468338560453 -0.00050242181193237265 0.00020628479861138115 -0.0040697566782451075 0 0.015341953804879686 -0.00051732184786141059 0.016851353748097528 0.0076117332519445823 -0.013028658693614543 0.0017503010217005293 0.0050118154036501101 0.0049730827775357504 0.0032102637813423564 -0.012364538476280308 -0.0060041956914128744 0.0052016982067362924 -0.0054676675006972422 -0.0072090742620363182 0.0099826115774980309 -0.0044648919212284194
leaf_weight=6.8646914176642921 20.445870476542044 3.8589933717157718 3.9258555364795038 9.7596020828932541 31.751905193086714 11.424533689394591 4.1306839063763601 132.75914429849945 7.0280549740418854 17.246770174941052 4.9629297151695928 12.314739970490335 6.2884043662343165 9.226013941690324 7.8090637507848468 8.2496762920636666 5.3793743965215981 15.318618237506596 7.1512730484828344 12.766462794505061 52.305667814332992 7.0073085098993024 13.505712864920495 22.578137379372492 9.0359408743679506 10.916528269182889 24.086036163615063 13.168780364561824 10.65627539716661 27.071196525357664
leaf_count=108 1616 115 120 135 454 180 427 14183 115 371 264 198 627 694 359 441 257 740 127 625 1958 247 469 731 555 169 2461 709 300 1350
internal_value=0.000130735 0.000842421 -0.000300348 0.00555433 0.00879549 0 -0.0016338 -0.00418033 -0.000748571 0.00576757 0.0119598 0.0127109 0.00424262 -0.00927205 0.000315842 0.00813675 0.010799 0.00101179 -0.00528338 -0.000523463 0.00221834 -0.00305734 -0.00425499 -0.00633932 0.000629588 0 -0.00257556 -0.00251578 0.0065069 -0.00128907
internal_weight=528.994 499.322 402.111 97.2113 65.2508 21.1841 336.638 148.558 31.9605 65.4733 22.2097 44.0666 15.7985 29.6719 188.08 16.0587 9.51006 43.2636 25.0959 172.021 78.2409 93.7804 86.7731 63.155 23.6181 17.9446 27.945 25.9352 14.5821 40.5769
internal_count=31105 28795 27309 1486 967 315 23358 15494 519 3951 635 652 1311 2310 7864 800 684 3316 411 7064 3292 3772 3525 2550 975 284 2576 1334 420 1819
is_linear=0
shrinkage=0.05


Tree=53
num_leaves=31
num_cat=0
split_feature=24 29 10 38 38 25 41 32 8 37 37 26 38 14 7 17 10 5 7 37 26 37 23 41 19 14 10 16 34 31
split_gain=1.0079 1.24135 1.28442 1.27997 1.62471 1.14487 1.10447 0.804186 0.81699 0.799007 1.54846 0.754923 0.830676 0.676676 0.718574 0.663288 1.00752 0.643075 0.641664 0.634728 0.604166 0.558434 0.558097 0.550473 0.555381 0.689791 0.736909 0.567443 0.516323 0.474429
threshold=0.43666666746139532 0.41666668653488165 -0.030000001192092892 0.0048093795776367196 0.10373830795288087 -1.0000000180025095e-35 0.055947098881006248 0.26999998092651373 0.31000000238418585 0.064506053924560561 0.031787872314453132 0.26333332061767584 -0.0095186233520507795 0.44333332777023321 0.11000001430511476 -0.4433333277702331 0.26333332061767584 0.34333333373069769 -0.069999992847442613 -0.017339229583740231 0.18333333730697635 0.068413257598876967 0.22333335876464847 0.063821967691183104 0.3966666460037232 0.29000002145767217 -0.46999999880790705 -0.3899999856948852 0.25000000000000006 -0.29666668176650995
decision_type=2 2 2 2 2 2 2 2 2 2 2 2 2 2 2 2 2 2 2 2 2 2 2 2 2 2 2 2 2 2
left_child=1 2 9 5 28 -3 13 -7 -9 10 11 20 -13 15 -15 16 18 -10 -4 -17 23 -2 -6 24 25 27 -27 -1 -5 -11
right_child=21 3 6 4 22 7 -8 8 17 29 -12 12 -14 14 -16 19 -18 -19 -20 -21 -22 -23 -24 -25 -26 26 -28 -29 -30 -31
leaf_value=0.0086615444153603626 -0.011308642372697608 -0.0124202000995111 -0.00014986144412451575 0.020326023049071721 0.0049075042868173087 0.012592035175279079 -0.011129666824804908 0.0083705584938959989 -0.016491025442026564 -2.0153469329877071e-05 -0.0090462676459533483 0.013162571083316199 -1.5324456058556585e-05 0.014316564377311318 -0.0023656524915249013 0.00015502976673916955 -0.0051026304538461451 0 0.016300914437838054 -0.0062175477220352679 -0.0076128335161769521 0.0031759175673718742 -0.011332972520871931 0.011791735850802032 -0.0088070601302753359 -0.0033040303728537807 0.014536535325857408 -0.0018936607090754656 0 0.011103711545476128
leaf_weight=9.2576097492128593 21.266837943345312 7.4503844045102587 4.7127536269836137 22.787448676768694 3.4048511260189107 11.493584893876688 29.410582011332735 6.255574912531304 4.3526595442090175 7.1405205733608446 26.234459024388343 24.507929325802252 13.610841231420634 7.7305064408574236 5.5167630100622773 54.667125365231186 9.7711066186893714 8.8520120936445874 10.028963271295652 85.914919795934111 12.292220027185975 2.7254052790813139 4.259652771987021 7.2261869776993981 7.228792557725682 2.8477794090285888 12.281834700144826 70.393829537555575 4.2827403848059467 29.663717781659216
leaf_count=209 1819 176 109 622 78 156 1901 140 129 261 1784 848 670 464 539 3634 226 409 220 6249 752 249 161 342 366 108 566 6061 99 1724
internal_value=0.000312701 0.000878154 -0.000121546 0.00664067 0.0128152 0 -0.00295974 0.00461571 -0.000970604 0.00242518 0.000827957 0.00287039 0.00852839 -0.00115841 0.00749868 -0.00223778 0.00423452 -0.00793025 0.0113145 -0.00366402 0.000581902 -0.00852353 -0.00330184 0.00206936 0.000532404 0.00197469 0.0100107 0 0.0179056 0.00866117
internal_weight=527.57 503.577 430.438 73.1389 34.7347 38.4042 207.753 30.9538 19.4602 222.686 185.881 159.647 38.1188 178.342 13.2473 165.095 24.5128 13.2047 14.7417 140.582 121.528 23.9922 7.6645 109.236 102.01 94.7811 15.1296 79.6514 27.0702 36.8042
internal_count=31071 29003 27033 1970 960 1010 13342 834 678 13691 11706 9922 1518 11441 1003 10438 555 538 329 9883 8404 2068 239 7652 7310 6944 674 6270 721 1985
is_linear=0
shrinkage=0.05


Tree=54
num_leaves=31
num_cat=0
split_feature=13 2 38 25 38 15 39 6 25 40 23 23 16 24 16 28 24 8 16 38 13 13 40 40 1 5 9 41 2 19
split_gain=1.31745 1.07107 1.13696 1.1184 1.28303 1.58304 0.914645 0.812539 0.804619 0.796705 0.667126 0.662007 0.653347 0.727801 0.693264 0.630056 0.615587 0.600657 0.855909 0.585384 0.933991 0.782733 0.779856 0.578496 0.579905 0.556564 0.532864 0.46881 0.483838 0.462712
threshold=0.42333334684371954 -0.236666664481163 -0.0095186233520507795 -0.049999997019767754 -0.033671855926513665 -0.46999999880790705 0.031553804874420173 0.17666667699813846 0.31000000238418585 0.88333332538604747 0.18999999761581424 -0.45666666328907007 0.12333333492279054 0.23000001907348636 -0.24999999999999997 0.17666667699813846 -0.16166666150093076 -0.11666667461395262 -0.22333332896232602 -0.093913078308105455 -0.30333334207534784 -0.20333333313465116 0.11666666716337205 0.69666665792465221 0.14999997615814212 0.11000001430511476 0.38999998569488531 0.03026800882071257 0.14999997615814212 0.3966666460037232
decision_type=2 2 2 2 2 2 2 2 2 2 2 2 2 2 2 2 2 2 2 2 2 2 2 2 2 2 2 2 2 2
left_child=1 2 6 7 19 -6 8 23 10 -9 11 -1 13 15 -15 -7 -2 18 -4 21 22 25 -21 -3 -25 -5 -19 -17 -29 -18
right_child=16 3 17 4 5 12 -8 9 -10 -11 -12 -13 -14 14 -16 27 29 26 -20 20 -22 -23 -24 24 -26 -27 -28 28 -30 -31
leaf_value=0 0 0.00072358753802950467 0.013107456938189347 -0.0015154291988151878 0.017149475345468596 0.005382065719173817 -0.0009715303246765341 -0.013789087508797419 -0.00025856785337442003 0.0016288295174286729 -0.0010342698796318355 0.018128725440618009 -0.0051755489863789528 0.013444273635940441 -0.00027194299957206689 0.0030293846430549062 0 -0.0074003382867960646 -0.0016889056247148442 0 2.0942321301627286e-05 -0.0059413027728948383 -0.017600221176655124 -0.0091902232561262235 0.00038654236721138839 0.011326969061280541 0.0041518432360171205 0 -0.011868472285762793 -0.016234963187364955
leaf_weight=3.3924408408347508 12.907241696957497 91.941248868359253 10.723750271368774 7.0195961913559612 16.893585024867207 30.09990554000251 11.783976777223868 24.40437814057805 6.9372879536822429 6.2522541338112196 2.5496328757144502 34.617791105760261 17.09823808260262 22.190819309791554 8.257877375232054 9.7262687508482468 3.6098619331605759 27.252628337126225 15.0209334930405 5.2629499291069832 20.960322297178209 13.68332324689254 14.558283918537198 31.236632249318063 18.507134068524465 14.922424703836439 6.7223336887545875 11.433428527088838 13.68730779411271 15.528476268984376
leaf_count=191 937 5459 289 243 234 1987 600 1344 533 347 150 1720 1841 722 872 383 265 1769 1425 106 1733 1140 343 2043 1292 376 343 489 645 1283
internal_value=7.14044e-05 0.000794712 0.00482697 -0.000464748 0.00192468 0.00494535 0.0093891 -0.00342692 0.0122475 -0.0102108 0.0146812 0.0163007 0.00212606 0.00391015 0.00960604 0.000300843 -0.00884818 0 0.00499937 -0.00287479 -0.00667389 0.00120871 -0.0130815 -0.00143461 -0.00552062 0.00688058 -0.00420912 -0.00362201 -0.00708817 -0.0134055
internal_weight=529.182 497.137 119.001 378.136 205.794 129.387 59.2811 172.342 47.4972 30.6566 40.5599 38.0102 112.494 95.3956 30.4487 64.9469 32.0456 59.7196 25.7447 76.4069 40.7816 35.6253 19.8212 141.685 49.7438 21.942 33.975 34.847 25.1207 19.1383
internal_count=31104 28619 7020 21599 11114 7173 3194 10485 2594 1691 2061 1911 6939 5098 1594 3504 2485 3826 1714 3941 2182 1759 449 8794 3335 619 2112 1517 1134 1548
is_linear=0
shrinkage=0.05


Tree=55
num_leaves=31
num_cat=0
split_feature=13 9 9 34 27 33 16 0 1 11 41 40 38 5 38 25 39 39 33 35 40 10 7 39 24 40 28 40 18 39
split_gain=1.10392 1.10398 1.20757 1.00507 0.845233 0.815544 0.969911 0.84045 0.813019 0.720648 0.863922 0.662656 0.645323 0.632788 0.557125 0.516435 0.492689 0.498107 0.490612 0.577069 0.489392 0.467376 0.462346 0.457549 0.438454 0.435239 0.426685 0.416662 0.424359 0.411992
threshold=0.42333334684371954 -0.3899999856948852 0.43666666746139532 0.24333333969116214 -0.13666665554046628 0.38333332538604742 -0.46999999880790705 0.29666668176651007 -0.4433333277702331 -0.32333332300186152 0.028490886092185978 0.88333332538604747 -0.025616168975830075 0.29000002145767217 0.12630462646484378 -0.41666667163372034 0.020881145261228088 0.030629945918917659 -0.1766666769981384 -0.25666666030883784 0.85666668415069591 -0.40333333611488337 0.41666668653488165 0.024291547015309337 -0.19666665792465207 0.056666666641831405 0.44833332300186163 0.74333333969116222 -0.21000000834465024 0.038674836978316314
decision_type=2 2 2 2 2 2 2 2 2 2 2 2 2 2 2 2 2 2 2 2 2 2 2 2 2 2 2 2 2 2
left_child=1 3 4 21 5 6 7 -3 -2 10 -8 18 20 -7 22 -10 -4 -18 -12 -20 24 -1 29 -22 -11 -26 -15 -14 -29 -6
right_child=8 2 16 -5 14 13 9 -9 15 12 11 -13 27 26 -16 -17 17 -19 19 -21 23 -23 -24 -25 25 -27 -28 28 -30 -31
leaf_value=0.0052965636991003304 0.0026561134688275431 0.01259034640993742 0 0.014541895977015324 -0.0060293667977170829 -0.013614801501957178 0.0051809092540909558 -0.0006895588351472407 0.0020873701483408009 -0.00041637684587706971 0 0.0016364943856782982 -0.003717276834270717 0.0075797723773159062 0.0026001031841654302 -0.014047026399227442 0.017105601089900387 0 0.00032094565584359357 -0.015336628027105517 0.0044656549535165829 -0.0053616132404353152 0.0046507123175736015 -0.0091473653772852267 0 0.0122416478895595 -0.0063186371862983164 0.0094068506873065498 -0.0011530848907558304 0.0010112772408505661
leaf_weight=17.458711297251288 7.251562810502949 28.858149339444935 9.2423130522947776 20.284607380861416 136.37548368307762 9.6208819155581313 11.630878188647328 12.076735459268091 1.231277653016156 5.8406783635728052 6.6173092133831188 9.3270980676170421 40.754375597229227 5.996861946070565 24.752484491094947 22.76862642401829 11.871117168571802 5.9287385360803446 3.2699057499412438 23.633984593208886 7.1813754125032556 11.768504676409064 5.8070897161960593 4.6526190675795078 4.4669045147020361 32.701754483394325 3.5093279592692852 10.448365411721172 11.955215777037663 15.641741600120438
leaf_count=1082 494 348 588 1086 11779 406 284 161 42 359 223 275 2340 243 1734 1964 539 251 116 702 367 859 528 248 194 1373 120 340 920 1115
internal_value=9.19815e-05 0.000758476 -1.9497e-05 0.00740762 -0.000796198 0.00111671 0.00215669 0.00855251 -0.00815596 0.000262212 -0.00406602 -0.00741589 0.00256214 -0.00723633 -0.00332319 -0.012134 0.00912641 0.0129379 -0.0104333 -0.0129623 0.00628639 0.000113058 -0.00446598 -0.000761463 0.00859152 0.0104473 0.000377107 -0.00057514 0.00383837 -0.00513582
internal_weight=522.925 491.673 442.161 49.5118 415.119 232.542 213.415 40.9349 31.2515 172.48 54.4792 42.8483 118.001 19.1271 182.577 23.9999 27.0422 17.7999 33.5212 26.9039 54.8433 29.2272 157.824 11.834 43.0093 37.1687 9.50619 63.158 22.4036 152.017
internal_count=31080 28580 25553 3027 24175 9019 8250 509 2500 7741 1600 1316 6141 769 15156 2006 1378 790 1041 818 2541 1941 13422 615 1926 1567 363 3600 1260 12894
is_linear=0
shrinkage=0.05


Tree=56
num_leaves=31
num_cat=0
split_feature=15 2 38 39 22 33 10 37 39 37 33 39 16 35 10 9 23 38 27 9 19 33 17 13 38 27 24 31 17 38
split_gain=1.17559 0.962385 0.9611 1.00133 0.912428 0.897455 0.813461 0.818725 0.691783 0.67159 0.645633 0.958949 0.716332 0.61775 0.601409 0.587151 0.477003 0.447536 0.428749 0.407741 0.387129 0.384361 0.355855 0.519674 0.432956 0.42861 0.339194 0.322259 0.310633 0.528717
threshold=-0.46999999880790705 -0.25666666030883784 -0.033671855926513665 0.034798877313733108 -0.24999999999999997 0.32999998331069952 0.069999992847442641 0.064506053924560561 0.035115672275424011 -0.0028367042541503902 0.01666665077209473 0.038674836978316314 -0.2766666561365127 0.42333334684371954 0.45666664838790899 -0.48333333432674402 -0.46999999880790705 0.014066219329833986 -0.21666666865348813 -0.17000000178813932 -0.19666665792465207 0.056666672229766853 0.083333313465118422 -0.40333333611488337 -0.076637268066406236 -0.41666667163372034 -0.12333333492279051 0.27666664123535162 0.43000000715255743 -0.18225669860839841
decision_type=2 2 2 2 2 2 2 2 2 2 2 2 2 2 2 2 2 2 2 2 2 2 2 2 2 2 2 2 2 2
left_child=5 2 3 13 -4 9 7 10 18 -1 11 15 26 16 22 -3 -2 -7 -9 -5 21 -6 23 24 -8 -24 -12 -20 29 -18
right_child=1 6 4 19 20 17 14 8 -10 -11 12 -13 -14 -15 -16 -17 28 -19 27 -21 -22 -23 25 -25 -26 -27 -28 -29 -30 -31
leaf_value=0.00121059554638904 0 0.0062033989706857477 -0.0067961700317818495 0.0037759021854821594 0 -0.0070883297946121616 0.00027488821616054898 0 -0.0051211047036677235 0.016421568096794417 0 0.0059879963943519918 -0.0020133939219345682 -0.0013894550133378065 0.0035529490874956536 -0.0061050606244704396 0 0.0044794944019456396 0.013950977276483402 -0.0086858319630167217 0 0.014143445091345143 0 0 -0.010191131150638872 -0.011500243912236066 0.01077860081240262 0 0 0.018150740628191789
leaf_weight=17.053891194518656 2.1499280391726598 3.8734467017929992 27.322164937155321 6.0010840813629329 8.3189205280505103 9.8448767489753681 7.3663991452194741 7.7773906139191267 3.9118931384291491 19.375143322627991 6.2808147431351271 16.476445698877797 25.880611630156636 3.248178001958876 13.449081953382118 100.36625937465578 2.042384764878082 10.438016261439769 20.637538434471939 6.1486395630054158 20.56723553291522 7.3904692686628541 5.8666212756652376 64.112014740472659 26.774917246773839 33.843486541649327 20.337338823825121 2.6874911854974917 2.2539707878604522 27.606326397974051
leaf_count=239 145 178 2068 237 331 190 203 352 224 263 213 666 2503 289 914 7250 119 157 1107 375 2064 184 310 4067 659 3500 558 273 87 1372
internal_value=0.000415591 -0.00038317 0.00345887 0.00829909 -0.000336403 0.00687156 -0.00169618 0.000235246 0.00669325 0.0110681 -0.00111108 -0.00318456 0.00306694 0.0120181 -0.00441891 -0.00510817 0.0139378 -0.00052048 0.00944087 -0.00193976 0.00421154 0.00889505 -0.00548538 -0.00313314 -0.00760661 -0.0095833 0.00823469 0.0122197 0.0153865 0.0165377
internal_weight=529.403 472.691 113.049 49.4505 63.5988 56.7119 359.642 208.229 35.0143 36.429 173.215 120.716 52.4988 37.3008 151.413 104.24 34.0526 20.2829 31.1024 12.1497 36.2766 15.7094 137.963 98.2533 34.1413 39.7101 26.6182 23.325 31.9027 29.6487
internal_count=31097 30248 7271 2624 4647 849 22977 13324 1956 502 11368 8094 3274 2012 9653 7428 1723 347 1732 612 2579 515 8739 4929 862 3810 771 1380 1578 1491
is_linear=0
shrinkage=0.05


Tree=57
num_leaves=31
num_cat=0
split_feature=3 35 9 30 37 23 41 7 27 41 7 37 9 25 22 35 29 21 2 7 12 8 1 24 27 17 14 24 41 23
split_gain=0.902261 1.24257 1.13196 1.24215 0.974437 0.734653 0.857494 0.759467 0.717037 0.833383 0.659777 0.647295 0.634563 0.610814 0.597406 0.584371 0.525178 0.45381 0.788455 0.468057 0.439105 0.438462 0.53147 0.429177 0.619838 0.599254 0.429454 0.397126 0.395644 0.360071
threshold=0.29000002145767217 0.096666663885116591 -0.3899999856948852 0.46166664361953741 -0.059786796569824212 0.01666665077209473 0.047311987727880485 0.29666668176651007 -0.18999999761581418 0.026829226873815063 -0.096666663885116563 -0.10806703567504881 0.12333333492279054 0.26333332061767584 -0.31666666269302363 -0.18999999761581418 0.42333334684371954 -0.35000000894069666 -0.24333333969116208 -0.43000000715255732 -0.14333333075046537 0.41666668653488165 0.14999997615814212 -0.049999997019767754 0.16333335638046267 -1.0000000180025095e-35 -0.3899999856948852 -0.030000001192092892 0.062321202829480178 0.20999997854232791
decision_type=2 2 2 2 2 2 2 2 2 2 2 2 2 2 2 2 2 2 2 2 2 2 2 2 2 2 2 2 2 2
left_child=2 15 17 5 11 6 7 12 9 -6 20 -3 -4 -8 29 16 -2 -1 -19 -20 -7 22 -5 26 25 -25 -16 -14 -17 -12
right_child=1 4 3 21 8 10 13 -9 -10 -11 14 -13 27 -15 23 28 -18 18 19 -21 -22 -23 -24 24 -26 -27 -28 -29 -30 -31
leaf_value=0 -0.0059659236878581261 0.0023514391691222937 -0.0016301519778303269 0.01843681348229334 -0.0036347570076038444 -0.006291708199973713 -0.010994015489714471 -0.0086066765538759769 -0.0021137854696298528 0.011857116899769555 0.001255811300696282 -0.015710599952670143 0 0.00090646034868771682 -0.0060539587147787821 -0.016219287823940564 0.0073306477430619219 0.016816835614464728 -0.0062096684281919938 0.0058050903087005388 0.0018904894757003805 0 0 0.013768059055477259 -0.00043353884754637588 0 0.0042236324081342423 0.0098209401853324076 0 -0.010877231974498344
leaf_weight=10.766439526807515 17.880117526976395 2.4388734246604145 89.103955170372501 9.4733648030087405 5.8983451533131328 27.947249509626999 37.365651509026065 20.24769505742006 23.246502851834521 24.722169160144404 5.6161984563805145 7.2985961807426047 24.437149047385901 8.3058120214845967 8.9826840911991876 21.881845819065351 3.9442755836062124 16.106519819004461 4.9676314077805719 18.704692450352017 21.090194366173819 7.0142972581088534 7.1230096346698692 31.095992354676124 10.25689916172996 9.7957278478425014 23.519878559047356 18.602855769218877 2.5060595960821948 4.1267614597454667
leaf_count=540 1290 133 5738 124 188 1427 2180 1702 2089 982 306 396 1614 725 215 1318 105 763 292 1222 1829 159 102 975 716 698 1877 992 119 193
internal_value=-5.19645e-05 -0.00400263 0.000977072 0 0.000289098 -0.00088366 -0.00286468 -0.000762543 0.00349454 0.00808369 0.00170713 -0.0104264 0.000580011 -0.00849202 0.00418299 -0.0097428 -0.0016018 0.00755967 0.00976585 0.00169544 -0.00249598 0.00978449 0.0131896 0.00570352 0.0083528 0.0108633 0.000233142 0.00530503 -0.0144506 -0.00448222
internal_weight=524.467 109.817 414.651 364.105 63.6045 340.495 198.063 152.392 53.867 30.6205 142.432 9.73747 132.144 45.6715 93.3941 46.2123 21.8244 50.5453 39.7788 23.6723 49.0374 23.6107 16.5964 83.6512 51.1486 40.8917 32.5026 43.04 24.3879 9.74296
internal_count=31009 6620 24389 21572 3788 21187 12951 10046 3259 1170 8236 529 8344 2905 4980 2832 1395 2817 2277 1514 3256 385 226 4481 2389 1673 2092 2606 1437 499
is_linear=0
shrinkage=0.05


Tree=58
num_leaves=31
num_cat=0
split_feature=27 2 10 25 18 38 25 13 25 7 10 31 0 23 14 30 40 31 40 30 38 10 31 17 31 31 38 16 3 38
split_gain=1.14 1.21686 0.916118 0.913144 0.722315 2.02617 0.5873 0.553784 0.897533 0.453925 0.758935 0.728538 0.579692 0.639222 0.453465 0.688869 0.590056 0.493012 0.436495 0.41609 0.518835 0.598851 0.687848 0.703097 0.413037 0.458071 0.406425 0.404204 0.407709 0.393429
threshold=-0.12333333492279051 -0.31000000238418574 -0.17000000178813932 0.21666666865348819 -0.48333333432674402 0.0048093795776367196 -0.35000000894069666 1.0000000180025095e-35 0.028333306312561039 -0.023333340883255001 0.096666663885116591 -0.16333332657814023 0.23000001907348636 -1.0000000180025095e-35 -0.40333333611488337 0.46166664361953741 0.10333333536982538 0.043333351612091071 0.096666667610406889 -0.30333334207534784 -0.0027670860290527339 -0.48333333432674402 0.29000002145767217 0.38333332538604742 -0.4433333277702331 -0.16333332657814023 0.12956762313842776 -0.29000000655651087 -0.1766666769981384 0.15974140167236331
decision_type=2 2 2 2 2 2 2 2 2 2 2 2 2 2 2 2 2 2 2 2 2 2 2 2 2 2 2 2 2 2
left_child=1 3 7 29 5 -3 -6 8 -2 24 11 12 13 -11 15 16 -12 -16 -4 20 21 -9 -23 -24 -8 -26 -20 -27 -29 -1
right_child=2 4 18 -5 6 -7 9 19 -10 10 14 -13 -14 -15 17 -17 -18 -19 26 -21 -22 22 23 -25 25 27 -28 28 -30 -31
leaf_value=0.014225775551617968 -0.00078840413802896124 -0.0054912652918756239 0 -0.00024751376691497937 0.006129672623175467 0.018995306574343417 0.0042296399325920733 -0.0064417710411701096 0.010930945682123359 0 0 -0.00082383492182150754 0 0.018589363301836481 0.0046053571108535382 0.0015806594439177095 -0.014307091371471879 -0.0050904739803089632 -0.00788299370424261 -0.0077751565240167866 -0.0065493280376014073 -0.0016593487858035942 0.016453479044994498 -0.0009740856349762984 -0.010919671606099243 0.0052070913209140129 7.9735426315645161e-05 0.0020534043529143575 -0.0079322447216038008 0
leaf_weight=30.492204811191186 30.548171211499721 10.120943481102588 28.216366963693872 14.959595352411268 20.85440864902921 11.497174547985194 3.9120264777448019 3.6317974594421676 21.153538478771225 5.3996423445642057 5.789481483865532 22.766456461045891 7.5790040141437194 11.567490926943718 25.765016823308542 10.885948255658148 18.241071930620819 15.66380519303493 92.736259671859443 17.702981609618291 11.161904594860969 8.2202044606674516 12.792162399739029 3.7998883132822803 24.234132670098916 8.1798907686024886 11.698947350960223 8.0812841141596419 20.402077669277791 3.5123853769619009
leaf_count=1089 2273 158 2323 790 962 143 84 127 1110 141 102 1375 205 236 1221 172 366 1269 8595 1844 1124 602 424 101 792 211 1030 586 1538 123
internal_value=-0.00014847 0.00195422 -0.00267319 0.00865769 0.000244184 0.00792378 -0.000631533 0.000524423 0.0042113 -0.00167427 0 0.00478683 0.0099488 0.013955 -0.00286465 -0.00664526 -0.0107754 0.000232142 -0.00539022 -0.00249072 3.52907e-05 0.00403577 0.0073365 0.012157 -0.00487082 -0.00615606 -0.00680875 -0.00132848 -0.0045098 0.0126498
internal_weight=521.566 279.904 241.662 48.9642 230.94 21.6181 209.322 109.011 51.7017 188.467 123.658 47.3126 24.5461 16.9671 76.3453 34.9165 24.0306 41.4288 132.652 57.3089 39.606 28.4441 24.8123 16.5921 64.8094 60.8974 104.435 36.6633 28.4834 34.0046
internal_count=31116 11563 19553 2002 9561 301 9260 7605 3383 8298 5087 1957 582 377 3130 640 468 2490 11948 4222 2378 1254 1127 525 3211 3127 9625 2335 2124 1212
is_linear=0
shrinkage=0.05


Tree=59
num_leaves=31
num_cat=0
split_feature=16 22 39 31 38 39 26 40 4 39 13 2 33 39 9 39 39 18 25 22 3 9 40 38 38 41 2 40 40 0
split_gain=1.21924 1.2878 1.05954 0.85874 1.11524 1.18535 0.794347 0.731233 1.08224 1.50811 0.709872 0.648051 0.652358 0.611735 1.3065 1.20774 0.626574 0.867632 0.492727 0.467605 0.461178 0.456308 0.440479 0.434017 0.459096 0.410579 0.411802 0.373363 0.359158 0.338711
threshold=-0.43000000715255732 -0.083333343267440782 0.01669745892286301 0.43666666746139532 -0.037744045257568352 0.016768637113273147 -0.14333333075046537 0.46999999880790716 0.30333334207534796 0.022302288562059406 0.14999997615814212 0.17666667699813846 0.32333332300186163 0.030629945918917659 -0.063333332538604722 0.034798877313733108 0.021990424022078518 -0.41666667163372034 0.24333333969116214 -0.24333333969116208 0.25000000000000006 0.32333332300186163 0.19666666537523272 0.041270732879638679 -0.027582168579101559 0.049133542925119407 -0.023333340883255001 0.089999999850988402 0.52666667103767406 0.16333335638046267
decision_type=2 2 2 2 2 2 2 2 2 2 2 2 2 2 2 2 2 2 2 2 2 2 2 2 2 2 2 2 2 2
left_child=1 6 22 10 20 -6 -1 8 9 -4 13 12 -8 16 15 19 -2 29 -9 -15 -5 -19 -3 24 -7 26 -17 -12 -26 -18
right_child=3 2 7 4 5 23 11 18 -10 -11 27 -13 -14 14 -16 25 17 21 -20 -21 -22 -23 -24 -25 28 -27 -28 -29 -30 -31
leaf_value=-0.0012289419953952073 0.00039058377495440095 0 -0.004858801141558837 0.012603195709239987 -0.015884039157320878 -0.0013974409554215041 0.02113517962864768 -0.012963339888503237 -0.0082536157225375807 0.016650731522142425 0 0.00086252788061970821 0.00090588620513967235 0 -0.0041374827864167699 -0.0015033993957345865 0.010112058387998132 -0.0081076105956389977 0 0.019889191975789366 0 0.0019727853424729032 0.01411339229384715 -0.003199334609648686 0.016768479642063679 -0.0065259396910865193 0.010352558484892305 -0.0072965806502397678 0 -0.0016539066869591804
leaf_weight=7.0454811807721844 118.63214622461237 5.9285026667639604 8.5173975671641582 25.601338276872415 5.4885756717994836 3.1052370660472652 19.316509311087433 15.550180090125652 10.964019376551731 12.115313181187956 15.954323760233818 12.794757026247678 8.6023773942142707 3.0706350984983173 24.997467046137899 6.7305488744750628 6.7688258332200331 70.290550397709012 5.6388926198706022 13.735016681486739 6.3714693412184706 6.3234817769844076 9.7819980024360103 6.7460349707398555 5.5519939700607228 7.1594608256127676 7.6854676874354491 65.243761791614816 2.8095151747111231 3.4118374893441796
leaf_count=170 8603 105 145 514 347 105 279 295 223 193 1531 219 149 121 1687 341 216 4984 107 476 194 465 163 590 199 401 347 7612 160 116
internal_value=0.000458943 0.00486877 0 -0.000796601 0.00455482 -0.0026014 0.0106675 -0.00321192 0.00109269 0.00773846 -0.00178048 0.0131548 0.016902 -0.000398483 0.00356717 0.00902944 -0.00180673 -0.00491051 -0.00937498 0.0170604 0.0100909 -0.00689014 0.00969915 0.00331313 0.00835867 0 0.00477765 -0.00572665 0.0127927 0.00547276
internal_weight=521.933 116.255 68.4963 405.678 55.6742 23.7014 47.7591 52.7858 31.5967 20.6327 350.004 40.7136 27.9189 268.805 63.3786 38.3811 205.427 86.7947 21.1891 16.8057 31.9728 76.614 15.7105 18.2128 11.4667 21.5755 14.416 81.1981 8.36151 10.1807
internal_count=31057 2048 1231 29009 2109 1401 817 963 561 338 26900 647 428 17757 3373 1686 14384 5781 402 597 708 5449 268 1054 464 1089 688 9143 359 332
is_linear=0
shrinkage=0.05


Tree=60
num_leaves=31
num_cat=0
split_feature=4 16 5 31 37 36 39 37 25 41 17 24 7 31 6 39 8 12 39 39 1 27 31 40 12 39 9 31 32 7
split_gain=1.17112 1.30849 1.27382 1.71379 1.25037 1.27486 1.07177 0.617621 0.534497 0.674664 0.722445 0.543127 0.554729 0.600748 0.828844 0.532682 0.64361 0.563303 0.808803 0.52242 0.502098 0.570541 0.495539 0.461067 0.430378 0.423525 0.412396 0.37683 0.374348 0.369657
threshold=0.43000000715255743 -0.43000000715255732 0.18333333730697635 -0.37666666507720942 -0.0028367042541503902 0.38333332538604742 0.022302288562059406 0.064506053924560561 -0.4433333277702331 0.063821967691183104 -0.1766666769981384 -0.33666665852069849 -0.3899999856948852 0.40333333611488348 0.069999992847442641 0.030629945918917659 -0.069999992847442613 -0.3899999856948852 0.022228290326893333 0.017839243635535244 0.14333331584930423 -0.18333333730697629 -0.26999998092651362 0.17000000178813937 0.23000001907348636 0.023674715310335163 -0.016666665673255917 -0.32333332300186152 -0.32999998331069941 -0.21000000834465024
decision_type=2 2 2 2 2 2 2 2 2 2 2 2 2 2 2 2 2 2 2 2 2 2 2 2 2 2 2 2 2 2
left_child=1 2 4 -4 6 7 -1 -6 -3 11 -11 -10 -13 15 19 17 29 22 20 -15 21 27 -14 -23 -20 -5 28 -19 -12 -17
right_child=-2 8 3 25 5 -7 -8 -9 9 10 26 12 13 14 -16 16 -18 18 24 -21 -22 23 -24 -25 -26 -27 -28 -29 -30 -31
leaf_value=-0.018593721706926927 -0.0091962611965534236 0.0058223592463335942 0.014763203868831752 0.002839209373267169 0.013222129901458539 -0.0083964136513541322 0.0011064478687055777 0 -0.0069968245817353687 -0.002778328993312794 0 -0.0067622620416929666 0.0088923334633358459 0 -0.0028512331879779126 0 -0.0021552387136983169 -0.0025866311586208086 -0.0093594962981481383 0.015117514348132891 -0.0050618650835341792 0.004083617126567898 -0.0020417737235018472 -0.006026146382655851 0 -0.0088870068791995806 0 0.0089004774847905224 0.01642154763096659 0.011854536679135481
leaf_weight=8.2787181306630391 27.337326809298247 20.603696800535545 41.984095257241279 9.5136005682870763 20.54887164384127 7.3857337539084247 7.9855134477838865 7.7971281423233441 45.13598534767516 11.307693344540896 2.3325945618562427 32.627731474116445 13.21707102074288 4.5967177143320503 10.444005900062619 8.6303021800704318 20.461178961908445 2.4148279477376517 54.320395938819274 13.354374328861011 31.891363510861993 11.250475426204501 12.863423597067593 21.153654519002885 10.068015008466316 7.0648279380984595 5.6008946399670085 25.347305822651833 10.757156480569391 14.852514776866881
leaf_count=156 2266 1570 648 172 345 125 139 141 4123 536 121 2072 426 248 770 474 1449 83 3766 496 2506 1181 535 2283 1143 145 559 1469 478 706
internal_value=-8.49051e-05 0.000473845 0.00514838 0.00985615 -0.000193991 0.00452341 -0.0101068 0.00949635 -0.000869058 -0.00140565 0.00494279 -0.00212945 -0.00115268 -0.000199691 0.00585415 -0.00119777 0.00322718 -0.00246451 -0.00367503 0.0114082 -0.000282983 0.00210156 0.00334689 -0.00177553 -0.00773204 -0.00208433 0.0101666 0.00687871 0.0137001 0.00824915
internal_weight=521.127 493.79 110.558 58.5625 51.996 35.7317 16.2642 28.346 383.231 362.628 29.9983 332.629 287.493 254.866 28.3951 226.471 43.944 182.527 156.446 17.9511 92.0576 60.1663 26.0805 32.4041 64.3884 16.5784 18.6906 27.7621 13.0898 23.4828
internal_count=31131 28865 1871 965 906 611 295 486 26994 25424 1694 23730 19607 17535 1514 16021 2629 13392 12431 744 7522 5016 961 3464 4909 317 1158 1552 599 1180
is_linear=0
shrinkage=0.05


Tree=61
num_leaves=31
num_cat=0
split_feature=24 29 38 35 20 38 2 37 32 9 24 25 31 4 6 23 7 30 11 27 23 9 20 32 8 38 9 4 29 40
split_gain=0.792476 1.22733 1.24501 0.970982 0.857782 0.789193 0.740765 0.71705 0.766012 0.781649 0.611211 0.851023 0.772503 0.603634 0.581654 0.497606 0.699425 0.739467 0.651148 0.793264 0.597232 0.533195 0.529299 0.482848 0.408004 0.385105 0.37394 0.343638 0.345689 0.518656
threshold=0.35666668415069586 0.44833332300186163 0.10286664962768556 0.37666666507720953 -0.33666665852069849 0.11419248580932619 0.37666666507720953 0.010804653167724611 -0.31666666269302363 0.4499999880790711 -0.29666668176650995 -0.43000000715255732 -0.4433333277702331 -0.090000003576278673 0.19666665792465213 0.01666665077209473 -0.016666665673255917 0.33666664361953741 0.37000000476837164 -0.4433333277702331 0.17666667699813846 0.083333313465118422 0.17666667699813846 -0.016666665673255917 0.41000002622604376 1.0000000180025095e-35 0.069999992847442641 0.13666665554046634 -0.023333340883255001 0.30333334207534796
decision_type=2 2 2 2 2 2 2 2 2 2 2 2 2 2 2 2 2 2 2 2 2 2 2 2 2 2 2 2 2 2
left_child=1 4 3 -3 5 14 10 8 -2 -10 11 -6 -12 -8 -1 18 17 20 19 25 26 -18 -20 -22 -5 -14 -17 28 -21 -30
right_child=7 2 -4 24 6 -7 13 -9 9 -11 12 -13 15 -15 -16 16 21 -19 22 27 23 -23 -24 -25 -26 -27 -28 -29 29 -31
leaf_value=0.010542769951993916 0.0039098171526991635 0.017166232659931127 -0.0070312431988033041 0.006544894936802677 0.0075280188627756643 -0.0058010866778675412 0.0033647957827310569 0.00073518972690690112 -0.014221140084288958 0.0026321107451004232 0.009877120106988789 -0.0068290295185300751 -0.00022166353712519505 -0.011284137115634793 0 0.0083470348978842823 0.0091404237967477927 -0.013743604923749647 0.012713322021734724 -0.002280202332928403 -0.0075523402598508581 0 -0.0032633522803048858 0.0028927832976973562 -0.006603994094328821 0.010894431707835108 -0.0021245839916697552 0.00036849469840327686 -0.015641363080263752 -0.0024783879897403325
leaf_weight=37.392671095440164 4.1370167888235292 22.504209148697555 4.665827084099873 5.858833236852659 5.7108796210959545 6.6291129169985643 3.2440873510204282 24.988131856080145 29.044477567542344 3.5812600834760806 15.497684699716045 54.822610605275258 9.1362268193624931 22.030884874984622 13.986535946838556 21.668128712102774 37.063466431107372 4.3629649786744258 6.7956838763784599 51.028269514441483 20.911921516060833 30.93020245898515 2.0966036596801132 10.240914354100822 5.7403846918605268 6.9607635415159157 4.6321230039466164 15.916133225429801 15.851219849428167 24.208172356477007
leaf_count=2197 248 419 128 139 446 475 152 1909 2136 283 362 4418 198 1541 933 1391 1896 130 345 3746 1476 1521 137 605 217 180 333 937 915 1297
internal_value=4.64853e-05 0.00082695 0.00869787 0.0122032 0 0.00533377 -0.000936142 -0.00495547 -0.00896854 -0.0116025 -0.000175487 -0.00454207 0.000765482 -0.00831975 0.0076625 0 0.00216507 -0.00133203 -0.00209802 -0.00329793 0.000426953 0.00553251 0.00747055 -0.00353315 0 0.0051068 0.00567667 -0.00498754 -0.00614585 -0.00958872
internal_weight=521.637 459.887 38.7693 34.1034 421.117 58.0083 363.109 61.7509 36.7628 32.6257 337.834 60.5335 277.3 25.275 51.3792 261.803 129.81 61.8161 131.993 123.101 57.4531 67.9937 8.89229 31.1528 11.5992 16.097 26.3003 107.004 91.0877 40.0594
internal_count=31110 26534 903 775 25631 3605 22026 4576 2667 2419 20333 4864 15469 1693 3130 15107 7352 3935 7755 7273 3805 3417 482 2081 356 378 1724 6895 5958 2212
is_linear=0
shrinkage=0.05


Tree=62
num_leaves=31
num_cat=0
split_feature=20 4 38 32 10 37 9 11 38 39 32 13 31 39 38 37 38 17 38 11 12 39 33 33 12 38 4 35 31 10
split_gain=0.781722 0.642067 0.803247 0.752077 0.80979 1.19407 0.928708 0.788498 0.695498 0.724748 1.38109 1.07308 1.02863 0.845277 1.0628 0.666667 0.782263 0.829218 0.614695 1.42552 1.2139 0.798306 0.795905 0.719859 0.603845 0.760861 0.61769 0.54664 0.530366 0.501251
threshold=-0.31666666269302363 0.40333333611488348 1.0000000180025095e-35 -0.3899999856948852 0.043333351612091071 0.064506053924560561 0.43000000715255743 -0.35000000894069666 -0.11129713058471678 0.030262772925198082 -0.049999997019767754 -0.18999999761581418 -0.2766666561365127 0.021990424022078518 0.0048093795776367196 -0.059786796569824212 -0.04909467697143554 -0.31000000238418574 0.0048093795776367196 -0.33666665852069849 -0.41666667163372034 0.024291547015309337 0.096666663885116591 0.26999998092651373 0.41000002622604376 0.11419248580932619 -0.21000000834465024 0.30333334207534796 -0.236666664481163 -0.21000000834465024
decision_type=2 2 2 2 2 2 2 2 2 2 2 2 2 2 2 2 2 2 2 2 2 2 2 2 2 2 2 2 2 2
left_child=24 3 -3 15 8 6 18 -7 -5 12 11 -11 -10 14 -14 -2 -17 -18 19 21 -20 22 -6 28 25 26 -1 -24 -21 -13
right_child=1 2 -4 4 5 7 -8 -9 9 10 -12 29 13 -15 -16 16 17 -19 20 23 -22 -23 27 -25 -26 -27 -28 -29 -30 -31
leaf_value=0.013138900488745145 0.0032753973521251487 -0.01320863706628952 0.00015503953143792268 -0.0041450518518242685 0 -0.020661976053491758 0.0089261170474811934 -0.0008879649651266317 0.0081454136246802596 -0.010036519841551496 0.015882446904586726 0.013296138724483425 0.008284338612046473 -0.0067872619438002282 -0.0037153915097572691 0.001313525301738081 0.0013476796160343772 -0.017648833381024156 0.010364635121617862 0.011097558388114367 -0.0034964368900810582 0 -0.027534370171567697 -0.0075340980873945702 -0.004209738240903863 -0.0045939861595418116 0.0025047213062890047 -0.00083047815602097202 0 -0.0022816223720558519
leaf_weight=25.801274130819365 6.190327407559379 17.157891928218309 14.770687852287663 25.941251096548513 5.6859402344562175 7.5245972671546069 16.812503096181899 13.606910254340617 34.915785474702716 9.7719645178876835 23.287714385660365 7.0360115743242204 30.221216171979904 35.846867325715721 29.298438211204484 6.5854899198748198 3.4705589499790248 17.904967370908707 19.479746414814144 11.001715098740531 33.045160602079704 8.8919169714208675 8.2090861597098392 12.246600052807478 11.576627134811131 8.7913383515551669 43.915587468538433 5.0135503648780277 23.832991528324783 2.2739496682770532
leaf_count=1514 318 1195 1139 1479 172 244 782 988 1267 325 856 334 2164 2748 2663 435 215 1596 394 409 2360 306 221 906 990 592 2520 121 1675 216
internal_value=-0.000117296 -0.00106101 -0.0073207 -0.000395849 0.000250609 -0.00221404 -0.000216501 -0.0118628 0.00242965 0.00366348 0.00902044 -0.000153299 0.00141744 -0.00113553 0.00219661 -0.00691563 -0.010088 -0.0140319 -0.00195755 -0.00480601 0.00175258 -0.0126723 -0.0172638 0.000275288 0.00391232 0.00561966 0.00749976 -0.0221294 0.00433661 0.00845532
internal_weight=520.109 430.024 31.9286 398.095 363.944 165.351 144.219 21.1315 198.593 172.652 42.3696 19.0819 130.282 95.3665 59.5197 34.1513 27.961 21.3755 127.407 74.8818 52.5249 27.8005 18.9086 47.0813 90.0848 78.5082 69.7169 13.2226 34.8347 9.30996
internal_count=31144 25528 2334 23194 20630 8578 7346 1232 12052 10573 1731 875 8842 7575 4827 2564 2246 1811 6564 3810 2754 820 514 2990 5616 4626 4034 342 2084 550
is_linear=0
shrinkage=0.05


Tree=63
num_leaves=31
num_cat=0
split_feature=17 30 3 38 26 35 19 38 38 3 38 40 38 10 10 38 38 36 40 5 31 25 28 12 6 28 7 36 12 39
split_gain=0.768701 1.05723 0.927002 1.00449 0.902866 0.870245 0.807942 0.669561 0.597062 1.16055 0.768616 0.696385 0.681844 0.59047 0.661224 0.632397 0.593353 0.516867 0.544899 0.705863 0.509567 0.450751 0.671722 0.542501 0.517818 0.454417 0.535173 0.545736 0.528784 0.524498
threshold=-0.41666667163372034 -0.30333334207534784 0.18999999761581424 0.012786865234375002 0.46999999880790716 1.0000000180025095e-35 -0.023333340883255001 -0.068847179412841783 0.012786865234375002 0.35000002384185797 0.15974140167236331 0.23333333432674411 -0.0085129737854003889 0.17666667699813846 -0.12999999523162839 -0.076637268066406236 -0.037744045257568352 -0.48333333432674402 0.87666666507720958 -0.023333340883255001 0.4499999880790711 0.069999992847442641 0.30333334207534796 -0.12999999523162839 0.35666668415069586 0.26333332061767584 -0.12333333492279051 0.01666665077209473 0.030000001192092899 0.020547864027321342
decision_type=2 2 2 2 2 2 2 2 2 2 2 2 2 2 2 2 2 2 2 2 2 2 2 2 2 2 2 2 2 2
left_child=8 2 3 17 6 -6 21 -7 9 12 11 -10 13 14 -1 -15 -17 -2 19 -19 -8 25 23 -23 -24 26 28 -28 29 -3
right_child=1 4 -4 -5 5 7 20 -9 10 -11 -12 -13 -14 15 -16 16 -18 18 -20 -21 -22 22 24 -25 -26 -27 27 -29 -30 -31
leaf_value=0 -0.0018831105311001525 0 -0.0051221462204297701 -0.0019604859717734023 -0.0054877538890394425 -0.00087479508553268796 -0.0082671357883001319 0.014792767198637655 0 -0.010819394368191324 -0.0032412738808023883 0.013825496935522364 -0.0063627390666663036 0.0078164370679703245 0.016740773618035946 -0.013069184022038492 0.0022293164065435495 0.015421139303709371 0 0 0 -0.0054550393527301368 0.012586982083778082 0.0043919451422655765 -0.00028216315218878695 -0.0073784011245899258 0.0067181329641596557 -0.0024899720710488417 0.0046485759771689016 -0.010486866133337495
leaf_weight=5.288160601630806 3.5720547041855744 14.900103471707551 16.910079388646409 20.739555932581425 6.1864484231919077 5.1251157158985796 86.063524653902277 14.140230392105872 14.255013534799216 12.250632433686404 7.9260745509527615 27.847363346721977 5.9550102059729388 9.3179979282431322 12.250662602949889 6.1206514565274119 5.7196767146233451 34.687847600318491 7.380414279876276 6.2848747293464831 16.914624149212614 27.711500651901588 13.951177019625904 16.212309068767354 6.5782487837132058 34.805048824520782 28.454606943530962 20.662680816370994 5.7766513777896753 24.937001985963434
leaf_count=184 137 1066 1249 2075 179 115 10559 361 301 313 193 635 136 180 302 126 117 1616 442 384 886 1290 513 990 249 1620 1575 1175 546 1570
internal_value=-1.48369e-05 -0.00105017 0.00349289 0.0060533 -0.0024292 0.00544711 -0.00328127 0.0104173 0.00359667 0 0.0072605 0.00991496 0.00388616 0.00666505 0.0121271 0 -0.00601335 0.00955722 0.0109769 0.0129779 -0.00678586 -0.0011481 0.00193368 -0.00122872 0.00838978 -0.00288367 -0.000642954 0.00254151 -0.00445321 -0.00675417
internal_weight=518.925 411.994 89.5748 72.6647 322.419 25.4518 296.967 19.2653 106.931 56.9028 50.0285 42.1024 44.6522 38.6971 17.5388 21.1583 11.8403 51.9252 48.3531 40.9727 102.978 193.989 64.4532 43.9238 20.5294 129.536 94.731 49.1173 45.6138 39.8371
internal_count=31084 28597 5903 4654 22694 655 22039 476 2487 1358 1129 936 1045 909 486 423 243 2579 2442 2000 11445 10594 3042 2280 762 7552 5932 2750 3182 2636
is_linear=0
shrinkage=0.05


Tree=64
num_leaves=31
num_cat=0
split_feature=2 30 38 26 25 39 36 19 40 32 40 10 40 41 41 5 29 41 0 39 8 16 2 2 5 8 31 18 5 21
split_gain=0.967208 0.963129 0.800789 0.993994 0.777658 0.891383 0.720552 0.67483 0.602408 0.529813 0.836944 0.777007 0.760085 0.785489 0.86367 0.520609 0.494201 0.493647 0.509105 0.499257 0.48852 1.2324 0.471554 0.513264 0.47063 0.447959 0.447221 0.496451 0.562788 0.403617
threshold=-0.25666666030883784 0.46166664361953741 -0.0010662078857421873 -0.25666666030883784 0.31000000238418585 0.034798877313733108 0.030000001192092899 0.3966666460037232 0.90333333611488353 -0.049999997019767754 0.89666664600372326 0.17666667699813846 0.74333333969116222 0.03009762987494469 0.056940531358122833 -0.056666672229766839 -0.46999999880790705 0.058947144076228149 0.25000000000000006 0.01726569049060345 -0.14333333075046537 -0.24333333969116208 0.36333334445953375 -0.036666661500930779 -0.46999999880790705 -0.22999998927116391 -0.236666664481163 -0.12333333492279051 0.19666665792465213 0.2833333313465119
decision_type=2 2 2 2 2 2 2 2 2 2 2 2 2 2 2 2 2 2 2 2 2 2 2 2 2 2 2 2 2 2
left_child=2 7 3 -1 5 8 -3 9 16 12 17 22 13 25 15 -15 -5 18 19 -11 21 -4 23 -12 -9 -2 27 28 -20 -18
right_child=1 6 20 4 -6 -7 -8 24 -10 10 11 -13 -14 14 -16 -17 29 -19 26 -21 -22 -23 -24 -25 -26 -27 -28 -29 -30 -31
leaf_value=-0.0037676312177707125 0 -0.0056665982632034843 0.014375759163886387 0 -0.0004038385791911724 0 0.0082688475466009288 0.0018017570951503312 0 0 0 -0.0028419585601782444 -0.0091514286608424134 0.00774149610150047 -0.0079107928426166482 -0.0014140247310211757 0.019923822237631741 0.0045268006027991995 0 -0.0070180697905182794 -0.004783366812261926 -0.0045553957368373284 -0.00099749015193879983 0.016217358030720715 -0.012814361071935024 -0.011575467150777738 -0.0028972407862114871 -0.0040617796395481624 0.013809908393175106 0
leaf_weight=12.200187093112616 10.336933498969303 5.3565225584898135 8.9271877873688954 2.5582858584821144 11.555787418037651 9.5556935286149365 32.504679649136961 1.8058003676123942 5.4290201622061423 28.203844913747162 6.8549258441198644 10.155001757899297 44.235538824927062 37.35938750882633 10.631471600383518 15.35568371042609 28.06293583707885 19.135642559966072 7.7065407165791902 68.646939003141597 32.355245701503009 12.737598142586647 3.0402237484231582 16.334051266079772 18.614275575848296 16.065667769638821 24.230609118007123 3.4391707768663755 11.846342801116405 2.2835265933535984
leaf_count=832 791 143 218 79 847 381 918 127 221 1571 375 650 3300 2492 648 1060 1236 972 247 4101 2300 1248 211 740 1599 1166 1957 314 307 91
internal_value=-0.000371246 -0.00163879 0.00328598 0.00659259 0.00925133 0.0118306 0.00522185 -0.0025168 0.0148458 -0.00178071 0 0.00616102 -0.00414175 -0.000992747 0.00178669 0.00477678 0.0170254 -0.00169045 -0.00283077 -0.00485917 -0.00090361 0.0037677 0.0103025 0.012541 -0.0104599 -0.00752889 0.000938447 0.00560609 0.00883939 0.0185542
internal_weight=517.525 391.859 125.665 71.6454 59.4452 47.8895 37.8612 353.998 38.3338 333.578 199.593 36.3842 133.985 89.7491 63.3465 52.7151 32.9047 163.209 144.073 96.8508 54.02 21.6648 26.2292 23.189 20.4201 26.4026 47.2227 22.9921 19.5529 30.3465
internal_count=31142 23689 7453 3687 2855 2008 1061 22628 1627 20902 11445 1976 9457 6157 4200 3552 1406 9469 8497 5672 3766 1466 1326 1115 1726 1957 2825 868 554 1327
is_linear=0
shrinkage=0.05


Tree=65
num_leaves=31
num_cat=0
split_feature=31 19 5 8 39 35 38 11 8 16 38 38 38 0 8 41 30 37 37 39 7 12 24 29 12 18 10 35 35 39
split_gain=0.951358 1.14768 0.951116 0.867926 0.966736 0.751037 0.733725 0.967145 1.02909 0.768566 0.732708 0.721144 0.873811 0.80311 0.628902 0.611106 0.607497 0.532449 0.62489 0.528626 0.471289 0.860483 0.637293 0.524188 0.470712 0.829573 0.762505 0.526669 0.634357 0.512114
threshold=0.42333334684371954 -0.016666665673255917 0.25666666030883795 0.12333333492279054 0.013734275940805675 0.38999998569488531 -0.11537122726440428 -0.36333334445953364 0.38999998569488531 -0.3899999856948852 0.028881549835205082 -0.035460472106933587 -0.076637268066406236 0.36333334445953375 0.24333333969116214 0.033061616122722633 0.32999998331069952 -0.028179645538330075 -0.1838574409484863 0.025245379656553272 -0.3899999856948852 0.37666666507720953 -0.26333332061767573 0.01666665077209473 -0.14333333075046537 -0.3899999856948852 -0.049999997019767754 -0.1766666769981384 -0.096666663885116563 0.030629945918917659
decision_type=2 2 2 2 2 2 2 2 2 2 2 2 2 2 2 2 2 2 2 2 2 2 2 2 2 2 2 2 2 2
left_child=1 2 3 24 -5 10 -6 8 9 -8 20 12 -4 16 -9 -14 -13 18 -3 -19 21 -2 -22 -24 25 -1 29 -27 -29 -26
right_child=5 17 11 4 6 -7 7 14 -10 -11 -12 13 15 -15 -16 -17 -18 19 -20 -21 22 -23 23 -25 26 27 -28 28 -30 -31
leaf_value=0.0039132506016837367 -0.0065864085741181274 0.0043048001636408163 0.0060831516380376403 0.0069403987989680466 0.0025797033739134866 -0.0054224602220591198 -0.023504793079513524 -0.0077967511070455887 0 0 -0.002865492760957369 0 0 -0.00044252898156825693 0.0039222405313327898 -0.015753234101779791 0.016158426126429887 0.00075743807730314949 -0.011341543637385137 -0.0066938986662703655 0 0.010469242691180013 0.020272928405786001 0 0.0014859611486815853 -0.0088310815007872096 -0.0027486623681195008 0.0077395504740681411 -0.0034559791770084926 0.014342836018305946
leaf_weight=53.279166092863306 8.7318137425463664 1.7982089021243144 17.823513842653483 7.6799564766697577 9.6304992395453137 6.2524579975288352 16.419349885080017 16.466370777226992 5.7673050132580093 4.4856573862489268 7.2867327081039539 10.15749449119903 8.7916806391440314 11.488880328368394 15.188410882605238 5.4065984874032429 23.557395160663873 52.709364541340619 36.071262606419623 30.282741286093369 7.7799317627213922 8.0471818586811406 16.845998801290992 3.8629630969371638 22.943184280768037 26.168465676251799 15.708832441829143 10.943178982939569 41.935120370006189 14.954220294253899
leaf_count=1369 235 114 575 257 330 487 317 832 102 229 642 482 286 378 703 203 512 6517 3847 3293 279 145 472 227 2178 1660 1206 596 2032 584
internal_value=0 -0.000779995 0.000663518 -0.000718835 -0.00507832 0.00568579 -0.00722746 -0.00932496 -0.0155419 -0.0197218 0.00785451 0.00536033 0 0.00905051 -0.00178088 -0.00803167 0.012493 -0.00486347 -0.00954156 -0.00194854 0.0102011 0.00109898 0.0137133 0.0173921 0.00102767 -0.000445602 0.00476261 -0.00374632 -0.000161863 0.00839574
internal_weight=518.464 459.657 338.795 261.57 75.6375 58.8071 67.9576 58.3271 26.6723 20.905 52.5546 77.2256 32.0218 45.2038 31.6548 14.1983 33.7149 120.862 37.8695 82.9921 45.2679 16.779 28.4889 20.709 185.932 132.326 53.6062 79.0468 52.8783 37.8974
internal_count=31089 28602 14831 12395 2770 2487 2513 2183 648 546 2000 2436 1064 1372 1535 489 994 13771 3961 9810 1358 380 978 699 9625 5657 3968 4288 2628 2762
is_linear=0
shrinkage=0.05


Tree=66
num_leaves=31
num_cat=0
split_feature=27 34 24 41 33 14 30 22 38 10 5 37 37 4 9 37 37 1 25 27 33 38 34 25 18 6 3 39 4 0
split_gain=0.955015 0.973495 0.641113 0.634836 0.706327 0.773943 0.677382 0.632213 0.606279 0.604818 0.547491 0.622492 1.02839 0.735352 0.857843 1.15348 0.832407 0.787648 0.656469 0.631226 0.618711 0.668964 0.646711 0.599716 0.558114 0.552544 0.517684 0.485185 0.490137 0.475189
threshold=-0.12333333492279051 0.33666664361953741 0.35666668415069586 0.062321202829480178 0.22333335876464847 -0.2766666561365127 0.20333331823349002 -0.064999997615814195 0.0085520744323730486 -0.090000003576278673 -0.29000000655651087 -0.06939458847045897 -0.042036056518554681 0.31666666269302374 -0.0099999904632568342 0.025244712829589847 0.064506053924560561 0.31000000238418585 -0.13666665554046628 -0.26999998092651362 0.056666672229766853 0.06216478347778321 -0.35000000894069666 0.2833333313465119 -0.236666664481163 -0.29666668176650995 1.0000000180025095e-35 0.031553804874420173 0.043333351612091071 -0.26833331584930414
decision_type=2 2 2 2 2 2 2 2 2 2 2 2 2 2 2 2 2 2 2 2 2 2 2 2 2 2 2 2 2 2
left_child=1 10 3 4 7 -6 9 -2 -3 -5 27 19 18 14 25 20 24 -15 -13 29 -16 22 -22 26 -17 -14 -20 28 -1 -12
right_child=2 8 -4 6 5 -7 -8 -9 -10 -11 11 12 13 17 15 16 -18 -19 23 -21 21 -23 -24 -25 -26 -27 -28 -29 -30 -31
leaf_value=0.012296005287862712 0 0.012375694440661604 -0.0083390699112041149 0.014876466034064393 0.012199432591686257 -0.001040916756971971 -0.004037144612057667 -0.0063982170449855937 0 -0.0013514921464904122 1.4686598169359383e-05 -0.00084966590591949859 -0.0081859936258704014 0.011265831985804234 0 0.012489920496902618 -0.0065690976946005805 -0.0014566725127695269 0 0.0022473941790513009 0 0 -0.01865820963887475 -0.00046788634631576219 -0.0018828581978061075 0.0042104584549605435 0.019743544563916034 -0.0024465768909697864 -0.0013549159301073554 -0.014952377096469186
leaf_weight=18.613639713032178 66.355057307519019 26.163707539439201 33.304236347321421 11.87533718906343 10.281557721085845 23.186664438340813 5.1754829958081237 84.540084566455334 17.992687388788909 3.3110002237372109 2.9129926119931069 7.2879387869033989 4.2860574300866565 16.16871858946979 12.800094857113434 11.71336768823676 10.838893158128483 18.033419494749978 3.4475969977211234 5.8918417477980247 3.9825038774870327 6.3994031720794728 24.849141611717645 3.029189243912696 4.4660851177759495 43.069280437426642 11.642558597261084 5.155759588116779 3.3307101235259315 13.04795230948366
leaf_count=955 5153 927 3193 508 294 2712 323 6856 866 365 81 319 253 663 491 261 465 884 159 328 127 256 887 154 333 1921 310 286 166 473
internal_value=-3.77085e-05 0.00190042 -0.00237197 -0.00107282 -0.00215005 0.00362937 0.0060019 -0.00368103 0.00824596 0.0107776 0.000403711 -0.000438598 0.000483518 -0.000994536 -0.00293181 -0.00615502 0.00123919 0.00471966 0.00883956 -0.00746624 -0.0104528 -0.0134423 -0.0161836 0.0130152 0.00795928 0.00182554 0.0162702 0.00642637 0.00948339 -0.0118247
internal_weight=513.153 275.124 238.029 204.725 184.363 33.4682 20.3618 150.895 44.1564 15.1863 230.967 203.867 182.014 156.607 122.405 75.0495 27.0183 34.2021 25.4073 21.8528 48.0311 35.231 28.8316 18.1193 16.1795 47.3553 15.0902 27.1001 21.9443 15.9609
internal_count=30969 11565 19404 16211 15015 3006 1196 12009 1793 873 9772 8365 7483 6541 4994 2820 1059 1547 942 882 1761 1270 1014 623 594 2174 469 1407 1121 554
is_linear=0
shrinkage=0.05


Tree=67
num_leaves=31
num_cat=0
split_feature=30 16 37 41 25 27 38 37 37 30 34 0 0 2 36 31 33 16 5 31 36 3 3 27 25 7 27 9 10 25
split_gain=0.782271 1.72415 1.00895 0.942207 1.25861 0.844775 0.695785 0.631128 1.00212 0.578813 0.516259 0.497792 0.491775 0.581429 0.592767 0.566362 0.988481 0.606007 0.468261 0.449099 0.411263 0.407347 0.404779 0.40259 0.374271 0.440925 0.370883 0.367275 0.524635 0.486816
threshold=-0.31000000238418574 -0.2766666561365127 -0.06939458847045897 0.062321202829480178 -0.21000000834465024 0.13666665554046634 -0.11537122726440428 -0.023729801177978512 1.0000000180025095e-35 0.030000001192092899 -0.31000000238418574 0.37000000476837164 0.29666668176651007 0.028333306312561039 0.11000001430511476 -0.3899999856948852 0.38333332538604742 -0.45666666328907007 -0.48333333432674402 0.4499999880790711 -0.36333334445953364 0.29000002145767217 0.26999998092651373 0.24333333969116214 -0.41666667163372034 1.0000000180025095e-35 -0.29000000655651087 0.48333334922790533 0.31666666269302374 -0.33666665852069849
decision_type=2 2 2 2 2 2 2 2 2 2 2 2 2 2 2 2 2 2 2 2 2 2 2 2 2 2 2 2 2 2
left_child=2 3 -1 4 21 12 19 18 11 -5 -11 -9 15 -14 -15 16 17 -6 -4 -3 -10 -2 26 27 -20 -26 -17 28 -8 -30
right_child=1 6 7 9 5 -7 23 8 20 10 -12 -13 13 14 -16 22 -18 -19 24 -21 -22 -23 -24 -25 25 -27 -28 -29 29 -31
leaf_value=0.01387920917318335 -0.00023866838623561767 -0.014271513918395077 0.0051612955483475286 0.002840363975518418 0.019449383127481783 -0.0030301268194559104 -0.0026095419763766058 0.014800963987138864 -0.0059379999845360866 0 -0.015771861190518804 -0.0006492566478057296 -0.0094351375167535858 -0.0031753090526096049 0.0086246314157329331 0.008319019563966237 0 0.00061456652113658743 0.0011003457123616694 0 0.0032126130186388223 -0.011003691945716342 -0.001938261674677225 0.00094353064140968864 -0.013939873135405923 0.0004766391055112703 0 0.0044415273965834777 0 -0.014398193832849737
leaf_weight=15.367687586927785 36.230388844152912 19.720440489938486 1.8356907865963901 3.8827886045910445 24.255682404153045 21.393416854552925 98.046965648187324 15.349688274785878 16.055135519709435 3.2335668227169672 9.8816663527395541 2.3811094029806545 4.8439796003513029 10.749262345023455 18.219524964457378 41.25813782424666 9.403468521544708 8.7482784590683895 2.8107406536582902 3.8986617552582166 19.585279940394688 8.6368914158083481 13.438218759372829 41.482870371313766 13.007019932381803 2.4580736919306228 22.723329302622005 4.1381926047615698 4.9416064121760455 17.23165617370978
leaf_count=624 1070 1996 55 95 314 1080 9326 853 1293 105 298 131 111 276 473 926 237 238 178 105 1674 256 414 4547 829 177 814 339 419 1845
internal_value=3.5518e-05 -0.000818889 0.00419151 0.00193585 0.00295543 0.00490944 -0.00434497 0.000956181 0.00398824 -0.0074971 -0.0117963 0.0120331 0.00624391 8.50469e-05 0.00373763 0.00769621 0.0124177 0.0159604 -0.00520026 -0.0117882 -0.000570787 -0.0038559 0.00410312 -0.00276484 -0.00828928 -0.0109911 0.00578664 -0.00418013 -0.004872 -0.0113025
internal_weight=515.209 426.359 88.8504 236.899 219.901 175.033 189.46 73.4827 53.3712 16.998 13.1152 17.7308 153.64 33.8128 28.9688 119.827 42.4074 33.004 20.1115 23.6191 35.6404 44.8673 77.4197 165.841 18.2758 15.4651 63.9815 124.358 120.22 22.1733
internal_count=31098 25284 5814 6707 6209 4883 18577 5190 3951 498 403 984 3803 860 749 2943 789 552 1239 2101 2967 1326 2154 16476 1184 1006 1740 11929 11590 2264
is_linear=0
shrinkage=0.05


Tree=68
num_leaves=31
num_cat=0
split_feature=27 10 18 31 16 22 26 29 38 25 25 7 24 40 31 13 36 11 38 27 37 19 12 36 7 40 40 8 38 5
split_gain=0.771009 0.897909 0.888043 0.732472 0.724568 0.692467 0.664135 0.593941 0.558868 0.638862 0.543027 0.732413 0.511238 0.494231 0.781656 0.494796 0.446947 0.43725 0.413251 0.390549 0.382835 0.379297 0.411946 0.364423 0.335199 0.392527 0.405554 0.379432 0.412679 0.513462
threshold=-0.11666667461395262 -0.16333332657814023 0.38999998569488531 0.47666668891906744 -0.24333333969116208 -0.038333326578140252 0.33666664361953741 -0.32333332300186152 0.0048093795776367196 -0.11666667461395262 0.20499998331069949 0.26333332061767584 0.01666665077209473 0.46999999880790716 0.43000000715255743 -0.036666661500930779 0.14999997615814212 -0.40333333611488337 -0.076637268066406236 -0.40333333611488337 -0.013422966003417967 0.38333332538604742 -0.2766666561365127 0.38999998569488531 -0.023333340883255001 0.62333333492279064 0.10333333536982538 0.20999997854232791 -0.079872131347656236 0.33666664361953741
decision_type=2 2 2 2 2 2 2 2 2 2 2 2 2 2 2 2 2 2 2 2 2 2 2 2 2 2 2 2 2 2
left_child=3 2 13 4 5 24 -5 19 10 12 11 17 -10 14 15 -2 -11 -7 -12 -6 -8 22 -15 -18 25 26 -1 -26 -29 -30
right_child=1 -3 -4 6 7 8 20 -9 9 16 18 -13 -14 21 -16 -17 23 -19 -20 -21 -22 -23 -24 -25 27 -27 -28 28 29 -31
leaf_value=-0.0022370672859882389 0.00081347705229388694 -0.0044152707753179988 -0.008705991819137518 0.018645026430393331 -0.0044089397399717468 -0.011673815179784691 0.0068071648146306677 -0.0048704365498164984 0.0035834957041060685 0 0 0.0089035362673473527 -0.0089348416028205459 0 0.0097191895208345036 -0.0084502274229566569 0.015100962506074705 0 -0.014494002611750982 0.0077553863534837383 -0.006574792014981322 -0.0028731733225348692 0.010170253365097699 0 0.012414713227310657 -0.0040300366131766656 0.0098988198815477806 0.009328940160280989 -0.0067818799353408579 0.0058929328151970982
leaf_weight=3.9473436528351185 22.781248488463461 127.54017077665776 11.327819847268982 6.6710608282592174 2.3098472789861288 5.965589136350899 5.1930061671882877 60.421782091958448 8.8913471044506895 17.218298190971836 5.4310239697806528 10.317186195868997 9.4451668839901668 10.504969728644936 9.0423344338778389 18.523668825859204 12.775701751001181 22.002034761011604 8.2142388247884792 14.280727298464624 4.1423232157248977 2.7740439749322823 35.67748021450825 4.4008650453761211 27.337471866980195 12.739944305270908 10.858893068740143 7.4600913017056909 12.762362479232253 6.8901282353326669
leaf_count=118 1468 11739 708 140 133 123 95 5663 198 435 140 229 236 514 207 1785 295 597 216 1114 155 162 2789 112 591 299 270 163 317 186
internal_value=0.000414217 -0.00159528 0.00150125 0.00221058 0.00133774 0.00305518 0.0111677 -0.00244368 5.7262e-05 0.00369568 -0.00320586 0 -0.00245052 0.00333273 0 -0.00335732 0.00746851 -0.00397801 -0.00997048 0.00423395 0 0.00661554 0.00792942 0.0120594 0.00633286 0.000569591 0.00574973 0.00848899 0.00224341 -0.0010246
internal_weight=517.848 238.172 110.632 279.676 263.67 186.658 16.0064 77.0124 104.661 52.7314 51.9301 38.2848 18.3365 99.3037 50.3473 41.3049 34.3949 27.9676 13.6453 16.5906 9.33533 48.9565 46.1824 17.1766 81.9962 27.5462 14.8062 54.4501 27.1126 19.6525
internal_count=31197 19372 7633 11825 11435 4525 390 6910 2581 1276 1305 949 434 6925 3460 3253 842 720 356 1247 250 3465 3303 407 1944 687 388 1257 666 503
is_linear=0
shrinkage=0.05


Tree=69
num_leaves=31
num_cat=0
split_feature=13 9 26 25 2 12 25 30 26 24 37 10 2 38 24 41 30 19 21 33 22 22 10 9 9 38 22 7 11 40
split_gain=0.880984 1.10783 0.865842 0.937195 0.665085 0.539429 1.19739 0.475973 0.818253 0.467207 0.467112 0.508721 0.429971 0.403806 0.39128 0.582588 0.476281 0.380597 0.368206 0.351666 0.337414 0.32668 0.323072 0.309517 0.492849 0.30638 0.303346 0.293963 0.517796 0.486195
threshold=0.42333334684371954 -0.3899999856948852 0.30333334207534796 -0.023333340883255001 -0.236666664481163 -0.48333333432674402 0.18333333730697635 -0.30333334207534784 0.01666665077209473 -0.090000003576278673 0.10350275039672853 0.01666665077209473 0.27666664123535162 -0.047021865844726556 0.18999999761581424 0.046263152733445174 -0.12999999523162839 0.3966666460037232 -0.33666665852069849 0.3966666460037232 -0.3899999856948852 0.26333332061767584 -0.40333333611488337 0.38999998569488531 0.18333333730697635 -0.0029311180114746089 -0.24999999999999997 -0.096666663885116563 0.14999997615814212 0.65333333611488353
decision_type=2 2 2 2 2 2 2 2 2 2 2 2 2 2 2 2 2 2 2 2 2 2 2 2 2 2 2 2 2 2
left_child=1 4 5 14 20 6 -3 8 -7 23 19 -12 18 -14 16 -16 -4 -2 -11 27 -1 -18 -6 24 -5 -22 -24 28 -9 -29
right_child=17 2 3 9 22 7 -8 10 -10 12 11 -13 13 -15 15 -17 21 -19 -20 -21 25 -23 26 -25 -26 -27 -28 29 -30 -31
leaf_value=0 0.0012277770578303967 0.013509334955533095 -0.006858511221002641 0.0024115878646334891 0.0052581403638788998 -0.0022454011321729741 -0.006081387106737458 -0.0087400903715999737 0.011109507390084816 0 0.0095325081790481794 -0.0035944981377241444 -0.0059857367797776133 0.005684232545215176 -0.01148221224865827 0.0031126307009754117 0.0062810751496204633 -0.0093759030811746153 0.01286931013553393 0.0020555645871002514 0.019417442568276291 -0.0019735777402955981 0.0036190198464834387 0.0067653882400366934 -0.010069581308039088 0.0008361522473643838 -0.007377188650923433 -0.0047058308177797166 0.00040642781798661562 0.0010034188010894622
leaf_weight=3.9697047108784345 4.6254909457638886 11.676337399519982 7.1844627922400823 9.9477120321244055 17.317746861604977 22.549185246229172 7.169500369578599 60.412720260210335 11.762423113919793 5.5009065058547995 9.5842766729183477 6.0054429528536266 5.6433708709664669 12.468688642373307 12.011923266109081 4.1674139602109781 28.886245894012973 25.28688272787258 35.958651853026822 15.563808023696764 11.116454695351425 8.9600684456527215 2.3264076418709001 6.1381828451994798 7.3889987540896973 6.6484812721610043 9.6497185209300351 81.06335008982569 12.924875141121445 51.617591006914154
leaf_count=201 366 178 371 443 1060 1806 111 4370 818 228 485 460 193 485 453 153 954 2101 1082 1216 421 312 156 234 360 450 737 5866 1336 3691
internal_value=0.000375473 0.000968475 4.98346e-05 0.00319417 0.00752536 -0.00146117 0.00538145 -0.00213236 0.00268477 0.00652403 -0.00298111 0.00372417 0.0086956 0.000426598 -0.00113074 -0.00677069 0.000963585 -0.00710889 0.0112706 -0.00364847 0.0132278 0.00375398 0.00105657 0 -0.00305794 0.0154822 -0.00335542 -0.00424327 -0.00690419 -0.00235714
internal_weight=515.527 485.615 434.586 144.257 51.0285 290.33 18.8458 271.484 34.3116 83.0465 237.172 15.5897 59.5716 18.1121 61.2101 16.1793 45.0308 29.9124 41.4596 221.582 21.7346 37.8463 29.2939 23.4749 17.3367 17.7649 11.9761 206.019 73.3376 132.681
internal_count=31097 28630 25605 5268 3025 20337 289 20048 2624 3025 17424 945 1988 678 2243 606 1637 2467 1310 16479 1072 1266 1953 1037 803 871 893 15263 5706 9557
is_linear=0
shrinkage=0.05


Tree=70
num_leaves=31
num_cat=0
split_feature=16 22 10 26 39 23 25 41 35 41 25 39 38 27 25 10 41 38 40 20 39 24 27 19 3 16 27 38 19 24
split_gain=0.865392 1.08152 0.98349 0.876266 0.860912 0.859766 0.786559 0.770504 0.67237 0.667112 0.558894 0.558454 0.512406 0.448207 0.533925 0.44565 0.539989 0.407851 0.508729 0.382318 0.354614 0.352001 0.496702 0.408541 0.346225 0.580664 0.3369 0.335027 0.271143 0.29497
threshold=-0.43000000715255732 -0.083333343267440782 -0.33666665852069849 -0.22333332896232602 0.028243753127753738 0.01666665077209473 0.056666672229766853 0.045919001102447517 -0.096666663885116563 0.053763128817081458 0.21666666865348819 0.023674715310335163 0.031151294708251957 -0.4433333277702331 -0.37666666507720942 0.18333333730697635 0.035361358895897872 0.10373830795288087 0.063333334401249899 0.35000002384185797 0.01669745892286301 -0.24999999999999997 -0.37666666507720942 -0.036666661500930779 -0.10999999940395354 -0.28333333134651179 0.37000000476837164 0.026104450225830082 -0.41666667163372034 -0.46999999880790705
decision_type=2 2 2 2 2 2 2 2 2 2 2 2 2 2 2 2 2 2 2 2 2 2 2 2 2 2 2 2 2 2
left_child=1 3 4 -1 8 13 11 -6 12 -9 -8 19 21 -4 -15 -12 -17 18 -10 27 -5 -2 -23 -24 -7 -26 28 -3 -16 -30
right_child=2 6 5 20 7 24 10 9 17 -11 15 -13 -14 14 26 16 -18 -19 -20 -21 -22 22 23 -25 25 -27 -28 -29 29 -31
leaf_value=-0.0037113067124058571 0 -0.0013673632073055578 0.0022777549316163543 0 0.015657037487360064 0.0063422702537898118 0.010060494403681872 -0.010099464969902867 0.0015707301962324392 0.0071284979095115886 0.0065294037691424403 -0.012354627791143956 -0.0038808578817596095 0.00075468969999042826 0 -0.011657334622728629 0.0024295330417984547 0.0029862566017836525 -0.012726007303455193 -0.0068761744430229825 0.013639941347368021 -0.002214619087655694 0 0.015426466049284233 0.0029901165388978991 -0.003130118377780329 0 0.0092889053229185253 0.00041758381430568605 -0.0087687402902056379
leaf_weight=5.5861467649228862 6.6502309532370445 6.2341258469969087 12.610705581726505 7.6104662944562724 15.565875505562873 15.081967213889582 15.809295461745931 3.8966479958035034 3.2262349261436674 6.9553053819108754 5.4043980422429767 10.684409388806669 7.6208447562530628 20.481962090590969 8.3795696827582997 8.0975666265003365 5.4934645812027147 2.5570828844793132 14.063535224413497 6.4751965478062621 34.082851014100015 2.0245314179919687 4.2772109748330029 14.185286524938414 59.368153963936493 85.439258801983669 13.54288690513931 7.6832244284451008 3.3729872200638047 102.28221139393281
leaf_count=142 370 126 457 134 568 1037 280 212 188 277 101 225 713 1543 244 155 116 232 1099 127 566 65 370 812 2236 8509 1477 136 397 8227
internal_value=0.000137982 0.00392518 -0.00090994 0.0092307 0.00372605 -0.00220519 0 0.0101814 0 0 0.00447154 -0.00557051 0.00391274 -0.00472836 -0.00555284 -0.000478183 -0.00568711 -0.00639471 -0.00926745 0 0.0117376 0.00716223 0.00986919 0.0124344 0.000258909 -0.000436035 -0.00674105 0.0042864 -0.00758851 -0.00824489
internal_weight=514.744 113.161 401.582 47.2795 81.0228 320.56 65.8817 26.4178 54.605 10.852 34.8047 31.077 34.7581 160.67 148.06 18.9954 13.591 19.8469 17.2898 20.3925 41.6933 27.1373 20.487 18.4625 159.889 144.807 127.578 13.9174 114.035 105.655
internal_count=31141 2108 29033 842 4906 24127 1266 1057 3849 489 652 614 2330 12345 11888 372 271 1519 1287 389 700 1617 1247 1182 11782 10745 10345 262 8868 8624
is_linear=0
shrinkage=0.05


Tree=71
num_leaves=31
num_cat=0
split_feature=3 39 19 11 5 38 21 39 36 41 16 24 27 38 13 39 39 6 38 31 37 4 14 40 30 40 0 39 16 29
split_gain=0.81518 1.36713 0.86854 0.816276 0.691191 0.653695 0.634042 0.614673 0.614539 0.576889 0.745209 0.781342 0.607925 0.532159 0.685052 0.623787 0.528971 0.744714 0.798396 0.703778 0.517607 0.453931 0.536649 0.446249 0.432014 0.413964 0.424606 0.381469 0.378671 0.367782
threshold=0.29000002145767217 0.024005748331546787 -0.46999999880790705 0.11000001430511476 0.1566666662693024 0.018894195556640628 -0.32333332300186152 0.014451591297984125 0.35666668415069586 0.055367076769471175 -0.28333333134651179 0.069999992847442641 -0.2766666561365127 -0.0095186233520507795 -0.21000000834465024 0.021494119428098205 0.017839243635535244 0.12333333492279054 -0.16214513778686521 0.43000000715255743 -0.022203922271728512 0.20333331823349002 0.2833333313465119 0.40666666626930242 -0.33666665852069849 0.85666668415069591 -0.13166666030883786 0.022421213798224929 0.40333333611488348 0.14999997615814212
decision_type=2 2 2 2 2 2 2 2 2 2 2 2 2 2 2 2 2 2 2 2 2 2 2 2 2 2 2 2 2 2
left_child=2 4 8 9 7 21 -5 -2 -1 10 11 25 -13 15 -15 23 20 18 -18 28 -8 -3 -23 -6 -11 26 -4 -9 -20 -12
right_child=1 5 3 6 13 -7 16 27 -10 24 29 12 -14 14 -16 -17 17 -19 19 -21 -22 22 -24 -25 -26 -27 -28 -29 -30 -31
leaf_value=0.011696844723537851 0.004129154594926179 0 0.0074317525979585783 -0.0017967257071533863 -0.012817060592266517 0 -0.0085211100575708701 -0.014265248293030131 -1.255273455641364e-05 0.0020008187915991037 -0.0011097869056219077 0.01169076059628308 0 0.013628768053826637 0 0.0064731309286450885 -0.002234461019647819 -0.00025379662555973778 0.0080010958666514136 0.021950135054163617 0.0044603621697538219 -0.020371535059316104 0 0 -0.0083611107837800458 -0.0068029628398152513 -0.0011656415360659521 0 -0.00250644455737753 -0.0086473869009261514
leaf_weight=24.568141244817525 3.3471488261129734 4.9216970887500819 13.823500093771143 27.380610906635411 7.0825238702818769 13.651139011140911 6.7669217544607845 10.259178064414298 11.174881996586917 6.0514631068799636 90.290028335992247 25.319084220100194 23.204499139916152 14.302046917844565 13.758483152603729 7.4744132237974545 5.1486613880842915 14.422398956259711 25.235177863622088 12.544874943792818 12.452403969131408 15.809640184510501 5.0512158451601854 7.266124855261296 34.727469111792743 15.007212153635917 36.993023557821289 2.6872032422106704 4.2680839090608051 18.438889606157318
leaf_count=355 193 241 428 2173 403 1051 546 704 150 341 8161 511 828 331 1394 363 267 1244 2127 306 1232 984 408 453 2002 486 1151 154 331 1822
internal_value=2.93792e-05 -0.00371312 0.00109876 0.000257488 0.000475821 -0.0104277 0.00384951 -0.00662241 0.00796146 -0.00117596 -4.03296e-06 0.00263629 0.00711568 0.00370377 0.00777379 -0.00117885 0.00604183 0.00815075 0.0109279 0.0131377 -5.88414e-05 -0.0143826 -0.0169414 -0.00712681 -0.0062296 -0.000636313 0.00127091 -0.011149 0.00561017 -0.00299135
internal_weight=513.428 105.611 407.817 372.074 66.1771 39.4337 108.219 16.2935 35.743 263.855 223.076 114.347 48.5236 49.8836 28.0605 21.8231 80.8385 61.6192 47.1968 42.0481 19.2193 25.7826 20.8609 14.3486 40.7789 65.8237 50.8165 12.9464 29.5033 108.729
internal_count=31140 6679 24461 23956 3995 2684 8226 1051 505 15730 13387 3404 1339 2944 1725 1219 6053 4275 3031 2764 1778 1633 1392 856 2343 2065 1579 858 2458 9983
is_linear=0
shrinkage=0.05


Tree=72
num_leaves=31
num_cat=0
split_feature=30 38 30 3 39 14 19 5 39 37 15 32 8 31 37 41 36 39 33 31 18 38 38 31 39 39 38 26 16 33
split_gain=0.713108 1.16542 0.865426 0.860769 0.723295 0.755143 0.68401 0.793753 0.848985 0.801545 0.649053 1.24187 0.971753 0.636419 0.548647 0.543478 0.524922 0.489672 0.486275 0.477192 0.639943 0.452245 0.606151 0.487007 0.571302 0.675607 0.405567 0.564192 0.403396 0.403168
threshold=-0.30333334207534784 0.012786865234375002 0.46166664361953741 0.21499997377395633 0.017743043601512912 -0.236666664481163 -0.083333343267440782 0.22333335876464847 0.017743043601512912 0.010804653167724611 -0.41666667163372034 -0.1766666769981384 -0.12833333015441892 -0.43000000715255732 -0.033434391021728509 0.041571944952011115 -0.48333333432674402 0.014615238178521396 0.46999999880790716 -0.37666666507720942 -0.41666667163372034 -0.033671855926513665 -0.076637268066406236 -0.48333333432674402 0.01726569049060345 0.027691929601132873 -0.2015423774719238 0.40333333611488348 0.31666666269302374 0.31666666269302374
decision_type=2 2 2 2 2 2 2 2 2 2 2 2 2 2 2 2 2 2 2 2 2 2 2 2 2 2 2 2 2 2
left_child=1 3 6 4 14 -6 7 10 15 13 11 -2 -13 -10 -1 -9 -7 -14 -8 -12 -21 22 -4 -23 -25 -26 -18 -28 -3 -11
right_child=2 28 21 -5 5 16 18 8 9 29 19 12 17 -15 -16 -17 26 -19 -20 20 -22 23 -24 24 25 -27 27 -29 -30 -31
leaf_value=-0.010092519313387789 0.005915539924648279 0.00079502199004856519 0.005836933508099793 -0.003259022788416987 -0.003357970044389696 0 -0.0058647665267434305 0.015216889556206993 0.0043533283691141846 0.010730241716768181 -0.0077891693918523243 0.0010229340824566291 0 -0.0089672490734371488 0.0054483702393592608 0 0 -0.017644391351892958 0.0038646557990381033 0.0080582513683860168 -0.00056438094384858855 -0.0013280649839330515 -0.0087481481783825837 0 0.018779357568826233 0 0.018376725053752978 0 -0.0086613970286374912 -0.0017463488047663621
leaf_weight=3.4387737449724227 8.3548312112689 15.638340992387386 8.4370809425599855 9.4587350562214834 2.2839594832621506 2.8196587301790634 106.56609128322452 14.665359800448643 6.2680617258884039 13.155379394534977 12.42646661470644 8.2878930191509408 4.6739735361188677 20.579888942651451 7.8183835055679065 4.4100837858859441 3.7131058229133407 21.471882136305794 7.1479559708386651 19.181561730336398 121.87310417438857 4.7579015865921965 7.4128720767330369 7.3255680040456417 13.237882255343722 3.8391231657005838 33.26042904122734 2.3397400081157675 13.064770342782138 3.0138769573532036
leaf_count=216 168 1488 232 596 127 107 12167 462 131 445 484 176 105 822 447 127 144 483 637 545 6996 81 220 220 343 119 1562 51 1278 96
internal_value=0 0.00381515 -0.000882663 0.00743417 0.00979656 0.0123801 -0.00174566 -0.000191523 0.00437609 0 -0.00184709 -0.00688346 -0.0110242 -0.00486915 0 0.0116895 0.0140649 -0.0150989 -0.00488131 -8.01139e-05 0.000719122 0.00512738 -0.000369315 0.00837928 0.0109828 0.0148595 0.0154626 0.0168762 -0.00354218 0.00743374
internal_weight=510.923 93.8359 417.087 65.1328 55.6741 44.4169 372.076 258.362 62.0927 43.0172 196.27 42.7886 34.4337 26.848 11.2572 19.0754 42.1329 26.1459 113.714 153.481 141.055 45.0104 15.85 29.1605 24.4026 17.077 39.3133 35.6002 28.7031 16.1693
internal_count=31075 6016 25059 3250 2654 1991 23844 11040 2083 1494 8957 932 764 953 663 589 1864 588 12804 8025 7541 1215 452 763 682 462 1757 1613 2766 541
is_linear=0
shrinkage=0.05


Tree=73
num_leaves=31
num_cat=0
split_feature=30 16 41 41 5 37 40 37 37 37 41 22 29 26 40 37 37 41 20 8 37 20 4 12 37 37 29 37 12 20
split_gain=0.892727 1.29162 0.825205 1.71994 0.909383 1.0005 0.798622 0.774695 0.897671 0.67997 0.715009 0.885314 0.658973 0.611464 0.600879 0.54084 0.941418 0.53014 1.17179 0.696547 0.69417 0.62015 0.556001 0.624578 0.557112 0.992508 0.764817 0.630003 0.523196 0.503112
threshold=-0.30333334207534784 -0.28333333134651179 0.062321202829480178 0.045919001102447517 -0.096666663885116563 -0.06400823593139647 0.20333333313465121 -0.06400823593139647 -0.036983489990234368 1.0000000180025095e-35 0.045919001102447517 0.29000002145767217 -0.19666665792465207 0.056666672229766853 0.97666668891906749 0.064506053924560561 0.081814765930175795 0.038000477477908141 0.26833331584930425 1.0000000180025095e-35 -0.073925971984863267 0.33666664361953741 -0.04333332180976867 -0.32333332300186152 -0.0076293945312499991 -0.021015167236328122 0.25000000000000006 -0.050820350646972649 -0.069999992847442613 0.4499999880790711
decision_type=2 2 2 2 2 2 2 2 2 2 2 2 2 2 2 2 2 2 2 2 2 2 2 2 2 2 2 2 2 2
left_child=7 2 3 17 -5 -6 -4 13 14 10 11 12 -10 -1 -9 -11 -17 21 19 -19 -21 22 23 -2 25 27 -26 -24 -7 -23
right_child=1 -3 6 4 5 28 -8 8 9 15 -12 -13 -14 -15 -16 16 -18 18 -20 20 -22 29 24 -25 26 -27 -28 -29 -30 -31
leaf_value=0.00020262770572716454 0.011475463649957468 -0.0042177489184214859 0.0036420626433438341 0 -0.0017434860697295371 0.019309915012681172 -0.013535316188596193 -0.013201920424254054 0.019868757045913867 -0.0042468594844619432 -0.0018585321823367325 -0.0024916592338775963 0 0.019237424518244728 0.0029111231364003041 0.016517659073099652 -0.0031947704705027526 0 0.0056760730198490367 0 -0.018728024276544269 -0.0086333945642239947 -0.0067439464206704549 -6.3547529384289924e-05 -0.003688307026418132 -0.016226326090996841 0.0094316282015452207 0.0059235684360409921 0 0.0019830726638060173
leaf_weight=10.384066901868211 24.920617836061865 185.46682065469213 4.6871186557691571 13.239774697693063 4.7786024941597125 24.714046907611191 11.402947043301536 9.513631360139696 15.10405262606219 26.746695423033088 5.7729036493692538 3.2352615681011221 2.1982267617713687 7.6034870832227162 2.9726536720991126 4.9462198333349061 6.5939958649687469 8.0034905266948062 10.156633711187167 3.151231782045218 13.953455894952638 18.590947843389589 10.021822152892129 12.111113004852085 10.857357314787803 5.6696806624531737 21.891268434701487 18.208747076103464 4.6075667492114034 11.533291869098319
leaf_count=451 575 18525 130 342 173 546 340 612 794 2190 307 218 188 260 125 300 571 239 281 89 451 517 300 466 365 162 591 461 212 316
internal_value=-8.87187e-05 -0.00114073 0.00125337 0.00222813 0.010064 0.0138354 -0.00776961 0.00408211 0.00117433 0.00391313 0.00927738 0.0130621 0.016936 0.0120903 -0.00831369 0 0.00658892 -9.2855e-05 -0.00519282 -0.0106399 -0.0150927 0.00123762 0.00319617 0.00763803 0 -0.00385973 0.00453913 0.000302416 0.016947 -0.00422247
internal_weight=513.038 417.967 232.5 216.41 47.34 34.1002 16.0901 95.0712 77.0836 64.5974 26.3104 20.5375 17.3023 17.9876 12.4863 38.2869 11.5402 169.07 35.2648 25.1082 17.1047 133.805 103.681 37.0317 66.6489 33.9002 32.7486 28.2306 29.3216 30.1242
internal_count=31097 25081 6556 6086 1273 931 470 6016 5305 4568 1507 1200 982 711 737 3061 871 4813 1060 779 540 3753 2920 1041 1879 923 956 761 758 833
is_linear=0
shrinkage=0.05


Tree=74
num_leaves=31
num_cat=0
split_feature=15 37 24 3 30 38 23 27 39 29 39 24 32 16 26 13 15 23 17 38 38 23 36 39 41 9 5 29 16 10
split_gain=0.645492 0.77564 1.37723 0.663064 0.815641 1.08464 1.00503 0.960005 0.716496 0.661233 0.799376 0.657601 0.941193 0.505848 0.611485 0.650687 0.490764 0.478522 0.443976 0.551563 0.439686 0.420836 0.41827 0.433992 0.447856 0.422143 0.380844 0.371507 0.736946 0.439086
threshold=-0.46999999880790705 0.064506053924560561 0.18999999761581424 0.23500001430511477 -0.30333334207534784 0.0048093795776367196 0.01666665077209473 -0.43000000715255732 0.026318108662962917 -0.48333333432674402 0.013899363577365877 0.21666666865348819 -0.036666661500930779 0.096666663885116591 0.40333333611488348 0.41666668653488165 -0.10333332419395445 0.35000002384185797 -0.41666667163372034 0.031151294708251957 -0.2015423774719238 0.21666666865348819 0.26999998092651373 0.020881145261228088 0.055947098881006248 0.26999998092651373 0.29666668176651007 -0.0083333253860473615 -0.12333333492279051 0.38999998569488531
decision_type=2 2 2 2 2 2 2 2 2 2 2 2 2 2 2 2 2 2 2 2 2 2 2 2 2 2 2 2 2 2
left_child=1 2 -1 4 5 9 7 8 -6 -2 -11 18 -13 -12 15 20 -14 -5 -8 -20 -15 -22 23 25 -25 -19 -4 28 -9 -29
right_child=3 -3 26 17 6 -7 11 27 -10 10 13 12 16 14 -16 -17 -18 22 19 -21 21 -23 -24 24 -26 -27 -28 29 -30 -31
leaf_value=0.013680049195650516 -0.0036404457609525032 -0.005583530518287993 0.0030553869465572473 -0.0069272364794723072 0.0098191077376282368 -0.0028852117675941349 0.0066482621922730233 0.0048147452957001151 -0.0043257767373853012 -0.0049834158091742508 0 -0.0032197537080322827 0.016758549848645318 0 -0.00091622317135269047 0 0 0.006188793242435325 0.0015604042548695608 -0.0067182505444086634 0.020031383535337635 0 0.0055354520770962449 -0.010582666134155618 0.0014300181571265049 -0.0063194176397892033 -0.0081899801491057411 -0.0086103882059718369 -0.0054968597584813548 0.0011814759732754242
leaf_weight=27.050612618215382 4.415359564125537 7.2366222259588531 6.8622905518859616 58.514739671256393 16.102771637495611 25.682626698864624 14.483212271239607 20.619564095279202 7.6391255725175133 2.6238363801967344 6.9147138127591452 6.4667145591229227 14.738680958282206 2.7172808516770521 2.7981575028970829 4.8149888860061756 4.0236415066756281 13.550978504121305 40.137831924017519 26.594776749843732 29.130559724289935 2.4540006823372087 14.286693533416836 16.71769779804163 4.8862716106232247 3.2334143794141701 8.4451443895231915 71.412031885003671 39.04772756039165 6.8050367773976168
leaf_count=400 174 119 103 4229 470 2423 409 1192 233 197 481 438 465 95 61 144 364 879 2806 1779 1244 148 998 1263 255 268 188 4628 4085 522
internal_value=-0.000103847 0.0049325 0.00771594 -0.000755867 0.000264224 0.00451558 -0.00100843 -0.00350687 0.0044728 0.00827164 0.0100024 0.00254757 0.00871849 0.0117208 0.0135498 0.0151229 0.0136259 -0.00402605 0 -0.00167719 0.017216 0.0186297 0 -0.00309088 -0.00723976 0.00165232 -0.00253462 -0.00518384 -0.00143838 -0.00743815
internal_weight=510.407 49.5947 42.358 460.812 349.623 81.5515 268.071 161.626 23.7419 55.8689 51.4535 106.445 25.229 48.8297 41.915 39.1168 18.7623 111.19 81.2158 66.7326 34.3018 31.5846 52.6751 38.3884 21.604 16.7844 15.3074 137.884 59.6673 78.2171
internal_count=31060 810 691 30250 22358 4967 17391 11130 703 2544 2370 6261 1267 2173 1692 1631 829 7892 4994 4585 1487 1392 3663 2665 1518 1147 291 10427 5277 5150
is_linear=0
shrinkage=0.05


Tree=75
num_leaves=31
num_cat=0
split_feature=9 6 30 19 38 3 0 39 38 27 27 26 8 6 32 31 8 39 12 37 28 2 35 3 29 12 25 13 27 0
split_gain=0.705313 0.733134 0.627391 1.26429 0.821717 0.894125 0.54079 0.529716 0.5187 0.541223 0.509382 0.920423 0.654069 0.796931 0.869778 0.598759 0.550112 0.753013 0.64402 0.63947 0.568177 0.612452 0.503691 0.494315 0.46074 0.453992 0.443205 0.435766 0.433534 0.419233
threshold=0.43666666746139532 0.20999997854232791 -0.30333334207534784 0.21666666865348819 0.012786865234375002 0.18999999761581424 0.22166669368743899 0.013899363577365877 -0.2015423774719238 -0.3899999856948852 -0.35000000894069666 0.38999998569488531 0.12333333492279054 0.17666667699813846 -0.25666666030883784 -0.22333332896232602 -0.083333343267440782 0.013734275940805675 0.20333331823349002 -0.015175819396972655 0.3966666460037232 0.38999998569488531 -0.19666665792465207 -0.1766666769981384 -0.48333333432674402 -0.24333333969116208 0.30333334207534796 -0.16333332657814023 0.01666665077209473 0.069999992847442641
decision_type=2 2 2 2 2 2 2 2 2 2 2 2 2 2 2 2 2 2 2 2 2 2 2 2 2 2 2 2 2 2
left_child=2 26 4 10 5 7 -3 -1 -9 -10 11 15 -13 14 -14 23 19 -18 20 -12 -19 28 -21 -4 -11 -26 -2 -24 -22 -15
right_child=1 6 3 -5 -6 -7 -8 8 9 24 16 12 13 29 -16 -17 17 18 -20 22 21 -23 27 -25 25 -27 -28 -29 -30 -31
leaf_value=-0.0032531321618802286 0.016476386504828962 -0.0062786225589797368 0 -0.0087749513735355302 -0.0033100391426856058 -0.004639957957858004 0.00667806056898625 -0.0013672317381006674 -0.0020397405339732467 0 -0.0040285878822621532 0.0037988159637602562 0.0032287448881647982 -0.0044870940090618221 -0.015565176610245913 0 0.0057783733127384253 -0.0080886691153228534 0.0038491067508174292 -0.001420488592268758 0.01129588244007379 -0.0077595712389551532 0.009588926556235125 0.014318743193701876 0 0.015077300439741956 0 0 -0.0019253262799370557 0.0059271444564395741
leaf_weight=2.9939386546611777 10.960787957534192 10.800806039245801 7.3927372365724322 44.781825195299461 27.155861712293699 9.7435612366534752 9.4646182325668615 4.2612774318549773 2.3557818750850847 4.0353532708249906 31.533078294014558 33.413527126656845 3.4157443658914444 11.452982438495384 15.351160568883641 12.246876505669205 10.833097985014318 86.319570000981912 10.275421905680558 19.811078341677785 8.7483493746258336 5.6357505929190657 30.741990754380822 21.450974734732881 3.1672210642136553 40.637097133323564 2.0522897073533377 11.979181496659292 3.4993899073451749 14.04862885782495
leaf_count=219 540 721 130 5067 2631 634 635 165 63 139 2291 963 127 287 429 524 696 6109 1171 1431 249 285 1275 397 180 1835 167 1266 184 344
internal_value=2.08986e-05 0.00650784 -0.000454854 -0.00140328 0.00299906 0.0059527 0 0.00841209 0.00972615 0.0111582 -0.000218425 0.00226464 -0.000737206 -0.00470306 -0.0111816 0.0078414 -0.00169821 -0.00383676 -0.0051966 0.00096012 -0.00647645 0.000335703 0.00397302 0.0112276 0.0124273 0.0137869 0.0135607 0.00685419 0.00675734 0.000492608
internal_weight=510.56 33.2785 477.281 382.931 94.3501 67.1942 20.2654 57.4507 54.4567 50.1955 338.15 118.773 77.682 44.2685 18.7669 41.0906 219.377 125.312 114.478 94.0653 104.203 17.8835 62.5323 28.8437 47.8397 43.8043 13.0131 42.7212 12.2477 25.5016
internal_count=31154 2063 29091 23225 5866 3235 1356 2601 2382 2217 18158 3201 2150 1187 556 1051 14957 8694 7998 6263 6827 718 3972 527 2154 2015 707 2541 433 631
is_linear=0
shrinkage=0.05


Tree=76
num_leaves=31
num_cat=0
split_feature=10 16 41 41 24 3 39 26 4 34 37 39 9 33 39 38 24 41 39 6 41 37 37 6 19 37 33 0 36 37
split_gain=0.926957 0.921987 0.733026 0.829646 1.28428 0.825262 0.793523 0.858363 0.730769 0.782563 0.68132 1.09007 0.545689 0.540816 0.520248 0.512575 0.504193 0.501488 0.554126 0.467451 0.509906 0.454973 0.436406 0.544719 0.660713 0.4329 0.418683 0.387406 0.473251 0.36396
threshold=-0.29000000655651087 -0.24333333969116208 0.06874531134963037 0.045919001102447517 -0.22999998927116391 0.32999998331069952 0.030262772925198082 0.31000000238418585 -0.21000000834465024 0.48333334922790533 -0.01895046234130859 0.016939676366746429 0.48333334922790533 0.23000001907348636 0.013734275940805675 -0.042906284332275384 0.01666665077209473 0.056940531358122833 0.036715434864163406 0.38999998569488531 0.028989635407924656 -0.029016017913818356 -0.06400823593139647 -0.18333333730697629 -0.28333333134651179 -0.0096092224121093733 0.056666672229766853 0.20999997854232791 -0.056666672229766839 -1.0000000180025095e-35
decision_type=2 2 2 2 2 2 2 2 2 2 2 2 2 2 2 2 2 2 2 2 2 2 2 2 2 2 2 2 2 2
left_child=8 2 3 5 -5 6 7 13 9 14 -9 -12 -3 -2 -1 -13 -7 18 21 20 -15 26 -6 -24 -25 -18 -10 28 -8 -23
right_child=1 12 -4 4 22 16 27 10 17 -11 11 15 -14 19 -16 -17 25 -19 -20 -21 -22 29 23 24 -26 -27 -28 -29 -30 -31
leaf_value=-0.0021817938023463344 -0.0031127318220188003 -0.0044082771535108338 -0.010116877346167235 -0.00681154913518654 0 0.0010711156889435941 0.00053253613014795503 0.014401838803636295 -0.014880628035282737 -0.0055602842964384116 -0.0085525765960527741 -0.00078399176676299158 0.0058374062471278224 -0.0010202186428020195 0.01175423553253617 0.011172429054741993 -0.014745817532214654 0.0076871288238378709 0.0055407878745723504 -0.0035592157525817024 0.013486460893827101 0.0054123035015197826 0 0.017344632129953415 0 -7.4062740633562465e-05 0.00069246849352410343 0.00069376036178670419 -0.014975860332563729 -0.0042839262812564335
leaf_weight=2.4634674179833373 49.642306153429672 162.56668433127925 7.2749311418738207 7.6690148699562988 5.092662544688209 9.3217330775223655 2.5572391599416724 18.768999406602234 8.868716036668042 3.052894815336912 9.2418558108620328 7.328962272033098 6.9401664778124532 3.6471823824103948 43.04031602316536 18.413749343715608 12.043733433354646 11.478241110919042 10.041287256404756 3.1464205910451701 11.216186434030531 8.6660601480398309 7.3709132089279583 25.593541533453386 7.1361799167934832 12.049043277511373 1.3756572864949692 5.2327433596365145 7.9977595063392064 20.275216152193032
leaf_count=193 1980 16909 264 278 200 270 69 383 693 112 232 153 510 127 2202 410 416 489 356 149 347 607 206 545 406 457 79 141 349 1685
internal_value=0.000183 -0.000891557 0.00107861 0.00180701 0.00692577 0 0.00180165 0.00337711 0.00417775 0.00838814 0.00775976 0.00199963 -0.00366112 -0.000114192 0.0103481 0.00747608 -0.00636809 0 -0.00199995 0.00582217 0.00945884 -0.00496468 0.0102704 0.0118659 0.0142393 -0.00971683 -0.0117671 -0.0067597 -0.0108772 -0.000234219
internal_weight=509.514 400.252 230.745 223.47 52.8623 170.608 137.193 121.406 109.262 48.5567 53.7536 34.9846 169.507 67.6521 45.5038 25.7427 33.4145 60.7052 49.2269 18.0098 14.8634 39.1856 45.1933 40.1006 32.7297 24.0928 10.2444 15.7877 10.555 28.9413
internal_count=31217 24801 7382 7118 1635 5483 4340 3781 6416 2507 1178 795 17419 2603 2395 563 1143 3909 3420 623 474 3064 1357 1157 951 873 772 559 418 2292
is_linear=0
shrinkage=0.05


Tree=77
num_leaves=31
num_cat=0
split_feature=25 38 2 33 39 38 25 29 4 35 37 39 21 37 15 38 25 36 27 26 30 23 21 12 19 11 2 25 27 0
split_gain=0.612464 1.02522 0.882072 0.853615 0.697211 0.968874 0.667924 0.65573 0.605436 0.722817 0.55664 0.498993 0.52065 0.447496 0.439807 0.837219 0.596433 0.431717 0.389345 0.372156 0.380616 0.326669 0.30773 0.295985 0.400607 0.479234 0.559729 0.477403 0.527716 0.422053
threshold=0.33666664361953741 0.0249934196472168 -0.236666664481163 0.23666667938232425 0.032171895727515228 -0.033671855926513665 0.26333332061767584 -0.46999999880790705 0.38999998569488531 -0.21000000834465024 0.036592006683349616 0.017066688276827339 -0.2766666561365127 -0.11461448669433592 -0.46999999880790705 -0.041293144226074212 -0.10999999940395354 -0.26999998092651362 0.01666665077209473 0.41666668653488165 0.01666665077209473 -0.45666666328907007 -0.13666665554046628 0.32999998331069952 -0.0099999904632568342 -0.30333334207534784 0.36333334445953375 0.12333333492279054 -0.4433333277702331 0.32333332300186163
decision_type=2 2 2 2 2 2 2 2 2 2 2 2 2 2 2 2 2 2 2 2 2 2 2 2 2 2 2 2 2 2
left_child=2 3 4 18 5 7 14 -1 9 -8 -3 22 -13 -5 15 -4 -17 -6 -2 20 -12 -9 -7 24 25 27 -27 28 -16 -30
right_child=1 10 6 13 17 11 8 21 -10 -11 19 12 -14 -15 23 16 -18 -19 -20 -21 -22 -23 -24 -25 -26 26 -28 -29 29 -31
leaf_value=-0.0019328935872336167 0.0068792639340089562 0.0090081747002384027 -0.0057432930976837968 0.00029642035299994556 0.0034861409658626451 0 -0.0031529566015460219 0 -0.0046293253371844263 0.012843708622804571 0.00075296264531180468 -0.0016588959804099601 0.0079762339494594495 -0.016022954482129703 0.0019110748162484718 0 0.014260717292959593 -0.0076216908978938239 -0.0052141156051567243 0.0048128416790357668 -0.012405165062752724 0.015114637776269917 -0.010315676247469398 0.0024981828693332476 -0.0063006064879095594 0.0017755061288459162 -0.0076558453146356011 0.0020337708902580152 -0.010142682362357033 0
leaf_weight=3.0327259534969917 6.1938514306675634 11.634312236215921 8.0537972296588141 1.2800761861726631 8.0374716303776967 8.3003481966443342 3.9159725811332526 2.5602323319762936 3.8794369567185631 19.746660927776247 3.1501181554049236 15.139536718372254 27.089216208318248 20.827985681360591 8.9433907736092788 8.7479809317737853 11.844417999964204 12.635830746032296 8.5767135112546367 2.0057210212107739 6.1298550467472523 31.953956437529996 5.8146537449210873 23.113145492272452 52.953656803118065 116.4194319320377 11.701039319392292 14.282116374466566 41.995523133082315 7.5931761676911256
leaf_count=93 374 1077 147 78 289 639 265 136 327 1068 351 968 1497 1822 205 155 188 739 810 122 533 1416 441 1760 5288 7074 675 423 1871 303
internal_value=3.32506e-05 -0.00442297 0.000734102 -0.00920798 0.00442357 0.00627109 -0.000516589 0.0119786 0.00607246 0.0092513 0.00272476 0.00127987 0.00422692 -0.0143271 -0.00129603 0.00383076 0.00896634 -0.00255311 0 -0.00318488 -0.00776069 0.0139233 -0.00492504 -0.00198453 -0.00253707 -0.00127051 0.000423798 -0.00437424 -0.00636894 -0.00835708
internal_weight=507.552 59.7986 447.754 36.8786 114.564 93.8907 333.19 37.5469 27.5421 23.6626 22.92 56.3438 42.2288 22.1081 305.648 28.6462 20.5924 20.6733 14.7706 11.2857 9.27997 34.5142 14.115 277.001 253.888 200.935 128.12 72.8142 58.5321 49.5887
internal_count=31134 5167 25967 3084 6218 5190 19749 1645 1660 1333 2083 3545 2465 1900 18089 490 343 1028 1184 1006 884 1552 1080 17599 15839 10551 7749 2802 2379 2174
is_linear=0
shrinkage=0.05


Tree=78
num_leaves=31
num_cat=0
split_feature=27 37 37 37 10 18 1 33 33 37 27 28 36 40 37 6 10 10 6 30 25 12 19 41 3 21 24 31 5 40
split_gain=0.630765 0.742379 0.563068 0.583911 0.533563 0.592307 0.572805 0.530619 0.911654 0.628933 0.509313 0.643071 0.697837 0.60772 0.684196 0.488964 0.54601 0.503623 0.477703 0.519991 0.441249 0.431378 0.621185 0.439526 0.422076 0.415612 0.415432 0.384491 0.371531 0.4705
threshold=-0.45666666328907007 0.025244712829589847 -0.01895046234130859 -0.058910369873046868 -0.29000000655651087 -0.36333334445953364 -0.41666667163372034 0.32999998331069952 0.17000001668930056 -0.033434391021728509 0.11000001430511476 -0.14333333075046537 -0.48333333432674402 0.96999999880790722 0.064506053924560561 -0.32333332300186152 -0.083333343267440782 0.43666666746139532 0.20333331823349002 0.29500001668930059 0.23000001907348636 -0.26999998092651362 -0.21000000834465024 0.031045022420585159 0.37000000476837164 0.01666665077209473 -0.40333333611488337 -0.30333334207534784 -0.023333340883255001 0.93666666746139537
decision_type=2 2 2 2 2 2 2 2 2 2 2 2 2 2 2 2 2 2 2 2 2 2 2 2 2 2 2 2 2 2
left_child=1 2 3 -1 10 7 -7 8 -6 -9 11 12 -2 14 -12 17 21 -8 19 -4 -11 -17 23 -23 27 -5 -14 -10 29 -28
right_child=4 -3 18 25 5 6 15 9 24 20 13 -13 26 -15 -16 16 -18 -19 -20 -21 -22 22 -24 -25 -26 -27 28 -29 -30 -31
leaf_value=-0.0029425853910964687 -0.0046938847182730614 0.011633918395042004 0 0 -0.00083684197136289122 0.0033894938279884624 -0.012158439243375068 0.0043878866895820916 0.013802948418986508 0 -0.0067048626740706663 -0.00027457341726594436 -0.00048945750063752102 0.0091948458613958645 0.005813643861069296 -0.0056758147632868178 -0.0047734009063627857 0.0012424770826839435 0.00099399189854959113 -0.016540737328893891 -0.015999591426269638 0 -0.00085563971871307771 0.012922220392113638 -0.00057148317170479482 0.014604383287953627 0.016824992562207968 0 0 0
leaf_weight=7.3798594977706662 2.2322073269169804 15.815463377628474 4.2416310494299996 5.9724949449300793 55.106924023013562 18.860673807677813 27.450864718062807 5.2962546278722611 19.865807581692941 9.914090135367589 39.186528169782832 24.940043019596487 2.0569971031509402 4.2588196634314945 7.2639478412456802 11.760639702435581 125.10364106798079 3.5196141311898819 9.267450593877582 5.6049042753875256 6.3771906790789208 5.0403273045085397 28.676824458874762 12.922475796425713 4.311975614167749 8.5095822536386532 21.613153180805977 6.0914039460476479 2.8296912040095696 2.1002533065620801
leaf_count=165 113 377 110 119 1844 1722 2416 152 417 224 2722 1470 130 165 408 688 11311 234 194 123 147 280 3020 593 96 146 1045 246 207 115
internal_value=-0.000440986 0.00417927 0 0.00505432 -0.00113109 -0.00212435 -0.00352926 0.000743743 0.00272514 -0.00507465 0.00176494 0.00493834 0.0091916 -0.00143767 -0.00382947 -0.00432676 -0.00295011 -0.0100048 -0.00526401 -0.0108778 -0.00962546 0.00064832 0.00318312 0.00927391 0.00896491 0.0100183 0.0116239 0.0111412 0.013248 0.0149494
internal_weight=503.572 56.7914 40.9759 21.8619 446.78 340.299 233.335 106.964 85.3761 21.5875 106.482 55.7723 30.8323 50.7093 46.4505 214.474 183.504 30.9705 19.114 9.84654 16.2913 58.4003 46.6396 17.9628 30.2692 14.4821 28.6001 25.9572 26.5431 23.7134
internal_count=30999 1234 857 430 29765 23390 20264 3126 2603 523 6375 3080 1610 3295 3130 18542 15892 2650 427 233 371 4581 3893 873 759 265 1497 663 1367 1160
is_linear=0
shrinkage=0.05


Tree=79
num_leaves=31
num_cat=0
split_feature=10 12 9 29 25 9 19 31 32 9 4 37 38 31 27 5 41 2 12 31 4 27 7 1 6 4 41 38 14 40
split_gain=0.859113 0.741085 0.804152 0.659164 0.562026 0.768357 1.11779 1.0836 0.937877 0.642517 0.587045 0.571213 0.48573 0.459409 0.491151 0.601046 0.422105 0.411964 0.373961 0.339397 0.330855 0.323189 0.319479 0.541883 0.714203 0.494517 0.315369 0.309001 0.305672 0.300561
threshold=-0.4433333277702331 0.44333332777023321 0.43000000715255743 -0.28333333134651179 -0.083333343267440782 0.24333333969116214 -0.24999999999999997 -0.096666663885116563 -0.049999997019767754 0.38999998569488531 0.33666664361953741 -0.058910369873046868 0.012786865234375002 -0.15666666626930234 0.17666667699813846 -0.12833333015441892 0.033841431140899665 0.23666667938232425 0.41000002622604376 0.47666668891906744 0.14999997615814212 0.12333333492279054 -0.083333343267440782 -0.22333332896232602 0.13666665554046634 -0.37666666507720942 0.037754345685243614 -0.047021865844726556 -0.41666667163372034 0.96333330869674694
decision_type=2 2 2 2 2 2 2 2 2 2 2 2 2 2 2 2 2 2 2 2 2 2 2 2 2 2 2 2 2 2
left_child=3 2 4 12 18 6 8 -8 -6 10 -7 -10 21 14 15 -13 20 -11 22 29 -9 -1 25 -24 -25 -2 -23 -17 -27 -18
right_child=1 -3 -4 -5 5 9 7 16 11 17 -12 13 -14 -15 -16 27 19 -19 -20 -21 -22 26 23 24 -26 28 -28 -29 -30 -31
leaf_value=0.018314291537878356 0.0016422658067735817 -0.0091941766612383385 0.0068290174615562582 -0.0020881591027378204 -0.0008778651915194917 -0.009973697660663465 -0.0087579632883805249 0.0093555670946385405 -0.001126998638011241 0.008818017060157576 0.00081067454591782348 0 0 0.00060046041592942223 0 0.0014256472599412416 -0.0052609403981474833 -0.0029751819386157662 0.0061106937978829762 0.0071407788350497233 -5.8044659795819653e-05 -0.0034336185581182207 0.0066476921314225657 0.0011754489282514737 -0.0084305645596270806 0 0.0079002755902352253 0.018701450745397568 -0.0079080145285011835 0.0040470373117743735
leaf_weight=10.537085970863705 14.090400723041965 17.738685197429731 32.176221797708422 8.1318570957519096 28.482060608221218 32.354541610111482 28.178690827218816 18.305064006010074 7.0532775768078855 8.6330497073940915 11.59246521652676 5.6975491605699053 4.7310239064972839 15.395976949715985 6.225307843880727 7.4862008369527713 30.538875853875652 6.3124213847331694 3.8268074360676101 3.1692447606474152 6.9634111265186212 4.60199216310866 13.004100981866939 37.27995306905359 25.812543209642172 13.644734249683095 5.4871161817573011 28.407147841528062 70.686544116586447 3.4757311583962283
leaf_count=343 789 1734 1734 496 1006 1937 2728 1739 204 409 701 116 454 451 230 146 3101 290 172 78 817 221 723 2159 1433 341 165 544 5666 280
internal_value=0 -0.000568731 -6.70683e-05 0.00710189 -0.000732471 0.000725755 0.0023565 -0.0014085 0.00593346 -0.00386597 -0.00687278 0.00887409 0.010682 0.0103522 0.0126105 0.0143397 0.00201937 0.00321801 -0.00285561 -0.000889329 0.00644851 0.0134159 -0.00338728 -0.000499301 -0.00278358 -0.00522377 0.0018241 0.0164153 -0.00668062 -0.00322083
internal_weight=510.02 476.531 458.792 33.4891 426.616 248.271 189.379 90.631 98.7475 58.8925 43.947 70.2655 25.3572 63.2122 47.8162 41.5909 62.4523 14.9455 178.345 37.1839 25.2685 20.6262 174.518 76.0966 63.0925 98.4217 10.0891 35.8933 84.3313 34.0146
internal_count=31207 29528 27794 1679 26060 14777 11440 8743 2697 3337 2638 1691 1183 1487 1036 806 6015 699 11283 3459 2556 729 11111 4315 3592 6796 386 690 6007 3381
is_linear=0
shrinkage=0.05


Tree=80
num_leaves=31
num_cat=0
split_feature=9 2 35 15 9 26 10 7 35 39 39 39 39 41 5 38 37 30 39 28 38 38 18 31 37 1 37 18 38 24
split_gain=0.532947 0.72391 0.794305 0.66618 0.832834 0.495262 0.645301 0.648942 0.805448 0.673232 0.644852 0.622603 0.630247 0.603718 0.595392 0.538563 0.48585 0.481163 0.585324 0.69528 0.590324 0.547096 0.536633 0.511488 0.45769 0.453692 0.457966 0.40121 0.382008 0.438059
threshold=-0.3899999856948852 -0.24999999999999997 0.17000001668930056 0.36333334445953375 0.43000000715255743 0.29666668176651007 0.01666665077209473 0.11000001430511476 -0.26999998092651362 0.016768637113273147 0.026601472869515422 0.027164159342646602 0.0336068943142891 0.042012371122837074 0.31666666269302374 0.090439319610595717 -0.022203922271728512 -0.31666666269302363 0.017066688276827339 0.32999998331069952 0.22018671035766604 -0.025616168975830075 -0.2766666561365127 0.17000001668930056 0.064506053924560561 -0.3899999856948852 -0.06400823593139647 0.38999998569488531 -0.11129713058471678 0.37666666507720953
decision_type=2 2 2 2 2 2 2 2 2 2 2 2 2 2 2 2 2 2 2 2 2 2 2 2 2 2 2 2 2 2
left_child=1 2 27 4 5 17 11 8 -8 16 -11 14 -13 15 -7 -10 -9 -2 19 -19 -20 -21 -22 -24 28 -5 -27 -1 -6 -30
right_child=3 -3 -4 25 24 6 7 9 13 10 -12 12 -14 -15 -16 -17 -18 18 20 21 22 -23 23 -25 -26 26 -28 -29 29 -31
leaf_value=0.015328828164863362 0.0040937408578320547 0 -0.003752722861037297 0.0004689774632786299 0 0.012813265043948981 0.0056021416779879641 0.003329890462084545 -0.015333989103645871 0.0099213580655317241 -0.0017880398378249251 -0.011468819390814268 0.0050485423814753249 0 -0.0023650899956434495 0 -0.010892756587020224 -0.0014666873062752779 -0.0048676360593296036 -0.00058361270450718573 -0.0045975719119805995 0.014393714461975153 0.013324581806491485 -0.0026033836844027111 -0.0022093171752771662 0.00070625215567825413 -0.011701857013357216 0 0.014946256505693551 0
leaf_weight=19.517973212292425 23.65893811522983 34.680732481880113 3.6704254432115695 11.014362997142596 4.1453722624573919 25.369680550182242 7.1383353562559924 3.5976879105437547 17.434795583365492 28.420476608676836 10.572738734539596 3.587440225761382 7.1494826029520482 10.551510356832294 2.8050582299474618 3.4720345404930404 6.9233613477554155 38.425741453305818 158.90044818678871 4.4951939035672686 4.7001178786158553 9.3316434242296946 8.8047284709755314 1.7139183362014581 3.5981973588932297 4.31766309286468 22.796232129563577 4.2324200568255028 17.354204210219908 3.8931446527130893
leaf_count=818 1819 2165 195 917 180 1004 343 105 676 915 427 142 235 361 143 107 249 3327 11689 223 180 377 493 185 201 255 2174 141 832 289
internal_value=0.000280653 0.00442531 0.00969825 -0.000294553 0.000276921 -0.000339375 0.00205886 -0.000145329 -0.00485979 0.00320734 0.00637574 0.00695927 -0.00110958 -0.00841824 0.0104207 -0.0124399 -0.00507303 -0.00167509 -0.00247573 0.00170628 -0.00388457 0.00956048 0.00367552 0.00921289 0.00769063 -0.00615712 -0.00920105 0.0129549 0.010044 0.0122996
internal_weight=506.274 62.1016 27.4208 444.173 406.044 377.053 127.023 88.1109 38.5967 49.5143 38.9932 38.9117 10.7369 31.4583 28.1747 20.9068 10.521 250.031 226.372 52.2526 174.119 13.8268 15.2188 10.5186 28.9909 38.1283 27.1139 23.7504 25.3927 21.2473
internal_count=31167 3319 1154 27848 24502 23000 4707 3183 1487 1696 1342 1524 377 1144 1147 783 354 18293 16474 3927 12547 600 858 678 1502 3346 2429 959 1301 1121
is_linear=0
shrinkage=0.05


Tree=81
num_leaves=31
num_cat=0
split_feature=12 2 38 26 25 24 18 3 24 38 33 20 26 39 10 26 4 0 32 10 6 24 25 23 14 24 8 21 1 11
split_gain=0.594537 0.722212 0.843942 0.933034 0.495204 0.823492 0.602229 0.575759 0.54231 0.565094 0.533725 0.519352 0.463588 0.52337 0.66857 0.484762 0.458963 0.456215 0.503498 0.453828 0.446235 0.430471 0.402217 0.415234 0.391244 0.38153 0.380358 0.446643 0.375903 0.374031
threshold=0.44333332777023321 -0.32999998331069941 -0.0095186233520507795 -0.2766666561365127 -0.083333343267440782 0.18999999761581424 -0.41666667163372034 0.32999998331069952 0.22333335876464847 0.047228336334228523 0.4499999880790711 0.25666666030883795 -0.12999999523162839 0.018340568058192733 0.1566666662693024 0.1566666662693024 -0.29000000655651087 -0.17000000178813932 -0.3899999856948852 -0.46999999880790705 0.069999992847442641 0.12333333492279054 0.41666668653488165 0.16333335638046267 -0.3899999856948852 -0.32999998331069941 -0.076666668057441698 -0.030000001192092892 -0.049999997019767754 0.01666665077209473
decision_type=2 2 2 2 2 2 2 2 2 2 2 2 2 2 2 2 2 2 2 2 2 2 2 2 2 2 2 2 2 2
left_child=1 2 3 -1 5 17 7 25 10 11 12 28 29 14 15 -14 -7 -3 -19 -2 -20 -4 23 -5 -22 -6 -27 -28 -10 -8
right_child=19 4 21 22 6 16 8 -9 9 -11 -12 -13 13 -15 -16 -17 -18 18 20 -21 24 -23 -24 -25 -26 26 27 -29 -30 -31
leaf_value=-0.00358151802128839 0.0034383865657245101 0.0045656280259354434 -0.0044965528921957496 0.014794232400181271 -0.0003207676822654753 0.0021202494352814609 -0.001977655855583637 -0.0012240366100034024 -0.010054798606250288 0.0089388436942216438 0.0081421407726033831 0.0067739704850273835 -0.0019045409736057842 -0.0077837619592037721 -0.0085395694523454115 0.010134333097918153 -0.0096938710016849089 -0.0105034008867168 0.0018338036834398758 -0.0096797992666366756 -0.01080993389576777 0.0049636856193255958 0 0 0 0 0.00043387700236233108 0.015638277292920406 0 0.0067539508371230938
leaf_weight=6.3250283966772249 2.2863963015843209 32.205072940560058 23.056264852173626 32.387822622666135 5.380618860712274 3.8671323368325821 24.598755564074963 15.741354834288357 9.029714887496084 22.071250826353207 4.9473949344828716 9.6613753794226778 7.3515584989218103 52.811188617837615 7.4089785499963901 12.081545438151805 36.312598031247035 8.5162689650896919 64.327962773153558 18.536742924014106 9.9055688846856373 13.880587891209869 2.4259608669672152 2.5498437334317705 15.281411210773511 7.4747910755686418 10.719936163630335 19.986650311388082 14.659530349308625 12.723769748350604
leaf_count=413 71 1944 1609 1289 187 196 1949 327 628 1318 410 680 657 3567 529 631 2419 725 4206 1792 244 859 222 113 1195 162 191 351 1040 1205
internal_value=0.000306104 0.000742396 0.00489434 0.00917607 -7.85865e-05 -0.00214855 0.00132528 0.0054383 -4.66991e-05 0.00367655 -0.00202764 -2.64354e-06 -0.00303733 -0.00513073 0 0.00522216 -0.0078877 0 -0.00181884 -0.00686045 -0.000122978 -0.000162379 0.012109 0.0134119 -0.00531356 0.00820692 0.00985487 0.0119499 -0.0044189 0.000945134
internal_weight=508.513 487.69 80.6255 43.6887 407.064 170.416 236.648 59.3034 177.345 55.4219 121.923 33.3506 116.976 79.6533 26.8421 19.4331 40.1797 130.236 98.0312 20.8231 89.5149 36.9369 37.3636 34.9377 25.187 43.562 38.1814 30.7066 23.6892 37.3225
internal_count=31129 29266 4505 2037 24761 10929 13832 1218 12614 3666 8948 2348 8538 5384 1817 1288 2615 8314 6370 1863 5645 2468 1624 1402 1439 891 704 542 1668 3154
is_linear=0
shrinkage=0.05


Tree=82
num_leaves=31
num_cat=0
split_feature=29 29 39 3 37 38 38 41 10 8 30 39 3 24 0 38 29 12 12 37 13 11 9 26 20 33 39 37 41 0
split_gain=0.844519 0.968519 0.723415 0.688426 0.670809 0.998108 1.19098 0.739976 0.688481 0.755934 0.678723 0.576572 0.548389 0.546755 0.533195 0.529926 0.745692 0.963569 0.521699 0.590094 0.493632 0.686268 0.74106 0.594676 0.689509 0.440288 0.404569 0.465124 0.382684 0.371073
threshold=-0.30333334207534784 0.31666666269302374 0.013734275940805675 -0.076666668057441698 -0.06400823593139647 -0.048531532287597649 -0.11537122726440428 0.064969118684530272 0.16333335638046267 0.44333332777023321 0.27666664123535162 0.02956893760710955 0.31000000238418585 0.096666663885116591 0.32333332300186163 0.012786865234375002 -0.48333333432674402 0.069999992847442641 -0.023333340883255001 0.050316810607910163 0.2833333313465119 0.11000001430511476 -0.17000000178813932 0.31666666269302374 -0.21666666865348813 0.21666666865348819 0.016939676366746429 0.057470798492431648 0.028632688336074356 -0.28333333134651179
decision_type=2 2 2 2 2 2 2 2 2 2 2 2 2 2 2 2 2 2 2 2 2 2 2 2 2 2 2 2 2 2
left_child=2 20 -1 15 12 6 -6 10 -8 25 -7 14 -3 -13 18 16 -4 -18 19 -12 21 23 28 24 -2 -10 -26 29 -23 -28
right_child=1 4 3 -5 5 7 8 -9 9 -11 11 13 -14 -15 -16 -17 17 -19 -20 -21 -22 22 -24 -25 26 -27 27 -29 -30 -31
leaf_value=-0.0072887532352503758 0.0011107351107446882 0.0013940802603096974 -0.0025924195775102053 -0.00010714525125871669 0.0075285854546697688 -0.0017103397816117935 0.00014031390519383564 -0.0063818701987515443 0 0.0011375595836617461 0.017887291431100859 -0.0089780328400271212 -0.012188104338653215 0.0062391681302206951 0.0018328124983357395 0 0 0.017283439630882875 0 0 -0.008093738632945751 -0.00043759891170470585 -0.0014820936790666702 0.0010890476518657034 0 -0.022671290247871685 0 0 0.011770971395103417 -0.010820434063330763
leaf_weight=5.3877370955888173 30.234437343082391 8.1042070742696506 3.9307851628400376 27.219866451574489 9.0025202729739267 11.414535552030427 7.1843165627215084 4.361739177722483 2.5450066635385147 2.4288037726655594 32.764043793315061 4.8213868748862279 7.5753296671900889 6.7065349377226084 21.491075762314722 15.541726008523254 11.095296047395093 28.214523144531995 7.8567167730070713 6.8399609066545954 33.144236832973547 3.139108628267425 28.58924062049482 50.907222967129201 22.054418551269919 8.0785114243626577 4.1696901414543381 19.698914479813538 17.596256147604436 62.660999704618007
leaf_count=489 2079 300 144 2125 332 788 273 187 78 146 733 176 370 319 922 1557 684 1037 629 154 3361 303 2868 1877 1669 346 251 1067 1282 4621
internal_value=1.65258e-05 -0.000908889 0.00425712 0.00568033 0.00229719 0.00367986 -0.00340466 0.00614987 -0.00983072 -0.014947 0.00735476 0.00895902 -0.00557185 0 0.0105755 0.00850791 0.0110515 0.0131302 0.0134166 0.0154796 -0.00267528 -0.00164222 0.00311773 -0.00306507 -0.00474309 -0.0192115 -0.00656404 -0.00801792 0.00930422 -0.00988135
internal_weight=504.759 413.369 91.3899 86.0022 141.175 125.495 29.2392 96.256 20.2366 13.0523 91.8943 80.4797 15.6795 11.5279 68.9518 58.7823 43.2406 39.3098 47.4607 39.604 272.195 239.05 49.3246 189.726 138.818 10.6235 108.584 86.5296 20.7354 66.8307
internal_count=31167 25131 6036 5547 5753 5083 1175 3908 843 570 3721 2933 670 495 2438 3422 1865 1721 1516 887 19378 16017 4453 11564 9687 424 7608 5939 1585 4872
is_linear=0
shrinkage=0.05


Tree=83
num_leaves=31
num_cat=0
split_feature=9 10 37 37 19 37 24 37 18 2 14 3 23 36 41 16 30 30 29 39 41 13 28 25 39 12 39 14 11 37
split_gain=0.521349 0.946025 0.842555 0.64752 1.01313 0.632017 0.883128 0.664512 1.52103 0.622604 0.61835 0.849174 0.830985 0.743326 0.630733 0.505598 0.487978 0.439625 0.526559 0.431329 0.601184 0.425954 0.425688 0.419435 0.512721 0.703076 0.444024 1.20709 1.18326 0.876056
threshold=0.42333334684371954 -0.030000001192092892 0.064506053924560561 0.031787872314453132 -0.18333333730697629 0.064506053924560561 0.27666664123535162 0.025244712829589847 -0.17000000178813932 0.36333334445953375 0.30333334207534796 -0.17000000178813932 0.01666665077209473 -0.46999999880790705 0.034397752955555923 -0.28333333134651179 0.37000000476837164 0.35000002384185797 0.12333333492279054 0.034243037924170501 0.039961723610758788 0.43000000715255743 1.0000000180025095e-35 -0.41666667163372034 0.013734275940805675 -0.11666667461395262 0.021494119428098205 -0.31000000238418574 -0.15000000596046445 -0.06939458847045897
decision_type=2 2 2 2 2 2 2 2 2 2 2 2 2 2 2 2 2 2 2 2 2 2 2 2 2 2 2 2 2 2
left_child=1 2 3 10 -5 7 9 23 -9 -7 12 13 14 -12 -1 17 -10 18 -14 20 -4 -2 -17 -3 25 -25 28 -28 29 -26
right_child=21 5 19 4 -6 6 -8 8 16 -11 11 -13 15 -15 -16 22 -18 -19 -20 -21 -22 -23 -24 24 26 -27 27 -29 -30 -31
leaf_value=0.00082252213843906632 0.0073792307534100397 0.0037492369222421893 0 0.0015683861609812712 -0.014142754485369412 -0.015484314076592481 0.0028002456882128706 0.0111392915037552 -0.010638533211126721 0.002057490821468153 -0.0018499303448285282 -0.0014065530362711842 0 0.016007755869536611 -0.0075377698588982248 0.0047607999210916019 0.003284854979450991 -0.00020924559917248118 0.015653565520534939 0 0.014384879698665452 -0.0025716635987847129 -0.0043440785777134608 0.010672612266555574 0.0033516763913882123 -0.005883712446481346 0.0040242560070390008 -0.0076946087241172231 0.00063149816273201144 -0.014587459714237812
leaf_weight=34.290768137201667 35.123864485183731 13.348344079917295 9.0207105365116167 15.537276875227692 12.33046242862474 20.969968377728954 6.6127026900649062 23.474462961079553 11.302512640482744 1.7382543305866409 3.1647521341219536 12.151672267355023 6.174014059128246 17.050566928694028 38.317775537492707 19.3422996471636 2.9009341797791413 5.32766124093905 13.539928441401569 8.901261003687976 20.401789272669703 6.7831412716768673 19.95677961059846 8.5763041086029244 3.2205149133224031 4.3015376656549043 38.469758330611512 35.676900261780247 21.819160993909463 36.851680428022519
leaf_count=2520 1757 938 652 623 1264 1414 475 813 1282 138 89 646 202 569 2389 1697 223 104 347 366 1080 731 1934 274 120 457 1123 3550 1962 1366
internal_value=0.000124191 -0.000333322 0.00180872 0.000267827 -0.00591904 -0.00262999 -0.00895705 -0.00134682 0.00397202 -0.0131213 0.00159644 0.00720678 0 0.0124749 -0.00351001 0.00397064 -0.00642638 0.0087433 0.0116192 0.00806346 0.0105735 0.00512636 0 -0.00282804 -0.00370136 0.00370572 -0.00470547 -0.00145645 -0.00775688 -0.0123544
internal_weight=506.678 464.771 235.508 197.184 27.8677 229.263 29.3209 199.942 37.6779 22.7082 169.316 32.367 136.949 20.2153 72.6085 64.3407 14.2034 25.0416 19.7139 38.3238 29.4225 41.907 39.2991 162.264 148.916 12.8778 136.038 74.1467 61.8914 40.0722
internal_count=31105 28617 14482 12384 1887 14135 2027 12108 2318 1552 10497 1304 9193 658 4909 4284 1505 653 549 2098 1732 2488 3631 9790 8852 731 8121 4673 3448 1486
is_linear=0
shrinkage=0.05


Tree=84
num_leaves=31
num_cat=0
split_feature=16 25 29 37 30 8 39 25 26 33 31 39 16 41 0 17 41 32 40 5 9 37 21 41 6 36 19 16 25 10
split_gain=0.578855 0.976607 0.739977 0.768568 0.607633 0.625292 0.60113 0.585125 0.659832 0.587351 0.909755 0.574976 0.706961 0.567337 0.682258 0.580737 0.505632 0.574365 0.710124 0.694219 0.626724 0.527914 0.552649 0.501801 0.487132 0.419454 0.406069 0.405316 0.516534 0.371048
threshold=0.44333332777023321 -0.24999999999999997 0.31666666269302374 -0.06400823593139647 0.26999998092651373 -0.19666665792465207 0.017066688276827339 -0.29000000655651087 -0.40333333611488337 0.32999998331069952 -0.36333334445953364 0.02956893760710955 -0.48333333432674402 0.03026800882071257 -0.22999998927116391 0.35000002384185797 0.035614177584648139 -0.090000003576278673 0.70999997854232799 -0.43000000715255732 -0.12333333492279051 0.023158073425292972 0.33666664361953741 0.064606677740812316 0.29000002145767217 1.0000000180025095e-35 -0.35000000894069666 0.46999999880790716 0.17666667699813846 0.056666672229766853
decision_type=2 2 2 2 2 2 2 2 2 2 2 2 2 2 2 2 2 2 2 2 2 2 2 2 2 2 2 2 2 2
left_child=2 6 4 24 13 -6 -2 -5 -9 10 25 12 -11 14 -1 16 21 19 23 -18 -20 22 -15 26 -4 -10 -19 -3 -29 -7
right_child=1 27 3 7 5 29 -8 8 9 11 -12 -13 -14 15 -16 -17 17 18 20 -21 -22 -23 -24 -25 -26 -27 -28 28 -30 -31
leaf_value=0.0020882792101472795 -0.00027637950096424084 0.0046133191167320297 0.0011402589735915157 -0.0046416653058890108 0.0041045601636841107 0 0.01673112567828219 -0.0067533188083155537 0 -0.0054200100259396361 0.0017621740163791867 -0.0073795510300776182 0.0077749881858284915 0.011211319986091676 -0.0070794074868453837 -0.0066545038949296226 0.0067193165571509368 0.0020345310584872988 0.013072928746485994 -0.0053297260007789957 0 -0.00052560567713158177 -0.0020074448294800993 0.0073987621892227604 -0.011819388570269098 0.01703369858556656 -0.0074204549892349959 -0.013605467907500869 0.0007128718206455653 -0.011081731294594499
leaf_weight=21.60490963421762 3.1002281066030291 8.122637092368679 6.8290991559624663 10.087560787564142 4.7445456883870056 8.3948027573060227 12.901236454956232 4.1497707252856335 7.1857801277656028 7.2473491691052869 33.813145818887286 8.2499784616520611 28.256801163312051 28.926771352998912 55.52337590768002 17.671821022056974 7.5887227235361925 9.5638791767414641 17.189819581340998 60.13143286248669 15.896315297111867 15.902084576198829 4.3012545162346205 5.6600030860863617 8.1715916646644455 25.014477534219623 23.517338532023132 4.9128098613582534 6.8582141897641122 32.208589756744914
leaf_count=1574 196 559 222 349 158 404 486 277 158 123 1640 392 1499 2238 4493 1591 470 285 870 4372 1216 1293 322 273 433 468 2111 213 410 2016
internal_value=4.33692e-05 0.00571829 -0.000406183 0.00251399 -0.00173823 -0.0068115 0.0131229 0.00397996 0.00514594 0.00613844 0.00897395 0.000791633 0.00408502 -0.000715939 -0.00424527 0.000568185 0.00155733 0 0.00295461 -0.0032034 0.00783006 0.00561189 0.00881757 -0.00114206 -0.0060889 0.0144263 -0.0041546 -0.000932869 -0.00643225 -0.00898771
internal_weight=503.726 35.8951 467.831 139.006 328.826 45.3479 16.0015 124.005 113.917 109.768 66.0134 43.7541 35.5042 283.478 77.1283 206.349 188.678 139.548 71.8274 67.7202 33.0861 49.1301 33.228 38.7412 15.0007 32.2003 33.0812 19.8937 11.771 40.6034
internal_count=31111 1864 29247 5561 23686 2578 682 4906 4557 4280 2266 2014 1622 21108 6067 15041 13450 9597 4755 4842 2086 3853 2560 2669 655 626 2396 1182 623 2420
is_linear=0
shrinkage=0.05


Tree=85
num_leaves=31
num_cat=0
split_feature=13 11 7 24 6 31 38 38 41 41 28 35 38 40 1 26 1 11 37 37 20 37 7 37 37 8 20 15 4 41
split_gain=0.541397 0.619142 0.601663 0.91089 1.02323 1.60352 0.692369 0.969343 1.08556 0.591468 0.579792 0.534939 0.534643 0.489862 0.506074 0.521312 0.461295 0.438724 0.433846 0.447185 0.407766 0.478686 0.390961 0.424065 0.377026 0.362831 0.335404 0.427846 0.322967 0.299292
threshold=0.42333334684371954 0.11000001430511476 1.0000000180025095e-35 -0.069999992847442613 0.2833333313465119 -0.236666664481163 0.039235115051269538 -0.076637268066406236 0.031437706202268607 0.029413292184472088 0.25666666030883795 -0.41666667163372034 -0.079872131347656236 0.63666665554046642 0.23000001907348636 0.25000000000000006 -0.43000000715255732 -0.15666666626930234 -0.056897163391113274 -0.022203922271728512 0.27499997615814215 -0.0096092224121093733 -0.076666668057441698 -0.05798292160034179 0.010804653167724611 0.20333331823349002 -0.32999998331069941 0.25000000000000006 -0.18999999761581418 0.040086608380079276
decision_type=2 2 2 2 2 2 2 2 2 2 2 2 2 2 2 2 2 2 2 2 2 2 2 2 2 2 2 2 2 2
left_child=1 2 11 20 5 9 7 -6 -9 -5 12 -1 28 14 15 -13 -2 22 -14 26 29 -22 23 -15 -12 -16 -20 -28 -3 -4
right_child=16 10 3 4 6 -7 -8 8 -10 -11 24 13 18 17 25 -17 -18 -19 19 -21 21 -23 -24 -25 -26 -27 27 -29 -30 -31
leaf_value=0.0039046710485706668 0.0011633231205938411 0.0032127826667127284 0.0021377147321691684 0 0.0038181821067218534 -0.00047068756909387257 0.0065486391042545436 0.00053571866623485442 -0.018368691778981965 0.01612857882320208 -0.00681185674861488 -0.0020163098709747836 0.015664759183411332 0 -0.01087715052422456 0.0062764616355101156 -0.0096885630504083553 -0.00013582690113897829 0.0049146384718791406 0.0061773215100616348 0 -0.013284037396558852 0 -0.014095738393043192 0.0026095955616790272 0.001212759580648913 0.0012355765391301758 -0.011935243135703049 -0.0060224621180923069 -0.004987220818398936
leaf_weight=16.17005059402436 7.8455348734278259 12.467408784665169 32.922413083608262 10.221371971070765 10.128605008590965 33.492136047687382 8.9146942740771902 8.2723229262046569 12.335736718960105 30.651327410247177 16.042501520598311 47.883506328100339 8.9837510476354492 2.8767517725937095 13.037383659044279 22.138837071368471 20.577473326586187 21.5047061170917 2.8864696368109426 54.619624924845994 7.0807663626037565 10.916195486905051 9.6026128220837546 28.350265748798847 11.059294304577632 2.6438570839818558 4.5755595467053336 6.3656325121410191 11.389926073839886 16.960143283940852
leaf_count=986 565 552 1931 253 332 1884 431 294 455 772 1423 3492 526 157 739 869 1916 1660 226 4837 408 559 428 1469 967 129 488 481 830 1117
internal_value=-0.000207993 0.000178025 -0.00087124 0.000997994 0.00375769 0.00710371 -0.0020789 -0.00592257 -0.011431 0.0131095 0.00310519 -0.00305089 0.00487415 -0.00409544 -0.00112998 0.000565182 -0.00628622 -0.00734959 0.00681206 0.00414549 -0.00322776 -0.00863288 -0.010111 -0.0124442 -0.0024359 -0.0079142 -0.00206006 -0.00646471 -0.000683196 -0.000112777
internal_weight=502.917 474.494 346.104 181.896 114.016 74.3648 39.6514 30.7367 20.6081 40.8727 128.39 164.208 101.288 148.038 85.7036 70.0223 28.423 62.3343 77.431 68.4473 67.8795 17.997 40.8296 31.227 27.1018 15.6812 13.8277 10.9412 23.8573 49.8826
internal_count=31176 28695 18365 8436 4421 2909 1512 1081 749 1025 10330 9929 7940 8943 5229 4361 2481 3714 6558 6032 4015 967 2054 1626 2390 868 1195 969 1382 3048
is_linear=0
shrinkage=0.05


Tree=86
num_leaves=31
num_cat=0
split_feature=9 10 19 28 37 37 41 17 9 11 39 8 7 16 31 17 9 9 35 40 25 14 26 39 36 3 18 25 10 39
split_gain=0.667764 0.610412 0.825801 0.669226 0.5776 0.61366 0.548486 0.543126 0.541129 0.43717 0.842743 0.852736 1.29105 0.672731 0.569502 0.598215 0.556844 0.619114 0.501375 0.461976 0.440567 0.429765 0.503853 0.424103 0.421073 0.383407 0.378662 0.377592 0.369486 0.379102
threshold=0.42333334684371954 -0.2766666561365127 0.20999997854232791 1.0000000180025095e-35 -0.022203922271728512 -0.06400823593139647 0.039547588676214225 -0.4433333277702331 -0.26333332061767573 -0.3899999856948852 0.013734275940805675 -0.14333333075046537 0.24333333969116214 -0.41666667163372034 -0.22999998927116391 -0.15000000596046445 0.24333333969116214 0.37666666507720953 -0.24999999999999997 0.89666664600372326 -0.10999999940395354 0.47666668891906744 -0.16333332657814023 0.023547814227640632 -0.21000000834465024 -0.45666666328907007 -0.3899999856948852 0.2833333313465119 0.18999999761581424 0.020642076618969444
decision_type=2 2 2 2 2 2 2 2 2 2 2 2 2 2 2 2 2 2 2 2 2 2 2 2 2 2 2 2 2 2
left_child=1 3 9 4 5 23 -2 -5 25 10 -3 -12 18 14 15 27 -14 -18 -13 28 -21 22 -4 -1 -9 -6 -20 -11 29 -15
right_child=6 2 21 7 8 -7 -8 24 -10 13 11 12 16 19 -16 -17 17 -19 26 20 -22 -23 -24 -25 -26 -27 -28 -29 -30 -31
leaf_value=-0.0019785588008437325 0.0094616627906769363 0.0075047578366104831 0 0.0069462503558547807 -0.00025532602870102279 -0.005532889622648576 -0.00058062152131338669 -0.0096210107757474881 -0.00066019922074989426 0.014244018251070578 0.0036773167972526978 0 0.0066183726461409662 0 -0.003797337050200049 -0.00047292609913029911 -0.011607677429490433 0.0030746549979039691 -0.019043704700830666 -0.0015515089648292608 0.0081495782511137854 0.0029332549376153046 -0.011398888653563016 0.010312769222137721 1.2074627179325708e-05 0.011794286763075562 0 0 0.00176555098163694 -0.0057091990025098906
leaf_weight=4.3904915768653145 26.122563611948863 7.8072101946454486 11.520467420807107 4.1983637376688412 2.8613346870988599 18.605908721219748 14.956885388586668 17.900406219763681 8.3133501834236068 20.457666544942189 12.975074235117061 6.5315438013058111 12.073728553019466 43.516221581143327 5.1380460532382122 8.1982960782479477 9.0924221568275225 6.1316638262942424 20.859207875095308 12.151677786605434 19.460022840765305 2.7874240428209296 34.185994643019512 10.929182657273484 12.242609419627117 35.892230771947652 5.3273433984723004 4.7721036016009739 35.969555860268883 65.956907111685723
leaf_count=183 1502 197 1349 89 149 1126 943 1211 658 445 455 210 302 3385 129 243 242 112 514 1057 1279 227 3649 403 814 2194 322 105 2751 4835
internal_value=0 -0.000581851 -0.00167467 0.00240146 0.00488851 0 0.00566627 -0.0026991 0.00814777 -0.000531807 -0.00357389 -0.00555541 -0.00808297 0.000561226 0.00611884 0.00862299 0 -0.00531883 -0.0139556 -0.000673645 0.00410314 -0.00737396 -0.00875348 0.00605209 -0.00566433 0.010431 -0.0165295 0.0119022 -0.00199838 -0.00347907
internal_weight=501.326 460.246 344.913 115.334 80.9925 33.9256 41.0794 34.3414 47.0669 296.419 80.7982 72.991 60.0159 215.62 38.5661 33.4281 27.2978 15.2241 32.7181 177.054 31.6117 48.4939 45.7065 15.3197 30.143 38.7536 26.1866 25.2298 145.443 109.473
internal_count=31080 28635 21808 6827 4713 1712 2445 2114 3001 16583 2354 2157 1702 14229 922 793 656 354 1046 13307 2336 5225 4998 586 2025 2343 836 550 10971 8220
is_linear=0
shrinkage=0.05


Tree=87
num_leaves=31
num_cat=0
split_feature=10 29 25 12 38 26 25 32 4 10 9 4 40 19 32 38 6 4 9 14 28 32 40 29 39 25 1 23 40 23
split_gain=0.52066 0.778234 0.699763 0.692227 0.56936 0.532748 0.725623 0.675816 0.639379 0.47859 0.929414 0.849224 0.938806 0.701612 0.644408 0.683267 0.63328 0.607595 0.445498 0.41616 0.414467 0.379961 0.366044 0.359309 0.353125 0.343617 0.335273 0.365326 0.383875 0.416661
threshold=-0.4433333277702331 -0.28333333134651179 1.0000000180025095e-35 0.43000000715255743 0.012786865234375002 -0.023333340883255001 -0.35000000894069666 -0.29666668176650995 -0.24333333969116208 0.069999992847442641 0.38999998569488531 0.32999998331069952 0.49333333969116216 -0.15000000596046445 0.36333334445953375 -0.079872131347656236 -0.25499999523162836 -0.049999997019767754 0.25000000000000006 -0.46999999880790705 0.17666667699813846 0.44333332777023321 0.036666667088866241 -0.4433333277702331 0.014316596556454899 0.17666667699813846 0.26999998092651373 0.01666665077209473 0.22333333641290667 -0.083333343267440782
decision_type=2 2 2 2 2 2 2 2 2 2 2 2 2 2 2 2 2 2 2 2 2 2 2 2 2 2 2 2 2 2
left_child=1 4 5 9 -1 19 8 22 -7 13 11 12 18 26 15 -14 -17 -12 25 -2 -15 -19 -8 -21 -25 -11 27 28 -4 -30
right_child=2 -3 3 -5 -6 6 7 -9 -10 10 17 -13 14 20 -16 16 -18 21 -20 23 -22 -23 -24 24 -26 -27 -28 -29 29 -31
leaf_value=0.012750112053477895 0.0032857162020174164 -0.0041465713620867269 -0.003485594545506602 -0.0069006254209444248 -0.0011212311686234734 0.013747130927932755 0.0010227342543873293 -3.7483643306982513e-05 0 0.0095391162076044044 0.013021539006908995 0.004707521850295316 0 0.002578636815886957 0.00035959608821339731 0 -0.021268801204202593 -0.0037599106209006122 -0.0055881252583412592 0.001339507572990756 -0.0067010315583635495 0.0077984135474314861 -0.011827304605533209 0.00061606538875337092 -0.0081434930935073424 -0.0005630418928459143 0 0.01341907788144246 0.010467849001527483 -0.0018402036901827329
leaf_weight=20.742417157627646 5.9197305855341247 8.045723384479059 7.5812308914028135 15.274824569351038 4.7105176690965882 8.9566900806967187 1.754944313783201 94.653003291809 22.373305495362729 9.3544641798362189 12.249038992449643 18.077412893646397 4.6355419941246572 37.072682774392888 4.8169746384955934 2.9529590383172115 15.190322679583907 14.724733158480378 12.287504787673241 7.0427441003266713 10.697058560210278 4.8018492606934151 16.782147119753063 6.4926348691806188 73.628606711514294 8.3395860742311907 11.447331847622989 25.984429535456002 12.183056278852748 3.8424412580206981
leaf_count=707 104 484 334 1739 443 425 81 4505 1247 404 619 1052 255 3630 321 232 904 649 751 417 1193 349 1074 624 6194 639 355 858 412 142
internal_value=2.95344e-05 0.00558799 -0.00038032 0.00149298 0.00966396 -0.00230005 -0.000173909 -0.0022258 0.00573577 0.00236868 0 -0.00302705 -0.00606377 0.00461327 -0.0118086 -0.014789 -0.018206 0.00645773 0 -0.00513831 0 0 -0.00963929 -0.00615354 -0.00714991 0.00478577 0.00791277 0.00951749 0.00252938 0.00668432
internal_weight=502.616 33.4987 469.117 231.513 25.4529 237.604 144.52 113.19 31.33 216.239 107.43 75.6548 57.5774 108.808 27.5958 22.7788 18.1433 31.7756 29.9816 93.0837 47.7697 19.5266 18.5371 87.164 80.1212 17.6941 61.0385 49.5912 23.6067 16.0255
internal_count=31143 1634 29509 14838 1150 14671 7332 5660 1672 13099 6175 4558 3506 6924 1712 1391 1136 1617 1794 7339 4823 998 1155 7235 6818 1043 2101 1746 888 554
is_linear=0
shrinkage=0.05


Tree=88
num_leaves=31
num_cat=0
split_feature=20 10 17 20 3 36 32 38 18 31 18 39 0 38 35 4 37 39 23 8 20 9 29 18 11 31 35 29 32 36
split_gain=0.67977 0.752614 0.728928 0.644011 0.831785 0.655327 0.759879 0.532318 0.688834 0.511012 0.487454 0.617965 0.547056 0.482048 0.550749 0.468815 0.443123 0.440917 0.422473 0.41654 0.402088 0.380406 0.425799 0.354238 0.372829 0.351284 0.326743 0.298177 0.295225 0.313
threshold=-0.31000000238418574 0.46999999880790716 0.32999998331069952 0.069999992847442641 0.32333332300186163 0.37666666507720953 0.25000000000000006 -0.0085129737854003889 0.3966666460037232 0.41000002622604376 -0.36333334445953364 0.031634284183382995 0.081666648387908949 -0.0095186233520507795 0.043333351612091071 0.17666667699813846 -0.073925971984863267 0.020881145261228088 0.35000002384185797 -0.090000003576278673 0.40333333611488348 0.19666665792465213 -0.069999992847442613 -0.48333333432674402 0.35000002384185797 -0.056666672229766839 0.40333333611488348 0.37666666507720953 -0.18999999761581418 -0.15000000596046445
decision_type=2 2 2 2 2 2 2 2 2 2 2 2 2 2 2 2 2 2 2 2 2 2 2 2 2 2 2 2 2 2
left_child=7 2 3 23 5 6 9 8 15 10 12 -12 28 25 -15 -1 -4 -3 21 -13 -14 22 -9 -2 -25 -6 -8 -18 -5 -30
right_child=1 17 16 4 13 -7 26 18 -10 -11 11 19 20 14 -16 -17 27 -19 -20 -21 -22 -23 -24 24 -26 -27 -28 -29 29 -31
leaf_value=0.011855475002431202 0.0049783077507689448 -1.5409348255132524e-05 0.000882936622575326 0.0044639159191836369 -0.013497419501101143 -0.0057669659213190998 0.01357278830971184 0 -0.0030400308026670687 0.010627577541168666 -0.004450215155363195 0.0091761363094315356 0.011498795275761498 -0.0072788127166894499 0.0065337539426355553 0 -0.011492805403301677 0.013052064419784846 0.0073278380028495085 -0.0022091944598040441 0 0.0022446878934976574 -0.011213717893656631 -0.0043443278362339842 0.0037121083925526002 0 0 0 0.0010356249958126003 -0.0099648326663658686
leaf_weight=31.760784251848236 5.3247664887458077 5.2187040550634256 6.6623753213789305 4.494003679836168 11.424630038207395 12.756810008315368 18.579385129036385 11.116228833561761 8.0550756782758963 9.0044810960534942 56.18175423075445 12.154441775521265 19.346312228823084 6.690968492068353 10.502522006398065 10.054682301357387 28.12799147341866 8.3876338310074043 6.688446494517847 6.0496026392793274 5.4810658688656977 12.122485482133923 12.291049310239034 147.37142430641688 7.9403023342601946 3.5736364875920108 2.938612785190343 6.6677973801270118 3.8776596718234932 7.4315672751981756
leaf_count=1594 81 318 328 160 545 722 899 939 557 341 4897 593 570 343 493 573 2386 422 362 446 158 1012 772 9186 659 330 217 679 101 260
internal_value=-0.000166632 -0.00110147 -0.00160978 -0.000730937 0.00113053 0.00274669 0.00385669 0.00351708 0.00674673 0.00184486 0.000457864 -0.00170123 0.0046571 -0.00534499 0 0.00929974 -0.00749281 0.00829402 -0.000144292 0.00474994 0.00872384 -0.00300836 -0.00648192 -0.00304957 -0.00365471 -0.0104572 0.0116131 -0.00960332 -0.00122777 -0.00569718
internal_weight=498.277 406.188 392.582 351.124 190.487 158.296 145.539 92.0888 49.8705 124.021 115.016 74.3858 40.6306 32.1918 17.1935 41.8155 41.4582 13.6063 42.2182 18.204 24.8274 35.5298 23.4073 160.636 155.312 14.9983 21.518 34.7958 15.8032 11.3092
internal_count=30943 25134 24394 21001 11075 9364 8642 5809 2724 7526 7185 5936 1249 1711 836 2167 3393 740 3085 1039 728 2723 1711 9926 9845 875 1116 3065 521 361
is_linear=0
shrinkage=0.05


Tree=89
num_leaves=31
num_cat=0
split_feature=4 18 39 9 25 33 10 29 33 27 11 19 10 24 19 18 41 4 39 40 40 32 40 39 15 14 10 41 41 19
split_gain=0.790646 0.53523 1.09662 0.944957 0.759205 1.29536 0.553622 0.550713 0.5305 0.425005 0.50362 0.467162 0.415796 0.405614 0.383512 0.37481 0.373584 0.428389 0.371849 0.419235 0.346699 0.566185 0.50144 0.432797 0.654778 0.547225 0.419266 0.351721 0.588025 0.494651
threshold=0.40333333611488348 -0.41666667163372034 0.021112410351634029 0.14999997615814212 -0.023333340883255001 0.31666666269302374 -0.4433333277702331 -0.28333333134651179 0.32333332300186163 -0.4433333277702331 -0.15666666626930234 0.38333332538604742 0.3966666460037232 0.23000001907348636 -0.40333333611488337 -0.32999998331069941 0.037754345685243614 -0.36333334445953364 0.016939676366746429 0.056666666641831405 0.85666668415069591 -0.10999999940395354 0.17000000178813937 0.027164159342646602 0.043333351612091071 -0.36333334445953364 0.096666663885116591 0.036677863448858268 0.028632688336074356 -0.2766666561365127
decision_type=2 2 2 2 2 2 2 2 2 2 2 2 2 2 2 2 2 2 2 2 2 2 2 2 2 2 2 2 2 2
left_child=1 2 3 -1 -4 -6 7 16 -5 14 13 20 -2 18 -8 -15 17 -3 -11 -20 22 -22 27 25 -25 -24 -23 28 -12 -30
right_child=12 6 4 8 5 -7 9 -9 -10 10 11 -13 -14 15 -16 -17 -18 -19 19 -21 21 26 23 24 -26 -27 -28 -29 29 -31
leaf_value=0.0046545964600395026 -0.0091933216505860598 0.0079940419963206669 0.00014673574375215199 -0.012468893878981157 0.018016817983381072 -0.00024235738738426872 -0.0028844460653420232 -0.0031802526836103235 0 0 -0.0002097903477862425 -0.005558076837231361 0 0.008235765220634619 0.0073546869627259788 -0.0023468766815927743 0.013729526829773723 -0.0047564274966227192 0.00096403141978417927 -0.0084296902319870425 -0.00084062099390521793 0.012381981240194601 0.0036172656044723586 -0.0038895026027704889 0.0091204751991071815 -0.0075088863322007281 0 -0.00034803514111428888 -1.8161584521520241e-05 0.014827858508368262
leaf_weight=22.699122190708295 25.785915257642046 6.0007331375964013 24.261212554760277 14.358706545550378 23.177933907601982 10.400847459211944 5.4281761432066586 6.3573781445156774 8.3267502433154714 19.175995401688851 12.386593999806793 23.799912258516997 12.512866245466283 6.6035302164964405 22.485622685169801 14.833990556420757 12.050979092717169 7.5372679769061532 7.4912727186456314 60.905826614121906 17.66512945946306 17.238183059263978 6.9684050315991035 13.980899716028945 11.163012007018549 43.267579656676389 7.1602652601432046 23.467615045257844 3.3566680818330541 13.305912800133225
leaf_count=560 2206 225 623 302 472 191 111 422 172 1347 1038 2009 899 199 815 933 452 428 506 4270 1629 1212 227 850 857 4425 689 1788 147 1191
internal_value=0.000224099 0.000867709 0.00393743 -0.0013836 0.00824184 0.0125501 0 0.00566793 -0.00800678 -0.000700083 -0.00133512 9.37068e-05 -0.00609742 -0.00396455 0.00446835 0.00108993 0.00884412 0.000335005 -0.00545958 -0.00707003 0.00118975 0.00481825 0 -0.00269373 0.00172808 -0.00529971 0.00909506 0.00336625 0.00662606 0.011521
internal_weight=504.154 465.856 103.225 45.3846 57.84 33.5788 362.631 31.9464 22.6855 330.685 302.771 193.76 38.2988 109.011 27.9138 21.4375 25.589 13.538 87.5731 68.3971 169.96 42.0636 127.897 75.3799 25.1439 50.236 24.3984 52.5168 29.0492 16.6626
internal_count=31195 28090 2320 1034 1286 663 25770 1527 474 24243 23317 16062 3105 7255 926 1132 1105 653 6123 4776 14053 3530 10523 6359 1707 4652 1901 4164 2376 1338
is_linear=0
shrinkage=0.05


Tree=90
num_leaves=31
num_cat=0
split_feature=30 16 37 37 37 37 39 5 40 18 37 37 38 41 39 4 9 38 35 40 3 29 32 16 38 38 10 5 38 38
split_gain=0.825935 0.688457 0.71793 0.94236 0.903107 1.49434 0.946257 0.80806 0.876026 0.792812 0.748005 0.740897 0.685115 0.642728 0.615999 0.567078 0.551524 0.543115 0.594767 0.660374 0.56654 0.566828 0.49317 0.492285 0.481137 0.454972 0.444883 0.429793 0.421028 0.40928
threshold=-0.31666666269302363 -0.28333333134651179 0.026471138000488285 0.019763469696044925 0.0071382522583007821 -0.01895046234130859 0.01726569049060345 0.18999999761581424 0.85000002384185802 -0.3899999856948852 -0.033434391021728509 -0.0096092224121093733 0.011566162109375002 0.048466689884662635 0.025483747944235805 0.083333313465118422 0.46333330869674688 -0.2015423774719238 0.20333331823349002 0.87666666507720958 -0.076666668057441698 -0.48333333432674402 0.13666665554046634 0.31000000238418585 -0.14861774444580075 0.012786865234375002 0.33666664361953741 -0.28333333134651179 -0.025616168975830075 -0.11537122726440428
decision_type=2 2 2 2 2 2 2 2 2 2 2 2 2 2 2 2 2 2 2 2 2 2 2 2 2 2 2 2 2 2
left_child=12 2 3 4 5 6 10 8 9 22 -2 -7 17 -5 -10 28 29 -1 19 20 21 -19 -4 -14 -17 -26 -13 -21 -8 -3
right_child=1 16 7 13 -6 11 15 -9 14 -11 -12 26 23 -15 -16 24 -18 18 -20 27 -22 -23 -24 -25 25 -27 -28 -29 -30 -31
leaf_value=-0.0033806383450075343 0.016443700764708375 -0.0099493864369560193 0.014355863096971906 -0.016583192300321532 0.008433058766460973 -0.01688806502243672 0.0089097418139554001 0.011838983477814837 -0.013473686383597337 -0.0021898084831738847 0 0.00084845613980290854 0.0032407132564375631 0.00076942071178221026 0.0019599517196133322 0.0036934828716896767 0.0052916447503254041 0 -0.0022337496312758998 -0.0083699873388245645 0.00093352732297186623 0.017112882081521216 0 -0.0075974504502895283 -0.010091746145885793 0.0006162094122986703 -0.010205172436306304 0.0058873185348861171 -0.002669025120317324 -0.0025356087524097204
leaf_weight=5.0263338130898765 11.499757242621856 21.684750922373496 14.021677333861588 8.7555231805890781 22.805390869034454 12.03162829717621 14.055875497171657 21.727008722024038 8.8045889430213702 14.372977743856611 8.9100672812201065 22.930433630477641 14.847744776634501 3.5931981187313786 4.9019838371314099 6.7435713629238299 10.583996577654032 2.9029813539236704 5.8856465960852793 4.4625668181106448 14.039740485604851 29.946378793334596 4.972197701688855 12.845950280083342 23.338883012533191 7.811424706131219 5.9068382605910292 3.8908885291311872 4.9841502625495187 153.19071317277849
leaf_count=185 305 2080 295 277 643 370 449 662 265 519 244 707 1347 101 119 224 956 104 294 259 829 1065 96 1274 752 203 184 236 169 15927
internal_value=8.05247e-05 -0.000855754 0.000930776 -0.000860192 0.000341635 -0.00135003 0.00250521 0.0050061 0.000399426 0.00506273 0.0104097 -0.00856612 0.00420465 -0.011571 -0.00776924 -0.000653479 -0.00308857 0.00686646 0.00830832 0.00994851 0.0120746 0.0153131 0.0107593 -0.00150235 -0.00434005 -0.00706777 -0.00206575 -0.000302418 0.00496708 -0.00389269
internal_weight=501.475 407.627 222.167 153.367 141.018 118.213 77.3437 68.8004 47.0734 33.3669 20.4098 40.8689 93.8482 12.3487 13.7066 56.9339 185.459 66.1545 61.1282 55.2426 46.8891 32.8494 18.9939 27.6937 37.8939 31.1503 28.8373 8.35346 19.04 174.875
internal_count=31140 25547 6584 4628 4250 3607 2346 1956 1294 910 549 1261 5593 378 384 1797 18963 2972 2787 2493 1998 1169 391 2621 1179 955 891 495 618 18007
is_linear=0
shrinkage=0.05


Tree=91
num_leaves=31
num_cat=0
split_feature=17 3 30 39 23 28 27 39 27 39 26 39 37 40 40 31 37 30 24 37 37 10 1 39 5 12 30 7 10 21
split_gain=0.512345 0.821718 0.598254 0.855088 0.61175 0.525388 0.692188 0.507709 0.5745 0.456539 0.764893 0.71753 0.726822 0.509616 0.454806 0.41662 0.509116 0.409096 0.396323 0.391272 0.375134 0.366558 0.342954 0.417175 0.319323 0.522072 0.50707 0.447078 0.588182 0.569612
threshold=-0.4433333277702331 0.37000000476837164 -0.30333334207534784 0.013734275940805675 0.01666665077209473 -0.063333332538604722 -0.3899999856948852 0.026919633150100711 -0.4433333277702331 0.026088931597769264 0.096666663885116591 0.021494119428098205 -0.022203922271728512 0.14999999850988391 0.86666667461395275 -0.30333334207534784 0.068413257598876967 0.030000001192092899 0.30500000715255743 -0.073925971984863267 0.0044207572937011727 0.27666664123535162 -0.40333333611488337 0.01669745892286301 0.18999999761581424 -0.016666665673255917 0.20999997854232791 0.33666664361953741 0.1566666662693024 -0.090000003576278673
decision_type=2 2 2 2 2 2 2 2 2 2 2 2 2 2 2 2 2 2 2 2 2 2 2 2 2 2 2 2 2 2
left_child=1 15 3 -2 7 6 -5 8 -4 10 11 12 -8 -14 -11 16 18 -10 -1 -6 -12 -17 -19 -24 26 -26 -21 28 -28 -30
right_child=2 -3 4 5 19 -7 9 -9 17 14 20 -13 13 -15 -16 21 -18 22 -20 24 -22 -23 23 -25 25 -27 27 -29 29 -31
leaf_value=0.011540263472677018 -0.010132307134388041 -0.0054542018119468055 0.0058613064499165833 -0.0064797680773541659 -0.0062123360117662708 -0.0022708671075196639 -0.0054993330266709384 -0.0086321775572283585 0 0.014823432986762275 0.013921955653998026 -0.008498759827127984 -0.0014371289730660125 0.014266238786797265 0 0.0034222345380226834 -0.0010660326803853661 0.0010311337426570286 0 0.0017171955444141207 0 -0.0088205019600665173 0 -0.0098170133939188293 0.0070969331629535158 -0.00073001564369038797 0 0.0040244819539561596 0.00084156569757992585 -0.017114495568882278
leaf_weight=37.615832573035732 5.4173740397673091 12.866272909566758 12.928600063081829 3.739689825102686 14.797880907659417 17.555875130463392 5.117726737400516 41.255077452515252 42.910798658267595 21.294979607919235 10.407339039258657 13.81481572287157 2.3597498624585631 9.5069438631180656 5.2176353686954817 9.5688020442612451 7.1931919637136152 7.3313331177923819 5.8556745853275052 58.7057944732951 3.2288032791111609 3.4526006039232007 12.627614736324174 36.490918061579578 37.976982867578045 29.485128755681217 14.524734179954981 3.1441380803007624 1.8828987851738954 11.008365722373123
leaf_count=719 484 290 387 141 1136 1398 342 2937 4138 891 427 833 213 631 282 295 139 645 113 4459 275 104 981 2588 1648 3014 635 212 106 601
internal_value=-2.79832e-05 0.0035268 -0.000770378 0.00245749 -0.0018426 0.004025 0.00587354 -0.00407711 -0.00183927 0.00730407 0.00276594 -0.00123181 0.00426687 0.0103103 0.012227 0.00601334 0.00792632 -0.00335525 0.00986845 8.70214e-05 0.010686 -0.00026794 -0.00594728 -0.0074413 0.00104255 0.00355553 -0.000698519 -0.00554313 -0.00791411 -0.0137342
internal_weight=499.284 76.5524 422.731 97.6609 325.07 92.2436 74.6877 153.544 112.289 70.948 44.4354 30.7992 16.9844 11.8667 26.5126 63.6861 50.6647 99.3607 43.4715 171.526 13.6361 13.0214 56.4499 49.1185 156.728 67.4621 89.2659 30.5601 27.416 12.8913
internal_count=31064 1660 29404 5917 23487 5433 4035 11676 8739 3894 2721 2019 1186 844 1173 1370 971 8352 832 11811 702 399 4214 3569 10675 4662 6013 1554 1342 707
is_linear=0
shrinkage=0.05


Tree=92
num_leaves=31
num_cat=0
split_feature=10 18 41 41 5 26 20 23 39 1 11 19 29 41 41 0 26 14 25 19 9 2 41 41 10 41 40 38 6 40
split_gain=0.441327 0.509216 0.645708 0.877791 0.850089 0.620529 0.598845 0.703308 0.66787 0.568875 0.538899 0.546681 0.509108 0.551944 0.865145 0.588794 0.57997 0.545474 0.990664 0.481406 0.436366 0.414466 0.363151 0.353283 0.516177 0.416057 0.442787 0.330337 0.472536 0.450067
threshold=-0.29000000655651087 -0.36333334445953364 0.063821967691183104 0.045919001102447517 -0.21666666865348813 0.46333330869674688 0.056666672229766853 -0.10333332419395445 0.017066688276827339 -0.43000000715255732 -0.40333333611488337 -0.41666667163372034 -0.32999998331069941 0.037754345685243614 0.029370071366429332 -0.33666665852069849 0.1566666662693024 -0.32333332300186152 0.028333306312561039 -0.41666667163372034 0.13666665554046634 -0.26999998092651362 0.028726016171276573 0.057364715263247497 -0.076666668057441698 0.046565303578972823 0.87666666507720958 0.06855106353759767 0.33666664361953741 0.29666666686534887
decision_type=2 2 2 2 2 2 2 2 2 2 2 2 2 2 2 2 2 2 2 2 2 2 2 2 2 2 2 2 2 2
left_child=12 2 3 6 -5 9 7 -2 -9 -3 27 -12 13 14 21 -15 -16 18 -14 -6 -7 -1 -10 25 -25 26 -11 28 29 -8
right_child=1 5 -4 4 19 20 10 8 22 23 11 -13 17 15 16 -17 -18 -19 -20 -21 -22 -23 -24 24 -26 -27 -28 -29 -30 -31
leaf_value=0.014068055077647322 0.0023344707583718323 0.0045747996838277393 -0.0090905173952141229 -0.0024240934762923337 0.017394977494915358 -0.0024887997180507802 -0.014094413498927106 0.0010812764997487657 0 -0.0048560675194536697 0.012960961592735677 0 -0.0031390434171852176 0 -0.011533671513984552 0.014758895313686619 0.0032551707409414544 -0.0032930283828982356 0.014512437009056562 0 0.0093333067882865727 0 -0.015435251860588898 0 -0.012969537348069181 0.0023134514826243595 0.00093546044986935221 0.0053093236450859191 0.0031071468563981745 0
leaf_weight=6.0380005319602787 21.808549530804157 15.57763888814952 6.2010887521319082 5.7771184813464087 15.243659505154941 5.1631022659130421 7.1366449613124185 8.4306059270165878 5.8669801841024336 128.56641246005893 15.375222097616643 10.163399296347052 9.6767510790377873 6.2678718988318023 10.228023538598789 17.161035370547324 4.1704191269818685 43.280789137119427 8.96346956072375 5.8696576724760208 13.506831054342909 5.1778149192687142 14.102216481696813 9.4058794886805135 16.988691413309425 27.245937258470803 32.547074347967282 8.1509226611815375 7.0222729006782165 7.2130269911140203
leaf_count=201 593 1449 211 185 314 161 189 206 141 11444 346 437 301 236 647 745 180 3536 199 232 491 330 397 636 1563 2314 2872 165 149 173
internal_value=6.60116e-05 -0.000685934 0.00160414 0.00265989 0.00981502 -0.00206429 0.000176783 -0.00332627 -0.00804895 -0.00288018 0.00379347 0.00839751 0.00280524 0.00631231 0 0.0110188 -0.00632706 0 0.00580134 0.0138813 0.00524041 0.00884308 -0.0122255 -0.00364384 -0.00891817 -0.00252363 -0.00354492 -0.000231154 -0.00395818 -0.00854093
internal_weight=498.327 387.363 138.361 132.16 26.8904 249.002 105.27 50.2084 28.3998 230.332 55.0615 25.5386 110.964 49.0432 25.6143 23.4289 14.3984 61.921 18.6402 21.1133 18.6699 11.2158 19.9692 214.754 26.3946 188.359 161.113 29.5229 21.3719 14.3497
internal_count=31043 24668 3738 3527 731 20930 2796 1337 744 20278 1459 783 6375 2339 1358 981 827 4036 500 546 652 531 538 18829 2199 16630 14316 676 511 362
is_linear=0
shrinkage=0.05


Tree=93
num_leaves=31
num_cat=0
split_feature=4 8 27 39 25 10 31 7 41 41 14 4 24 27 26 24 38 37 37 40 6 20 12 15 41 39 23 39 15 41
split_gain=0.560613 0.866835 0.684254 0.630742 0.546026 0.540789 0.496291 0.423293 1.58861 0.620393 0.600823 0.59456 0.689866 0.64306 0.567658 0.507428 0.461152 0.737138 0.782894 0.446465 0.426274 0.393685 0.386351 0.385549 0.533597 0.370164 0.369201 0.408165 0.367286 0.3592
threshold=-0.29000000655651087 0.21666666865348819 -0.15000000596046445 0.023674715310335163 -0.31666666269302363 0.35666668415069586 -0.15000000596046445 0.11000001430511476 0.040860006585717208 0.048820517957210548 -0.31000000238418574 0.43000000715255743 -0.030000001192092892 0.19666665792465213 0.17666667699813846 -0.12999999523162839 -0.022348880767822262 -0.036983489990234368 0.0044207572937011727 0.089999999850988402 0.083333313465118422 -0.36333334445953364 -0.18333333730697629 0.31000000238418585 0.038000477477908141 0.013899363577365877 -0.35000000894069666 0.015979112125933174 -0.22999998927116391 0.026561230421066288
decision_type=2 2 2 2 2 2 2 2 2 2 2 2 2 2 2 2 2 2 2 2 2 2 2 2 2 2 2 2 2 2
left_child=1 2 -1 4 -4 6 -3 8 10 20 15 12 14 16 -9 -2 17 -14 19 -19 -10 -18 -7 -12 29 -16 -17 -28 -27 -25
right_child=7 5 3 -5 -6 22 -8 11 9 -11 23 -13 13 -15 25 26 21 18 -20 -21 -22 -23 -24 24 -26 28 27 -29 -30 -31
leaf_value=0.010588229282372116 0 -0.015215640356115166 0.0043736429494103685 0.0067184103094331295 -0.0075987238337575065 0.0090345093304734017 0 0.002522024962069107 0.010249632723119724 -0.00034654801261216491 0 -0.0055467585057938232 0.008312673562248787 -0.0034027823807881831 0.0022638742015739744 0 0 0.0003903839965369812 0.0044772588486384872 -0.014572404059921105 -0.00032145673565994249 0.011714213099901312 -0.003139222404791238 0 0.0035991831956986107 -0.012124951093242608 -3.9994974499064875e-05 -0.015687112971623663 0 -0.01417264856381327
leaf_weight=33.133338146610186 14.67208109772764 6.9648923606146127 7.4416413097642389 21.669449208653532 19.651111389161088 5.1845416557043791 6.0923641931731272 27.061899002525024 25.536358545534313 50.025569595163688 68.374650387908332 22.839875349658541 15.384209369309245 12.252286875853313 3.2661819800268885 3.3010718803852788 6.0262208660133174 2.4722961541265276 8.0696092518046481 9.1292203222401422 6.9232097261119625 35.695021699066274 6.7376060095848498 3.7821909077465561 2.24564982834272 15.775028099538762 8.4608741574920696 29.831050475826487 8.6497131304349715 11.71592280268669
leaf_count=1275 507 501 432 1280 1583 148 624 2277 1541 2939 6485 2038 546 1248 151 91 342 81 314 394 383 1691 563 237 152 448 280 1016 740 893
internal_value=-2.83273e-05 0.00302986 0.0055648 0.000908801 -0.00335804 -0.00394213 -0.00961238 -0.000959227 -0.00237829 0.00282156 -0.00555142 0.000827183 0.00218823 0.00486116 -0.00179734 -0.00948826 0.00663303 0.00118356 -0.0040578 -0.0109173 0.00764652 0.00996344 0.00201207 -0.00225744 -0.00776955 -0.00645801 -0.0120181 -0.013268 -0.00866248 -0.0111245
internal_weight=498.365 106.875 81.8955 48.7622 27.0928 24.9794 13.0573 391.49 224.869 82.4851 142.383 166.622 143.782 89.0289 54.7528 56.2651 76.7766 35.0553 19.6711 11.6015 32.4596 41.7212 11.9221 86.1184 17.7438 27.6909 41.593 38.2919 24.4247 15.4981
internal_count=31200 6406 4570 3295 2015 1836 1125 24794 14524 4863 9661 10270 8232 4616 3616 1894 3368 1335 789 475 1924 2033 711 7767 1282 1339 1387 1296 1188 1130
is_linear=0
shrinkage=0.05


Tree=94
num_leaves=31
num_cat=0
split_feature=30 36 10 6 38 18 25 26 25 30 5 25 9 28 41 23 37 31 11 39 27 39 31 31 14 38 38 19 8 37
split_gain=0.607291 0.643784 0.619034 0.547456 0.584606 0.392616 0.783811 0.686568 0.627836 0.545715 0.673633 0.673413 0.601509 0.574421 0.544825 0.533908 0.460881 0.438784 0.422197 0.5092 0.49953 0.40886 0.389257 0.378645 0.367491 0.366185 0.38549 0.349598 0.342083 0.294155
threshold=0.46166664361953741 0.12333333492279054 -0.4433333277702331 -0.25499999523162836 0.011566162109375002 0.11000001430511476 -0.41666667163372034 0.46333330869674688 1.0000000180025095e-35 -0.069999992847442613 0.18999999761581424 0.33666664361953741 0.32999998331069952 0.17000001668930056 0.062321202829480178 0.20999997854232791 -0.06939458847045897 -0.04333332180976867 0.11000001430511476 0.021725325845181945 -0.11666667461395262 0.013734275940805675 0.14999997615814212 -0.12333333492279051 0.17000001668930056 -0.11537122726440428 0.012786865234375002 -0.40333333611488337 0.40333333611488348 0.12061166763305665
decision_type=2 2 2 2 2 2 2 2 2 2 2 2 2 2 2 2 2 2 2 2 2 2 2 2 2 2 2 2 2 2
left_child=2 -2 3 4 22 8 25 14 18 15 13 12 16 -11 -8 -10 -12 -18 19 -4 27 -15 -1 -23 29 -7 -27 -21 -3 -22
right_child=1 28 5 -5 -6 6 7 -9 9 10 11 -13 -14 21 -16 -17 17 -19 -20 20 24 23 -24 -25 -26 26 -28 -29 -30 -31
leaf_value=0 -0.0038398448474174967 0.012533571883567303 0 -0.0013699009936656318 -0.0013233150937881017 -0.0028924572546958124 -0.0074929027727037899 0.0064445607980167033 0.01078060366222755 0.00087632739049368674 -0.00049727208486108755 -0.00441407132410693 -0.0024082190623856245 0.0021538793339171496 0.0023442277049846904 -0.0019227293357584455 0.014953043026159941 0 0.0036156343527696841 0.002771838643882293 -0.012840485442163735 -0.012694610375090287 0.015860739440713496 0 0 0.013266596801237405 -3.9921381198597257e-05 -0.0050070380553696031 0.00093138172677338356 0
leaf_weight=4.2612449789885494 7.683501746505498 17.189443088369444 72.007695005973801 12.236441549146546 4.7722206327598533 2.3168985208030781 90.247538222000003 5.0877207154408088 23.36260776035488 38.386028976761736 3.4509306487161693 7.8010984307620665 5.4874970291275522 2.9021321970503804 9.3701843182789144 5.0969489514827719 22.24575214274228 4.5780600069556376 18.685252056573518 18.656394464429468 28.254272326477807 17.628730216179981 13.442024933639912 6.3065484329126731 4.4473742335103443 7.6614730283617956 3.2024933602660894 23.926147306570783 17.35213189991191 1.5822193692438293
leaf_count=193 210 341 4135 739 361 121 8864 246 1835 2414 167 526 191 101 738 408 657 325 1521 421 2197 567 349 326 442 394 339 1306 638 105
internal_value=1.91216e-06 0.00538835 -0.000504715 0.00529324 0.00932311 -0.00110659 -0.00348601 -0.00509177 -5.63561e-05 0.00231219 0.000313642 0.00495516 0.00793811 -0.00259174 -0.0062503 0.00784137 0.0105908 0.0126091 -0.00215331 -0.00315082 -0.00582379 -0.00756726 0.0128563 -0.00977653 -0.00995681 0.00556897 0.00924301 -0.00116292 0.00832223 -0.011708
internal_weight=499.629 42.2251 457.404 34.7119 22.4755 422.692 117.886 104.705 304.806 137.246 108.787 43.5633 35.7622 65.2234 99.6177 28.4596 30.2747 26.8238 167.559 148.874 76.8664 26.8374 17.7033 23.9353 34.2839 13.1809 10.864 42.5825 34.5416 29.8365
internal_count=31177 1189 29988 1642 903 28346 10702 9848 17644 7517 5274 1866 1340 3408 9602 2243 1149 982 10127 8606 4471 994 542 893 2744 854 733 1727 979 2302
is_linear=0
shrinkage=0.05


Tree=95
num_leaves=31
num_cat=0
split_feature=17 9 38 38 38 39 24 30 39 41 41 23 21 25 9 6 16 5 31 39 37 8 37 39 9 14 32 13 37 41
split_gain=0.440579 0.692325 0.93152 0.865095 0.770054 0.443842 0.437785 0.36964 0.794545 1.48976 1.13303 0.365712 0.469519 0.343656 0.477892 0.403482 0.380571 0.606197 0.366898 0.331423 0.800642 0.768226 0.564437 0.328304 0.508466 0.48713 0.474227 0.453346 0.324673 0.315671
threshold=-0.4433333277702331 0.22333335876464847 0.15974140167236331 -0.076637268066406236 0.06216478347778321 0.025245379656553272 0.29666668176651007 -0.30333334207534784 0.028243753127753738 0.045919001102447517 0.053763128817081458 0.01666665077209473 0.38999998569488531 -0.10999999940395354 0.11000001430511476 0.21666666865348819 -0.28333333134651179 0.069999992847442641 0.35000002384185797 0.022421213798224929 -0.022203922271728512 -0.236666664481163 1.0000000180025095e-35 0.024963334202766422 0.25000000000000006 -0.29666668176650995 -0.023333340883255001 0.16333335638046267 -0.06939458847045897 0.027626001276075843
decision_type=2 2 2 2 2 2 2 2 2 2 2 2 2 2 2 2 2 2 2 2 2 2 2 2 2 2 2 2 2 2
left_child=1 2 6 -3 5 -5 -1 8 19 -10 -11 23 13 18 16 -16 17 -15 -13 20 -2 28 -22 24 26 -25 -9 -26 -21 -28
right_child=7 3 -4 4 -6 -7 -8 11 9 10 -12 12 -14 14 15 -17 -18 -19 -20 21 22 -23 -24 25 27 -27 29 -29 -30 -31
leaf_value=0.012644791546645752 -0.0055159571135063399 0.008368460831323369 -0.0058440186779750705 -0.01501021877475477 0.0030752640654584541 0 0 0.0001444652946834138 0.015364140786792171 -0.015959379139210982 0.0059246221025417711 -0.0036931906885722069 -0.0042227079445163792 0 -0.0061789423394560151 0.0028422558467815421 0.0005788381243752418 0.015316508395124578 0.0059422116794720994 0 0.013324633386380567 0.0041758243123602946 0 0 0.0090386817265203385 -0.0091217533582095261 2.2651982086231488e-05 -0.0016668297498267535 -0.013017073824333737 -0.0092564197195767733
leaf_weight=30.231906875967979 15.428115318296475 9.3987172367051226 4.4842768199741831 11.798480549827223 8.9679511170834285 5.8482970469631246 4.5010640413966021 37.863886328414083 18.909414066467438 4.3130637013819051 6.7362843959126621 38.868586264783517 37.808178613195196 11.201631548348816 13.777028399170375 25.550968338968232 25.365989685989916 14.472125635249538 5.5584675117861471 4.7212359248660531 10.240227290196346 8.3590251493733359 16.699382952880114 22.278565362794325 14.468950370792301 35.408831577864476 5.6114471103064743 10.005483261775224 13.030760659836234 25.802605148404837
leaf_count=714 947 197 98 264 179 119 108 3027 682 264 347 2890 2554 343 901 1883 2516 375 425 191 492 555 1549 758 836 3409 402 1162 853 2034
internal_value=0.000150005 0.0035604 0.00776723 -0.000880638 -0.00585202 -0.0110752 0.0107403 -0.000440289 0.00206978 0.00816433 -0.00376158 -0.00130231 0.000147187 0.00167817 0.00345865 -0.000166016 0.00641356 0.0101874 -0.00142831 -0.000703784 0.00159245 -0.00480957 0.00668556 -0.00305581 -0.000796417 -0.00591421 -0.00315867 0.00437527 -0.0100792 -0.00719289
internal_weight=497.711 75.2307 39.2172 36.0134 26.6147 17.6468 34.733 422.48 98.4375 29.9588 11.0493 324.043 172.603 134.795 90.3677 39.328 51.0397 25.6738 44.4271 68.4787 42.3677 26.111 26.9396 151.44 93.7524 57.6874 69.2779 24.4744 17.752 31.4141
internal_count=31074 1679 920 759 562 383 822 29395 5880 1293 611 23515 11887 9333 6018 2784 3234 718 3315 4587 2988 1599 2041 11628 7461 4167 5463 1998 1044 2436
is_linear=0
shrinkage=0.05


Tree=96
num_leaves=31
num_cat=0
split_feature=10 24 39 12 3 36 35 38 40 9 39 39 38 19 36 37 30 36 38 38 29 11 35 26 32 33 38 11 39 18
split_gain=0.570546 0.438351 0.454838 0.496929 0.513207 0.600306 0.654755 0.482065 0.41282 0.409958 0.450211 0.748294 0.405576 0.377067 0.607211 0.718081 0.550313 0.599703 0.412828 0.644901 0.808962 0.653088 0.491307 0.395176 0.390646 0.442394 0.562754 0.329991 0.319628 0.55148
threshold=-0.29666668176650995 -0.30333334207534784 0.013734275940805675 -0.15000000596046445 0.26999998092651373 -0.48333333432674402 0.18333333730697635 -0.1936073303222656 0.12333333119750024 0.42333334684371954 0.030629945918917659 0.020881145261228088 -0.11537122726440428 -0.016666665673255917 0.37666666507720953 -0.039820194244384759 0.45499998331069952 0.12333333492279054 0.088602066040039076 0.058087348937988288 0.056666672229766853 -0.3899999856948852 -0.063333332538604722 -0.2766666561365127 0.19666665792465213 -0.236666664481163 0.014066219329833986 -0.24333333969116208 0.020642076618969444 -0.41666667163372034
decision_type=2 2 2 2 2 2 2 2 2 2 2 2 2 2 2 2 2 2 2 2 2 2 2 2 2 2 2 2 2 2
left_child=1 8 -3 -4 5 -5 7 -7 -1 13 11 -11 -13 14 16 -16 18 -18 19 21 -21 24 -20 -24 25 -2 -27 -17 -23 -30
right_child=9 2 3 4 -6 6 -8 -9 -10 10 -12 12 -14 -15 15 27 17 -19 22 20 -22 28 23 -25 -26 26 -28 -29 29 -31
leaf_value=-0.010673699450921299 0.00099114065185846581 -0.0047066216874523358 0 -0.0033745399595764003 -0.00047050861301965079 0 -0.00086310754098009492 0.014056647745664848 0.001055278078928204 -0.00099395763094443207 -0.0039693898852125103 -0.00015962085924878008 0.013836582759853281 -0.0042246137509830218 0.0041701374891050759 -0.015796770131855539 -0.0014438982609459006 0.012259460234350178 -0.00098886525883444694 0.001814904734604286 -0.013553961964887347 0.0046158213811684353 -0.00047085477052976075 0.010716885605402633 0 -0.015676156867532279 0 0 0.007505400622192882 -0.0026860437401278123
leaf_weight=4.2425070588942644 3.5291304313577738 4.7958172489888957 21.990468162344769 2.8015568153932682 9.9211489954031986 3.3156500663608304 5.7718747039325526 43.107339419191703 14.590607210528104 15.02989219711162 7.895050859777256 2.1647962490096715 16.442112785298377 90.070733361528255 3.0129667245782938 10.069063086761162 6.9969830345362451 12.720718167955054 23.271216156077571 7.7428301239851889 16.278050288325176 45.120427696267143 5.0910287033766535 18.009317816002294 14.208062730031086 13.613003995036708 4.9460618516895911 3.4140037673059824 10.439250290859489 57.706507719820365
leaf_count=245 129 408 1035 133 774 127 414 2205 877 1056 452 119 860 10330 103 277 134 227 1178 546 688 2622 275 741 385 507 151 189 262 3713
internal_value=0 0.00308821 0.00458004 0.00563244 0.00768632 0.00946918 0.010865 0.012732 -0.00252069 -0.000894326 0.00332748 0.00601249 0.0115504 -0.00151976 -0.000398442 -0.00829101 0.000232243 0.00722225 -0.000458869 -0.00168068 -0.00839462 -0.000159469 0.00330595 0.00780344 -0.0056278 -0.0090809 -0.0117883 -0.0127855 0.00157821 -0.00030663
internal_weight=498.308 110.537 91.7039 86.908 64.9176 54.9964 52.1949 46.423 18.8331 387.771 41.5319 33.6368 18.6069 346.239 256.169 16.496 239.673 19.7177 219.955 173.583 24.0209 149.562 46.3716 23.1003 36.2963 22.0882 18.5591 13.4831 113.266 68.1458
internal_count=31162 6218 5096 4688 3653 2879 2746 2332 1122 24944 2487 2035 979 22457 12127 569 11558 361 11197 9003 1234 7769 2194 1016 1172 787 658 466 6597 3975
is_linear=0
shrinkage=0.05


Tree=97
num_leaves=31
num_cat=0
split_feature=27 29 37 27 17 37 39 37 13 8 32 40 29 29 15 1 25 6 4 35 24 11 15 32 17 29 27 5 40 4
split_gain=0.631357 0.585636 0.529828 0.511665 0.470539 0.417321 0.741681 0.578033 0.719959 1.2492 0.864536 0.745946 0.638057 0.593332 0.487193 0.430159 0.417149 0.624119 0.466379 0.52191 0.303585 0.420785 0.41974 0.373071 0.351281 0.334245 0.302442 0.298456 0.416818 0.402698
threshold=-0.12333333492279051 -0.04333332180976867 -0.059786796569824212 -0.069999992847442613 -0.32833331823348993 -0.06939458847045897 0.019554697908461097 -0.036983489990234368 -0.18333333730697629 0.19666665792465213 0.043333351612091071 0.13000000268220904 0.31000000238418585 0.37666666507720953 -0.3899999856948852 0.26999998092651373 -0.063333332538604722 -0.26333332061767573 -1.0000000180025095e-35 0.25666666030883795 0.41000002622604376 0.12333333492279054 -0.36333334445953364 -0.096666663885116563 0.38333332538604742 -0.45666666328907007 -0.22999998927116391 -0.030000001192092892 0.2100000008940697 -0.24999999999999997
decision_type=2 2 2 2 2 2 2 2 2 2 2 2 2 2 2 2 2 2 2 2 2 2 2 2 2 2 2 2 2 2
left_child=1 2 -1 4 -2 6 -3 14 9 13 -11 -12 -10 27 -7 -15 17 -4 19 -18 21 22 -5 25 -23 -24 -8 29 -29 -9
right_child=3 5 16 20 -6 7 26 8 12 10 11 -13 -14 15 -16 -17 18 -19 -20 -21 -22 24 23 -25 -26 -27 -28 28 -30 -31
leaf_value=0.012947648329898673 0.00039057430818407709 0.0053251872287331751 -0.0074500349797438819 0.0024464031992520075 -0.012193357458933261 0.011525759438312688 -0.013318946177146712 0.0019569052038989456 -0.00027608215510249549 0.0012070612638610909 0 -0.016197588176974156 0.01083177429445166 0.013321034702390395 0 0 0.013216948243123744 0.004186721911245782 -0.0013675807420850485 -0.0015511960655047383 -0.006605028824385642 0.0044706496795725251 0.0013444624765435792 -0.00011707549157454362 -0.0027518139472859394 -0.0080544515176506175 0 -0.0042414621380501439 0.0057848593532198811 -0.0088903992444648201
leaf_weight=11.825932445470242 5.1680620792321887 3.754037739243361 16.170434831874442 26.885994673706591 16.379979687742889 14.315660047344865 12.595367206493393 6.1417842344380942 20.773818231304176 11.017829363932831 9.588597806170581 23.829521357081831 16.08602127735503 8.9105202383361739 14.093772032530977 6.2636850788258007 14.851278349291539 16.157756804022942 7.0988455370534203 2.9111851509660474 18.127633664407767 52.78893641824834 4.4846526365727177 50.13170748273842 14.391146162757648 43.877451115986332 2.5840344261378023 9.4850495122373122 19.642234491184354 15.099871957208959
leaf_count=555 207 125 900 1081 1440 282 496 160 1855 284 199 575 1074 138 714 119 842 1051 579 226 2037 4441 287 4667 1147 4085 157 252 526 480
internal_value=-0.000335534 0.00126928 0.00502904 -0.0022454 -0.00884002 -5.27907e-05 -0.0062212 0.000659582 -0.000531158 -0.00269894 -0.00870823 -0.0122976 0.00482594 0.00141435 0.00656012 0.00861215 0.00192202 -0.00123674 0.00628144 0.00996392 -0.00122947 -0.000413207 -0.00219789 -0.00377258 0.00248308 -0.00667081 -0.0109568 -0.000996444 0.00164139 -0.00509609
internal_weight=495.433 263.197 69.0154 232.236 21.548 194.182 18.9334 175.248 146.839 109.979 44.4359 33.4181 36.8598 65.5431 28.4094 15.1742 57.1895 32.3282 24.8613 17.7625 210.688 192.56 125.38 98.4938 67.1801 48.3621 15.1794 50.3689 29.1273 21.2417
internal_count=30981 11589 4153 19392 1647 7436 778 6658 5662 2733 1058 774 2929 1675 996 257 3598 1951 1647 1068 17745 15708 10120 9039 5588 4372 653 1418 778 640
is_linear=0
shrinkage=0.05


Tree=98
num_leaves=31
num_cat=0
split_feature=4 20 40 15 14 5 34 0 8 26 32 21 40 4 0 33 9 41 32 20 24 0 34 0 13 32 21 24 9 20
split_gain=0.385593 0.623478 0.54844 0.7124 0.657138 0.77121 0.469724 0.388704 0.385839 0.382205 0.374256 0.373249 0.504227 0.618066 0.661287 0.59188 0.477781 0.442916 0.407457 0.364206 0.36088 0.538318 0.361797 0.352121 0.304741 0.276293 0.264702 0.264096 0.247766 0.245758
threshold=-0.21000000834465024 -0.33666665852069849 0.86666667461395275 -0.25666666030883784 0.44333332777023321 -0.28333333134651179 0.48333334922790533 -0.20333333313465116 0.19666665792465213 0.43000000715255743 0.31000000238418585 0.18999999761581424 0.55666667222976696 0.29666668176651007 0.35000002384185797 -0.14333333075046537 -0.19666665792465207 0.029897365719079975 -0.049999997019767754 0.18999999761581424 0.35666668415069586 0.12166666984558107 0.11000001430511476 -0.41666667163372034 -0.17000000178813932 -0.056666672229766839 0.41000002622604376 -0.22333332896232602 -0.19666665792465207 0.24333333969116214
decision_type=2 2 2 2 2 2 2 2 2 2 2 2 2 2 2 2 2 2 2 2 2 2 2 2 2 2 2 2 2 2
left_child=1 6 3 -3 5 23 7 9 19 10 -1 29 13 14 -13 24 -15 26 -17 25 21 22 -20 -5 -14 28 -18 -19 -4 -2
right_child=11 2 8 4 -6 -7 -8 -9 -10 -11 -12 12 15 16 -16 18 17 27 20 -21 -22 -23 -24 -25 -26 -27 -28 -29 -30 -31
leaf_value=0.015470910373661221 -0.0016442863888784097 0.008182965928420818 -0.012608399928650671 -0.0069793194315390453 0.0087290141313885062 -0.0090025952458614132 -0.0028681127747080299 0 -0.013400353660177153 0 0 -0.0015143926105984076 -0.0081835430996604116 0.0030554122199225988 0.010029685229468115 -0.00076792001343924381 0.0057759036644071697 0 0.017672871930972004 0.0058314860835623726 0 0 0 0.0037291941548461584 0.0015135194122499439 0.00087525747832166597 -0.0054778552652011148 -0.013938288195699901 0 -0.0064126118539211078
leaf_weight=18.527477615978583 160.89064296497963 23.374335691332817 5.4019904695451286 2.9008123863022766 7.5886515092570326 25.218283257912844 3.4578083837404838 5.076297460589557 5.6584221343509844 2.1054003885947159 2.2056864091427988 42.786071051843464 7.7520249683875617 3.6684311041608444 9.9548532546032202 8.6596848799381387 4.5820360395591724 2.1288587786257294 14.376734488410881 5.8075367778073987 7.9622132228687397 11.597155432915313 4.8795897746458641 30.509446180542 8.5511531113879737 4.5046987361274686 4.2885060883127153 18.258851875318214 3.7019031746312967 38.359442475601099
leaf_count=1008 11036 743 355 163 401 2118 205 346 426 80 197 2439 401 272 480 599 251 127 585 396 511 713 201 1993 752 256 243 1014 248 2553
internal_value=-0.000511303 0.00152464 -8.66325e-05 0.00158977 -0.000877919 -0.00320317 0.00715117 0.00941724 -0.00603136 0.011747 0.0135868 -0.00144583 0.000296204 -0.00198079 0.00104086 0.00362028 -0.00687742 -0.00913987 0.00641669 -0.000243742 0.00846561 0.0105656 0.0147029 0.00124407 -0.00293756 -0.00510238 0 -0.0123928 -0.00888809 -0.0028447
internal_weight=494.735 146.039 114.666 89.5915 66.2172 58.6285 31.3727 27.9149 25.0746 22.8386 20.7332 348.696 149.446 85.6676 52.7409 63.7786 32.9267 29.2583 47.4754 19.4161 38.8157 30.8535 19.2563 33.4103 16.3032 13.6086 8.87054 20.3877 9.10389 199.25
internal_count=31112 8935 7099 5418 4675 4274 1836 1631 1681 1285 1205 22177 8588 4826 2919 3762 1907 1635 2609 1255 2010 1499 786 2156 1153 859 494 1141 603 13589
is_linear=0
shrinkage=0.05


Tree=99
num_leaves=31
num_cat=0
split_feature=31 18 39 37 37 38 9 38 36 11 19 29 1 12 15 39 5 4 20 4 14 33 18 20 38 40 39 39 33 40
split_gain=0.538333 0.563592 0.618874 1.10164 0.8877 0.848615 0.898981 0.549369 0.602062 0.534821 0.865294 0.483356 0.480087 0.485093 0.44179 0.434909 0.420475 0.404502 0.364811 0.337022 0.335897 0.304633 0.303794 0.301761 0.294588 0.341324 0.291852 0.282243 0.281431 0.273898
threshold=0.48333334922790533 -0.41666667163372034 0.021112410351634029 -0.073925971984863267 -0.035023689270019524 0.028881549835205082 0.13666665554046634 0.22018671035766604 0.42333334684371954 -0.12333333492279051 -0.016666665673255917 -0.083333343267440782 0.31000000238418585 -0.036666661500930779 0.40333333611488348 0.01726569049060345 0.14333331584930423 -0.036666661500930779 -0.3899999856948852 -0.30333334207534784 0.069999992847442641 0.48333334922790533 0.44333332777023321 -0.30333334207534784 0.15267610549926761 0.98333334922790538 0.01669745892286301 0.020642076618969444 0.14999997615814212 0.47666665911674505
decision_type=2 2 2 2 2 2 2 2 2 2 2 2 2 2 2 2 2 2 2 2 2 2 2 2 2 2 2 2 2 2
left_child=1 2 4 -4 26 6 -6 8 -5 15 12 18 13 16 -2 17 23 -3 22 -17 24 -13 -12 -11 25 -21 -1 -16 -18 -7
right_child=14 9 3 7 5 29 -8 -9 -10 10 11 21 -14 -15 27 19 28 -19 -20 20 -22 -23 -24 -25 -26 -27 -28 -29 -30 -31
leaf_value=0.01337278670173745 0.011935528789937566 -0.0042507139286974234 -0.0080796545254850274 0.011952053546765873 0 -0.0022406548815788736 -0.017805906058250786 -0.0020011232733816091 -0.00078335660179456234 0.0046950530738464509 0.010054916980961923 -0.0072565715532309618 -0.0026709705899968859 0.0096140150741688222 -0.0065870172413626102 0 0 0.0049301434158765395 -0.0014777859806819923 -0.0096337159305669232 0 0.0021278215381379298 -0.0014424113513248197 -0.0039672100790141048 0 0.00053362379915406291 0 0.0043185936273469295 0.012047622688762227 0.006752177408103262
leaf_weight=4.5618730927817506 10.7359068649821 14.708609477616845 5.7961585284210733 43.511074969312176 8.5409857199993002 9.7981561557389814 11.16800773097202 5.4021053714677683 6.181664172327145 6.5621561368461689 8.773737275041638 46.320878558210097 16.040727366460487 32.068332290742546 4.2572964408900571 17.813324525486678 7.4465563262347114 20.524678270565346 67.866605190793052 62.644657914759591 12.803713843459262 3.0096971339080474 1.9570044453721482 28.868751939851791 7.8861122601665548 3.532645864179357 5.2992772592697293 7.9706400407012552 6.1167573686689138 8.5831682253628951
leaf_count=91 299 1175 192 946 210 216 265 134 125 344 656 5849 1029 2359 129 1284 346 1155 5491 3613 1321 328 187 2025 409 190 135 198 224 196
internal_value=0 -0.000371356 0.00262205 0.00581678 -0.00116711 -0.00507053 -0.0111491 0.00833785 0.0100052 -0.00135949 5.99589e-05 -0.00248333 0.00360259 0.00522968 0.00664692 -0.00372239 0.00116957 0.000430334 0 -0.00529354 -0.00651684 -0.00606354 0.00669853 -0.00131186 -0.00772977 -0.00874536 0.00854881 0 0.00734392 0.00156144
internal_weight=496.751 473.787 108.842 60.891 47.9515 38.0903 19.709 55.0948 49.6927 364.945 225.031 127.928 97.1033 81.0626 22.9638 139.914 48.9942 35.2333 78.5973 104.68 86.8671 49.3306 10.7307 35.4309 74.0634 66.1773 9.86115 12.2279 13.5633 18.3813
internal_count=31121 30495 2510 1397 1113 887 475 1205 1071 27985 18838 12511 6327 5298 626 9147 2939 2330 6334 6817 5533 6177 843 2369 4212 3803 226 327 570 412
is_linear=0
shrinkage=0.05


Tree=100
num_leaves=31
num_cat=0
split_feature=27 37 8 32 40 20 36 38 20 13 13 8 35 41 32 38 4 18 41 38 16 35 27 8 37 33 10 11 31 0
split_gain=0.439478 0.556956 0.974685 0.651696 0.517564 0.6677 0.573338 0.51484 0.40537 0.365154 0.76541 0.500988 0.799271 0.816641 0.599651 0.619063 0.77626 0.573344 0.527347 0.510828 0.499535 0.469341 0.41177 0.391213 0.348252 0.393777 0.360458 0.343339 0.504597 0.44481
threshold=-0.11666667461395262 -0.022203922271728512 -0.063333332538604722 0.24333333969116214 0.85666668415069591 -0.36333334445953364 0.14999997615814212 -0.11537122726440428 -0.076666668057441698 -0.11666667461395262 0.14999997615814212 0.20333331823349002 -0.2766666561365127 0.030604536645114425 0.069999992847442641 -0.0085129737854003889 -0.30333334207534784 -0.3899999856948852 0.026829226873815063 -0.072937965393066392 -0.37666666507720942 -0.40333333611488337 -0.4433333277702331 -0.090000003576278673 -0.0039434432983398429 0.47666668891906744 -0.40333333611488337 -0.15666666626930234 -0.21000000834465024 0.37000000476837164
decision_type=2 2 2 2 2 2 2 2 2 2 2 2 2 2 2 2 2 2 2 2 2 2 2 2 2 2 2 2 2 2
left_child=7 4 27 -4 5 -2 -7 -1 -5 11 21 14 -13 18 15 19 -17 -16 -14 -9 -15 -11 -18 -21 26 -26 -12 28 -3 -29
right_child=1 2 3 8 -6 6 -8 9 -10 10 24 12 13 20 17 16 22 -19 -20 23 -22 -23 -24 -25 25 -27 -28 29 -30 -31
leaf_value=0.0068098571929523528 0.0028746460321845153 0.0048525073803040884 -0.007648374582843444 -0.0036934792459980496 0.0013521665504982383 -0.01150724351339568 0 -0.0049665913450632274 0.0063920638805161183 -0.00266696078953387 0.010036848135783922 0.0068948631293539011 -0.0054333852453329542 -0.013572197824554611 0.0094434912343903336 0.0044262219267054235 0 -0.00021142631124828907 0.0076824188519856174 0 0 0.010207326306912741 -0.011574816127375584 0.012739459050573904 -0.008131022620663949 0.0038461095286770456 -0.00075153850398655166 0.0075982766023654953 -0.0062341682714903536 -0.0025471857459717613
leaf_weight=33.590845759958029 8.4013299733633158 14.959745771251621 40.223439018707722 11.092440292588437 18.332544510951266 40.218949642847292 13.104425950907169 4.5416162896435734 14.536625076900235 2.6241291365586212 4.7642491052392897 6.1590440887957802 8.5307210008613783 26.114996983669698 25.824754728935659 7.7177019596565506 5.7359724659472731 20.039467144059017 9.1848275857046229 8.3702529037836975 5.6634511048905578 30.956955648260191 24.6322039605584 8.5926813946571166 17.918699606554586 2.3248155210167161 13.381741140270604 49.461783548584208 13.759664492681621 6.1364455048460504
leaf_count=1371 678 714 4020 1216 1515 3047 1236 168 1465 202 126 193 221 587 475 235 145 671 230 344 271 2296 1009 289 1780 176 1046 3755 1148 509
internal_value=6.9223e-05 -0.00145776 0.000215336 -0.00397193 -0.00468284 -0.0068054 -0.00888845 0.00148229 0.00136396 0.00045829 0.00333766 -0.000752041 -0.00443368 -0.00688696 0.0011007 -0.00186541 -0.00564063 0.00520651 0.000535733 0.00368371 -0.0111145 0.0083179 -0.00919457 0.00778101 -0.000991052 -0.00523807 0.00283579 0.00380903 0 0.00593362
internal_weight=496.897 230.227 150.17 65.8525 80.0573 61.7247 53.3234 266.669 25.6291 233.078 71.9706 161.108 55.653 49.494 105.455 59.5904 38.0859 45.8642 17.7155 21.5046 31.7784 33.5811 30.3682 16.9629 38.3895 20.2435 18.146 84.3176 28.7194 55.5982
internal_count=31138 19303 12827 6701 6476 4961 4283 11835 2681 10464 5626 4838 1502 1309 3336 2190 1389 1146 451 801 858 2498 1154 633 3128 1956 1172 6126 1862 4264
is_linear=0
shrinkage=0.05


Tree=101
num_leaves=31
num_cat=0
split_feature=27 17 30 16 38 11 39 0 38 32 40 11 27 8 39 8 16 39 40 21 17 41 1 36 39 8 41 41 19 30
split_gain=0.312767 0.564194 0.554754 0.582549 0.543799 0.747784 0.575944 1.09025 0.480646 0.423901 0.672797 0.438368 0.417603 0.413347 0.440093 0.423293 0.45652 0.406189 0.402794 0.390106 0.42747 0.417182 0.453575 0.502654 0.483012 0.427099 0.411434 0.383938 0.383496 0.378055
threshold=-0.17000000178813932 0.41666668653488165 -0.43000000715255732 0.48333334922790533 -0.11537122726440428 0.35666668415069586 0.030262772925198082 0.12166666984558107 -0.11537122726440428 -0.090000003576278673 0.756666660308838 0.17666667699813846 0.14999997615814212 -0.090000003576278673 0.030262772925198082 0.23000001907348636 -0.15666666626930234 0.017183559946715835 0.076666664332151427 0.36333334445953375 -0.091666668653488145 0.062321202829480178 0.14333331584930423 0.11000001430511476 0.017066688276827339 0.26999998092651373 0.040086608380079276 0.026418660767376426 -0.24333333969116208 0.31666666269302374
decision_type=2 2 2 2 2 2 2 2 2 2 2 2 2 2 2 2 2 2 2 2 2 2 2 2 2 2 2 2 2 2
left_child=4 2 3 12 28 6 19 -8 -4 10 11 17 -2 14 -11 16 -15 -10 -14 20 21 22 25 24 -24 -6 27 -22 -1 -17
right_child=1 -3 8 -5 5 -7 7 -9 9 13 -12 -13 18 15 -16 29 -18 -19 -20 -21 26 -23 23 -25 -26 -27 -28 -29 -30 -31
leaf_value=0.010706986757060437 0 -0.0082590336959593204 -0.0072676383104501256 -0.0057367833982765399 0.0091256897040129844 0.009022996621231124 -0.01315149101671622 0.00354303147647823 0.0044572604464698439 0.00050985106225833572 -0.0091537525232515699 0.0066312199772990219 0 -0.0076808127644238805 0.012071451304749721 -0.0012216004666347887 0.0012949037400227211 -0.0051900475543030502 0.014741381874434812 -0.0039509336177509296 0.0018827427231238301 -0.005294084230276868 0.0019701724538984098 0.0049311804264428397 -0.011111957458482889 0 0.003984096964580938 -0.0077997293430116998 0 0.0081661703741102605
leaf_weight=17.863679580856118 9.3326443363912457 19.600868198787794 23.529594598920085 2.6611983121838412 45.196144276065752 16.125834286212921 17.196168276714165 10.150464447448028 7.6140061505138865 27.713281190488487 23.11439318372868 13.053822058252988 2.0162573277484617 23.73254267743323 10.609082031995056 12.242835618322717 16.740542343235575 31.237957556266338 13.610061193816362 31.437486642040312 7.1432453754823682 4.5522901946678749 5.4672986418008831 16.649579752469435 9.1357366249430907 12.65637395903468 11.336713429074733 24.265394414076582 11.77175655402243 14.086131652700713
leaf_count=464 550 1972 2025 151 1529 1077 791 440 802 2210 2173 1097 106 1523 396 1488 2140 2433 726 1023 392 167 164 429 307 356 721 1547 697 972
internal_value=0 -0.00117316 -0.000273668 0.00555944 0.00131704 0.000223631 -0.000626499 -0.00668261 -0.00132038 -0.000200054 -0.00305777 0 0.00844979 0.00166932 0.00547544 -0.000442047 -0.00374245 -0.00239868 0.0122672 0.000413018 0.00171845 0.00363202 0.00465613 0 -0.00585327 0.00707456 -0.00189239 -0.00498057 0.00706156 0.00361104
internal_weight=491.843 250.895 231.294 27.6202 240.948 211.313 195.187 27.3466 203.674 180.145 75.0202 51.9058 24.959 105.124 38.3224 66.8021 40.4731 38.852 15.6263 167.84 136.403 93.6574 89.1051 31.2526 14.603 57.8525 42.7454 31.4086 29.6354 26.329
internal_count=30868 20764 18792 1533 10104 8943 7866 1231 17259 15234 6505 4332 1382 8729 2606 6123 3663 3235 832 6635 5612 2952 2785 900 471 1885 2660 1939 1161 2460
is_linear=0
shrinkage=0.05


Tree=102
num_leaves=31
num_cat=0
split_feature=30 7 14 12 12 35 29 36 39 38 39 19 10 24 30 7 26 31 11 39 39 8 32 8 39 32 15 14 10 19
split_gain=0.432009 0.492663 0.646318 0.549209 0.691259 0.471517 0.461107 0.425433 0.496788 0.44585 0.412684 0.318286 0.49208 0.770168 0.484494 0.437096 0.47016 0.424302 0.411628 0.518206 0.683648 0.62531 0.455935 0.564053 0.95034 0.58855 0.504291 0.470392 0.422201 0.396698
threshold=0.46166664361953741 0.32333332300186163 0.46333330869674688 0.43666666746139532 0.23666667938232425 0.30333334207534796 0.45499998331069952 0.12333333492279054 0.028243753127753738 -0.048531532287597649 0.024291547015309337 -0.016666665673255917 -0.40333333611488337 -0.30333334207534784 -0.35000000894069666 -0.46999999880790705 -0.30333334207534784 0.4499999880790711 -0.30333334207534784 0.030629945918917659 0.020716427825391296 -0.063333332538604722 -0.18999999761581418 -0.14333333075046537 0.013734275940805675 0.043333351612091071 -0.36333334445953364 -0.41666667163372034 0.18999999761581424 0.44333332777023321
decision_type=2 2 2 2 2 2 2 2 2 2 2 2 2 2 2 2 2 2 2 2 2 2 2 2 2 2 2 2 2 2
left_child=1 2 11 4 -4 6 -3 -2 9 -9 -7 18 13 -13 15 -14 -17 -16 22 20 -20 -21 26 25 -25 -24 -1 -26 -22 -15
right_child=7 5 3 -5 -6 10 -8 8 -10 -11 -12 12 14 29 17 16 -18 -19 19 21 28 -23 23 24 27 -27 -28 -29 -30 -31
leaf_value=0.01007770352504034 -0.0027034415603654073 -0.012704883290175007 -0.00032537393532867346 -0.0017413004353754352 0.01938986167875684 0.003313359663403237 0.0017090691011834092 0 -0.0014957906614085723 0.012987627180116444 -0.0059842652449718691 -0.0077487078385295605 0.00096172414390757483 0.0078439075943161126 -0.0033548457023592419 0 -0.015334251116071089 0.0053604570200996059 0.0043377513645618797 0.011308637383731559 -0.0051029456092587721 0 -0.0033475012299719314 0.0060389677681697814 -0.012980190270155637 0.0095985609427350696 -0.0015538178783737588 -0.0014950026014352957 0.003048375489281289 -0.0036480136322903029
leaf_weight=9.7516953025478887 7.2388616240350521 15.99099169438705 2.9664455791935307 3.0382999691646537 6.5405126705300063 21.362463128753006 1.9643822999205429 7.1193725424818721 6.5878233113326123 19.737522182287648 14.451456624083219 7.6450307313352814 2.6076701960992095 29.076359079917896 59.292910464690067 2.9528741471003803 15.224293868755916 10.47574986820109 57.6549972363282 23.87011572602205 48.21603696141392 15.252659557387231 12.010300907539206 6.9444003978278479 25.295426519121975 9.2764891679398698 12.736933992244301 22.742722250288352 13.735619061859323 2.4815078210085622
leaf_count=234 206 1414 249 149 225 1996 88 238 208 539 1217 410 136 1501 7449 195 960 458 3883 990 3228 848 475 189 589 295 789 1179 671 93
internal_value=0.000117856 -0.000298183 0.000272245 0.00940957 0.0138803 -0.00455931 -0.0100512 0.00473376 0.00714366 0.00990989 -0.000160838 -9.92485e-05 -0.00211925 0.00195704 -0.00415486 -0.0100966 -0.012562 -0.00139543 0.000848896 0.00245083 0.000474654 0.00707191 -0.00148008 -0.00346031 -0.00608404 0.00224808 0.00367259 -0.00877512 -0.00281818 0.0058362
internal_weight=494.242 453.558 399.789 12.5453 9.50696 53.7693 17.9554 40.6836 33.4447 26.8569 35.8139 387.244 129.756 39.2029 90.5535 20.7848 18.1772 69.7687 257.487 158.729 119.607 39.1228 98.758 76.2693 54.9825 21.2868 22.4886 48.0381 61.9517 31.5579
internal_count=31101 29910 25195 623 474 4715 1502 1191 985 777 3213 24572 11202 2004 9198 1291 1155 7907 13370 9620 7782 1838 3750 2727 1957 770 1023 1768 3899 1594
is_linear=0
shrinkage=0.05


Tree=103
num_leaves=31
num_cat=0
split_feature=31 9 39 39 40 13 27 21 38 31 24 7 39 7 28 30 21 26 35 41 1 25 31 15 26 25 38 25 13 31
split_gain=0.611766 0.735614 0.892936 0.680724 0.654064 0.557801 0.554438 0.550403 0.527137 0.496997 0.516039 0.669563 0.580378 0.607824 0.697986 0.477925 0.473978 0.368049 0.362925 0.352846 0.376787 0.347558 0.3405 0.337393 0.336713 0.316281 1.03212 0.455993 0.452996 0.316498
threshold=-0.4433333277702331 0.22333335876464847 0.028243753127753738 0.022228290326893333 0.72333335876464855 -0.45666666328907007 -0.12333333492279051 -0.21666666865348813 -0.076637268066406236 0.48333334922790533 0.069999992847442641 0.096666663885116591 0.014082456938922407 0.030000001192092899 -0.096666663885116563 0.17666667699813846 0.41666668653488165 0.33666664361953741 -0.22999998927116391 0.029413292184472088 0.45666664838790899 -0.063333332538604722 0.38999998569488531 -0.036666661500930779 -0.023333340883255001 -0.29000000655651087 0.012786865234375002 -0.083333343267440782 -0.26999998092651362 0.096666663885116591
decision_type=2 2 2 2 2 2 2 2 2 2 2 2 2 2 2 2 2 2 2 2 2 2 2 2 2 2 2 2 2 2
left_child=1 2 15 7 -5 18 9 -3 19 10 11 21 -12 14 22 -1 23 -11 -2 -8 -21 -7 -14 -15 -9 26 28 -27 -10 -28
right_child=5 3 -4 4 -6 6 8 24 25 17 12 -13 13 16 -16 -17 -18 -19 -20 20 -22 -23 -24 -25 -26 27 29 -29 -30 -31
leaf_value=0 0.0010974553567555984 0.0021221333557028899 -0.0033129071511407517 0.011602689033945464 -0.0035931752710920773 -0.0013911890601472339 0 0 -0.0008410662446006246 0.015329841204042608 -0.0055357382069096371 -0.0065972389193384943 0.010211113720167387 0.011663296443017088 -0.0054075280297282953 0.017414737752621569 -0.00078834253247002904 0 -0.0092624771018175976 -0.010344075663471083 0.0020765392584358978 0.0052556214233254982 -0.0016465417967583989 0 -0.016142016753535229 -0.0065025596345899515 6.8177708029146835e-05 0 0.012399655657552779 -0.0093793659344046064
leaf_weight=4.8576487188693198 4.6731382082216468 4.358762946445494 4.6152592583093783 9.6121155938599241 5.6160345992539069 37.000162888783962 9.2037423611618561 3.1452266536653033 3.3526790302712497 5.0133706824853999 8.5397349998820555 36.468955877237022 11.047125444747506 35.515469006961212 21.232061999849975 15.141945164417846 6.674625515472143 6.3910147014539689 23.627261940622702 30.916756768478081 1.4303602618165303 26.152098266175017 2.2858690409921101 6.5940821806434533 6.504569215700033 31.92473358171992 11.199938931735234 95.281809260486625 17.721254762960598 7.9340112328063688
leaf_count=263 112 158 143 322 181 2020 752 143 291 97 445 2177 632 1251 1060 273 308 189 514 2426 121 1376 115 713 152 2948 1040 8670 1249 937
internal_value=-9.39054e-05 0.00459545 0.0100646 -0.000229298 0.00538926 -0.000777714 -0.000201714 -0.00737103 -0.00203332 0.00156907 0.000670421 -0.00161918 0.00335518 0.00485648 0 0.0141653 0.00813655 0.00978987 -0.0069302 -0.00673676 -0.00890394 0.00121699 0.00700497 0.00999274 -0.0124261 -0.000529109 0.00285124 -0.00186556 0.00965021 -0.0041585
internal_weight=494.032 53.8516 24.6149 29.2367 15.2282 440.18 411.88 14.0086 208.965 202.915 191.51 99.6212 91.889 83.3492 34.5651 19.9996 48.7842 11.4044 28.3004 41.5509 32.3471 63.1523 13.333 42.1096 9.6498 167.414 40.2079 127.207 21.0739 19.134
internal_count=31078 1635 679 956 503 29443 28817 453 18434 10383 10097 5573 4524 4079 1807 536 2272 286 626 3299 2547 3396 747 1964 295 15135 3517 11618 1540 1977
is_linear=0
shrinkage=0.05


Tree=104
num_leaves=31
num_cat=0
split_feature=3 39 5 16 41 39 38 25 1 10 38 38 26 34 38 4 38 6 38 0 22 38 24 28 39 41 41 24 14 7
split_gain=0.384481 0.651289 0.803921 0.612646 0.607748 0.606212 0.505094 0.498901 0.532079 0.498474 0.454852 0.693093 0.450729 0.49614 0.450539 0.432533 0.443835 0.424553 0.40208 0.356725 0.344853 0.361685 0.344304 0.426301 0.315429 0.306564 0.376851 0.30165 0.300407 0.286732
threshold=0.23500001430511477 0.02481290698051453 0.18999999761581424 -0.4433333277702331 0.031935412436723716 0.015979112125933174 -0.047021865844726556 -0.40333333611488337 -0.049999997019767754 -0.25666666030883784 -0.1008472442626953 0.012786865234375002 -1.0000000180025095e-35 0.29666668176651007 0.15974140167236331 0.043333351612091071 0.12630462646484378 -0.31000000238418574 -0.079872131347656236 0.32999998331069952 -0.058333337306976311 0.12956762313842776 0.35666668415069586 0.35000002384185797 0.026318108662962917 0.055367076769471175 0.025744351558387283 -0.069999992847442613 -0.25666666030883784 0.37666666507720953
decision_type=2 2 2 2 2 2 2 2 2 2 2 2 2 2 2 2 2 2 2 2 2 2 2 2 2 2 2 2 2 2
left_child=3 2 4 14 5 -2 18 10 9 12 -5 28 17 -14 19 -3 -17 24 -4 -1 25 27 23 -8 -9 26 -10 -22 -12 -25
right_child=1 15 6 7 -6 -7 22 8 20 -11 11 -13 13 -15 -16 16 -18 -19 -20 -21 21 -23 -24 29 -26 -27 -28 -29 -30 -31
leaf_value=0.0092337495615493793 0.00051728135026074789 0.0025461744146293309 0.0026400507731482348 -0.0030441458409478485 0 -0.017160128333306726 0 -0.011815215351024141 -0.0022091209615069354 -0.004832114763096136 0 0 -0.0011271943098571692 0.0098861648879185436 -0.0030403999616981318 -0.010839878909282482 0 0.0013868516144053009 -0.0090593960173509687 0 -0.0047054357258485349 0.0062243710365065697 0 0.01455502112373571 0 -0.0015079564238103412 0.0087262681339721083 0.00073624218455351886 0.01538569375510181 0
leaf_weight=38.023158248979598 2.9734784730244455 3.9870624351315191 8.2792310819495452 5.2055689713452038 16.889385286718607 8.1603504600934667 7.981195276835936 8.9854629859328288 3.1545137597713611 95.011465453542769 1.8506256197579212 11.217261854559181 10.842426361283289 15.32668169797398 5.4205506751313797 31.492307312437333 6.8909428592305622 17.066177054541185 6.5620065110269925 6.9494182178750625 36.185955110471696 11.969436731422318 13.382869566790758 15.972935532918202 4.4755704514682284 6.277312040096148 30.934638896025717 45.850720332236961 13.612748929997906 4.4826019329484543
leaf_count=702 184 229 464 310 1159 532 652 562 230 7366 105 1035 626 603 98 2328 500 1177 420 115 2893 666 1109 493 153 394 2031 2998 793 203
internal_value=4.10398e-05 -0.00221491 0.000136025 0.000908969 -0.00578162 -0.0124521 0.0037351 0 -0.00064515 -0.00268547 0.00545089 0.0081279 0.000631281 0.00518679 0.00571353 -0.00686452 -0.00861739 -0.00279998 -0.00245217 0.00749279 0.00149662 0 0.00648586 0.00913288 -0.00818378 0.00503736 0.00691155 -0.00153718 0.0134655 0.0122007
internal_weight=495.414 127.054 84.6841 368.36 28.0232 11.1338 56.6608 317.967 286.08 151.708 31.8862 26.6806 56.6963 26.1691 50.3931 42.3703 38.3833 30.5272 14.8412 44.9726 134.373 94.0061 41.8196 28.4367 13.461 40.3665 34.0892 82.0367 15.4634 20.4555
internal_count=31130 8273 5216 22857 1875 716 3341 21942 19699 10487 2243 1933 3121 1229 915 3057 2828 1892 884 817 9212 6557 2457 1348 715 2655 2261 5891 898 696
is_linear=0
shrinkage=0.05


Tree=105
num_leaves=31
num_cat=0
split_feature=31 39 23 14 19 0 37 38 24 37 14 36 28 29 7 39 10 19 40 37 13 32 40 0 23 41 17 29 12 6
split_gain=0.692251 0.630545 0.708253 0.719154 0.628477 0.710849 0.617949 0.713895 0.406881 0.517592 0.501232 0.998534 0.414672 0.358699 0.478257 0.622595 0.512625 0.672798 0.591709 0.73523 0.71281 0.769666 0.559508 0.460227 0.772364 0.417004 0.377868 0.491529 0.369587 0.303354
threshold=0.42333334684371954 0.020642076618969444 -0.43000000715255732 0.32333332300186163 0.25000000000000006 0.44333332777023321 -0.035023689270019524 -0.014165878295898436 0.35000002384185797 0.068413257598876967 -0.48333333432674402 0.35666668415069586 0.23500001430511477 -0.37666666507720942 -0.2766666561365127 0.020716427825391296 0.17666667699813846 -0.17000000178813932 0.10333333536982538 -0.027381420135498043 -0.18333333730697629 0.01666665077209473 0.86666667461395275 0.14999997615814212 -0.023333340883255001 0.029897365719079975 -0.37666666507720942 0.096666663885116591 0.030000001192092899 -0.090000003576278673
decision_type=2 2 2 2 2 2 2 2 2 2 2 2 2 2 2 2 2 2 2 2 2 2 2 2 2 2 2 2 2 2
left_child=8 6 -3 -4 -5 -6 -2 -8 10 12 11 -1 -10 -12 15 -15 17 23 25 -20 21 -21 -19 24 26 -18 29 -28 -17 -16
right_child=1 2 3 4 5 -7 7 -9 9 -11 13 -13 -14 14 16 28 18 22 19 20 -22 -23 -24 -25 -26 -27 27 -29 -30 -31
leaf_value=0.012701421825413436 -0.011413064772744235 -0.0046469492965047409 0 0 0.020460828629315093 0 0.011168436438569462 -0.0048062835470697096 0 0.0042630422061255445 0.0035971175856479363 -0.0046322195064470119 -0.010076069998869647 0.00049785534392460002 -0.00088408109185542983 -0.012697279828314565 -0.0032206521978851233 -0.0056882473581465511 0.0013881270653444339 0 0 -0.01673810335785748 0.0037909547321149611 -0.00053868618970289469 0.0092017081907219637 0.0074690133157028745 0.0015673722321025267 -0.0095359776627956683 0 0.009672371132254106
leaf_weight=14.443689486943187 4.65640751551837 3.1484010941348961 10.156636678846551 3.4593128641136017 17.148321041371677 2.5830820661503813 7.5158175979740927 6.9186243978328976 20.945116702816449 6.3913461887277654 34.774562732549384 7.2350508766248813 27.592221012455411 18.359740012907423 4.3640689603053033 19.936882126145068 8.4179541417397576 45.103626478230581 20.060814498690888 11.491821995470671 18.493229398271069 22.050515038892627 14.258275859872809 41.303171658888459 46.345009641023353 13.603717014426364 13.363917696056889 11.299204470589755 9.7096609212458116 7.9288107173051667
leaf_count=219 196 128 469 123 640 129 213 584 1866 471 2611 121 2004 1508 144 1330 462 5223 1169 425 2029 679 1705 1714 1894 712 806 463 811 213
internal_value=-7.91721e-05 0.00483223 0.00836232 0.0107472 0.0147405 0.0175372 -0.00130575 0.00312511 -0.000816539 -0.00462812 -0.000141882 0.00626316 -0.0065975 -0.000690945 -0.00128024 -0.0056223 -0.000339741 0.00109618 -0.00329364 -0.00550266 -0.00845884 -0.0122508 -0.00288994 0.00323213 0.00529234 0.00267597 0 -0.00357479 -0.00955961 0.00549733
internal_weight=493.059 55.5866 36.4958 33.3474 23.1907 19.7314 19.0908 14.4344 437.472 54.9287 382.544 21.6787 48.5373 360.865 326.09 48.0063 278.084 183.966 94.1181 72.0964 52.0356 33.5423 59.3619 124.604 83.301 22.0217 36.956 24.6631 29.6465 12.2929
internal_count=31061 2482 1489 1361 892 769 993 797 28579 4341 24238 340 3870 23898 21287 3649 17638 12162 5476 4302 3133 1104 6928 5234 3520 1174 1626 1269 2141 357
is_linear=0
shrinkage=0.05


Tree=106
num_leaves=31
num_cat=0
split_feature=29 38 38 29 31 4 40 37 16 38 6 38 19 41 41 19 41 11 37 17 3 41 23 8 40 34 20 11 34 37
split_gain=0.628656 1.15643 1.01885 0.611522 0.554731 0.538392 0.434226 0.715931 0.417599 0.608364 0.964444 0.460053 0.99299 0.580919 0.727944 0.515377 0.475781 0.449374 0.543928 0.42116 0.413218 0.343438 0.33578 0.333508 0.332951 0.329478 0.31954 0.364079 0.328344 0.386608
threshold=0.41666668653488165 0.012786865234375002 0.10286664962768556 -0.069999992847442613 -0.3899999856948852 0.01666665077209473 0.86666667461395275 -0.054354667663574212 0.19666665792465213 0.088602066040039076 -0.049999997019767754 0.022661209106445316 -0.26999998092651362 0.046263152733445174 0.028989635407924656 -0.31000000238418574 0.037718985229730613 -0.31666666269302363 -0.027381420135498043 -0.45666666328907007 0.37000000476837164 0.028248135931789878 0.19666665792465213 0.030000001192092899 0.76999998092651378 0.46999999880790716 -0.31000000238418574 -0.19666665792465207 0.38999998569488531 -0.11461448669433592
decision_type=2 2 2 2 2 2 2 2 2 2 2 2 2 2 2 2 2 2 2 2 2 2 2 2 2 2 2 2 2 2
left_child=3 4 21 5 20 6 25 -8 9 11 -11 15 13 14 -13 17 23 18 -5 -20 24 -3 -4 -17 -2 26 27 -1 29 -28
right_child=1 2 22 8 -6 -7 7 -9 -10 10 -12 12 -14 -15 -16 16 -18 -19 19 -21 -22 -23 -24 -25 -26 -27 28 -29 -30 -31
leaf_value=0 0.010328756271141253 0 0.0045244660961908812 0.0035308253263906021 -0.0079314359438652834 -0.0023750231824987661 0.0079201443398043674 -0.0064224086172606281 -0.0082336812856808727 -0.0036259921335834787 0.0086350756517891442 0.00032344616780131626 0.0014533847041365829 0 -0.01780032081272508 0.0045175016063156237 -0.0095166209853865119 0.0052327246455698452 0.00098923667138656949 -0.010783377969857519 -0.0034813145244260383 0.01729941955782811 -0.0079997700158040506 -0.0041114636246399362 -3.8779382232405553e-05 -0.0020544994608446793 -0.0048758612948538605 0.01367622904140528 -0.0024245257917832126 0.0058425099665060307
leaf_weight=3.8746168457437333 12.046991203213116 3.0837755696848097 2.8448017148766658 15.277293776860459 12.865794025128706 49.220918836072087 6.2547827677335617 20.450413122074679 20.981333953328431 21.596942102885805 28.772179591585882 3.462100401055074 16.921550299506634 5.9191019255667916 19.569236239651218 13.780391421401871 19.994208836578764 37.731473169289529 5.2297385465353718 13.575539085315542 8.2684796613175404 19.80410412279889 4.8176246613729745 19.443269787821919 5.6550751409959039 7.7347628525458267 2.4447151778731486 16.164821638260037 11.690340916858984 62.728867360274307
leaf_count=242 236 92 89 453 789 4351 356 1712 2353 943 1681 118 1715 186 643 1293 2026 1301 115 469 306 729 230 1945 119 383 143 997 652 4450
internal_value=0.000206314 0.00444922 0.0109101 -0.000484179 -0.000855442 0.00161101 0.00332531 -0.00146202 -0.00214773 -0.00125852 0.00310798 -0.0027485 -0.00679697 -0.0117563 -0.014711 -0.000829176 -0.00443495 0.00165754 -0.00186752 -0.00705421 0.00269867 0.0154143 -0.00157516 0 0.00679059 0.00478609 0.00566301 0.0111469 0.00322798 0.00471205
internal_weight=492.205 69.3866 30.5503 422.819 38.8363 180.564 131.343 26.7052 242.254 221.273 50.3691 170.904 45.872 28.9504 23.0313 125.032 53.2179 71.814 34.0826 18.8053 25.9705 22.8879 7.66243 33.2237 17.7021 104.638 96.9034 20.0394 76.8639 65.1736
internal_count=31117 2590 1140 28527 1450 13286 8935 2068 15241 12888 2624 10264 2662 947 761 7602 5264 2338 1037 584 661 821 319 3238 355 6867 6484 1239 5245 4593
is_linear=0
shrinkage=0.05


Tree=107
num_leaves=31
num_cat=0
split_feature=13 16 17 39 25 19 19 9 35 37 37 39 37 11 37 39 39 36 3 5 25 22 32 10 39 20 17 7 5 11
split_gain=0.656695 0.622611 0.717819 0.535496 0.51338 0.447518 0.383091 0.478841 0.707512 0.579826 0.755947 0.68599 0.672164 0.534667 0.528091 0.481208 0.662562 0.456251 0.400678 0.36766 0.386046 0.359696 0.347369 0.373424 0.34323 0.470117 0.371296 0.361297 0.511353 0.348672
threshold=0.41666668653488165 0.44333332777023321 0.1566666662693024 0.01669745892286301 -0.083333343267440782 0.3966666460037232 -0.083333343267440782 -0.10999999940395354 1.0000000180025095e-35 -0.036983489990234368 0.025244712829589847 0.020306478254497055 0.064506053924560561 -0.12999999523162839 -0.06939458847045897 0.021494119428098205 0.013899363577365877 0.40333333611488348 0.20999997854232791 0.069999992847442641 0.19666665792465213 -0.36500000953674311 0.32999998331069952 0.030000001192092899 0.0336068943142891 0.35666668415069586 0.01666665077209473 0.030000001192092899 -0.40333333611488337 0.083333313465118422
decision_type=2 2 2 2 2 2 2 2 2 2 2 2 2 2 2 2 2 2 2 2 2 2 2 2 2 2 2 2 2 2
left_child=1 4 -3 -4 24 -2 7 8 -6 11 13 -9 -12 15 -13 16 -11 19 -16 20 -8 -22 23 -14 25 27 -27 28 -1 -30
right_child=5 2 3 -5 6 -7 17 9 -10 10 12 14 22 -15 18 -17 -18 -19 -20 -21 21 -23 -24 -25 -26 26 -28 -29 29 -31
leaf_value=0.0066521146154386373 0.0023207837637875981 -0.0025582672076130391 -0.00052098538266030434 0.015978952741492591 0.00046150401061606706 -0.0089115583471872355 -0.0031775972591509393 0.014319065755656585 0.012643622706635655 0.00086340656014612018 0.0097309494462643458 -0.0066033191959600779 0.0013335146971586568 0.0021545992572781498 -0.00040277379072091012 -6.793148600521384e-05 -0.015019327924548759 0.0065201448282653056 0.011805586503235545 -0.0059059941206554348 -0.0030713588276874201 0.0080473762886532907 0.0047152240615673142 -0.011016210578945924 -0.0066034551657962667 -0.010192406262181368 0.00023972359176391235 0.0043584880127156417 -0.0046286142377532612 0.0014742943482069343
leaf_weight=10.918758780229835 5.1482382594840628 5.5656485506333437 2.4020734624937168 12.884569268207995 29.65530906803906 25.301999638206325 24.352905902662314 9.5322271469049173 21.933592260815203 4.3380802164319929 18.186403599916957 9.0804482304956782 3.4729304329957795 13.923140655970199 6.5793329486623389 20.630877529503778 17.792771991575137 10.404119499609804 5.9272059989161789 34.669209012878127 3.0243683950975564 16.766761122155003 3.4310154395643613 7.7769992877729237 25.754290130920708 14.533856687135996 6.7117182661313555 37.424529335228726 61.204313294263557 24.467801181250252
leaf_count=644 459 368 136 522 1358 2221 2184 285 761 110 618 401 144 669 229 596 534 1019 154 4139 297 1714 94 261 1633 784 605 2116 4091 2021
internal_value=0.000143748 0.000692287 0.00811068 0.0127957 0.000183128 -0.00625721 0.00163526 0.00301011 0.00685265 0.00092323 -0.000958849 0.00629235 0.00426291 -0.00450361 0 -0.00718257 -0.0114972 -0.00077915 0.00598389 -0.00243059 0.000180406 0.00505971 -0.0021599 -0.00661672 -0.00176597 -0.000592677 -0.00665217 0.000433284 -0.00100982 -0.00263051
internal_weight=493.795 463.345 20.8523 15.2866 442.493 30.4502 261.478 172.26 51.5889 120.671 89.5522 31.1192 32.8673 56.6849 21.587 42.7617 22.1309 89.2174 12.5065 78.8132 44.144 19.7911 14.6809 11.2499 181.015 155.261 21.2456 134.015 96.5909 85.6721
internal_count=31167 28487 1026 658 27461 2680 15567 6214 2119 4095 3026 1069 1117 1909 784 1240 644 9353 383 8334 4195 2011 499 405 11894 10261 1389 8872 6756 6112
is_linear=0
shrinkage=0.05


Tree=108
num_leaves=31
num_cat=0
split_feature=4 10 27 18 30 0 39 40 0 22 41 5 16 36 28 29 38 20 40 35 31 31 31 33 21 27 16 4 11 39
split_gain=0.687988 0.946352 0.607183 0.582502 0.499366 0.48163 0.438857 0.389199 0.375759 0.81562 0.375589 0.366558 0.520303 0.43912 0.40111 0.615793 0.409448 0.375833 0.342855 0.327632 0.46157 0.327618 0.291171 0.288045 0.283039 0.27363 0.247835 0.240356 0.252981 0.237987
threshold=-0.21000000834465024 -0.29666668176650995 1.0000000180025095e-35 -0.3899999856948852 -0.41666667163372034 -0.30333334207534784 0.027028502896428112 0.92000001668930065 -1.0000000180025095e-35 -0.17000000178813932 0.039961723610758788 0.11000001430511476 -0.36333334445953364 0.33666664361953741 0.47500002384185797 0.31666666269302374 0.0249934196472168 0.083333313465118422 0.99000000953674328 0.38333332538604742 -0.40333333611488337 -0.16333332657814023 0.35000002384185797 -0.063333332538604722 0.13666665554046634 0.30333334207534796 0.27666664123535162 -0.21666666865348813 0.37000000476837164 0.015461494214832784
decision_type=2 2 2 2 2 2 2 2 2 2 2 2 2 2 2 2 2 2 2 2 2 2 2 2 2 2 2 2 2 2
left_child=1 2 7 10 -2 21 22 23 9 -6 -3 12 13 29 15 -13 19 -18 24 20 -17 -5 -4 -1 -11 -24 -26 28 -7 -10
right_child=4 3 6 5 8 27 -8 -9 11 18 -12 14 -14 -15 -16 16 17 -19 -20 -21 -22 -23 25 -25 26 -27 -28 -29 -30 -31
leaf_value=0.017078013316452471 -0.0076924077221300459 0.0093540382935685361 -0.0065418615147356876 -0.0029545761487844288 -0.0013995683827322783 -0.0076276168099688561 0.0083230203110390647 0 0 0.0017781084792732602 -0.0001485801291736949 -0.0022177591523860184 -0.00076511705481811017 0.00079917158129133256 -0.0069774703591293273 0.010252951023007795 0 0.013185439874075364 -0.0037485432657598248 -0.0059780189059720733 -0.0010206455263576807 0.0064979981943871362 -0.0025756111436456598 0 0.011575854326858459 0.0081533025316500203 0 0.0024218602468320718 0.0007197175624051636 -0.013695790209344572
leaf_weight=18.045947150792934 18.957583647454157 16.346147757722068 11.043390836566692 7.4900592189515036 81.243539920891635 39.674831530777737 9.7770919923204911 2.9962754261214277 3.4302176712080898 29.639215172850527 10.105116866761817 45.565994067699648 58.206313981441781 3.4830478918738654 10.32349369372241 8.4071440824773198 5.6688325088471201 13.882825103122739 1.6123893461190153 6.2804217842640346 13.403874093433842 14.659259069012476 3.8571758826728892 2.786932284012436 25.386776748346168 4.7215335359796882 1.8890635527204711 1.4377458097878832 3.6544807942118487 17.725705243414268
leaf_count=674 1247 400 958 588 5317 3607 298 126 93 2076 294 3410 5050 82 534 184 334 642 87 406 648 1146 146 106 1332 132 178 110 332 537
internal_value=0.00032898 0.00316392 0.00810776 0 -0.000837543 -0.00245544 0.00160583 0.0133549 -0.000232073 0.00159964 0.00559713 -0.00174274 -0.00410956 -0.00949736 4.42819e-05 0.00144893 0.00527762 0.00992536 0.00589338 0.000131959 0.00370038 0.00246494 -0.00193067 0.0153143 0.00689533 0.00253984 0.0103814 -0.00538594 -0.00641488 -0.0119152
internal_weight=491.702 146.596 53.2283 93.3676 345.106 66.9164 29.3992 23.8292 326.149 139.771 26.4513 186.378 82.8453 24.639 103.533 93.2091 47.6431 19.5517 58.5274 28.0914 21.811 22.1493 19.6221 20.8329 56.9151 8.57871 27.2758 44.7671 43.3293 21.1559
internal_count=31074 8917 2440 6477 22157 5783 1534 906 20910 8990 694 11920 5762 712 6158 5624 2214 976 3673 1238 832 1734 1236 780 3586 278 1510 4049 3939 630
is_linear=0
shrinkage=0.05


Tree=109
num_leaves=31
num_cat=0
split_feature=27 25 25 27 41 35 11 38 6 24 6 11 38 41 26 17 17 14 38 37 33 24 8 33 30 41 41 7 33 40
split_gain=0.716616 0.479186 0.895392 0.476857 0.466686 0.626102 0.556012 0.388357 0.391571 0.454352 0.454282 0.37318 0.371227 0.478978 0.370578 0.381639 0.445747 0.354162 0.35169 0.655271 0.503342 0.446753 0.427935 0.702879 0.574634 0.380181 0.51926 0.356759 0.333928 0.518012
threshold=-0.12333333492279051 -0.063333332538604722 -0.35000000894069666 -0.069999992847442613 0.062321202829480178 0.27666664123535162 -0.4433333277702331 0.10286664962768556 -0.030000001192092892 -0.36500000953674311 0.056666672229766853 -0.12333333492279051 0.035072326660156257 0.027581288479268554 0.35666668415069586 0.32999998331069952 -0.45666666328907007 -0.41666667163372034 -0.0085129737854003889 0.0079760551452636736 -0.40333333611488337 0.36333334445953375 -0.16333332657814023 -0.2766666561365127 0.45499998331069952 0.037754345685243614 0.026829226873815063 -0.096666663885116563 -0.016666665673255917 0.20333333313465121
decision_type=2 2 2 2 2 2 2 2 2 2 2 2 2 2 2 2 2 2 2 2 2 2 2 2 2 2 2 2 2 2
left_child=1 2 -1 17 5 7 -7 8 9 -3 -10 -6 13 -8 28 16 -16 -2 20 21 25 27 23 -21 -24 26 -5 -20 -4 -30
right_child=3 4 14 18 11 6 12 -9 10 -11 -12 -13 -14 -15 15 -17 -18 -19 19 22 -22 -23 24 -25 -26 -27 -28 -29 29 -31
leaf_value=0.0067306560934697335 0.0011087232832628908 0 -0.0035917272242115329 0.0067573234076782037 -0.010013393696379059 0.0071391551674207096 0.0019063868501050683 0 -0.0034369832688887197 0.014047069169286379 0.0061982194229635744 0.0022858936255728121 0.0021220220795196321 -0.0099488612845536947 0.00034436566467130016 0.0023663891844573712 -0.010838909928834311 -0.010230884820577969 0.00076616674729487863 -0.0036026824329531883 -0.0044806019033304901 -0.0025931989937643218 -0.0069334595458916577 0.0092192347286164083 0.0070568168876087248 0.0088681781141347876 -0.0082812318780218688 0.012418556517802635 -0.0030660295216655238 0.0089473280151358744
leaf_weight=26.819380742032081 3.0407471209764507 4.1755183588247737 23.398974906885996 3.0435562124475855 4.9605101197957993 13.868682597996665 5.8976997062563923 11.674243147717787 9.1438562921248359 32.025880159111694 36.005539198406041 4.9750582429114711 12.603526656981556 18.003593272878788 6.1802149843424585 3.7180343477521083 25.422680927906185 18.186324677430093 17.377857604529709 14.815524036530407 81.297034413088113 5.4183919611386946 36.887807317078114 13.82138105551712 2.1063864717725655 8.9275811840780062 7.4840536299161613 17.234979907050729 7.9373051607981351 14.230786955216898
leaf_count=1165 68 241 1360 167 195 277 261 523 402 1458 1392 277 791 987 126 154 974 1614 1349 1484 7338 561 3645 829 117 375 430 1520 354 633
internal_value=0.000457614 0.00226404 -8.63123e-05 -0.00149508 0.004013 0.00484658 0 0.00715855 0.00831916 0.0122834 0.00358382 -0.00374408 -0.00297966 -0.00639192 -0.00294299 -0.00637441 -0.0082811 -0.00780193 -0.000535786 0.00127075 -0.00266334 0.00601431 -0.00145875 0.00238896 -0.00478185 0.00321452 -0.00154616 0.00816137 0 0.00402155
internal_weight=490.683 261.041 107.707 229.642 153.334 143.399 50.3735 93.025 81.3508 36.2014 45.1494 9.93557 36.5048 23.9013 80.888 35.3209 31.6029 21.2271 208.415 107.662 100.752 40.0312 67.6311 28.6369 38.9942 19.4552 10.5276 34.6128 45.5671 22.1681
internal_count=31067 11570 4766 19497 6804 6332 2316 4016 3493 1699 1794 472 2039 1248 3601 1254 1100 1682 17815 9505 8310 3430 6075 2313 3762 972 597 2869 2347 987
is_linear=0
shrinkage=0.05


Tree=110
num_leaves=31
num_cat=0
split_feature=29 38 39 38 29 14 7 30 21 19 9 7 41 39 19 11 33 5 13 7 11 41 4 24 26 30 24 40 40 9
split_gain=0.471066 1.05128 0.604577 0.552113 0.527889 0.667762 0.455189 0.428891 0.455494 0.428366 0.558538 0.620931 0.483641 0.459205 0.415208 0.550251 0.421301 0.416978 0.460656 0.522789 0.407195 0.388495 0.347846 0.340473 0.330519 0.308791 0.305897 0.473173 0.289264 0.303746
threshold=0.41666668653488165 0.012786865234375002 0.02956893760710955 -0.076637268066406236 -0.069999992847442613 0.46333330869674688 0.25666666030883795 0.3966666460037232 0.43000000715255743 0.3966666460037232 -0.3899999856948852 -0.31000000238418574 0.039836786687374122 0.040006248280406005 0.030000001192092899 -0.31666666269302363 0.46333330869674688 0.14999997615814212 -0.41666667163372034 -0.31666666269302363 -0.31000000238418574 0.031045022420585159 0.12333333492279054 0.13666665554046634 0.083333313465118422 -0.35000000894069666 -0.24333333969116208 0.40666666626930242 0.063333334401249899 -0.30333334207534784
decision_type=2 2 2 2 2 2 2 2 2 2 2 2 2 2 2 2 2 2 2 2 2 2 2 2 2 2 2 2 2 2
left_child=4 3 7 -2 5 9 -7 -3 -9 10 12 20 26 -14 15 17 -16 18 19 -6 -12 -5 -13 -23 -25 -11 -1 -28 -17 -30
right_child=1 2 -4 21 14 6 -8 8 -10 25 11 22 13 -15 16 28 -18 -19 -20 -21 -22 23 -24 24 -26 -27 27 -29 29 -31
leaf_value=-0.0061571385180513817 0.0046808512368330503 0 -0.0017784081435459919 0 0.00033839463706718866 0.013551389951822774 -0.00062986377320252179 0.018172122347358443 0 -0.010140952637357934 0.0022644535550933979 0.0041633750431457816 0.012791577072545838 -0.0012688580488163081 -0.0079363649105844494 -0.0043704287314668012 0.002782328696811266 9.3556640411436877e-06 -0.00036938234881920201 -0.013818590308542298 -0.0077181187128828434 0 -0.0029075109075965911 0 -0.01834752534845709 0 0.0089130944669154038 -0.002930609782455411 -0.004140387276745575 0.0030863934282493542
leaf_weight=6.0533501969184753 13.539385239826514 3.4922572558280143 4.1994684417732051 10.219959282316269 3.9446517745964256 11.006709717214106 3.0581463037524363 15.939366873819383 6.9531419726554295 9.8501642977353203 6.2158554062480098 49.604781957226805 17.857196884928275 2.3792465871665618 41.683723395341076 12.987118512857704 4.2904228817205867 26.876115669496357 23.953072306001559 19.743339042179286 32.236694483668543 6.8680036950390768 16.147809643065557 2.3563878391869366 4.9490679294103757 6.407512482488527 11.259656269336121 7.9216074973810455 8.8799202744849008 98.234284502570517
leaf_count=391 485 223 207 374 87 477 314 482 203 498 394 4290 832 105 5392 814 420 928 1212 534 2586 214 1595 185 201 619 627 549 433 5414
internal_value=0 0.00368432 0.00985736 -0.00139029 -0.000624091 0.00131497 0.00995567 0.0124677 0.0145376 0.000115297 0.00117564 -0.000683675 0.00550529 0.0102735 -0.00217287 -0.000927185 -0.00624934 -0.00419945 -0.00677532 -0.0110271 -0.0054542 -0.0058414 0.00198054 -0.00997761 -0.0146599 -0.00620888 0 0.00349618 0.00100806 0.00207842
internal_weight=489.108 68.517 30.5842 37.9328 420.591 179.999 14.0649 26.3848 22.8925 165.934 149.676 104.205 45.4711 20.2364 240.593 194.619 45.9741 74.5172 47.6411 23.688 38.4525 24.3934 65.7526 14.1735 7.30546 16.2577 25.2346 19.1813 120.101 107.114
internal_count=31085 2574 1115 1459 28511 13277 791 908 685 12486 11369 8865 2504 937 15234 9422 5812 2761 1833 621 2980 974 5885 600 386 1117 1567 1176 6661 5847
is_linear=0
shrinkage=0.05


Tree=111
num_leaves=31
num_cat=0
split_feature=31 38 24 16 30 38 39 31 39 5 40 23 14 26 39 31 14 32 6 39 14 39 37 38 38 0 32 9 38 16
split_gain=0.747353 0.504495 0.463865 0.444804 0.512527 0.665691 0.578021 0.649481 0.706773 0.490302 0.5938 0.838228 0.890618 0.484869 0.464372 0.453763 0.429784 0.413001 0.403861 0.400377 0.397838 0.439673 0.422137 0.369812 1.3358 0.862524 0.514822 0.378494 0.349814 0.337944
threshold=0.42333334684371954 0.027276515960693363 -0.29000000655651087 -0.28333333134651179 -0.31666666269302363 -0.11537122726440428 0.028243753127753738 0.23000001907348636 0.040006248280406005 0.1566666662693024 0.10333333536982538 0.069999992847442641 -0.40333333611488337 -0.04333332180976867 0.025245379656553272 -0.0099999904632568342 -0.22333332896232602 0.3966666460037232 0.13666665554046634 0.017066688276827339 -0.4433333277702331 0.028243753127753738 -0.028179645538330075 -0.033671855926513665 -0.076637268066406236 0.35000002384185797 0.16333335638046267 0.42333334684371954 -0.093913078308105455 -0.4433333277702331
decision_type=2 2 2 2 2 2 2 2 2 2 2 2 2 2 2 2 2 2 2 2 2 2 2 2 2 2 2 2 2 2
left_child=3 2 -2 9 6 -6 -5 8 -8 10 18 20 13 -13 -7 23 -16 -4 -1 -15 21 -12 -22 24 -11 26 -25 -28 -18 -27
right_child=1 -3 17 4 5 14 7 -9 -10 15 11 12 -14 19 16 -17 28 -19 -20 -21 22 -23 -24 25 -26 29 27 -29 -30 -31
leaf_value=0.0084290791422575988 0 -0.0019637483402203349 0.011697336820091365 -0.0017844837001835671 -0.011739263433165181 0 0.015933586461532142 -0.0026566641395962347 -0.001312027522396453 0.0081183645914888938 0.010063116226386766 0 0 0 0.00021757413072235598 -0.0050796210573824862 0.0019597703594218603 -0.00052459696120634271 -0.0028965986557398116 -0.020992287698724323 0.004357009206581562 -0.0019301365425798134 -0.0051604985618281503 0 -0.0082902557442643739 -0.0076129279144175228 0.014764823400057386 0 -0.0096398778003844391 0.003301378736346608
leaf_weight=17.425228549400348 9.3876050903927517 10.742535332683472 31.585469521349296 40.499417833518237 17.435313484049402 92.064382641925476 12.558945231372496 5.9625075871590516 3.872963123722001 20.654163022292778 12.918450418394061 6.1952325110323754 14.977702154312281 4.7949562733992925 14.204638732131569 6.3275081194005898 1.6169944833964098 3.2470833442639551 4.1846421139780423 10.774431094992904 9.7771259080618602 5.1769064366817465 28.27131646242924 10.399570816662161 17.029575770022348 7.5635659764520824 27.823952129343525 4.2762055892962954 33.598367563332431 6.1555497581139189
leaf_count=539 349 980 979 3550 2006 10624 558 298 202 646 251 173 595 101 746 263 184 205 135 249 340 106 1066 280 561 155 763 125 3858 276
internal_value=0.000140812 0.00536766 0.00766833 -0.000524637 -0.00210523 -0.00362358 0.00134989 0.00707803 0.0114906 0.00100771 -0.00105062 -0.00297866 -0.00831114 -0.0136577 -0.00201707 0.00352088 -0.00563695 0.0100361 0.00517758 -0.0172136 0.000574307 0.00596819 -0.00188692 0.00462093 1.06937e-05 0.00701035 0.010295 0.0129883 -0.00829292 -0.00193357
internal_weight=491.502 54.9627 44.2202 436.54 221.814 158.92 62.8938 22.3944 16.4319 214.726 114.496 92.8861 36.7423 21.7646 141.484 100.23 49.42 34.8326 21.6099 15.5694 56.1438 18.0954 38.0484 93.9026 37.6837 56.2188 42.4997 32.1002 35.2154 13.7191
internal_count=31163 2513 1533 28650 22026 17418 4608 1058 760 6624 3555 2881 1118 523 15412 3069 4788 1184 674 350 1763 357 1406 2806 1207 1599 1168 888 4042 431
is_linear=0
shrinkage=0.05


Tree=112
num_leaves=31
num_cat=0
split_feature=20 20 3 38 35 27 37 39 1 38 12 2 38 15 40 41 22 38 5 34 23 32 39 38 27 37 16 30 25 39
split_gain=0.512899 0.496916 0.425334 0.473955 0.546062 0.411638 0.564436 0.474311 0.415825 0.367637 0.352311 0.346836 0.478833 0.593923 0.449349 0.357932 0.36126 0.470193 0.344563 0.330971 0.292366 0.284896 0.345841 0.384793 0.2892 0.357503 0.28911 0.27572 0.267922 0.312681
threshold=-0.31000000238418574 0.10833334922790529 0.32999998331069952 0.026104450225830082 -0.016666665673255917 -0.17000000178813932 0.066391468048095717 0.014451591297984125 0.18999999761581424 0.10015916824340822 0.41000002622604376 -0.24333333969116208 -0.0010662078857421873 -0.45666666328907007 0.44333332777023321 0.042987337335944183 0.043333351612091071 -0.042603969573974602 0.12333333492279054 0.43000000715255743 0.35666668415069586 -0.4433333277702331 0.026088931597769264 -0.16214513778686521 0.083333313465118422 0.045093059539794929 -0.36333334445953364 0.33666664361953741 -0.37666666507720942 0.015461494214832784
decision_type=2 2 2 2 2 2 2 2 2 2 2 2 2 2 2 2 2 2 2 2 2 2 2 2 2 2 2 2 2 2
left_child=10 11 5 4 20 6 7 -3 -9 -5 21 15 28 -14 -15 16 17 -2 -8 -12 -4 -1 24 -24 25 -23 -25 -10 -13 -30
right_child=1 2 3 9 -6 -7 18 8 27 -11 19 12 13 14 -16 -17 -18 -19 -20 -21 -22 22 23 26 -26 -27 -28 -29 29 -31
leaf_value=0.011706086770211488 0.010643564612678368 -0.0017775920500736485 -0.0045725610911299805 0.0070513197031791533 -0.01104978522773146 -0.00040410543651142632 -0.0091965588578275109 0.011154811258444586 -0.0024858849263165311 -0.0041907299017944688 0.0014835658269841921 0 0.0086974707241493313 -0.006960446773150674 0.00052115767766341102 -0.0047915917677980174 -0.0039283091455725094 0 0.0026911649035427452 -0.0097981383216759477 0.0070841596805537466 0.0084949659583350001 0.0058013946173205485 1.9877688317511039e-06 -0.00015264748242394314 -0.0016354855141437323 -0.008921466989482315 0.0061479247432872529 0 -0.0091885767948998772
leaf_weight=6.9176951053086659 13.81000285153277 8.5734713878482562 2.7517976895906058 10.181805559666826 18.925083152833395 81.942423849948682 6.15128653985448 33.084453095681965 12.682770360494034 5.2257147426716974 6.8383494182489795 8.5302800941281003 6.9905894580297163 28.123048889217898 33.871977628208697 17.079866125364788 6.9202438183128825 20.066039360826835 3.5939784676302224 4.2779608190758154 5.21532784239389 32.407250692369416 4.1453039005864438 7.8893393180333122 13.20758271217346 4.1374856252223244 11.993000860558819 9.7939572834875417 7.2661678801523513 56.226147899171337
leaf_count=363 664 358 215 618 1142 6541 270 1327 637 389 653 601 136 2141 2486 1053 428 1409 134 356 382 1606 182 212 1263 246 905 261 476 3665
internal_value=-0.000370457 -0.00119845 0.00046706 -0.00349742 -0.00717446 0.00178753 0.00437907 0.00621278 0.00790493 0.00196469 0.00280813 -0.00294469 -0.00424066 -0.000716762 -0.0028198 0 0.00279255 0.00517693 -0.0038698 -0.0033102 0.00103336 0.00411006 0.00225767 -0.00171973 0.00460531 0.00669151 -0.00523509 0.000900976 -0.00698087 -0.00802204
internal_weight=488.82 397.006 198.122 42.2997 26.8922 155.822 73.8799 64.1347 55.5612 15.4075 91.814 198.884 141.008 68.9856 61.995 57.8762 40.7963 33.876 9.74527 11.1163 7.96713 80.6977 73.78 24.0276 49.7523 36.5447 19.8823 22.4767 72.0226 63.4923
internal_count=31119 25333 12274 2746 1739 9528 2987 2583 2225 1007 5786 13059 9505 4763 4627 3554 2501 2073 404 1009 597 4777 4414 1299 3115 1852 1117 898 4742 4141
is_linear=0
shrinkage=0.05


Tree=113
num_leaves=31
num_cat=0
split_feature=3 36 11 19 39 18 4 36 9 41 26 24 40 41 28 9 31 29 26 30 7 37 38 38 39 25 39 34 38 28
split_gain=0.395695 0.831563 0.66967 0.624161 0.507203 0.495494 0.748864 0.55248 0.495411 0.465064 0.457329 0.669807 0.454751 0.828232 0.589492 0.445705 0.445311 0.399188 0.476649 0.39512 0.42174 0.385651 0.465145 0.45795 0.633019 0.454321 0.372256 0.432642 0.565284 0.524335
threshold=0.2833333313465119 0.11000001430511476 0.13666665554046634 0.3966666460037232 0.019278466701507572 -0.3899999856948852 -0.31666666269302363 0.26333332061767584 -0.48333333432674402 0.042987337335944183 0.25000000000000006 -0.023333340883255001 0.2100000008940697 0.040580337867140777 0.40166664123535162 -0.016666665673255917 -0.10999999940395354 -0.4433333277702331 -0.14333333075046537 0.17666667699813846 -0.45666666328907007 -0.06400823593139647 0.090439319610595717 0.018894195556640628 0.021223529241979126 0.29000002145767217 0.016595917753875259 0.45666664838790899 -0.2015423774719238 0.25666666030883795
decision_type=2 2 2 2 2 2 2 2 2 2 2 2 2 2 2 2 2 2 2 2 2 2 2 2 2 2 2 2 2 2
left_child=2 4 5 19 -2 6 7 -1 -5 -6 17 16 14 -14 -8 -15 -12 18 -7 20 -4 -3 23 24 -23 -26 -22 28 -28 -30
right_child=1 21 3 8 9 10 12 -9 -10 -11 11 -13 13 15 -16 -17 -18 -19 -20 -21 26 22 -24 -25 25 -27 27 -29 29 -31
leaf_value=0.015439691683765411 0 -0.0059078940746675234 -0.00052081357312609591 0.0071298659396775189 -0.014251123236176661 0.010918832666348584 -0.0094710164145795639 0 -0.0062744006706822609 -0.00010258656571354103 -0.010154650092527015 0.0053826264313996562 0.0068692127697863791 0.0022645091970202986 0.0035627322418516614 -0.009709636480616889 9.3316190134029722e-05 -0.0046924248168645219 -0.0036295646031651732 -0.0002292609021343312 0 -0.0062547306544335629 -0.0042772437924868904 0.01254246971662375 0.011367846843397533 -0.0018236509364748322 -0.0022378760838953158 -0.00025935182226216423 0.014077682686019605 -0.001373407776076688
leaf_weight=9.5972902053035813 19.673867548583075 6.3988816488999865 8.171638318570329 2.6466301095206317 19.953753545181826 4.4421718993689865 17.727374634006996 7.7133357780985525 18.512599765439518 12.359409826807676 9.8260117768077198 36.199468156788498 33.509637066395953 6.170403373893353 6.2828709990717462 10.806634813314302 18.482932958984748 120.05968579708133 4.1412753816694003 13.680085800006053 9.1925618015229684 10.018030476523565 6.69085620320402 11.224591975565998 9.9753583760466409 3.9551827387185758 2.1315485602244655 4.0382379724178454 43.434713440132334 1.8327179239131499
leaf_count=242 1368 396 414 74 1625 251 567 202 1417 865 512 1444 862 193 109 309 1169 10660 292 1152 902 635 529 637 495 337 134 212 2999 173
internal_value=-0.000114411 -0.00286199 0.000563786 0.00392057 -0.00699905 -0.000626839 0.00217992 0.0100126 -0.00247255 -0.0103555 -0.00211194 0.00097465 0 0.00240364 -0.00519695 -0.00481465 -0.00388887 -0.00381986 0.00357994 0.00589961 0.0073731 0.00141474 0.00365659 0.00617638 0.000442832 0.00694666 0.00876334 0.0102611 0.011554 0.012877
internal_weight=488.85 100.25 388.6 103.641 51.987 284.959 91.8075 17.3106 21.1592 32.3132 193.152 64.5084 74.4969 50.4867 24.0102 16.977 28.3089 128.643 8.58345 82.4815 68.8014 48.2629 41.864 35.1732 23.9486 13.9305 60.6298 51.4372 47.399 45.2674
internal_count=31176 6887 24289 7477 3858 16812 2484 444 1491 2490 14328 3125 2040 1364 676 502 1681 11203 543 5986 4834 3029 2633 2104 1467 832 4420 3518 3306 3172
is_linear=0
shrinkage=0.05


Tree=114
num_leaves=31
num_cat=0
split_feature=31 13 29 16 20 39 29 38 40 11 39 4 8 41 10 37 41 40 14 30 39 38 39 41 9 23 28 41 40 40
split_gain=0.54593 0.552999 0.488744 0.558212 0.436743 0.460387 0.429488 0.439514 0.421836 0.686794 0.630571 0.975308 0.800333 0.633381 0.878626 0.533727 0.518353 0.478626 0.460654 0.415996 0.515546 0.477389 0.632472 0.53006 0.442516 0.383745 0.382678 0.355207 0.356473 0.332634
threshold=0.48333334922790533 0.42333334684371954 -0.4433333277702331 -0.2766666561365127 -0.20333333313465116 0.028243753127753738 -0.48333333432674402 0.035072326660156257 0.46999999880790716 -0.36333334445953364 0.021990424022078518 0.38999998569488531 0.043333351612091071 0.035614177584648139 -0.083333343267440782 -0.06400823593139647 0.03026800882071257 0.92000001668930065 -0.31000000238418574 -0.3899999856948852 0.020881145261228088 -0.11537122726440428 0.025245379656553272 0.028726016171276573 -0.12333333492279051 0.18999999761581424 -0.04333332180976867 0.035905381664633758 0.19666666537523272 0.85666668415069591
decision_type=2 2 2 2 2 2 2 2 2 2 2 2 2 2 2 2 2 2 2 2 2 2 2 2 2 2 2 2 2 2
left_child=2 -2 6 4 5 -4 -1 -8 10 16 13 12 -12 14 -6 -14 -10 -18 -16 20 -5 29 23 -23 -24 -15 -22 28 -25 -21
right_child=1 -3 3 19 8 -7 7 -9 9 -11 11 -13 15 25 18 -17 17 -19 -20 21 26 22 24 27 -26 -27 -28 -29 -30 -31
leaf_value=-0.0022727178019557193 0.011080547582991727 -0.0016093579369554486 0.0067388729508091596 -0.0046257028486275933 0.0049164385784802771 -0.0018134040807325708 0.011836664183304913 -0.0007249277142312991 0 0.00037825649585474457 0 -0.0079592583259668823 0 0.0093732351767607022 -0.013394675126056904 0.016273945515206136 -0.015107120204516053 0 0.00024545036536785601 -0.012287551081805903 0.0092402483375838076 -0.0055201827583310397 -0.00045097790799312619 0.010872178979915336 -0.0098629279198574893 -0.0020124603170951516 -0.002276804926701766 -0.00037404483207427648 0.00018854596568891385 0
leaf_weight=5.8587321119848665 15.393717125756668 7.1262915318366131 44.463099340908229 9.8343725744634884 6.4398185852915075 13.981761022238059 15.790814846754076 4.1716035744175306 8.0829683304764348 45.009551671333611 11.631592251127584 3.8923601787537327 3.6083757006563237 9.3135403103660774 18.371031435206536 19.780781514709819 15.951119978679346 5.6002331604249767 3.4049762659706166 18.133742559701208 17.464368318440396 25.353503776015714 28.955116828437895 12.106754584470762 30.66410559869837 5.6061301704030475 3.2070104849990448 48.298249565181322 23.247447888017632 4.7473395140841594
leaf_count=369 344 261 1369 891 186 467 719 438 200 1604 367 164 151 282 490 562 445 148 172 1817 806 2814 2015 1297 3523 166 279 5332 2802 491
internal_value=0 0.00669457 -0.00042981 -0.000903021 0.000816692 0.00432664 0.00545566 0.00868782 -0.000450103 -0.00316467 0.00178292 0.00611796 0.00922734 -0.00188852 -0.00622443 0.013672 -0.00840499 -0.0117645 -0.0107695 -0.00265677 0.00198897 -0.00356132 -0.00225278 0 -0.00613204 0.00454981 0.00640589 0.00203078 0.00549822 -0.00986775
internal_weight=485.491 22.52 462.971 437.149 215.137 58.4449 25.8212 19.9624 156.692 74.6439 82.0486 38.9131 35.0207 43.1355 28.2158 23.3892 29.6343 21.5514 21.776 222.012 30.5058 191.506 168.625 109.006 59.6192 14.9197 20.6714 83.6525 35.3542 22.8811
internal_count=30971 605 30366 28840 6773 1836 1526 1157 4937 2397 2540 1244 1080 1296 848 713 793 593 662 22067 1976 20091 17783 12245 5538 448 1085 9431 4099 2308
is_linear=0
shrinkage=0.05


Tree=115
num_leaves=31
num_cat=0
split_feature=10 40 39 8 29 36 21 25 4 40 6 21 35 40 41 27 15 41 21 29 41 27 8 33 14 27 17 1 14 7
split_gain=0.385035 0.539771 0.502819 0.650501 0.600997 0.73095 0.421826 0.395578 0.413156 0.839398 0.387544 0.388868 0.375674 0.461183 0.352356 0.351635 0.475724 0.33645 0.334676 0.316197 0.470004 0.437824 0.544424 0.892269 0.540222 0.533713 0.386865 0.345044 0.33099 0.317778
threshold=-0.29666668176650995 0.11666666716337205 0.028422865085303787 -0.063333332538604722 0.41666668653488165 0.11000001430511476 0.31000000238418585 -0.063333332538604722 0.40333333611488348 0.91000002622604381 -0.29666668176650995 -0.18333333730697629 -0.096666663885116563 0.756666660308838 0.046498663723468787 -0.20333333313465116 0.24333333969116214 0.055367076769471175 -0.31666666269302363 0.056666672229766853 0.061075946316123016 -0.16333332657814023 0.19666665792465213 -0.056666672229766839 -0.26999998092651362 -0.45666666328907007 -0.32833331823348993 -0.43000000715255732 -0.20333333313465116 -0.31666666269302363
decision_type=2 2 2 2 2 2 2 2 2 2 2 2 2 2 2 2 2 2 2 2 2 2 2 2 2 2 2 2 2 2
left_child=1 15 4 10 19 6 -6 -7 9 18 -4 -12 13 -3 -5 -1 -17 -16 -9 26 21 22 23 -21 -24 -26 -2 -28 -25 -29
right_child=2 12 3 14 5 7 -8 8 -10 -11 11 -13 -14 -15 17 16 -18 -19 -20 20 -22 -23 24 28 25 -27 27 29 -30 -31
leaf_value=0.00334164206522979 0.0067106852376536425 0.010131921470826699 -0.0052509267014865437 -0.01086929736732817 -0.01075847456853346 -0.00026787954518033848 0.0018823539150458009 0 0 -0.0025295857188954744 -0.003150993118651798 0.0080191225997381741 0 0 0.0033084931376220483 2.6878396171476554e-05 -0.01191254171500045 -0.0063152834004716668 0.017318001275954186 -0.0047067233178678652 -0.011517757939701619 -0.0048726788830318907 -0.0089060625099288641 0.0090941439652398644 0.011564122125311282 -0.0029810264397596049 0.0066497062411385831 -0.0061611050503238719 -0.00041515561779692029 1.9706279477213164e-07
leaf_weight=6.7490151282399919 17.679918226553127 32.106284380657598 7.6521791857667294 27.370298547204584 5.0275908280163986 7.0059334274847052 6.924179112771526 3.609134833328425 9.6912660556845349 3.655635194387286 3.9481779320631238 17.305162037257102 30.992152424529195 21.070370126049966 11.072029502829539 9.6967906833160686 9.3685669410042447 11.003378861118106 19.833360460354022 14.602496528765185 7.8894225370604536 48.023808719124645 17.075183802749965 35.63568608276546 3.517035732278603 9.6278647134313307 8.0452978957910073 21.485325758811086 4.920499716885387 56.213128780247644
leaf_count=223 1080 1613 506 2036 201 204 249 134 585 103 289 952 1917 1242 711 671 514 884 559 524 521 4466 437 899 118 915 650 1894 422 5642
internal_value=0 0.00250047 -0.000785476 -0.00420571 8.97147e-05 0.0045773 -0.00386102 0.00756993 0.00947504 0.0121355 0.000969867 0.00478988 0.00449232 0.00682796 -0.00745973 -0.00283061 -0.00628983 -0.000922461 0.0153209 -0.000917935 -0.0024653 -0.00127791 0.000657669 0.0037139 -0.00392158 0.00200936 0.000986787 -0.000282642 0.00749862 -0.00172438
internal_weight=488.797 109.983 378.814 78.3512 300.463 55.7471 11.9518 43.7953 36.7894 27.0981 28.9055 21.2533 84.1688 53.1767 49.4457 25.8144 19.0654 22.0754 23.4425 244.716 141.292 133.403 85.3788 55.1587 30.2201 13.1449 103.424 85.7438 40.5562 77.6985
internal_count=31161 6180 24981 5378 19603 2035 450 1585 1381 796 1747 1241 4772 2855 3631 1408 1185 1595 693 17568 8302 7781 3315 1845 1470 1033 9266 8186 1321 7536
is_linear=0
shrinkage=0.05


Tree=116
num_leaves=31
num_cat=0
split_feature=33 10 7 7 24 10 26 38 34 31 28 24 26 14 33 39 2 25 10 26 25 23 34 36 13 11 39 33 4 7
split_gain=0.467783 0.359466 0.536212 0.474576 0.619119 0.540677 0.416622 0.464203 0.407313 0.835229 0.494321 0.489192 0.43958 0.579071 0.389783 0.420142 0.379078 0.474974 0.416387 0.37348 0.372116 0.362424 0.359799 0.358033 0.332488 0.330936 0.300393 0.325026 0.299306 0.296909
threshold=0.48333334922790533 0.43666666746139532 -0.26999998092651362 1.0000000180025095e-35 0.35666668415069586 -0.40333333611488337 0.083333313465118422 -0.071167945861816392 -0.018333345651626583 -0.22999998927116391 0.1566666662693024 0.25666666030883795 -0.33666665852069849 -0.30333334207534784 0.31666666269302374 0.021223529241979126 0.17666667699813846 -0.04333332180976867 0.26333332061767584 -0.24999999999999997 -0.26333332061767573 0.35666668415069586 0.27666664123535162 0.4499999880790711 0.23000001907348636 0.3966666460037232 0.020786932669579986 -0.45666666328907007 0.26333332061767584 -0.083333343267440782
decision_type=2 2 2 2 2 2 2 2 2 2 2 2 2 2 2 2 2 2 2 2 2 2 2 2 2 2 2 2 2 2
left_child=1 3 -3 5 8 6 7 -1 9 12 -11 21 -5 -14 15 28 17 25 -18 -4 -9 -12 -8 -16 -19 26 -7 -28 -10 -29
right_child=-2 2 19 4 -6 16 22 20 14 10 11 -13 13 -15 23 -17 18 24 -20 -21 -22 -23 -24 -25 -26 -27 27 29 -30 -31
leaf_value=-0.0078484141848322135 0.0083841438364195813 0.0037991611317427956 0.0015872079432791295 -0.00081660188754265886 -0.0041193593301160477 -0.00019908739891981794 0 0.0083644920512024861 -0.0049542656048829426 0.0054829652426574074 -0.0098547433184711861 0.0038024775884096594 0.012054694402973659 -0.00040143291534992147 -0.0093979939274428399 0.0050204460066579108 -0.0095375815120339394 0.0036912126921786006 0.0006661127397576571 -0.010621841618010263 -0.0013937284964509228 0.00013491728160598495 0.012170171487168029 0.0020419646863060834 -0.0044231822100448516 0.0043112319465259388 0.001779671455435677 -0.0097416312722390999 0.0050325944267112345 0
leaf_weight=9.8504395245108736 8.3657994540408236 4.8792966310866204 2.0137935387902024 5.2480271980166426 34.088001064956188 34.241868573240936 8.6080033686012047 9.5492579562123847 22.650051010306928 18.817212643218227 18.857533191214319 8.1415051489602757 41.590788192115724 6.4499627160839728 12.523547801654784 36.538929592701606 32.230548755498603 45.956108190352097 6.6781890052370718 22.370331607991826 14.325400809291752 6.7238435992039731 8.9642407752107811 3.2342246221378437 8.8734132129466143 3.7890782742761067 2.8996422225609413 39.530693285516463 2.6158849019557229 8.4308733998332155
leaf_count=350 625 272 145 307 2851 2539 410 473 1649 1812 1334 506 935 614 853 2173 2395 2704 482 1185 901 519 240 257 724 193 186 2869 150 554
internal_value=-0.000388249 -0.00069378 -0.00559485 -0.00025218 0.00134565 -0.00183837 0.00224305 -0.000570603 0.00259179 0.00452572 0 -0.00351121 0.00859369 0.0100608 0 0.00169582 -0.00315217 -0.00159238 -0.00737455 -0.00867643 0.00256852 -0.00691065 0.0074744 -0.00598537 0.00166027 -0.00384022 -0.0047376 -0.00701003 -0.00235335 -0.00814352
internal_weight=489.036 480.671 29.2634 451.407 217.48 233.928 51.2973 33.7251 183.392 105.829 52.5401 33.7229 53.2888 48.0408 77.5626 61.8049 182.63 143.722 38.9087 24.3841 23.8747 25.5814 17.5722 15.7578 54.8295 88.8922 85.1031 50.8612 25.2659 47.9616
internal_count=31207 30582 1602 28980 13960 15020 2374 1724 11109 6027 4171 2359 1856 1549 5082 3972 12646 9769 2877 1330 1374 1853 650 1110 3428 6341 6148 3609 1799 3423
is_linear=0
shrinkage=0.05


Tree=117
num_leaves=31
num_cat=0
split_feature=31 39 14 18 37 39 30 19 4 38 39 23 40 31 20 6 20 2 15 38 0 41 37 26 17 10 41 33 10 31
split_gain=0.363146 0.395222 0.831556 0.60277 0.400547 0.366208 0.341723 0.320095 0.309392 0.913724 0.567901 0.468634 0.424227 1.15653 0.350177 0.34814 0.317213 0.31064 0.30576 0.303746 0.320338 0.454044 0.44632 0.361818 0.276468 0.486292 0.473812 0.511223 0.412555 0.611983
threshold=0.42333334684371954 0.020642076618969444 0.37666666507720953 0.26999998092651373 -0.058910369873046868 0.032452378422021873 -0.4433333277702331 0.30333334207534796 0.23666667938232425 -0.0010662078857421873 0.024291547015309337 0.20999997854232791 0.096666667610406889 -0.236666664481163 -0.40333333611488337 0.42333334684371954 -0.40333333611488337 -0.45666666328907007 0.27666664123535162 0.022661209106445316 0.3966666460037232 0.028989635407924656 0.042748451232910163 -0.04333332180976867 -0.41666667163372034 -0.030000001192092892 0.062321202829480178 0.32999998331069952 -0.11666667461395262 -0.31000000238418574
decision_type=2 2 2 2 2 2 2 2 2 2 2 2 2 2 2 2 2 2 2 2 2 2 2 2 2 2 2 2 2 2
left_child=8 3 4 -2 -3 7 -5 -4 12 10 -10 16 13 -1 -15 19 -11 -14 -12 -13 21 -21 23 -23 26 -26 27 28 -19 -30
right_child=1 2 5 6 -6 -7 -8 -9 9 11 18 15 17 14 -16 -17 -18 24 -20 20 -22 22 -24 -25 25 -27 -28 -29 29 -31
leaf_value=0.011550949652481586 0.0065600856564789235 0.0056131648914248787 0 0 -0.006169837622356858 0 -0.011715488121361086 0.017446938632541781 -0.0017361784656975496 -0.0019686324189556541 -0.01488833560815319 0.001803680597126797 -0.0079602380214530161 0.0068005956980097624 -0.0032669380505634168 0.0051864485435438607 0.0088692559066448767 0 0 0.0013770074487604797 0 0 0 -0.020530223373243603 0.0007751385385951357 -0.003966117589344266 -0.0066366040711181634 -0.002965038501950179 0.014224263964066076 0
leaf_weight=22.042817573994398 6.4222284709103432 5.2980505372397628 2.6557892211712923 5.058662300929428 11.358934174757449 5.0924447483848772 7.5830520733725253 11.898153413087128 33.614756911061704 2.1830298304557827 17.618765526334759 6.7807163256220546 8.538282292429356 3.9983344331849358 37.411776066757739 5.791667334502562 18.006856735097244 8.9784098966047114 2.3932743842015034 2.5870575609151336 7.1277978236321351 3.214315785793592 5.538887105183675 6.6634797058068154 114.526364417281 84.740266683860682 3.9484050204046062 8.624227758496998 18.12343872198835 8.6067794724367612
leaf_count=959 300 138 101 142 592 193 561 463 2212 216 1270 344 646 251 2895 432 1255 305 300 131 447 238 341 303 8103 6858 127 204 391 320
internal_value=-0.000117439 0.00342169 0.00628094 -0.00122586 -0.000824646 0.0120637 -0.00736069 0.0150377 -0.000669954 -0.00287069 -0.00729212 0.00113376 6.00715e-05 0.00360089 -0.00102993 -0.00170176 0.0065603 -0.000784233 -0.0131104 -0.00423426 -0.00670005 -0.00956996 -0.0124454 -0.0167091 -0.000255606 -0.00117633 0.00279385 0.00482145 0.00745742 0.0101183
internal_weight=486.427 55.3673 36.3034 19.0639 16.657 19.6464 12.6417 14.5539 431.06 111.521 53.6268 57.8938 319.539 63.4529 41.4101 37.7039 20.1899 256.086 20.012 31.9123 25.1315 18.0037 15.4167 9.8778 247.548 199.267 48.2813 44.3329 35.7086 26.7302
internal_count=31038 2490 1487 1003 730 757 703 564 28548 7489 3782 3707 21059 4105 3146 2236 1471 16954 1570 1804 1460 1013 882 541 16308 14961 1347 1220 1016 711
is_linear=0
shrinkage=0.05


Tree=118
num_leaves=31
num_cat=0
split_feature=34 8 5 41 9 10 40 24 26 23 29 22 27 36 16 9 24 24 3 27 27 38 37 37 6 24 24 4 1 1
split_gain=0.367985 0.890745 0.756603 0.505949 0.495664 0.560606 0.528767 0.558602 0.483982 0.468179 0.4825 0.443432 0.424124 0.423842 0.399329 0.364047 0.362635 0.343868 0.445941 0.334552 0.316474 0.316242 0.639262 0.479093 0.417046 0.304669 0.400038 0.298812 0.296627 0.55028
threshold=0.35000002384185797 -0.21000000834465024 -0.030000001192092892 0.040384467691183097 0.43000000715255743 0.32999998331069952 0.10333333536982538 0.32999998331069952 0.34333333373069769 0.030000001192092899 -0.4433333277702331 0.41666668653488165 -0.04333332180976867 -0.18999999761581418 -0.28333333134651179 0.31000000238418585 -0.016666665673255917 0.34333333373069769 1.0000000180025095e-35 0.42333334684371954 0.21666666865348819 0.035072326660156257 -0.027381420135498043 0.068413257598876967 0.23666667938232425 -0.016666665673255917 0.096666663885116591 0.11000001430511476 0.11000001430511476 -0.2766666561365127
decision_type=2 2 2 2 2 2 2 2 2 2 2 2 2 2 2 2 2 2 2 2 2 2 2 2 2 2 2 2 2 2
left_child=4 8 3 15 5 9 -7 13 19 10 20 14 -5 -8 17 -3 -4 18 -11 -2 -1 22 -16 24 -23 -12 -27 -6 29 -28
right_child=1 2 16 12 27 6 7 -9 -10 11 25 -13 -14 -15 21 -17 -18 -19 -20 -21 -22 23 -24 -25 -26 26 28 -29 -30 -31
leaf_value=-0.0001424564635470023 0.012288209021124654 -0.0052933049573147825 -0.0022057267393155232 -0.017778628044031301 0.0098323104482175433 0.0012406469995588027 0 0.00065371422658734352 -0.00099861752624716567 -0.00067016105642035727 -0.0054391967029679489 -0.004386658139996666 0 -0.013742188014830035 -0.0031974614935336917 0.0061751547232711083 0.0078603256517312519 -0.0016055093657649712 0.0079809428985683356 0 0.010812122046112435 -0.011665494024402411 0.0065746445860417283 0.002289029862944581 0.00076439418717059353 0.0040910281730728885 0.0019830236658314633 0 0.0010037788108140542 -0.0094463758563532001
leaf_weight=6.4571475952398014 26.513755736639727 10.184437181102117 6.3222079263068762 5.9288387361448258 10.428283472312616 11.090095307677982 3.9943233513040459 6.8106364861596367 5.4828345580026498 11.941784404916687 75.995677459053695 21.382189625292085 2.7328583531780151 24.114096621284265 22.408014130429365 5.975198241416364 16.168357103364542 9.3838837798684818 53.587471508188173 2.5135030380915842 4.7276625537779182 13.749786439468158 30.081183943198994 10.334704060922375 3.9473778298124662 21.765397340524942 8.8920559065882134 17.555974333081394 16.012018943671137 22.989812553627416
leaf_count=334 1247 685 471 288 570 572 269 472 178 382 5657 1451 288 1313 2068 325 1135 341 1573 163 204 1378 2835 896 489 1259 643 1161 1048 1484
internal_value=-1.42409e-05 0.00287248 -0.00120024 -0.00684779 -0.000687352 -0.00124045 -0.00610862 -0.00889333 0.00842392 -0.000399503 -0.00239751 0.00125654 -0.0135958 -0.0116476 0.00232189 0 0.00428461 0.00480566 0.00613092 0.0107836 0.00519146 0 0.00207538 -0.00397853 -0.00834645 -0.00332745 -0.000444534 0.00497509 -0.00319558 -0.00578951
internal_weight=489.472 81.822 47.3119 24.8213 407.65 379.665 46.0092 34.9191 34.5101 333.656 156.84 176.816 8.6617 28.1084 155.434 16.1596 22.4906 74.9131 65.5293 29.0273 11.1848 80.5211 52.4892 28.0319 17.6972 145.655 69.6593 27.9843 47.8939 31.8819
internal_count=31179 4780 3192 1586 26399 24668 2626 2054 1588 22042 10629 11413 576 1582 9962 1010 1606 2296 1955 1410 538 7666 4903 2763 1867 10091 4434 1731 3175 2127
is_linear=0
shrinkage=0.05


Tree=119
num_leaves=31
num_cat=0
split_feature=13 30 9 28 39 39 31 6 8 39 31 39 39 40 33 39 39 5 19 30 26 40 39 1 35 0 19 26 24 5
split_gain=0.389369 0.582556 0.615227 0.599184 0.519168 0.485791 0.413892 0.386279 0.408309 0.620874 0.544969 0.494045 0.416993 0.463841 0.388519 0.335356 0.316752 0.316356 0.314158 0.313238 0.30377 0.377375 0.311463 0.333123 0.367016 0.29201 0.288726 0.281993 0.336225 0.313166
threshold=0.41666668653488165 -0.3899999856948852 0.43666666746139532 1.0000000180025095e-35 0.024005748331546787 0.040507268160581596 0.35000002384185797 -0.31000000238418574 -0.16333332657814023 0.02956893760710955 -0.26999998092651362 0.021494119428098205 0.028243753127753738 0.86666667461395275 0.36333334445953375 0.016299136914312843 0.038674836978316314 -0.049999997019767754 0.3966666460037232 -0.22333332896232602 0.36333334445953375 0.74333333969116222 0.021850904449820522 -0.32333332300186152 -0.45666666328907007 0.27666664123535162 0.25666666030883795 -0.19666665792465207 0.043333351612091071 0.25000000000000006
decision_type=2 2 2 2 2 2 2 2 2 2 2 2 2 2 2 2 2 2 2 2 2 2 2 2 2 2 2 2 2 2
left_child=1 3 7 4 6 25 -1 20 9 10 19 17 14 16 27 -4 26 -12 -2 -9 21 22 -3 -24 -25 -6 -14 28 -10 -29
right_child=18 2 15 -5 5 -7 -8 8 12 -11 11 -13 13 -15 -16 -17 -18 -19 -20 -21 -22 -23 23 24 -26 -27 -28 29 -30 -31
leaf_value=-0.0040897463099909791 0.0021183203710210662 0.002563060479623131 -0.0014735149216977927 -0.0042316445959193058 0.016742011673724112 0 0.0065218265572246845 -0.0017628158399550496 0 0.0091352848584837342 0.0062604009443055211 -0.0081782298305467221 -0.011576236567565321 0.0015157900010758674 0.0053314263481012278 0.008895388353626462 0 -0.0028991806328054022 -0.0070085169171725907 0.0087938963735060896 0.0017502986522164672 -0.011571556369464803 0.0013837149457820482 0.00094984028326222138 -0.012228161665395379 0 0 -0.0012927101478210357 -0.0087190497855866075 0.0035927786791598521
leaf_weight=11.544729837216439 5.0989161090692532 14.810642001451926 3.5369351399131146 6.5731876485515377 15.943139741895726 3.5759925018064669 11.710274063050745 2.7852230817079571 16.874393741833046 22.216994584072381 11.252226716140287 18.40402571472805 23.022536652395505 13.292820125352589 24.796657244558446 22.141041718190536 12.839226240757851 11.740403326577505 25.327583202160895 15.811276567168532 8.1902245187666249 14.108200872666201 4.533121002605184 1.9271864425390948 10.226869856589476 2.4594574021175495 1.8774792064214114 92.280148233869113 15.55747987446375 42.173545126453973
leaf_count=965 465 1084 242 544 647 115 416 159 1641 1050 1024 1614 1394 818 1448 1048 907 1069 2262 576 394 1163 272 128 714 130 276 5089 1438 2007
internal_value=0.00020508 0.00064274 0 0.00533828 0.00754962 0.012261 0.000640911 -0.000579079 2.4307e-05 0.00301645 0 -0.00301727 -0.000936968 -0.00470089 5.09119e-05 0.00666939 -0.00736971 0.00108901 -0.00469573 0.00615207 -0.00427832 -0.00592304 -0.00127958 -0.00556792 -0.00913819 0.014904 -0.0101246 -0.000746886 -0.00455754 0.000149723
internal_weight=486.632 456.205 404.399 51.8068 45.2336 21.9786 23.255 378.721 324.924 82.2101 59.9932 41.3967 242.714 51.0321 191.682 25.678 37.7392 22.9926 30.4265 18.5965 53.7962 45.606 31.4978 16.6872 12.1541 18.4026 24.9 166.886 32.4319 134.454
internal_count=31099 28372 25555 2817 2273 892 1381 24265 20510 5492 4442 3707 15018 3395 11623 1290 2577 2093 2727 735 3755 3361 2198 1114 842 777 1670 10175 3079 7096
is_linear=0
shrinkage=0.05


Tree=120
num_leaves=31
num_cat=0
split_feature=4 10 27 5 20 39 26 15 37 11 38 20 23 28 39 15 11 38 4 37 16 23 3 9 27 4 2 30 39 33
split_gain=0.461109 0.552006 0.638951 0.525439 0.420928 0.56239 0.415899 0.368955 0.421384 0.472698 0.48648 0.574366 0.451029 0.420274 0.406723 0.514009 0.379513 0.383384 0.353044 0.34661 0.447281 0.329117 0.305143 0.301027 0.397409 0.286886 0.285671 0.462819 0.605951 0.283193
threshold=-0.21000000834465024 -0.29666668176650995 0.096666663885116591 -0.28333333134651179 -0.1766666769981384 0.024005748331546787 -0.29000000655651087 0.37666666507720953 -0.06400823593139647 -0.3899999856948852 0.0048093795776367196 0.4499999880790711 -1.0000000180025095e-35 0.17666667699813846 0.024197591468691829 0.25000000000000006 -0.45666666328907007 0.10373830795288087 0.1566666662693024 -0.036983489990234368 -0.40333333611488337 -0.33666665852069849 -0.3899999856948852 -0.48333333432674402 0.43000000715255743 0.16333335638046267 0.22333335876464847 0.31666666269302374 0.031553804874420173 -0.096666663885116563
decision_type=2 2 2 2 2 2 2 2 2 2 2 2 2 2 2 2 2 2 2 2 2 2 2 2 2 2 2 2 2 2
left_child=1 2 3 -1 22 -6 -4 8 14 10 11 19 13 -11 -2 21 17 -12 -15 -10 -21 -16 -3 -9 -25 -18 27 28 -14 -30
right_child=7 4 6 -5 5 -7 -8 23 9 12 16 -13 26 18 15 -17 25 -19 -20 20 -22 -23 -24 24 -26 -27 -28 -29 29 -31
leaf_value=0.014398064958949578 1.6259074383771079e-05 -0.0008694748890200896 0.0054873586448989202 0 -0.0070914395646944645 0.0018376710036464854 -0.0051345776757965381 0.0020444226082635404 0 0.00071152398798992776 0.0090771006247266778 0.0037833129349047535 -0.00054456194545856489 -0.010458094814313925 0 0.003027904210514196 0.00028563785723291306 -0.0022395187786952188 0 -0.016535071784639664 0 -0.013363605795405051 0.0065442894835173711 -0.011101760412245212 0.00099248240545532431 -0.00901790521027113 0 0.011401690121300765 0.013250680421756231 0
leaf_weight=18.109782160026956 14.239202443044631 14.176862440071998 11.406420370331036 10.692130528157575 30.357920587761328 23.975760924280621 13.557811517501248 1.7949329675175274 7.3001182863954517 48.004489661660045 12.454875332536178 3.271977287484332 49.839985555736348 13.403644265607001 2.08201516279951 2.0425995332188895 9.6991172085981834 4.5391847826540461 10.791732042911461 13.483950239140546 6.1623903303407088 17.5139990716707 23.800484664039686 18.177509264205586 3.304170860676094 6.9230779085773966 63.64033235271927 16.045728715602309 8.1341341561637801 7.447496741777285
leaf_count=640 942 1019 603 489 2258 1579 704 62 240 4054 296 86 3941 735 106 125 390 107 799 312 373 1223 1636 1578 303 236 4724 717 364 452
internal_value=-8.42632e-05 0.00215625 0.00590939 0.0102893 -2.69234e-06 -0.00294602 0 -0.00113892 -0.000545362 6.31598e-05 -0.0034353 -0.00750343 0.00126749 -0.00166296 -0.00523664 -0.00885095 0.000173142 0.00517151 -0.00640724 -0.0100721 -0.0128106 -0.0114854 0.00346723 -0.00660058 -0.00852127 -0.0038482 0.00289914 0.00476293 0.00196359 0.00906562
internal_weight=486.374 146.077 53.7661 28.8019 92.311 54.3337 24.9642 340.297 317.02 281.142 63.8347 30.2184 217.308 72.1999 35.8778 21.6386 33.6163 16.9941 24.1954 26.9465 19.6463 19.596 37.9773 23.2766 21.4817 16.6222 145.108 81.4673 65.4216 15.5816
internal_count=31093 8928 2436 1129 6492 3837 1307 22165 20222 17826 2040 1011 15786 5588 2396 1454 1029 403 1534 925 685 1329 2655 1943 1881 626 10198 5474 4757 816
is_linear=0
shrinkage=0.05


Tree=121
num_leaves=31
num_cat=0
split_feature=31 21 38 14 35 16 38 38 40 23 39 5 31 7 4 39 30 5 39 9 9 9 16 31 31 9 0 30 39 27
split_gain=0.329743 0.496887 0.454252 0.396024 0.332771 0.325394 0.570276 0.632283 0.574119 0.621001 0.456503 0.429334 0.495324 0.498938 0.421741 0.597585 0.759793 0.532105 0.452386 0.572727 0.397517 0.38971 0.406876 0.355073 0.354702 0.368741 0.448792 0.625804 0.340884 0.322681
threshold=0.40333333611488348 -0.049999997019767754 0.041270732879638679 0.46999999880790716 0.20999997854232791 -0.28333333134651179 -0.11537122726440428 -0.042906284332275384 0.14999999850988391 -0.096666663885116563 0.021990424022078518 0.096666663885116591 -0.43000000715255732 -0.26999998092651362 0.043333351612091071 0.026318108662962917 -0.35000000894069666 -0.21666666865348813 0.025483747944235805 -0.069999992847442613 -0.18333333730697629 -1.0000000180025095e-35 -0.41666667163372034 0.26333332061767584 -1.0000000180025095e-35 0.45666664838790899 0.32333332300186163 0.32333332300186163 0.036715434864163406 -0.32333332300186152
decision_type=2 2 2 2 2 2 2 2 2 2 2 2 2 2 2 2 2 2 2 2 2 2 2 2 2 2 2 2 2 2
left_child=5 3 4 -2 -3 6 28 8 10 -10 -8 12 13 -9 15 20 17 23 19 -16 -7 -14 -23 -17 25 26 27 -13 -1 -28
right_child=1 2 -4 -5 -6 14 7 11 9 -11 -12 24 21 -15 18 16 -18 -19 -20 -21 -22 22 -24 -25 -26 -27 29 -29 -30 -31
leaf_value=0.011665384623066127 -0.0031083457695053503 0.012814933146884012 -0.001340742899220375 0.0071600963976608152 0 -0.0054083655132229121 -0.0045084955480962337 0.001281663764043371 0 -0.012872303672681377 0.0095351959474278478 0.0004121166303638435 -0.0019529203233938507 -0.011774581144190938 -0.0063422603325729203 0.018102857815982528 -5.6361052344284212e-05 0 -0.0085784279203461565 0.0032108441309671 0.00069462045345693559 0.010453190906153802 0 0 -0.0031321941902842281 -0.0032674418239876666 -0.0052323443482993528 0.013136417138363461 0 0.0053098597525219407
leaf_weight=13.161550894845279 28.906209782231599 18.874127064831562 4.4434619322419158 6.7334043569862834 3.4700205144472411 41.825104243704118 3.766948599368332 5.635520706651735 9.3756539016030747 18.148178565083072 5.61141566070728 20.173435057047755 30.418236739467829 11.271512659033759 20.862115961266682 9.8165888718795049 29.345817984547466 5.1253872017841777 30.027592456084676 29.697482958552428 44.208470316370949 11.947737115668135 16.355685016140342 2.6642701176460823 6.177863730583339 3.6574975796975187 9.3984680715948361 27.388301429338753 8.3460691815707815 7.6597964025568208
leaf_count=431 1511 700 445 235 236 3745 140 110 318 621 179 645 988 259 2383 359 2605 250 3109 3647 5191 295 678 111 228 126 211 712 310 297
internal_value=0.000383785 0.00361433 0.00807154 0 0.0107129 -7.96007e-05 0.00124445 0.000114983 -0.00512407 -0.00854665 0.00271049 0.00171077 -0.000669225 -0.00713545 -0.00148471 9.93296e-05 0.0044868 0.0112079 -0.00421318 -0.00054363 -0.00215986 0.00129515 0.00524571 0.0152459 0.00430862 0.00551709 0.00660366 0.00885687 0.00798824 0
internal_weight=484.494 62.4272 26.7876 35.6396 22.3441 422.067 208.494 186.986 36.9022 27.5238 9.37836 150.084 75.6287 16.907 213.573 132.986 46.9521 17.6062 80.5872 50.5596 86.0336 58.7217 28.3034 12.4809 74.4554 68.2775 64.62 47.5617 21.5076 17.0583
internal_count=31075 3127 1381 1746 936 27948 6548 5807 1258 939 319 4549 2330 369 21400 12261 3325 720 9139 6030 8936 1961 973 470 2219 1991 1865 1357 741 508
is_linear=0
shrinkage=0.05


Tree=122
num_leaves=31
num_cat=0
split_feature=4 20 38 23 11 19 40 2 7 41 23 14 22 40 23 29 38 5 4 6 12 39 22 41 25 38 4 39 32 39
split_gain=0.588238 0.521248 0.488373 0.606515 0.453869 0.435866 0.422622 0.782986 0.458508 0.395276 0.397539 0.493934 0.4686 0.381342 0.378931 0.377783 0.55514 0.465302 0.364192 0.46705 0.377042 0.374437 0.340603 0.30713 0.283449 0.635538 0.366033 0.27713 0.272517 0.264609
threshold=-0.21000000834465024 -0.33666665852069849 0.06576776504516603 -0.45666666328907007 0.35666668415069586 -0.4433333277702331 0.56333333253860485 -0.023333340883255001 -0.12333333492279051 0.026829226873815063 -1.0000000180025095e-35 -0.35000000894069666 -0.058333337306976311 0.050000000745058067 0.18333333730697635 0.31000000238418585 0.041270732879638679 0.069999992847442641 0.14333331584930423 -0.076666668057441698 0.35666668415069586 0.012369965668767692 1.0000000180025095e-35 0.03504293970763684 -0.25666666030883784 0.047228336334228523 -0.24999999999999997 0.025011822581291202 0.45666664838790899 0.025967382825911049
decision_type=2 2 2 2 2 2 2 2 2 2 2 2 2 2 2 2 2 2 2 2 2 2 2 2 2 2 2 2 2 2
left_child=1 2 3 -1 5 27 14 8 22 -9 12 -12 -11 -7 15 17 -17 -2 19 -16 21 -20 -8 -10 -15 26 -26 -3 -23 -25
right_child=6 4 -4 -5 -6 13 7 9 23 10 11 -13 -14 24 18 16 -18 -19 20 -21 -22 28 -24 29 25 -27 -28 -29 -30 -31
leaf_value=-0.00036530504350408381 2.6637898919146394e-05 0 -0.0010139677242024759 0.013683306387113146 0.0077193234055697273 0.0044116631421681858 -0.012855720484637435 -0.0035719191959843986 -0.0047210653224994941 0.0052498200645768453 0.011301887419617664 0.0015787387831085746 -0.006363789641976661 0.00030637851279789735 -0.0065269228576143026 -0.00060363162247078226 0.011371760514232438 -0.0070127147570353812 0.0020383734532501735 0.0051161699855527213 0.00040671036769432395 -0.010415887723811657 0 0.0071136145062496315 -0.010266529571917185 0.0014496073746407163 0 0.010716199278983025 0 -0.0012183879801375072
leaf_weight=5.7887880674097714 52.98754111584276 8.5295772110111994 6.9875657139345995 19.938458523480222 12.607454607030375 9.9015550946351123 11.529276760760697 9.9547044816426915 14.725524480920283 9.8290657612960803 25.266663432819769 39.142488201730885 12.208321888931094 20.654302368289784 9.2539303279481846 18.22972959862091 8.209994846256448 28.342606314341538 1.8574490018654604 13.781912707956506 7.3429283523000768 49.275555986561812 7.5640406014863393 12.7006707044784 34.625668312073678 16.329966733930632 6.0751175165642186 5.7815012359060338 2.0614377721212795 8.2058621761389059
leaf_count=304 3906 164 494 1060 699 530 730 681 921 641 666 3565 856 1451 631 745 340 2205 81 754 753 2820 533 800 2404 1372 407 102 138 532
internal_value=-0.000169564 0.00235631 0.00742477 0.010263 0.000403177 -0.000649245 -0.001349 0.000484906 -0.00384824 0.00327025 0.00450927 0.00638611 -0.000277279 -0.00225293 -0.00289484 -0.000591517 0.0037598 -0.00245349 -0.00534735 0 -0.0072234 -0.00863345 -0.00902871 0 -0.00365653 -0.00538091 -0.00849092 0.00570095 -0.00962849 0.00337171
internal_weight=489.69 147.22 32.7148 25.7272 114.505 101.898 342.47 151.127 54.7254 96.4012 86.4465 64.4092 22.0374 87.5866 191.343 107.77 26.4397 81.3301 83.5732 23.0358 60.5374 53.1944 19.0933 35.6321 77.6851 57.0308 40.7008 14.3111 51.337 20.9065
internal_count=31285 8987 1858 1364 7129 6430 22298 9925 3516 6409 5728 4231 1497 6164 12373 7196 1085 6111 5177 1385 3792 3039 1263 2253 5634 4183 2811 266 2958 1332
is_linear=0
shrinkage=0.05


Tree=123
num_leaves=31
num_cat=0
split_feature=31 38 24 39 0 16 11 1 38 41 7 12 23 32 11 31 39 35 38 34 16 39 5 7 20 14 31 38 41 25
split_gain=0.390405 0.623427 0.540133 0.592898 0.437902 0.395182 0.455709 0.773598 0.623048 0.519834 0.435444 0.39803 0.387279 0.376619 0.444084 0.607794 0.695249 0.368918 0.507023 0.405107 0.366614 0.361301 0.32072 0.308824 0.403304 0.305104 0.29159 0.266149 0.292059 0.250182
threshold=0.35000002384185797 0.071311473846435561 -0.29000000655651087 0.012948645744472744 0.014999985694885256 0.20999997854232791 0.12333333492279054 0.35500001907348638 0.041270732879638679 0.062321202829480178 0.11000001430511476 -0.063333332538604722 -0.43000000715255732 0.37666666507720953 -0.3899999856948852 -0.13666665554046628 0.026088931597769264 0.11000001430511476 0.090439319610595717 -0.12999999523162839 -0.30333334207534784 0.028243753127753738 -0.33666665852069849 0.35000002384185797 -0.036666661500930779 0.32333332300186163 -0.37666666507720942 0.035072326660156257 0.029546572826802734 -0.063333332538604722
decision_type=2 2 2 2 2 2 2 2 2 2 2 2 2 2 2 2 2 2 2 2 2 2 2 2 2 2 2 2 2 2
left_child=5 2 4 -4 -2 6 9 8 -8 10 17 13 -5 14 23 16 -16 22 19 -19 -11 26 -1 24 -12 -23 -7 28 -15 -24
right_child=1 -3 3 12 -6 21 7 -9 -10 20 11 -13 -14 27 15 -17 -18 18 -20 -21 -22 25 29 -25 -26 -27 -28 -29 -30 -31
leaf_value=0.0046053925445614747 0.0034305609124303396 -0.0048451732598094981 -0.0048180699584347078 -0.00069034153241337535 -0.0092256869490303494 0.00025917065116864345 0.00064855015448050978 -0.0044369621712589255 0.012936356896919779 -0.011667948662000617 0.0031372160506404757 -0.0032496237364664708 0.010420473457817337 0.00012048238473539815 0.015035027872048527 0 0 0 0.0034343928591090709 -0.011937592084359124 0 0.0056749456776300118 -0.0035085561489185909 0.0062543517965701892 -0.0066216355401325566 -0.0041896474868011336 -0.0081391656033551786 0.0030564831740767036 -0.010764069314076995 0.00088120334319199359
leaf_weight=20.125904925167561 8.3379771665204299 11.428047311957924 2.5168220542836925 3.6021945485845199 5.4747720938175908 6.0086457795696324 26.946288735838607 12.758721892372703 18.77223522879649 11.085385868325831 11.425553299486639 17.150122341234237 45.573207301786169 4.1488660511095059 23.34856301988475 12.392846105387436 8.2569776875898224 5.940362722380093 4.1424897063989183 18.651646696496755 10.32757413771469 10.780826780479403 62.043636344606057 10.407008104957638 16.115943318931386 7.1967219338985151 34.514468242414296 5.4435658170841625 5.7889479966834188 45.048714636592194
leaf_count=1115 424 1201 229 152 341 700 2569 1331 1463 352 289 1551 2397 144 861 811 352 247 247 1012 723 719 4041 244 444 566 3607 169 268 2435
internal_value=0.000131383 0.00329949 0.00535737 0.00762241 -0.00159874 -0.000443632 0.000147823 0.00401069 0.00709281 -0.00060745 0 0.00233072 0.00916692 0.00368757 0.00507952 0.00821804 0.0114105 -0.00163727 -0.00623963 -0.00904039 -0.00717055 -0.00405734 -0.000175881 0.000246634 -0.00199085 0.000623111 -0.00648369 -0.0019034 -0.00631669 -0.00149215
internal_weight=485.755 76.933 65.505 51.6922 13.8127 408.822 350.321 58.4772 45.7185 291.844 270.431 114.478 49.1754 97.3283 81.9469 43.9984 31.6055 155.953 28.7345 24.592 21.413 58.5007 127.218 37.9485 27.5415 17.9775 40.5231 15.3814 9.93781 107.092
internal_count=31004 4744 3543 2778 765 26260 20668 5363 4032 15305 14230 5133 2549 3582 3001 2024 1213 9097 1506 1259 1075 5592 7591 977 733 1285 4307 581 412 6476
is_linear=0
shrinkage=0.05


Tree=124
num_leaves=31
num_cat=0
split_feature=29 38 8 37 39 33 26 38 16 5 41 32 3 39 37 37 15 16 37 37 38 4 7 37 20 0 14 5 41 25
split_gain=0.346168 0.90041 0.540136 0.841338 0.684858 0.727418 0.689847 0.531709 0.473215 0.539905 0.457661 0.57066 0.491593 0.45699 0.696932 0.500303 0.486398 0.481241 0.747526 0.41811 0.409537 0.401349 0.468254 0.362038 0.350902 0.347769 0.333319 0.319786 0.827111 0.311144
threshold=0.41666668653488165 0.014066219329833986 -0.096666663885116563 0.052246093750000007 0.028243753127753738 0.01666665077209473 0.35000002384185797 0.10286664962768556 -0.32333332300186152 0.18999999761581424 0.046498663723468787 -0.076666668057441698 0.2833333313465119 0.021990424022078518 -0.022203922271728512 0.010804653167724611 0.24333333969116214 -0.33666665852069849 -0.06939458847045897 0.050316810607910163 0.022661209106445316 0.22500002384185794 0.38333332538604742 0.11020278930664064 -0.36333334445953364 0.25000000000000006 -0.16333332657814023 -0.29000000655651087 0.029897365719079975 -0.090000003576278673
decision_type=2 2 2 2 2 2 2 2 2 2 2 2 2 2 2 2 2 2 2 2 2 2 2 2 2 2 2 2 2 2
left_child=2 21 4 27 5 13 10 -3 9 -5 12 25 -6 14 16 20 -1 -15 29 -17 -16 22 -2 -20 -18 -12 -13 28 -4 -19
right_child=1 7 3 8 6 -7 -8 -9 -10 -11 11 26 -14 17 15 19 24 18 23 -21 -22 -23 -24 -25 -26 -27 -28 -29 -30 -31
leaf_value=0 -0.0020651270071981929 0.012006936898893497 -0.0056921956175183088 -0.018835980062366829 0.012793134726983927 0.010750247464049408 -0.0050718341861293627 -2.1750952682865092e-07 -0.0017129360103518996 0 -0.0088041080412322292 0.012063189334565093 -0.0011607291984172504 0.0034604574228860076 0.010914490010708107 -0.0045674112845515884 0 0.0077095184296587021 -0.01185993517077266 0.0060031693013809177 0 -0.0054990383623900177 0.010677215353631931 4.5767793991741601e-05 -0.014989525397254856 0.0030674659543121156 -0.00023177045808086451 -0.0017393727066157038 0.0086174707221607656 -0.0034369989392687831
leaf_weight=17.00130724825431 9.1840878780931217 23.01160666579381 8.9646669183857757 10.034813167527316 28.831504349131141 6.3849443225190035 6.4566433192230752 7.630081618204712 21.83491518558003 4.2272949623875311 9.8781923714559543 6.5309171504341066 2.7447947547771028 6.0785428213421246 19.942401578184221 20.493503374746073 1.9638342545367775 6.1198475190903991 32.001712077530101 7.8076977489981791 7.6670906401704988 23.326888141455129 5.6481799660250536 2.7351022867951533 7.4538584745023382 2.2934513005893669 3.0083195283077639 153.14968737470917 20.818499805987813 4.3776267424691451
leaf_count=1244 171 795 721 335 1153 185 279 326 2360 154 572 166 206 182 1138 1639 97 336 2573 621 657 1137 189 188 491 114 226 10935 1602 310
internal_value=-7.65378e-06 0.00307591 -0.000609365 -0.00233344 0.00117234 -0.000621549 0.00543013 0.00882431 -0.00877017 -0.0146341 0.0075088 0.00035082 0.0109232 -0.00178244 0.000303703 0.0036412 -0.00535499 -0.00524718 -0.00717347 -0.0003824 0.00784142 -0.0015457 0.00326479 -0.0104401 -0.0117969 -0.00491719 0.00798462 -0.000692811 0.00337941 0.00198638
internal_weight=487.602 68.8008 418.801 219.03 199.771 140.027 59.7438 30.6417 36.097 14.2621 53.2872 21.7109 31.5763 133.643 82.3297 55.9107 26.419 51.3128 45.2343 28.3012 27.6095 38.1592 14.8323 34.7368 9.41769 12.1716 9.53924 182.933 29.7832 10.4975
internal_count=31102 2618 28484 16107 12377 9661 2716 1121 2849 489 2437 1078 1359 9476 5887 4055 1832 3589 3407 2260 1795 1497 360 2761 588 686 392 13258 2323 646
is_linear=0
shrinkage=0.05


Tree=125
num_leaves=31
num_cat=0
split_feature=31 5 29 30 39 33 5 27 37 41 37 39 10 40 35 40 33 10 41 32 34 14 37 21 41 33 13 27 30 39
split_gain=0.307381 0.66236 0.518846 0.392147 0.432996 0.305352 0.322744 0.740467 0.66141 0.615675 0.489523 0.420086 0.354666 0.324242 0.593299 0.521964 0.55315 0.425105 0.520077 0.473095 0.428975 0.391867 0.370855 0.367045 0.360482 0.347548 0.332535 0.586704 0.394127 0.325417
threshold=-0.4433333277702331 0.11000001430511476 1.0000000180025095e-35 0.48833334445953375 0.015979112125933174 0.48333334922790533 -0.29000000655651087 -0.11666667461395262 0.00099897384643554709 0.029677705839276317 0.086639404296875014 0.040507268160581596 0.01666665077209473 0.7033333182334901 -0.12333333492279051 0.47666665911674505 0.38999998569488531 0.096666663885116591 0.038000477477908141 -0.10999999940395354 -0.36333334445953364 -0.076666668057441698 0.03528642654418946 -0.37666666507720942 0.033841431140899665 -0.41666667163372034 -0.41666667163372034 -0.46999999880790705 0.23666667938232425 0.025645430199801925
decision_type=2 2 2 2 2 2 2 2 2 2 2 2 2 2 2 2 2 2 2 2 2 2 2 2 2 2 2 2 2 2
left_child=1 2 -1 4 -3 6 7 9 11 -2 -11 12 -9 14 25 22 -17 19 21 -15 -21 -19 26 -22 -25 -8 28 -28 -16 -29
right_child=5 3 -4 -5 -6 -7 13 8 -10 10 -12 -13 -14 17 15 16 -18 18 -20 20 23 -23 -24 24 -26 -27 27 29 -30 -31
leaf_value=0.0048870534969927236 -0.0017272480455079238 -0.00037957248337676619 -0.0073830339150539248 -0.0010474100146815675 0.012076350789121471 0.0068472348255118097 -0.0061835023951508084 -0.010893863007817785 0.0036637706952238266 0.011981193756959954 -0.0019673976310242043 0.0030667604535127256 0 -0.0022443045897619337 0 -0.012548539263278364 0.0018681261025362689 0.0064929527149000165 -0.0073773198640378823 -0.0035516815515270576 -0.002267342209092164 -0.0041108070493654364 0.0020281168410349153 0 0.010484733026326598 0.002793967596795613 0.0082825092445904698 -0.00076480417246768467 -0.012984153969984756 -0.0084937789873483372
leaf_weight=7.1805918624158975 9.5961091462522727 3.8332325345836642 14.63181087351404 4.5736400918103746 22.905600744998083 7.0505679885391137 6.1907070397865018 21.81126453704201 22.655269998242147 26.129649090580646 2.3631231836043289 3.4726483530830583 7.0031798027921459 23.235914473887533 4.2176441412884769 25.255070050479848 3.0959047988289958 13.671334765851499 25.228300781920552 4.8665868116077027 3.3006756205577394 7.6267285204958162 25.12170640390832 12.704823219450189 33.454330411390401 54.870065301423892 5.5668942900374523 55.846702646231279 12.329355033580212 18.038577988278121
leaf_count=430 496 114 355 126 655 503 435 1324 1895 1278 166 176 611 1831 148 1792 237 519 1911 440 246 917 1748 876 1793 3778 123 4520 318 1451
internal_value=-1.04018e-05 0.00332103 -0.00226198 0.00761855 0.00978476 -0.000513934 -0.000786004 0.00162276 -0.00173698 0.006613 0.00995855 -0.00615983 -0.00832679 -0.00154587 -0.00272905 -0.00440991 -0.0101951 0.000302658 -0.00302083 0.00266921 0.00519938 0.00171104 -0.0024418 0.0068023 0.00811635 0.00103917 -0.00390711 -0.00182179 -0.00966186 -0.00346095
internal_weight=487.828 53.1249 21.8124 31.3125 26.7388 434.703 427.653 93.0312 54.9424 38.0889 28.4928 32.2871 28.8144 334.621 210.533 149.472 28.351 124.089 46.5264 77.5623 54.3264 21.2981 121.121 49.4598 46.1592 61.0608 95.9992 79.4522 16.547 73.8853
internal_count=31212 1680 785 895 769 29532 29029 5946 4006 1940 1444 2111 1935 23083 14550 10337 2029 8533 3347 5186 3355 1436 8308 2915 2669 4213 6560 6094 466 5971
is_linear=0
shrinkage=0.05


Tree=126
num_leaves=31
num_cat=0
split_feature=22 23 17 22 36 23 35 20 12 11 37 26 10 39 40 6 33 12 35 3 39 20 1 1 41 22 26 40 4 37
split_gain=0.35299 0.414305 0.470329 0.337416 0.468012 0.500158 0.424536 0.3846 0.524897 0.459135 0.466409 0.42846 0.562207 0.492324 0.487532 0.508314 0.421789 0.367756 0.332491 0.317212 0.444641 0.303824 0.438188 0.313458 0.295839 0.304572 0.277308 0.258314 0.255389 0.248365
threshold=0.44333332777023321 0.30333334207534796 0.083333313465118422 0.32999998331069952 0.11000001430511476 -0.030000001192092892 -0.18999999761581418 -0.32333332300186152 0.41000002622604376 -0.12333333492279051 -0.075339794158935533 0.30333334207534796 0.01666665077209473 0.016939676366746429 0.87666666507720958 -0.19666665792465207 -0.21666666865348813 -0.43000000715255732 0.31666666269302374 0.2833333313465119 0.021048448048532013 0.16333335638046267 -0.17000000178813932 0.20333331823349002 0.029546572826802734 -0.12999999523162839 0.19166666269302371 0.89666664600372326 0.17000001668930056 -0.028179645538330075
decision_type=2 2 2 2 2 2 2 2 2 2 2 2 2 2 2 2 2 2 2 2 2 2 2 2 2 2 2 2 2 2
left_child=3 2 -2 7 6 -6 -5 8 9 10 -1 14 16 29 -9 -16 -13 -12 -3 20 -17 22 -15 -24 -19 -26 -8 -11 -18 -14
right_child=1 18 -4 4 5 -7 26 11 -10 27 17 12 13 21 15 19 28 24 -20 -21 -22 -23 23 -25 25 -27 -28 -29 -30 -31
leaf_value=0.0096087901595596024 0.0084260637703659526 -0.01216856826175468 -0.005547371091653347 0.0054184204802837652 -0.0010290052585692046 0.011558915885158278 0 -0.0036131908676278902 -0.0052810391983697672 0.0089947358499065082 0.0021280652136975628 -1.0635316370491102e-05 0 0.0042517161309488273 -0.0042865321764591407 0 0.011889175847452398 0 0 -0.0015424086295267043 0.011490474792594862 0.0059178062704497011 -0.0090078087149009327 0.00013174718489583785 -0.012684345394298333 0 -0.0094332557517669089 0 0 -0.010942496665769894
leaf_weight=3.7865628134459248 5.9049499901011604 12.3562924109865 5.1024512066505849 12.427029379177837 5.3796014547115218 18.340027489233762 12.163447029888632 171.37259534874465 10.069527823245151 34.18868697877042 12.45102132856846 11.194882705342023 4.0692220604978493 12.537749620620156 13.770151722594163 9.45670836186037 16.853022902272645 5.1654834379442063 5.4655189979821435 5.3229792076162985 16.265307258465327 15.82301333430223 13.691809580894192 8.1271602290216816 10.155484289862217 2.5415328836534128 7.6381129666697225 5.2599216063972554 5.9084364627487949 9.6397485453635436
leaf_count=143 244 810 466 770 380 1056 974 12865 940 2438 292 464 174 540 1223 805 624 260 344 455 1056 575 549 339 623 149 359 403 238 418
internal_value=-8.81458e-05 -0.00497537 0.000806852 0.000228972 0.00369037 0.00823142 0 -0.000243716 0.00257403 0.00428095 0 -0.00110631 0.00142732 -0.0010678 -0.00237312 0.00174365 0.00620296 -0.00268832 -0.00889986 0.00535428 0.00759138 0.00102248 -0.00115722 -0.00541065 -0.00678417 -0.0099145 -0.00449075 0.00757184 0.00949293 -0.00796946
internal_weight=482.428 28.8292 11.0074 453.599 55.9482 23.7196 32.2286 397.651 83.6182 73.5487 34.1001 314.033 97.845 63.8887 216.188 44.8151 33.9563 30.3135 17.8218 31.045 25.722 50.1797 34.3567 21.819 17.8625 12.697 19.8016 39.4486 22.7615 13.709
internal_count=30976 1864 710 29112 3539 1436 2103 25573 5248 4308 1467 20325 3921 2595 16404 3539 1326 1324 1154 2316 1861 2003 1428 888 1032 772 1333 2841 862 592
is_linear=0
shrinkage=0.05


Tree=127
num_leaves=31
num_cat=0
split_feature=17 9 39 37 38 24 28 33 33 21 9 36 16 33 36 20 24 16 33 39 25 36 29 1 2 37 29 37 39 36
split_gain=0.520758 0.685353 0.577342 0.931364 0.532776 0.504196 0.442376 0.393066 0.357544 0.357111 0.489005 0.581396 0.454085 0.420359 0.350417 0.326028 0.324434 0.305043 0.360191 0.346527 0.333069 0.466221 0.321677 0.298817 0.385939 0.385949 0.320584 0.307938 0.286212 0.269864
threshold=-0.4433333277702331 0.20333331823349002 0.021990424022078518 -0.022203922271728512 0.15974140167236331 0.30500000715255743 0.17666667699813846 0.38333332538604742 0.48333334922790533 0.20333331823349002 -0.4433333277702331 -0.48333333432674402 0.37666666507720953 -0.31000000238418574 0.29666668176651007 -0.30333334207534784 -0.30333334207534784 0.24333333969116214 -0.22999998927116391 0.038431016728281982 -0.16166666150093076 -0.036666661500930779 -0.023333340883255001 0.11000001430511476 0.25666666030883795 0.028002262115478519 0.45499998331069952 -0.026075839996337887 0.018340568058192733 -0.32999998331069941
decision_type=2 2 2 2 2 2 2 2 2 2 2 2 2 2 2 2 2 2 2 2 2 2 2 2 2 2 2 2 2 2
left_child=1 4 3 -3 5 -1 9 14 15 10 11 -2 -13 -11 -4 -8 -15 22 19 -19 -20 -22 -12 27 25 28 -26 -17 -25 -29
right_child=6 2 7 -5 -6 -7 8 -9 -10 13 17 12 -14 16 -16 23 -18 18 20 -21 21 -23 -24 24 26 -27 -28 29 -30 -31
leaf_value=0.012924814504456259 -0.0048303467964755566 0.0045023836295913352 0 -0.013558932035442459 -0.0022207249090190925 -0.00045431400708562347 0.0012553636938095946 -0.002643915757223917 0.0059179280452166623 -0.0015814591833301372 0.0026024196148527069 0 0.013641589300127472 -0.00019073878934382736 0.012360618119309143 0 0.0084101305476424557 -0.010054838724982586 0.0046880956660284223 0.00048104009433973114 0.0047978660196591871 -0.0076948208944545328 -0.0023038261986987863 -0.0072377799959506776 -0.0066992381920253988 0.0077037718243181119 0.0013229177982838881 0 0.0016920680335247001 -0.011182527500708341
leaf_weight=26.679492887342352 4.2398498039692667 5.7609105627052513 4.6120808855630484 10.728248526575042 4.1250736601650706 4.0521452554967246 22.10703109507449 5.4353144536726168 4.1240251744166008 14.77705486002378 61.200216476339847 11.644355449127035 11.536802867194636 7.2801314943935713 8.6837967433966678 13.745444963802582 33.772371800849214 22.139858731999997 13.227595721138639 4.1830864576622835 3.6871347150299725 16.844723808113486 59.768316617351957 7.7229336148593601 35.799248289782554 11.168718333938157 8.6649593431502563 3.2097593275830176 13.849911601049824 28.69758510182146
leaf_count=660 196 124 121 234 92 99 1485 153 291 1081 5421 625 368 763 169 717 2482 1514 883 146 270 1716 4625 416 2576 606 536 215 748 1688
internal_value=0.000149363 0.0039915 -0.000404235 -0.00661941 0.00845209 0.010694 -0.000490123 0.0043347 -0.0026472 0.000665924 -0.000205619 0.00522866 0.00854007 0.00402881 0.00841819 -0.00328199 0.00652373 -0.00130364 -0.0040436 -0.0078286 0 -0.00393144 0 -0.00431288 -0.00173179 0.00171722 -0.0046691 -0.00748569 -0.0014774 -0.00983173
internal_weight=483.468 70.0771 35.2204 16.4892 34.8567 30.7316 413.391 18.7312 149.09 264.301 208.472 27.421 23.1812 55.8296 13.2959 144.966 41.0525 181.051 60.0824 26.3229 33.7595 20.5319 120.969 122.859 77.2058 32.7416 44.4642 45.6528 21.5728 31.9073
internal_count=31020 1652 801 358 851 759 29368 443 9278 20090 15764 1189 993 4326 290 8987 3245 14575 4529 1660 2869 1986 10046 7502 4882 1770 3112 2620 1164 1903
is_linear=0
shrinkage=0.05


Tree=128
num_leaves=31
num_cat=0
split_feature=10 9 24 40 4 34 24 30 15 21 4 19 11 39 8 7 33 19 26 32 32 12 3 32 25 39 40 3 20 41
split_gain=0.316218 0.445837 0.534185 0.403278 0.392737 0.501961 0.429759 0.397948 0.464528 0.387713 0.370235 0.36693 0.548542 0.78651 0.731338 0.643609 0.764059 0.58577 0.511807 0.556578 0.361316 0.327422 0.383891 0.325633 0.268429 0.252063 0.218509 0.217944 0.241117 0.223942
threshold=-0.29000000655651087 0.43000000715255743 0.01666665077209473 0.85666668415069591 -0.236666664481163 0.48333334922790533 -0.023333340883255001 -0.43000000715255732 0.32999998331069952 -1.0000000180025095e-35 0.4499999880790711 -0.016666665673255917 -0.3899999856948852 0.016595917753875259 -0.14333333075046537 0.2833333313465119 0.27666664123535162 -0.4433333277702331 -0.26333332061767573 -0.18999999761581418 0.17666667699813846 0.096666663885116591 -0.26333332061767573 0.043333351612091071 -0.10333332419395445 0.030629945918917659 0.28666666150093084 -0.12333333492279051 0.25666666030883795 0.055367076769471175
decision_type=2 2 2 2 2 2 2 2 2 2 2 2 2 2 2 2 2 2 2 2 2 2 2 2 2 2 2 2 2 2
left_child=4 11 3 -3 5 6 7 8 -1 23 -4 12 13 24 -15 18 -17 20 -16 -20 -14 22 -19 25 -2 -6 -11 -24 -29 -30
right_child=1 2 10 -5 9 -7 -8 -9 -10 26 -12 -13 17 14 15 16 -18 21 19 -21 -22 -23 27 -25 -26 -27 -28 28 29 -31
leaf_value=-0.0016558839952786918 -0.0013824122745464225 0.002331319211513176 0.011992539847291244 -0.009409400995011306 -0.010892054578058124 -0.0050228860723714533 0.01166116613815422 -0.0026756247854068048 0.012476143844588868 0.0065069076403584851 0 -0.0039627661119585409 0.011812490963045281 0.0024175454657721675 0 0.0075506459066697314 -0.0084771551795734031 -0.0066859314415757239 0 -0.018593519065401354 0 0.0057711411390867001 0.0043389196968420069 0.0011617860604032954 0.0076801380977834597 0 0 -0.0023338561193533801 0.0048876760473039321 -0.0030909265587071664
leaf_weight=3.5974347356241214 5.5601267991587546 14.036716439761223 14.329028893727811 4.4936051461845627 11.664989306591456 3.4023256613872936 20.970391935203224 16.110815326916054 6.9243421428836882 13.981161757605149 5.5459751337766638 88.799796089529991 13.000552016310396 11.02860446134582 4.1922352500259903 8.0217141914181429 9.4565113983117026 17.464860201347619 4.2413504768628654 19.188752677640878 7.1776739237830034 15.826629150658844 20.430966495769098 7.5113905170001081 11.142859536223112 5.3639807777944943 23.902390627423301 72.480048274737783 22.912716870661828 3.8532820590771726
leaf_count=157 182 832 722 274 938 116 868 884 242 892 460 10362 287 361 237 181 238 1081 155 545 181 1233 1337 571 276 229 1555 4183 1361 216
internal_value=1.28978e-05 -0.000642935 0.00394896 -0.00110176 0.00230383 0.00532359 0.00700893 0.00110912 0.00728455 -4.86449e-05 0.00878768 -0.00130333 -0.000172539 -0.00372753 -0.00659155 -0.009309 -6.56978e-06 0.00125803 -0.0134 -0.0157676 0.00817136 0 -0.00079993 -0.00468283 0.00399413 -0.00797746 0.00261344 0.000138298 -0.00068697 0.00262041
internal_weight=486.613 373.184 38.4053 18.5303 113.429 51.0053 47.603 26.6326 10.5218 62.4239 19.875 334.779 245.979 72.8322 56.1292 45.1006 17.4782 173.147 27.6223 23.4301 20.1782 152.969 137.142 24.5404 16.703 17.029 37.8836 119.677 99.246 26.766
internal_count=31156 24704 2288 1106 6452 2267 2151 1283 399 4185 1182 22416 12054 2175 1717 1356 419 9879 937 700 468 9411 8178 1738 458 1167 2447 7097 5760 1577
is_linear=0
shrinkage=0.05


Tree=129
num_leaves=31
num_cat=0
split_feature=22 31 24 40 40 14 9 18 4 9 5 0 21 38 40 38 18 8 29 36 34 40 13 21 26 26 6 36 29 4
split_gain=0.441557 0.374181 0.47663 0.471084 0.389198 0.369406 0.309346 0.29869 0.526644 0.439961 0.609442 0.551725 0.500253 0.328975 0.306216 0.55769 0.601038 0.380961 0.320084 0.289424 0.288581 0.283746 0.26498 0.25144 0.245327 0.266018 0.24331 0.231358 0.331876 0.229701
threshold=0.44333332777023321 0.36333334445953375 -0.29000000655651087 0.043333332985639579 0.94333332777023327 -0.48333333432674402 0.4499999880790711 -0.40333333611488337 -0.31666666269302363 0.20999997854232791 0.33666664361953741 -0.076666668057441698 0.31666666269302374 -0.11537122726440428 0.37000000476837164 0.15974140167236331 -0.030000001192092892 0.42333334684371954 -0.4433333277702331 0.069999992847442641 0.38333332538604742 0.85666668415069591 0.37000000476837164 -0.45666666328907007 0.48333334922790533 0.38333332538604742 -0.04333332180976867 -0.37666666507720942 -0.35000000894069666 -0.030000001192092892
decision_type=2 2 2 2 2 2 2 2 2 2 2 2 2 2 2 2 2 2 2 2 2 2 2 2 2 2 2 2 2 2
left_child=1 7 22 -4 23 -2 -7 8 21 11 13 26 19 -11 24 17 -17 18 -16 -13 -20 -1 -3 -5 25 27 -10 -9 29 -29
right_child=5 2 3 4 -6 6 -8 14 9 10 -12 12 -14 -15 15 16 -18 -19 20 -21 -22 -23 -24 -25 -26 -27 -28 28 -30 -31
leaf_value=0.011935737378800413 0.0023542658417276458 -0.0072883336054611024 -0.0036354165570621198 0 -0.0017885287599351694 -0.010115273081026671 0.00021348182002511287 -0.003663856133941087 0 0.00013882896628841088 0.003544756128559336 -0.0085198527913967811 0.0057507720116153531 -0.010194405846273843 0.0021992973028055079 -0.0025523787702334193 0.011443000607806888 0.0032237769308049915 -0.0063317180759661701 9.3517443816775708e-05 0 0 0.0018365678323591179 0.0095132277993518078 0.0076069041159161953 -0.0053234829336371407 0.011461426753163438 0.011429305069292661 0.00027412456370088593 0
leaf_weight=10.363810096867381 4.164757518097761 8.6710382851306331 5.0088328053243449 2.3172897449694565 4.1343032750301054 21.053248708369214 3.4359556867275378 16.156549099599943 7.8568590332288322 4.2160578141920295 10.322409185115246 14.333499372703956 9.8140828185714764 20.945663945749402 6.9874176897574207 8.8948382637463528 7.7122488825116298 8.5776765634072927 107.32149503624532 8.3414113852195424 12.92374854616355 5.4013396217487744 6.7472886426839969 43.632738955202512 4.7301526968367389 15.933933828258885 12.292595597449688 7.2015349203720689 83.097942680236883 1.3398251193575541
leaf_count=239 77 558 253 119 266 1548 244 1170 245 105 246 396 272 508 469 490 596 761 9051 221 1028 138 365 2541 104 781 308 520 7286 145
internal_value=-0.000246869 0.000112205 0.00335018 0.0055627 0.00721886 -0.00570515 -0.00808931 -0.000459533 0.00166667 0 -0.0039875 0.00274021 -0.000804232 -0.00796736 -0.0013515 -0.00284154 0.00415321 -0.00401269 -0.00481141 -0.00512285 -0.00550199 0.00863227 -0.00273206 0.00862349 0.0002784 -0.000147919 0.00828451 0.000637768 0.00183076 0.00889393
internal_weight=483.931 455.277 70.5115 55.0932 50.0843 28.654 24.4892 384.765 103.888 88.1226 35.4841 52.6384 32.489 25.1617 280.877 152.417 16.6071 135.81 127.233 22.6749 120.245 15.7651 15.4183 45.95 128.46 123.73 20.1495 107.796 91.6393 8.54136
internal_count=31050 29181 4102 3179 2926 1869 1792 25079 2678 2301 859 1442 889 613 22401 12395 1086 11309 10548 617 10079 377 923 2660 10006 9902 553 9121 7951 665
is_linear=0
shrinkage=0.05


Tree=130
num_leaves=31
num_cat=0
split_feature=1 13 19 41 41 19 25 11 24 38 17 0 35 18 40 40 2 24 23 24 37 35 10 4 5 39 39 0 18 1
split_gain=0.312366 0.48103 0.473248 0.446092 0.528025 0.43969 0.397198 0.525086 0.381205 0.374969 0.338689 0.332614 0.392521 0.30416 0.358138 0.345417 0.314957 0.331469 0.404627 0.268633 0.333442 0.279965 0.265572 0.420499 0.260867 0.257135 0.426606 0.423602 0.290947 0.286658
threshold=-0.049999997019767754 0.3966666460037232 0.32999998331069952 0.03423393331468106 0.055367076769471175 -1.0000000180025095e-35 0.028333306312561039 -0.30333334207534784 -0.030000001192092892 0.071311473846435561 0.30333334207534796 0.18333333730697635 -0.43000000715255732 -0.41666667163372034 0.38333334028720861 0.4200000017881394 -0.20333333313465116 -0.20333333313465116 -0.28333333134651179 0.20999997854232791 -0.06400823593139647 -0.056666672229766839 0.27666664123535162 0.25000000000000006 0.30333334207534796 0.032452378422021873 0.023636126890778545 -0.063333332538604722 0.043333351612091071 0.14999997615814212
decision_type=2 2 2 2 2 2 2 2 2 2 2 2 2 2 2 2 2 2 2 2 2 2 2 2 2 2 2 2 2 2
left_child=3 2 5 13 11 6 22 9 -9 -8 -7 12 -5 15 16 -1 17 -15 -19 20 -6 -22 25 -24 -14 26 -2 -28 -29 -27
right_child=1 -3 -4 4 19 10 7 8 -10 -11 -12 -13 24 14 -16 -17 -18 18 -20 -21 21 -23 23 -25 -26 29 27 28 -30 -31
leaf_value=-0.00027568108682961978 0 -0.0055746656547929554 0.0091988149016722642 0.001619246958598325 0.0051086712111167139 0 0.0028751229511317783 0 0.010664930980132428 -0.0069876252231259985 -0.0077901585624416863 0.0013814391808604715 -0.0085879676170824686 -1.7546059934292404e-05 -0.0035416787484412043 0.010358256335547916 -0.0014646530583724323 0 0.013545334113929464 0.0067264346205766577 -0.0093913198626820616 0 0.0090463794096394875 -0.0013257474749273322 0 -0.001378318506618934 0.00081607808586429465 -0.012834811298850264 0 0.0083748866193768326
leaf_weight=6.0562696903944042 48.767088809981942 16.499420137377456 15.367898624623193 6.5786775909364215 6.0769772497005787 34.748356436612085 29.124375489307567 12.289157952181993 31.311163464793935 7.2523903795517972 14.525497389957307 8.198448440525679 62.421409092727117 8.3318396934773791 38.929947592318058 10.116246087010948 16.035642905859277 6.7940351930446949 9.8771119490265828 9.5847492560278607 8.1379944143118355 10.630888352287 13.16633214754984 10.285071092657743 9.1869566028472018 6.487921088235451 5.0446943158749518 14.402150880312549 1.6877176277339447 7.3796910147648305
leaf_count=144 2978 1590 1184 370 290 3695 845 790 1290 221 1599 561 4046 604 2869 223 1289 468 571 527 564 656 546 387 731 359 282 918 148 374
internal_value=3.99391e-05 0.00121709 0.00187839 -0.00129744 -0.0033029 0.00108369 0.00225806 0.00479656 0.00814531 0 -0.00268641 -0.00534703 -0.00639768 0.00102394 -0.000104989 0.00625155 0.00265955 0.00588254 0.00915824 0.00123983 -0.000962936 -0.00469944 0 0.00430526 -0.00752458 -0.00114671 -0.00260574 -0.00763529 -0.0109187 0.00351532
internal_weight=485.296 268.339 251.84 216.957 120.816 236.472 187.198 79.9771 43.6003 36.3768 49.2739 86.3855 78.187 96.1411 79.9686 16.1725 41.0386 25.003 16.6711 34.4306 24.8459 18.7689 107.221 23.4514 71.6084 83.7693 69.9017 21.1346 16.0899 13.8676
internal_count=31119 17206 15616 13913 7745 14432 9138 3146 2080 1066 5294 5708 5147 6168 5801 367 2932 1643 1039 2037 1510 1220 5992 933 4777 5059 4326 1348 1066 733
is_linear=0
shrinkage=0.05


Tree=131
num_leaves=31
num_cat=0
split_feature=30 37 37 26 26 25 38 16 39 38 39 16 41 35 41 38 33 35 0 12 40 39 5 7 38 9 39 38 34 37
split_gain=0.500264 0.583868 1.11749 0.712287 0.678736 0.601447 0.595999 0.569351 0.516752 0.445621 0.637354 0.517265 0.496365 0.417836 0.412949 0.60557 0.576724 0.772755 0.438783 0.445584 0.415562 0.389351 0.370344 0.367465 0.359 0.380047 0.377145 0.361478 0.355306 0.330286
threshold=-0.30333334207534784 -0.06400823593139647 -0.022203922271728512 0.34333333373069769 0.056666672229766853 -0.41666667163372034 0.035072326660156257 -0.28333333134651179 0.025245379656553272 0.088602066040039076 0.017183559946715835 -0.31000000238418574 0.064606677740812316 0.19666665792465213 0.033266058191657073 -0.11537122726440428 0.36333334445953375 -0.10333332419395445 -0.090000003576278673 -0.25666666030883784 0.81666666269302379 0.02481290698051453 0.18333333730697635 1.0000000180025095e-35 -0.11537122726440428 -0.090000003576278673 0.021850904449820522 -0.048531532287597649 -0.28333333134651179 0.026471138000488285
decision_type=2 2 2 2 2 2 2 2 2 2 2 2 2 2 2 2 2 2 2 2 2 2 2 2 2 2 2 2 2 2
left_child=1 4 5 6 21 -3 13 9 24 11 -11 14 -12 28 18 20 17 -17 19 -2 -16 -1 29 -7 -9 27 -27 -26 -4 -20
right_child=7 2 3 -5 -6 23 -8 8 -10 10 12 -13 -14 -15 15 16 -18 -19 22 -21 -22 -23 -24 -25 25 26 -28 -29 -30 -31
leaf_value=-0.0072945459491416441 0.0097370436597408964 0.0039468147976405837 0 -0.0057863350984406524 0.017572747934362889 -0.012659016951850861 0 -0.0074920560389587117 -0.0058305122023563187 -0.0043295614063937919 0.010269725137812859 0.0075668886146203016 -0.0015181622400910642 -0.00038380041047652441 0.008593944278664464 0.00066329009837982943 0.002476893596754637 -0.010843620702835812 -0.0090914504434571729 -0.0016734234693467328 -0.0034100381186062075 0.0059890338205775464 0.0025088385990253989 0 0.003235455162766368 1.0086752699136653e-05 0.0083569941220864568 -0.0056111739071707653 0.013795750174993496 0.00088338203426188916
leaf_weight=3.5543966633267718 18.564973477972675 3.7308953015599426 3.6753836502321091 6.5672126496210685 8.081408021040259 16.708643490448598 20.267088969238102 9.0511636151932162 64.273805657052435 6.5541674699634305 32.521040154621005 14.165816389955578 5.3318694299086919 3.1438621536362907 10.502809607889501 14.677416992839417 10.984408603049813 40.245578709756963 13.626261454075577 5.75472238799557 4.7008971073664716 6.9635563315823674 21.373020409140736 2.8030494293197981 8.8601106202695501 47.840962789952755 17.211799266282469 28.105340596055612 27.126660881447606 5.7678566002286962
leaf_count=203 458 197 281 309 248 940 1839 997 6269 194 909 644 184 221 350 453 388 1243 469 258 159 241 626 212 785 5645 1788 3100 1302 166
internal_value=0.000428615 0.00344591 0.00104317 0.00477606 0.0103821 -0.00684062 0.00691984 -0.000362128 -0.00246088 0.0013353 0.00543659 0 0.00805869 0.0104632 -0.000953979 -0.00333312 -0.00550271 -0.00759573 0.0016903 0.00641562 0.00378867 0 -0.00105547 -0.0103264 -9.85056e-05 0.000705734 0.00308959 -0.00275318 0.0121317 -0.00563263
internal_weight=482.736 102.622 84.0228 60.7802 18.5994 23.2426 54.213 380.114 175.343 204.771 44.4071 160.364 37.8529 33.9459 146.198 81.1111 65.9074 54.923 65.0868 24.3197 15.2037 10.518 40.7671 19.5117 111.069 102.018 65.0528 36.9655 30.802 19.3941
internal_count=31078 5993 5301 3952 692 1349 3643 25085 18584 6501 1287 5214 1093 1804 4570 2593 2084 1696 1977 716 509 444 1261 1152 12315 11318 7433 3885 1583 635
is_linear=0
shrinkage=0.05


Tree=132
num_leaves=31
num_cat=0
split_feature=25 24 14 9 27 21 18 25 37 27 7 28 19 25 0 40 20 35 39 8 14 37 7 3 13 7 14 9 26 24
split_gain=0.388147 0.569832 0.420611 0.394493 0.744842 0.635683 0.573595 0.759353 0.537341 0.521387 0.496323 0.520128 0.37254 0.52879 0.400567 0.367515 0.365132 0.313374 0.300666 0.289189 0.301954 0.285445 0.276245 0.27471 0.260361 0.25651 0.255373 0.254579 0.253258 0.24718
threshold=-0.083333343267440782 0.18999999761581424 0.44333332777023321 -0.036666661500930779 -0.40333333611488337 -0.28333333134651179 -0.24333333969116208 0.33666664361953741 -0.035023689270019524 1.0000000180025095e-35 0.32999998331069952 0.33666664361953741 0.22333335876464847 -0.33666665852069849 -0.236666664481163 0.97666668891906749 -0.20333333313465116 0.069999992847442641 0.016939676366746429 0.24333333969116214 -0.43000000715255732 -0.044412612915039056 -0.32999998331069941 -0.10999999940395354 -0.036666661500930779 -0.11666667461395262 -0.36333334445953364 -0.46999999880790705 0.043333351612091071 0.27666664123535162
decision_type=2 2 2 2 2 2 2 2 2 2 2 2 2 2 2 2 2 2 2 2 2 2 2 2 2 2 2 2 2 2
left_child=1 2 12 5 10 21 7 19 9 -7 11 26 14 -14 16 -11 -1 -16 -12 20 -6 -2 -23 -10 -25 28 -5 -15 -4 -3
right_child=3 29 25 4 6 8 -8 -9 23 15 18 -13 13 27 17 -17 -18 -19 -20 -21 -22 22 -24 24 -26 -27 -28 -29 -30 -31
leaf_value=0.0086182318739576741 0.0027763858825068269 -0.010007795266532449 0 0.008167549010434939 -0.0052130665242390494 0.0047948042713741304 -0.0057007597165839837 -0.009271283095641257 0.011122175548134048 -0.010866931042312147 0 -0.0065877668770613117 0.00056848859235426018 0 0.00011261837826241463 0.0020685321852756981 -0.00054143694974210219 -0.0058004354441862178 0.01133514572735082 0.0086387791011932526 0.0042285930675863654 0 -0.0093543435374509858 0.0056919331116507856 -0.0004414292705140412 0 0 -0.014619919166772372 0.015064029248130576 -0.0014473879179401506
leaf_weight=17.397811531787742 6.1254487228579846 19.0038331982214 3.1157418680377305 11.261278824415056 8.350224925670771 10.828217505710201 63.50613044667989 6.6273483724798998 27.450072906911373 9.3907567490823549 3.9650742313824621 12.140440532239152 8.8367597167380172 1.9305348282214252 70.997076314524747 1.7227065167389799 10.497802545083685 22.387551046675071 17.234889926854521 15.346389945363624 14.407308204099538 6.5554165376815989 11.786196118104268 33.359022829681635 17.296487371670082 2.1624745882581902 10.347286900039764 7.9791792698670161 3.7913700679782778 29.333466314827092
leaf_count=998 333 1230 183 218 216 608 7140 402 1550 752 135 249 420 54 5158 77 623 1312 563 453 731 327 947 1445 1599 149 517 568 130 1992
internal_value=4.33618e-06 -0.00162285 0 0.00121645 -0.000274372 0.00328464 -0.00277858 0.00106089 0.00509391 -0.000736807 0.00403612 0 -0.000844091 -0.00646501 9.21304e-05 -0.00737873 0.00494799 -0.001318 0.00906205 0.00444161 0 -0.00283922 -0.00596377 0.00696485 0.00333145 0.00792932 0.00431079 -0.0121574 0.0110947 -0.00600645
internal_weight=485.134 197.434 149.096 287.701 163.186 124.514 108.237 44.7313 100.047 21.9417 54.949 33.749 140.027 18.7465 121.28 11.1135 27.8956 93.3846 21.2 38.1039 22.7575 24.4671 18.3416 78.1056 50.6555 9.06959 21.6086 9.90971 6.90711 48.3373
internal_count=31079 12817 9595 18262 10624 7638 8942 1802 6031 1437 1682 984 9133 1042 8091 829 1621 6470 698 1400 947 1607 1274 4594 3044 462 735 622 313 3222
is_linear=0
shrinkage=0.05


Tree=133
num_leaves=31
num_cat=0
split_feature=4 39 20 27 25 20 37 24 1 27 15 31 24 10 11 1 39 4 38 31 39 30 10 29 9 17 1 11 38 28
split_gain=0.406273 0.682726 0.756123 0.500082 0.727966 0.459682 0.484602 0.455844 0.441137 0.420168 0.418117 0.362803 0.306533 0.30631 0.288676 0.267311 0.254296 0.631605 0.987273 0.355698 0.786038 0.703529 0.584842 0.340598 0.339982 0.333156 0.330535 0.328289 0.490923 0.298482
threshold=-0.21000000834465024 0.024197591468691829 0.33666664361953741 -0.17000000178813932 -0.31666666269302363 -0.46999999880790705 0.11020278930664064 -0.4433333277702331 -0.21000000834465024 -0.10999999940395354 0.37666666507720953 0.41000002622604376 -0.26333332061767573 0.056666672229766853 0.3966666460037232 -0.3899999856948852 0.024005748331546787 0.23666667938232425 0.012786865234375002 -0.2766666561365127 0.022589469328522686 0.37666666507720953 0.083333313465118422 0.14999997615814212 -0.19666665792465207 -0.25666666030883784 0.11000001430511476 -0.18999999761581418 0.0048093795776367196 0.38833332061767584
decision_type=2 2 2 2 2 2 2 2 2 2 2 2 2 2 2 2 2 2 2 2 2 2 2 2 2 2 2 2 2 2
left_child=1 2 3 13 -5 -3 7 -7 14 -9 11 16 -13 -1 -6 -12 19 26 -19 20 22 23 -2 24 -21 -23 -18 28 -24 -25
right_child=10 5 -4 4 8 6 -8 9 -10 -11 15 12 -14 -15 -16 -17 17 18 -20 21 -22 25 27 29 -26 -27 -28 -29 -30 -31
leaf_value=0.0092902241001444983 0.006018936453797738 -0.0053048952488337275 -0.011309594706401971 0.0057993639895544749 -0.012381084357541611 -0.0023177379457825437 -0.0028872066191342888 0.013287501295435992 0 0.0026519728978023288 0 -0.0023837415170487051 0.0079434651062249024 0 0 -0.0093756666407557223 -0.0027676050903218032 -0.013852698945029319 0.00048922238459934389 -0.0048696098806604261 0.012894462304053882 -0.000408621763600261 -0.01105238517894281 -0.0086030124696976282 0.0022079854661552259 0.010778180452337686 0.0032203962813644738 0.0022894591408520455 0 0.00057525750042994967
leaf_weight=14.958752270555125 21.158988198731095 2.3789132018573573 9.1458196963649225 11.134535581106318 15.650121593149381 3.7127101891674092 5.346991376951336 28.370291393250223 12.87795335694682 27.678300365339968 4.4581628743326318 2.8267869786359396 15.401994227431713 14.474366473732514 2.0161491460166863 18.089950567809865 48.968002280802466 20.410712590557523 15.480779420351608 22.227749929064885 9.1344497587997449 4.3729284517467013 13.982681726804001 32.011032493086532 33.258637272869237 8.6181024643592519 33.082370050484315 10.262444143649192 17.535852488363162 4.3256445404840624
leaf_count=587 880 112 596 754 1382 337 325 1100 1269 1633 388 182 1000 700 173 1586 3050 1564 1078 2278 312 164 415 2161 3238 618 1931 597 454 330
internal_value=-0.000233351 0.00184031 -0.00102424 0.000751433 -0.00229263 0.0053926 0.00654968 0.00796057 -0.00639442 0.00920261 -0.00123572 -0.000607164 0.00511644 0.00542583 -0.0104756 -0.0071251 -0.00113914 -0.00287731 -0.00788587 0 0.00265721 -0.00174641 0 -0.00354564 -0.000419209 0.00675677 -1.44122e-05 -0.00316357 -0.0056876 -0.00699321
internal_weight=483.352 147.745 80.2577 71.1119 41.6788 67.4872 65.1083 59.7613 30.5442 56.0486 335.607 313.059 18.2288 29.4331 17.6663 22.5481 294.83 117.942 35.8915 176.889 72.0744 104.814 62.94 91.8231 55.4864 12.991 82.0504 41.781 31.5185 36.3367
internal_count=31194 8968 5461 4865 3578 3507 3395 3070 2824 2733 22226 20252 1182 1287 1555 1974 19070 7623 2642 11447 2658 8789 2346 8007 5516 782 4981 1466 869 2491
is_linear=0
shrinkage=0.05


Tree=134
num_leaves=31
num_cat=0
split_feature=29 39 37 10 37 21 19 27 3 37 7 10 25 10 30 23 7 38 25 10 37 10 30 2 13 19 32 29 7 30
split_gain=0.611387 0.910881 0.648435 0.430706 0.44151 0.398526 0.361166 0.352919 0.340614 0.363706 0.338582 0.363599 0.331935 0.406259 0.3336 0.285983 0.264221 0.560225 0.886677 0.506746 0.488473 0.492603 0.465105 0.439469 0.422599 0.38997 0.33294 0.334559 0.328993 0.362419
threshold=-0.30333334207534784 0.023912034928798679 -0.06939458847045897 -0.43000000715255732 -0.022203922271728512 0.20333331823349002 -0.24999999999999997 -0.29666668176650995 -0.26333332061767573 0.089569091796875014 -0.29000000655651087 0.40333333611488348 -0.22333332896232602 0.22333335876464847 -0.24333333969116208 0.34333333373069769 0.35666668415069586 0.014066219329833986 0.32333332300186163 -0.076666668057441698 -0.01895046234130859 0.32999998331069952 0.32333332300186163 0.35666668415069586 -0.12333333492279051 0.096666663885116591 0.27666664123535162 0.11000001430511476 -0.10333332419395445 0.29500001668930059
decision_type=2 2 2 2 2 2 2 2 2 2 2 2 2 2 2 2 2 2 2 2 2 2 2 2 2 2 2 2 2 2
left_child=1 3 -3 4 -1 6 -5 -4 9 -2 11 -8 13 14 -10 -16 19 18 -18 23 -21 22 26 25 -23 28 27 -22 -14 -30
right_child=8 2 7 5 -6 -7 10 -9 12 -11 -12 -13 16 -15 15 -17 17 -19 -20 20 21 24 -24 -25 -26 -27 -28 -29 29 -31
leaf_value=-0.0023516284925158507 -0.0053049455685666869 0.016409317996274039 -0.0042302373901498824 0.0024507900213340799 0.0095287462319001547 0.0029285277652725465 -0.014771059752395933 0.0052497831154293389 0.00063342644611713832 0.0030440613888434928 0 0 0 0.0012518330447986068 -0.0093427499363171445 0 0.0060498747185013515 0.0093626525070504805 -0.0089718002934603153 0.0014371292748952807 0 -0.01517060203904875 0.0034924196147598841 -0.0050769806777278617 0 -0.0022739263659407329 0.002140757227527882 -0.0099933720405070599 0.0098990769650424276 -0.00023233927669456442
leaf_weight=6.9649867010302868 63.750115950824693 11.673388852970673 5.7575578975956878 2.0436148152221021 9.6086696062702668 6.2217284033540627 13.428568093106152 28.822980246855877 8.2977866213768703 7.8500061710365108 8.8103960044682008 1.9870851521845896 25.01715158787556 23.380182968452573 31.022083956049755 5.3437281730584791 15.293620722834023 18.807513225474395 11.872407040209508 44.146383552579209 13.302892634295857 10.703768341103567 19.082603822462261 7.8626211918890467 4.3323191570816553 11.078583542723207 6.0902740405872455 20.398916221456602 35.00300885271281 4.9859651532024136
leaf_count=285 4398 384 273 115 512 576 1082 1801 703 397 851 152 1604 1426 2330 408 680 1420 1094 2387 1173 266 744 630 456 1151 534 1180 1971 146
internal_value=0 0.00343317 0.00809669 -0.000912347 0.00413058 -0.0043771 -0.00710489 0.00266324 -0.000921505 -0.00390283 -0.00906455 -0.0124697 -0.000108267 -0.00311555 -0.00577271 -0.00770723 0.00067259 0.00386235 -0.000196705 -2.36391e-05 -0.00220822 -0.00464283 -0.00160069 0.00271301 -0.011512 0.00413485 -0.00472666 -0.00673334 0.005679 0.00822674
internal_weight=482.941 95.319 46.2539 49.065 16.5737 32.4914 26.2697 34.5805 387.622 71.6001 24.226 15.4157 316.022 68.0438 44.6636 36.3658 247.978 45.9735 27.166 202.004 118.057 73.9108 58.8747 83.9473 15.0361 76.0847 39.7921 33.7018 65.0061 39.989
internal_count=31129 6031 2458 3573 797 2776 2200 2074 25098 4795 2085 1234 20303 4867 3441 2738 15436 3194 1774 12242 6740 4353 3631 5502 722 4872 2887 2353 3721 2117
is_linear=0
shrinkage=0.05


Tree=135
num_leaves=31
num_cat=0
split_feature=29 29 39 37 27 36 41 36 25 32 39 13 33 8 33 37 17 1 4 21 37 30 30 26 35 7 26 2 37 39
split_gain=0.429749 0.49508 0.458756 0.609084 0.937191 0.447614 0.438413 0.515085 0.362818 0.420312 0.525037 0.350845 0.309985 0.397009 0.4738 0.41543 0.348979 0.303522 0.300327 0.435572 0.296281 0.293005 0.386576 0.30343 0.289028 0.415899 0.294356 0.279472 0.272579 0.588218
threshold=-0.30333334207534784 0.3966666460037232 0.019721276126801971 -0.06400823593139647 0.23666667938232425 -1.0000000180025095e-35 0.045919001102447517 -0.36333334445953364 -0.083333343267440782 0.26999998092651373 0.02956893760710955 0.11000001430511476 0.46333330869674688 0.083333313465118422 0.01666665077209473 0.064506053924560561 0.32333332300186163 0.20999997854232791 0.3966666460037232 -0.33666665852069849 -0.035023689270019524 0.12333333492279054 0.2833333313465119 -0.32999998331069941 -0.17000000178813932 0.20999997854232791 0.43000000715255743 -0.18999999761581418 0.054889202117919929 0.034243037924170501
decision_type=2 2 2 2 2 2 2 2 2 2 2 2 2 2 2 2 2 2 2 2 2 2 2 2 2 2 2 2 2 2
left_child=2 12 20 11 6 17 7 -5 -7 -10 18 -4 13 14 15 21 24 -3 19 -11 -1 23 27 -2 -16 26 -26 -23 -15 -30
right_child=1 5 3 4 -6 8 -8 -9 9 10 -12 -13 -14 28 16 -17 -18 -19 -20 -21 -22 22 -24 -25 25 -27 -28 -29 29 -31
leaf_value=-0.0080312857513964494 0.00078888521162529207 0.0023659531752977642 0 -0.00443308450367055 0.010268400862067695 -0.0010750046157181016 -0.0088390319833506047 0.0068663667128547809 0.012349940684191804 -0.0019703294244955414 -0.0066336060471757583 0.015969570489065856 0.0065160944078403171 -0.0018979444147709862 0 0.0035504258925705039 -0.0038041526205470164 -0.0082210156849748892 0 0.010711446043382955 0.0011825213049638452 -0.0015099075652685284 -0.004730885928473148 -0.0052778223846460543 0.01300664153053354 -0.00062303570190312555 0 0.0071228376543903743 -0.012740423822585804 0.0027453707809876726
leaf_weight=5.4061497342772808 16.729739765636623 4.4468388203531486 3.8588343022856888 12.893720956984906 16.765876349410973 11.291330187115816 10.069303951691834 13.952310536755251 17.569317806279287 2.9652703586034432 5.5174034103984004 12.1423060700763 6.4857305716723195 90.230413275887258 7.6209503377322099 28.060485368594527 2.7293624449521294 7.3745784369530156 12.033933473983778 18.718723832629628 21.87863435887266 5.6849998428951976 11.117311226902528 75.815572632593103 18.882452338002629 4.2382799440529189 2.9972339288797221 19.188892366597429 14.000512948259713 2.8923941149841985
leaf_count=408 1595 133 202 742 952 375 751 814 424 146 349 348 536 6866 448 1551 221 373 734 634 1816 302 438 6041 1064 309 90 969 1145 269
internal_value=0.000757448 0 0.00362794 0.00571068 0.00201026 0.00335472 -0.00206907 0.000859843 0.00504028 0.00664047 0.00223217 0.0130549 -0.000930589 -0.00129766 0 -0.00115103 0.00477691 -0.00337997 0.0050953 0.008023 -0.00101064 -0.00247579 0.000733322 -0.00394617 0.00656976 0.00871209 0.011162 0.00443006 -0.00365125 -0.0089723
internal_weight=483.559 386.592 96.9671 69.6824 53.6812 79.9174 36.9153 26.846 68.096 56.8046 39.2353 16.0011 306.674 300.189 193.065 156.597 36.4683 11.8214 33.7179 21.684 27.2848 128.537 35.9912 92.5453 33.7389 26.118 21.8797 24.8739 107.123 16.8929
internal_count=31045 25012 6033 3809 3259 3168 2307 1556 2662 2287 1863 550 21844 21308 13028 10896 2132 506 1514 780 2224 9345 1709 7636 1911 1463 1154 1271 8280 1414
is_linear=0
shrinkage=0.05


Tree=136
num_leaves=31
num_cat=0
split_feature=9 39 13 29 7 19 26 26 39 32 23 40 9 1 40 27 41 11 40 39 23 10 14 23 0 5 37 37 15 33
split_gain=0.304268 0.450412 0.443215 0.311069 0.613589 0.373582 0.382214 0.379026 0.372597 0.479471 0.470539 0.375045 0.349495 0.346693 0.591522 0.634808 0.483335 0.415924 0.612437 0.346231 0.329977 0.631534 0.519331 0.494555 0.334799 0.344604 0.3283 0.326327 0.317963 0.299482
threshold=0.43000000715255743 0.030262772925198082 0.43666666746139532 -0.31000000238418574 -0.18999999761581418 0.22333335876464847 0.17000001668930056 -0.12999999523162839 0.024291547015309337 -0.35000000894069666 -0.40333333611488337 0.76333332061767589 -0.056666672229766839 0.20333331823349002 0.65333333611488353 -0.20333333313465116 0.056940531358122833 -0.14333333075046537 0.036666667088866241 0.017449099570512775 0.11000001430511476 0.083333313465118422 -0.45666666328907007 -0.10333332419395445 -0.10999999940395354 0.33666664361953741 0.030748844146728519 0.068413257598876967 -0.056666672229766839 -0.24999999999999997
decision_type=2 2 2 2 2 2 2 2 2 2 2 2 2 2 2 2 2 2 2 2 2 2 2 2 2 2 2 2 2 2
left_child=3 2 -2 4 8 7 -7 19 9 10 -1 -10 -12 20 15 16 17 18 -15 -5 22 -22 -9 -24 25 -23 -20 -8 29 -21
right_child=1 -3 -4 5 -6 6 27 13 11 -11 12 -13 -14 14 -16 -17 -18 -19 26 28 21 24 23 -25 -26 -27 -28 -29 -30 -31
leaf_value=0.0010577987095661864 0.0092129564541778876 -0.0035282173789510881 -0.0019918522818835492 0.001356072021784072 0.0089924510369057183 -0.00036583570642701509 -0.012759490129779047 0.0070027047452975322 0.006385262249204101 0.0014811228071299719 -0.013876705656039049 -0.0027452505308546448 0 0.00011464489528677524 0.0034399790775820047 0.0029186027711285579 0.0019260712146884898 0 -0.018034546987739021 0 0.0092483530305159777 -0.010799130199044072 0.0010885205761853236 -0.0060801398789018411 0.0030789918170777229 0.0015650165650838545 0 0 0 -0.0082659554277720055
leaf_weight=5.0281351858284351 25.281958317151297 7.6960025855805716 5.1869667959399512 20.880087302997708 17.316971100168303 27.167149447952397 13.492789979325606 16.109329746104777 24.036136597162113 17.173645756905898 13.2987536189612 9.116517394082619 2.4665940366685364 3.8486733287572852 22.419325693976134 10.762303608702494 4.2468945879954836 9.0015942489262688 17.029541520401839 6.6983837427105746 28.914143812609836 6.6984084314899537 52.387215910828672 31.365740030538291 15.030973801156504 2.5374617341440171 3.9113146325107655 1.757346634287386 20.078729332657531 42.741353080607951
leaf_count=269 1310 438 528 1885 1321 3323 1340 282 1027 1179 848 541 249 104 1310 842 141 481 470 446 1507 281 3149 1921 636 96 114 228 2131 2805
internal_value=-0.000100835 0.00379473 0.00660608 -0.000535909 0.00192958 -0.00123718 -0.00538996 -0.000509032 -3.18162e-05 -0.00347404 -0.00791486 0.00320004 -0.0114279 0.000510926 -0.00210344 -0.00520414 -0.00815457 -0.0101492 -0.0129187 -0.00317302 0.00191818 0.00488133 0 -0.00154461 -0.000297894 -0.00648276 -0.0157341 -0.0105333 -0.00486405 -0.00682392
internal_weight=483.68 38.1649 30.4689 445.516 88.4368 357.079 42.4173 314.661 71.1198 37.9671 20.7935 33.1527 15.7653 224.263 71.2196 48.8003 38.038 33.7911 24.7895 90.3986 153.043 53.181 99.8623 83.753 24.2668 9.23587 20.9409 15.2501 69.5185 49.4397
internal_count=31202 2276 1838 28926 5434 23492 4891 18601 4113 2545 1366 1568 1097 11334 3462 2152 1310 1169 688 7267 7872 2520 5352 5070 1013 377 584 1568 5382 3251
is_linear=0
shrinkage=0.05


Tree=137
num_leaves=31
num_cat=0
split_feature=10 5 19 36 13 19 25 7 25 9 25 21 41 39 20 7 23 26 10 14 33 39 3 33 39 3 37 37 30 24
split_gain=0.669315 0.537024 0.424856 0.476058 0.744909 0.411668 0.38664 0.583405 0.420657 0.367058 0.338971 0.446479 0.488025 0.341731 0.341575 0.328207 0.311266 0.298683 0.320069 0.303293 0.288982 0.284947 0.278964 0.306612 0.275274 0.290812 0.274328 0.428412 0.34997 0.263825
threshold=-0.40333333611488337 0.13666665554046634 -0.016666665673255917 0.37000000476837164 0.42333334684371954 0.13666665554046634 0.33666664361953741 0.33666664361953741 -0.083333343267440782 -0.3899999856948852 0.26333332061767584 0.26999998092651373 0.047311987727880485 0.025483747944235805 0.26833331584930425 -0.21666666865348813 -0.083333343267440782 -0.15000000596046445 -0.2766666561365127 0.46999999880790716 0.41666668653488165 0.020306478254497055 0.21499997377395633 -0.48333333432674402 0.024005748331546787 -0.15000000596046445 -0.028179645538330075 -0.0085616111755371076 0.12333333492279054 -0.29000000655651087
decision_type=2 2 2 2 2 2 2 2 2 2 2 2 2 2 2 2 2 2 2 2 2 2 2 2 2 2 2 2 2 2
left_child=1 9 6 17 5 -5 7 10 -9 22 11 13 14 24 -13 -15 -10 -4 -19 -20 -18 -8 23 -1 26 -26 28 -28 -2 -7
right_child=2 -3 3 4 -6 29 21 8 16 -11 -12 12 -14 15 -16 -17 20 18 19 -21 -22 -23 -24 -25 25 -27 27 -29 -30 -31
leaf_value=0 -0.00075941302948785347 -0.0037855253288248437 0 -0.0020175789965653427 -0.0066402363956640821 0 0.00053778175177057459 -0.002049812744720303 0 0 0.0066130185232123207 -0.0091955973052474955 0.0022732861019728531 -0.00076651645464029001 0 0.0062658525091856647 0.014629669917997745 0 -0.00897516049974585 0.0010832502622606286 0 -0.0088184897129447871 0 0.011805293562704823 0.0003055899196217455 -0.010335070749014463 -0.0077514423233887636 0.00054389458813029561 0.0081415670441938627 0.012715213747773377
leaf_weight=5.1431191393639848 11.418133262544872 7.6390954423695794 33.377102795639075 3.7769340020604494 9.2535535998176766 6.0216291091637748 5.370980488369244 3.6836680190172073 4.9798983971122714 12.337485820520667 12.738610776606945 28.912657703505829 16.333978375885636 15.257935834350063 21.981559839798138 39.490473015233874 13.874282419215886 16.218160680728033 50.242440231260844 2.3487556648906311 4.8967241123318663 12.558883764548225 3.6660569014493367 30.286895670229573 3.8928585338871926 7.4298402972053719 13.128009076928718 59.516425978625193 16.037076491629705 12.255062592914323
leaf_count=206 970 551 3804 368 1079 615 240 150 133 711 539 1435 776 945 1090 1857 385 1153 5729 167 122 500 227 1192 218 430 730 3190 566 1071
internal_value=7.74965e-05 0.00484644 -0.000585603 -0.00288103 0.00173869 0.00681383 0.000418463 0.00100883 0.00721829 0.00682532 6.2265e-05 -0.000347618 -0.00368355 0.000938138 -0.00607287 0.00401232 0.00961954 -0.00454541 -0.0063135 -0.00803433 0.0119396 -0.00553895 0.00892628 0.0101766 -0.000487318 -0.0063948 0.000269116 -0.00111433 0.00422023 0.00971625
internal_weight=484.068 59.0727 424.996 133.494 31.3072 22.0536 291.502 273.572 27.4346 51.4336 246.138 233.399 67.2282 166.171 50.8942 54.7484 23.7509 102.186 68.8094 52.5912 18.771 17.9299 39.0961 35.43 111.422 11.3227 100.1 72.6444 27.4552 18.2767
internal_count=31149 2887 28262 13986 3133 2054 14276 13536 790 2336 12746 12207 3301 8906 2525 2802 640 10853 7049 5896 507 740 1625 1398 6104 648 5456 3920 1536 1686
is_linear=0
shrinkage=0.05


Tree=138
num_leaves=31
num_cat=0
split_feature=17 24 37 27 31 38 40 33 24 7 10 35 39 14 12 24 19 4 38 6 38 24 31 31 11 39 8 37 15 16
split_gain=0.374303 0.488201 0.725815 0.691241 0.437867 0.459755 0.436241 0.304032 0.296855 0.395642 0.443842 0.366492 0.271318 0.264835 0.427393 0.431618 0.412546 0.369875 0.444572 0.55852 0.404835 0.292663 0.315987 0.282737 0.266237 0.245674 0.249958 0.309979 0.267041 0.550719
threshold=-0.4433333277702331 0.22333335876464847 0.064506053924560561 -0.33666665852069849 0.41000002622604376 0.086912155151367201 0.10333333536982538 0.38333332538604742 -0.40333333611488337 -0.37666666507720942 -0.4433333277702331 0.12333333492279054 0.025483747944235805 0.13666665554046634 0.13666665554046634 0.42333334684371954 -1.0000000180025095e-35 0.17666667699813846 0.0048093795776367196 0.030000001192092899 0.027276515960693363 0.23666667938232425 -0.0099999904632568342 0.32999998331069952 0.12333333492279054 0.035115672275424011 -0.16333332657814023 0.048281192779541023 -0.26333332061767573 -0.24333333969116208
decision_type=2 2 2 2 2 2 2 2 2 2 2 2 2 2 2 2 2 2 2 2 2 2 2 2 2 2 2 2 2 2
left_child=1 2 7 -3 13 6 -6 -1 -8 10 -10 -11 -12 14 17 24 -15 21 -19 20 -20 25 -23 -18 -16 26 27 -2 -28 -30
right_child=4 3 -4 -5 5 -7 8 -9 9 11 12 -13 -14 16 15 -17 23 18 19 -21 -22 22 -24 -25 -26 -27 28 -29 29 -31
leaf_value=0.0097824787419712282 0 -0.010130043406379097 -0.0041797658515996157 0.0051207272156679993 -0.0010455575879469072 -0.0053179334106098555 -0.00040111290426430798 0 0.0086421785909470417 0.015555580568554397 -0.0093989734738026479 0 0.0012524582533303184 0.0032895455605850086 0 -0.0036894192569663351 -0.0066140451147744962 -0.0077019714937480444 0.0015009120709330566 0.0039445464417531577 -0.012545898515253472 0.0071388962694021816 -0.001652526905320079 0 0.0092323938011366104 -0.0053747294507641135 -0.0041587378084137925 0.0078014316481170897 0.0075039809900649696 -0.0032969263655272143
leaf_weight=39.237741243094206 33.191002882784232 8.8151883883401769 8.1389128430746478 7.3987187370657912 13.025315572042016 5.4458777126856139 3.9642416080459943 6.9514875919558099 4.2938589407131067 15.859174265759071 5.3729017921723372 8.1321847836952639 3.1726693150121719 10.396782921510747 11.146864895941688 6.0047739860601714 53.406687964801677 33.146364998188801 2.2526868940331024 24.653260645340197 6.152807287639007 21.360786695731807 7.1348126586526623 15.562479103798976 21.829491022508591 18.43408886063844 42.199609291274101 13.503450110089032 14.340196515200658 19.598754348931834
leaf_count=917 2628 186 195 207 518 595 185 173 87 660 206 572 76 1058 1063 616 5885 1996 118 1190 385 903 549 1631 2012 1114 1676 725 778 2292
internal_value=0.000233975 0.00347547 0.00575995 -0.00254198 -0.000301117 0.00338545 0.00512909 0.00826961 0.00751609 0.00888876 0 0.0120754 -0.00484032 -0.00103326 -0.00017663 0.00419313 -0.00348704 -0.0010879 -0.00409489 0 -0.00798871 4.23107e-05 0.00430838 -0.00502357 0.00661689 -0.000788931 0 0.00279645 -0.00160965 0.00108253
internal_weight=484.123 70.542 54.3281 16.2139 413.581 59.2662 53.8203 46.1892 40.795 36.8308 12.8394 23.9914 8.54557 354.315 274.949 38.9811 79.3659 235.968 66.2051 33.0588 8.40549 169.763 28.4956 68.9692 32.9764 141.267 122.833 46.6945 76.1386 33.939
internal_count=31196 1678 1285 393 29518 2899 2304 1090 1786 1601 369 1232 282 26619 18045 3691 8574 14354 3689 1693 503 10665 1452 7516 3075 9213 8099 3353 4746 3070
is_linear=0
shrinkage=0.05


Tree=139
num_leaves=31
num_cat=0
split_feature=29 24 3 5 16 20 27 38 41 16 3 31 33 30 41 4 40 16 38 20 40 24 41 20 35 24 7 21 34 28
split_gain=0.405244 0.875341 0.382064 0.570462 0.301962 0.287998 0.286399 0.437839 0.414605 0.583147 0.523926 0.410059 0.599432 0.687832 0.469879 0.593595 0.572396 0.378258 0.35958 0.331816 0.32622 0.336714 0.317095 0.313762 0.284949 0.281425 0.303673 0.271109 0.464072 0.24956
threshold=-0.4433333277702331 0.16333335638046267 0.23500001430511477 -0.46999999880790705 0.48333334922790533 0.13666665554046634 -0.17000000178813932 -0.01221942901611328 0.036225898191332824 0.12333333492279054 -0.22333332896232602 -0.33666665852069849 -1.0000000180025095e-35 0.38333332538604742 0.035614177584648139 -0.083333343267440782 0.47666665911674505 0.30333334207534796 0.020410537719726566 -0.1766666769981384 0.023333333432674411 -0.33666665852069849 0.038000477477908141 -0.063333332538604722 -0.016666665673255917 0.35666668415069586 -0.090000003576278673 0.096666663885116591 0.25000000000000006 0.14333331584930423
decision_type=2 2 2 2 2 2 2 2 2 2 2 2 2 2 2 2 2 2 2 2 2 2 2 2 2 2 2 2 2 2
left_child=1 2 3 -1 -5 -3 11 17 10 18 -9 12 -2 24 15 -15 -16 -8 -10 -18 23 -22 -19 -13 -14 26 -12 28 -23 -20
right_child=6 5 -4 4 -6 -7 7 8 9 -11 25 20 13 14 16 -17 19 22 29 -21 21 27 -24 -25 -26 -27 -28 -29 -30 -31
leaf_value=-6.7367619120578231e-05 -0.0096075980722020483 -0.0098205355104559622 -0.00094415945834211445 0.016553867370590624 0 0.0015552192012667581 -0.0056043260384079511 -0.0027868344125065708 -0.0060767415996406176 -0.0080835875357272453 0.00011129171859490013 -0.010205460199636501 0 0.0021824377740841286 0.0088592960684487111 -0.011095942262021806 0.0019433623655459075 -0.0028888898340891115 0.0062118060115724568 -0.0092304000341966261 -0.0033943228687680379 -0.001072753779123895 0.0062440516901681453 0.0010901550565837804 0.011241804083792042 -0.00016058014811733186 0.011329921381221294 0.0065557595100886913 0.0063750563572255396 -4.9309581947790031e-05
leaf_weight=4.6884203478693989 12.976603797404094 5.3923283938784143 2.5168220007326445 15.636907421285292 3.1354650075081727 2.3170002645347267 74.417160325101577 14.630421296344137 7.2079891315661362 20.334981763036922 14.120500688790338 3.7044960230123252 5.086414135294036 6.3116647065617135 9.9315937110222894 17.242201438173655 4.9615679429844022 14.463844388024883 21.566885803476907 6.3718419843353313 8.9831818223465216 49.833181995549239 10.194113579695111 5.8402260961011034 10.524003861239176 6.0918892775662234 20.254647042136643 58.283988962881267 24.72931031207554 20.196921516675502
leaf_count=226 382 303 147 739 139 124 7042 1394 633 2283 1311 213 173 116 215 382 107 971 1662 146 712 2799 642 276 305 679 1759 2793 1186 1283
internal_value=0.000177252 0.00504739 0.00935841 0.0112794 0.0144524 -0.0053937 -0.000195541 -0.00148864 0.000322633 -0.00196787 0.00352334 0.000987025 -0.00179661 0.000220659 -0.00261274 -0.00697116 0.00176959 -0.00388945 0.000721949 -0.00391699 0.00251278 0.00325766 0.000554476 -0.0039326 0.00797925 0.006408 0.00804213 0.00401477 0.00137788 0.00303469
internal_weight=481.947 33.6869 25.9776 23.4608 18.7724 7.70933 448.26 223.479 124.404 69.3068 55.0975 224.78 73.4059 60.4293 44.8189 23.5539 21.265 99.0751 48.9718 11.3334 151.374 141.83 24.658 9.54472 15.6104 40.467 34.3751 132.846 74.5625 41.7638
internal_count=31142 1678 1251 1104 878 427 29464 19659 11004 5861 5143 9805 1826 1444 966 498 468 8655 3578 253 7979 7490 1613 489 478 3749 3070 6778 3985 2945
is_linear=0
shrinkage=0.05


Tree=140
num_leaves=31
num_cat=0
split_feature=30 8 7 22 33 27 39 39 9 39 39 1 41 8 41 19 29 28 0 39 30 33 6 31 37 10 2 25 10 32
split_gain=0.306717 0.564532 0.434619 0.343523 0.306 0.294048 0.621719 0.652294 0.689388 0.621589 0.603971 0.492544 0.484298 0.441877 0.386872 0.340977 0.339205 0.334732 0.333302 0.31083 0.310303 0.295157 0.352062 0.293484 0.362413 0.288403 0.435544 0.287699 0.273878 0.257034
threshold=0.46166664361953741 0.26999998092651373 0.34333333373069769 0.30166667699813848 0.47666668891906744 -0.17000000178813932 0.030262772925198082 0.034798877313733108 -0.049999997019767754 0.026919633150100711 0.032452378422021873 0.19666665792465213 0.045919001102447517 0.14999997615814212 0.062321202829480178 -0.24333333969116208 -0.4433333277702331 -0.063333332538604722 -0.076666668057441698 0.021494119428098205 0.23000001907348636 -0.023333340883255001 0.21666666865348819 -0.35000000894069666 0.050316810607910163 0.043333351612091071 -0.3899999856948852 -0.25666666030883784 0.24333333969116214 -0.35000000894069666
decision_type=2 2 2 2 2 2 2 2 2 2 2 2 2 2 2 2 2 2 2 2 2 2 2 2 2 2 2 2 2 2
left_child=1 5 -2 4 25 9 16 8 -8 11 13 14 15 29 21 -9 -7 -12 -18 -20 -19 28 -23 -21 -25 -3 -27 -17 -1 -11
right_child=2 3 -4 -5 -6 6 7 12 -10 10 17 -13 -14 -15 -16 27 18 20 19 23 -22 22 -24 24 -26 26 -28 -29 -30 -31
leaf_value=0.0042734037564170898 -0.00079483301420599564 0 0.0081291786533961869 0.00064582630464379885 0.00097912995865477061 0.0029509666232874973 0.013186777797755265 -0.0033403711523275941 -0.0023809587389700452 0 -0.0035790216428944442 -0.00046983425302193861 -0.0068512026939887248 0.00062079102124279776 -0.0033181515286716864 0 -3.4600755351567739e-05 0.010023683622396985 -0.001533593422074015 0 -0.00016217455463793051 0.012025038998160795 0 -0.012767026713902608 0 0 -0.01038596457172512 0.010293340439531362 -0.0039640413458663579 -0.015233329407201275
leaf_weight=35.141021163435653 16.797693626023829 7.4584892070852211 20.887262253905647 18.72255298611708 6.5709923820104441 15.73532994952984 16.944413419580091 4.4286058382131168 4.4879178883275008 1.9068605913780619 8.9968165373429656 35.028780108550563 13.553517651045693 3.3766521753277621 3.6366099468432358 4.3856376986950627 57.701961608137935 8.7262756088748556 43.100235492223874 4.2223101116251192 5.9533885898999879 30.918161270907149 9.7772859500255418 23.179864184116017 5.6036005828063926 7.7990784611320114 38.681100337766111 10.607230359921232 5.2447447821032247 9.3108503101393563
leaf_count=1681 344 657 825 1511 451 917 742 255 495 114 452 1532 986 141 171 212 5242 371 4108 241 211 1165 379 2420 519 695 2954 571 280 470
internal_value=0 -0.00037274 0.00401628 -0.00406495 -0.00582518 0.000420621 -0.000740395 0.00341967 0.00920781 0.00204382 -0.00284684 0.00386693 -0.000539274 -0.00937301 0.00584814 0.00345955 -0.00248818 0.00141523 -0.00340581 -0.005468 0.00583535 0.00674664 0.00977115 -0.00893857 -0.010521 -0.00708624 -0.00843148 0.00703964 0.00229031 -0.0130013
internal_weight=478.885 441.2 37.685 79.2322 60.5097 361.968 203.951 54.4073 21.4323 158.017 38.2708 119.747 32.975 14.5944 84.7178 19.4215 149.543 23.6765 133.808 76.106 14.6797 81.0812 40.6954 33.0058 28.7835 53.9387 46.4802 14.9929 40.3858 11.2177
internal_count=31112 29943 1169 6268 4757 23675 16708 3261 1237 6967 1759 5208 2024 725 3676 1038 13447 1034 12530 7288 582 3505 1544 3180 2939 4306 3649 783 1961 584
is_linear=0
shrinkage=0.05


Tree=141
num_leaves=31
num_cat=0
split_feature=10 4 27 5 39 25 0 1 33 29 38 5 38 41 24 38 26 32 27 7 12 27 11 41 36 39 12 4 31 5
split_gain=0.288619 0.363993 0.514905 0.557922 0.449009 0.530092 0.431387 0.312062 0.288645 0.277786 0.504507 0.426661 0.420846 0.46782 0.360378 0.355946 0.637491 0.54275 0.39528 0.39487 0.357513 0.580659 0.509063 0.382683 0.376131 0.348308 0.453688 0.36296 0.319187 0.304641
threshold=-0.29000000655651087 -0.236666664481163 0.096666663885116591 -0.28333333134651179 0.027028502896428112 -0.29666668176650995 -0.2183333337306976 -0.40333333611488337 0.043333351612091071 0.3966666460037232 0.012786865234375002 -0.10333332419395445 -0.079872131347656236 0.031045022420585159 0.13666665554046634 0.012786865234375002 -0.30333334207534784 0.24333333969116214 -0.4433333277702331 0.34333333373069769 0.21666666865348819 -0.17000000178813932 0.01666665077209473 0.037718985229730613 -0.036666661500930779 0.01726569049060345 0.43666666746139532 0.31666666269302374 -0.41666667163372034 0.34333333373069769
decision_type=2 2 2 2 2 2 2 2 2 2 2 2 2 2 2 2 2 2 2 2 2 2 2 2 2 2 2 2 2 2
left_child=1 2 3 7 5 -4 -3 -1 -8 15 12 -12 28 29 -15 19 -17 18 -18 20 21 22 23 24 -2 -22 27 -27 -11 -14
right_child=9 6 4 -5 -6 -7 8 -9 -10 10 11 -13 13 14 -16 16 17 -19 -20 -21 25 -23 -24 -25 -26 26 -28 -29 -30 -31
leaf_value=0 0 -0.0064320710296084096 0.0033731315200494975 0 0.0062562469531848705 -0.01028891992200952 0 0.015677700300480494 0.0085780741110114602 0.008366614574036783 -0.0023111280578013414 0.0081613064815522999 -0.0041747569597028111 0 -0.014382329721971661 0.0029550189390169204 1.2686903548813213e-05 0.00076255959886451668 -0.0081164133377233608 -0.0070683805107306461 -0.0012781471401622259 -0.0042127121439079684 -0.0040607028328294601 0 0.010685973738123281 0.013661243792139052 -0.001596471199307831 0 -0.002179225371134142 0.0067358773834712161
leaf_weight=5.2525317054241922 9.4097330321092141 16.017142221331596 4.8593674590811125 8.5487526054494065 8.5129711860790831 10.589051684364678 40.758528580889106 13.601451931055637 6.1687282300554207 8.6221850505098683 5.9047379081603131 29.088922468479723 5.0572151739615965 8.721837335033344 8.316393082845023 22.515215700026602 10.932155987480654 22.165006769122556 74.96691725042183 11.699943954125045 6.5271589310141307 50.857241155114025 13.968891147058455 21.335830403259024 22.824450441868976 14.659792353864765 3.5694987764582029 2.9357987395487717 4.9002276747487477 6.8238542377948761
leaf_count=142 415 1030 220 414 233 785 2788 470 340 246 126 1211 150 294 450 1873 366 1997 5742 1313 573 5156 873 865 775 1071 251 336 319 315
internal_value=-0.000130219 0.001938 0.00486127 0.00889505 0 -0.00508445 -0.000300311 0.0127458 0.00181213 -0.000864594 0.00155556 0.00570474 -0.00163226 -0.00508755 -0.009457 -0.00161786 -0.00348666 -0.0051328 -0.00687652 0 0.000822342 -0.00026045 0.00247657 0.0048382 0.00784175 0.00541572 0.0082267 0.0111782 0.00376921 0.000851108
internal_weight=480.112 114.309 51.3641 27.4027 23.9614 15.4484 62.9444 18.854 46.9273 365.803 77.4354 34.9937 42.4417 28.9193 17.0382 288.368 130.579 108.064 85.8991 157.788 146.088 118.396 67.5389 53.57 32.2342 27.6922 21.1651 17.5956 13.5224 11.8811
internal_count=31139 6422 2264 1026 1238 1005 4158 612 3128 24717 3111 1337 1774 1209 744 21606 9978 8105 6108 11628 10315 8084 2928 2055 1190 2231 1658 1407 565 465
is_linear=0
shrinkage=0.05


Tree=142
num_leaves=31
num_cat=0
split_feature=24 37 20 10 3 23 1 32 22 15 25 19 21 24 38 24 5 5 37 10 22 25 31 15 25 10 35 22 5 26
split_gain=0.365866 0.41045 0.35595 0.366115 0.412779 0.758555 0.512877 0.457118 0.402455 0.497782 0.367428 0.332705 0.377611 0.319767 0.275868 0.272874 0.249323 0.346601 0.287254 0.269406 0.262624 0.252573 0.282912 0.35859 0.242134 0.239437 0.22289 0.216911 0.214886 0.230479
threshold=0.43000000715255743 0.011497497558593752 -0.32333332300186152 0.46999999880790716 0.32333332300186163 0.42333334684371954 -0.14333333075046537 0.31000000238418585 0.25666666030883795 0.45666664838790899 0.37000000476837164 0.3966666460037232 0.25000000000000006 -0.29000000655651087 -0.0010662078857421873 -0.14333333075046537 -0.18999999761581418 0.11000001430511476 0.086639404296875014 0.030000001192092899 0.26999998092651373 0.31666666269302374 -0.19666665792465207 -0.28333333134651179 -0.090000003576278673 -0.10999999940395354 0.25666666030883795 -0.33666665852069849 0.29000002145767217 -0.46999999880790705
decision_type=2 2 2 2 2 2 2 2 2 2 2 2 2 2 2 2 2 2 2 2 2 2 2 2 2 2 2 2 2 2
left_child=2 -2 11 4 6 27 7 8 9 28 -5 12 13 -1 -15 -10 18 19 -8 -18 -21 22 25 26 -13 -19 -24 -6 29 -4
right_child=1 -3 3 10 5 -7 16 -9 15 -11 -12 24 -14 14 -16 -17 17 21 -20 20 -22 -23 23 -25 -26 -27 -28 -29 -30 -31
leaf_value=-0.00025936465659012075 -0.009852430670161191 0.00047650925854687712 0.0009736006204354782 0.01032062663559459 0 0.0018417704236587625 0.0053351175228174164 0.0049257541666082923 -0.0023573321028513752 0.0040663995853391583 -0.001605024738822655 -0.0094229427580143008 -0.0025664702467974639 0.010591414447076689 0.0012794371607765627 0.0085172441300745555 0 0 -0.002847559569933429 -0.0080066898020275338 0 -0.0027328801341926631 -0.0083371252311741622 0.0039798769179147618 0.00052568538271322235 0.008476226660717007 0.00075747787056621504 -0.010183312443454549 0.00048531910317045645 -0.007445097029844621
leaf_weight=8.8757330829976109 13.933610832435081 9.5417142910882813 1.9322684444487084 9.2787628418300283 1.7972722160629953 18.778826788184233 50.885939260129817 8.8976076324470323 2.8174298545345664 6.0571390849072477 3.518032713327556 2.3089073980227113 7.6759860571473828 28.086660473607477 21.820009695366029 5.0507003616075954 52.862073112512007 6.1704084984958163 4.9350355563219628 19.995520359603692 8.2182068449910712 9.1597841469338146 8.9192636103834975 19.988512860727496 7.4031016689259541 26.774674477055669 2.8092027867678544 29.076954287826084 3.3234697014559051 78.496766718220897
leaf_count=692 1357 930 135 408 120 1117 3565 697 168 250 230 121 409 1328 1405 251 3579 239 348 1349 526 697 385 1813 666 868 134 2032 228 5119
internal_value=-0.000136888 -0.00556359 0.000157052 -0.000424814 -0.000821241 -0.00480115 -4.3553e-05 -0.00285224 -0.00404594 -0.00514363 0.00624626 0.00318137 0.00459109 0.00606278 0.0075415 0.00348539 0.00130128 6.00162e-05 0.00400115 -0.00196559 -0.00543309 0.00257839 0.00385273 0 -0.00294352 0.00671513 -0.0052295 -0.00916184 -0.00631558 -0.00690004
internal_weight=479.39 23.4753 455.914 379.744 366.947 49.6531 317.294 106.575 97.6778 89.8096 12.7968 76.1704 66.4584 58.7824 49.9067 7.86813 210.719 154.898 55.821 81.0758 28.2137 73.8218 64.6621 31.717 9.71201 32.9451 11.7285 30.8742 83.7525 80.429
internal_count=31166 2287 28879 24258 23620 3269 20351 6848 6151 5732 638 4621 3834 3425 2733 419 13503 9590 3913 5454 1875 4136 3439 2332 787 1107 519 2152 5482 5254
is_linear=0
shrinkage=0.05


Tree=143
num_leaves=31
num_cat=0
split_feature=9 8 37 24 15 37 26 32 8 27 25 10 39 0 39 25 14 7 9 39 39 11 37 37 27 4 39 39 38 24
split_gain=0.408729 0.459039 0.611497 0.600811 0.752536 0.598851 0.61828 0.526985 0.673545 0.522608 0.463661 0.429956 0.424555 0.664224 0.48725 0.39724 0.373493 0.380885 0.366429 0.367725 0.360355 0.358858 0.357955 0.365643 0.35569 0.346617 0.313168 0.461777 0.320295 0.361769
threshold=0.42333334684371954 -0.096666663885116563 -0.022203922271728512 0.34333333373069769 -0.32333332300186152 -0.035023689270019524 0.35000002384185797 0.36333334445953375 0.096666663885116591 -0.32333332300186152 0.29666668176651007 -0.076666668057441698 0.028422865085303787 -0.076666668057441698 0.021494119428098205 -0.26333332061767573 0.43000000715255743 0.3966666460037232 -0.11666667461395262 0.044708404690027244 0.013734275940805675 0.35000002384185797 0.0071382522583007821 0.042748451232910163 -0.4433333277702331 -0.19666665792465207 0.030629945918917659 0.020881145261228088 -0.11537122726440428 -0.3899999856948852
decision_type=2 2 2 2 2 2 2 2 2 2 2 2 2 2 2 2 2 2 2 2 2 2 2 2 2 2 2 2 2 2
left_child=1 5 3 4 -3 10 12 8 9 -4 15 -10 13 21 -15 25 17 20 19 -14 -13 22 -7 -24 -8 -1 27 -2 -29 -30
right_child=26 2 7 -5 -6 6 24 -9 11 -11 -12 16 18 14 -16 -17 -18 -19 -20 -21 -22 -23 23 -25 -26 -27 -28 28 29 -31
leaf_value=0.0062080864443523065 0 0.0083706671405034284 0.0050274655452614871 -0.006471168369804073 -0.0008994494757117897 0.012560440460314563 0.0021634080003190134 0.0020232503042552762 0 -0.0039871691962138902 0.0059975048252265571 0 0.011593159000884045 0.0012997067529787361 -0.0077048254072916312 -0.0080431015538146057 0.00025516181101900901 0 0 -0.00031862143096829572 -0.012604799177284732 -0.0016366114819613932 -0.0030048869559615764 0.0073896722590712331 -0.0079668526416136667 -0.0047814273358503584 -0.0018526389674243344 0 0 0.014670567756301538
leaf_weight=8.5793029884807748 15.653975900029762 32.509475120576099 19.116004160605371 12.739842051989397 38.885345199145377 16.236062903190032 6.6667210902087417 23.441898147226311 11.849973692325873 36.60468465113081 4.5338652457576236 5.2128862717654547 31.571232688846067 32.287150929216295 16.362368569010869 29.372875056229532 3.8745698560960582 3.5847690498922011 5.5069538350217035 2.6841562355402848 50.916838148375973 5.2758123119128859 11.417349913856016 8.4828014839440566 13.335509815253316 7.3318588451948008 7.2110870482865712 2.026812830707061 2.2846983131021323 15.073400753550226
leaf_count=364 1050 1029 672 1008 3429 1007 184 1908 921 3097 256 282 1262 2358 1307 1849 385 228 471 127 3410 393 908 559 661 549 467 109 140 715
internal_value=0 -0.000433383 -0.00193248 0.00122826 0.00332035 0.00124176 0.00288737 -0.00378986 -0.00505415 -0.000301394 -0.00303785 -0.00797681 0.00424496 0.00174878 -0.00178476 -0.0050258 -0.00948213 -0.01046 0.00838194 0.0101304 -0.0114477 0.0061277 0.00792622 0.00114617 -0.00390889 8.05187e-05 0.00440997 0.00639044 0.0105593 0.0124681
internal_weight=480.63 438.38 238.736 84.1347 71.3948 199.644 149.826 154.602 131.16 55.7207 49.8179 75.439 129.824 90.0615 48.6495 45.284 63.5891 59.7145 39.7623 34.2554 56.1297 41.412 36.1362 19.9002 20.0022 15.9112 42.25 35.0389 19.3849 17.3581
internal_count=31105 28624 16369 5466 4458 12255 9237 10903 8995 3769 3018 5226 8392 6532 3665 2762 4305 3920 1860 1389 3692 2867 2474 1467 845 913 2481 2014 964 855
is_linear=0
shrinkage=0.05


Tree=144
num_leaves=31
num_cat=0
split_feature=20 12 20 12 4 2 1 7 40 10 8 17 14 38 38 28 41 22 24 40 27 2 26 24 41 1 41 5 7 9
split_gain=0.293071 0.818092 0.707002 0.451712 0.446011 0.360037 0.551049 0.539772 0.52611 0.418217 0.371918 0.346327 0.606013 0.471071 0.436792 0.343038 0.32831 0.295079 0.285427 0.302196 0.418148 0.270542 0.436175 0.347172 0.261696 0.258017 0.257661 0.392348 0.256895 0.255839
threshold=-0.19666665792465207 0.41000002622604376 -0.12333333492279051 0.3966666460037232 0.043333351612091071 -0.33666665852069849 -0.37666666507720942 -0.37666666507720942 0.30333334207534796 0.38999998569488531 -0.22333332896232602 -0.236666664481163 -0.15666666626930234 0.10015916824340822 -0.048531532287597649 0.17666667699813846 0.049133542925119407 0.44333332777023321 0.23666667938232425 0.65333333611488353 -0.18999999761581418 0.18999999761581424 0.45666664838790899 0.26999998092651373 0.029546572826802734 -0.22999998927116391 0.045919001102447517 0.13666665554046634 -0.22333332896232602 -0.48333333432674402
decision_type=2 2 2 2 2 2 2 2 2 2 2 2 2 2 2 2 2 2 2 2 2 2 2 2 2 2 2 2 2 2
left_child=1 4 21 5 11 6 10 9 -8 -7 -4 13 25 -1 16 24 -14 -5 19 20 -6 22 23 -2 -9 -13 27 -17 -26 -3
right_child=2 29 3 17 18 7 8 15 -10 -11 -12 12 14 -15 -16 26 -18 -19 -20 -21 -22 -23 -24 -25 28 -27 -28 -29 -30 -31
leaf_value=0.012249290476613835 -0.013274683148086287 0.00082514575720051074 0.0029136437669064741 0.0088501213305603905 -0.01191608323878382 -0.010230236418613113 -0.00010134738649312085 -0.002297814550758366 0.012939019604656472 0.0027424039494260695 -0.0095457952302746962 -0.0088808594676996876 0.013129222408558584 0 0 -0.0079863112455187853 0 -0.0011042711088441039 0.0031916705433081925 0.0012138529775241804 0 0 0.0016352933673633501 0 -0.00076220322056178122 0 0.00085742714096866211 -0.00071846922168932988 0.0044922004659814739 -0.0096878810836134796
leaf_weight=22.532061732141305 20.657967871753506 1.3934041431639332 4.4196366807445884 15.977780110202731 9.6703327796421963 20.597821963718165 7.0151467598043409 23.651869368040934 12.353939337888731 1.7755965173710127 4.9708321173675376 7.8280110179912299 12.551454070257018 5.5569751274306318 22.003431236720647 29.031346884556115 3.1052849111147216 3.4478400601074091 20.408771435730159 9.8265783428214473 7.7333930422319126 8.0470741320168582 2.6350070140324524 3.7380859502591184 22.13273335271515 7.9983084870036674 32.690146516310051 62.02456200378947 61.266784755513072 12.736842204933053
leaf_count=950 1445 44 196 1277 411 1442 416 2113 645 107 336 382 693 203 2085 1371 156 357 1428 619 660 522 71 243 1714 453 1726 3056 4684 1291
internal_value=-0.000113378 0.00167685 -0.000965164 -4.15827e-05 0.00314943 -0.000683685 0.00393551 -0.00138384 0.00832363 -0.00795738 -0.00320758 0.00529269 0.00190384 0.00954142 0.00542528 -0.000455547 0.0104767 0.00625641 -0.000236058 -0.00366984 -0.00709978 -0.00712604 -0.00914483 -0.0112246 0.00143827 -0.00451821 -0.0022773 -0.00364372 0.00286056 -0.00747232
internal_weight=479.779 143.345 336.434 301.356 129.215 281.93 28.7596 253.171 19.3691 22.3734 9.39047 81.5755 53.4865 28.089 37.6602 230.797 15.6567 19.4256 47.6391 27.2303 17.4037 35.0781 27.0311 24.3961 107.051 15.8263 123.746 91.0559 83.3995 14.1302
internal_count=31096 9375 21721 19440 8040 17806 1593 16213 1061 1549 532 4922 3769 1153 2934 14664 849 1634 3118 1690 1071 2281 1759 1688 8511 835 6153 4427 6398 1335
is_linear=0
shrinkage=0.05


Tree=145
num_leaves=31
num_cat=0
split_feature=29 27 6 39 3 12 33 8 39 14 13 34 12 33 34 1 31 0 39 37 41 25 23 31 14 31 19 31 33 4
split_gain=0.408212 0.596301 0.517442 0.448722 0.427807 0.459833 0.413904 0.433495 0.367235 0.365725 0.333539 0.588661 0.305461 0.296461 0.294155 0.454257 0.640416 0.42586 0.574601 0.428383 0.304714 0.279315 0.295552 0.25168 0.290833 0.444411 0.37201 0.375177 0.34479 0.312711
threshold=-0.32333332300186152 -0.40333333611488337 -0.37666666507720942 0.013899363577365877 -0.076666668057441698 0.01666665077209473 -0.48333333432674402 0.33666664361953741 0.019554697908461097 0.38333332538604742 0.16333335638046267 0.34333333373069769 0.27666664123535162 0.48333334922790533 -0.36333334445953364 -0.090000003576278673 0.19666665792465213 0.3966666460037232 0.017001166008412841 0.017001628875732425 0.045296709984540946 -0.24999999999999997 0.18999999761581424 -0.016666665673255917 -0.4433333277702331 -0.41666667163372034 -0.31666666269302363 -0.33666665852069849 0.26999998092651373 -0.04333332180976867
decision_type=2 2 2 2 2 2 2 2 2 2 2 2 2 2 2 2 2 2 2 2 2 2 2 2 2 2 2 2 2 2
left_child=1 -1 8 -3 5 -5 -7 -8 -2 -10 11 12 14 -12 17 16 20 18 -4 -20 -16 -13 -23 24 25 -17 27 -26 -29 -27
right_child=2 3 10 4 -6 6 7 -9 9 -11 13 21 -14 -15 15 23 -18 -19 19 -21 -22 22 -24 -25 26 29 -28 28 -30 -31
leaf_value=-0.0081811557819233965 0 -0.0049744190428499466 0.0010754774207228908 0 0 0 0.013292331831541626 0 -0.013391271953452279 0.00010901835416509507 -0.0046525812018994549 -0.00037761926152278671 0.0077544316081472279 0.0036109289694188627 -0.0072872870826681431 0.0036151552963936701 0.0059670620599533535 0.0010716682487693812 -0.016210985481668629 0 0 0.0099093520344615028 -0.00044666734909013352 -0.001388869452929318 0 0.00073892355036750228 0 0.0097271740908793369 -0.00085039724656753258 -0.0096060505735581121
leaf_weight=4.2462356439791611 7.7968000990804311 4.8685490931384257 5.8352650916203883 14.966468862025065 24.545946516329423 4.5844696576241395 32.150852427934296 3.3770669451914719 12.845733765279872 1.9639092073775817 59.279628783697262 5.2884456414030891 4.7353961064945898 4.9473102628253391 44.204912720946595 16.553280234802514 8.4104682683246192 11.374103779904543 10.833946811500935 4.1480206940323106 18.683409730670974 23.715683182468641 2.6337069703731677 43.993437104625627 10.72035686788149 4.3741628732532254 34.026853080838919 39.242926947772503 3.1813806276768437 11.491003193426875
leaf_count=168 530 470 241 1008 1817 178 1465 274 860 141 6967 303 436 419 2479 308 765 623 501 208 971 1057 99 3832 349 107 2699 1433 107 275
internal_value=-8.59129e-05 0.00280479 -0.000838786 0.00413899 0.00529771 0.00754023 0.0100119 0.0116714 -0.00735436 -0.0108844 -0.000259617 0.000378665 -0.000338964 -0.00340594 -0.000741245 0 -0.00324982 -0.00481497 -0.0084837 -0.0126412 -0.00525772 0.00627943 0.00821057 0.00137209 0.00260465 -0.000750164 0.00408857 0.00648522 0.00841061 -0.00619038
internal_weight=479.02 88.7396 390.28 84.4934 79.6248 55.0789 40.1124 35.5279 22.6064 14.8096 367.674 303.447 271.809 64.2269 267.074 234.882 71.2988 32.1913 20.8172 14.982 62.8883 31.6378 26.3494 163.583 119.59 32.4184 87.1715 53.1447 42.4243 15.8652
internal_count=31090 5380 25710 5212 4742 2925 1917 1739 1531 1001 24179 16793 15334 7386 14898 13325 4215 1573 950 709 3450 1459 1156 9110 5278 690 4588 1889 1540 382
is_linear=0
shrinkage=0.05


Tree=146
num_leaves=31
num_cat=0
split_feature=29 8 41 37 38 38 24 25 7 32 0 41 39 24 32 27 41 19 37 39 19 8 37 29 19 29 35 1 32 22
split_gain=0.304214 0.658351 0.675485 0.513764 0.470828 0.755704 0.418955 0.384117 0.601109 0.358961 0.358889 0.437487 0.416586 0.402844 0.362064 0.367536 0.5399 0.367244 0.357842 0.443398 0.350405 0.369468 0.368052 0.345163 0.520992 0.332527 0.52167 0.485857 0.332202 0.325369
threshold=0.41666668653488165 0.069999992847442641 0.039547588676214225 0.052246093750000007 0.014066219329833986 0.10286664962768556 0.38999998569488531 0.32999998331069952 0.26333332061767584 0.25666666030883795 -0.15833333134651181 0.040580337867140777 0.01726569049060345 0.030000001192092899 -0.069999992847442613 -0.35000000894069666 0.035905381664633758 0.01666665077209473 0.025244712829589847 0.017576491460204128 0.23000001907348636 -0.083333343267440782 0.086639404296875014 -0.36333334445953364 -0.29666668176650995 -0.023333340883255001 0.17000001668930056 0.25666666030883795 0.37000000476837164 0.23000001907348636
decision_type=2 2 2 2 2 2 2 2 2 2 2 2 2 2 2 2 2 2 2 2 2 2 2 2 2 2 2 2 2 2
left_child=1 3 25 10 7 6 -6 8 -2 -9 14 12 -12 -14 15 -1 18 -16 19 -17 21 22 -5 -13 -25 -3 -27 -28 -10 -26
right_child=4 2 -4 20 5 -7 -8 9 28 -11 11 23 13 -15 17 16 -18 -19 -20 -21 -22 -23 -24 24 29 26 27 -29 -30 -31
leaf_value=-0.0072013881319930766 -0.0066186462621860877 0.0043209338053580128 -0.0074369631995030924 0.013221018797582682 0.014073083149302416 -0.002801457956895701 0 0.001814224822188017 0.010105631258402704 -0.010824116592198327 0.0005952976669459227 0.007897080396493247 -0.0010065519188677124 -0.0097884351531882761 0.0099519198924207242 0 -0.003005864759812986 0 -0.0022548790819039975 0.01276249132449403 -0.0020177435530854943 0 0.0011673671573844582 0.0047817295955260922 -0.0092476412266990562 -0.0061624314494937568 -0.0013995418247913262 0.009326185534248594 0 0.00037161382719135997
leaf_weight=8.6563105718232674 5.5390604231506613 20.799374601338059 51.910700717708096 17.691885568900034 17.576327371178202 7.6290901897009453 4.7797959351446471 2.1695418409071854 13.640476838918405 8.1386272707022709 27.269239850109443 10.276040202006696 34.919764689868316 29.136317146243528 17.113869886845354 7.0146855933126124 20.482459566555917 11.632952516083604 2.7444072619546196 13.8173790583387 6.7037848143372676 10.732636062661184 17.380997170927003 16.215074833249673 12.827596071409063 34.313934228848666 25.731386820436455 8.4830662378808466 7.0489154099486759 7.2130029625259331
leaf_count=313 134 2005 4295 900 520 324 284 53 309 642 2084 439 2469 2058 872 497 1241 1027 220 767 546 703 934 627 1178 2218 1901 646 354 662
internal_value=0 -0.00047436 -0.0032101 0.000895741 0.00303096 0.00714998 0.0113018 -0.000293461 0.00234991 -0.00694233 -0.00010155 -0.00173612 -0.00375352 -0.00585413 0.00230811 0 0.00178087 0.00628171 0.00655086 0.00888746 0.00507173 0.00670539 0.00889943 0.00172389 -0.000307041 -0.00017803 -0.0021169 0.0016328 0.00663585 -0.00553753
internal_weight=479.589 413.067 141.238 271.828 66.5218 29.9852 22.3561 36.5366 26.2285 10.3082 219.319 137.857 91.3253 64.0561 81.4621 52.7152 44.0589 28.7468 23.5765 20.8321 52.5093 45.8055 35.0729 46.5317 36.2557 89.3278 68.5284 34.2145 20.6894 20.0406
internal_count=31222 28602 11065 17537 2620 1128 804 1492 797 695 14454 9517 6611 4527 4937 3038 2725 1899 1484 1264 3083 2537 1834 2906 2467 6770 4765 2547 663 1840
is_linear=0
shrinkage=0.05


Tree=147
num_leaves=31
num_cat=0
split_feature=31 24 13 23 40 25 38 32 18 1 32 26 39 24 23 22 20 29 19 24 7 4 40 4 7 18 17 39 7 41
split_gain=0.216702 0.492598 0.414292 0.551934 0.304417 0.26252 0.513946 0.917246 0.707728 0.528643 0.476106 0.414352 0.361054 0.308307 0.284191 0.274739 0.272827 0.260882 0.331862 0.297306 0.442616 0.367472 0.308631 0.498794 0.325123 0.308 0.255766 0.287876 0.242771 0.239909
threshold=0.40333333611488348 -0.26333332061767573 0.40333333611488348 -0.28333333134651179 0.050000000745058067 -0.063333332538604722 0.039235115051269538 0.35666668415069586 -0.45666666328907007 0.18333333730697635 0.29000002145767217 -0.049999997019767754 0.025483747944235805 0.19666665792465213 0.35666668415069586 1.0000000180025095e-35 0.45666664838790899 -0.37666666507720942 0.043333351612091071 0.043333351612091071 -1.0000000180025095e-35 0.12333333492279054 0.54333335161209118 -0.11666667461395262 -0.21666666865348813 -0.049999997019767754 -0.083333343267440782 0.036715434864163406 0.26999998092651373 0.024497505277395252
decision_type=2 2 2 2 2 2 2 2 2 2 2 2 2 2 2 2 2 2 2 2 2 2 2 2 2 2 2 2 2 2
left_child=5 -2 3 -3 -5 17 8 9 13 14 26 -12 -9 -7 15 -8 29 18 -1 22 25 -22 24 -24 -19 -21 -10 -28 -17 -13
right_child=1 2 -4 4 -6 6 7 12 10 -11 11 16 -14 -15 -16 28 -18 19 -20 20 21 -23 23 -25 -26 -27 27 -29 -30 -31
leaf_value=0.0071923368907621191 -0.0038169852656046929 -0.0013751585381344769 -0.0011309734006258807 0 0.012084412742803155 0.0079656974726428562 4.3720315985690502e-05 0.014960976992891889 0.00094295350559221768 -0.0057193804054897733 0 0 0 -0.00088723072538763118 -0.0040188587672886 0.010233339639266835 0 0.0062297721892790505 -0.0021563381873559349 -0.011616309175900218 0.0050332173828572663 -0.0043746820461067299 -0.0096411122764861676 0.00036450435655237571 -0.0010722974815979855 -0.00020792615568071494 -0.0056715049371588097 0.0019656228271055323 0 -0.013849249325054443
leaf_weight=9.7563991222996282 16.004284100141376 7.2150621621403834 12.331580622820182 2.2602128814905909 23.629463319201022 18.253300094045702 27.64228910615202 12.237585287773983 54.440232760389335 20.293065504403785 9.622305260854775 1.4162318799644769 6.3524082720978177 7.1989561798982313 4.4006244556512675 15.941422778647395 1.9606338820885856 17.288095076102763 13.294477594085036 24.919959498103708 10.976699435152115 19.532991521526128 14.680267004296182 19.481099241413176 28.868632336612791 13.362948771566151 36.101178889977746 8.1183772310614568 1.9543687548721198 18.995988298556767
leaf_count=709 828 302 716 105 1190 357 1839 762 3070 1219 1153 99 442 157 204 927 137 1217 933 1428 540 1269 1148 1511 1927 1373 3244 536 169 1598
internal_value=-0.000464795 0.0020658 0.0048275 0.00751933 0.0105744 -0.00092067 4.22808e-05 0.00305743 -0.00156873 0 -0.00318895 -0.00807346 0.011371 0.00497528 0.00287239 0.00441375 -0.0111263 -0.00238624 0.00160821 -0.00320323 -0.00554137 -3.42731e-05 -0.000665015 -0.00411074 0.00158541 -0.0087664 -0.000994014 -0.00370425 0.00841175 -0.0126019
internal_weight=478.531 61.4406 45.4363 33.1047 25.8897 417.091 244.929 88.8218 156.107 70.2318 130.655 31.9952 18.59 25.4523 49.9387 45.5381 22.3729 172.162 23.0509 149.111 68.7926 30.5097 80.3181 34.1614 46.1567 38.2829 98.6598 44.2196 17.8958 20.4122
internal_count=31109 3141 2313 1597 1295 27968 15913 5562 10351 4358 9837 2987 1204 514 3139 2935 1834 12055 1642 10413 4610 1809 5803 2659 3144 2801 6850 3780 1096 1697
is_linear=0
shrinkage=0.05


Tree=148
num_leaves=31
num_cat=0
split_feature=9 15 31 24 25 24 11 5 40 20 7 14 8 19 7 8 33 28 40 40 12 23 14 30 8 15 9 4 4 20
split_gain=0.262847 0.383212 0.299937 0.409692 0.242857 0.336148 0.385838 0.321024 0.44293 0.384293 0.304516 0.437347 0.299738 0.476099 0.39754 0.48217 0.497322 0.43277 0.358964 0.31026 0.291047 0.290131 0.283856 0.423996 0.271309 0.268676 0.320852 0.265787 0.264433 0.26373
threshold=-0.48333333432674402 0.43000000715255743 0.48333334922790533 -0.22333332896232602 -0.063333332538604722 0.14999997615814212 -0.26333332061767573 0.13666665554046634 0.55666667222976696 0.37666666507720953 -0.21666666865348813 0.096666663885116591 -0.10999999940395354 -0.16333332657814023 0.34333333373069769 0.27666664123535162 0.20999997854232791 0.22166669368743899 0.10333333536982538 0.86666667461395275 0.20333331823349002 -0.21666666865348813 -0.0099999904632568342 0.48833334445953375 0.32333332300186163 0.35000002384185797 -0.33666665852069849 -0.11666667461395262 -0.096666663885116563 -0.36333334445953364
decision_type=2 2 2 2 2 2 2 2 2 2 2 2 2 2 2 2 2 2 2 2 2 2 2 2 2 2 2 2 2 2
left_child=-1 2 4 -4 5 7 27 8 10 20 11 28 13 -6 15 16 19 -17 -19 -14 -10 -12 23 24 -16 26 -15 -7 -2 -18
right_child=1 -3 3 -5 12 6 -8 -9 9 -11 21 -13 14 25 22 17 29 18 -20 -21 -22 -23 -24 -25 -26 -27 -28 -29 -30 -31
leaf_value=0.0065757992806651459 0.011863582906074506 -0.0050497117312722712 -0.0016152124467010997 0.011232652516245736 0.0073847717911282992 0 -0.00039767708307319549 0.0046581854261812496 -0.0082205747306465984 0.0031856313392984331 -0.0078160817528519812 -0.00083094858836716724 -0.0036379120470835333 -0.007029541372713769 0 0 -0.0011754486787911641 0 -0.014005565667987453 0.0027401226511824042 0.0006562623034599461 0.00078918750811231763 -0.00029648104086339407 -0.0029280764515767343 0.01126186609805546 0.0055775144679843036 0.0012385256952445155 -0.012077745429811416 0 0.0085892360142972544
leaf_weight=9.8280139279086125 12.062949999235572 28.545959300245158 3.5718366438522926 8.446983172092585 35.762654911959544 4.0476350972894606 37.803915791679174 25.49875804851763 33.463790067238733 5.1233245611656448 7.0872688421513912 13.184332602191715 55.460045841056854 14.423384715337306 9.5792558554094338 11.468453156296166 2.3029083302244571 4.4388779096771058 11.827382560586555 18.210649299086072 4.5487271966412655 21.159718287410215 18.735355735872872 3.8370977733284226 17.992689390899613 7.8909857692196956 15.172817383427173 12.747299486538394 6.4384953393600908 16.659572398522869
leaf_count=412 725 2126 101 238 1258 170 3014 1561 2501 386 481 898 3724 1087 446 956 138 147 455 1167 363 1433 2356 117 623 509 1653 570 440 907
internal_value=0.000237684 0 0.000416326 0.00676056 8.87578e-05 -0.0012005 -0.00428481 5.61871e-05 -0.00104674 -0.00472277 0.00140888 0.00461045 0.00116318 0.00370399 0 -0.00157194 2.65902e-05 -0.00670721 -0.010805 -0.00165991 -0.00664566 -0.00163101 0.00348425 0.00609358 0.00839268 0 -0.00259421 -0.00952995 0.00876233 0.00640436
internal_weight=477.321 467.493 438.947 12.0188 426.928 183.166 54.5989 128.567 103.069 43.1358 59.9328 31.6858 243.762 73.2498 170.512 120.368 92.6332 27.7347 16.2663 73.6707 38.0125 28.247 50.1444 31.409 27.5719 37.4872 29.5962 16.7949 18.5014 18.9625
internal_count=30962 30550 28424 339 28085 12542 3754 8788 7227 3250 3977 2063 15543 4507 11036 7494 5936 1558 602 4891 2864 1914 3542 1186 1069 3249 2740 740 1165 1045
is_linear=0
shrinkage=0.05


Tree=149
num_leaves=31
num_cat=0
split_feature=33 33 26 41 4 31 40 5 31 37 29 33 23 27 7 12 20 9 41 20 25 21 23 30 28 19 38 40 5 26
split_gain=0.256202 0.249372 0.533404 0.389714 0.343318 0.453572 0.565512 0.613008 0.453618 0.454259 0.511715 0.534472 0.492973 0.451535 0.515036 0.436775 0.387517 0.359238 0.3504 0.332276 0.331306 0.283887 0.304661 0.34651 0.268367 0.254128 0.340651 0.299824 0.252616 0.252174
threshold=0.48333334922790533 0.41666668653488165 -0.036666661500930779 0.028490886092185978 -0.29666668176650995 -0.46999999880790705 0.7033333182334901 -0.10333332419395445 -0.236666664481163 0.066391468048095717 0.081666648387908949 1.0000000180025095e-35 -0.049999997019767754 -0.11666667461395262 -0.236666664481163 -0.4433333277702331 0.18999999761581424 0.21666666865348819 0.035614177584648139 -0.36333334445953364 -0.35000000894069666 0.27666664123535162 -1.0000000180025095e-35 0.14999997615814212 0.056666672229766853 0.01666665077209473 -0.042906284332275384 0.756666660308838 -0.069999992847442613 0.45666664838790899
decision_type=2 2 2 2 2 2 2 2 2 2 2 2 2 2 2 2 2 2 2 2 2 2 2 2 2 2 2 2 2 2
left_child=1 4 -3 -4 13 17 8 16 15 10 11 12 24 14 -1 18 -8 -6 -7 -12 -9 22 -17 -24 -10 26 29 -28 -14 -22
right_child=-2 2 3 -5 5 6 7 20 9 -11 19 -13 28 -15 -16 21 -18 -19 -20 -21 25 -23 23 -25 -26 -27 27 -29 -30 -31
leaf_value=0.01062370056440887 0.0060495609501228309 0.0033114718320648925 0.00034390340660108419 -0.011058077383740046 0.011559349126038759 -0.0092330500909315102 -0.0068113012967458341 -0.0028520298720044537 -0.011268181492280684 0.0022121979085000499 0 0.004168552991705393 0.003368831280209587 -0.0003566417284880103 0 0 0.0019129364859395645 0 0.000295824663232994 -0.011089476134071486 0.0030293401969468778 -0.0013869052718097909 0 0.012159447259124587 0 0 -0.00027877302191419302 0.0094721827781559815 -0.0041031550277531772 -0.0073461547001555912
leaf_weight=20.747758907731622 9.476813769200815 7.8115337720373672 4.6325976520311114 17.451739355106838 6.632057313108815 12.505799865350129 24.87844188848976 8.6422528803814185 19.806210720911618 13.184970964211969 5.0332486153347409 15.558336885529569 16.916077228495844 51.408764361636713 23.203158194432035 18.251082355389372 12.045383958145974 7.5329656940884888 9.8459617812186462 40.3364797772374 13.551508205942808 17.989147199550644 6.2478247173130539 12.129249163903294 4.6999917554203412 17.462396199000068 3.3030277790967366 40.04258447047323 16.063955927034854 2.3573692315258077
leaf_count=804 636 589 279 1183 199 306 1844 679 1571 1011 436 1469 1298 3736 1080 979 914 227 240 3144 749 880 394 474 370 2100 169 1824 1534 60
internal_value=-0.000182769 -0.000435482 -0.00445561 -0.00821364 -5.03384e-05 -0.000843452 -0.00132778 0.00119563 -0.00291582 -0.00463675 -0.0056702 -0.00228234 -0.00465099 0.00245261 0.00588718 0 -0.00351326 0.00625827 -0.00497949 -0.00973429 0.00360316 0.00253307 0.00496898 0.00862678 -0.00924213 0.00478671 0.00622737 0.00827896 0 0
internal_weight=479.749 470.272 29.8959 22.0843 440.376 345.016 330.851 122.283 208.568 131.599 118.414 73.0446 57.4862 95.3597 43.9509 76.9691 36.9238 14.165 22.3518 45.3697 85.3591 54.6173 36.6282 18.3771 24.5062 76.7169 59.2545 43.3456 32.98 15.9089
internal_count=31178 30542 2051 1462 28491 22871 22445 8339 14106 10833 9822 6242 4773 5620 1884 3273 2758 426 546 3580 5581 2727 1847 868 1941 4902 2802 1993 2832 809
is_linear=0
shrinkage=0.05


Tree=150
num_leaves=31
num_cat=0
split_feature=27 5 40 21 27 15 29 5 37 39 7 24 32 15 37 36 38 26 39 32 26 4 3 26 24 39 31 31 24 29
split_gain=0.330953 0.734164 0.548513 0.552752 0.339083 0.285029 0.379943 0.344522 0.339816 0.365531 0.563166 0.453213 0.431202 0.358998 0.344026 0.54887 0.497238 0.316629 0.317912 0.310502 0.305094 0.300833 0.294565 0.2792 0.275661 0.384324 0.256823 0.486054 0.459085 0.416318
threshold=-0.11666667461395262 -0.29666668176650995 0.86666667461395275 -0.26999998092651362 -0.069999992847442613 0.40333333611488348 -0.04333332180976867 -0.030000001192092892 -0.06400823593139647 0.021725325845181945 0.26333332061767584 0.25000000000000006 0.38999998569488531 -0.48333333432674402 0.025244712829589847 0.083333313465118422 0.051852703094482429 0.22333335876464847 0.017066688276827339 0.12333333492279054 0.33666664361953741 -0.40333333611488337 0.17833334207534793 0.12333333492279054 -0.04333332180976867 0.015461494214832784 0.42333334684371954 -0.016666665673255917 -0.25666666030883784 -0.28333333134651179
decision_type=2 2 2 2 2 2 2 2 2 2 2 2 2 2 2 2 2 2 2 2 2 2 2 2 2 2 2 2 2 2
left_child=1 2 3 -1 -2 6 17 24 22 11 19 14 -12 -13 15 -10 -17 23 -19 -11 -15 -20 -9 -3 -8 -26 27 29 -28 -6
right_child=4 5 -4 -5 26 -7 7 8 9 10 12 13 -14 20 -16 16 -18 18 21 -21 -22 -23 -24 -25 25 -27 28 -29 -30 -31
leaf_value=0 -0.0066089970336846507 0.0052954483969346565 -0.0010434047546575543 0.013799026034045314 0.0071028643243194085 -0.0066828116140831874 0 0.00046216639366660563 8.8639953015876572e-05 0.004248974472241116 0.013256454251787517 -0.0035148961362086346 0 0 0.0023650791700964343 -0.014017164402070202 0.00024724787806642472 -0.00013623479188510073 -0.00013544519495617378 -0.0044647590998220304 0.011641239104120767 0.011505515423827443 -0.0091924605453445676 -0.0055001094866794281 0.0015557107712201709 -0.010341603509135515 -0.002880511400657277 -0.0039437358806064761 0.007847323464774696 -0.00020655401824696491
leaf_weight=13.634536846075205 17.236825583851896 3.622116890968754 9.540276355808599 21.940276105655357 17.134691862156615 7.1396270308177909 18.33549657301046 7.2686543709132803 15.302509982371701 14.897019981872292 16.400373935000975 2.3444286044687059 7.6258625584887332 6.3752280471380827 10.412384195718912 13.864717154297979 3.8186913689132771 4.4021741214673993 1.7298812759108866 14.015231050550936 10.027298456290735 19.897684291936457 7.9103694125078619 8.1610208847559971 3.0860445182770517 16.069931129924953 8.3662381370086241 73.782826576614752 18.61799703608267 87.39529990137089
leaf_count=625 1442 216 494 967 1564 503 827 279 506 575 534 56 412 353 451 533 164 330 92 578 392 1236 341 666 112 648 342 7968 874 7077
internal_value=0.00046885 0.00170345 0.00710997 0.00973285 -0.000859303 0.000278826 0.000821445 -0.000113825 0.000981153 0.00210956 0.00496102 -0.000175537 0.00975704 0.00498455 -0.00324534 -0.00574903 -0.010599 0.00498868 0.00766482 0 0.00793135 0.00984232 -0.00456764 -0.00010874 -0.00410361 -0.00751723 -8.42781e-05 -0.000920234 0.00384436 0.00108596
internal_weight=480.356 257.822 45.1151 35.5748 222.534 212.707 205.567 167.754 130.263 115.084 52.9385 62.1453 24.0262 18.747 43.3983 32.9859 17.6834 37.8129 26.0297 28.9123 16.4025 21.6276 15.179 11.7831 37.4915 19.156 205.297 178.313 26.9842 104.53
internal_count=31157 11890 2086 1592 19267 9804 9301 6761 5174 4554 2099 2455 946 801 1654 1203 697 2540 1658 1153 745 1328 620 882 1587 760 17825 16609 1216 8641
is_linear=0
shrinkage=0.05


Tree=151
num_leaves=31
num_cat=0
split_feature=20 24 17 10 10 4 1 39 11 30 20 1 10 5 9 36 11 35 32 18 15 32 40 30 40 19 2 27 8 40
split_gain=0.305309 0.521851 0.629809 0.482608 0.439175 0.414063 0.438905 0.401599 0.373617 0.383807 0.352804 0.409003 0.42034 0.598653 0.465926 0.3874 0.362572 0.34991 0.438937 0.339723 0.335185 0.359488 0.336579 0.325809 0.32389 0.390315 0.315903 0.345169 0.304917 0.301631
threshold=-0.20333333313465116 0.16333335638046267 -0.10333332419395445 0.46999999880790716 0.43666666746139532 0.19666665792465213 0.096666663885116591 0.025245379656553272 0.18333333730697635 -0.023333340883255001 -0.12333333492279051 0.23000001907348636 -0.26333332061767573 0.069999992847442641 0.31000000238418585 0.11000001430511476 0.14999997615814212 0.27666664123535162 -0.12999999523162839 -1.0000000180025095e-35 -0.46999999880790705 -0.21000000834465024 0.89666664600372326 -0.13666665554046628 0.3366666585206986 -0.32999998331069941 0.056666672229766853 -0.4433333277702331 0.20999997854232791 0.12333333119750024
decision_type=2 2 2 2 2 2 2 2 2 2 2 2 2 2 2 2 2 2 2 2 2 2 2 2 2 2 2 2 2 2
left_child=1 8 -3 4 10 6 -4 28 24 -10 26 12 -12 14 16 20 -14 18 -17 -20 -13 -22 -23 -15 29 -26 27 -2 -6 -1
right_child=3 2 5 -5 7 -7 -8 -9 9 -11 11 15 13 23 -16 17 -18 -19 19 -21 21 22 -24 -25 25 -27 -28 -29 -30 -31
leaf_value=0.0016548103424398391 0.0010616935646845644 0.0041933801504003797 -0.013404673571957019 0.0070196787099808715 0 0 1.5788652866199303e-05 1.3627781685769914e-05 0.012318603633837714 0 0.0046249248469201242 0.0027556414252620405 -0.0062116173347059253 -0.004037454665652699 0.0045361092415588519 -0.0037699358075945367 0.0016574792686253924 -0.0038044955591445837 0.011215108528538811 0 0 -0.010431813104217742 0 0.0048197513316358322 0.0088413964795859435 0 0 -0.010115531663767498 -0.01603086408253479 -0.0068309042960602931
leaf_weight=14.298794447793627 2.9059171986300525 19.391349824029021 12.878722356399527 12.527726623695342 2.0625656051561219 15.198383555281906 3.7545164625626049 4.0346551968250415 17.02279483189341 5.8498845745343706 58.540563149843365 3.853551607578992 58.537129968055524 4.7699327145237467 9.1659310860559327 3.9780293360818204 10.245169586618429 13.849349273252299 13.180716155329721 4.4190864735282949 9.6457561221905035 32.067430378752761 6.1827584698330602 52.62545593676623 17.695205967407674 21.731221697991714 12.88464668788947 19.899899105075747 6.4091065535321832 11.448120454559101
leaf_count=926 76 812 926 644 110 1570 287 215 947 611 3427 79 4229 488 669 356 946 807 515 458 728 2394 429 2926 439 1851 834 1465 324 755
internal_value=8.03059e-05 0.0020486 -0.00151753 -0.000671349 -0.00115894 -0.00577065 -0.0100697 -0.00876795 0.00435357 0.00936855 -0.000623643 0 0.00128781 -0.000113784 -0.00303949 -0.00272325 -0.00466626 0.000698543 0.00469418 0.00813871 -0.00532788 -0.00667648 -0.00863725 0.00337685 0.0016009 0.00439253 -0.00491601 -0.00789896 -0.0129494 -0.00190871
internal_weight=481.054 139.269 51.223 341.785 329.258 31.8316 16.6332 12.5063 88.046 22.8727 316.751 281.061 193.884 135.344 77.9482 87.1767 68.7823 35.4272 21.5778 17.5998 51.7495 47.8959 38.2502 57.3954 65.1733 39.4264 35.6905 22.8058 8.47167 25.7469
internal_count=31243 9124 3595 22119 21475 2783 1213 649 5529 1558 20826 18451 12685 9258 5844 5766 5175 2136 1329 973 3630 3551 2823 3414 3971 2290 2375 1541 434 1681
is_linear=0
shrinkage=0.05


Tree=152
num_leaves=31
num_cat=0
split_feature=29 29 34 32 3 36 5 38 40 22 32 26 22 10 27 12 30 7 5 9 15 19 7 8 16 12 32 38 35 41
split_gain=0.283464 0.47458 0.437236 0.423804 0.909073 0.382627 0.36338 0.488145 0.422205 0.319608 0.352853 0.348319 0.316382 0.306737 0.30246 0.273415 0.263745 0.24562 0.353966 0.329237 0.344476 0.23774 0.36566 0.667515 0.551252 0.313315 0.237939 0.377085 0.37212 0.301235
threshold=-0.069999992847442613 0.3966666460037232 0.24333333969116214 0.096666663885116591 0.30333334207534796 -0.4433333277702331 0.13666665554046634 -0.025616168975830075 0.11000000312924386 -0.29666668176650995 -0.4433333277702331 -0.21666666865348813 -0.41666667163372034 0.30333334207534796 0.16333335638046267 -0.46999999880790705 0.44833332300186163 -0.35000000894069666 -0.044999986886978142 -0.48333333432674402 0.17666667699813846 -0.090000003576278673 -0.030000001192092892 -0.10333332419395445 -0.32999998331069941 -0.21000000834465024 0.01666665077209473 -0.027582168579101559 0.01666665077209473 0.034397752955555923
decision_type=2 2 2 2 2 2 2 2 2 2 2 2 2 2 2 2 2 2 2 2 2 2 2 2 2 2 2 2 2 2
left_child=2 21 17 4 -3 -4 -5 15 16 10 -7 -11 -10 -13 -14 -8 -9 19 -19 -1 -21 22 25 24 -24 -2 28 29 -25 -28
right_child=1 3 5 6 -6 9 7 8 12 11 -12 13 14 -15 -16 -17 -18 18 -20 20 -22 -23 23 26 -26 -27 27 -29 -30 -31
leaf_value=0.0040742710318082912 -0.005940559071555304 0.015789772767716457 -0.0019539721289500512 -0.0065628570507581425 -0.003476222374656085 0.0080566877794881527 -0.0082283552814450649 0.003783744954453674 -0.00069543574217821201 0 -0.0025522538067626276 0.012551582554794086 0.012299290450892864 0 0 0.0002764895202743524 -0.0067682514529119123 0.0039243717848556738 -0.0024630604371601982 0 -0.0093388130849590741 -0.0050053563894729911 0.013498697113270043 0.0065133005923366143 0 0.00044060455613748072 0.0053365817428519188 -0.00629500973143899 -0.0037497356147686688 -0.0033713283227604467
leaf_weight=3.137674674158915 45.124011376174167 8.3081947532482427 11.838556138100101 10.001926314784212 4.6072639769408843 5.0699173652101335 7.2621889160946038 4.0814500211272371 2.1567028884310231 10.11231083027087 19.112242541043088 24.502060601022098 19.170996836968708 6.1184960247483096 2.4818123253062359 15.112716582487336 5.561251645674929 41.998089751694351 29.900807150290348 11.838757601100953 18.027817611582577 55.951397480908781 10.358855847269298 15.058803176973017 9.0691351003479195 18.787281535682268 14.018830438144507 31.772700693225488 6.9298498621210447 11.536284514004363
leaf_count=128 1876 171 517 294 140 261 169 184 99 707 1238 1394 794 402 247 937 159 3533 2834 981 1255 7179 247 803 526 1185 638 1344 289 574
internal_value=-3.76235e-07 -0.000995321 0.00147477 0.0020704 0.0086728 0.00422935 0 0.00188305 0.00556907 0.00577945 3.11612e-06 0.00823308 0.00871587 0.0105014 0.0105048 -0.00275908 -0.000965551 -0.000435008 0.000961971 -0.00379908 -0.00586645 -0.00223674 -0.000991952 0.000720663 0.00793907 -0.00383034 -0.00118839 -0.00300133 0.00227516 0.000719742
internal_weight=479.008 297.352 181.657 78.7445 12.9155 76.7536 65.829 55.8271 33.4522 64.915 24.1822 40.7329 23.8095 30.6206 21.6528 22.3749 9.6427 104.903 71.8989 33.0042 29.8666 218.607 162.656 98.7445 19.428 63.9113 79.3165 57.3278 21.9887 25.5551
internal_count=31105 17855 13250 3194 311 4519 2883 2589 1483 4002 1499 2503 1140 1796 1041 1106 343 8731 6367 2364 2236 14661 7482 4421 773 3061 3648 2556 1092 1212
is_linear=0
shrinkage=0.05


Tree=153
num_leaves=31
num_cat=0
split_feature=20 32 10 8 33 18 2 41 25 27 37 32 25 20 41 24 26 35 36 9 18 24 32 27 19 18 33 35 2 38
split_gain=0.373618 0.439639 0.42183 0.327373 0.570359 0.471239 0.446809 0.473156 0.434411 0.398829 0.376174 0.630665 0.540875 0.413153 0.333046 0.300635 0.361059 0.306847 0.289846 0.28134 0.445832 0.275237 0.265214 0.410941 0.326767 0.311714 0.261374 0.256608 0.233588 0.233105
threshold=-0.20333333313465116 -0.1766666769981384 0.46999999880790716 0.19666665792465213 0.01666665077209473 -0.4433333277702331 -0.33666665852069849 0.040580337867140777 -0.2766666561365127 -0.11666667461395262 -0.01895046234130859 0.37666666507720953 0.23000001907348636 0.4499999880790711 0.024497505277395252 0.26333332061767584 0.32333332300186163 -0.076666668057441698 -0.35000000894069666 -0.030000001192092892 -0.33666665852069849 0.030000001192092899 -0.090000003576278673 0.18999999761581424 -0.29666668176650995 0.056666672229766853 0.27666664123535162 -0.13666665554046628 -0.069999992847442613 0.028881549835205082
decision_type=2 2 2 2 2 2 2 2 2 2 2 2 2 2 2 2 2 2 2 2 2 2 2 2 2 2 2 2 2 2
left_child=1 15 3 4 5 21 -7 8 -8 19 12 13 -5 -12 -10 16 17 -1 -18 -6 -21 -2 23 27 -24 -26 -14 -9 -11 -28
right_child=2 -3 -4 10 9 6 7 22 14 28 11 -13 26 -15 -16 -17 18 -19 -20 20 -22 -23 24 -25 25 -27 29 -29 -30 -31
leaf_value=0.010864032732691679 0.0093936050520330994 0 0.0061915678896259331 0.0050538285577209456 0.010895139962728659 0.0025994539023150702 0 -0.010054267542482084 0.00024310391130970781 0.003044942628879211 -0.011106854776254473 0.0011527578577972583 0.00073460029308551459 0 -0.0092463238588229683 -0.00058892138885597266 -0.0078175215731400745 0 0.0038716696085758051 0.0060734369435762707 -0.004141995851754462 -0.00070892325276378221 0.008289070889232841 0.0027594117563508715 -0.0061649898780539317 0.0041546390973748659 -0.011609475631108484 0 -0.0044427141854309314 0
leaf_weight=29.171228431514461 7.7239714597817493 88.501095602172427 12.598227865761144 19.361769774695862 14.102770005585624 22.266905154101551 22.116999190067872 13.010072957491504 4.6274417336098841 10.659257650026122 34.211264133802615 13.779643609654157 2.8581970653031012 5.6012602052651337 56.539997696643695 8.2918429393321258 2.5255275159142911 3.6965618531685349 7.5818872863892448 18.19328612042591 11.190177286276596 4.0276384260505438 10.171567531535404 8.4907196280546469 8.6963799444492889 7.1152227954007676 8.3629375270102155 4.1543791568838087 16.728230070089921 1.3964642132632423
leaf_count=1814 192 6125 646 1069 534 1252 1798 975 374 929 2439 1048 201 237 4326 515 90 240 338 436 677 98 338 614 737 555 646 262 1563 73
internal_value=0 0.00208826 -0.000931347 -0.00138968 -0.000296111 -0.00195664 -0.00284397 -0.00399215 -0.00619703 0.00318065 -0.0039612 -0.00631607 0 -0.00925924 -0.00819864 0.00550387 0.00711803 0.00933089 0 0.00595635 0.00143385 0.00545352 0 -0.0033871 0.00306202 -0.000509546 -0.00615111 -0.00743402 -0.000756228 -0.00926597
internal_weight=477.753 139.768 337.985 325.387 239.815 168.941 157.19 134.923 83.2844 70.8737 85.5715 53.5922 31.9794 39.8125 61.1674 51.267 42.9752 32.8678 10.1074 43.4862 29.3835 11.7516 51.6383 25.6552 25.9832 15.8116 12.6176 17.1645 27.3875 9.7594
internal_count=31141 9122 22019 21373 15660 11521 11231 9979 6498 4139 5713 3724 1989 2676 4700 2997 2482 2054 428 1647 1113 290 3481 1851 1630 1292 920 1237 2492 719
is_linear=0
shrinkage=0.05


Tree=154
num_leaves=31
num_cat=0
split_feature=13 8 39 4 26 39 26 40 29 39 20 6 21 31 12 28 28 39 7 28 18 40 18 29 39 27 40 21 39 2
split_gain=0.286626 0.636047 0.33662 0.249618 0.405534 0.650024 0.58346 0.388599 0.332206 0.616994 0.275686 0.266257 0.258364 0.455302 0.409045 0.385851 0.574007 0.413273 0.335655 0.45702 0.328755 0.324797 0.265405 0.340516 0.305445 0.263715 0.350694 0.299728 0.23657 0.229535
threshold=0.42333334684371954 0.45666664838790899 0.031634284183382995 -0.22333332896232602 -0.063333332538604722 0.027028502896428112 -0.30333334207534784 0.1566666662693024 0.069999992847442641 0.031085027381777767 -0.12999999523162839 0.26999998092651373 -0.063333332538604722 0.41000002622604376 -0.24333333969116208 0.25000000000000006 0.21666666865348819 0.017066688276827339 -0.056666672229766839 0.33666664361953741 -0.37666666507720942 0.10333333536982538 -0.48333333432674402 0.081666648387908949 0.016299136914312843 -0.30333334207534784 0.56333333253860485 0.14999997615814212 0.031634284183382995 1.0000000180025095e-35
decision_type=2 2 2 2 2 2 2 2 2 2 2 2 2 2 2 2 2 2 2 2 2 2 2 2 2 2 2 2 2 2
left_child=1 3 -3 4 5 6 -1 -6 9 -9 -10 -8 -5 14 18 16 28 -17 22 20 -20 -15 -14 -24 -25 26 -21 -27 -16 -19
right_child=-2 2 -4 12 7 -7 11 8 10 -11 -12 -13 13 21 15 17 -18 29 19 25 -22 -23 23 24 -26 27 -28 -29 -30 -31
leaf_value=0.0008703433057612195 -0.0046365132277879032 0.011336927628733708 -0.00069353629320059685 -0.0030956066204685779 0.0087252191735409032 0.0051448711175316195 -0.011721214115617846 0.0075921555820154798 0.00082139349200276201 -0.0043536467933883881 -0.008037925925465211 0 0.004896051777940294 -0.0012772532876782346 -0.0044844222987604002 0.00020415690117910827 0.0082341398064837684 0 0.010816246115316968 -0.0071201452217867309 0 0.010160945198391613 0 0 -0.011398565939675958 -0.0028191609274957762 0.0023328448825983197 0.0075594017612064289 0.0014269910854249925 -0.011535962855599243
leaf_weight=14.047851522918785 26.908928829128854 12.887426884146405 2.2659775356296441 93.214605095330626 22.468737597810104 15.288040264742447 17.966978337150074 25.634733400773257 8.7922016072552669 8.8073435194091854 9.1266980699729157 1.524101503426208 2.6239258972927919 2.4543413247447452 43.264655128004961 7.9499095664359656 8.7570713048335147 3.5533565070945796 17.775785240344703 16.790162863675508 16.336364219198003 11.738453960279001 16.338283417746428 3.3101302925497285 11.466369722038506 3.210724184755235 8.0174765055999142 11.158001338830216 14.171861530747263 20.429312241380103
leaf_count=1125 2490 670 134 6766 1067 775 1378 1574 378 478 424 144 45 145 4619 611 567 267 561 387 973 598 1047 123 451 124 169 433 956 1643
internal_value=-9.90247e-05 0.000174097 0.00866965 -0.000178115 0.00160316 -0.00149212 -0.00547139 0.00389298 0.000707199 0.00372656 -0.00353014 -0.0101518 -0.00097823 0 -0.000705353 -0.0030237 -0.000285713 -0.00709731 0.00124668 0.00321027 0.00698962 0.0071531 -0.0022303 -0.0041992 -0.00851313 -1.83937e-05 -0.00339424 0.00386562 -0.00263474 -0.00990797
internal_weight=478.28 451.371 15.1534 436.217 123.657 48.827 33.5389 74.8297 52.361 34.4421 17.9189 19.4911 312.561 219.346 205.153 98.1262 66.1936 31.9326 107.027 73.2885 34.1121 14.1928 33.7387 31.1148 14.7765 39.1764 24.8076 14.3687 57.4365 23.9827
internal_count=31122 28632 804 27828 7343 3422 2647 3921 2854 2052 802 1522 20485 13719 12976 8663 6142 2521 4313 2647 1534 743 1666 1621 574 1113 556 557 5575 1910
is_linear=0
shrinkage=0.05


Tree=155
num_leaves=31
num_cat=0
split_feature=30 39 39 16 37 39 37 13 8 26 30 27 35 7 15 5 1 38 37 38 33 30 37 24 37 7 8 10 31 17
split_gain=0.403318 0.455811 0.552103 0.331009 0.32656 0.86482 0.353543 0.599152 0.979677 0.497133 0.487212 0.43644 0.662998 0.596517 0.533683 0.415532 0.334183 0.315879 0.586561 0.522078 0.641714 0.39856 0.331099 0.353847 0.325265 0.31461 0.298456 0.272164 0.375698 0.259859
threshold=-0.31666666269302363 0.028243753127753738 0.032452378422021873 0.083333313465118422 -0.06400823593139647 0.022228290326893333 -0.01895046234130859 -0.069999992847442613 0.069999992847442641 0.32333332300186163 0.096666663885116591 -0.22333332896232602 -0.25666666030883784 0.3966666460037232 -0.31000000238418574 0.3966666460037232 0.29000002145767217 -0.037744045257568352 -0.036983489990234368 0.10373830795288087 0.13666665554046634 -0.35000000894069666 1.0000000180025095e-35 -0.076666668057441698 -0.056897163391113274 -0.016666665673255917 0.19666665792465213 -0.18333333730697629 0.043333351612091071 -0.4433333277702331
decision_type=2 2 2 2 2 2 2 2 2 2 2 2 2 2 2 2 2 2 2 2 2 2 2 2 2 2 2 2 2 2
left_child=1 17 -3 4 5 -2 10 8 29 -9 -6 12 -10 14 26 25 -13 18 -1 20 21 24 -20 -24 -19 -12 -14 28 -4 -8
right_child=3 2 27 -5 6 -7 7 9 11 -11 15 16 13 -15 -16 -17 -18 19 22 -21 -22 -23 23 -25 -26 -27 -28 -29 -30 -31
leaf_value=-0.0036350357227434775 0.0055200557552471281 0.013771956989741527 0.010329378311133636 -0.0041721365544086023 -0.0022483146351463912 -0.0096128527766864286 0.0056228355480336771 0 0.0022653449803857295 0.010499718167661477 0 -0.0039771228621973478 -0.0024139966387877357 0.00095690010754505891 0 -0.0023182223516683325 0.0061474664706375453 0 0.011754086586581716 0.0055957135504293085 0.0049650209717713965 0.00021746023292164028 -0.0070113915092813311 0.0062470883117892052 -0.013412758336811773 0.0092451171390701813 -0.018824895564360469 -0.0066528031674853412 -0.00046915452235272873 -0.00023430207862983141
leaf_weight=11.257489078212531 7.1527502812678021 9.8481571774464118 5.5350452752318295 75.607028603670187 21.077131764730439 22.503760597319342 16.772233366500586 24.482981442706659 5.4295859676785758 12.018431169679387 9.8966904974076879 18.269932762021202 9.5767158204689604 4.2381387539207926 6.6681485879234996 6.6668476824415839 5.9489693653304121 3.1519120442681077 11.522135752718897 5.4921526168473056 3.9263320527970782 4.134449259145188 3.7716443678364158 4.3583715246058983 19.285998168634251 35.438606881070882 20.728548236656934 2.697016119491308 13.027815015753729 72.963195233489387
leaf_count=541 411 418 186 8541 1726 1542 373 3101 155 786 424 1143 243 107 274 387 297 151 471 467 299 379 184 204 1609 1476 553 256 383 3855
internal_value=-0.000517759 0.00216229 0.00661915 -0.00130593 -0.000433764 -0.00494716 6.78523e-05 -0.000945906 -0.00237032 0.00418279 0.00298245 -0.00656295 -0.00914418 -0.0112738 -0.0131953 0.00554682 0 0 0.00310006 -0.00321854 -0.00614969 -0.00917159 0.00788057 0 -0.0114616 0.00732619 -0.0155835 8.66961e-05 0.00346958 0.000883093
internal_weight=473.448 98.0085 31.108 375.44 299.833 29.6565 270.176 197.097 160.595 36.5014 73.0793 70.86 46.6411 41.2116 36.9734 52.0021 24.2189 66.9005 30.9096 35.9908 30.4987 26.5724 19.6522 8.13002 22.4379 45.3353 30.3053 21.2599 18.5629 89.7354
internal_count=30942 5548 1243 25394 16853 1953 14900 10887 7000 3887 4013 2772 1332 1177 1070 2287 1440 4305 1400 2905 2438 2139 859 388 1760 1900 796 825 569 4228
is_linear=0
shrinkage=0.05


Tree=156
num_leaves=31
num_cat=0
split_feature=19 13 15 25 4 37 39 9 11 39 38 36 28 8 15 36 37 30 32 39 9 4 9 25 4 7 6 9 36 17
split_gain=0.282561 0.484814 0.371648 0.475125 0.4146 0.419104 0.821202 0.603305 0.787715 0.586112 0.499192 0.404846 0.389904 0.477701 0.582452 0.503255 0.444235 0.373708 0.37279 0.364806 0.358165 0.327387 0.542121 0.443929 0.474172 0.327074 0.323041 0.321704 0.321551 0.301947
threshold=-0.016666665673255917 -0.11666667461395262 -0.096666663885116563 0.028333306312561039 -0.31666666269302363 -0.023729801177978512 0.016768637113273147 0.20333331823349002 -0.30333334207534784 0.021990424022078518 -0.025616168975830075 0.26333332061767584 0.40166664123535162 -0.083333343267440782 -0.236666664481163 0.26333332061767584 0.036592006683349616 0.056666672229766853 -0.063333332538604722 0.020716427825391296 0.35000002384185797 -0.18999999761581418 0.41000002622604376 -0.41666667163372034 -0.41666667163372034 0.23000001907348636 0.26999998092651373 -0.36333334445953364 -0.04333332180976867 -0.31000000238418574
decision_type=2 2 2 2 2 2 2 2 2 2 2 2 2 2 2 2 2 2 2 2 2 2 2 2 2 2 2 2 2 2
left_child=1 2 4 19 11 6 17 12 9 -9 26 29 13 16 15 -15 -7 -6 -18 -4 -13 23 -23 -2 -25 -11 28 -26 -8 -1
right_child=21 -3 3 -5 5 7 10 8 -10 25 -12 20 -14 14 -16 -17 18 -19 -20 -21 -22 22 -24 24 27 -27 -28 -29 -30 -31
leaf_value=0.013448118033970911 0.0081678210213851684 0.0046671064082497681 0 0.0018255805142836834 0 -0.0019590566841410409 -0.00013227491431914127 -0.017357745942783054 0.00064733740415461754 -0.0076852121245506808 -0.0064387814655663513 -0.0077031975326851618 0.0065995467237305282 -0.0098786747928052542 0.0036240819140568887 0.0028805837346975796 0 0.013530965713765079 0.010989379500723175 -0.013685520576672529 0.004877982640839407 -0.0057209836900182914 0.0025920514732841317 -0.0060264037434512273 0.0060047107362106106 0.0040744635110010561 -0.0024355719167132354 -0.0012713405138498411 0.009056595290436514 0
leaf_weight=9.1360627450048906 8.9683279586024565 49.911459520692006 4.7173944327514645 6.3753678791690609 3.1936173676513127 23.119365595513955 7.8677176074124864 12.726755601121114 14.731788168661295 4.2784184254705888 18.398360850289464 4.8574393184389901 12.434987758984787 31.385283358860761 7.9985309464391312 3.3943328373134127 8.2482788106426614 12.445608153706415 11.397196032805367 10.181845160899682 4.6716239186935127 78.697150556370616 17.03385325265117 26.464284062385559 18.092168380273506 6.7043195287697017 11.102302528684957 27.057003490510397 15.488839852623643 5.8185144432354745
leaf_count=232 471 4080 495 424 214 1175 445 371 626 165 759 165 350 1296 550 106 395 375 349 831 113 8751 1569 1857 797 160 375 2715 662 288
internal_value=-0.000453337 0.00041318 -0.000425714 -0.00597024 0.000121352 -0.000562658 0.002335 -0.00223019 -0.00706241 -0.0118576 -0.000526158 0.00565023 0 -0.0013701 -0.00495148 -0.00777977 0.00186817 0.010625 0.00675159 -0.0100687 -0.000423786 -0.00203272 -0.00393043 4.91505e-05 -0.00119829 -0.000131224 0.00249951 0.00151791 0.00571529 0.00972678
internal_weight=476.898 300.585 250.674 21.2746 229.399 204.916 68.4964 136.419 38.4413 23.7095 52.8572 24.4836 97.978 85.543 42.7781 34.7796 42.7648 15.6392 19.6455 14.8992 9.52906 176.313 95.731 80.5818 71.6135 10.9827 34.4589 45.1492 23.3566 14.9546
internal_count=31161 15001 10921 1750 9171 8373 2830 5543 1322 696 2241 798 4221 3871 1952 1402 1919 589 744 1326 278 16160 10320 5840 5369 325 1482 3512 1107 520
is_linear=0
shrinkage=0.05


Tree=157
num_leaves=31
num_cat=0
split_feature=17 9 38 4 9 9 39 21 39 25 0 21 0 39 35 27 31 17 40 40 21 33 26 40 37 13 1 25 31 16
split_gain=0.422226 0.42289 0.402289 0.395022 0.355414 0.338114 0.781442 0.473679 0.463316 0.520705 0.456789 0.491415 0.430332 0.449041 0.398562 0.477594 0.397315 0.390357 0.435466 0.323519 0.322996 0.321576 0.41087 0.310834 0.453056 0.360469 0.303428 0.290624 0.288835 0.281316
threshold=-0.4433333277702331 0.23666667938232425 0.14684915542602542 0.13666665554046634 0.38999998569488531 0.25000000000000006 0.030262772925198082 -0.030000001192092892 0.028422865085303787 0.028333306312561039 0.2833333313465119 -0.32999998331069941 0.096666663885116591 0.023674715310335163 -0.076666668057441698 -0.15666666626930234 0.35666668415069586 -0.023333340883255001 0.18333333730697635 0.91000002622604381 1.0000000180025095e-35 -0.19666665792465207 -0.18999999761581418 0.40666666626930242 0.042748451232910163 0.27666664123535162 -0.036666661500930779 0.46999999880790716 -0.049999997019767754 -0.37666666507720942
decision_type=2 2 2 2 2 2 2 2 2 2 2 2 2 2 2 2 2 2 2 2 2 2 2 2 2 2 2 2 2 2
left_child=1 2 21 4 -3 8 7 19 12 17 11 -11 14 -14 15 -2 26 -10 -19 27 -8 -1 -23 29 25 -25 -17 28 -7 -9
right_child=5 3 -4 -5 -6 6 20 23 9 10 -12 -13 13 -15 -16 16 -18 18 -20 -21 -22 22 -24 24 -26 -27 -28 -29 -30 -31
leaf_value=0 0.0062479500708969328 -0.001377031904492707 -0.0021573756532471001 -0.00575072818965933 0.009623791663536406 0.014849258927541338 -0.010899198033971783 -0.0091572298802690671 -0.006112892579445973 -0.0017101763937339459 -0.0026351015926144167 0.010668839138184852 -0.0024351228543861851 -0.01125372752303762 -0.0032789082366764567 -0.0073149527282600577 0.0047070847766303445 -0.0049748945515031172 0.0062565477357791723 -0.0001153780576034613 0 0 0.012906354265822477 0.010878843943367158 -0.0044873636374706113 -0.00086932685430980358 0.00053275294182962432 0 0.0018625674039617732 0
leaf_weight=4.3463616874068967 27.794804204953834 7.2886720206588524 4.272058672271668 14.725006913766263 6.6602152474224567 15.277633084217088 8.5526202274486405 6.904646783834326 21.368337633088231 4.4887821548618403 6.0492245384957632 25.494905091705732 66.248552681645378 21.214269861346111 76.916192228556611 21.197531009325758 10.618891667341812 6.3893574301619109 16.642994843889028 5.098220018669962 6.2195935513591385 6.2432848147582289 21.993456981144845 12.798851354280492 3.9432426008861503 3.2877907757647327 11.440983632113783 2.5194152970798305 14.201422952930445 13.048753880546426
leaf_count=136 1355 182 106 370 136 981 832 234 1313 305 440 1356 4921 1811 5761 2016 483 342 1006 395 586 221 488 743 290 359 1147 315 1343 1166
internal_value=-9.3248e-05 0.00339364 0.00661268 -0.000451162 0.00393708 -0.000755185 0.00171547 0.00398649 -0.0015699 0.00143529 0.00562239 0.0081447 -0.00271031 -0.00542671 -0.000793388 0.00161861 -0.00124713 -0.00173149 0.00189551 0.00762324 -0.0066596 0.00856718 0.0103051 0 0.00391153 0.00776196 -0.00426147 0.00933766 0.0106706 -0.00382052
internal_weight=473.246 65.5291 36.8552 28.6739 13.9489 407.717 91.8522 77.08 315.865 80.4336 36.0329 29.9837 235.431 87.4628 147.968 71.0522 43.2574 44.4007 23.0324 37.0967 14.7722 32.5831 28.2367 39.9833 20.0299 16.0866 32.6385 31.9985 29.4791 19.9534
internal_count=31139 1639 951 688 318 29500 7244 5826 22256 4762 2101 1661 17494 6732 10762 5001 3646 2661 1348 3034 1418 845 709 2792 1392 1102 3163 2639 2324 1400
is_linear=0
shrinkage=0.05


Tree=158
num_leaves=31
num_cat=0
split_feature=10 11 26 37 30 3 14 28 6 23 11 13 16 41 41 39 24 8 37 28 11 40 18 37 8 40 10 24 26 6
split_gain=0.337347 0.374841 0.451722 0.485497 0.299735 0.39813 0.30017 0.294142 0.286483 0.296608 0.265606 0.2473 0.226884 0.520475 0.686153 0.78627 0.576404 0.413031 0.411461 0.389467 0.387189 0.339644 0.336241 0.563186 0.514087 0.500452 0.440761 0.363218 0.335026 0.39024
threshold=-0.29000000655651087 0.30333334207534796 0.083333313465118422 -0.0085616111755371076 -0.3899999856948852 -0.24166667461395261 0.38999998569488531 -0.069999992847442613 -0.3899999856948852 0.29666668176651007 0.38999998569488531 -0.29666668176650995 -0.25666666030883784 0.061075946316123016 0.045919001102447517 0.028243753127753738 -0.22999998927116391 -0.16333332657814023 -0.06400823593139647 0.10333335399627687 0.11000001430511476 0.18333333730697635 -0.076666668057441698 -0.022203922271728512 -0.25666666030883784 0.089999999850988402 0.26333332061767584 -0.26333332061767573 0.49666666984558111 -0.04333332180976867
decision_type=2 2 2 2 2 2 2 2 2 2 2 2 2 2 2 2 2 2 2 2 2 2 2 2 2 2 2 2 2 2
left_child=1 4 3 -3 6 11 7 -1 -7 -10 -4 -6 13 14 15 19 -16 -17 -18 -2 -14 -19 23 25 -25 -21 -24 -26 29 -29
right_child=12 2 10 -5 5 8 -8 -9 9 -11 -12 -13 20 -15 16 17 18 21 -20 22 -22 -23 26 24 27 -27 -28 28 -30 -31
leaf_value=0.010567913603201863 0.0054995552741274635 -0.013002146785088426 -0.0018744346220238902 0 0.0012896295019444765 -0.0039186976484401649 -0.00057123666540984911 0 0.007588515700507021 -0.00070436425025443997 0.0081815474805372792 -0.0074055702718566381 -0.0046084603168472273 -0.0079136053896445655 -0.0034798195245177854 0.0013884797934519944 -0.00065774386295405925 0 0.011228445150714576 -0.0043689370066349771 0 -0.015036376068606054 -0.0021333063089334164 0.0053770772186667167 0.0011898064140723492 0.0064491396550490068 0.010907338241924828 0 0.00065386398910214207 -0.011421242453298123
leaf_weight=24.657565750414506 27.668525269720703 7.889207455329597 4.335724995704366 7.6480939309112745 4.7136242466513094 2.5322106617968521 4.2045157304964951 4.295926014659929 27.281200032914057 7.0713487286120644 6.07001897925511 12.614068018971009 85.951154016889632 12.500139198498799 5.0047656041569999 2.2852352042682496 3.6869059028103974 4.0556156861130139 26.863211837830022 8.8344538602977973 77.71409079618752 10.818105408689005 4.6117693439591658 3.9499395466409615 6.4151594110298822 23.787642296403646 7.3424168715719134 10.422708125784984 4.0894120363518587 33.648462680634125
leaf_count=1131 1188 397 210 533 141 175 143 332 1784 443 248 824 9507 530 205 67 177 181 849 267 8220 538 301 114 198 655 337 310 81 977
internal_value=-0.000273747 0.00196691 -0.00240813 -0.00725721 0.00360502 0.000595916 0.00704123 0.00877022 0.00372889 0.00541101 0.00331456 -0.00424522 -0.00106877 0 0.000867549 -0.000551875 0.00660179 -0.00914482 0.00923749 0.000744567 -0.00240932 -0.0118948 -0.000534611 -0.0018654 -0.00478124 0.00264858 0.00545233 -0.00638894 -0.00788002 -0.00915464
internal_weight=472.963 113.314 25.943 15.5373 87.3705 54.2125 33.158 28.9535 36.8848 34.3525 10.4057 17.3277 359.65 195.984 183.484 147.929 35.5549 17.159 30.5501 130.77 163.665 14.8737 103.102 91.1478 58.5257 32.6221 11.9542 54.5757 48.1606 44.0712
internal_count=31063 6361 1388 930 4973 3367 1606 1463 2402 2227 458 965 24702 6975 6445 5214 1231 786 1026 4428 17727 719 3240 2602 1680 922 638 1566 1368 1287
is_linear=0
shrinkage=0.05


Tree=159
num_leaves=31
num_cat=0
split_feature=25 9 9 32 25 9 26 14 23 35 13 21 39 9 9 27 34 35 37 3 32 1 17 30 39 13 24 39 37 28
split_gain=0.253402 0.404049 0.491129 0.419487 0.372827 0.467448 0.471952 0.415347 0.382278 0.368274 0.326568 0.303256 0.501217 0.48569 0.567937 0.451242 0.467026 0.363377 0.333464 0.335005 0.314209 0.305894 0.277815 0.513688 0.269945 0.262639 0.250466 0.243909 0.241358 0.239912
threshold=-0.063333332538604722 0.16333335638046267 0.37000000476837164 -0.17000000178813932 -0.30333334207534784 -0.3899999856948852 -0.036666661500930779 0.38999998569488531 -1.0000000180025095e-35 0.25666666030883795 -0.056666672229766839 -0.28333333134651179 0.025645430199801925 0.24333333969116214 0.42333334684371954 -0.016666665673255917 -0.13666665554046628 -0.41666667163372034 0.086639404296875014 0.32333332300186163 -0.036666661500930779 0.19666665792465213 -0.016666665673255917 -0.069999992847442613 0.023138695396482948 0.3966666460037232 0.35666668415069586 0.019018822349607948 -0.083262443542480455 0.41000002622604376
decision_type=2 2 2 2 2 2 2 2 2 2 2 2 2 2 2 2 2 2 2 2 2 2 2 2 2 2 2 2 2 2
left_child=1 4 -3 -4 5 7 -7 -1 9 -6 -10 12 -2 15 -15 18 27 -14 19 22 -18 26 -13 -24 -8 -16 -22 -17 -19 -21
right_child=11 2 3 -5 8 6 24 -9 10 -11 -12 13 17 14 25 16 20 28 -20 29 21 -23 23 -25 -26 -27 -28 -29 -30 -31
leaf_value=0.0097061076388491596 0.00074285541567455224 0.0052028215637618426 0.0032062876643853843 -0.0075358765412690031 -0.0091209890907632245 -0.0074038577845214615 0.0060705256721064697 -0.0023724994086474034 -0.0037938374778825343 0.0020207812504882249 0.0041314424266203796 0.0097118904143004472 0.0016510104145217798 -0.0052609726665126888 0.0067446982522851549 0.00030004234069448221 -0.00057205526070273915 0 -0.0016656192901006385 -0.0051265108608017501 0.010591937793822281 -0.001455972561096924 0.0072968946443101833 -0.0049948862896676141 -0.0024522508658912315 -0.0019959124285651151 0 -0.0078126829763296123 -0.012070935638462482 0.0045344738454812291
leaf_weight=13.283759942278268 39.050634184386581 36.126802874263376 7.6954006401356336 14.67194438097067 42.645457381499 20.355673040496185 11.657168538309636 3.8361419884022316 29.131077589699998 2.4094734329264602 13.217942460905759 48.266683708294295 2.1883860530797419 38.947088311775587 15.598332999041306 5.9562245311681208 20.366813704604283 1.4134663820732409 7.0645604744786388 7.2396758638787997 16.994572460302159 2.8881821928080162 11.401074952678757 9.3124390308512357 9.6712446287274343 4.8973603362683198 2.4200252739246926 16.043213822413236 14.548043971182773 6.2475217757746577
leaf_count=683 3018 2473 531 792 2759 1817 674 103 1730 137 1166 1833 104 2459 635 629 1565 110 373 488 1380 207 690 622 607 508 238 1356 1136 226
internal_value=-0.000126496 -0.00147515 0.00166385 -0.00306232 -0.00291132 0 -0.00265026 0.00600496 -0.00487757 -0.00786802 -0.000597401 0.000812384 -0.00209091 0.00173941 -0.00171969 0.00324338 0 -0.0078929 0.00542671 0.00638862 0.0029751 0.00653223 0.00770233 0.000954196 0.00160121 0.00373359 0.00876745 -0.00512972 -0.0104333 0
internal_weight=475.546 204.702 58.4941 22.3673 146.208 58.804 41.6841 17.1199 87.404 45.0549 42.349 270.844 57.2005 213.644 59.4428 154.201 64.669 18.1499 89.532 82.4674 42.6696 22.3028 68.9802 20.7135 21.3284 20.4957 19.4146 21.9994 15.9615 13.4872
internal_count=31049 13472 3796 1323 9676 3884 3098 786 5792 2896 2896 17577 4368 13209 3602 9607 5375 1350 4232 3859 3390 1825 3145 1312 1281 1143 1618 1985 1246 714
is_linear=0
shrinkage=0.05


end of trees

feature_importances:
Column_39=377
Column_38=338
Column_37=293
Column_41=245
Column_40=202
Column_31=178
Column_10=154
Column_26=147
Column_25=145
Column_27=145
Column_24=141
Column_9=140
Column_19=138
Column_16=129
Column_4=111
Column_30=107
Column_7=102
Column_32=101
Column_5=98
Column_33=98
Column_14=97
Column_29=96
Column_8=93
Column_3=88
Column_36=69
Column_18=67
Column_20=67
Column_35=66
Column_11=65
Column_17=65
Column_0=62
Column_23=62
Column_1=61
Column_12=60
Column_15=60
Column_6=59
Column_13=56
Column_21=53
Column_2=49
Column_28=49
Column_22=37
Column_34=30

parameters:
[boosting: gbdt]
[objective: lambdarank]
[metric: ndcg]
[tree_learner: serial]
[device_type: cpu]
[data_sample_strategy: bagging]
[data: ]
[valid: ]
[num_iterations: 160]
[learning_rate: 0.05]
[num_leaves: 31]
[num_threads: 4]
[seed: 11]
[deterministic: 0]
[force_col_wise: 1]
[force_row_wise: 0]
[histogram_pool_size: -1]
[max_depth: -1]
[min_data_in_leaf: 100]
[min_sum_hessian_in_leaf: 0.001]
[bagging_fraction: 0.85]
[pos_bagging_fraction: 1]
[neg_bagging_fraction: 1]
[bagging_freq: 1]
[bagging_seed: 11]
[bagging_by_query: 0]
[feature_fraction: 0.8]
[feature_fraction_bynode: 1]
[feature_fraction_seed: 11]
[extra_trees: 0]
[extra_seed: 22223]
[early_stopping_round: 0]
[early_stopping_min_delta: 0]
[first_metric_only: 0]
[max_delta_step: 0]
[lambda_l1: 0.5]
[lambda_l2: 6]
[linear_lambda: 0]
[min_gain_to_split: 0]
[drop_rate: 0.1]
[max_drop: 50]
[skip_drop: 0.5]
[xgboost_dart_mode: 0]
[uniform_drop: 0]
[drop_seed: 21136]
[top_rate: 0.2]
[other_rate: 0.1]
[min_data_per_group: 100]
[max_cat_threshold: 32]
[cat_l2: 10]
[cat_smooth: 10]
[max_cat_to_onehot: 4]
[top_k: 20]
[monotone_constraints: ]
[monotone_constraints_method: basic]
[monotone_penalty: 0]
[feature_contri: ]
[forcedsplits_filename: ]
[refit_decay_rate: 0.9]
[cegb_tradeoff: 1]
[cegb_penalty_split: 0]
[cegb_penalty_feature_lazy: ]
[cegb_penalty_feature_coupled: ]
[path_smooth: 0]
[interaction_constraints: ]
[verbosity: -1]
[saved_feature_importance_type: 0]
[use_quantized_grad: 0]
[num_grad_quant_bins: 4]
[quant_train_renew_leaf: 0]
[stochastic_rounding: 1]
[linear_tree: 0]
[max_bin: 127]
[max_bin_by_feature: ]
[min_data_in_bin: 3]
[bin_construct_sample_cnt: 200000]
[data_random_seed: 11]
[is_enable_sparse: 1]
[enable_bundle: 1]
[use_missing: 1]
[zero_as_missing: 0]
[feature_pre_filter: 1]
[pre_partition: 0]
[two_round: 0]
[header: 0]
[label_column: ]
[weight_column: ]
[group_column: ]
[ignore_column: ]
[categorical_feature: ]
[forcedbins_filename: ]
[precise_float_parser: 0]
[parser_config_file: ]
[objective_seed: 24011]
[num_class: 1]
[is_unbalance: 0]
[scale_pos_weight: 1]
[sigmoid: 1]
[boost_from_average: 1]
[reg_sqrt: 0]
[alpha: 0.9]
[fair_c: 1]
[poisson_max_delta_step: 0.7]
[tweedie_variance_power: 1.5]
[lambdarank_truncation_level: 30]
[lambdarank_norm: 1]
[label_gain: 0,1,2,3,4,5,6,7,8,9]
[lambdarank_position_bias_regularization: 0]
[eval_at: 1,2,3,4,5]
[multi_error_top_k: 1]
[auc_mu_weights: ]
[num_machines: 1]
[local_listen_port: 12400]
[time_out: 120]
[machine_list_filename: ]
[machines: ]
[gpu_platform_id: -1]
[gpu_device_id: -1]
[gpu_use_dp: 0]
[num_gpu: 1]

end of parameters

pandas_categorical:null
