date,net_return,turnover,gross_exposure,net_exposure,beta_exposure,equity,drawdown
2023-08-05,-0.000611805918054472,0.20738567518856144,0.20738569,9.685755e-08,-0.0011730045,0.9993881940819456,0.0
2023-08-06,-0.0020616479107675332,0.05238094867672771,0.25976664,9.685755e-08,2.4780631e-05,0.9973278074995707,-0.0020616479107675723
2023-08-07,0.0016792542154089461,0.05238095438107848,0.31000084,9.685755e-08,0.0007646382,0.999002574424459,-0.00038585572630345233
2023-08-08,0.004667907413207104,0.052380954613909125,0.36238182,1.0430813e-07,0.0060614347,1.0036658259474278,0.0
2023-08-09,-0.00030511304376341285,0.052380953915417194,0.40586138,9.685755e-08,0.022391267,1.0033595944123517,-0.0003051130437634608
2023-08-10,-0.00038651209082217973,0.05238094832748175,0.45824233,9.685755e-08,0.022131786,1.0029717837976688,-0.0006915072047051218
2023-08-11,-0.00651650227501068,0.05238095484673977,0.5106233,1.3411045e-07,0.022535779,0.9964359158867798,-0.007203503271443146
2023-08-12,-0.004839882991167542,0.05238096115499502,0.5629053,1.3411045e-07,0.023039132,0.9916132826456909,-0.012008522149650425
2023-08-13,-0.003117813159740763,0.05238095251843333,0.61403275,1.5646219e-07,0.016023286,0.9885216177036844,-0.015088894981004075
2023-08-14,-0.0043953187306469774,0.052380943205207586,0.66641366,1.7881393e-07,0.018468603,0.9841767501217419,-0.019417893208916293
2023-08-15,0.012150391176342965,0.052380960900336504,0.71687675,2.0861626e-07,-0.00113675,0.996134882622383,-0.007503437030882076
2023-08-16,0.00955385012779152,0.05238095624372363,0.7684902,2.2351742e-07,-0.015527815,1.0056518059980224,0.0
2023-08-17,0.00696359481709078,0.052380957175046206,0.8208712,2.3841858e-07,-0.044872135,1.0126547577020681,0.0
2023-08-18,-0.012518704783491557,0.05238096322864294,0.87325203,2.2351742e-07,-0.034681223,0.9999776317427977,-0.012518704783491597
2023-08-19,-0.0029646170619889744,0.052380952693056315,0.9256331,2.5331974e-07,-0.050275967,0.9970130809941257,-0.015446208679685491
2023-08-20,0.003683797178736313,0.052380954672116786,0.978014,2.3841858e-07,-0.07466926,1.000685874969055,-0.011819312200905596
2023-08-21,0.0007385457788477652,0.05238095810636878,1.030395,2.2351742e-07,-0.074623674,1.001424927297966,-0.011089495525192561
2023-08-22,-0.004655736212291231,0.052380948793143034,1.082776,2.3841858e-07,-0.080586895,0.9967625570000538,-0.015693601971591198
2023-08-23,-0.01282106564984133,0.07168674026615918,1.0785279,2.2351742e-07,-0.08602357,0.9839829988194524,-0.02831345892027226
2023-08-24,0.0001723318952808768,0.07846758449159097,1.0785279,2.5331974e-07,-0.08275133,0.9841525704745631,-0.028146006337029128
2023-08-25,0.0037455273258456146,0.08095222809060942,1.0772314,2.2351742e-07,-0.073298335,0.9878387408200767,-0.024505900647032286
2023-08-26,-0.0038617627685380283,0.08602747286204249,1.0618858,2.3841858e-07,-0.06237489,0.9840239419494583,-0.028273027440842036
2023-08-27,-0.010514373005422385,0.060608658473938704,1.061886,2.5331974e-07,-0.052000627,0.9736775471775356,-0.03849012728975887
2023-08-28,0.009310960028864428,0.07387298797402764,1.0619632,2.3841858e-07,-0.044646725,0.9827434199003083,-0.02953754729759539
2023-08-29,0.003722257262644234,0.36963622212533664,0.71902275,1.7881393e-07,0.003377907,0.9864014437323482,-0.025925236384900185
2023-08-30,-0.004117760028586417,0.0556112111753464,0.71324533,1.937151e-07,0.0025003701,0.9823396792952072,-0.029936242511369282
2023-08-31,-0.0024561228476723046,0.05285828639171086,0.7033481,1.7881393e-07,0.00785999,0.9799269323647152,-0.03231883826983584
2023-09-01,-0.0019370195492629137,0.045285085565410554,0.70164037,1.5646219e-07,0.01419533,0.9780287947398755,-0.0341932555975607
2023-09-02,0.007224830410745199,0.04701319464948028,0.69378614,1.7136335e-07,0.020079702,0.9850948869186966,-0.027215465659699123
2023-09-03,0.00015969707290230416,0.05100199027219787,0.6834592,1.7136335e-07,0.020358458,0.9852522036886686,-0.027060114817000214
2023-09-04,-0.0055707826604812,0.046939971536630765,0.6930667,1.527369e-07,0.027063852,0.979763577796159,-0.03248015145906824
2023-09-05,-0.002086128992777958,0.05576478142756969,0.6984255,1.6018748e-07,0.0277602,0.9777196645904506,-0.03449852266619757
2023-09-06,-0.003436239412512805,0.35033301799558103,1.0301341,2.7567148e-07,0.044779453,0.974359985744596,-0.03781621689545134
2023-09-07,0.01434216889173149,0.06997296737972647,1.0282705,2.6077032e-07,0.059954166,0.9883344212214902,-0.02401641457328063
2023-09-08,-0.002998773233454813,0.07496436580549926,1.023698,2.8684735e-07,0.055060353,0.9853706304134292,-0.026943168025549524
2023-09-09,0.0036516075670742793,0.07747677550651133,1.0196444,3.017485e-07,0.04894901,0.9889688172638197,-0.023389946334718248
2023-09-10,0.012311037831779685,0.07070090575143695,1.0295146,3.1851232e-07,0.04726875,1.001144049787605,-0.01136686301714862
2023-09-11,0.0009302952363250369,0.35421035945182666,0.699955,2.1792948e-07,0.028987996,1.0020754093279975,-0.010447142319340297
2023-09-12,0.007744997703639456,0.058355406508781016,0.69837224,2.1606684e-07,0.03966758,1.0098364810721165,-0.0027830577089736908
2023-09-13,0.0010528782601541024,0.049822661210782826,0.700219,2.2351742e-07,0.040039282,1.010899715949348,-0.0017331096697780213
2023-09-14,0.009483870478851714,0.04752508271485567,0.70297503,2.0302832e-07,0.045306057,1.0204869579225198,0.0
2023-09-15,-0.005579739230146515,0.05045418720692396,0.7025914,1.9744039e-07,0.037853546,1.0147929068095465,-0.005579739230146652
2023-09-16,0.006040205740848251,0.05526947509497404,0.7147311,1.6018748e-07,0.03922374,1.0209224647510295,0.0
2023-09-17,0.0011412622148927766,0.05195183656178415,0.7168882,1.7881393e-07,0.040230017,1.022087604984385,0.0
2023-09-18,0.006949422082338969,0.3653433409635909,1.062029,2.5331974e-07,0.06807389,1.0291905231565484,0.0
2023-09-19,-0.0017931616680562001,0.08083278386038728,1.0620289,2.5331974e-07,0.055542134,1.0273450181612973,-0.001793161668056209
2023-09-20,-0.005666214290795324,0.09410375714651309,1.0551983,2.5331974e-07,0.047007546,1.0215238611378143,-0.0074492155205823085
2023-09-21,-0.008910093845137454,0.056431281613186,1.0542629,2.644956e-07,0.0396126,1.0124219876700293,-0.01629293615635863
2023-09-22,-0.0029287773978812766,0.06616970303002745,1.0526931,2.4214387e-07,0.050698854,1.0094568290354233,-0.019173995171080094
2023-09-23,0.005545485090284729,0.08265612553805113,1.0504594,2.682209e-07,0.04917554,1.0150547568301254,-0.013734839185137737
2023-09-24,0.0014102705570230682,0.07073698577005416,1.0497277,2.4586916e-07,0.035634093,1.0164862586674492,-0.012343938467422766
2023-09-25,-0.0030996053489150198,0.08381682680919766,1.0422741,2.644956e-07,0.026059069,1.013335552422985,-0.015405282478637483
2023-09-26,0.004615061495094779,0.07482675299979746,1.0305403,2.8312206e-07,0.021676674,1.018012158312583,-0.010861317309530882
2023-09-27,0.0017866519949639042,0.08054760587401688,1.028317,2.682209e-07,0.017445095,1.0198309917661297,-0.009094070708805968
2023-09-28,0.004203103991123498,0.06828033202327788,1.0301077,2.3841858e-07,0.025739841,1.0241174474778934,-0.004929190042574194
2023-09-29,0.005856091959980404,0.09058405901305377,1.0337658,2.1606684e-07,0.016019456,1.0301147734281442,0.0
2023-09-30,0.007375166114419698,0.0766056440770626,1.0256188,2.2351742e-07,0.016308077,1.0377120409990945,0.0
2023-10-01,-0.011828112127754139,0.08069438545498997,1.0249195,2.0861626e-07,-0.008047178,1.0254378666218367,-0.011828112127754142
2023-10-02,0.006206207547656959,0.09166463220026344,1.0312979,2.2351742e-07,-0.012782574,1.0318019468493185,-0.00569531229885889
2023-10-03,0.014111840252953698,0.10346426512114704,1.0312979,2.2351742e-07,-0.0127516985,1.0463625710959426,0.0
2023-10-04,0.002920572090646601,0.07271870761178434,1.0306809,2.2351742e-07,-0.007326409,1.0494185484177827,0.0
2023-10-05,0.002277975621705991,0.0641103598754853,1.030681,2.3841858e-07,-0.004387185,1.0518090982880444,0.0
2023-10-06,9.525922583998181e-05,0.07468546531163156,1.027946,2.30968e-07,-0.0023232624,1.0519092928084788,0.0
2023-10-07,0.0032622657584036006,0.07095299209458972,1.0233454,2.4586916e-07,-0.01845564,1.0553409004753544,0.0
2023-10-08,-0.0003028829364425292,0.07430994489686782,1.0171506,2.0861626e-07,-0.019064024,1.0550212557244705,-0.00030288293644264996
2023-10-09,0.0016593680518271867,0.0651516750222072,1.0228243,2.682209e-07,-0.016385049,1.0567719242902183,0.0
2023-10-10,-0.001192051587480819,0.07301542186178267,1.0229322,2.2351742e-07,-0.011274189,1.055512197640263,-0.0011920515874807025
2023-10-11,-0.00392866849861457,0.09218953701201826,1.0305605,2.0861626e-07,-0.0059901625,1.0513654401194903,-0.005116036910574828
2023-10-12,-0.0025104595840821278,0.0797479203902185,1.032309,2.3841858e-07,-0.0060866475,1.0487260296739696,-0.0076136528907623235
2023-10-13,0.005627579072046501,0.08874949440360069,1.0398145,2.2351742e-07,-0.0026950836,1.0546278183308733,-0.0020289202523856575
2023-10-14,-0.0032727365742466646,0.0774181499145925,1.0403845,2.0861626e-07,0.002336681,1.051176299297604,-0.005295016705116007
2023-10-15,-0.005592281654986437,0.07775282161310315,1.049468,1.7881393e-07,0.008031592,1.0452978253628853,-0.01085768713531976
2023-10-16,0.0067166592481517,0.0774707430973649,1.0524247,1.7881393e-07,0.034479693,1.052318734668682,-0.004213955271878844
2023-10-17,0.0037098830692357298,0.07580602681264281,1.0624845,1.937151e-07,0.0072044283,1.0562227141258689,-0.0005197054839607418
2023-10-18,0.004166960511880461,0.06340261525474489,1.0624846,1.7881393e-07,0.0028255582,1.0606239524673824,0.0
2023-10-19,0.016920720349349723,0.07857045833952725,1.0624846,1.6391277e-07,0.005800098,1.078570473762905,0.0
2023-10-20,-0.004117839148442727,0.34744046663399786,0.7244214,1.0430813e-07,-0.007282451,1.0741290940416897,-0.004117839148442659
2023-10-21,-0.009309722816130489,0.3414389546669554,1.0628436,2.2351742e-07,-0.0039080977,1.0641292499074202,-0.01338922602349979
2023-10-22,-0.0022930973743932556,0.09090215896139853,1.065349,1.7881393e-07,-0.0023511946,1.0616890979184426,-0.015651620598853277
2023-10-23,-0.0002906181142025162,0.35542247479315847,0.7283336,1.0430813e-07,-0.0006776452,1.0613805518349362,-0.015937690068593025
2023-10-24,-0.0037291930125029466,0.06698850844986737,0.72364485,1.1920929e-07,0.00395903,1.0574224588974268,-0.019607448358656798
2023-10-25,-0.00992401039239121,0.044520550640299916,0.7212139,1.0430813e-07,0.0041094497,1.046928587426181,-0.029336874229768384
2023-10-26,-0.0009626373331193463,0.04736194759607315,0.7212139,1.1920929e-07,0.0051566064,1.0459207748828145,-0.030271270792517124
2023-10-27,0.008822604650165886,0.04601811803877354,0.72687876,1.3411045e-07,0.0005131215,1.0551485203750006,-0.02171573759681189
2023-10-28,-0.00549721035231778,0.06201613787561655,0.72687876,1.3411045e-07,-0.0022992715,1.0493481470055623,-0.027093571971604336
2023-10-29,-0.001470270764642919,0.05875933193601668,0.7382062,1.0430813e-07,-0.0033238456,1.0478053211030878,-0.028524007849467625
2023-10-30,0.004815238530631177,0.055889989249408245,0.74036103,1.1920929e-07,-0.0019809455,1.0528507536578637,-0.0238461192204813
2023-10-31,0.008437642321703607,0.06509404035750777,0.7351176,1.1920929e-07,-0.0017041415,1.061734331735365,-0.015609681923520746
2023-11-01,-0.002325473137709196,0.05355521442834288,0.73511755,1.0430813e-07,-0.00629624,1.0592652970675307,-0.0178988551652286
2023-11-02,0.009369835565043104,0.04971652664244175,0.73511755,8.940697e-08,-0.019033544,1.06919043872081,-0.008696728929886266
2023-11-03,-0.008197751786959999,0.05548361549153924,0.73511755,1.1920929e-07,-0.014596924,1.060425480891186,-0.016823187091720482
2023-11-04,-0.005936396142555168,0.05180128011852503,0.7400678,1.3411045e-07,-0.017550997,1.0541303751569564,-0.022659714131318842
2023-11-05,-0.0015114567939890548,0.057109209476038814,0.739645,1.3411045e-07,-0.018927194,1.0525371026396753,-0.024136921746434226
2023-11-06,-0.014372251713321021,0.049453116953372955,0.736922,1.4901161e-07,-0.02393943,1.0374097744629283,-0.03816227154483065
2023-11-07,-0.002489450887485873,0.05381107400171459,0.736922,1.1920929e-07,-0.0257997,1.034827193779205,-0.040556719331550806
2023-11-08,-0.014361599745687272,0.047052234411239624,0.736922,1.3411045e-07,-0.022560567,1.0199654198161954,-0.05433585970720012
2023-11-09,0.017484061320305045,0.05155571177601814,0.736922,1.3411045e-07,0.007652439,1.0377985577608524,-0.03780180988990722
2023-11-10,-0.018873537313022097,0.04373121412936598,0.736922,1.6391277e-07,0.0114824325,1.0182116279575524,-0.05596189333347246
2023-11-11,-0.01621804833758506,0.057252621452789754,0.736922,1.3411045e-07,0.008924603,1.0016982225574456,-0.07127234897991253
2023-11-12,-0.005602379481470507,0.3691007218803861,1.084343,2.2351742e-07,0.015903294,0.9960863289887643,-0.07647543371586174
2023-11-13,0.02593080325191204,0.08392857178114355,1.0858365,1.937151e-07,-0.01262711,1.0219156476076914,-0.05252769988924022
2023-11-14,-0.017732106123506126,0.07891048165038228,1.0858366,1.6391277e-07,0.0095859915,1.0037949308950402,-0.0693283792638868
2023-11-15,-0.003818294224822239,0.3540814766092808,0.7403431,1.3411045e-07,0.004535243,0.9999621465074978,-0.07288195733854941
2023-11-16,0.013103357799762762,0.045066837687045336,0.74034315,1.0430813e-07,-0.023377366,1.0130650082994044,-0.06073359790294075
2023-11-17,0.002412709744624976,0.05414009897504002,0.7403431,1.0430813e-07,-0.020592503,1.0155092401168668,-0.05846742070180244
2023-11-18,0.0050369680453222826,0.05205030213983264,0.7403431,1.1920929e-07,-0.020675637,1.0206243277090652,-0.053724951186247316
2023-11-19,-0.012418214150515269,0.057866630144417286,0.73947406,1.0430813e-07,-0.023186594,1.0079499962403484,-0.06547599738770571
2023-11-20,0.004757834603260562,0.04433788824826479,0.73947406,9.685755e-08,-0.025772601,1.0127456556108172,-0.06102968675049936
2023-11-21,0.005207382097039954,0.0597288126591593,0.74233896,9.685755e-08,-0.03682822,1.0180194092066999,-0.056140109551631956
2023-11-22,-0.024138992167601826,0.060681940405629575,0.73716784,1.0430813e-07,-0.057447627,0.9934454466613927,-0.07892393605447867
2023-11-23,-0.0005232550765595079,0.048942819121293724,0.7371679,1.1920929e-07,-0.05028774,0.9929256212881422,-0.07940589378083551
2023-11-24,-0.013883044728082496,0.06257080379873514,0.73138744,1.0430813e-07,-0.050767526,0.9791407904761398,-0.0921865429338854
2023-11-25,-0.007206377995110415,0.04748488176846877,0.7312585,1.2665987e-07,-0.047793515,0.9720847318295376,-0.09872858985455168
2023-11-26,0.007893171250278101,0.03731126507045701,0.73168135,1.0430813e-07,-0.050752737,0.9797575630876488,-0.09161470027129404
2023-11-27,0.00481274711037986,0.05223371280590072,0.7341014,1.0430813e-07,-0.051082566,0.9844728884682716,-0.08724287154491317
2023-11-28,0.0012556778365396895,0.043517860816791654,0.73290414,1.1175871e-07,-0.04892043,0.9857090692549956,-0.08609674264856848
2023-11-29,0.0062022698107557514,0.04360059276223183,0.7261715,1.5646219e-07,-0.046416633,0.991822702857424,-0.08042846806554627
2023-11-30,0.0036736167639774067,0.04700417708954774,0.7261715,1.1920929e-07,-0.04649014,0.9954662793655346,-0.07705031467015533
2023-12-01,-0.00447095804663104,0.054422207205789164,0.7259797,1.4901161e-07,-0.03770335,0.9910155913936554,-0.08117678399241646
2023-12-02,-0.0033775956567842513,0.04945683991536498,0.72286344,1.8626451e-07,-0.031347744,0.9876683414363586,-0.08428019729615621
2023-12-03,-0.0059362100760708926,0.04529301798902452,0.7228635,1.6391277e-07,-0.029634044,0.9818053346761079,-0.0897161024158244
2023-12-04,-0.013596536414998809,0.05468015014776029,0.7237948,1.6391277e-07,-0.03693214,0.9684561826907441,-0.10209281057731479
2023-12-05,0.009905564627662898,0.05617828760296106,0.72320604,1.937151e-07,-0.016157985,0.978049287997447,-0.09319853288284519
2023-12-06,0.014380420881250756,0.05403226055204868,0.719077,1.937151e-07,-0.018073454,0.9921140484014579,-0.08015834612996475
2023-12-07,0.004260894006140915,0.05687817681700835,0.71108776,2.2351742e-07,-0.016821265,0.9963413412036998,-0.07623899834039127
2023-12-08,0.0034966874733227088,0.0606251882190918,0.7207775,2.0861626e-07,-0.006645575,0.9998252354906403,-0.07300889481754413
2023-12-09,-0.00017653481103116063,0.04325985713512637,0.7198461,2.0861626e-07,-0.0040662885,0.9996487315316287,-0.07317254101712511
2023-12-10,-0.009185100082982898,0.05590643174946308,0.7198461,2.1606684e-07,-0.0006631613,0.9904668578846838,-0.08168554398753958
2023-12-11,-0.0021876657534157856,0.046390266623348,0.71656096,2.1606684e-07,0.00075847656,0.9883000474597962,-0.08369450907382459
2023-12-12,0.0058017106767947555,0.05620352737605572,0.7142852,2.0861626e-07,0.0006691888,0.9940338783970204,-0.07837836972391254
2023-12-13,0.004909553142184905,0.06262933611287735,0.7094901,2.1606684e-07,0.010135397,0.9989141405481429,-0.07385361935308499
2023-12-14,0.009959079256781024,0.05702114291489124,0.7049241,2.0861626e-07,0.0071485788,1.008862405644581,-0.06463005414484158
2023-12-15,0.003722709868015954,0.06529298596433364,0.7129618,1.8626451e-07,-0.0033898577,1.0126181076775442,-0.061147943217161105
2023-12-16,-0.002027981079573692,0.05788505566306412,0.7129618,1.7881393e-07,-0.0030854568,1.0105645373143404,-0.06305191742483562
2023-12-17,-0.002346102773833991,0.050002109026536345,0.71569765,1.5646219e-07,-0.00065268576,1.008193649050209,-0.06525009392030356
2023-12-18,-0.0016003187048627297,0.05280526797287166,0.71569765,1.6391277e-07,0.0032555833,1.00658021789551,-0.06674599167937167
2023-12-19,-0.003443507749303535,0.05526469403412193,0.71569765,1.5646219e-07,0.0063380897,1.0031140511148913,-0.06995965908909241
2023-12-20,-0.008374061028298456,0.06458587478846312,0.7143998,1.4156103e-07,0.0038990527,0.9947139128325115,-0.07774787366265978
2023-12-21,0.0008965914766349669,0.047005042870296165,0.7133969,1.4901161e-07,0.006924197,0.9956057648484474,-0.07692099026687715
2023-12-22,-0.0036368299582281906,0.048675951635232195,0.7096883,1.1920929e-07,-0.0063761547,0.9919849159762618,-0.08027807166328627
2023-12-23,-0.008752968634784338,0.04563248285558075,0.70086765,1.2293458e-07,-0.0027880818,0.9833021031205424,-0.08832836885474094
2023-12-24,-0.012484741415402822,0.05433497473131865,0.7015732,1.4901161e-07,0.0073402263,0.9710258306298607,-0.09971035342534795
2023-12-25,0.0006951003243066225,0.05071896221488714,0.70128626,1.4901161e-07,0.011553355,0.9717007909996416,-0.0990845618000441
2023-12-26,-0.004208542269254394,0.05239476743736304,0.69894016,1.4901161e-07,0.010441698,0.9676113471476516,-0.10287610250273249
2023-12-27,0.016899194646201068,0.05210102422279306,0.70021296,1.4901161e-07,0.022806741,0.9839631996449727,-0.08771543113716751
2023-12-28,0.009742356330614712,0.053013165190350264,0.7141504,1.5646219e-07,0.013742764,0.9935493197521258,-0.07882762979238456
2023-12-29,-0.006512963235741609,0.04808059410424903,0.71204484,1.8067658e-07,0.015152428,0.9870783695596842,-0.08482719157332763
2023-12-30,0.0003380396897599098,0.050128858303651214,0.71204484,1.6763806e-07,0.015030082,0.9874120412254989,-0.08451782684109044
2023-12-31,0.006979846557669589,0.3482991537566704,1.0443325,2.30968e-07,0.030137416,0.9943040257624481,-0.07812790174615936
2024-01-01,-0.006791201294548955,0.34920647242324776,0.70865035,1.7881393e-07,0.014170561,0.987551506975515,-0.08438852073322944
2024-01-02,0.003018374724602836,0.05072025675326586,0.70865035,1.899898e-07,0.01479153,0.9905323074834134,-0.08162486218665432
2024-01-03,0.0027986252772534497,0.06297376955626532,0.7113415,1.7508864e-07,0.0076410025,0.9933044362370725,-0.07905467431196889
2024-01-04,2.6304499464458783e-05,0.05698547372594476,0.7108034,1.899898e-07,0.0050832666,0.9933305646130836,-0.07903044930614256
2024-01-05,0.012647071577804127,0.05516067473217845,0.7108034,1.937151e-07,0.0020220354,1.005893287364166,-0.06738288147753912
2024-01-06,0.014614082944230177,0.05315325828269124,0.7084398,2.0489097e-07,-0.0025033578,1.0205934952987503,-0.05375353755224277
2024-01-07,0.010832014170899129,0.06418945314362645,0.69888437,2.2351742e-07,0.00092010945,1.0316485785025538,-0.04350378246184561
2024-01-08,-0.003750702070854459,0.06514525896636769,0.70409954,2.3841858e-07,-0.015796423,1.0277791720427703,-0.04709131480573037
2024-01-09,0.004823077469525742,0.0658068080083467,0.71443146,2.3469329e-07,-0.014912553,1.0327362306110974,-0.042495362395654546
2024-01-10,-0.011406510873726803,0.061454387847334146,0.71724665,2.2351742e-07,-0.020810995,1.0209563135669404,-0.053417149456132296
2024-01-11,-0.003874483286152099,0.05763148260302842,0.72028774,2.30968e-07,-0.020886708,1.0170006353941339,-0.05708466888952268
2024-01-12,-0.0010583522340994022,0.06003786693327129,0.7283579,2.682209e-07,-0.010408372,1.015924290499584,-0.05808260543677002
2024-01-13,-0.0007538104521354398,0.04758499609306455,0.7314079,2.4586916e-07,-0.015710115,1.0151584761508272,-0.058792632613839935
2024-01-14,0.005891813856400404,0.05486540403217077,0.7352827,2.682209e-07,-0.021342076,1.021139600927055,-0.053247214004927934
2024-01-15,-0.004583053398750963,0.045016665826551616,0.7344812,2.5704503e-07,-0.01643363,1.016459663608427,-0.05758623257855955
2024-01-16,-0.005754886580334641,0.044071435113437474,0.73448116,2.2351742e-07,-0.017425936,1.0106100535308755,-0.06300971692181578
2024-01-17,0.004074432611399971,0.05813809382379986,0.7345643,2.5331974e-07,-0.015700608,1.0147277160903905,-0.05919201315587708
2024-01-18,0.01100560851969567,0.043632980436086655,0.7274421,2.0861626e-07,-0.020222843,1.0258954120877661,-0.048837848760467706
2024-01-19,0.0069334753298317085,0.05112424146500416,0.72399235,2.3841858e-07,-0.017268077,1.0330084326184643,-0.04224298945017868
2024-01-20,0.004129206926736515,0.05052758438978344,0.729439,2.682209e-07,0.005338125,1.0372739381938096,-0.03828821256808601
2024-01-21,0.001115463308084145,0.04462425922974944,0.72943896,2.682209e-07,0.02038898,1.0384309792122968,-0.03721545835625362
2024-01-22,0.0020157902873397687,0.044959952821955085,0.71951425,2.682209e-07,0.014611922,1.0405242382942654,-0.03527468662840749
2024-01-23,0.0027650553057246723,0.053305825451388955,0.7153511,2.682209e-07,0.021144032,1.043401345360096,-0.032607167782102486
2024-01-24,-0.009279342319610804,0.061973983771167696,0.7099037,2.9057264e-07,0.019936442,1.0337192670997573,-0.04158393702979024
2024-01-25,0.00662908829713524,0.05824828485492617,0.708264,2.7567148e-07,0.020600174,1.0405718833958113,-0.035230512322968144
2024-01-26,-0.0117969986180251,0.053899338468909264,0.7073195,2.8684735e-07,0.010359149,1.0282962583254351,-0.04661189663580689
2024-01-27,-0.002726639666067058,0.0660728811417357,0.70099854,2.9057264e-07,0.006637808,1.0254924649590167,-0.049211442455596166
2024-01-28,0.006460167570883641,0.05574389290995896,0.69331557,2.719462e-07,0.0046011843,1.0321173181253305,-0.04306918904938051
2024-01-29,-0.007649990267796966,0.06399392060848186,0.69070673,2.5331974e-07,-0.00013653189,1.024221630686447,-0.05038970044010793
2024-01-30,0.000843292152039794,0.05606058286502957,0.68315303,2.4586916e-07,-0.0031320564,1.0250853487495541,-0.04958890152699291
2024-01-31,0.006841688529937528,0.06360355811193585,0.6847983,2.4959445e-07,-0.0043802224,1.032098663422301,-0.04308648481584476
2024-02-01,0.002152002850518329,0.3393867799313739,1.0018013,3.874302e-07,-0.008056514,1.0343197426880022,-0.041027204203468726
2024-02-02,-0.016708788091227687,0.07875369337853044,1.0017943,3.7252903e-07,-0.02619055,1.0170375132888552,-0.05705047743368519
2024-02-03,0.007957408868816856,0.07609826640691608,0.99541867,3.427267e-07,-0.030173145,1.0251304966170194,-0.04954704253996933
2024-02-04,0.0003987911624499247,0.08746465831063688,1.0060308,3.427267e-07,-0.028580546,1.025539309599428,-0.04916801030021001
2024-02-05,-0.001502304789457412,0.0731532140634954,1.0060308,3.3527613e-07,-0.029811881,1.02399863698284,-0.05059644975230526
2024-02-06,0.009461358641419792,0.07289684726856649,1.0111809,3.2037497e-07,-0.03166364,1.0336870553356596,-0.04161380226797473
2024-02-07,0.0013442810787528288,0.0793819553218782,1.0104969,2.9802322e-07,-0.026148811,1.035076621285499,-0.04032546183622576
2024-02-08,0.015480339373636525,0.06519746854610275,1.0023782,2.9057264e-07,-0.012511663,1.0510999586607155,-0.025469374297212743
2024-02-09,-0.008623087254629354,0.09082042724185158,1.0297074,2.4586916e-07,-0.0087976605,1.0420362320038468,-0.03387283691495646
2024-02-10,0.0005333833006861823,0.10188616905361414,1.0311394,2.0861626e-07,-0.0096606165,1.0425920367287076,-0.03335752081982757
2024-02-11,0.018903571837578056,0.08600904546619859,1.0417666,2.0861626e-07,-0.0041070506,1.0623007501922956,-0.015084525273390437
2024-02-12,-0.011406909050456306,0.07103673029632773,1.0413159,2.1606684e-07,-0.0047664717,1.0501831821506207,-0.026319366515983877
2024-02-13,-0.014148362676802207,0.09670247812755406,1.0651023,1.8626451e-07,-0.0006041527,1.0353248096124754,-0.04009535324989433
2024-02-14,-0.008566535009264045,0.09170707920566201,1.0696104,1.8626451e-07,0.002436705,1.0264556633849704,-0.048318410011834456
2024-02-15,0.003665678726592887,0.0911874248413369,1.0754404,1.5646219e-07,0.006585017,1.0302183200740316,-0.044829851052924585
2024-02-16,0.01150480819887889,0.09273063915316015,1.0814784,1.6391277e-07,-0.0053560883,1.0420707842494545,-0.03384080169199388
2024-02-17,-0.006111786492763713,0.09445108892396092,1.0817468,1.7881393e-07,-0.0017273277,1.035701870105775,-0.039745760430072274
2024-02-18,-0.01057324121050624,0.08325663951109163,1.0817468,1.6391277e-07,0.0018862486,1.0247511444109743,-0.04989876012845629
2024-02-19,-0.006057878386095581,0.08776024973485619,1.0833149,1.7881393e-07,0.0062924027,1.0185433266021202,-0.0556543578940768
2024-02-20,0.011567889315911998,0.09310875675873831,1.0812719,1.7881393e-07,0.0121343285,1.0303257230677143,-0.04473027203023172
2024-02-21,0.004919206729362486,0.09213878150330856,1.0828911,1.4901161e-07,0.010226697,1.0353941082980642,-0.0400311027560466
2024-02-22,-0.008439900973593466,0.08083281840663403,1.0828911,1.937151e-07,0.017956108,1.0266554845553864,-0.04813314518651535
2024-02-23,0.009292587296440615,0.07247416710015386,1.0836387,1.937151e-07,0.015005223,1.0361957702689868,-0.03928783934357272
2024-02-24,-0.006277398130703659,0.08588839217554778,1.0908256,1.937151e-07,0.005516216,1.0296911568776572,-0.045318612065021635
2024-02-25,-0.003481727167712506,0.07686755221220665,1.0871303,1.6391277e-07,-0.0074444115,1.026106053202403,-0.04864255218990443
2024-02-26,0.011449549620591824,0.08069224053178914,1.0804777,1.6391277e-07,0.025119618,1.0378545053745334,-0.03774993788428316
2024-02-27,0.02916217383283947,0.07998049620073289,1.0804778,1.7881393e-07,0.056885093,1.068120598873461,-0.009688634302204235
2024-02-28,-0.004881084960092267,0.3573546935367631,0.73501205,1.1920929e-07,0.03322932,1.062907011482735,-0.014522428215120176
2024-02-29,-0.0048511996539236865,0.055559643580636475,0.7312323,1.2665987e-07,0.027736157,1.057750637356477,-0.01930317667031256
2024-03-01,0.0008073785062646266,0.06231630648471764,0.73115855,1.4156103e-07,0.024374112,1.0586046424860662,-0.01851138313399414
2024-03-02,0.018648958247699285,0.07142857003418612,0.7270612,1.5646219e-07,0.013585754,1.0783465162646093,-0.0002076428974681077
2024-03-03,0.0050196398991647585,0.06565722753293812,0.7273685,1.4156103e-07,0.004447028,1.0837594274627764,0.0
2024-03-04,0.03167396047846978,0.06575145933311433,0.72122484,1.4901161e-07,0.05508994,1.1180863807364014,0.0
2024-03-05,0.003292734629372717,0.06613453826867044,0.72122484,1.5646219e-07,0.039414518,1.1217679424808822,0.0
2024-03-06,-0.007201311904365866,0.05693065267405473,0.72122484,1.5646219e-07,0.034300894,1.1136897416427585,-0.0072013119043660145
2024-03-07,-0.0006950437815958139,0.047773327358299866,0.70968205,1.4901161e-07,0.035875678,1.1129156785132026,-0.007891350458903323
2024-03-08,0.0010215343336913065,0.05416789207083639,0.7063209,1.4901161e-07,0.030008614,1.1140525600893072,-0.00687787741064505
2024-03-09,-0.04607366813370845,0.06259855734242592,0.69654137,1.7136335e-07,0.040645435,1.0627240721522442,-0.05263465650307109
2024-03-10,-0.001005861981338967,0.053296305777621455,0.69292104,1.8626451e-07,0.038481623,1.0616551184114125,-0.05358757528453284
2024-03-11,0.02165227521750967,0.053021323576103896,0.6917731,1.8626451e-07,0.052953392,1.0846423672213341,-0.03309559299532294
2024-03-12,-0.009059418540084152,0.05729026789776981,0.6941723,1.7881393e-07,0.058839057,1.0748161380503685,-0.04185518470663008
2024-03-13,0.010453727697997238,0.06144042022060603,0.68758,1.5646219e-07,0.059644863,1.08605197328296,-0.031838999712305305
2024-03-14,-0.011718079977836169,0.0624168204376474,0.6814802,1.7136335e-07,0.06767128,1.0733255293999435,-0.04318398774509835
2024-03-15,0.009161900983424858,0.059765014331787825,0.67491686,1.6391277e-07,0.053880773,1.0831592316232879,-0.034417734181463544
2024-03-16,0.007437465818074997,0.058217268669977784,0.6754871,1.5646219e-07,0.033050165,1.0912151913840185,-0.027236249084898745
2024-03-17,-0.012638566216628533,0.05819496582262218,0.6993652,1.4156103e-07,0.025737822,1.0774237959311206,-0.039530588163975255
2024-03-18,0.016584212562825995,0.05619278969243169,0.7142493,1.1920929e-07,0.030528158,1.095292021183089,-0.023601959277994244
2024-03-19,-0.0013380851863184944,0.052469219837803394,0.7117317,1.1920929e-07,0.021626368,1.093826427154851,-0.024908463032234818
2024-03-20,-0.006314714048232418,0.034826976945623755,0.71380746,1.0430813e-07,0.018213287,1.0869192260489684,-0.031065887259037694
2024-03-21,0.00598470462235855,0.06037194444797933,0.7111103,1.3411045e-07,0.0082550645,1.0934241165652339,-0.02526710279575617
2024-03-22,-0.007307151594187417,0.06407897022290854,0.7113113,9.685755e-08,0.016756743,1.0854343007887512,-0.032389623839469084
2024-03-23,-0.004630229888334725,0.06768509047105908,0.7187279,1.1920929e-07,0.014855877,1.0804084904474154,-0.03686988232343047
2024-03-24,-0.0007425749798367178,0.05765682051423937,0.71807736,1.0430813e-07,0.008492053,1.0796062061344058,-0.037585078651144355
2024-03-25,-0.008812842066896337,0.060575589537620544,0.72894824,9.685755e-08,0.0036040023,1.070091807145302,-0.04606668935581637
2024-03-26,-0.0010243078549465282,0.07100408396217972,0.730818,1.1175871e-07,0.0033693984,1.0689957037017292,-0.04704381073900432
2024-03-27,0.002216077510001924,0.0714285735739395,0.73334897,8.940697e-08,-0.00028935075,1.0713646810389914,-0.04493198595996584
2024-03-28,0.0032259214633822923,0.05613806692417711,0.73334897,1.0430813e-07,0.004609585,1.0748208193586648,-0.04185101155448423
2024-03-29,0.01621389432278556,0.05573279014788568,0.7358339,1.0430813e-07,-0.00016131997,1.092247850539676,-0.026315685110344766
2024-03-30,-0.0033140818271549504,0.0659565890673548,0.7370486,8.940697e-08,0.0018107444,1.0886280517874534,-0.02954255460370636
2024-03-31,-0.01269317286543901,0.056713826139457524,0.7370486,1.0430813e-07,0.003191568,1.074809907739949,-0.04186073871667384
2024-04-01,0.0058203500854306185,0.05523140006698668,0.7370486,9.685755e-08,-0.0012356639,1.081065677678285,-0.03628403278540904
2024-04-02,0.015139032308368768,0.048671409487724304,0.7370486,1.1175871e-07,-0.017984703,1.097431965900125,-0.02169430562165664
2024-04-03,0.005641521974801208,0.061721276957541704,0.71933925,1.4156103e-07,-0.018354103,1.1036231524515998,-0.016175172548748118
2024-04-04,-0.006378919575119198,0.05330874619539827,0.7229624,1.3411045e-07,-0.018647976,1.0965832291208717,-0.022450911999065015
2024-04-05,-0.00599023799837687,0.05439377103903098,0.7273362,1.5646219e-07,-0.017865568,1.090014434593409,-0.02830666369128687
2024-04-06,0.005412105570838321,0.06201478582806885,0.7333311,2.1606684e-07,-0.021004394,1.0959137077871661,-0.023047756772704098
2024-04-07,-0.008367272461740868,0.038482533185742795,0.7293672,2.0861626e-07,-0.019252345,1.0867438991995542,-0.031222182373895846
2024-04-08,-8.048274285101797e-05,0.05819146608700976,0.72959405,2.30968e-07,-0.016641892,1.08665643506977,-0.031300152269871595
2024-04-09,0.008772125076691737,0.06362255214480683,0.7319459,2.2351742e-07,-0.019992419,1.096188721233594,-0.02280259604381074
2024-04-10,0.005720297502426547,0.05978449166286737,0.7364118,2.30968e-07,-0.01920364,1.1024592468378547,-0.01721273617458241
2024-04-11,0.0009355733398115262,0.05473954137414694,0.7364118,2.2351742e-07,-0.020400658,1.103490678317425,-0.01629326661184094
2024-04-12,0.030314942748955218,0.05632111802697182,0.7364118,1.937151e-07,-0.045657896,1.1369429350546236,0.0
2024-04-13,0.010011090413787315,0.06401929142521112,0.7364118,2.1606684e-07,-0.050156355,1.1483249735727723,0.0
2024-04-14,-0.011378378230005183,0.05464604066582979,0.7364118,2.2351742e-07,-0.052496567,1.1352588976925007,-0.011378378230005093
2024-04-15,0.011201685787400493,0.04756517824716866,0.73641187,2.682209e-07,-0.054394647,1.1479757111518025,-0.00030414946030754564
2024-04-16,-0.0008098647030597021,0.06386494601611048,0.7364118,2.5331974e-07,-0.052655578,1.147046006143371,-0.0011137678434547382
2024-04-17,-0.0007561402191313391,0.06150608684401959,0.73451674,2.5331974e-07,-0.049040638,1.146178678524932,-0.0018690658979249042
2024-04-18,-0.002568644919501821,0.0604318457772024,0.7313305,2.5331974e-07,-0.04606338,1.1432345524854977,-0.00443290985080369
2024-04-19,0.0004994899037519644,0.0616201963275671,0.7199496,3.1292439e-07,-0.0441055,1.1438055866020846,-0.003935634140766364
2024-04-20,-0.016301870384340875,0.05486193374963477,0.72040963,3.2037497e-07,-0.043063745,1.1251594161844125,-0.02017334632746426
2024-04-21,0.0013921448015025816,0.046277407091110945,0.7222393,3.1292439e-07,-0.038010404,1.1267258010165153,-0.01880928574518037
2024-04-22,-0.003945343936953577,0.044628890696913004,0.7222394,3.1292439e-07,-0.034373693,1.1222804802088657,-0.022680420580660665
2024-04-23,0.005267841362991021,0.04821648518554866,0.72310793,2.9802322e-07,-0.032018624,1.1281924757433874,-0.01753205607533448
2024-04-24,0.00548620955417573,0.056984434893820435,0.7247906,2.9057264e-07,-0.031092726,1.1343819760827598,-0.012142031054703795
2024-04-25,0.0021590686645695314,0.05203214210632723,0.720397,3.2037497e-07,-0.028327122,1.1368311846609727,-0.010009177868908647
2024-04-26,0.007620177661148773,0.054104105263832025,0.721324,2.9802322e-07,-0.024703316,1.1454940402588236,-0.0024652719213628105
2024-04-27,-0.00042952744571084624,0.05241462987032719,0.718538,2.5331974e-07,-0.028036326,1.1450020191296342,-0.002893740465122363
2024-04-28,0.005815906731670111,0.34700133434671443,1.052943,3.874302e-07,-0.06797829,1.151661244080466,0.0
2024-04-29,0.006329121323746222,0.08204006729647517,1.047287,3.799796e-07,-0.06369418,1.158950247818108,0.0
2024-04-30,0.01985760002101597,0.08207429997855797,1.0532207,3.874302e-07,-0.07247935,1.1819642182835373,0.0
2024-05-01,-0.006109802830753324,0.3488752107223263,0.714401,2.5331974e-07,-0.04141126,1.1747426499568194,-0.0061098028307532415
2024-05-02,-0.007887080537591828,0.35606311602168716,1.0554297,3.874302e-07,-0.061446503,1.165477360065666,-0.013948694861350086
2024-05-03,-0.0005565925443643209,0.3667818879985134,0.71961105,2.4586916e-07,-0.07067469,1.164828664056428,-0.01449752366615098
2024-05-04,0.0030099542197540357,0.06309540133952396,0.71961117,2.5331974e-07,-0.064520374,1.1683347450090953,-0.011531206328931787
2024-05-05,-0.008343756857919288,0.05723363789729774,0.7205142,2.9057264e-07,-0.05359765,1.1585864439680802,-0.019778749604963952
2024-05-06,-0.001201639555831207,0.05399607110302895,0.7100753,3.3527613e-07,-0.045348167,1.1571942406681583,-0.020956622232904953
2024-05-07,-0.0004123937006188498,0.3456089466926642,1.040015,5.1409006e-07,-0.0689013,1.1567170210529143,-0.0213603735545288
2024-05-08,-0.0003101054454455152,0.07937326072715223,1.021872,5.5879354e-07,-0.064265996,1.1563583168058462,-0.021663855031818335
2024-05-09,-0.009011794547186583,0.09098272654227912,1.02421,5.9604645e-07,-0.06260215,1.1459374532318614,-0.030480419368358214
2024-05-10,0.0007937971066639875,0.33178412570850924,0.706236,3.9488077e-07,-0.04783944,1.1468470950666547,-0.029710817530398725
2024-05-11,0.0015153948210499947,0.05097173887770623,0.70592093,3.799796e-07,-0.045758143,1.148585021215055,-0.028240446328363422
2024-05-12,-0.009175083139557784,0.32749738835264,1.015059,5.8859587e-07,-0.06716908,1.1380466581525561,-0.03715642102496031
2024-05-13,0.01614680469376981,0.07352801028173417,1.0021907,6.3329935e-07,-0.052411288,1.156422475274143,-0.021609573804599824
2024-05-14,0.011650509745115414,0.0782870936091058,1.0072114,6.7055225e-07,-0.05035781,1.169895386591795,-0.010210826609682644
2024-05-15,-0.008899590703127614,0.343111876223702,0.6894443,4.61936e-07,-0.034832895,1.1594837964856506,-0.01901954513524362
2024-05-16,-0.008486000188497201,0.05796790111344308,0.6931484,4.6938658e-07,-0.033252522,1.1496444167701139,-0.02734414546013808
2024-05-17,0.0022619465734132972,0.061353314435109496,0.6912591,5.066395e-07,-0.025901191,1.1522448510192707,-0.02514404988285135
2024-05-18,0.004434604719252547,0.05553659494034946,0.6804088,5.066395e-07,-0.033471525,1.1573546014733351,-0.0208209490858704
2024-05-19,0.003082356306927977,0.04662198224104941,0.68093157,5.1409006e-07,-0.042071402,1.1609219807285387,-0.017802770362673415
2024-05-20,0.015688169580418618,0.054366180673241615,0.68083376,5.289912e-07,-0.016940206,1.1791347216318433,-0.002393893662705815
2024-05-21,0.011953819281894538,0.05844013160094619,0.6801408,5.364418e-07,-0.014873333,1.1932298850032372,0.0
2024-05-22,-0.0011459407777874731,0.062260982231236994,0.67813605,5.5879354e-07,-0.013938472,1.1918625142207373,-0.001145940777787513
2024-05-23,0.014711756336429972,0.05524555407464504,0.680151,5.699694e-07,-0.014772564,1.2093969051164777,0.0
2024-05-24,-0.007360721924742393,0.05497790523804724,0.67746925,5.5879354e-07,-0.008935794,1.2004948708012713,-0.007360721924742353
2024-05-25,-0.0009253437992961153,0.06225104944314808,0.6766266,5.662441e-07,-0.007885851,1.1993840003164886,-0.00827925452564704
2024-05-26,0.00680766228774155,0.061428107670508325,0.6754744,5.5134296e-07,-0.010478355,1.2075490015439638,-0.0015279546067102912
2024-05-27,-3.704679277643663e-05,0.05608733317058068,0.6794872,4.991889e-07,-0.012597442,1.2075042657263364,-0.0015649447936688654
2024-05-28,0.00478958745586533,0.056032987937214784,0.6808946,4.991889e-07,-0.013575055,1.2132877130103632,0.0
2024-05-29,-0.0029260551214747464,0.059790926752611995,0.68556494,4.7311187e-07,-0.012289822,1.209737566283887,-0.002926055121474702
2024-05-30,0.0026976141949962766,0.06566203851252794,0.7072551,4.2840838e-07,-0.009992026,1.2130009715149148,-0.00023633429430924835
2024-05-31,-0.0037025970786999096,0.06478915747720748,0.71838284,4.1350722e-07,-0.010016143,1.2085097176613235,-0.003938056322341454
2024-06-01,0.005975256912001896,0.061246020486578345,0.7292833,4.04194e-07,-0.009784538,1.215730873705001,0.0
2024-06-02,-0.003977962231270794,0.3636302091181278,1.072571,5.811453e-07,-0.012917258,1.2108947422060126,-0.003977962231270893
2024-06-03,0.00843590925004537,0.08324949495727196,1.0753549,5.662441e-07,-0.016484082,1.2211097403626197,0.0
2024-06-04,0.01601419511370659,0.08869294129544869,1.0742052,5.2526593e-07,-0.0031800643,1.240664830000034,0.0
2024-06-05,0.003677553856561644,0.09087346796877682,1.0752044,4.991889e-07,-0.010619104,1.245227441730301,0.0
2024-06-06,-0.000647841981091915,0.08393198065459728,1.0752314,4.917383e-07,-0.00589633,1.2444207311175406,-0.0006478419810918012
2024-06-07,0.013090560651922715,0.09650177444564179,1.0736253,4.7311187e-07,-0.015616026,1.2607108961747449,0.0
2024-06-08,0.014840487839610433,0.09065473976079375,1.0458472,4.8056245e-07,-0.0007282123,1.2794204608986905,0.0
2024-06-09,-0.004974478022190965,0.08625855599530041,1.0497098,4.3958426e-07,-0.0071361214,1.2730560119348087,-0.004974478022190865
2024-06-10,0.00033900934910343494,0.09033557283692062,1.0496504,4.172325e-07,-0.0057163164,1.2734875898247868,-0.00463715506764395
2024-06-11,0.005772594627040235,0.08880545431748033,1.035104,4.3958426e-07,0.039466858,1.2808389174434116,0.0
2024-06-12,-0.012398232844852829,0.07902604469563812,1.0283489,4.3213367e-07,0.030605778,1.2649587783081988,-0.012398232844852974
2024-06-13,0.008512284204451135,0.0921718804165721,1.0312967,4.209578e-07,0.030469768,1.2757264669360735,-0.003991485922010152
2024-06-14,0.008050519074578915,0.09354580321814865,1.0306447,4.3958426e-07,0.024300791,1.2859967271920876,0.0
2024-06-15,-0.004395550031174935,0.10476190004555974,1.0167589,4.0978193e-07,0.023568906,1.2803440642377875,-0.004395550031174977
2024-06-16,-0.014528678904020011,0.06586286897072569,1.019571,4.0233135e-07,0.025785942,1.2617423564418087,-0.018860367400185485
2024-06-17,0.02781946453028104,0.08201516239205375,1.0292374,4.246831e-07,0.027561367,1.2968433531731947,0.0
2024-06-18,0.016549158168621944,0.09268050389073323,1.0411813,4.04194e-07,0.015786353,1.3183050189447838,0.0
2024-06-19,-0.007694181602970275,0.08532169880345464,1.0396643,4.0605664e-07,0.017981976,1.3081617407209154,-0.007694181602970307
2024-06-20,0.0035830335077425843,0.0803245163988322,1.0396643,4.246831e-07,0.015507646,1.3128489280714655,-0.004138716605725734
2024-06-21,-0.001556372048878984,0.08753449027426541,1.0251825,4.209578e-07,0.012478773,1.3108056466954143,-0.005688647271761327
2024-06-22,0.02681243272344727,0.08949425374157727,1.0303437,3.9115548e-07,0.0070891604,1.34595153491095,0.0
2024-06-23,0.0078003202487961975,0.08059681847225875,1.0364416,3.9115548e-07,0.007862397,1.3564503879226142,0.0
2024-06-24,-0.035837495981017126,0.10000117390882224,1.0433667,4.209578e-07,0.04967497,1.3078386025969884,-0.03583749598101715
2024-06-25,0.01192190286618279,0.06758335841004737,1.0433314,3.9488077e-07,0.055250343,1.323430527381794,-0.024342844260887286
2024-06-26,0.009111460320884363,0.09691497977473773,1.0358686,4.1350722e-07,0.050011475,1.3354889121194802,-0.01545318279958341
2024-06-27,0.00722646865464776,0.09795231331372634,1.0342216,4.3213367e-07,0.05790868,1.345139780881541,-0.00833838608605153
2024-06-28,0.01519007186019735,0.0562795257428661,1.0222204,4.4330955e-07,0.042276412,1.365572550815142,0.0
2024-06-29,0.010681925775491437,0.08475067664403468,1.0349307,3.9488077e-07,0.053901043,1.380159495443998,0.0
2024-06-30,-0.013771146125973245,0.08204687634133734,1.0352069,3.874302e-07,0.038990818,1.361153117355089,-0.0137711461259733
2024-07-01,0.0006052510700469611,0.07642142288386822,1.0352662,3.874302e-07,0.036073267,1.361976956735866,-0.013174230056854919
2024-07-02,0.003163832639891552,0.09961438841128256,1.0367626,3.874302e-07,0.036009237,1.366286023886367,-0.010052078476022741
2024-07-03,0.01574831428639618,0.10046967035941634,1.0454955,3.7252903e-07,0.012750976,1.38780272559564,0.0
2024-07-04,0.010152397607675084,0.0990017625153996,1.041802,3.874302e-07,-0.009824008,1.4018922506669023,0.0
2024-07-05,-0.0004908751984205537,0.09950947109609842,1.0355603,3.7252903e-07,-0.010459587,1.401204096530192,-0.000490875198420504
2024-07-06,-0.014721568854611178,0.10476191528141499,1.0360142,3.7252903e-07,-0.02479121,1.3805761739437594,-0.015205217599999155
2024-07-07,-0.0026429340158697413,0.0827221842482686,1.0358801,3.5762787e-07,-0.01312533,1.376927402212144,-0.017807965229055256
2024-07-08,-0.010509129107361332,0.0721042100331033,1.028254,3.7252903e-07,-0.012297839,1.362457094370833,-0.028129948130685034
2024-07-09,-0.010734184014698257,0.08535091805970296,1.0267345,3.5762787e-07,-0.02175583,1.3478322292077254,-0.03856218010582457
2024-07-10,0.009384232373089618,0.08562981523573399,1.0247194,3.5762787e-07,-0.024894804,1.3604806000465501,-0.0295398241916609
2024-07-11,0.008672720616625156,0.08370737265795469,1.0247194,3.7252903e-07,-0.02679345,1.3722796681950922,-0.021123294217314403
2024-07-12,0.010836066333424241,0.10476188804022968,1.0392013,3.7252903e-07,-0.03444706,1.3871497817076635,-0.010516121301209602
2024-07-13,0.0038534808335654136,0.08694257011120499,1.0437995,3.5762787e-07,-0.031302035,1.3924951368047584,-0.006703164139521767
2024-07-14,-0.0066723591495820075,0.06314408918842673,1.0437994,3.874302e-07,-0.037114263,1.3832039091379509,-0.013330797370526226
2024-07-15,0.0015219701313890254,0.3368597257667716,0.71491164,2.3841858e-07,-0.02356556,1.3853091041732795,-0.011829116314562627
2024-07-16,0.001083683610811022,0.3479640965524595,1.0288936,4.4703484e-07,-0.02245441,1.3868103409453794,-0.010758251723232082
2024-07-17,-0.018084207333982704,0.3499705095018726,0.7010862,2.682209e-07,-0.007573366,1.3617309752068119,-0.028647904602500662
2024-07-18,-0.010836316934999559,0.33698569500120357,1.0311344,4.172325e-07,-0.012569159,1.346974826779265,-0.03917378376370384
2024-07-19,0.008529747195286519,0.3480262365192175,0.7051115,2.682209e-07,0.0026023835,1.358464181530107,-0.030978179040604403
2024-07-20,0.0025639954409016354,0.056122875015717,0.7029345,2.8312206e-07,0.005907893,1.3619472774981785,-0.028493611509530337
2024-07-21,0.0040001315376684944,0.060027082508895546,0.7086183,2.682209e-07,0.010021403,1.3673952457555407,-0.024607458165883167
2024-07-22,-0.004860520446960436,0.05769205652177334,0.70774245,3.427267e-07,0.014814854,1.3607489932044694,-0.02934837355928055
2024-07-23,0.009378805422446021,0.34018873691093177,1.0353589,4.7683716e-07,0.008235276,1.3735111932405233,-0.02024482082191248
2024-07-24,0.0028905671735628856,0.08449882152490318,1.0437508,4.7683716e-07,0.0068115294,1.3774814196082255,-0.017412772662852127
2024-07-25,-0.001302076270665566,0.0741686224937439,1.0410542,5.066395e-07,-0.00018066168,1.3756878337384708,-0.018692176175426845
2024-07-26,0.012132343087621848,0.08303715457441285,1.0435731,5.066395e-07,0.008280069,1.3923781505188533,-0.006786612982219609
2024-07-27,0.0011093807426977946,0.07795930709835375,1.0485606,5.066395e-07,-0.0028197765,1.3939228280255922,-0.005684761177272235
2024-07-28,0.0025404596379521535,0.07760722217062721,1.0485606,5.364418e-07,-0.0044126213,1.3974640327086114,-0.0031587434456423757
2024-07-29,-0.011229583229127456,0.055068104760721326,1.0480481,5.364418e-07,-0.0013011098,1.3817710940435979,-0.014352855302347534
2024-07-30,0.0003484348075544403,0.05925007560290396,1.0515802,5.066395e-07,-0.0037779212,1.3822525511888353,-0.014009421529168176
2024-07-31,0.004196935144507734,0.07161793345585465,1.0515802,5.066395e-07,-0.0039021075,1.388053775499505,-0.009871283018230592
2024-08-01,-0.0016738378655936686,0.0627161345910281,1.0567992,5.066395e-07,-0.002542764,1.3857303985305935,-0.011528597956526498
2024-08-02,0.007177509905741317,0.08662623818963766,1.0612863,5.364418e-07,-0.04568231,1.3956764921927338,-0.00443383467681735
2024-08-03,0.009835103720077313,0.061629743315279484,1.0639932,5.364418e-07,-0.06139812,1.409403115253123,0.0
2024-08-04,0.0020925796754745533,0.08382109878584743,1.0706563,5.066395e-07,-0.06034735,1.4123524035666521,0.0
2024-08-05,0.005280169088364346,0.3563444467727095,0.7360244,3.2782555e-07,-0.04380089,1.419809863069842,0.0
2024-08-06,-0.008455779972609889,0.056279452837770805,0.7332901,3.1292439e-07,-0.046680108,1.4078042632647818,-0.008455779972610045
2024-08-07,0.010541813139119768,0.06316535081714392,0.73027456,3.2782555e-07,-0.050294027,1.4226450727445752,0.0
2024-08-08,-0.0274783502521459,0.05001675011590123,0.7249062,3.2782555e-07,-0.08960773,1.3835531331512103,-0.027478350252145844
2024-08-09,-0.0024667477629045607,0.054636074404697865,0.7095791,3.1292439e-07,-0.081941605,1.38014025655515,-0.02987731585603759
2024-08-10,-3.149377139925491e-05,0.05083876190474257,0.6882662,3.5762787e-07,-0.07565078,1.3800967907334112,-0.02990786867808115
2024-08-11,0.008811653396231122,0.04738683393225074,0.68727374,3.7252903e-07,-0.072747275,1.3922577253066049,-0.02135975305446136
2024-08-12,-0.006769499355881635,0.06370681809494272,0.68170774,3.5762787e-07,-0.06577504,1.3828328375319205,-0.027984657575799043
2024-08-13,-6.279501035896828e-05,0.0502200392074883,0.68170774,3.5762787e-07,-0.05545631,1.382746002529563,-0.02804569528929557
2024-08-14,0.00014992358342988155,0.05238047707825899,0.67973286,3.5762787e-07,-0.051692814,1.3829533087652357,-0.027899976417003258
2024-08-15,0.007114074593559053,0.054529014974832535,0.68002456,3.5762787e-07,-0.053064257,1.3927917417632008,-0.02098438433683336
2024-08-16,-0.00041148280884817725,0.05992681044153869,0.6904187,3.5762787e-07,-0.051057965,1.3922186319051595,-0.021387232432272696
2024-08-17,0.004676822586334311,0.05688032368198037,0.69054186,3.7252903e-07,-0.046660572,1.398729791447969,-0.01681043413763672
2024-08-18,-0.0034328141762790666,0.06618554776650853,0.7008011,3.5762787e-07,-0.04167697,1.3939282119911027,-0.020185541217298653
2024-08-19,0.004809126062062206,0.04902165080420673,0.7008011,3.874302e-07,-0.034221724,1.400631788484033,-0.015473489967581355
2024-08-20,-0.0018837340335167028,0.05428700102493167,0.69735473,3.874302e-07,-0.027470596,1.3979933707156402,-0.017328076061428832
2024-08-21,-0.0047049152540712385,0.055724354344420135,0.69525516,3.9488077e-07,-0.023136705,1.3914159303806697,-0.021951464186115044
2024-08-22,-0.00486930788915015,0.045112764011719264,0.69983286,3.7252903e-07,-0.013799794,1.3846406978137777,-0.02671388363752536
2024-08-23,-0.015161169254904962,0.05499620642513037,0.70138896,3.6507845e-07,-0.027801402,1.3636479258369933,-0.041470039181146
2024-08-24,-0.0027243239333065504,0.0619968110404443,0.70230025,3.7252903e-07,-0.027278706,1.3599329071560318,-0.04408138529419625
2024-08-25,-0.000953914232995885,0.06034618316334672,0.708962,3.874302e-07,-0.017960817,1.3586356477999761,-0.044993249666349766
2024-08-26,0.00733245417742728,0.054441827873233706,0.71186686,3.799796e-07,-0.018043354,1.3685977814312889,-0.03799070643039448
2024-08-27,0.005555413703301383,0.06163269141688943,0.7146032,4.0233135e-07,-0.019814402,1.3762009083005602,-0.03264634681819456
2024-08-28,0.015040017872943281,0.3388254519813927,1.0504415,5.9604645e-07,-0.030056074,1.3968989945581614,-0.018097330584883276
2024-08-29,0.005898011015027805,0.0778841485735029,1.063829,6.109476e-07,-0.023592487,1.4051379202149465,-0.012306057824987726
2024-08-30,0.0015014971303298806,0.09293836672441103,1.0587705,5.811453e-07,-0.023383416,1.4072477307698672,-0.010823038205167612
2024-08-31,0.006932688997534569,0.0929066295211669,1.0543119,5.364418e-07,-0.021239344,1.417003741629781,-0.003965381965517878
2024-09-01,0.006344851474525058,0.08633551374077797,1.0607431,4.991889e-07,-0.02287424,1.425994419909268,0.0
2024-09-02,-0.009846225083709215,0.09381609514821321,1.0607431,4.917383e-07,-0.018633753,1.411953757882728,-0.009846225083709248
2024-09-03,0.009617845858534564,0.0762653402343858,1.0607431,4.61936e-07,-0.020882752,1.4255337114854225,-0.0003230787003183355
2024-09-04,-0.004784654125954745,0.07621367765386822,1.0530698,4.917383e-07,-0.014275648,1.4187130257310763,-0.005106187006436502
2024-09-05,0.0049992676985048095,0.08007571659982204,1.047723,4.991889e-07,-0.023667686,1.4258055519340618,-0.0001324465036954825
2024-09-06,-0.011432594997242404,0.08286785171367228,1.0433962,4.8428774e-07,-0.019804798,1.40950489451398,-0.011563527293702247
2024-09-07,-0.008808257825304509,0.07038214593194425,1.0422685,4.3213367e-07,-0.020138588,1.3970896119970724,-0.020269930589233875
2024-09-08,-0.0029995091320944313,0.08235057001002133,1.0393782,4.3958426e-07,-0.021194771,1.392899028947533,-0.023208639879418902
2024-09-09,-0.004297860754824342,0.33996937832307594,0.70434594,3.054738e-07,-0.014053654,1.3869125428755864,-0.027406753131732686
2024-09-10,-0.001992373279346225,0.05768370570149273,0.7072898,3.1292439e-07,-0.011783635,1.384149295384371,-0.029344521928465483
2024-09-11,0.009678888106177964,0.3514045974970941,1.0389422,4.5448542e-07,-0.016307283,1.3975463215366415,-0.019949656166562413
2024-09-12,0.004525661796408258,0.06470014821388759,1.0354699,4.917383e-07,-0.013607886,1.4038711435327307,-0.01551427976691866
2024-09-13,0.00915129588707623,0.08579110982827842,1.0439413,4.917383e-07,-0.0003295876,1.416718383754527,-0.006504959644464292
2024-09-14,0.009511899420090926,0.09001178876496851,1.0429018,4.7683716e-07,-0.0021285303,1.4301940665273938,0.0
2024-09-15,-0.0013877974761635414,0.0819925544783473,1.0460129,4.991889e-07,-0.0061124973,1.428209246811443,-0.001387797476163577
2024-09-16,-0.001584473101520416,0.06382882158504799,1.047154,4.6938658e-07,-0.0049291253,1.4259462876765274,-0.002970071649912698
2024-09-17,0.007240440985286455,0.07937510957708582,1.0591402,4.7683716e-07,-0.003851205,1.4362707676206377,0.0
2024-09-18,-0.002834185781254746,0.0728026747237891,1.0504787,4.917383e-07,-0.005222328,1.4322001094330155,-0.0028341857812547167
2024-09-19,0.005136630155925559,0.07660714036319405,1.05273,4.7683716e-07,-0.005621314,1.439556791704449,0.0
2024-09-20,-0.013751205504914012,0.06645452952943742,1.0527298,4.61936e-07,-0.0059368014,1.4197611504257264,-0.013751205504914044
2024-09-21,0.005688082980439049,0.06936721678357571,1.0458517,4.7683716e-07,-0.006198451,1.4278368696617516,-0.008141340522467955
2024-09-22,0.0029886938892491346,0.0820596021367237,1.0429718,5.066395e-07,-0.0016453266,1.4321042369889543,-0.0051769786078885716
2024-09-23,-0.011491808569038312,0.08207012515049428,1.0344117,4.917383e-07,-0.0038786978,1.4156467692465686,-0.016609294329798963
2024-09-24,-0.005788692329886544,0.0682883968038368,1.0392604,5.5134296e-07,-0.011247039,1.4074520256516023,-0.022301840564993847
2024-09-25,-0.004043589696600975,0.09072811223450117,1.0345081,4.917383e-07,-0.006952584,1.4017608671422173,-0.02625525076887103
2024-09-26,-0.0021977657076167815,0.06915647932328284,1.0398549,5.364418e-07,-0.0074641705,1.398680125178133,-0.028395313586703108
2024-09-27,0.001642029528891726,0.09151865818421356,1.0438344,5.066395e-07,-0.008651733,1.4009767992451494,-0.026799910001202853
2024-09-28,0.0035543543103703995,0.05804956937208772,1.0453675,5.2154064e-07,-0.006865591,1.4059563671702753,-0.02334081206646277
2024-09-29,-0.013114921885106014,0.058790059527382255,1.0408705,5.2154064e-07,-0.0064440668,1.3875173592409697,-0.03614962102458219
2024-09-30,0.005019958942506492,0.08571693275007419,1.0390738,5.364418e-07,-0.011352718,1.3944826394163743,-0.031311131695406336
2024-10-01,0.00256771891185781,0.08605981525033712,1.0404642,5.662441e-07,-0.0040706694,1.3980632788618612,-0.028823810968554464
2024-10-02,0.001445486667646037,0.08125579927582294,1.0429468,5.9604645e-07,-0.0019785017,1.4000841606919816,-0.0274199887353741
2024-10-03,0.0075311293101640335,0.07727103133220226,1.0437495,5.9604645e-07,0.0013572425,1.4106283755512654,-0.0200953629060594
2024-10-04,-0.006618673833756475,0.08194392709992826,1.0451919,5.9604645e-07,-0.026214615,1.4012918864328499,-0.026581032087169776
2024-10-05,0.0012733600340729936,0.07650854741223156,1.0518248,5.9604645e-07,-0.02589859,1.4030762355171043,-0.025341519277020885
2024-10-06,-0.00871733560031862,0.08610653437790461,1.0518247,6.2584877e-07,-0.026184738,1.39084514909927,-0.03383794434917986
2024-10-07,-1.6845068681504933e-05,0.09060957666952163,1.0512362,6.109476e-07,-0.04195632,1.390821720217208,-0.03385421941536482
2024-10-08,0.015699687656320748,0.07277494244044647,1.0618596,6.556511e-07,-0.039310798,1.4126571868102447,-0.018686032429713895
2024-10-09,0.006767211140017025,0.08143488224595785,1.0665829,6.2584877e-07,-0.045753963,1.422216936261852,-0.012045273616518082
2024-10-10,-0.0003425323532924267,0.0819833860732615,1.0666238,5.9604645e-07,-0.040089965,1.4217297809477818,-0.012383680073892567
2024-10-11,-0.020784608350979398,0.08550763293169439,1.0696452,6.109476e-07,-0.058154188,1.3921796842698584,-0.03291089848459239
2024-10-12,-0.03335015474337888,0.08585064299404621,1.0779686,5.9604645e-07,-0.0712361,1.3457502763688702,-0.06516346967076647
2024-10-13,0.006833997086079762,0.06825349479913712,1.0723785,6.109476e-07,-0.068812326,1.3549471298361662,-0.05877479954653553
2024-10-14,0.017670564667030705,0.07568692602217197,1.0700575,6.2584877e-07,-0.034623176,1.378889810714344,-0.0421428187756836
2024-10-15,0.0016313062412882573,0.07982615556102246,1.0637165,5.9604645e-07,-0.033985093,1.381139202268611,-0.04058026037768947
2024-10-16,-0.005952124654097134,0.08134908525971696,1.0581391,6.2584877e-07,-0.032263532,1.372918489572048,-0.04629084626352287
2024-10-17,0.014318535214653821,0.0780881098471582,1.0549867,6.109476e-07,-0.040546745,1.3925766713118348,-0.03263512816120939
2024-10-18,0.0007624501110403798,0.07217675494030118,1.0581975,6.4074993e-07,-0.031429306,1.3936384415495087,-0.031897560707259465
2024-10-19,-0.005717805235595733,0.07653716683853418,1.060308,5.9604645e-07,-0.025626749,1.3856698883718894,-0.0374329819032404
2024-10-20,-0.008224907190509839,0.08169363113120198,1.0603081,5.9604645e-07,-0.03250067,1.3742728821433465,-0.04535000629173214
2024-10-21,0.007782150553230298,0.08234818798567645,1.0556414,5.811453e-07,-0.040659085,1.3849676806134077,-0.03792077631505408
2024-10-22,-0.0028646102840549316,0.0773740783915855,1.0515263,5.364418e-07,-0.036224127,1.3810002879524388,-0.04067675835329754
2024-10-23,0.006687811802499116,0.08143953769467771,1.044287,5.364418e-07,-0.037563413,1.3902361579774618,-0.03426098505540098
2024-10-24,0.010847980179989685,0.08111186565361095,1.0417303,4.7683716e-07,-0.028427988,1.4053174122647063,-0.023784667362239276
2024-10-25,0.02489589408687916,0.07624576629609692,1.0332432,4.7683716e-07,-0.043266535,1.4403040457188954,0.0
2024-10-26,-0.00010283415720235568,0.08221712557909555,1.0271016,5.066395e-07,-0.043311894,1.4401559332662388,-0.00010283415720224731
2024-10-27,-0.00241267935824726,0.087138497736305,1.0307748,4.7683716e-07,-0.037035555,1.43668129877339,-0.0025152654096012306
2024-10-28,0.013301387598689872,0.0912884739227593,1.0292957,4.4703484e-07,-0.014891237,1.4557911535841639,0.0
2024-10-29,-0.005080928699026117,0.08610879420302808,1.0217199,4.7683716e-07,-0.017355263,1.4483943825321297,-0.00508092869902621
2024-10-30,-0.0003404399825676592,0.0974809852486942,0.99968076,5.066395e-07,-0.011998236,1.4479012911737894,-0.005419638930316051
2024-10-31,0.004832869257006678,0.08300468325614929,1.004537,5.364418e-07,-0.005216837,1.4548988088110837,-0.0006129620796796464
2024-11-01,-0.002207784019730752,0.07271115947514772,1.0022489,5.364418e-07,0.0016127229,1.4516867064706653,-0.0028193928115261002
2024-11-02,0.0140321398616843,0.07698885258287191,0.99644786,5.364418e-07,0.008805633,1.4720569773712096,0.0
2024-11-03,0.007367889805915183,0.0707938636187464,0.9839407,5.9604645e-07,0.006352812,1.4829029309685091,0.0
2024-11-04,0.00536979992018314,0.10098979412578046,0.9659826,5.2154064e-07,0.00022183359,1.4908658230088632,0.0
2024-11-05,-0.007293660322906362,0.09822046884801239,0.95656145,4.917383e-07,-0.02119121,1.4799919541088062,-0.007293660322906348
2024-11-06,-0.00012117533085984181,0.3319586369616445,0.6561755,3.1292439e-07,-0.007876292,1.4798126155940972,-0.007413951842063504
2024-11-07,-0.011674778697266448,0.06133253905863967,0.6592878,3.2782555e-07,-0.007261932,1.462536130793613,-0.019002174292301555
2024-11-08,0.011518585790596262,0.05755681077425834,0.6610316,3.1292439e-07,0.0023145974,1.4793824786880059,-0.007702466676499209
2024-11-09,-0.004575883950323714,0.06157386512495577,0.6614188,3.2782555e-07,0.0058727264,1.4726129961473873,-0.012243105033180046
2024-11-10,0.006659645091378479,0.04857982927933335,0.6614188,2.9802322e-07,0.018498465,1.4824200760586803,-0.005664994676139012
2024-11-11,0.013417805663462786,0.05106899223756045,0.6700425,3.2782555e-07,0.04942298,1.5023109005508515,0.0
2024-11-12,0.008419217580812982,0.059151400928385556,0.6605688,3.7252903e-07,0.040644925,1.514959182896616,0.0
2024-11-13,0.01002105128346011,0.04128801019396633,0.6605688,3.427267e-07,0.047461987,1.530140666560772,0.0
2024-11-14,0.014452339314098936,0.0671632329467684,0.6602247,3.501773e-07,0.024506457,1.5522547786722098,0.0
2024-11-15,-0.005366852713152184,0.05927422596141696,0.6602247,3.6507845e-07,0.019195769,1.5439240559017895,-0.0053668527131521815
2024-11-16,-8.257741908892054e-06,0.0613175118342042,0.65874976,3.5762787e-07,0.015399002,1.5439113065754089,-0.00537506613697647
2024-11-17,0.004603511758390596,0.06729761598398909,0.6587498,3.799796e-07,0.014503285,1.551018720429141,-0.0007962985587496307
2024-11-18,-0.0011286787255958188,0.056121675530448556,0.65862876,4.0978193e-07,0.011133458,1.5492681185963917,-0.001924078519103034
2024-11-19,0.002796454771370918,0.053135572059545666,0.6740118,3.874302e-07,0.009860374,1.5536005768187735,0.0
2024-11-20,0.005252198947031502,0.058278139564208686,0.6853522,3.3527613e-07,0.013219368,1.5617603961324487,0.0
2024-11-21,0.005552212594862794,0.04506535339169204,0.69154507,3.2037497e-07,0.019003913,1.5704316218740133,0.0
2024-11-22,0.0030088674331927904,0.0568101538810879,0.7005601,2.8312206e-07,0.0171393,1.575156842437126,0.0
2024-11-23,-0.006851432671697694,0.04931413009762764,0.68568695,2.7939677e-07,0.018227953,1.564364761383804,-0.006851432671697744
2024-11-24,-0.009086592423995172,0.05491541791707277,0.6944535,2.5704503e-07,0.018503826,1.550150016394649,-0.015875768919484723
2024-11-25,0.002492527082635206,0.05017086013685912,0.68936634,2.644956e-07,0.012819593,1.5540138072926604,-0.013422812620838775
2024-11-26,-0.0019209775124363658,0.06489371764473617,0.69702435,2.4959445e-07,0.009124298,1.5510285817148355,-0.015318005212076935
2024-11-27,0.0016959823335637339,0.05557025701273233,0.69702435,2.6077032e-07,0.009275772,1.5536590987882763,-0.013648001944738253
2024-11-28,-0.007705756356130223,0.05797628057189286,0.69702435,2.5331974e-07,0.007356113,1.541686980312529,-0.021248590123134403
2024-11-29,-0.009703596357860078,0.058337001712061465,0.69702435,2.3841858e-07,0.010192936,1.526727072145408,-0.03074599873926598
2024-11-30,-0.0010452993224389503,0.051851346623152494,0.6970244,2.30968e-07,0.013895202,1.5251311853713454,-0.031759159290054906
2024-12-01,-0.012467708984633646,0.051498697604984045,0.6970244,2.5331974e-07,0.01254832,1.506116293588746,-0.04383090431906367
2024-12-02,-0.0160368106908154,0.051502756599802524,0.6942054,2.3841858e-07,0.016001556,1.4819629917101107,-0.05916480709490701
2024-12-03,0.0033522181637745236,0.06010561727453023,0.7040348,1.6763806e-07,0.018519532,1.486930854968963,-0.056010922272132224
2024-12-04,-0.009714957074869744,0.35700649610953405,1.0325844,2.1606684e-07,0.028182901,1.4724853855396403,-0.06518173564140428
2024-12-05,-0.012248926818610926,0.08937761944252998,1.0330889,1.937151e-07,0.040540658,1.4544490198106912,-0.0766322561502335
2024-12-06,-0.019385440719794134,0.08973914280068129,1.0464046,2.0861626e-07,0.040812105,1.4262538845571884,-0.09453214681120325
2024-12-07,0.01083911528464523,0.09261919488199055,1.089445,1.4901161e-07,0.04320532,1.4417132148370768,-0.08471767636394967
2024-12-08,0.004081356608856936,0.09208992182902875,1.0894449,8.195639e-08,0.056891955,1.4475973605945285,-0.08098208280340768
2024-12-09,0.03401099200263343,0.35280026387044927,0.74292433,5.2154064e-08,-0.016791485,1.4968315828487424,-0.049725371771357496
2024-12-10,-0.004969722962692685,0.36602012192452094,1.0896223,1.1175871e-07,-0.029623985,1.4893927445601753,-0.05444797341212959
2024-12-11,-0.008206158875349501,0.3478877377565368,0.74292433,5.9604645e-08,-0.022868626,1.4771705510705218,-0.062207323567218364
2024-12-12,0.003916226899342292,0.04468314288169495,0.7457433,7.4505806e-08,-0.026927061,1.4829554861175402,-0.058534714661766185
2024-12-13,-0.00860107712395984,0.05332088784780353,0.7457433,5.9604645e-08,-0.036558777,1.4702004716100439,-0.0666323301904913
2024-12-14,0.013247107604347547,0.03691317862831056,0.7457433,4.4703484e-08,-0.041544467,1.4896763754574245,-0.054267908234105655
2024-12-15,-0.011177359506862558,0.37194495246512815,1.0937569,8.940697e-08,-0.059972763,1.4730257270600569,-0.06483869582095025
2024-12-16,0.020441642646299444,0.05869307601824403,1.0937569,5.9604645e-08,-0.048522368,1.5031367925814239,-0.04572246262427482
2024-12-17,0.018450485729073988,0.07762142992578447,1.1000001,4.4703484e-08,-0.05105234,1.5308703965217934,-0.028115578539348207
2024-12-18,0.009834880332346075,0.06275377818383276,1.1,4.4703484e-08,-0.06633575,1.5459263236759162,-0.018557211557411413
2024-12-19,0.011061460788419936,0.3635700586019084,0.75,5.2154064e-08,-0.05262556,1.5630265270870434,-0.007701020636976308
2024-12-20,-0.012129729987238535,0.03967368206940591,0.75,2.9802322e-08,-0.043500334,1.5440674373505865,-0.01973733932326205
2024-12-21,0.011159768224402797,0.0321669012773782,0.75000006,4.4703484e-08,-0.0445486,1.5612988720742669,-0.008797835231073137
2024-12-22,-0.00889266046227749,0.04526880173943937,0.75,4.4703484e-08,-0.03385666,1.5474147713247737,-0.017612259531837537
2024-12-23,-0.01001008848292986,0.042739136959426105,0.75,4.4703484e-08,-0.032289796,1.53192501254402,-0.02744604773846937
2024-12-24,-0.014671972461579572,0.048091835575178266,0.75,3.7252903e-08,-0.023047902,1.5094486509467693,-0.041715332543450834
2024-12-25,0.012073207227076636,0.038971747271716595,0.748477,5.9604645e-08,-0.01924897,1.527672537308281,-0.03014576317071771
2024-12-26,0.01333023529080674,0.04897147370502353,0.745747,5.2154064e-08,-0.031767935,1.548036771677904,-0.01721737799599765
2024-12-27,-0.001020807064473047,0.04657507734373212,0.7457471,5.5879354e-08,-0.03353733,1.546456524805311,-0.018220609439380753
2024-12-28,0.001876044574644766,0.04357687244191766,0.7457471,6.3329935e-08,-0.029249113,1.5493577461785961,-0.016378747540221394
2024-12-29,0.007721943575415935,0.05136556574143469,0.7456154,8.940697e-08,-0.028636718,1.5613217992727209,-0.008783279729147053
2024-12-30,0.0032779836995414373,0.04923886712640524,0.7456155,8.568168e-08,-0.018730957,1.5664397866804753,-0.0055340874773863735
2024-12-31,0.005510794064786751,0.35573693411424756,1.0935693,1.1920929e-07,-0.020190459,1.5750721137597599,-5.379062902399756e-05
2025-01-01,-0.016205636884216803,0.07365142274647951,1.0935693,1.1175871e-07,-0.015224185,1.5495470670177134,-0.016258555801839103
2025-01-02,0.0022503282349425717,0.06963050179183483,1.0935693,1.1175871e-07,-0.008703005,1.553034056533996,-0.014044814654076698
2025-01-03,-0.019106197598710423,0.06392877036705613,1.0924287,1.3411045e-07,-0.0032540038,1.5233614809723306,-0.032882669248769036
2025-01-04,0.0031058774538178114,0.07103127252776176,1.0653322,1.2665987e-07,-0.0025588125,1.528092855050097,-0.02987892133599246
2025-01-05,0.0029596560186328134,0.08332182123558596,1.053533,2.0861626e-07,0.017525412,1.532615484265576,-0.027007696646721868
2025-01-06,0.007412681445977796,0.06852986157173291,1.041658,1.8626451e-07,0.023321003,1.5439762746296097,-0.01979521465257572
2025-01-07,0.01693196122406516,0.076386678381823,1.0402,2.0861626e-07,-0.01199574,1.570118821042515,-0.0031984252354299025
2025-01-08,0.007694064278475707,0.0701804319396615,1.0368053,2.4586916e-07,-0.014787793,1.5821994161764608,0.0
2025-01-09,0.005151742661517346,0.06143175810575485,1.0344133,2.6077032e-07,-0.012328856,1.590350500407805,0.0
2025-01-10,0.0014255743906833231,0.06309164490085095,1.031106,2.4586916e-07,-0.09247269,1.5926176633533966,0.0
2025-01-11,-0.003843215345477802,0.04843201022595167,1.0311091,2.682209e-07,-0.08942086,1.5864968907101178,-0.003843215345477824
2025-01-12,0.013991896286497649,0.06793059888877906,1.0213575,2.9802322e-07,-0.09367209,1.6086949906637846,0.0
2025-01-13,0.010698313923279783,0.07311487593688071,1.0177548,2.8312206e-07,-0.07876927,1.6259053146807132,0.0
2025-01-14,-0.007329744833983568,0.06908263103105128,1.0200922,2.9802322e-07,-0.05441983,1.6139878435998858,-0.007329744833983631
2025-01-15,-0.002592797778896056,0.065146641980391,1.0156752,3.427267e-07,-0.05357866,1.6098030995038346,-0.00990353806675437
2025-01-16,0.010452033373674566,0.0699780948634725,1.013154,3.5762787e-07,-0.048370004,1.6266288152248936,0.0
2025-01-17,-0.003595722795536858,0.07094041389063932,1.0119687,4.0233135e-07,-0.03848031,1.6207799089141122,-0.003595722795536882
2025-01-18,0.0456953240444127,0.06321464586653747,1.01689,4.4703484e-07,-0.036355138,1.6948419720566161,0.0
2025-01-19,0.03202084425307112,0.08008889248594642,1.0058122,4.3213367e-07,-0.0843634,1.749112242877409,0.0
2025-01-20,-0.003821777467484935,0.07532859151251614,1.0034517,4.917383e-07,-0.09771381,1.7424275251194783,-0.0038217774674849103
2025-01-21,0.0007004081090854015,0.35144721175311133,0.6700944,3.7252903e-07,-0.058173344,1.7436479354875656,-0.003124046162328753
2025-01-22,0.002778865139989648,0.05573701724642888,0.679072,4.0233135e-07,-0.06567217,1.7484932979519068,-0.00035386232531542383
2025-01-23,0.004715650562382507,0.03161246934905648,0.6785152,3.874302e-07,-0.059393317,1.7567385813557157,0.0
2025-01-24,-0.007052740259898201,0.05514894309453666,0.6807573,3.874302e-07,-0.083521485,1.7443487604368717,-0.007052740259898216
2025-01-25,0.005196436341091612,0.05639517027884722,0.68836915,4.0233135e-07,-0.08459939,1.7534131577271441,-0.0018929530345973555
2025-01-26,-0.003412675431696698,0.045549967559054494,0.695493,3.874302e-07,-0.07505968,1.747429327722155,-0.0052991684319794174
2025-01-27,0.004101927210198483,0.33337087742984295,1.0077854,5.9604645e-07,-0.10705191,1.7545971556294375,-0.001218978024963513
2025-01-28,0.009346211860276525,0.08475261344574392,0.9994856,5.9604645e-07,-0.09310676,1.7709959923753888,0.0
2025-01-29,-0.0003207427495945012,0.07862143020611256,0.9936155,5.662441e-07,-0.08330664,1.7704279582512736,-0.00032074274959448257
2025-01-30,-0.011662684640090447,0.07805941719561815,0.99428874,5.662441e-07,-0.07280707,1.7497800152961898,-0.01197968666814575
2025-01-31,-0.004653039909197105,0.07885715528391302,0.97733724,6.109476e-07,-0.069428,1.741638219052701,-0.01657698461717627
2025-02-01,0.0077483526600590266,0.0324862163834041,0.97564036,5.9604645e-07,-0.07154879,1.7551330461801586,-0.008957076279971554
2025-02-02,0.011131642900974839,0.0807600246189395,0.9767281,6.7055225e-07,-0.121699154,1.7746705604939366,0.0
2025-02-03,0.006237363064745295,0.09387938475992996,0.9688966,6.7055225e-07,-0.09953293,1.785739825100052,0.0
2025-02-04,-0.002872964585039881,0.10007568693254143,0.94570845,6.854534e-07,-0.0876407,1.7806094578244445,-0.0028729645850397167
2025-02-05,0.006098170707678037,0.10155215488339309,0.9329432,6.854534e-07,-0.08574265,1.7914679182619637,0.0
2025-02-06,-0.004878534852090524,0.10476189744076692,0.92479664,6.854534e-07,-0.079153344,1.7827281795863206,-0.004878534852090555
2025-02-07,0.007957323509188426,0.09187218954320997,0.93679917,6.854534e-07,-0.036354095,1.7969139244402352,0.0
2025-02-08,-0.0042512028983037456,0.09866818320006132,0.9393295,6.854534e-07,-0.02951029,1.7892748787566526,-0.004251202898303719
2025-02-09,0.0009799749465166769,0.10298294458334567,0.9562497,6.7055225e-07,-0.029523715,1.7910283233102657,-0.0032753940241199153
2025-02-10,-0.007211002155110464,0.08980416861777485,0.9560761,6.854534e-07,-0.037983328,1.7781132142110114,-0.010462777305863757
2025-02-11,0.006258895922646843,0.09147137962827401,0.97023046,6.2584877e-07,-0.04100831,1.7892422397574412,-0.00426936681743606
2025-02-12,-0.002561532967003586,0.0891047976911068,0.9919103,6.2584877e-07,-0.035116494,1.7846590367743473,-0.006819963660588457
2025-02-13,0.01099182091565035,0.0922670005238615,0.9980613,6.4074993e-07,-0.03408429,1.804275689302068,0.0
2025-02-14,-0.013417121765203774,0.08648194500710815,1.0045984,6.631017e-07,-0.040374517,1.7800675026807051,-0.013417121765203821
2025-02-15,0.0006665559846005635,0.09103589615551755,1.0140308,7.0780516e-07,-0.03866835,1.7812540173276101,-0.012759509043411832
2025-02-16,0.004706989216188958,0.08606736990623176,1.0251858,7.227063e-07,-0.034790978,1.7896383607784647,-0.008112578698693862
2025-02-17,0.008866128893743734,0.10476191889028996,1.0046232,6.92904e-07,-0.028876662,1.8055055251583148,0.0
2025-02-18,0.00984673562849639,0.09701441088691354,1.0084941,7.0780516e-07,-0.02560927,1.823283860740338,0.0
2025-02-19,-0.0025487704222032334,0.09457053942605853,1.0215605,7.1525574e-07,-0.024642162,1.8186367287648026,-0.0025487704222032503
2025-02-20,-0.016196592314954614,0.09260197170078754,1.0138661,7.227063e-07,-0.034890056,1.7891810110999964,-0.018704081341724965
2025-02-21,-0.003838173362610178,0.08934790035709739,1.002399,6.593764e-07,-0.033652663,1.7823138242023044,-0.022470465197557243
2025-02-22,-0.007485713686517556,0.08734792075119913,1.0231676,6.7055225e-07,-0.025036402,1.768971933214804,-0.029787971415202952
2025-02-23,0.00764539184502064,0.0736406750511378,1.0239012,6.2584877e-07,-0.02184213,1.7824964168070747,-0.022370320283919942
2025-02-24,0.0009462472286104458,0.08789370930753648,1.0242354,5.904585e-07,-0.023005862,1.7841830991014862,-0.021445240908881336
2025-02-25,-0.003942187209933764,0.10007569943991257,1.0180542,6.183982e-07,-0.011596389,1.7771495153080283,-0.025302886964390203
2025-02-26,-0.017731482626688375,0.09371907595050288,1.0057479,5.5879354e-07,0.026338663,1.7456380195523165,-0.04258571189046445
2025-02-27,0.01121785048674019,0.0966943233506754,1.0104375,5.289912e-07,0.018547442,1.7652203258596235,-0.03184558155258288
2025-02-28,-0.002242394919616345,0.09387999051250517,1.0104375,4.8428774e-07,0.016668543,1.7612620047689125,-0.03401656610191339
2025-03-01,0.01629643860309443,0.10476191760972142,1.0106875,4.917383e-07,0.022241816,1.7899643028935919,-0.018274476379787075
2025-03-02,0.03802011810138356,0.3354418387170881,0.6878439,3.1664968e-07,0.088389784,1.8580189570868668,0.0
2025-03-03,0.00621753998415079,0.06836110993754119,0.6892282,3.054738e-07,0.06907128,1.8695712642438647,0.0
2025-03-04,0.003309039305928309,0.06563454086426646,0.6795831,2.924353e-07,0.06827812,1.8757577490424817,0.0
2025-03-05,0.001355195468175225,0.06558822572696954,0.67800945,2.9057264e-07,0.058413755,1.8782997674433786,0.0
2025-03-06,0.009111650594742969,0.06151245074579492,0.6796379,2.4586916e-07,0.05401977,1.8954141786365097,0.0
2025-03-07,-0.008315090084259283,0.06117688067024574,0.6915883,2.4586916e-07,0.064398296,1.879653638994165,-0.008315090084259236
2025-03-08,0.003703185753980506,0.06114707246888429,0.69513226,2.2351742e-07,0.07608094,1.8866143455725055,-0.004642696653421985
2025-03-09,0.008461018655158114,0.06184988690074533,0.70198846,2.0861626e-07,0.06836522,1.9025770247454834,0.0
2025-03-10,-0.00522816437362053,0.04996119852876291,0.70198846,2.1979213e-07,0.07029216,1.8926300393266402,-0.005228164373620503
2025-03-11,0.019915368249479797,0.06245081772794947,0.70382655,1.937151e-07,0.082259044,1.9303224635198575,0.0
2025-03-12,-0.005928320148672356,0.06496639084070921,0.71948826,1.7508864e-07,0.07513497,1.9188788939659378,-0.005928320148672395
2025-03-13,0.0030665798416011966,0.057181873358786106,0.71370375,1.8626451e-07,0.073449254,1.9247632893006477,-0.0028799199741337267
2025-03-14,-0.003302259376985603,0.0632293785456568,0.7160141,1.6391277e-07,0.05815938,1.918407221680077,-0.006172669108379769
2025-03-15,-0.008192314125801204,0.05933828261913732,0.72266936,1.7881393e-07,0.05305101,1.9026910270988682,-0.014314414789850516
2025-03-16,0.0029614052005053964,0.060713907703757286,0.73098993,1.5646219e-07,0.052624695,1.9083256662014736,-0.011395400371746023
2025-03-17,-0.02212251507351175,0.06495625618845224,0.73414445,1.4901161e-07,0.036465943,1.8661087028857621,-0.033265820528765144
2025-03-18,-0.0014667381687286252,0.060631895321421325,0.7342376,1.1920929e-07,-0.01690112,1.8633716100242428,-0.034683766448810216
2025-03-19,-0.005092941451686784,0.04900258837733418,0.7293196,1.4901161e-07,-0.03855747,1.853881567511654,-0.03960006550864925
2025-03-20,-0.0009459474347750074,0.05958453839411959,0.7293196,1.7508864e-07,-0.030104853,1.8521278929984897,-0.04050855336303938
2025-03-21,-0.00449301631916569,0.05888916799449362,0.7169761,2.2351742e-07,-0.039134033,1.8438062521500655,-0.04481956409087917
2025-03-22,-0.01586478861988144,0.04911257271305658,0.71135706,2.0116568e-07,-0.027267158,1.8145546557036891,-0.05997329980042343
2025-03-23,0.0011937223580716818,0.04916702024638653,0.71135706,1.937151e-07,-0.022532217,1.8167207301661454,-0.058851168911211005
2025-03-24,-0.005738423755945405,0.05701736587798223,0.70751584,2.1606684e-07,-0.02641432,1.8062956167702415,-0.06425187972141111
2025-03-25,-0.002170810740858542,0.05575110699282959,0.7075159,2.0489097e-07,-0.029901013,1.802374490844191,-0.06628321179165009
2025-03-26,0.003070319655445928,0.06357983406633139,0.70550144,2.0861626e-07,-0.028302848,1.8079083566699043,-0.06341640278419414
2025-03-27,0.0007431827040891221,0.0570093123242259,0.7101724,2.3841858e-07,-0.026101,1.8092519628911596,-0.06272035005380971
2025-03-28,0.010093468630468123,0.06045200116932392,0.7189448,2.0861626e-07,-0.032342553,1.8275135908232145,-0.05325994730910166
2025-03-29,0.016716909920229228,0.06202254391973838,0.7111445,1.7881393e-07,-0.036161125,1.8580639708990005,-0.03743337913039502
2025-03-30,-0.021350947469969468,0.05072151363128796,0.7111445,1.937151e-07,-0.03208936,1.8183925446604932,-0.057985088488927916
2025-03-31,-0.001137530794892882,0.3486418779066298,1.0544523,2.682209e-07,-0.0396709,1.8163240671437382,-0.059056659460020144
2025-04-01,-0.007102743505660328,0.09667018055915833,1.0531507,2.9057264e-07,-0.043217987,1.8034231831716585,-0.06573993866123473
2025-04-02,0.015128940863764,0.08468573501522769,1.0494399,2.9802322e-07,-0.028771311,1.8307070658622036,-0.051605573441864006
2025-04-03,-0.015016325264791021,0.07294161373283714,1.0494399,2.7567148e-07,-0.01566483,1.8032165730966656,-0.06584697263037587
2025-04-04,0.0045977618390070345,0.08998001739382744,1.0494399,2.9802322e-07,-0.0056291223,1.8115073334439145,-0.061551959489343
2025-04-05,0.011535239364497102,0.08307657577097416,1.0494399,2.7567148e-07,0.0034103617,1.832403504145732,-0.050726736710909215
2025-04-06,0.0023191013186333294,0.3464064540567051,0.7155272,2.0116568e-07,0.00042521954,1.8366530335284645,-0.04852527583427224
2025-04-07,-0.002278727478805877,0.06160165788605809,0.7143768,2.0861626e-07,0.0051772334,1.8324678017919311,-0.05069342743361782
2025-04-08,0.02170589615472454,0.3511189427917998,1.0439314,3.2782555e-07,0.00083563477,1.872243157604503,-0.03008787755049447
2025-04-09,-0.016448931941573392,0.33952136414518463,0.71621835,2.1606684e-07,-0.017568532,1.8414467573269901,-0.046041896041973396
2025-04-10,-0.0018892496389494226,0.06260490952990949,0.7182869,2.1979213e-07,-0.01492957,1.8379678047055654,-0.047844161045449085
2025-04-11,-0.010610100711838186,0.06373817061830778,0.71926767,2.0861626e-07,-0.020183,1.8184667811925233,-0.0579466303901216
2025-04-12,-0.0026946333795913233,0.0450528120418312,0.71904993,2.1606684e-07,-0.02056633,1.813566679904244,-0.06048511884522878
2025-04-13,0.022009394318227352,0.04691512690624222,0.7090317,2.2724271e-07,-0.023277067,1.853482184084655,-0.03980696535805095
2025-04-14,-0.0031014903557422713,0.06265430100029334,0.70740676,2.2724271e-07,-0.018988766,1.8477336269661764,-0.042784994794643816
2025-04-15,0.004994043642019051,0.06348397477995604,0.7067415,2.682209e-07,-0.019111939,1.8569612893380716,-0.038004621283852735
2025-04-16,0.00018462148193975735,0.06043282803148031,0.7067415,2.682209e-07,-0.01687748,1.8573041242832138,-0.03782701627141505
2025-04-17,-0.005693139050622449,0.06161008612252772,0.7094978,2.7567148e-07,-0.017654933,1.846730233644375,-0.043304800858534165
2025-04-18,0.0012566445633710828,0.05960381403565407,0.7130455,2.682209e-07,-0.016124047,1.8490509171524971,-0.04210257503772985
2025-04-19,-0.0025415528699204515,0.06953207135666162,0.71559566,2.9057264e-07,-0.015957654,1.8443514564873793,-0.04453712198723203
2025-04-20,-0.0025032202676511586,0.05941891303518787,0.7168305,2.7567148e-07,-0.014734104,1.8397346385408282,-0.04692885602846186
2025-04-21,0.002678863173136051,0.05636177631095052,0.7071798,2.8684735e-07,-0.013452455,1.844663035912358,-0.04437570883949793
2025-04-22,0.0074571329609170785,0.06632631411775947,0.7033148,2.8684735e-07,-0.006175913,1.8584189334392451,-0.037249491439632076
2025-04-23,-0.0018886106991781162,0.05792431309237145,0.70082176,3.091991e-07,-0.007046856,1.8549091035579965,-0.03906775235073834
2025-04-24,0.002665004557438806,0.06011216784827411,0.69629204,3.1664968e-07,-0.0055022016,1.8598524447726132,-0.03650686353136323
2025-04-25,-0.009367680452978675,0.06036448379745707,0.69166535,3.017485e-07,0.001976788,1.8424299413802923,-0.045532559352439494
2025-04-26,0.007173590493145184,0.059605628572171554,0.68864715,3.2782555e-07,-0.00050376356,1.855646779292064,-0.038685600794193586
2025-04-27,0.004267670501518296,0.05467217857949436,0.68864715,3.1664968e-07,-0.0013050884,1.8635660683132862,-0.0345830276900182
2025-04-28,-0.003841917717274555,0.06647030418389477,0.6827597,3.091991e-07,-0.00019464642,1.8564064008181216,-0.038292080260493466
2025-04-29,0.008704496100250253,0.34249158247257583,1.0127177,4.5448542e-07,0.00090646744,1.8725654830945226,-0.029920897423541093
2025-04-30,-0.0006197119635762647,0.0958350554574281,1.0050199,4.61936e-07,0.002664253,1.871405031862069,-0.03052206704902305
2025-05-01,0.002716639315698558,0.09036366501823068,1.0018826,4.3958426e-07,-0.01979053,1.8764889643472216,-0.027888345180666296
2025-05-02,0.011139876729364914,0.0818502331385389,1.0009094,4.172325e-07,0.031488054,1.8973928200940633,-0.01705914117879992
2025-05-03,-0.007338339737243587,0.0817137787817046,1.0142306,4.172325e-07,0.032376997,1.8834691069652063,-0.024272295142447886
2025-05-04,0.010784109305095626,0.09849787224084139,1.0073715,4.246831e-07,0.024554111,1.9037806436874898,-0.013749940921254145
2025-05-05,-0.005598430022437242,0.09858338395133615,1.0224572,3.9488077e-07,0.028582342,1.8931224609757349,-0.019271392861631043
2025-05-06,0.020005646794139464,0.06179565904312767,1.0249623,3.501773e-07,0.043633834,1.9309956002680675,0.0
2025-05-07,-0.0007360866739036283,0.07883309354656376,1.0292292,3.2037497e-07,0.046587434,1.9295742201393435,-0.0007360866739036798
2025-05-08,0.0014178858376835705,0.07836575660621747,1.0210179,3.501773e-07,0.06901408,1.9323101360988386,0.0
2025-05-09,-0.011223332482801197,0.07980834628688172,1.0252913,3.501773e-07,0.05694744,1.9106231769815145,-0.011223332482801163
2025-05-10,0.00024777927899049244,0.09978242462966591,1.0258216,3.3900142e-07,0.042909592,1.9110965898147296,-0.010978334113041055
2025-05-11,-0.014649710214594961,0.08964552261750214,1.0284476,3.2782555e-07,0.03729227,1.8830995785818432,-0.025467214914240976
2025-05-12,-0.0020491788879771775,0.10476190820918418,1.0386504,3.837049e-07,0.046774745,1.8792407706814545,-0.02746420692308038
2025-05-13,-0.02754575390925311,0.10476191353518516,1.0172527,3.7252903e-07,0.035552174,1.8274756668760281,-0.054253438547117394
2025-05-14,-0.0051017412483925,0.09137019561603665,1.0177178,4.0233135e-07,0.029470451,1.8181523588858932,-0.05907839279020688
2025-05-15,0.020371061319849105,0.08046713145449758,1.0258905,4.0978193e-07,0.032603204,1.8551900520775861,-0.03991082103256516
2025-05-16,0.005078532073683164,0.08830223482800648,1.0337328,4.246831e-07,0.02573061,1.8646116942598403,-0.03503497734358285
2025-05-17,0.008484928181028408,0.08260891103418544,1.009635,4.4703484e-07,0.013890661,1.8804327905711407,-0.02684731842913879
2025-05-18,-0.01655968860673602,0.08348356955684721,1.0086108,4.61936e-07,-0.012572497,1.8492934091133868,-0.042962423802762384
2025-05-19,0.0008306180841464084,0.09204566071275622,0.9995582,4.8056245e-07,-0.015923403,1.850829465661889,-0.04216749108476536
2025-05-20,-0.008564739919623804,0.08971353659580927,0.97338647,5.2154064e-07,-0.019487701,1.8349775926529188,-0.050371077410185094
2025-05-21,-0.0007150097230478423,0.09069558333430905,0.9568958,5.438924e-07,-0.025252119,1.833665565832597,-0.051050071323124224
2025-05-22,-0.00470515164356766,0.08831150949117728,0.94493717,5.289912e-07,-0.03045895,1.8250378912817664,-0.05551502463970159
2025-05-23,0.0057630615781235975,0.09001057266141288,0.94493717,5.5134296e-07,-0.043623134,1.8355556970316322,-0.050071899567087574
2025-05-24,-0.003924937352672714,0.09318311372771859,0.9451616,5.662441e-07,-0.043976977,1.8283512559134416,-0.05380030785083012
2025-05-25,-0.00030814194428603516,0.08150059170293389,0.94689983,5.811453e-07,-0.04626161,1.8277878642026066,-0.054091871663651814
2025-05-26,0.0016818554363630938,0.09278499707579613,0.9518928,5.9604645e-07,-0.050102025,1.8308619391585343,-0.05250099093570926
2025-05-27,0.002547303132181696,0.08805087663495215,0.9537817,5.662441e-07,-0.0512086,1.835525699510745,-0.05008742374218089
2025-05-28,0.009025106361631514,0.0869625547202304,0.9558005,5.9604645e-07,-0.057206735,1.8520915141783376,-0.041514361707202574
2025-05-29,0.012515745442768093,0.08252218994311988,0.96057767,5.811453e-07,-0.0627304,1.8752718201065044,-0.02951819944778089
2025-05-30,0.02211364322751615,0.0887142767678597,0.9845096,5.662441e-07,-0.07379836,1.9167409120909547,-0.0080573111515716
2025-05-31,0.006441661586582541,0.09023888996307505,0.9889546,5.811453e-07,-0.070801884,1.9290879083958021,-0.001667552036725306
2025-06-01,-0.007934874768645387,0.09630956544424407,0.98682904,5.662441e-07,-0.058444455,1.9137808374249734,-0.009589194988789074
2025-06-02,0.00013207599458110053,0.09439021069556475,0.99241877,5.662441e-07,-0.048357263,1.9140336019324866,-0.009458385496673216
2025-06-03,-0.0029779359926164943,0.09433035901747644,0.9962851,5.364418e-07,-0.046703607,1.9083337323782144,-0.012408155022687217
2025-06-04,-0.010171496242590365,0.08300741738639772,1.0047522,5.662441e-07,-0.035063207,1.8889231229897208,-0.022453441763086945
2025-06-05,0.01576739809665014,0.09356474853120744,1.0138137,5.364418e-07,-0.011603743,1.9187065258438674,-0.007040076021355368
2025-06-06,0.0012076965635278612,0.07976919785141945,1.0279527,5.066395e-07,-0.00048303604,1.9210237411215476,-0.0058408817334453245
2025-06-07,-0.014435417429759581,0.08456593577284366,1.0355717,4.7683716e-07,5.5521727e-05,1.8932929615259795,-0.02019198359722485
2025-06-08,0.005286756091427378,0.0821938063018024,1.0320476,4.917383e-07,0.016155928,1.9033023396231836,-0.015011977598078041
2025-06-09,-0.0059810632787339274,0.08290916087571532,1.0343103,4.4703484e-07,0.020118117,1.891918567891335,-0.020903253288859003
2025-06-10,0.009987889574942527,0.08692457905272022,1.0415336,4.172325e-07,0.03574431,1.9108148416322173,-0.011124143099522588
2025-06-11,0.007913725607188098,0.07985969329456566,1.0552671,3.5762787e-07,0.032048404,1.9259365059750373,-0.0032984509084391656
2025-06-12,0.007065887757824385,0.09363532782299444,1.0528303,3.874302e-07,0.021427304,1.9395449571549535,0.0
2025-06-13,-0.0005876287689825404,0.10344026878738077,1.0603325,3.2782555e-07,0.016989589,1.9384052247393941,-0.000587628768982551
2025-06-14,0.0007103048229691922,0.09142167516984046,1.0603327,3.1292439e-07,0.021953136,1.9397820833193955,0.0
2025-06-15,0.005127011722939642,0.08762881078291684,1.061815,2.9802322e-07,0.018178761,1.9497273688005223,0.0
2025-06-16,-0.0009429451549513032,0.08734582317993045,1.0669408,2.8312206e-07,0.017289788,1.947888882824636,-0.0009429451549513024
2025-06-17,0.007636019587109331,0.08998828893527389,1.0680103,2.5331974e-07,-0.0021036863,1.9627630004873973,0.0
2025-06-18,0.004300907602955703,0.08813140681013465,1.0771353,2.3841858e-07,0.004966229,1.9712046627989936,0.0
2025-06-19,0.004589960668665299,0.10476191597990692,1.0856411,2.2351742e-07,0.004402995,1.9802524146711304,0.0
2025-06-20,0.014600864986598025,0.07885178970173001,1.0859005,1.937151e-07,-0.014612645,2.0091658128171286,0.0
2025-06-21,0.010021300844033248,0.1047619121382013,1.0918314,1.4901161e-07,-0.084028676,2.0293002678729155,0.0
2025-06-22,0.006436416324591846,0.09648833284154534,1.0918314,1.7881393e-07,-0.07353619,2.0423616892445513,0.0
2025-06-23,-0.019347169587388635,0.10171803832054138,1.0918314,1.4901161e-07,-0.1064896,2.0028477712839514,-0.01934716958738869
2025-06-24,-0.0037051528446099837,0.08296572044491768,1.0828216,1.6391277e-07,-0.10142669,1.995426914166858,-0.022980638211566817
2025-06-25,0.004877434228299535,0.09137995063792914,1.084489,1.4901161e-07,-0.09464057,2.0051594776980854,-0.018215290534668527
2025-06-26,0.002611054122564383,0.10203610826283693,1.084489,1.3411045e-07,-0.092073664,2.010395057618728,-0.01565179752154844
2025-06-27,0.0013968908395327162,0.1028091530315578,1.084489,8.940697e-08,-0.09110078,2.0132033600585575,-0.01427677053459575
2025-06-28,0.00013780431626946667,0.09946291893720627,1.0844891,1.3411045e-07,-0.084268235,2.0134807881711017,-0.01414093361892843
2025-06-29,-0.0045618906389572654,0.09449898987077177,1.0877595,8.940697e-08,-0.08513881,2.0042955090118237,-0.018638314865183303
2025-06-30,0.014238626896607457,0.07902669277973473,1.0739226,5.9604645e-08,-0.11231018,2.032833924955189,-0.004665071979922719
2025-07-01,0.007142647307788138,0.09264687285758555,1.0739226,9.685755e-08,-0.11350244,2.0473537407164506,0.0
2025-07-02,0.017803512155747738,0.0973915207432583,1.0771319,1.0430813e-07,-0.08097547,2.0838038279264115,0.0
2025-07-03,0.007832983034277277,0.08391327050048858,1.0746976,1.2665987e-07,-0.072586596,2.1001262279573214,0.0
2025-07-04,0.009464930171263404,0.10154801257885993,1.0711737,1.4901161e-07,-0.06613987,2.1200037760557766,0.0
2025-07-05,0.002606419386897983,0.08044395822071237,1.0725505,1.4901161e-07,-0.06974221,2.125529394997985,0.0
2025-07-06,0.006024298501755765,0.07278364262310788,1.0725504,1.4901161e-07,-0.051770203,2.1383342185477097,0.0
2025-07-07,0.004048603343973809,0.09208877331548138,1.0663633,1.7881393e-07,-0.0787429,2.1469914856154553,0.0
2025-07-08,-0.00045548751935712065,0.07422033726470545,1.0663633,2.1606684e-07,-0.051120833,2.1460135577895914,-0.00045548751935720055
2025-07-09,0.0059058000990771685,0.08562742709182203,1.0663633,2.2351742e-07,-0.014034063,2.1586874848718063,0.0
2025-07-10,0.0116735565153067,0.10476191702764481,1.0663633,2.6077032e-07,0.04531859,2.183887045225343,0.0
2025-07-11,-0.003294317467029032,0.08990989188896492,1.0656701,2.8312206e-07,0.04808633,2.1766926279862386,-0.0032943174670290176
2025-07-12,0.0016845254046602349,0.07885846006684005,1.0656701,3.2782555e-07,0.050558656,2.1803593220162183,-0.0016153414238329056
2025-07-13,-0.0006522964816249442,0.09276234987191856,1.0656701,3.3527613e-07,0.04438165,2.178937081301789,-0.0022665842239304457
2025-07-14,-0.013405691650303198,0.07693844771711156,1.0656703,3.5762787e-07,0.039233446,2.149726922664446,-0.015641890745028086
2025-07-15,-0.018812513587181456,0.09535376448184252,1.06751,3.5762787e-07,0.05953291,2.109285155723091,-0.034160141050039505
2025-07-16,-0.01401728619614505,0.09558131349695032,1.0631857,3.874302e-07,0.06094429,2.07971870202604,-0.047698594772585534
2025-07-17,0.009856785322891483,0.09706791467033327,1.0611635,4.3213367e-07,0.008698821,2.100218042803913,-0.038311964258571085
2025-07-18,0.0007571218710022549,0.09570832730969414,1.0575534,4.917383e-07,0.0124529,2.1018081638179935,-0.037583849213630116
2025-07-19,0.013085935025972276,0.09584687924507307,1.0447727,5.364418e-07,0.020904541,2.1293122888867737,-0.024989733996493402
2025-07-20,-0.008179206034451908,0.09947332652518526,1.0409315,5.662441e-07,0.02217704,2.1118962049642787,-0.032964543847841754
2025-07-21,-0.006850398275013049,0.0882576844887808,1.0356423,5.9604645e-07,0.016616315,2.0974288748447845,-0.03958912186854302
2025-07-22,0.0013249171994247036,0.10125563864130527,1.0383061,6.4074993e-07,0.010068297,2.1002077944356365,-0.03831665697759201
2025-07-23,0.0033814083351790033,0.10476190001281793,1.0438148,6.7055225e-07,0.011575103,2.1073094545773494,-0.03506481290569308
2025-07-24,0.0005914372101851768,0.09495078807231039,1.0235975,6.7055225e-07,-0.006444186,2.1085557958021615,-0.034494114330628545
2025-07-25,-0.015512090569036786,0.0976133219737676,1.0074269,6.854534e-07,0.008049697,2.0758476873278107,-0.04947112907407003
2025-07-26,-0.0030729235550543306,0.0939313389826566,1.0013349,6.7055225e-07,0.004325241,2.069468766072716,-0.052392031631297464
2025-07-27,0.003917215404248054,0.08180109923705459,0.98754394,6.854534e-07,-0.0048351586,2.0775753210017864,-0.04868004710041529
2025-07-28,-0.0019443066055100644,0.09629028383642435,0.96720934,7.003546e-07,-0.0006201863,2.073535877581718,-0.050529704768791484
2025-07-29,-0.0010606495341390883,0.09279632588732056,0.94374907,7.003546e-07,-2.4676323e-05,2.0713365827191406,-0.051536759995107206
2025-07-30,0.002514758126719244,0.09258637521998025,0.94635564,6.854534e-07,-0.009788126,2.0765454932237044,-0.04915160435441046
2025-07-31,0.0076078032817385975,0.0853215177776292,0.950197,6.4074993e-07,-0.026904672,2.0923434428417313,-0.041917736809581996
2025-08-01,0.0036226711441886437,0.09271397526026703,0.959538,6.556511e-07,-0.03483033,2.0999233150558463,-0.038446919840963156
2025-08-02,-0.00031302175578093737,0.09649760043248534,0.9628084,6.4074993e-07,-0.036570966,2.099265993372762,-0.038747906874391114
2025-08-03,-0.008586602282342938,0.08400008757598698,0.9650711,6.3329935e-07,-0.042393416,2.0812404312028225,-0.04700179629113044
2025-08-04,-0.008078065357090963,0.0940033869992476,0.9596276,6.4074993e-07,-0.041217774,2.064428034975746,-0.05470017806588112
2025-08-05,0.006433633781161916,0.09484919952228665,0.96405876,6.444752e-07,-0.045088828,2.0777098089203436,-0.048618465198159266
2025-08-06,-0.0010911679285954962,0.1025216929265298,0.9663992,6.3329935e-07,-0.03454385,2.0754426786119216,-0.04965658221679303
2025-08-07,-0.0023113854394105145,0.09277174458838999,0.9643103,6.183982e-07,-0.025800526,2.0706455306242466,-0.05185319215509687
2025-08-08,-0.000824484663493422,0.09533911105245352,0.9601767,5.662441e-07,-0.023852166,2.068938315140716,-0.05263492465690511
2025-08-09,0.0009860547419448266,0.09942577581387013,0.9467518,5.289912e-07,-0.030158918,2.0709784015771517,-0.05170077083201008
2025-08-10,0.004236773753151283,0.08685423736460507,0.9408674,5.1781535e-07,0.00035064667,2.079752668512297,-0.047683041547737504
2025-08-11,0.0057387346233954304,0.09026449138764292,0.93370813,4.991889e-07,0.01616884,2.0916878171591877,-0.04221794724582095
2025-08-12,0.00200102763482937,0.09615526278503239,0.92477775,4.61936e-07,0.02014643,2.0958733422847593,-0.04030139889011608
2025-08-13,0.0015985603293729583,0.09980786719825119,0.93182826,4.3958426e-07,0.0336907,2.0992237222651258,-0.038767262778227285
2025-08-14,0.015351046501134988,0.0890697060385719,0.9457819,4.172325e-07,-0.030499674,2.1314490032419036,-0.024011334330722445
2025-08-15,-0.002797714274673126,0.104761908412911,0.96032584,4.172325e-07,-0.013071537,2.1254858179397957,-0.02674187175258469
2025-08-16,0.0012118518747283814,0.08947746513877064,0.9705937,4.0978193e-07,-0.026720151,2.128061591912975,-0.02556242706527334
2025-08-17,0.01720755267648201,0.09221847052685916,0.9839659,3.9115548e-07,-0.024830826,2.1646803238546157,-0.008794741199055656
2025-08-18,0.00897388446846162,0.0924992096843198,1.005289,3.6880374e-07,-0.03076259,2.184105914992039,0.0
2025-08-19,0.009135663614986697,0.09175513684749603,1.0357928,3.6507845e-07,-0.056860954,2.204059171930909,0.0
2025-08-20,-0.017149331086606254,0.08796177490148693,1.0411307,3.6507845e-07,-0.062992275,2.166261031456995,-0.017149331086606212
2025-08-21,0.008174026540087653,0.09084787181927823,1.0505755,3.501773e-07,-0.04781796,2.1839681066208816,-0.009115483633965415
2025-08-22,0.015248184480078635,0.33323908945021685,0.71733636,2.30968e-07,0.011315331,2.217269655209245,0.0
2025-08-23,-0.00405638450243714,0.054716551094315946,0.71715885,2.4586916e-07,0.014383562,2.20827555694213,-0.00405638450243706
2025-08-24,0.008025233564654627,0.06923176674172282,0.71583056,2.6077032e-07,-0.010036334,2.2259974840617085,0.0
2025-08-25,0.008752836490093613,0.05496632104041055,0.72870255,2.1606684e-07,-0.03090018,2.24548127606706,0.0
2025-08-26,0.00022921803431381703,0.04531093779951334,0.73264235,2.6077032e-07,-0.027678043,2.2459959808712484,0.0
2025-08-27,0.002858495434897122,0.0560308955173241,0.7310192,2.5331974e-07,-0.028310806,2.252416150129366,0.0
2025-08-28,-0.002073421504552243,0.048602699767798185,0.73326796,2.4586916e-07,-0.02629608,2.247745942046487,-0.002073421504552142
2025-08-29,0.004342705608687538,0.06078877253457904,0.7305006,2.5331974e-07,-0.032311708,2.257507240955917,0.0
2025-08-30,-0.007017155326493594,0.06096658229580498,0.7284241,2.2351742e-07,-0.026374087,2.2416659619954453,-0.007017155326493607
2025-08-31,0.001989124668944896,0.05578788206912577,0.72797084,2.1606684e-07,-0.02454561,2.2461249150599847,-0.005041988654314378
2025-09-01,0.005594723299143879,0.05741934333127574,0.7288636,2.0861626e-07,-0.016395852,2.258691362455058,0.0
2025-09-02,-0.003093073594236557,0.059974692412652075,0.72950745,2.0861626e-07,-0.004646763,2.251705063844318,-0.003093073594236606
2025-09-03,-0.0018223809428777713,0.051818482228554785,0.7230595,2.1606684e-07,3.1247735e-05,2.2476015994469867,-0.004909817778741443
2025-09-04,0.0038705413679999763,0.05814053665380925,0.72029287,1.937151e-07,0.0020037591,2.2563010344164294,-0.0010582800635633438
2025-09-05,0.002334039061621297,0.060867118067108095,0.71923226,2.0116568e-07,0.003032267,2.261567329165534,0.0
2025-09-06,-0.004162958990928018,0.05356777226552367,0.71923226,2.2351742e-07,0.01734677,2.2521525171189953,-0.00416295899092789
2025-09-07,0.004095216130041081,0.05285728117451072,0.7166688,2.1606684e-07,0.039210603,2.261375568434414,-8.479107769510108e-05
2025-09-08,-0.00039429733856923124,0.32969369913917035,1.0463624,2.9802322e-07,0.06828666,2.260483914066275,-0.0004790549833679769
2025-09-09,0.0009755662560492056,0.08045462146401405,1.0418612,2.8312206e-07,0.061799094,2.2626891658951798,0.0
2025-09-10,0.008673532037367294,0.07049155933782458,1.0431323,2.6077032e-07,0.07992363,2.282314672866175,0.0
2025-09-11,-0.00585233824259376,0.08508367696776986,1.0457748,2.30968e-07,0.07620752,2.2689577954245275,-0.005852338242593791
2025-09-12,-0.0022477298880658053,0.08894644863903522,1.0389264,2.9802322e-07,0.07530573,2.263857791172992,-0.008086913655076744
2025-09-13,0.0023393383197999355,0.09084609639830887,1.052075,2.2351742e-07,0.06367594,2.2691537204544607,-0.005766493362278857
2025-09-14,0.006378316565649584,0.08056326117366552,1.0520749,2.0116568e-07,0.06476593,2.283627101219641,0.0
2025-09-15,0.006799041112943087,0.08408522862009704,1.0558244,1.7136335e-07,0.06584863,2.2991535757674644,0.0
2025-09-16,0.004485135194343457,0.07946951943449676,1.0558245,1.5646219e-07,0.08641504,2.3094655903873393,0.0
2025-09-17,-0.0006164905179175548,0.07447391259483993,1.0558245,1.7136335e-07,0.0836938,2.3080418267494087,-0.0006164905179175673
2025-09-18,-0.005806508050234698,0.0798548380844295,1.0593704,1.6391277e-07,0.0790309,2.29464016330211,-0.006419418910997066
2025-09-19,0.013349896399769932,0.09122812375426292,1.0757238,1.6391277e-07,0.05640593,2.3252733717569445,0.0
2025-09-20,-0.006320901780196436,0.08456020973972045,1.0703199,1.1920929e-07,0.02944377,2.310575547161963,-0.006320901780196286
2025-09-21,-0.002878958027722547,0.07446048708516173,1.0554311,1.3411045e-07,0.037941426,2.3039234971418017,-0.009181662196996232
2025-09-22,0.02575464322429616,0.08009396120905876,1.0437584,1.4901161e-07,-0.014691174,2.3632602248267616,0.0
2025-09-23,-0.0026293992746323058,0.09134307858766988,1.0302176,1.4901161e-07,-0.020401865,2.3570462701058346,-0.002629399274632349
2025-09-24,-0.008801917264954683,0.09933417190040927,1.0357786,1.6391277e-07,-0.026408821,2.336299743846693,-0.011408172784715176
2025-09-25,0.020022182830478415,0.09325967078621034,1.0240505,2.0861626e-07,-0.086358696,2.3830775644647915,0.0
2025-09-26,-0.010285054373409366,0.10476190788904205,1.0105057,2.3841858e-07,-0.08340871,2.3585674821382194,-0.010285054373409208
2025-09-27,0.0093615793705103,0.09034329903079197,1.0005873,2.5331974e-07,-0.087821394,2.380647398822961,-0.0010197593557456086
2025-09-28,-0.00803437244911197,0.09483705897582695,0.989216,2.8312206e-07,-0.08928424,2.361520390950808,-0.00904593867838499
2025-09-29,0.024551329008048923,0.0964191997773014,0.9724158,3.2782555e-07,-0.027160794,2.4194988550282575,0.0
2025-09-30,0.018499244231505146,0.09804781747516245,0.9662822,3.5762787e-07,-0.03403452,2.464257755265272,0.0
2025-10-01,-0.0034385653776034817,0.09520025848178193,0.97526586,3.874302e-07,-0.020472452,2.455784243866526,-0.003438565377603453
2025-10-02,-0.002571964444059631,0.08664950175443664,0.9849832,3.874302e-07,-0.01252082,2.4494680541090195,-0.0060016859537733724
2025-10-03,-0.013239521514522495,0.08890037261880934,0.9826245,4.172325e-07,-0.01023075,2.4170382691075076,-0.019161748017987423
2025-10-04,0.0031716752255888424,0.09585286164656281,0.9859287,4.3213367e-07,-0.0015617162,2.424704329504936,-0.016050847633866216
2025-10-05,-0.001797832518350333,0.07816444733180106,0.9854737,4.61936e-07,0.0057947487,2.420345117213967,-0.01781982341639332
2025-10-06,-0.012226223522229702,0.08572709746658802,0.9944775,4.8428774e-07,-0.0023426265,2.390753436809972,-0.029828177794407496
2025-10-07,-0.001289696128704236,0.3143284773686901,0.682237,3.501773e-07,-0.0014895052,2.387670091357832,-0.031079404637683883
2025-10-08,0.014493301009989636,0.058439907152205706,0.68956935,3.7252903e-07,0.015245169,2.4222753127044307,-0.01703654679431943
2025-10-09,-0.00562320320057188,0.06347243231721222,0.6945348,3.7252903e-07,0.01212845,2.408654366413365,-0.02256395003043077
2025-10-10,0.0013835871669580229,0.06096973619423807,0.69882673,3.799796e-07,-0.008161828,2.4119869496843718,-0.02121158205517082
2025-10-11,0.002639093246019911,0.06630685785785317,0.69882673,4.0233135e-07,-0.018859118,2.4183524081527716,-0.018628468152090183
2025-10-12,0.0137805456930364,0.068662733072415,0.69070065,4.209578e-07,-0.0063860267,2.4516786240151855,-0.005104632915614915
2025-10-13,0.0024200934489708743,0.06703988724621013,0.6889651,4.3213367e-07,-0.006698847,2.4576119153921465,-0.0026968931553226216
2025-10-14,0.0146395095930784,0.06355878710746765,0.6759267,4.4330955e-07,-0.016418964,2.4935901486035936,0.0
2025-10-15,0.013465452501768595,0.060186233022250235,0.67154765,4.61936e-07,-0.032205015,2.5271674683084933,0.0
2025-10-16,-0.005107116778624914,0.06966548517812043,0.66107976,4.4703484e-07,-0.028505802,2.5142609289287,-0.005107116778624965
2025-10-17,0.0060369485314427035,0.0688415415934287,0.65488553,4.61936e-07,-0.03756717,2.5294393927512595,0.0
2025-10-18,0.006433699703055027,0.06687234497076133,0.65349674,4.6938658e-07,-0.03128913,2.545713046221299,0.0
2025-10-19,0.005641438141265098,0.06928689053893322,0.660357,4.7683716e-07,-0.023382604,2.5600745288969677,0.0
2025-10-20,0.006543832666662638,0.06338984420290217,0.6753336,4.7683716e-07,-0.00787133,2.5768272282282547,0.0
2025-10-21,-0.007922303176485002,0.06825879728421569,0.67505014,4.991889e-07,0.0033971965,2.556412821692809,-0.007922303176485013
2025-10-22,0.0014564764159731567,0.07135191213455983,0.6722197,4.991889e-07,0.011220813,2.560136176677096,-0.006477365408248503
2025-10-23,-0.005998554171885189,0.06619631752255373,0.6732869,4.8428774e-07,-0.000598222,2.5447790611338954,-0.012437064752841231
2025-10-24,0.0031054104381814797,0.06175290094688535,0.6750089,4.7683716e-07,0.012032211,2.5526816445932066,-0.009370276505363484
2025-10-25,-0.001472395217570238,0.06535423357854597,0.6800283,4.7683716e-07,0.0010002851,2.548923088347728,-0.010828874972619973
2025-10-26,-0.004857641864638935,0.06252950833368232,0.6792706,4.6938658e-07,-0.004169762,2.5365413328440254,-0.01563391404084502
2025-10-27,0.012704909326113921,0.062678954553121,0.6802763,4.7683716e-07,-0.0025471747,2.568767860479749,-0.0031276321750322023
2025-10-28,0.003752026728605415,0.056374054722255096,0.67838085,4.61936e-07,0.00041371584,2.578405946151851,0.0
2025-10-29,0.002829758391614632,0.06347082421416417,0.6751267,4.5448542e-07,0.0022372305,2.5857022120149633,0.0
2025-10-30,0.0012665331448333745,0.06347243860727758,0.67147094,4.4703484e-07,-0.0047861636,2.5889770895691493,0.0
2025-10-31,-0.004472576106038104,0.061107139074010774,0.6728286,4.3213367e-07,-0.012227565,2.5773976924992623,-0.004472576106038129
2025-11-01,-0.007409178707672254,0.3356185473930964,0.99955326,5.9604645e-07,-0.008927524,2.5583012923947934,-0.011848616698056924
2025-11-02,0.008985131666107917,0.10476189255859936,1.016753,5.662441e-07,0.008370936,2.5812879663485346,-0.002969946413042379
2025-11-03,-0.0006173724894906628,0.327774211531505,0.69346917,3.6135316e-07,0.0058734566,2.5796943501706577,-0.0035854853393223474
2025-11-04,-0.008590300065425481,0.07016986716189422,0.69143915,3.3713877e-07,0.018942565,2.557534001625609,-0.012144985009802878
2025-11-05,-0.0031252876866237783,0.059131188289029524,0.69716346,3.1106174e-07,0.018963665,2.5495409721022066,-0.015232316124321299
2025-11-06,0.016408262172406013,0.06426943698897958,0.6991512,2.9057264e-07,-0.004250191,2.5913745087917506,0.0
2025-11-07,-0.014269156330941314,0.07142856769496575,0.695073,2.682209e-07,-0.0136491135,2.554397780813785,-0.01426915633094128
2025-11-08,0.008353079459643822,0.07025229244027287,0.6931016,2.3841858e-07,-0.014617033,2.5757348684484604,-0.0060352682679518654
2025-11-09,0.006269920985119825,0.07142858032602817,0.69573945,2.2351742e-07,-0.011464007,2.59188452255225,0.0
2025-11-10,0.009707281745762884,0.0714285706053488,0.6988481,2.0489097e-07,-0.009171117,2.617044675865147,0.0
2025-11-11,0.009996594850577821,0.07053063256898895,0.69651806,1.8626451e-07,-0.020495307,2.6432062111956323,0.0
2025-11-12,0.004653984474658501,0.06842203822452575,0.69912755,1.6391277e-07,-0.02291394,2.655507651865858,0.0
2025-11-13,-0.009533524293512528,0.06467987364158034,0.6990566,1.5646219e-07,-0.015171751,2.6301913051551864,-0.009533524293512508
2025-11-14,-0.01469419883757655,0.06305417697876692,0.6988703,1.7881393e-07,0.007004965,2.5915427511363713,-0.024087635629497228
2025-11-15,-0.00825315812432018,0.05720075574936345,0.70901275,1.6391277e-07,0.005420286,2.570154339025307,-0.032141994688126174
2025-11-16,0.01217952355278976,0.05824181420030072,0.70732814,1.4156103e-07,-0.007160343,2.6014575943317704,-0.020353945316674116
2025-11-17,-0.01829075335917878,0.06418006087187678,0.7008949,1.3411045e-07,-0.0076302253,2.5538749750994856,-0.038272409682179376
2025-11-18,0.01018996206830343,0.0598404606571421,0.70156085,1.3411045e-07,0.003859628,2.579898864222939,-0.02847244201679977
2025-11-19,-0.004012738538716803,0.06645331135950983,0.7026001,1.4901161e-07,0.007861476,2.56954640462448,-0.0323709280901443
2025-11-20,0.0035197967701533343,0.06094687688164413,0.6914791,1.527369e-07,0.001138661,2.5785906857602363,-0.028965070408129567
2025-11-21,0.025020798923978873,0.0580820522736758,0.6919956,1.6205013e-07,-0.0012003258,2.6431090848158876,-0.004669000686651548
2025-11-22,0.01175607667870952,0.05724330494967944,0.6920021,1.7881393e-07,-0.0031929389,2.674181677887177,0.0
2025-11-23,0.007798659761330327,0.06312070977264739,0.6920022,1.4528632e-07,0.008882239,2.6950367109330027,0.0
2025-11-24,0.004643020746152615,0.06172274297568947,0.6920022,1.527369e-07,0.023653872,2.7075498222935073,0.0
2025-11-25,-0.005810729220218491,0.06763834925368428,0.70285976,1.7881393e-07,0.022997573,2.691816983425909,-0.0058107292202185246
2025-11-26,-0.010417396775854286,0.05939070088788867,0.7143914,1.7136335e-07,0.017335847,2.663775257861578,-0.01616759332422868
2025-11-27,0.01993098029141038,0.05580651224590838,0.7120265,2.0489097e-07,0.026422724,2.7168669100267637,0.0
2025-11-28,0.007203432890528347,0.040131687419489026,0.7116054,1.937151e-07,0.02815742,2.736437678485639,0.0
2025-11-29,0.004236450483871522,0.05194633989594877,0.7181345,1.7136335e-07,0.025048316,2.7480304612127435,0.0
2025-11-30,0.007985587003186084,0.05351409607101232,0.71630514,1.8626451e-07,0.075496554,2.769975097548164,0.0
2025-12-01,0.0026468254274659556,0.06451261998154223,0.7177347,1.9744039e-07,0.061260782,2.7773067380698016,0.0
2025-12-02,0.02101572683287668,0.062173226149752736,0.70877147,1.8626451e-07,0.08544925,2.8356738578081844,0.0
2025-12-03,0.0019690163155000845,0.04968803655356169,0.70901763,1.9185245e-07,0.07855742,2.841257345899646,0.0
2025-12-04,-0.004123447301697524,0.05196274968329817,0.71004367,1.6391277e-07,0.07048816,2.8295415709632676,-0.004123447301697558
2025-12-05,0.006281213520615438,0.0646830634213984,0.70518374,1.73226e-07,0.05390262,2.8473145257359453,0.0
2025-12-06,0.0011812778906428322,0.06790431909030303,0.68613803,1.6577542e-07,0.056548562,2.8506779954329033,0.0
2025-12-07,0.009345193314195512,0.06332746765110642,0.6817399,1.6763806e-07,0.06484534,2.877318132376747,0.0
2025-12-08,-0.004325144892649405,0.06460093462374061,0.6882996,1.6391277e-07,0.05557754,2.86487331455197,-0.004325144892649568
2025-12-09,-0.009850184038514271,0.0588211533613503,0.68829966,1.6950071e-07,0.11818549,2.8366537851566047,-0.014132725457977946
2025-12-10,0.015455385887908051,0.06646987138083205,0.68691355,1.6763806e-07,0.10269156,2.880495364036595,0.0
2025-12-11,0.0027492402641873925,0.06742446473799646,0.68971705,1.6018748e-07,0.10636447,2.888414537872209,0.0
2025-12-12,0.0009794036708190106,0.06577584613114595,0.68971705,1.6018748e-07,0.096013874,2.891243461673448,0.0
2025-12-13,0.007743485757026065,0.0634755757637322,0.68971705,1.6577542e-07,0.0929595,2.913631764239011,0.0
2025-12-14,0.003264948121370253,0.0641576370690018,0.6917348,1.6763806e-07,0.08495412,2.9231446207940275,0.0
2025-12-15,-0.011536009786178057,0.06001591985113919,0.69499654,1.5646219e-07,0.089325204,2.889423195842134,-0.01153600978617808
2025-12-16,-0.011532710621475416,0.07020888105034828,0.7013651,1.5646219e-07,0.077876695,2.856100314261508,-0.022935678945062876
2025-12-17,0.010751183979073176,0.06888660427648574,0.7102274,1.4528632e-07,0.06408039,2.8868067742028223,-0.012431080670013084
2025-12-18,-0.001002772329375148,0.07126653159502894,0.71979666,1.4156103e-07,0.05670715,2.883911964249399,-0.013421387455668121
2025-12-19,0.0027295132025901693,0.07142857392318547,0.7266794,1.2293458e-07,0.05415469,2.8917836400309254,-0.010728508107335277
2025-12-20,-0.01327493225770013,0.06621630862355232,0.72895414,1.4156103e-07,0.04548531,2.8533954081055892,-0.023861020146684342
2025-12-21,0.004769486060971758,0.05941878561861813,0.72603524,1.2665987e-07,0.04227633,2.8670046377309895,-0.019205338888702794
2025-12-22,0.006681997977892025,0.35291655152104795,1.0648518,1.937151e-07,0.058519978,2.886161956922915,-0.012651670946429827
2025-12-23,0.005146250932688418,0.09403015160933137,1.0617183,2.2351742e-07,0.049550273,2.9010148705856196,-0.007570528687149469
2025-12-24,0.0010555299521874985,0.08926771907135844,1.0573123,2.3841858e-07,0.048343204,2.904076978673264,-0.0065229896547451816
2025-12-25,-0.0012384007665095851,0.0953050572425127,1.0573121,1.8626451e-07,0.032583795,2.900480567516872,-0.007753312345866403
2025-12-26,-0.00034921152065999194,0.09311544103547931,1.0590539,1.8626451e-07,0.01916315,2.899467686287245,-0.008099816320531916
2025-12-27,-0.00213025451590147,0.10476190969347954,1.0634248,1.8626451e-07,0.007866645,2.8932910821548212,-0.01021281616613856
2025-12-28,0.015682459270381515,0.10284880280960351,1.0634248,1.7881393e-07,0.003841512,2.938665001708072,0.0
2025-12-29,0.008199955662596039,0.0903930501663126,1.0634248,1.8626451e-07,0.00532829,2.962761924429301,0.0
2025-12-30,0.009167342811570051,0.09066304084626609,1.0613843,1.5646219e-07,0.014780391,2.9899225786596113,0.0
2025-12-31,-0.021036763582789716,0.07764837032664218,1.0613842,1.937151e-07,0.018285692,2.927024284241504,-0.02103676358278972
2026-01-01,0.011895989954244214,0.07740353853660054,1.0614932,1.4156103e-07,0.02407138,2.9618441357226697,-0.009391026756796261
2026-01-02,0.0027813481802895696,0.07416464598281891,1.0621696,1.3411045e-07,0.04397667,2.9700820555198635,-0.0066357982916877
2026-01-03,-0.00947580684008426,0.08182637905701995,1.0621696,1.3411045e-07,0.044282198,2.941938131662557,-0.016048725588930113
2026-01-04,0.002787294084933819,0.07799379780772142,1.0621696,1.5646219e-07,0.046137515,2.9501381784151812,-0.01330616402190099
2026-01-05,0.009793340839532903,0.09138619876466691,1.0683417,1.6391277e-07,0.05833438,2.97902988712012,-0.003643134981901164
2026-01-06,-1.335303785890574e-05,0.08925323653966188,1.0696278,1.4528632e-07,0.08128852,2.9789901080212546,-0.0036564393728407696
2026-01-07,0.014785889150116418,0.07980075810337439,1.070298,1.527369e-07,0.06138363,3.0230371255377504,0.0
2026-01-08,-0.0006877267882191518,0.09081351425265893,1.070298,1.3411045e-07,0.05883631,3.020958101924737,-0.0006877267882191562
2026-01-09,0.0018456037253072283,0.09898025292204693,1.0774786,1.4528632e-07,0.06110794,3.026533593451646,0.0
2026-01-10,0.0010973094980649876,0.09919782978249714,1.0774785,1.527369e-07,0.08605038,3.0298546375099535,0.0
2026-01-11,0.012856474842901207,0.09336468629771844,1.0910279,1.6018748e-07,0.09251614,3.068807887434748,0.0
2026-01-12,0.002251491909551987,0.08859723230125383,1.0919889,1.4156103e-07,0.111091256,3.0757172835652766,0.0
2026-01-13,-0.009776299360120902,0.09021405555540696,1.0889434,1.2293458e-07,0.12138969,3.0456481506540447,-0.009776299360120921
2026-01-14,-0.007771995413255354,0.07212723075645044,1.0894752,1.2665987e-07,0.11888428,3.0219773871967717,-0.017472313419590768
2026-01-15,0.005470446686027572,0.07359888294013217,1.0894752,1.527369e-07,0.11559525,3.0385089533798126,-0.0120974480926066
2026-01-16,-0.01798307958804435,0.07457193330628797,1.0901057,1.3038516e-07,0.115750596,2.983867205042198,-0.02986297830878948
2026-01-17,0.019012075292226656,0.08325786306522787,1.0895021,1.3783574e-07,0.10424629,3.040596713006466,-0.011418660208619591
2026-01-18,0.012311016720414045,0.08911540149711072,1.0884295,1.4528632e-07,0.08191496,3.078029549980325,0.0
2026-01-19,0.003380129615270562,0.08515557703503873,1.0695384,1.6018748e-07,0.08527974,3.0884336888188915,0.0
2026-01-20,0.021874539408483544,0.3619068976404378,0.722992,1.3969839e-07,-0.0007818639,3.155991753255449,0.0
2026-01-21,-0.0024160938497880123,0.06194906076416373,0.71371925,1.1175871e-07,-0.008407846,3.1483665809904267,-0.0024160938497880258
2026-01-22,0.0041244511138920645,0.0646677443291992,0.70037055,1.2479722e-07,-0.023954839,3.161351865042333,0.0
2026-01-23,0.0026908679670741547,0.059624547604471445,0.6909323,1.5087426e-07,-0.010948166,3.1698586455086253,0.0
2026-01-24,-0.0012868991981340515,0.04687372222542763,0.6770923,1.5646219e-07,-0.013089478,3.165779356959522,-0.0012868991981339617
2026-01-25,0.00640966141448007,0.320834570331499,0.9839909,2.3841858e-07,-0.035052374,3.186070930750583,0.0
2026-01-26,0.0008539338112750557,0.3349969348637387,0.6698692,1.4901161e-07,-0.018159509,3.188791624443471,0.0
2026-01-27,0.006867617897520177,0.04643164202570915,0.66835725,1.4156103e-07,-0.011715509,3.2106910268749616,0.0
2026-01-28,0.006673720052413045,0.051117612747475505,0.67069435,1.6577542e-07,-0.010658681,3.232118279963119,0.0
2026-01-29,0.004639485890240394,0.05188666412141174,0.6706943,1.4528632e-07,-0.021478422,3.2471136471185957,0.0
2026-01-30,-0.003988653305076241,0.055421421653591096,0.6706943,1.4901161e-07,-0.011012249,3.234162036538058,-0.003988653305076251
2026-01-31,-0.0007121997383364942,0.046089052921161056,0.66894174,1.2665987e-07,-0.024263144,3.2318586671818976,-0.0046980123255725426
2026-02-01,0.004682794044391812,0.05744451330974698,0.66894186,1.6391277e-07,-0.036127128,3.2469927957008933,-3.7218105319425376e-05
2026-02-02,-0.003473053741021431,0.05156835517846048,0.671064,1.6391277e-07,-0.031752445,3.2357158152247147,-0.003510142585860909
2026-02-03,0.0022861162175322534,0.06872468418441713,0.6729772,1.4901161e-07,-0.041643158,3.2431130376252257,-0.0012320509622198994
2026-02-04,-0.008445698329342121,0.0646173837594688,0.6729772,1.4156103e-07,-0.02682934,3.2157226832614865,-0.00966734376080891
2026-02-05,0.007943922891514375,0.05867049423977733,0.6729772,1.4901161e-07,-0.058154874,3.2412681362978093,-0.0018002175026960998
2026-02-06,-0.002522363603813574,0.06469066999852657,0.6729772,1.4901161e-07,-0.040798478,3.2330924795206113,-0.004318040303401882
2026-02-07,-0.005044877642274514,0.06137572735315189,0.6729772,1.4901161e-07,-0.037069008,3.216781923555272,-0.009341133960691361
2026-02-08,-0.006646331235890102,0.06267862673848867,0.6802479,1.2665987e-07,-0.03493075,3.1954021253777,-0.015925380926159916
2026-02-09,0.0006833402403744913,0.06432932591997087,0.6994221,1.1920929e-07,-0.030723363,3.197585672234149,-0.015252923139415397
2026-02-10,-0.004581139220468231,0.06454850966110826,0.71737146,9.685755e-08,-0.022086576,3.18293708710027,-0.019764186595462863
2026-02-11,-0.007131876428909891,0.05983652267605066,0.717116,1.0803342e-07,-0.01775837,3.1602367731140766,-0.026755107287855906
2026-02-12,-0.0008327937325520907,0.0613821143633686,0.7219204,1.0058284e-07,-0.0156118125,3.1576049477360466,-0.0275656195347449
2026-02-13,0.00838683974943524,0.057856535888276994,0.7247325,9.685755e-08,-0.0045936853,3.184087274424733,-0.019409968218941365
2026-02-14,0.0037849715462652967,0.05101538961753249,0.7355963,8.940697e-08,-0.0069692954,3.196138954159256,-0.015698462850098682
2026-02-15,0.007539545887565964,0.05882057431153953,0.73944867,1.15484e-07,-0.004642263,3.2202363904671767,-0.008277276243555343
2026-02-16,0.000794326616921353,0.05549063059152104,0.7394488,8.568168e-08,-0.0016916692,3.222794309944903,-0.0074895244874699785
2026-02-17,-0.002341112060526598,0.05447101008030586,0.7407911,8.754432e-08,0.012408804,3.2152493873172947,-0.009813102731891288
2026-02-18,0.0021682630971045,0.068557680293452,0.74373865,8.195639e-08,0.016706362,3.2222208939118024,-0.00766611702330855
2026-02-19,0.008166949894450227,0.053819888387806714,0.74522805,8.940697e-08,0.013224751,3.248536610501231,0.0
2026-02-20,-0.0019050154467768151,0.059452793560922146,0.74106425,9.313226e-08,0.010623544,3.242348098078806,-0.0019050154467767921
2026-02-21,0.0010641283404766,0.05510980845429003,0.7368839,1.1920929e-07,0.016960267,3.2457983725796624,-0.0008429142872261597
2026-02-22,-0.009433543281607854,0.04857838417228777,0.7368839,1.2572855e-07,0.016646132,3.2151789931485597,-0.01026850590042272
2026-02-23,0.0020062576646596424,0.05294530582614243,0.73535216,1.2759119e-07,0.013107531,3.2216294706468163,-0.00828284950443059
2026-02-24,-0.0185593934337885,0.06406883941963315,0.7362019,1.2572855e-07,0.011321813,3.161837981803194,-0.02668851827551355
2026-02-25,0.03931295616407624,0.05476535588968545,0.7362019,1.15484e-07,0.057138655,3.286139179779734,0.0
2026-02-26,0.018215683138147143,0.060730559402145445,0.7362019,1.1920929e-07,0.052221157,3.3459984498264523,0.0
2026-02-27,-0.0011022401154768887,0.04850340844132006,0.7362019,1.1920929e-07,0.04798473,3.34231035610873,-0.0011022401154769934
2026-02-28,0.0033676900727568865,0.0436783111654222,0.7362019,1.0058284e-07,0.045852393,3.3535662215150697,0.0
2026-03-01,-0.016653583866485862,0.05350609293964226,0.73576415,1.09896064e-07,0.043721803,3.2977173251932546,-0.016653583866485855
2026-03-02,-0.016162639144153217,0.0632965643890202,0.73576427,1.0803342e-07,0.032622606,3.244417510066734,-0.03254705714414807
2026-03-03,0.014009048365222952,0.045350742526352406,0.73576427,1.2665987e-07,0.0252835,3.2898687118822347,-0.01899396207660331
2026-03-04,0.007277567148004892,0.05032501835376024,0.7357642,1.13621354e-07,0.031050257,3.313810952341078,-0.011854624763017463
2026-03-05,-0.025922442833885725,0.05191264901077375,0.73576415,9.126961e-08,0.033737265,3.2279088773667124,-0.03746976676416669
2026-03-06,0.0009886397530863178,0.06024225949659012,0.7361809,8.195639e-08,0.026374497,3.2311001164022173,-0.03651817111204225
2026-03-07,0.006134725171195896,0.044671850046142936,0.73618096,8.288771e-08,0.02119372,3.250922027616964,-0.03060747488437343
2026-03-08,0.005726408180254112,0.05074798222631216,0.7361809,7.171184e-08,0.018593326,3.269538134109278,-0.025056337598674094
2026-03-09,-0.003185844384825032,0.05035909125581384,0.7361809,7.636845e-08,0.014812492,3.2591218944037545,-0.028162356391056242
2026-03-10,-0.0033094937191563076,0.05742122745141387,0.73618096,6.519258e-08,0.01048363,3.2483358509642604,-0.031378646968619694
2026-03-11,-0.0014991038371917967,0.061598632542882115,0.7361809,3.9115548e-08,0.010185629,3.243466258225592,-0.032830710955734976
2026-03-12,-0.007854455798194066,0.04750288152717985,0.73618096,5.401671e-08,0.008195542,3.217990595867425,-0.04042729938590395
2026-03-13,0.0034950929900169287,0.060023726808140054,0.7421558,5.401671e-08,0.0089963935,3.2292377722409813,-0.03707350356657624
2026-03-14,-0.006901806481724634,0.05000335551449098,0.7463361,4.4703484e-08,0.01791802,3.2069501980534985,-0.04371943590108485
2026-03-15,0.005628300236563518,0.04070635512471199,0.7467738,4.0978193e-08,0.015841864,3.2249998766118506,-0.038337201775945684
2026-03-16,0.027314481292396522,0.06273584207519889,0.7491868,2.6077032e-08,0.029245812,3.313089075409546,-0.012069881264261118
2026-03-17,0.011264645173359894,0.056542235251981765,0.7474189,4.0978193e-08,0.025751684,3.3504098482717692,-0.0009411990206278364
2026-03-18,-0.0011397905448975508,0.0625308906310238,0.7474189,4.4703484e-08,0.021545723,3.3465910828051775,-0.0020799167957807896
2026-03-19,-0.003502558923297329,0.05339471239130944,0.7474189,5.2154064e-08,0.021437144,3.334869450345471,-0.0055751906879453195
2026-03-20,-0.01177110742433115,0.05908229562919587,0.74527705,3.7252903e-08,0.017601136,3.2956143437993344,-0.01728067194377747
2026-03-21,-0.002100097580536385,0.05499678378691897,0.74527705,4.4703484e-08,0.015802948,3.2886932320895403,-0.01934447842697473
2026-03-22,-0.03500359309923078,0.039830000372603536,0.74527705,3.7252903e-08,0.01939328,3.1735771523652843,-0.05367094527463068
2026-03-23,-0.00027753941273113013,0.060682765673846006,0.74527705,5.9604645e-08,0.018323699,3.1726963596261597,-0.053933588884729655
2026-03-24,0.026469992181759154,0.3538458713737782,1.08917,8.940697e-08,0.023833971,3.2566776074605595,-0.028891218379083594
2026-03-25,-0.002293481952900038,0.06170709803700447,1.0891699,1.1920929e-07,0.022166617,3.249208476141435,-0.03111843884403398
2026-03-26,0.02586469626420876,0.0667836326174438,1.0891699,1.0430813e-07,0.016746782,3.333248266475926,-0.006058611548742432
2026-03-27,0.003906917682325001,0.3538290689175483,0.7426158,8.940697e-08,0.0071201846,3.3462709930678,-0.0021753643630074704
2026-03-28,-0.03194079221026004,0.35246927637490444,1.08917,1.3411045e-07,0.008824967,3.239388446599001,-0.034046673712167186
2026-03-29,0.0002460782486680273,0.075339374714531,1.0891699,1.0430813e-07,0.0068511814,3.240185589634695,-0.03380897360933921
2026-03-30,0.008017026513036398,0.0801658695563674,1.0891699,1.0430813e-07,0.009572193,3.266162243413955,-0.026062994534107542
2026-03-31,0.023893695768652832,0.07780584366992116,1.0891699,1.4901161e-07,0.016277634,3.3442029303891485,-0.0027920400276727486
2026-04-01,0.031212945360151935,0.07513518119230866,1.0891699,1.937151e-07,0.022979788,3.448585353728645,0.0
2026-04-02,-0.004708418741187415,0.0787717968923971,1.0903625,1.5646219e-07,0.025387093,3.4323479698185646,-0.004708418741187437
2026-04-03,0.010110669718975259,0.0735598299652338,1.0903625,1.1920929e-07,0.027551219,3.4670513065019954,0.0
2026-04-04,-0.10036522951754523,0.08623468643054366,1.0903625,1.1920929e-07,0.022534084,3.1190799063758177,-0.10036522951754523
2026-04-05,0.012578102600147304,0.06206394138280302,1.0903625,1.0430813e-07,0.023230746,3.1583120134562703,-0.08904953107175695
2026-04-06,0.01587428533539787,0.05733037332538515,1.0903625,1.0430813e-07,0.084939525,3.20844795953609,-0.07458884340157557
2026-04-07,-0.008800307033234277,0.07998869754374027,1.0938644,7.4505806e-08,0.12939599,3.1802126323920183,-0.08273274571162215
2026-04-08,0.0017128193317184923,0.05845473287627101,1.0945065,5.9604645e-08,0.11546323,3.1856597620677545,-0.08116163262612475
2026-04-09,-0.012616684604959119,0.04965531639754772,1.0960969,5.2154064e-08,0.08412645,3.1454672975910363,-0.09275432651021664
2026-04-10,-0.015919457731273724,0.06109729968011379,1.0960969,4.4703484e-08,0.07367416,3.095393163901932,-0.10719718566121816
2026-04-11,0.004067400899253698,0.07865288620814681,1.0960969,8.940697e-08,0.06848227,3.10798336884033,-0.10356579869132043
2026-04-12,-0.016602975175046594,0.07630167296156287,1.0960968,5.9604645e-08,0.069439836,3.0563815981230165,-0.11844927348171119
2026-04-13,0.011849338464118774,0.08303767503821291,1.0960969,5.2154064e-08,0.06922461,3.0925976981546803,-0.10800348054990616
2026-04-14,0.030575512028046432,0.08681928575970232,1.1,3.7252903e-08,0.06006121,3.1871554562725173,-0.08073023024048431
2026-04-15,-0.00957774727080323,0.07777587929740548,1.0999999,7.450581e-09,0.06503475,3.156629686799578,-0.08953476376893044
2026-04-16,-0.009924336549520376,0.102135029155761,1.0999999,2.2351742e-08,0.070302546,3.1253022314255716,-0.0985705271899261
2026-04-17,0.03330598825912603,0.07023194804787636,1.1,2.6077032e-08,0.09175499,3.229393510851652,-0.06854752775208361
2026-04-18,0.013385427908739075,0.06501229980494827,1.1000001,1.8626451e-08,0.07887837,3.2726203248801067,-0.056079637834392404
2026-04-19,0.029607440188206966,0.09016803267877549,1.098426,3.7252903e-08,0.048090726,3.369514235407705,-0.028132572169143444
2026-04-20,-0.0034397608699509876,0.08481838565785438,1.0977142,2.9802322e-08,0.035877325,3.3579239121900066,-0.03147556371817595
2026-04-21,-0.005580086912821571,0.07979545230045915,1.0972252,0.0,0.031994924,3.339186404913345,-0.036880014249820015
2026-04-22,0.01048799408331979,0.06737179623451084,1.0972252,7.450581e-09,0.034910828,3.374207772171178,-0.026778817537745025
2026-04-23,-0.014093577937856025,0.07704553776420653,1.0972253,2.2351742e-08,0.03189964,3.326653111955564,-0.04049498612354929
2026-04-24,-0.0019563945140089346,0.09361987933516502,1.0972252,2.9802322e-08,0.03056188,3.320144866057323,-0.042372156468861166
2026-04-25,0.009171390653657,0.08573505049571395,1.0972252,8.195639e-08,0.019102335,3.3505952116506688,-0.033589377415017996
2026-04-26,0.01056694840324053,0.08848975133150816,1.0972252,5.2154064e-08,0.023350723,3.386000778372326,-0.023377366229819008
2026-04-27,0.0052805163145822,0.06449145753867924,1.0972252,5.9604645e-08,0.0151131265,3.403880610723709,-0.018220294479005306
2026-04-28,-0.01176127039187395,0.07270164624787867,1.0972252,8.195639e-08,0.022526234,3.3638466504793305,-0.029767271060892053
2026-04-29,0.013379034657991723,0.07818406913429499,1.0972252,1.0430813e-07,0.007340528,3.4088516714002624,-0.01678649375409802
2026-04-30,-0.015243546915442493,0.07266539917327464,1.0972252,1.0430813e-07,0.013268217,3.356888681019488,-0.03177415496445413
2026-05-01,-0.003954630154075744,0.07335697254166007,1.0972252,5.9604645e-08,0.003523577,3.343613427817653,-0.035603130087187074
2026-05-02,-0.012351785089947952,0.07952218828722835,1.0972252,1.0430813e-07,0.004592227,3.302313833333385,-0.04751515296576869
2026-05-03,0.007334712746491277,0.08688455121591687,1.0972252,1.1920929e-07,-0.022536809,3.3265353566996496,-0.040528950217387005
2026-05-04,0.0024430419685086235,0.07615796173922718,1.0968883,1.1920929e-07,-0.030760871,3.334662222185795,-0.038184922175198976
2026-05-05,0.010330177982366876,0.09521311894059181,1.0933669,1.3411045e-07,-0.006291803,3.369109876452049,-0.02824920123514474
2026-05-06,0.005187610948982183,0.08769655070500448,1.0929754,1.4901161e-07,0.0105207935,3.3865875077354555,-0.02320813615179007
2026-05-07,-0.0060706238288694295,0.07982211327180266,1.0924456,1.1920929e-07,0.02324234,3.366028808912445,-0.029137872116312802
2026-05-08,-0.0026666762361837754,0.08863973966799676,1.0903046,1.6391277e-07,0.009418353,3.3570526998774084,-0.031726847081350984
2026-05-09,-0.006651077308182721,0.07467938447371125,1.0834284,1.4901161e-07,0.00082711875,3.3347246828428805,-0.03816690667685074
2026-05-10,0.016628392613296454,0.08400420797988772,1.0780661,1.1920929e-07,0.021035343,3.390175794126442,-0.022173168372612073
2026-05-11,0.007723011988098733,0.09381981147453189,1.0792669,1.3411045e-07,0.016222224,3.4163581624262425,-0.014621400029669274
2026-05-12,-0.0002898683194944169,0.09379872772842646,1.0792668,1.3411045e-07,0.010977097,3.415367868426909,-0.014907030068508353
2026-05-13,0.013816339402575976,0.09245634061517194,1.0788019,1.3411045e-07,-0.011900485,3.462555750081747,-0.001296651252843506
2026-05-14,0.006468365612185153,0.09388281404972076,1.0788019,1.4901161e-07,-0.01673795,3.4849528266258494,0.0
2026-05-15,0.014420960255749378,0.07269921898841858,1.0788019,1.6391277e-07,-0.045660112,3.5352091928317826,0.0
2026-05-16,-0.003206060841333965,0.0838857339695096,1.0788019,1.4901161e-07,-0.048589904,3.5238750970727204,-0.003206060841334013
2026-05-17,0.012894365521153759,0.0822727067861706,1.0788019,1.5646219e-07,-0.0530021,3.569313230625267,0.0
2026-05-18,-0.008032655771554346,0.07142133335582912,1.081896,1.5646219e-07,-0.037324473,3.5406421661028,-0.008032655771554209
2026-05-19,0.005742434429448622,0.08545584394596517,1.0757208,1.7136335e-07,-0.037107475,3.560974071579786,-0.0023363483411682484
2026-05-20,-0.011316599617362954,0.08767935121431947,1.0725429,1.7508864e-07,-0.025946677,3.5206759537639067,-0.013626508439787521
2026-05-21,0.013222462260085194,0.06984895465575391,1.0725429,1.8253922e-07,-0.015436985,3.5672279586925395,-0.0005842221732841324
2026-05-22,0.013297960349766071,0.07643820638622856,1.0725429,2.0489097e-07,-0.053848557,3.61466481464581,0.0
2026-05-23,-0.010471518967024166,0.0850704952608794,1.0714042,1.7881393e-07,-0.053469196,3.5768137834798113,-0.01047151896702414
2026-05-24,0.005522341439027514,0.08911270764656365,1.063866,1.7508864e-07,-0.04602214,3.596566170456007,-0.005007004831117823
2026-05-25,-0.0009830364017307147,0.06255881860852242,1.0543094,1.899898e-07,-0.025915563,3.5930306149892153,-0.005985119164835906
2026-05-26,0.01254154405288864,0.0882594864233397,1.051938,2.0489097e-07,-0.004166357,3.6380927667304803,0.0
2026-05-27,-0.0009218834969833552,0.07757802621927112,1.0527945,1.899898e-07,-0.0074053556,3.6347388690483373,-0.0009218834969833001
2026-05-28,0.004547425989498152,0.0832173137459904,1.0533242,1.7881393e-07,-0.013288647,3.651267575046487,0.0
2026-05-29,-0.002172539184397465,0.10060461913235486,1.0554655,1.4901161e-07,-0.0093318075,3.643335053166979,-0.002172539184397415
2026-05-30,0.013936511644547409,0.08653259999118745,1.0554655,1.4901161e-07,-0.022350118,3.694110434560428,0.0
2026-05-31,-0.00991027337392734,0.09254293679259717,1.0624018,1.3038516e-07,-0.014450461,3.6575007902804564,-0.009910273373927359
2026-06-01,-0.019627344050244574,0.08695648203138262,1.0581412,1.527369e-07,0.043961674,3.5857137639055803,-0.02934310507902993
2026-06-02,-0.011320393739952124,0.08942431493778713,1.0562861,1.7881393e-07,0.055956587,3.5451220722594035,-0.040331323315934586
2026-06-03,-0.029519884581008227,0.09082423950894736,1.0557541,1.4528632e-07,0.0922646,3.440470477860721,-0.06866063188765714
2026-06-04,0.011732835869901464,0.0888071374502033,1.0557541,1.3038516e-07,0.06969443,3.480836953292702,-0.05773337994241734
2026-06-05,-0.014725397828384303,0.10395402926951647,1.0522366,1.2665987e-07,0.08037472,3.429580244379726,-0.07160863078317237
2026-06-06,-0.024129961718881533,0.07981305243447423,1.0522364,1.1920929e-07,0.07200435,3.346824604371011,-0.09401067898251436
2026-06-07,-0.03863190940453933,0.3410274552879855,0.7174339,9.872019e-08,-0.0015661344,3.2175303794620667,-0.12901077635354197
2026-06-08,0.00255488462375979,0.056773493997752666,0.7174339,1.0803342e-07,-0.009893745,3.225750798355034,-0.12678549937858719
2026-06-09,0.0054232740569405,0.06805612659081817,0.7216443,9.313226e-08,-0.027608015,3.243244928973908,-0.12204981783122293
2026-06-10,-0.005349733438338262,0.07142858346924186,0.72381103,6.7055225e-08,-0.027202688,3.2258944331286554,-0.12674661727796632
2026-06-11,-0.013512423353880877,0.0657291320967488,0.7297547,5.2154064e-08,-0.041191787,3.1823047818532935,-0.138546386680515
2026-06-12,0.010748013625692693,0.06595697510056198,0.7379161,5.9604645e-08,-0.04247143,3.21650823700976,-0.12928747150665487
2026-06-13,-0.005886218080100662,0.06158300465904176,0.7430692,5.2154064e-08,-0.039876446,3.1975751680702804,-0.13441267533444257
2026-06-14,0.00873872112960089,0.057809980819001794,0.7430692,4.4703484e-08,-0.01894558,3.225517885754983,-0.12684854909087306
2026-06-15,-0.005160581686775913,0.04704568022862077,0.7430692,4.4703484e-08,-0.015323948,3.208872337223388,-0.13135451847821644
2026-06-16,0.005636864788684761,0.042269661789759994,0.7430692,2.2351742e-08,-0.023384798,3.2269603167124674,-0.12645808134957603
2026-06-17,0.008194316848937887,0.056195894023403525,0.7430692,2.9802322e-08,-0.016958892,3.253403052006558,-0.11930000208732539
2026-06-18,-0.007432963341881987,0.05099506163969636,0.7430692,2.2351742e-08,9.764731e-05,3.229220626384626,-0.12584621288700593
2026-06-19,0.004420139104128793,0.07142856088466942,0.7348452,2.9802322e-08,0.015712328,3.243494230751168,-0.12198233154956561
2026-06-20,0.015486885788872314,0.06853822933044285,0.73484516,1.4901161e-08,0.038208753,3.293725855459678,-0.10838457219766162
2026-06-21,0.007255665782431606,0.061628795228898525,0.7348452,7.450581e-09,0.026081815,3.317624029445847,-0.1019153086470681
2026-06-22,0.0019261767098323617,0.05379002494737506,0.7393777,1.4901161e-08,0.036085505,3.324014359583346,-0.10018543883112707
2026-06-23,0.006031889323938231,0.36258350871503353,1.0844207,1.4901161e-08,0.045721486,3.344064446311534,-0.0947578569860884
2026-06-24,-0.0038985629519156647,0.07833277527242899,1.0844207,2.9802322e-08,0.040153213,3.3310274005523253,-0.09828700046735528
2026-06-25,-0.001330643439279811,0.0692328093573451,1.0844207,2.9802322e-08,0.03334324,3.326594990795719,-0.09948685895429676
2026-06-26,-0.004375269172043773,0.09479536430444568,1.0879383,4.4703484e-08,0.04002268,3.312040242284615,-0.1034268463393343
2026-06-27,0.013504177697739579,0.08647284633480012,1.0845268,0.0,0.032189064,3.356766622258491,-0.09131936315327793
2026-06-28,0.009733785157568491,0.08673912496306002,1.0826529,3.7252903e-08,0.017604057,3.389440667383652,-0.08247446105736944
2026-06-29,-0.005661265962189645,0.07690126891247928,1.082653,0.0,0.008026257,3.3702521423025313,-0.08766881716042507
2026-06-30,0.015478044937015512,0.09409747191239148,1.0730612,4.8428774e-08,-0.022683706,3.422417056410163,-0.0735477141149935
2026-07-01,0.00765605893654174,0.08660290730767883,1.0736156,3.3527613e-08,0.0035571046,3.448619283099465,-0.06645474081236402
2026-07-02,-0.02334313984099572,0.09130620944779366,1.0700448,2.9802322e-08,-0.019497164,3.36811768091572,-0.08824661834547953
2026-07-03,-0.003056685459829168,0.09455011744285002,1.0696684,2.2351742e-08,-0.031842165,3.3578224045734713,-0.0910335616501331
2026-07-04,0.004689902432932286,0.07587432797299698,1.0679423,1.4901161e-08,-0.017960768,3.373570264038035,-0.08677059773946227
2026-07-05,0.009233920114337707,0.06769162742421031,1.0679421,1.4901161e-08,-0.0025374182,3.4047215423562673,-0.07833791039292404
2026-07-06,-0.0017952463438914493,0.0633357735350728,1.0679421,2.2351742e-08,-0.0042368993,3.3986092284553835,-0.07999252088959463
2026-07-07,0.0170107790942493,0.06748671270906925,1.0669067,2.2351742e-08,-0.006388858,3.456422219268315,-0.06434247689739037
2026-07-08,-0.001036764477539691,0.10476190829649568,1.0657376,2.9802322e-08,-0.003952462,3.4528387234919986,-0.06531253338048593
2026-07-09,-0.010718776670782972,0.0849395024124533,1.0657376,-7.450581e-09,-0.015332907,3.4158285163346562,-0.07533123959216048
2026-07-10,0.01466160775339813,0.10476188731263392,1.077245,2.2351742e-08,0.0013189614,3.4659100541940266,-0.061774108925239934
2026-07-11,0.007678228719916661,0.08207534276880324,1.077245,2.9802322e-08,0.0032557473,3.492522104312787,-0.05457019594262036
2026-07-12,0.004440794746325992,0.07957285456359386,1.077245,3.7252903e-08,0.0061408747,3.508031678125047,-0.050371736235742204
2026-07-13,-0.005793154338432941,0.0806122594512999,1.077245,4.0978193e-08,0.013351873,3.4877091091895567,-0.05587307933186669
2026-07-14,0.014562921185221057,0.08999206917360425,1.077245,2.9802322e-08,0.06042338,3.5385003420636614,-0.04212383339733128
2026-07-15,-0.004452911078999023,0.09757124399766326,1.077245,2.9802322e-08,0.053313926,3.522743714687444,-0.04638917079190541
2026-07-16,-0.018529013591338298,0.09279833547770977,1.077245,1.4901161e-08,0.057714157,3.457470748519199,-0.06405863880714957
2026-07-17,-0.003890753076249894,0.1047619110904634,1.0825303,2.9802322e-08,0.051663388,3.444018583568354,-0.06770015553740016
2026-07-18,0.0062411317645673986,0.08647284028120339,1.0825303,1.4901161e-08,0.048188854,3.4655131573480227,-0.06188154936402346
2026-07-19,0.02082626990710014,0.07360205217264593,1.0825303,2.2351742e-08,0.054012213,3.53768686972956,-0.042344041306247915
2026-07-20,0.006356323937841353,0.07669502985663712,1.0825303,2.2351742e-08,0.047716815,3.5601735534642085,-0.03625686981178644
2026-07-21,-0.011694370964127301,0.08833076898008585,1.0921221,-3.7252903e-08,0.055246886,3.5185395632333227,-0.04752723949033666
2026-07-22,0.013871561537143862,0.0787030985520687,1.0921221,-1.4901161e-08,0.058093414,3.567347201305589,-0.034314954980473655
2026-07-23,-0.018463436940364772,0.08416437471169047,1.0977955,-2.9802322e-08,0.06120535,3.5014817112098964,-0.052144819913444995
2026-07-24,-0.05601002010278171,0.0744303388055414,1.0869237,1.4901161e-08,0.035979956,3.305363650175508,-0.10523420760461866
2026-07-25,-0.03786403651441651,0.07548051793128252,1.0869237,1.4901161e-08,0.028089091,3.1802092402318376,-0.13911365223972816
2026-07-26,0.060595491970976585,0.08522783091757447,1.083302,-1.4901161e-08,0.10285842,3.3729155837143314,-0.08694782046609717
2026-07-27,0.01983649785056332,0.08753285324200988,1.0784369,-1.4901161e-08,0.06685922,3.4398224164408124,-0.06883606286932076
2026-07-28,-0.016826052042892115,0.07231852598488331,1.0768415,-2.9802322e-08,0.05886464,3.3819437854434726,-0.08450387573594587
2026-07-29,0.008385034130587882,0.0870604463852942,1.0780106,-1.4901161e-08,0.05624249,3.4103014995121455,-0.07682740948757083
2026-07-30,0.034129299045263906,0.08910001441836357,1.0763141,-1.4901161e-08,0.07372385,3.5266926992235077,-0.04532017607558114
2026-07-31,-0.015353326245953213,0.07326941564679146,1.0763141,-7.4505806e-08,0.02338522,3.472546235643108,-0.05997768687272187
2026-08-01,-0.01685405999692739,0.09555281745269895,1.0763141,0.0,-0.032295663,3.4140197330454747,-0.07582087933661952
2026-08-02,0.04125066598401463,0.08879819058347493,1.0763141,1.4901161e-08,-0.008342348,3.5548503207161684,-0.03769787512073408
2026-08-03,0.01157949627590824,0.09169155382551253,1.0754678,-2.9802322e-08,0.0016323384,3.5960136967663123,-0.026554901249395968
